Estado,Nombre de Estado,Numero de Caso,Peatones,Personas _no_vehiculos,Vehiculos automotores,Vehiculos estacionados,Condado,Nombre Condado,Ciudad,Nombre Ciudad,Mes,Nombre Mes,Dia,Año,Hora,Minuto,Calle,Ruta,Nombre Ruta,Rural o Urbanoo,Sistema Funcional,Dueño Calle,Sistema Nacional Carreteras,Jurisdiccion Especial,Milla,Latitud,Longitud,Causa del Accidente,Tipo de Accidente,Tipo Interseccion,Columna1,Lugar en la calle,Zona de Trabajo,Luz,Clima,Autobus Escolar,Cruce de Trenes,Hora Notificacion,Minuto Notificacion,Hora Llegada,Minuto Llegada,Decesos,Fecha,PersonaVehiculo
41,Oregon,410561,0,0,2,0,67,WASHINGTON (67),0,NO APLICA,12,Diciembre,31,2022,0,55,SR-47 ODOT 29,3,Highway estatal,Rural,Arteria Menor,State Highway Agency,0,Sin jurisdiccion especial,238,45.46074167,-123.1416194,Vehiculo en movimiento,Frente a frente,Not an Intersection,No fue interseccion,Sobre calle,Ninguna,Oscuro sin iluminacion,lluvia,No,NO APLICA,0,55,1,6,1,31/12/2022,3
41,Oregon,410563,0,0,1,0,51,MULTNOMAH (51),1650,PORTLAND,12,Diciembre,9,2022,1,31,SE DIVISION ST,6,Calle Local Municipalidad,Urbano,Arteria Principal,City or Municipal Highway Agency,1,Sin jurisdiccion especial,0,45.50416389,-122.5423139,Barrera de Trafico de Concreto,El primer evento no fue una colision con un vehiculo automotor en transporte,Not an Intersection,No fue interseccion,En el medio,Ninguna,Oscuro - iluminacion desconocida,Nublado,No,NO APLICA,99,99,99,99,1,09/12/2022,2
41,Oregon,410564,1,1,1,0,5,CLACKAMAS (5),0,NO APLICA,12,Diciembre,20,2022,18,36,SR-213 ODOT 68,3,Highway estatal,Urbano,Arteria Principal,State Highway Agency,1,Sin jurisdiccion especial,85,45.44378333,-122.5789972,Peaton,El primer evento no fue una colision con un vehiculo automotor en transporte,Not an Intersection,No fue interseccion,Sobre calle,Ninguna,No reportada,lluvia,No,NO APLICA,18,36,18,40,1,20/12/2022,1
41,Oregon,410565,0,0,2,1,51,MULTNOMAH (51),1650,PORTLAND,12,Diciembre,17,2022,8,44,SE 148TH AVE,6,Calle Local Municipalidad,Urbano,Arteria Menor,City or Municipal Highway Agency,0,Sin jurisdiccion especial,0,45.51345278,-122.5108389,Vehiculo Aparcado,El primer evento no fue una colision con un vehiculo automotor en transporte,Not an Intersection,No fue interseccion,Sobre Acotamiento,Ninguna,Oscuro con iluminacion,No reportado,No,NO APLICA,8,51,9,4,1,17/12/2022,1
41,Oregon,410566,0,0,1,0,7,CLATSOP (7),1870,SEASIDE,12,Diciembre,4,2022,99,99,N WAHANNA RD,6,Calle Local Municipalidad,Urbano,Arteria Menor,City or Municipal Highway Agency,0,Sin jurisdiccion especial,0,46.01001944,-123.9112139,Zanja,El primer evento no fue una colision con un vehiculo automotor en transporte,Not an Intersection,No fue interseccion,Sobre el lado de la calle,Ninguna,Oscuro con iluminacion,lluvia,No,NO APLICA,99,99,99,99,1,04/12/2022,1
41,Oregon,410567,0,0,2,0,5,CLACKAMAS (5),0,NO APLICA,11,Noviembre,29,2022,15,24,CR-E BARLOW TRAILE RD,4,Calle del Condado,Rural,Colector Mayor,County Highway Agency,0,Sin jurisdiccion especial,33,45.36596944,-121.988,Vehiculo en movimiento,Angulo,T-Intersection,Interseccion de T,Sobre calle,Ninguna,Dia total,lluvia,No,NO APLICA,99,99,99,99,1,29/11/2022,4
41,Oregon,410568,0,0,2,0,13,CROOK (13),0,NO APLICA,12,Diciembre,14,2022,15,18,SR-370 ODOT 370,3,Highway estatal,Rural,Arteria Menor,State Highway Agency,0,Sin jurisdiccion especial,112,44.33828056,-120.9687972,Vehiculo en movimiento,Frente a frente,Not an Intersection,No fue interseccion,Sobre calle,Ninguna,Dia total,Despejado,No,NO APLICA,15,20,15,25,1,14/12/2022,2
41,Oregon,410569,0,0,1,0,41,LINCOLN (41),1500,NEWPORT,4,Abril,25,2022,22,53,NE JEFFRIES PL,6,Calle Local Municipalidad,Urbano,Local,City or Municipal Highway Agency,0,Sin jurisdiccion especial,0,44.64097778,-124.0385944,Muro,El primer evento no fue una colision con un vehiculo automotor en transporte,Not an Intersection,No fue interseccion,Sobre el lado de la calle,Ninguna,Oscuro con iluminacion,Despejado,No,NO APLICA,99,99,99,99,1,25/04/2022,1
41,Oregon,410570,0,0,2,0,39,LANE (39),660,EUGENE,6,Junio,3,2022,13,59,W 11TH AVE,6,Calle Local Municipalidad,Urbano,Arteria Principal,City or Municipal Highway Agency,1,Sin jurisdiccion especial,0,44.04796389,-123.1626861,Vehiculo en movimiento,Frente a Detrás,Four-Way Intersection,Interseccion de 4 direcciones,Sobre calle,Ninguna,Dia total,Despejado,No,NO APLICA,99,99,99,99,1,03/06/2022,2
41,Oregon,410571,0,0,1,0,19,DOUGLAS (19),0,NO APLICA,6,Junio,20,2022,18,12,CR-FORT MCKAY RD,4,Calle del Condado,Rural,Colector Mayor,County Highway Agency,0,Sin jurisdiccion especial,24,43.38379722,-123.3968556,Volcadura,El primer evento no fue una colision con un vehiculo automotor en transporte,Not an Intersection,No fue interseccion,Sobre calle,Ninguna,No reportada,No reportado,No,NO APLICA,99,99,99,99,1,20/06/2022,1
41,Oregon,410572,0,0,2,0,51,MULTNOMAH (51),0,NO APLICA,6,Junio,24,2022,17,29,CR-SE FOSTER RD,4,Calle del Condado,Urbano,Colector Mayor,County Highway Agency,0,Sin jurisdiccion especial,0,45.46119167,-122.4798944,Vehiculo en movimiento,Angulo,T-Intersection,Interseccion de T,Sobre calle,Ninguna,Dia total,Despejado,No,NO APLICA,17,29,17,37,1,24/06/2022,4
41,Oregon,410573,0,0,2,0,39,LANE (39),660,EUGENE,6,Junio,26,2022,12,52,HWY 99N,6,Calle Local Municipalidad,Urbano,Arteria Principal,City or Municipal Highway Agency,1,Sin jurisdiccion especial,0,44.072975,-123.1454556,Vehiculo en movimiento,Angulo,Not an Intersection,No fue interseccion,Sobre calle,Ninguna,Dia total,Despejado,No,NO APLICA,12,53,12,58,1,26/06/2022,5
41,Oregon,410574,0,0,1,0,65,WASCO (65),0,NO APLICA,6,Junio,30,2022,19,0,CR-HIGHWAY 8,4,Calle del Condado,Rural,Local,Bureau of Indian Affairs,0,Reservacion India,0,44.86708611,-121.2163472,Zanja,El primer evento no fue una colision con un vehiculo automotor en transporte,Not an Intersection,No fue interseccion,Sobre el lado de la calle,Ninguna,Dia total,Despejado,No,NO APLICA,19,0,19,10,1,30/06/2022,1
41,Oregon,410575,0,0,2,0,5,CLACKAMAS (5),0,NO APLICA,7,Julio,4,2022,23,27,CR-SE 82ND DR,4,Calle del Condado,Urbano,Arteria Menor,County Highway Agency,0,Sin jurisdiccion especial,14,45.39815278,-122.5702861,Vehiculo en movimiento,Frente a frente,T-Intersection,Interseccion de T,Sobre calle,Ninguna,Oscuro con iluminacion,Despejado,No,NO APLICA,23,27,23,34,1,04/07/2022,2
41,Oregon,410576,0,0,2,0,51,MULTNOMAH (51),880,GRESHAM,7,Julio,11,2022,19,56,NE BURNSIDE RD,6,Calle Local Municipalidad,Urbano,Arteria Principal,City or Municipal Highway Agency,0,Sin jurisdiccion especial,0,45.50792778,-122.4268028,Vehiculo en movimiento,Angulo,Not an Intersection,No fue interseccion,Sobre calle,Ninguna,No reportada,No reportado,No,NO APLICA,99,99,99,99,1,11/07/2022,2
41,Oregon,410577,0,0,1,0,5,CLACKAMAS (5),0,NO APLICA,7,Julio,15,2022,10,36,CR-SE FOSTER RD,4,Calle del Condado,Urbano,Colector Mayor,County Highway Agency,0,Sin jurisdiccion especial,11,45.42891389,-122.4713722,Arbol,El primer evento no fue una colision con un vehiculo automotor en transporte,Not an Intersection,No fue interseccion,Sobre el lado de la calle,Ninguna,Dia total,No reportado,No,NO APLICA,10,36,10,44,1,15/07/2022,1
41,Oregon,410578,0,0,1,0,19,DOUGLAS (19),0,NO APLICA,7,Julio,30,2022,12,50,SR-138E ODOT 138,3,Highway estatal,Rural,Arteria Menor,State Highway Agency,0,Sin jurisdiccion especial,256,43.30509722,-122.9569028,Zanja,El primer evento no fue una colision con un vehiculo automotor en transporte,Not an Intersection,No fue interseccion,Sobre el lado de la calle,Ninguna,Dia total,Nublado,No,NO APLICA,99,99,99,99,1,30/07/2022,1
41,Oregon,410579,0,0,1,0,53,POLK (53),0,NO APLICA,8,Agosto,1,2022,21,45,CR-ORRS CORNER RD,4,Calle del Condado,Rural,Colector Mayor,County Highway Agency,0,Sin jurisdiccion especial,32,44.91056944,-123.2386667,Alguien se cayo/avento del vehiculo,El primer evento no fue una colision con un vehiculo automotor en transporte,Not an Intersection,No fue interseccion,Sobre calle,Ninguna,Oscuro sin iluminacion,Despejado,No,NO APLICA,99,99,99,99,1,01/08/2022,5
41,Oregon,410580,0,0,1,0,5,CLACKAMAS (5),0,NO APLICA,8,Agosto,2,2022,22,4,SR-224 ODOT 171,3,Highway estatal,Rural,Arteria Menor,State Highway Agency,0,Sin jurisdiccion especial,172,45.36457222,-122.3682778,Zanja,El primer evento no fue una colision con un vehiculo automotor en transporte,Not an Intersection,No fue interseccion,Sobre el lado de la calle,Ninguna,Oscuro sin iluminacion,Despejado,No,NO APLICA,22,4,22,14,1,02/08/2022,1
41,Oregon,410581,0,0,1,0,57,TILLAMOOK (57),0,NO APLICA,8,Agosto,8,2022,99,99,CR-CAPE LOOKOUT RD,4,Calle del Condado,Rural,Colector Mayor,County Highway Agency,0,Sin jurisdiccion especial,10,45.35394444,-123.9714083,Arbol,El primer evento no fue una colision con un vehiculo automotor en transporte,Not an Intersection,No fue interseccion,Sobre el lado de la calle,Ninguna,No reportada,No reportado,No,NO APLICA,99,99,99,99,1,08/08/2022,1
41,Oregon,410582,0,0,1,0,19,DOUGLAS (19),0,NO APLICA,8,Agosto,13,2022,22,49,CR-COW CREEK RD,4,Calle del Condado,Rural,Colector Mayor,County Highway Agency,0,Sin jurisdiccion especial,36,42.9204,-123.4732667,Alguien se cayo/avento del vehiculo,El primer evento no fue una colision con un vehiculo automotor en transporte,Not an Intersection,No fue interseccion,Sobre calle,Ninguna,Oscuro - iluminacion desconocida,No reportado,No,NO APLICA,99,99,99,99,1,13/08/2022,3
41,Oregon,410583,0,0,1,0,5,CLACKAMAS (5),0,NO APLICA,8,Agosto,16,2022,19,45,CR-S SAWTELL RD,4,Calle del Condado,Rural,Colector Mayor,County Highway Agency,0,Sin jurisdiccion especial,29,45.097425,-122.5670722,Arbol,El primer evento no fue una colision con un vehiculo automotor en transporte,Not an Intersection,No fue interseccion,Sobre el lado de la calle,Ninguna,Dia total,Despejado,No,NO APLICA,99,99,99,99,1,16/08/2022,1
41,Oregon,410584,0,0,1,0,39,LANE (39),1960,SPRINGFIELD,8,Agosto,21,2022,21,50,MARCOLA RD,6,Calle Local Municipalidad,Urbano,Arteria Menor,City or Municipal Highway Agency,0,Sin jurisdiccion especial,0,44.06664444,-122.9715722,Banqueta,El primer evento no fue una colision con un vehiculo automotor en transporte,T-Intersection,Interseccion de T,Sobre el lado de la calle,Ninguna,Oscuro sin iluminacion,Despejado,No,NO APLICA,21,50,21,55,1,21/08/2022,1
41,Oregon,410585,0,0,2,0,5,CLACKAMAS (5),0,NO APLICA,9,Septiembre,8,2022,4,0,CR-SE 122ND AVE,4,Calle del Condado,Urbano,Arteria Menor,County Highway Agency,0,Sin jurisdiccion especial,5,45.41860556,-122.5379389,Vehiculo en movimiento,Angulo,Four-Way Intersection,Interseccion de 4 direcciones,Sobre calle,Ninguna,Oscuro con iluminacion,Despejado,No,NO APLICA,4,3,4,11,1,08/09/2022,2
41,Oregon,410586,0,0,1,0,29,JACKSON (29),0,NO APLICA,9,Septiembre,14,2022,17,44,CR-ROGUE RIVER DR,4,Calle del Condado,Rural,Colector Mayor,County Highway Agency,0,Sin jurisdiccion especial,16,42.54717222,-122.8476722,Zanja,El primer evento no fue una colision con un vehiculo automotor en transporte,Not an Intersection,No fue interseccion,Sobre el lado de la calle,Ninguna,Dia total,Despejado,No,NO APLICA,99,99,99,99,1,14/09/2022,1
41,Oregon,410587,0,0,1,0,69,WHEELER (69),0,NO APLICA,9,Septiembre,30,2022,12,45,US-26 ODOT 41,2,US Highway,Rural,Arteria Principal,State Highway Agency,1,Sin jurisdiccion especial,816,44.52605,-119.8925556,Acotamiento,El primer evento no fue una colision con un vehiculo automotor en transporte,Not an Intersection,No fue interseccion,Sobre el lado de la calle,Ninguna,Dia total,Despejado,No,NO APLICA,13,6,13,35,1,30/09/2022,1
41,Oregon,410588,0,0,1,0,51,MULTNOMAH (51),0,NO APLICA,10,Octubre,2,2022,2,27,CR-SW SCHOLLS FERRY RD,4,Calle del Condado,Urbano,Arteria Menor,County Highway Agency,0,Sin jurisdiccion especial,0,45.50161944,-122.7410389,Valla Ferrocarril,El primer evento no fue una colision con un vehiculo automotor en transporte,Not an Intersection,No fue interseccion,Sobre el lado de la calle,Ninguna,Oscuro sin iluminacion,Despejado,No,NO APLICA,2,27,2,34,1,02/10/2022,1
41,Oregon,410589,0,0,2,0,17,DESCHUTES (17),0,NO APLICA,10,Octubre,6,2022,18,51,CR-POWELL BUTTE HWY,4,Calle del Condado,Rural,Arteria Menor,County Highway Agency,0,Sin jurisdiccion especial,0,44.08355833,-121.2034167,Vehiculo en movimiento,Frente a Detrás,Not an Intersection,No fue interseccion,Sobre calle,Ninguna,Atardecer,Despejado,No,NO APLICA,18,54,19,1,1,06/10/2022,2
41,Oregon,410590,0,0,2,0,5,CLACKAMAS (5),1197,LAKE OSWEGO,10,Octubre,18,2022,9,56,I-5 CONNECTION 3,1,Interestatal,Urbano,Interestatal,State Highway Agency,1,Sin jurisdiccion especial,2922,45.41986111,-122.7435167,Vehiculo en movimiento,Golpe Lateral - misma direccion,Not an Intersection,No fue interseccion,Sobre calle,Ninguna,Dia total,Nublado,No,NO APLICA,99,99,99,99,1,18/10/2022,2
41,Oregon,410591,0,0,2,0,53,POLK (53),0,NO APLICA,10,Octubre,23,2022,7,2,SR-99W ODOT 91,3,Highway estatal,Rural,Arteria Menor,State Highway Agency,0,Sin jurisdiccion especial,706,44.74512222,-123.2231389,Vehiculo en movimiento,Frente a frente,Four-Way Intersection,Interseccion de 4 direcciones,Sobre calle,Ninguna,Amanecer,Neblina o Humo,No,NO APLICA,7,2,7,18,1,23/10/2022,2
41,Oregon,410592,1,1,1,0,39,LANE (39),1960,SPRINGFIELD,10,Octubre,25,2022,6,30,Q ST,6,Calle Local Municipalidad,Urbano,Colector Mayor,City or Municipal Highway Agency,0,Sin jurisdiccion especial,0,44.06242222,-123.0028833,Peaton,El primer evento no fue una colision con un vehiculo automotor en transporte,Not an Intersection,No fue interseccion,Sobre calle,Ninguna,Oscuro - iluminacion desconocida,No reportado,No,NO APLICA,99,99,99,99,1,25/10/2022,1
41,Oregon,410593,1,1,1,0,17,DESCHUTES (17),190,BEND,10,Octubre,27,2022,21,31,NW NEWPORT AVE,6,Calle Local Municipalidad,Urbano,Arteria Menor,City or Municipal Highway Agency,0,Sin jurisdiccion especial,0,44.06230278,-121.3316417,Peaton,El primer evento no fue una colision con un vehiculo automotor en transporte,Roundabout,Glorieta,Sobre calle,Ninguna,Oscuro sin iluminacion,Despejado,No,NO APLICA,21,32,21,36,1,27/10/2022,1
41,Oregon,410594,0,0,1,0,5,CLACKAMAS (5),0,NO APLICA,10,Octubre,30,2022,19,10,CR-S FISCHERS MILL RD,4,Calle del Condado,Rural,Colector Mayor,County Highway Agency,0,Sin jurisdiccion especial,8,45.34537222,-122.4750472,Culvert,El primer evento no fue una colision con un vehiculo automotor en transporte,Not an Intersection,No fue interseccion,Sobre el lado de la calle,Ninguna,Atardecer,Nublado,No,NO APLICA,99,99,99,99,1,30/10/2022,1
41,Oregon,410596,1,1,1,0,51,MULTNOMAH (51),1650,PORTLAND,11,Noviembre,26,2022,17,28,NE HALSEY ST,6,Calle Local Municipalidad,Urbano,Arteria Principal,City or Municipal Highway Agency,1,Sin jurisdiccion especial,0,45.53352222,-122.5566306,Peaton,El primer evento no fue una colision con un vehiculo automotor en transporte,Not an Intersection,No fue interseccion,Sobre calle,Ninguna,Oscuro con iluminacion,Despejado,No,NO APLICA,99,99,99,99,1,26/11/2022,1
41,Oregon,410597,0,0,2,0,5,CLACKAMAS (5),0,NO APLICA,11,Noviembre,29,2022,12,45,CR-SE OATFIELD RD,4,Calle del Condado,Urbano,Arteria Menor,County Highway Agency,0,Sin jurisdiccion especial,11,45.42113056,-122.6296833,Vehiculo en movimiento,Angulo,T-Intersection,Interseccion de T,Sobre calle,Ninguna,Dia total,lluvia,No,NO APLICA,99,99,99,99,1,29/11/2022,2
41,Oregon,410598,0,0,2,0,3,BENTON (3),0,NO APLICA,12,Diciembre,21,2022,17,53,US-20 ODOT 31,2,US Highway,Rural,Arteria Principal,State Highway Agency,1,Sin jurisdiccion especial,70,44.63922778,-123.1718722,Vehiculo en movimiento,No reportado,Not an Intersection,No fue interseccion,Sobre calle,Ninguna,No reportada,No reportado,No,NO APLICA,99,99,99,99,1,21/12/2022,3
41,Oregon,410599,0,0,1,0,7,CLATSOP (7),0,NO APLICA,8,Agosto,23,2022,22,26,CR-YOUNGS RIVER RD,4,Calle del Condado,Rural,Colector Mayor,County Highway Agency,0,Sin jurisdiccion especial,32,46.11405833,-123.8187111,Barda,El primer evento no fue una colision con un vehiculo automotor en transporte,Not an Intersection,No fue interseccion,Sobre el lado de la calle,Ninguna,Oscuro sin iluminacion,Despejado,No,NO APLICA,22,26,22,41,1,23/08/2022,1
42,Pennsylvania,420001,0,0,1,0,7,BEAVER (7),9997,Other,1,Enero,2,2022,23,25,SR-168 CENTENNIAL AVE,3,Highway estatal,Rural,Colector Mayor,State Highway Agency,0,Sin jurisdiccion especial,314,40.84758611,-80.40119444,Arbol,El primer evento no fue una colision con un vehiculo automotor en transporte,Not an Intersection,No fue interseccion,Sobre el lado de la calle,Ninguna,Oscuro sin iluminacion,Despejado,No,NO APLICA,11,32,11,47,2,02/01/2022,2
42,Pennsylvania,420002,0,0,2,1,49,ERIE (49),0,NO APLICA,1,Enero,4,2022,21,56,SR-2003 FLATT RD,3,Highway estatal,Rural,Colector Menor,State Highway Agency,0,Sin jurisdiccion especial,51,41.91887222,-79.97355556,Acotamiento,El primer evento no fue una colision con un vehiculo automotor en transporte,Not an Intersection,No fue interseccion,Fuera de la calle,Ninguna,Oscuro sin iluminacion,Despejado,No,NO APLICA,88,88,88,88,1,04/01/2022,1
42,Pennsylvania,420003,1,1,1,0,101,PHILADELPHIA (101),6540,PHILADELPHIA,1,Enero,4,2022,7,36,SR-3010 MARKET ST,3,Highway estatal,Urbano,Arteria Principal,State Highway Agency,1,Sin jurisdiccion especial,35,39.95466111,-75.18171111,Peaton,El primer evento no fue una colision con un vehiculo automotor en transporte,Not an Intersection,No fue interseccion,Sobre calle,Ninguna,Dia total,Despejado,No,NO APLICA,7,36,7,40,1,04/01/2022,1
42,Pennsylvania,420004,1,1,1,0,101,PHILADELPHIA (101),6540,PHILADELPHIA,1,Enero,6,2022,15,12,SR-611 BROAD ST,3,Highway estatal,Urbano,Arteria Principal,State Highway Agency,1,Sin jurisdiccion especial,39,39.99171111,-75.15497222,Peaton,El primer evento no fue una colision con un vehiculo automotor en transporte,Not an Intersection,No fue interseccion,Sobre calle,Ninguna,Dia total,Despejado,No,NO APLICA,14,55,14,59,1,06/01/2022,1
42,Pennsylvania,420005,0,0,1,0,3,ALLEGHENY (3),6600,PITTSBURGH,1,Enero,7,2022,22,3,SECOND AVE,6,Calle Local Municipalidad,Urbano,Local,City or Municipal Highway Agency,0,Sin jurisdiccion especial,0,40.43489444,-79.98225278,Banqueta,El primer evento no fue una colision con un vehiculo automotor en transporte,Not an Intersection,No fue interseccion,Sobre el lado de la calle,Ninguna,Oscuro con iluminacion,Nieve,No,NO APLICA,22,2,22,13,1,07/01/2022,1
42,Pennsylvania,420006,0,0,1,0,11,BERKS (11),0,NO APLICA,1,Enero,8,2022,2,8,I-78 WILLIAM PENN HWY,1,Interestatal,Rural,Interestatal,State Highway Agency,1,Sin jurisdiccion especial,98,40.46404722,-76.35072778,Arbol,El primer evento no fue una colision con un vehiculo automotor en transporte,Not an Intersection,No fue interseccion,Sobre el lado de la calle,Ninguna,Oscuro sin iluminacion,Despejado,No,NO APLICA,99,99,99,99,1,08/01/2022,6
42,Pennsylvania,420007,0,0,2,0,49,ERIE (49),0,NO APLICA,1,Enero,7,2022,13,59,US-6A CROSSINGVILLE RD,2,US Highway,Rural,Arteria Principal,Unknown,1,Sin jurisdiccion especial,178,41.88086389,-80.15914722,Vehiculo en movimiento,Angulo,Not an Intersection,No fue interseccion,Sobre Acotamiento,Ninguna,Dia total,Nieve,No,NO APLICA,99,99,99,99,1,07/01/2022,3
42,Pennsylvania,420008,1,1,1,0,101,PHILADELPHIA (101),6540,PHILADELPHIA,1,Enero,7,2022,18,49,SR-1002 CRESCENTVILLE RD,3,Highway estatal,Urbano,Arteria Principal,State Highway Agency,1,Sin jurisdiccion especial,18,40.04550278,-75.11272222,Peaton,El primer evento no fue una colision con un vehiculo automotor en transporte,Not an Intersection,No fue interseccion,Sobre calle,Ninguna,Oscuro con iluminacion,No reportado,No,NO APLICA,18,51,18,57,1,07/01/2022,1
42,Pennsylvania,420009,0,0,2,0,55,FRANKLIN (55),0,NO APLICA,1,Enero,7,2022,22,22,WASHINGTON TOWNSHIP BLVD,5,Calle Local - Pueblo,Rural,Local,Town or Township Highway Agency,0,Sin jurisdiccion especial,0,39.75636111,-77.545,Vehiculo en movimiento,Angulo,Not an Intersection,No fue interseccion,Sobre calle,Ninguna,Oscuro sin iluminacion,Soplando nieve,No,NO APLICA,22,23,22,31,1,07/01/2022,3
42,Pennsylvania,420010,0,0,1,0,89,MONROE (89),0,NO APLICA,1,Enero,8,2022,20,45,SR-940 POCONO BLVD,3,Highway estatal,Urbano,Arteria Menor,State Highway Agency,0,Sin jurisdiccion especial,187,41.12535,-75.29180833,Arbol,El primer evento no fue una colision con un vehiculo automotor en transporte,Not an Intersection,No fue interseccion,Sobre el lado de la calle,Ninguna,Oscuro sin iluminacion,Despejado,No,NO APLICA,99,99,99,99,1,08/01/2022,1
42,Pennsylvania,420011,0,0,1,0,99,PERRY (99),0,NO APLICA,1,Enero,8,2022,22,59,US-11 SUSQUEHANNA TRL,2,US Highway,Rural,Arteria Principal,Unknown,1,Sin jurisdiccion especial,76,40.37279722,-77.02366389,Valla Ferrocarril,El primer evento no fue una colision con un vehiculo automotor en transporte,Not an Intersection,No fue interseccion,Sobre el lado de la calle,Ninguna,Oscuro sin iluminacion,Despejado,No,NO APLICA,22,58,23,6,1,08/01/2022,2
42,Pennsylvania,420012,0,0,1,0,89,MONROE (89),0,NO APLICA,1,Enero,9,2022,6,44,SR-940,3,Highway estatal,Rural,Arteria Menor,State Highway Agency,0,Sin jurisdiccion especial,102,41.11258056,-75.438375,Arbol,El primer evento no fue una colision con un vehiculo automotor en transporte,Not an Intersection,No fue interseccion,Sobre el lado de la calle,Ninguna,Amanecer,Aguanieve,No,NO APLICA,88,88,88,88,1,09/01/2022,1
42,Pennsylvania,420013,0,0,2,0,101,PHILADELPHIA (101),6540,PHILADELPHIA,1,Enero,13,2022,20,35,SR-611 BROAD ST,3,Highway estatal,Urbano,Arteria Principal,State Highway Agency,1,Sin jurisdiccion especial,27,39.97445,-75.15872778,Vehiculo en movimiento,Angulo,Four-Way Intersection,Interseccion de 4 direcciones,Sobre calle,Ninguna,Oscuro con iluminacion,Despejado,No,NO APLICA,20,37,20,44,1,13/01/2022,2
42,Pennsylvania,420014,0,0,2,0,89,MONROE (89),0,NO APLICA,2,Febrero,1,2022,17,2,BURGER HOLLOW RD,5,Calle Local - Pueblo,Rural,Local,Town or Township Highway Agency,0,Sin jurisdiccion especial,0,40.92721111,-75.47469722,Poste de Señal de trafico,El primer evento no fue una colision con un vehiculo automotor en transporte,Not an Intersection,No fue interseccion,Sobre el lado de la calle,Ninguna,Dia total,Despejado,No,NO APLICA,99,99,99,99,1,01/02/2022,2
42,Pennsylvania,420015,1,1,1,0,101,PHILADELPHIA (101),6540,PHILADELPHIA,1,Enero,9,2022,19,4,W SEDGLEY AVE,6,Calle Local Municipalidad,Urbano,Local,City or Municipal Highway Agency,0,Sin jurisdiccion especial,0,40.00509444,-75.13628056,Peaton,El primer evento no fue una colision con un vehiculo automotor en transporte,T-Intersection,Interseccion de T,Sobre calle,Ninguna,Oscuro con iluminacion,lluvia,No,NO APLICA,19,5,19,9,1,09/01/2022,1
42,Pennsylvania,420016,0,0,2,0,29,CHESTER (29),5855,NEW GARDEN,2,Febrero,1,2022,15,5,US-1 KENNETT OXFORD BP,2,US Highway,Urbano,Arterial Principal -Freeway o ExpressWay,Unknown,1,Sin jurisdiccion especial,181,39.84556944,-75.76991111,Vehiculo en movimiento,Frente a Detrás,Not an Intersection,No fue interseccion,Sobre calle,Ninguna,Dia total,Despejado,No,NO APLICA,99,99,99,99,1,01/02/2022,2
42,Pennsylvania,420017,0,0,1,0,39,CRAWFORD (39),0,NO APLICA,1,Enero,16,2022,0,43,LEBOEUF TRAIL RD,5,Calle Local - Pueblo,Rural,Local,State Highway Agency,0,Sin jurisdiccion especial,0,41.64998056,-79.83881667,Volcadura,El primer evento no fue una colision con un vehiculo automotor en transporte,Not an Intersection,No fue interseccion,Sobre el lado de la calle,Ninguna,Oscuro sin iluminacion,Despejado,No,NO APLICA,99,99,99,99,1,16/01/2022,1
42,Pennsylvania,420018,1,1,1,0,3,ALLEGHENY (3),9170,WEST MIFFLIN,2,Febrero,2,2022,18,41,SR-0885 LEBANON RD,3,Highway estatal,Urbano,Arteria Menor,State Highway Agency,0,Sin jurisdiccion especial,62,40.36133056,-79.93273889,Peaton,El primer evento no fue una colision con un vehiculo automotor en transporte,Not an Intersection,No fue interseccion,Sobre calle,Ninguna,Oscuro sin iluminacion,lluvia,No,NO APLICA,18,43,18,45,1,02/02/2022,1
42,Pennsylvania,420019,0,0,1,0,79,LUZERNE (79),0,NO APLICA,1,Enero,9,2022,13,38,SR-437 WOODLAND RD,3,Highway estatal,Urbano,Arteria Menor,State Highway Agency,0,Sin jurisdiccion especial,86,41.14966944,-75.86690556,Arbol,El primer evento no fue una colision con un vehiculo automotor en transporte,Not an Intersection,No fue interseccion,Sobre el lado de la calle,Ninguna,Dia total,Nublado,No,NO APLICA,14,39,14,56,1,09/01/2022,3
42,Pennsylvania,420020,0,0,1,0,91,MONTGOMERY (91),0,NO APLICA,2,Febrero,2,2022,20,49,LEWIS LN,5,Calle Local - Pueblo,Rural,Local,Town or Township Highway Agency,0,Sin jurisdiccion especial,0,40.15098611,-75.25111389,Animal vivo,El primer evento no fue una colision con un vehiculo automotor en transporte,Not an Intersection,No fue interseccion,Sobre calle,Ninguna,Oscuro sin iluminacion,Neblina o Humo,No,NO APLICA,20,49,20,56,1,02/02/2022,1
42,Pennsylvania,420021,1,1,1,0,91,MONTGOMERY (91),9205,WEST NORRITON,2,Febrero,3,2022,21,9,SR-0363 TROOPER RD,3,Highway estatal,Urbano,Arteria Principal,State Highway Agency,1,Sin jurisdiccion especial,13,40.12751667,-75.40476667,Peaton,El primer evento no fue una colision con un vehiculo automotor en transporte,Four-Way Intersection,Interseccion de 4 direcciones,Sobre calle,Ninguna,Oscuro con iluminacion,lluvia,No,NO APLICA,21,11,21,17,1,03/02/2022,1
42,Pennsylvania,420022,0,0,1,0,11,BERKS (11),0,NO APLICA,1,Enero,10,2022,14,50,SR-4014 SUMMER MOUNTAIN RD,3,Highway estatal,Rural,Local,State Highway Agency,0,Sin jurisdiccion especial,35,40.43868889,-76.16316667,Acotamiento,El primer evento no fue una colision con un vehiculo automotor en transporte,Not an Intersection,No fue interseccion,Sobre el lado de la calle,Ninguna,Dia total,Despejado,No,NO APLICA,99,99,99,99,1,10/01/2022,1
42,Pennsylvania,420023,1,1,1,0,101,PHILADELPHIA (101),6540,PHILADELPHIA,2,Febrero,5,2022,21,5,SR-2001 CHRISTOPHER COLUMBUS B,3,Highway estatal,Urbano,Arteria Principal,State Highway Agency,1,Sin jurisdiccion especial,27,39.924925,-75.14421667,Peaton,El primer evento no fue una colision con un vehiculo automotor en transporte,Not an Intersection,No fue interseccion,Sobre calle,Ninguna,Oscuro con iluminacion,Despejado,No,NO APLICA,21,4,21,10,1,05/02/2022,1