Estado,Nombre de Estado,Numero de Caso,Peatones,Personas _no_vehiculos,Vehiculos automotores,Vehiculos estacionados,Condado,Nombre Condado,Ciudad,Nombre Ciudad,Mes,Nombre Mes,Dia,Año,Hora,Minuto,Calle,Ruta,Nombre Ruta,Rural o Urbanoo,Sistema Funcional,Dueño Calle,Sistema Nacional Carreteras,Jurisdiccion Especial,Milla,Latitud,Longitud,Causa del Accidente,Tipo de Accidente,Tipo Interseccion,Columna1,Lugar en la calle,Zona de Trabajo,Luz,Clima,Autobus Escolar,Cruce de Trenes,Hora Notificacion,Minuto Notificacion,Hora Llegada,Minuto Llegada,Decesos,Fecha,PersonaVehiculo
42,Pennsylvania,420024,0,0,1,0,119,UNION (119),0,NO APLICA,1,Enero,13,2022,10,53,I-80 Z H CONFAIR MEMORIAL HWY,1,Interestatal,Rural,Interestatal,State Highway Agency,1,Sin jurisdiccion especial,1950,41.04215278,-77.1399,Poste de Señal de trafico,El primer evento no fue una colision con un vehiculo automotor en transporte,Not an Intersection,No fue interseccion,Sobre el lado de la calle,Ninguna,Dia total,Despejado,No,NO APLICA,10,55,11,13,1,13/01/2022,1
42,Pennsylvania,420025,0,0,1,0,35,CLINTON (35),0,NO APLICA,2,Febrero,5,2022,0,30,SR-0150 EAGLE VALLEY RD,3,Highway estatal,Urbano,Arteria Menor,State Highway Agency,0,Sin jurisdiccion especial,48,41.10428889,-77.5115,Poste,El primer evento no fue una colision con un vehiculo automotor en transporte,Not an Intersection,No fue interseccion,Fuera de la calle,Ninguna,Oscuro sin iluminacion,Despejado,No,NO APLICA,0,28,0,36,1,05/02/2022,1
42,Pennsylvania,420026,0,0,1,0,5,ARMSTRONG (5),0,NO APLICA,1,Enero,15,2022,22,6,SR-68,3,Highway estatal,Rural,Arteria Menor,State Highway Agency,0,Sin jurisdiccion especial,13,40.98105278,-79.66997778,Acotamiento,El primer evento no fue una colision con un vehiculo automotor en transporte,Not an Intersection,No fue interseccion,Sobre el lado de la calle,Ninguna,Oscuro sin iluminacion,Despejado,No,NO APLICA,22,4,22,12,1,15/01/2022,2
42,Pennsylvania,420027,0,0,1,0,127,WAYNE (127),0,NO APLICA,2,Febrero,5,2022,21,50,US-6 TEXAS PALMYRA HWY,2,US Highway,Rural,Arteria Menor,Unknown,0,Sin jurisdiccion especial,172,41.52279722,-75.2012,Arbol,El primer evento no fue una colision con un vehiculo automotor en transporte,Not an Intersection,No fue interseccion,Sobre el lado de la calle,Ninguna,Oscuro sin iluminacion,Despejado,No,NO APLICA,21,55,22,5,1,05/02/2022,1
42,Pennsylvania,420028,0,0,1,0,101,PHILADELPHIA (101),6540,PHILADELPHIA,2,Febrero,6,2022,21,12,I-676 RAMP,1,Interestatal,Urbano,Interestatal,State Highway Agency,1,Sin jurisdiccion especial,5,39.95539722,-75.14811111,Otra barrera de trafico,El primer evento no fue una colision con un vehiculo automotor en transporte,Not an Intersection,No fue interseccion,Sobre el lado de la calle,Ninguna,Oscuro con iluminacion,Despejado,No,NO APLICA,21,17,21,20,1,06/02/2022,3
42,Pennsylvania,420029,0,0,1,0,101,PHILADELPHIA (101),6540,PHILADELPHIA,1,Enero,15,2022,17,10,I-95 DELAWARE EXPY,1,Interestatal,Urbano,Interestatal,State Highway Agency,1,Sin jurisdiccion especial,158,39.89511667,-75.19369167,Barrera de Trafico de Concreto,El primer evento no fue una colision con un vehiculo automotor en transporte,Not an Intersection,No fue interseccion,En el medio,Ninguna,Oscuro con iluminacion,Despejado,No,NO APLICA,17,19,17,29,1,15/01/2022,1
42,Pennsylvania,420030,0,0,1,0,129,WESTMORELAND (129),3591,HEMPFIELD TOWNSHIP,2,Febrero,6,2022,17,50,ROCKY MOUNTAIN RD,5,Calle Local - Pueblo,Rural,Local,Town or Township Highway Agency,0,Sin jurisdiccion especial,0,40.26935833,-79.64369167,Arbol,El primer evento no fue una colision con un vehiculo automotor en transporte,Not an Intersection,No fue interseccion,Sobre el lado de la calle,Ninguna,Oscuro sin iluminacion,Despejado,No,NO APLICA,17,49,17,57,1,06/02/2022,1
42,Pennsylvania,420031,0,0,1,0,97,NORTHUMBERLAND (97),0,NO APLICA,1,Enero,17,2022,5,50,SR-890,3,Highway estatal,Rural,Colector Mayor,State Highway Agency,0,Sin jurisdiccion especial,78,40.84776667,-76.74944722,Acotamiento,El primer evento no fue una colision con un vehiculo automotor en transporte,Not an Intersection,No fue interseccion,Sobre el lado de la calle,Ninguna,Oscuro sin iluminacion,Nieve,No,NO APLICA,5,54,6,16,1,17/01/2022,1
42,Pennsylvania,420032,0,0,2,0,11,BERKS (11),0,NO APLICA,2,Febrero,7,2022,16,0,SR-0061 POTTSVILLE PK,3,Highway estatal,Urbano,Arteria Principal,State Highway Agency,1,Sin jurisdiccion especial,113,40.49198611,-75.96387778,Vehiculo en movimiento,Angulo,Four-Way Intersection,Interseccion de 4 direcciones,Sobre calle,Ninguna,Dia total,Despejado,No,NO APLICA,99,99,99,99,1,07/02/2022,2
42,Pennsylvania,420033,0,0,1,0,125,WASHINGTON (125),0,NO APLICA,1,Enero,20,2022,14,22,SR-4029 CROSSCREEK RD,3,Highway estatal,Rural,Colector Mayor,State Highway Agency,0,Sin jurisdiccion especial,12,40.28893889,-80.44774722,Otro objeto (fijo),El primer evento no fue una colision con un vehiculo automotor en transporte,Not an Intersection,No fue interseccion,Sobre el lado de la calle,Ninguna,Dia total,Despejado,No,NO APLICA,14,19,14,39,1,20/01/2022,1
42,Pennsylvania,420034,0,0,2,0,129,WESTMORELAND (129),0,NO APLICA,2,Febrero,8,2022,10,4,SR-0066 FREEPORT RD,3,Highway estatal,Rural,Arteria Principal,State Highway Agency,1,Sin jurisdiccion especial,116,40.46647778,-79.58969722,Vehiculo en movimiento,Frente a frente,Not an Intersection,No fue interseccion,Sobre calle,Ninguna,Dia total,Nieve,No,NO APLICA,10,6,10,13,1,08/02/2022,2
42,Pennsylvania,420035,0,0,2,0,101,PHILADELPHIA (101),6540,PHILADELPHIA,2,Febrero,8,2022,17,11,US-13 THIRTYTHIRD ST,2,US Highway,Urbano,Arteria Principal,Unknown,1,Sin jurisdiccion especial,41,39.98340278,-75.1882,Vehiculo en movimiento,Angulo,T-Intersection,Interseccion de T,Sobre calle,Ninguna,Dia total,Despejado,No,NO APLICA,17,11,17,15,1,08/02/2022,2
42,Pennsylvania,420036,1,1,1,0,101,PHILADELPHIA (101),6540,PHILADELPHIA,1,Enero,21,2022,20,50,SR-3013 ISLAND AVE,3,Highway estatal,Urbano,Arteria Principal,State Highway Agency,1,Sin jurisdiccion especial,10,39.9089,-75.24181389,Peaton,El primer evento no fue una colision con un vehiculo automotor en transporte,T-Intersection,Interseccion de T,Sobre calle,Ninguna,Oscuro con iluminacion,Despejado,No,NO APLICA,20,49,20,52,1,21/01/2022,1
42,Pennsylvania,420037,0,0,2,0,71,LANCASTER (71),0,NO APLICA,2,Febrero,9,2022,18,14,SR-0072 LANCASTER RD,3,Highway estatal,Urbano,Arteria Principal,State Highway Agency,1,Sin jurisdiccion especial,76,40.12315556,-76.37514167,Vehiculo en movimiento,Angulo,Four-Way Intersection,Interseccion de 4 direcciones,Sobre calle,Ninguna,Oscuro con iluminacion,Nublado,No,NO APLICA,18,16,18,21,1,09/02/2022,3
42,Pennsylvania,420038,1,1,1,0,49,ERIE (49),0,NO APLICA,2,Febrero,10,2022,16,7,SR-4002 MIDDLE RD,3,Highway estatal,Rural,Colector Menor,State Highway Agency,0,Sin jurisdiccion especial,10,42.01943889,-80.31764722,Peaton,El primer evento no fue una colision con un vehiculo automotor en transporte,Not an Intersection,No fue interseccion,Sobre calle,Ninguna,Dia total,Nublado,No,NO APLICA,99,99,99,99,1,10/02/2022,3
42,Pennsylvania,420039,0,0,1,0,45,DELAWARE (45),7560,SHARON HILL,1,Enero,22,2022,1,36,US-13 CHESTER PIKE,2,US Highway,Urbano,Arteria Principal,Unknown,1,Sin jurisdiccion especial,119,39.91366667,-75.26585833,Barda,El primer evento no fue una colision con un vehiculo automotor en transporte,T-Intersection,Interseccion de T,Fuera de la calle,Ninguna,Oscuro con iluminacion,Despejado,No,NO APLICA,1,37,1,38,1,22/01/2022,1
42,Pennsylvania,420040,0,0,1,0,17,BUCKS (17),0,NO APLICA,1,Enero,22,2022,1,50,SR-4047 RICHLANDTOWN PIKE,3,Highway estatal,Rural,Colector Mayor,State Highway Agency,0,Sin jurisdiccion especial,71,40.53779722,-75.331,Arbol,El primer evento no fue una colision con un vehiculo automotor en transporte,Not an Intersection,No fue interseccion,Sobre el lado de la calle,Ninguna,Oscuro sin iluminacion,Despejado,No,NO APLICA,1,49,2,6,1,22/01/2022,1
42,Pennsylvania,420041,0,0,2,0,91,MONTGOMERY (91),0,NO APLICA,2,Febrero,12,2022,16,8,SR-0073 BIG RD,3,Highway estatal,Urbano,Arteria Principal,State Highway Agency,1,Sin jurisdiccion especial,51,40.31203611,-75.54063611,Vehiculo en movimiento,Frente a frente,Not an Intersection,No fue interseccion,Sobre calle,Ninguna,Dia total,Despejado,No,NO APLICA,16,9,16,22,1,12/02/2022,2
42,Pennsylvania,420042,0,0,1,0,37,COLUMBIA (37),6259,ORANGEVILLE,1,Enero,24,2022,3,39,SR-487 MAIN ST,3,Highway estatal,Urbano,Arteria Menor,State Highway Agency,0,Sin jurisdiccion especial,181,41.08011111,-76.41331389,Muro,El primer evento no fue una colision con un vehiculo automotor en transporte,Not an Intersection,No fue interseccion,Sobre el lado de la calle,Ninguna,Oscuro con iluminacion,Despejado,No,NO APLICA,3,38,3,53,1,24/01/2022,2
42,Pennsylvania,420043,0,0,1,0,91,MONTGOMERY (91),1630,CONSHOHOCKEN,2,Febrero,13,2022,1,44,SR-3058 ELM ST,3,Highway estatal,Urbano,Arteria Menor,State Highway Agency,0,Sin jurisdiccion especial,0,40.07212778,-75.30617778,Otro objeto (fijo),El primer evento no fue una colision con un vehiculo automotor en transporte,Not an Intersection,No fue interseccion,Fuera de la calle,Ninguna,Oscuro con iluminacion,Nieve,No,NO APLICA,1,46,1,54,1,13/02/2022,1
42,Pennsylvania,420044,0,0,1,0,133,YORK (133),0,NO APLICA,2,Febrero,15,2022,2,33,SR-0216 BLOOMING GROVE RD,3,Highway estatal,Rural,Colector Mayor,State Highway Agency,0,Sin jurisdiccion especial,61,39.765975,-76.86284444,Valla Ferrocarril,El primer evento no fue una colision con un vehiculo automotor en transporte,Not an Intersection,No fue interseccion,Sobre el lado de la calle,Ninguna,Oscuro sin iluminacion,Despejado,No,NO APLICA,99,99,99,99,1,15/02/2022,1
42,Pennsylvania,420045,0,0,1,0,3,ALLEGHENY (3),5413,MONROEVILLE,1,Enero,27,2022,13,2,I-76 MAINLINE TPKE,1,Interestatal,Rural,Interestatal,State Toll Road,1,Sin jurisdiccion especial,586,40.411475,-79.72741389,Acotamiento,El primer evento no fue una colision con un vehiculo automotor en transporte,Not an Intersection,No fue interseccion,Sobre el lado de la calle,Ninguna,Dia total,Despejado,No,NO APLICA,13,7,13,13,1,27/01/2022,1
42,Pennsylvania,420046,0,0,2,0,37,COLUMBIA (37),0,NO APLICA,2,Febrero,16,2022,9,9,I-80 Z H CONFAIR MEMORIAL HWY,1,Interestatal,Urbano,Interestatal,State Highway Agency,1,Sin jurisdiccion especial,2399,41.03773333,-76.34873611,Vehiculo en movimiento,Frente a Detrás,Not an Intersection,No fue interseccion,Sobre calle,Ninguna,Dia total,Despejado,No,NO APLICA,9,7,9,20,1,16/02/2022,2
42,Pennsylvania,420047,0,0,1,0,19,BUTLER (19),0,NO APLICA,2,Febrero,16,2022,18,41,PORTMAN RD,5,Calle Local - Pueblo,Rural,Local,Town or Township Highway Agency,0,Sin jurisdiccion especial,0,40.85313611,-79.83900278,Poste de Señal de trafico,El primer evento no fue una colision con un vehiculo automotor en transporte,Not an Intersection,No fue interseccion,Sobre el lado de la calle,Ninguna,Oscuro sin iluminacion,Despejado,No,NO APLICA,18,41,18,49,1,16/02/2022,1
42,Pennsylvania,420048,0,0,1,0,3,ALLEGHENY (3),0,NO APLICA,1,Enero,23,2022,2,26,SR-400 FRANKSTOWN RD,3,Highway estatal,Urbano,Arteria Principal,State Highway Agency,1,Sin jurisdiccion especial,77,40.46123889,-79.87109444,Poste,El primer evento no fue una colision con un vehiculo automotor en transporte,Not an Intersection,No fue interseccion,Sobre el lado de la calle,Ninguna,Oscuro sin iluminacion,Despejado,No,NO APLICA,2,30,2,39,1,23/01/2022,2
42,Pennsylvania,420049,0,0,2,0,17,BUCKS (17),0,NO APLICA,2,Febrero,16,2022,15,15,SR-4013 BETHLEHEM PK,3,Highway estatal,Urbano,Arteria Principal,State Highway Agency,1,Sin jurisdiccion especial,69,40.3891,-75.32398611,Vehiculo en movimiento,Angulo,Four-Way Intersection,Interseccion de 4 direcciones,Sobre calle,Ninguna,Dia total,Despejado,No,NO APLICA,15,16,15,25,1,16/02/2022,2
42,Pennsylvania,420050,0,0,1,0,91,MONTGOMERY (91),0,NO APLICA,1,Enero,23,2022,1,32,SR-2054 GREENWOOD AVE,3,Highway estatal,Urbano,Arteria Menor,State Highway Agency,0,Sin jurisdiccion especial,4,40.08474167,-75.15425,Valla Ferrocarril,El primer evento no fue una colision con un vehiculo automotor en transporte,Not an Intersection,No fue interseccion,Sobre el lado de la calle,Ninguna,Oscuro con iluminacion,Despejado,No,NO APLICA,1,39,1,42,1,23/01/2022,5
42,Pennsylvania,420051,0,0,1,0,101,PHILADELPHIA (101),6540,PHILADELPHIA,1,Enero,22,2022,3,19,SR-2001 RICHMOND ST,3,Highway estatal,Urbano,Arteria Menor,State Highway Agency,0,Sin jurisdiccion especial,73,39.97975833,-75.10771667,Poste,El primer evento no fue una colision con un vehiculo automotor en transporte,Not an Intersection,No fue interseccion,Sobre el lado de la calle,Ninguna,Oscuro con iluminacion,Despejado,No,NO APLICA,3,18,3,23,1,22/01/2022,1
42,Pennsylvania,420052,1,1,1,0,101,PHILADELPHIA (101),6540,PHILADELPHIA,1,Enero,21,2022,0,50,E CLEARFIELD ST,6,Calle Local Municipalidad,Urbano,Local,City or Municipal Highway Agency,0,Sin jurisdiccion especial,0,39.99535,-75.11713056,Peaton,El primer evento no fue una colision con un vehiculo automotor en transporte,T-Intersection,Interseccion de T,Sobre calle,Ninguna,Oscuro con iluminacion,Reportado como desconocido,No,NO APLICA,99,99,99,99,1,21/01/2022,1
42,Pennsylvania,420053,1,1,1,0,69,LACKAWANNA (69),5480,MOOSIC,1,Enero,24,2022,1,34,US-11 BIRNEY AVE,2,US Highway,Urbano,Arteria Principal,Unknown,1,Sin jurisdiccion especial,20,41.37001389,-75.71082778,Peaton,El primer evento no fue una colision con un vehiculo automotor en transporte,Not an Intersection,No fue interseccion,Sobre calle,Ninguna,Oscuro sin iluminacion,Despejado,No,NO APLICA,1,36,1,38,1,24/01/2022,1
42,Pennsylvania,420054,1,1,1,0,101,PHILADELPHIA (101),6540,PHILADELPHIA,1,Enero,26,2022,18,48,HUNTING PARK AVE,6,Calle Local Municipalidad,Urbano,Local,City or Municipal Highway Agency,0,Sin jurisdiccion especial,0,40.01509444,-75.13538333,Peaton,El primer evento no fue una colision con un vehiculo automotor en transporte,Four-Way Intersection,Interseccion de 4 direcciones,Sobre calle,Ninguna,Oscuro con iluminacion,Despejado,No,NO APLICA,18,49,18,54,1,26/01/2022,1
42,Pennsylvania,420055,0,0,3,0,79,LUZERNE (79),0,NO APLICA,1,Enero,28,2022,12,48,I-80,1,Interestatal,Rural,Interestatal,State Highway Agency,1,Sin jurisdiccion especial,2652,41.05888056,-75.91105278,Vehiculo en movimiento,Frente a Detrás,Not an Intersection,No fue interseccion,Sobre calle,Ninguna,Dia total,Nieve,No,NO APLICA,12,41,12,51,1,28/01/2022,3
42,Pennsylvania,420056,1,1,1,0,101,PHILADELPHIA (101),6540,PHILADELPHIA,2,Febrero,17,2022,19,40,SR-0291 PENROSE AV,3,Highway estatal,Urbano,Arteria Principal,State Highway Agency,1,Sin jurisdiccion especial,52,39.91088611,-75.18523611,Peaton,El primer evento no fue una colision con un vehiculo automotor en transporte,Not an Intersection,No fue interseccion,Sobre calle,Ninguna,Dia total,Despejado,No,NO APLICA,19,44,19,51,1,17/02/2022,1
42,Pennsylvania,420057,0,0,3,0,111,SOMERSET (111),0,NO APLICA,2,Febrero,2,2022,20,23,I-76 MAINLINE TPKE,1,Interestatal,Rural,Interestatal,State Toll Road,1,Sin jurisdiccion especial,1064,40.05318889,-79.12731667,Vehiculo en movimiento,Golpe Lateral - misma direccion,Not an Intersection,No fue interseccion,Sobre calle,Construccion,Oscuro sin iluminacion,Despejado,No,NO APLICA,99,99,99,99,1,02/02/2022,3
42,Pennsylvania,420058,1,1,1,0,69,LACKAWANNA (69),7460,SCRANTON,2,Febrero,17,2022,10,54,DOROTHY ST,6,Calle Local Municipalidad,Urbano,Local,City or Municipal Highway Agency,0,Sin jurisdiccion especial,0,41.4303,-75.68178889,Peaton,El primer evento no fue una colision con un vehiculo automotor en transporte,Not an Intersection,No fue interseccion,Sobre calle,Ninguna,Dia total,Nublado,No,NO APLICA,10,55,10,57,1,17/02/2022,1
42,Pennsylvania,420059,0,0,2,0,133,YORK (133),0,NO APLICA,2,Febrero,17,2022,18,21,SR-4026 OLD YORK RD,3,Highway estatal,Rural,Arteria Menor,State Highway Agency,0,Sin jurisdiccion especial,41,40.09548056,-76.96347778,Vehiculo en movimiento,Angulo,Not an Intersection,No fue interseccion,Sobre calle,Ninguna,Oscuro sin iluminacion,lluvia,No,NO APLICA,18,12,18,26,1,17/02/2022,2
42,Pennsylvania,420060,0,0,1,0,97,NORTHUMBERLAND (97),0,NO APLICA,1,Enero,27,2022,6,19,SCHOOL HOUSE LN,5,Calle Local - Pueblo,Rural,Local,Town or Township Highway Agency,0,Sin jurisdiccion especial,0,40.78459167,-76.58341389,Otra no colicion,El primer evento no fue una colision con un vehiculo automotor en transporte,Not an Intersection,No fue interseccion,Sobre calle,Ninguna,Oscuro sin iluminacion,Despejado,No,NO APLICA,6,24,6,26,1,27/01/2022,3
42,Pennsylvania,420061,0,0,2,0,125,WASHINGTON (125),8880,WASHINGTON,2,Febrero,17,2022,2,9,I-70,1,Interestatal,Urbano,Interestatal,State Highway Agency,1,Sin jurisdiccion especial,169,40.18441667,-80.25649167,Vehiculo en movimiento,Frente a frente,Not an Intersection,No fue interseccion,Sobre calle,Ninguna,Oscuro sin iluminacion,Despejado,No,NO APLICA,99,99,99,99,1,17/02/2022,2
42,Pennsylvania,420062,0,0,2,0,101,PHILADELPHIA (101),6540,PHILADELPHIA,2,Febrero,19,2022,7,59,SR-0611 BROAD ST,3,Highway estatal,Urbano,Arteria Principal,State Highway Agency,1,Sin jurisdiccion especial,42,39.99568056,-75.15416944,Poste o otros soportes,El primer evento no fue una colision con un vehiculo automotor en transporte,Not an Intersection,No fue interseccion,En el medio,Ninguna,Dia total,Despejado,No,NO APLICA,7,59,8,4,1,19/02/2022,2
42,Pennsylvania,420063,0,0,1,0,51,FAYETTE (51),0,NO APLICA,1,Enero,30,2022,0,33,TOWNSHIP RD,5,Calle Local - Pueblo,Rural,Local,Town or Township Highway Agency,0,Sin jurisdiccion especial,0,39.88049167,-79.71784444,Arbol,El primer evento no fue una colision con un vehiculo automotor en transporte,Not an Intersection,No fue interseccion,Sobre el lado de la calle,Ninguna,Oscuro sin iluminacion,Reportado como desconocido,No,NO APLICA,99,99,99,99,1,30/01/2022,1
42,Pennsylvania,420064,0,0,2,0,5,ARMSTRONG (5),0,NO APLICA,2,Febrero,19,2022,7,39,SR-0028,3,Highway estatal,Rural,Arteria Principal,State Highway Agency,1,Sin jurisdiccion especial,132,40.83396667,-79.47264722,Vehiculo en movimiento,Frente a frente,Not an Intersection,No fue interseccion,Sobre calle,Ninguna,Dia total,Soplando nieve,No,NO APLICA,7,31,7,42,1,19/02/2022,3
42,Pennsylvania,420065,0,2,2,1,25,CARBON (25),0,NO APLICA,1,Enero,25,2022,16,46,SR-940,3,Highway estatal,Rural,Colector Mayor,State Highway Agency,0,Sin jurisdiccion especial,37,41.07012778,-75.70424444,Vehiculo Aparcado,El primer evento no fue una colision con un vehiculo automotor en transporte,Not an Intersection,No fue interseccion,Sobre Acotamiento,Ninguna,Dia total,Despejado,No,NO APLICA,99,99,99,99,1,25/01/2022,1
42,Pennsylvania,420066,0,0,1,0,17,BUCKS (17),0,NO APLICA,2,Febrero,22,2022,8,18,SR-2071 TAYLORSVILLE RD,3,Highway estatal,Urbano,Arteria Menor,State Highway Agency,0,Sin jurisdiccion especial,95,40.30543889,-74.90225833,Arbol,El primer evento no fue una colision con un vehiculo automotor en transporte,Not an Intersection,No fue interseccion,Sobre el lado de la calle,Ninguna,Dia total,Despejado,No,NO APLICA,0,19,0,23,1,22/02/2022,1
42,Pennsylvania,420067,0,0,2,0,75,LEBANON (75),0,NO APLICA,1,Enero,31,2022,13,14,SR-501,3,Highway estatal,Rural,Arteria Menor,State Highway Agency,0,Sin jurisdiccion especial,43,40.31072222,-76.30428889,Vehiculo en movimiento,Golpe Lateral - direccion contraria,Not an Intersection,No fue interseccion,Sobre calle,Ninguna,Dia total,Despejado,No,NO APLICA,99,99,99,99,1,31/01/2022,2
42,Pennsylvania,420068,0,0,1,0,17,BUCKS (17),0,NO APLICA,2,Febrero,24,2022,0,5,FROSTY HOLLOW RD,5,Calle Local - Pueblo,Urbano,Local,Town or Township Highway Agency,0,Sin jurisdiccion especial,0,40.14714167,-74.88595833,Alguien se cayo/avento del vehiculo,El primer evento no fue una colision con un vehiculo automotor en transporte,Not an Intersection,No fue interseccion,Fuera de la calle,Ninguna,Oscuro con iluminacion,Despejado,No,NO APLICA,0,7,0,14,1,24/02/2022,1
42,Pennsylvania,420069,1,1,1,0,101,PHILADELPHIA (101),6540,PHILADELPHIA,1,Enero,21,2022,23,45,SR-611 BROAD ST,3,Highway estatal,Urbano,Arteria Principal,State Highway Agency,1,Sin jurisdiccion especial,46,40.00151389,-75.15293333,Peaton,El primer evento no fue una colision con un vehiculo automotor en transporte,Four-Way Intersection,Interseccion de 4 direcciones,Sobre calle,Ninguna,Oscuro con iluminacion,Despejado,No,NO APLICA,23,24,23,27,1,21/01/2022,1
42,Pennsylvania,420070,0,0,1,0,91,MONTGOMERY (91),0,NO APLICA,2,Febrero,24,2022,21,27,SR-0063 RED LION,3,Highway estatal,Urbano,Arteria Principal,State Highway Agency,1,Sin jurisdiccion especial,299,40.11943889,-75.05621111,Otra no colicion,El primer evento no fue una colision con un vehiculo automotor en transporte,Not an Intersection,No fue interseccion,Sobre calle,Ninguna,Oscuro sin iluminacion,lluvia,No,NO APLICA,21,28,21,32,1,24/02/2022,2
42,Pennsylvania,420071,0,0,1,0,129,WESTMORELAND (129),3591,HEMPFIELD TOWNSHIP,2,Febrero,25,2022,20,8,SR-3016 MIDDLETOWN RD,3,Highway estatal,Rural,Colector Mayor,State Highway Agency,0,Sin jurisdiccion especial,75,40.24993889,-79.6726,Otro objeto (fijo),El primer evento no fue una colision con un vehiculo automotor en transporte,Not an Intersection,No fue interseccion,Sobre el lado de la calle,Ninguna,Oscuro sin iluminacion,Despejado,No,NO APLICA,20,4,20,15,1,25/02/2022,1
42,Pennsylvania,420072,0,1,2,1,3,ALLEGHENY (3),8360,TARENTUM,2,Febrero,4,2022,14,56,SR-28 ALLEGHENY VALLEY EXPY,3,Highway estatal,Urbano,Arterial Principal -Freeway o ExpressWay,State Highway Agency,1,Sin jurisdiccion especial,186,40.60704167,-79.76340556,Valla Ferrocarril,El primer evento no fue una colision con un vehiculo automotor en transporte,Not an Intersection,No fue interseccion,Sobre el lado de la calle,Ninguna,Dia total,Nieve,No,NO APLICA,14,53,14,56,1,04/02/2022,1
42,Pennsylvania,420073,0,1,2,1,3,ALLEGHENY (3),860,BRENTWOOD,2,Febrero,26,2022,7,51,SR-0051 CLAIRTON BLVD,3,Highway estatal,Urbano,Arteria Principal,State Highway Agency,1,Sin jurisdiccion especial,151,40.37147222,-79.98188056,Otro objeto (fijo),El primer evento no fue una colision con un vehiculo automotor en transporte,Not an Intersection,No fue interseccion,Fuera de la calle,Ninguna,Dia total,Despejado,No,NO APLICA,7,53,7,56,1,26/02/2022,1
42,Pennsylvania,420074,0,0,3,0,71,LANCASTER (71),0,NO APLICA,2,Febrero,27,2022,19,5,US-222,2,US Highway,Urbano,Arterial Principal -Freeway o ExpressWay,Unknown,1,Sin jurisdiccion especial,315,40.08121111,-76.27679444,Vehiculo en movimiento,Angulo,Not an Intersection,No fue interseccion,Sobre calle,Ninguna,Oscuro sin iluminacion,Despejado,No,NO APLICA,99,99,99,99,1,27/02/2022,5
42,Pennsylvania,420075,0,0,2,0,103,PIKE (103),0,NO APLICA,2,Febrero,26,2022,15,19,SR-2001 MILFORD RD,3,Highway estatal,Rural,Colector Mayor,State Highway Agency,0,Sin jurisdiccion especial,131,41.24431667,-74.89898056,Vehiculo en movimiento,Frente a frente,Not an Intersection,No fue interseccion,Sobre calle,Ninguna,Dia total,Despejado,No,NO APLICA,15,13,15,23,1,26/02/2022,3
42,Pennsylvania,420076,0,0,2,0,99,PERRY (99),0,NO APLICA,2,Febrero,27,2022,9,20,US-11 SUSQUEHANNA TR,2,US Highway,Rural,Arteria Principal,Unknown,1,Sin jurisdiccion especial,73,40.36863611,-77.0238,Vehiculo en movimiento,Frente a frente,Not an Intersection,No fue interseccion,Sobre calle,Ninguna,Dia total,Despejado,No,NO APLICA,9,19,9,26,2,27/02/2022,3
42,Pennsylvania,420077,0,0,1,0,117,TIOGA (117),5489,MORRIS,2,Febrero,27,2022,17,0,RATTLER RD,5,Calle Local - Pueblo,Rural,Local,Town or Township Highway Agency,0,Sin jurisdiccion especial,0,41.608,-77.30011111,Arbol,El primer evento no fue una colision con un vehiculo automotor en transporte,Not an Intersection,No fue interseccion,Fuera de la calle,Ninguna,Atardecer,Reportado como desconocido,No,NO APLICA,99,99,99,99,1,27/02/2022,1
42,Pennsylvania,420078,0,0,1,0,3,ALLEGHENY (3),7180,ROSSLYN FARMS,3,Marzo,2,2022,11,32,KINGS HW,6,Calle Local Municipalidad,Urbano,Local,City or Municipal Highway Agency,0,Sin jurisdiccion especial,0,40.421725,-80.091075,Arbol,El primer evento no fue una colision con un vehiculo automotor en transporte,Not an Intersection,No fue interseccion,Fuera de la calle,Ninguna,Dia total,Despejado,No,NO APLICA,11,26,11,27,1,02/03/2022,1
42,Pennsylvania,420079,1,1,4,0,7,BEAVER (7),0,NO APLICA,2,Febrero,16,2022,2,56,I-76 MAINLINE TPKE,1,Interestatal,Rural,Interestatal,State Toll Road,1,Sin jurisdiccion especial,200,40.75612778,-80.22188333,Peaton,El primer evento no fue una colision con un vehiculo automotor en transporte,Not an Intersection,No fue interseccion,Sobre calle,Ninguna,Oscuro sin iluminacion,Despejado,No,NO APLICA,2,59,3,12,1,16/02/2022,4
42,Pennsylvania,420080,0,0,2,0,45,DELAWARE (45),1900,DARBY,3,Marzo,3,2022,6,15,US-13 MACDADE BL,2,US Highway,Urbano,Arteria Principal,Unknown,1,Sin jurisdiccion especial,125,39.92125278,-75.264025,Vehiculo en movimiento,Angulo,Four-Way Intersection,Interseccion de 4 direcciones,Sobre calle,Ninguna,Dia total,Despejado,No,NO APLICA,6,15,6,18,1,03/03/2022,4
42,Pennsylvania,420081,0,0,3,0,71,LANCASTER (71),0,NO APLICA,3,Marzo,1,2022,7,38,SR-272 NOTTINGHAM RD,3,Highway estatal,Rural,Arteria Menor,State Highway Agency,0,Sin jurisdiccion especial,24,39.78055,-76.10082222,Vehiculo en movimiento,Frente a frente,Not an Intersection,No fue interseccion,Sobre calle,Ninguna,Dia total,Despejado,No,NO APLICA,7,37,7,45,1,01/03/2022,3