Estado,Nombre de Estado,Numero de Caso,Peatones,Personas _no_vehiculos,Vehiculos automotores,Vehiculos estacionados,Condado,Nombre Condado,Ciudad,Nombre Ciudad,Mes,Nombre Mes,Dia,Año,Hora,Minuto,Calle,Ruta,Nombre Ruta,Rural o Urbanoo,Sistema Funcional,Dueño Calle,Sistema Nacional Carreteras,Jurisdiccion Especial,Milla,Latitud,Longitud,Causa del Accidente,Tipo de Accidente,Tipo Interseccion,Columna1,Lugar en la calle,Zona de Trabajo,Luz,Clima,Autobus Escolar,Cruce de Trenes,Hora Notificacion,Minuto Notificacion,Hora Llegada,Minuto Llegada,Decesos,Fecha,PersonaVehiculo
42,Pennsylvania,420082,0,0,1,0,69,LACKAWANNA (69),7460,SCRANTON,3,Marzo,4,2022,20,25,US-11 SCRANTON EX,2,US Highway,Urbano,Arterial Principal -Freeway o ExpressWay,Unknown,1,Sin jurisdiccion especial,77,41.42833056,-75.67128889,Poste,El primer evento no fue una colision con un vehiculo automotor en transporte,Not an Intersection,No fue interseccion,Sobre el lado de la calle,Ninguna,Oscuro con iluminacion,Despejado,No,NO APLICA,99,99,99,99,1,04/03/2022,3
42,Pennsylvania,420083,0,0,2,0,69,LACKAWANNA (69),7460,SCRANTON,3,Marzo,4,2022,1,10,I-81 AMERICAN LEGION MEM HW,1,Interestatal,Urbano,Interestatal,State Highway Agency,1,Sin jurisdiccion especial,1837,41.38901667,-75.65741944,Vehiculo en movimiento,Golpe Lateral - misma direccion,Not an Intersection,No fue interseccion,Sobre calle,Ninguna,Oscuro sin iluminacion,Despejado,No,NO APLICA,1,7,1,15,1,04/03/2022,2
42,Pennsylvania,420084,2,2,2,0,101,PHILADELPHIA (101),6540,PHILADELPHIA,3,Marzo,28,2022,10,50,SR-2008 GIRARD AVE,3,Highway estatal,Urbano,Arteria Principal,State Highway Agency,1,Sin jurisdiccion especial,3,39.97479444,-75.18508056,Vehiculo en movimiento,Frente a Detrás,Four-Way Intersection,Interseccion de 4 direcciones,Sobre calle,Ninguna,Dia total,Despejado,No,NO APLICA,10,54,11,1,1,28/03/2022,2
42,Pennsylvania,420085,0,0,3,0,11,BERKS (11),9530,WYOMISSING,3,Marzo,16,2022,21,58,US-222 PARK RD EXT,2,US Highway,Urbano,Arterial Principal -Freeway o ExpressWay,Unknown,1,Sin jurisdiccion especial,93,40.35219167,-75.961325,Vehiculo en movimiento,Frente a frente,Not an Intersection,No fue interseccion,Sobre calle,Ninguna,Oscuro con iluminacion,Despejado,No,NO APLICA,99,99,99,99,1,16/03/2022,3
42,Pennsylvania,420086,0,0,4,3,11,BERKS (11),7640,SHILLINGTON,4,Abril,8,2022,19,25,SR-724 PHILADELPHIA AVE,3,Highway estatal,Urbano,Arteria Menor,State Highway Agency,0,Sin jurisdiccion especial,31,40.30286389,-75.96678611,Vehiculo Aparcado,El primer evento no fue una colision con un vehiculo automotor en transporte,Not an Intersection,No fue interseccion,En estacionamiento,Ninguna,Dia total,Nublado,No,NO APLICA,99,99,99,99,1,08/04/2022,2
42,Pennsylvania,420087,0,0,3,1,133,YORK (133),0,NO APLICA,4,Abril,2,2022,15,15,SR-921 CANAL RD,3,Highway estatal,Urbano,Colector Mayor,State Highway Agency,0,Sin jurisdiccion especial,10,40.00629444,-76.83356667,Vehiculo en movimiento,Angulo,Four-Way Intersection,Interseccion de 4 direcciones,Sobre calle,Ninguna,Dia total,Despejado,No,NO APLICA,15,18,15,22,1,02/04/2022,4
42,Pennsylvania,420088,0,0,3,0,79,LUZERNE (79),1720,COURTDALE,4,Abril,14,2022,99,99,SR-1002 COURTDALE AVE,3,Highway estatal,Urbano,Arteria Menor,State Highway Agency,0,Sin jurisdiccion especial,40,41.27786111,-75.91425,Vehiculo en movimiento,Angulo,T-Intersection,Interseccion de T,Sobre calle,Ninguna,Dia total,Despejado,No,NO APLICA,13,25,13,31,2,14/04/2022,4
42,Pennsylvania,420089,0,0,2,0,3,ALLEGHENY (3),0,NO APLICA,3,Marzo,4,2022,16,28,SR-1001 FREEPORT RD,3,Highway estatal,Urbano,Arteria Menor,State Highway Agency,0,Sin jurisdiccion especial,209,40.6488,-79.70891389,Vehiculo en movimiento,Frente a Detrás,Not an Intersection,No fue interseccion,Sobre calle,Ninguna,Dia total,Despejado,No,NO APLICA,16,31,16,34,1,04/03/2022,2
42,Pennsylvania,420090,0,0,2,0,101,PHILADELPHIA (101),6540,PHILADELPHIA,3,Marzo,5,2022,15,0,NORRIS ST,6,Calle Local Municipalidad,Urbano,Local,City or Municipal Highway Agency,0,Sin jurisdiccion especial,0,39.98325278,-75.15703611,Vehiculo en movimiento,Angulo,Four-Way Intersection,Interseccion de 4 direcciones,Sobre calle,Ninguna,Dia total,Despejado,No,NO APLICA,14,59,15,4,1,05/03/2022,4
42,Pennsylvania,420091,1,1,1,0,17,BUCKS (17),0,NO APLICA,3,Marzo,4,2022,20,35,SR-132 STREET RD,3,Highway estatal,Urbano,Arteria Principal,State Highway Agency,1,Sin jurisdiccion especial,12,40.21904722,-75.12127222,Peaton,El primer evento no fue una colision con un vehiculo automotor en transporte,Not an Intersection,No fue interseccion,Sobre calle,Ninguna,Oscuro sin iluminacion,Despejado,No,NO APLICA,20,36,20,41,1,04/03/2022,1
42,Pennsylvania,420092,0,0,1,0,101,PHILADELPHIA (101),6540,PHILADELPHIA,3,Marzo,19,2022,3,18,SR-8061 RAMP RD,3,Highway estatal,Urbano,Interestatal,State Highway Agency,1,Sin jurisdiccion especial,11,39.95580556,-75.14850278,Barrera de Trafico de Concreto,El primer evento no fue una colision con un vehiculo automotor en transporte,Not an Intersection,No fue interseccion,Sobre el lado de la calle,Ninguna,Oscuro con iluminacion,Despejado,No,NO APLICA,3,18,3,22,1,19/03/2022,2
42,Pennsylvania,420093,0,0,1,0,79,LUZERNE (79),0,NO APLICA,2,Febrero,22,2022,11,20,SR-29,3,Highway estatal,Rural,Colector Mayor,State Highway Agency,0,Sin jurisdiccion especial,62,41.23525278,-76.00110833,Culvert,El primer evento no fue una colision con un vehiculo automotor en transporte,Not an Intersection,No fue interseccion,Sobre el lado de la calle,Ninguna,Dia total,Despejado,No,NO APLICA,11,18,11,29,1,22/02/2022,1
42,Pennsylvania,420094,0,0,2,0,43,DAUPHIN (43),0,NO APLICA,3,Marzo,16,2022,4,40,SR-147 S RIVER RD,3,Highway estatal,Rural,Arteria Menor,State Highway Agency,0,Sin jurisdiccion especial,19,40.41065,-76.98333333,Vehiculo en movimiento,Frente a frente,Not an Intersection,No fue interseccion,Sobre calle,Ninguna,Oscuro sin iluminacion,Despejado,No,NO APLICA,4,39,4,57,1,16/03/2022,2
42,Pennsylvania,420095,0,0,2,0,7,BEAVER (7),9997,Other,3,Marzo,21,2022,7,33,SR-18 BIG BEAVER BLVD,3,Highway estatal,Urbano,Arteria Principal,State Highway Agency,1,Sin jurisdiccion especial,314,40.834275,-80.32786111,Vehiculo en movimiento,Angulo,Four-Way Intersection,Interseccion de 4 direcciones,Sobre calle,Ninguna,Amanecer,Despejado,No,NO APLICA,99,99,99,99,1,21/03/2022,2
42,Pennsylvania,420096,0,0,1,0,133,YORK (133),0,NO APLICA,3,Marzo,7,2022,12,31,WOODBINE RD,5,Calle Local - Pueblo,Rural,Local,Town or Township Highway Agency,0,Sin jurisdiccion especial,0,39.75879167,-76.35949722,Puente de Ferrocarril,El primer evento no fue una colision con un vehiculo automotor en transporte,Not an Intersection,No fue interseccion,Sobre el lado de la calle,Ninguna,Dia total,Despejado,No,NO APLICA,99,99,99,99,1,07/03/2022,1
42,Pennsylvania,420097,0,0,2,0,29,CHESTER (29),0,NO APLICA,3,Marzo,18,2022,16,52,SR-113 UWCHLAN AVE,3,Highway estatal,Urbano,Arteria Menor,State Highway Agency,0,Sin jurisdiccion especial,19,40.03279444,-75.67760556,Vehiculo en movimiento,Angulo,Four-Way Intersection,Interseccion de 4 direcciones,Sobre calle,Ninguna,Dia total,Despejado,No,NO APLICA,16,54,16,59,1,18/03/2022,2
42,Pennsylvania,420098,0,0,2,0,1,ADAMS (1),0,NO APLICA,3,Marzo,12,2022,14,21,US-30 CHAMBERSBURG RD,2,US Highway,Rural,Arteria Principal,Unknown,1,Sin jurisdiccion especial,11,39.89971944,-77.45015833,Vehiculo en movimiento,Angulo,Not an Intersection,No fue interseccion,Sobre calle,Ninguna,Dia total,Nieve,No,NO APLICA,14,16,14,21,1,12/03/2022,11
42,Pennsylvania,420099,1,1,1,0,27,CENTRE (27),0,NO APLICA,3,Marzo,9,2022,20,18,SR-45 BOAL AVE,3,Highway estatal,Urbano,Arteria Principal,State Highway Agency,1,Sin jurisdiccion especial,103,40.77991389,-77.79714444,Peaton,El primer evento no fue una colision con un vehiculo automotor en transporte,T-Intersection,Interseccion de T,Sobre calle,Ninguna,Oscuro sin iluminacion,Nublado,No,NO APLICA,20,20,20,24,1,09/03/2022,1
42,Pennsylvania,420100,0,0,1,0,91,MONTGOMERY (91),0,NO APLICA,3,Marzo,20,2022,9,22,I-276 MAINLINE TPKE,1,Interestatal,Rural,Interestatal,State Toll Road,1,Sin jurisdiccion especial,3296,40.08951944,-75.34933333,Valla Ferrocarril,El primer evento no fue una colision con un vehiculo automotor en transporte,Not an Intersection,No fue interseccion,Sobre el lado de la calle,Ninguna,Dia total,Despejado,No,NO APLICA,9,23,9,36,1,20/03/2022,1
42,Pennsylvania,420101,0,0,2,0,71,LANCASTER (71),0,NO APLICA,3,Marzo,29,2022,11,56,SR-72 LANCASTER RD,3,Highway estatal,Urbano,Arteria Principal,State Highway Agency,1,Sin jurisdiccion especial,77,40.12318611,-76.37514722,Vehiculo en movimiento,Angulo,Four-Way Intersection,Interseccion de 4 direcciones,Sobre calle,Ninguna,Dia total,Despejado,No,NO APLICA,12,0,12,7,1,29/03/2022,3
42,Pennsylvania,420102,1,1,1,0,71,LANCASTER (71),0,NO APLICA,3,Marzo,8,2022,21,23,SR-72 MANHEIM PIKE,3,Highway estatal,Urbano,Arteria Principal,State Highway Agency,1,Sin jurisdiccion especial,47,40.08997222,-76.34642222,Peaton,El primer evento no fue una colision con un vehiculo automotor en transporte,T-Intersection,Interseccion de T,Sobre calle,Ninguna,Oscuro con iluminacion,Nublado,No,NO APLICA,21,25,21,27,1,08/03/2022,1
42,Pennsylvania,420103,0,0,2,0,17,BUCKS (17),0,NO APLICA,3,Marzo,21,2022,11,37,SR-2002 STATE RD,3,Highway estatal,Urbano,Arteria Menor,State Highway Agency,0,Sin jurisdiccion especial,41,40.08195278,-74.91662778,Vehiculo en movimiento,Angulo,Not an Intersection,No fue interseccion,Sobre calle,Ninguna,Dia total,Despejado,No,NO APLICA,11,28,11,42,1,21/03/2022,2
42,Pennsylvania,420104,0,0,2,0,55,FRANKLIN (55),0,NO APLICA,1,Enero,5,2022,15,27,SR-4015 FRANKLIN ST,3,Highway estatal,Urbano,Arteria Menor,State Highway Agency,0,Sin jurisdiccion especial,10,39.95173889,-77.66999167,Vehiculo en movimiento,Angulo,T-Intersection,Interseccion de T,Sobre calle,Ninguna,Dia total,Despejado,No,NO APLICA,15,25,15,29,1,05/01/2022,2
42,Pennsylvania,420105,0,0,2,0,129,WESTMORELAND (129),0,NO APLICA,3,Marzo,20,2022,14,58,SR-1020 INDUSTRIAL BLVD,3,Highway estatal,Urbano,Arteria Menor,State Highway Agency,0,Sin jurisdiccion especial,6,40.32271944,-79.36139444,Vehiculo en movimiento,Angulo,Four-Way Intersection,Interseccion de 4 direcciones,Sobre calle,Ninguna,Dia total,Nublado,No,NO APLICA,99,99,99,99,1,20/03/2022,2
42,Pennsylvania,420106,0,0,2,0,41,CUMBERLAND (41),0,NO APLICA,3,Marzo,24,2022,11,52,US-11 RITNER HWY,2,US Highway,Rural,Colector Mayor,Unknown,0,Sin jurisdiccion especial,76,40.11268056,-77.41320556,Vehiculo en movimiento,Angulo,T-Intersection,Interseccion de T,Sobre calle,Ninguna,Dia total,Despejado,No,NO APLICA,99,99,99,99,1,24/03/2022,2
42,Pennsylvania,420107,0,0,1,0,129,WESTMORELAND (129),0,NO APLICA,4,Abril,4,2022,0,25,SR-993 BUSHEY RUN RD,3,Highway estatal,Urbano,Colector Mayor,State Highway Agency,0,Sin jurisdiccion especial,115,40.35549722,-79.62018889,Arbol,El primer evento no fue una colision con un vehiculo automotor en transporte,Not an Intersection,No fue interseccion,Sobre el lado de la calle,Ninguna,Oscuro sin iluminacion,Despejado,No,NO APLICA,99,99,99,99,1,04/04/2022,1
42,Pennsylvania,420108,1,1,1,0,69,LACKAWANNA (69),5480,MOOSIC,1,Enero,6,2022,19,39,US-11 BIRNEY AVE,2,US Highway,Urbano,Arteria Principal,Unknown,1,Sin jurisdiccion especial,20,41.36828056,-75.71414167,Peaton,El primer evento no fue una colision con un vehiculo automotor en transporte,Not an Intersection,No fue interseccion,Sobre calle,Ninguna,Oscuro con iluminacion,Despejado,No,NO APLICA,99,99,99,99,1,06/01/2022,1
42,Pennsylvania,420109,0,0,2,0,69,LACKAWANNA (69),8430,THROOP,4,Abril,7,2022,16,19,CR-UNDERWOOD RD,4,Calle del Condado,Urbano,Local,County Highway Agency,0,Sin jurisdiccion especial,0,41.446525,-75.60339167,Vehiculo en movimiento,Frente a frente,Not an Intersection,No fue interseccion,Sobre calle,Ninguna,Dia total,lluvia,No,NO APLICA,16,23,16,32,1,07/04/2022,2
42,Pennsylvania,420110,0,0,2,0,51,FAYETTE (51),0,NO APLICA,2,Febrero,22,2022,19,27,SR-4006 NEW SALEM RD,3,Highway estatal,Rural,Colector Mayor,State Highway Agency,0,Sin jurisdiccion especial,66,39.91238333,-79.79443611,Vehiculo en movimiento,Frente a frente,Not an Intersection,No fue interseccion,Sobre calle,Ninguna,Oscuro sin iluminacion,Despejado,No,NO APLICA,19,33,19,43,1,22/02/2022,4
42,Pennsylvania,420111,0,0,2,0,101,PHILADELPHIA (101),6540,PHILADELPHIA,2,Febrero,12,2022,20,5,SR-1001 VERREE RD,3,Highway estatal,Urbano,Arteria Menor,State Highway Agency,0,Sin jurisdiccion especial,55,40.08967222,-75.05703056,Vehiculo en movimiento,Frente a frente,Four-Way Intersection,Interseccion de 4 direcciones,Sobre calle,Ninguna,Oscuro con iluminacion,Despejado,No,NO APLICA,20,9,20,20,1,12/02/2022,4
42,Pennsylvania,420112,0,0,2,0,101,PHILADELPHIA (101),6540,PHILADELPHIA,3,Marzo,8,2022,3,18,SR-1008 LEVICK ST,3,Highway estatal,Urbano,Arteria Principal,State Highway Agency,1,Sin jurisdiccion especial,3,40.02151667,-75.05173333,Vehiculo en movimiento,Angulo,Four-Way Intersection,Interseccion de 4 direcciones,Sobre calle,Ninguna,Oscuro con iluminacion,No reportado,No,NO APLICA,3,18,3,21,1,08/03/2022,4
42,Pennsylvania,420113,0,0,1,0,41,CUMBERLAND (41),0,NO APLICA,1,Enero,28,2022,4,54,I-76 MAINLINE TPKE,1,Interestatal,Rural,Interestatal,State Toll Road,1,Sin jurisdiccion especial,2323,40.20441111,-77.04699167,Acotamiento,El primer evento no fue una colision con un vehiculo automotor en transporte,Not an Intersection,No fue interseccion,Sobre el lado de la calle,Ninguna,Oscuro sin iluminacion,Nublado,No,NO APLICA,5,2,5,16,1,28/01/2022,1
42,Pennsylvania,420114,0,0,1,0,3,ALLEGHENY (3),1335,CLAIRTON,1,Enero,30,2022,0,58,SR-837 STATE ST,3,Highway estatal,Urbano,Arteria Principal,State Highway Agency,1,Sin jurisdiccion especial,33,40.28716667,-79.87726944,Volcadura,El primer evento no fue una colision con un vehiculo automotor en transporte,Not an Intersection,No fue interseccion,Sobre el lado de la calle,Ninguna,Oscuro sin iluminacion,Nublado,No,NO APLICA,0,59,1,4,1,30/01/2022,1
42,Pennsylvania,420115,1,1,2,0,101,PHILADELPHIA (101),6540,PHILADELPHIA,2,Febrero,11,2022,18,54,SR-2008 GIRARD AVE,3,Highway estatal,Urbano,Arteria Principal,State Highway Agency,1,Sin jurisdiccion especial,21,39.97051944,-75.15231944,Peaton,El primer evento no fue una colision con un vehiculo automotor en transporte,Not an Intersection,No fue interseccion,Sobre calle,Ninguna,Oscuro con iluminacion,Despejado,No,NO APLICA,18,53,18,59,1,11/02/2022,2
42,Pennsylvania,420116,2,2,2,1,101,PHILADELPHIA (101),6540,PHILADELPHIA,3,Marzo,11,2022,19,55,ALDINE ST,6,Calle Local Municipalidad,Urbano,Local,City or Municipal Highway Agency,0,Sin jurisdiccion especial,0,40.03629167,-75.03830556,Peaton,El primer evento no fue una colision con un vehiculo automotor en transporte,Not an Intersection,No fue interseccion,Sobre el lado de la calle,Ninguna,Oscuro sin iluminacion,Despejado,No,NO APLICA,19,59,20,2,1,11/03/2022,0
42,Pennsylvania,420117,0,0,2,0,101,PHILADELPHIA (101),6540,PHILADELPHIA,1,Enero,2,2022,7,45,CONSHOHOCKEN AVE,6,Calle Local Municipalidad,Urbano,Local,City or Municipal Highway Agency,0,Sin jurisdiccion especial,0,40.00136944,-75.21506944,Vehiculo en movimiento,Frente a Detrás,"Five Point, or More",5 Puntos o mas,Sobre calle,Ninguna,Dia total,Reportado como desconocido,No,NO APLICA,7,39,7,46,1,02/01/2022,4
42,Pennsylvania,420118,1,1,1,0,129,WESTMORELAND (129),0,NO APLICA,3,Marzo,12,2022,10,35,SR-3089 WATER ST,3,Highway estatal,Urbano,Colector Mayor,State Highway Agency,0,Sin jurisdiccion especial,12,40.12535556,-79.58906944,Peaton,El primer evento no fue una colision con un vehiculo automotor en transporte,Not an Intersection,No fue interseccion,Sobre calle,Ninguna,Dia total,Nieve,No,NO APLICA,99,99,99,99,1,12/03/2022,1
42,Pennsylvania,420119,1,1,1,0,45,DELAWARE (45),0,NO APLICA,2,Febrero,3,2022,20,22,SR-3009 CHICHESTER AVE,3,Highway estatal,Urbano,Arteria Menor,State Highway Agency,0,Sin jurisdiccion especial,13,39.83449722,-75.44181389,Peaton,El primer evento no fue una colision con un vehiculo automotor en transporte,Four-Way Intersection,Interseccion de 4 direcciones,Sobre calle,Ninguna,Oscuro con iluminacion,lluvia,No,NO APLICA,20,23,20,28,1,03/02/2022,1
42,Pennsylvania,420120,1,1,1,0,45,DELAWARE (45),0,NO APLICA,2,Febrero,6,2022,5,38,US-1 STATE RD,2,US Highway,Urbano,Arteria Principal,Unknown,1,Sin jurisdiccion especial,152,39.94163056,-75.33689444,Peaton,El primer evento no fue una colision con un vehiculo automotor en transporte,Not an Intersection,No fue interseccion,Sobre calle,Ninguna,Oscuro sin iluminacion,Despejado,No,NO APLICA,5,37,5,40,1,06/02/2022,1
42,Pennsylvania,420121,0,0,2,0,51,FAYETTE (51),0,NO APLICA,2,Febrero,20,2022,0,42,US-40 GEO C MARSHALL PKWY,2,US Highway,Urbano,Arterial Principal -Freeway o ExpressWay,Unknown,1,Sin jurisdiccion especial,148,39.86792222,-79.73861667,Vehiculo en movimiento,Frente a frente,Not an Intersection,No fue interseccion,Sobre calle,Ninguna,Oscuro con iluminacion,Despejado,No,NO APLICA,0,43,0,48,2,20/02/2022,3
42,Pennsylvania,420122,0,0,2,0,91,MONTGOMERY (91),0,NO APLICA,2,Febrero,19,2022,4,52,I-276 MAINLINE TPKE,1,Interestatal,Rural,Interestatal,State Toll Road,1,Sin jurisdiccion especial,3382,40.13176111,-75.19893333,Vehiculo en movimiento,Frente a frente,Not an Intersection,No fue interseccion,Sobre calle,Ninguna,Oscuro con iluminacion,Despejado,No,NO APLICA,4,58,5,9,2,19/02/2022,2
42,Pennsylvania,420123,0,0,2,0,55,FRANKLIN (55),0,NO APLICA,2,Febrero,24,2022,3,38,SR-641 FORGE HILL RD,3,Highway estatal,Rural,Arteria Menor,State Highway Agency,0,Sin jurisdiccion especial,97,40.11918333,-77.69295833,Vehiculo en movimiento,Otro,Not an Intersection,No fue interseccion,Sobre calle,Ninguna,Oscuro sin iluminacion,Despejado,No,NO APLICA,3,38,3,49,1,24/02/2022,2
42,Pennsylvania,420124,0,0,2,0,79,LUZERNE (79),0,NO APLICA,3,Marzo,5,2022,23,25,I-81 AMERICAN LEGION MEM HWY,1,Interestatal,Urbano,Interestatal,State Highway Agency,1,Sin jurisdiccion especial,1575,41.12305556,-75.96157222,Vehiculo en movimiento,Frente a frente,Not an Intersection,No fue interseccion,Sobre calle,Ninguna,Oscuro sin iluminacion,Despejado,No,NO APLICA,23,31,23,45,1,05/03/2022,2
42,Pennsylvania,420125,0,0,1,0,3,ALLEGHENY (3),2250,EAST MCKEESPORT,2,Febrero,27,2022,8,22,US-30 LINCOLN HWY,2,US Highway,Urbano,Arteria Principal,Unknown,1,Sin jurisdiccion especial,129,40.37962222,-79.80793333,Poste,El primer evento no fue una colision con un vehiculo automotor en transporte,Not an Intersection,No fue interseccion,Sobre el lado de la calle,Ninguna,Amanecer,Despejado,No,NO APLICA,8,25,8,30,1,27/02/2022,1
42,Pennsylvania,420126,0,0,2,0,11,BERKS (11),0,NO APLICA,3,Marzo,14,2022,6,45,SR-61 POTTSVILLE PIKE,3,Highway estatal,Urbano,Arteria Principal,State Highway Agency,1,Sin jurisdiccion especial,141,40.53000833,-75.97551667,Vehiculo en movimiento,Frente a frente,Not an Intersection,No fue interseccion,Sobre calle,Ninguna,Amanecer,Despejado,No,NO APLICA,99,99,99,99,1,14/03/2022,2
42,Pennsylvania,420127,0,0,1,0,55,FRANKLIN (55),0,NO APLICA,3,Marzo,2,2022,22,13,MEYERS RD,5,Calle Local - Pueblo,Rural,Local,Town or Township Highway Agency,0,Sin jurisdiccion especial,0,39.85044167,-77.82784444,Poste,El primer evento no fue una colision con un vehiculo automotor en transporte,Not an Intersection,No fue interseccion,Sobre el lado de la calle,Ninguna,Oscuro sin iluminacion,Despejado,No,NO APLICA,99,99,99,99,1,02/03/2022,1
42,Pennsylvania,420128,0,0,2,0,129,WESTMORELAND (129),0,NO APLICA,3,Marzo,7,2022,11,20,SR-3071 ARONA RD,3,Highway estatal,Urbano,Colector Mayor,State Highway Agency,0,Sin jurisdiccion especial,31,40.26102222,-79.64330278,Vehiculo en movimiento,Frente a frente,Not an Intersection,No fue interseccion,Sobre calle,Ninguna,Dia total,lluvia,No,NO APLICA,11,20,11,27,1,07/03/2022,3
42,Pennsylvania,420129,0,0,1,0,101,PHILADELPHIA (101),6540,PHILADELPHIA,2,Febrero,8,2022,23,45,I-76 SCHUYLKILL EXPY,1,Interestatal,Urbano,Interestatal,State Highway Agency,1,Sin jurisdiccion especial,3415,39.99005833,-75.205525,Barrera de Trafico de Concreto,El primer evento no fue una colision con un vehiculo automotor en transporte,Not an Intersection,No fue interseccion,En el medio,Ninguna,Oscuro con iluminacion,Despejado,No,NO APLICA,23,51,23,54,1,08/02/2022,1
42,Pennsylvania,420130,0,0,1,0,29,CHESTER (29),0,NO APLICA,2,Febrero,20,2022,22,12,US-1 KENNETT OXFORD BYP,2,US Highway,Urbano,Arteria Principal,Unknown,1,Sin jurisdiccion especial,2,39.72446111,-76.02863889,Poste de Señal de trafico,El primer evento no fue una colision con un vehiculo automotor en transporte,Not an Intersection,No fue interseccion,En el medio,Ninguna,Oscuro sin iluminacion,Despejado,No,NO APLICA,22,12,22,19,1,20/02/2022,1
42,Pennsylvania,420131,0,0,2,0,91,MONTGOMERY (91),0,NO APLICA,3,Marzo,19,2022,6,39,SR-73 SKIPPACK PIKE,3,Highway estatal,Urbano,Arteria Principal,State Highway Agency,1,Sin jurisdiccion especial,179,40.18949722,-75.32779722,Vehiculo en movimiento,Frente a frente,Not an Intersection,No fue interseccion,Sobre calle,Ninguna,Amanecer,Despejado,No,NO APLICA,6,37,6,44,1,19/03/2022,2
42,Pennsylvania,420132,0,0,1,0,43,DAUPHIN (43),0,NO APLICA,4,Abril,3,2022,15,11,SR-2017 MANADA BOTTOM RD,3,Highway estatal,Rural,Colector Menor,State Highway Agency,0,Sin jurisdiccion especial,26,40.39211111,-76.71141389,Arbol,El primer evento no fue una colision con un vehiculo automotor en transporte,Not an Intersection,No fue interseccion,Sobre el lado de la calle,Ninguna,Dia total,Nublado,No,NO APLICA,15,11,15,18,1,03/04/2022,2
42,Pennsylvania,420133,0,0,1,0,91,MONTGOMERY (91),0,NO APLICA,4,Abril,29,2022,12,55,SR-4009 RIVER RD,3,Highway estatal,Urbano,Local,State Highway Agency,0,Sin jurisdiccion especial,3,40.18741944,-75.44511944,Arbol,El primer evento no fue una colision con un vehiculo automotor en transporte,T-Intersection,Interseccion de T,Sobre el lado de la calle,Ninguna,Dia total,Despejado,No,NO APLICA,12,55,13,3,1,29/04/2022,2
42,Pennsylvania,420134,0,0,1,0,11,BERKS (11),0,NO APLICA,4,Abril,23,2022,17,51,VIRGINVILLE RD,5,Calle Local - Pueblo,Rural,Local,Town or Township Highway Agency,0,Sin jurisdiccion especial,0,40.53337222,-75.90198056,Barda,El primer evento no fue una colision con un vehiculo automotor en transporte,Not an Intersection,No fue interseccion,Sobre el lado de la calle,Ninguna,Dia total,Despejado,No,NO APLICA,99,99,99,99,1,23/04/2022,1
42,Pennsylvania,420135,1,1,1,0,103,PIKE (103),0,NO APLICA,1,Enero,9,2022,6,28,US-6 PENNSYLVANIA AVE,2,US Highway,Urbano,Arteria Principal,Unknown,1,Sin jurisdiccion especial,299,41.36022778,-74.70986944,Peaton,El primer evento no fue una colision con un vehiculo automotor en transporte,Not an Intersection,No fue interseccion,Sobre calle,Ninguna,Oscuro con iluminacion,Aguanieve,No,NO APLICA,6,27,6,39,1,09/01/2022,1
42,Pennsylvania,420136,0,0,1,0,25,CARBON (25),6410,PARRYVILLE,4,Abril,22,2022,13,19,N FIRE LINE RD,6,Calle Local Municipalidad,Urbano,Local,City or Municipal Highway Agency,0,Sin jurisdiccion especial,0,40.82205833,-75.66643889,Acotamiento,El primer evento no fue una colision con un vehiculo automotor en transporte,Not an Intersection,No fue interseccion,Sobre el lado de la calle,Ninguna,Dia total,Despejado,No,NO APLICA,99,99,99,99,1,22/04/2022,1
42,Pennsylvania,420137,0,0,2,0,19,BUTLER (19),0,NO APLICA,4,Abril,26,2022,6,5,I-79 RAYMOND P SHAFFER HWY,1,Interestatal,Urbano,Interestatal,State Highway Agency,1,Sin jurisdiccion especial,880,40.81357778,-80.11217222,Vehiculo en movimiento,Frente a Detrás,Not an Intersection,No fue interseccion,Sobre calle,Ninguna,Amanecer,Despejado,No,NO APLICA,6,2,6,7,1,26/04/2022,2
42,Pennsylvania,420138,0,0,2,0,41,CUMBERLAND (41),0,NO APLICA,4,Abril,28,2022,18,8,SR-641 TRINDLE RD,3,Highway estatal,Urbano,Arteria Principal,State Highway Agency,1,Sin jurisdiccion especial,336,40.23418056,-76.94684167,Vehiculo en movimiento,Angulo,T-Intersection,Interseccion de T,Sobre calle,Ninguna,Dia total,Despejado,No,NO APLICA,18,8,18,18,1,28/04/2022,2
42,Pennsylvania,420139,0,0,3,0,91,MONTGOMERY (91),0,NO APLICA,3,Marzo,14,2022,18,32,CR-RIDGE PIKE,4,Calle del Condado,Urbano,Local,County Highway Agency,0,Sin jurisdiccion especial,0,40.10635556,-75.31561111,Vehiculo en movimiento,Angulo,Not an Intersection,No fue interseccion,Sobre calle,Ninguna,Dia total,Despejado,No,NO APLICA,18,32,18,40,1,14/03/2022,3
42,Pennsylvania,420140,0,0,3,0,71,LANCASTER (71),0,NO APLICA,3,Marzo,28,2022,9,57,SR-23 MARIETTA AVE,3,Highway estatal,Urbano,Arteria Menor,State Highway Agency,0,Sin jurisdiccion especial,21,40.06190833,-76.498775,Vehiculo en movimiento,Angulo,Four-Way Intersection,Interseccion de 4 direcciones,Sobre calle,Ninguna,Dia total,Despejado,No,NO APLICA,9,59,10,6,1,28/03/2022,4
42,Pennsylvania,420141,1,2,3,2,43,DAUPHIN (43),0,NO APLICA,4,Abril,11,2022,9,1,I-81 GEORGE N WADE BRG,1,Interestatal,Urbano,Interestatal,State Highway Agency,1,Sin jurisdiccion especial,653,40.31481111,-76.91174444,Vehiculo Aparcado,El primer evento no fue una colision con un vehiculo automotor en transporte,Not an Intersection,No fue interseccion,Sobre Acotamiento,Ninguna,Dia total,Despejado,No,NO APLICA,9,2,9,10,1,11/04/2022,1
42,Pennsylvania,420142,0,0,2,0,73,LAWRENCE (73),0,NO APLICA,1,Enero,14,2022,10,50,SR-4005 RIVER RD,3,Highway estatal,Rural,Colector Menor,State Highway Agency,0,Sin jurisdiccion especial,35,41.08181389,-80.39114444,Vehiculo en movimiento,Angulo,Four-Way Intersection,Interseccion de 4 direcciones,Sobre calle,Ninguna,Dia total,Nublado,No,NO APLICA,10,54,11,8,1,14/01/2022,2