Estado,Nombre de Estado,Numero de Caso,Peatones,Personas _no_vehiculos,Vehiculos automotores,Vehiculos estacionados,Condado,Nombre Condado,Ciudad,Nombre Ciudad,Mes,Nombre Mes,Dia,Año,Hora,Minuto,Calle,Ruta,Nombre Ruta,Rural o Urbanoo,Sistema Funcional,Dueño Calle,Sistema Nacional Carreteras,Jurisdiccion Especial,Milla,Latitud,Longitud,Causa del Accidente,Tipo de Accidente,Tipo Interseccion,Columna1,Lugar en la calle,Zona de Trabajo,Luz,Clima,Autobus Escolar,Cruce de Trenes,Hora Notificacion,Minuto Notificacion,Hora Llegada,Minuto Llegada,Decesos,Fecha,PersonaVehiculo
42,Pennsylvania,420143,0,0,2,0,71,LANCASTER (71),0,NO APLICA,4,Abril,28,2022,15,53,SR-2009 NOBLE RD,3,Highway estatal,Rural,Colector Menor,State Highway Agency,0,Sin jurisdiccion especial,29,39.84138056,-76.09321389,Vehiculo en movimiento,Angulo,Four-Way Intersection,Interseccion de 4 direcciones,Sobre calle,Ninguna,Dia total,Despejado,No,NO APLICA,15,3,16,5,1,28/04/2022,3
42,Pennsylvania,420144,0,0,2,0,71,LANCASTER (71),0,NO APLICA,4,Abril,4,2022,9,6,SR-23 NEW HOLLAND PIKE,3,Highway estatal,Rural,Arteria Menor,State Highway Agency,0,Sin jurisdiccion especial,344,40.14962778,-75.90735556,Vehiculo en movimiento,Angulo,Not an Intersection,No fue interseccion,Sobre calle,Ninguna,Dia total,Despejado,No,NO APLICA,99,99,99,99,1,04/04/2022,3
42,Pennsylvania,420145,0,0,1,0,81,LYCOMING (81),0,NO APLICA,4,Abril,9,2022,0,43,SR-3028 RAILROAD ST,3,Highway estatal,Urbano,Arteria Menor,State Highway Agency,0,Sin jurisdiccion especial,5,41.20144722,-77.28346111,Buzon de correo,El primer evento no fue una colision con un vehiculo automotor en transporte,Not an Intersection,No fue interseccion,Sobre el lado de la calle,Ninguna,Oscuro con iluminacion,Despejado,No,NO APLICA,0,43,0,52,1,09/04/2022,1
42,Pennsylvania,420146,2,2,1,0,101,PHILADELPHIA (101),6540,PHILADELPHIA,2,Febrero,18,2022,0,16,US-13 ROOSEVELT BLVD,2,US Highway,Urbano,Arteria Principal,Unknown,1,Sin jurisdiccion especial,77,40.01795278,-75.14954167,Peaton,El primer evento no fue una colision con un vehiculo automotor en transporte,Four-Way Intersection,Interseccion de 4 direcciones,Sobre calle,Ninguna,Oscuro con iluminacion,Nublado,No,NO APLICA,0,16,0,33,1,18/02/2022,1
42,Pennsylvania,420147,0,0,1,0,43,DAUPHIN (43),0,NO APLICA,4,Abril,23,2022,6,2,SR-300 283RD FIELD ARTILLE HWY,3,Highway estatal,Urbano,Arterial Principal -Freeway o ExpressWay,State Highway Agency,1,Sin jurisdiccion especial,42,40.2233,-76.714875,Poste de Señal de trafico,El primer evento no fue una colision con un vehiculo automotor en transporte,Not an Intersection,No fue interseccion,En el medio,Ninguna,Oscuro sin iluminacion,Despejado,No,NO APLICA,6,11,6,24,1,23/04/2022,1
42,Pennsylvania,420148,1,1,1,0,3,ALLEGHENY (3),4710,MCKEESPORT,5,Mayo,14,2022,23,7,SR-148 FIFTH AVE,3,Highway estatal,Urbano,Arteria Principal,State Highway Agency,1,Sin jurisdiccion especial,44,40.35735,-79.832575,Peaton,El primer evento no fue una colision con un vehiculo automotor en transporte,T-Intersection,Interseccion de T,Sobre calle,Ninguna,Oscuro sin iluminacion,Nublado,No,NO APLICA,23,11,23,14,1,14/05/2022,1
42,Pennsylvania,420149,1,1,1,0,11,BERKS (11),0,NO APLICA,5,Mayo,7,2022,21,4,US-222B ALLENTOWN PIKE,2,US Highway,Urbano,Arteria Principal,Unknown,1,Sin jurisdiccion especial,58,40.40586389,-75.92796111,Peaton,El primer evento no fue una colision con un vehiculo automotor en transporte,T-Intersection,Interseccion de T,Sobre calle,Ninguna,Oscuro con iluminacion,lluvia,No,NO APLICA,99,99,99,99,1,07/05/2022,1
42,Pennsylvania,420150,0,0,1,0,87,MIFFLIN (87),4430,LEWISTOWN,5,Mayo,10,2022,0,21,US-22B FOURTH ST,2,US Highway,Urbano,Arteria Principal,Unknown,1,Sin jurisdiccion especial,28,40.59578333,-77.58219444,Banqueta,El primer evento no fue una colision con un vehiculo automotor en transporte,Not an Intersection,No fue interseccion,Sobre el lado de la calle,Ninguna,Oscuro con iluminacion,Despejado,No,NO APLICA,99,99,99,99,1,10/05/2022,2
42,Pennsylvania,420151,0,0,1,0,27,CENTRE (27),0,NO APLICA,5,Mayo,14,2022,1,54,I-99 THOMAS D LARSON MEM HWY,1,Interestatal,Urbano,Interestatal,State Highway Agency,1,Sin jurisdiccion especial,721,40.81954167,-77.88355556,Acotamiento,El primer evento no fue una colision con un vehiculo automotor en transporte,Not an Intersection,No fue interseccion,Sobre el lado de la calle,Ninguna,Oscuro sin iluminacion,Despejado,No,NO APLICA,1,48,1,59,1,14/05/2022,1
42,Pennsylvania,420152,0,0,2,0,7,BEAVER (7),9997,Other,5,Mayo,17,2022,8,25,SR-68 MIDLAND RD,3,Highway estatal,Urbano,Arteria Principal,State Highway Agency,1,Sin jurisdiccion especial,21,40.64719444,-80.47905556,Vehiculo en movimiento,Frente a frente,Not an Intersection,No fue interseccion,Sobre calle,Ninguna,Dia total,Despejado,No,NO APLICA,8,3,8,20,1,17/05/2022,2
42,Pennsylvania,420153,0,0,2,0,3,ALLEGHENY (3),0,NO APLICA,5,Mayo,18,2022,6,10,CR-PITTSBURGH MCKEESPORT BLVD,4,Calle del Condado,Urbano,Local,County Highway Agency,0,Sin jurisdiccion especial,0,40.366675,-79.83049167,Vehiculo en movimiento,Angulo,Not an Intersection,No fue interseccion,Sobre calle,Ninguna,Dia total,Despejado,No,NO APLICA,6,12,6,24,1,18/05/2022,2
42,Pennsylvania,420154,0,0,2,0,13,BLAIR (13),0,NO APLICA,3,Marzo,4,2022,12,42,SR-1008 SKELP MOUNTAIN RD,3,Highway estatal,Rural,Colector Mayor,State Highway Agency,0,Sin jurisdiccion especial,24,40.62047778,-78.28511667,Vehiculo en movimiento,Frente a frente,Not an Intersection,No fue interseccion,Sobre calle,Ninguna,Dia total,Despejado,No,NO APLICA,99,99,99,99,1,04/03/2022,4
42,Pennsylvania,420155,0,0,1,0,43,DAUPHIN (43),0,NO APLICA,3,Marzo,18,2022,12,15,US-22 ALLENTOWN BLVD,2,US Highway,Urbano,Arteria Principal,Unknown,1,Sin jurisdiccion especial,229,40.32983889,-76.75612222,Acotamiento,El primer evento no fue una colision con un vehiculo automotor en transporte,Not an Intersection,No fue interseccion,Sobre el lado de la calle,Ninguna,Dia total,Despejado,No,NO APLICA,12,15,12,19,2,18/03/2022,6
42,Pennsylvania,420156,0,0,2,0,11,BERKS (11),0,NO APLICA,3,Marzo,17,2022,8,48,US-422 CONRAD WEISER PKWY,2,US Highway,Urbano,Arteria Principal,Unknown,1,Sin jurisdiccion especial,55,40.35870833,-76.16538889,Vehiculo en movimiento,Angulo,Four-Way Intersection,Interseccion de 4 direcciones,Sobre calle,Ninguna,Dia total,lluvia,No,NO APLICA,99,99,99,99,1,17/03/2022,2
42,Pennsylvania,420157,0,0,2,0,33,CLEARFIELD (33),0,NO APLICA,4,Abril,13,2022,14,36,US-219 BELLS LANDING/GRAMPI RD,2,US Highway,Rural,Arteria Principal,Unknown,1,Sin jurisdiccion especial,228,40.94056667,-78.63995,Valla Ferrocarril,El primer evento no fue una colision con un vehiculo automotor en transporte,Not an Intersection,No fue interseccion,Sobre el lado de la calle,Ninguna,Dia total,Despejado,No,NO APLICA,14,35,14,49,1,13/04/2022,2
42,Pennsylvania,420158,0,0,2,0,49,ERIE (49),0,NO APLICA,3,Marzo,21,2022,16,1,US-20 RIDGE RD,2,US Highway,Rural,Arteria Menor,Unknown,0,Sin jurisdiccion especial,41,41.95659722,-80.44742778,Vehiculo en movimiento,Angulo,Four-Way Intersection,Interseccion de 4 direcciones,Sobre calle,Ninguna,Dia total,Despejado,No,NO APLICA,99,99,99,99,1,21/03/2022,3
42,Pennsylvania,420159,1,1,2,0,49,ERIE (49),2640,ERIE,3,Marzo,5,2022,19,8,8TH ST,6,Calle Local Municipalidad,Urbano,Local,City or Municipal Highway Agency,0,Sin jurisdiccion especial,0,42.11130556,-80.12775278,Peaton,El primer evento no fue una colision con un vehiculo automotor en transporte,Not an Intersection,No fue interseccion,Sobre calle,Ninguna,Oscuro con iluminacion,Despejado,No,NO APLICA,99,99,99,99,1,05/03/2022,3
42,Pennsylvania,420160,0,0,3,2,129,WESTMORELAND (129),8290,SUTERSVILLE,3,Marzo,23,2022,10,40,4TH ST,6,Calle Local Municipalidad,Urbano,Local,City or Municipal Highway Agency,0,Sin jurisdiccion especial,0,40.23633889,-79.80493333,Vehiculo Ferrocarril,El primer evento no fue una colision con un vehiculo automotor en transporte,Not an Intersection,No fue interseccion,Sobre calle,Ninguna,Dia total,Despejado,No,145489C,10,35,10,48,1,23/03/2022,1
42,Pennsylvania,420161,3,3,2,0,101,PHILADELPHIA (101),6540,PHILADELPHIA,3,Marzo,21,2022,0,52,I-95 DELAWARE EXPY,1,Interestatal,Urbano,Interestatal,State Highway Agency,1,Sin jurisdiccion especial,175,39.89987222,-75.16155833,Vehiculo en movimiento,Golpe Lateral - misma direccion,Not an Intersection,No fue interseccion,Sobre calle,Ninguna,Oscuro con iluminacion,Despejado,No,NO APLICA,0,59,1,6,3,21/03/2022,2
42,Pennsylvania,420162,0,0,1,0,101,PHILADELPHIA (101),6540,PHILADELPHIA,4,Abril,4,2022,1,44,N 48TH ST,6,Calle Local Municipalidad,Urbano,Local,City or Municipal Highway Agency,0,Sin jurisdiccion especial,0,39.97155,-75.21740556,Arbol,El primer evento no fue una colision con un vehiculo automotor en transporte,Not an Intersection,No fue interseccion,Sobre el lado de la calle,Ninguna,Oscuro con iluminacion,Despejado,No,NO APLICA,1,45,1,49,1,04/04/2022,1
42,Pennsylvania,420163,0,0,2,0,41,CUMBERLAND (41),0,NO APLICA,4,Abril,6,2022,9,13,SR-2027 GETTYSBURG RD,3,Highway estatal,Urbano,Colector Mayor,State Highway Agency,0,Sin jurisdiccion especial,15,40.223975,-76.93815556,Vehiculo en movimiento,Angulo,Four-Way Intersection,Interseccion de 4 direcciones,Sobre calle,Ninguna,Dia total,lluvia,No,NO APLICA,9,15,9,24,1,06/04/2022,2
42,Pennsylvania,420164,0,0,1,0,105,POTTER (105),0,NO APLICA,2,Febrero,17,2022,10,45,SR-49 HARRISON VALLEY RD,3,Highway estatal,Rural,Arteria Menor,State Highway Agency,0,Sin jurisdiccion especial,234,41.93216667,-77.63183611,Arbol,El primer evento no fue una colision con un vehiculo automotor en transporte,Not an Intersection,No fue interseccion,Fuera de la calle,Ninguna,Dia total,lluvia,No,NO APLICA,10,41,11,12,1,17/02/2022,2
42,Pennsylvania,420165,0,0,1,0,51,FAYETTE (51),0,NO APLICA,3,Marzo,17,2022,21,51,BRUCETON RD,5,Calle Local - Pueblo,Rural,Local,Town or Township Highway Agency,0,Sin jurisdiccion especial,0,39.72901667,-79.48215833,Piedrotototota,El primer evento no fue una colision con un vehiculo automotor en transporte,Not an Intersection,No fue interseccion,Sobre el lado de la calle,Ninguna,Oscuro sin iluminacion,Despejado,No,NO APLICA,21,52,22,3,1,17/03/2022,1
42,Pennsylvania,420166,1,1,1,0,3,ALLEGHENY (3),6600,PITTSBURGH,1,Enero,11,2022,6,46,LIBERTY AVE,6,Calle Local Municipalidad,Urbano,Local,City or Municipal Highway Agency,0,Sin jurisdiccion especial,0,40.44240278,-80.00016111,Peaton,El primer evento no fue una colision con un vehiculo automotor en transporte,Four-Way Intersection,Interseccion de 4 direcciones,Sobre calle,Ninguna,Oscuro con iluminacion,Despejado,No,NO APLICA,6,14,6,18,1,11/01/2022,1
42,Pennsylvania,420167,0,0,1,0,81,LYCOMING (81),9380,WILLIAMSPORT,2,Febrero,19,2022,9,9,SR-2014 THIRD ST,3,Highway estatal,Urbano,Arteria Menor,State Highway Agency,0,Sin jurisdiccion especial,62,41.24294722,-76.99714722,Poste,El primer evento no fue una colision con un vehiculo automotor en transporte,Four-Way Intersection,Interseccion de 4 direcciones,Sobre el lado de la calle,Ninguna,Dia total,Nublado,No,NO APLICA,9,9,9,15,1,19/02/2022,1
42,Pennsylvania,420168,0,0,1,0,79,LUZERNE (79),0,NO APLICA,1,Enero,2,2022,8,5,US-11 JAMES A MUSTO BYP,2,US Highway,Urbano,Arteria Principal,Unknown,1,Sin jurisdiccion especial,355,41.32208333,-75.76297222,Poste de Señal de trafico,El primer evento no fue una colision con un vehiculo automotor en transporte,T-Intersection,Interseccion de T,Sobre el lado de la calle,Ninguna,Dia total,Despejado,No,NO APLICA,8,6,8,11,1,02/01/2022,2
42,Pennsylvania,420169,0,0,2,0,101,PHILADELPHIA (101),6540,PHILADELPHIA,4,Abril,14,2022,5,25,SR-532 BUSTLETON AVE,3,Highway estatal,Urbano,Arteria Principal,State Highway Agency,1,Sin jurisdiccion especial,37,40.12353889,-75.01536667,Vehiculo en movimiento,Angulo,Four-Way Intersection,Interseccion de 4 direcciones,Sobre calle,Ninguna,Oscuro con iluminacion,Despejado,No,NO APLICA,5,29,5,32,1,14/04/2022,2
42,Pennsylvania,420170,1,1,1,0,3,ALLEGHENY (3),9320,WHITE OAK,1,Enero,18,2022,18,20,SR-48 JACKS RUN RD,3,Highway estatal,Urbano,Arteria Principal,State Highway Agency,1,Sin jurisdiccion especial,121,40.35396667,-79.78836944,Peaton,El primer evento no fue una colision con un vehiculo automotor en transporte,Not an Intersection,No fue interseccion,Sobre Acotamiento,Ninguna,Oscuro con iluminacion,Nieve,No,NO APLICA,19,24,19,30,1,18/01/2022,1
42,Pennsylvania,420171,1,1,1,0,3,ALLEGHENY (3),0,NO APLICA,2,Febrero,7,2022,18,29,US-30 LINCOLN HWY,2,US Highway,Urbano,Arteria Principal,Unknown,1,Sin jurisdiccion especial,143,40.36996944,-79.784625,Peaton,El primer evento no fue una colision con un vehiculo automotor en transporte,Not an Intersection,No fue interseccion,Sobre calle,Ninguna,Oscuro con iluminacion,Despejado,No,NO APLICA,18,30,18,41,1,07/02/2022,1
42,Pennsylvania,420172,0,0,1,0,49,ERIE (49),0,NO APLICA,3,Marzo,24,2022,20,54,US-6A,2,US Highway,Rural,Arteria Principal,Unknown,1,Sin jurisdiccion especial,55,41.89137222,-80.41653056,Zanja,El primer evento no fue una colision con un vehiculo automotor en transporte,Not an Intersection,No fue interseccion,Sobre el lado de la calle,Ninguna,Oscuro sin iluminacion,Nublado,No,NO APLICA,99,99,99,99,1,24/03/2022,1
42,Pennsylvania,420173,0,0,1,0,99,PERRY (99),0,NO APLICA,3,Marzo,28,2022,7,0,US-11 SUSQUEHANNA TRL,2,US Highway,Rural,Arteria Principal,Unknown,1,Sin jurisdiccion especial,110,40.41678056,-77.02196389,Arbol,El primer evento no fue una colision con un vehiculo automotor en transporte,Not an Intersection,No fue interseccion,Sobre el lado de la calle,Ninguna,Otra,Reportado como desconocido,No,NO APLICA,88,88,88,88,1,28/03/2022,1
42,Pennsylvania,420174,0,0,2,0,27,CENTRE (27),0,NO APLICA,1,Enero,27,2022,16,18,I-80 Z H CONFAIR MEMORIAL HWY,1,Interestatal,Rural,Interestatal,State Highway Agency,1,Sin jurisdiccion especial,1583,40.95499167,-77.75700833,Vehiculo en movimiento,Frente a Detrás,Not an Intersection,No fue interseccion,Sobre calle,Ninguna,Dia total,Despejado,No,NO APLICA,16,18,16,27,1,27/01/2022,2
42,Pennsylvania,420175,0,0,2,0,33,CLEARFIELD (33),0,NO APLICA,1,Enero,7,2022,13,11,SR-879 FRENCHVILLE KARTHAU HWY,3,Highway estatal,Rural,Colector Mayor,State Highway Agency,0,Sin jurisdiccion especial,281,41.10216111,-78.21588611,Vehiculo en movimiento,Frente a Detrás,Not an Intersection,No fue interseccion,Sobre calle,Ninguna,Dia total,Despejado,No,NO APLICA,13,5,15,41,1,07/01/2022,3
42,Pennsylvania,420176,0,0,2,0,81,LYCOMING (81),0,NO APLICA,3,Marzo,3,2022,13,58,SR-2014 THIRD ST,3,Highway estatal,Urbano,Arteria Menor,State Highway Agency,0,Sin jurisdiccion especial,83,41.24663611,-76.94492222,Vehiculo en movimiento,Frente a Detrás,Not an Intersection,No fue interseccion,Sobre calle,Ninguna,Dia total,Despejado,No,NO APLICA,13,53,13,57,1,03/03/2022,2
42,Pennsylvania,420177,0,0,3,0,77,LEHIGH (77),0,NO APLICA,1,Enero,30,2022,13,48,SR-29 CHESTNUT ST,3,Highway estatal,Urbano,Arteria Principal,State Highway Agency,1,Sin jurisdiccion especial,20,40.480975,-75.52605833,Vehiculo en movimiento,Frente a Detrás,Not an Intersection,No fue interseccion,Sobre calle,Ninguna,Dia total,Despejado,No,NO APLICA,99,99,99,99,1,30/01/2022,6
42,Pennsylvania,420178,0,0,3,2,101,PHILADELPHIA (101),6540,PHILADELPHIA,4,Abril,2,2022,13,30,N 54TH ST,6,Calle Local Municipalidad,Urbano,Local,City or Municipal Highway Agency,0,Sin jurisdiccion especial,0,39.98707778,-75.23236944,Vehiculo Aparcado,El primer evento no fue una colision con un vehiculo automotor en transporte,Not an Intersection,No fue interseccion,En estacionamiento,Ninguna,Dia total,Despejado,No,NO APLICA,99,99,99,99,1,02/04/2022,1
42,Pennsylvania,420179,0,0,1,0,1,ADAMS (1),0,NO APLICA,4,Abril,5,2022,16,11,US-30 YORK RD,2,US Highway,Urbano,Arteria Principal,Unknown,1,Sin jurisdiccion especial,184,39.853125,-77.158925,Poste,El primer evento no fue una colision con un vehiculo automotor en transporte,Not an Intersection,No fue interseccion,Sobre el lado de la calle,Ninguna,Dia total,Nublado,No,NO APLICA,16,10,16,18,1,05/04/2022,2
42,Pennsylvania,420180,1,1,1,0,17,BUCKS (17),0,NO APLICA,4,Abril,8,2022,23,17,US-13 BRISTOL PIKE,2,US Highway,Urbano,Arteria Principal,Unknown,1,Sin jurisdiccion especial,91,40.126725,-74.8364,Peaton,El primer evento no fue una colision con un vehiculo automotor en transporte,Not an Intersection,No fue interseccion,Sobre calle,Ninguna,Oscuro sin iluminacion,Despejado,No,NO APLICA,23,17,23,23,1,08/04/2022,3
42,Pennsylvania,420181,1,1,1,0,77,LEHIGH (77),110,ALLENTOWN,2,Febrero,2,2022,12,57,LONG DR,8,Otro,Trafficway Not in State Inventory,Via no en inventario estatal,Trafficway Not in State Inventory,0,Sin jurisdiccion especial,0,40.62251944,-75.45396389,Peaton,El primer evento no fue una colision con un vehiculo automotor en transporte,Not an Intersection,No fue interseccion,Fuera de la calle,Ninguna,Dia total,Despejado,No,NO APLICA,99,99,99,99,1,02/02/2022,1
42,Pennsylvania,420182,1,1,1,0,91,MONTGOMERY (91),0,NO APLICA,1,Enero,3,2022,1,37,SR-3038 COUNTY LINE RD,3,Highway estatal,Urbano,Arteria Principal,State Highway Agency,1,Sin jurisdiccion especial,115,40.18211944,-75.08965,Peaton,El primer evento no fue una colision con un vehiculo automotor en transporte,Not an Intersection,No fue interseccion,Sobre calle,Ninguna,Oscuro sin iluminacion,Despejado,No,NO APLICA,1,37,1,43,1,03/01/2022,1
42,Pennsylvania,420183,0,0,1,0,107,SCHUYLKILL (107),0,NO APLICA,1,Enero,14,2022,23,37,SR-54 LAFAYETTE BLVD,3,Highway estatal,Rural,Colector Mayor,State Highway Agency,0,Sin jurisdiccion especial,248,40.82191389,-75.96136667,Zanja,El primer evento no fue una colision con un vehiculo automotor en transporte,Not an Intersection,No fue interseccion,Sobre el lado de la calle,Ninguna,Oscuro sin iluminacion,Despejado,No,NO APLICA,99,99,99,99,1,14/01/2022,1
42,Pennsylvania,420184,0,0,1,0,115,SUSQUEHANNA (115),0,NO APLICA,1,Enero,31,2022,8,31,SR-374,3,Highway estatal,Rural,Colector Mayor,State Highway Agency,0,Sin jurisdiccion especial,26,41.65327222,-75.67201667,Muro,El primer evento no fue una colision con un vehiculo automotor en transporte,Not an Intersection,No fue interseccion,Fuera de la calle,Ninguna,Dia total,Despejado,No,NO APLICA,8,31,8,39,1,31/01/2022,1
42,Pennsylvania,420185,1,1,1,0,77,LEHIGH (77),110,ALLENTOWN,2,Febrero,15,2022,3,15,17TH ST,6,Calle Local Municipalidad,Urbano,Local,City or Municipal Highway Agency,0,Sin jurisdiccion especial,0,40.60710278,-75.49718056,Peaton,El primer evento no fue una colision con un vehiculo automotor en transporte,Four-Way Intersection,Interseccion de 4 direcciones,Sobre calle,Ninguna,Oscuro con iluminacion,Despejado,No,NO APLICA,99,99,99,99,1,15/02/2022,1
42,Pennsylvania,420186,0,0,2,0,107,SCHUYLKILL (107),0,NO APLICA,2,Febrero,1,2022,5,31,KEYSTONE BLVD,5,Calle Local - Pueblo,Rural,Local,Town or Township Highway Agency,0,Sin jurisdiccion especial,0,40.72939722,-76.29874722,Banqueta,El primer evento no fue una colision con un vehiculo automotor en transporte,Not an Intersection,No fue interseccion,Sobre el lado de la calle,Ninguna,Oscuro sin iluminacion,Despejado,No,NO APLICA,99,99,99,99,1,01/02/2022,2
42,Pennsylvania,420187,0,0,2,0,21,CAMBRIA (21),0,NO APLICA,2,Febrero,11,2022,22,51,US-22 WILLIAM PENN HWY,2,US Highway,Rural,Arteria Principal,Unknown,1,Sin jurisdiccion especial,174,40.46366667,-78.63962778,Vehiculo en movimiento,Frente a Detrás,Not an Intersection,No fue interseccion,Sobre calle,Ninguna,Oscuro sin iluminacion,Despejado,No,NO APLICA,99,99,99,99,1,11/02/2022,2
42,Pennsylvania,420188,0,0,1,0,43,DAUPHIN (43),0,NO APLICA,2,Febrero,5,2022,15,41,SR-3027 KECKLER RD,3,Highway estatal,Urbano,Colector Mayor,State Highway Agency,0,Sin jurisdiccion especial,3,40.24684444,-76.79802222,Poste de Señal de trafico,El primer evento no fue una colision con un vehiculo automotor en transporte,Not an Intersection,No fue interseccion,Sobre el lado de la calle,Ninguna,Dia total,Despejado,No,NO APLICA,99,99,99,99,1,05/02/2022,4
42,Pennsylvania,420189,0,0,1,0,125,WASHINGTON (125),0,NO APLICA,2,Febrero,12,2022,3,9,SR-18 PARK AVE,3,Highway estatal,Rural,Arteria Menor,State Highway Agency,0,Sin jurisdiccion especial,101,40.09626944,-80.28740278,Arbol,El primer evento no fue una colision con un vehiculo automotor en transporte,Not an Intersection,No fue interseccion,Sobre el lado de la calle,Ninguna,Oscuro sin iluminacion,lluvia,No,NO APLICA,88,88,88,88,1,12/02/2022,1
42,Pennsylvania,420190,0,0,1,0,125,WASHINGTON (125),5400,MONONGAHELA,2,Febrero,19,2022,14,23,4TH ST,6,Calle Local Municipalidad,Urbano,Local,City or Municipal Highway Agency,0,Sin jurisdiccion especial,0,40.20349167,-79.92540833,Vehiculo Ferrocarril,El primer evento no fue una colision con un vehiculo automotor en transporte,Not an Intersection,No fue interseccion,Sobre calle,Ninguna,Dia total,Despejado,No,507749V,88,88,88,88,1,19/02/2022,1
42,Pennsylvania,420191,0,0,2,0,7,BEAVER (7),7671,SHIPPINGPORT,2,Febrero,16,2022,21,14,SR-3016 SHIPPINGPORT HILL RD,3,Highway estatal,Urbano,Arteria Menor,State Highway Agency,0,Sin jurisdiccion especial,14,40.62946944,-80.40646111,Vehiculo en movimiento,Frente a frente,Not an Intersection,No fue interseccion,Sobre calle,Ninguna,Oscuro sin iluminacion,Despejado,No,NO APLICA,21,6,21,18,2,16/02/2022,3
42,Pennsylvania,420192,1,1,1,0,115,SUSQUEHANNA (115),0,NO APLICA,3,Marzo,16,2022,18,19,US-11 MAIN ST,2,US Highway,Urbano,Colector Mayor,Unknown,0,Sin jurisdiccion especial,250,41.964825,-75.74140556,Peaton,El primer evento no fue una colision con un vehiculo automotor en transporte,Not an Intersection,No fue interseccion,Sobre calle,Ninguna,Atardecer,Despejado,No,NO APLICA,18,18,18,29,1,16/03/2022,4
42,Pennsylvania,420193,0,0,3,0,27,CENTRE (27),0,NO APLICA,3,Marzo,22,2022,16,30,US-220A ALT 220 RD,2,US Highway,Rural,Arteria Principal,Unknown,1,Sin jurisdiccion especial,67,40.81146389,-78.04143889,Vehiculo en movimiento,Otro,Not an Intersection,No fue interseccion,Sobre calle,Ninguna,Dia total,Despejado,No,NO APLICA,16,29,16,34,2,22/03/2022,4
42,Pennsylvania,420194,0,0,4,0,3,ALLEGHENY (3),6600,PITTSBURGH,3,Marzo,5,2022,19,26,US-19 WEST END BRG,2,US Highway,Urbano,Arterial Principal -Freeway o ExpressWay,Unknown,1,Sin jurisdiccion especial,105,40.44603889,-80.02720833,Vehiculo en movimiento,Frente a Detrás,Not an Intersection,No fue interseccion,Sobre calle,Ninguna,Oscuro con iluminacion,Despejado,No,NO APLICA,19,28,19,29,1,05/03/2022,5
42,Pennsylvania,420195,0,0,2,0,125,WASHINGTON (125),0,NO APLICA,3,Marzo,21,2022,13,57,SR-1009 MORGANZA RD,3,Highway estatal,Urbano,Arteria Menor,State Highway Agency,0,Sin jurisdiccion especial,102,40.29555,-80.15876944,Vehiculo en movimiento,Angulo,Four-Way Intersection,Interseccion de 4 direcciones,Sobre calle,Ninguna,Dia total,Despejado,No,NO APLICA,13,57,14,7,1,21/03/2022,2
42,Pennsylvania,420196,0,0,2,0,3,ALLEGHENY (3),0,NO APLICA,3,Marzo,2,2022,22,50,SR-148 FIFTH AVE,3,Highway estatal,Urbano,Arteria Principal,State Highway Agency,1,Sin jurisdiccion especial,62,40.37749167,-79.81368056,Vehiculo en movimiento,Angulo,T-Intersection,Interseccion de T,Sobre calle,Ninguna,Oscuro con iluminacion,Despejado,No,NO APLICA,22,51,22,55,1,02/03/2022,3
42,Pennsylvania,420197,0,0,2,0,11,BERKS (11),0,NO APLICA,1,Enero,30,2022,2,25,SR-183 BERNVILLE RD,3,Highway estatal,Rural,Arteria Menor,State Highway Agency,0,Sin jurisdiccion especial,105,40.41713333,-76.10076111,Vehiculo en movimiento,Frente a frente,Not an Intersection,No fue interseccion,Sobre calle,Ninguna,Oscuro sin iluminacion,Despejado,No,NO APLICA,99,99,99,99,1,30/01/2022,2
42,Pennsylvania,420198,1,1,1,0,101,PHILADELPHIA (101),6540,PHILADELPHIA,5,Mayo,1,2022,2,21,SR-2009 ARAMINGO AVE,3,Highway estatal,Urbano,Arteria Principal,State Highway Agency,1,Sin jurisdiccion especial,42,40.013725,-75.06849722,Peaton,El primer evento no fue una colision con un vehiculo automotor en transporte,Four-Way Intersection,Interseccion de 4 direcciones,Sobre calle,Ninguna,Oscuro con iluminacion,Despejado,No,NO APLICA,2,22,2,26,1,01/05/2022,1
42,Pennsylvania,420199,0,0,2,1,79,LUZERNE (79),0,NO APLICA,2,Febrero,25,2022,8,22,I-80,1,Interestatal,Urbano,Interestatal,State Highway Agency,1,Sin jurisdiccion especial,2614,41.05015,-75.98161667,Vehiculo Aparcado,El primer evento no fue una colision con un vehiculo automotor en transporte,Not an Intersection,No fue interseccion,Sobre Acotamiento,Ninguna,Dia total,Aguanieve,No,NO APLICA,8,21,8,32,1,25/02/2022,1
42,Pennsylvania,420200,1,1,1,0,21,CAMBRIA (21),0,NO APLICA,5,Mayo,3,2022,8,53,SR-3016 SCALP AV,3,Highway estatal,Urbano,Arteria Principal,State Highway Agency,1,Sin jurisdiccion especial,46,40.28030556,-78.86244722,Peaton,El primer evento no fue una colision con un vehiculo automotor en transporte,Not an Intersection,No fue interseccion,Sobre calle,Ninguna,Dia total,Despejado,No,NO APLICA,99,99,99,99,1,03/05/2022,1
42,Pennsylvania,420201,0,0,2,0,29,CHESTER (29),0,NO APLICA,5,Mayo,3,2022,17,36,I-76 MAINLINE TPKE,1,Interestatal,Rural,Interestatal,State Toll Road,1,Sin jurisdiccion especial,3226,40.07747778,-75.47726111,Vehiculo en movimiento,Frente a Detrás,Not an Intersection,No fue interseccion,Sobre calle,Ninguna,Dia total,Despejado,No,NO APLICA,17,34,17,45,1,03/05/2022,3
42,Pennsylvania,420202,0,0,2,0,129,WESTMORELAND (129),0,NO APLICA,5,Mayo,4,2022,6,58,I-76 MAINLINE TPKE,1,Interestatal,Rural,Interestatal,State Toll Road,1,Sin jurisdiccion especial,610,40.39341389,-79.68925278,Barrera de Trafico de Concreto,El primer evento no fue una colision con un vehiculo automotor en transporte,Not an Intersection,No fue interseccion,Sobre el lado de la calle,Ninguna,Amanecer,lluvia,No,NO APLICA,7,8,7,16,1,04/05/2022,2