Estado,Nombre de Estado,Numero de Caso,Peatones,Personas _no_vehiculos,Vehiculos automotores,Vehiculos estacionados,Condado,Nombre Condado,Ciudad,Nombre Ciudad,Mes,Nombre Mes,Dia,Año,Hora,Minuto,Calle,Ruta,Nombre Ruta,Rural o Urbanoo,Sistema Funcional,Dueño Calle,Sistema Nacional Carreteras,Jurisdiccion Especial,Milla,Latitud,Longitud,Causa del Accidente,Tipo de Accidente,Tipo Interseccion,Columna1,Lugar en la calle,Zona de Trabajo,Luz,Clima,Autobus Escolar,Cruce de Trenes,Hora Notificacion,Minuto Notificacion,Hora Llegada,Minuto Llegada,Decesos,Fecha,PersonaVehiculo
42,Pennsylvania,420203,0,0,2,0,101,PHILADELPHIA (101),6540,PHILADELPHIA,3,Marzo,22,2022,19,34,DIAMOND ST,6,Calle Local Municipalidad,Urbano,Local,City or Municipal Highway Agency,0,Sin jurisdiccion especial,0,39.98664167,-75.17119167,Vehiculo en movimiento,Angulo,T-Intersection,Interseccion de T,Sobre calle,Ninguna,Oscuro sin iluminacion,Despejado,No,NO APLICA,19,34,19,38,1,22/03/2022,2
42,Pennsylvania,420204,0,0,1,0,115,SUSQUEHANNA (115),0,NO APLICA,3,Marzo,15,2022,12,47,SR-1015 RIVER RD,3,Highway estatal,Rural,Colector Mayor,State Highway Agency,0,Sin jurisdiccion especial,24,41.99464444,-75.59911667,Arbol,El primer evento no fue una colision con un vehiculo automotor en transporte,Not an Intersection,No fue interseccion,Sobre el lado de la calle,Ninguna,Dia total,Despejado,No,NO APLICA,12,18,12,26,1,15/03/2022,3
42,Pennsylvania,420205,0,0,1,0,77,LEHIGH (77),110,ALLENTOWN,3,Marzo,5,2022,3,28,MARTIN LUTHER KING JR DR,6,Calle Local Municipalidad,Urbano,Local,City or Municipal Highway Agency,0,Sin jurisdiccion especial,0,40.59493889,-75.48141667,Otro objeto (fijo),El primer evento no fue una colision con un vehiculo automotor en transporte,Not an Intersection,No fue interseccion,Sobre el lado de la calle,Ninguna,Oscuro con iluminacion,Despejado,No,NO APLICA,88,88,88,88,2,05/03/2022,2
42,Pennsylvania,420206,0,0,2,0,3,ALLEGHENY (3),6600,PITTSBURGH,5,Mayo,4,2022,2,22,I-376 PENN LINCOLN PKWY,1,Interestatal,Urbano,Interestatal,State Highway Agency,1,Sin jurisdiccion especial,725,40.43365556,-79.96320556,Vehiculo en movimiento,Frente a Detrás,Not an Intersection,No fue interseccion,Sobre calle,Ninguna,Oscuro con iluminacion,lluvia,No,NO APLICA,99,99,99,99,1,04/05/2022,2
42,Pennsylvania,420207,0,0,2,0,55,FRANKLIN (55),3343,"GREENE, TOWNSHIP",5,Mayo,4,2022,15,44,SR-0997 BLACK GAP RD,3,Highway estatal,Urbano,Colector Mayor,State Highway Agency,0,Sin jurisdiccion especial,144,39.91086111,-77.51829722,Vehiculo en movimiento,Angulo,Not an Intersection,No fue interseccion,Sobre calle,Ninguna,Dia total,Despejado,No,NO APLICA,15,43,15,48,1,04/05/2022,2
42,Pennsylvania,420208,0,0,1,0,3,ALLEGHENY (3),0,NO APLICA,5,Mayo,6,2022,2,8,SR-0060 STEUBENVILLE PK,3,Highway estatal,Urbano,Arteria Principal,State Highway Agency,1,Sin jurisdiccion especial,53,40.44528889,-80.09971389,Valla Ferrocarril,El primer evento no fue una colision con un vehiculo automotor en transporte,Not an Intersection,No fue interseccion,Sobre el lado de la calle,Ninguna,Oscuro con iluminacion,lluvia,No,NO APLICA,2,10,2,21,1,06/05/2022,1
42,Pennsylvania,420209,0,0,1,0,3,ALLEGHENY (3),2140,DUQUESNE,4,Abril,17,2022,10,53,SR-837 DUQUESNE BLVD,3,Highway estatal,Urbano,Arteria Principal,State Highway Agency,1,Sin jurisdiccion especial,117,40.37764167,-79.85134167,Barrera de Trafico de Concreto,El primer evento no fue una colision con un vehiculo automotor en transporte,Not an Intersection,No fue interseccion,Sobre el lado de la calle,Ninguna,Dia total,Despejado,No,NO APLICA,99,99,99,99,1,17/04/2022,1
42,Pennsylvania,420210,0,0,1,0,133,YORK (133),0,NO APLICA,4,Abril,15,2022,19,9,SR-177 WYNDAMERE RD,3,Highway estatal,Urbano,Colector Mayor,State Highway Agency,0,Sin jurisdiccion especial,83,40.15683056,-76.839,Banqueta,El primer evento no fue una colision con un vehiculo automotor en transporte,T-Intersection,Interseccion de T,Sobre el lado de la calle,Ninguna,Dia total,Despejado,No,NO APLICA,19,12,19,18,1,15/04/2022,2
42,Pennsylvania,420211,0,0,2,1,3,ALLEGHENY (3),408,BALDWIN,4,Abril,3,2022,10,1,CR-BECKS RUN RD,4,Calle del Condado,Urbano,Local,County Highway Agency,0,Sin jurisdiccion especial,0,40.40890833,-79.964175,Poste,El primer evento no fue una colision con un vehiculo automotor en transporte,Not an Intersection,No fue interseccion,Sobre el lado de la calle,Ninguna,Dia total,Despejado,No,NO APLICA,10,4,10,11,1,03/04/2022,2
42,Pennsylvania,420212,0,0,2,0,91,MONTGOMERY (91),0,NO APLICA,4,Abril,3,2022,16,36,SR-663 LAYFIELD RD,3,Highway estatal,Urbano,Arteria Principal,State Highway Agency,1,Sin jurisdiccion especial,127,40.38573056,-75.50780833,Vehiculo en movimiento,Golpe Lateral - direccion contraria,Not an Intersection,No fue interseccion,Sobre calle,Ninguna,Dia total,Despejado,No,NO APLICA,16,35,16,37,1,03/04/2022,2
42,Pennsylvania,420213,1,1,2,0,101,PHILADELPHIA (101),6540,PHILADELPHIA,2,Febrero,27,2022,1,53,SR-232 OXFORD AVE,3,Highway estatal,Urbano,Arteria Principal,State Highway Agency,1,Sin jurisdiccion especial,15,40.05196944,-75.086525,Peaton,El primer evento no fue una colision con un vehiculo automotor en transporte,Not an Intersection,No fue interseccion,Sobre calle,Ninguna,Oscuro con iluminacion,Despejado,No,NO APLICA,1,53,2,2,1,27/02/2022,2
42,Pennsylvania,420214,0,0,2,0,89,MONROE (89),0,NO APLICA,3,Marzo,19,2022,18,52,SR-611,3,Highway estatal,Urbano,Arteria Menor,State Highway Agency,0,Sin jurisdiccion especial,245,41.17217222,-75.408875,Vehiculo en movimiento,Angulo,T-Intersection,Interseccion de T,Sobre calle,Ninguna,Atardecer,lluvia,No,NO APLICA,99,99,99,99,2,19/03/2022,5
42,Pennsylvania,420215,0,0,2,0,19,BUTLER (19),0,NO APLICA,4,Abril,5,2022,6,8,SR-8 WILLIAM FLYNN HWY,3,Highway estatal,Rural,Arteria Principal,State Highway Agency,1,Sin jurisdiccion especial,309,41.07445,-80.00220556,Vehiculo en movimiento,Angulo,Four-Way Intersection,Interseccion de 4 direcciones,Sobre calle,Ninguna,Dia total,Despejado,No,NO APLICA,6,6,6,19,1,05/04/2022,2
42,Pennsylvania,420216,0,0,1,0,29,CHESTER (29),0,NO APLICA,4,Abril,21,2022,19,14,BUCKTOE RD,5,Calle Local - Pueblo,Rural,Local,Town or Township Highway Agency,0,Sin jurisdiccion especial,0,39.81497222,-75.72200556,Barda,El primer evento no fue una colision con un vehiculo automotor en transporte,Not an Intersection,No fue interseccion,Sobre el lado de la calle,Ninguna,Dia total,Despejado,No,NO APLICA,19,13,19,23,1,21/04/2022,1
42,Pennsylvania,420217,0,0,1,0,129,WESTMORELAND (129),0,NO APLICA,4,Abril,22,2022,16,1,SR-780 SEVENTH ST,3,Highway estatal,Urbano,Colector Mayor,State Highway Agency,0,Sin jurisdiccion especial,57,40.55049444,-79.66771389,Acotamiento,El primer evento no fue una colision con un vehiculo automotor en transporte,Not an Intersection,No fue interseccion,Sobre el lado de la calle,Ninguna,Dia total,Despejado,No,NO APLICA,16,0,16,10,1,22/04/2022,1
42,Pennsylvania,420218,0,0,1,0,125,WASHINGTON (125),0,NO APLICA,4,Abril,8,2022,16,26,SR-2034 SUNSET DR,3,Highway estatal,Rural,Colector Menor,State Highway Agency,0,Sin jurisdiccion especial,8,40.07033056,-80.00621389,Acotamiento,El primer evento no fue una colision con un vehiculo automotor en transporte,Not an Intersection,No fue interseccion,Sobre el lado de la calle,Ninguna,Dia total,Despejado,No,NO APLICA,16,25,16,37,1,08/04/2022,3
42,Pennsylvania,420219,0,0,1,0,109,SNYDER (109),0,NO APLICA,4,Abril,17,2022,7,3,TROUP VALLEY HILL RD,5,Calle Local - Pueblo,Rural,Local,Town or Township Highway Agency,0,Sin jurisdiccion especial,0,40.69988333,-76.95640278,Acotamiento,El primer evento no fue una colision con un vehiculo automotor en transporte,Not an Intersection,No fue interseccion,Sobre el lado de la calle,Ninguna,Dia total,Nublado,No,NO APLICA,7,2,7,8,1,17/04/2022,1
42,Pennsylvania,420220,0,0,1,0,103,PIKE (103),0,NO APLICA,4,Abril,23,2022,16,13,SUGAR MOUNTAIN RD,5,Calle Local - Pueblo,Rural,Local,Town or Township Highway Agency,0,Sin jurisdiccion especial,0,41.09249167,-75.03398611,Zanja,El primer evento no fue una colision con un vehiculo automotor en transporte,Not an Intersection,No fue interseccion,Sobre el lado de la calle,Ninguna,Dia total,Nublado,No,NO APLICA,16,5,16,23,2,23/04/2022,2
42,Pennsylvania,420221,0,0,2,0,119,UNION (119),0,NO APLICA,4,Abril,7,2022,11,45,US-15 MARINE CORPS LEAG ME HWY,2,US Highway,Urbano,Arteria Principal,Unknown,1,Sin jurisdiccion especial,43,40.94108333,-76.87837778,Vehiculo en movimiento,Angulo,Four-Way Intersection,Interseccion de 4 direcciones,Sobre calle,Ninguna,Dia total,lluvia,No,NO APLICA,11,49,11,56,1,07/04/2022,2
42,Pennsylvania,420222,0,0,2,0,77,LEHIGH (77),0,NO APLICA,4,Abril,12,2022,11,0,SR-2007 TWENTYFOURTH ST,3,Highway estatal,Urbano,Arteria Menor,State Highway Agency,0,Sin jurisdiccion especial,15,40.57581667,-75.50170833,Vehiculo en movimiento,Frente a frente,Not an Intersection,No fue interseccion,Sobre calle,Ninguna,Dia total,Despejado,No,NO APLICA,99,99,99,99,1,12/04/2022,2
42,Pennsylvania,420223,0,0,2,0,27,CENTRE (27),0,NO APLICA,4,Abril,19,2022,16,32,SR-64 NITTANY VALLEY DR,3,Highway estatal,Urbano,Arteria Menor,State Highway Agency,0,Sin jurisdiccion especial,41,40.92411944,-77.66830833,Vehiculo en movimiento,Angulo,Not an Intersection,No fue interseccion,Sobre calle,Ninguna,Dia total,No reportado,No,NO APLICA,16,31,16,39,1,19/04/2022,3
42,Pennsylvania,420224,0,0,1,0,19,BUTLER (19),0,NO APLICA,4,Abril,29,2022,7,15,SR-8 PITTSBURGH RD,3,Highway estatal,Urbano,Arteria Principal,State Highway Agency,1,Sin jurisdiccion especial,119,40.83986111,-79.91833889,Poste,El primer evento no fue una colision con un vehiculo automotor en transporte,Not an Intersection,No fue interseccion,Sobre el lado de la calle,Ninguna,Dia total,Despejado,No,NO APLICA,7,17,7,24,1,29/04/2022,1
42,Pennsylvania,420225,0,0,1,0,77,LEHIGH (77),110,ALLENTOWN,4,Abril,19,2022,1,35,I-78,1,Interestatal,Urbano,Interestatal,State Highway Agency,1,Sin jurisdiccion especial,577,40.56419722,-75.48208333,Barrera de Trafico de Concreto,El primer evento no fue una colision con un vehiculo automotor en transporte,Not an Intersection,No fue interseccion,En el medio,Ninguna,Oscuro con iluminacion,lluvia,No,NO APLICA,99,99,99,99,1,19/04/2022,2
42,Pennsylvania,420226,0,0,2,0,49,ERIE (49),0,NO APLICA,4,Abril,20,2022,20,36,I-79 RAYMOND P SHAFER HWY,1,Interestatal,Urbano,Interestatal,State Highway Agency,1,Sin jurisdiccion especial,1807,42.07658056,-80.11044167,Vehiculo en movimiento,Frente a Detrás,Not an Intersection,No fue interseccion,Sobre calle,Ninguna,Oscuro sin iluminacion,Despejado,No,NO APLICA,99,99,99,99,1,20/04/2022,2
42,Pennsylvania,420227,1,1,2,0,27,CENTRE (27),0,NO APLICA,4,Abril,2,2022,5,48,I-80 Z H CONFAIR MEMORIAL HWY,1,Interestatal,Rural,Interestatal,State Highway Agency,1,Sin jurisdiccion especial,1507,41.00934167,-77.87295278,Vehiculo en movimiento,Otro,Not an Intersection,No fue interseccion,Sobre calle,Ninguna,Oscuro sin iluminacion,Despejado,No,NO APLICA,5,47,6,5,1,02/04/2022,1
42,Pennsylvania,420228,1,1,2,0,101,PHILADELPHIA (101),6540,PHILADELPHIA,4,Abril,2,2022,11,45,US-13 FRANKFORD AVE,2,US Highway,Urbano,Arteria Principal,Unknown,1,Sin jurisdiccion especial,89,40.029075,-75.05662222,Vehiculo en movimiento,Angulo,T-Intersection,Interseccion de T,Sobre calle,Ninguna,Dia total,Despejado,No,NO APLICA,11,46,11,51,2,02/04/2022,2
42,Pennsylvania,420229,0,0,1,0,21,CAMBRIA (21),0,NO APLICA,4,Abril,20,2022,21,22,CARNEYS CROSSING RD,5,Calle Local - Pueblo,Rural,Local,Town or Township Highway Agency,0,Sin jurisdiccion especial,0,40.43618611,-78.61843611,Vehiculo Ferrocarril,El primer evento no fue una colision con un vehiculo automotor en transporte,Not an Intersection,No fue interseccion,Sobre calle,Ninguna,Oscuro sin iluminacion,Despejado,No,529248C,99,99,99,99,1,20/04/2022,1
42,Pennsylvania,420230,0,0,1,0,91,MONTGOMERY (91),0,NO APLICA,4,Abril,22,2022,17,21,US-422 POTTSTOWN BYP,2,US Highway,Urbano,Arterial Principal -Freeway o ExpressWay,Unknown,1,Sin jurisdiccion especial,15,40.23254167,-75.62144722,Volcadura,El primer evento no fue una colision con un vehiculo automotor en transporte,Not an Intersection,No fue interseccion,Sobre calle,Ninguna,Dia total,Despejado,No,NO APLICA,17,21,17,23,1,22/04/2022,1
42,Pennsylvania,420231,0,0,2,0,27,CENTRE (27),0,NO APLICA,4,Abril,27,2022,15,0,SR-64 NITTANY VALLEY DR,3,Highway estatal,Rural,Arteria Menor,State Highway Agency,0,Sin jurisdiccion especial,77,40.95796389,-77.61622222,Vehiculo en movimiento,Frente a frente,Not an Intersection,No fue interseccion,Sobre calle,Ninguna,Dia total,Nublado,No,NO APLICA,14,59,15,12,2,27/04/2022,3
42,Pennsylvania,420232,0,0,2,0,77,LEHIGH (77),660,BETHLEHEM,1,Enero,13,2022,16,21,SR-1011 EIGHTH AVE,3,Highway estatal,Urbano,Arteria Menor,State Highway Agency,0,Sin jurisdiccion especial,2,40.63048889,-75.39506389,Vehiculo en movimiento,Frente a Detrás,Not an Intersection,No fue interseccion,Sobre calle,Ninguna,Dia total,Despejado,No,NO APLICA,99,99,99,99,1,13/01/2022,3
42,Pennsylvania,420233,1,1,1,0,11,BERKS (11),800,BOYERTOWN,1,Enero,21,2022,16,58,WARWICK ST,6,Calle Local Municipalidad,Urbano,Local,City or Municipal Highway Agency,0,Sin jurisdiccion especial,0,40.33106667,-75.64027222,Ciclista,El primer evento no fue una colision con un vehiculo automotor en transporte,Four-Way Intersection,Interseccion de 4 direcciones,Sobre calle,Ninguna,Dia total,Despejado,No,NO APLICA,99,99,99,99,1,21/01/2022,1
42,Pennsylvania,420234,0,0,1,0,17,BUCKS (17),0,NO APLICA,2,Febrero,21,2022,9,31,LOWER HOLLAND RD,5,Calle Local - Pueblo,Urbano,Local,Town or Township Highway Agency,0,Sin jurisdiccion especial,0,40.1988,-75.00320556,Banqueta,El primer evento no fue una colision con un vehiculo automotor en transporte,Not an Intersection,No fue interseccion,Sobre el lado de la calle,Ninguna,Dia total,Despejado,No,NO APLICA,9,34,9,39,1,21/02/2022,2
42,Pennsylvania,420235,0,0,2,0,97,NORTHUMBERLAND (97),0,NO APLICA,4,Abril,25,2022,9,21,SR-61 STATE ST,3,Highway estatal,Urbano,Arteria Principal,State Highway Agency,1,Sin jurisdiccion especial,239,40.85885556,-76.76738611,Vehiculo en movimiento,Angulo,T-Intersection,Interseccion de T,Sobre calle,Ninguna,Dia total,Nublado,No,NO APLICA,9,12,9,20,1,25/04/2022,3
42,Pennsylvania,420236,1,1,1,0,101,PHILADELPHIA (101),6540,PHILADELPHIA,4,Abril,30,2022,2,53,SR-291 BROAD ST,3,Highway estatal,Urbano,Arteria Principal,State Highway Agency,1,Sin jurisdiccion especial,83,39.94819167,-75.16461111,Peaton,El primer evento no fue una colision con un vehiculo automotor en transporte,Four-Way Intersection,Interseccion de 4 direcciones,Sobre calle,Ninguna,Oscuro con iluminacion,Despejado,No,NO APLICA,2,23,2,26,1,30/04/2022,1
42,Pennsylvania,420237,0,0,2,0,75,LEBANON (75),0,NO APLICA,4,Abril,14,2022,12,39,W WASHINGTON AVE,6,Calle Local Municipalidad,Rural,Local,Town or Township Highway Agency,0,Sin jurisdiccion especial,0,40.373625,-76.32058056,Vehiculo en movimiento,Angulo,Not an Intersection,No fue interseccion,Sobre Acotamiento,Ninguna,Dia total,Despejado,No,NO APLICA,12,36,12,44,1,14/04/2022,3
42,Pennsylvania,420238,1,1,1,0,3,ALLEGHENY (3),0,NO APLICA,4,Abril,6,2022,20,7,SR-4003 MCKNIGHT RD,3,Highway estatal,Urbano,Arteria Principal,State Highway Agency,1,Sin jurisdiccion especial,15,40.50565278,-80.00835,Peaton,El primer evento no fue una colision con un vehiculo automotor en transporte,Not an Intersection,No fue interseccion,Sobre calle,Ninguna,Oscuro sin iluminacion,lluvia,No,NO APLICA,20,7,20,14,1,06/04/2022,1
42,Pennsylvania,420239,1,1,2,0,101,PHILADELPHIA (101),6540,PHILADELPHIA,4,Abril,7,2022,20,44,BROAD ST,6,Calle Local Municipalidad,Urbano,Local,City or Municipal Highway Agency,0,Sin jurisdiccion especial,0,40.05663333,-75.14088611,Peaton,El primer evento no fue una colision con un vehiculo automotor en transporte,Four-Way Intersection,Interseccion de 4 direcciones,Sobre calle,Ninguna,Oscuro con iluminacion,lluvia,No,NO APLICA,20,45,20,55,1,07/04/2022,4
42,Pennsylvania,420240,0,0,1,0,115,SUSQUEHANNA (115),0,NO APLICA,3,Marzo,19,2022,13,36,SR-2055 WICKIZER RD,3,Highway estatal,Rural,Local,State Highway Agency,0,Sin jurisdiccion especial,2,41.75946944,-75.75398056,Alguien se cayo/avento del vehiculo,El primer evento no fue una colision con un vehiculo automotor en transporte,Not an Intersection,No fue interseccion,Sobre calle,Ninguna,Dia total,Despejado,No,NO APLICA,13,38,13,59,1,19/03/2022,2
42,Pennsylvania,420241,0,0,2,0,101,PHILADELPHIA (101),6540,PHILADELPHIA,4,Abril,10,2022,5,51,I-95 DELAWARE EXPY,1,Interestatal,Urbano,Interestatal,State Highway Agency,1,Sin jurisdiccion especial,153,39.89094722,-75.19948889,Vehiculo en movimiento,Frente a Detrás,Not an Intersection,No fue interseccion,Sobre calle,Ninguna,Oscuro sin iluminacion,Despejado,No,NO APLICA,6,14,6,26,1,10/04/2022,3
42,Pennsylvania,420242,0,0,2,0,101,PHILADELPHIA (101),6540,PHILADELPHIA,4,Abril,8,2022,0,8,I-95 DELAWARE EXPY,1,Interestatal,Urbano,Interestatal,State Highway Agency,1,Sin jurisdiccion especial,167,39.89930556,-75.17653889,Final Destination ( Vehiculo es golpeado por carga o otro objeto puesto en movimiento por otro vehiculo en movimiento),Otro,Not an Intersection,No fue interseccion,Sobre calle,Ninguna,Oscuro con iluminacion,Despejado,No,NO APLICA,0,18,0,22,1,08/04/2022,2
42,Pennsylvania,420243,0,0,1,0,115,SUSQUEHANNA (115),0,NO APLICA,5,Mayo,6,2022,3,0,HELENS RD,5,Calle Local - Pueblo,Rural,Local,Town or Township Highway Agency,0,Sin jurisdiccion especial,0,41.74260833,-75.58073611,Volcadura,El primer evento no fue una colision con un vehiculo automotor en transporte,Not an Intersection,No fue interseccion,Sobre calle,Ninguna,Oscuro sin iluminacion,Despejado,No,NO APLICA,4,57,5,21,1,06/05/2022,1
42,Pennsylvania,420244,0,0,1,0,51,FAYETTE (51),0,NO APLICA,5,Mayo,12,2022,3,54,STONE CHURCH RD,5,Calle Local - Pueblo,Rural,Local,Town or Township Highway Agency,0,Sin jurisdiccion especial,0,39.97298889,-79.87725278,Muro,El primer evento no fue una colision con un vehiculo automotor en transporte,Four-Way Intersection,Interseccion de 4 direcciones,Sobre el lado de la calle,Ninguna,Oscuro sin iluminacion,Despejado,No,NO APLICA,3,55,4,1,1,12/05/2022,1
42,Pennsylvania,420245,0,0,1,0,71,LANCASTER (71),5610,MOUNTVILLE,5,Mayo,13,2022,0,15,SR-3017,3,Highway estatal,Urbano,Colector Mayor,State Highway Agency,0,Sin jurisdiccion especial,149,40.04236111,-76.42555,Poste,El primer evento no fue una colision con un vehiculo automotor en transporte,Not an Intersection,No fue interseccion,Sobre el lado de la calle,Ninguna,Oscuro con iluminacion,Despejado,No,NO APLICA,0,18,0,24,1,13/05/2022,1
42,Pennsylvania,420246,0,0,2,0,133,YORK (133),0,NO APLICA,5,Mayo,5,2022,16,22,SR-74 DELTA DR,3,Highway estatal,Urbano,Arteria Menor,State Highway Agency,0,Sin jurisdiccion especial,182,39.88309722,-76.5403,Vehiculo en movimiento,Angulo,Four-Way Intersection,Interseccion de 4 direcciones,Sobre calle,Ninguna,Dia total,Despejado,No,NO APLICA,16,22,16,32,1,05/05/2022,2
42,Pennsylvania,420247,0,0,2,0,3,ALLEGHENY (3),0,NO APLICA,5,Mayo,18,2022,7,35,SR-2058 MILLTOWN RD,3,Highway estatal,Urbano,Arteria Menor,State Highway Agency,0,Sin jurisdiccion especial,72,40.49828056,-79.78984167,Vehiculo en movimiento,Angulo,Not an Intersection,No fue interseccion,Sobre calle,Ninguna,Dia total,Despejado,No,NO APLICA,7,38,7,48,1,18/05/2022,2
42,Pennsylvania,420248,0,0,2,0,13,BLAIR (13),0,NO APLICA,5,Mayo,7,2022,12,51,SR-1008 HILEMAN RD,3,Highway estatal,Rural,Local,State Highway Agency,0,Sin jurisdiccion especial,58,40.61905833,-78.229225,Vehiculo en movimiento,Angulo,Four-Way Intersection,Interseccion de 4 direcciones,Sobre calle,Ninguna,Dia total,lluvia,No,NO APLICA,99,99,99,99,1,07/05/2022,3
42,Pennsylvania,420249,1,1,1,0,101,PHILADELPHIA (101),6540,PHILADELPHIA,5,Mayo,15,2022,22,30,SR-2016 ALLEGHENY AVE,3,Highway estatal,Urbano,Arteria Menor,State Highway Agency,0,Sin jurisdiccion especial,33,39.99854722,-75.12902222,No vehiculo o remolque,El primer evento no fue una colision con un vehiculo automotor en transporte,Not an Intersection,No fue interseccion,Sobre calle,Ninguna,Oscuro con iluminacion,Despejado,No,NO APLICA,22,33,22,37,1,15/05/2022,1
42,Pennsylvania,420250,0,0,2,0,79,LUZERNE (79),0,NO APLICA,5,Mayo,6,2022,14,44,SR-924 CAN DO EXPY,3,Highway estatal,Urbano,Arteria Principal,State Highway Agency,1,Sin jurisdiccion especial,31,40.93785833,-76.03991944,Vehiculo en movimiento,Angulo,Not an Intersection,No fue interseccion,Sobre calle,Ninguna,Dia total,lluvia,No,NO APLICA,14,46,14,53,1,06/05/2022,3
42,Pennsylvania,420251,0,0,2,0,81,LYCOMING (81),0,NO APLICA,5,Mayo,11,2022,12,44,SR-1017 LYCOMING CREEK RD,3,Highway estatal,Urbano,Arteria Menor,State Highway Agency,0,Sin jurisdiccion especial,6,41.26029444,-77.04389444,Vehiculo en movimiento,Angulo,T-Intersection,Interseccion de T,Sobre calle,Ninguna,Dia total,Despejado,No,NO APLICA,12,44,12,49,1,11/05/2022,2
42,Pennsylvania,420252,0,0,1,0,115,SUSQUEHANNA (115),0,NO APLICA,5,Mayo,13,2022,20,43,SR-547 SEN ED JONES HWY,3,Highway estatal,Rural,Colector Menor,State Highway Agency,0,Sin jurisdiccion especial,109,41.84935556,-75.63315278,Otra no colicion,El primer evento no fue una colision con un vehiculo automotor en transporte,Four-Way Intersection,Interseccion de 4 direcciones,Sobre calle,Ninguna,Oscuro sin iluminacion,Despejado,No,NO APLICA,20,43,20,57,1,13/05/2022,1
42,Pennsylvania,420253,0,0,1,0,17,BUCKS (17),0,NO APLICA,5,Mayo,15,2022,17,52,SR-2036 SWAMP RD,3,Highway estatal,Urbano,Arteria Menor,State Highway Agency,0,Sin jurisdiccion especial,22,40.25403889,-74.99682778,Poste,El primer evento no fue una colision con un vehiculo automotor en transporte,Not an Intersection,No fue interseccion,Sobre el lado de la calle,Ninguna,Dia total,Despejado,No,NO APLICA,17,53,18,8,1,15/05/2022,1
42,Pennsylvania,420254,0,0,2,0,53,FOREST (53),0,NO APLICA,5,Mayo,11,2022,12,40,SR-66,3,Highway estatal,Rural,Arteria Menor,State Highway Agency,0,Sin jurisdiccion especial,90,41.50448333,-79.07659444,Vehiculo en movimiento,Frente a frente,Not an Intersection,No fue interseccion,Sobre calle,Ninguna,Dia total,Despejado,No,NO APLICA,99,99,99,99,1,11/05/2022,3
42,Pennsylvania,420255,0,0,2,0,3,ALLEGHENY (3),0,NO APLICA,5,Mayo,13,2022,12,47,SR-3089 FLAUGHERTY RUN RD,3,Highway estatal,Urbano,Arteria Menor,State Highway Agency,0,Sin jurisdiccion especial,56,40.52455833,-80.26114167,Vehiculo en movimiento,Frente a frente,Not an Intersection,No fue interseccion,Sobre calle,Ninguna,Dia total,Despejado,No,NO APLICA,12,46,12,54,1,13/05/2022,2
42,Pennsylvania,420256,0,0,2,0,115,SUSQUEHANNA (115),0,NO APLICA,5,Mayo,16,2022,8,23,SR-706,3,Highway estatal,Rural,Arteria Menor,State Highway Agency,0,Sin jurisdiccion especial,23,41.78476389,-76.08804444,Volcadura,El primer evento no fue una colision con un vehiculo automotor en transporte,Not an Intersection,No fue interseccion,Sobre calle,Ninguna,Dia total,Despejado,No,NO APLICA,8,19,8,39,1,16/05/2022,2
42,Pennsylvania,420257,0,0,2,0,27,CENTRE (27),0,NO APLICA,4,Abril,22,2022,15,44,SR-64 NITTANY VALLEY DR,3,Highway estatal,Rural,Arteria Menor,State Highway Agency,0,Sin jurisdiccion especial,87,40.96803056,-77.60211944,Vehiculo en movimiento,Frente a Detrás,T-Intersection,Interseccion de T,Sobre calle,Ninguna,Dia total,Despejado,No,NO APLICA,15,44,15,58,1,22/04/2022,2
42,Pennsylvania,420258,1,1,1,0,91,MONTGOMERY (91),0,NO APLICA,5,Mayo,6,2022,20,45,SR-309 BETHLEHEM PIKE,3,Highway estatal,Urbano,Arteria Principal,State Highway Agency,1,Sin jurisdiccion especial,179,40.28064722,-75.26181667,Peaton,El primer evento no fue una colision con un vehiculo automotor en transporte,Not an Intersection,No fue interseccion,Sobre calle,Ninguna,Oscuro sin iluminacion,lluvia,No,NO APLICA,20,50,20,56,1,06/05/2022,1
42,Pennsylvania,420259,0,0,3,1,101,PHILADELPHIA (101),6540,PHILADELPHIA,4,Abril,15,2022,15,11,W CUMBERLAND ST,5,Calle Local - Pueblo,Urbano,Local,City or Municipal Highway Agency,0,Sin jurisdiccion especial,0,39.98781667,-75.13158056,Vehiculo en movimiento,Angulo,Four-Way Intersection,Interseccion de 4 direcciones,Sobre calle,Ninguna,Dia total,Despejado,No,NO APLICA,15,26,15,29,1,15/04/2022,2
42,Pennsylvania,420260,0,0,3,0,3,ALLEGHENY (3),9320,WHITE OAK,4,Abril,22,2022,12,40,SR-48 JACKS RUN RD,3,Highway estatal,Urbano,Arteria Principal,State Highway Agency,1,Sin jurisdiccion especial,119,40.35251389,-79.78924444,Vehiculo en movimiento,Golpe Lateral - direccion contraria,Not an Intersection,No fue interseccion,Sobre calle,Ninguna,Dia total,Despejado,No,NO APLICA,12,43,12,49,1,22/04/2022,3
42,Pennsylvania,420261,0,0,2,0,45,DELAWARE (45),1270,CHESTER,5,Mayo,6,2022,7,15,US-13 SECOND ST,2,US Highway,Urbano,Arteria Principal,Unknown,1,Sin jurisdiccion especial,34,39.83461667,-75.38262222,Vehiculo en movimiento,Angulo,Four-Way Intersection,Interseccion de 4 direcciones,Sobre calle,Ninguna,Dia total,lluvia,No,NO APLICA,7,19,7,22,1,06/05/2022,4
42,Pennsylvania,420262,0,0,1,0,3,ALLEGHENY (3),6600,PITTSBURGH,5,Mayo,13,2022,0,40,SR-8041 RAMP D RD,3,Highway estatal,Urbano,Interestatal,State Highway Agency,1,Sin jurisdiccion especial,1,40.44274167,-80.00905278,Muro,El primer evento no fue una colision con un vehiculo automotor en transporte,Not an Intersection,No fue interseccion,Sobre el lado de la calle,Ninguna,Oscuro con iluminacion,Nublado,No,NO APLICA,0,41,0,50,1,13/05/2022,2
42,Pennsylvania,420263,1,1,1,0,45,DELAWARE (45),2400,EDDYSTONE,3,Marzo,7,2022,3,17,SR-291 INDUSTRIAL HWY,3,Highway estatal,Urbano,Arteria Menor,State Highway Agency,1,Sin jurisdiccion especial,17,39.86295,-75.32516389,Volcadura,El primer evento no fue una colision con un vehiculo automotor en transporte,Not an Intersection,No fue interseccion,Sobre calle,Ninguna,Oscuro con iluminacion,Despejado,No,NO APLICA,3,18,3,23,1,07/03/2022,2