Estado,Nombre de Estado,Numero de Caso,Peatones,Personas _no_vehiculos,Vehiculos automotores,Vehiculos estacionados,Condado,Nombre Condado,Ciudad,Nombre Ciudad,Mes,Nombre Mes,Dia,Año,Hora,Minuto,Calle,Ruta,Nombre Ruta,Rural o Urbanoo,Sistema Funcional,Dueño Calle,Sistema Nacional Carreteras,Jurisdiccion Especial,Milla,Latitud,Longitud,Causa del Accidente,Tipo de Accidente,Tipo Interseccion,Columna1,Lugar en la calle,Zona de Trabajo,Luz,Clima,Autobus Escolar,Cruce de Trenes,Hora Notificacion,Minuto Notificacion,Hora Llegada,Minuto Llegada,Decesos,Fecha,PersonaVehiculo
42,Pennsylvania,420264,0,0,2,0,13,BLAIR (13),0,NO APLICA,3,Marzo,23,2022,12,42,SR-4010 SEVENTEENTH ST,3,Highway estatal,Urbano,Arteria Principal,State Highway Agency,1,Sin jurisdiccion especial,17,40.49496667,-78.38487778,Vehiculo en movimiento,Frente a frente,Not an Intersection,No fue interseccion,Sobre calle,Ninguna,Dia total,lluvia,No,NO APLICA,99,99,99,99,1,23/03/2022,2
42,Pennsylvania,420265,0,0,2,0,91,MONTGOMERY (91),0,NO APLICA,5,Mayo,17,2022,19,56,SR-4014 MAIN ST,3,Highway estatal,Urbano,Arteria Principal,State Highway Agency,0,Sin jurisdiccion especial,2,40.19408056,-75.52633889,Vehiculo en movimiento,Angulo,Not an Intersection,No fue interseccion,Sobre calle,Ninguna,Dia total,Despejado,No,NO APLICA,20,3,20,15,1,17/05/2022,3
42,Pennsylvania,420266,0,0,1,0,25,CARBON (25),0,NO APLICA,5,Mayo,11,2022,17,16,PINEY WOODS DR,5,Calle Local - Pueblo,Rural,Local,Town or Township Highway Agency,0,Sin jurisdiccion especial,0,40.91577778,-75.67131667,Arbol,El primer evento no fue una colision con un vehiculo automotor en transporte,Not an Intersection,No fue interseccion,Sobre el lado de la calle,Ninguna,Dia total,Despejado,No,NO APLICA,99,99,99,99,1,11/05/2022,2
42,Pennsylvania,420267,0,0,2,0,101,PHILADELPHIA (101),6540,PHILADELPHIA,5,Mayo,19,2022,21,1,SR-1007 STATE RD,3,Highway estatal,Urbano,Arteria Menor,State Highway Agency,0,Sin jurisdiccion especial,28,40.02995556,-75.02409444,Vehiculo en movimiento,Frente a Detrás,Not an Intersection,No fue interseccion,Sobre calle,Ninguna,Oscuro con iluminacion,Despejado,No,NO APLICA,21,1,21,8,1,19/05/2022,2
42,Pennsylvania,420268,0,0,1,0,127,WAYNE (127),0,NO APLICA,5,Mayo,21,2022,15,30,SR-590 PURDYTOWN TPKE,3,Highway estatal,Rural,Arteria Menor,State Highway Agency,0,Sin jurisdiccion especial,99,41.42832778,-75.28485556,Arbol,El primer evento no fue una colision con un vehiculo automotor en transporte,Not an Intersection,No fue interseccion,Sobre el lado de la calle,Ninguna,Dia total,Despejado,No,NO APLICA,88,88,88,88,1,21/05/2022,1
42,Pennsylvania,420269,1,1,1,0,45,DELAWARE (45),3250,GLENOLDEN,5,Mayo,19,2022,18,24,SR-2006 MACDADE BLVD,3,Highway estatal,Urbano,Arteria Principal,State Highway Agency,1,Sin jurisdiccion especial,55,39.90325833,-75.29617778,Peaton,El primer evento no fue una colision con un vehiculo automotor en transporte,T-Intersection,Interseccion de T,Sobre calle,Ninguna,Dia total,Despejado,No,NO APLICA,18,23,18,31,1,19/05/2022,1
42,Pennsylvania,420270,1,1,1,0,101,PHILADELPHIA (101),6540,PHILADELPHIA,5,Mayo,12,2022,17,1,PASCHALL AVE,6,Calle Local Municipalidad,Urbano,Local,City or Municipal Highway Agency,0,Sin jurisdiccion especial,0,39.91899722,-75.24100556,Ciclista,El primer evento no fue una colision con un vehiculo automotor en transporte,Not an Intersection,No fue interseccion,Sobre calle,Ninguna,Dia total,Despejado,No,NO APLICA,17,2,17,9,1,12/05/2022,1
42,Pennsylvania,420271,0,0,2,0,17,BUCKS (17),0,NO APLICA,5,Mayo,21,2022,10,20,US-13 BRISTOL PIKE,2,US Highway,Urbano,Arteria Principal,Unknown,1,Sin jurisdiccion especial,5,40.06702222,-74.97177222,Vehiculo en movimiento,Frente a Detrás,Not an Intersection,No fue interseccion,Sobre calle,Ninguna,Dia total,Despejado,No,NO APLICA,10,19,10,27,1,21/05/2022,2
42,Pennsylvania,420272,0,0,2,0,73,LAWRENCE (73),0,NO APLICA,5,Mayo,25,2022,15,6,US-19 PERRY HWY,2,US Highway,Rural,Arteria Menor,Unknown,0,Sin jurisdiccion especial,2,40.97414722,-80.16660556,Vehiculo en movimiento,Frente a frente,Not an Intersection,No fue interseccion,Sobre calle,Ninguna,Dia total,Despejado,No,NO APLICA,15,5,15,15,1,25/05/2022,3
42,Pennsylvania,420273,0,0,1,0,47,ELK (47),0,NO APLICA,5,Mayo,21,2022,12,25,LOSEY RD,5,Calle Local - Pueblo,Rural,Local,Town or Township Highway Agency,0,Sin jurisdiccion especial,0,41.27922222,-78.27761111,Arbol,El primer evento no fue una colision con un vehiculo automotor en transporte,Not an Intersection,No fue interseccion,Sobre el lado de la calle,Ninguna,Dia total,Despejado,No,NO APLICA,12,25,13,15,1,21/05/2022,1
42,Pennsylvania,420274,0,0,1,0,35,CLINTON (35),0,NO APLICA,5,Mayo,26,2022,10,25,PINE LOGANTON RD,5,Calle Local - Pueblo,Rural,Local,Town or Township Highway Agency,0,Sin jurisdiccion especial,0,41.056875,-77.31173889,Culvert,El primer evento no fue una colision con un vehiculo automotor en transporte,Not an Intersection,No fue interseccion,Sobre el lado de la calle,Ninguna,Dia total,Despejado,No,NO APLICA,10,23,10,42,1,26/05/2022,1
42,Pennsylvania,420275,0,0,2,0,61,HUNTINGDON (61),0,NO APLICA,5,Mayo,22,2022,11,40,US-22 WILLIAM PENN HWY,2,US Highway,Rural,Arteria Principal,Unknown,1,Sin jurisdiccion especial,31,40.57143611,-78.13780556,Valla Ferrocarril,El primer evento no fue una colision con un vehiculo automotor en transporte,Not an Intersection,No fue interseccion,Sobre el lado de la calle,Ninguna,Dia total,Despejado,No,NO APLICA,99,99,99,99,1,22/05/2022,4
42,Pennsylvania,420276,0,0,2,0,65,JEFFERSON (65),0,NO APLICA,5,Mayo,25,2022,16,22,I-80 KEYSTONE SHORTWAY RD,1,Interestatal,Rural,Interestatal,State Highway Agency,1,Sin jurisdiccion especial,740,41.18712778,-79.18106944,Vehiculo en movimiento,Frente a Detrás,Not an Intersection,No fue interseccion,Sobre calle,Construccion,Dia total,Despejado,No,NO APLICA,16,19,16,30,1,25/05/2022,2
42,Pennsylvania,420277,0,0,2,0,43,DAUPHIN (43),0,NO APLICA,5,Mayo,26,2022,12,46,US-209 ST RT 209 RD,2,US Highway,Rural,Arteria Menor,Unknown,0,Sin jurisdiccion especial,38,40.54544722,-76.89180556,Vehiculo en movimiento,Angulo,Four-Way Intersection,Interseccion de 4 direcciones,Sobre calle,Ninguna,Dia total,Despejado,No,NO APLICA,12,45,12,52,1,26/05/2022,2
42,Pennsylvania,420278,0,0,4,0,33,CLEARFIELD (33),0,NO APLICA,4,Abril,18,2022,13,12,SR-153,3,Highway estatal,Rural,Arteria Principal,State Highway Agency,1,Sin jurisdiccion especial,279,41.13640278,-78.54027222,Vehiculo en movimiento,Frente a Detrás,Not an Intersection,No fue interseccion,Sobre calle,Ninguna,Dia total,Nieve,No,NO APLICA,13,12,13,24,1,18/04/2022,6
42,Pennsylvania,420279,1,1,1,0,101,PHILADELPHIA (101),6540,PHILADELPHIA,5,Mayo,25,2022,0,8,US-13 HUNTING PARK AVE,2,US Highway,Urbano,Arteria Principal,Unknown,1,Sin jurisdiccion especial,69,40.01266111,-75.16085,Peaton,El primer evento no fue una colision con un vehiculo automotor en transporte,Four-Way Intersection,Interseccion de 4 direcciones,Sobre calle,Ninguna,Oscuro con iluminacion,Despejado,No,NO APLICA,0,11,0,17,1,25/05/2022,1
42,Pennsylvania,420280,0,0,1,0,31,CLARION (31),0,NO APLICA,5,Mayo,25,2022,23,39,US-322 TWENTYEIGHTH DIVISI HWY,2,US Highway,Urbano,Arteria Principal,Unknown,1,Sin jurisdiccion especial,127,41.22278056,-79.39122778,Volcadura,El primer evento no fue una colision con un vehiculo automotor en transporte,Not an Intersection,No fue interseccion,Sobre calle,Ninguna,Oscuro sin iluminacion,Despejado,No,NO APLICA,99,99,99,99,2,25/05/2022,2
42,Pennsylvania,420281,0,0,2,0,101,PHILADELPHIA (101),6540,PHILADELPHIA,5,Mayo,21,2022,8,57,SR-611 BROAD ST,3,Highway estatal,Urbano,Arteria Principal,State Highway Agency,1,Sin jurisdiccion especial,71,40.03703056,-75.14511111,Vehiculo en movimiento,Frente a frente,T-Intersection,Interseccion de T,Sobre calle,Ninguna,Dia total,Despejado,No,NO APLICA,99,99,99,99,1,21/05/2022,3
42,Pennsylvania,420282,0,0,1,0,71,LANCASTER (71),0,NO APLICA,1,Enero,13,2022,17,5,SR-4020 HARRISBURG PIKE,3,Highway estatal,Urbano,Arteria Principal,State Highway Agency,1,Sin jurisdiccion especial,71,40.06303333,-76.33911944,Banqueta,El primer evento no fue una colision con un vehiculo automotor en transporte,Four-Way Intersection,Interseccion de 4 direcciones,Sobre el lado de la calle,Ninguna,Oscuro con iluminacion,Nublado,No,NO APLICA,17,7,17,14,1,13/01/2022,1
42,Pennsylvania,420283,0,0,1,0,121,VENANGO (121),0,NO APLICA,5,Mayo,28,2022,5,20,SR-965 JACKSON CTR POLK RD,3,Highway estatal,Rural,Colector Mayor,State Highway Agency,0,Sin jurisdiccion especial,17,41.32463056,-79.97203056,Valla Ferrocarril,El primer evento no fue una colision con un vehiculo automotor en transporte,Not an Intersection,No fue interseccion,Sobre el lado de la calle,Ninguna,Amanecer,lluvia,No,NO APLICA,99,99,99,99,1,28/05/2022,1
42,Pennsylvania,420284,0,0,1,0,31,CLARION (31),0,NO APLICA,5,Mayo,24,2022,19,12,LICKINGVILLE RD,5,Calle Local - Pueblo,Rural,Local,Town or Township Highway Agency,0,Sin jurisdiccion especial,0,41.34995833,-79.38347222,Animal vivo,El primer evento no fue una colision con un vehiculo automotor en transporte,Not an Intersection,No fue interseccion,Sobre calle,Ninguna,Dia total,No reportado,No,NO APLICA,99,99,99,99,1,24/05/2022,1
42,Pennsylvania,420285,0,0,2,0,101,PHILADELPHIA (101),6540,PHILADELPHIA,5,Mayo,21,2022,20,59,SR-1018 GRANT AVE,3,Highway estatal,Urbano,Arteria Menor,State Highway Agency,0,Sin jurisdiccion especial,22,40.06923611,-75.00743889,Vehiculo en movimiento,Angulo,Four-Way Intersection,Interseccion de 4 direcciones,Sobre calle,Ninguna,Oscuro con iluminacion,Despejado,No,NO APLICA,20,59,21,2,1,21/05/2022,3
42,Pennsylvania,420286,0,0,2,0,101,PHILADELPHIA (101),6540,PHILADELPHIA,5,Mayo,24,2022,18,40,SR-611 BROAD ST,3,Highway estatal,Urbano,Arteria Principal,State Highway Agency,1,Sin jurisdiccion especial,7,39.90841667,-75.17355833,Vehiculo en movimiento,Angulo,Not an Intersection,No fue interseccion,Sobre calle,Ninguna,Dia total,Despejado,No,NO APLICA,99,99,99,99,1,24/05/2022,2
42,Pennsylvania,420287,0,0,2,0,111,SOMERSET (111),0,NO APLICA,2,Febrero,9,2022,15,56,SR-3015 WATER LEVEL RD,3,Highway estatal,Rural,Colector Mayor,State Highway Agency,0,Sin jurisdiccion especial,33,39.94862778,-79.11130278,Vehiculo en movimiento,Angulo,Four-Way Intersection,Interseccion de 4 direcciones,Sobre calle,Ninguna,Dia total,Despejado,No,NO APLICA,99,99,99,99,1,09/02/2022,3
42,Pennsylvania,420288,0,0,2,0,39,CRAWFORD (39),0,NO APLICA,5,Mayo,26,2022,16,33,SR-1019 PLANK RD,3,Highway estatal,Rural,Colector Mayor,State Highway Agency,0,Sin jurisdiccion especial,48,41.83193333,-80.10321667,Vehiculo en movimiento,Angulo,Four-Way Intersection,Interseccion de 4 direcciones,Sobre calle,Ninguna,Dia total,Despejado,No,NO APLICA,99,99,99,99,1,26/05/2022,2
42,Pennsylvania,420289,0,0,1,0,63,INDIANA (63),0,NO APLICA,4,Abril,17,2022,15,1,RAMER RD,5,Calle Local - Pueblo,Rural,Local,Town or Township Highway Agency,0,Sin jurisdiccion especial,0,40.68366111,-79.29848056,Volcadura,El primer evento no fue una colision con un vehiculo automotor en transporte,Not an Intersection,No fue interseccion,Sobre calle,Ninguna,Dia total,Despejado,No,NO APLICA,15,0,15,11,1,17/04/2022,1
42,Pennsylvania,420290,0,0,1,0,89,MONROE (89),0,NO APLICA,5,Mayo,29,2022,17,11,BIG RIDGE DR,5,Calle Local - Pueblo,Rural,Local,Town or Township Highway Agency,0,Sin jurisdiccion especial,0,41.075975,-75.09604722,Arbol,El primer evento no fue una colision con un vehiculo automotor en transporte,Not an Intersection,No fue interseccion,Sobre el lado de la calle,Ninguna,Dia total,Despejado,No,NO APLICA,88,88,88,88,1,29/05/2022,1
42,Pennsylvania,420291,0,0,2,1,101,PHILADELPHIA (101),6540,PHILADELPHIA,5,Mayo,28,2022,10,35,N 6TH ST,6,Calle Local Municipalidad,Urbano,Local,City or Municipal Highway Agency,0,Sin jurisdiccion especial,0,39.98979444,-75.14277778,Vehiculo Aparcado,El primer evento no fue una colision con un vehiculo automotor en transporte,Not an Intersection,No fue interseccion,En estacionamiento,Ninguna,Dia total,Despejado,No,NO APLICA,10,32,10,35,1,28/05/2022,1
42,Pennsylvania,420292,0,0,1,0,101,PHILADELPHIA (101),6540,PHILADELPHIA,5,Mayo,29,2022,5,10,LINCOLN DR,6,Calle Local Municipalidad,Urbano,Local,City or Municipal Highway Agency,0,Sin jurisdiccion especial,0,40.03679444,-75.19033611,Arbol,El primer evento no fue una colision con un vehiculo automotor en transporte,Not an Intersection,No fue interseccion,Sobre el lado de la calle,Ninguna,Amanecer,Despejado,No,NO APLICA,5,16,5,23,1,29/05/2022,2
42,Pennsylvania,420293,0,0,1,0,57,FULTON (57),0,NO APLICA,5,Mayo,21,2022,18,13,US-30 LINCOLN HWY,2,US Highway,Rural,Arteria Principal,Unknown,1,Sin jurisdiccion especial,179,39.92443056,-77.96112778,Volcadura,El primer evento no fue una colision con un vehiculo automotor en transporte,Not an Intersection,No fue interseccion,Sobre calle,Ninguna,Dia total,Despejado,No,NO APLICA,99,99,99,99,1,21/05/2022,1
42,Pennsylvania,420294,0,0,1,0,63,INDIANA (63),0,NO APLICA,6,Junio,4,2022,16,57,SR-210,3,Highway estatal,Rural,Colector Mayor,State Highway Agency,0,Sin jurisdiccion especial,97,40.88581111,-79.06121389,Acotamiento,El primer evento no fue una colision con un vehiculo automotor en transporte,Not an Intersection,No fue interseccion,Sobre el lado de la calle,Ninguna,Dia total,Despejado,No,NO APLICA,99,99,99,99,1,04/06/2022,1
42,Pennsylvania,420295,0,0,1,0,39,CRAWFORD (39),0,NO APLICA,6,Junio,6,2022,2,21,SR-886,3,Highway estatal,Rural,Colector Mayor,State Highway Agency,0,Sin jurisdiccion especial,44,41.69778056,-80.11527222,Poste de Señal de trafico,El primer evento no fue una colision con un vehiculo automotor en transporte,Not an Intersection,No fue interseccion,Sobre el lado de la calle,Ninguna,Oscuro sin iluminacion,Despejado,No,NO APLICA,88,88,88,88,1,06/06/2022,1
42,Pennsylvania,420296,0,0,3,0,3,ALLEGHENY (3),0,NO APLICA,4,Abril,3,2022,15,45,SR-8105 CAMP HORNE INT/RAMP RD,3,Highway estatal,Urbano,Interestatal,State Highway Agency,1,Sin jurisdiccion especial,82,40.52555,-80.06963889,Vehiculo en movimiento,Frente a Detrás,Not an Intersection,No fue interseccion,Sobre calle,Ninguna,Dia total,Despejado,No,NO APLICA,15,31,15,39,1,03/04/2022,4
42,Pennsylvania,420297,2,2,1,0,17,BUCKS (17),0,NO APLICA,6,Junio,8,2022,14,56,GIANT LT,8,Otro,Trafficway Not in State Inventory,Via no en inventario estatal,Trafficway Not in State Inventory,0,Sin jurisdiccion especial,0,40.17253333,-74.85071944,Peaton,El primer evento no fue una colision con un vehiculo automotor en transporte,Not an Intersection,No fue interseccion,Sobre calle,Ninguna,Dia total,Despejado,No,NO APLICA,14,57,15,2,1,08/06/2022,1
42,Pennsylvania,420298,0,0,1,0,33,CLEARFIELD (33),0,NO APLICA,6,Junio,8,2022,17,22,SR-3016 LA JOSE RD,3,Highway estatal,Rural,Colector Mayor,State Highway Agency,0,Sin jurisdiccion especial,89,40.8483,-78.644325,Volcadura,El primer evento no fue una colision con un vehiculo automotor en transporte,Not an Intersection,No fue interseccion,Sobre calle,Ninguna,Dia total,Despejado,No,NO APLICA,17,20,17,36,1,08/06/2022,1
42,Pennsylvania,420299,0,0,4,0,17,BUCKS (17),0,NO APLICA,5,Mayo,20,2022,12,51,SR-309,3,Highway estatal,Urbano,Arteria Principal,State Highway Agency,1,Sin jurisdiccion especial,104,40.41009167,-75.3404,Vehiculo en movimiento,Angulo,Not an Intersection,No fue interseccion,Sobre calle,Ninguna,Dia total,Nublado,No,NO APLICA,12,53,13,0,1,20/05/2022,5
42,Pennsylvania,420300,0,0,1,0,71,LANCASTER (71),0,NO APLICA,6,Junio,9,2022,4,11,SR-0501 LITITZ PK,3,Highway estatal,Urbano,Arteria Menor,State Highway Agency,0,Sin jurisdiccion especial,14,40.08215556,-76.30826389,Arbusto,El primer evento no fue una colision con un vehiculo automotor en transporte,Not an Intersection,No fue interseccion,Sobre el lado de la calle,Ninguna,Oscuro con iluminacion,Despejado,No,NO APLICA,4,13,4,19,1,09/06/2022,1
42,Pennsylvania,420301,0,0,2,0,95,NORTHAMPTON (95),660,BETHLEHEM,6,Junio,9,2022,13,18,SR-0121 FOURTH ST,3,Highway estatal,Urbano,Arteria Principal,State Highway Agency,1,Sin jurisdiccion especial,56,40.61210556,-75.34603889,Vehiculo en movimiento,Angulo,Four-Way Intersection,Interseccion de 4 direcciones,Sobre calle,Ninguna,Dia total,Despejado,No,NO APLICA,99,99,99,99,2,09/06/2022,3
42,Pennsylvania,420302,3,3,1,0,101,PHILADELPHIA (101),6540,PHILADELPHIA,5,Mayo,10,2022,2,43,SR-2016 ALLEGHENY AVE,3,Highway estatal,Urbano,Arteria Menor,State Highway Agency,0,Sin jurisdiccion especial,41,39.99648889,-75.11321944,Peaton,El primer evento no fue una colision con un vehiculo automotor en transporte,Four-Way Intersection,Interseccion de 4 direcciones,Sobre el lado de la calle,Ninguna,Oscuro con iluminacion,Despejado,No,NO APLICA,2,45,2,47,3,10/05/2022,1
42,Pennsylvania,420303,0,0,1,0,17,BUCKS (17),6850,QUAKERTOWN,1,Enero,9,2022,11,13,PARK AVE,6,Calle Local Municipalidad,Urbano,Local,City or Municipal Highway Agency,0,Sin jurisdiccion especial,0,40.43697222,-75.33530556,Poste,El primer evento no fue una colision con un vehiculo automotor en transporte,Four-Way Intersection,Interseccion de 4 direcciones,Sobre el lado de la calle,Ninguna,Dia total,lluvia,No,NO APLICA,11,14,11,19,1,09/01/2022,1
42,Pennsylvania,420304,0,0,1,0,83,MCKEAN (83),0,NO APLICA,6,Junio,6,2022,15,30,SR-3011 BRIDGE ST,3,Highway estatal,Rural,Local,State Highway Agency,0,Sin jurisdiccion especial,58,41.76524167,-78.54370278,Volcadura,El primer evento no fue una colision con un vehiculo automotor en transporte,Not an Intersection,No fue interseccion,Sobre el lado de la calle,Ninguna,Dia total,Despejado,No,NO APLICA,99,99,99,99,1,06/06/2022,1
42,Pennsylvania,420305,0,0,2,0,45,DELAWARE (45),1270,CHESTER,2,Febrero,23,2022,20,30,SR-291 FOURTH ST,3,Highway estatal,Urbano,Arteria Menor,State Highway Agency,0,Sin jurisdiccion especial,3,39.85328611,-75.34862222,Vehiculo en movimiento,Angulo,T-Intersection,Interseccion de T,Sobre calle,Ninguna,Oscuro con iluminacion,Despejado,No,NO APLICA,20,29,20,32,4,23/02/2022,7
42,Pennsylvania,420306,0,0,2,0,97,NORTHUMBERLAND (97),0,NO APLICA,6,Junio,7,2022,16,13,SR-487 VALLEY AVE,3,Highway estatal,Rural,Arteria Menor,State Highway Agency,0,Sin jurisdiccion especial,19,40.85884722,-76.55435833,Vehiculo en movimiento,Frente a frente,Not an Intersection,No fue interseccion,Sobre Acotamiento,Ninguna,Dia total,lluvia,No,NO APLICA,16,16,16,19,1,07/06/2022,2
42,Pennsylvania,420307,0,0,2,0,19,BUTLER (19),0,NO APLICA,6,Junio,2,2022,16,7,SR-8 PITTSBURGH RD,3,Highway estatal,Rural,Arteria Principal,State Highway Agency,1,Sin jurisdiccion especial,76,40.7803,-79.92986389,Vehiculo en movimiento,Angulo,Four-Way Intersection,Interseccion de 4 direcciones,Sobre calle,Ninguna,Dia total,No reportado,No,NO APLICA,99,99,99,99,1,02/06/2022,2
42,Pennsylvania,420308,0,1,2,1,41,CUMBERLAND (41),0,NO APLICA,6,Junio,1,2022,4,27,I-81 AMERICAN LEGION MEM HW,1,Interestatal,Urbano,Interestatal,State Highway Agency,1,Sin jurisdiccion especial,645,40.31671389,-76.92583889,Vehiculo Aparcado,El primer evento no fue una colision con un vehiculo automotor en transporte,Not an Intersection,No fue interseccion,Sobre Acotamiento,Ninguna,Oscuro con iluminacion,Despejado,No,NO APLICA,4,25,4,39,1,01/06/2022,1
42,Pennsylvania,420309,0,0,2,0,89,MONROE (89),0,NO APLICA,6,Junio,2,2022,20,36,SR-196 STERLING RD,3,Highway estatal,Urbano,Colector Mayor,State Highway Agency,0,Sin jurisdiccion especial,30,41.17250278,-75.35894167,Vehiculo en movimiento,Golpe Lateral - direccion contraria,T-Intersection,Interseccion de T,Sobre calle,Ninguna,Atardecer,Despejado,No,NO APLICA,88,88,88,88,1,02/06/2022,2
42,Pennsylvania,420310,0,0,1,0,3,ALLEGHENY (3),5555,MOUNT LEBANON,6,Junio,9,2022,22,56,SR-3038 CONNOR RD,3,Highway estatal,Urbano,Arteria Principal,State Highway Agency,1,Sin jurisdiccion especial,15,40.35510278,-80.03875556,Banqueta,El primer evento no fue una colision con un vehiculo automotor en transporte,Not an Intersection,No fue interseccion,En el medio,Ninguna,Oscuro con iluminacion,Despejado,No,NO APLICA,99,99,99,99,1,09/06/2022,1
42,Pennsylvania,420311,1,1,1,0,101,PHILADELPHIA (101),6540,PHILADELPHIA,6,Junio,9,2022,22,30,SR-2014 LEHIGH AV,3,Highway estatal,Urbano,Arteria Principal,State Highway Agency,1,Sin jurisdiccion especial,30,39.99100556,-75.13175556,Peaton,El primer evento no fue una colision con un vehiculo automotor en transporte,Not an Intersection,No fue interseccion,Sobre calle,Ninguna,Oscuro con iluminacion,Despejado,No,NO APLICA,22,34,22,38,1,09/06/2022,2
42,Pennsylvania,420312,1,1,1,0,3,ALLEGHENY (3),6645,PLUM,6,Junio,6,2022,23,18,SR-286 GOLDEN MILE HWY,3,Highway estatal,Urbano,Arteria Principal,State Highway Agency,1,Sin jurisdiccion especial,28,40.46011111,-79.70683333,Peaton,El primer evento no fue una colision con un vehiculo automotor en transporte,Not an Intersection,No fue interseccion,Sobre calle,Ninguna,Oscuro sin iluminacion,Despejado,No,NO APLICA,23,21,23,37,1,06/06/2022,1
42,Pennsylvania,420313,0,0,1,0,63,INDIANA (63),0,NO APLICA,6,Junio,6,2022,7,53,SR-580,3,Highway estatal,Rural,Colector Menor,State Highway Agency,0,Sin jurisdiccion especial,61,40.68464444,-78.84687778,Arbol,El primer evento no fue una colision con un vehiculo automotor en transporte,Not an Intersection,No fue interseccion,Sobre el lado de la calle,Ninguna,Dia total,Despejado,No,NO APLICA,8,2,8,25,1,06/06/2022,13
42,Pennsylvania,420314,1,1,1,0,71,LANCASTER (71),0,NO APLICA,4,Abril,27,2022,7,2,ROCKVALE RD,5,Calle Local - Pueblo,Rural,Local,Town or Township Highway Agency,0,Sin jurisdiccion especial,0,40.00964444,-76.23370833,No vehiculo o remolque,El primer evento no fue una colision con un vehiculo automotor en transporte,Not an Intersection,No fue interseccion,Sobre calle,Ninguna,Dia total,Despejado,No,NO APLICA,7,4,7,10,1,27/04/2022,1
42,Pennsylvania,420315,1,1,1,0,3,ALLEGHENY (3),2940,FOREST HILLS,6,Junio,9,2022,5,29,US-30 LINCOLN HW,2,US Highway,Urbano,Arteria Principal,Unknown,1,Sin jurisdiccion especial,94,40.41306111,-79.84509167,Peaton,El primer evento no fue una colision con un vehiculo automotor en transporte,T-Intersection,Interseccion de T,Sobre calle,Ninguna,Amanecer,Despejado,No,NO APLICA,5,28,5,41,1,09/06/2022,1
42,Pennsylvania,420316,0,0,2,0,71,LANCASTER (71),0,NO APLICA,4,Abril,27,2022,19,48,BEST RD,5,Calle Local - Pueblo,Rural,Local,Town or Township Highway Agency,0,Sin jurisdiccion especial,0,40.13609444,-75.90081944,Vehiculo en movimiento,Frente a frente,Not an Intersection,No fue interseccion,Sobre calle,Ninguna,Dia total,Despejado,No,NO APLICA,99,99,99,99,1,27/04/2022,2
42,Pennsylvania,420317,0,0,1,0,91,MONTGOMERY (91),0,NO APLICA,4,Abril,30,2022,19,45,SR-4002 EGYPT RD,3,Highway estatal,Urbano,Arteria Menor,State Highway Agency,0,Sin jurisdiccion especial,18,40.13631667,-75.46996667,Arbol,El primer evento no fue una colision con un vehiculo automotor en transporte,Not an Intersection,No fue interseccion,Sobre el lado de la calle,Ninguna,Oscuro con iluminacion,Despejado,No,NO APLICA,19,46,19,56,1,30/04/2022,1
42,Pennsylvania,420318,0,0,1,0,7,BEAVER (7),0,NO APLICA,4,Abril,30,2022,1,9,SR-288 ZELIENOPLE RD,3,Highway estatal,Urbano,Arteria Menor,State Highway Agency,0,Sin jurisdiccion especial,68,40.81119444,-80.16356667,Poste de Señal de trafico,El primer evento no fue una colision con un vehiculo automotor en transporte,Not an Intersection,No fue interseccion,Sobre el lado de la calle,Ninguna,Oscuro sin iluminacion,Despejado,No,NO APLICA,1,9,1,34,1,30/04/2022,1
42,Pennsylvania,420319,1,1,1,0,11,BERKS (11),0,NO APLICA,6,Junio,10,2022,8,26,RISING SUN AV,5,Calle Local - Pueblo,Urbano,Local,Town or Township Highway Agency,0,Sin jurisdiccion especial,0,40.41161111,-75.91271111,Peaton,El primer evento no fue una colision con un vehiculo automotor en transporte,Not an Intersection,No fue interseccion,Sobre calle,Ninguna,Dia total,Reportado como desconocido,No,NO APLICA,99,99,99,99,1,10/06/2022,1
42,Pennsylvania,420320,0,0,1,0,35,CLINTON (35),0,NO APLICA,5,Mayo,8,2022,23,6,SR-120 BUCKTAIL TRAIL HWY,3,Highway estatal,Rural,Arteria Menor,State Highway Agency,0,otro,54,41.27965278,-77.953075,Culvert,El primer evento no fue una colision con un vehiculo automotor en transporte,Not an Intersection,No fue interseccion,Sobre el lado de la calle,Ninguna,Oscuro sin iluminacion,Despejado,No,NO APLICA,23,4,23,31,1,08/05/2022,1
42,Pennsylvania,420321,0,0,1,0,91,MONTGOMERY (91),2267,EAST NORRITON,6,Junio,10,2022,20,16,OLD ARCH RD,5,Calle Local - Pueblo,Urbano,Local,Town or Township Highway Agency,0,Sin jurisdiccion especial,0,40.12969444,-75.31955278,Banqueta,El primer evento no fue una colision con un vehiculo automotor en transporte,Not an Intersection,No fue interseccion,Sobre el lado de la calle,Ninguna,Atardecer,Despejado,No,NO APLICA,20,17,20,22,1,10/06/2022,1
42,Pennsylvania,420322,0,0,2,0,29,CHESTER (29),0,NO APLICA,5,Mayo,15,2022,16,38,SR-352 S CHESTER RD,3,Highway estatal,Urbano,Arteria Principal,State Highway Agency,1,Sin jurisdiccion especial,5,39.95698611,-75.51584722,Vehiculo en movimiento,Angulo,T-Intersection,Interseccion de T,Sobre calle,Ninguna,Dia total,Despejado,No,NO APLICA,16,38,16,44,1,15/05/2022,3
42,Pennsylvania,420323,0,0,1,0,133,YORK (133),6130,NORTH YORK,6,Junio,10,2022,1,13,I-83 VFW OF US MEM HW,1,Interestatal,Urbano,Interestatal,State Highway Agency,1,Sin jurisdiccion especial,208,39.98059167,-76.72695,Barrera de Trafico de Concreto,El primer evento no fue una colision con un vehiculo automotor en transporte,Not an Intersection,No fue interseccion,En el medio,Ninguna,Oscuro sin iluminacion,Despejado,No,NO APLICA,1,14,1,25,1,10/06/2022,1