Estado,Nombre de Estado,Numero de Caso,Peatones,Personas _no_vehiculos,Vehiculos automotores,Vehiculos estacionados,Condado,Nombre Condado,Ciudad,Nombre Ciudad,Mes,Nombre Mes,Dia,Año,Hora,Minuto,Calle,Ruta,Nombre Ruta,Rural o Urbanoo,Sistema Funcional,Dueño Calle,Sistema Nacional Carreteras,Jurisdiccion Especial,Milla,Latitud,Longitud,Causa del Accidente,Tipo de Accidente,Tipo Interseccion,Columna1,Lugar en la calle,Zona de Trabajo,Luz,Clima,Autobus Escolar,Cruce de Trenes,Hora Notificacion,Minuto Notificacion,Hora Llegada,Minuto Llegada,Decesos,Fecha,PersonaVehiculo
42,Pennsylvania,420324,0,0,2,0,129,WESTMORELAND (129),3591,HEMPFIELD TOWNSHIP,6,Junio,11,2022,0,21,SR-0130 HUMPHREY RD,3,Highway estatal,Urbano,Arteria Menor,State Highway Agency,0,Sin jurisdiccion especial,153,40.30103333,-79.52436667,Vehiculo en movimiento,Frente a frente,T-Intersection,Interseccion de T,Sobre calle,Ninguna,Oscuro con iluminacion,Despejado,No,NO APLICA,0,21,0,23,1,11/06/2022,2
42,Pennsylvania,420325,0,0,2,0,29,CHESTER (29),0,NO APLICA,5,Mayo,18,2022,8,0,SR-1039 BRIDGE ST,3,Highway estatal,Urbano,Colector Mayor,State Highway Agency,0,Sin jurisdiccion especial,9,40.17774167,-75.58926389,Vehiculo en movimiento,Angulo,Four-Way Intersection,Interseccion de 4 direcciones,Sobre calle,Ninguna,Dia total,Despejado,Yes,NO APLICA,8,6,8,13,1,18/05/2022,8
42,Pennsylvania,420326,0,0,3,0,101,PHILADELPHIA (101),6540,PHILADELPHIA,4,Abril,29,2022,22,0,ALGON AVE,6,Calle Local Municipalidad,Urbano,Local,City or Municipal Highway Agency,0,Sin jurisdiccion especial,0,40.04829444,-75.07991111,Vehiculo en movimiento,Golpe Lateral - misma direccion,Four-Way Intersection,Interseccion de 4 direcciones,Sobre calle,Ninguna,Oscuro con iluminacion,Despejado,No,NO APLICA,22,31,22,37,1,29/04/2022,4
42,Pennsylvania,420327,0,0,3,0,33,CLEARFIELD (33),0,NO APLICA,6,Junio,29,2022,15,41,I-80 Z H CONFAIR MEMORIAL HWY,1,Interestatal,Rural,Interestatal,State Highway Agency,1,Sin jurisdiccion especial,1071,41.12581667,-78.59424722,Vehiculo en movimiento,Frente a Detrás,Not an Intersection,No fue interseccion,Sobre calle,Ninguna,Dia total,Despejado,No,NO APLICA,99,99,99,99,1,29/06/2022,2
42,Pennsylvania,420328,0,0,1,0,71,LANCASTER (71),0,NO APLICA,6,Junio,11,2022,20,29,SR-0999 PENN ST,3,Highway estatal,Rural,Arteria Menor,State Highway Agency,0,Sin jurisdiccion especial,8,39.99640556,-76.45544444,Volcadura,El primer evento no fue una colision con un vehiculo automotor en transporte,Not an Intersection,No fue interseccion,Sobre calle,Ninguna,Atardecer,Despejado,No,NO APLICA,20,30,20,42,1,11/06/2022,1
42,Pennsylvania,420329,0,0,1,0,95,NORTHAMPTON (95),0,NO APLICA,1,Enero,22,2022,17,34,RIVER RD,5,Calle Local - Pueblo,Rural,Local,City or Municipal Highway Agency,0,Sin jurisdiccion especial,0,40.90116389,-75.07918056,Arbol,El primer evento no fue una colision con un vehiculo automotor en transporte,Not an Intersection,No fue interseccion,Sobre el lado de la calle,Ninguna,Oscuro sin iluminacion,Despejado,No,NO APLICA,88,88,88,88,1,22/01/2022,1
42,Pennsylvania,420330,0,0,2,0,95,NORTHAMPTON (95),0,NO APLICA,3,Marzo,24,2022,1,26,SR-33,3,Highway estatal,Rural,Arteria Principal,State Highway Agency,1,Sin jurisdiccion especial,111,40.78548889,-75.28626944,Vehiculo en movimiento,Frente a Detrás,Not an Intersection,No fue interseccion,Sobre calle,Ninguna,Oscuro sin iluminacion,lluvia,No,NO APLICA,88,88,88,88,3,24/03/2022,4
42,Pennsylvania,420331,0,0,1,0,43,DAUPHIN (43),0,NO APLICA,6,Junio,11,2022,1,14,SR-3012 DERRY ST,3,Highway estatal,Urbano,Arteria Menor,State Highway Agency,0,Sin jurisdiccion especial,52,40.25957222,-76.79509167,Hidrante,El primer evento no fue una colision con un vehiculo automotor en transporte,Not an Intersection,No fue interseccion,Sobre el lado de la calle,Ninguna,Oscuro con iluminacion,Despejado,No,NO APLICA,1,18,1,33,1,11/06/2022,1
42,Pennsylvania,420332,0,0,1,0,95,NORTHAMPTON (95),0,NO APLICA,3,Marzo,29,2022,11,36,SR-2018 FREEMANSBURG AVE,3,Highway estatal,Urbano,Arteria Menor,State Highway Agency,0,Sin jurisdiccion especial,9,40.64508333,-75.31679167,Muro,El primer evento no fue una colision con un vehiculo automotor en transporte,Not an Intersection,No fue interseccion,Sobre el lado de la calle,Ninguna,Dia total,Despejado,No,NO APLICA,99,99,99,99,1,29/03/2022,2
42,Pennsylvania,420333,0,0,1,0,3,ALLEGHENY (3),0,NO APLICA,4,Abril,24,2022,14,5,SR-3024 BATTLE RIDGE RD,3,Highway estatal,Urbano,Colector Mayor,State Highway Agency,0,Sin jurisdiccion especial,44,40.37901667,-80.15051111,Banqueta,El primer evento no fue una colision con un vehiculo automotor en transporte,Not an Intersection,No fue interseccion,Sobre el lado de la calle,Ninguna,Dia total,Despejado,No,NO APLICA,2,7,2,18,1,24/04/2022,2
42,Pennsylvania,420334,0,0,1,0,21,CAMBRIA (21),4010,JOHNSTOWN,6,Junio,11,2022,19,43,SR-8016 RAMP A RD,3,Highway estatal,Urbano,Arterial Principal -Freeway o ExpressWay,State Highway Agency,1,Sin jurisdiccion especial,69,40.32048333,-78.91251667,Zanja,El primer evento no fue una colision con un vehiculo automotor en transporte,Not an Intersection,No fue interseccion,Sobre el lado de la calle,Ninguna,Dia total,Despejado,No,NO APLICA,99,99,99,99,1,11/06/2022,1
42,Pennsylvania,420335,0,0,1,0,1,ADAMS (1),0,NO APLICA,6,Junio,12,2022,0,33,SR-0116 HANOVER RD,3,Highway estatal,Urbano,Arteria Principal,State Highway Agency,0,Sin jurisdiccion especial,229,39.79675833,-77.03952222,Buzon de correo,El primer evento no fue una colision con un vehiculo automotor en transporte,Not an Intersection,No fue interseccion,Sobre el lado de la calle,Ninguna,Oscuro con iluminacion,Despejado,No,NO APLICA,0,35,0,42,1,12/06/2022,2
42,Pennsylvania,420336,0,0,2,0,95,NORTHAMPTON (95),0,NO APLICA,5,Mayo,12,2022,18,35,SR-248 NAZARETH RD,3,Highway estatal,Urbano,Arteria Principal,State Highway Agency,1,Sin jurisdiccion especial,216,40.68891667,-75.25473889,Vehiculo en movimiento,Frente a Detrás,Not an Intersection,No fue interseccion,Sobre calle,Ninguna,Dia total,Despejado,No,NO APLICA,99,99,99,99,1,12/05/2022,2
42,Pennsylvania,420337,0,0,2,0,65,JEFFERSON (65),0,NO APLICA,6,Junio,13,2022,17,48,I-80 KEYSTONE SHORTWAY RD,1,Interestatal,Rural,Interestatal,State Highway Agency,1,Sin jurisdiccion especial,897,41.15258889,-78.91198611,Vehiculo en movimiento,Frente a Detrás,Not an Intersection,No fue interseccion,Sobre calle,Construccion,Dia total,Despejado,No,NO APLICA,18,10,18,26,1,13/06/2022,5
42,Pennsylvania,420338,0,0,1,0,31,CLARION (31),0,NO APLICA,6,Junio,13,2022,13,44,SR-0861,3,Highway estatal,Rural,Arteria Menor,State Highway Agency,0,Sin jurisdiccion especial,27,41.01499167,-79.47905556,Acotamiento,El primer evento no fue una colision con un vehiculo automotor en transporte,Not an Intersection,No fue interseccion,Sobre el lado de la calle,Ninguna,Dia total,Despejado,No,NO APLICA,99,99,99,99,1,13/06/2022,1
42,Pennsylvania,420339,0,0,2,0,31,CLARION (31),0,NO APLICA,5,Mayo,27,2022,21,10,SR-1015 FOREST RD,3,Highway estatal,Rural,Colector Menor,State Highway Agency,0,otro,21,41.35834167,-79.21606667,Vehiculo en movimiento,Frente a frente,Not an Intersection,No fue interseccion,Sobre calle,Ninguna,Atardecer,Despejado,No,NO APLICA,99,99,99,99,1,27/05/2022,3
42,Pennsylvania,420340,0,0,2,0,69,LACKAWANNA (69),3205,GLENBURN TOWNSHIP,6,Junio,13,2022,14,10,US-6,2,US Highway,Urbano,Arteria Principal,Unknown,1,Sin jurisdiccion especial,45,41.51686389,-75.72614167,Vehiculo en movimiento,Frente a Detrás,T-Intersection,Interseccion de T,Sobre calle,Ninguna,Dia total,Despejado,No,NO APLICA,99,99,99,99,1,13/06/2022,2
42,Pennsylvania,420341,0,0,2,0,71,LANCASTER (71),0,NO APLICA,5,Mayo,27,2022,23,48,SR-272 READING RD,3,Highway estatal,Urbano,Arteria Menor,State Highway Agency,0,Sin jurisdiccion especial,349,40.20311389,-76.15697778,Vehiculo en movimiento,Frente a frente,Not an Intersection,No fue interseccion,Sobre calle,Ninguna,Oscuro sin iluminacion,lluvia,No,NO APLICA,23,48,23,52,1,27/05/2022,2
42,Pennsylvania,420342,0,0,2,0,17,BUCKS (17),0,NO APLICA,6,Junio,14,2022,18,53,US-13,2,US Highway,Urbano,Arteria Principal,Unknown,1,Sin jurisdiccion especial,96,40.13193333,-74.83110833,Vehiculo en movimiento,Angulo,Not an Intersection,No fue interseccion,Sobre calle,Ninguna,Dia total,Despejado,No,NO APLICA,99,99,99,99,1,14/06/2022,3
42,Pennsylvania,420343,0,0,3,2,49,ERIE (49),1700,CORRY,5,Mayo,14,2022,1,50,W SMITH ST,6,Calle Local Municipalidad,Urbano,Local,City or Municipal Highway Agency,0,Sin jurisdiccion especial,0,41.92563333,-79.65707778,Poste,El primer evento no fue una colision con un vehiculo automotor en transporte,Not an Intersection,No fue interseccion,Sobre el lado de la calle,Ninguna,Oscuro con iluminacion,Despejado,No,NO APLICA,88,88,88,88,1,14/05/2022,1
42,Pennsylvania,420344,0,0,2,0,3,ALLEGHENY (3),0,NO APLICA,6,Junio,14,2022,21,5,SR-8013 RAMP A RD,3,Highway estatal,Urbano,Interestatal,State Highway Agency,1,Sin jurisdiccion especial,645,40.50385,-80.13528056,Vehiculo en movimiento,Angulo,T-Intersection,Interseccion de T,Sobre calle,Ninguna,Atardecer,Despejado,No,NO APLICA,21,7,21,23,1,14/06/2022,4
42,Pennsylvania,420345,0,0,3,0,11,BERKS (11),0,NO APLICA,5,Mayo,25,2022,15,20,SR-61 POTTSVILLE PIKE,3,Highway estatal,Urbano,Arteria Principal,State Highway Agency,1,Sin jurisdiccion especial,45,40.40902778,-75.93779444,Vehiculo en movimiento,Angulo,Four-Way Intersection,Interseccion de 4 direcciones,Sobre calle,Ninguna,Dia total,Despejado,No,NO APLICA,99,99,99,99,1,25/05/2022,5
42,Pennsylvania,420346,0,0,7,0,27,CENTRE (27),0,NO APLICA,5,Mayo,9,2022,13,51,US-322B NORTH ATHERTON ST,2,US Highway,Urbano,Arteria Principal,Unknown,1,Sin jurisdiccion especial,29,40.80156667,-77.88019444,Vehiculo en movimiento,Frente a Detrás,Not an Intersection,No fue interseccion,Sobre calle,Ninguna,Dia total,Despejado,No,NO APLICA,13,53,14,0,1,09/05/2022,10
42,Pennsylvania,420347,0,0,4,0,103,PIKE (103),0,NO APLICA,6,Junio,24,2022,11,6,I-84 FALLEN TROOPER MEM HWY,1,Interestatal,Rural,Interestatal,State Highway Agency,1,Sin jurisdiccion especial,415,41.34448889,-74.92486944,Vehiculo en movimiento,Frente a Detrás,Not an Intersection,No fue interseccion,Sobre calle,Construccion,Dia total,Despejado,No,NO APLICA,11,3,11,11,1,24/06/2022,6
42,Pennsylvania,420348,0,0,3,0,91,MONTGOMERY (91),0,NO APLICA,6,Junio,9,2022,17,50,I-476 NORTHEAST EXT,1,Interestatal,Rural,Interestatal,State Toll Road,1,Sin jurisdiccion especial,281,40.22201944,-75.33058611,Vehiculo en movimiento,Golpe Lateral - misma direccion,Not an Intersection,No fue interseccion,Sobre calle,Ninguna,Dia total,Despejado,No,NO APLICA,17,49,17,59,1,09/06/2022,4
42,Pennsylvania,420349,0,0,3,1,101,PHILADELPHIA (101),6540,PHILADELPHIA,6,Junio,29,2022,17,58,E CHELTEN AVE,6,Calle Local Municipalidad,Urbano,Local,City or Municipal Highway Agency,0,Sin jurisdiccion especial,0,40.05024722,-75.15991944,Vehiculo en movimiento,Angulo,Not an Intersection,No fue interseccion,Sobre calle,Ninguna,Dia total,Despejado,No,NO APLICA,17,58,18,3,1,29/06/2022,6
42,Pennsylvania,420350,0,0,5,0,35,CLINTON (35),0,NO APLICA,6,Junio,13,2022,18,57,I-80 Z H CONFAIR MEMORIAL HWY,1,Interestatal,Rural,Interestatal,State Highway Agency,1,Sin jurisdiccion especial,1868,41.05452222,-77.28291667,Vehiculo en movimiento,Frente a Detrás,Not an Intersection,No fue interseccion,Sobre calle,Construccion,Dia total,Despejado,No,NO APLICA,18,52,19,13,1,13/06/2022,8
42,Pennsylvania,420351,0,0,4,0,101,PHILADELPHIA (101),6540,PHILADELPHIA,7,Julio,13,2022,12,15,SR-3009 RIDGE AVE,3,Highway estatal,Urbano,Arteria Principal,State Highway Agency,1,Sin jurisdiccion especial,88,40.06841111,-75.24036667,Vehiculo en movimiento,Frente a Detrás,Four-Way Intersection,Interseccion de 4 direcciones,Sobre calle,Ninguna,Dia total,Despejado,No,NO APLICA,12,16,12,22,1,13/07/2022,5
42,Pennsylvania,420352,0,0,2,0,85,MERCER (85),0,NO APLICA,6,Junio,14,2022,7,9,SR-0173 SANDY LAKE RD,3,Highway estatal,Rural,Colector Mayor,State Highway Agency,0,Sin jurisdiccion especial,106,41.26046667,-80.07551667,Vehiculo en movimiento,Frente a Detrás,Not an Intersection,No fue interseccion,Sobre calle,Ninguna,Dia total,lluvia,No,NO APLICA,99,99,99,99,1,14/06/2022,3
42,Pennsylvania,420353,0,0,3,0,91,MONTGOMERY (91),0,NO APLICA,6,Junio,21,2022,9,52,SR-463 HORSHAM RD,3,Highway estatal,Urbano,Arteria Menor,State Highway Agency,0,Sin jurisdiccion especial,66,40.23528333,-75.22470833,Vehiculo en movimiento,Angulo,Four-Way Intersection,Interseccion de 4 direcciones,Sobre calle,Ninguna,Dia total,Despejado,No,NO APLICA,9,54,9,59,1,21/06/2022,3
42,Pennsylvania,420354,0,0,3,1,77,LEHIGH (77),110,ALLENTOWN,6,Junio,25,2022,21,52,N 8TH ST,6,Calle Local Municipalidad,Rural,Local,City or Municipal Highway Agency,0,Sin jurisdiccion especial,0,40.60451667,-75.47494167,Vehiculo en movimiento,Angulo,Four-Way Intersection,Interseccion de 4 direcciones,Sobre calle,Ninguna,Oscuro con iluminacion,Despejado,No,NO APLICA,99,99,99,99,1,25/06/2022,2
42,Pennsylvania,420355,0,0,2,0,49,ERIE (49),0,NO APLICA,6,Junio,14,2022,8,46,SR-0832 STERRETTANIA RD,3,Highway estatal,Rural,Colector Mayor,State Highway Agency,0,Sin jurisdiccion especial,31,42.01813333,-80.18850278,Vehiculo en movimiento,Angulo,Not an Intersection,No fue interseccion,Sobre calle,Ninguna,Dia total,Despejado,No,NO APLICA,8,40,8,58,1,14/06/2022,2
42,Pennsylvania,420356,0,0,3,0,11,BERKS (11),0,NO APLICA,7,Julio,10,2022,14,52,SR-724 MAIN ST,3,Highway estatal,Urbano,Arteria Menor,State Highway Agency,0,Sin jurisdiccion especial,96,40.28115,-75.8589,Vehiculo en movimiento,Frente a Detrás,Not an Intersection,No fue interseccion,Sobre calle,Ninguna,Dia total,Despejado,No,NO APLICA,99,99,99,99,1,10/07/2022,6
42,Pennsylvania,420357,1,1,4,0,11,BERKS (11),0,NO APLICA,7,Julio,11,2022,4,42,I-78 WILLIAM PENN HWY,1,Interestatal,Rural,Interestatal,State Highway Agency,1,Sin jurisdiccion especial,264,40.53709722,-76.05111944,Peaton,El primer evento no fue una colision con un vehiculo automotor en transporte,Not an Intersection,No fue interseccion,Sobre calle,Ninguna,Oscuro sin iluminacion,Despejado,No,NO APLICA,99,99,99,99,1,11/07/2022,5
42,Pennsylvania,420358,0,0,1,0,129,WESTMORELAND (129),0,NO APLICA,6,Junio,14,2022,16,45,SR-0711 STAHLSTOWN LIGONIER RD,3,Highway estatal,Rural,Arteria Menor,State Highway Agency,0,Sin jurisdiccion especial,108,40.217125,-79.25196389,Acotamiento,El primer evento no fue una colision con un vehiculo automotor en transporte,Not an Intersection,No fue interseccion,Sobre el lado de la calle,Ninguna,Dia total,Nublado,No,NO APLICA,16,57,16,59,1,14/06/2022,1
42,Pennsylvania,420359,1,1,1,0,107,SCHUYLKILL (107),7600,SHENANDOAH,1,Enero,22,2022,5,21,SR-924 GOLD STAR HWY,3,Highway estatal,Urbano,Arteria Menor,State Highway Agency,0,Sin jurisdiccion especial,33,40.81573611,-76.199925,Peaton,El primer evento no fue una colision con un vehiculo automotor en transporte,Not an Intersection,No fue interseccion,Sobre calle,Ninguna,Oscuro sin iluminacion,Despejado,No,NO APLICA,99,99,99,99,1,22/01/2022,1
42,Pennsylvania,420360,1,1,1,0,101,PHILADELPHIA (101),6540,PHILADELPHIA,6,Junio,15,2022,18,24,W OXFORD ST,6,Calle Local Municipalidad,Urbano,Local,City or Municipal Highway Agency,0,Sin jurisdiccion especial,0,39.97829167,-75.16616667,Peaton,El primer evento no fue una colision con un vehiculo automotor en transporte,Four-Way Intersection,Interseccion de 4 direcciones,Sobre calle,Ninguna,Dia total,Despejado,No,NO APLICA,18,25,18,34,1,15/06/2022,1
42,Pennsylvania,420361,0,0,2,0,89,MONROE (89),5590,MOUNT POCONO,3,Marzo,9,2022,12,41,SR-940 POCONO BLVD,3,Highway estatal,Urbano,Arteria Menor,State Highway Agency,0,Sin jurisdiccion especial,155,41.12576944,-75.35030278,Vehiculo en movimiento,Angulo,Not an Intersection,No fue interseccion,Sobre calle,Ninguna,Dia total,Nieve,No,NO APLICA,99,99,99,99,1,09/03/2022,2
42,Pennsylvania,420362,0,0,2,0,89,MONROE (89),0,NO APLICA,6,Junio,15,2022,7,55,SR-3023 RIMROCK DR,3,Highway estatal,Urbano,Colector Mayor,State Highway Agency,0,Sin jurisdiccion especial,47,40.99154167,-75.28281389,Vehiculo en movimiento,Angulo,Four-Way Intersection,Interseccion de 4 direcciones,Sobre calle,Ninguna,Dia total,Despejado,No,NO APLICA,99,99,99,99,1,15/06/2022,2
42,Pennsylvania,420363,0,0,2,0,127,WAYNE (127),0,NO APLICA,5,Mayo,16,2022,20,8,SR-3031 WANOKA RD,3,Highway estatal,Urbano,Colector Mayor,State Highway Agency,0,Sin jurisdiccion especial,74,41.54979722,-75.26762778,Vehiculo en movimiento,Frente a frente,T-Intersection,Interseccion de T,Sobre calle,Ninguna,Oscuro sin iluminacion,lluvia,No,NO APLICA,20,8,20,16,1,16/05/2022,2
42,Pennsylvania,420364,1,1,1,0,11,BERKS (11),7080,ROBESONIA,6,Junio,16,2022,19,57,E MAPLE AV,6,Calle Local Municipalidad,Urbano,Local,City or Municipal Highway Agency,0,Sin jurisdiccion especial,0,40.35168056,-76.13168333,Peaton,El primer evento no fue una colision con un vehiculo automotor en transporte,Not an Intersection,No fue interseccion,Sobre calle,Ninguna,Dia total,Despejado,No,NO APLICA,99,99,99,99,1,16/06/2022,1
42,Pennsylvania,420365,0,0,1,0,31,CLARION (31),7740,SLIGO,6,Junio,17,2022,22,58,SR-0058,3,Highway estatal,Rural,Arteria Menor,State Highway Agency,0,Sin jurisdiccion especial,120,41.11675556,-79.50686389,Arbol,El primer evento no fue una colision con un vehiculo automotor en transporte,Not an Intersection,No fue interseccion,Sobre el lado de la calle,Ninguna,Oscuro sin iluminacion,Despejado,No,NO APLICA,99,99,99,99,1,17/06/2022,1
42,Pennsylvania,420366,0,0,1,0,79,LUZERNE (79),0,NO APLICA,6,Junio,17,2022,18,10,SR-0029,3,Highway estatal,Urbano,Colector Mayor,State Highway Agency,0,Sin jurisdiccion especial,80,41.25212222,-76.00398056,Volcadura,El primer evento no fue una colision con un vehiculo automotor en transporte,Not an Intersection,No fue interseccion,Sobre el lado de la calle,Ninguna,Dia total,Despejado,No,NO APLICA,18,13,18,28,1,17/06/2022,1
42,Pennsylvania,420367,0,0,3,0,71,LANCASTER (71),0,NO APLICA,7,Julio,9,2022,13,29,US-222,2,US Highway,Urbano,Arterial Principal -Freeway o ExpressWay,Unknown,1,Sin jurisdiccion especial,359,40.12373889,-76.22121667,Vehiculo en movimiento,Frente a Detrás,Not an Intersection,No fue interseccion,Sobre calle,Ninguna,Dia total,Despejado,No,NO APLICA,13,30,13,44,1,09/07/2022,4
42,Pennsylvania,420368,1,1,1,0,101,PHILADELPHIA (101),6540,PHILADELPHIA,6,Junio,17,2022,4,40,SR-0063 WOODHAVEN RD,3,Highway estatal,Urbano,Arterial Principal -Freeway o ExpressWay,State Highway Agency,1,Sin jurisdiccion especial,26,40.07968333,-74.96563333,Peaton,El primer evento no fue una colision con un vehiculo automotor en transporte,Not an Intersection,No fue interseccion,Sobre calle,Ninguna,Oscuro con iluminacion,Nublado,No,NO APLICA,4,39,4,45,1,17/06/2022,1
42,Pennsylvania,420369,1,1,2,0,69,LACKAWANNA (69),4980,MAYFIELD,7,Julio,28,2022,0,14,US-6 ROBERT P CASEY HWY,2,US Highway,Rural,Arteria Principal,Unknown,1,Sin jurisdiccion especial,112,41.53684722,-75.52454722,Peaton,El primer evento no fue una colision con un vehiculo automotor en transporte,Not an Intersection,No fue interseccion,Sobre calle,Ninguna,Oscuro sin iluminacion,Despejado,No,NO APLICA,0,15,0,23,1,28/07/2022,1
42,Pennsylvania,420370,0,0,1,0,73,LAWRENCE (73),0,NO APLICA,6,Junio,17,2022,13,21,PENNSYLVANIA AV,5,Calle Local - Pueblo,Rural,Local,Town or Township Highway Agency,0,Sin jurisdiccion especial,0,40.97847222,-80.34098333,Valla Ferrocarril,El primer evento no fue una colision con un vehiculo automotor en transporte,T-Intersection,Interseccion de T,Sobre el lado de la calle,Ninguna,Dia total,Despejado,No,NO APLICA,13,22,13,24,1,17/06/2022,1
42,Pennsylvania,420371,0,0,2,0,11,BERKS (11),9460,WOMELSDORF,6,Junio,17,2022,17,24,US-422 CONRAD WEISER PKWY,2,US Highway,Urbano,Arteria Principal,Unknown,1,Sin jurisdiccion especial,45,40.36579722,-76.18029722,Vehiculo en movimiento,Angulo,Four-Way Intersection,Interseccion de 4 direcciones,Sobre calle,Ninguna,Dia total,Despejado,No,NO APLICA,99,99,99,99,1,17/06/2022,3
42,Pennsylvania,420372,0,0,1,0,71,LANCASTER (71),2225,EAST EARL,6,Junio,18,2022,11,10,SR-0897 SPRINGVILLE RD,3,Highway estatal,Rural,Colector Mayor,State Highway Agency,0,Sin jurisdiccion especial,82,40.08842778,-76.02030556,Acotamiento,El primer evento no fue una colision con un vehiculo automotor en transporte,Not an Intersection,No fue interseccion,Sobre el lado de la calle,Ninguna,Dia total,Despejado,No,NO APLICA,11,15,11,22,2,18/06/2022,3
42,Pennsylvania,420373,0,0,2,1,3,ALLEGHENY (3),4460,LIBERTY,6,Junio,18,2022,19,57,LIBERTY WY,6,Calle Local Municipalidad,Urbano,Local,City or Municipal Highway Agency,0,Sin jurisdiccion especial,0,40.3284,-79.85625278,Poste,El primer evento no fue una colision con un vehiculo automotor en transporte,Not an Intersection,No fue interseccion,Sobre el lado de la calle,Ninguna,Dia total,Despejado,No,NO APLICA,19,59,20,6,1,18/06/2022,1
42,Pennsylvania,420374,0,0,1,0,107,SCHUYLKILL (107),0,NO APLICA,6,Junio,18,2022,0,32,SR-0443,3,Highway estatal,Rural,Arteria Menor,State Highway Agency,0,Sin jurisdiccion especial,256,40.6779,-76.04954167,Otro objeto (no fijo),El primer evento no fue una colision con un vehiculo automotor en transporte,Not an Intersection,No fue interseccion,Sobre calle,Ninguna,Oscuro sin iluminacion,Despejado,No,NO APLICA,99,99,99,99,1,18/06/2022,1
42,Pennsylvania,420375,1,1,1,0,91,MONTGOMERY (91),1257,CHELTENHAM,6,Junio,19,2022,12,29,SR-2035 CHELTENHAM AV,3,Highway estatal,Urbano,Arteria Principal,State Highway Agency,1,Sin jurisdiccion especial,0,40.07501944,-75.15986111,Peaton,El primer evento no fue una colision con un vehiculo automotor en transporte,Not an Intersection,No fue interseccion,Sobre calle,Ninguna,Dia total,Despejado,No,NO APLICA,12,29,12,37,1,19/06/2022,1
42,Pennsylvania,420376,0,0,1,0,133,YORK (133),0,NO APLICA,6,Junio,19,2022,1,15,SR-0124 EAST PROSPECT RD,3,Highway estatal,Urbano,Colector Mayor,State Highway Agency,0,Sin jurisdiccion especial,59,39.96484167,-76.60095833,Poste,El primer evento no fue una colision con un vehiculo automotor en transporte,Not an Intersection,No fue interseccion,Sobre el lado de la calle,Ninguna,Oscuro sin iluminacion,Despejado,No,NO APLICA,1,39,1,50,1,19/06/2022,5
42,Pennsylvania,420377,0,0,3,2,101,PHILADELPHIA (101),6540,PHILADELPHIA,5,Mayo,25,2022,13,1,SR-1018 GRANT AVE,3,Highway estatal,Urbano,Arteria Principal,State Highway Agency,1,Sin jurisdiccion especial,8,40.08047222,-75.02847222,Vehiculo Aparcado,El primer evento no fue una colision con un vehiculo automotor en transporte,Not an Intersection,No fue interseccion,Fuera de la calle,Ninguna,Dia total,Despejado,No,NO APLICA,13,0,13,17,1,25/05/2022,1
42,Pennsylvania,420378,0,0,2,0,41,CUMBERLAND (41),0,NO APLICA,6,Junio,19,2022,19,20,SR-0114 HOGESTOWN RD,3,Highway estatal,Urbano,Arteria Menor,State Highway Agency,0,Sin jurisdiccion especial,33,40.23935,-77.03083333,Vehiculo en movimiento,Angulo,Not an Intersection,No fue interseccion,Sobre calle,Ninguna,Dia total,Despejado,No,NO APLICA,19,20,19,29,1,19/06/2022,3
42,Pennsylvania,420379,0,0,2,0,129,WESTMORELAND (129),7892,SOURH HUNTINGDON TOWNSHIP,6,Junio,19,2022,0,5,I-70,1,Interestatal,Rural,Interestatal,State Highway Agency,1,Sin jurisdiccion especial,534,40.21094444,-79.67435833,Vehiculo en movimiento,Frente a frente,Not an Intersection,No fue interseccion,Sobre calle,Construccion,Oscuro sin iluminacion,Despejado,No,NO APLICA,99,99,99,99,1,19/06/2022,2
42,Pennsylvania,420380,0,0,2,0,31,CLARION (31),0,NO APLICA,6,Junio,19,2022,5,54,SR-9202 WEIGH STATION EAST RD,3,Highway estatal,Rural,Interestatal,State Highway Agency,1,Sin jurisdiccion especial,561,41.196025,-79.50256944,Vehiculo en movimiento,Frente a Detrás,Y-Intersection,Interseccion de Y,Sobre calle,Ninguna,Dia total,Despejado,No,NO APLICA,99,99,99,99,1,19/06/2022,2
42,Pennsylvania,420381,0,0,2,0,69,LACKAWANNA (69),6230,OLD FORGE,3,Marzo,3,2022,15,7,SR-3013 MAIN ST,3,Highway estatal,Urbano,Arteria Menor,State Highway Agency,0,Sin jurisdiccion especial,9,41.36353611,-75.74201389,Vehiculo en movimiento,Frente a Detrás,T-Intersection,Interseccion de T,Sobre calle,Ninguna,Dia total,Despejado,No,NO APLICA,15,9,15,18,1,03/03/2022,3
42,Pennsylvania,420382,0,0,1,0,19,BUTLER (19),0,NO APLICA,3,Marzo,27,2022,15,31,SR-3025 YELLOW CREEK RD,3,Highway estatal,Rural,Colector Menor,State Highway Agency,0,Sin jurisdiccion especial,62,40.87836667,-80.09600833,Acotamiento,El primer evento no fue una colision con un vehiculo automotor en transporte,Not an Intersection,No fue interseccion,Sobre el lado de la calle,Ninguna,Dia total,Soplando nieve,No,NO APLICA,15,32,15,48,1,27/03/2022,1
42,Pennsylvania,420383,1,1,1,0,101,PHILADELPHIA (101),6540,PHILADELPHIA,6,Junio,20,2022,18,44,SR-4005 GERMANTOWN AV,3,Highway estatal,Urbano,Arteria Principal,State Highway Agency,1,Sin jurisdiccion especial,20,40.03313056,-75.17056111,Peaton,El primer evento no fue una colision con un vehiculo automotor en transporte,Four-Way Intersection,Interseccion de 4 direcciones,Sobre calle,Ninguna,Dia total,Despejado,No,NO APLICA,18,47,18,55,1,20/06/2022,1
42,Pennsylvania,420384,0,0,1,0,101,PHILADELPHIA (101),6540,PHILADELPHIA,4,Abril,11,2022,15,50,SR-73 COTTMAN AVE,3,Highway estatal,Urbano,Arteria Principal,State Highway Agency,1,Sin jurisdiccion especial,7,40.05739167,-75.07701111,Poste,El primer evento no fue una colision con un vehiculo automotor en transporte,Not an Intersection,No fue interseccion,Sobre el lado de la calle,Ninguna,Dia total,Despejado,No,NO APLICA,99,99,99,99,2,11/04/2022,2