Estado,Nombre de Estado,Numero de Caso,Peatones,Personas _no_vehiculos,Vehiculos automotores,Vehiculos estacionados,Condado,Nombre Condado,Ciudad,Nombre Ciudad,Mes,Nombre Mes,Dia,Año,Hora,Minuto,Calle,Ruta,Nombre Ruta,Rural o Urbanoo,Sistema Funcional,Dueño Calle,Sistema Nacional Carreteras,Jurisdiccion Especial,Milla,Latitud,Longitud,Causa del Accidente,Tipo de Accidente,Tipo Interseccion,Columna1,Lugar en la calle,Zona de Trabajo,Luz,Clima,Autobus Escolar,Cruce de Trenes,Hora Notificacion,Minuto Notificacion,Hora Llegada,Minuto Llegada,Decesos,Fecha,PersonaVehiculo
42,Pennsylvania,420385,0,0,1,0,49,ERIE (49),0,NO APLICA,6,Junio,21,2022,13,15,US-6 GRAND ARMY OF THE REP,2,US Highway,Rural,Arteria Principal,Unknown,1,Sin jurisdiccion especial,139,41.90792222,-79.80878889,Valla Ferrocarril,El primer evento no fue una colision con un vehiculo automotor en transporte,Not an Intersection,No fue interseccion,Sobre el lado de la calle,Ninguna,Dia total,Despejado,No,NO APLICA,99,99,99,99,1,21/06/2022,1
42,Pennsylvania,420386,0,0,1,0,1,ADAMS (1),0,NO APLICA,6,Junio,22,2022,12,20,SR-1019 PINE RUN RD,3,Highway estatal,Rural,Colector Mayor,State Highway Agency,0,Sin jurisdiccion especial,50,39.91748611,-76.99048889,Arbol,El primer evento no fue una colision con un vehiculo automotor en transporte,Not an Intersection,No fue interseccion,Sobre el lado de la calle,Ninguna,Dia total,Nublado,No,NO APLICA,12,21,12,28,4,22/06/2022,6
42,Pennsylvania,420387,0,0,1,0,85,MERCER (85),0,NO APLICA,4,Abril,22,2022,17,52,SR-208 LEESBURG GROVE CITY RD,3,Highway estatal,Rural,Arteria Principal,State Highway Agency,0,Sin jurisdiccion especial,23,41.14038611,-80.21188611,Buzon de correo,El primer evento no fue una colision con un vehiculo automotor en transporte,Not an Intersection,No fue interseccion,Sobre el lado de la calle,Ninguna,Dia total,Despejado,No,NO APLICA,99,99,99,99,1,22/04/2022,2
42,Pennsylvania,420388,0,0,2,0,3,ALLEGHENY (3),6600,PITTSBURGH,3,Marzo,18,2022,10,52,SR-51 SAW MILL RUN BLVD,3,Highway estatal,Urbano,Arteria Principal,State Highway Agency,1,Sin jurisdiccion especial,184,40.41107222,-80.00615833,Vehiculo en movimiento,Angulo,T-Intersection,Interseccion de T,Sobre calle,Ninguna,Dia total,Despejado,No,NO APLICA,10,57,11,5,1,18/03/2022,2
42,Pennsylvania,420389,1,1,1,0,101,PHILADELPHIA (101),6540,PHILADELPHIA,4,Abril,26,2022,0,44,SR-2009 HARBISON AVE,3,Highway estatal,Urbano,Arteria Principal,State Highway Agency,1,Sin jurisdiccion especial,51,40.02405278,-75.06300833,Peaton,El primer evento no fue una colision con un vehiculo automotor en transporte,Not an Intersection,No fue interseccion,Sobre calle,Ninguna,Oscuro con iluminacion,Despejado,No,NO APLICA,0,45,0,51,1,26/04/2022,1
42,Pennsylvania,420390,0,0,2,0,101,PHILADELPHIA (101),6540,PHILADELPHIA,6,Junio,23,2022,23,55,SR-0532 BUSTLETON AV,3,Highway estatal,Urbano,Arteria Principal,State Highway Agency,1,Sin jurisdiccion especial,32,40.11677222,-75.01981111,Vehiculo en movimiento,Angulo,Four-Way Intersection,Interseccion de 4 direcciones,Sobre calle,Ninguna,Oscuro con iluminacion,Despejado,No,NO APLICA,23,56,0,17,1,23/06/2022,4
42,Pennsylvania,420391,0,0,2,0,111,SOMERSET (111),0,NO APLICA,4,Abril,6,2022,17,44,SR-3010 E MUD PIKE,3,Highway estatal,Rural,Colector Menor,State Highway Agency,0,Sin jurisdiccion especial,134,39.93373611,-79.00723333,Vehiculo en movimiento,Frente a frente,Not an Intersection,No fue interseccion,Sobre calle,Ninguna,Dia total,Despejado,No,NO APLICA,99,99,99,99,1,06/04/2022,2
42,Pennsylvania,420392,1,1,1,0,29,CHESTER (29),9236,WESTTOWN,6,Junio,23,2022,21,10,SR-0003 WEST CHESTER PK,3,Highway estatal,Urbano,Arteria Principal,State Highway Agency,1,Sin jurisdiccion especial,45,39.96688056,-75.52725556,Peaton,El primer evento no fue una colision con un vehiculo automotor en transporte,Not an Intersection,No fue interseccion,Sobre calle,Ninguna,Oscuro con iluminacion,Despejado,No,NO APLICA,99,99,99,99,1,23/06/2022,2
42,Pennsylvania,420393,0,0,1,0,69,LACKAWANNA (69),0,NO APLICA,5,Mayo,9,2022,19,10,SR-106 FALLSBROOK RD,3,Highway estatal,Rural,Arteria Menor,State Highway Agency,0,Sin jurisdiccion especial,48,41.60051111,-75.53238889,Valla Ferrocarril,El primer evento no fue una colision con un vehiculo automotor en transporte,Not an Intersection,No fue interseccion,Sobre el lado de la calle,Ninguna,Dia total,Despejado,No,NO APLICA,19,11,19,20,1,09/05/2022,1
42,Pennsylvania,420394,0,0,2,0,77,LEHIGH (77),0,NO APLICA,6,Junio,24,2022,21,15,I-476 NORTHEAST EXT,1,Interestatal,Rural,Interestatal,State Toll Road,1,Sin jurisdiccion especial,560,40.57748056,-75.55767778,Vehiculo en movimiento,Frente a frente,Not an Intersection,No fue interseccion,Sobre calle,Ninguna,Oscuro sin iluminacion,Despejado,No,NO APLICA,99,99,99,99,1,24/06/2022,3
42,Pennsylvania,420395,0,0,1,0,15,BRADFORD (15),9547,WYSOX,6,Junio,1,2022,4,6,OLD SAWMILL RD,5,Calle Local - Pueblo,Rural,Local,Town or Township Highway Agency,0,Sin jurisdiccion especial,0,41.80879167,-76.41470556,Zanja,El primer evento no fue una colision con un vehiculo automotor en transporte,Not an Intersection,No fue interseccion,Sobre el lado de la calle,Ninguna,Oscuro sin iluminacion,Despejado,No,NO APLICA,4,4,4,12,1,01/06/2022,1
42,Pennsylvania,420396,0,0,1,0,111,SOMERSET (111),0,NO APLICA,6,Junio,4,2022,0,11,CHRISTNER RD,5,Calle Local - Pueblo,Rural,Local,Town or Township Highway Agency,0,Sin jurisdiccion especial,0,39.76795,-79.18917778,Arbol,El primer evento no fue una colision con un vehiculo automotor en transporte,Not an Intersection,No fue interseccion,Sobre el lado de la calle,Ninguna,Oscuro sin iluminacion,Despejado,No,NO APLICA,99,99,99,99,1,04/06/2022,2
42,Pennsylvania,420397,0,0,1,0,107,SCHUYLKILL (107),0,NO APLICA,6,Junio,4,2022,11,14,SR-0895 FAIR RD,3,Highway estatal,Rural,Colector Mayor,State Highway Agency,0,Sin jurisdiccion especial,130,40.5799,-76.16021111,Calle mal pavimentada,El primer evento no fue una colision con un vehiculo automotor en transporte,Not an Intersection,No fue interseccion,Sobre calle,Ninguna,Dia total,Despejado,No,NO APLICA,99,99,99,99,1,04/06/2022,1
42,Pennsylvania,420398,0,0,1,0,129,WESTMORELAND (129),7892,SOURH HUNTINGDON TOWNSHIP,6,Junio,11,2022,22,48,SHERBONDY RD,5,Calle Local - Pueblo,Rural,Local,Town or Township Highway Agency,0,Sin jurisdiccion especial,0,40.18251111,-79.73193889,Arbol,El primer evento no fue una colision con un vehiculo automotor en transporte,Not an Intersection,No fue interseccion,Sobre el lado de la calle,Ninguna,Oscuro sin iluminacion,Despejado,No,NO APLICA,22,45,22,54,1,11/06/2022,1
42,Pennsylvania,420399,0,0,3,0,101,PHILADELPHIA (101),6540,PHILADELPHIA,6,Junio,15,2022,9,35,I-95 DELAWARE EXPY,1,Interestatal,Urbano,Interestatal,State Highway Agency,1,Sin jurisdiccion especial,309,40.03813056,-75.01058889,Vehiculo en movimiento,Golpe Lateral - misma direccion,Not an Intersection,No fue interseccion,Sobre calle,Ninguna,Dia total,Despejado,No,NO APLICA,10,6,10,7,1,15/06/2022,3
42,Pennsylvania,420400,0,0,3,0,3,ALLEGHENY (3),1330,CHURCHILL,7,Julio,9,2022,2,33,I-376 PENN LINCOLN PKWY,1,Interestatal,Urbano,Interestatal,State Highway Agency,1,Sin jurisdiccion especial,792,40.445075,-79.85080278,Vehiculo en movimiento,Frente a frente,Not an Intersection,No fue interseccion,Sobre calle,Ninguna,Oscuro sin iluminacion,Despejado,No,NO APLICA,2,36,2,46,1,09/07/2022,4
42,Pennsylvania,420401,1,1,1,0,3,ALLEGHENY (3),6600,PITTSBURGH,5,Mayo,19,2022,23,5,MOUNTAIN AVE,6,Calle Local Municipalidad,Urbano,Local,City or Municipal Highway Agency,0,Sin jurisdiccion especial,0,40.41246111,-79.97706389,Peaton,El primer evento no fue una colision con un vehiculo automotor en transporte,T-Intersection,Interseccion de T,Sobre calle,Ninguna,Oscuro con iluminacion,Despejado,No,NO APLICA,23,3,23,12,1,19/05/2022,1
42,Pennsylvania,420402,1,1,1,0,15,BRADFORD (15),0,NO APLICA,2,Febrero,9,2022,7,46,SR-1010 CC ALLIS RD,3,Highway estatal,Rural,Local,State Highway Agency,0,Sin jurisdiccion especial,17,41.82946389,-76.26543056,Peaton,El primer evento no fue una colision con un vehiculo automotor en transporte,Not an Intersection,No fue interseccion,Sobre calle,Ninguna,Dia total,Despejado,No,NO APLICA,7,50,8,0,1,09/02/2022,1
42,Pennsylvania,420403,0,0,1,0,111,SOMERSET (111),0,NO APLICA,1,Enero,22,2022,10,55,SR-4025 RALPHTON RD,3,Highway estatal,Rural,Local,State Highway Agency,0,Sin jurisdiccion especial,3,40.11982222,-79.03051944,Nieve,El primer evento no fue una colision con un vehiculo automotor en transporte,Not an Intersection,No fue interseccion,Sobre el lado de la calle,Ninguna,Dia total,Despejado,No,NO APLICA,99,99,99,99,1,22/01/2022,1
42,Pennsylvania,420404,1,1,2,1,45,DELAWARE (45),0,NO APLICA,7,Julio,23,2022,21,12,I-95 VIETNAM VETERANS MEMO HWY,1,Interestatal,Urbano,Interestatal,State Highway Agency,1,Sin jurisdiccion especial,25,39.83855,-75.41030556,Peaton,El primer evento no fue una colision con un vehiculo automotor en transporte,Not an Intersection,No fue interseccion,Sobre Acotamiento,Ninguna,Oscuro sin iluminacion,Despejado,No,NO APLICA,21,9,21,12,1,23/07/2022,1
42,Pennsylvania,420405,0,0,2,0,11,BERKS (11),0,NO APLICA,5,Mayo,21,2022,5,52,SR-183 BERNVILLE RD,3,Highway estatal,Rural,Arteria Menor,State Highway Agency,0,Sin jurisdiccion especial,73,40.40363333,-76.04572778,Vehiculo en movimiento,Frente a frente,T-Intersection,Interseccion de T,Sobre calle,Ninguna,Amanecer,Neblina o Humo,No,NO APLICA,99,99,99,99,1,21/05/2022,3
42,Pennsylvania,420406,0,0,2,1,101,PHILADELPHIA (101),6540,PHILADELPHIA,5,Mayo,25,2022,23,21,SR-1004 ERIE AVE,3,Highway estatal,Urbano,Arteria Principal,State Highway Agency,1,Sin jurisdiccion especial,8,40.00898056,-75.14964722,Vehiculo Aparcado,El primer evento no fue una colision con un vehiculo automotor en transporte,Not an Intersection,No fue interseccion,En estacionamiento,Ninguna,Oscuro con iluminacion,Despejado,No,NO APLICA,23,10,23,15,1,25/05/2022,3
42,Pennsylvania,420407,0,0,2,0,79,LUZERNE (79),4090,KINGSTON,5,Mayo,5,2022,17,3,US-11 WYOMING AVE,2,US Highway,Urbano,Arteria Principal,Unknown,1,Sin jurisdiccion especial,274,41.27378611,-75.88407222,Vehiculo en movimiento,Angulo,T-Intersection,Interseccion de T,Sobre calle,Ninguna,Dia total,Despejado,No,NO APLICA,17,4,17,10,1,05/05/2022,2
42,Pennsylvania,420408,0,0,3,0,101,PHILADELPHIA (101),6540,PHILADELPHIA,8,Agosto,6,2022,18,36,SR-1013 ACADEMY RD,3,Highway estatal,Urbano,Arteria Principal,State Highway Agency,1,Sin jurisdiccion especial,2,40.04913333,-75.00244167,Vehiculo en movimiento,Golpe Lateral - misma direccion,Not an Intersection,No fue interseccion,Sobre calle,Ninguna,Dia total,Despejado,No,NO APLICA,18,39,18,51,1,06/08/2022,8
42,Pennsylvania,420409,1,1,2,1,85,MERCER (85),0,NO APLICA,7,Julio,31,2022,4,44,I-80 Z H CONFAIR HWY,1,Interestatal,Rural,Interestatal,State Highway Agency,1,Sin jurisdiccion especial,251,41.20091111,-80.04077778,Peaton,El primer evento no fue una colision con un vehiculo automotor en transporte,Not an Intersection,No fue interseccion,Sobre Acotamiento,Ninguna,Oscuro sin iluminacion,Despejado,No,NO APLICA,99,99,99,99,1,31/07/2022,2
42,Pennsylvania,420410,0,0,1,0,15,BRADFORD (15),0,NO APLICA,5,Mayo,17,2022,21,1,US-6 GRAND ARMY OF REPUBLI HWY,2,US Highway,Rural,Arteria Principal,Unknown,1,Sin jurisdiccion especial,459,41.673475,-76.21289444,Animal vivo,El primer evento no fue una colision con un vehiculo automotor en transporte,Not an Intersection,No fue interseccion,Sobre calle,Ninguna,Oscuro sin iluminacion,Despejado,No,NO APLICA,21,2,21,23,1,17/05/2022,1
42,Pennsylvania,420411,0,0,2,0,15,BRADFORD (15),290,ATHENS,6,Junio,15,2022,22,52,US-220,2,US Highway,Urbano,Arteria Principal,Unknown,1,Sin jurisdiccion especial,295,41.92435278,-76.52509167,Vehiculo en movimiento,Frente a frente,Not an Intersection,No fue interseccion,Sobre calle,Ninguna,Oscuro - iluminacion desconocida,Despejado,No,NO APLICA,22,56,23,2,1,15/06/2022,2
42,Pennsylvania,420412,2,2,4,3,101,PHILADELPHIA (101),6540,PHILADELPHIA,6,Junio,22,2022,22,55,N 44TH ST,6,Calle Local Municipalidad,Urbano,Local,City or Municipal Highway Agency,0,Sin jurisdiccion especial,0,39.96796111,-75.21126389,Peaton,El primer evento no fue una colision con un vehiculo automotor en transporte,Four-Way Intersection,Interseccion de 4 direcciones,Sobre calle,Ninguna,Oscuro con iluminacion,Despejado,No,NO APLICA,22,53,22,58,1,22/06/2022,1
42,Pennsylvania,420413,0,0,1,0,71,LANCASTER (71),0,NO APLICA,6,Junio,25,2022,0,1,WILLOW RD,5,Calle Local - Pueblo,Rural,Local,Town or Township Highway Agency,0,Sin jurisdiccion especial,0,40.05978889,-76.23931944,Acotamiento,El primer evento no fue una colision con un vehiculo automotor en transporte,Not an Intersection,No fue interseccion,Sobre el lado de la calle,Ninguna,Oscuro sin iluminacion,Despejado,No,NO APLICA,0,18,0,25,1,25/06/2022,3
42,Pennsylvania,420414,0,1,2,1,71,LANCASTER (71),0,NO APLICA,6,Junio,25,2022,2,5,US-222,2,US Highway,Urbano,Arterial Principal -Freeway o ExpressWay,Unknown,1,Sin jurisdiccion especial,423,40.18143333,-76.13295,Vehiculo Aparcado,El primer evento no fue una colision con un vehiculo automotor en transporte,Not an Intersection,No fue interseccion,Sobre Acotamiento,Ninguna,Oscuro sin iluminacion,Despejado,No,NO APLICA,2,5,2,17,1,25/06/2022,1
42,Pennsylvania,420415,0,0,1,0,33,CLEARFIELD (33),7360,SANDY,6,Junio,25,2022,21,24,THUNDERBIRD RD,5,Calle Local - Pueblo,Rural,Local,Town or Township Highway Agency,0,Sin jurisdiccion especial,0,41.092125,-78.7855,Volcadura,El primer evento no fue una colision con un vehiculo automotor en transporte,Not an Intersection,No fue interseccion,Sobre calle,Ninguna,Oscuro sin iluminacion,Despejado,No,NO APLICA,99,99,99,99,1,25/06/2022,1
42,Pennsylvania,420416,0,0,1,0,21,CAMBRIA (21),0,NO APLICA,6,Junio,25,2022,16,15,SR-8005 RAMP K RD,3,Highway estatal,Urbano,Arterial Principal -Freeway o ExpressWay,Unknown,1,Sin jurisdiccion especial,38,40.29408333,-78.84155833,Otra no colicion,El primer evento no fue una colision con un vehiculo automotor en transporte,Not an Intersection,No fue interseccion,Sobre calle,Ninguna,Dia total,Despejado,No,NO APLICA,99,99,99,99,1,25/06/2022,2
42,Pennsylvania,420417,0,0,11,0,107,SCHUYLKILL (107),0,NO APLICA,3,Marzo,28,2022,10,35,I-81 AMERICAN LEGION MEM HWY,1,Interestatal,Rural,Interestatal,State Highway Agency,1,Sin jurisdiccion especial,1162,40.71603333,-76.34605556,Vehiculo en movimiento,Frente a Detrás,Not an Intersection,No fue interseccion,Sobre calle,Ninguna,Dia total,Nieve,No,NO APLICA,99,99,99,99,6,28/03/2022,17
42,Pennsylvania,420418,0,0,1,0,87,MIFFLIN (87),0,NO APLICA,5,Mayo,20,2022,18,54,SR-1006,3,Highway estatal,Rural,Arteria Menor,State Highway Agency,0,Sin jurisdiccion especial,2,40.70181667,-77.594975,Banqueta,El primer evento no fue una colision con un vehiculo automotor en transporte,Not an Intersection,No fue interseccion,En el medio,Ninguna,Dia total,Despejado,No,NO APLICA,18,56,19,7,1,20/05/2022,1
42,Pennsylvania,420419,1,1,1,0,15,BRADFORD (15),0,NO APLICA,5,Mayo,3,2022,4,44,US-6 GRAND ARMY OF REPUBLI HWY,2,US Highway,Rural,Arteria Principal,Unknown,1,Sin jurisdiccion especial,319,41.77030278,-76.36950833,Peaton,El primer evento no fue una colision con un vehiculo automotor en transporte,Not an Intersection,No fue interseccion,Sobre calle,Ninguna,Dia total,Despejado,No,NO APLICA,4,48,4,55,1,03/05/2022,1
42,Pennsylvania,420420,0,0,2,0,43,DAUPHIN (43),0,NO APLICA,6,Junio,29,2022,15,51,SR-39 LINGLESTOWN RD,3,Highway estatal,Urbano,Arteria Menor,State Highway Agency,0,Sin jurisdiccion especial,29,40.332825,-76.84473056,Vehiculo en movimiento,Angulo,T-Intersection,Interseccion de T,Sobre calle,Ninguna,Dia total,Despejado,No,NO APLICA,15,53,16,3,2,29/06/2022,3
42,Pennsylvania,420421,1,1,1,0,101,PHILADELPHIA (101),6540,PHILADELPHIA,6,Junio,28,2022,9,5,S 9TH ST,6,Calle Local Municipalidad,Urbano,Local,City or Municipal Highway Agency,0,Sin jurisdiccion especial,0,39.94271389,-75.15705278,Peaton,El primer evento no fue una colision con un vehiculo automotor en transporte,Four-Way Intersection,Interseccion de 4 direcciones,Sobre calle,Ninguna,Dia total,Despejado,No,NO APLICA,9,7,9,17,1,28/06/2022,1
42,Pennsylvania,420422,0,0,2,0,17,BUCKS (17),0,NO APLICA,6,Junio,6,2022,12,52,3 MILE RUN RD,5,Calle Local - Pueblo,Rural,Local,Town or Township Highway Agency,0,Sin jurisdiccion especial,0,40.38180556,-75.31165833,Vehiculo en movimiento,Angulo,Four-Way Intersection,Interseccion de 4 direcciones,Sobre calle,Ninguna,Dia total,Despejado,No,NO APLICA,12,55,13,5,1,06/06/2022,2
42,Pennsylvania,420423,0,0,2,0,17,BUCKS (17),0,NO APLICA,6,Junio,17,2022,3,37,SR-313 SWAMP RD,3,Highway estatal,Urbano,Arteria Principal,State Highway Agency,1,Sin jurisdiccion especial,141,40.33513333,-75.14086944,Vehiculo en movimiento,Angulo,Four-Way Intersection,Interseccion de 4 direcciones,Sobre calle,Ninguna,Oscuro sin iluminacion,Despejado,No,NO APLICA,3,37,3,43,1,17/06/2022,2
42,Pennsylvania,420424,0,0,2,0,71,LANCASTER (71),0,NO APLICA,6,Junio,30,2022,20,37,SR-1047 COCALICO RD,3,Highway estatal,Rural,Colector Menor,State Highway Agency,0,Sin jurisdiccion especial,71,40.27849722,-76.20311389,Vehiculo en movimiento,Frente a frente,Not an Intersection,No fue interseccion,Sobre calle,Ninguna,Atardecer,Despejado,No,NO APLICA,20,37,20,47,1,30/06/2022,2
42,Pennsylvania,420425,0,0,1,0,101,PHILADELPHIA (101),6540,PHILADELPHIA,6,Junio,26,2022,21,9,US-13 LEVICK ST,2,US Highway,Urbano,Arteria Principal,Unknown,1,Sin jurisdiccion especial,88,40.02978056,-75.06020556,Soporte de  señalamiento de transito,El primer evento no fue una colision con un vehiculo automotor en transporte,Four-Way Intersection,Interseccion de 4 direcciones,Sobre el lado de la calle,Ninguna,Oscuro con iluminacion,Despejado,No,NO APLICA,21,10,21,14,1,26/06/2022,2
42,Pennsylvania,420426,0,0,1,0,103,PIKE (103),0,NO APLICA,6,Junio,26,2022,15,23,SR-590,3,Highway estatal,Rural,Colector Mayor,State Highway Agency,0,Sin jurisdiccion especial,22,41.48546389,-75.13223611,Otro objeto (no fijo),El primer evento no fue una colision con un vehiculo automotor en transporte,Not an Intersection,No fue interseccion,Sobre el lado de la calle,Ninguna,Dia total,Despejado,No,NO APLICA,15,23,15,30,1,26/06/2022,1
42,Pennsylvania,420427,0,0,1,0,115,SUSQUEHANNA (115),0,NO APLICA,6,Junio,27,2022,6,3,SR-706,3,Highway estatal,Rural,Arteria Menor,State Highway Agency,0,Sin jurisdiccion especial,24,41.78548056,-76.08541389,Arbol,El primer evento no fue una colision con un vehiculo automotor en transporte,Not an Intersection,No fue interseccion,Sobre el lado de la calle,Ninguna,Oscuro sin iluminacion,Reportado como desconocido,No,NO APLICA,6,3,99,97,1,27/06/2022,1
42,Pennsylvania,420428,0,0,1,0,1,ADAMS (1),0,NO APLICA,6,Junio,30,2022,13,53,US-15 BLUE-GRAY HWY,2,US Highway,Rural,Arteria Principal,Unknown,1,Sin jurisdiccion especial,237,40.00190833,-77.10449167,Zanja,El primer evento no fue una colision con un vehiculo automotor en transporte,Not an Intersection,No fue interseccion,Sobre el lado de la calle,Construccion,Dia total,Despejado,No,NO APLICA,13,52,14,13,2,30/06/2022,2
42,Pennsylvania,420429,0,0,1,0,53,FOREST (53),0,NO APLICA,7,Julio,1,2022,23,5,SR-666 DAVID ZEISBURGER HWY,3,Highway estatal,Rural,Colector Mayor,State Highway Agency,0,Sin jurisdiccion especial,241,41.60245,-79.05917222,Zanja,El primer evento no fue una colision con un vehiculo automotor en transporte,Not an Intersection,No fue interseccion,Sobre el lado de la calle,Ninguna,Oscuro sin iluminacion,Despejado,No,NO APLICA,99,99,99,99,1,01/07/2022,1
42,Pennsylvania,420430,0,0,2,0,101,PHILADELPHIA (101),6540,PHILADELPHIA,7,Julio,1,2022,18,4,SR-532 BUSTLETON AVE,3,Highway estatal,Urbano,Arteria Principal,State Highway Agency,1,Sin jurisdiccion especial,22,40.10353056,-75.02828889,Vehiculo en movimiento,Angulo,T-Intersection,Interseccion de T,Sobre calle,Ninguna,Dia total,Despejado,No,NO APLICA,18,5,18,7,1,01/07/2022,2
42,Pennsylvania,420431,1,1,1,0,101,PHILADELPHIA (101),6540,PHILADELPHIA,7,Julio,3,2022,0,14,SR-4005 GERMANTOWN AVE,3,Highway estatal,Urbano,Arteria Principal,State Highway Agency,1,Sin jurisdiccion especial,20,40.03305833,-75.17050833,Peaton,El primer evento no fue una colision con un vehiculo automotor en transporte,Four-Way Intersection,Interseccion de 4 direcciones,Sobre calle,Ninguna,Oscuro con iluminacion,No reportado,No,NO APLICA,0,15,0,22,1,03/07/2022,1
42,Pennsylvania,420432,0,0,2,0,41,CUMBERLAND (41),0,NO APLICA,7,Julio,1,2022,17,18,SR-3001 BRITTON RD,3,Highway estatal,Rural,Colector Menor,State Highway Agency,0,Sin jurisdiccion especial,13,40.10980556,-77.51539444,Vehiculo en movimiento,Angulo,Four-Way Intersection,Interseccion de 4 direcciones,Sobre calle,Ninguna,Dia total,Despejado,No,NO APLICA,99,99,99,99,1,01/07/2022,2
42,Pennsylvania,420433,0,0,2,0,101,PHILADELPHIA (101),6540,PHILADELPHIA,7,Julio,3,2022,22,50,SR-4013 LINCOLN DR,3,Highway estatal,Urbano,Arteria Menor,State Highway Agency,0,Sin jurisdiccion especial,23,40.05166667,-75.19408333,Vehiculo en movimiento,Angulo,Four-Way Intersection,Interseccion de 4 direcciones,Sobre calle,Ninguna,Oscuro con iluminacion,Despejado,No,NO APLICA,22,52,22,55,1,03/07/2022,2
42,Pennsylvania,420434,0,0,1,0,71,LANCASTER (71),0,NO APLICA,7,Julio,3,2022,19,28,SR-272 LANCASTER PIKE,3,Highway estatal,Urbano,Arteria Principal,State Highway Agency,1,Sin jurisdiccion especial,181,39.92902778,-76.25264444,Alguien se cayo/avento del vehiculo,El primer evento no fue una colision con un vehiculo automotor en transporte,Not an Intersection,No fue interseccion,En el medio,Ninguna,Dia total,Despejado,No,NO APLICA,19,18,19,43,1,03/07/2022,1
42,Pennsylvania,420435,1,1,2,0,3,ALLEGHENY (3),6600,PITTSBURGH,6,Junio,5,2022,2,17,I-376 PENN LINCOLN PKWY,1,Interestatal,Urbano,Interestatal,State Highway Agency,1,Sin jurisdiccion especial,731,40.42840278,-79.95545833,Peaton,El primer evento no fue una colision con un vehiculo automotor en transporte,Not an Intersection,No fue interseccion,Sobre calle,Ninguna,Oscuro con iluminacion,Despejado,No,NO APLICA,99,99,99,99,1,05/06/2022,2
42,Pennsylvania,420436,1,1,1,0,101,PHILADELPHIA (101),6540,PHILADELPHIA,7,Julio,6,2022,10,21,SR-2009 ARAMINGO AVE,3,Highway estatal,Urbano,Arteria Principal,State Highway Agency,1,Sin jurisdiccion especial,31,40.00028333,-75.08390278,Peaton,El primer evento no fue una colision con un vehiculo automotor en transporte,T-Intersection,Interseccion de T,Sobre calle,Ninguna,Dia total,Despejado,No,NO APLICA,10,22,10,32,1,06/07/2022,1
42,Pennsylvania,420437,0,0,1,0,53,FOREST (53),0,NO APLICA,7,Julio,7,2022,20,12,CHAPMAN RD,5,Calle Local - Pueblo,Rural,Local,Town or Township Highway Agency,0,Sin jurisdiccion especial,0,41.61251111,-79.50274444,Alguien se cayo/avento del vehiculo,El primer evento no fue una colision con un vehiculo automotor en transporte,T-Intersection,Interseccion de T,Sobre calle,Ninguna,Dia total,Despejado,No,NO APLICA,20,5,20,28,1,07/07/2022,3
42,Pennsylvania,420438,1,1,1,0,7,BEAVER (7),90,ALIQUIPPA,7,Julio,7,2022,2,0,SR-51 CONSTITUTION BLVD,3,Highway estatal,Urbano,Arteria Principal,State Highway Agency,1,Sin jurisdiccion especial,29,40.61120556,-80.24240556,Peaton,El primer evento no fue una colision con un vehiculo automotor en transporte,Not an Intersection,No fue interseccion,Sobre calle,Ninguna,Oscuro sin iluminacion,Despejado,No,NO APLICA,3,17,3,17,1,07/07/2022,1
42,Pennsylvania,420439,0,0,1,0,3,ALLEGHENY (3),0,NO APLICA,7,Julio,4,2022,18,48,CR-RIVER RD,4,Calle del Condado,Rural,Local,County Highway Agency,0,Sin jurisdiccion especial,0,40.60518611,-79.73239722,Muro,El primer evento no fue una colision con un vehiculo automotor en transporte,Not an Intersection,No fue interseccion,Fuera de la calle,Ninguna,Dia total,Despejado,No,NO APLICA,99,99,99,99,1,04/07/2022,1
42,Pennsylvania,420440,0,0,1,0,133,YORK (133),0,NO APLICA,7,Julio,5,2022,17,45,SR-2024 PAPER MILL RD,3,Highway estatal,Rural,Local,State Highway Agency,0,Sin jurisdiccion especial,1,39.77389444,-76.31900833,Arbol,El primer evento no fue una colision con un vehiculo automotor en transporte,Not an Intersection,No fue interseccion,Sobre el lado de la calle,Ninguna,Dia total,lluvia,No,NO APLICA,17,51,17,54,1,05/07/2022,4
42,Pennsylvania,420441,0,0,1,0,17,BUCKS (17),0,NO APLICA,7,Julio,6,2022,22,0,SR-309 SELLERSVILLE BYP,3,Highway estatal,Urbano,Arterial Principal -Freeway o ExpressWay,State Highway Agency,1,Sin jurisdiccion especial,41,40.32927778,-75.31041389,Valla Ferrocarril,El primer evento no fue una colision con un vehiculo automotor en transporte,Not an Intersection,No fue interseccion,Sobre el lado de la calle,Ninguna,Oscuro sin iluminacion,Despejado,No,NO APLICA,22,2,22,11,1,06/07/2022,1
42,Pennsylvania,420442,0,0,1,0,1,ADAMS (1),0,NO APLICA,7,Julio,6,2022,20,32,SR-394 HUNTERSTOWN HAMPTON RD,3,Highway estatal,Rural,Colector Menor,State Highway Agency,0,Sin jurisdiccion especial,76,39.88420278,-77.14445278,Acotamiento,El primer evento no fue una colision con un vehiculo automotor en transporte,Not an Intersection,No fue interseccion,Sobre el lado de la calle,Ninguna,Atardecer,Despejado,No,NO APLICA,20,31,20,42,1,06/07/2022,1
42,Pennsylvania,420443,0,0,1,0,91,MONTGOMERY (91),0,NO APLICA,7,Julio,7,2022,15,10,HOLLOW RD,5,Calle Local - Pueblo,Rural,Local,Town or Township Highway Agency,0,Sin jurisdiccion especial,0,40.14656944,-75.48091111,Fin de valla,El primer evento no fue una colision con un vehiculo automotor en transporte,Not an Intersection,No fue interseccion,Sobre el lado de la calle,Ninguna,Dia total,Despejado,No,NO APLICA,15,11,15,16,1,07/07/2022,1