Estado,Nombre de Estado,Numero de Caso,Peatones,Personas _no_vehiculos,Vehiculos automotores,Vehiculos estacionados,Condado,Nombre Condado,Ciudad,Nombre Ciudad,Mes,Nombre Mes,Dia,Año,Hora,Minuto,Calle,Ruta,Nombre Ruta,Rural o Urbanoo,Sistema Funcional,Dueño Calle,Sistema Nacional Carreteras,Jurisdiccion Especial,Milla,Latitud,Longitud,Causa del Accidente,Tipo de Accidente,Tipo Interseccion,Columna1,Lugar en la calle,Zona de Trabajo,Luz,Clima,Autobus Escolar,Cruce de Trenes,Hora Notificacion,Minuto Notificacion,Hora Llegada,Minuto Llegada,Decesos,Fecha,PersonaVehiculo
42,Pennsylvania,420444,0,0,3,0,45,DELAWARE (45),0,NO APLICA,8,Agosto,12,2022,16,58,I-476 MID COUNTY EXPY,1,Interestatal,Urbano,Interestatal,State Highway Agency,1,Sin jurisdiccion especial,112,40.01139722,-75.356275,Vehiculo en movimiento,Frente a Detrás,Not an Intersection,No fue interseccion,Sobre calle,Ninguna,Dia total,Despejado,No,NO APLICA,99,99,99,99,1,12/08/2022,4
42,Pennsylvania,420445,1,1,1,0,101,PHILADELPHIA (101),6540,PHILADELPHIA,7,Julio,22,2022,0,50,SR-3017 FIFTYSECOND ST,3,Highway estatal,Urbano,Local,State Highway Agency,0,Sin jurisdiccion especial,23,39.97009444,-75.22556111,Ciclista,El primer evento no fue una colision con un vehiculo automotor en transporte,Not an Intersection,No fue interseccion,Sobre calle,Ninguna,Oscuro con iluminacion,Despejado,No,NO APLICA,0,51,0,56,1,22/07/2022,1
42,Pennsylvania,420446,0,0,1,0,3,ALLEGHENY (3),9170,WEST MIFFLIN,7,Julio,23,2022,3,24,CR-ALLEGHENY COUNTY AIRPORT RD,4,Calle del Condado,Urbano,Local,County Highway Agency,0,Sin jurisdiccion especial,0,40.35089167,-79.92705278,Banqueta,El primer evento no fue una colision con un vehiculo automotor en transporte,Not an Intersection,No fue interseccion,En el medio,Construccion,Oscuro con iluminacion,Despejado,No,NO APLICA,3,29,3,36,1,23/07/2022,2
42,Pennsylvania,420447,0,0,2,0,11,BERKS (11),0,NO APLICA,4,Abril,28,2022,11,7,SR-61 POTTSTOWN PIKE,3,Highway estatal,Urbano,Arteria Principal,State Highway Agency,1,Sin jurisdiccion especial,24,40.37896944,-75.93383056,Vehiculo en movimiento,Golpe Lateral - misma direccion,Not an Intersection,No fue interseccion,Sobre calle,Ninguna,Dia total,Despejado,No,NO APLICA,99,99,99,99,1,28/04/2022,2
42,Pennsylvania,420448,0,0,2,0,39,CRAWFORD (39),1510,COCHRANTON,7,Julio,7,2022,8,52,US-322 TWENTYEIGHTH DIVISI HWY,2,US Highway,Rural,Arteria Principal,Unknown,1,Sin jurisdiccion especial,258,41.52763611,-80.05288611,Vehiculo en movimiento,Angulo,Four-Way Intersection,Interseccion de 4 direcciones,Sobre calle,Ninguna,Dia total,Despejado,No,NO APLICA,8,52,8,59,2,07/07/2022,4
42,Pennsylvania,420449,0,0,2,0,11,BERKS (11),0,NO APLICA,7,Julio,9,2022,12,8,SR-724 SHILLINGTON RD,3,Highway estatal,Urbano,Arteria Principal,State Highway Agency,1,Sin jurisdiccion especial,8,40.31756111,-76.0041,Volcadura,El primer evento no fue una colision con un vehiculo automotor en transporte,Four-Way Intersection,Interseccion de 4 direcciones,Sobre calle,Ninguna,Dia total,No reportado,No,NO APLICA,99,99,99,99,1,09/07/2022,2
42,Pennsylvania,420450,0,0,1,0,11,BERKS (11),0,NO APLICA,7,Julio,10,2022,7,55,SR-1019 KISTLER VALLEY RD,3,Highway estatal,Rural,Colector Menor,State Highway Agency,0,Sin jurisdiccion especial,3,40.627775,-75.84897222,Acotamiento,El primer evento no fue una colision con un vehiculo automotor en transporte,Not an Intersection,No fue interseccion,Sobre el lado de la calle,Ninguna,Amanecer,Despejado,No,NO APLICA,99,99,99,99,1,10/07/2022,1
42,Pennsylvania,420451,0,0,1,0,1,ADAMS (1),0,NO APLICA,7,Julio,15,2022,22,27,FLESHMAN MILL RD,5,Calle Local - Pueblo,Rural,Local,Town or Township Highway Agency,0,Sin jurisdiccion especial,0,39.85006111,-77.07226944,Piedrotototota,El primer evento no fue una colision con un vehiculo automotor en transporte,Not an Intersection,No fue interseccion,Sobre el lado de la calle,Ninguna,Oscuro con iluminacion,Despejado,No,NO APLICA,22,26,22,33,1,15/07/2022,1
42,Pennsylvania,420452,0,0,1,0,85,MERCER (85),0,NO APLICA,7,Julio,19,2022,22,4,MARSTELLAR RD,5,Calle Local - Pueblo,Rural,Local,Town or Township Highway Agency,0,Sin jurisdiccion especial,0,41.32908333,-80.24527778,Volcadura,El primer evento no fue una colision con un vehiculo automotor en transporte,Not an Intersection,No fue interseccion,Sobre calle,Ninguna,Oscuro sin iluminacion,Despejado,No,NO APLICA,10,21,10,25,1,19/07/2022,1
42,Pennsylvania,420453,0,0,2,0,71,LANCASTER (71),0,NO APLICA,7,Julio,15,2022,18,10,US-222,2,US Highway,Urbano,Arterial Principal -Freeway o ExpressWay,Unknown,1,Sin jurisdiccion especial,326,40.091225,-76.26356944,Vehiculo en movimiento,Frente a Detrás,Not an Intersection,No fue interseccion,Sobre calle,Ninguna,Dia total,Despejado,No,NO APLICA,18,12,18,23,1,15/07/2022,2
42,Pennsylvania,420454,0,0,2,0,3,ALLEGHENY (3),6280,OSBORNE,7,Julio,20,2022,15,36,SR-65 OHIO RIVER BLVD,3,Highway estatal,Urbano,Arteria Principal,State Highway Agency,1,Sin jurisdiccion especial,97,40.52655,-80.15908333,Vehiculo en movimiento,Angulo,"Five Point, or More",5 Puntos o mas,Sobre calle,Ninguna,Dia total,Despejado,No,NO APLICA,99,99,99,99,1,20/07/2022,4
42,Pennsylvania,420455,0,0,1,0,3,ALLEGHENY (3),0,NO APLICA,7,Julio,16,2022,0,44,SR-910 WEXFORD BAYNE RD,3,Highway estatal,Urbano,Arteria Menor,State Highway Agency,0,Sin jurisdiccion especial,18,40.62315,-80.06236389,Banqueta,El primer evento no fue una colision con un vehiculo automotor en transporte,Not an Intersection,No fue interseccion,Sobre el lado de la calle,Ninguna,Oscuro sin iluminacion,Despejado,No,NO APLICA,0,46,0,58,1,16/07/2022,2
42,Pennsylvania,420456,0,0,1,0,117,TIOGA (117),0,NO APLICA,7,Julio,17,2022,15,4,SR-660 ELK RUN RD,3,Highway estatal,Rural,Colector Mayor,State Highway Agency,0,Sin jurisdiccion especial,151,41.76003611,-77.105825,Valla Ferrocarril,El primer evento no fue una colision con un vehiculo automotor en transporte,Not an Intersection,No fue interseccion,Sobre el lado de la calle,Ninguna,Dia total,Despejado,No,NO APLICA,99,99,99,99,1,17/07/2022,1
42,Pennsylvania,420457,0,0,1,0,71,LANCASTER (71),0,NO APLICA,7,Julio,17,2022,16,27,SR-3032 LETORT RD,3,Highway estatal,Rural,Colector Menor,State Highway Agency,0,Sin jurisdiccion especial,24,39.97845,-76.403425,Poste,El primer evento no fue una colision con un vehiculo automotor en transporte,Not an Intersection,No fue interseccion,Sobre el lado de la calle,Ninguna,Dia total,Despejado,No,NO APLICA,16,29,16,42,1,17/07/2022,1
42,Pennsylvania,420458,0,0,2,0,89,MONROE (89),0,NO APLICA,7,Julio,21,2022,18,8,I-80 KEYSTONE SHORTWAY HWY,1,Interestatal,Rural,Interestatal,State Highway Agency,1,Sin jurisdiccion especial,2941,41.06619444,-75.37946111,Vehiculo en movimiento,Golpe Lateral - misma direccion,Not an Intersection,No fue interseccion,Sobre calle,Ninguna,Dia total,Despejado,No,NO APLICA,99,99,99,99,1,21/07/2022,3
42,Pennsylvania,420459,0,0,1,0,85,MERCER (85),0,NO APLICA,7,Julio,18,2022,1,46,SR-173 SLIPPERY ROCK RD,3,Highway estatal,Rural,Arteria Menor,State Highway Agency,0,Sin jurisdiccion especial,14,41.12983333,-80.07335278,Buzon de correo,El primer evento no fue una colision con un vehiculo automotor en transporte,Not an Intersection,No fue interseccion,Sobre el lado de la calle,Ninguna,Oscuro sin iluminacion,lluvia,No,NO APLICA,2,7,2,13,1,18/07/2022,2
42,Pennsylvania,420460,0,0,1,0,7,BEAVER (7),0,NO APLICA,7,Julio,20,2022,0,15,SR-3009 KANE RD,3,Highway estatal,Urbano,Colector Mayor,State Highway Agency,0,Sin jurisdiccion especial,16,40.58203056,-80.27362778,Arbusto,El primer evento no fue una colision con un vehiculo automotor en transporte,Not an Intersection,No fue interseccion,Sobre el lado de la calle,Ninguna,Oscuro con iluminacion,Despejado,No,NO APLICA,99,99,99,99,1,20/07/2022,1
42,Pennsylvania,420461,0,0,2,0,17,BUCKS (17),615,BENSALEM,7,Julio,20,2022,18,56,SR-2002 STATE RD,3,Highway estatal,Urbano,Arteria Menor,State Highway Agency,0,Sin jurisdiccion especial,43,40.08319444,-74.91422778,Vehiculo en movimiento,Angulo,T-Intersection,Interseccion de T,Sobre calle,Ninguna,Dia total,Despejado,No,NO APLICA,18,57,19,7,1,20/07/2022,2
42,Pennsylvania,420462,0,0,2,0,33,CLEARFIELD (33),0,NO APLICA,7,Julio,21,2022,14,42,SR-4011 OKLAHOMA TO SALEM RD,3,Highway estatal,Rural,Colector Mayor,State Highway Agency,0,Sin jurisdiccion especial,6,41.07854444,-78.73505278,Vehiculo en movimiento,Frente a frente,Not an Intersection,No fue interseccion,Sobre calle,Ninguna,Dia total,Despejado,No,NO APLICA,14,34,14,48,2,21/07/2022,3
42,Pennsylvania,420463,0,0,2,0,101,PHILADELPHIA (101),6540,PHILADELPHIA,7,Julio,22,2022,4,15,S 61ST ST,6,Calle Local Municipalidad,Urbano,Local,City or Municipal Highway Agency,0,Sin jurisdiccion especial,0,39.920975,-75.21519444,Vehiculo en movimiento,Otro,Not an Intersection,No fue interseccion,"Izquierda continua, carril de vuelta",Ninguna,Oscuro con iluminacion,Despejado,No,NO APLICA,4,20,4,26,1,22/07/2022,2
42,Pennsylvania,420464,0,0,2,0,101,PHILADELPHIA (101),6540,PHILADELPHIA,7,Julio,24,2022,6,43,ONTARIO ST,6,Calle Local Municipalidad,Urbano,Local,City or Municipal Highway Agency,0,Sin jurisdiccion especial,0,39.99093889,-75.101575,Vehiculo en movimiento,Frente a frente,Four-Way Intersection,Interseccion de 4 direcciones,Sobre calle,Ninguna,Dia total,Despejado,No,NO APLICA,6,45,6,48,1,24/07/2022,2
42,Pennsylvania,420465,0,0,3,0,133,YORK (133),3470,HANOVER,6,Junio,25,2022,11,48,EISENHOWER DR,6,Calle Local Municipalidad,Urbano,Local,City or Municipal Highway Agency,0,Sin jurisdiccion especial,0,39.82541667,-76.98906667,Banqueta,El primer evento no fue una colision con un vehiculo automotor en transporte,Four-Way Intersection,Interseccion de 4 direcciones,En el medio,Ninguna,Dia total,Despejado,No,NO APLICA,11,49,11,54,1,25/06/2022,5
42,Pennsylvania,420466,0,0,4,0,51,FAYETTE (51),0,NO APLICA,7,Julio,24,2022,12,55,SR-381 NORMALVILLE RD,3,Highway estatal,Rural,Arteria Menor,State Highway Agency,0,Sin jurisdiccion especial,235,39.967125,-79.45019722,Vehiculo en movimiento,Golpe Lateral - direccion contraria,Not an Intersection,No fue interseccion,Sobre calle,Ninguna,Dia total,Despejado,No,NO APLICA,99,99,99,99,2,24/07/2022,10
42,Pennsylvania,420467,0,0,2,1,101,PHILADELPHIA (101),6540,PHILADELPHIA,1,Enero,20,2022,20,31,LARGE ST,6,Calle Local Municipalidad,Urbano,Local,City or Municipal Highway Agency,0,Sin jurisdiccion especial,0,40.04159167,-75.07232222,Vehiculo Aparcado,El primer evento no fue una colision con un vehiculo automotor en transporte,Not an Intersection,No fue interseccion,En estacionamiento,Ninguna,Oscuro sin iluminacion,Despejado,No,NO APLICA,20,32,20,48,1,20/01/2022,1
42,Pennsylvania,420468,0,0,2,0,71,LANCASTER (71),0,NO APLICA,5,Mayo,7,2022,8,8,SR-72 LEBANON RD,3,Highway estatal,Rural,Arteria Principal,State Highway Agency,1,Sin jurisdiccion especial,152,40.21442778,-76.43139167,Vehiculo en movimiento,Angulo,Not an Intersection,No fue interseccion,Sobre calle,Ninguna,Dia total,lluvia,No,NO APLICA,8,11,8,18,1,07/05/2022,2
42,Pennsylvania,420469,1,1,1,0,3,ALLEGHENY (3),6600,PITTSBURGH,7,Julio,26,2022,20,20,JOHNSTON AVE,6,Calle Local Municipalidad,Urbano,Local,City or Municipal Highway Agency,0,Sin jurisdiccion especial,0,40.40608611,-79.93309444,Ciclista,El primer evento no fue una colision con un vehiculo automotor en transporte,Not an Intersection,No fue interseccion,Sobre calle,Ninguna,Atardecer,Despejado,No,NO APLICA,99,99,99,99,1,26/07/2022,1
42,Pennsylvania,420470,0,0,2,0,79,LUZERNE (79),0,NO APLICA,7,Julio,21,2022,14,49,US-11 SALEM BLVD,2,US Highway,Rural,Arteria Menor,Unknown,0,Sin jurisdiccion especial,49,41.07792778,-76.14047778,Vehiculo en movimiento,Frente a Detrás,Not an Intersection,No fue interseccion,Sobre calle,Ninguna,Dia total,Despejado,No,NO APLICA,14,49,14,59,1,21/07/2022,4
42,Pennsylvania,420471,0,0,1,0,79,LUZERNE (79),0,NO APLICA,7,Julio,22,2022,9,42,SR-3036 RIVER RD,3,Highway estatal,Rural,Colector Mayor,State Highway Agency,0,Sin jurisdiccion especial,28,41.06275,-76.15305833,Arbol,El primer evento no fue una colision con un vehiculo automotor en transporte,Not an Intersection,No fue interseccion,Sobre el lado de la calle,Ninguna,Dia total,Despejado,No,NO APLICA,9,40,9,57,1,22/07/2022,1
42,Pennsylvania,420472,1,1,1,0,97,NORTHUMBERLAND (97),0,NO APLICA,7,Julio,28,2022,2,25,SR-147,3,Highway estatal,Rural,Arteria Menor,State Highway Agency,0,Sin jurisdiccion especial,59,40.67665833,-76.87176944,Peaton,El primer evento no fue una colision con un vehiculo automotor en transporte,Not an Intersection,No fue interseccion,Sobre calle,Ninguna,Oscuro sin iluminacion,Despejado,No,NO APLICA,2,25,2,40,1,28/07/2022,2
42,Pennsylvania,420473,0,0,2,0,43,DAUPHIN (43),0,NO APLICA,7,Julio,22,2022,23,39,I-81 AMERICAN LEGION MEM HWY,1,Interestatal,Urbano,Interestatal,State Highway Agency,1,Sin jurisdiccion especial,769,40.35525,-76.71745,Vehiculo en movimiento,Frente a Detrás,Not an Intersection,No fue interseccion,Sobre calle,Construccion,Oscuro sin iluminacion,Despejado,No,NO APLICA,23,38,23,44,1,22/07/2022,2
42,Pennsylvania,420474,0,0,2,0,133,YORK (133),0,NO APLICA,7,Julio,25,2022,12,16,SR-4014 HARMONY GROVE RD,3,Highway estatal,Rural,Colector Menor,State Highway Agency,0,Sin jurisdiccion especial,52,40.01103611,-76.88875278,Vehiculo en movimiento,Frente a frente,Not an Intersection,No fue interseccion,Sobre calle,Ninguna,Dia total,Despejado,No,NO APLICA,12,19,12,34,1,25/07/2022,3
42,Pennsylvania,420475,0,0,2,0,13,BLAIR (13),0,NO APLICA,7,Julio,25,2022,15,40,SR-36 WOODSBURY PIKE,3,Highway estatal,Rural,Arteria Menor,State Highway Agency,0,Sin jurisdiccion especial,30,40.31485833,-78.39339167,Valla Ferrocarril,El primer evento no fue una colision con un vehiculo automotor en transporte,Not an Intersection,No fue interseccion,Sobre el lado de la calle,Ninguna,Dia total,Despejado,No,NO APLICA,99,99,99,99,1,25/07/2022,3
42,Pennsylvania,420476,0,0,1,0,31,CLARION (31),8200,STRATTANVILLE,7,Julio,30,2022,3,56,SR-1011 MARKET ST,3,Highway estatal,Rural,Colector Mayor,State Highway Agency,0,Sin jurisdiccion especial,27,41.20138056,-79.32766111,Volcadura,El primer evento no fue una colision con un vehiculo automotor en transporte,Not an Intersection,No fue interseccion,Sobre el lado de la calle,Ninguna,Oscuro sin iluminacion,Despejado,No,NO APLICA,99,99,99,99,1,30/07/2022,1
42,Pennsylvania,420477,0,0,2,0,17,BUCKS (17),0,NO APLICA,7,Julio,30,2022,17,50,SR-32 RIVER RD,3,Highway estatal,Urbano,Arteria Principal,State Highway Agency,1,Sin jurisdiccion especial,25,40.22148056,-74.785,Vehiculo en movimiento,Angulo,Not an Intersection,No fue interseccion,Sobre calle,Ninguna,Dia total,Despejado,No,NO APLICA,17,51,17,57,1,30/07/2022,4
42,Pennsylvania,420478,0,0,2,0,7,BEAVER (7),0,NO APLICA,7,Julio,29,2022,5,55,SR-68 SUNFLOWER RD,3,Highway estatal,Rural,Arteria Menor,State Highway Agency,0,Sin jurisdiccion especial,172,40.73471944,-80.26844444,Volcadura,El primer evento no fue una colision con un vehiculo automotor en transporte,Not an Intersection,No fue interseccion,Sobre calle,Ninguna,Dia total,Despejado,No,NO APLICA,5,57,6,5,1,29/07/2022,2
42,Pennsylvania,420479,0,0,1,0,45,DELAWARE (45),9580,YEADON,7,Julio,26,2022,13,48,SR-3015 COBBS CREEK PKWY,3,Highway estatal,Urbano,Arteria Menor,State Highway Agency,0,Sin jurisdiccion especial,14,39.93301111,-75.23775556,Arbol,El primer evento no fue una colision con un vehiculo automotor en transporte,Not an Intersection,No fue interseccion,Sobre el lado de la calle,Ninguna,Dia total,Despejado,No,NO APLICA,13,43,13,46,1,26/07/2022,1
42,Pennsylvania,420480,0,0,3,1,127,WAYNE (127),3700,HONESDALE,8,Agosto,11,2022,16,56,SR-670 ELM PL,3,Highway estatal,Urbano,Colector Mayor,State Highway Agency,0,Sin jurisdiccion especial,5,41.58977222,-75.26696667,Vehiculo en movimiento,Frente a frente,Not an Intersection,No fue interseccion,Sobre calle,Ninguna,Dia total,Despejado,No,NO APLICA,16,56,17,13,1,11/08/2022,2
42,Pennsylvania,420481,0,0,6,4,101,PHILADELPHIA (101),6540,PHILADELPHIA,9,Septiembre,18,2022,2,45,CHELTEN AVE,6,Calle Local Municipalidad,Urbano,Local,City or Municipal Highway Agency,0,Sin jurisdiccion especial,0,40.04966111,-75.16051389,Vehiculo en movimiento,Angulo,Four-Way Intersection,Interseccion de 4 direcciones,Sobre calle,Ninguna,Oscuro con iluminacion,Despejado,No,NO APLICA,2,52,2,57,1,18/09/2022,2
42,Pennsylvania,420482,0,0,2,0,83,MCKEAN (83),6710,PORT ALLEGANY,5,Mayo,17,2022,12,19,US-6 MAIN ST,2,US Highway,Rural,Arteria Principal,Unknown,1,Sin jurisdiccion especial,452,41.81243333,-78.28133333,Vehiculo en movimiento,Angulo,Four-Way Intersection,Interseccion de 4 direcciones,Sobre calle,Ninguna,Dia total,Despejado,Yes,NO APLICA,12,21,12,23,1,17/05/2022,2
42,Pennsylvania,420483,0,0,2,0,29,CHESTER (29),0,NO APLICA,6,Junio,28,2022,19,45,SR-3011 CLAY CREEK RD,3,Highway estatal,Urbano,Local,State Highway Agency,0,Sin jurisdiccion especial,14,39.79668056,-75.7815,Volcadura,El primer evento no fue una colision con un vehiculo automotor en transporte,Not an Intersection,No fue interseccion,Sobre calle,Ninguna,Dia total,Despejado,No,NO APLICA,19,44,19,49,1,28/06/2022,2
42,Pennsylvania,420484,0,0,1,0,29,CHESTER (29),0,NO APLICA,6,Junio,6,2022,12,10,SR-41 GAP NEWPORT PIKE,3,Highway estatal,Rural,Arteria Principal,State Highway Agency,1,Sin jurisdiccion especial,75,39.85572778,-75.82631667,Valla Ferrocarril,El primer evento no fue una colision con un vehiculo automotor en transporte,Not an Intersection,No fue interseccion,Sobre el lado de la calle,Ninguna,Dia total,Despejado,No,NO APLICA,12,8,12,14,1,06/06/2022,6
42,Pennsylvania,420485,0,0,2,0,83,MCKEAN (83),0,NO APLICA,9,Septiembre,5,2022,12,32,US-219 BUFFALO PITTSBURGH HWY,2,US Highway,Rural,Arteria Principal,Unknown,1,Sin jurisdiccion especial,141,41.80282222,-78.69785,Vehiculo en movimiento,Angulo,Four-Way Intersection,Interseccion de 4 direcciones,Sobre calle,Ninguna,Dia total,lluvia,No,NO APLICA,13,8,13,20,1,05/09/2022,7
42,Pennsylvania,420486,0,0,2,0,125,WASHINGTON (125),0,NO APLICA,4,Abril,17,2022,20,45,SR-4004 STEUBENVILLE PIKE,3,Highway estatal,Rural,Colector Mayor,State Highway Agency,0,Sin jurisdiccion especial,16,40.40450556,-80.49081389,Vehiculo en movimiento,Golpe Lateral - misma direccion,Not an Intersection,No fue interseccion,Sobre calle,Ninguna,Oscuro sin iluminacion,Despejado,No,NO APLICA,99,99,99,99,1,17/04/2022,4
42,Pennsylvania,420487,0,0,2,0,51,FAYETTE (51),0,NO APLICA,5,Mayo,13,2022,17,34,SR-3013 PALMER RD,3,Highway estatal,Rural,Colector Menor,State Highway Agency,0,Sin jurisdiccion especial,88,39.89309167,-79.91535833,Volcadura,El primer evento no fue una colision con un vehiculo automotor en transporte,Not an Intersection,No fue interseccion,Sobre calle,Ninguna,Dia total,Despejado,No,NO APLICA,17,38,17,58,1,13/05/2022,2
42,Pennsylvania,420488,0,0,1,0,91,MONTGOMERY (91),8707,UPPER MERION,7,Julio,18,2022,15,15,SR-8047 RAMP S RD,3,Highway estatal,Urbano,Arterial Principal -Freeway o ExpressWay,State Highway Agency,1,Sin jurisdiccion especial,1,40.07895556,-75.40474722,Barrera de Trafico de Concreto,El primer evento no fue una colision con un vehiculo automotor en transporte,Not an Intersection,No fue interseccion,Sobre el lado de la calle,Ninguna,Dia total,Despejado,No,NO APLICA,99,99,99,99,1,18/07/2022,1
42,Pennsylvania,420489,0,0,1,0,69,LACKAWANNA (69),0,NO APLICA,3,Marzo,9,2022,10,27,SR-690 MADISONVILLE RD,3,Highway estatal,Rural,Colector Mayor,State Highway Agency,0,Sin jurisdiccion especial,98,41.36301944,-75.46413056,Arbol,El primer evento no fue una colision con un vehiculo automotor en transporte,Not an Intersection,No fue interseccion,Sobre el lado de la calle,Ninguna,Dia total,Nieve,No,NO APLICA,10,27,10,39,1,09/03/2022,1
42,Pennsylvania,420490,0,0,1,0,59,GREENE (59),0,NO APLICA,6,Junio,19,2022,3,7,SR-1027 RUTTERS LN,3,Highway estatal,Rural,Local,State Highway Agency,0,Sin jurisdiccion especial,2,39.87123889,-79.95529444,Arbol,El primer evento no fue una colision con un vehiculo automotor en transporte,Not an Intersection,No fue interseccion,Sobre el lado de la calle,Ninguna,Oscuro sin iluminacion,Despejado,No,NO APLICA,3,14,3,29,1,19/06/2022,4
42,Pennsylvania,420491,0,0,2,0,29,CHESTER (29),0,NO APLICA,7,Julio,21,2022,11,5,SR-100 POTTSTOWN PIKE,3,Highway estatal,Urbano,Arteria Principal,State Highway Agency,1,Sin jurisdiccion especial,109,40.10524722,-75.69606944,Vehiculo en movimiento,Angulo,Not an Intersection,No fue interseccion,Sobre calle,Ninguna,Dia total,Despejado,No,NO APLICA,11,5,11,13,1,21/07/2022,3
42,Pennsylvania,420492,0,0,2,0,51,FAYETTE (51),0,NO APLICA,7,Julio,28,2022,17,26,SR-3009 WALNUT HILL RD,3,Highway estatal,Urbano,Colector Mayor,State Highway Agency,0,Sin jurisdiccion especial,135,39.88031944,-79.77551667,Vehiculo en movimiento,Frente a frente,Not an Intersection,No fue interseccion,Sobre calle,Ninguna,Dia total,Despejado,No,NO APLICA,17,30,17,37,2,28/07/2022,5
42,Pennsylvania,420493,0,0,2,0,19,BUTLER (19),0,NO APLICA,7,Julio,27,2022,12,42,US-19 PERRY HWY,2,US Highway,Urbano,Arteria Principal,Unknown,1,Sin jurisdiccion especial,16,40.69685833,-80.10448611,Vehiculo en movimiento,Angulo,Not an Intersection,No fue interseccion,Sobre calle,Ninguna,Dia total,Despejado,No,NO APLICA,99,99,99,99,1,27/07/2022,3
42,Pennsylvania,420494,0,0,1,0,129,WESTMORELAND (129),0,NO APLICA,7,Julio,30,2022,21,9,SR-4014 MAPLE LN,3,Highway estatal,Urbano,Local,State Highway Agency,0,Sin jurisdiccion especial,6,40.34137778,-79.73284167,Piedrotototota,El primer evento no fue una colision con un vehiculo automotor en transporte,Not an Intersection,No fue interseccion,Sobre el lado de la calle,Ninguna,Oscuro sin iluminacion,Despejado,No,NO APLICA,99,99,99,99,1,30/07/2022,1
42,Pennsylvania,420495,0,0,1,0,27,CENTRE (27),0,NO APLICA,7,Julio,30,2022,2,49,I-80 Z H CONFAIR MEMORIAL HWY,1,Interestatal,Rural,Interestatal,State Highway Agency,1,Sin jurisdiccion especial,1630,40.96014167,-77.67651111,Volcadura,El primer evento no fue una colision con un vehiculo automotor en transporte,Not an Intersection,No fue interseccion,Sobre calle,Construccion,Oscuro sin iluminacion,Despejado,No,NO APLICA,2,48,3,8,1,30/07/2022,2
42,Pennsylvania,420496,0,0,1,0,91,MONTGOMERY (91),0,NO APLICA,7,Julio,30,2022,18,31,SEITZ RD,5,Calle Local - Pueblo,Rural,Local,Town or Township Highway Agency,0,Sin jurisdiccion especial,0,40.23593889,-75.46511111,Alguien se cayo/avento del vehiculo,El primer evento no fue una colision con un vehiculo automotor en transporte,Not an Intersection,No fue interseccion,Sobre calle,Ninguna,Dia total,Despejado,No,NO APLICA,99,99,99,99,1,30/07/2022,1
42,Pennsylvania,420497,0,0,2,0,101,PHILADELPHIA (101),6540,PHILADELPHIA,8,Agosto,1,2022,20,56,US-1 ROOSEVELT BLVD,2,US Highway,Urbano,Arteria Principal,Unknown,1,Sin jurisdiccion especial,53,40.04303333,-75.0554,Vehiculo en movimiento,Angulo,Not an Intersection,No fue interseccion,Sobre calle,Ninguna,Oscuro con iluminacion,Despejado,No,NO APLICA,20,57,21,10,1,01/08/2022,2
42,Pennsylvania,420498,0,0,6,4,101,PHILADELPHIA (101),6540,PHILADELPHIA,9,Septiembre,24,2022,21,50,SR-2016 ALLEGHENY AVE,3,Highway estatal,Urbano,Arteria Menor,State Highway Agency,0,Sin jurisdiccion especial,47,39.98983889,-75.10755556,Vehiculo en movimiento,Frente a Detrás,Four-Way Intersection,Interseccion de 4 direcciones,Sobre calle,Ninguna,Oscuro con iluminacion,Despejado,No,NO APLICA,21,51,21,57,1,24/09/2022,4
42,Pennsylvania,420499,1,1,1,0,101,PHILADELPHIA (101),6540,PHILADELPHIA,8,Agosto,6,2022,21,51,SR-1018 GRANT AVE,3,Highway estatal,Urbano,Arteria Principal,State Highway Agency,1,Sin jurisdiccion especial,13,40.07631389,-75.02036389,Peaton,El primer evento no fue una colision con un vehiculo automotor en transporte,Not an Intersection,No fue interseccion,Sobre calle,Ninguna,Oscuro con iluminacion,Despejado,No,NO APLICA,21,53,22,4,1,06/08/2022,1
42,Pennsylvania,420500,1,1,1,0,79,LUZERNE (79),2480,EDWARDSVILLE,8,Agosto,11,2022,0,35,US-11,2,US Highway,Urbano,Arteria Principal,Unknown,1,Sin jurisdiccion especial,255,41.25404444,-75.91013611,Otro objeto (no fijo),El primer evento no fue una colision con un vehiculo automotor en transporte,Not an Intersection,No fue interseccion,Sobre calle,Ninguna,Oscuro sin iluminacion,Despejado,No,NO APLICA,0,36,0,41,1,11/08/2022,1
42,Pennsylvania,420501,0,0,1,0,133,YORK (133),0,NO APLICA,7,Julio,29,2022,11,13,SR-825 FURNACE RD,3,Highway estatal,Rural,Colector Menor,State Highway Agency,0,Sin jurisdiccion especial,140,39.88225556,-76.38162222,Volcadura,El primer evento no fue una colision con un vehiculo automotor en transporte,Not an Intersection,No fue interseccion,Sobre calle,Ninguna,Dia total,Despejado,No,NO APLICA,11,13,11,25,5,29/07/2022,13
42,Pennsylvania,420502,0,0,1,0,17,BUCKS (17),0,NO APLICA,4,Abril,24,2022,19,37,SR-2020 NEW TYBURN RD,3,Highway estatal,Urbano,Arteria Menor,State Highway Agency,0,Sin jurisdiccion especial,16,40.17972778,-74.80150833,Arbol,El primer evento no fue una colision con un vehiculo automotor en transporte,Not an Intersection,No fue interseccion,Sobre el lado de la calle,Ninguna,Dia total,Despejado,No,NO APLICA,19,37,19,42,2,24/04/2022,2
42,Pennsylvania,420503,0,0,2,0,11,BERKS (11),0,NO APLICA,6,Junio,3,2022,0,35,US-422 POTTSTOWN BYP,2,US Highway,Urbano,Arterial Principal -Freeway o ExpressWay,Unknown,1,Sin jurisdiccion especial,317,40.2491,-75.71476944,Vehiculo en movimiento,Frente a frente,Not an Intersection,No fue interseccion,Sobre calle,Ninguna,Oscuro sin iluminacion,Despejado,No,NO APLICA,99,99,99,99,1,03/06/2022,3
42,Pennsylvania,420504,0,0,1,0,91,MONTGOMERY (91),0,NO APLICA,7,Julio,25,2022,5,52,SR-3033 GUTHRIE RD,3,Highway estatal,Urbano,Colector Mayor,State Highway Agency,0,Sin jurisdiccion especial,3,40.08478056,-75.41038056,Volcadura,El primer evento no fue una colision con un vehiculo automotor en transporte,Not an Intersection,No fue interseccion,Sobre calle,Ninguna,Dia total,Despejado,No,NO APLICA,5,55,6,7,1,25/07/2022,1