Estado,Nombre de Estado,Numero de Caso,Peatones,Personas _no_vehiculos,Vehiculos automotores,Vehiculos estacionados,Condado,Nombre Condado,Ciudad,Nombre Ciudad,Mes,Nombre Mes,Dia,Año,Hora,Minuto,Calle,Ruta,Nombre Ruta,Rural o Urbanoo,Sistema Funcional,Dueño Calle,Sistema Nacional Carreteras,Jurisdiccion Especial,Milla,Latitud,Longitud,Causa del Accidente,Tipo de Accidente,Tipo Interseccion,Columna1,Lugar en la calle,Zona de Trabajo,Luz,Clima,Autobus Escolar,Cruce de Trenes,Hora Notificacion,Minuto Notificacion,Hora Llegada,Minuto Llegada,Decesos,Fecha,PersonaVehiculo
42,Pennsylvania,420505,0,0,2,0,13,BLAIR (13),0,NO APLICA,7,Julio,7,2022,14,31,SR-764 SIXTH AV RD,3,Highway estatal,Urbano,Arteria Principal,State Highway Agency,1,Sin jurisdiccion especial,11,40.4557,-78.42914722,Vehiculo en movimiento,Angulo,Not an Intersection,No fue interseccion,Sobre calle,Ninguna,Dia total,Despejado,No,NO APLICA,99,99,99,99,1,07/07/2022,2
42,Pennsylvania,420506,0,0,2,0,33,CLEARFIELD (33),0,NO APLICA,8,Agosto,1,2022,9,51,SR-53 FRONT ST,3,Highway estatal,Rural,Arteria Menor,State Highway Agency,0,Sin jurisdiccion especial,169,40.82671667,-78.35631389,Volcadura,El primer evento no fue una colision con un vehiculo automotor en transporte,T-Intersection,Interseccion de T,Sobre calle,Ninguna,Dia total,Despejado,No,NO APLICA,99,99,99,99,1,01/08/2022,3
42,Pennsylvania,420507,0,0,1,0,89,MONROE (89),0,NO APLICA,8,Agosto,2,2022,20,51,SR-447 CREEK RD,3,Highway estatal,Rural,Colector Mayor,State Highway Agency,0,Sin jurisdiccion especial,102,41.14146389,-75.23403056,Otro objeto (no fijo),El primer evento no fue una colision con un vehiculo automotor en transporte,Not an Intersection,No fue interseccion,Fuera de la calle,Ninguna,Atardecer,Despejado,No,NO APLICA,99,99,99,99,1,02/08/2022,1
42,Pennsylvania,420508,0,0,1,0,89,MONROE (89),0,NO APLICA,8,Agosto,3,2022,23,33,US-209B SOUTH COURTLAND ST,2,US Highway,Urbano,Arteria Menor,Unknown,0,Sin jurisdiccion especial,117,40.99889722,-75.182925,Banqueta,El primer evento no fue una colision con un vehiculo automotor en transporte,Not an Intersection,No fue interseccion,Sobre el lado de la calle,Ninguna,Oscuro con iluminacion,Despejado,No,NO APLICA,99,99,99,99,1,03/08/2022,1
42,Pennsylvania,420509,0,0,2,0,29,CHESTER (29),3710,HONEY BROOK,8,Agosto,3,2022,20,11,US-322 HORSESHOE PIKE,2,US Highway,Urbano,Arteria Principal,Unknown,1,Sin jurisdiccion especial,17,40.09589167,-75.91340556,Vehiculo en movimiento,Angulo,Four-Way Intersection,Interseccion de 4 direcciones,Sobre calle,Ninguna,Atardecer,Despejado,No,NO APLICA,20,11,20,21,1,03/08/2022,2
42,Pennsylvania,420510,0,0,1,0,133,YORK (133),0,NO APLICA,8,Agosto,4,2022,21,58,SR-851 BRYANSVILLE RD,3,Highway estatal,Rural,Colector Menor,State Highway Agency,0,Sin jurisdiccion especial,322,39.74988333,-76.33454722,Arbol,El primer evento no fue una colision con un vehiculo automotor en transporte,Not an Intersection,No fue interseccion,Sobre el lado de la calle,Ninguna,Oscuro sin iluminacion,lluvia,No,NO APLICA,21,55,21,59,1,04/08/2022,1
42,Pennsylvania,420511,0,0,1,0,43,DAUPHIN (43),0,NO APLICA,8,Agosto,4,2022,14,12,SR-8001 RAMP CC RD,3,Highway estatal,Urbano,Interestatal,State Highway Agency,1,Sin jurisdiccion especial,659,40.31057778,-76.899775,Volcadura,El primer evento no fue una colision con un vehiculo automotor en transporte,Not an Intersection,No fue interseccion,Sobre calle,Ninguna,Dia total,Despejado,No,NO APLICA,99,99,99,99,1,04/08/2022,1
42,Pennsylvania,420512,0,0,1,0,29,CHESTER (29),0,NO APLICA,8,Agosto,6,2022,3,29,US-202,2,US Highway,Urbano,Arterial Principal -Freeway o ExpressWay,Unknown,1,Sin jurisdiccion especial,111,40.04405278,-75.56935,Valla Ferrocarril,El primer evento no fue una colision con un vehiculo automotor en transporte,Not an Intersection,No fue interseccion,Sobre el lado de la calle,Ninguna,Oscuro sin iluminacion,Despejado,No,NO APLICA,3,27,3,35,1,06/08/2022,2
42,Pennsylvania,420513,0,0,2,0,71,LANCASTER (71),0,NO APLICA,8,Agosto,6,2022,13,29,SR-2028 STRASBURG RD,3,Highway estatal,Urbano,Colector Mayor,State Highway Agency,0,Sin jurisdiccion especial,5,39.97985833,-76.00785278,Vehiculo en movimiento,Frente a frente,Not an Intersection,No fue interseccion,Sobre calle,Ninguna,Dia total,Despejado,No,NO APLICA,13,29,13,36,1,06/08/2022,2
42,Pennsylvania,420514,0,0,3,0,17,BUCKS (17),0,NO APLICA,4,Abril,8,2022,9,54,SR-2002 STATE RD,3,Highway estatal,Urbano,Arteria Menor,State Highway Agency,0,Sin jurisdiccion especial,65,40.09629444,-74.87635556,Animal vivo,El primer evento no fue una colision con un vehiculo automotor en transporte,Not an Intersection,No fue interseccion,Sobre calle,Ninguna,Dia total,Despejado,No,NO APLICA,9,55,10,1,1,08/04/2022,3
42,Pennsylvania,420515,0,0,3,0,91,MONTGOMERY (91),0,NO APLICA,9,Septiembre,2,2022,21,20,SR-4014 TOWNSHIP LINE RD,3,Highway estatal,Urbano,Arteria Principal,State Highway Agency,0,Sin jurisdiccion especial,14,40.20491944,-75.50970556,Vehiculo en movimiento,Frente a frente,Not an Intersection,No fue interseccion,Sobre calle,Ninguna,Oscuro sin iluminacion,Despejado,No,NO APLICA,21,21,21,28,2,02/09/2022,7
42,Pennsylvania,420516,0,0,3,0,39,CRAWFORD (39),0,NO APLICA,10,Octubre,4,2022,15,50,SR-285,3,Highway estatal,Rural,Arteria Menor,State Highway Agency,0,Sin jurisdiccion especial,231,41.52855556,-80.11817222,Vehiculo en movimiento,Angulo,T-Intersection,Interseccion de T,Sobre calle,Ninguna,Dia total,Despejado,No,NO APLICA,99,99,99,99,1,04/10/2022,3
42,Pennsylvania,420517,0,0,1,0,89,MONROE (89),0,NO APLICA,2,Febrero,12,2022,14,16,SR-3004 KUNKLETOWN RD,3,Highway estatal,Rural,Colector Mayor,State Highway Agency,0,Sin jurisdiccion especial,80,40.880825,-75.35695556,Immersion total o parcial,El primer evento no fue una colision con un vehiculo automotor en transporte,Not an Intersection,No fue interseccion,Sobre el lado de la calle,Ninguna,Dia total,Despejado,No,NO APLICA,99,99,99,99,1,12/02/2022,1
42,Pennsylvania,420518,0,0,1,0,95,NORTHAMPTON (95),0,NO APLICA,5,Mayo,8,2022,5,23,SR-1017 FIVE POINTS RICHMON RD,3,Highway estatal,Rural,Colector Menor,State Highway Agency,0,Sin jurisdiccion especial,59,40.87763333,-75.15289444,Poste,El primer evento no fue una colision con un vehiculo automotor en transporte,Not an Intersection,No fue interseccion,Sobre el lado de la calle,Ninguna,Oscuro sin iluminacion,Despejado,No,NO APLICA,99,99,99,99,1,08/05/2022,1
42,Pennsylvania,420519,0,0,2,0,45,DELAWARE (45),0,NO APLICA,6,Junio,30,2022,1,51,I-95 VIETNAM VETERANS MEMO HWY,1,Interestatal,Urbano,Interestatal,State Highway Agency,1,Sin jurisdiccion especial,26,39.83984444,-75.40886389,Vehiculo en movimiento,Angulo,Not an Intersection,No fue interseccion,Sobre calle,Ninguna,Oscuro sin iluminacion,Despejado,No,NO APLICA,99,99,99,99,1,30/06/2022,2
42,Pennsylvania,420520,0,0,2,0,85,MERCER (85),0,NO APLICA,8,Agosto,7,2022,20,51,SR-18 HERMITAGE RD,3,Highway estatal,Urbano,Arteria Principal,State Highway Agency,1,Sin jurisdiccion especial,184,41.3417,-80.41118611,Vehiculo en movimiento,Frente a frente,Not an Intersection,No fue interseccion,Sobre calle,Ninguna,Atardecer,Despejado,No,NO APLICA,20,53,21,2,1,07/08/2022,4
42,Pennsylvania,420521,0,0,1,0,133,YORK (133),0,NO APLICA,8,Agosto,7,2022,4,21,GUT RD,5,Calle Local - Pueblo,Rural,Local,Town or Township Highway Agency,0,Sin jurisdiccion especial,0,40.07581944,-76.68019444,Arbol,El primer evento no fue una colision con un vehiculo automotor en transporte,Not an Intersection,No fue interseccion,Sobre el lado de la calle,Ninguna,Oscuro sin iluminacion,Despejado,No,NO APLICA,4,27,4,39,1,07/08/2022,3
42,Pennsylvania,420522,0,0,1,0,91,MONTGOMERY (91),0,NO APLICA,8,Agosto,8,2022,13,40,SR-73 BIG RD,3,Highway estatal,Urbano,Arteria Principal,State Highway Agency,1,Sin jurisdiccion especial,27,40.31545556,-75.58245,Arbol,El primer evento no fue una colision con un vehiculo automotor en transporte,Not an Intersection,No fue interseccion,Sobre el lado de la calle,Ninguna,Dia total,Despejado,No,NO APLICA,13,44,13,48,1,08/08/2022,1
42,Pennsylvania,420523,0,0,2,0,51,FAYETTE (51),0,NO APLICA,8,Agosto,9,2022,5,51,SR-51 PITTSBURGH RD,3,Highway estatal,Urbano,Arteria Principal,State Highway Agency,1,Sin jurisdiccion especial,25,39.934125,-79.72963889,Vehiculo en movimiento,Angulo,T-Intersection,Interseccion de T,Sobre calle,Ninguna,Amanecer,Despejado,No,NO APLICA,5,51,5,59,1,09/08/2022,2
42,Pennsylvania,420524,0,0,1,0,27,CENTRE (27),0,NO APLICA,8,Agosto,10,2022,20,50,SR-350 SANDY RIDGE MOUNTAIN RD,3,Highway estatal,Rural,Arteria Menor,State Highway Agency,0,Sin jurisdiccion especial,3,40.74471111,-78.20023889,Volcadura,El primer evento no fue una colision con un vehiculo automotor en transporte,Not an Intersection,No fue interseccion,Sobre el lado de la calle,Ninguna,Oscuro sin iluminacion,Despejado,No,NO APLICA,99,99,99,99,1,10/08/2022,1
42,Pennsylvania,420525,0,0,1,0,97,NORTHUMBERLAND (97),0,NO APLICA,8,Agosto,11,2022,23,40,MT ZION RD,5,Calle Local - Pueblo,Rural,Local,Town or Township Highway Agency,0,Sin jurisdiccion especial,0,40.97386111,-76.82940278,Volcadura,El primer evento no fue una colision con un vehiculo automotor en transporte,Not an Intersection,No fue interseccion,Sobre calle,Ninguna,Oscuro sin iluminacion,Despejado,No,NO APLICA,6,12,6,20,1,11/08/2022,1
42,Pennsylvania,420526,0,0,2,0,29,CHESTER (29),0,NO APLICA,8,Agosto,13,2022,19,57,SR-3035 CHURCH RD,3,Highway estatal,Urbano,Colector Mayor,State Highway Agency,0,Sin jurisdiccion especial,19,39.84955278,-75.77491389,Vehiculo en movimiento,Angulo,Not an Intersection,No fue interseccion,Sobre calle,Ninguna,Dia total,Despejado,No,NO APLICA,19,57,20,3,1,13/08/2022,2
42,Pennsylvania,420527,0,0,1,0,33,CLEARFIELD (33),1290,CHESTER HILL,8,Agosto,11,2022,16,54,W PRESQUEISLE ST,6,Calle Local Municipalidad,Rural,Local,City or Municipal Highway Agency,0,Sin jurisdiccion especial,0,40.89386944,-78.22607222,Poste,El primer evento no fue una colision con un vehiculo automotor en transporte,Not an Intersection,No fue interseccion,Sobre el lado de la calle,Ninguna,Dia total,Despejado,No,NO APLICA,20,39,21,3,1,11/08/2022,1
42,Pennsylvania,420528,0,0,1,0,133,YORK (133),0,NO APLICA,8,Agosto,12,2022,1,30,US-30 ARSENAL RD,2,US Highway,Urbano,Arterial Principal -Freeway o ExpressWay,Unknown,1,Sin jurisdiccion especial,201,39.99267222,-76.65845556,Barda,El primer evento no fue una colision con un vehiculo automotor en transporte,Not an Intersection,No fue interseccion,Fuera de la calle,Ninguna,Oscuro sin iluminacion,Despejado,No,NO APLICA,99,99,99,99,1,12/08/2022,1
42,Pennsylvania,420529,0,0,2,1,101,PHILADELPHIA (101),6540,PHILADELPHIA,8,Agosto,13,2022,19,52,I-95 DELAWARE EXPY,1,Interestatal,Urbano,Interestatal,State Highway Agency,1,Sin jurisdiccion especial,199,39.92740833,-75.14657222,Vehiculo Aparcado,El primer evento no fue una colision con un vehiculo automotor en transporte,Not an Intersection,No fue interseccion,Sobre Acotamiento,Ninguna,Dia total,Despejado,No,NO APLICA,19,58,20,4,1,13/08/2022,1
42,Pennsylvania,420530,0,0,1,0,39,CRAWFORD (39),8470,TITUSVILLE,8,Agosto,13,2022,21,16,PERRY ST,6,Calle Local Municipalidad,Rural,Local,City or Municipal Highway Agency,0,Sin jurisdiccion especial,0,41.62225278,-79.67693056,Barrera de Trafico de Concreto,El primer evento no fue una colision con un vehiculo automotor en transporte,Not an Intersection,No fue interseccion,"Fuera de la calle, ubicacion desconocida",Ninguna,Oscuro con iluminacion,Despejado,No,NO APLICA,99,99,99,99,1,13/08/2022,1
42,Pennsylvania,420531,0,0,1,0,101,PHILADELPHIA (101),6540,PHILADELPHIA,8,Agosto,14,2022,14,36,I-76 SCHUYLKILL EXPY,1,Interestatal,Urbano,Interestatal,State Highway Agency,1,Sin jurisdiccion especial,3462,39.93248611,-75.20005556,Volcadura,El primer evento no fue una colision con un vehiculo automotor en transporte,Not an Intersection,No fue interseccion,Sobre calle,Ninguna,Dia total,Despejado,No,NO APLICA,14,40,14,41,1,14/08/2022,1
42,Pennsylvania,420532,0,0,2,0,71,LANCASTER (71),0,NO APLICA,8,Agosto,14,2022,22,9,SR-462 LINCOLN WAY,3,Highway estatal,Urbano,Arterial Principal -Freeway o ExpressWay,State Highway Agency,1,Sin jurisdiccion especial,174,40.03198611,-76.23983889,Vehiculo en movimiento,Angulo,T-Intersection,Interseccion de T,Sobre calle,Ninguna,Oscuro con iluminacion,Despejado,No,NO APLICA,22,11,22,13,1,14/08/2022,2
42,Pennsylvania,420533,1,1,5,3,101,PHILADELPHIA (101),6540,PHILADELPHIA,4,Abril,1,2022,5,24,SR-2014 LEHIGH AVE,3,Highway estatal,Urbano,Arteria Principal,State Highway Agency,1,Sin jurisdiccion especial,17,39.99429722,-75.15753333,Vehiculo en movimiento,Frente a Detrás,Not an Intersection,No fue interseccion,Sobre calle,Ninguna,Oscuro con iluminacion,lluvia,No,NO APLICA,5,26,5,31,1,01/04/2022,2
42,Pennsylvania,420534,0,0,1,0,65,JEFFERSON (65),0,NO APLICA,8,Agosto,13,2022,22,40,SR-36 COLONEL DRAKE HWY,3,Highway estatal,Rural,Arteria Menor,State Highway Agency,0,Sin jurisdiccion especial,318,41.20359167,-79.11357778,Poste de Señal de trafico,El primer evento no fue una colision con un vehiculo automotor en transporte,Not an Intersection,No fue interseccion,Sobre el lado de la calle,Ninguna,Oscuro sin iluminacion,Despejado,No,NO APLICA,99,99,99,99,1,13/08/2022,1
42,Pennsylvania,420535,0,0,2,0,3,ALLEGHENY (3),6600,PITTSBURGH,7,Julio,7,2022,16,55,LAPPE LN,6,Calle Local Municipalidad,Urbano,Local,City or Municipal Highway Agency,0,Sin jurisdiccion especial,0,40.46786111,-79.99605833,Vehiculo en movimiento,Frente a frente,L-Intersection,Interseccion en L,Sobre calle,Ninguna,Dia total,Despejado,No,NO APLICA,17,7,17,15,1,07/07/2022,3
42,Pennsylvania,420536,0,0,2,0,101,PHILADELPHIA (101),6540,PHILADELPHIA,8,Agosto,14,2022,3,0,SR-3 WALNUT ST,3,Highway estatal,Urbano,Arteria Principal,State Highway Agency,1,Sin jurisdiccion especial,14,39.95699444,-75.22554444,Vehiculo en movimiento,Angulo,Four-Way Intersection,Interseccion de 4 direcciones,Sobre calle,Ninguna,Oscuro con iluminacion,Despejado,No,NO APLICA,3,1,3,3,3,14/08/2022,8
42,Pennsylvania,420537,1,1,1,0,101,PHILADELPHIA (101),6540,PHILADELPHIA,8,Agosto,14,2022,2,13,FOX ST,6,Calle Local Municipalidad,Urbano,Local,City or Municipal Highway Agency,0,Sin jurisdiccion especial,0,40.01254167,-75.17645833,Peaton,El primer evento no fue una colision con un vehiculo automotor en transporte,Not an Intersection,No fue interseccion,Sobre calle,Ninguna,Oscuro con iluminacion,Despejado,No,NO APLICA,2,15,2,27,1,14/08/2022,1
42,Pennsylvania,420538,0,0,2,0,17,BUCKS (17),0,NO APLICA,8,Agosto,16,2022,8,11,SR-2021 MECHANICSVILLE RD,3,Highway estatal,Urbano,Colector Mayor,State Highway Agency,0,Sin jurisdiccion especial,18,40.11804722,-74.93538611,Otro objeto (no fijo),El primer evento no fue una colision con un vehiculo automotor en transporte,Not an Intersection,No fue interseccion,Sobre calle,Ninguna,Dia total,Despejado,No,NO APLICA,8,12,8,16,1,16/08/2022,2
42,Pennsylvania,420539,1,1,1,0,71,LANCASTER (71),0,NO APLICA,8,Agosto,13,2022,9,48,POOL FORGE RD,5,Calle Local - Pueblo,Rural,Local,Town or Township Highway Agency,0,Sin jurisdiccion especial,0,40.12804444,-75.97588611,Ciclista,El primer evento no fue una colision con un vehiculo automotor en transporte,T-Intersection,Interseccion de T,Sobre calle,Ninguna,Dia total,Despejado,No,NO APLICA,99,99,99,99,1,13/08/2022,1
42,Pennsylvania,420540,0,0,2,0,91,MONTGOMERY (91),6000,NORRISTOWN,8,Agosto,13,2022,2,29,US-202 DEKALB ST,2,US Highway,Urbano,Arteria Principal,Unknown,1,Sin jurisdiccion especial,53,40.12428333,-75.33211111,Vehiculo en movimiento,Angulo,Four-Way Intersection,Interseccion de 4 direcciones,Sobre calle,Ninguna,Oscuro con iluminacion,Despejado,No,NO APLICA,2,30,2,30,1,13/08/2022,2
42,Pennsylvania,420541,0,0,2,0,51,FAYETTE (51),0,NO APLICA,8,Agosto,13,2022,14,58,SR-381 INDIAN CREEK VALLEY RD,3,Highway estatal,Rural,Arteria Menor,State Highway Agency,0,Sin jurisdiccion especial,333,40.06581389,-79.36454167,Vehiculo en movimiento,Frente a frente,T-Intersection,Interseccion de T,Sobre calle,Ninguna,Dia total,Despejado,No,NO APLICA,99,99,99,99,1,13/08/2022,3
42,Pennsylvania,420542,0,0,1,0,101,PHILADELPHIA (101),6540,PHILADELPHIA,8,Agosto,18,2022,2,51,US-1 ROOSEVELT BLVD,2,US Highway,Urbano,Arteria Principal,Unknown,1,Sin jurisdiccion especial,109,40.03423333,-75.07513333,Poste de Señal de trafico,El primer evento no fue una colision con un vehiculo automotor en transporte,Four-Way Intersection,Interseccion de 4 direcciones,Sobre el lado de la calle,Ninguna,Oscuro con iluminacion,Despejado,No,NO APLICA,2,52,2,58,1,18/08/2022,2
42,Pennsylvania,420543,0,0,2,0,95,NORTHAMPTON (95),0,NO APLICA,8,Agosto,13,2022,15,34,SR-1004 BELVIDERE RD,3,Highway estatal,Rural,Colector Mayor,State Highway Agency,0,Sin jurisdiccion especial,46,40.81973611,-75.09977222,Volcadura,El primer evento no fue una colision con un vehiculo automotor en transporte,T-Intersection,Interseccion de T,Sobre calle,Ninguna,Dia total,Despejado,No,NO APLICA,88,88,88,88,1,13/08/2022,2
42,Pennsylvania,420544,0,0,1,0,115,SUSQUEHANNA (115),0,NO APLICA,8,Agosto,16,2022,17,35,SR-171 MAIN ST,3,Highway estatal,Rural,Arteria Menor,State Highway Agency,0,Sin jurisdiccion especial,35,41.68658056,-75.47923056,Acotamiento,El primer evento no fue una colision con un vehiculo automotor en transporte,Not an Intersection,No fue interseccion,Sobre el lado de la calle,Ninguna,Dia total,Despejado,No,NO APLICA,17,41,17,47,1,16/08/2022,2
42,Pennsylvania,420545,1,1,1,0,101,PHILADELPHIA (101),6540,PHILADELPHIA,8,Agosto,17,2022,21,25,W WALNUT LN,6,Calle Local Municipalidad,Urbano,Local,City or Municipal Highway Agency,0,Sin jurisdiccion especial,0,40.03738611,-75.18183611,Peaton,El primer evento no fue una colision con un vehiculo automotor en transporte,Four-Way Intersection,Interseccion de 4 direcciones,Sobre calle,Ninguna,Oscuro con iluminacion,Despejado,No,NO APLICA,21,24,21,33,1,17/08/2022,1
42,Pennsylvania,420546,0,0,2,0,69,LACKAWANNA (69),5480,MOOSIC,8,Agosto,17,2022,6,48,SR-502 SPRING BROOK AVE,3,Highway estatal,Urbano,Arteria Menor,State Highway Agency,0,Sin jurisdiccion especial,1,41.35162222,-75.725275,Vehiculo en movimiento,Frente a frente,Not an Intersection,No fue interseccion,Sobre calle,Ninguna,Dia total,Despejado,No,NO APLICA,6,51,6,56,1,17/08/2022,2
42,Pennsylvania,420547,0,0,2,0,63,INDIANA (63),0,NO APLICA,8,Agosto,18,2022,14,53,US-422 BENJAMIN FRANKLIN HWY,2,US Highway,Rural,Arteria Principal,Unknown,1,Sin jurisdiccion especial,254,40.55311111,-78.9223,Vehiculo en movimiento,Angulo,Four-Way Intersection,Interseccion de 4 direcciones,Sobre calle,Ninguna,Dia total,Despejado,No,NO APLICA,14,52,15,10,1,18/08/2022,3
42,Pennsylvania,420548,1,1,2,1,101,PHILADELPHIA (101),6540,PHILADELPHIA,9,Septiembre,10,2022,10,10,W CHELTEN AVE,6,Calle Local Municipalidad,Urbano,Local,City or Municipal Highway Agency,0,Sin jurisdiccion especial,0,40.03100556,-75.17979722,Peaton,El primer evento no fue una colision con un vehiculo automotor en transporte,Not an Intersection,No fue interseccion,En estacionamiento,Ninguna,Dia total,Despejado,No,NO APLICA,10,12,10,29,1,10/09/2022,1
42,Pennsylvania,420549,1,1,2,1,101,PHILADELPHIA (101),6540,PHILADELPHIA,9,Septiembre,23,2022,21,27,SR-73 COTTMAN AVE,3,Highway estatal,Urbano,Arteria Principal,State Highway Agency,1,Sin jurisdiccion especial,23,40.04334444,-75.05233056,Peaton,El primer evento no fue una colision con un vehiculo automotor en transporte,Four-Way Intersection,Interseccion de 4 direcciones,Sobre calle,Ninguna,Oscuro con iluminacion,Despejado,No,NO APLICA,21,30,21,34,1,23/09/2022,1
42,Pennsylvania,420550,0,0,1,0,3,ALLEGHENY (3),6600,PITTSBURGH,5,Mayo,21,2022,19,28,I-279 FORT DUQUESNE BRG,1,Interestatal,Urbano,Interestatal,State Highway Agency,1,Sin jurisdiccion especial,3,40.44355833,-80.00911944,Barrera de Trafico de Concreto,El primer evento no fue una colision con un vehiculo automotor en transporte,Not an Intersection,No fue interseccion,Sobre el lado de la calle,Ninguna,Dia total,Despejado,No,NO APLICA,99,99,99,99,1,21/05/2022,2
42,Pennsylvania,420551,0,0,2,0,91,MONTGOMERY (91),0,NO APLICA,8,Agosto,13,2022,13,49,SR-4017 LINFIELD TRAPPE RD,3,Highway estatal,Urbano,Colector Mayor,State Highway Agency,0,Sin jurisdiccion especial,16,40.20863611,-75.51823611,Vehiculo en movimiento,Angulo,T-Intersection,Interseccion de T,Sobre calle,Ninguna,Dia total,Despejado,No,NO APLICA,13,53,13,56,1,13/08/2022,2
42,Pennsylvania,420552,0,0,2,0,133,YORK (133),0,NO APLICA,8,Agosto,17,2022,12,52,SR-1033 SHERMAN ST,3,Highway estatal,Urbano,Arteria Menor,State Highway Agency,0,Sin jurisdiccion especial,27,40.0041,-76.70195833,Vehiculo en movimiento,Frente a frente,Not an Intersection,No fue interseccion,Sobre calle,Ninguna,Dia total,Despejado,No,NO APLICA,12,54,13,2,1,17/08/2022,2
42,Pennsylvania,420553,0,0,1,0,39,CRAWFORD (39),0,NO APLICA,8,Agosto,21,2022,3,59,TROY RD,5,Calle Local - Pueblo,Rural,Local,Town or Township Highway Agency,0,Sin jurisdiccion especial,0,41.643325,-79.75544722,Culvert,El primer evento no fue una colision con un vehiculo automotor en transporte,Not an Intersection,No fue interseccion,Sobre el lado de la calle,Ninguna,Oscuro sin iluminacion,Despejado,No,NO APLICA,4,7,4,10,1,21/08/2022,5
42,Pennsylvania,420554,0,0,2,0,19,BUTLER (19),0,NO APLICA,8,Agosto,19,2022,23,38,SR-308 WEST SUNBURY RD,3,Highway estatal,Rural,Colector Mayor,State Highway Agency,0,Sin jurisdiccion especial,70,40.99351389,-79.89936111,Vehiculo en movimiento,Frente a frente,Not an Intersection,No fue interseccion,Sobre calle,Ninguna,Oscuro sin iluminacion,Despejado,No,NO APLICA,99,99,99,99,1,19/08/2022,2
42,Pennsylvania,420555,0,0,1,0,41,CUMBERLAND (41),0,NO APLICA,8,Agosto,19,2022,16,9,I-76 TURNPIKE RAMP RD,1,Interestatal,Rural,Interestatal,State Toll Road,1,Sin jurisdiccion especial,2370,40.19576944,-76.98087222,Volcadura,El primer evento no fue una colision con un vehiculo automotor en transporte,Not an Intersection,No fue interseccion,Sobre calle,Ninguna,Dia total,Despejado,No,NO APLICA,16,8,16,21,1,19/08/2022,1
42,Pennsylvania,420556,0,0,2,0,5,ARMSTRONG (5),0,NO APLICA,8,Agosto,20,2022,13,22,SR-28,3,Highway estatal,Rural,Arteria Principal,State Highway Agency,1,Sin jurisdiccion especial,143,40.84618611,-79.46189444,Vehiculo en movimiento,Angulo,Four-Way Intersection,Interseccion de 4 direcciones,Sobre calle,Ninguna,Dia total,Despejado,No,NO APLICA,99,99,99,99,1,20/08/2022,4
42,Pennsylvania,420557,0,0,1,0,31,CLARION (31),0,NO APLICA,8,Agosto,20,2022,20,58,SR-68,3,Highway estatal,Rural,Arteria Menor,State Highway Agency,0,Sin jurisdiccion especial,126,41.093075,-79.48666111,Valla Ferrocarril,El primer evento no fue una colision con un vehiculo automotor en transporte,Not an Intersection,No fue interseccion,Sobre el lado de la calle,Ninguna,Oscuro sin iluminacion,Despejado,No,NO APLICA,99,99,99,99,1,20/08/2022,1
42,Pennsylvania,420558,0,0,1,0,11,BERKS (11),0,NO APLICA,8,Agosto,21,2022,18,38,RAILROAD RD,5,Calle Local - Pueblo,Rural,Local,Town or Township Highway Agency,0,Sin jurisdiccion especial,0,40.46819444,-75.98395556,Zanja,El primer evento no fue una colision con un vehiculo automotor en transporte,Not an Intersection,No fue interseccion,Sobre el lado de la calle,Ninguna,Dia total,Despejado,No,NO APLICA,99,99,99,99,1,21/08/2022,1
42,Pennsylvania,420559,1,1,1,0,101,PHILADELPHIA (101),6540,PHILADELPHIA,8,Agosto,22,2022,0,48,SR-1009 BUSTLETON AVE,3,Highway estatal,Urbano,Arteria Principal,State Highway Agency,1,Sin jurisdiccion especial,36,40.04832778,-75.05928333,Ciclista,El primer evento no fue una colision con un vehiculo automotor en transporte,Not an Intersection,No fue interseccion,Sobre calle,Ninguna,Oscuro con iluminacion,lluvia,No,NO APLICA,0,49,0,55,1,22/08/2022,1
42,Pennsylvania,420560,0,0,1,0,125,WASHINGTON (125),1240,CHARLEROI,9,Septiembre,6,2022,12,10,5TH ST,6,Calle Local Municipalidad,Urbano,Local,City or Municipal Highway Agency,0,Sin jurisdiccion especial,0,40.13873333,-79.89708611,Vehiculo Ferrocarril,El primer evento no fue una colision con un vehiculo automotor en transporte,Not an Intersection,No fue interseccion,Sobre calle,Ninguna,Dia total,Despejado,No,507755Y,99,99,99,99,1,06/09/2022,1
42,Pennsylvania,420561,0,0,2,0,91,MONTGOMERY (91),0,NO APLICA,8,Agosto,21,2022,20,2,GRANGE AVE,5,Calle Local - Pueblo,Rural,Local,Town or Township Highway Agency,0,Sin jurisdiccion especial,0,40.18849722,-75.39830556,Vehiculo en movimiento,Frente a frente,Not an Intersection,No fue interseccion,Sobre calle,Ninguna,Atardecer,Despejado,No,NO APLICA,99,99,99,99,1,21/08/2022,2
42,Pennsylvania,420562,0,0,1,0,127,WAYNE (127),0,NO APLICA,8,Agosto,22,2022,16,51,SR-3040 AVOY RD,3,Highway estatal,Rural,Colector Menor,State Highway Agency,0,Sin jurisdiccion especial,9,41.44119444,-75.34828889,Arbol,El primer evento no fue una colision con un vehiculo automotor en transporte,Not an Intersection,No fue interseccion,Sobre el lado de la calle,Ninguna,Dia total,Despejado,No,NO APLICA,16,45,16,58,1,22/08/2022,1
42,Pennsylvania,420563,0,0,1,0,79,LUZERNE (79),0,NO APLICA,8,Agosto,22,2022,16,30,SR-1044 MT OLIVET RD,3,Highway estatal,Urbano,Colector Mayor,State Highway Agency,0,Sin jurisdiccion especial,27,41.34818611,-75.92720278,Poste,El primer evento no fue una colision con un vehiculo automotor en transporte,Not an Intersection,No fue interseccion,Sobre el lado de la calle,Ninguna,Dia total,Nublado,No,NO APLICA,16,31,16,37,1,22/08/2022,1