Estado,Nombre de Estado,Numero de Caso,Peatones,Personas _no_vehiculos,Vehiculos automotores,Vehiculos estacionados,Condado,Nombre Condado,Ciudad,Nombre Ciudad,Mes,Nombre Mes,Dia,Año,Hora,Minuto,Calle,Ruta,Nombre Ruta,Rural o Urbanoo,Sistema Funcional,Dueño Calle,Sistema Nacional Carreteras,Jurisdiccion Especial,Milla,Latitud,Longitud,Causa del Accidente,Tipo de Accidente,Tipo Interseccion,Columna1,Lugar en la calle,Zona de Trabajo,Luz,Clima,Autobus Escolar,Cruce de Trenes,Hora Notificacion,Minuto Notificacion,Hora Llegada,Minuto Llegada,Decesos,Fecha,PersonaVehiculo
42,Pennsylvania,420564,0,0,1,0,17,BUCKS (17),0,NO APLICA,8,Agosto,23,2022,10,36,I-276 MAINLINE TPKE,1,Interestatal,Rural,Interestatal,State Toll Road,1,Sin jurisdiccion especial,3578,40.12590833,-74.86969722,Volcadura,El primer evento no fue una colision con un vehiculo automotor en transporte,Not an Intersection,No fue interseccion,Sobre calle,Ninguna,Dia total,Despejado,No,NO APLICA,10,39,10,46,1,23/08/2022,1
42,Pennsylvania,420565,0,0,2,0,3,ALLEGHENY (3),1330,CHURCHILL,8,Agosto,26,2022,20,0,SR-2110 PENN AVE,3,Highway estatal,Urbano,Arteria Menor,State Highway Agency,0,Sin jurisdiccion especial,11,40.44516667,-79.85849167,Vehiculo en movimiento,Angulo,Four-Way Intersection,Interseccion de 4 direcciones,Sobre calle,Ninguna,Atardecer,Despejado,No,NO APLICA,20,2,20,5,1,26/08/2022,2
42,Pennsylvania,420566,0,0,2,0,31,CLARION (31),0,NO APLICA,8,Agosto,22,2022,17,0,SR-66 PAINT BLVD,3,Highway estatal,Rural,Arteria Principal,State Highway Agency,1,Sin jurisdiccion especial,140,41.206775,-79.42757222,Vehiculo en movimiento,Frente a frente,Not an Intersection,No fue interseccion,Sobre calle,Ninguna,Dia total,Despejado,No,NO APLICA,5,0,5,2,2,22/08/2022,4
42,Pennsylvania,420567,0,0,3,0,101,PHILADELPHIA (101),6540,PHILADELPHIA,9,Septiembre,28,2022,13,48,US-13 HUNTING PARK AVE,2,US Highway,Urbano,Arteria Principal,Unknown,1,Sin jurisdiccion especial,73,40.01453889,-75.15671389,Vehiculo en movimiento,Angulo,Four-Way Intersection,Interseccion de 4 direcciones,Sobre calle,Ninguna,Dia total,Despejado,No,NO APLICA,13,48,13,57,1,28/09/2022,6
42,Pennsylvania,420568,0,0,1,0,41,CUMBERLAND (41),0,NO APLICA,8,Agosto,26,2022,9,7,I-76 MAINLINE TPKE,1,Interestatal,Rural,Interestatal,State Toll Road,1,Sin jurisdiccion especial,2091,40.18573333,-77.47481389,Valla Ferrocarril,El primer evento no fue una colision con un vehiculo automotor en transporte,Not an Intersection,No fue interseccion,Sobre el lado de la calle,Ninguna,Dia total,Despejado,No,NO APLICA,9,8,9,14,1,26/08/2022,1
42,Pennsylvania,420569,0,0,2,0,1,ADAMS (1),0,NO APLICA,8,Agosto,26,2022,7,33,SR-195 ABBOTTSTOWN PIKE,3,Highway estatal,Urbano,Arteria Menor,State Highway Agency,0,Sin jurisdiccion especial,96,39.85930556,-76.98346667,Volcadura,El primer evento no fue una colision con un vehiculo automotor en transporte,Not an Intersection,No fue interseccion,Sobre calle,Ninguna,Amanecer,Despejado,No,NO APLICA,7,33,7,42,1,26/08/2022,2
42,Pennsylvania,420570,0,0,2,0,79,LUZERNE (79),4090,KINGSTON,4,Abril,10,2022,19,39,US-11 WYOMING AVE,2,US Highway,Urbano,Arteria Principal,Unknown,1,Sin jurisdiccion especial,261,41.25946111,-75.89970278,Vehiculo en movimiento,Angulo,Not an Intersection,No fue interseccion,Sobre calle,Ninguna,Dia total,Despejado,No,NO APLICA,19,3,19,5,2,10/04/2022,3
42,Pennsylvania,420571,1,1,1,0,51,FAYETTE (51),8690,UNIONTOWN,8,Agosto,13,2022,1,11,SOUTH ST,6,Calle Local Municipalidad,Urbano,Local,City or Municipal Highway Agency,0,Sin jurisdiccion especial,0,39.90035278,-79.72938889,Peaton,El primer evento no fue una colision con un vehiculo automotor en transporte,Not an Intersection,No fue interseccion,Sobre calle,Ninguna,Oscuro con iluminacion,Despejado,No,NO APLICA,99,99,99,99,1,13/08/2022,1
42,Pennsylvania,420572,0,0,1,0,3,ALLEGHENY (3),6600,PITTSBURGH,8,Agosto,27,2022,21,1,SR-8045 LC FROM REEDSVILLE AVE,3,Highway estatal,Urbano,Arterial Principal -Freeway o ExpressWay,State Highway Agency,1,Sin jurisdiccion especial,0,40.44924722,-80.01708333,Banqueta,El primer evento no fue una colision con un vehiculo automotor en transporte,Not an Intersection,No fue interseccion,Sobre el lado de la calle,Ninguna,Oscuro con iluminacion,Despejado,No,NO APLICA,21,16,21,27,1,27/08/2022,1
42,Pennsylvania,420573,0,0,2,0,3,ALLEGHENY (3),0,NO APLICA,8,Agosto,22,2022,17,6,SR-2058 MILLTOWN RD,3,Highway estatal,Urbano,Arteria Menor,State Highway Agency,0,Sin jurisdiccion especial,78,40.50544167,-79.793425,Vehiculo en movimiento,Frente a frente,Not an Intersection,No fue interseccion,Sobre calle,Ninguna,Dia total,Despejado,No,NO APLICA,17,22,17,30,1,22/08/2022,4
42,Pennsylvania,420574,0,0,2,0,51,FAYETTE (51),0,NO APLICA,8,Agosto,23,2022,12,52,SR-857 GEORGES FAIRCHANCE RD,3,Highway estatal,Urbano,Colector Mayor,State Highway Agency,0,Sin jurisdiccion especial,47,39.78075556,-79.77377778,Vehiculo en movimiento,Frente a frente,Not an Intersection,No fue interseccion,Sobre calle,Ninguna,Dia total,Despejado,No,NO APLICA,12,53,13,1,1,23/08/2022,2
42,Pennsylvania,420575,0,0,2,0,95,NORTHAMPTON (95),0,NO APLICA,8,Agosto,24,2022,14,42,SR-1011 PEN ARGL RD,3,Highway estatal,Rural,Colector Mayor,State Highway Agency,0,Sin jurisdiccion especial,20,40.84649167,-75.25099722,Vehiculo en movimiento,Angulo,Four-Way Intersection,Interseccion de 4 direcciones,Sobre calle,Ninguna,Dia total,Despejado,No,NO APLICA,99,99,99,99,1,24/08/2022,2
42,Pennsylvania,420576,0,0,1,0,7,BEAVER (7),0,NO APLICA,8,Agosto,27,2022,22,45,SR-3012 CENTER GRANGE RD,3,Highway estatal,Urbano,Colector Mayor,State Highway Agency,0,Sin jurisdiccion especial,11,40.65451389,-80.2929,Poste,El primer evento no fue una colision con un vehiculo automotor en transporte,T-Intersection,Interseccion de T,Sobre el lado de la calle,Ninguna,Oscuro con iluminacion,Despejado,No,NO APLICA,99,99,99,99,1,27/08/2022,1
42,Pennsylvania,420577,0,0,2,0,95,NORTHAMPTON (95),0,NO APLICA,8,Agosto,25,2022,16,4,SR-248 LEHIGH DR,3,Highway estatal,Urbano,Arteria Principal,State Highway Agency,1,Sin jurisdiccion especial,48,40.75171389,-75.53186389,Vehiculo en movimiento,Angulo,Not an Intersection,No fue interseccion,Sobre calle,Ninguna,Dia total,Despejado,No,NO APLICA,99,99,99,99,1,25/08/2022,3
42,Pennsylvania,420578,0,0,2,0,19,BUTLER (19),0,NO APLICA,8,Agosto,26,2022,4,28,SR-3015 MARS VALENCIA RD,3,Highway estatal,Urbano,Colector Mayor,State Highway Agency,0,Sin jurisdiccion especial,4,40.67855833,-80.00036389,Vehiculo en movimiento,Angulo,Not an Intersection,No fue interseccion,Sobre calle,Ninguna,Dia total,Despejado,No,NO APLICA,4,29,4,36,1,26/08/2022,2
42,Pennsylvania,420579,0,0,3,0,3,ALLEGHENY (3),6600,PITTSBURGH,10,Octubre,19,2022,6,9,I-376 PENN LINCOLN PKWY,1,Interestatal,Urbano,Interestatal,State Highway Agency,1,Sin jurisdiccion especial,739,40.42923056,-79.94181667,Vehiculo en movimiento,Frente a Detrás,Not an Intersection,No fue interseccion,Sobre calle,Ninguna,Amanecer,lluvia,No,NO APLICA,6,26,6,36,1,19/10/2022,3
42,Pennsylvania,420580,0,0,3,0,91,MONTGOMERY (91),0,NO APLICA,10,Octubre,19,2022,7,13,SR-4002 EGYPT RD,3,Highway estatal,Urbano,Arteria Principal,State Highway Agency,1,Sin jurisdiccion especial,56,40.130875,-75.40139167,Volcadura,El primer evento no fue una colision con un vehiculo automotor en transporte,Four-Way Intersection,Interseccion de 4 direcciones,Sobre calle,Ninguna,Dia total,Despejado,No,NO APLICA,7,13,7,21,1,19/10/2022,3
42,Pennsylvania,420581,0,0,5,3,7,BEAVER (7),3877,INDUSTRY,10,Octubre,26,2022,22,8,SR-68 MIDLAND BEAVER RD,3,Highway estatal,Urbano,Arteria Principal,State Highway Agency,1,Sin jurisdiccion especial,86,40.65655556,-80.37695278,Vehiculo en movimiento,Golpe Lateral - misma direccion,Not an Intersection,No fue interseccion,Sobre calle,Ninguna,Oscuro sin iluminacion,lluvia,No,NO APLICA,99,99,99,99,1,26/10/2022,4
42,Pennsylvania,420582,0,0,1,0,57,FULTON (57),0,NO APLICA,8,Agosto,27,2022,6,46,I-76 MAINLINE TPKE,1,Interestatal,Rural,Interestatal,State Toll Road,1,Sin jurisdiccion especial,1653,40.01575,-78.19898333,Valla Ferrocarril,El primer evento no fue una colision con un vehiculo automotor en transporte,Not an Intersection,No fue interseccion,Sobre el lado de la calle,Ninguna,Dia total,Despejado,No,NO APLICA,99,99,99,99,1,27/08/2022,3
42,Pennsylvania,420583,0,0,1,0,39,CRAWFORD (39),0,NO APLICA,8,Agosto,27,2022,20,19,SR-618,3,Highway estatal,Rural,Colector Mayor,State Highway Agency,0,Sin jurisdiccion especial,9,41.62113611,-80.32562778,Animal vivo,El primer evento no fue una colision con un vehiculo automotor en transporte,Not an Intersection,No fue interseccion,Sobre calle,Ninguna,Dia total,Despejado,No,NO APLICA,8,21,8,32,1,27/08/2022,2
42,Pennsylvania,420584,0,0,2,0,39,CRAWFORD (39),5000,MEADVILLE,8,Agosto,30,2022,6,35,US-322 COCHRANTON RD,2,US Highway,Urbano,Arteria Principal,Unknown,1,Sin jurisdiccion especial,167,41.62575278,-80.15493889,Vehiculo en movimiento,Angulo,Four-Way Intersection,Interseccion de 4 direcciones,Sobre calle,Ninguna,Amanecer,Despejado,No,NO APLICA,6,40,6,43,1,30/08/2022,3
42,Pennsylvania,420585,0,0,1,0,71,LANCASTER (71),0,NO APLICA,8,Agosto,27,2022,15,7,SR-772 MOUNT JOY RD,3,Highway estatal,Rural,Arteria Menor,State Highway Agency,0,Sin jurisdiccion especial,86,40.13292222,-76.43358056,Otra no colicion,El primer evento no fue una colision con un vehiculo automotor en transporte,Not an Intersection,No fue interseccion,Sobre el lado de la calle,Ninguna,Dia total,Despejado,No,NO APLICA,15,9,15,16,1,27/08/2022,1
42,Pennsylvania,420586,0,0,2,0,43,DAUPHIN (43),0,NO APLICA,8,Agosto,27,2022,20,2,SR-2015 SANDBEACH RD,3,Highway estatal,Rural,Colector Mayor,State Highway Agency,0,Sin jurisdiccion especial,29,40.33222222,-76.67091667,Vehiculo en movimiento,Angulo,T-Intersection,Interseccion de T,Sobre calle,Ninguna,Dia total,Despejado,No,NO APLICA,19,58,20,20,1,27/08/2022,3
42,Pennsylvania,420587,1,1,1,0,11,BERKS (11),9530,WYOMISSING,8,Agosto,28,2022,8,56,BERKSHIRE BLVD,6,Calle Local Municipalidad,Urbano,Local,City or Municipal Highway Agency,0,Sin jurisdiccion especial,0,40.34716944,-75.97174167,Peaton,El primer evento no fue una colision con un vehiculo automotor en transporte,Four-Way Intersection,Interseccion de 4 direcciones,Sobre calle,Ninguna,Dia total,Despejado,No,NO APLICA,99,99,99,99,1,28/08/2022,1
42,Pennsylvania,420588,1,1,1,0,101,PHILADELPHIA (101),6540,PHILADELPHIA,8,Agosto,29,2022,5,22,US-13 HUNTING PARK AVE,2,US Highway,Urbano,Arteria Principal,Unknown,1,Sin jurisdiccion especial,77,40.01769167,-75.15004167,Peaton,El primer evento no fue una colision con un vehiculo automotor en transporte,Not an Intersection,No fue interseccion,Sobre calle,Ninguna,Oscuro sin iluminacion,Despejado,No,NO APLICA,5,24,5,28,1,29/08/2022,1
42,Pennsylvania,420589,0,0,2,0,3,ALLEGHENY (3),0,NO APLICA,8,Agosto,29,2022,11,25,US-19 PERRY HWY,2,US Highway,Urbano,Arteria Menor,Unknown,0,Sin jurisdiccion especial,193,40.54924722,-80.03700833,Vehiculo en movimiento,Angulo,Not an Intersection,No fue interseccion,Sobre calle,Ninguna,Dia total,Despejado,No,NO APLICA,11,27,11,34,1,29/08/2022,2
42,Pennsylvania,420590,0,0,2,0,101,PHILADELPHIA (101),6540,PHILADELPHIA,8,Agosto,31,2022,6,15,SR-1009 BRIDGE ST,3,Highway estatal,Urbano,Interestatal,State Highway Agency,1,Sin jurisdiccion especial,273,40.00691944,-75.06843056,Vehiculo en movimiento,Angulo,T-Intersection,Interseccion de T,Sobre calle,Ninguna,Amanecer,Despejado,No,NO APLICA,6,15,6,27,1,31/08/2022,3
42,Pennsylvania,420591,0,0,1,0,87,MIFFLIN (87),0,NO APLICA,8,Agosto,30,2022,6,38,FERGUSON VALLEY RD,5,Calle Local - Pueblo,Rural,Local,Town or Township Highway Agency,0,Sin jurisdiccion especial,0,40.55962222,-77.68950833,Acotamiento,El primer evento no fue una colision con un vehiculo automotor en transporte,Not an Intersection,No fue interseccion,Sobre el lado de la calle,Ninguna,Amanecer,Despejado,No,NO APLICA,6,32,6,49,1,30/08/2022,2
42,Pennsylvania,420592,0,0,2,0,129,WESTMORELAND (129),0,NO APLICA,8,Agosto,30,2022,5,52,SR-31 WEST NEWTON RUFFSDALE RD,3,Highway estatal,Rural,Arteria Menor,State Highway Agency,0,Sin jurisdiccion especial,38,40.18388333,-79.69018333,Vehiculo en movimiento,Golpe Lateral - direccion contraria,Not an Intersection,No fue interseccion,Sobre calle,Ninguna,Amanecer,Despejado,No,NO APLICA,5,51,6,3,1,30/08/2022,2
42,Pennsylvania,420593,0,0,1,0,29,CHESTER (29),0,NO APLICA,8,Agosto,31,2022,99,99,HOMEVILLE RD,5,Calle Local - Pueblo,Rural,Local,Town or Township Highway Agency,0,Sin jurisdiccion especial,0,39.88865,-75.94566111,Otro objeto (fijo),El primer evento no fue una colision con un vehiculo automotor en transporte,Not an Intersection,No fue interseccion,Sobre el lado de la calle,Ninguna,Reportada como desconocida,Reportado como desconocido,No,NO APLICA,17,15,17,27,1,31/08/2022,1
42,Pennsylvania,420594,0,0,2,0,45,DELAWARE (45),0,NO APLICA,8,Agosto,31,2022,17,6,US-1 STATE RD,2,US Highway,Urbano,Arteria Principal,Unknown,1,Sin jurisdiccion especial,154,39.94241667,-75.33334444,Vehiculo en movimiento,Angulo,T-Intersection,Interseccion de T,Sobre calle,Ninguna,Dia total,Despejado,No,NO APLICA,17,18,17,24,1,31/08/2022,2
42,Pennsylvania,420595,0,0,2,0,43,DAUPHIN (43),0,NO APLICA,9,Septiembre,1,2022,8,46,RIDGE RD,5,Calle Local - Pueblo,Rural,Local,Town or Township Highway Agency,0,Sin jurisdiccion especial,0,40.22785,-76.62389167,Vehiculo en movimiento,Frente a Detrás,Not an Intersection,No fue interseccion,Sobre calle,Ninguna,Dia total,Despejado,No,NO APLICA,99,99,99,99,1,01/09/2022,1
42,Pennsylvania,420596,1,1,1,0,101,PHILADELPHIA (101),6540,PHILADELPHIA,9,Septiembre,1,2022,23,0,GREENE ST,6,Calle Local Municipalidad,Urbano,Local,City or Municipal Highway Agency,0,Sin jurisdiccion especial,0,40.03193056,-75.17315556,Poste,El primer evento no fue una colision con un vehiculo automotor en transporte,Not an Intersection,No fue interseccion,Sobre el lado de la calle,Ninguna,Oscuro con iluminacion,Despejado,No,NO APLICA,23,7,23,10,1,01/09/2022,2
42,Pennsylvania,420597,0,0,2,0,71,LANCASTER (71),0,NO APLICA,9,Septiembre,2,2022,11,37,SR-272 OREGON PIKE,3,Highway estatal,Urbano,Arteria Menor,State Highway Agency,0,Sin jurisdiccion especial,279,40.124025,-76.22881389,Vehiculo en movimiento,Golpe Lateral - direccion contraria,Not an Intersection,No fue interseccion,Sobre calle,Ninguna,Dia total,Despejado,No,NO APLICA,11,39,11,54,1,02/09/2022,2
42,Pennsylvania,420598,1,1,1,0,101,PHILADELPHIA (101),6540,PHILADELPHIA,9,Septiembre,3,2022,2,55,SR-1003 WHITAKER AVE,3,Highway estatal,Urbano,Arteria Menor,State Highway Agency,0,Sin jurisdiccion especial,9,40.01003889,-75.12166944,Peaton,El primer evento no fue una colision con un vehiculo automotor en transporte,Four-Way Intersection,Interseccion de 4 direcciones,Sobre calle,Ninguna,Oscuro con iluminacion,Despejado,No,NO APLICA,2,56,3,4,1,03/09/2022,1
42,Pennsylvania,420599,1,1,1,0,101,PHILADELPHIA (101),6540,PHILADELPHIA,9,Septiembre,3,2022,17,58,RISING SUN AVE,6,Calle Local Municipalidad,Urbano,Local,City or Municipal Highway Agency,0,Sin jurisdiccion especial,0,40.02308056,-75.12446667,Peaton,El primer evento no fue una colision con un vehiculo automotor en transporte,Four-Way Intersection,Interseccion de 4 direcciones,Sobre calle,Ninguna,Dia total,Despejado,No,NO APLICA,99,99,99,99,1,03/09/2022,1
42,Pennsylvania,420600,0,0,5,4,91,MONTGOMERY (91),0,NO APLICA,10,Octubre,29,2022,0,15,SR-2038 FITZWATERTOWN RD,3,Highway estatal,Urbano,Arteria Menor,State Highway Agency,0,Sin jurisdiccion especial,11,40.13475,-75.14938889,Poste de Señal de trafico,El primer evento no fue una colision con un vehiculo automotor en transporte,Not an Intersection,No fue interseccion,Sobre el lado de la calle,Ninguna,Oscuro con iluminacion,Despejado,No,NO APLICA,0,16,0,21,1,29/10/2022,1
42,Pennsylvania,420601,1,1,3,2,79,LUZERNE (79),6660,PLYMOUTH,6,Junio,25,2022,16,12,US-11 W MAIN ST,2,US Highway,Urbano,Arteria Principal,Unknown,1,Sin jurisdiccion especial,234,41.24065833,-75.94506944,Vehiculo Aparcado,El primer evento no fue una colision con un vehiculo automotor en transporte,Not an Intersection,No fue interseccion,En estacionamiento,Ninguna,Dia total,Despejado,No,NO APLICA,16,2,16,3,1,25/06/2022,1
42,Pennsylvania,420602,0,0,2,0,85,MERCER (85),0,NO APLICA,9,Septiembre,3,2022,23,40,SR-58 MERCER RD,3,Highway estatal,Rural,Arteria Menor,State Highway Agency,0,Sin jurisdiccion especial,197,41.29750833,-80.29178889,Vehiculo en movimiento,Frente a frente,Not an Intersection,No fue interseccion,Sobre calle,Ninguna,Oscuro sin iluminacion,Despejado,No,NO APLICA,99,99,99,99,1,03/09/2022,3
42,Pennsylvania,420603,1,1,1,0,11,BERKS (11),0,NO APLICA,9,Septiembre,3,2022,20,45,US-422B BUSINESS 0422 RD,2,US Highway,Urbano,Arteria Principal,Unknown,1,Sin jurisdiccion especial,4,40.31199444,-75.86825833,Peaton,El primer evento no fue una colision con un vehiculo automotor en transporte,Not an Intersection,No fue interseccion,Sobre calle,Ninguna,Oscuro con iluminacion,Despejado,No,NO APLICA,99,99,99,99,1,03/09/2022,1
42,Pennsylvania,420604,0,0,1,0,125,WASHINGTON (125),0,NO APLICA,8,Agosto,10,2022,22,42,SR-4010 BEECH HOLLOW RD,3,Highway estatal,Rural,Colector Menor,State Highway Agency,0,Sin jurisdiccion especial,8,40.40081667,-80.29447222,Poste,El primer evento no fue una colision con un vehiculo automotor en transporte,Not an Intersection,No fue interseccion,Sobre el lado de la calle,Ninguna,Oscuro con iluminacion,No reportado,No,NO APLICA,99,99,99,99,1,10/08/2022,1
42,Pennsylvania,420605,0,0,2,0,101,PHILADELPHIA (101),6540,PHILADELPHIA,9,Septiembre,4,2022,5,24,I-95 DELAWARE EXPY,1,Interestatal,Urbano,Interestatal,State Highway Agency,1,Sin jurisdiccion especial,161,39.897125,-75.18866389,Vehiculo en movimiento,Frente a Detrás,Not an Intersection,No fue interseccion,Sobre calle,Ninguna,Oscuro con iluminacion,Despejado,No,NO APLICA,5,32,5,42,1,04/09/2022,8
42,Pennsylvania,420606,0,0,2,0,35,CLINTON (35),0,NO APLICA,1,Enero,2,2022,11,3,SR-477 MILL ST,3,Highway estatal,Rural,Colector Mayor,State Highway Agency,0,Sin jurisdiccion especial,109,41.04329167,-77.30919167,Vehiculo en movimiento,Angulo,Not an Intersection,No fue interseccion,Sobre calle,Ninguna,Dia total,Despejado,No,NO APLICA,11,54,12,0,1,02/01/2022,2
42,Pennsylvania,420607,0,0,2,0,71,LANCASTER (71),0,NO APLICA,9,Septiembre,3,2022,12,5,SR-625 READING RD,3,Highway estatal,Rural,Colector Mayor,State Highway Agency,0,Sin jurisdiccion especial,17,40.14655833,-76.03226389,Vehiculo en movimiento,Frente a frente,T-Intersection,Interseccion de T,Sobre calle,Ninguna,Dia total,Despejado,No,NO APLICA,12,10,12,16,2,03/09/2022,3
42,Pennsylvania,420608,0,0,1,0,59,GREENE (59),0,NO APLICA,9,Septiembre,5,2022,18,57,SR-4015 STRONGTOWN RD,3,Highway estatal,Rural,Colector Menor,State Highway Agency,0,Sin jurisdiccion especial,13,39.93392778,-80.385575,Alguien se cayo/avento del vehiculo,El primer evento no fue una colision con un vehiculo automotor en transporte,Not an Intersection,No fue interseccion,Sobre calle,Ninguna,Dia total,Nublado,No,NO APLICA,99,99,99,99,1,05/09/2022,3
42,Pennsylvania,420609,0,0,1,0,11,BERKS (11),0,NO APLICA,9,Septiembre,7,2022,23,24,SR-1010 STATE ST,3,Highway estatal,Rural,Arteria Menor,State Highway Agency,0,Sin jurisdiccion especial,169,40.49174167,-75.62942778,Acotamiento,El primer evento no fue una colision con un vehiculo automotor en transporte,Not an Intersection,No fue interseccion,Sobre el lado de la calle,Ninguna,Oscuro sin iluminacion,Despejado,No,NO APLICA,99,99,99,99,1,07/09/2022,1
42,Pennsylvania,420610,0,0,1,0,17,BUCKS (17),0,NO APLICA,9,Septiembre,7,2022,20,55,SR-8001 RAMP RD,3,Highway estatal,Urbano,Interestatal,State Highway Agency,1,Sin jurisdiccion especial,351,40.07245278,-74.95319167,Volcadura,El primer evento no fue una colision con un vehiculo automotor en transporte,Not an Intersection,No fue interseccion,Sobre Acotamiento,Ninguna,Oscuro con iluminacion,Despejado,No,NO APLICA,20,54,21,1,1,07/09/2022,1
42,Pennsylvania,420611,0,0,2,0,133,YORK (133),0,NO APLICA,9,Septiembre,8,2022,18,46,SR-116 HANOVER RD,3,Highway estatal,Urbano,Arteria Principal,State Highway Agency,0,Sin jurisdiccion especial,133,39.91543333,-76.83647222,Vehiculo en movimiento,Frente a frente,Not an Intersection,No fue interseccion,Sobre calle,Ninguna,Dia total,Despejado,No,NO APLICA,18,54,19,2,1,08/09/2022,4
42,Pennsylvania,420612,0,0,1,0,43,DAUPHIN (43),0,NO APLICA,9,Septiembre,10,2022,5,20,US-22 ALLENTOWN BLVD,2,US Highway,Urbano,Arteria Principal,Unknown,1,Sin jurisdiccion especial,231,40.33016111,-76.75484444,Volcadura,El primer evento no fue una colision con un vehiculo automotor en transporte,Not an Intersection,No fue interseccion,Sobre el lado de la calle,Ninguna,Amanecer,Despejado,No,NO APLICA,5,27,5,35,2,10/09/2022,3
42,Pennsylvania,420613,0,0,2,0,71,LANCASTER (71),0,NO APLICA,9,Septiembre,16,2022,15,13,SR-501 FURNACE HILLS PIKE,3,Highway estatal,Urbano,Arteria Menor,State Highway Agency,0,Sin jurisdiccion especial,103,40.20572222,-76.29846667,Vehiculo en movimiento,Angulo,Not an Intersection,No fue interseccion,Sobre calle,Ninguna,Dia total,Despejado,No,NO APLICA,15,13,15,24,1,16/09/2022,2
42,Pennsylvania,420614,0,0,1,0,79,LUZERNE (79),0,NO APLICA,9,Septiembre,9,2022,14,1,I-80,1,Interestatal,Rural,Interestatal,State Highway Agency,1,Sin jurisdiccion especial,2511,41.00446389,-76.16314722,Volcadura,El primer evento no fue una colision con un vehiculo automotor en transporte,Not an Intersection,No fue interseccion,Sobre Acotamiento,Ninguna,Dia total,Despejado,No,NO APLICA,14,0,14,13,1,09/09/2022,1
42,Pennsylvania,420615,0,0,2,0,71,LANCASTER (71),0,NO APLICA,9,Septiembre,9,2022,8,49,SR-472 KIRKWOOD PIKE,3,Highway estatal,Rural,Colector Mayor,State Highway Agency,0,Sin jurisdiccion especial,49,39.86068333,-76.09135,Vehiculo en movimiento,Angulo,Four-Way Intersection,Interseccion de 4 direcciones,Sobre calle,Ninguna,Dia total,Despejado,No,NO APLICA,8,47,8,57,1,09/09/2022,2
42,Pennsylvania,420616,0,0,2,0,19,BUTLER (19),0,NO APLICA,9,Septiembre,9,2022,15,57,SR-8 WILLIAM FLINN HWY,3,Highway estatal,Rural,Arteria Principal,State Highway Agency,1,Sin jurisdiccion especial,309,41.07442778,-80.00220278,Vehiculo en movimiento,Angulo,Four-Way Intersection,Interseccion de 4 direcciones,Sobre calle,Ninguna,Dia total,Despejado,No,NO APLICA,99,99,99,99,2,09/09/2022,3
42,Pennsylvania,420617,1,1,1,0,101,PHILADELPHIA (101),6540,PHILADELPHIA,9,Septiembre,20,2022,9,52,US-1 ROOSEVELT BLVD,2,US Highway,Urbano,Arteria Principal,Unknown,1,Sin jurisdiccion especial,121,40.04224444,-75.05694167,Peaton,El primer evento no fue una colision con un vehiculo automotor en transporte,Not an Intersection,No fue interseccion,Sobre calle,Ninguna,Dia total,Despejado,No,NO APLICA,99,99,99,99,1,20/09/2022,1
42,Pennsylvania,420618,0,0,2,0,101,PHILADELPHIA (101),6540,PHILADELPHIA,9,Septiembre,13,2022,22,25,SR-611 BROAD ST,3,Highway estatal,Urbano,Arteria Principal,State Highway Agency,1,Sin jurisdiccion especial,45,39.99983333,-75.15336944,Vehiculo en movimiento,Angulo,Not an Intersection,No fue interseccion,Sobre calle,Ninguna,Oscuro con iluminacion,Despejado,No,NO APLICA,22,27,22,35,1,13/09/2022,2
42,Pennsylvania,420619,0,0,1,0,119,UNION (119),0,NO APLICA,9,Septiembre,18,2022,1,48,SR-45 OLD TURNPIKE RD,3,Highway estatal,Rural,Arteria Menor,State Highway Agency,0,Sin jurisdiccion especial,47,40.8998,-77.19608056,Poste,El primer evento no fue una colision con un vehiculo automotor en transporte,Not an Intersection,No fue interseccion,Sobre el lado de la calle,Ninguna,Oscuro sin iluminacion,Despejado,No,NO APLICA,1,47,2,2,1,18/09/2022,1
42,Pennsylvania,420620,0,0,3,1,91,MONTGOMERY (91),0,NO APLICA,8,Agosto,31,2022,7,3,CR-RIDGE PIKE,4,Calle del Condado,Urbano,Local,County Highway Agency,0,Sin jurisdiccion especial,0,40.10328333,-75.31072778,Vehiculo en movimiento,Angulo,T-Intersection,Interseccion de T,Sobre calle,Ninguna,Dia total,Despejado,No,NO APLICA,7,8,7,19,1,31/08/2022,5
42,Pennsylvania,420621,0,0,1,0,55,FRANKLIN (55),0,NO APLICA,3,Marzo,6,2022,23,50,US-11 MOLLY PITCHER HWY,2,US Highway,Urbano,Colector Mayor,Unknown,0,Sin jurisdiccion especial,99,39.85961111,-77.70681944,Buzon de correo,El primer evento no fue una colision con un vehiculo automotor en transporte,Not an Intersection,No fue interseccion,Sobre el lado de la calle,Ninguna,Oscuro sin iluminacion,Despejado,No,NO APLICA,23,51,0,2,1,06/03/2022,1
42,Pennsylvania,420622,0,0,1,0,105,POTTER (105),0,NO APLICA,6,Junio,9,2022,15,5,US-6 GRAND ARMY OF THE REP HWY,2,US Highway,Rural,Arteria Principal,Unknown,1,Sin jurisdiccion especial,94,41.75135556,-78.05569167,Valla Ferrocarril,El primer evento no fue una colision con un vehiculo automotor en transporte,Not an Intersection,No fue interseccion,Sobre el lado de la calle,Ninguna,Dia total,Nublado,No,NO APLICA,15,7,15,11,1,09/06/2022,1
42,Pennsylvania,420623,0,0,1,0,79,LUZERNE (79),0,NO APLICA,6,Junio,12,2022,18,13,SR-2011 RIDGEWOOD RD,3,Highway estatal,Urbano,Colector Mayor,State Highway Agency,0,Sin jurisdiccion especial,9,41.27650833,-75.811325,Arbusto,El primer evento no fue una colision con un vehiculo automotor en transporte,Not an Intersection,No fue interseccion,Fuera de la calle,Ninguna,Dia total,Despejado,No,NO APLICA,18,12,18,20,1,12/06/2022,1
42,Pennsylvania,420624,0,0,1,0,49,ERIE (49),0,NO APLICA,7,Julio,10,2022,3,21,SR-18,3,Highway estatal,Rural,Arteria Menor,State Highway Agency,0,Sin jurisdiccion especial,0,41.85011944,-80.37159167,Culvert,El primer evento no fue una colision con un vehiculo automotor en transporte,Not an Intersection,No fue interseccion,Sobre el lado de la calle,Ninguna,Oscuro sin iluminacion,Despejado,No,NO APLICA,3,23,3,27,1,10/07/2022,3