Estado,Nombre de Estado,Numero de Caso,Peatones,Personas _no_vehiculos,Vehiculos automotores,Vehiculos estacionados,Condado,Nombre Condado,Ciudad,Nombre Ciudad,Mes,Nombre Mes,Dia,Año,Hora,Minuto,Calle,Ruta,Nombre Ruta,Rural o Urbanoo,Sistema Funcional,Dueño Calle,Sistema Nacional Carreteras,Jurisdiccion Especial,Milla,Latitud,Longitud,Causa del Accidente,Tipo de Accidente,Tipo Interseccion,Columna1,Lugar en la calle,Zona de Trabajo,Luz,Clima,Autobus Escolar,Cruce de Trenes,Hora Notificacion,Minuto Notificacion,Hora Llegada,Minuto Llegada,Decesos,Fecha,PersonaVehiculo
42,Pennsylvania,420625,0,0,1,0,95,NORTHAMPTON (95),0,NO APLICA,4,Abril,13,2022,19,0,SR-4015 BENDERS DR,3,Highway estatal,Rural,Local,State Highway Agency,0,Sin jurisdiccion especial,12,40.812675,-75.40163056,Alguien se cayo/avento del vehiculo,El primer evento no fue una colision con un vehiculo automotor en transporte,Not an Intersection,No fue interseccion,Sobre calle,Ninguna,Dia total,Despejado,No,NO APLICA,99,99,99,99,1,13/04/2022,4
42,Pennsylvania,420626,0,0,1,0,107,SCHUYLKILL (107),3190,GIRARDVILLE,4,Abril,23,2022,18,22,A ST,6,Calle Local Municipalidad,Urbano,Local,City or Municipal Highway Agency,0,Sin jurisdiccion especial,0,40.79263889,-76.28366111,Edificio,El primer evento no fue una colision con un vehiculo automotor en transporte,T-Intersection,Interseccion de T,Fuera de la calle,Ninguna,Dia total,Despejado,No,NO APLICA,99,99,99,99,1,23/04/2022,1
42,Pennsylvania,420627,0,0,1,0,5,ARMSTRONG (5),0,NO APLICA,6,Junio,5,2022,19,52,SR-2005 MARGARET RD,3,Highway estatal,Rural,Colector Mayor,State Highway Agency,0,Sin jurisdiccion especial,84,40.76038056,-79.37805833,Arbol,El primer evento no fue una colision con un vehiculo automotor en transporte,Not an Intersection,No fue interseccion,Sobre el lado de la calle,Ninguna,Dia total,Despejado,No,NO APLICA,19,54,20,6,1,05/06/2022,1
42,Pennsylvania,420628,0,0,1,0,95,NORTHAMPTON (95),0,NO APLICA,6,Junio,20,2022,18,55,SR-946 NAZARETH DR,3,Highway estatal,Urbano,Colector Mayor,State Highway Agency,0,Sin jurisdiccion especial,151,40.74650833,-75.34907778,Volcadura,El primer evento no fue una colision con un vehiculo automotor en transporte,Not an Intersection,No fue interseccion,Sobre calle,Ninguna,Dia total,Despejado,No,NO APLICA,99,99,99,99,1,20/06/2022,1
42,Pennsylvania,420629,0,0,1,0,49,ERIE (49),2640,ERIE,8,Agosto,5,2022,2,55,SR-4034 BAYFRONT PKWY,3,Highway estatal,Urbano,Arteria Principal,State Highway Agency,1,Sin jurisdiccion especial,15,42.12720833,-80.10861389,Banqueta,El primer evento no fue una colision con un vehiculo automotor en transporte,Not an Intersection,No fue interseccion,Sobre el lado de la calle,Ninguna,Oscuro con iluminacion,Despejado,No,NO APLICA,3,1,3,6,1,05/08/2022,1
42,Pennsylvania,420630,0,0,2,1,55,FRANKLIN (55),0,NO APLICA,8,Agosto,3,2022,23,16,RENNINGER RD,5,Calle Local - Pueblo,Rural,Local,Town or Township Highway Agency,0,Sin jurisdiccion especial,0,39.82233333,-77.84505556,Barda,El primer evento no fue una colision con un vehiculo automotor en transporte,Not an Intersection,No fue interseccion,Fuera de la calle,Ninguna,Oscuro sin iluminacion,Despejado,No,NO APLICA,23,13,23,22,1,03/08/2022,4
42,Pennsylvania,420631,0,0,2,0,55,FRANKLIN (55),0,NO APLICA,8,Agosto,13,2022,14,19,WASHINGTON TOWNSHIP BLVD,5,Calle Local - Pueblo,Rural,Local,Town or Township Highway Agency,0,Sin jurisdiccion especial,0,39.76514722,-77.55465,Vehiculo en movimiento,Frente a frente,Not an Intersection,No fue interseccion,Sobre calle,Ninguna,Dia total,Despejado,No,NO APLICA,14,29,14,30,1,13/08/2022,2
42,Pennsylvania,420632,1,1,1,0,49,ERIE (49),1700,CORRY,8,Agosto,16,2022,15,35,SR-2029 CENTER ST,3,Highway estatal,Urbano,Colector Mayor,State Highway Agency,0,Sin jurisdiccion especial,42,41.91885278,-79.63972222,Ciclista,El primer evento no fue una colision con un vehiculo automotor en transporte,Four-Way Intersection,Interseccion de 4 direcciones,Sobre calle,Ninguna,Dia total,No reportado,No,NO APLICA,3,36,3,39,1,16/08/2022,1
42,Pennsylvania,420633,0,0,1,0,49,ERIE (49),0,NO APLICA,8,Agosto,20,2022,17,5,I-90 AMVET MEM HWY,1,Interestatal,Rural,Interestatal,State Highway Agency,1,Sin jurisdiccion especial,8,41.94306667,-80.50603333,Barrera de Cable,El primer evento no fue una colision con un vehiculo automotor en transporte,Not an Intersection,No fue interseccion,En el medio,Ninguna,Dia total,Despejado,No,NO APLICA,17,21,17,36,1,20/08/2022,1
42,Pennsylvania,420634,0,0,1,0,43,DAUPHIN (43),0,NO APLICA,9,Septiembre,2,2022,22,17,US-22 ALLENTOWN BLVD,2,US Highway,Urbano,Arteria Principal,Unknown,1,Sin jurisdiccion especial,245,40.3353,-76.72814444,Valla Ferrocarril,El primer evento no fue una colision con un vehiculo automotor en transporte,Not an Intersection,No fue interseccion,Sobre el lado de la calle,Ninguna,Oscuro sin iluminacion,Despejado,No,NO APLICA,22,16,22,21,1,02/09/2022,1
42,Pennsylvania,420635,0,0,2,0,49,ERIE (49),2640,ERIE,9,Septiembre,4,2022,20,51,SR-2005 TWELFTH ST,3,Highway estatal,Urbano,Arteria Principal,State Highway Agency,1,Sin jurisdiccion especial,236,42.11505833,-80.10446389,Vehiculo en movimiento,Angulo,Four-Way Intersection,Interseccion de 4 direcciones,Sobre calle,Ninguna,Oscuro con iluminacion,Despejado,No,NO APLICA,20,59,99,99,1,04/09/2022,2
42,Pennsylvania,420636,0,0,1,0,49,ERIE (49),0,NO APLICA,9,Septiembre,17,2022,5,5,US-20 RIDGE RD,2,US Highway,Urbano,Arteria Menor,Unknown,0,Sin jurisdiccion especial,149,42.02544444,-80.26186111,Buzon de correo,El primer evento no fue una colision con un vehiculo automotor en transporte,Not an Intersection,No fue interseccion,Sobre el lado de la calle,Ninguna,Oscuro sin iluminacion,Despejado,No,NO APLICA,99,99,99,99,1,17/09/2022,1
42,Pennsylvania,420637,0,0,1,0,41,CUMBERLAND (41),0,NO APLICA,9,Septiembre,17,2022,14,21,SMITH RD,5,Calle Local - Pueblo,Rural,Local,Town or Township Highway Agency,0,Sin jurisdiccion especial,0,40.11103056,-77.37013889,Acotamiento,El primer evento no fue una colision con un vehiculo automotor en transporte,Not an Intersection,No fue interseccion,Sobre el lado de la calle,Ninguna,Dia total,Despejado,No,NO APLICA,99,99,99,99,1,17/09/2022,1
42,Pennsylvania,420638,0,0,1,0,123,WARREN (123),0,NO APLICA,9,Septiembre,18,2022,18,21,SR-1013 SCANDIA RD,3,Highway estatal,Rural,Colector Mayor,State Highway Agency,0,Sin jurisdiccion especial,161,41.99801667,-78.97894722,Valla Ferrocarril,El primer evento no fue una colision con un vehiculo automotor en transporte,Not an Intersection,No fue interseccion,Sobre el lado de la calle,Ninguna,Dia total,Despejado,No,NO APLICA,99,99,99,99,1,18/09/2022,1
42,Pennsylvania,420639,0,0,2,0,47,ELK (47),0,NO APLICA,9,Septiembre,18,2022,19,41,US-219 BUFFALO PITTSBURGH HWY,2,US Highway,Rural,Arteria Principal,Unknown,1,Sin jurisdiccion especial,186,41.44899444,-78.69563889,Vehiculo en movimiento,Frente a frente,Not an Intersection,No fue interseccion,Sobre calle,Ninguna,Atardecer,Despejado,No,NO APLICA,99,99,99,99,1,18/09/2022,2
42,Pennsylvania,420640,0,0,3,0,91,MONTGOMERY (91),0,NO APLICA,3,Marzo,22,2022,8,49,CR-GERMANTOWN PIKE,4,Calle del Condado,Urbano,Local,County Highway Agency,0,Sin jurisdiccion especial,0,40.12895,-75.29969722,Vehiculo en movimiento,Angulo,Not an Intersection,No fue interseccion,Sobre calle,Ninguna,Dia total,Despejado,No,NO APLICA,8,50,8,52,1,22/03/2022,4
42,Pennsylvania,420641,1,1,2,0,79,LUZERNE (79),0,NO APLICA,4,Abril,16,2022,22,14,I-80,1,Interestatal,Rural,Interestatal,State Highway Agency,1,Sin jurisdiccion especial,2560,41.02660556,-76.07816389,Vehiculo en movimiento,Angulo,Not an Intersection,No fue interseccion,Sobre calle,Ninguna,Oscuro sin iluminacion,Despejado,No,NO APLICA,22,20,22,31,1,16/04/2022,1
42,Pennsylvania,420642,0,0,3,0,55,FRANKLIN (55),0,NO APLICA,5,Mayo,23,2022,7,25,SR-16 BUCHANAN TRL,3,Highway estatal,Rural,Arteria Menor,State Highway Agency,0,Sin jurisdiccion especial,240,39.76314444,-77.60211944,Vehiculo en movimiento,Frente a frente,Not an Intersection,No fue interseccion,Sobre calle,Ninguna,Dia total,Despejado,No,NO APLICA,7,27,7,34,1,23/05/2022,4
42,Pennsylvania,420643,0,0,1,0,11,BERKS (11),9530,WYOMISSING,9,Septiembre,18,2022,1,50,HILL AVE,6,Calle Local Municipalidad,Urbano,Local,City or Municipal Highway Agency,0,Sin jurisdiccion especial,0,40.337075,-75.95380833,Banqueta,El primer evento no fue una colision con un vehiculo automotor en transporte,Not an Intersection,No fue interseccion,Sobre el lado de la calle,Ninguna,Oscuro con iluminacion,Despejado,No,NO APLICA,99,99,99,99,1,18/09/2022,1
42,Pennsylvania,420644,0,0,2,0,129,WESTMORELAND (129),0,NO APLICA,9,Septiembre,22,2022,22,41,US-30 LINCOLN HWY,2,US Highway,Urbano,Arterial Principal -Freeway o ExpressWay,Unknown,1,Sin jurisdiccion especial,123,40.30729444,-79.57287778,Vehiculo en movimiento,Frente a frente,Not an Intersection,No fue interseccion,Sobre calle,Ninguna,Oscuro sin iluminacion,Despejado,No,NO APLICA,22,40,22,42,1,22/09/2022,2
42,Pennsylvania,420645,0,0,2,0,41,CUMBERLAND (41),0,NO APLICA,9,Septiembre,23,2022,8,27,SR-2004 LISBURN RD,3,Highway estatal,Rural,Colector Menor,State Highway Agency,0,Sin jurisdiccion especial,22,40.17912778,-77.08616667,Vehiculo en movimiento,Angulo,Four-Way Intersection,Interseccion de 4 direcciones,Sobre calle,Ninguna,Dia total,Despejado,No,NO APLICA,8,27,8,35,1,23/09/2022,5
42,Pennsylvania,420646,0,0,1,0,133,YORK (133),0,NO APLICA,9,Septiembre,22,2022,15,56,SR-425 WOODBINE RD,3,Highway estatal,Rural,Colector Menor,State Highway Agency,0,Sin jurisdiccion especial,73,39.80939722,-76.41317778,Acotamiento,El primer evento no fue una colision con un vehiculo automotor en transporte,Not an Intersection,No fue interseccion,Sobre el lado de la calle,Ninguna,Dia total,Despejado,No,NO APLICA,15,57,16,7,1,22/09/2022,1
42,Pennsylvania,420647,0,0,1,0,5,ARMSTRONG (5),0,NO APLICA,9,Septiembre,22,2022,23,6,SR-268 RIVERVIEW DR,3,Highway estatal,Rural,Arteria Menor,State Highway Agency,0,Sin jurisdiccion especial,186,41.13071944,-79.67916944,Acotamiento,El primer evento no fue una colision con un vehiculo automotor en transporte,Not an Intersection,No fue interseccion,Sobre el lado de la calle,Ninguna,Oscuro sin iluminacion,Despejado,No,NO APLICA,23,19,23,46,1,22/09/2022,2
42,Pennsylvania,420648,1,1,1,0,101,PHILADELPHIA (101),6540,PHILADELPHIA,9,Septiembre,27,2022,19,40,MUSGRAVE ST,6,Calle Local Municipalidad,Urbano,Local,City or Municipal Highway Agency,0,Sin jurisdiccion especial,0,40.04319722,-75.16730556,Peaton,El primer evento no fue una colision con un vehiculo automotor en transporte,Four-Way Intersection,Interseccion de 4 direcciones,Sobre calle,Ninguna,Oscuro con iluminacion,Despejado,No,NO APLICA,19,44,19,48,1,27/09/2022,1
42,Pennsylvania,420649,0,0,1,0,95,NORTHAMPTON (95),0,NO APLICA,9,Septiembre,22,2022,14,12,PARK AVE,5,Calle Local - Pueblo,Urbano,Local,Town or Township Highway Agency,0,Sin jurisdiccion especial,0,40.69746944,-75.25263056,Banqueta,El primer evento no fue una colision con un vehiculo automotor en transporte,Not an Intersection,No fue interseccion,Sobre el lado de la calle,Ninguna,Dia total,Despejado,No,NO APLICA,99,99,99,99,1,22/09/2022,3
42,Pennsylvania,420650,1,1,1,0,45,DELAWARE (45),0,NO APLICA,2,Febrero,2,2022,22,0,SR-2026 STATE RD,3,Highway estatal,Urbano,Arteria Principal,State Highway Agency,1,Sin jurisdiccion especial,23,39.95968333,-75.28668056,Peaton,El primer evento no fue una colision con un vehiculo automotor en transporte,Not an Intersection,No fue interseccion,Sobre calle,Ninguna,Oscuro con iluminacion,Neblina o Humo,No,NO APLICA,99,99,99,99,1,02/02/2022,1
42,Pennsylvania,420651,0,0,1,0,3,ALLEGHENY (3),4710,MCKEESPORT,2,Febrero,22,2022,9,9,EVANS AVE,6,Calle Local Municipalidad,Urbano,Local,City or Municipal Highway Agency,0,Sin jurisdiccion especial,0,40.35063333,-79.84984444,Edificio,El primer evento no fue una colision con un vehiculo automotor en transporte,Not an Intersection,No fue interseccion,Fuera de la calle,Ninguna,Dia total,Despejado,No,NO APLICA,9,9,9,14,1,22/02/2022,1
42,Pennsylvania,420652,0,0,1,0,3,ALLEGHENY (3),6600,PITTSBURGH,3,Marzo,11,2022,19,10,N NEGLEY AVE,6,Calle Local Municipalidad,Urbano,Local,City or Municipal Highway Agency,0,Sin jurisdiccion especial,0,40.46713333,-79.92856944,Poste,El primer evento no fue una colision con un vehiculo automotor en transporte,Not an Intersection,No fue interseccion,Sobre el lado de la calle,Ninguna,Oscuro con iluminacion,Despejado,No,NO APLICA,19,12,19,18,1,11/03/2022,1
42,Pennsylvania,420653,1,1,1,0,3,ALLEGHENY (3),2660,ETNA,3,Marzo,18,2022,6,45,SULLIVAN WAY,6,Calle Local Municipalidad,Urbano,Local,City or Municipal Highway Agency,0,Sin jurisdiccion especial,0,40.50195833,-79.94688333,Peaton,El primer evento no fue una colision con un vehiculo automotor en transporte,T-Intersection,Interseccion de T,Sobre calle,Ninguna,Oscuro con iluminacion,Despejado,No,NO APLICA,6,49,6,54,1,18/03/2022,1
42,Pennsylvania,420654,0,0,2,0,19,BUTLER (19),9670,ZELIENOPLE,3,Marzo,29,2022,13,55,SR-68 BEAVER ST,3,Highway estatal,Urbano,Arteria Menor,State Highway Agency,0,Sin jurisdiccion especial,9,40.78978056,-80.14194444,Vehiculo en movimiento,Angulo,T-Intersection,Interseccion de T,Sobre calle,Ninguna,Dia total,Despejado,No,NO APLICA,13,55,13,59,1,29/03/2022,2
42,Pennsylvania,420655,0,0,1,0,45,DELAWARE (45),1270,CHESTER,4,Abril,18,2022,19,12,SR-13 SECOND ST,3,Highway estatal,Urbano,Arteria Principal,State Highway Agency,1,Sin jurisdiccion especial,42,39.84116667,-75.36962222,Poste,El primer evento no fue una colision con un vehiculo automotor en transporte,Not an Intersection,No fue interseccion,Sobre el lado de la calle,Ninguna,Oscuro con iluminacion,lluvia,No,NO APLICA,19,1,19,5,1,18/04/2022,1
42,Pennsylvania,420656,0,0,1,0,45,DELAWARE (45),0,NO APLICA,6,Junio,27,2022,15,7,I-95 VIETNAM VETERANS MEMO HWY,1,Interestatal,Urbano,Interestatal,State Highway Agency,1,Sin jurisdiccion especial,93,39.87279444,-75.29624444,Arbol,El primer evento no fue una colision con un vehiculo automotor en transporte,Not an Intersection,No fue interseccion,Sobre el lado de la calle,Ninguna,Dia total,lluvia,No,NO APLICA,15,6,15,13,1,27/06/2022,2
42,Pennsylvania,420657,1,1,1,0,21,CAMBRIA (21),0,NO APLICA,6,Junio,28,2022,21,29,SR-3002 HARSHBERGER RD,3,Highway estatal,Urbano,Arteria Menor,State Highway Agency,0,Sin jurisdiccion especial,3,40.30522222,-78.94078056,Peaton,El primer evento no fue una colision con un vehiculo automotor en transporte,Not an Intersection,No fue interseccion,Sobre calle,Ninguna,Oscuro con iluminacion,Despejado,No,NO APLICA,88,88,88,88,1,28/06/2022,2
42,Pennsylvania,420658,0,0,1,0,49,ERIE (49),3180,GIRARD,7,Julio,7,2022,23,6,HAGGERTY ST,6,Calle Local Municipalidad,Urbano,Local,City or Municipal Highway Agency,0,Sin jurisdiccion especial,0,42.01373333,-80.32000278,Volcadura,El primer evento no fue una colision con un vehiculo automotor en transporte,Not an Intersection,No fue interseccion,Sobre el lado de la calle,Ninguna,Oscuro con iluminacion,Despejado,No,NO APLICA,88,88,88,88,1,07/07/2022,1
42,Pennsylvania,420659,0,0,2,0,107,SCHUYLKILL (107),0,NO APLICA,7,Julio,15,2022,7,58,I-81 AMERICAN LEGION MEM HWY,1,Interestatal,Rural,Interestatal,State Highway Agency,1,Sin jurisdiccion especial,998,40.53696389,-76.42930556,Vehiculo en movimiento,Frente a Detrás,Not an Intersection,No fue interseccion,Sobre calle,Ninguna,Dia total,Despejado,No,NO APLICA,99,99,99,99,1,15/07/2022,2
42,Pennsylvania,420660,0,0,3,0,29,CHESTER (29),0,NO APLICA,10,Octubre,3,2022,15,14,SR-82 MANOR RD,3,Highway estatal,Urbano,Arteria Menor,State Highway Agency,0,Sin jurisdiccion especial,139,39.99315278,-75.82266389,Vehiculo en movimiento,Angulo,T-Intersection,Interseccion de T,Sobre calle,Ninguna,Dia total,Nublado,No,NO APLICA,15,15,99,99,1,03/10/2022,4
42,Pennsylvania,420661,0,0,3,0,71,LANCASTER (71),0,NO APLICA,10,Octubre,29,2022,22,50,SR-300 283RD FIELD ARTILLE HWY,3,Highway estatal,Urbano,Arterial Principal -Freeway o ExpressWay,State Highway Agency,1,Sin jurisdiccion especial,97,40.12044444,-76.46123333,Vehiculo en movimiento,Golpe Lateral - misma direccion,Not an Intersection,No fue interseccion,Sobre calle,Ninguna,Oscuro sin iluminacion,Despejado,No,NO APLICA,22,51,22,59,1,29/10/2022,4
42,Pennsylvania,420662,0,0,3,0,87,MIFFLIN (87),0,NO APLICA,11,Noviembre,15,2022,16,27,US-22 WILLIAM PENN HWY,2,US Highway,Rural,Arteria Principal,Unknown,1,Sin jurisdiccion especial,83,40.47218889,-77.78700278,Fin de valla,El primer evento no fue una colision con un vehiculo automotor en transporte,Not an Intersection,No fue interseccion,Sobre el lado de la calle,Ninguna,Oscuro sin iluminacion,Soplando nieve,No,NO APLICA,16,25,16,38,2,15/11/2022,7
42,Pennsylvania,420663,0,0,2,0,129,WESTMORELAND (129),0,NO APLICA,8,Agosto,17,2022,6,36,SR-66,3,Highway estatal,Urbano,Arterial Principal -Freeway o ExpressWay,State Highway Agency,1,Sin jurisdiccion especial,67,40.39785,-79.57113889,Vehiculo en movimiento,Frente a Detrás,"Five Point, or More",5 Puntos o mas,Sobre calle,Ninguna,Amanecer,Despejado,No,NO APLICA,6,33,6,33,1,17/08/2022,2
42,Pennsylvania,420664,0,0,2,0,101,PHILADELPHIA (101),6540,PHILADELPHIA,9,Septiembre,9,2022,18,32,SR-1007 TACONY ST,3,Highway estatal,Urbano,Arteria Menor,State Highway Agency,0,Sin jurisdiccion especial,11,40.00866111,-75.06885278,Vehiculo en movimiento,Angulo,Four-Way Intersection,Interseccion de 4 direcciones,Sobre calle,Ninguna,Dia total,Despejado,No,NO APLICA,18,33,18,36,1,09/09/2022,7
42,Pennsylvania,420665,0,0,1,0,101,PHILADELPHIA (101),6540,PHILADELPHIA,9,Septiembre,17,2022,2,45,US-1 ROOSEVELT BLVD,2,US Highway,Urbano,Arteria Principal,Unknown,1,Sin jurisdiccion especial,129,40.05215,-75.05065556,Alguien se cayo/avento del vehiculo,El primer evento no fue una colision con un vehiculo automotor en transporte,Not an Intersection,No fue interseccion,Sobre calle,Ninguna,Oscuro con iluminacion,Despejado,No,NO APLICA,99,99,99,99,1,17/09/2022,1
42,Pennsylvania,420666,0,0,1,0,101,PHILADELPHIA (101),6540,PHILADELPHIA,9,Septiembre,20,2022,23,30,SR-611 BROAD ST,3,Highway estatal,Urbano,Arteria Principal,State Highway Agency,1,Sin jurisdiccion especial,49,40.00669167,-75.15190556,Arbol,El primer evento no fue una colision con un vehiculo automotor en transporte,Not an Intersection,No fue interseccion,Sobre el lado de la calle,Ninguna,Oscuro con iluminacion,Despejado,No,NO APLICA,23,37,23,39,1,20/09/2022,1
42,Pennsylvania,420667,0,0,1,0,129,WESTMORELAND (129),0,NO APLICA,9,Septiembre,28,2022,6,54,WESTEC DR,5,Calle Local - Pueblo,Rural,Local,Town or Township Highway Agency,0,Sin jurisdiccion especial,0,40.1854,-79.56402778,Hidrante,El primer evento no fue una colision con un vehiculo automotor en transporte,Not an Intersection,No fue interseccion,Sobre el lado de la calle,Ninguna,Oscuro con iluminacion,Despejado,No,NO APLICA,6,53,7,0,1,28/09/2022,1
42,Pennsylvania,420668,0,0,2,0,11,BERKS (11),0,NO APLICA,9,Septiembre,23,2022,8,10,US-222 ALLENTOWN PIKE,2,US Highway,Rural,Arteria Principal,Unknown,1,Sin jurisdiccion especial,207,40.46175,-75.87270278,Vehiculo en movimiento,Frente a frente,Not an Intersection,No fue interseccion,Sobre calle,Ninguna,Dia total,Despejado,No,NO APLICA,99,99,99,99,1,23/09/2022,2
42,Pennsylvania,420669,0,0,1,0,51,FAYETTE (51),0,NO APLICA,9,Septiembre,24,2022,16,34,SR-51 PITTSBURGH RD,3,Highway estatal,Urbano,Arteria Principal,State Highway Agency,1,Sin jurisdiccion especial,19,39.92612222,-79.72712778,Soporte de  señalamiento de transito,El primer evento no fue una colision con un vehiculo automotor en transporte,T-Intersection,Interseccion de T,Sobre el lado de la calle,Ninguna,Dia total,Despejado,No,NO APLICA,99,99,99,99,1,24/09/2022,1
42,Pennsylvania,420670,1,1,1,0,17,BUCKS (17),0,NO APLICA,9,Septiembre,28,2022,20,23,SR-2006 NEW FALLS RD,3,Highway estatal,Urbano,Arteria Principal,State Highway Agency,1,Sin jurisdiccion especial,20,40.14111389,-74.87456667,Ciclista,El primer evento no fue una colision con un vehiculo automotor en transporte,Four-Way Intersection,Interseccion de 4 direcciones,Sobre calle,Ninguna,Oscuro con iluminacion,Despejado,No,NO APLICA,20,25,20,32,1,28/09/2022,1
42,Pennsylvania,420671,1,1,1,0,101,PHILADELPHIA (101),6540,PHILADELPHIA,9,Septiembre,28,2022,14,37,US-13 FRANKFORD AVE,2,US Highway,Urbano,Arteria Principal,Unknown,1,Sin jurisdiccion especial,104,40.03916111,-75.03423333,Peaton,El primer evento no fue una colision con un vehiculo automotor en transporte,T-Intersection,Interseccion de T,Sobre calle,Ninguna,Dia total,Despejado,No,NO APLICA,14,38,14,48,1,28/09/2022,1
42,Pennsylvania,420672,0,0,1,0,101,PHILADELPHIA (101),6540,PHILADELPHIA,9,Septiembre,26,2022,4,36,SR-8017 RAMP C RD,3,Highway estatal,Urbano,Interestatal,State Highway Agency,1,Sin jurisdiccion especial,254,39.996475,-75.08103611,Otro objeto (no fijo),El primer evento no fue una colision con un vehiculo automotor en transporte,Not an Intersection,No fue interseccion,Sobre el lado de la calle,Ninguna,Oscuro con iluminacion,Despejado,No,NO APLICA,4,34,4,46,1,26/09/2022,2
42,Pennsylvania,420673,0,0,2,1,71,LANCASTER (71),0,NO APLICA,9,Septiembre,27,2022,14,47,US-222,2,US Highway,Rural,Arteria Principal,Unknown,1,Sin jurisdiccion especial,433,40.19254167,-76.12415556,Vehiculo Aparcado,El primer evento no fue una colision con un vehiculo automotor en transporte,Not an Intersection,No fue interseccion,Sobre Acotamiento,Ninguna,Dia total,Despejado,No,NO APLICA,14,51,15,4,2,27/09/2022,3
42,Pennsylvania,420674,0,0,2,0,51,FAYETTE (51),0,NO APLICA,9,Septiembre,25,2022,0,16,SR-51 PITTSBURGH RD,3,Highway estatal,Rural,Arteria Principal,State Highway Agency,1,Sin jurisdiccion especial,98,40.026275,-79.77154167,Vehiculo en movimiento,Frente a frente,Not an Intersection,No fue interseccion,Sobre calle,Ninguna,Oscuro sin iluminacion,Despejado,No,NO APLICA,99,99,99,99,2,25/09/2022,3
42,Pennsylvania,420675,0,0,2,1,13,BLAIR (13),130,ALTOONA,9,Septiembre,29,2022,20,3,8TH ST,6,Calle Local Municipalidad,Urbano,Local,City or Municipal Highway Agency,0,Sin jurisdiccion especial,0,40.51220556,-78.38571389,Valla Ferrocarril,El primer evento no fue una colision con un vehiculo automotor en transporte,Four-Way Intersection,Interseccion de 4 direcciones,Sobre el lado de la calle,Ninguna,Oscuro sin iluminacion,lluvia,No,NO APLICA,99,99,99,99,1,29/09/2022,2
42,Pennsylvania,420676,0,0,2,0,19,BUTLER (19),0,NO APLICA,9,Septiembre,27,2022,20,26,SR-38 ONEIDA VALLEY RD,3,Highway estatal,Rural,Arteria Menor,State Highway Agency,0,Sin jurisdiccion especial,43,40.92513056,-79.86747778,Vehiculo en movimiento,Frente a frente,Not an Intersection,No fue interseccion,Sobre calle,Ninguna,Atardecer,lluvia,No,NO APLICA,20,23,20,34,1,27/09/2022,3
42,Pennsylvania,420677,0,0,1,0,17,BUCKS (17),0,NO APLICA,9,Septiembre,28,2022,18,58,SR-4055 KUMRY RD,3,Highway estatal,Urbano,Colector Mayor,State Highway Agency,0,Sin jurisdiccion especial,31,40.41517778,-75.40713611,Culvert,El primer evento no fue una colision con un vehiculo automotor en transporte,Not an Intersection,No fue interseccion,Sobre el lado de la calle,Ninguna,Atardecer,Despejado,No,NO APLICA,99,99,99,99,1,28/09/2022,1
42,Pennsylvania,420678,0,0,1,0,69,LACKAWANNA (69),0,NO APLICA,9,Septiembre,30,2022,10,50,SR-502 SPRING BROOK AVE,3,Highway estatal,Rural,Colector Mayor,State Highway Agency,0,Sin jurisdiccion especial,27,41.33158889,-75.66893056,Volcadura,El primer evento no fue una colision con un vehiculo automotor en transporte,Not an Intersection,No fue interseccion,Sobre Acotamiento,Ninguna,Dia total,Despejado,No,NO APLICA,10,51,11,6,1,30/09/2022,1
42,Pennsylvania,420679,0,0,2,0,99,PERRY (99),4540,LIVERPOOL,9,Septiembre,30,2022,6,28,US-11 SUSQUEHANNA TRL,2,US Highway,Rural,Arteria Principal,Unknown,1,Sin jurisdiccion especial,242,40.580725,-76.98087778,Vehiculo en movimiento,Angulo,Not an Intersection,No fue interseccion,Sobre calle,Ninguna,Amanecer,Despejado,No,NO APLICA,99,99,99,99,1,30/09/2022,3
42,Pennsylvania,420680,1,1,1,0,101,PHILADELPHIA (101),6540,PHILADELPHIA,10,Octubre,1,2022,2,0,SR-1024 ROBBINS ST,3,Highway estatal,Urbano,Arteria Principal,State Highway Agency,1,Sin jurisdiccion especial,6,40.02120278,-75.05430833,Peaton,El primer evento no fue una colision con un vehiculo automotor en transporte,Not an Intersection,No fue interseccion,Sobre calle,Ninguna,Oscuro con iluminacion,lluvia,No,NO APLICA,2,0,2,8,1,01/10/2022,1
42,Pennsylvania,420681,1,1,3,0,101,PHILADELPHIA (101),6540,PHILADELPHIA,11,Noviembre,12,2022,5,49,I-95 DELAWARE EXPY,1,Interestatal,Urbano,Interestatal,State Highway Agency,1,Sin jurisdiccion especial,213,39.95140833,-75.14146667,Peaton,El primer evento no fue una colision con un vehiculo automotor en transporte,Not an Intersection,No fue interseccion,Sobre calle,Ninguna,Oscuro con iluminacion,Despejado,No,NO APLICA,5,36,5,58,2,12/11/2022,1
42,Pennsylvania,420682,0,0,3,0,89,MONROE (89),0,NO APLICA,11,Noviembre,20,2022,13,49,SR-1019 SEVEN BRIDGES RD,3,Highway estatal,Rural,Arteria Menor,State Highway Agency,0,Sin jurisdiccion especial,5,41.04035,-75.12715,Alguien se cayo/avento del vehiculo,El primer evento no fue una colision con un vehiculo automotor en transporte,Not an Intersection,No fue interseccion,Sobre calle,Ninguna,Dia total,Despejado,No,NO APLICA,99,99,99,99,1,20/11/2022,4
42,Pennsylvania,420683,0,0,1,0,29,CHESTER (29),0,NO APLICA,8,Agosto,14,2022,3,35,US-30B BUSINESS 30/LINCOLN HWY,2,US Highway,Urbano,Arteria Principal,Unknown,1,Sin jurisdiccion especial,71,39.98874444,-75.79002222,Poste,El primer evento no fue una colision con un vehiculo automotor en transporte,Not an Intersection,No fue interseccion,Sobre el lado de la calle,Ninguna,Oscuro con iluminacion,Despejado,No,NO APLICA,3,35,3,39,1,14/08/2022,1