Estado,Nombre de Estado,Numero de Caso,Peatones,Personas _no_vehiculos,Vehiculos automotores,Vehiculos estacionados,Condado,Nombre Condado,Ciudad,Nombre Ciudad,Mes,Nombre Mes,Dia,Año,Hora,Minuto,Calle,Ruta,Nombre Ruta,Rural o Urbanoo,Sistema Funcional,Dueño Calle,Sistema Nacional Carreteras,Jurisdiccion Especial,Milla,Latitud,Longitud,Causa del Accidente,Tipo de Accidente,Tipo Interseccion,Columna1,Lugar en la calle,Zona de Trabajo,Luz,Clima,Autobus Escolar,Cruce de Trenes,Hora Notificacion,Minuto Notificacion,Hora Llegada,Minuto Llegada,Decesos,Fecha,PersonaVehiculo
42,Pennsylvania,420684,0,0,2,0,41,CUMBERLAND (41),0,NO APLICA,9,Septiembre,18,2022,11,24,SR-1023 ENOLA DR,3,Highway estatal,Urbano,Colector Mayor,State Highway Agency,0,Sin jurisdiccion especial,1,40.29729167,-76.93562222,Volcadura,El primer evento no fue una colision con un vehiculo automotor en transporte,T-Intersection,Interseccion de T,Sobre calle,Ninguna,Dia total,Despejado,No,NO APLICA,11,24,11,28,1,18/09/2022,2
42,Pennsylvania,420685,0,0,3,0,25,CARBON (25),0,NO APLICA,1,Enero,13,2022,14,50,US-209,2,US Highway,Rural,Arteria Principal,Unknown,1,Sin jurisdiccion especial,111,40.86048611,-75.72787778,Vehiculo en movimiento,Golpe Lateral - misma direccion,Not an Intersection,No fue interseccion,Sobre calle,Ninguna,Dia total,Despejado,No,NO APLICA,99,99,99,99,1,13/01/2022,4
42,Pennsylvania,420686,0,0,1,0,29,CHESTER (29),0,NO APLICA,10,Octubre,1,2022,19,7,SR-842 WEST MINER ST,3,Highway estatal,Urbano,Colector Mayor,State Highway Agency,0,Sin jurisdiccion especial,131,39.94431111,-75.62479722,Arbol,El primer evento no fue una colision con un vehiculo automotor en transporte,Not an Intersection,No fue interseccion,Sobre el lado de la calle,Ninguna,Oscuro sin iluminacion,lluvia,No,NO APLICA,19,14,19,20,1,01/10/2022,2
42,Pennsylvania,420687,0,0,1,0,107,SCHUYLKILL (107),0,NO APLICA,10,Octubre,1,2022,15,20,SR-25 MAIN ST,3,Highway estatal,Rural,Colector Mayor,State Highway Agency,0,Sin jurisdiccion especial,32,40.634825,-76.58510833,Edificio,El primer evento no fue una colision con un vehiculo automotor en transporte,Not an Intersection,No fue interseccion,Fuera de la calle,Ninguna,Dia total,lluvia,No,NO APLICA,99,99,99,99,1,01/10/2022,1
42,Pennsylvania,420688,0,0,1,0,83,MCKEAN (83),0,NO APLICA,10,Octubre,3,2022,0,45,FIRE RD,5,Calle Local - Pueblo,Rural,Local,Town or Township Highway Agency,0,Sin jurisdiccion especial,0,41.95763333,-78.84818333,Volcadura,El primer evento no fue una colision con un vehiculo automotor en transporte,Not an Intersection,No fue interseccion,Sobre el lado de la calle,Ninguna,Oscuro sin iluminacion,Despejado,No,NO APLICA,99,99,99,99,1,03/10/2022,2
42,Pennsylvania,420689,1,1,1,0,49,ERIE (49),2640,ERIE,10,Octubre,6,2022,17,0,10TH ST,6,Calle Local Municipalidad,Urbano,Local,City or Municipal Highway Agency,0,Sin jurisdiccion especial,0,42.12156944,-80.09339444,Peaton,El primer evento no fue una colision con un vehiculo automotor en transporte,Not an Intersection,No fue interseccion,En estacionamiento,Ninguna,Dia total,Despejado,No,NO APLICA,88,88,88,88,1,06/10/2022,2
42,Pennsylvania,420690,0,0,4,0,17,BUCKS (17),8845,WARMINSTER,1,Enero,15,2022,9,51,SR-132 STREET RD,3,Highway estatal,Urbano,Arteria Principal,State Highway Agency,1,Sin jurisdiccion especial,25,40.20676944,-75.09975278,Vehiculo en movimiento,Angulo,Four-Way Intersection,Interseccion de 4 direcciones,Sobre calle,Ninguna,Dia total,Despejado,No,NO APLICA,9,53,10,0,1,15/01/2022,5
42,Pennsylvania,420691,1,1,1,0,71,LANCASTER (71),0,NO APLICA,10,Octubre,7,2022,16,11,US-30 LINCOLN HWY,2,US Highway,Urbano,Arterial Principal -Freeway o ExpressWay,Unknown,1,Sin jurisdiccion especial,63,40.04593333,-76.4183,Peaton,El primer evento no fue una colision con un vehiculo automotor en transporte,Not an Intersection,No fue interseccion,Sobre calle,Ninguna,Dia total,Despejado,No,NO APLICA,16,13,16,14,1,07/10/2022,2
42,Pennsylvania,420692,0,0,1,0,55,FRANKLIN (55),0,NO APLICA,10,Octubre,7,2022,10,4,US-30 LINCOLN HWY,2,US Highway,Rural,Arteria Principal,Unknown,1,Sin jurisdiccion especial,65,39.90376111,-77.87167778,Buzon de correo,El primer evento no fue una colision con un vehiculo automotor en transporte,Not an Intersection,No fue interseccion,Sobre el lado de la calle,Ninguna,Dia total,Despejado,No,NO APLICA,10,3,10,12,1,07/10/2022,1
42,Pennsylvania,420693,0,0,1,0,17,BUCKS (17),0,NO APLICA,10,Octubre,7,2022,17,46,LOWER DOLINGTON RD,5,Calle Local - Pueblo,Rural,Local,Town or Township Highway Agency,0,Sin jurisdiccion especial,0,40.24047778,-74.91660833,Arbol,El primer evento no fue una colision con un vehiculo automotor en transporte,Not an Intersection,No fue interseccion,Sobre el lado de la calle,Ninguna,Dia total,Despejado,No,NO APLICA,17,48,17,55,1,07/10/2022,1
42,Pennsylvania,420694,0,0,1,0,9,BEDFORD (9),0,NO APLICA,1,Enero,23,2022,3,55,HARTLEY RD,5,Calle Local - Pueblo,Rural,Local,Town or Township Highway Agency,0,Sin jurisdiccion especial,0,40.01547222,-78.46241667,Arbol,El primer evento no fue una colision con un vehiculo automotor en transporte,Not an Intersection,No fue interseccion,Sobre el lado de la calle,Ninguna,Oscuro sin iluminacion,Despejado,No,NO APLICA,99,99,99,99,1,23/01/2022,1
42,Pennsylvania,420695,0,0,2,0,133,YORK (133),0,NO APLICA,10,Octubre,4,2022,9,5,OLD TRAIL RD,5,Calle Local - Pueblo,Rural,Local,Town or Township Highway Agency,0,Sin jurisdiccion especial,0,40.16269444,-76.81746389,Vehiculo en movimiento,Angulo,Not an Intersection,No fue interseccion,Sobre calle,Ninguna,Dia total,lluvia,No,NO APLICA,9,11,9,21,1,04/10/2022,4
42,Pennsylvania,420696,0,0,1,0,37,COLUMBIA (37),0,NO APLICA,3,Marzo,15,2022,8,3,SR-93,3,Highway estatal,Rural,Colector Mayor,State Highway Agency,0,Sin jurisdiccion especial,60,41.07016667,-76.34063889,Otro objeto (no fijo),El primer evento no fue una colision con un vehiculo automotor en transporte,Not an Intersection,No fue interseccion,Fuera de la calle,Ninguna,Dia total,Despejado,No,NO APLICA,8,4,8,14,1,15/03/2022,1
42,Pennsylvania,420697,0,0,1,0,123,WARREN (123),0,NO APLICA,4,Abril,11,2022,15,45,SR-2002 HEARTS CONTENT RD,3,Highway estatal,Rural,Colector Menor,State Highway Agency,0,Sin jurisdiccion especial,31,41.69927778,-79.25180556,Arbol,El primer evento no fue una colision con un vehiculo automotor en transporte,Not an Intersection,No fue interseccion,Sobre el lado de la calle,Ninguna,Dia total,Despejado,No,NO APLICA,88,88,88,88,1,11/04/2022,1
42,Pennsylvania,420698,0,0,1,0,129,WESTMORELAND (129),0,NO APLICA,10,Octubre,6,2022,2,49,SR-217 MILLWOOD ST,3,Highway estatal,Urbano,Arteria Menor,State Highway Agency,0,Sin jurisdiccion especial,97,40.40050278,-79.26410833,Valla Ferrocarril,El primer evento no fue una colision con un vehiculo automotor en transporte,Not an Intersection,No fue interseccion,Sobre el lado de la calle,Ninguna,Oscuro sin iluminacion,Despejado,No,NO APLICA,99,99,99,99,1,06/10/2022,1
42,Pennsylvania,420699,0,0,2,0,39,CRAWFORD (39),0,NO APLICA,10,Octubre,6,2022,19,31,SR-8 SPRING ST,3,Highway estatal,Rural,Arteria Menor,State Highway Agency,0,Sin jurisdiccion especial,117,41.75340556,-79.77328333,Vehiculo en movimiento,Frente a frente,Not an Intersection,No fue interseccion,Sobre calle,Ninguna,Oscuro sin iluminacion,Despejado,No,NO APLICA,99,99,99,99,1,06/10/2022,2
42,Pennsylvania,420700,0,0,1,0,25,CARBON (25),0,NO APLICA,4,Abril,23,2022,2,41,I-80 KEYSTONE SHORTWAY RD,1,Interestatal,Rural,Interestatal,State Highway Agency,1,Sin jurisdiccion especial,2770,41.072,-75.68233333,Arbol,El primer evento no fue una colision con un vehiculo automotor en transporte,Not an Intersection,No fue interseccion,Sobre el lado de la calle,Ninguna,Oscuro sin iluminacion,Despejado,No,NO APLICA,99,99,99,99,1,23/04/2022,1
42,Pennsylvania,420701,0,0,1,0,51,FAYETTE (51),0,NO APLICA,10,Octubre,7,2022,15,38,SR-2003 WHARTON FURNACE RD,3,Highway estatal,Rural,Colector Mayor,State Highway Agency,0,Sin jurisdiccion especial,50,39.83056111,-79.64436944,Acotamiento,El primer evento no fue una colision con un vehiculo automotor en transporte,Not an Intersection,No fue interseccion,Sobre el lado de la calle,Ninguna,Dia total,Despejado,No,NO APLICA,99,99,99,99,1,07/10/2022,1
42,Pennsylvania,420702,0,0,5,0,43,DAUPHIN (43),0,NO APLICA,8,Agosto,16,2022,13,17,SR-3020 UNION DEPOSIT RD,3,Highway estatal,Urbano,Arteria Principal,State Highway Agency,1,Sin jurisdiccion especial,18,40.27828056,-76.82451111,Vehiculo en movimiento,Frente a Detrás,Four-Way Intersection,Interseccion de 4 direcciones,Sobre calle,Ninguna,Dia total,Despejado,No,NO APLICA,13,22,13,25,1,16/08/2022,10
42,Pennsylvania,420703,0,0,2,0,9,BEDFORD (9),0,NO APLICA,2,Febrero,26,2022,19,3,US-220 BEDFORD VALLEY RD,2,US Highway,Rural,Arteria Principal,Unknown,1,Sin jurisdiccion especial,215,39.99306111,-78.53066944,Vehiculo en movimiento,Frente a frente,Not an Intersection,No fue interseccion,Sobre calle,Ninguna,Oscuro sin iluminacion,Despejado,No,NO APLICA,99,99,99,99,1,26/02/2022,4
42,Pennsylvania,420704,1,1,3,0,101,PHILADELPHIA (101),6540,PHILADELPHIA,11,Noviembre,26,2022,21,22,SR-1005 CASTOR AVE,3,Highway estatal,Urbano,Arteria Principal,State Highway Agency,1,Sin jurisdiccion especial,10,39.99463056,-75.09453056,Vehiculo en movimiento,Frente a frente,Four-Way Intersection,Interseccion de 4 direcciones,Sobre calle,Ninguna,Oscuro con iluminacion,Despejado,No,NO APLICA,21,36,21,40,1,26/11/2022,11
42,Pennsylvania,420705,0,0,1,0,129,WESTMORELAND (129),0,NO APLICA,10,Octubre,10,2022,21,18,SR-139 COLLEGE AVE,3,Highway estatal,Urbano,Arteria Principal,State Highway Agency,1,Sin jurisdiccion especial,118,40.32655278,-79.58624722,Volcadura,El primer evento no fue una colision con un vehiculo automotor en transporte,Not an Intersection,No fue interseccion,Sobre calle,Ninguna,Oscuro sin iluminacion,Despejado,No,NO APLICA,21,19,21,23,1,10/10/2022,1
42,Pennsylvania,420706,0,0,1,0,11,BERKS (11),0,NO APLICA,10,Octubre,10,2022,21,15,US-422 BENJAMIN FRANKLIN HWY,2,US Highway,Urbano,Arteria Principal,Unknown,1,Sin jurisdiccion especial,265,40.28197222,-75.79851111,Poste o otros soportes,El primer evento no fue una colision con un vehiculo automotor en transporte,Four-Way Intersection,Interseccion de 4 direcciones,Sobre el lado de la calle,Ninguna,Oscuro - iluminacion desconocida,Despejado,No,NO APLICA,99,99,99,99,1,10/10/2022,1
42,Pennsylvania,420707,0,0,1,0,133,YORK (133),9440,WINDSOR,10,Octubre,13,2022,11,34,SR-2031 PENN ST,3,Highway estatal,Urbano,Colector Mayor,State Highway Agency,0,Sin jurisdiccion especial,11,39.91624722,-76.580225,Banqueta,El primer evento no fue una colision con un vehiculo automotor en transporte,Not an Intersection,No fue interseccion,Sobre el lado de la calle,Ninguna,Dia total,lluvia,No,NO APLICA,11,33,11,48,1,13/10/2022,1
42,Pennsylvania,420708,1,1,1,0,91,MONTGOMERY (91),0,NO APLICA,10,Octubre,13,2022,6,43,SR-309 CHELTENHAM AVE,3,Highway estatal,Urbano,Arteria Principal,State Highway Agency,1,Sin jurisdiccion especial,7,40.06766944,-75.14683611,Peaton,El primer evento no fue una colision con un vehiculo automotor en transporte,Four-Way Intersection,Interseccion de 4 direcciones,Sobre calle,Ninguna,Amanecer,Nublado,No,NO APLICA,6,45,6,50,1,13/10/2022,2
42,Pennsylvania,420709,0,0,1,0,49,ERIE (49),2640,ERIE,10,Octubre,8,2022,2,7,SR-4016 THIRTYEIGHTH ST,3,Highway estatal,Urbano,Arteria Principal,State Highway Agency,1,Sin jurisdiccion especial,89,42.10374444,-80.06304444,Poste,El primer evento no fue una colision con un vehiculo automotor en transporte,Not an Intersection,No fue interseccion,Sobre el lado de la calle,Ninguna,Oscuro con iluminacion,Despejado,No,NO APLICA,2,8,2,12,1,08/10/2022,1
42,Pennsylvania,420710,0,0,1,0,7,BEAVER (7),0,NO APLICA,10,Octubre,8,2022,20,16,SR-3002 OLD BRODHEAD RD,3,Highway estatal,Urbano,Arteria Menor,State Highway Agency,0,Sin jurisdiccion especial,11,40.67630556,-80.29402778,Volcadura,El primer evento no fue una colision con un vehiculo automotor en transporte,Not an Intersection,No fue interseccion,Sobre calle,Ninguna,Oscuro con iluminacion,Despejado,No,NO APLICA,99,99,99,99,1,08/10/2022,1
42,Pennsylvania,420711,0,0,2,0,33,CLEARFIELD (33),0,NO APLICA,10,Octubre,8,2022,8,9,SR-53 PHILIPSBURG AREA HWY,3,Highway estatal,Rural,Arteria Menor,State Highway Agency,0,Sin jurisdiccion especial,286,40.92646111,-78.21943056,Vehiculo en movimiento,Angulo,Not an Intersection,No fue interseccion,Sobre calle,Ninguna,Dia total,Despejado,No,NO APLICA,99,99,99,99,1,08/10/2022,3
42,Pennsylvania,420712,0,0,1,0,123,WARREN (123),0,NO APLICA,4,Abril,25,2022,12,10,SR-59 KINZUA RD,3,Highway estatal,Rural,Arteria Menor,State Highway Agency,0,Sin jurisdiccion especial,78,41.84378611,-78.98806667,Valla Ferrocarril,El primer evento no fue una colision con un vehiculo automotor en transporte,Not an Intersection,No fue interseccion,Sobre el lado de la calle,Ninguna,Dia total,Despejado,No,NO APLICA,99,99,99,99,1,25/04/2022,1
42,Pennsylvania,420713,0,0,1,0,21,CAMBRIA (21),0,NO APLICA,10,Octubre,9,2022,13,34,SR-865 SKYLINE DR,3,Highway estatal,Rural,Local,State Highway Agency,0,Sin jurisdiccion especial,65,40.71844444,-78.46055556,Volcadura,El primer evento no fue una colision con un vehiculo automotor en transporte,Not an Intersection,No fue interseccion,Sobre Acotamiento,Ninguna,Dia total,Despejado,No,NO APLICA,99,99,99,99,1,09/10/2022,3
42,Pennsylvania,420714,0,0,1,0,39,CRAWFORD (39),0,NO APLICA,10,Octubre,19,2022,8,13,SR-77,3,Highway estatal,Rural,Arteria Menor,State Highway Agency,0,Sin jurisdiccion especial,269,41.82415278,-79.69799167,Poste de Señal de trafico,El primer evento no fue una colision con un vehiculo automotor en transporte,T-Intersection,Interseccion de T,Sobre el lado de la calle,Ninguna,Amanecer,Nieve,No,NO APLICA,99,99,99,99,1,19/10/2022,1
42,Pennsylvania,420715,0,0,2,0,17,BUCKS (17),0,NO APLICA,4,Abril,22,2022,17,4,SR-309,3,Highway estatal,Urbano,Arteria Principal,State Highway Agency,0,Sin jurisdiccion especial,145,40.46476944,-75.36955556,Vehiculo en movimiento,Angulo,Four-Way Intersection,Interseccion de 4 direcciones,Sobre calle,Ninguna,Dia total,Despejado,No,NO APLICA,17,5,17,6,1,22/04/2022,3
42,Pennsylvania,420716,0,2,2,1,3,ALLEGHENY (3),6600,PITTSBURGH,10,Octubre,7,2022,3,12,I-376 PENN LINCOLN PKWY,1,Interestatal,Urbano,Interestatal,State Highway Agency,1,Sin jurisdiccion especial,721,40.43589167,-79.97073333,Vehiculo Funcionando,El primer evento no fue una colision con un vehiculo automotor en transporte,Not an Intersection,No fue interseccion,Sobre calle,Mantenimiento,Oscuro con iluminacion,Despejado,No,NO APLICA,99,99,99,99,1,07/10/2022,1
42,Pennsylvania,420717,0,0,1,0,69,LACKAWANNA (69),4980,MAYFIELD,10,Octubre,9,2022,1,59,SR-107 RUSHBROOK ST,3,Highway estatal,Rural,Colector Mayor,State Highway Agency,0,Sin jurisdiccion especial,129,41.53985278,-75.55636667,Poste,El primer evento no fue una colision con un vehiculo automotor en transporte,Not an Intersection,No fue interseccion,Sobre el lado de la calle,Ninguna,Oscuro sin iluminacion,Despejado,No,NO APLICA,2,4,2,5,1,09/10/2022,2
42,Pennsylvania,420718,0,0,2,0,9,BEDFORD (9),0,NO APLICA,4,Abril,30,2022,11,28,SR-1009 PLANK RD,3,Highway estatal,Rural,Colector Mayor,State Highway Agency,0,Sin jurisdiccion especial,31,40.09039722,-78.32775,Vehiculo en movimiento,Angulo,Not an Intersection,No fue interseccion,Sobre calle,Ninguna,Dia total,Despejado,No,NO APLICA,88,88,88,88,1,30/04/2022,6
42,Pennsylvania,420719,1,1,1,0,63,INDIANA (63),0,NO APLICA,10,Octubre,10,2022,17,59,US-119,2,US Highway,Rural,Arteria Principal,Unknown,1,Sin jurisdiccion especial,339,40.85957222,-79.02203611,Peaton,El primer evento no fue una colision con un vehiculo automotor en transporte,Not an Intersection,No fue interseccion,Sobre calle,Ninguna,Dia total,Despejado,No,NO APLICA,99,99,99,99,1,10/10/2022,1
42,Pennsylvania,420720,1,1,1,0,101,PHILADELPHIA (101),6540,PHILADELPHIA,10,Octubre,14,2022,19,54,SR-1001 VERREE RD,3,Highway estatal,Urbano,Arteria Menor,State Highway Agency,0,Sin jurisdiccion especial,39,40.07258889,-75.07625556,Peaton,El primer evento no fue una colision con un vehiculo automotor en transporte,Not an Intersection,No fue interseccion,Sobre calle,Ninguna,Oscuro con iluminacion,Despejado,No,NO APLICA,19,59,20,1,1,14/10/2022,1
42,Pennsylvania,420721,0,0,2,0,67,JUNIATA (67),0,NO APLICA,5,Mayo,5,2022,16,27,SR-3002 MAIN ST,3,Highway estatal,Rural,Colector Mayor,State Highway Agency,0,Sin jurisdiccion especial,67,40.53818056,-77.33129722,Vehiculo en movimiento,Frente a frente,Not an Intersection,No fue interseccion,Sobre calle,Ninguna,Dia total,Despejado,No,NO APLICA,16,26,16,35,1,05/05/2022,2
42,Pennsylvania,420722,1,1,1,0,91,MONTGOMERY (91),0,NO APLICA,10,Octubre,15,2022,19,31,SR-2013 PHILMONT AVE,3,Highway estatal,Urbano,Arteria Principal,State Highway Agency,1,Sin jurisdiccion especial,21,40.12823056,-75.02801111,Peaton,El primer evento no fue una colision con un vehiculo automotor en transporte,T-Intersection,Interseccion de T,Sobre calle,Ninguna,Oscuro con iluminacion,Despejado,No,NO APLICA,99,99,99,99,1,15/10/2022,1
42,Pennsylvania,420723,0,0,2,0,75,LEBANON (75),0,NO APLICA,5,Mayo,7,2022,12,16,I-81 AMERICAN LEGION MEM HW,1,Interestatal,Rural,Interestatal,State Highway Agency,1,Sin jurisdiccion especial,881,40.42592222,-76.52128611,Vehiculo en movimiento,Golpe Lateral - misma direccion,Not an Intersection,No fue interseccion,Sobre calle,Ninguna,Dia total,lluvia,No,NO APLICA,12,17,12,27,1,07/05/2022,3
42,Pennsylvania,420724,1,1,1,0,101,PHILADELPHIA (101),6540,PHILADELPHIA,10,Octubre,17,2022,19,36,SR-2007 FRANKFORD AVE,3,Highway estatal,Urbano,Arteria Principal,State Highway Agency,1,Sin jurisdiccion especial,62,40.02771389,-75.06116667,Peaton,El primer evento no fue una colision con un vehiculo automotor en transporte,Not an Intersection,No fue interseccion,Sobre calle,Ninguna,Oscuro con iluminacion,lluvia,No,NO APLICA,19,30,19,30,1,17/10/2022,1
42,Pennsylvania,420725,0,0,2,0,11,BERKS (11),0,NO APLICA,10,Octubre,18,2022,10,21,US-422 BENJAMIN FRANKLIN HWY,2,US Highway,Urbano,Arteria Principal,Unknown,1,Sin jurisdiccion especial,310,40.25529444,-75.72406389,Vehiculo en movimiento,Angulo,Four-Way Intersection,Interseccion de 4 direcciones,Sobre calle,Ninguna,Dia total,Despejado,No,NO APLICA,99,99,99,99,1,18/10/2022,2
42,Pennsylvania,420726,0,0,2,0,79,LUZERNE (79),0,NO APLICA,10,Octubre,18,2022,11,54,SR-2035 BEAR CREEK RD,3,Highway estatal,Urbano,Colector Mayor,State Highway Agency,0,Sin jurisdiccion especial,89,41.30430833,-75.72551111,Vehiculo en movimiento,Frente a frente,Not an Intersection,No fue interseccion,Sobre calle,Ninguna,Dia total,Despejado,No,NO APLICA,11,53,12,3,1,18/10/2022,2
42,Pennsylvania,420727,0,0,1,0,9,BEDFORD (9),0,NO APLICA,5,Mayo,19,2022,15,8,SR-56 QUAKER VALLEY RD,3,Highway estatal,Rural,Arteria Principal,State Highway Agency,1,Sin jurisdiccion especial,129,40.10552778,-78.55141667,Poste o otros soportes,El primer evento no fue una colision con un vehiculo automotor en transporte,Not an Intersection,No fue interseccion,Sobre el lado de la calle,Ninguna,Dia total,Despejado,No,NO APLICA,99,99,99,99,1,19/05/2022,1
42,Pennsylvania,420728,0,0,1,0,55,FRANKLIN (55),0,NO APLICA,10,Octubre,18,2022,20,53,SR-456 LITTLE COVE RD,3,Highway estatal,Rural,Colector Mayor,State Highway Agency,0,Sin jurisdiccion especial,113,39.85538611,-77.96781111,Buzon de correo,El primer evento no fue una colision con un vehiculo automotor en transporte,Not an Intersection,No fue interseccion,Sobre el lado de la calle,Ninguna,Oscuro sin iluminacion,Despejado,No,NO APLICA,20,51,21,1,1,18/10/2022,1
42,Pennsylvania,420729,0,0,1,0,97,NORTHUMBERLAND (97),0,NO APLICA,5,Mayo,21,2022,18,26,MOUNT ZION RD,6,Calle Local Municipalidad,Rural,Local,Town or Township Highway Agency,0,Sin jurisdiccion especial,0,40.98497222,-76.83075,Zanja,El primer evento no fue una colision con un vehiculo automotor en transporte,Not an Intersection,No fue interseccion,Sobre el lado de la calle,Ninguna,Dia total,Despejado,No,NO APLICA,18,26,18,33,1,21/05/2022,1
42,Pennsylvania,420730,0,0,1,0,87,MIFFLIN (87),0,NO APLICA,10,Octubre,23,2022,15,23,SR-1002 NEW LANCASTER VALLE RD,3,Highway estatal,Rural,Colector Menor,State Highway Agency,0,Sin jurisdiccion especial,146,40.763275,-77.37896944,Arbol,El primer evento no fue una colision con un vehiculo automotor en transporte,Not an Intersection,No fue interseccion,Sobre el lado de la calle,Ninguna,Dia total,Despejado,No,NO APLICA,15,22,15,41,1,23/10/2022,1
42,Pennsylvania,420731,0,0,3,0,3,ALLEGHENY (3),6600,PITTSBURGH,11,Noviembre,27,2022,22,57,FIFTH AVE,6,Calle Local Municipalidad,Urbano,Local,City or Municipal Highway Agency,0,Sin jurisdiccion especial,0,40.44744722,-79.94241944,Vehiculo en movimiento,Otro,Four-Way Intersection,Interseccion de 4 direcciones,Sobre calle,Ninguna,Oscuro con iluminacion,lluvia,No,NO APLICA,22,57,23,0,1,27/11/2022,4
42,Pennsylvania,420732,0,0,1,0,49,ERIE (49),0,NO APLICA,10,Octubre,18,2022,10,44,SR-77 SPARTANSBURG HWY,3,Highway estatal,Rural,Arteria Menor,State Highway Agency,0,Sin jurisdiccion especial,19,41.87908333,-79.65290833,Arbol,El primer evento no fue una colision con un vehiculo automotor en transporte,Not an Intersection,No fue interseccion,Sobre el lado de la calle,Ninguna,Dia total,lluvia,No,NO APLICA,99,99,99,99,1,18/10/2022,1
42,Pennsylvania,420733,0,0,1,0,39,CRAWFORD (39),0,NO APLICA,10,Octubre,18,2022,21,13,US-322 TWENTYEIGHTH DIVISI HWY,2,US Highway,Rural,Arteria Principal,Unknown,1,Sin jurisdiccion especial,218,41.56336667,-80.10978333,Valla Ferrocarril,El primer evento no fue una colision con un vehiculo automotor en transporte,Not an Intersection,No fue interseccion,Sobre el lado de la calle,Ninguna,Oscuro sin iluminacion,Aguanieve,No,NO APLICA,21,9,21,19,1,18/10/2022,1
42,Pennsylvania,420734,0,0,2,0,129,WESTMORELAND (129),0,NO APLICA,10,Octubre,19,2022,17,46,SR-66 BUSINESS RT 66 RD,3,Highway estatal,Urbano,Colector Mayor,State Highway Agency,0,Sin jurisdiccion especial,37,40.34538611,-79.57060556,Vehiculo en movimiento,Angulo,Four-Way Intersection,Interseccion de 4 direcciones,Sobre calle,Ninguna,Dia total,lluvia,No,NO APLICA,17,45,17,47,1,19/10/2022,4
42,Pennsylvania,420735,0,0,1,0,101,PHILADELPHIA (101),6540,PHILADELPHIA,10,Octubre,22,2022,2,0,SR-8041 RAMP M RD,3,Highway estatal,Urbano,Arterial Principal -Freeway o ExpressWay,State Highway Agency,1,Sin jurisdiccion especial,56,40.01808056,-75.16890833,Arbol,El primer evento no fue una colision con un vehiculo automotor en transporte,Not an Intersection,No fue interseccion,Sobre el lado de la calle,Ninguna,Oscuro con iluminacion,Despejado,No,NO APLICA,2,7,2,11,1,22/10/2022,1
42,Pennsylvania,420736,0,0,2,0,101,PHILADELPHIA (101),6540,PHILADELPHIA,10,Octubre,21,2022,20,0,RISING SUN AVE,6,Calle Local Municipalidad,Urbano,Local,City or Municipal Highway Agency,0,Sin jurisdiccion especial,0,40.01595278,-75.12966111,Vehiculo en movimiento,Angulo,Four-Way Intersection,Interseccion de 4 direcciones,Sobre calle,Ninguna,Oscuro con iluminacion,Despejado,No,NO APLICA,20,6,20,9,1,21/10/2022,3
42,Pennsylvania,420737,1,1,1,0,133,YORK (133),3470,HANOVER,10,Octubre,22,2022,21,11,SR-94 CARLISLE ST,3,Highway estatal,Urbano,Arteria Principal,State Highway Agency,1,Sin jurisdiccion especial,83,39.81797222,-76.99448889,Peaton,El primer evento no fue una colision con un vehiculo automotor en transporte,Not an Intersection,No fue interseccion,Sobre calle,Ninguna,Oscuro con iluminacion,Despejado,No,NO APLICA,21,13,21,17,1,22/10/2022,1
42,Pennsylvania,420738,0,0,3,0,21,CAMBRIA (21),5680,NANTY GLO,11,Noviembre,29,2022,11,30,SR-271 SHOEMAKER ST,3,Highway estatal,Rural,Colector Mayor,State Highway Agency,0,Sin jurisdiccion especial,211,40.46280278,-78.83696944,Vehiculo en movimiento,Angulo,Not an Intersection,No fue interseccion,Sobre calle,Ninguna,Dia total,Despejado,No,NO APLICA,99,99,99,99,1,29/11/2022,4
42,Pennsylvania,420739,0,0,3,2,91,MONTGOMERY (91),4230,LANSDALE,11,Noviembre,29,2022,1,7,CHESTNUT ST,6,Calle Local Municipalidad,Urbano,Local,City or Municipal Highway Agency,0,Sin jurisdiccion especial,0,40.24516389,-75.27713333,Vehiculo Aparcado,El primer evento no fue una colision con un vehiculo automotor en transporte,Not an Intersection,No fue interseccion,En estacionamiento,Ninguna,Oscuro con iluminacion,Despejado,No,NO APLICA,1,11,1,14,1,29/11/2022,1
42,Pennsylvania,420740,0,0,3,0,19,BUTLER (19),0,NO APLICA,12,Diciembre,4,2022,14,18,US-19 PERRY HWY,2,US Highway,Urbano,Arteria Principal,Unknown,1,Sin jurisdiccion especial,42,40.73452778,-80.10975278,Vehiculo en movimiento,Angulo,T-Intersection,Interseccion de T,Sobre calle,Ninguna,Dia total,Despejado,No,NO APLICA,14,19,14,24,1,04/12/2022,4
42,Pennsylvania,420741,0,0,1,0,71,LANCASTER (71),0,NO APLICA,10,Octubre,20,2022,23,27,SR-3022 MAIN ST,3,Highway estatal,Rural,Colector Mayor,State Highway Agency,0,Sin jurisdiccion especial,0,39.93586111,-76.38597222,Arbol,El primer evento no fue una colision con un vehiculo automotor en transporte,T-Intersection,Interseccion de T,Fuera de la calle,Ninguna,Oscuro sin iluminacion,Despejado,No,NO APLICA,88,88,88,88,1,20/10/2022,1
42,Pennsylvania,420742,0,0,2,0,11,BERKS (11),0,NO APLICA,10,Octubre,21,2022,14,32,SR-1010 FLEETWOOD AVE,3,Highway estatal,Rural,Arteria Menor,State Highway Agency,0,Sin jurisdiccion especial,63,40.46469444,-75.80768611,Vehiculo en movimiento,Angulo,T-Intersection,Interseccion de T,Sobre calle,Ninguna,Dia total,Despejado,No,NO APLICA,99,99,99,99,1,21/10/2022,2