Estado,Nombre de Estado,Numero de Caso,Peatones,Personas _no_vehiculos,Vehiculos automotores,Vehiculos estacionados,Condado,Nombre Condado,Ciudad,Nombre Ciudad,Mes,Nombre Mes,Dia,Año,Hora,Minuto,Calle,Ruta,Nombre Ruta,Rural o Urbanoo,Sistema Funcional,Dueño Calle,Sistema Nacional Carreteras,Jurisdiccion Especial,Milla,Latitud,Longitud,Causa del Accidente,Tipo de Accidente,Tipo Interseccion,Columna1,Lugar en la calle,Zona de Trabajo,Luz,Clima,Autobus Escolar,Cruce de Trenes,Hora Notificacion,Minuto Notificacion,Hora Llegada,Minuto Llegada,Decesos,Fecha,PersonaVehiculo
42,Pennsylvania,420743,0,0,2,0,11,BERKS (11),0,NO APLICA,10,Octubre,22,2022,15,44,US-422 BENJAMIN FRANKLIN HWY,2,US Highway,Urbano,Arteria Principal,Unknown,1,Sin jurisdiccion especial,234,40.30141389,-75.85236667,Vehiculo en movimiento,Angulo,T-Intersection,Interseccion de T,Sobre calle,Ninguna,Dia total,Despejado,No,NO APLICA,99,99,99,99,1,22/10/2022,3
42,Pennsylvania,420744,0,0,2,0,75,LEBANON (75),0,NO APLICA,3,Marzo,22,2022,13,9,US-422 CUMBERLAND ST,2,US Highway,Urbano,Arteria Principal,Unknown,1,Sin jurisdiccion especial,115,40.35791667,-76.36497222,Vehiculo en movimiento,Frente a frente,Not an Intersection,No fue interseccion,Sobre calle,Ninguna,Dia total,Despejado,No,NO APLICA,13,9,13,18,1,22/03/2022,2
42,Pennsylvania,420745,0,0,2,0,67,JUNIATA (67),0,NO APLICA,5,Mayo,24,2022,14,44,SR-35,3,Highway estatal,Rural,Arteria Menor,State Highway Agency,0,Sin jurisdiccion especial,379,40.66318611,-77.19973889,Vehiculo en movimiento,Frente a frente,Not an Intersection,No fue interseccion,Sobre calle,Ninguna,Dia total,Despejado,No,NO APLICA,14,44,14,53,1,24/05/2022,2
42,Pennsylvania,420746,1,1,1,0,91,MONTGOMERY (91),0,NO APLICA,10,Octubre,24,2022,4,49,SR-3029 HENDERSON RD,3,Highway estatal,Urbano,Arteria Principal,State Highway Agency,1,Sin jurisdiccion especial,4,40.08125556,-75.35650278,Peaton,El primer evento no fue una colision con un vehiculo automotor en transporte,Four-Way Intersection,Interseccion de 4 direcciones,Sobre calle,Ninguna,Oscuro sin iluminacion,lluvia,No,NO APLICA,4,52,4,57,1,24/10/2022,1
42,Pennsylvania,420747,0,0,1,0,17,BUCKS (17),4220,LANGHORNE MANOR,10,Octubre,23,2022,18,32,US-1 LINCOLN HWY,2,US Highway,Urbano,Arterial Principal -Freeway o ExpressWay,Unknown,1,Sin jurisdiccion especial,45,40.16679444,-74.92353611,Soporte de Puente,El primer evento no fue una colision con un vehiculo automotor en transporte,Not an Intersection,No fue interseccion,Sobre el lado de la calle,Ninguna,Oscuro sin iluminacion,lluvia,No,NO APLICA,18,36,18,44,1,23/10/2022,2
42,Pennsylvania,420748,0,0,2,0,119,UNION (119),0,NO APLICA,10,Octubre,23,2022,12,16,I-80 Z H CONFAIR MEMORIAL HWY,1,Interestatal,Rural,Interestatal,State Highway Agency,1,Sin jurisdiccion especial,2061,41.07655,-76.93939444,Valla Ferrocarril,El primer evento no fue una colision con un vehiculo automotor en transporte,Not an Intersection,No fue interseccion,Sobre el lado de la calle,Ninguna,Dia total,Despejado,No,NO APLICA,12,15,12,30,1,23/10/2022,4
42,Pennsylvania,420749,0,0,2,1,49,ERIE (49),2640,ERIE,10,Octubre,24,2022,10,3,10TH ST,6,Calle Local Municipalidad,Urbano,Local,City or Municipal Highway Agency,0,Sin jurisdiccion especial,0,42.13760833,-80.04969167,Banqueta,El primer evento no fue una colision con un vehiculo automotor en transporte,Not an Intersection,No fue interseccion,Sobre el lado de la calle,Ninguna,Dia total,Despejado,No,NO APLICA,10,5,10,7,1,24/10/2022,3
42,Pennsylvania,420750,0,0,2,0,17,BUCKS (17),0,NO APLICA,10,Octubre,24,2022,13,48,SR-1001 S EASTON RD,3,Highway estatal,Urbano,Arteria Principal,State Highway Agency,1,Sin jurisdiccion especial,5,40.29099444,-75.12881944,Vehiculo en movimiento,Angulo,Four-Way Intersection,Interseccion de 4 direcciones,Sobre calle,Ninguna,Dia total,lluvia,No,NO APLICA,13,48,13,55,1,24/10/2022,2
42,Pennsylvania,420751,1,1,1,0,79,LUZERNE (79),0,NO APLICA,10,Octubre,25,2022,19,53,SR-2008 MAIN ST,3,Highway estatal,Urbano,Arteria Menor,State Highway Agency,0,Sin jurisdiccion especial,62,41.22718889,-75.91565278,Peaton,El primer evento no fue una colision con un vehiculo automotor en transporte,Not an Intersection,No fue interseccion,Sobre calle,Ninguna,Dia total,Despejado,No,NO APLICA,19,3,19,9,1,25/10/2022,4
42,Pennsylvania,420752,0,0,2,0,13,BLAIR (13),0,NO APLICA,10,Octubre,25,2022,6,25,SR-164 DUNNINGS HWY,3,Highway estatal,Urbano,Colector Mayor,State Highway Agency,0,Sin jurisdiccion especial,103,40.36675278,-78.42981944,Vehiculo en movimiento,Angulo,T-Intersection,Interseccion de T,Sobre calle,Ninguna,Oscuro con iluminacion,Despejado,No,NO APLICA,99,99,99,99,1,25/10/2022,2
42,Pennsylvania,420753,2,2,1,0,43,DAUPHIN (43),3500,HARRISBURG,12,Diciembre,8,2022,21,30,SR-230 CAMERON ST,3,Highway estatal,Urbano,Arteria Principal,State Highway Agency,1,Sin jurisdiccion especial,13,40.264425,-76.87461667,Peaton,El primer evento no fue una colision con un vehiculo automotor en transporte,Four-Way Intersection,Interseccion de 4 direcciones,Sobre calle,Ninguna,Oscuro con iluminacion,Despejado,No,NO APLICA,99,99,99,99,1,08/12/2022,1
42,Pennsylvania,420754,0,0,1,0,81,LYCOMING (81),0,NO APLICA,5,Mayo,24,2022,19,58,SR-287,3,Highway estatal,Rural,Arteria Menor,State Highway Agency,0,Sin jurisdiccion especial,85,41.33605278,-77.24313611,Acotamiento,El primer evento no fue una colision con un vehiculo automotor en transporte,T-Intersection,Interseccion de T,Sobre el lado de la calle,Ninguna,Atardecer,Despejado,No,NO APLICA,99,99,99,97,1,24/05/2022,1
42,Pennsylvania,420755,0,0,1,0,81,LYCOMING (81),0,NO APLICA,6,Junio,18,2022,9,46,US-15 MARINE CORPS LEAG MEM HW,2,US Highway,Rural,Arteria Principal,Unknown,1,Sin jurisdiccion especial,225,41.38628056,-77.05975556,Zanja,El primer evento no fue una colision con un vehiculo automotor en transporte,Not an Intersection,No fue interseccion,En el medio,Ninguna,Dia total,Despejado,No,NO APLICA,9,39,9,56,1,18/06/2022,2
42,Pennsylvania,420756,0,0,1,0,15,BRADFORD (15),0,NO APLICA,5,Mayo,5,2022,17,58,SR-1047 LITTLE MEADOWS RD,3,Highway estatal,Rural,Colector Mayor,State Highway Agency,0,Sin jurisdiccion especial,55,41.96125833,-76.15721944,Zanja,El primer evento no fue una colision con un vehiculo automotor en transporte,Not an Intersection,No fue interseccion,Sobre el lado de la calle,Ninguna,Dia total,Despejado,No,NO APLICA,17,52,17,59,1,05/05/2022,1
42,Pennsylvania,420757,0,0,3,0,71,LANCASTER (71),0,NO APLICA,12,Diciembre,23,2022,21,37,I-76 MAINLINE TPKE,1,Interestatal,Rural,Interestatal,State Toll Road,1,Sin jurisdiccion especial,2912,40.18788889,-76.00056944,Vehiculo en movimiento,Frente a frente,Not an Intersection,No fue interseccion,Sobre calle,Ninguna,Oscuro sin iluminacion,Despejado,No,NO APLICA,99,99,99,99,2,23/12/2022,6
42,Pennsylvania,420758,0,0,2,0,15,BRADFORD (15),5747,NEW ALBANY,5,Mayo,25,2022,12,41,US-220 FRONT ST,2,US Highway,Rural,Arteria Menor,Unknown,0,Sin jurisdiccion especial,42,41.606075,-76.44449444,Vehiculo en movimiento,Angulo,Four-Way Intersection,Interseccion de 4 direcciones,Sobre calle,Ninguna,Dia total,Despejado,No,NO APLICA,12,43,12,51,1,25/05/2022,2
42,Pennsylvania,420759,0,1,6,5,101,PHILADELPHIA (101),6540,PHILADELPHIA,12,Diciembre,28,2022,12,31,FAIRMOUNT AVE,6,Calle Local Municipalidad,Urbano,Local,City or Municipal Highway Agency,0,Sin jurisdiccion especial,0,39.96579167,-75.19672222,Vehiculo Aparcado,El primer evento no fue una colision con un vehiculo automotor en transporte,Not an Intersection,No fue interseccion,En estacionamiento,Ninguna,Dia total,Despejado,No,NO APLICA,99,99,99,99,1,28/12/2022,1
42,Pennsylvania,420760,0,0,2,0,75,LEBANON (75),0,NO APLICA,6,Junio,1,2022,6,46,SR-501 COLLEGE ST,3,Highway estatal,Urbano,Arteria Menor,State Highway Agency,0,Sin jurisdiccion especial,81,40.36361667,-76.30758611,Vehiculo en movimiento,Angulo,T-Intersection,Interseccion de T,Sobre calle,Ninguna,Dia total,Despejado,No,NO APLICA,6,47,6,50,1,01/06/2022,2
42,Pennsylvania,420761,1,1,1,0,121,VENANGO (121),0,NO APLICA,10,Octubre,27,2022,20,46,SR-2027 INNIS ST EXT,3,Highway estatal,Urbano,Arteria Menor,State Highway Agency,0,Sin jurisdiccion especial,0,41.407375,-79.71047778,Peaton,El primer evento no fue una colision con un vehiculo automotor en transporte,Not an Intersection,No fue interseccion,Sobre calle,Ninguna,Oscuro sin iluminacion,Despejado,No,NO APLICA,99,99,99,99,1,27/10/2022,1
42,Pennsylvania,420762,0,0,2,0,33,CLEARFIELD (33),0,NO APLICA,6,Junio,28,2022,9,57,SR-153 CROOKED SEWER HW,3,Highway estatal,Rural,Arteria Menor,State Highway Agency,0,Sin jurisdiccion especial,166,40.96019444,-78.3685,Vehiculo en movimiento,Frente a frente,Not an Intersection,No fue interseccion,Sobre calle,Ninguna,Dia total,Despejado,No,NO APLICA,99,99,99,99,3,28/06/2022,3
42,Pennsylvania,420763,0,0,1,0,49,ERIE (49),0,NO APLICA,10,Octubre,25,2022,9,37,I-86 HOPKINS-BOWSER HWY,1,Interestatal,Rural,Interestatal,State Highway Agency,1,Sin jurisdiccion especial,12,42.15070833,-79.86380556,Acotamiento,El primer evento no fue una colision con un vehiculo automotor en transporte,Not an Intersection,No fue interseccion,Sobre el lado de la calle,Ninguna,Dia total,Despejado,No,NO APLICA,9,40,9,50,1,25/10/2022,1
42,Pennsylvania,420764,0,0,1,0,129,WESTMORELAND (129),0,NO APLICA,10,Octubre,26,2022,14,36,GARVERS FERRY RD,5,Calle Local - Pueblo,Urbano,Local,Town or Township Highway Agency,0,Sin jurisdiccion especial,0,40.62275,-79.69104722,Arbol,El primer evento no fue una colision con un vehiculo automotor en transporte,Not an Intersection,No fue interseccion,Fuera de la calle,Ninguna,Dia total,lluvia,No,NO APLICA,14,37,14,48,1,26/10/2022,2
42,Pennsylvania,420765,0,0,2,0,11,BERKS (11),0,NO APLICA,10,Octubre,27,2022,17,30,US-422 CONRAD WEISER PKWY,2,US Highway,Urbano,Arteria Principal,Unknown,1,Sin jurisdiccion especial,55,40.35873333,-76.16540556,Vehiculo en movimiento,Angulo,Four-Way Intersection,Interseccion de 4 direcciones,Sobre calle,Ninguna,Atardecer,Despejado,No,NO APLICA,99,99,99,99,1,27/10/2022,2
42,Pennsylvania,420766,1,1,2,0,37,COLUMBIA (37),0,NO APLICA,5,Mayo,28,2022,22,45,I-80 Z H CONFAIR MEMORIAL HW,1,Interestatal,Urbano,Interestatal,State Highway Agency,1,Sin jurisdiccion especial,2340,41.02459722,-76.45247778,Peaton,El primer evento no fue una colision con un vehiculo automotor en transporte,Not an Intersection,No fue interseccion,Sobre calle,Ninguna,Oscuro sin iluminacion,Despejado,No,NO APLICA,22,43,0,25,1,28/05/2022,3
42,Pennsylvania,420767,0,0,3,0,37,COLUMBIA (37),0,NO APLICA,7,Julio,9,2022,14,26,US-11 MONTOUR BLVD,2,US Highway,Urbano,Arteria Principal,Unknown,1,Sin jurisdiccion especial,30,40.99006944,-76.47696389,Vehiculo en movimiento,Frente a frente,Not an Intersection,No fue interseccion,Sobre calle,Ninguna,Dia total,Despejado,No,NO APLICA,14,27,14,34,2,09/07/2022,3
42,Pennsylvania,420768,0,0,2,0,107,SCHUYLKILL (107),0,NO APLICA,10,Octubre,27,2022,16,31,SR-4002 VALLEY RD,3,Highway estatal,Rural,Colector Mayor,State Highway Agency,0,Sin jurisdiccion especial,62,40.70201389,-76.25351389,Volcadura,El primer evento no fue una colision con un vehiculo automotor en transporte,Not an Intersection,No fue interseccion,Sobre calle,Ninguna,Dia total,Despejado,No,NO APLICA,99,99,99,99,1,27/10/2022,2
42,Pennsylvania,420769,0,0,2,0,125,WASHINGTON (125),0,NO APLICA,10,Octubre,30,2022,18,38,SR-88 FINLEYVILLE RD,3,Highway estatal,Rural,Arteria Principal,State Highway Agency,1,Sin jurisdiccion especial,304,40.22791389,-79.99428056,Vehiculo en movimiento,Frente a frente,Not an Intersection,No fue interseccion,Sobre calle,Ninguna,Oscuro con iluminacion,Despejado,No,NO APLICA,18,39,18,48,1,30/10/2022,2
42,Pennsylvania,420770,0,0,2,0,77,LEHIGH (77),0,NO APLICA,7,Julio,31,2022,18,53,SR-145 MACARTHUR RD,3,Highway estatal,Urbano,Arteria Principal,State Highway Agency,1,Sin jurisdiccion especial,75,40.65117778,-75.50119167,Vehiculo en movimiento,Angulo,Four-Way Intersection,Interseccion de 4 direcciones,Sobre calle,Ninguna,Dia total,Nublado,No,NO APLICA,99,99,99,99,2,31/07/2022,3
42,Pennsylvania,420771,0,0,3,1,69,LACKAWANNA (69),7460,SCRANTON,9,Septiembre,8,2022,5,49,SR-6011 HARRISON AVE,3,Highway estatal,Urbano,Arteria Principal,State Highway Agency,1,Sin jurisdiccion especial,4,41.40365833,-75.64736111,Vehiculo en movimiento,Angulo,Four-Way Intersection,Interseccion de 4 direcciones,Sobre calle,Ninguna,Oscuro con iluminacion,Despejado,No,NO APLICA,99,99,99,99,1,08/09/2022,4
42,Pennsylvania,420772,0,0,3,0,21,CAMBRIA (21),0,NO APLICA,7,Julio,19,2022,19,35,SR-3016 SCALP AVE,3,Highway estatal,Urbano,Arteria Principal,State Highway Agency,1,Sin jurisdiccion especial,44,40.28353611,-78.86410278,Vehiculo en movimiento,Angulo,T-Intersection,Interseccion de T,Sobre calle,Ninguna,Dia total,Despejado,No,NO APLICA,99,99,99,99,1,19/07/2022,4
42,Pennsylvania,420773,0,0,3,0,89,MONROE (89),0,NO APLICA,7,Julio,20,2022,18,39,SR-191 FIFTH ST,3,Highway estatal,Urbano,Arteria Menor,State Highway Agency,0,Sin jurisdiccion especial,56,41.00247222,-75.19889722,Vehiculo en movimiento,Frente a Detrás,T-Intersection,Interseccion de T,Sobre calle,Ninguna,Dia total,Despejado,No,NO APLICA,99,99,99,99,1,20/07/2022,3
42,Pennsylvania,420774,0,0,3,1,95,NORTHAMPTON (95),0,NO APLICA,9,Septiembre,16,2022,15,3,SR-611 LACKAWANNA TRL,3,Highway estatal,Urbano,Arteria Principal,State Highway Agency,1,Sin jurisdiccion especial,34,40.64715556,-75.2024,Vehiculo en movimiento,Frente a frente,T-Intersection,Interseccion de T,Sobre calle,Ninguna,Dia total,Despejado,No,NO APLICA,99,99,99,99,1,16/09/2022,2
42,Pennsylvania,420775,1,1,2,1,111,SOMERSET (111),7820,SOMERSET,8,Agosto,4,2022,9,22,SR-281 NEW CENTERVILLE RD,3,Highway estatal,Rural,Arteria Menor,State Highway Agency,0,Sin jurisdiccion especial,234,40.00507222,-79.09922222,Vehiculo Aparcado,El primer evento no fue una colision con un vehiculo automotor en transporte,Not an Intersection,No fue interseccion,Sobre calle,Ninguna,Dia total,Despejado,No,NO APLICA,99,99,99,99,1,04/08/2022,1
42,Pennsylvania,420776,0,0,3,0,17,BUCKS (17),0,NO APLICA,9,Septiembre,23,2022,16,35,SR-309,3,Highway estatal,Urbano,Arteria Principal,State Highway Agency,1,Sin jurisdiccion especial,171,40.49947778,-75.38476389,Vehiculo en movimiento,Angulo,Four-Way Intersection,Interseccion de 4 direcciones,Sobre calle,Ninguna,Dia total,Despejado,No,NO APLICA,16,38,16,43,2,23/09/2022,4
42,Pennsylvania,420777,0,0,3,0,17,BUCKS (17),8711,UPPER SOUTHAMPTON,9,Septiembre,3,2022,14,33,SR-132 STREET RD,3,Highway estatal,Urbano,Arteria Principal,State Highway Agency,1,Sin jurisdiccion especial,57,40.17885278,-75.05143611,Vehiculo en movimiento,Frente a frente,Not an Intersection,No fue interseccion,Sobre calle,Ninguna,Dia total,Despejado,No,NO APLICA,14,36,14,40,1,03/09/2022,6
42,Pennsylvania,420778,0,0,3,0,71,LANCASTER (71),0,NO APLICA,10,Octubre,10,2022,0,50,US-222,2,US Highway,Urbano,Arteria Principal,Unknown,1,Sin jurisdiccion especial,242,39.98591944,-76.28369444,Vehiculo en movimiento,Angulo,Four-Way Intersection,Interseccion de 4 direcciones,Sobre calle,Ninguna,Oscuro con iluminacion,Despejado,No,NO APLICA,0,53,1,0,1,10/10/2022,3
42,Pennsylvania,420779,0,0,4,0,43,DAUPHIN (43),0,NO APLICA,10,Octubre,13,2022,22,18,SR-300 283RD FIELD ARTILLER HW,3,Highway estatal,Urbano,Arterial Principal -Freeway o ExpressWay,State Highway Agency,1,Sin jurisdiccion especial,4,40.22147222,-76.78441667,Vehiculo en movimiento,Golpe Lateral - direccion contraria,Not an Intersection,No fue interseccion,Sobre calle,Ninguna,Oscuro con iluminacion,lluvia,No,NO APLICA,22,19,22,32,1,13/10/2022,4
42,Pennsylvania,420780,0,0,3,1,49,ERIE (49),2640,ERIE,10,Octubre,15,2022,8,42,8TH ST,6,Calle Local Municipalidad,Urbano,Local,City or Municipal Highway Agency,0,Sin jurisdiccion especial,0,42.124375,-80.09248056,Vehiculo en movimiento,Angulo,Four-Way Intersection,Interseccion de 4 direcciones,Sobre calle,Ninguna,Dia total,Nublado,No,NO APLICA,99,99,99,99,1,15/10/2022,2
42,Pennsylvania,420781,1,1,2,0,17,BUCKS (17),0,NO APLICA,12,Diciembre,2,2022,7,23,SR-2025 BRISTOL RD,3,Highway estatal,Urbano,Arteria Menor,State Highway Agency,0,Sin jurisdiccion especial,179,40.13501667,-74.94025,Vehiculo en movimiento,Frente a Detrás,Not an Intersection,No fue interseccion,Sobre calle,Ninguna,Dia total,Despejado,No,NO APLICA,7,25,7,32,1,02/12/2022,2
42,Pennsylvania,420782,0,0,2,0,25,CARBON (25),0,NO APLICA,7,Julio,11,2022,0,47,I-80 KEYSTONE SHORTWAY HW,1,Interestatal,Rural,Interestatal,State Highway Agency,1,Sin jurisdiccion especial,2760,41.06005556,-75.71344444,Vehiculo en movimiento,Frente a Detrás,Not an Intersection,No fue interseccion,Sobre calle,Ninguna,Oscuro sin iluminacion,Despejado,No,NO APLICA,99,99,99,99,3,11/07/2022,8
42,Pennsylvania,420783,2,2,1,0,101,PHILADELPHIA (101),6540,PHILADELPHIA,10,Octubre,26,2022,10,3,SR-2007 FRANKFORD AVE,3,Highway estatal,Urbano,Arteria Menor,State Highway Agency,0,Sin jurisdiccion especial,25,39.99309722,-75.11020833,Peaton,El primer evento no fue una colision con un vehiculo automotor en transporte,Four-Way Intersection,Interseccion de 4 direcciones,Sobre el lado de la calle,Ninguna,Dia total,No reportado,No,NO APLICA,10,4,10,11,1,26/10/2022,5
42,Pennsylvania,420784,0,0,2,0,77,LEHIGH (77),660,BETHLEHEM,7,Julio,17,2022,0,3,SR-1002 UNION BLVD,3,Highway estatal,Urbano,Arteria Principal,State Highway Agency,1,Sin jurisdiccion especial,120,40.62746944,-75.41617222,Vehiculo en movimiento,Frente a frente,Y-Intersection,Interseccion de Y,Sobre calle,Ninguna,Oscuro con iluminacion,lluvia,No,NO APLICA,99,99,99,99,1,17/07/2022,5
42,Pennsylvania,420785,0,0,3,0,11,BERKS (11),0,NO APLICA,11,Noviembre,6,2022,19,42,SR-4011 SHARTLESVILLE RD,3,Highway estatal,Rural,Colector Menor,State Highway Agency,0,Sin jurisdiccion especial,17,40.46281667,-76.11780278,Vehiculo en movimiento,Frente a frente,T-Intersection,Interseccion de T,Sobre calle,Ninguna,Oscuro sin iluminacion,Despejado,No,NO APLICA,99,99,99,99,1,06/11/2022,3
42,Pennsylvania,420786,0,0,3,1,13,BLAIR (13),0,NO APLICA,11,Noviembre,2,2022,12,4,SR-36 LOGAN BLVD,3,Highway estatal,Urbano,Arteria Principal,State Highway Agency,1,Sin jurisdiccion especial,147,40.45779722,-78.39493611,Vehiculo en movimiento,Otro,T-Intersection,Interseccion de T,Sobre calle,Ninguna,Dia total,Despejado,No,NO APLICA,99,99,99,99,1,02/11/2022,2
42,Pennsylvania,420787,0,0,1,0,95,NORTHAMPTON (95),0,NO APLICA,7,Julio,19,2022,5,36,SR-33,3,Highway estatal,Urbano,Arterial Principal -Freeway o ExpressWay,State Highway Agency,1,Sin jurisdiccion especial,133,40.81616944,-75.29979444,Acotamiento,El primer evento no fue una colision con un vehiculo automotor en transporte,Not an Intersection,No fue interseccion,Sobre el lado de la calle,Ninguna,Dia total,Despejado,No,NO APLICA,99,99,99,99,1,19/07/2022,1
42,Pennsylvania,420788,0,0,3,0,111,SOMERSET (111),0,NO APLICA,12,Diciembre,2,2022,21,15,I-70 MAINLINE TPKE,1,Interestatal,Rural,Interestatal,State Toll Road,1,Sin jurisdiccion especial,1001,40.10727778,-79.21860833,Vehiculo en movimiento,Frente a frente,Not an Intersection,No fue interseccion,Sobre calle,Ninguna,Oscuro sin iluminacion,Despejado,No,NO APLICA,99,99,99,99,2,02/12/2022,4
42,Pennsylvania,420789,0,0,1,0,21,CAMBRIA (21),1578,JOHNSTOWN,7,Julio,21,2022,13,34,MCCORD AVE,6,Calle Local Municipalidad,Rural,Local,Town or Township Highway Agency,0,Sin jurisdiccion especial,0,40.335775,-78.86775556,Buzon de correo,El primer evento no fue una colision con un vehiculo automotor en transporte,Not an Intersection,No fue interseccion,Sobre el lado de la calle,Ninguna,Dia total,Despejado,No,NO APLICA,99,99,99,99,1,21/07/2022,1
42,Pennsylvania,420790,0,0,1,0,123,WARREN (123),8850,WARREN,7,Julio,23,2022,15,44,US-6 GRAND ARMY OF THE REP HW,2,US Highway,Urbano,Arteria Principal,Unknown,1,Sin jurisdiccion especial,275,41.8342,-79.16965556,Volcadura,El primer evento no fue una colision con un vehiculo automotor en transporte,Not an Intersection,No fue interseccion,Sobre el lado de la calle,Ninguna,Dia total,Despejado,No,NO APLICA,15,47,99,97,1,23/07/2022,1
42,Pennsylvania,420791,0,0,2,0,19,BUTLER (19),0,NO APLICA,10,Octubre,31,2022,6,16,SR-38 ONEIDA VALLEY RD,3,Highway estatal,Rural,Arteria Menor,State Highway Agency,0,Sin jurisdiccion especial,25,40.907675,-79.88528056,Vehiculo en movimiento,Frente a frente,Not an Intersection,No fue interseccion,Sobre calle,Ninguna,Oscuro sin iluminacion,lluvia,No,NO APLICA,7,5,7,6,1,31/10/2022,3
42,Pennsylvania,420792,0,0,7,0,25,CARBON (25),0,NO APLICA,7,Julio,29,2022,17,32,I-476 NORTHEAST EXT,1,Interestatal,Rural,Interestatal,State Toll Road,1,Sin jurisdiccion especial,792,40.87932222,-75.65718056,Barrera de Trafico de Concreto,El primer evento no fue una colision con un vehiculo automotor en transporte,Not an Intersection,No fue interseccion,En el medio,Ninguna,Dia total,Despejado,No,NO APLICA,99,99,99,99,1,29/07/2022,13
42,Pennsylvania,420793,0,0,2,0,29,CHESTER (29),0,NO APLICA,9,Septiembre,11,2022,18,46,SR-1019 CHARLESTOWN RD,3,Highway estatal,Urbano,Colector Mayor,State Highway Agency,0,Sin jurisdiccion especial,22,40.10287222,-75.55695278,Vehiculo en movimiento,Frente a frente,Not an Intersection,No fue interseccion,Sobre calle,Ninguna,Oscuro sin iluminacion,lluvia,No,NO APLICA,99,99,99,99,1,11/09/2022,5
42,Pennsylvania,420794,0,0,2,0,77,LEHIGH (77),9310,CEMENTON,7,Julio,20,2022,17,38,SR-1023 CHURCH ST,3,Highway estatal,Urbano,Colector Mayor,State Highway Agency,0,Sin jurisdiccion especial,17,40.67784722,-75.52640833,Vehiculo en movimiento,Frente a frente,Not an Intersection,No fue interseccion,Sobre calle,Ninguna,Dia total,Despejado,No,NO APLICA,99,99,99,99,1,20/07/2022,2
42,Pennsylvania,420795,0,0,2,0,43,DAUPHIN (43),3500,HARRISBURG,7,Julio,21,2022,2,27,SEVENTEENTH ST,6,Calle Local Municipalidad,Urbano,Local,City or Municipal Highway Agency,0,Sin jurisdiccion especial,0,40.26888889,-76.86553611,Vehiculo en movimiento,Angulo,Four-Way Intersection,Interseccion de 4 direcciones,Sobre calle,Ninguna,Oscuro con iluminacion,Despejado,No,NO APLICA,2,28,2,34,1,21/07/2022,5
42,Pennsylvania,420796,0,0,2,0,7,BEAVER (7),0,NO APLICA,7,Julio,20,2022,20,59,SR-3007 BRODHEAD RD,3,Highway estatal,Urbano,Arteria Menor,State Highway Agency,0,Sin jurisdiccion especial,25,40.58673611,-80.25955556,Vehiculo en movimiento,Angulo,Not an Intersection,No fue interseccion,Sobre calle,Ninguna,Atardecer,Nublado,No,NO APLICA,99,99,99,99,1,20/07/2022,3
42,Pennsylvania,420797,0,0,2,0,45,DELAWARE (45),0,NO APLICA,7,Julio,27,2022,19,33,SR-3 WEST CHESTER PK,3,Highway estatal,Urbano,Arteria Principal,State Highway Agency,1,Sin jurisdiccion especial,104,39.96439167,-75.27200556,Vehiculo en movimiento,Angulo,T-Intersection,Interseccion de T,Sobre calle,Ninguna,Dia total,Despejado,No,NO APLICA,19,35,19,41,1,27/07/2022,2
42,Pennsylvania,420798,1,1,1,0,101,PHILADELPHIA (101),6540,PHILADELPHIA,11,Noviembre,1,2022,23,32,SR-611 BROAD ST,3,Highway estatal,Urbano,Arteria Principal,State Highway Agency,1,Sin jurisdiccion especial,36,39.98626944,-75.15614444,Peaton,El primer evento no fue una colision con un vehiculo automotor en transporte,Four-Way Intersection,Interseccion de 4 direcciones,Sobre calle,Ninguna,Oscuro con iluminacion,Despejado,No,NO APLICA,23,32,23,37,1,01/11/2022,1
42,Pennsylvania,420799,0,0,2,0,87,MIFFLIN (87),0,NO APLICA,10,Octubre,31,2022,8,30,US-522 ALFARATA RD,2,US Highway,Rural,Arteria Principal,Unknown,1,Sin jurisdiccion especial,75,40.66467778,-77.45328611,Vehiculo en movimiento,Angulo,Not an Intersection,No fue interseccion,Sobre calle,Ninguna,Dia total,lluvia,No,NO APLICA,8,32,8,44,1,31/10/2022,4
42,Pennsylvania,420800,0,0,2,0,11,BERKS (11),0,NO APLICA,7,Julio,28,2022,9,37,SR-73 PHILADELPHIA AV,3,Highway estatal,Urbano,Arteria Menor,State Highway Agency,0,Sin jurisdiccion especial,174,40.36118056,-75.66795556,Vehiculo en movimiento,Angulo,T-Intersection,Interseccion de T,Sobre calle,Ninguna,Dia total,Despejado,No,NO APLICA,99,99,99,99,1,28/07/2022,2
42,Pennsylvania,420801,0,0,1,0,71,LANCASTER (71),0,NO APLICA,10,Octubre,28,2022,17,17,US-222,2,US Highway,Urbano,Arterial Principal -Freeway o ExpressWay,Unknown,1,Sin jurisdiccion especial,330,40.09669722,-76.2596,Valla Ferrocarril,El primer evento no fue una colision con un vehiculo automotor en transporte,Not an Intersection,No fue interseccion,Sobre el lado de la calle,Ninguna,Dia total,Despejado,No,NO APLICA,17,20,17,28,1,28/10/2022,1
42,Pennsylvania,420802,0,0,1,0,69,LACKAWANNA (69),7460,SCRANTON,10,Octubre,29,2022,6,51,SR-8033 RAMP A RD,3,Highway estatal,Urbano,Arterial Principal -Freeway o ExpressWay,State Highway Agency,1,Sin jurisdiccion especial,96,41.45365278,-75.66497222,Otro objeto (no fijo),El primer evento no fue una colision con un vehiculo automotor en transporte,Not an Intersection,No fue interseccion,Sobre el lado de la calle,Ninguna,Amanecer,Despejado,No,NO APLICA,99,99,99,99,1,29/10/2022,1
42,Pennsylvania,420803,0,0,3,0,77,LEHIGH (77),0,NO APLICA,10,Octubre,13,2022,12,24,SR-309 APPALACHIAN PY,3,Highway estatal,Rural,Arteria Principal,State Highway Agency,1,Sin jurisdiccion especial,233,40.71558333,-75.76813889,Vehiculo en movimiento,Golpe Lateral - direccion contraria,Not an Intersection,No fue interseccion,Sobre calle,Ninguna,Dia total,lluvia,No,NO APLICA,99,99,99,99,2,13/10/2022,8
42,Pennsylvania,420804,0,0,1,0,87,MIFFLIN (87),0,NO APLICA,10,Octubre,30,2022,1,46,US-22 WILLIAM PENN HWY,2,US Highway,Rural,Arteria Principal,Unknown,1,Sin jurisdiccion especial,62,40.45504444,-77.81918056,Arbol,El primer evento no fue una colision con un vehiculo automotor en transporte,Not an Intersection,No fue interseccion,Sobre el lado de la calle,Ninguna,Oscuro sin iluminacion,Despejado,No,NO APLICA,1,52,2,1,1,30/10/2022,1