Estado,Nombre de Estado,Numero de Caso,Peatones,Personas _no_vehiculos,Vehiculos automotores,Vehiculos estacionados,Condado,Nombre Condado,Ciudad,Nombre Ciudad,Mes,Nombre Mes,Dia,Año,Hora,Minuto,Calle,Ruta,Nombre Ruta,Rural o Urbanoo,Sistema Funcional,Dueño Calle,Sistema Nacional Carreteras,Jurisdiccion Especial,Milla,Latitud,Longitud,Causa del Accidente,Tipo de Accidente,Tipo Interseccion,Columna1,Lugar en la calle,Zona de Trabajo,Luz,Clima,Autobus Escolar,Cruce de Trenes,Hora Notificacion,Minuto Notificacion,Hora Llegada,Minuto Llegada,Decesos,Fecha,PersonaVehiculo
42,Pennsylvania,420805,0,0,4,3,101,PHILADELPHIA (101),6540,PHILADELPHIA,10,Octubre,29,2022,2,20,PIKE ST,6,Calle Local Municipalidad,Urbano,Local,City or Municipal Highway Agency,0,Sin jurisdiccion especial,0,40.01086389,-75.13942778,Vehiculo Aparcado,El primer evento no fue una colision con un vehiculo automotor en transporte,Not an Intersection,No fue interseccion,En estacionamiento,Ninguna,Oscuro con iluminacion,Despejado,No,NO APLICA,2,15,2,23,1,29/10/2022,2
42,Pennsylvania,420806,0,0,1,0,49,ERIE (49),0,NO APLICA,10,Octubre,31,2022,14,18,US-6 GRAND ARMY OF THE REP HWY,2,US Highway,Rural,Arteria Principal,Unknown,1,Sin jurisdiccion especial,135,41.90621111,-79.81721389,Muro,El primer evento no fue una colision con un vehiculo automotor en transporte,Not an Intersection,No fue interseccion,Fuera de la calle,Ninguna,Dia total,lluvia,No,NO APLICA,99,99,99,99,1,31/10/2022,1
42,Pennsylvania,420807,0,0,1,0,3,ALLEGHENY (3),0,NO APLICA,11,Noviembre,2,2022,5,57,SR-3109 UNIVERSITY BLVD,3,Highway estatal,Urbano,Arteria Principal,State Highway Agency,1,Sin jurisdiccion especial,28,40.53449444,-80.202525,Acotamiento,El primer evento no fue una colision con un vehiculo automotor en transporte,Not an Intersection,No fue interseccion,Sobre el lado de la calle,Ninguna,Oscuro con iluminacion,Neblina o Humo,No,NO APLICA,5,59,6,4,1,02/11/2022,1
42,Pennsylvania,420808,0,0,2,0,129,WESTMORELAND (129),0,NO APLICA,11,Noviembre,4,2022,10,8,US-22 WILLIAM PENN HWY,2,US Highway,Rural,Arteria Principal,Unknown,1,Sin jurisdiccion especial,124,40.397025,-79.48056944,Vehiculo en movimiento,Angulo,Four-Way Intersection,Interseccion de 4 direcciones,Sobre calle,Ninguna,Dia total,Despejado,No,NO APLICA,10,7,10,14,1,04/11/2022,2
42,Pennsylvania,420809,1,1,2,1,61,HUNTINGDON (61),0,NO APLICA,12,Diciembre,6,2022,7,27,SR-655 HARES VALLEY RD,3,Highway estatal,Rural,Colector Mayor,State Highway Agency,0,Sin jurisdiccion especial,181,40.36377778,-77.96456667,Peaton,El primer evento no fue una colision con un vehiculo automotor en transporte,Not an Intersection,No fue interseccion,Sobre calle,Ninguna,Dia total,Nublado,No,NO APLICA,99,99,99,99,1,06/12/2022,1
42,Pennsylvania,420810,1,1,1,0,17,BUCKS (17),0,NO APLICA,11,Noviembre,4,2022,20,18,US-13 BRISTOL PIKE,2,US Highway,Urbano,Arteria Principal,Unknown,1,Sin jurisdiccion especial,91,40.12570833,-74.83729444,Peaton,El primer evento no fue una colision con un vehiculo automotor en transporte,Not an Intersection,No fue interseccion,Sobre calle,Ninguna,Oscuro con iluminacion,Despejado,No,NO APLICA,88,88,88,88,1,04/11/2022,1
42,Pennsylvania,420811,0,0,2,0,11,BERKS (11),0,NO APLICA,11,Noviembre,4,2022,7,55,SR-662 OLD SWEDE RD,3,Highway estatal,Urbano,Arteria Menor,State Highway Agency,0,Sin jurisdiccion especial,17,40.279725,-75.72338056,Vehiculo en movimiento,Golpe Lateral - misma direccion,Not an Intersection,No fue interseccion,Sobre calle,Ninguna,Dia total,Despejado,Yes,NO APLICA,99,99,99,99,1,04/11/2022,3
42,Pennsylvania,420812,0,0,2,0,5,ARMSTRONG (5),0,NO APLICA,7,Julio,3,2022,13,12,SR-56,3,Highway estatal,Rural,Colector Menor,State Highway Agency,0,Sin jurisdiccion especial,64,40.60265,-79.50334167,Vehiculo en movimiento,Angulo,Four-Way Intersection,Interseccion de 4 direcciones,Sobre calle,Ninguna,Dia total,Despejado,No,NO APLICA,13,11,13,21,2,03/07/2022,3
42,Pennsylvania,420813,0,0,1,0,71,LANCASTER (71),0,NO APLICA,11,Noviembre,4,2022,10,22,SR-340 OLD PHILADELPHIA PIKE,3,Highway estatal,Urbano,Arteria Menor,State Highway Agency,0,Sin jurisdiccion especial,6,40.04014444,-76.25985,Banqueta,El primer evento no fue una colision con un vehiculo automotor en transporte,Not an Intersection,No fue interseccion,Sobre el lado de la calle,Ninguna,Dia total,Despejado,No,NO APLICA,99,99,99,99,1,04/11/2022,1
42,Pennsylvania,420814,0,0,1,0,61,HUNTINGDON (61),0,NO APLICA,8,Agosto,19,2022,23,49,SR-309 HARTSLOG VALLEY RD,3,Highway estatal,Rural,Colector Mayor,State Highway Agency,0,Sin jurisdiccion especial,30,40.49338889,-78.09384444,Arbol,El primer evento no fue una colision con un vehiculo automotor en transporte,Not an Intersection,No fue interseccion,Sobre el lado de la calle,Ninguna,Oscuro sin iluminacion,Despejado,No,NO APLICA,99,99,99,99,1,19/08/2022,1
42,Pennsylvania,420815,0,0,2,0,3,ALLEGHENY (3),0,NO APLICA,11,Noviembre,5,2022,10,43,SR-3077 BEAVER GRADE RD,3,Highway estatal,Urbano,Arteria Menor,State Highway Agency,0,Sin jurisdiccion especial,53,40.50563611,-80.20771389,Vehiculo en movimiento,Frente a frente,Four-Way Intersection,Interseccion de 4 direcciones,Sobre calle,Ninguna,Dia total,Despejado,No,NO APLICA,10,48,10,54,1,05/11/2022,2
42,Pennsylvania,420816,0,0,1,0,29,CHESTER (29),0,NO APLICA,10,Octubre,1,2022,23,56,CONTENTION LN,5,Calle Local - Pueblo,Urbano,Local,Town or Township Highway Agency,0,Sin jurisdiccion especial,0,40.06145,-75.44086111,Arbol,El primer evento no fue una colision con un vehiculo automotor en transporte,Not an Intersection,No fue interseccion,"Fuera de la calle, ubicacion desconocida",Ninguna,Oscuro sin iluminacion,lluvia,No,NO APLICA,23,56,0,8,1,01/10/2022,2
42,Pennsylvania,420817,0,0,1,0,97,NORTHUMBERLAND (97),0,NO APLICA,8,Agosto,14,2022,10,9,RENNS RD,5,Calle Local - Pueblo,Rural,Local,Town or Township Highway Agency,0,Sin jurisdiccion especial,0,40.89465833,-76.759,Piedrotototota,El primer evento no fue una colision con un vehiculo automotor en transporte,Not an Intersection,No fue interseccion,Sobre el lado de la calle,Ninguna,Dia total,Despejado,No,NO APLICA,10,14,10,24,1,14/08/2022,5
42,Pennsylvania,420818,0,0,1,0,3,ALLEGHENY (3),6600,PITTSBURGH,7,Julio,29,2022,16,10,SR-400 BIGELOW BL,3,Highway estatal,Urbano,Arteria Principal,State Highway Agency,1,Sin jurisdiccion especial,10,40.45035556,-79.98014167,Banqueta,El primer evento no fue una colision con un vehiculo automotor en transporte,Not an Intersection,No fue interseccion,Sobre el lado de la calle,Ninguna,Dia total,Despejado,No,NO APLICA,16,18,16,24,1,29/07/2022,1
42,Pennsylvania,420819,0,0,2,0,133,YORK (133),0,NO APLICA,11,Noviembre,5,2022,2,31,SR-74 DELTA RD,3,Highway estatal,Rural,Arteria Menor,State Highway Agency,0,Sin jurisdiccion especial,125,39.85440556,-76.44491389,Vehiculo en movimiento,Angulo,Not an Intersection,No fue interseccion,Sobre calle,Ninguna,Oscuro sin iluminacion,Despejado,No,NO APLICA,88,88,88,88,1,05/11/2022,3
42,Pennsylvania,420820,0,0,2,0,75,LEBANON (75),0,NO APLICA,6,Junio,9,2022,10,25,I-81 AMERICAN LEGION MEM HW,1,Interestatal,Rural,Interestatal,State Highway Agency,1,Sin jurisdiccion especial,900,40.45231944,-76.51610556,Vehiculo en movimiento,Golpe Lateral - direccion contraria,Not an Intersection,No fue interseccion,Sobre calle,Ninguna,Dia total,Despejado,No,NO APLICA,10,22,10,29,2,09/06/2022,5
42,Pennsylvania,420821,1,1,1,0,101,PHILADELPHIA (101),6540,PHILADELPHIA,11,Noviembre,7,2022,21,14,SR-1003 B ST,3,Highway estatal,Urbano,Arteria Menor,State Highway Agency,0,Sin jurisdiccion especial,4,40.00454722,-75.12404167,Peaton,El primer evento no fue una colision con un vehiculo automotor en transporte,Not an Intersection,No fue interseccion,Sobre calle,Ninguna,Oscuro con iluminacion,Despejado,No,NO APLICA,21,12,21,20,1,07/11/2022,2
42,Pennsylvania,420822,0,0,1,0,51,FAYETTE (51),0,NO APLICA,11,Noviembre,5,2022,10,27,SR-1051 CRAWFORD AVE,3,Highway estatal,Urbano,Colector Mayor,State Highway Agency,0,Sin jurisdiccion especial,91,40.00866944,-79.62158889,Volcadura,El primer evento no fue una colision con un vehiculo automotor en transporte,T-Intersection,Interseccion de T,Sobre calle,Ninguna,Dia total,Despejado,No,NO APLICA,10,39,10,57,1,05/11/2022,1
42,Pennsylvania,420823,1,1,1,0,27,CENTRE (27),8100,STATE COLLEGE,6,Junio,9,2022,19,55,EDGEWOOD CR,6,Calle Local Municipalidad,Urbano,Local,City or Municipal Highway Agency,0,Sin jurisdiccion especial,0,40.77756111,-77.86084444,Ciclista,El primer evento no fue una colision con un vehiculo automotor en transporte,Not an Intersection,No fue interseccion,Sobre calle,Ninguna,Dia total,Despejado,No,NO APLICA,19,55,20,3,1,09/06/2022,2
42,Pennsylvania,420824,0,0,1,0,11,BERKS (11),0,NO APLICA,11,Noviembre,5,2022,15,50,I-176 MORGANTOWN EXPY,1,Interestatal,Urbano,Interestatal,State Highway Agency,1,Sin jurisdiccion especial,75,40.25441944,-75.91313889,Volcadura,El primer evento no fue una colision con un vehiculo automotor en transporte,Not an Intersection,No fue interseccion,Sobre el lado de la calle,Ninguna,Dia total,Nublado,No,NO APLICA,99,99,99,99,2,05/11/2022,2
42,Pennsylvania,420825,1,1,1,0,43,DAUPHIN (43),3500,HARRISBURG,6,Junio,17,2022,21,46,MARKET ST,6,Calle Local Municipalidad,Urbano,Local,City or Municipal Highway Agency,0,Sin jurisdiccion especial,0,40.26508333,-76.87251667,Ciclista,El primer evento no fue una colision con un vehiculo automotor en transporte,Not an Intersection,No fue interseccion,Sobre calle,Ninguna,Oscuro con iluminacion,Despejado,No,NO APLICA,21,46,21,50,1,17/06/2022,1
42,Pennsylvania,420826,0,0,1,0,129,WESTMORELAND (129),0,NO APLICA,11,Noviembre,6,2022,0,51,SR-31 RUFFSDALE MT PLEASANT RD,3,Highway estatal,Rural,Arteria Menor,State Highway Agency,0,Sin jurisdiccion especial,106,40.16414722,-79.56991389,Poste de Señal de trafico,El primer evento no fue una colision con un vehiculo automotor en transporte,Not an Intersection,No fue interseccion,Sobre el lado de la calle,Ninguna,Oscuro sin iluminacion,Despejado,No,NO APLICA,0,50,0,53,1,06/11/2022,1
42,Pennsylvania,420827,0,0,2,0,75,LEBANON (75),0,NO APLICA,6,Junio,30,2022,13,8,SR-343 PINE GROVE ST,3,Highway estatal,Rural,Colector Mayor,State Highway Agency,0,Sin jurisdiccion especial,47,40.41971111,-76.41978611,Vehiculo en movimiento,Angulo,Four-Way Intersection,Interseccion de 4 direcciones,Sobre calle,Ninguna,Dia total,Despejado,No,NO APLICA,13,5,13,18,1,30/06/2022,3
42,Pennsylvania,420828,0,0,1,0,11,BERKS (11),0,NO APLICA,7,Julio,2,2022,21,6,MOUNTAIN RD,5,Calle Local - Pueblo,Rural,Local,Town or Township Highway Agency,0,Sin jurisdiccion especial,0,40.55818611,-76.03188611,Zanja,El primer evento no fue una colision con un vehiculo automotor en transporte,Not an Intersection,No fue interseccion,Sobre el lado de la calle,Ninguna,Oscuro sin iluminacion,Despejado,No,NO APLICA,99,99,99,99,1,02/07/2022,2
42,Pennsylvania,420829,0,0,4,0,89,MONROE (89),0,NO APLICA,11,Noviembre,3,2022,18,17,SR-196 STERLING RD,3,Highway estatal,Urbano,Colector Mayor,State Highway Agency,0,Sin jurisdiccion especial,13,41.14580556,-75.35946111,Vehiculo en movimiento,Golpe Lateral - direccion contraria,T-Intersection,Interseccion de T,Sobre calle,Ninguna,Oscuro con iluminacion,Despejado,No,NO APLICA,99,99,99,99,1,03/11/2022,5
42,Pennsylvania,420830,0,0,1,0,1,ADAMS (1),0,NO APLICA,7,Julio,4,2022,16,55,BASEHOAR RD,5,Calle Local - Pueblo,Rural,Local,Town or Township Highway Agency,0,Sin jurisdiccion especial,0,39.76746667,-77.07418333,Arbusto,El primer evento no fue una colision con un vehiculo automotor en transporte,Not an Intersection,No fue interseccion,Sobre el lado de la calle,Ninguna,Dia total,Despejado,No,NO APLICA,16,56,17,4,1,04/07/2022,5
42,Pennsylvania,420831,0,0,2,0,61,HUNTINGDON (61),7780,SMITHFIELD,7,Julio,6,2022,5,33,US-22 WILLIAM PENN HW,2,US Highway,Urbano,Arteria Principal,Unknown,1,Sin jurisdiccion especial,121,40.48423611,-78.02460556,Vehiculo en movimiento,Frente a frente,Not an Intersection,No fue interseccion,Sobre calle,Ninguna,Amanecer,Despejado,No,NO APLICA,99,99,99,99,1,06/07/2022,2
42,Pennsylvania,420832,1,1,1,0,39,CRAWFORD (39),4500,LINESVILLE,11,Noviembre,7,2022,16,49,US-6 PENN ST,2,US Highway,Rural,Colector Mayor,Unknown,0,Sin jurisdiccion especial,65,41.657975,-80.42698889,Ciclista,El primer evento no fue una colision con un vehiculo automotor en transporte,T-Intersection,Interseccion de T,Sobre calle,Ninguna,Dia total,Despejado,No,NO APLICA,99,99,99,99,1,07/11/2022,1
42,Pennsylvania,420833,0,0,1,0,129,WESTMORELAND (129),0,NO APLICA,7,Julio,9,2022,15,1,SR-1022 CRABTREE RD,3,Highway estatal,Rural,Colector Mayor,State Highway Agency,0,Sin jurisdiccion especial,57,40.34215833,-79.43894444,Animal vivo,El primer evento no fue una colision con un vehiculo automotor en transporte,Not an Intersection,No fue interseccion,Sobre calle,Ninguna,Dia total,Despejado,No,NO APLICA,99,99,99,99,1,09/07/2022,1
42,Pennsylvania,420834,1,1,1,0,101,PHILADELPHIA (101),6540,PHILADELPHIA,11,Noviembre,8,2022,5,15,OGONTZ AVE,6,Calle Local Municipalidad,Urbano,Local,City or Municipal Highway Agency,0,Sin jurisdiccion especial,0,40.05009167,-75.15053333,No vehiculo o remolque,El primer evento no fue una colision con un vehiculo automotor en transporte,Four-Way Intersection,Interseccion de 4 direcciones,Sobre calle,Ninguna,Oscuro con iluminacion,Despejado,No,NO APLICA,5,21,5,21,1,08/11/2022,1
42,Pennsylvania,420835,0,0,1,0,75,LEBANON (75),6330,PALMYRA,7,Julio,14,2022,13,0,BROAD ST,6,Calle Local Municipalidad,Urbano,Local,City or Municipal Highway Agency,0,Sin jurisdiccion especial,0,40.30971944,-76.598025,Arbol,El primer evento no fue una colision con un vehiculo automotor en transporte,Not an Intersection,No fue interseccion,Sobre el lado de la calle,Ninguna,Dia total,Despejado,No,NO APLICA,13,5,13,14,1,14/07/2022,1
42,Pennsylvania,420836,0,0,1,0,3,ALLEGHENY (3),6600,PITTSBURGH,11,Noviembre,6,2022,6,53,BEAVER AVE,6,Calle Local Municipalidad,Urbano,Local,City or Municipal Highway Agency,0,Sin jurisdiccion especial,0,40.46214444,-80.032125,Banqueta,El primer evento no fue una colision con un vehiculo automotor en transporte,Y-Intersection,Interseccion de Y,Sobre el lado de la calle,Ninguna,Dia total,Despejado,No,NO APLICA,99,99,99,99,1,06/11/2022,1
42,Pennsylvania,420837,0,0,2,0,89,MONROE (89),0,NO APLICA,7,Julio,9,2022,14,8,US-209 HAMILTON WEST RD,2,US Highway,Rural,Arteria Principal,Unknown,1,Sin jurisdiccion especial,110,40.92733333,-75.32863889,Vehiculo en movimiento,Frente a frente,Not an Intersection,No fue interseccion,Sobre calle,Ninguna,Dia total,Despejado,No,NO APLICA,99,99,99,99,1,09/07/2022,2
42,Pennsylvania,420838,0,0,2,0,123,WARREN (123),0,NO APLICA,11,Noviembre,7,2022,15,14,US-6 GRAND ARMY OF THE REP HWY,2,US Highway,Urbano,Arteria Principal,Unknown,1,Sin jurisdiccion especial,331,41.79798889,-79.10075278,Vehiculo en movimiento,Golpe Lateral - direccion contraria,Not an Intersection,No fue interseccion,Sobre calle,Ninguna,Dia total,Despejado,No,NO APLICA,15,18,15,25,1,07/11/2022,2
42,Pennsylvania,420839,0,0,2,0,77,LEHIGH (77),110,ALLENTOWN,7,Julio,13,2022,21,11,AMERICAN PY,6,Calle Local Municipalidad,Urbano,Local,City or Municipal Highway Agency,0,Sin jurisdiccion especial,0,40.62175278,-75.45928889,Vehiculo en movimiento,Frente a frente,Not an Intersection,No fue interseccion,Sobre calle,Ninguna,Oscuro con iluminacion,Despejado,No,NO APLICA,99,99,99,99,1,13/07/2022,5
42,Pennsylvania,420840,0,0,1,0,5,ARMSTRONG (5),0,NO APLICA,7,Julio,15,2022,19,52,SR-1030 RIDGE RD,3,Highway estatal,Rural,Local,State Highway Agency,0,Sin jurisdiccion especial,2,40.92199722,-79.45665278,Volcadura,El primer evento no fue una colision con un vehiculo automotor en transporte,Not an Intersection,No fue interseccion,Sobre el lado de la calle,Ninguna,Dia total,Despejado,No,NO APLICA,19,52,20,8,1,15/07/2022,1
42,Pennsylvania,420841,0,0,1,0,99,PERRY (99),0,NO APLICA,11,Noviembre,16,2022,4,30,US-11 SUSQUEHANNA TRL,2,US Highway,Rural,Arteria Principal,Unknown,1,Sin jurisdiccion especial,9,40.42770556,-77.00591667,Fin de valla,El primer evento no fue una colision con un vehiculo automotor en transporte,Not an Intersection,No fue interseccion,Sobre el lado de la calle,Ninguna,Oscuro sin iluminacion,Reportado como desconocido,No,NO APLICA,7,45,8,3,1,16/11/2022,1
42,Pennsylvania,420842,1,1,1,0,101,PHILADELPHIA (101),6540,PHILADELPHIA,11,Noviembre,17,2022,12,17,BEASLEYS WALK RD,8,Otro,Trafficway Not in State Inventory,Via no en inventario estatal,Trafficway Not in State Inventory,0,Campus Universitario,0,39.982725,-75.15683611,No vehiculo o remolque,El primer evento no fue una colision con un vehiculo automotor en transporte,T-Intersection,Interseccion de T,Sobre calle,Ninguna,Dia total,Despejado,No,NO APLICA,12,21,12,26,1,17/11/2022,1
42,Pennsylvania,420843,0,0,1,0,133,YORK (133),0,NO APLICA,11,Noviembre,8,2022,14,0,US-30 ARSENAL RD,2,US Highway,Urbano,Arterial Principal -Freeway o ExpressWay,Unknown,1,Sin jurisdiccion especial,211,39.99853611,-76.6406,Poste de Señal de trafico,El primer evento no fue una colision con un vehiculo automotor en transporte,Not an Intersection,No fue interseccion,En el medio,Ninguna,Dia total,Despejado,No,NO APLICA,99,99,99,99,1,08/11/2022,1
42,Pennsylvania,420844,0,0,1,0,125,WASHINGTON (125),0,NO APLICA,11,Noviembre,6,2022,2,0,SR-4015 JOFFRE CHERRY VALLE RD,3,Highway estatal,Rural,Colector Menor,State Highway Agency,0,Sin jurisdiccion especial,65,40.36716944,-80.36053611,Volcadura,El primer evento no fue una colision con un vehiculo automotor en transporte,Not an Intersection,No fue interseccion,Sobre el lado de la calle,Ninguna,Oscuro con iluminacion,Despejado,No,NO APLICA,2,3,2,13,1,06/11/2022,2
42,Pennsylvania,420845,0,0,2,0,91,MONTGOMERY (91),2995,FRANCONIA,7,Julio,11,2022,21,45,TOWNSHIP LINE RD,5,Calle Local - Pueblo,Urbano,Local,Town or Township Highway Agency,0,Sin jurisdiccion especial,0,40.29369444,-75.31416667,Vehiculo en movimiento,Frente a frente,Not an Intersection,No fue interseccion,Sobre calle,Ninguna,Oscuro sin iluminacion,Despejado,No,NO APLICA,21,47,21,53,1,11/07/2022,3
42,Pennsylvania,420846,1,1,1,0,21,CAMBRIA (21),9180,WESTMONT,7,Julio,11,2022,5,52,OMAR DR,6,Calle Local Municipalidad,Urbano,Local,City or Municipal Highway Agency,0,Sin jurisdiccion especial,0,40.31975,-78.95475,Peaton,El primer evento no fue una colision con un vehiculo automotor en transporte,Not an Intersection,No fue interseccion,Sobre calle,Ninguna,Amanecer,Despejado,No,NO APLICA,99,99,99,99,1,11/07/2022,1
42,Pennsylvania,420847,0,0,1,0,107,SCHUYLKILL (107),0,NO APLICA,11,Noviembre,7,2022,0,34,I-81 AMERICAN LEGION MEM HWY,1,Interestatal,Rural,Interestatal,State Highway Agency,1,Sin jurisdiccion especial,1018,40.56510556,-76.42925556,Acotamiento,El primer evento no fue una colision con un vehiculo automotor en transporte,Not an Intersection,No fue interseccion,En el medio,Ninguna,Oscuro sin iluminacion,Despejado,No,NO APLICA,88,88,88,88,1,07/11/2022,1
42,Pennsylvania,420848,0,0,2,1,81,LYCOMING (81),9380,WILLIAMSPORT,5,Mayo,18,2022,17,22,SR-2018 GRAMPIAN BL,3,Highway estatal,Urbano,Arteria Menor,State Highway Agency,0,Sin jurisdiccion especial,3,41.25683333,-77.00264722,Vehiculo Aparcado,El primer evento no fue una colision con un vehiculo automotor en transporte,Not an Intersection,No fue interseccion,En estacionamiento,Ninguna,Dia total,Despejado,No,NO APLICA,17,23,17,31,1,18/05/2022,1
42,Pennsylvania,420849,0,0,1,0,79,LUZERNE (79),0,NO APLICA,11,Noviembre,9,2022,11,39,I-81 AMERICAN LEGION MEM HWY,1,Interestatal,Urbano,Interestatal,State Highway Agency,1,Sin jurisdiccion especial,1723,41.27445556,-75.79923611,Acotamiento,El primer evento no fue una colision con un vehiculo automotor en transporte,Not an Intersection,No fue interseccion,En el medio,Ninguna,Dia total,Despejado,No,NO APLICA,11,2,11,6,1,09/11/2022,1
42,Pennsylvania,420850,1,1,1,0,81,LYCOMING (81),5450,MONTOURSVILLE,6,Junio,3,2022,18,31,N LOYALSOCK AVE,6,Calle Local Municipalidad,Urbano,Local,City or Municipal Highway Agency,0,Sin jurisdiccion especial,0,41.257675,-76.92083333,Ciclista,El primer evento no fue una colision con un vehiculo automotor en transporte,T-Intersection,Interseccion de T,Sobre calle,Ninguna,Dia total,Despejado,No,NO APLICA,18,31,18,34,1,03/06/2022,1
42,Pennsylvania,420851,0,0,2,0,129,WESTMORELAND (129),0,NO APLICA,9,Septiembre,21,2022,16,43,SR-3071 ARONA RD,3,Highway estatal,Rural,Colector Mayor,State Highway Agency,0,Sin jurisdiccion especial,26,40.25394167,-79.64171944,Vehiculo en movimiento,Frente a frente,Not an Intersection,No fue interseccion,Sobre calle,Ninguna,Dia total,Despejado,No,NO APLICA,16,48,16,54,1,21/09/2022,2
42,Pennsylvania,420852,0,0,2,0,73,LAWRENCE (73),5800,NEW CASTLE,12,Diciembre,29,2022,20,12,SR-1007 CASCADE ST,3,Highway estatal,Urbano,Colector Mayor,State Highway Agency,0,Sin jurisdiccion especial,2,40.98311944,-80.31995278,Vehiculo en movimiento,Angulo,Four-Way Intersection,Interseccion de 4 direcciones,Sobre calle,Ninguna,Oscuro con iluminacion,Despejado,No,NO APLICA,20,14,20,20,1,29/12/2022,2
42,Pennsylvania,420853,0,0,2,0,11,BERKS (11),6238,OLEY,8,Agosto,23,2022,17,18,SR-662 MEMORIAL HW,3,Highway estatal,Rural,Arteria Menor,State Highway Agency,0,Sin jurisdiccion especial,74,40.35369167,-75.76574167,Vehiculo en movimiento,Angulo,Four-Way Intersection,Interseccion de 4 direcciones,Sobre calle,Ninguna,Dia total,Despejado,No,NO APLICA,99,99,99,99,1,23/08/2022,2
42,Pennsylvania,420854,0,0,2,0,3,ALLEGHENY (3),6600,PITTSBURGH,11,Noviembre,8,2022,12,35,US-19T WEST LIBERTY AVE,2,US Highway,Urbano,Arteria Principal,Unknown,1,Sin jurisdiccion especial,30,40.40746389,-80.01823333,Vehiculo en movimiento,Frente a Detrás,Not an Intersection,No fue interseccion,Sobre calle,Ninguna,Dia total,Despejado,No,NO APLICA,12,35,12,40,1,08/11/2022,2
42,Pennsylvania,420855,0,0,2,0,71,LANCASTER (71),0,NO APLICA,11,Noviembre,8,2022,11,2,SR-743 MAYTOWN RD,3,Highway estatal,Rural,Colector Mayor,State Highway Agency,0,Sin jurisdiccion especial,43,40.11576111,-76.59385556,Vehiculo en movimiento,Angulo,Four-Way Intersection,Interseccion de 4 direcciones,Sobre calle,Ninguna,Dia total,Despejado,No,NO APLICA,99,99,99,99,1,08/11/2022,4
42,Pennsylvania,420856,0,0,2,0,29,CHESTER (29),0,NO APLICA,7,Julio,19,2022,5,40,US-1 KENNETT OXFORD BP,2,US Highway,Urbano,Arterial Principal -Freeway o ExpressWay,Unknown,1,Sin jurisdiccion especial,28,39.76140556,-76.01839722,Vehiculo en movimiento,Frente a frente,Not an Intersection,No fue interseccion,Sobre calle,Ninguna,Amanecer,Despejado,No,NO APLICA,5,52,6,0,1,19/07/2022,2
42,Pennsylvania,420857,1,1,1,0,79,LUZERNE (79),0,NO APLICA,11,Noviembre,9,2022,17,33,SR-2002 SANS SOUCI PKWY,3,Highway estatal,Urbano,Arteria Principal,State Highway Agency,1,Sin jurisdiccion especial,47,41.22956389,-75.92548056,Peaton,El primer evento no fue una colision con un vehiculo automotor en transporte,Not an Intersection,No fue interseccion,Sobre calle,Ninguna,Oscuro con iluminacion,Despejado,No,NO APLICA,17,3,17,7,1,09/11/2022,1
42,Pennsylvania,420858,0,0,2,0,5,ARMSTRONG (5),0,NO APLICA,8,Agosto,15,2022,16,47,SR-268 RIVERVIEW DR,3,Highway estatal,Rural,Arteria Menor,State Highway Agency,0,Sin jurisdiccion especial,169,41.10747222,-79.681475,Vehiculo en movimiento,Frente a frente,Not an Intersection,No fue interseccion,Sobre calle,Ninguna,Dia total,Despejado,No,NO APLICA,99,99,99,99,3,15/08/2022,4
42,Pennsylvania,420859,0,0,2,0,85,MERCER (85),0,NO APLICA,11,Noviembre,11,2022,20,4,I-79 RAYMOND P SHAFER HWY,1,Interestatal,Rural,Interestatal,State Highway Agency,1,Sin jurisdiccion especial,1289,41.37554167,-80.15771667,Vehiculo en movimiento,Angulo,Not an Intersection,No fue interseccion,Sobre calle,Ninguna,Oscuro sin iluminacion,lluvia,No,NO APLICA,99,99,99,99,1,11/11/2022,3
42,Pennsylvania,420860,0,0,2,0,101,PHILADELPHIA (101),6540,PHILADELPHIA,11,Noviembre,11,2022,21,49,SR-1001 VERREE RD,3,Highway estatal,Urbano,Arteria Menor,State Highway Agency,0,Sin jurisdiccion especial,73,40.10632778,-75.03049444,Vehiculo en movimiento,Angulo,Not an Intersection,No fue interseccion,Sobre calle,Ninguna,Oscuro con iluminacion,lluvia,No,NO APLICA,21,50,21,59,1,11/11/2022,2
42,Pennsylvania,420861,0,0,1,0,29,CHESTER (29),0,NO APLICA,11,Noviembre,13,2022,8,16,US-1 KENNETT OXFORD BYP,2,US Highway,Urbano,Arterial Principal -Freeway o ExpressWay,Unknown,1,Sin jurisdiccion especial,216,39.85625556,-75.70696944,Arbol,El primer evento no fue una colision con un vehiculo automotor en transporte,Not an Intersection,No fue interseccion,Sobre el lado de la calle,Ninguna,Dia total,Despejado,No,NO APLICA,8,14,8,25,1,13/11/2022,1
42,Pennsylvania,420862,0,0,2,0,101,PHILADELPHIA (101),6540,PHILADELPHIA,11,Noviembre,13,2022,16,28,G ST,6,Calle Local Municipalidad,Urbano,Local,City or Municipal Highway Agency,0,Sin jurisdiccion especial,0,40.00139444,-75.11446944,Vehiculo en movimiento,Angulo,Four-Way Intersection,Interseccion de 4 direcciones,Sobre calle,Ninguna,Dia total,Despejado,No,NO APLICA,16,29,16,36,1,13/11/2022,3
42,Pennsylvania,420863,0,0,2,0,91,MONTGOMERY (91),9478,WORCESTER,7,Julio,11,2022,14,59,SR-363 VALLEY FORGE RD,3,Highway estatal,Urbano,Arteria Principal,State Highway Agency,1,Sin jurisdiccion especial,83,40.20688889,-75.33705556,Vehiculo en movimiento,Frente a frente,Not an Intersection,No fue interseccion,Sobre calle,Ninguna,Dia total,Despejado,No,NO APLICA,99,99,99,99,1,11/07/2022,2