Estado,Nombre de Estado,Numero de Caso,Peatones,Personas _no_vehiculos,Vehiculos automotores,Vehiculos estacionados,Condado,Nombre Condado,Ciudad,Nombre Ciudad,Mes,Nombre Mes,Dia,Año,Hora,Minuto,Calle,Ruta,Nombre Ruta,Rural o Urbanoo,Sistema Funcional,Dueño Calle,Sistema Nacional Carreteras,Jurisdiccion Especial,Milla,Latitud,Longitud,Causa del Accidente,Tipo de Accidente,Tipo Interseccion,Columna1,Lugar en la calle,Zona de Trabajo,Luz,Clima,Autobus Escolar,Cruce de Trenes,Hora Notificacion,Minuto Notificacion,Hora Llegada,Minuto Llegada,Decesos,Fecha,PersonaVehiculo
42,Pennsylvania,420864,0,0,1,0,19,BUTLER (19),0,NO APLICA,11,Noviembre,10,2022,16,19,SR-228 GLADE MILL RD,3,Highway estatal,Rural,Arteria Menor,State Highway Agency,0,Sin jurisdiccion especial,127,40.72359444,-79.86588333,Fin de valla,El primer evento no fue una colision con un vehiculo automotor en transporte,Not an Intersection,No fue interseccion,Sobre el lado de la calle,Ninguna,Dia total,Despejado,No,NO APLICA,16,17,16,28,1,10/11/2022,1
42,Pennsylvania,420865,0,0,2,0,17,BUCKS (17),0,NO APLICA,11,Noviembre,11,2022,13,19,SR-413 VETERANS HWY,3,Highway estatal,Urbano,Arteria Principal,State Highway Agency,1,Sin jurisdiccion especial,29,40.123325,-74.88156389,Vehiculo en movimiento,Angulo,Four-Way Intersection,Interseccion de 4 direcciones,Sobre calle,Ninguna,Dia total,lluvia,No,NO APLICA,99,99,99,99,1,11/11/2022,2
42,Pennsylvania,420866,0,0,1,0,133,YORK (133),0,NO APLICA,11,Noviembre,9,2022,16,48,I-83 VFW OF US MEM HWY,1,Interestatal,Urbano,Interestatal,State Highway Agency,1,Sin jurisdiccion especial,285,40.09216111,-76.77168611,Acotamiento,El primer evento no fue una colision con un vehiculo automotor en transporte,Not an Intersection,No fue interseccion,Sobre el lado de la calle,Ninguna,Dia total,Despejado,No,NO APLICA,99,99,99,99,1,09/11/2022,1
42,Pennsylvania,420867,0,0,2,0,127,WAYNE (127),0,NO APLICA,11,Noviembre,15,2022,9,34,SR-507 MILL CREEK RD,3,Highway estatal,Rural,Colector Mayor,State Highway Agency,0,Sin jurisdiccion especial,79,41.27841389,-75.36719722,Vehiculo en movimiento,Angulo,Four-Way Intersection,Interseccion de 4 direcciones,Sobre calle,Ninguna,Dia total,Despejado,No,NO APLICA,9,6,10,1,1,15/11/2022,3
42,Pennsylvania,420868,0,0,1,0,3,ALLEGHENY (3),9400,WILMERDING,8,Agosto,2,2022,3,55,JEFFERSON ST,6,Calle Local Municipalidad,Urbano,Local,City or Municipal Highway Agency,0,Sin jurisdiccion especial,0,40.39681944,-79.80473889,Edificio,El primer evento no fue una colision con un vehiculo automotor en transporte,T-Intersection,Interseccion de T,Fuera de la calle,Ninguna,Oscuro con iluminacion,Despejado,No,NO APLICA,99,99,99,99,1,02/08/2022,1
42,Pennsylvania,420869,0,0,2,0,3,ALLEGHENY (3),6600,PITTSBURGH,11,Noviembre,16,2022,20,23,SR-837 EAST CARSON ST,3,Highway estatal,Urbano,Arteria Principal,State Highway Agency,1,Sin jurisdiccion especial,200,40.42152778,-79.95882222,Vehiculo en movimiento,Frente a frente,Not an Intersection,No fue interseccion,Sobre calle,Ninguna,Oscuro con iluminacion,Nublado,No,NO APLICA,20,27,20,32,1,16/11/2022,4
42,Pennsylvania,420870,1,1,1,0,91,MONTGOMERY (91),0,NO APLICA,11,Noviembre,16,2022,17,20,CR-BUTLER PIKE,4,Calle del Condado,Rural,Local,County Highway Agency,0,Sin jurisdiccion especial,0,40.16963889,-75.20186111,Peaton,El primer evento no fue una colision con un vehiculo automotor en transporte,T-Intersection,Interseccion de T,Sobre calle,Ninguna,Oscuro con iluminacion,Nublado,No,NO APLICA,17,23,17,24,1,16/11/2022,4
42,Pennsylvania,420871,0,0,1,0,77,LEHIGH (77),0,NO APLICA,8,Agosto,2,2022,21,54,SR-378,3,Highway estatal,Rural,Arteria Principal,State Highway Agency,1,Sin jurisdiccion especial,21,40.56058889,-75.39233611,Valla Ferrocarril,El primer evento no fue una colision con un vehiculo automotor en transporte,Four-Way Intersection,Interseccion de 4 direcciones,Sobre el lado de la calle,Ninguna,Oscuro sin iluminacion,Despejado,No,NO APLICA,99,99,99,99,1,02/08/2022,1
42,Pennsylvania,420872,1,1,1,0,91,MONTGOMERY (91),0,NO APLICA,11,Noviembre,16,2022,22,7,SR-100 POTTSTOWN BOYERTOWN BYP,3,Highway estatal,Urbano,Arteria Principal,State Highway Agency,1,Sin jurisdiccion especial,18,40.26506667,-75.65008889,Peaton,El primer evento no fue una colision con un vehiculo automotor en transporte,"Five Point, or More",5 Puntos o mas,Sobre calle,Ninguna,Oscuro - iluminacion desconocida,Despejado,No,NO APLICA,22,9,22,15,1,16/11/2022,1
42,Pennsylvania,420873,0,0,2,0,3,ALLEGHENY (3),8164,STOWE TWP,8,Agosto,2,2022,13,27,SR-3092 SEVENTH ST,3,Highway estatal,Urbano,Arteria Menor,City or Municipal Highway Agency,0,Sin jurisdiccion especial,0,40.47398889,-80.07184444,Vehiculo en movimiento,Frente a frente,Not an Intersection,No fue interseccion,Sobre calle,Ninguna,Dia total,Despejado,No,NO APLICA,13,25,13,32,1,02/08/2022,2
42,Pennsylvania,420874,0,0,1,0,39,CRAWFORD (39),0,NO APLICA,11,Noviembre,16,2022,11,21,US-322 TWENTYEIGHTH DIVISI HWY,2,US Highway,Rural,Arteria Principal,Unknown,1,Sin jurisdiccion especial,249,41.53287222,-80.06854722,Acotamiento,El primer evento no fue una colision con un vehiculo automotor en transporte,Not an Intersection,No fue interseccion,Sobre el lado de la calle,Ninguna,Dia total,No reportado,No,NO APLICA,99,99,99,99,1,16/11/2022,1
42,Pennsylvania,420875,0,0,2,0,3,ALLEGHENY (3),6632,PLEASANT HILL,8,Agosto,3,2022,20,35,SR-0051 CLAIRTON BL,3,Highway estatal,Urbano,Arteria Principal,State Highway Agency,0,Sin jurisdiccion especial,103,40.32103056,-79.94221667,Vehiculo en movimiento,Angulo,Four-Way Intersection,Interseccion de 4 direcciones,Sobre calle,Ninguna,Atardecer,Nublado,No,NO APLICA,20,38,20,42,1,03/08/2022,2
42,Pennsylvania,420876,0,0,1,0,3,ALLEGHENY (3),3013,FRANKLIN PARK,11,Noviembre,20,2022,0,53,I-279 NORTH HILLS EXPY,1,Interestatal,Urbano,Interestatal,State Highway Agency,1,Sin jurisdiccion especial,131,40.58589444,-80.09929444,Poste,El primer evento no fue una colision con un vehiculo automotor en transporte,Not an Intersection,No fue interseccion,Sobre el lado de la calle,Ninguna,Oscuro con iluminacion,Soplando nieve,No,NO APLICA,0,49,0,57,1,20/11/2022,1
42,Pennsylvania,420877,0,0,1,0,9,BEDFORD (9),0,NO APLICA,8,Agosto,4,2022,6,45,SR-869,3,Highway estatal,Rural,Colector Mayor,State Highway Agency,0,Sin jurisdiccion especial,63,40.24035556,-78.57361944,Arbol,El primer evento no fue una colision con un vehiculo automotor en transporte,Not an Intersection,No fue interseccion,Sobre el lado de la calle,Ninguna,Amanecer,Despejado,No,NO APLICA,99,99,99,99,1,04/08/2022,1
42,Pennsylvania,420878,0,0,2,0,33,CLEARFIELD (33),0,NO APLICA,11,Noviembre,18,2022,10,15,I-80 Z H CONFAIR MEMORIAL HWY,1,Interestatal,Rural,Interestatal,State Highway Agency,1,Sin jurisdiccion especial,990,41.14125278,-78.74498889,Vehiculo en movimiento,Frente a Detrás,Not an Intersection,No fue interseccion,Sobre calle,Ninguna,Dia total,Despejado,No,NO APLICA,10,20,10,33,1,18/11/2022,3
42,Pennsylvania,420879,1,1,1,0,3,ALLEGHENY (3),6600,PITTSBURGH,8,Agosto,4,2022,16,3,BLVD OF THE ALLIES BL,6,Calle Local Municipalidad,Urbano,Local,City or Municipal Highway Agency,0,Sin jurisdiccion especial,0,40.43463056,-79.95466667,Peaton,El primer evento no fue una colision con un vehiculo automotor en transporte,Four-Way Intersection,Interseccion de 4 direcciones,Sobre calle,Ninguna,Dia total,Despejado,No,NO APLICA,16,3,16,6,1,04/08/2022,1
42,Pennsylvania,420880,0,0,2,0,101,PHILADELPHIA (101),6540,PHILADELPHIA,11,Noviembre,19,2022,11,30,PATTISON AVE,6,Calle Local Municipalidad,Urbano,Local,City or Municipal Highway Agency,0,Sin jurisdiccion especial,0,39.90725278,-75.187725,Vehiculo en movimiento,Frente a frente,T-Intersection,Interseccion de T,Sobre calle,Ninguna,Dia total,Despejado,No,NO APLICA,11,32,11,39,1,19/11/2022,2
42,Pennsylvania,420881,0,0,1,0,35,CLINTON (35),0,NO APLICA,11,Noviembre,21,2022,16,49,SR-8008 RAMP C RD,3,Highway estatal,Rural,Interestatal,State Highway Agency,1,Sin jurisdiccion especial,1856,41.05129167,-77.30611944,Poste de Señal de trafico,El primer evento no fue una colision con un vehiculo automotor en transporte,Not an Intersection,No fue interseccion,Sobre el lado de la calle,Ninguna,Dia total,Despejado,No,NO APLICA,16,46,17,3,1,21/11/2022,1
42,Pennsylvania,420882,0,0,2,0,9,BEDFORD (9),0,NO APLICA,8,Agosto,6,2022,14,17,SR-869 WILLIAM PENN RD,3,Highway estatal,Rural,Colector Mayor,State Highway Agency,0,Sin jurisdiccion especial,129,40.16578611,-78.517575,Vehiculo en movimiento,Angulo,Four-Way Intersection,Interseccion de 4 direcciones,Sobre calle,Ninguna,Dia total,Despejado,No,NO APLICA,99,99,99,99,1,06/08/2022,4
42,Pennsylvania,420883,0,0,1,0,45,DELAWARE (45),0,NO APLICA,8,Agosto,8,2022,6,34,US-1 STATE RD,2,US Highway,Urbano,Arterial Principal -Freeway o ExpressWay,Unknown,1,Sin jurisdiccion especial,143,39.93722222,-75.35414444,Soporte de  señalamiento de transito,El primer evento no fue una colision con un vehiculo automotor en transporte,"Five Point, or More",5 Puntos o mas,Sobre el lado de la calle,Ninguna,Dia total,Despejado,No,NO APLICA,6,34,6,40,1,08/08/2022,1
42,Pennsylvania,420884,0,0,2,0,19,BUTLER (19),0,NO APLICA,8,Agosto,10,2022,22,35,SR-2012 DINNERBELL RD,3,Highway estatal,Rural,Colector Mayor,State Highway Agency,0,Sin jurisdiccion especial,20,40.75779722,-79.885175,Vehiculo en movimiento,Angulo,Four-Way Intersection,Interseccion de 4 direcciones,Sobre calle,Ninguna,Oscuro sin iluminacion,Despejado,No,NO APLICA,22,46,22,49,1,10/08/2022,2
42,Pennsylvania,420885,1,1,1,0,91,MONTGOMERY (91),0,NO APLICA,11,Noviembre,23,2022,22,33,I-476 MID COUNTY EXPY,1,Interestatal,Urbano,Interestatal,State Highway Agency,1,Sin jurisdiccion especial,187,40.09739167,-75.30075556,Peaton,El primer evento no fue una colision con un vehiculo automotor en transporte,Not an Intersection,No fue interseccion,Sobre calle,Ninguna,Oscuro sin iluminacion,Despejado,No,NO APLICA,22,36,22,44,1,23/11/2022,1
42,Pennsylvania,420886,0,0,1,0,3,ALLEGHENY (3),3200,GLASSPORT,11,Noviembre,24,2022,7,40,MONONGAHELA AVE,6,Calle Local Municipalidad,Urbano,Local,City or Municipal Highway Agency,0,Sin jurisdiccion especial,0,40.34289722,-79.88547222,Poste o otros soportes,El primer evento no fue una colision con un vehiculo automotor en transporte,Not an Intersection,No fue interseccion,Sobre el lado de la calle,Ninguna,Dia total,Despejado,No,NO APLICA,7,52,7,53,1,24/11/2022,2
42,Pennsylvania,420887,0,0,1,0,85,MERCER (85),7550,SHARON,11,Noviembre,24,2022,10,7,STATE ST,6,Calle Local Municipalidad,Urbano,Local,City or Municipal Highway Agency,0,Sin jurisdiccion especial,0,41.23273889,-80.51680556,Banqueta,El primer evento no fue una colision con un vehiculo automotor en transporte,Not an Intersection,No fue interseccion,Sobre el lado de la calle,Ninguna,Dia total,Despejado,No,NO APLICA,99,99,99,99,1,24/11/2022,1
42,Pennsylvania,420888,0,0,2,0,17,BUCKS (17),515,BEDMINSTER,8,Agosto,13,2022,19,42,SR-113 BEDMINISTER RD,3,Highway estatal,Urbano,Colector Mayor,State Highway Agency,0,Sin jurisdiccion especial,73,40.387375,-75.21411944,Vehiculo en movimiento,Angulo,Four-Way Intersection,Interseccion de 4 direcciones,Sobre calle,Ninguna,Dia total,Despejado,No,NO APLICA,19,45,19,56,1,13/08/2022,3
42,Pennsylvania,420889,1,1,1,0,107,SCHUYLKILL (107),2990,FRACKVILLE,8,Agosto,15,2022,15,36,SR-924 LEHIGH AVE,3,Highway estatal,Urbano,Arteria Menor,State Highway Agency,0,Sin jurisdiccion especial,0,40.785,-76.23103889,Peaton,El primer evento no fue una colision con un vehiculo automotor en transporte,Four-Way Intersection,Interseccion de 4 direcciones,Sobre calle,Ninguna,Dia total,Reportado como desconocido,No,NO APLICA,99,99,99,99,1,15/08/2022,1
42,Pennsylvania,420890,1,1,1,0,101,PHILADELPHIA (101),6540,PHILADELPHIA,11,Noviembre,24,2022,6,13,SR-3013 ISLAND AVE,3,Highway estatal,Urbano,Arteria Principal,State Highway Agency,1,Sin jurisdiccion especial,13,39.91265833,-75.24323333,Peaton,El primer evento no fue una colision con un vehiculo automotor en transporte,Not an Intersection,No fue interseccion,Sobre calle,Ninguna,Oscuro con iluminacion,Despejado,No,NO APLICA,6,15,6,24,1,24/11/2022,1
42,Pennsylvania,420891,0,0,2,0,75,LEBANON (75),0,NO APLICA,8,Agosto,17,2022,16,34,SR-72 EBENEZER RD,3,Highway estatal,Rural,Arteria Principal,State Highway Agency,1,Sin jurisdiccion especial,133,40.44538889,-76.51097222,Vehiculo en movimiento,Frente a frente,Not an Intersection,No fue interseccion,Sobre calle,Ninguna,Dia total,Despejado,No,NO APLICA,99,99,99,99,1,17/08/2022,2
42,Pennsylvania,420892,0,0,2,0,101,PHILADELPHIA (101),6540,PHILADELPHIA,5,Mayo,20,2022,2,31,SR-2016 ALLEGHENY AVE,3,Highway estatal,Urbano,Arteria Menor,State Highway Agency,0,Sin jurisdiccion especial,42,39.99574444,-75.11276944,Vehiculo en movimiento,Frente a frente,Not an Intersection,No fue interseccion,Sobre calle,Ninguna,Oscuro sin iluminacion,Despejado,No,NO APLICA,2,33,2,39,1,20/05/2022,3
42,Pennsylvania,420893,0,0,2,0,67,JUNIATA (67),0,NO APLICA,8,Agosto,19,2022,16,53,SR-35 JUNIATA TW,3,Highway estatal,Rural,Colector Mayor,State Highway Agency,0,Sin jurisdiccion especial,172,40.51336944,-77.514675,Vehiculo en movimiento,Angulo,Not an Intersection,No fue interseccion,Sobre calle,Ninguna,Dia total,Despejado,No,NO APLICA,16,50,17,6,1,19/08/2022,3
42,Pennsylvania,420894,0,0,1,0,101,PHILADELPHIA (101),6540,PHILADELPHIA,11,Noviembre,27,2022,10,0,SR-1009 BUSTLETON AVE,3,Highway estatal,Urbano,Arteria Principal,State Highway Agency,1,Sin jurisdiccion especial,57,40.0752,-75.04563333,Arbol,El primer evento no fue una colision con un vehiculo automotor en transporte,Not an Intersection,No fue interseccion,Sobre el lado de la calle,Ninguna,Dia total,Nublado,No,NO APLICA,10,6,10,12,1,27/11/2022,1
42,Pennsylvania,420895,0,0,2,0,71,LANCASTER (71),0,NO APLICA,8,Agosto,20,2022,19,22,SEITZ RD,5,Calle Local - Pueblo,Rural,Local,Town or Township Highway Agency,0,Sin jurisdiccion especial,0,40.0212,-76.44176944,Otra no colicion,El primer evento no fue una colision con un vehiculo automotor en transporte,T-Intersection,Interseccion de T,Sobre calle,Ninguna,Atardecer,Despejado,No,NO APLICA,19,24,19,38,1,20/08/2022,2
42,Pennsylvania,420896,0,0,2,0,3,ALLEGHENY (3),8164,STOWE TWP,8,Agosto,19,2022,16,12,MCCOY RD,5,Calle Local - Pueblo,Urbano,Local,Town or Township Highway Agency,0,Sin jurisdiccion especial,0,40.48052778,-80.082,Vehiculo en movimiento,Frente a frente,Not an Intersection,No fue interseccion,Sobre calle,Ninguna,Dia total,Despejado,No,NO APLICA,16,15,16,20,1,19/08/2022,3
42,Pennsylvania,420897,0,0,2,0,41,CUMBERLAND (41),0,NO APLICA,11,Noviembre,28,2022,6,18,SR-2004 LISBURN RD,3,Highway estatal,Urbano,Colector Mayor,State Highway Agency,0,Sin jurisdiccion especial,59,40.16056389,-77.02058333,Vehiculo en movimiento,Angulo,Not an Intersection,No fue interseccion,Sobre calle,Ninguna,Oscuro sin iluminacion,Nublado,No,NO APLICA,6,24,6,26,2,28/11/2022,3
42,Pennsylvania,420898,0,0,1,0,133,YORK (133),0,NO APLICA,11,Noviembre,28,2022,9,35,ORCHARD ST,5,Calle Local - Pueblo,Rural,Local,Town or Township Highway Agency,0,Sin jurisdiccion especial,0,39.90985556,-76.64549722,Arbol,El primer evento no fue una colision con un vehiculo automotor en transporte,Not an Intersection,No fue interseccion,Sobre el lado de la calle,Ninguna,Dia total,Nublado,No,NO APLICA,9,30,9,38,1,28/11/2022,2
42,Pennsylvania,420899,1,1,1,0,101,PHILADELPHIA (101),6540,PHILADELPHIA,11,Noviembre,30,2022,2,28,SR-1007 FRANKFORD AVE,3,Highway estatal,Urbano,Arteria Menor,State Highway Agency,0,Sin jurisdiccion especial,34,40.00071667,-75.09774722,Peaton,El primer evento no fue una colision con un vehiculo automotor en transporte,Four-Way Intersection,Interseccion de 4 direcciones,Sobre calle,Ninguna,Oscuro con iluminacion,Despejado,No,NO APLICA,99,99,99,99,1,30/11/2022,1
42,Pennsylvania,420900,0,0,2,0,17,BUCKS (17),0,NO APLICA,8,Agosto,19,2022,22,41,SR-611 EASTON RD,3,Highway estatal,Urbano,Arteria Principal,State Highway Agency,1,Sin jurisdiccion especial,41,40.27104444,-75.12933333,Banqueta,El primer evento no fue una colision con un vehiculo automotor en transporte,Four-Way Intersection,Interseccion de 4 direcciones,En el medio,Ninguna,Oscuro con iluminacion,Despejado,No,NO APLICA,22,41,22,45,1,19/08/2022,3
42,Pennsylvania,420901,1,1,1,0,101,PHILADELPHIA (101),6540,PHILADELPHIA,12,Diciembre,2,2022,6,21,US-1 ROOSEVELT BLVD,2,US Highway,Urbano,Arteria Principal,Unknown,1,Sin jurisdiccion especial,124,40.04563056,-75.0531,Peaton,El primer evento no fue una colision con un vehiculo automotor en transporte,Not an Intersection,No fue interseccion,Sobre calle,Ninguna,Oscuro con iluminacion,Despejado,No,NO APLICA,6,22,6,27,1,02/12/2022,1
42,Pennsylvania,420902,0,0,2,0,121,VENANGO (121),8217,SUGARCREEK,12,Diciembre,2,2022,12,14,US-62 ALLEGHENY BLVD,2,US Highway,Urbano,Arteria Principal,Unknown,1,Sin jurisdiccion especial,128,41.40630278,-79.79886111,Vehiculo en movimiento,Frente a Detrás,Not an Intersection,No fue interseccion,Sobre calle,Ninguna,Dia total,Despejado,No,NO APLICA,99,99,99,99,1,02/12/2022,3
42,Pennsylvania,420903,0,0,1,0,3,ALLEGHENY (3),6600,PITTSBURGH,12,Diciembre,3,2022,3,18,I-376 PENN LINCOLN PKWY,1,Interestatal,Urbano,Interestatal,State Highway Agency,1,Sin jurisdiccion especial,719,40.43601667,-79.97466111,Barrera de Trafico de Concreto,El primer evento no fue una colision con un vehiculo automotor en transporte,Not an Intersection,No fue interseccion,En el medio,Ninguna,Oscuro con iluminacion,lluvia,No,NO APLICA,3,2,3,8,1,03/12/2022,1
42,Pennsylvania,420904,0,0,2,0,27,CENTRE (27),0,NO APLICA,8,Agosto,20,2022,20,4,SR-144 CENTRE HALL MTN RD,3,Highway estatal,Rural,Arteria Principal,State Highway Agency,1,Sin jurisdiccion especial,76,40.85475,-77.72511111,Vehiculo en movimiento,Frente a frente,Not an Intersection,No fue interseccion,Sobre calle,Ninguna,Dia total,Despejado,No,NO APLICA,20,6,20,14,1,20/08/2022,6
42,Pennsylvania,420905,0,0,2,0,107,SCHUYLKILL (107),0,NO APLICA,12,Diciembre,3,2022,0,3,SR-4011 MAIN ST,3,Highway estatal,Rural,Colector Mayor,State Highway Agency,0,Sin jurisdiccion especial,14,40.61301667,-76.47993611,Vehiculo en movimiento,Frente a frente,Not an Intersection,No fue interseccion,Sobre calle,Ninguna,Oscuro sin iluminacion,Despejado,No,NO APLICA,99,99,99,99,1,03/12/2022,2
42,Pennsylvania,420906,0,0,1,0,71,LANCASTER (71),0,NO APLICA,12,Diciembre,3,2022,1,7,SR-4001 PROSPECT RD,3,Highway estatal,Urbano,Colector Mayor,State Highway Agency,0,Sin jurisdiccion especial,21,40.08459444,-76.45844444,Arbol,El primer evento no fue una colision con un vehiculo automotor en transporte,Not an Intersection,No fue interseccion,Sobre el lado de la calle,Ninguna,Oscuro sin iluminacion,Despejado,No,NO APLICA,1,10,1,21,1,03/12/2022,2
42,Pennsylvania,420907,0,0,2,0,43,DAUPHIN (43),3500,HARRISBURG,8,Agosto,26,2022,22,5,SR-230 CAMERON ST,3,Highway estatal,Urbano,Arteria Principal,State Highway Agency,1,Sin jurisdiccion especial,25,40.24821944,-76.86416944,Vehiculo en movimiento,Frente a frente,T-Intersection,Interseccion de T,Sobre calle,Ninguna,Oscuro con iluminacion,Despejado,No,NO APLICA,22,5,22,9,2,26/08/2022,5
42,Pennsylvania,420908,0,0,2,0,69,LACKAWANNA (69),0,NO APLICA,12,Diciembre,3,2022,20,0,SR-107 HEARTLAKE RD,3,Highway estatal,Rural,Colector Mayor,State Highway Agency,0,Sin jurisdiccion especial,104,41.56858056,-75.58468611,Vehiculo en movimiento,Frente a frente,Not an Intersection,No fue interseccion,Sobre calle,Ninguna,Dia total,Despejado,No,NO APLICA,99,99,99,99,2,03/12/2022,3
42,Pennsylvania,420909,0,0,1,0,17,BUCKS (17),8711,UPPER SOUTHAMPTON,8,Agosto,26,2022,2,18,SR-2014 CHURCHVILLE RD,3,Highway estatal,Urbano,Colector Mayor,State Highway Agency,0,Sin jurisdiccion especial,10,40.17890278,-75.02244444,Banqueta,El primer evento no fue una colision con un vehiculo automotor en transporte,Not an Intersection,No fue interseccion,Sobre el lado de la calle,Ninguna,Oscuro sin iluminacion,Despejado,No,NO APLICA,2,19,2,26,1,26/08/2022,3
42,Pennsylvania,420910,0,0,2,0,79,LUZERNE (79),8225,SUGARLOAF,12,Diciembre,5,2022,15,35,SR-93 BERWICK-HAZLETON HWY,3,Highway estatal,Rural,Arteria Menor,State Highway Agency,0,Sin jurisdiccion especial,117,41.030575,-76.08071944,Vehiculo en movimiento,Frente a frente,Not an Intersection,No fue interseccion,Sobre calle,Ninguna,Dia total,Despejado,No,NO APLICA,15,35,15,43,1,05/12/2022,3
42,Pennsylvania,420911,0,0,2,1,103,PIKE (103),0,NO APLICA,12,Diciembre,6,2022,6,47,PINE RIDGE DR,5,Calle Local - Pueblo,Rural,Local,Town or Township Highway Agency,0,Sin jurisdiccion especial,0,41.13488056,-74.99768611,Arbol,El primer evento no fue una colision con un vehiculo automotor en transporte,Not an Intersection,No fue interseccion,Fuera de la calle,Ninguna,Dia total,Aguanieve,No,NO APLICA,6,31,6,46,1,06/12/2022,2
42,Pennsylvania,420912,0,0,2,0,3,ALLEGHENY (3),0,NO APLICA,12,Diciembre,9,2022,21,39,SR-1013 SAXONBURG BLVD,3,Highway estatal,Urbano,Arteria Menor,State Highway Agency,0,Sin jurisdiccion especial,58,40.57987222,-79.88444444,Vehiculo en movimiento,Frente a frente,Not an Intersection,No fue interseccion,Sobre calle,Ninguna,Oscuro - iluminacion desconocida,Despejado,No,NO APLICA,21,38,21,47,1,09/12/2022,3
42,Pennsylvania,420913,0,0,2,0,11,BERKS (11),0,NO APLICA,12,Diciembre,9,2022,16,53,SR-662 OLD SWEDE RD,3,Highway estatal,Urbano,Arteria Menor,State Highway Agency,0,Sin jurisdiccion especial,26,40.29219167,-75.73072222,Vehiculo en movimiento,Frente a frente,Not an Intersection,No fue interseccion,Sobre calle,Ninguna,Atardecer,Despejado,No,NO APLICA,99,99,99,99,1,09/12/2022,2
42,Pennsylvania,420914,0,0,2,0,79,LUZERNE (79),0,NO APLICA,12,Diciembre,10,2022,13,10,SR-2021 JAMES A MUSTO BYP,3,Highway estatal,Urbano,Arteria Menor,State Highway Agency,0,Sin jurisdiccion especial,6,41.30897778,-75.79505,Vehiculo en movimiento,Otro,T-Intersection,Interseccion de T,Sobre calle,Ninguna,Dia total,Despejado,No,NO APLICA,13,13,13,17,1,10/12/2022,2
42,Pennsylvania,420915,0,0,2,0,17,BUCKS (17),0,NO APLICA,8,Agosto,27,2022,21,59,SR-2018 TRENTON RD,3,Highway estatal,Urbano,Arteria Menor,State Highway Agency,0,Sin jurisdiccion especial,35,40.185125,-74.83575,Vehiculo en movimiento,Angulo,Not an Intersection,No fue interseccion,Sobre calle,Ninguna,Oscuro con iluminacion,Despejado,No,NO APLICA,16,38,16,43,1,27/08/2022,2
42,Pennsylvania,420916,0,0,1,0,35,CLINTON (35),0,NO APLICA,12,Diciembre,8,2022,21,53,SR-64 NITTANY VALLEY DR,3,Highway estatal,Urbano,Arteria Menor,State Highway Agency,0,Sin jurisdiccion especial,71,41.09243889,-77.47978333,Acotamiento,El primer evento no fue una colision con un vehiculo automotor en transporte,Not an Intersection,No fue interseccion,Sobre el lado de la calle,Ninguna,Oscuro sin iluminacion,Despejado,No,NO APLICA,21,51,22,2,1,08/12/2022,2
42,Pennsylvania,420917,0,0,2,0,89,MONROE (89),0,NO APLICA,12,Diciembre,10,2022,15,47,I-80 KEYSTONE SHORTWAY HWY,1,Interestatal,Urbano,Interestatal,State Highway Agency,1,Sin jurisdiccion especial,3096,40.99795278,-75.14685833,Barrera de Trafico de Concreto,El primer evento no fue una colision con un vehiculo automotor en transporte,Not an Intersection,No fue interseccion,Sobre el lado de la calle,Ninguna,Dia total,Despejado,No,NO APLICA,99,99,99,99,1,10/12/2022,2
42,Pennsylvania,420918,0,0,2,0,101,PHILADELPHIA (101),6540,PHILADELPHIA,12,Diciembre,12,2022,23,53,US-1 ROOSEVELT BLVD,2,US Highway,Urbano,Arteria Principal,Unknown,1,Sin jurisdiccion especial,12,40.02543611,-75.12283333,Vehiculo en movimiento,Golpe Lateral - misma direccion,Not an Intersection,No fue interseccion,Sobre calle,Ninguna,Oscuro con iluminacion,Despejado,No,NO APLICA,23,44,23,50,1,12/12/2022,3
42,Pennsylvania,420919,1,1,1,0,49,ERIE (49),0,NO APLICA,12,Diciembre,12,2022,7,3,SR-4015 ZUCK RD,3,Highway estatal,Urbano,Arteria Menor,State Highway Agency,0,Sin jurisdiccion especial,5,42.0708,-80.11920556,Peaton,El primer evento no fue una colision con un vehiculo automotor en transporte,Four-Way Intersection,Interseccion de 4 direcciones,Sobre calle,Ninguna,Oscuro sin iluminacion,Nublado,No,NO APLICA,7,8,7,13,1,12/12/2022,1
42,Pennsylvania,420920,0,0,2,0,129,WESTMORELAND (129),0,NO APLICA,8,Agosto,27,2022,13,25,US-30 LINCOLN HW,2,US Highway,Rural,Arteria Principal,Unknown,1,Sin jurisdiccion especial,311,40.26215278,-79.27018889,Vehiculo en movimiento,Angulo,Y-Intersection,Interseccion de Y,Sobre calle,Ninguna,Dia total,Despejado,No,NO APLICA,13,36,13,43,1,27/08/2022,4
42,Pennsylvania,420921,1,1,1,0,91,MONTGOMERY (91),1530,COLLEGEVILLE,12,Diciembre,13,2022,16,9,SR-29 SECOND AVE,3,Highway estatal,Urbano,Arteria Principal,State Highway Agency,1,Sin jurisdiccion especial,42,40.17918611,-75.45729167,Peaton,El primer evento no fue una colision con un vehiculo automotor en transporte,T-Intersection,Interseccion de T,Sobre calle,Ninguna,Dia total,Despejado,No,NO APLICA,16,9,16,14,1,13/12/2022,1
42,Pennsylvania,420922,1,1,1,0,79,LUZERNE (79),0,NO APLICA,12,Diciembre,13,2022,19,38,SR-6309 WILKES-BARRE TWP BLVD,3,Highway estatal,Urbano,Arteria Principal,State Highway Agency,1,Sin jurisdiccion especial,25,41.23659167,-75.86353611,Peaton,El primer evento no fue una colision con un vehiculo automotor en transporte,Not an Intersection,No fue interseccion,Sobre calle,Ninguna,Oscuro con iluminacion,Despejado,No,NO APLICA,19,40,19,42,1,13/12/2022,1
42,Pennsylvania,420923,0,0,2,0,17,BUCKS (17),0,NO APLICA,12,Diciembre,15,2022,7,50,SR-2051 LEVITTOWN PKWY,3,Highway estatal,Urbano,Arteria Menor,State Highway Agency,0,Sin jurisdiccion especial,21,40.16508056,-74.84063889,Vehiculo en movimiento,Angulo,T-Intersection,Interseccion de T,Sobre calle,Ninguna,Dia total,Despejado,No,NO APLICA,99,99,99,99,1,15/12/2022,2