Estado,Nombre de Estado,Numero de Caso,Peatones,Personas _no_vehiculos,Vehiculos automotores,Vehiculos estacionados,Condado,Nombre Condado,Ciudad,Nombre Ciudad,Mes,Nombre Mes,Dia,Año,Hora,Minuto,Calle,Ruta,Nombre Ruta,Rural o Urbanoo,Sistema Funcional,Dueño Calle,Sistema Nacional Carreteras,Jurisdiccion Especial,Milla,Latitud,Longitud,Causa del Accidente,Tipo de Accidente,Tipo Interseccion,Columna1,Lugar en la calle,Zona de Trabajo,Luz,Clima,Autobus Escolar,Cruce de Trenes,Hora Notificacion,Minuto Notificacion,Hora Llegada,Minuto Llegada,Decesos,Fecha,PersonaVehiculo
42,Pennsylvania,420924,0,0,2,0,3,ALLEGHENY (3),6600,PITTSBURGH,12,Diciembre,17,2022,17,44,SR-3104 MCKEES ROCKS BRG,3,Highway estatal,Urbano,Arteria Principal,State Highway Agency,1,Sin jurisdiccion especial,8,40.47721944,-80.04812778,Vehiculo en movimiento,Frente a frente,Not an Intersection,No fue interseccion,Sobre calle,Mantenimiento,Oscuro con iluminacion,Soplando nieve,No,NO APLICA,17,47,17,52,1,17/12/2022,4
42,Pennsylvania,420925,0,0,2,0,101,PHILADELPHIA (101),6540,PHILADELPHIA,12,Diciembre,19,2022,2,55,I-95 DELAWARE EXPY,1,Interestatal,Urbano,Interestatal,State Highway Agency,1,Sin jurisdiccion especial,199,39.92805278,-75.14626389,Vehiculo en movimiento,Angulo,Not an Intersection,No fue interseccion,Sobre calle,Ninguna,Oscuro con iluminacion,Despejado,No,NO APLICA,3,1,3,9,1,19/12/2022,3
42,Pennsylvania,420926,1,1,1,0,3,ALLEGHENY (3),0,NO APLICA,12,Diciembre,20,2022,17,30,SR-50 WASHINGTON AVE,3,Highway estatal,Urbano,Arteria Principal,State Highway Agency,1,Sin jurisdiccion especial,79,40.39825278,-80.08331111,Peaton,El primer evento no fue una colision con un vehiculo automotor en transporte,Not an Intersection,No fue interseccion,Sobre calle,Ninguna,Oscuro con iluminacion,Despejado,No,NO APLICA,17,32,17,38,1,20/12/2022,1
42,Pennsylvania,420927,0,0,1,0,133,YORK (133),0,NO APLICA,12,Diciembre,18,2022,23,55,SR-2005 CAMP BETTY WASHINGT RD,3,Highway estatal,Urbano,Colector Mayor,State Highway Agency,0,Sin jurisdiccion especial,25,39.949275,-76.67909167,Volcadura,El primer evento no fue una colision con un vehiculo automotor en transporte,Not an Intersection,No fue interseccion,Sobre calle,Ninguna,Oscuro sin iluminacion,Despejado,No,NO APLICA,99,99,99,99,1,18/12/2022,1
42,Pennsylvania,420928,0,0,2,0,33,CLEARFIELD (33),1430,CLEARFIELD,12,Diciembre,21,2022,9,8,SR-879 CLEARFIELD BYP,3,Highway estatal,Urbano,Arteria Menor,State Highway Agency,0,Sin jurisdiccion especial,104,41.00561389,-78.44608611,Vehiculo en movimiento,Angulo,Four-Way Intersection,Interseccion de 4 direcciones,Sobre calle,Ninguna,Dia total,Despejado,No,NO APLICA,9,9,9,19,1,21/12/2022,3
42,Pennsylvania,420929,0,0,2,0,133,YORK (133),0,NO APLICA,12,Diciembre,21,2022,14,29,SR-24 BARRENS RD,3,Highway estatal,Rural,Arteria Menor,State Highway Agency,0,Sin jurisdiccion especial,26,39.74385,-76.58835,Vehiculo en movimiento,Frente a frente,Not an Intersection,No fue interseccion,Sobre calle,Ninguna,Dia total,Despejado,No,NO APLICA,99,99,99,99,1,21/12/2022,2
42,Pennsylvania,420930,0,0,2,0,125,WASHINGTON (125),0,NO APLICA,12,Diciembre,21,2022,8,47,SR-1053 WATERDAM RD,3,Highway estatal,Urbano,Arteria Menor,State Highway Agency,0,Sin jurisdiccion especial,6,40.24565278,-80.09606944,Vehiculo en movimiento,Frente a frente,T-Intersection,Interseccion de T,Sobre calle,Ninguna,Dia total,Despejado,No,NO APLICA,8,49,9,0,1,21/12/2022,2
42,Pennsylvania,420931,0,0,1,0,133,YORK (133),0,NO APLICA,12,Diciembre,20,2022,20,27,SR-234 EAST BERLIN RD,3,Highway estatal,Rural,Arteria Menor,State Highway Agency,0,Sin jurisdiccion especial,29,39.93644444,-76.91653611,Acotamiento,El primer evento no fue una colision con un vehiculo automotor en transporte,Not an Intersection,No fue interseccion,Sobre el lado de la calle,Ninguna,Oscuro sin iluminacion,Despejado,No,NO APLICA,21,23,21,43,1,20/12/2022,1
42,Pennsylvania,420932,1,1,1,0,3,ALLEGHENY (3),6600,PITTSBURGH,12,Diciembre,21,2022,13,40,SR-885 SECOND AVE,3,Highway estatal,Urbano,Arteria Principal,State Highway Agency,1,Sin jurisdiccion especial,99,40.40814444,-79.9436,Peaton,El primer evento no fue una colision con un vehiculo automotor en transporte,Not an Intersection,No fue interseccion,Sobre calle,Ninguna,Dia total,Despejado,No,NO APLICA,13,46,13,51,1,21/12/2022,1
42,Pennsylvania,420933,0,0,2,0,49,ERIE (49),2640,ERIE,12,Diciembre,22,2022,4,44,SR-5 TWELFTH ST,3,Highway estatal,Urbano,Arteria Principal,State Highway Agency,1,Sin jurisdiccion especial,221,42.10512222,-80.13091389,Vehiculo en movimiento,Angulo,Four-Way Intersection,Interseccion de 4 direcciones,Sobre calle,Ninguna,Oscuro con iluminacion,Despejado,No,NO APLICA,99,99,99,99,1,22/12/2022,6
42,Pennsylvania,420934,0,0,1,0,121,VENANGO (121),0,NO APLICA,8,Agosto,28,2022,0,51,SR-208 CLINTONVILLE RD,3,Highway estatal,Rural,Colector Mayor,State Highway Agency,0,Sin jurisdiccion especial,38,41.19683333,-79.93007778,Zanja,El primer evento no fue una colision con un vehiculo automotor en transporte,Not an Intersection,No fue interseccion,Sobre el lado de la calle,Ninguna,Oscuro sin iluminacion,Despejado,No,NO APLICA,99,99,99,99,1,28/08/2022,1
42,Pennsylvania,420935,0,0,2,0,103,PIKE (103),0,NO APLICA,12,Diciembre,23,2022,11,13,US-6 G A R  HWY,2,US Highway,Rural,Arteria Menor,Unknown,0,Sin jurisdiccion especial,13,41.44346944,-75.17821389,Vehiculo en movimiento,Angulo,T-Intersection,Interseccion de T,Sobre calle,Ninguna,Dia total,lluvia,No,NO APLICA,11,11,11,24,1,23/12/2022,3
42,Pennsylvania,420936,1,1,1,0,91,MONTGOMERY (91),0,NO APLICA,12,Diciembre,23,2022,1,26,SR-611 OLD YORK RD,3,Highway estatal,Urbano,Arteria Principal,State Highway Agency,1,Sin jurisdiccion especial,42,40.11899167,-75.11935278,Peaton,El primer evento no fue una colision con un vehiculo automotor en transporte,T-Intersection,Interseccion de T,Sobre calle,Ninguna,Oscuro con iluminacion,lluvia,No,NO APLICA,1,27,1,29,1,23/12/2022,2
42,Pennsylvania,420937,1,1,1,0,133,YORK (133),0,NO APLICA,12,Diciembre,23,2022,18,53,OLD TRAIL RD,6,Calle Local Municipalidad,Rural,Local,Town or Township Highway Agency,0,Sin jurisdiccion especial,0,40.15900833,-76.81615833,Peaton,El primer evento no fue una colision con un vehiculo automotor en transporte,Not an Intersection,No fue interseccion,Sobre calle,Ninguna,Oscuro sin iluminacion,Despejado,No,NO APLICA,99,99,99,99,1,23/12/2022,2
42,Pennsylvania,420938,1,1,1,0,101,PHILADELPHIA (101),6540,PHILADELPHIA,12,Diciembre,26,2022,20,16,SR-611 BROAD ST,3,Highway estatal,Urbano,Arteria Principal,State Highway Agency,0,Sin jurisdiccion especial,41,39.99413611,-75.15440556,Peaton,El primer evento no fue una colision con un vehiculo automotor en transporte,Not an Intersection,No fue interseccion,Reportado como desconocida,Ninguna,Dia total,Despejado,No,NO APLICA,20,17,20,19,1,26/12/2022,1
42,Pennsylvania,420939,1,1,1,0,39,CRAWFORD (39),0,NO APLICA,12,Diciembre,31,2022,19,0,US-322 COCHRANTON RD,2,US Highway,Urbano,Arteria Principal,Unknown,1,Sin jurisdiccion especial,177,41.611825,-80.15108611,Peaton,El primer evento no fue una colision con un vehiculo automotor en transporte,Not an Intersection,No fue interseccion,Sobre calle,Ninguna,Oscuro sin iluminacion,lluvia,No,NO APLICA,99,99,99,99,1,31/12/2022,2
42,Pennsylvania,420940,0,0,1,0,97,NORTHUMBERLAND (97),0,NO APLICA,10,Octubre,15,2022,15,45,SR-890,3,Highway estatal,Rural,Colector Mayor,State Highway Agency,0,Sin jurisdiccion especial,11,40.7855,-76.69065278,Acotamiento,El primer evento no fue una colision con un vehiculo automotor en transporte,Not an Intersection,No fue interseccion,Sobre el lado de la calle,Ninguna,Dia total,Despejado,No,NO APLICA,15,45,99,99,1,15/10/2022,1
42,Pennsylvania,420941,1,1,1,0,133,YORK (133),0,NO APLICA,12,Diciembre,28,2022,21,10,SR-8015 RAMP Y RD,3,Highway estatal,Urbano,Interestatal,State Highway Agency,1,Sin jurisdiccion especial,211,39.98381944,-76.73079444,Peaton,El primer evento no fue una colision con un vehiculo automotor en transporte,Not an Intersection,No fue interseccion,Sobre el lado de la calle,Ninguna,Oscuro sin iluminacion,Despejado,No,NO APLICA,99,99,99,99,1,28/12/2022,1
42,Pennsylvania,420942,0,0,1,0,129,WESTMORELAND (129),0,NO APLICA,12,Diciembre,27,2022,20,47,SR-981 OLD DERRY RD,3,Highway estatal,Rural,Arteria Menor,State Highway Agency,0,Sin jurisdiccion especial,366,40.38828611,-79.42129722,Valla Ferrocarril,El primer evento no fue una colision con un vehiculo automotor en transporte,Not an Intersection,No fue interseccion,Sobre el lado de la calle,Ninguna,Oscuro con iluminacion,Despejado,No,NO APLICA,20,55,20,59,1,27/12/2022,1
42,Pennsylvania,420943,1,1,2,1,45,DELAWARE (45),1270,CHESTER,11,Noviembre,6,2022,17,43,LAMOKIN ST,6,Calle Local Municipalidad,Urbano,Local,City or Municipal Highway Agency,0,Sin jurisdiccion especial,0,39.84422222,-75.37738889,Vehiculo Aparcado,El primer evento no fue una colision con un vehiculo automotor en transporte,Not an Intersection,No fue interseccion,En estacionamiento,Ninguna,Oscuro con iluminacion,Despejado,No,NO APLICA,17,46,17,49,1,06/11/2022,2
42,Pennsylvania,420944,0,0,1,0,3,ALLEGHENY (3),7520,SEWICKLEY HTS,12,Diciembre,24,2022,22,10,CR-FERN HOLLOW RD,4,Calle del Condado,Rural,Local,County Highway Agency,0,Sin jurisdiccion especial,0,40.56229444,-80.15125,Valla Ferrocarril,El primer evento no fue una colision con un vehiculo automotor en transporte,Not an Intersection,No fue interseccion,Sobre el lado de la calle,Ninguna,Oscuro sin iluminacion,Nieve,No,NO APLICA,22,24,22,38,1,24/12/2022,3
42,Pennsylvania,420945,0,0,2,0,77,LEHIGH (77),0,NO APLICA,9,Septiembre,2,2022,23,2,SR-1003 AIRPORT RD,3,Highway estatal,Urbano,Arteria Principal,State Highway Agency,1,Sin jurisdiccion especial,12,40.639425,-75.43410833,Vehiculo en movimiento,Frente a frente,Not an Intersection,No fue interseccion,Sobre calle,Ninguna,Oscuro con iluminacion,Despejado,No,NO APLICA,99,99,99,99,1,02/09/2022,2
42,Pennsylvania,420946,0,0,1,0,5,ARMSTRONG (5),0,NO APLICA,10,Octubre,22,2022,16,27,SR-2066 DIME RD,3,Highway estatal,Rural,Arteria Menor,State Highway Agency,0,Sin jurisdiccion especial,73,40.69925556,-79.53080556,Valla Ferrocarril,El primer evento no fue una colision con un vehiculo automotor en transporte,Not an Intersection,No fue interseccion,Sobre el lado de la calle,Ninguna,Dia total,Despejado,No,NO APLICA,16,27,16,45,1,22/10/2022,1
42,Pennsylvania,420947,0,0,1,0,43,DAUPHIN (43),0,NO APLICA,9,Septiembre,14,2022,14,2,CREEK DR,6,Calle Local Municipalidad,Rural,Local,Town or Township Highway Agency,0,Sin jurisdiccion especial,0,40.50648333,-76.85441389,Volcadura,El primer evento no fue una colision con un vehiculo automotor en transporte,Not an Intersection,No fue interseccion,Sobre calle,Ninguna,Dia total,Despejado,No,NO APLICA,14,10,14,29,1,14/09/2022,1
42,Pennsylvania,420948,0,0,1,0,77,LEHIGH (77),0,NO APLICA,8,Agosto,31,2022,9,48,I-78,1,Interestatal,Urbano,Interestatal,State Highway Agency,1,Sin jurisdiccion especial,604,40.55444444,-75.43178056,Soporte de Puente,El primer evento no fue una colision con un vehiculo automotor en transporte,Not an Intersection,No fue interseccion,Sobre el lado de la calle,Ninguna,Dia total,Despejado,No,NO APLICA,99,99,99,99,1,31/08/2022,1
42,Pennsylvania,420949,1,1,1,0,51,FAYETTE (51),970,BROWNSVILLE,8,Agosto,11,2022,17,14,GREEN ST,6,Calle Local Municipalidad,Urbano,Local,City or Municipal Highway Agency,0,Sin jurisdiccion especial,0,40.01565278,-79.89131667,Peaton,El primer evento no fue una colision con un vehiculo automotor en transporte,Not an Intersection,No fue interseccion,Sobre el lado de la calle,Ninguna,Dia total,Despejado,No,NO APLICA,99,99,99,99,1,11/08/2022,1
42,Pennsylvania,420950,0,0,2,0,89,MONROE (89),0,NO APLICA,12,Diciembre,4,2022,18,31,SR-611,3,Highway estatal,Urbano,Arteria Menor,State Highway Agency,0,Sin jurisdiccion especial,136,41.04433611,-75.30867778,Vehiculo en movimiento,Frente a frente,Not an Intersection,No fue interseccion,Sobre calle,Ninguna,Oscuro con iluminacion,Despejado,No,NO APLICA,99,99,99,99,3,04/12/2022,5
42,Pennsylvania,420951,1,1,1,0,43,DAUPHIN (43),3500,HARRISBURG,9,Septiembre,8,2022,8,19,HUMMEL ST,6,Calle Local Municipalidad,Urbano,Local,City or Municipal Highway Agency,0,Sin jurisdiccion especial,0,40.26135833,-76.86942778,Peaton,El primer evento no fue una colision con un vehiculo automotor en transporte,Four-Way Intersection,Interseccion de 4 direcciones,Sobre calle,Ninguna,Dia total,Despejado,No,NO APLICA,99,99,99,99,1,08/09/2022,2
42,Pennsylvania,420952,0,0,1,0,45,DELAWARE (45),1280,CHESTER HTS,9,Septiembre,7,2022,1,14,US-1 BALTIMORE PIKE,2,US Highway,Urbano,Arteria Principal,Unknown,1,Sin jurisdiccion especial,65,39.89611944,-75.47999722,Soporte de  señalamiento de transito,El primer evento no fue una colision con un vehiculo automotor en transporte,Four-Way Intersection,Interseccion de 4 direcciones,Sobre el lado de la calle,Ninguna,Oscuro con iluminacion,lluvia,No,NO APLICA,1,16,1,18,1,07/09/2022,1
42,Pennsylvania,420953,1,1,1,0,77,LEHIGH (77),110,ALLENTOWN,9,Septiembre,6,2022,6,42,IRVING ST,6,Calle Local Municipalidad,Urbano,Local,City or Municipal Highway Agency,0,Sin jurisdiccion especial,0,40.62055833,-75.44261667,Peaton,El primer evento no fue una colision con un vehiculo automotor en transporte,T-Intersection,Interseccion de T,Sobre calle,Ninguna,Amanecer,lluvia,No,NO APLICA,99,99,99,99,1,06/09/2022,1
42,Pennsylvania,420954,0,0,2,0,71,LANCASTER (71),0,NO APLICA,11,Noviembre,5,2022,12,16,I-76 MAINLINE PK,1,Interestatal,Rural,Interestatal,State Toll Road,1,Sin jurisdiccion especial,2730,40.234,-76.31663889,Vehiculo en movimiento,Frente a Detrás,Not an Intersection,No fue interseccion,Sobre calle,Ninguna,Dia total,Despejado,No,NO APLICA,12,16,12,22,1,05/11/2022,2
42,Pennsylvania,420955,1,1,1,0,43,DAUPHIN (43),3500,HARRISBURG,12,Diciembre,27,2022,18,17,SR-230 CAMERON ST,3,Highway estatal,Urbano,Arteria Principal,State Highway Agency,1,Sin jurisdiccion especial,19,40.25565833,-76.86938611,Ciclista,El primer evento no fue una colision con un vehiculo automotor en transporte,Four-Way Intersection,Interseccion de 4 direcciones,Sobre calle,Ninguna,Oscuro con iluminacion,Despejado,No,NO APLICA,99,99,99,99,1,27/12/2022,1
42,Pennsylvania,420956,0,0,1,0,61,HUNTINGDON (61),0,NO APLICA,8,Agosto,7,2022,14,56,TUSCARORA CREEK RD,5,Calle Local - Pueblo,Rural,Local,Town or Township Highway Agency,0,Sin jurisdiccion especial,0,40.25154167,-77.75486389,Volcadura,El primer evento no fue una colision con un vehiculo automotor en transporte,Not an Intersection,No fue interseccion,Sobre calle,Ninguna,Dia total,Despejado,No,NO APLICA,99,99,99,99,1,07/08/2022,1
42,Pennsylvania,420957,1,1,1,0,41,CUMBERLAND (41),0,NO APLICA,9,Septiembre,26,2022,21,26,SR-641 TRINDLE RD,3,Highway estatal,Urbano,Arteria Menor,State Highway Agency,0,Sin jurisdiccion especial,224,40.19901944,-77.15374722,Peaton,El primer evento no fue una colision con un vehiculo automotor en transporte,Not an Intersection,No fue interseccion,Sobre calle,Ninguna,Oscuro con iluminacion,Despejado,No,NO APLICA,21,29,21,37,1,26/09/2022,1
42,Pennsylvania,420958,1,1,1,0,77,LEHIGH (77),0,NO APLICA,10,Octubre,6,2022,20,36,SR-2004 SEIDERSVILLE RD,3,Highway estatal,Urbano,Arteria Menor,State Highway Agency,0,Sin jurisdiccion especial,30,40.59224722,-75.40406111,Peaton,El primer evento no fue una colision con un vehiculo automotor en transporte,Not an Intersection,No fue interseccion,Sobre calle,Ninguna,Oscuro sin iluminacion,Despejado,No,NO APLICA,99,99,99,99,1,06/10/2022,1
42,Pennsylvania,420959,1,1,1,0,133,YORK (133),0,NO APLICA,10,Octubre,26,2022,7,0,SR-382 YORK HAVEN RD,3,Highway estatal,Urbano,Arteria Menor,State Highway Agency,0,Sin jurisdiccion especial,10,40.11396667,-76.73263889,Peaton,El primer evento no fue una colision con un vehiculo automotor en transporte,Not an Intersection,No fue interseccion,Sobre calle,Ninguna,Oscuro - iluminacion desconocida,Despejado,Yes,NO APLICA,99,99,99,99,1,26/10/2022,1
42,Pennsylvania,420960,1,1,1,0,11,BERKS (11),0,NO APLICA,10,Octubre,21,2022,5,34,SCHULTZ RD,5,Calle Local - Pueblo,Rural,Local,Town or Township Highway Agency,0,Sin jurisdiccion especial,0,40.41477778,-75.55944444,Peaton,El primer evento no fue una colision con un vehiculo automotor en transporte,Not an Intersection,No fue interseccion,Sobre calle,Ninguna,Oscuro sin iluminacion,Despejado,No,NO APLICA,99,99,99,99,1,21/10/2022,0
42,Pennsylvania,420961,0,0,2,0,71,LANCASTER (71),0,NO APLICA,12,Diciembre,29,2022,12,39,SR-23 NEW HOLLAND PK,3,Highway estatal,Urbano,Arteria Menor,State Highway Agency,0,Sin jurisdiccion especial,154,40.08063889,-76.24610833,Vehiculo en movimiento,Frente a frente,Not an Intersection,No fue interseccion,Sobre calle,Ninguna,Dia total,Despejado,No,NO APLICA,99,99,99,99,1,29/12/2022,3
42,Pennsylvania,420962,0,0,2,0,11,BERKS (11),0,NO APLICA,12,Diciembre,30,2022,15,23,SR-3008 BROWNSVILLE RD,3,Highway estatal,Rural,Colector Mayor,State Highway Agency,0,Sin jurisdiccion especial,52,40.36183889,-76.03873056,Vehiculo en movimiento,Angulo,Not an Intersection,No fue interseccion,Sobre calle,Ninguna,Dia total,Despejado,No,NO APLICA,99,99,99,99,1,30/12/2022,3
42,Pennsylvania,420963,0,0,3,0,133,YORK (133),0,NO APLICA,8,Agosto,20,2022,15,58,US-30 LINCOLN HWY,2,US Highway,Urbano,Arteria Principal,Unknown,1,Sin jurisdiccion especial,99,39.93306944,-76.807475,Vehiculo en movimiento,Frente a Detrás,Four-Way Intersection,Interseccion de 4 direcciones,Sobre calle,Ninguna,Dia total,Despejado,No,NO APLICA,16,2,16,7,1,20/08/2022,3
42,Pennsylvania,420964,0,0,1,0,29,CHESTER (29),0,NO APLICA,10,Octubre,15,2022,23,18,US-30 COATESVLE DOWNINGTOW BYP,2,US Highway,Urbano,Arterial Principal -Freeway o ExpressWay,Unknown,1,Sin jurisdiccion especial,126,40.00898611,-75.740775,Volcadura,El primer evento no fue una colision con un vehiculo automotor en transporte,Not an Intersection,No fue interseccion,Sobre calle,Ninguna,Oscuro sin iluminacion,Despejado,No,NO APLICA,23,18,23,25,1,15/10/2022,1
42,Pennsylvania,420965,0,0,1,0,89,MONROE (89),0,NO APLICA,9,Septiembre,29,2022,3,48,I-80 KEYSTONE SHORTWAY HWY,1,Interestatal,Rural,Interestatal,State Highway Agency,1,Sin jurisdiccion especial,2947,41.06401389,-75.36796667,Arbol,El primer evento no fue una colision con un vehiculo automotor en transporte,Not an Intersection,No fue interseccion,En el medio,Ninguna,Oscuro sin iluminacion,Despejado,No,NO APLICA,99,99,99,99,1,29/09/2022,2
42,Pennsylvania,420966,0,0,2,0,3,ALLEGHENY (3),0,NO APLICA,7,Julio,25,2022,19,17,CR-MCKEES ROCKS RD,4,Calle del Condado,Rural,Local,County Highway Agency,0,Sin jurisdiccion especial,0,40.47070556,-80.093275,Vehiculo en movimiento,Frente a frente,Not an Intersection,No fue interseccion,Sobre calle,Ninguna,Dia total,Despejado,No,NO APLICA,19,20,19,29,1,25/07/2022,2
42,Pennsylvania,420967,0,0,2,0,95,NORTHAMPTON (95),0,NO APLICA,10,Octubre,30,2022,21,53,SR-378,3,Highway estatal,Urbano,Arteria Principal,State Highway Agency,1,Sin jurisdiccion especial,10,40.58646944,-75.386525,Vehiculo en movimiento,Angulo,Not an Intersection,No fue interseccion,Sobre calle,Ninguna,Oscuro con iluminacion,Despejado,No,NO APLICA,99,99,99,99,1,30/10/2022,2
42,Pennsylvania,420968,0,0,2,0,95,NORTHAMPTON (95),440,BATH,10,Octubre,31,2022,4,58,SR-248 NORTHAMPTON ST,3,Highway estatal,Urbano,Arteria Principal,State Highway Agency,1,Sin jurisdiccion especial,131,40.72718889,-75.39300278,Vehiculo en movimiento,Angulo,Four-Way Intersection,Interseccion de 4 direcciones,Sobre calle,Ninguna,Oscuro con iluminacion,Despejado,No,NO APLICA,99,99,99,99,1,31/10/2022,2
42,Pennsylvania,420969,0,0,2,0,73,LAWRENCE (73),0,NO APLICA,11,Noviembre,3,2022,16,58,SR-208 NESHANNOCK AVE,3,Highway estatal,Rural,Arteria Menor,State Highway Agency,0,Sin jurisdiccion especial,126,41.12025,-80.29310833,Vehiculo en movimiento,Angulo,Four-Way Intersection,Interseccion de 4 direcciones,Sobre calle,Ninguna,Dia total,Despejado,No,NO APLICA,17,0,17,15,1,03/11/2022,2
42,Pennsylvania,420970,0,0,2,0,77,LEHIGH (77),110,ALLENTOWN,10,Octubre,2,2022,0,49,SR-2007 TWENTYFOURTH ST,3,Highway estatal,Urbano,Arteria Menor,State Highway Agency,0,Sin jurisdiccion especial,22,40.58678889,-75.50420278,Vehiculo en movimiento,Golpe Lateral - direccion contraria,Not an Intersection,No fue interseccion,Sobre calle,Ninguna,Oscuro con iluminacion,Nublado,No,NO APLICA,99,99,99,99,1,02/10/2022,2
42,Pennsylvania,420971,0,0,2,0,45,DELAWARE (45),0,NO APLICA,9,Septiembre,16,2022,21,31,I-95 VIETNAM VETERANS MEMO HWY,1,Interestatal,Urbano,Interestatal,State Highway Agency,1,Sin jurisdiccion especial,84,39.86877222,-75.31277778,Vehiculo en movimiento,Frente a Detrás,Not an Intersection,No fue interseccion,Sobre calle,Ninguna,Oscuro sin iluminacion,Despejado,No,NO APLICA,21,29,21,32,1,16/09/2022,2
42,Pennsylvania,420972,0,0,2,0,77,LEHIGH (77),110,ALLENTOWN,9,Septiembre,14,2022,14,46,SR-1005 IRVING ST,3,Highway estatal,Urbano,Colector Mayor,State Highway Agency,0,Sin jurisdiccion especial,4,40.63065833,-75.44538333,Vehiculo en movimiento,Angulo,Four-Way Intersection,Interseccion de 4 direcciones,Sobre calle,Ninguna,Dia total,Despejado,No,NO APLICA,99,99,99,99,1,14/09/2022,3
42,Pennsylvania,420973,0,0,2,0,79,LUZERNE (79),0,NO APLICA,10,Octubre,15,2022,19,55,US-11,2,US Highway,Rural,Arteria Principal,Unknown,1,Sin jurisdiccion especial,179,41.217375,-76.03286944,Vehiculo en movimiento,Frente a Detrás,Not an Intersection,No fue interseccion,Sobre calle,Ninguna,Oscuro sin iluminacion,Despejado,No,NO APLICA,20,0,20,2,2,15/10/2022,4
42,Pennsylvania,420974,0,0,2,0,17,BUCKS (17),0,NO APLICA,9,Septiembre,4,2022,21,9,SR-212 SPRINGTOWN RD,3,Highway estatal,Rural,Arteria Menor,State Highway Agency,0,Sin jurisdiccion especial,86,40.54761389,-75.29628333,Vehiculo en movimiento,Angulo,Y-Intersection,Interseccion de Y,Sobre calle,Ninguna,Oscuro sin iluminacion,Nublado,No,NO APLICA,21,11,21,17,1,04/09/2022,3
42,Pennsylvania,420975,0,0,2,0,77,LEHIGH (77),0,NO APLICA,9,Septiembre,16,2022,20,32,SR-309 APPALACHIAN PKWY,3,Highway estatal,Rural,Arteria Principal,State Highway Agency,1,Sin jurisdiccion especial,227,40.70786667,-75.76155,Vehiculo en movimiento,Angulo,Four-Way Intersection,Interseccion de 4 direcciones,Sobre calle,Ninguna,Oscuro sin iluminacion,Despejado,No,NO APLICA,99,99,99,99,1,16/09/2022,2
42,Pennsylvania,420976,1,1,1,0,95,NORTHAMPTON (95),660,BETHLEHEM,10,Octubre,29,2022,21,30,4TH ST,6,Calle Local Municipalidad,Urbano,Local,City or Municipal Highway Agency,0,Sin jurisdiccion especial,0,40.61066667,-75.36988611,Peaton,El primer evento no fue una colision con un vehiculo automotor en transporte,Not an Intersection,No fue interseccion,Sobre calle,Ninguna,Oscuro con iluminacion,Despejado,No,NO APLICA,99,99,99,99,1,29/10/2022,1
42,Pennsylvania,420977,1,1,1,0,77,LEHIGH (77),110,ALLENTOWN,10,Octubre,30,2022,5,45,SPRINGHOUSE RD,6,Calle Local Municipalidad,Urbano,Local,City or Municipal Highway Agency,0,Sin jurisdiccion especial,0,40.59005556,-75.53063056,Peaton,El primer evento no fue una colision con un vehiculo automotor en transporte,T-Intersection,Interseccion de T,Sobre calle,Ninguna,Oscuro con iluminacion,Despejado,No,NO APLICA,99,99,99,99,1,30/10/2022,1
42,Pennsylvania,420978,1,1,1,0,61,HUNTINGDON (61),0,NO APLICA,11,Noviembre,3,2022,18,46,US-22 WILLIAM PENN HWY,2,US Highway,Rural,Arteria Principal,Unknown,1,Sin jurisdiccion especial,172,40.44435833,-77.94843333,Ciclista,El primer evento no fue una colision con un vehiculo automotor en transporte,Not an Intersection,No fue interseccion,Sobre Acotamiento,Ninguna,Oscuro sin iluminacion,Despejado,No,NO APLICA,99,99,99,99,1,03/11/2022,2
42,Pennsylvania,420979,0,1,2,1,55,FRANKLIN (55),0,NO APLICA,12,Diciembre,7,2022,13,14,I-81 AMERICAN LEGION MEM HWY,1,Interestatal,Urbano,Interestatal,State Highway Agency,1,Sin jurisdiccion especial,154,39.92514167,-77.63705556,Vehiculo Aparcado,El primer evento no fue una colision con un vehiculo automotor en transporte,Not an Intersection,No fue interseccion,Sobre Acotamiento,Ninguna,Dia total,Despejado,No,NO APLICA,99,99,99,99,1,07/12/2022,2
42,Pennsylvania,420980,0,0,1,0,37,COLUMBIA (37),0,NO APLICA,4,Abril,8,2022,10,38,SR-4002 LEGION RD,3,Highway estatal,Rural,Colector Menor,State Highway Agency,0,Sin jurisdiccion especial,13,40.95511111,-76.490375,Acotamiento,El primer evento no fue una colision con un vehiculo automotor en transporte,Not an Intersection,No fue interseccion,Sobre el lado de la calle,Ninguna,Dia total,Despejado,No,NO APLICA,10,38,10,52,1,08/04/2022,2
42,Pennsylvania,420981,1,1,1,0,17,BUCKS (17),8845,WARMINSTER,6,Junio,6,2022,21,40,SR-132 STREET RD,3,Highway estatal,Urbano,Arteria Principal,State Highway Agency,1,Sin jurisdiccion especial,26,40.20647222,-75.09944444,Peaton,El primer evento no fue una colision con un vehiculo automotor en transporte,Not an Intersection,No fue interseccion,Sobre calle,Ninguna,Oscuro con iluminacion,Despejado,No,NO APLICA,21,41,21,49,1,06/06/2022,1
42,Pennsylvania,420982,0,0,2,0,91,MONTGOMERY (91),1257,CHELTENHAM,7,Julio,7,2022,13,48,SR-2035 CHELTENHAM AV,3,Highway estatal,Urbano,Arteria Menor,State Highway Agency,0,Sin jurisdiccion especial,13,40.08626389,-75.17910278,Vehiculo en movimiento,Frente a Detrás,T-Intersection,Interseccion de T,Sobre calle,Ninguna,Dia total,Despejado,No,NO APLICA,13,49,13,56,1,07/07/2022,4