Estado,Nombre de Estado,Numero de Caso,Peatones,Personas _no_vehiculos,Vehiculos automotores,Vehiculos estacionados,Condado,Nombre Condado,Ciudad,Nombre Ciudad,Mes,Nombre Mes,Dia,Año,Hora,Minuto,Calle,Ruta,Nombre Ruta,Rural o Urbanoo,Sistema Funcional,Dueño Calle,Sistema Nacional Carreteras,Jurisdiccion Especial,Milla,Latitud,Longitud,Causa del Accidente,Tipo de Accidente,Tipo Interseccion,Columna1,Lugar en la calle,Zona de Trabajo,Luz,Clima,Autobus Escolar,Cruce de Trenes,Hora Notificacion,Minuto Notificacion,Hora Llegada,Minuto Llegada,Decesos,Fecha,PersonaVehiculo
42,Pennsylvania,420983,0,0,2,0,43,DAUPHIN (43),0,NO APLICA,11,Noviembre,5,2022,16,10,SR-2003 HOERNERSTOWN RD,3,Highway estatal,Urbano,Colector Mayor,State Highway Agency,0,Sin jurisdiccion especial,54,40.27105,-76.71573889,Vehiculo en movimiento,Angulo,Four-Way Intersection,Interseccion de 4 direcciones,Sobre calle,Ninguna,Dia total,Despejado,No,NO APLICA,99,99,99,99,1,05/11/2022,2
42,Pennsylvania,420984,0,0,2,0,91,MONTGOMERY (91),0,NO APLICA,11,Noviembre,7,2022,11,47,SR-1003 HATFIELD SOUDERTO PIKE,3,Highway estatal,Urbano,Arteria Menor,State Highway Agency,0,Sin jurisdiccion especial,22,40.30398333,-75.31647778,Vehiculo en movimiento,Frente a frente,Four-Way Intersection,Interseccion de 4 direcciones,Sobre calle,Ninguna,Dia total,Despejado,No,NO APLICA,11,48,11,55,1,07/11/2022,2
42,Pennsylvania,420985,0,0,2,1,101,PHILADELPHIA (101),6540,PHILADELPHIA,8,Agosto,14,2022,7,32,SR-611 BROAD ST,3,Highway estatal,Urbano,Arteria Principal,State Highway Agency,0,Sin jurisdiccion especial,67,40.03152778,-75.14626944,Vehiculo Aparcado,El primer evento no fue una colision con un vehiculo automotor en transporte,Not an Intersection,No fue interseccion,En estacionamiento,Ninguna,Dia total,Despejado,No,NO APLICA,7,33,7,40,1,14/08/2022,1
42,Pennsylvania,420986,0,0,2,0,29,CHESTER (29),0,NO APLICA,11,Noviembre,10,2022,12,34,SR-113 PIKE SPRINGS RD,3,Highway estatal,Urbano,Arteria Menor,State Highway Agency,0,Sin jurisdiccion especial,107,40.125725,-75.571675,Vehiculo en movimiento,Angulo,Four-Way Intersection,Interseccion de 4 direcciones,Sobre calle,Ninguna,Dia total,Despejado,No,NO APLICA,12,36,12,46,1,10/11/2022,2
42,Pennsylvania,420987,0,0,2,0,71,LANCASTER (71),0,NO APLICA,12,Diciembre,22,2022,15,13,US-322 28TH DIVISION HWY,2,US Highway,Rural,Arteria Principal,Unknown,1,Sin jurisdiccion especial,246,40.10853056,-75.96098056,Vehiculo en movimiento,Frente a frente,Not an Intersection,No fue interseccion,Sobre calle,Ninguna,Dia total,lluvia,No,NO APLICA,99,99,99,99,2,22/12/2022,2
42,Pennsylvania,420988,0,0,1,0,3,ALLEGHENY (3),0,NO APLICA,9,Septiembre,9,2022,3,15,SR-910 GIBSONIA RD,3,Highway estatal,Urbano,Arteria Menor,State Highway Agency,0,Sin jurisdiccion especial,57,40.63265556,-79.99568611,Volcadura,El primer evento no fue una colision con un vehiculo automotor en transporte,Not an Intersection,No fue interseccion,Sobre el lado de la calle,Ninguna,Oscuro sin iluminacion,Despejado,No,NO APLICA,99,99,99,99,1,09/09/2022,1
42,Pennsylvania,420989,0,0,1,0,61,HUNTINGDON (61),0,NO APLICA,10,Octubre,15,2022,0,30,JACKS MOUNTAIN RD,6,Calle Local Municipalidad,Rural,Local,Town or Township Highway Agency,0,Sin jurisdiccion especial,0,40.33567222,-77.96024444,Volcadura,El primer evento no fue una colision con un vehiculo automotor en transporte,Not an Intersection,No fue interseccion,Sobre el lado de la calle,Ninguna,Oscuro sin iluminacion,Despejado,No,NO APLICA,88,88,88,88,2,15/10/2022,2
42,Pennsylvania,420990,0,0,1,0,111,SOMERSET (111),0,NO APLICA,9,Septiembre,9,2022,1,40,SR-160 MAIN ST,3,Highway estatal,Rural,Colector Mayor,State Highway Agency,0,Sin jurisdiccion especial,14,39.74286111,-78.85285,Alguien se cayo/avento del vehiculo,El primer evento no fue una colision con un vehiculo automotor en transporte,Not an Intersection,No fue interseccion,Sobre el lado de la calle,Ninguna,Oscuro sin iluminacion,Despejado,No,NO APLICA,99,99,99,99,1,09/09/2022,1
42,Pennsylvania,420991,0,0,1,0,107,SCHUYLKILL (107),0,NO APLICA,10,Octubre,14,2022,9,51,SR-895 SUMMER VALLEY RD,3,Highway estatal,Rural,Arteria Menor,State Highway Agency,0,Sin jurisdiccion especial,205,40.62339444,-76.01932222,Valla Ferrocarril,El primer evento no fue una colision con un vehiculo automotor en transporte,Not an Intersection,No fue interseccion,Sobre el lado de la calle,Ninguna,Dia total,Despejado,No,NO APLICA,99,99,99,99,1,14/10/2022,1
42,Pennsylvania,420992,0,0,1,0,77,LEHIGH (77),0,NO APLICA,11,Noviembre,10,2022,12,38,SR-29 CEDAR CREST BLVD,3,Highway estatal,Urbano,Interestatal,State Highway Agency,1,Sin jurisdiccion especial,557,40.56744167,-75.51846667,Poste o otros soportes,El primer evento no fue una colision con un vehiculo automotor en transporte,T-Intersection,Interseccion de T,Sobre el lado de la calle,Ninguna,Dia total,Despejado,No,NO APLICA,99,99,99,99,1,10/11/2022,1
42,Pennsylvania,420993,0,0,2,0,71,LANCASTER (71),0,NO APLICA,12,Diciembre,25,2022,17,31,SR-272 LANCASTER PIKE,3,Highway estatal,Rural,Arteria Principal,State Highway Agency,1,Sin jurisdiccion especial,151,39.88926111,-76.23729167,Vehiculo en movimiento,Frente a frente,Not an Intersection,No fue interseccion,Sobre calle,Ninguna,Oscuro sin iluminacion,Despejado,No,NO APLICA,99,99,99,99,1,25/12/2022,3
42,Pennsylvania,420994,0,0,1,0,49,ERIE (49),5235,MILLCREEK TOWNSHIP,9,Septiembre,9,2022,9,29,US-20 RIDGE RD,2,US Highway,Urbano,Arteria Principal,Unknown,1,Sin jurisdiccion especial,203,42.07338611,-80.17934722,Soporte de  señalamiento de transito,El primer evento no fue una colision con un vehiculo automotor en transporte,Not an Intersection,No fue interseccion,Sobre el lado de la calle,Ninguna,Dia total,Despejado,No,NO APLICA,9,28,9,34,2,09/09/2022,2
42,Pennsylvania,420995,1,1,1,0,27,CENTRE (27),0,NO APLICA,11,Noviembre,11,2022,18,53,US-322 PORT MATILDA HWY,2,US Highway,Urbano,Arteria Principal,Unknown,1,Sin jurisdiccion especial,13,40.90000278,-78.20951944,Peaton,El primer evento no fue una colision con un vehiculo automotor en transporte,Not an Intersection,No fue interseccion,Sobre calle,Ninguna,Oscuro sin iluminacion,lluvia,No,NO APLICA,18,58,19,2,1,11/11/2022,3
42,Pennsylvania,420996,0,0,1,0,15,BRADFORD (15),0,NO APLICA,9,Septiembre,11,2022,12,29,KING RD,6,Calle Local Municipalidad,Rural,Local,Town or Township Highway Agency,0,Sin jurisdiccion especial,0,41.98790556,-76.56457222,Volcadura,El primer evento no fue una colision con un vehiculo automotor en transporte,Not an Intersection,No fue interseccion,Fuera de la calle,Ninguna,Dia total,Despejado,No,NO APLICA,12,31,13,37,1,11/09/2022,1
42,Pennsylvania,420997,1,1,1,0,77,LEHIGH (77),110,ALLENTOWN,11,Noviembre,22,2022,8,25,SR-2007 OXFORD DR,3,Highway estatal,Urbano,Arteria Menor,State Highway Agency,0,Sin jurisdiccion especial,0,40.55910278,-75.48838333,Peaton,El primer evento no fue una colision con un vehiculo automotor en transporte,Not an Intersection,No fue interseccion,Sobre calle,Ninguna,Dia total,Despejado,No,NO APLICA,99,99,99,99,1,22/11/2022,1
42,Pennsylvania,420998,0,0,1,0,3,ALLEGHENY (3),9350,WILKINSBURG,9,Septiembre,15,2022,2,9,SR-2110 PENN AV,3,Highway estatal,Urbano,Arteria Menor,State Highway Agency,0,Sin jurisdiccion especial,2,40.44068889,-79.87170278,Volcadura,El primer evento no fue una colision con un vehiculo automotor en transporte,Four-Way Intersection,Interseccion de 4 direcciones,Sobre calle,Ninguna,Oscuro - iluminacion desconocida,Despejado,No,NO APLICA,99,99,99,99,1,15/09/2022,1
42,Pennsylvania,420999,0,0,1,0,95,NORTHAMPTON (95),0,NO APLICA,11,Noviembre,20,2022,2,16,SR-3020 NEWBURG RD,3,Highway estatal,Urbano,Colector Mayor,State Highway Agency,0,Sin jurisdiccion especial,21,40.71636111,-75.35711111,Poste de Señal de trafico,El primer evento no fue una colision con un vehiculo automotor en transporte,Not an Intersection,No fue interseccion,Sobre el lado de la calle,Ninguna,Oscuro sin iluminacion,Despejado,No,NO APLICA,99,99,99,99,1,20/11/2022,1
42,Pennsylvania,421000,0,0,1,0,27,CENTRE (27),0,NO APLICA,11,Noviembre,13,2022,15,2,I-80 Z H CONFAIR MEMORIAL HWY,1,Interestatal,Rural,Interestatal,State Highway Agency,1,Sin jurisdiccion especial,1478,41.02344167,-77.92372778,Poste de Señal de trafico,El primer evento no fue una colision con un vehiculo automotor en transporte,Not an Intersection,No fue interseccion,Sobre el lado de la calle,Ninguna,Dia total,Soplando nieve,No,NO APLICA,15,2,15,11,1,13/11/2022,2
42,Pennsylvania,421001,1,1,1,0,71,LANCASTER (71),0,NO APLICA,11,Noviembre,26,2022,3,17,SR-23 NEW HOLLAND PIKE,3,Highway estatal,Urbano,Arteria Menor,State Highway Agency,0,Sin jurisdiccion especial,134,40.06413611,-76.27392778,Peaton,El primer evento no fue una colision con un vehiculo automotor en transporte,Not an Intersection,No fue interseccion,Sobre calle,Ninguna,Oscuro sin iluminacion,Despejado,No,NO APLICA,99,99,99,99,1,26/11/2022,1
42,Pennsylvania,421002,1,1,1,0,45,DELAWARE (45),0,NO APLICA,12,Diciembre,18,2022,3,29,US-202 WILMINGTON PIKE,2,US Highway,Urbano,Arteria Principal,Unknown,1,Sin jurisdiccion especial,5,39.84644167,-75.53776667,Peaton,El primer evento no fue una colision con un vehiculo automotor en transporte,Not an Intersection,No fue interseccion,Sobre calle,Ninguna,Oscuro sin iluminacion,Despejado,No,NO APLICA,3,36,3,44,1,18/12/2022,1
42,Pennsylvania,421003,0,0,1,0,89,MONROE (89),0,NO APLICA,10,Octubre,19,2022,17,0,SR-3005 FIDDLETOWN RD,3,Highway estatal,Rural,Local,State Highway Agency,0,Sin jurisdiccion especial,9,40.85989444,-75.44045556,Zanja,El primer evento no fue una colision con un vehiculo automotor en transporte,Not an Intersection,No fue interseccion,Sobre el lado de la calle,Ninguna,Dia total,Despejado,No,NO APLICA,99,99,99,99,1,19/10/2022,2
42,Pennsylvania,421004,1,1,1,0,43,DAUPHIN (43),3500,HARRISBURG,12,Diciembre,30,2022,21,42,SR-3012 DERRY ST,3,Highway estatal,Urbano,Arteria Menor,State Highway Agency,0,Sin jurisdiccion especial,14,40.26285556,-76.867225,Peaton,El primer evento no fue una colision con un vehiculo automotor en transporte,Four-Way Intersection,Interseccion de 4 direcciones,Sobre calle,Ninguna,Oscuro con iluminacion,Despejado,No,NO APLICA,99,99,99,99,1,30/12/2022,3
42,Pennsylvania,421005,1,1,1,0,101,PHILADELPHIA (101),6540,PHILADELPHIA,12,Diciembre,31,2022,0,15,SR-2014 LEHIGHAVE,3,Highway estatal,Urbano,Arteria Principal,State Highway Agency,1,Sin jurisdiccion especial,34,39.98941944,-75.12512222,Peaton,El primer evento no fue una colision con un vehiculo automotor en transporte,Not an Intersection,No fue interseccion,Sobre calle,Ninguna,Oscuro con iluminacion,Despejado,No,NO APLICA,0,19,0,23,1,31/12/2022,1
42,Pennsylvania,421006,0,0,2,0,123,WARREN (123),7590,SHEFFIELD,9,Septiembre,15,2022,6,54,SR-948 BROOKSTON RD,3,Highway estatal,Rural,Colector Mayor,State Highway Agency,0,Sin jurisdiccion especial,33,41.66547222,-79.023,Vehiculo en movimiento,Frente a frente,Not an Intersection,No fue interseccion,Sobre calle,Ninguna,Amanecer,Neblina o Humo,No,NO APLICA,99,99,99,99,1,15/09/2022,2
42,Pennsylvania,421007,0,0,2,0,101,PHILADELPHIA (101),6540,PHILADELPHIA,12,Diciembre,6,2022,4,47,US-13 FRANKFORD AVE,2,US Highway,Urbano,Arteria Principal,Unknown,1,Sin jurisdiccion especial,94,40.03178056,-75.05300278,Poste,El primer evento no fue una colision con un vehiculo automotor en transporte,"Five Point, or More",5 Puntos o mas,En el medio,Ninguna,Dia total,Despejado,No,NO APLICA,4,59,5,4,1,06/12/2022,3
42,Pennsylvania,421008,0,0,2,0,79,LUZERNE (79),9520,WYOMING,12,Diciembre,15,2022,16,46,US-11 WYOMING AVE,2,US Highway,Urbano,Arteria Principal,Unknown,1,Sin jurisdiccion especial,301,41.30184167,-75.85069167,Vehiculo en movimiento,Frente a frente,Not an Intersection,No fue interseccion,Sobre calle,Ninguna,Oscuro con iluminacion,Nieve,No,NO APLICA,16,43,16,48,1,15/12/2022,2
42,Pennsylvania,421009,0,0,2,0,27,CENTRE (27),0,NO APLICA,9,Septiembre,17,2022,17,15,SR-3014 SOUTH ATHERTON ST,3,Highway estatal,Urbano,Arteria Principal,State Highway Agency,1,Sin jurisdiccion especial,56,40.78492778,-77.83223611,Vehiculo en movimiento,Angulo,T-Intersection,Interseccion de T,Sobre calle,Ninguna,Dia total,Despejado,No,NO APLICA,17,17,17,26,1,17/09/2022,2
42,Pennsylvania,421010,0,0,2,0,91,MONTGOMERY (91),1630,CONSHOHOCKEN,12,Diciembre,21,2022,14,9,SR-3016 FAYETTE ST,3,Highway estatal,Urbano,Arteria Principal,State Highway Agency,1,Sin jurisdiccion especial,33,40.07889444,-75.30136111,Vehiculo en movimiento,Angulo,Four-Way Intersection,Interseccion de 4 direcciones,Sobre calle,Ninguna,Dia total,Despejado,No,NO APLICA,14,9,14,18,1,21/12/2022,2
42,Pennsylvania,421011,0,0,2,0,13,BLAIR (13),0,NO APLICA,9,Septiembre,18,2022,19,54,SR-1001 PLEASANT VALLEY BL,3,Highway estatal,Urbano,Arteria Principal,State Highway Agency,1,Sin jurisdiccion especial,96,40.59354167,-78.32253611,Vehiculo en movimiento,Angulo,T-Intersection,Interseccion de T,Sobre calle,Ninguna,Oscuro con iluminacion,Despejado,No,NO APLICA,99,99,99,99,1,18/09/2022,2
42,Pennsylvania,421012,0,0,2,0,63,INDIANA (63),0,NO APLICA,12,Diciembre,22,2022,8,5,SR-954,3,Highway estatal,Rural,Arteria Menor,State Highway Agency,0,Sin jurisdiccion especial,12,40.55714722,-79.11583889,Vehiculo en movimiento,Frente a frente,Not an Intersection,No fue interseccion,Sobre calle,Ninguna,Dia total,Nieve,No,NO APLICA,99,99,99,99,1,22/12/2022,3
42,Pennsylvania,421013,1,1,1,0,123,WARREN (123),8023,SPRING CREEK,9,Septiembre,18,2022,2,4,SR-4001 PICCADILLY HILL RD,3,Highway estatal,Rural,Local,State Highway Agency,0,Sin jurisdiccion especial,28,41.87729167,-79.58849722,Peaton,El primer evento no fue una colision con un vehiculo automotor en transporte,Not an Intersection,No fue interseccion,Sobre calle,Ninguna,Oscuro sin iluminacion,Despejado,No,NO APLICA,99,99,99,99,1,18/09/2022,1
42,Pennsylvania,421014,0,0,2,0,29,CHESTER (29),0,NO APLICA,12,Diciembre,29,2022,14,34,US-30B BUSINESS 30/LINCOLN HWY,2,US Highway,Urbano,Arteria Principal,Unknown,1,Sin jurisdiccion especial,35,39.98403056,-75.86080833,Vehiculo en movimiento,Angulo,Not an Intersection,No fue interseccion,Sobre calle,Ninguna,Dia total,Despejado,No,NO APLICA,14,34,14,42,1,29/12/2022,3
42,Pennsylvania,421015,0,0,2,0,3,ALLEGHENY (3),6600,PITTSBURGH,9,Septiembre,19,2022,19,23,SR-51 SAW MILL RUN RD,3,Highway estatal,Urbano,Arteria Principal,State Highway Agency,1,Sin jurisdiccion especial,169,40.39102778,-79.996675,Vehiculo en movimiento,Angulo,Not an Intersection,No fue interseccion,Sobre calle,Ninguna,Oscuro con iluminacion,Despejado,No,NO APLICA,19,25,19,33,1,19/09/2022,2
42,Pennsylvania,421016,1,1,1,0,101,PHILADELPHIA (101),6540,PHILADELPHIA,9,Septiembre,19,2022,20,24,PATTISON AV,6,Calle Local Municipalidad,Urbano,Local,City or Municipal Highway Agency,0,Sin jurisdiccion especial,0,39.90366944,-75.16022222,Peaton,El primer evento no fue una colision con un vehiculo automotor en transporte,Not an Intersection,No fue interseccion,Sobre calle,Ninguna,Oscuro con iluminacion,Despejado,No,NO APLICA,20,24,20,29,1,19/09/2022,1
42,Pennsylvania,421017,0,0,1,0,77,LEHIGH (77),0,NO APLICA,11,Noviembre,7,2022,9,52,I-78 WILLIAM PENN HWY,1,Interestatal,Urbano,Interestatal,State Highway Agency,1,Sin jurisdiccion especial,479,40.57540833,-75.65828056,Estructura de puente overhead,El primer evento no fue una colision con un vehiculo automotor en transporte,Not an Intersection,No fue interseccion,Sobre calle,Ninguna,Dia total,Despejado,No,NO APLICA,99,99,99,99,2,07/11/2022,2
42,Pennsylvania,421018,0,0,2,0,17,BUCKS (17),615,BENSALEM,9,Septiembre,24,2022,11,8,SR-2043 BROWNSVILLE RD,3,Highway estatal,Urbano,Colector Mayor,State Highway Agency,0,Sin jurisdiccion especial,14,40.14149167,-74.98469722,Vehiculo en movimiento,Angulo,T-Intersection,Interseccion de T,Sobre calle,Ninguna,Dia total,Despejado,No,NO APLICA,11,10,11,15,1,24/09/2022,2
42,Pennsylvania,421019,0,0,1,0,107,SCHUYLKILL (107),0,NO APLICA,11,Noviembre,9,2022,5,0,SR-443 DETURKSVILLE RD,3,Highway estatal,Urbano,Arteria Menor,State Highway Agency,0,Sin jurisdiccion especial,152,40.60359167,-76.23801389,Culvert,El primer evento no fue una colision con un vehiculo automotor en transporte,Not an Intersection,No fue interseccion,Sobre el lado de la calle,Ninguna,Oscuro con iluminacion,Despejado,No,NO APLICA,99,99,99,99,1,09/11/2022,1
42,Pennsylvania,421020,0,0,1,0,79,LUZERNE (79),0,NO APLICA,12,Diciembre,2,2022,23,40,SR-940 FOSTER AVE,3,Highway estatal,Rural,Arteria Menor,State Highway Agency,0,Sin jurisdiccion especial,104,41.04176667,-75.83266944,Arbol,El primer evento no fue una colision con un vehiculo automotor en transporte,Not an Intersection,No fue interseccion,Sobre el lado de la calle,Ninguna,Oscuro sin iluminacion,Despejado,No,NO APLICA,23,50,0,11,1,02/12/2022,2
42,Pennsylvania,421021,1,1,1,0,111,SOMERSET (111),620,BERLIN,9,Septiembre,24,2022,14,55,SR-2030 MAIN ST,3,Highway estatal,Rural,Colector Mayor,State Highway Agency,0,Sin jurisdiccion especial,1,39.92091667,-78.959,Ciclista,El primer evento no fue una colision con un vehiculo automotor en transporte,Not an Intersection,No fue interseccion,Sobre calle,Ninguna,Dia total,Despejado,No,NO APLICA,99,99,99,99,1,24/09/2022,1
42,Pennsylvania,421022,0,0,1,0,45,DELAWARE (45),0,NO APLICA,12,Diciembre,23,2022,8,13,SR-3023 ASTON MILLS RD,3,Highway estatal,Urbano,Arteria Menor,State Highway Agency,0,Sin jurisdiccion especial,4,39.87579167,-75.45044722,Banqueta,El primer evento no fue una colision con un vehiculo automotor en transporte,Not an Intersection,No fue interseccion,Sobre el lado de la calle,Ninguna,Dia total,lluvia,No,NO APLICA,8,14,8,19,1,23/12/2022,1
42,Pennsylvania,421023,0,0,1,0,109,SNYDER (109),0,NO APLICA,9,Septiembre,26,2022,14,32,SR-35,3,Highway estatal,Rural,Arteria Menor,State Highway Agency,0,Sin jurisdiccion especial,2,40.67820833,-77.15114444,Arbol,El primer evento no fue una colision con un vehiculo automotor en transporte,Not an Intersection,No fue interseccion,Fuera de la calle,Ninguna,Dia total,Despejado,No,NO APLICA,14,32,14,38,1,26/09/2022,1
42,Pennsylvania,421024,0,0,1,0,69,LACKAWANNA (69),0,NO APLICA,12,Diciembre,9,2022,2,9,UNION MILL RD,5,Calle Local - Pueblo,Rural,Local,Town or Township Highway Agency,0,Sin jurisdiccion especial,0,41.32608333,-75.553,Zanja,El primer evento no fue una colision con un vehiculo automotor en transporte,Not an Intersection,No fue interseccion,Sobre el lado de la calle,Ninguna,Oscuro sin iluminacion,Despejado,No,NO APLICA,2,7,2,20,1,09/12/2022,1
42,Pennsylvania,421025,0,0,1,0,9,BEDFORD (9),0,NO APLICA,9,Septiembre,26,2022,2,7,I-76 MAINLINE TPK,1,Interestatal,Rural,Interestatal,State Toll Road,1,Sin jurisdiccion especial,121,40.00894444,-78.60333333,Valla Ferrocarril,El primer evento no fue una colision con un vehiculo automotor en transporte,Not an Intersection,No fue interseccion,Sobre el lado de la calle,Ninguna,Oscuro sin iluminacion,lluvia,No,NO APLICA,99,99,99,99,1,26/09/2022,1
42,Pennsylvania,421026,0,0,2,0,17,BUCKS (17),0,NO APLICA,9,Septiembre,30,2022,15,24,SR-2061 CHURCHVILLE LN,3,Highway estatal,Urbano,Colector Mayor,State Highway Agency,0,Sin jurisdiccion especial,18,40.185825,-74.99484167,Vehiculo en movimiento,Golpe Lateral - direccion contraria,Not an Intersection,No fue interseccion,Sobre calle,Ninguna,Dia total,Nublado,No,NO APLICA,15,24,15,30,1,30/09/2022,2
42,Pennsylvania,421027,0,0,1,0,83,MCKEAN (83),0,NO APLICA,12,Diciembre,10,2022,14,35,SR-770 MINARD RD,3,Highway estatal,Rural,Arteria Menor,State Highway Agency,0,Sin jurisdiccion especial,114,41.88109444,-78.57714167,Acotamiento,El primer evento no fue una colision con un vehiculo automotor en transporte,Not an Intersection,No fue interseccion,Sobre el lado de la calle,Ninguna,Dia total,Despejado,No,NO APLICA,14,44,14,52,1,10/12/2022,2
42,Pennsylvania,421028,0,0,2,0,69,LACKAWANNA (69),0,NO APLICA,9,Septiembre,6,2022,16,34,SR-6006 SCRANTON-CARBONDALE HW,3,Highway estatal,Urbano,Arteria Principal,State Highway Agency,1,Sin jurisdiccion especial,99,41.55131944,-75.53008611,Vehiculo en movimiento,Angulo,T-Intersection,Interseccion de T,Sobre calle,Ninguna,Dia total,Despejado,No,NO APLICA,16,35,16,40,1,06/09/2022,3
42,Pennsylvania,421029,0,0,1,0,71,LANCASTER (71),0,NO APLICA,12,Diciembre,24,2022,13,43,CAINS RD,5,Calle Local - Pueblo,Rural,Local,Town or Township Highway Agency,0,Sin jurisdiccion especial,0,40.01354444,-75.97156944,Poste,El primer evento no fue una colision con un vehiculo automotor en transporte,Not an Intersection,No fue interseccion,Sobre el lado de la calle,Ninguna,Dia total,Despejado,No,NO APLICA,99,99,99,99,1,24/12/2022,2
42,Pennsylvania,421030,0,0,1,0,77,LEHIGH (77),0,NO APLICA,12,Diciembre,25,2022,18,31,SR-3003 WILLOW LN,3,Highway estatal,Urbano,Local,State Highway Agency,0,Sin jurisdiccion especial,14,40.53795,-75.5633,Banqueta,El primer evento no fue una colision con un vehiculo automotor en transporte,T-Intersection,Interseccion de T,Sobre el lado de la calle,Ninguna,Oscuro sin iluminacion,Despejado,No,NO APLICA,99,99,99,99,1,25/12/2022,1
42,Pennsylvania,421031,0,0,2,0,3,ALLEGHENY (3),0,NO APLICA,10,Octubre,4,2022,0,12,I-76 MAINLINE TPK,1,Interestatal,Rural,Interestatal,State Toll Road,1,Sin jurisdiccion especial,381,40.61316667,-79.96476111,Vehiculo en movimiento,Angulo,Not an Intersection,No fue interseccion,Sobre calle,Ninguna,Oscuro sin iluminacion,Despejado,No,NO APLICA,0,16,0,27,1,04/10/2022,4
42,Pennsylvania,421032,0,0,1,0,129,WESTMORELAND (129),0,NO APLICA,12,Diciembre,11,2022,18,28,SR-366 GREENSBURG RD,3,Highway estatal,Urbano,Arteria Principal,State Highway Agency,1,Sin jurisdiccion especial,103,40.48854167,-79.6315,Valla Ferrocarril,El primer evento no fue una colision con un vehiculo automotor en transporte,Not an Intersection,No fue interseccion,Sobre el lado de la calle,Ninguna,Oscuro sin iluminacion,Despejado,No,NO APLICA,18,27,18,31,1,11/12/2022,1
42,Pennsylvania,421033,1,1,1,0,55,FRANKLIN (55),8920,WAYNESBORO,12,Diciembre,31,2022,18,43,SR-16 MAIN ST,3,Highway estatal,Urbano,Arteria Menor,State Highway Agency,0,Sin jurisdiccion especial,254,39.75629444,-77.57868333,Peaton,El primer evento no fue una colision con un vehiculo automotor en transporte,Not an Intersection,No fue interseccion,Sobre calle,Ninguna,Oscuro con iluminacion,lluvia,No,NO APLICA,99,99,99,99,1,31/12/2022,1
42,Pennsylvania,421034,0,0,2,0,73,LAWRENCE (73),0,NO APLICA,12,Diciembre,7,2022,14,2,RIVER RD,5,Calle Local - Pueblo,Rural,Local,Town or Township Highway Agency,0,Sin jurisdiccion especial,0,40.91683611,-80.3622,Vehiculo en movimiento,Angulo,Not an Intersection,No fue interseccion,Sobre calle,Ninguna,Dia total,lluvia,No,NO APLICA,99,99,99,99,2,07/12/2022,4
42,Pennsylvania,421035,1,1,1,0,85,MERCER (85),7550,SHARON,12,Diciembre,3,2022,17,22,US-62B STATE ST,2,US Highway,Urbano,Arteria Principal,Unknown,0,Sin jurisdiccion especial,3,41.23308333,-80.49085833,Peaton,El primer evento no fue una colision con un vehiculo automotor en transporte,T-Intersection,Interseccion de T,Sobre calle,Ninguna,Oscuro con iluminacion,Despejado,No,NO APLICA,99,99,99,99,1,03/12/2022,1
42,Pennsylvania,421036,1,1,1,0,73,LAWRENCE (73),0,NO APLICA,12,Diciembre,23,2022,4,44,SR-18 WILMINGTON RD,3,Highway estatal,Urbano,Arteria Principal,State Highway Agency,1,Sin jurisdiccion especial,165,41.05544167,-80.35774722,Peaton,El primer evento no fue una colision con un vehiculo automotor en transporte,Not an Intersection,No fue interseccion,Sobre el lado de la calle,Ninguna,Oscuro - iluminacion desconocida,lluvia,No,NO APLICA,5,1,5,3,1,23/12/2022,1
42,Pennsylvania,421037,0,0,1,0,55,FRANKLIN (55),0,NO APLICA,12,Diciembre,4,2022,1,54,SR-456 LITTLE COVE RD,3,Highway estatal,Rural,Colector Mayor,State Highway Agency,0,Sin jurisdiccion especial,95,39.83169722,-77.97444444,Arbol,El primer evento no fue una colision con un vehiculo automotor en transporte,Not an Intersection,No fue interseccion,Sobre el lado de la calle,Ninguna,Oscuro sin iluminacion,Despejado,No,NO APLICA,1,56,2,6,3,04/12/2022,9
42,Pennsylvania,421038,0,0,1,0,17,BUCKS (17),0,NO APLICA,9,Septiembre,12,2022,13,57,SR-2026 W TRENTON AVE,3,Highway estatal,Urbano,Arteria Menor,State Highway Agency,0,Sin jurisdiccion especial,13,40.20949444,-74.79822222,Banqueta,El primer evento no fue una colision con un vehiculo automotor en transporte,Not an Intersection,No fue interseccion,Sobre el lado de la calle,Ninguna,Dia total,No reportado,No,NO APLICA,13,59,14,3,1,12/09/2022,1
42,Pennsylvania,421039,0,0,2,0,103,PIKE (103),0,NO APLICA,10,Octubre,18,2022,12,47,US-6 CONSTITUTION AVE,2,US Highway,Urbano,Arteria Menor,Unknown,0,Sin jurisdiccion especial,279,41.349275,-74.74553056,Vehiculo en movimiento,Frente a Detrás,Not an Intersection,No fue interseccion,Sobre calle,Ninguna,Dia total,Nublado,No,NO APLICA,12,42,12,51,1,18/10/2022,3
42,Pennsylvania,421040,0,0,1,0,63,INDIANA (63),9295,WHITE,10,Octubre,4,2022,4,34,US-119 INDIANA BP,2,US Highway,Urbano,Arterial Principal -Freeway o ExpressWay,Unknown,1,Sin jurisdiccion especial,104,40.57856111,-79.15941111,Fin de valla,El primer evento no fue una colision con un vehiculo automotor en transporte,Not an Intersection,No fue interseccion,En el medio,Ninguna,Oscuro sin iluminacion,Despejado,No,NO APLICA,4,30,4,46,1,04/10/2022,1
42,Pennsylvania,421041,0,0,1,0,69,LACKAWANNA (69),0,NO APLICA,10,Octubre,22,2022,23,1,SR-2001 MAPLEWOOD RD,3,Highway estatal,Rural,Colector Menor,State Highway Agency,0,Sin jurisdiccion especial,7,41.45096667,-75.45712222,Piedrotototota,El primer evento no fue una colision con un vehiculo automotor en transporte,Not an Intersection,No fue interseccion,Fuera de la calle,Ninguna,Oscuro sin iluminacion,Despejado,No,NO APLICA,23,40,0,1,1,22/10/2022,1