Estado,Nombre de Estado,Numero de Caso,Peatones,Personas _no_vehiculos,Vehiculos automotores,Vehiculos estacionados,Condado,Nombre Condado,Ciudad,Nombre Ciudad,Mes,Nombre Mes,Dia,Año,Hora,Minuto,Calle,Ruta,Nombre Ruta,Rural o Urbanoo,Sistema Funcional,Dueño Calle,Sistema Nacional Carreteras,Jurisdiccion Especial,Milla,Latitud,Longitud,Causa del Accidente,Tipo de Accidente,Tipo Interseccion,Columna1,Lugar en la calle,Zona de Trabajo,Luz,Clima,Autobus Escolar,Cruce de Trenes,Hora Notificacion,Minuto Notificacion,Hora Llegada,Minuto Llegada,Decesos,Fecha,PersonaVehiculo
42,Pennsylvania,421042,1,1,1,0,11,BERKS (11),0,NO APLICA,10,Octubre,23,2022,22,44,SR-2049 POWDER MILL HOLLOW RD,3,Highway estatal,Rural,Colector Menor,State Highway Agency,0,Sin jurisdiccion especial,51,40.33119167,-75.71151111,Peaton,El primer evento no fue una colision con un vehiculo automotor en transporte,Not an Intersection,No fue interseccion,Sobre calle,Ninguna,Oscuro sin iluminacion,Despejado,No,NO APLICA,0,0,0,0,1,23/10/2022,1
42,Pennsylvania,421043,1,1,1,0,13,BLAIR (13),0,NO APLICA,10,Octubre,25,2022,7,24,I-99 BUD SHUSTER HW,1,Interestatal,Rural,Interestatal,State Highway Agency,1,Sin jurisdiccion especial,550,40.7317,-78.13105556,Peaton,El primer evento no fue una colision con un vehiculo automotor en transporte,Not an Intersection,No fue interseccion,Sobre calle,Ninguna,Amanecer,Neblina o Humo,No,NO APLICA,99,99,99,99,1,25/10/2022,1
42,Pennsylvania,421044,1,1,1,0,121,VENANGO (121),0,NO APLICA,10,Octubre,25,2022,22,4,SR-8 PITTSBURGH RD,3,Highway estatal,Urbano,Arteria Principal,State Highway Agency,0,Sin jurisdiccion especial,160,41.36947222,-79.85888889,Peaton,El primer evento no fue una colision con un vehiculo automotor en transporte,Not an Intersection,No fue interseccion,Sobre calle,Ninguna,Oscuro con iluminacion,Despejado,No,NO APLICA,88,88,88,88,1,25/10/2022,1
42,Pennsylvania,421045,0,0,1,0,59,GREENE (59),0,NO APLICA,10,Octubre,6,2022,3,30,SR-1021 CRUCIBLE RD,3,Highway estatal,Rural,Colector Mayor,State Highway Agency,0,Sin jurisdiccion especial,22,39.90250833,-79.96611667,Volcadura,El primer evento no fue una colision con un vehiculo automotor en transporte,Not an Intersection,No fue interseccion,Sobre Acotamiento,Ninguna,Oscuro sin iluminacion,Neblina o Humo,No,NO APLICA,99,99,99,99,1,06/10/2022,1
42,Pennsylvania,421046,1,1,1,0,91,MONTGOMERY (91),0,NO APLICA,10,Octubre,27,2022,15,13,OAK PARK RD,6,Calle Local Municipalidad,Urbano,Local,Town or Township Highway Agency,0,Sin jurisdiccion especial,0,40.26072222,-75.29267778,Peaton,El primer evento no fue una colision con un vehiculo automotor en transporte,Not an Intersection,No fue interseccion,Sobre calle,Ninguna,Dia total,Despejado,No,NO APLICA,15,14,15,20,1,27/10/2022,1
42,Pennsylvania,421047,0,0,1,0,81,LYCOMING (81),0,NO APLICA,11,Noviembre,1,2022,11,32,SR-44,3,Highway estatal,Rural,Arteria Menor,State Highway Agency,0,Sin jurisdiccion especial,165,41.18013889,-77.22553056,Poste,El primer evento no fue una colision con un vehiculo automotor en transporte,Not an Intersection,No fue interseccion,Sobre el lado de la calle,Ninguna,Dia total,Despejado,No,NO APLICA,11,34,11,43,1,01/11/2022,1
42,Pennsylvania,421048,0,0,2,0,3,ALLEGHENY (3),0,NO APLICA,10,Octubre,26,2022,10,49,STEUBENVILLE PIKE,5,Calle Local - Pueblo,Rural,Local,Town or Township Highway Agency,0,Sin jurisdiccion especial,0,40.44041389,-80.24846944,Vehiculo en movimiento,Angulo,Not an Intersection,No fue interseccion,Sobre calle,Ninguna,Dia total,lluvia,No,NO APLICA,10,52,10,55,2,26/10/2022,3
42,Pennsylvania,421049,0,0,1,0,37,COLUMBIA (37),0,NO APLICA,11,Noviembre,3,2022,22,54,SR-254,3,Highway estatal,Rural,Arteria Menor,State Highway Agency,0,Sin jurisdiccion especial,98,41.13460833,-76.46111667,Arbol,El primer evento no fue una colision con un vehiculo automotor en transporte,Not an Intersection,No fue interseccion,Fuera de la calle,Ninguna,Oscuro sin iluminacion,Despejado,No,NO APLICA,22,50,23,1,1,03/11/2022,1
42,Pennsylvania,421050,0,0,2,0,11,BERKS (11),0,NO APLICA,12,Diciembre,1,2022,9,47,SR-1010 FLEETWOOD RD,3,Highway estatal,Rural,Arteria Menor,State Highway Agency,0,Sin jurisdiccion especial,101,40.48279444,-75.74166111,Vehiculo en movimiento,Angulo,Four-Way Intersection,Interseccion de 4 direcciones,Sobre calle,Ninguna,Dia total,Despejado,No,NO APLICA,99,99,99,99,1,01/12/2022,3
42,Pennsylvania,421051,0,0,1,0,109,SNYDER (109),0,NO APLICA,11,Noviembre,4,2022,18,39,PENNS DR,5,Calle Local - Pueblo,Rural,Local,Town or Township Highway Agency,0,Sin jurisdiccion especial,0,40.84754722,-76.87475,Acotamiento,El primer evento no fue una colision con un vehiculo automotor en transporte,Not an Intersection,No fue interseccion,Sobre el lado de la calle,Ninguna,Atardecer,Despejado,No,NO APLICA,18,38,18,47,1,04/11/2022,1
42,Pennsylvania,421052,0,0,1,0,125,WASHINGTON (125),0,NO APLICA,12,Diciembre,13,2022,11,23,SR-2003 CHESTNUT RIDGE RD,3,Highway estatal,Rural,Local,State Highway Agency,0,Sin jurisdiccion especial,29,40.14194167,-80.17305833,Arbol,El primer evento no fue una colision con un vehiculo automotor en transporte,Not an Intersection,No fue interseccion,Sobre el lado de la calle,Ninguna,Dia total,Despejado,No,NO APLICA,11,23,11,35,1,13/12/2022,1
42,Pennsylvania,421053,0,0,1,0,121,VENANGO (121),0,NO APLICA,12,Diciembre,20,2022,2,52,SR-8 RICHARD C FRAME HWY,3,Highway estatal,Rural,Arteria Principal,State Highway Agency,1,Sin jurisdiccion especial,98,41.29515278,-79.90345833,Otro objeto (no fijo),El primer evento no fue una colision con un vehiculo automotor en transporte,Not an Intersection,No fue interseccion,Sobre calle,Ninguna,Oscuro sin iluminacion,Despejado,No,NO APLICA,99,99,99,99,1,20/12/2022,1
42,Pennsylvania,421054,0,0,1,0,81,LYCOMING (81),0,NO APLICA,11,Noviembre,4,2022,15,34,SR-2029 NORTHWAY RD,3,Highway estatal,Rural,Colector Mayor,State Highway Agency,0,Sin jurisdiccion especial,49,41.31303889,-76.98298333,Arbol,El primer evento no fue una colision con un vehiculo automotor en transporte,Not an Intersection,No fue interseccion,Sobre el lado de la calle,Ninguna,Dia total,Despejado,No,NO APLICA,15,35,15,42,1,04/11/2022,2
42,Pennsylvania,421055,0,0,1,0,109,SNYDER (109),5095,MIDDLE CREEK,11,Noviembre,5,2022,11,43,US-522,2,US Highway,Urbano,Arteria Principal,Unknown,1,Sin jurisdiccion especial,206,40.798525,-76.98751944,Otro objeto (fijo),El primer evento no fue una colision con un vehiculo automotor en transporte,Not an Intersection,No fue interseccion,Fuera de la calle,Ninguna,Dia total,Despejado,No,NO APLICA,11,39,11,45,1,05/11/2022,1
42,Pennsylvania,421056,1,1,1,0,17,BUCKS (17),0,NO APLICA,12,Diciembre,5,2022,21,9,SR-2043 BROWNSVILLE RD,3,Highway estatal,Urbano,Colector Mayor,State Highway Agency,0,Sin jurisdiccion especial,19,40.14725833,-74.97915278,Peaton,El primer evento no fue una colision con un vehiculo automotor en transporte,Not an Intersection,No fue interseccion,Sobre calle,Ninguna,Oscuro con iluminacion,Despejado,No,NO APLICA,21,9,21,15,1,05/12/2022,1
42,Pennsylvania,421057,0,0,2,0,13,BLAIR (13),3015,FRANKSTOWN,11,Noviembre,5,2022,18,11,US-22 WILLIAM PENN HW,2,US Highway,Urbano,Arteria Principal,Unknown,1,Sin jurisdiccion especial,123,40.432225,-78.36841944,Vehiculo en movimiento,Frente a frente,Not an Intersection,No fue interseccion,Sobre calle,Ninguna,Atardecer,Despejado,No,NO APLICA,99,99,99,99,1,05/11/2022,3
42,Pennsylvania,421058,1,1,1,0,37,COLUMBIA (37),0,NO APLICA,12,Diciembre,19,2022,17,36,SR-487 MAPLE GROVE RD,3,Highway estatal,Rural,Arteria Menor,State Highway Agency,0,Sin jurisdiccion especial,268,41.17368611,-76.38372778,Peaton,El primer evento no fue una colision con un vehiculo automotor en transporte,Not an Intersection,No fue interseccion,Sobre calle,Ninguna,Oscuro sin iluminacion,Despejado,No,NO APLICA,17,27,17,37,1,19/12/2022,1
42,Pennsylvania,421059,1,1,1,0,3,ALLEGHENY (3),0,NO APLICA,12,Diciembre,19,2022,13,59,SR-3104 MCKEES ROCKS BRG,3,Highway estatal,Urbano,Arteria Principal,State Highway Agency,1,Sin jurisdiccion especial,3,40.47593056,-80.05663333,Peaton,El primer evento no fue una colision con un vehiculo automotor en transporte,Not an Intersection,No fue interseccion,Sobre calle,Mantenimiento,Dia total,Despejado,No,NO APLICA,14,1,14,3,1,19/12/2022,1
42,Pennsylvania,421060,0,0,2,0,95,NORTHAMPTON (95),0,NO APLICA,11,Noviembre,6,2022,13,43,SR-611 S DELAWARE DR,3,Highway estatal,Rural,Arteria Menor,State Highway Agency,0,Sin jurisdiccion especial,187,40.8188,-75.15352222,Culvert,El primer evento no fue una colision con un vehiculo automotor en transporte,Not an Intersection,No fue interseccion,Sobre el lado de la calle,Ninguna,Dia total,Despejado,No,NO APLICA,99,99,99,99,1,06/11/2022,4
42,Pennsylvania,421061,0,0,1,0,13,BLAIR (13),130,ALTOONA,12,Diciembre,22,2022,1,53,SR-4009 TENTH AV EXPY,3,Highway estatal,Urbano,Arteria Principal,State Highway Agency,1,Sin jurisdiccion especial,6,40.51546389,-78.3999,Poste,El primer evento no fue una colision con un vehiculo automotor en transporte,Not an Intersection,No fue interseccion,Sobre el lado de la calle,Ninguna,Oscuro con iluminacion,Despejado,No,NO APLICA,99,99,99,99,2,22/12/2022,3
42,Pennsylvania,421062,0,0,2,0,3,ALLEGHENY (3),0,NO APLICA,12,Diciembre,12,2022,16,20,I-76 MAINLINE TPKE,1,Interestatal,Rural,Interestatal,State Toll Road,1,Sin jurisdiccion especial,311,40.65531389,-80.07026389,Vehiculo en movimiento,Angulo,Not an Intersection,No fue interseccion,Sobre calle,Ninguna,Dia total,Nublado,No,NO APLICA,16,22,16,35,1,12/12/2022,3
42,Pennsylvania,421063,0,0,2,0,129,WESTMORELAND (129),6087,NORTH HUNTINGTON TWNSH,11,Noviembre,10,2022,18,54,US-30 LINCOLN HW,2,US Highway,Urbano,Arteria Principal,Unknown,1,Sin jurisdiccion especial,19,40.34017222,-79.75451111,Vehiculo en movimiento,Angulo,Y-Intersection,Interseccion de Y,Sobre calle,Ninguna,Oscuro con iluminacion,Despejado,No,NO APLICA,99,99,99,99,1,10/11/2022,6
42,Pennsylvania,421064,0,0,1,0,109,SNYDER (109),0,NO APLICA,11,Noviembre,5,2022,21,54,STAHLS HILL RD,6,Calle Local Municipalidad,Rural,Local,Town or Township Highway Agency,0,Sin jurisdiccion especial,0,40.70065,-76.90951667,Zanja,El primer evento no fue una colision con un vehiculo automotor en transporte,Not an Intersection,No fue interseccion,Sobre el lado de la calle,Ninguna,Dia total,Despejado,No,NO APLICA,21,52,21,59,1,05/11/2022,2
42,Pennsylvania,421065,1,1,1,0,45,DELAWARE (45),1270,CHESTER,11,Noviembre,11,2022,9,22,SR-6013 POST RD,3,Highway estatal,Urbano,Arteria Principal,State Highway Agency,1,Sin jurisdiccion especial,31,39.85355556,-75.35869167,Peaton,El primer evento no fue una colision con un vehiculo automotor en transporte,Four-Way Intersection,Interseccion de 4 direcciones,Sobre calle,Ninguna,Dia total,lluvia,No,NO APLICA,9,23,9,29,1,11/11/2022,1
42,Pennsylvania,421066,0,0,1,0,71,LANCASTER (71),2630,EPHRATA,12,Diciembre,25,2022,0,28,US-322 MAIN ST,2,US Highway,Urbano,Arteria Principal,Unknown,1,Sin jurisdiccion especial,111,40.18273333,-76.18449444,Alguien se cayo/avento del vehiculo,El primer evento no fue una colision con un vehiculo automotor en transporte,T-Intersection,Interseccion de T,Sobre calle,Ninguna,Oscuro con iluminacion,Despejado,No,NO APLICA,99,99,99,99,1,25/12/2022,2
42,Pennsylvania,421067,0,0,2,0,9,BEDFORD (9),0,NO APLICA,11,Noviembre,15,2022,14,51,SR-96 HYNDMAN RD,3,Highway estatal,Rural,Colector Mayor,State Highway Agency,0,Sin jurisdiccion especial,58,39.79983333,-78.73897222,Vehiculo en movimiento,Golpe Lateral - direccion contraria,Not an Intersection,No fue interseccion,Sobre calle,Ninguna,Dia total,Soplando nieve,No,NO APLICA,99,99,99,99,1,15/11/2022,3
42,Pennsylvania,421068,0,0,2,0,71,LANCASTER (71),0,NO APLICA,12,Diciembre,9,2022,15,44,SR-72 LEBANON RD,3,Highway estatal,Rural,Arteria Principal,State Highway Agency,1,Sin jurisdiccion especial,157,40.22133056,-76.43231944,Vehiculo en movimiento,Angulo,Four-Way Intersection,Interseccion de 4 direcciones,Sobre calle,Ninguna,Dia total,Despejado,No,NO APLICA,99,99,99,99,1,09/12/2022,2
42,Pennsylvania,421069,0,0,1,0,93,MONTOUR (93),0,NO APLICA,11,Noviembre,15,2022,18,47,US-11 MONTOUR BL,2,US Highway,Urbano,Arteria Principal,Unknown,1,Sin jurisdiccion especial,47,40.96228333,-76.56826389,Acotamiento,El primer evento no fue una colision con un vehiculo automotor en transporte,Not an Intersection,No fue interseccion,Sobre el lado de la calle,Ninguna,Oscuro con iluminacion,Nieve,No,NO APLICA,99,99,99,99,1,15/11/2022,1
42,Pennsylvania,421070,0,0,2,0,91,MONTGOMERY (91),0,NO APLICA,12,Diciembre,14,2022,18,32,US-422 POTTSTOWN BYP,2,US Highway,Urbano,Arterial Principal -Freeway o ExpressWay,Unknown,1,Sin jurisdiccion especial,114,40.15818056,-75.47292778,Vehiculo en movimiento,Golpe Lateral - misma direccion,Not an Intersection,No fue interseccion,Sobre calle,Ninguna,Oscuro sin iluminacion,Despejado,No,NO APLICA,18,31,18,42,1,14/12/2022,4
42,Pennsylvania,421071,0,0,2,0,79,LUZERNE (79),0,NO APLICA,12,Diciembre,19,2022,13,11,US-11 SALEM BLVD,2,US Highway,Rural,Arteria Menor,Unknown,0,Sin jurisdiccion especial,44,41.07432222,-76.14758056,Vehiculo en movimiento,Angulo,Not an Intersection,No fue interseccion,"Izquierda continua, carril de vuelta",Ninguna,Dia total,Despejado,No,NO APLICA,13,11,13,26,1,19/12/2022,6
42,Pennsylvania,421072,0,0,2,0,75,LEBANON (75),0,NO APLICA,11,Noviembre,15,2022,18,14,I-81 AMERICAN LEGION MEM HW,1,Interestatal,Rural,Interestatal,State Highway Agency,1,Sin jurisdiccion especial,890,40.43073333,-76.51864167,Vehiculo en movimiento,Angulo,Not an Intersection,No fue interseccion,Sobre calle,Ninguna,Oscuro sin iluminacion,Nieve,No,NO APLICA,18,13,18,41,1,15/11/2022,5
42,Pennsylvania,421073,0,0,2,0,21,CAMBRIA (21),0,NO APLICA,12,Diciembre,21,2022,19,43,US-219,2,US Highway,Rural,Arteria Principal,Unknown,1,Sin jurisdiccion especial,57,40.31086389,-78.81536667,Vehiculo en movimiento,Frente a frente,Not an Intersection,No fue interseccion,Sobre calle,Ninguna,Oscuro sin iluminacion,Despejado,No,NO APLICA,99,99,99,99,1,21/12/2022,2
42,Pennsylvania,421074,1,1,1,0,69,LACKAWANNA (69),0,NO APLICA,11,Noviembre,17,2022,5,45,SR-6006 SCRANTON-CARBONDALE HW,3,Highway estatal,Urbano,Arteria Principal,State Highway Agency,1,Sin jurisdiccion especial,99,41.552125,-75.52944167,Peaton,El primer evento no fue una colision con un vehiculo automotor en transporte,Not an Intersection,No fue interseccion,Sobre calle,Ninguna,Oscuro con iluminacion,Despejado,No,NO APLICA,5,47,5,51,1,17/11/2022,1
42,Pennsylvania,421075,0,0,2,0,95,NORTHAMPTON (95),0,NO APLICA,12,Diciembre,22,2022,21,14,SR-145 RIVERVIEW DR,3,Highway estatal,Rural,Arteria Principal,State Highway Agency,1,Sin jurisdiccion especial,56,40.77141667,-75.59980278,Vehiculo en movimiento,Golpe Lateral - direccion contraria,Not an Intersection,No fue interseccion,Sobre calle,Ninguna,Dia total,lluvia,No,NO APLICA,99,99,99,99,1,22/12/2022,2
42,Pennsylvania,421076,0,0,1,0,17,BUCKS (17),0,NO APLICA,11,Noviembre,24,2022,8,43,SR-563 MOUNTAINVIEW DR,3,Highway estatal,Rural,Arteria Menor,State Highway Agency,0,Sin jurisdiccion especial,110,40.46612222,-75.23934167,Arbol,El primer evento no fue una colision con un vehiculo automotor en transporte,Not an Intersection,No fue interseccion,Sobre el lado de la calle,Ninguna,Dia total,Despejado,No,NO APLICA,99,99,99,99,1,24/11/2022,1
42,Pennsylvania,421077,0,0,1,0,95,NORTHAMPTON (95),0,NO APLICA,12,Diciembre,28,2022,17,57,SR-512 MOORESTOWN RD,3,Highway estatal,Rural,Arteria Menor,State Highway Agency,0,Sin jurisdiccion especial,117,40.81318611,-75.33399444,Fin de valla,El primer evento no fue una colision con un vehiculo automotor en transporte,T-Intersection,Interseccion de T,Sobre el lado de la calle,Ninguna,Oscuro sin iluminacion,Despejado,No,NO APLICA,99,99,99,99,1,28/12/2022,2
42,Pennsylvania,421078,0,0,1,0,121,VENANGO (121),0,NO APLICA,12,Diciembre,28,2022,16,44,WHIPPOORWILL RD,5,Calle Local - Pueblo,Rural,Local,Town or Township Highway Agency,0,Sin jurisdiccion especial,0,41.38976111,-79.95160833,Arbol,El primer evento no fue una colision con un vehiculo automotor en transporte,Not an Intersection,No fue interseccion,Sobre el lado de la calle,Ninguna,Dia total,Despejado,No,NO APLICA,99,99,99,99,1,28/12/2022,2
42,Pennsylvania,421079,0,0,2,0,11,BERKS (11),6900,READING,11,Noviembre,19,2022,22,3,SR-61 CENTRE AV,3,Highway estatal,Urbano,Arteria Principal,State Highway Agency,1,Sin jurisdiccion especial,1,40.34601389,-75.92998333,Vehiculo en movimiento,Angulo,Four-Way Intersection,Interseccion de 4 direcciones,Sobre calle,Ninguna,Oscuro con iluminacion,Despejado,No,NO APLICA,99,99,99,99,1,19/11/2022,7
42,Pennsylvania,421080,0,0,3,0,29,CHESTER (29),8714,EAGLE,10,Octubre,4,2022,18,8,SR-100 POTTSTOWN PK,3,Highway estatal,Urbano,Arteria Principal,State Highway Agency,1,Sin jurisdiccion especial,62,40.055925,-75.64752222,Vehiculo en movimiento,Angulo,Four-Way Intersection,Interseccion de 4 direcciones,Sobre calle,Ninguna,Dia total,lluvia,No,NO APLICA,18,9,18,22,1,04/10/2022,4
42,Pennsylvania,421081,0,0,2,0,17,BUCKS (17),0,NO APLICA,11,Noviembre,24,2022,21,38,SR-332 NEWTOWN BP,3,Highway estatal,Urbano,Arteria Principal,State Highway Agency,1,Sin jurisdiccion especial,103,40.21893889,-74.94345,Vehiculo en movimiento,Angulo,Four-Way Intersection,Interseccion de 4 direcciones,Sobre calle,Ninguna,Oscuro con iluminacion,Despejado,No,NO APLICA,21,40,21,47,1,24/11/2022,3
42,Pennsylvania,421082,0,0,3,1,101,PHILADELPHIA (101),6540,PHILADELPHIA,12,Diciembre,21,2022,16,37,PENN ST,6,Calle Local Municipalidad,Urbano,Local,City or Municipal Highway Agency,0,Sin jurisdiccion especial,0,40.01661944,-75.08635556,Vehiculo en movimiento,Angulo,Four-Way Intersection,Interseccion de 4 direcciones,Sobre calle,Ninguna,Atardecer,Despejado,No,NO APLICA,16,36,16,52,1,21/12/2022,4
42,Pennsylvania,421083,0,0,2,0,31,CLARION (31),0,NO APLICA,12,Diciembre,24,2022,6,51,I-80 KEYSTONE SHORTWAY RD,1,Interestatal,Rural,Interestatal,State Highway Agency,1,Sin jurisdiccion especial,643,41.17776389,-79.35434167,Vehiculo en movimiento,Angulo,Not an Intersection,No fue interseccion,Sobre calle,Ninguna,Oscuro sin iluminacion,Soplando nieve,No,NO APLICA,99,99,99,99,1,24/12/2022,2
42,Pennsylvania,421084,0,0,2,0,3,ALLEGHENY (3),2250,EAST MCKEESPORT,12,Diciembre,22,2022,12,51,FIFTH AV,6,Calle Local Municipalidad,Urbano,Local,City or Municipal Highway Agency,0,Sin jurisdiccion especial,0,40.38377778,-79.80518889,Vehiculo en movimiento,Frente a Detrás,Y-Intersection,Interseccion de Y,Sobre calle,Ninguna,Dia total,Despejado,No,NO APLICA,13,5,13,6,1,22/12/2022,2
42,Pennsylvania,421085,0,0,2,0,35,CLINTON (35),530,BEECH CREEK,11,Noviembre,29,2022,7,56,SR-150 MAIN ST,3,Highway estatal,Rural,Arteria Menor,State Highway Agency,0,Sin jurisdiccion especial,0,41.07485833,-77.59103889,Vehiculo en movimiento,Angulo,T-Intersection,Interseccion de T,Sobre calle,Ninguna,Dia total,Despejado,No,NO APLICA,7,52,8,5,1,29/11/2022,3
42,Pennsylvania,421086,0,0,2,0,81,LYCOMING (81),5450,MONTOURSVILLE,11,Noviembre,29,2022,21,15,I-180,1,Interestatal,Urbano,Interestatal,State Highway Agency,1,Sin jurisdiccion especial,223,41.25997778,-76.9289,Vehiculo en movimiento,Angulo,Not an Intersection,No fue interseccion,Sobre calle,Ninguna,Oscuro sin iluminacion,Despejado,No,NO APLICA,21,17,21,36,1,29/11/2022,10
42,Pennsylvania,421087,1,1,1,0,3,ALLEGHENY (3),3950,JEFFERSON HILLS,11,Noviembre,26,2022,18,2,SR-51 CLAIRTON BL,3,Highway estatal,Urbano,Arteria Principal,State Highway Agency,1,Sin jurisdiccion especial,94,40.306175,-79.934975,Peaton,El primer evento no fue una colision con un vehiculo automotor en transporte,Not an Intersection,No fue interseccion,Sobre calle,Ninguna,Oscuro sin iluminacion,Despejado,No,NO APLICA,18,5,18,12,1,26/11/2022,1
42,Pennsylvania,421088,1,1,1,0,71,LANCASTER (71),0,NO APLICA,11,Noviembre,26,2022,17,17,SR-272 SEVENTH ST,3,Highway estatal,Urbano,Arteria Menor,State Highway Agency,0,Sin jurisdiccion especial,298,40.14644444,-76.20972222,Peaton,El primer evento no fue una colision con un vehiculo automotor en transporte,Not an Intersection,No fue interseccion,Sobre calle,Ninguna,Oscuro con iluminacion,Despejado,No,NO APLICA,17,17,17,24,1,26/11/2022,4
42,Pennsylvania,421089,0,0,2,0,37,COLUMBIA (37),0,NO APLICA,11,Noviembre,4,2022,13,14,SR-42 NUMIDIA DR,3,Highway estatal,Rural,Arteria Menor,State Highway Agency,0,Sin jurisdiccion especial,62,40.85436944,-76.396975,Vehiculo en movimiento,Angulo,T-Intersection,Interseccion de T,Sobre calle,Ninguna,Dia total,Despejado,No,NO APLICA,99,99,99,99,1,04/11/2022,3
42,Pennsylvania,421090,0,0,1,0,11,BERKS (11),0,NO APLICA,11,Noviembre,26,2022,16,34,SR-2023 FRIEDENSBURG RD,3,Highway estatal,Urbano,Arteria Menor,State Highway Agency,0,Sin jurisdiccion especial,63,40.37798056,-75.80335556,Arbol,El primer evento no fue una colision con un vehiculo automotor en transporte,Not an Intersection,No fue interseccion,Sobre el lado de la calle,Ninguna,Dia total,Despejado,No,NO APLICA,99,99,99,99,1,26/11/2022,1
42,Pennsylvania,421091,0,0,2,0,129,WESTMORELAND (129),0,NO APLICA,11,Noviembre,9,2022,17,12,SR-4077 MILLIGANTOWN RD,3,Highway estatal,Urbano,Colector Mayor,State Highway Agency,0,Sin jurisdiccion especial,1,40.55872778,-79.67794444,Vehiculo en movimiento,Golpe Lateral - direccion contraria,Not an Intersection,No fue interseccion,Sobre calle,Ninguna,Dia total,Despejado,No,NO APLICA,17,15,17,20,1,09/11/2022,2
42,Pennsylvania,421092,0,0,2,0,91,MONTGOMERY (91),0,NO APLICA,8,Agosto,25,2022,14,59,SR-4004 PARK AVE,3,Highway estatal,Urbano,Arteria Menor,State Highway Agency,0,Sin jurisdiccion especial,35,40.13606111,-75.41606667,Vehiculo en movimiento,Frente a frente,Not an Intersection,No fue interseccion,Sobre calle,Ninguna,Dia total,Despejado,No,NO APLICA,15,0,15,7,1,25/08/2022,2
44,Rhode Island,440001,0,0,2,0,3,KENT (3),230,WARWICK,1,Enero,1,2022,0,55,I-95 SOUTH,1,Interestatal,Urbano,Interestatal,State Highway Agency,1,Sin jurisdiccion especial,99998,41.68800278,-71.47761667,Vehiculo en movimiento,Frente a Detrás,Not an Intersection,No fue interseccion,Sobre calle,Ninguna,Oscuro con iluminacion,lluvia,No,NO APLICA,1,0,1,4,1,01/01/2022,2
44,Rhode Island,440002,0,0,1,0,7,PROVIDENCE (7),112,LINCOLN,1,Enero,1,2022,1,59,COBBLE HILL RD,8,Otro,Urbano,Colector Mayor,Town or Township Highway Agency,0,Sin jurisdiccion especial,99998,41.88182778,-71.42170278,Poste,El primer evento no fue una colision con un vehiculo automotor en transporte,Not an Intersection,No fue interseccion,Sobre el lado de la calle,Ninguna,Oscuro sin iluminacion,Neblina o Humo,No,NO APLICA,2,1,2,13,1,01/01/2022,2
44,Rhode Island,440003,0,0,1,0,9,WASHINGTON (9),240,WESTERLY,1,Enero,5,2022,14,0,US-78,2,US Highway,Urbano,Arterial Principal -Freeway o ExpressWay,State Highway Agency,1,Sin jurisdiccion especial,99998,41.37143333,-71.80460833,Arbol,El primer evento no fue una colision con un vehiculo automotor en transporte,Not an Intersection,No fue interseccion,Sobre el lado de la calle,Ninguna,Dia total,lluvia,No,NO APLICA,14,4,14,9,1,05/01/2022,1
44,Rhode Island,440004,0,0,1,0,7,PROVIDENCE (7),57,EAST PROVIDENCE,1,Enero,10,2022,1,0,WATERMAN AV,6,Calle Local Municipalidad,Urbano,Arteria Principal,State Highway Agency,1,Sin jurisdiccion especial,99998,41.80843889,-71.34016667,Banqueta,El primer evento no fue una colision con un vehiculo automotor en transporte,T-Intersection,Interseccion de T,Isla de trafico para peatones,Ninguna,Oscuro con iluminacion,Nublado,No,NO APLICA,1,0,1,7,1,10/01/2022,1
44,Rhode Island,440005,0,0,3,0,9,WASHINGTON (9),208,SOUTH KINGSTOWN,1,Enero,11,2022,17,0,US-1,2,US Highway,Rural,Arterial Principal -Freeway o ExpressWay,State Highway Agency,1,Sin jurisdiccion especial,99998,41.39499167,-71.57449722,Vehiculo en movimiento,Frente a frente,Not an Intersection,No fue interseccion,Sobre calle,Ninguna,Atardecer,Despejado,No,NO APLICA,17,5,17,10,1,11/01/2022,3
44,Rhode Island,440006,0,0,2,0,9,WASHINGTON (9),54,FISHERVILLE,2,Febrero,12,2022,21,9,SR-165,3,Highway estatal,Rural,Arteria Menor,State Highway Agency,0,Sin jurisdiccion especial,0,41.57736944,-71.68076944,Vehiculo en movimiento,Frente a frente,Not an Intersection,No fue interseccion,Sobre calle,Ninguna,Oscuro sin iluminacion,Despejado,No,NO APLICA,21,8,21,16,1,12/02/2022,3
44,Rhode Island,440007,1,1,1,0,3,KENT (3),230,WARWICK,3,Marzo,10,2022,20,30,SR-117,3,Highway estatal,Urbano,Arteria Principal,State Highway Agency,1,Sin jurisdiccion especial,99998,41.69705833,-71.48552222,Peaton,El primer evento no fue una colision con un vehiculo automotor en transporte,Not an Intersection,No fue interseccion,Sobre calle,Ninguna,Oscuro sin iluminacion,Despejado,No,NO APLICA,20,37,20,43,1,10/03/2022,1
44,Rhode Island,440008,0,0,2,0,3,KENT (3),230,WARWICK,4,Abril,30,2022,10,11,I-95 NORTH,1,Interestatal,Urbano,Interestatal,State Highway Agency,1,Sin jurisdiccion especial,99998,41.68241111,-71.477175,Vehiculo en movimiento,Angulo,Not an Intersection,No fue interseccion,Sobre calle,Ninguna,Dia total,Despejado,No,NO APLICA,10,9,10,24,1,30/04/2022,3
44,Rhode Island,440009,1,1,1,0,7,PROVIDENCE (7),190,PROVIDENCE,4,Abril,30,2022,16,49,SERVICE RD 1,8,Otro,Urbano,Arterial Principal -Freeway o ExpressWay,State Highway Agency,0,Sin jurisdiccion especial,99998,41.80891111,-71.44018333,Peaton,El primer evento no fue una colision con un vehiculo automotor en transporte,Four-Way Intersection,Interseccion de 4 direcciones,Sobre calle,Ninguna,Dia total,Despejado,No,NO APLICA,16,51,16,59,1,30/04/2022,1
44,Rhode Island,440010,0,0,3,0,7,PROVIDENCE (7),112,LINCOLN,5,Mayo,3,2022,8,14,TWIN RIVER RD,8,Otro,Urbano,Arteria Principal,State Highway Agency,1,Sin jurisdiccion especial,99998,41.88715278,-71.45842222,Vehiculo en movimiento,Golpe Lateral - misma direccion,T-Intersection,Interseccion de T,Sobre calle,Ninguna,Dia total,No reportado,No,NO APLICA,8,1,8,7,1,03/05/2022,3