Estado,Nombre de Estado,Numero de Caso,Peatones,Personas _no_vehiculos,Vehiculos automotores,Vehiculos estacionados,Condado,Nombre Condado,Ciudad,Nombre Ciudad,Mes,Nombre Mes,Dia,Año,Hora,Minuto,Calle,Ruta,Nombre Ruta,Rural o Urbanoo,Sistema Funcional,Dueño Calle,Sistema Nacional Carreteras,Jurisdiccion Especial,Milla,Latitud,Longitud,Causa del Accidente,Tipo de Accidente,Tipo Interseccion,Columna1,Lugar en la calle,Zona de Trabajo,Luz,Clima,Autobus Escolar,Cruce de Trenes,Hora Notificacion,Minuto Notificacion,Hora Llegada,Minuto Llegada,Decesos,Fecha,PersonaVehiculo
44,Rhode Island,440011,0,0,2,0,7,PROVIDENCE (7),260,WOONSOCKET,5,Mayo,3,2022,11,44,SR-122,3,Highway estatal,Urbano,Arteria Menor,City or Municipal Highway Agency,0,Sin jurisdiccion especial,99998,42.00495833,-71.51946111,Banqueta,El primer evento no fue una colision con un vehiculo automotor en transporte,Not an Intersection,No fue interseccion,Sobre el lado de la calle,Ninguna,Dia total,Despejado,No,NO APLICA,11,47,11,55,1,03/05/2022,3
44,Rhode Island,440012,1,1,1,0,7,PROVIDENCE (7),190,PROVIDENCE,5,Mayo,27,2022,16,4,SR-1,3,Highway estatal,Rural,Arteria Principal,State Highway Agency,1,Sin jurisdiccion especial,99998,41.78106389,-71.4199,Peaton,El primer evento no fue una colision con un vehiculo automotor en transporte,Not an Intersection,No fue interseccion,Sobre calle,Ninguna,Dia total,Despejado,No,NO APLICA,16,7,16,14,1,27/05/2022,1
44,Rhode Island,440013,0,0,1,0,9,WASHINGTON (9),54,FISHERVILLE,5,Mayo,16,2022,6,51,SR-102,3,Highway estatal,Rural,Arteria Principal,State Highway Agency,1,Sin jurisdiccion especial,99998,41.57701111,-71.53519444,Soporte de Puente,El primer evento no fue una colision con un vehiculo automotor en transporte,Not an Intersection,No fue interseccion,Sobre el lado de la calle,Ninguna,Dia total,Despejado,No,NO APLICA,6,52,6,56,1,16/05/2022,2
44,Rhode Island,440014,0,0,1,0,5,NEWPORT (5),150,NEWPORT,6,Junio,28,2022,23,30,SR-138,3,Highway estatal,Urbano,Arteria Principal,State Highway Agency,1,Sin jurisdiccion especial,99998,41.50718611,-71.31730556,Banqueta,El primer evento no fue una colision con un vehiculo automotor en transporte,Roundabout,Glorieta,Sobre el lado de la calle,Ninguna,Oscuro - iluminacion desconocida,Despejado,No,NO APLICA,6,0,6,3,1,28/06/2022,1
44,Rhode Island,440015,0,0,1,0,9,WASHINGTON (9),208,SOUTH KINGSTOWN,7,Julio,1,2022,0,43,SR-1,3,Highway estatal,Rural,Arterial Principal -Freeway o ExpressWay,State Highway Agency,1,Sin jurisdiccion especial,99998,41.42255,-71.52542222,Arbol,El primer evento no fue una colision con un vehiculo automotor en transporte,Not an Intersection,No fue interseccion,Sobre el lado de la calle,Ninguna,Oscuro sin iluminacion,Despejado,No,NO APLICA,0,48,0,55,1,01/07/2022,1
44,Rhode Island,440016,0,0,1,0,7,PROVIDENCE (7),59,FOSTER,7,Julio,7,2022,1,56,SALISBURY RD,9,Desconocido,Rural,Local,Town or Township Highway Agency,0,Sin jurisdiccion especial,99998,41.78944167,-71.75410833,Volcadura,El primer evento no fue una colision con un vehiculo automotor en transporte,Not an Intersection,No fue interseccion,Sobre el lado de la calle,Ninguna,Oscuro sin iluminacion,Despejado,No,NO APLICA,1,56,2,9,2,07/07/2022,4
44,Rhode Island,440017,0,0,1,0,9,WASHINGTON (9),240,WESTERLY,7,Julio,12,2022,21,0,WEEKAPAUG ROAD,8,Otro,Urbano,Colector Mayor,Town or Township Highway Agency,0,Sin jurisdiccion especial,99998,41.33673333,-71.76773056,Banqueta,El primer evento no fue una colision con un vehiculo automotor en transporte,Not an Intersection,No fue interseccion,Sobre el lado de la calle,Ninguna,Oscuro con iluminacion,Despejado,No,Unknown,21,8,21,18,1,12/07/2022,1
44,Rhode Island,440018,0,0,1,0,7,PROVIDENCE (7),180,PAWTUCKET,7,Julio,13,2022,17,32,I-95,1,Interestatal,Urbano,Interestatal,State Highway Agency,1,Sin jurisdiccion especial,99998,41.86816111,-71.40129167,Fin de valla,El primer evento no fue una colision con un vehiculo automotor en transporte,Not an Intersection,No fue interseccion,Sobre el lado de la calle,Ninguna,Dia total,Despejado,No,NO APLICA,17,31,17,36,1,13/07/2022,1
44,Rhode Island,440019,0,0,2,0,3,KENT (3),230,WARWICK,7,Julio,14,2022,1,15,SR-2,3,Highway estatal,Urbano,Arteria Principal,State Highway Agency,1,Sin jurisdiccion especial,99998,41.67797778,-71.50011667,Vehiculo en movimiento,Golpe Lateral - misma direccion,Not an Intersection,No fue interseccion,Sobre calle,Ninguna,Oscuro con iluminacion,Despejado,No,NO APLICA,1,14,1,19,1,14/07/2022,2
44,Rhode Island,440020,0,0,1,0,9,WASHINGTON (9),54,FISHERVILLE,7,Julio,19,2022,21,6,SUNDERLAND RD,8,Otro,Rural,Colector Menor,Town or Township Highway Agency,0,Sin jurisdiccion especial,99998,41.58241111,-71.55456389,Poste,El primer evento no fue una colision con un vehiculo automotor en transporte,Not an Intersection,No fue interseccion,Sobre el lado de la calle,Ninguna,Oscuro sin iluminacion,Despejado,No,NO APLICA,21,4,21,7,1,19/07/2022,1
44,Rhode Island,440021,0,0,2,0,9,WASHINGTON (9),240,WESTERLY,7,Julio,21,2022,13,15,US-1,2,US Highway,Urbano,Arteria Principal,State Highway Agency,1,Sin jurisdiccion especial,99998,41.35110278,-71.773,Vehiculo en movimiento,Angulo,T-Intersection,Interseccion de T,Sobre calle,Ninguna,Dia total,Despejado,No,NO APLICA,13,9,13,15,1,21/07/2022,2
44,Rhode Island,440022,0,0,2,0,5,NEWPORT (5),150,NEWPORT,7,Julio,29,2022,7,30,SR-138A,3,Highway estatal,Urbano,Arteria Principal,State Highway Agency,1,Sin jurisdiccion especial,99998,41.48459167,-71.29946667,Vehiculo en movimiento,Angulo,Four-Way Intersection,Interseccion de 4 direcciones,Sobre calle,Ninguna,Dia total,Despejado,No,NO APLICA,7,33,7,35,1,29/07/2022,3
44,Rhode Island,440023,0,0,1,0,9,WASHINGTON (9),155,QUIDNESSETT,7,Julio,30,2022,16,30,RTE-4,9,Desconocido,Urbano,Arterial Principal -Freeway o ExpressWay,State Highway Agency,1,Sin jurisdiccion especial,99998,41.57391111,-71.49582222,Barrera de Trafico de Concreto,El primer evento no fue una colision con un vehiculo automotor en transporte,Not an Intersection,No fue interseccion,En el medio,Ninguna,Dia total,Despejado,No,NO APLICA,16,32,16,42,1,30/07/2022,1
44,Rhode Island,440024,0,0,1,0,7,PROVIDENCE (7),190,PROVIDENCE,8,Agosto,6,2022,23,45,I-95,1,Interestatal,Urbano,Interestatal,State Highway Agency,1,Sin jurisdiccion especial,99998,41.80818889,-71.40488611,Volcadura,El primer evento no fue una colision con un vehiculo automotor en transporte,Not an Intersection,No fue interseccion,Sobre calle,Ninguna,Oscuro con iluminacion,Despejado,No,NO APLICA,23,48,23,53,1,06/08/2022,1
44,Rhode Island,440025,1,1,1,0,7,PROVIDENCE (7),190,PROVIDENCE,8,Agosto,6,2022,13,30,POTTERS AVE,6,Calle Local Municipalidad,Urbano,Colector Mayor,City or Municipal Highway Agency,0,Sin jurisdiccion especial,99998,41.80353889,-71.416625,Peaton,El primer evento no fue una colision con un vehiculo automotor en transporte,Four-Way Intersection,Interseccion de 4 direcciones,Sobre calle,Ninguna,Dia total,Despejado,No,NO APLICA,13,34,13,39,1,06/08/2022,1
44,Rhode Island,440026,0,0,1,0,7,PROVIDENCE (7),190,PROVIDENCE,8,Agosto,13,2022,14,36,I-95,1,Interestatal,Urbano,Interestatal,State Highway Agency,1,Sin jurisdiccion especial,99998,41.81366389,-71.40807222,Barrera de Trafico de Concreto,El primer evento no fue una colision con un vehiculo automotor en transporte,Not an Intersection,No fue interseccion,En el medio,Ninguna,Dia total,Despejado,No,NO APLICA,14,36,14,39,1,13/08/2022,1
44,Rhode Island,440027,1,1,1,0,7,PROVIDENCE (7),190,PROVIDENCE,8,Agosto,18,2022,23,0,BROAD ST,9,Desconocido,Urbano,Arteria Principal,City or Municipal Highway Agency,1,Sin jurisdiccion especial,99998,41.81738611,-71.41704167,Peaton,El primer evento no fue una colision con un vehiculo automotor en transporte,Four-Way Intersection,Interseccion de 4 direcciones,Sobre calle,Ninguna,Oscuro con iluminacion,Despejado,No,NO APLICA,23,2,23,10,1,18/08/2022,1
44,Rhode Island,440028,0,0,1,0,7,PROVIDENCE (7),206,SMITHFIELD,8,Agosto,21,2022,14,55,SR-7,3,Highway estatal,Urbano,Arteria Principal,State Highway Agency,1,Sin jurisdiccion especial,99998,41.87509444,-71.46985556,Edificio,El primer evento no fue una colision con un vehiculo automotor en transporte,Not an Intersection,No fue interseccion,Sobre el lado de la calle,Ninguna,Dia total,Despejado,No,NO APLICA,14,52,14,59,1,21/08/2022,1
44,Rhode Island,440029,0,0,1,0,3,KENT (3),7,ANTHONY,8,Agosto,27,2022,3,45,CAHOONE RD,5,Calle Local - Pueblo,Trafficway Not in State Inventory,Via no en inventario estatal,Trafficway Not in State Inventory,9,Desconocido,99998,41.69755278,-71.74638889,Arbol,El primer evento no fue una colision con un vehiculo automotor en transporte,Not an Intersection,No fue interseccion,Sobre el lado de la calle,Ninguna,Oscuro sin iluminacion,Despejado,No,NO APLICA,3,42,3,54,1,27/08/2022,1
44,Rhode Island,440030,0,0,1,0,7,PROVIDENCE (7),32,HARRISVILLE,8,Agosto,21,2022,13,38,SR-98,3,Highway estatal,Rural,Colector Menor,State Highway Agency,0,Sin jurisdiccion especial,99998,41.99063611,-71.6831,Arbol,El primer evento no fue una colision con un vehiculo automotor en transporte,Not an Intersection,No fue interseccion,Sobre el lado de la calle,Ninguna,Dia total,Despejado,No,NO APLICA,13,39,13,48,1,21/08/2022,1
44,Rhode Island,440031,0,0,1,0,3,KENT (3),7,ANTHONY,9,Septiembre,7,2022,18,55,SR-117,3,Highway estatal,Rural,Arteria Principal,State Highway Agency,1,Sin jurisdiccion especial,99998,41.70511944,-71.66686111,Animal vivo,El primer evento no fue una colision con un vehiculo automotor en transporte,Not an Intersection,No fue interseccion,Sobre calle,Ninguna,Atardecer,Despejado,No,NO APLICA,18,54,18,57,1,07/09/2022,1
44,Rhode Island,440032,0,0,2,0,9,WASHINGTON (9),155,QUIDNESSETT,9,Septiembre,11,2022,16,57,LAFAYETTE RD,8,Otro,Urbano,Colector Mayor,Town or Township Highway Agency,0,Sin jurisdiccion especial,99998,41.55214167,-71.5001,Vehiculo en movimiento,Frente a frente,Not an Intersection,No fue interseccion,Sobre calle,Ninguna,Dia total,Despejado,No,NO APLICA,16,58,17,6,1,11/09/2022,3
44,Rhode Island,440033,0,0,2,0,9,WASHINGTON (9),155,QUIDNESSETT,9,Septiembre,17,2022,11,58,SLOCUM RD,9,Desconocido,Urbano,Colector Mayor,State Highway Agency,0,Sin jurisdiccion especial,99998,41.50430833,-71.50891667,Vehiculo en movimiento,Angulo,Not an Intersection,No fue interseccion,Sobre calle,Ninguna,Dia total,Despejado,No,NO APLICA,12,5,12,10,1,17/09/2022,4
44,Rhode Island,440034,0,0,1,0,7,PROVIDENCE (7),50,CRANSTON,9,Septiembre,19,2022,22,0,I-295,1,Interestatal,Urbano,Interestatal,State Highway Agency,1,Sin jurisdiccion especial,99998,41.74157778,-71.48937778,Arbol,El primer evento no fue una colision con un vehiculo automotor en transporte,Not an Intersection,No fue interseccion,Sobre el lado de la calle,Ninguna,Oscuro sin iluminacion,Nublado,No,NO APLICA,22,33,22,41,1,19/09/2022,1
44,Rhode Island,440035,0,0,1,0,7,PROVIDENCE (7),57,EAST PROVIDENCE,8,Agosto,30,2022,13,56,ROGER WILLIAMS AV,9,Desconocido,Urbano,Arteria Menor,City or Municipal Highway Agency,0,Sin jurisdiccion especial,99998,41.83998333,-71.36534444,Poste,El primer evento no fue una colision con un vehiculo automotor en transporte,Not an Intersection,No fue interseccion,Sobre el lado de la calle,Ninguna,Dia total,Despejado,No,NO APLICA,13,58,14,3,1,30/08/2022,1
44,Rhode Island,440036,0,0,1,0,7,PROVIDENCE (7),190,PROVIDENCE,10,Octubre,4,2022,16,15,DYER ST,8,Otro,Urbano,Arteria Principal,City or Municipal Highway Agency,1,Sin jurisdiccion especial,99998,41.822875,-71.40837778,Otro objeto (no fijo),El primer evento no fue una colision con un vehiculo automotor en transporte,Not an Intersection,No fue interseccion,Sobre calle,Construccion,Dia total,lluvia,No,NO APLICA,16,17,16,23,1,04/10/2022,1
44,Rhode Island,440037,0,0,3,0,7,PROVIDENCE (7),59,FOSTER,9,Septiembre,30,2022,23,30,DANIELSON PIKE,9,Desconocido,Urbano,Arteria Menor,State Highway Agency,0,Sin jurisdiccion especial,99998,41.83506944,-71.57675833,Vehiculo en movimiento,Angulo,Not an Intersection,No fue interseccion,Sobre calle,Ninguna,Oscuro sin iluminacion,Despejado,No,NO APLICA,23,35,23,41,1,30/09/2022,3
44,Rhode Island,440038,0,0,1,0,3,KENT (3),230,WARWICK,9,Septiembre,18,2022,19,50,SR-113,3,Highway estatal,Urbano,Arteria Principal,State Highway Agency,1,Sin jurisdiccion especial,99998,41.70329167,-71.42429167,Volcadura,El primer evento no fue una colision con un vehiculo automotor en transporte,Four-Way Intersection,Interseccion de 4 direcciones,Sobre calle,Ninguna,Atardecer,Despejado,No,NO APLICA,19,51,19,55,1,18/09/2022,1
44,Rhode Island,440039,0,0,3,0,7,PROVIDENCE (7),46,CHEPACHET,10,Octubre,14,2022,14,30,US-44,2,US Highway,Rural,Arteria Principal,State Highway Agency,1,Sin jurisdiccion especial,99998,41.921075,-71.73847222,Vehiculo en movimiento,Angulo,Not an Intersection,No fue interseccion,Sobre calle,Ninguna,Dia total,Despejado,No,NO APLICA,14,36,14,44,1,14/10/2022,7
44,Rhode Island,440040,0,0,1,0,9,WASHINGTON (9),194,RICHMOND,10,Octubre,30,2022,4,13,I-95 NORTH,1,Interestatal,Rural,Interestatal,State Highway Agency,1,Sin jurisdiccion especial,99998,41.51428333,-71.69129444,Arbol,El primer evento no fue una colision con un vehiculo automotor en transporte,Not an Intersection,No fue interseccion,Sobre el lado de la calle,Ninguna,Oscuro con iluminacion,Despejado,No,NO APLICA,4,20,4,34,1,30/10/2022,2
44,Rhode Island,440041,1,1,1,0,7,PROVIDENCE (7),190,PROVIDENCE,10,Octubre,30,2022,19,48,SMART ST,6,Calle Local Municipalidad,Urbano,Local,City or Municipal Highway Agency,0,Sin jurisdiccion especial,99998,41.85740556,-71.41435278,Peaton,El primer evento no fue una colision con un vehiculo automotor en transporte,Not an Intersection,No fue interseccion,Sobre calle,Ninguna,Oscuro con iluminacion,Despejado,No,NO APLICA,19,49,19,53,1,30/10/2022,3
44,Rhode Island,440042,0,0,2,0,7,PROVIDENCE (7),190,PROVIDENCE,10,Octubre,31,2022,1,44,US-7,2,US Highway,Urbano,Arteria Principal,State Highway Agency,1,Sin jurisdiccion especial,99998,41.81741111,-71.41699722,Vehiculo en movimiento,Angulo,Four-Way Intersection,Interseccion de 4 direcciones,Sobre calle,Ninguna,Oscuro con iluminacion,Despejado,No,NO APLICA,1,46,1,48,1,31/10/2022,3
44,Rhode Island,440043,0,0,1,0,7,PROVIDENCE (7),50,CRANSTON,11,Noviembre,7,2022,22,18,SR-5,3,Highway estatal,Urbano,Arteria Principal,State Highway Agency,1,Sin jurisdiccion especial,99998,41.77712222,-71.46920833,Arbol,El primer evento no fue una colision con un vehiculo automotor en transporte,Traffic Circle,Circulo de Trafico,Sobre el lado de la calle,Ninguna,Oscuro con iluminacion,Despejado,No,NO APLICA,22,28,22,33,1,07/11/2022,1
44,Rhode Island,440044,1,1,1,0,7,PROVIDENCE (7),190,PROVIDENCE,11,Noviembre,10,2022,17,19,DOYLE AV,6,Calle Local Municipalidad,Urbano,Arteria Menor,City or Municipal Highway Agency,0,Sin jurisdiccion especial,99998,41.83565,-71.40505833,Peaton,El primer evento no fue una colision con un vehiculo automotor en transporte,Not an Intersection,No fue interseccion,Sobre calle,Ninguna,Oscuro con iluminacion,Despejado,No,NO APLICA,17,20,17,25,1,10/11/2022,1
44,Rhode Island,440045,0,0,1,0,7,PROVIDENCE (7),202,SCITUATE,12,Diciembre,4,2022,23,58,SR-116,3,Highway estatal,Urbano,Arteria Principal,State Highway Agency,1,Sin jurisdiccion especial,99998,41.73357778,-71.56291944,Poste,El primer evento no fue una colision con un vehiculo automotor en transporte,Not Reported,No reportado,Sobre el lado de la calle,Ninguna,Oscuro con iluminacion,Despejado,No,NO APLICA,0,3,0,6,1,04/12/2022,1
44,Rhode Island,440046,0,0,1,0,7,PROVIDENCE (7),206,SMITHFIELD,12,Diciembre,11,2022,16,36,I-295 SOUTH,1,Interestatal,Urbano,Interestatal,State Highway Agency,1,Sin jurisdiccion especial,99998,41.92341667,-71.505975,Arbol,El primer evento no fue una colision con un vehiculo automotor en transporte,Not an Intersection,No fue interseccion,Sobre el lado de la calle,Ninguna,Oscuro con iluminacion,Nieve,No,NO APLICA,16,21,16,34,1,11/12/2022,1
44,Rhode Island,440047,0,0,2,0,7,PROVIDENCE (7),190,PROVIDENCE,12,Diciembre,16,2022,1,0,I-95 NORTH,1,Interestatal,Urbano,Interestatal,State Highway Agency,1,Sin jurisdiccion especial,99998,41.78552778,-71.42210556,Vehiculo en movimiento,Frente a Detrás,Not an Intersection,No fue interseccion,Sobre calle,Ninguna,Oscuro con iluminacion,lluvia,No,NO APLICA,0,54,1,5,1,16/12/2022,2
44,Rhode Island,440048,0,0,1,0,7,PROVIDENCE (7),202,SCITUATE,12,Diciembre,25,2022,7,0,SR-101,3,Highway estatal,Urbano,Arteria Menor,State Highway Agency,0,Sin jurisdiccion especial,99998,41.84076667,-71.65329444,Fin de valla,El primer evento no fue una colision con un vehiculo automotor en transporte,Not an Intersection,No fue interseccion,Sobre el lado de la calle,Ninguna,Dia total,Despejado,No,NO APLICA,7,16,7,24,1,25/12/2022,1
44,Rhode Island,440049,0,0,1,0,7,PROVIDENCE (7),112,LINCOLN,12,Diciembre,31,2022,2,30,SR-146,3,Highway estatal,Urbano,Arterial Principal -Freeway o ExpressWay,State Highway Agency,1,Sin jurisdiccion especial,99998,41.93646667,-71.46807778,Valla para choques,El primer evento no fue una colision con un vehiculo automotor en transporte,Not an Intersection,No fue interseccion,Separador,Ninguna,Oscuro con iluminacion,Despejado,No,NO APLICA,2,35,2,45,1,31/12/2022,3
44,Rhode Island,440050,0,0,1,0,9,WASHINGTON (9),194,RICHMOND,12,Diciembre,31,2022,11,58,I-95,1,Interestatal,Rural,Interestatal,State Highway Agency,1,Sin jurisdiccion especial,99998,41.51385833,-71.6916,Barrera de Trafico de Concreto,El primer evento no fue una colision con un vehiculo automotor en transporte,Not an Intersection,No fue interseccion,En el medio,Ninguna,Dia total,lluvia,No,NO APLICA,12,1,12,4,1,31/12/2022,1
44,Rhode Island,440051,0,0,1,0,3,KENT (3),230,WARWICK,12,Diciembre,29,2022,6,58,OAKLAND BEACH AV,9,Desconocido,Urbano,Arteria Principal,State Highway Agency,1,Sin jurisdiccion especial,99998,41.70657778,-71.39838889,Otro objeto (fijo),El primer evento no fue una colision con un vehiculo automotor en transporte,Not an Intersection,No fue interseccion,Sobre el lado de la calle,Ninguna,Dia total,Despejado,No,NO APLICA,7,1,7,4,1,29/12/2022,1
45,South Carolina,450001,0,0,1,0,77,PICKENS (77),0,NO APLICA,1,Enero,1,2022,0,1,SR-186 EARLS BRIDGE RD,3,Highway estatal,Rural,Colector Mayor,State Highway Agency,0,Sin jurisdiccion especial,95,34.96337778,-82.54884722,Poste de Señal de trafico,El primer evento no fue una colision con un vehiculo automotor en transporte,Not an Intersection,No fue interseccion,Sobre el lado de la calle,Ninguna,Oscuro sin iluminacion,lluvia,No,NO APLICA,99,98,99,98,2,01/01/2022,2
45,South Carolina,450002,0,0,1,0,27,CLARENDON (27),0,NO APLICA,1,Enero,1,2022,16,55,SR-466 CECIL RD,3,Highway estatal,Rural,Local,State Highway Agency,0,Sin jurisdiccion especial,4,33.61632778,-80.17536944,Zanja,El primer evento no fue una colision con un vehiculo automotor en transporte,Not an Intersection,No fue interseccion,Sobre el lado de la calle,Ninguna,Dia total,Despejado,No,NO APLICA,99,98,99,98,1,01/01/2022,1
45,South Carolina,450003,0,0,1,0,7,ANDERSON (7),0,NO APLICA,1,Enero,2,2022,8,30,SR-54 PALMETTO RD,3,Highway estatal,Urbano,Colector Mayor,State Highway Agency,0,Sin jurisdiccion especial,73,34.64191944,-82.48158056,Zanja,El primer evento no fue una colision con un vehiculo automotor en transporte,Not an Intersection,No fue interseccion,Sobre el lado de la calle,Ninguna,Dia total,lluvia,No,NO APLICA,99,99,99,99,1,02/01/2022,1
45,South Carolina,450004,0,0,1,0,73,OCONEE (73),0,NO APLICA,1,Enero,2,2022,11,50,SR-46 EBENEZER RD,3,Highway estatal,Rural,Colector Mayor,State Highway Agency,0,Sin jurisdiccion especial,10,34.77704444,-82.99855278,Zanja,El primer evento no fue una colision con un vehiculo automotor en transporte,Not an Intersection,No fue interseccion,Sobre el lado de la calle,Ninguna,Dia total,lluvia,No,NO APLICA,99,99,99,99,1,02/01/2022,1
45,South Carolina,450005,0,0,1,0,79,RICHLAND (79),0,NO APLICA,1,Enero,3,2022,5,30,SR-222 OLD HOPKINS RD,3,Highway estatal,Rural,Colector Mayor,State Highway Agency,0,Sin jurisdiccion especial,36,33.94298056,-80.90376944,Arbusto,El primer evento no fue una colision con un vehiculo automotor en transporte,Not an Intersection,No fue interseccion,Sobre calle,Ninguna,Oscuro sin iluminacion,lluvia,No,NO APLICA,99,99,99,99,1,03/01/2022,1
45,South Carolina,450006,0,0,5,0,21,CHEROKEE (21),0,NO APLICA,1,Enero,4,2022,16,1,I-85,1,Interestatal,Rural,Interestatal,State Highway Agency,1,Sin jurisdiccion especial,980,35.11749167,-81.57670833,Vehiculo en movimiento,Frente a Detrás,Not an Intersection,No fue interseccion,Sobre calle,"Zona de trabajo, tipo desconocido",Dia total,Despejado,No,NO APLICA,99,99,99,99,1,04/01/2022,6
45,South Carolina,450007,1,1,1,0,45,GREENVILLE (45),0,NO APLICA,1,Enero,5,2022,20,45,US-25 AUGUSTA RD,2,US Highway,Rural,Arteria Principal,State Highway Agency,1,Sin jurisdiccion especial,23,34.52560278,-82.31519722,Peaton,El primer evento no fue una colision con un vehiculo automotor en transporte,Not an Intersection,No fue interseccion,Sobre calle,Ninguna,Oscuro sin iluminacion,Despejado,No,NO APLICA,99,98,99,98,1,05/01/2022,1
45,South Carolina,450008,0,0,2,0,15,BERKELEY (15),0,NO APLICA,1,Enero,6,2022,20,10,I-26,1,Interestatal,Rural,Interestatal,State Highway Agency,1,Sin jurisdiccion especial,1899,33.12393889,-80.28261944,Vehiculo en movimiento,Frente a Detrás,Not an Intersection,No fue interseccion,Sobre calle,Ninguna,Oscuro sin iluminacion,Despejado,No,NO APLICA,99,98,99,98,1,06/01/2022,3
45,South Carolina,450009,0,0,1,0,67,MARION (67),0,NO APLICA,1,Enero,7,2022,0,5,US-501 S HWY 501,2,US Highway,Rural,Arteria Principal,State Highway Agency,1,Sin jurisdiccion especial,199,34.08279167,-79.31473333,Volcadura,El primer evento no fue una colision con un vehiculo automotor en transporte,Not an Intersection,No fue interseccion,Sobre el lado de la calle,Ninguna,Oscuro sin iluminacion,Despejado,No,NO APLICA,99,99,99,99,1,07/01/2022,1
45,South Carolina,450010,0,0,1,0,23,CHESTER (23),1020,GREAT FALLS,1,Enero,7,2022,14,15,SR-2 DEARBORN STREET,3,Highway estatal,Rural,Local,State Highway Agency,0,Sin jurisdiccion especial,12,34.57106944,-80.89215833,Otra no colicion,El primer evento no fue una colision con un vehiculo automotor en transporte,Not an Intersection,No fue interseccion,Sobre calle,Ninguna,Dia total,Despejado,No,NO APLICA,99,99,99,99,1,07/01/2022,3
45,South Carolina,450011,0,0,1,0,47,GREENWOOD (47),0,NO APLICA,1,Enero,8,2022,4,30,SR-702 HWY 702,3,Highway estatal,Rural,Colector Mayor,State Highway Agency,0,Sin jurisdiccion especial,28,34.20770556,-81.99494444,Arbol,El primer evento no fue una colision con un vehiculo automotor en transporte,Not an Intersection,No fue interseccion,Sobre el lado de la calle,Ninguna,Oscuro sin iluminacion,Despejado,No,NO APLICA,99,99,99,99,1,08/01/2022,1
45,South Carolina,450012,0,0,1,0,37,EDGEFIELD (37),0,NO APLICA,1,Enero,8,2022,16,5,SR-230 MARTINTOWN RD,3,Highway estatal,Rural,Colector Mayor,State Highway Agency,0,Sin jurisdiccion especial,51,33.61851667,-82.03001944,Acotamiento,El primer evento no fue una colision con un vehiculo automotor en transporte,Not an Intersection,No fue interseccion,Sobre el lado de la calle,Ninguna,Dia total,Despejado,No,NO APLICA,99,99,99,99,1,08/01/2022,1
45,South Carolina,450013,0,0,1,0,7,ANDERSON (7),0,NO APLICA,1,Enero,8,2022,22,5,CR-GREGG SHOALS RD,4,Calle del Condado,Rural,Local,County Highway Agency,0,Sin jurisdiccion especial,11,34.24091111,-82.70088056,Arbol,El primer evento no fue una colision con un vehiculo automotor en transporte,Not an Intersection,No fue interseccion,Sobre el lado de la calle,Ninguna,Oscuro sin iluminacion,Despejado,No,NO APLICA,99,99,99,99,1,08/01/2022,1
45,South Carolina,450014,0,0,1,0,45,GREENVILLE (45),0,NO APLICA,1,Enero,9,2022,0,14,SR-52 HOLLAND FORD RD,3,Highway estatal,Rural,Colector Mayor,State Highway Agency,0,Sin jurisdiccion especial,94,34.61599722,-82.43103333,Animal vivo,El primer evento no fue una colision con un vehiculo automotor en transporte,Not an Intersection,No fue interseccion,Sobre calle,Ninguna,Oscuro - iluminacion desconocida,Despejado,No,NO APLICA,99,98,99,98,1,09/01/2022,1
45,South Carolina,450015,0,0,2,0,37,EDGEFIELD (37),0,NO APLICA,1,Enero,10,2022,13,10,SR-19 HWY 19,3,Highway estatal,Rural,Arteria Principal,State Highway Agency,0,Sin jurisdiccion especial,24,33.72619167,-81.84319722,Vehiculo en movimiento,Angulo,Four-Way Intersection,Interseccion de 4 direcciones,Sobre calle,Ninguna,Dia total,Despejado,No,NO APLICA,99,99,99,99,1,10/01/2022,5
45,South Carolina,450016,0,0,2,0,53,JASPER (53),0,NO APLICA,1,Enero,11,2022,6,30,SR-462 LOW COUNTRY DRIVE,3,Highway estatal,Rural,Arteria Menor,State Highway Agency,0,Sin jurisdiccion especial,307,32.42218333,-80.89801944,Vehiculo en movimiento,Frente a frente,Not an Intersection,No fue interseccion,Sobre calle,Ninguna,Amanecer,Despejado,No,NO APLICA,99,99,99,99,1,11/01/2022,2
45,South Carolina,450017,0,0,2,0,45,GREENVILLE (45),0,NO APLICA,1,Enero,13,2022,15,30,US-29 WADE HAMPTON BLVD,2,US Highway,Urbano,Arteria Principal,State Highway Agency,1,Sin jurisdiccion especial,139,34.92661944,-82.30133333,Vehiculo en movimiento,Angulo,Four-Way Intersection,Interseccion de 4 direcciones,Sobre calle,Ninguna,Dia total,Despejado,No,NO APLICA,99,99,99,99,1,13/01/2022,2