Estado,Nombre de Estado,Numero de Caso,Peatones,Personas _no_vehiculos,Vehiculos automotores,Vehiculos estacionados,Condado,Nombre Condado,Ciudad,Nombre Ciudad,Mes,Nombre Mes,Dia,Año,Hora,Minuto,Calle,Ruta,Nombre Ruta,Rural o Urbanoo,Sistema Funcional,Dueño Calle,Sistema Nacional Carreteras,Jurisdiccion Especial,Milla,Latitud,Longitud,Causa del Accidente,Tipo de Accidente,Tipo Interseccion,Columna1,Lugar en la calle,Zona de Trabajo,Luz,Clima,Autobus Escolar,Cruce de Trenes,Hora Notificacion,Minuto Notificacion,Hora Llegada,Minuto Llegada,Decesos,Fecha,PersonaVehiculo
45,South Carolina,450018,0,0,2,0,51,HORRY (51),0,NO APLICA,1,Enero,14,2022,17,30,US-701,2,US Highway,Rural,Arteria Principal,State Highway Agency,1,Sin jurisdiccion especial,27,33.69098611,-79.11760278,Vehiculo en movimiento,Frente a frente,Four-Way Intersection,Interseccion de 4 direcciones,Sobre calle,Ninguna,Dia total,Despejado,No,NO APLICA,99,98,99,98,1,14/01/2022,2
45,South Carolina,450019,0,0,2,0,59,LAURENS (59),0,NO APLICA,1,Enero,14,2022,21,45,US-76 W MAIN STREET,2,US Highway,Rural,Arteria Principal,State Highway Agency,1,Sin jurisdiccion especial,149,34.50481111,-82.07686944,Vehiculo en movimiento,Frente a frente,Not an Intersection,No fue interseccion,Sobre el lado de la calle,Ninguna,Oscuro sin iluminacion,Despejado,No,NO APLICA,99,99,99,99,1,14/01/2022,3
45,South Carolina,450020,0,0,1,0,31,DARLINGTON (31),0,NO APLICA,1,Enero,15,2022,8,10,SR-19 E SEVEN PINES STREET,3,Highway estatal,Rural,Colector Mayor,State Highway Agency,0,Sin jurisdiccion especial,107,34.26383611,-80.04852222,Puente de Ferrocarril,El primer evento no fue una colision con un vehiculo automotor en transporte,Not an Intersection,No fue interseccion,Sobre el lado de la calle,Ninguna,Dia total,Despejado,No,NO APLICA,99,98,99,98,1,15/01/2022,1
45,South Carolina,450021,0,0,1,0,85,SUMTER (85),0,NO APLICA,1,Enero,2,2022,0,50,SR-33 MCCRAYS MILL RD,3,Highway estatal,Urbano,Colector Mayor,State Highway Agency,0,Sin jurisdiccion especial,29,33.89724722,-80.39984722,Banqueta,El primer evento no fue una colision con un vehiculo automotor en transporte,Not an Intersection,No fue interseccion,Sobre el lado de la calle,Ninguna,Oscuro sin iluminacion,Despejado,No,NO APLICA,99,98,99,98,1,02/01/2022,1
45,South Carolina,450022,0,0,1,0,45,GREENVILLE (45),0,NO APLICA,1,Enero,4,2022,15,21,SR-52 HOLIDAY DAM RD,3,Highway estatal,Rural,Colector Mayor,State Highway Agency,0,Sin jurisdiccion especial,136,34.57685556,-82.38841111,Arbol,El primer evento no fue una colision con un vehiculo automotor en transporte,Not an Intersection,No fue interseccion,Sobre el lado de la calle,Ninguna,Dia total,Despejado,No,NO APLICA,99,98,99,98,1,04/01/2022,1
45,South Carolina,450023,0,0,1,0,53,JASPER (53),0,NO APLICA,1,Enero,7,2022,20,0,I-95,1,Interestatal,Rural,Interestatal,State Highway Agency,1,Sin jurisdiccion especial,285,32.57840278,-80.92919444,Poste de Señal de trafico,El primer evento no fue una colision con un vehiculo automotor en transporte,Not an Intersection,No fue interseccion,Sobre el lado de la calle,Ninguna,Oscuro sin iluminacion,Despejado,No,NO APLICA,99,98,99,98,1,07/01/2022,1
45,South Carolina,450024,0,0,2,0,77,PICKENS (77),0,NO APLICA,1,Enero,10,2022,12,0,SR-183 WALHALLA HWY,3,Highway estatal,Rural,Arteria Menor,State Highway Agency,0,Sin jurisdiccion especial,90,34.85930278,-82.78079722,Vehiculo en movimiento,Frente a frente,Not an Intersection,No fue interseccion,Sobre calle,Ninguna,Dia total,Despejado,No,NO APLICA,99,99,99,99,1,10/01/2022,2
45,South Carolina,450025,1,1,1,0,39,FAIRFIELD (39),0,NO APLICA,1,Enero,11,2022,5,37,I-77,1,Interestatal,Rural,Interestatal,State Highway Agency,1,Sin jurisdiccion especial,342,34.31056944,-81.00184444,Peaton,El primer evento no fue una colision con un vehiculo automotor en transporte,Not an Intersection,No fue interseccion,Sobre calle,Ninguna,Oscuro sin iluminacion,Despejado,No,NO APLICA,99,98,99,98,1,11/01/2022,1
45,South Carolina,450026,0,0,2,0,83,SPARTANBURG (83),0,NO APLICA,1,Enero,13,2022,15,32,I-26,1,Interestatal,Urbano,Interestatal,State Highway Agency,1,Sin jurisdiccion especial,142,35.02683056,-82.03531389,Vehiculo en movimiento,Angulo,Not an Intersection,No fue interseccion,Sobre calle,Ninguna,Dia total,Despejado,No,NO APLICA,99,98,99,98,1,13/01/2022,2
45,South Carolina,450027,0,0,4,0,91,YORK (91),0,NO APLICA,1,Enero,14,2022,16,0,I-77,1,Interestatal,Urbano,Interestatal,State Highway Agency,1,Sin jurisdiccion especial,891,35.07955556,-80.94280556,Vehiculo en movimiento,Frente a Detrás,Not an Intersection,No fue interseccion,Sobre calle,Ninguna,Dia total,Despejado,No,NO APLICA,99,99,99,99,1,14/01/2022,4
45,South Carolina,450028,0,0,1,0,79,RICHLAND (79),0,NO APLICA,1,Enero,15,2022,6,45,SR-222 OLD HOPKINS RD,3,Highway estatal,Rural,Colector Mayor,State Highway Agency,0,Sin jurisdiccion especial,52,33.92708333,-80.89986389,Arbol,El primer evento no fue una colision con un vehiculo automotor en transporte,Not an Intersection,No fue interseccion,Sobre el lado de la calle,Ninguna,Oscuro - iluminacion desconocida,Despejado,No,NO APLICA,99,98,99,98,1,15/01/2022,1
45,South Carolina,450029,0,0,1,0,51,HORRY (51),0,NO APLICA,1,Enero,15,2022,3,40,SR-1173 BOMBING RANGE RD,3,Highway estatal,Rural,Local,State Highway Agency,0,Sin jurisdiccion especial,8,33.84923611,-78.75905833,Arbol,El primer evento no fue una colision con un vehiculo automotor en transporte,Not an Intersection,No fue interseccion,Sobre el lado de la calle,Ninguna,Oscuro sin iluminacion,Despejado,No,NO APLICA,99,98,99,98,1,15/01/2022,1
45,South Carolina,450030,0,0,1,0,57,LANCASTER (57),0,NO APLICA,1,Enero,15,2022,22,25,SR-619 COLDSTREAM RD,3,Highway estatal,Rural,Local,State Highway Agency,0,Sin jurisdiccion especial,0,34.62452222,-80.70989722,Arbol,El primer evento no fue una colision con un vehiculo automotor en transporte,Not an Intersection,No fue interseccion,Sobre el lado de la calle,Ninguna,Oscuro sin iluminacion,Despejado,No,NO APLICA,99,98,99,98,1,15/01/2022,1
45,South Carolina,450031,0,0,2,0,7,ANDERSON (7),0,NO APLICA,1,Enero,15,2022,19,15,SR-54 BIG CREEK RD,3,Highway estatal,Rural,Colector Mayor,State Highway Agency,0,Sin jurisdiccion especial,31,34.58443889,-82.46246111,Vehiculo en movimiento,Angulo,Not an Intersection,No fue interseccion,Sobre calle,Ninguna,Oscuro sin iluminacion,Despejado,No,NO APLICA,99,99,99,99,1,15/01/2022,2
45,South Carolina,450032,0,0,1,0,21,CHEROKEE (21),0,NO APLICA,1,Enero,16,2022,2,7,SR-30 CHEROKEE FALLS RD,3,Highway estatal,Rural,Local,State Highway Agency,0,Sin jurisdiccion especial,59,35.07100556,-81.55068333,Arbol,El primer evento no fue una colision con un vehiculo automotor en transporte,Not an Intersection,No fue interseccion,Sobre el lado de la calle,Ninguna,Oscuro sin iluminacion,Nieve,No,NO APLICA,99,99,99,99,1,16/01/2022,2
45,South Carolina,450033,0,0,1,0,13,BEAUFORT (13),0,NO APLICA,1,Enero,16,2022,21,15,SR-46 MAY RIVER RD,3,Highway estatal,Urbano,Arteria Menor,State Highway Agency,0,Sin jurisdiccion especial,78,32.24028889,-80.88453056,Acotamiento,El primer evento no fue una colision con un vehiculo automotor en transporte,Not an Intersection,No fue interseccion,Sobre el lado de la calle,Ninguna,Oscuro sin iluminacion,Despejado,No,NO APLICA,99,98,99,98,1,16/01/2022,1
45,South Carolina,450034,0,0,1,0,19,CHARLESTON (19),410,CHARLESTON,1,Enero,16,2022,4,43,SR-REMOUNT RD,3,Highway estatal,Urbano,Arteria Menor,State Highway Agency,0,Sin jurisdiccion especial,16,32.89988889,-80.01181944,Vehiculo Ferrocarril,El primer evento no fue una colision con un vehiculo automotor en transporte,Not an Intersection,No fue interseccion,Sobre calle,Ninguna,Oscuro con iluminacion,lluvia,No,631980D,99,99,99,99,1,16/01/2022,2
45,South Carolina,450035,0,0,1,0,35,DORCHESTER (35),0,NO APLICA,1,Enero,16,2022,3,0,SR-16 ST MARK BOWMAN RD,3,Highway estatal,Rural,Colector Mayor,State Highway Agency,0,Sin jurisdiccion especial,18,33.25589444,-80.61234167,Acotamiento,El primer evento no fue una colision con un vehiculo automotor en transporte,T-Intersection,Interseccion de T,Sobre el lado de la calle,Ninguna,Oscuro sin iluminacion,lluvia,No,NO APLICA,99,99,99,99,1,16/01/2022,1
45,South Carolina,450036,0,0,3,0,79,RICHLAND (79),0,NO APLICA,1,Enero,19,2022,21,40,US-1 TWO NOTCH RD,2,US Highway,Urbano,Arteria Principal,State Highway Agency,1,Sin jurisdiccion especial,139,34.11188056,-80.89513056,Vehiculo en movimiento,Angulo,Four-Way Intersection,Interseccion de 4 direcciones,Sobre calle,Ninguna,Oscuro - iluminacion desconocida,No reportado,No,NO APLICA,99,99,99,99,1,19/01/2022,6
45,South Carolina,450037,0,0,2,0,85,SUMTER (85),0,NO APLICA,1,Enero,19,2022,19,35,US-15 HWY 15,2,US Highway,Rural,Arteria Principal,State Highway Agency,1,Sin jurisdiccion especial,15,33.79521111,-80.35681944,Vehiculo en movimiento,Frente a Detrás,T-Intersection,Interseccion de T,Sobre calle,Ninguna,Oscuro sin iluminacion,Despejado,No,NO APLICA,99,99,99,99,1,19/01/2022,6
45,South Carolina,450038,0,0,2,0,73,OCONEE (73),0,NO APLICA,1,Enero,20,2022,16,35,SR-13 RICHLAND RD,3,Highway estatal,Rural,Colector Mayor,State Highway Agency,0,Sin jurisdiccion especial,38,34.68161111,-83.01631111,Vehiculo en movimiento,Frente a frente,Not an Intersection,No fue interseccion,Sobre calle,Ninguna,Atardecer,Despejado,No,NO APLICA,99,99,99,99,1,20/01/2022,2
45,South Carolina,450039,0,0,2,0,41,FLORENCE (41),0,NO APLICA,1,Enero,20,2022,18,40,US-52 HWY 52,2,US Highway,Rural,Arteria Principal,State Highway Agency,1,Sin jurisdiccion especial,129,34.02183611,-79.75188333,Vehiculo en movimiento,Frente a frente,Not an Intersection,No fue interseccion,Sobre calle,Ninguna,Oscuro sin iluminacion,lluvia,No,NO APLICA,99,99,99,99,1,20/01/2022,5
45,South Carolina,450040,0,0,2,0,47,GREENWOOD (47),1050,GREENWOOD,1,Enero,22,2022,23,53,US-25 US 25 BYPASS,2,US Highway,Urbano,Arteria Principal,State Highway Agency,1,Sin jurisdiccion especial,194,34.19620556,-82.13504444,Vehiculo en movimiento,Angulo,Four-Way Intersection,Interseccion de 4 direcciones,Sobre calle,Ninguna,Oscuro con iluminacion,Despejado,No,NO APLICA,99,99,99,99,1,22/01/2022,2
45,South Carolina,450041,1,1,1,0,19,CHARLESTON (19),1805,NORTH CHARLESTON,1,Enero,22,2022,22,41,SR-75 ASHLEY PHOSPHTE RD,3,Highway estatal,Urbano,Arteria Menor,State Highway Agency,0,Sin jurisdiccion especial,4,32.93215,-80.05563889,Peaton,El primer evento no fue una colision con un vehiculo automotor en transporte,Not an Intersection,No fue interseccion,Sobre calle,Ninguna,Oscuro - iluminacion desconocida,Despejado,No,NO APLICA,99,99,99,99,1,22/01/2022,1
45,South Carolina,450042,1,1,1,0,75,ORANGEBURG (75),0,NO APLICA,1,Enero,23,2022,21,11,SR-6 OLD NUMBER SIX HWY,3,Highway estatal,Rural,Arteria Menor,State Highway Agency,0,Sin jurisdiccion especial,12,33.54827222,-80.59053611,Peaton,El primer evento no fue una colision con un vehiculo automotor en transporte,Not an Intersection,No fue interseccion,Sobre calle,Ninguna,Oscuro sin iluminacion,Despejado,No,NO APLICA,99,98,99,98,1,23/01/2022,2
45,South Carolina,450043,0,0,4,0,19,CHARLESTON (19),410,CHARLESTON,1,Enero,24,2022,19,20,I-26,1,Interestatal,Urbano,Interestatal,State Highway Agency,1,Sin jurisdiccion especial,2050,32.97493056,-80.07628056,Vehiculo en movimiento,Frente a Detrás,Not an Intersection,No fue interseccion,Sobre calle,Ninguna,Oscuro sin iluminacion,Despejado,No,NO APLICA,99,99,99,99,1,24/01/2022,4
45,South Carolina,450044,0,0,1,0,63,LEXINGTON (63),0,NO APLICA,1,Enero,25,2022,3,40,SR-113 WAGENER HWY,3,Highway estatal,Rural,Colector Mayor,State Highway Agency,0,Sin jurisdiccion especial,25,33.75719722,-81.36754444,Arbol,El primer evento no fue una colision con un vehiculo automotor en transporte,Not an Intersection,No fue interseccion,Sobre el lado de la calle,Ninguna,Oscuro - iluminacion desconocida,Despejado,No,NO APLICA,99,99,99,99,1,25/01/2022,2
45,South Carolina,450045,0,0,2,0,45,GREENVILLE (45),0,NO APLICA,1,Enero,25,2022,17,5,CR- BELVUE RD,4,Calle del Condado,Rural,Local,County Highway Agency,0,Sin jurisdiccion especial,15,35.00941667,-82.418425,Volcadura,El primer evento no fue una colision con un vehiculo automotor en transporte,Not an Intersection,No fue interseccion,Sobre calle,Ninguna,Dia total,Despejado,No,NO APLICA,99,99,99,99,1,25/01/2022,3
45,South Carolina,450046,0,0,2,0,59,LAURENS (59),0,NO APLICA,1,Enero,25,2022,9,35,SR-418 HWY 418,3,Highway estatal,Rural,Arteria Menor,State Highway Agency,0,Sin jurisdiccion especial,26,34.72436111,-82.16586111,Vehiculo en movimiento,Frente a frente,Not an Intersection,No fue interseccion,Sobre calle,Ninguna,Dia total,Despejado,No,NO APLICA,99,99,99,99,4,25/01/2022,4
45,South Carolina,450047,0,0,2,0,85,SUMTER (85),0,NO APLICA,1,Enero,28,2022,15,55,SR-40 N SAINT PAULS CHURCH RD,3,Highway estatal,Urbano,Colector Mayor,State Highway Agency,0,Sin jurisdiccion especial,10,33.95188611,-80.45135,Vehiculo en movimiento,Angulo,T-Intersection,Interseccion de T,Sobre calle,Ninguna,Dia total,Despejado,No,NO APLICA,99,99,99,99,1,28/01/2022,3
45,South Carolina,450048,0,0,1,0,61,LEE (61),0,NO APLICA,1,Enero,28,2022,22,10,I-20,1,Interestatal,Rural,Interestatal,State Highway Agency,1,Sin jurisdiccion especial,1098,34.20525278,-80.38762778,Arbol,El primer evento no fue una colision con un vehiculo automotor en transporte,Not an Intersection,No fue interseccion,Sobre el lado de la calle,Ninguna,Oscuro sin iluminacion,Despejado,No,NO APLICA,99,99,99,99,2,28/01/2022,2
45,South Carolina,450049,0,0,2,0,45,GREENVILLE (45),0,NO APLICA,1,Enero,29,2022,13,55,SR-14 HWY 14,3,Highway estatal,Urbano,Arteria Principal,State Highway Agency,0,Sin jurisdiccion especial,88,34.78015556,-82.25791944,Vehiculo en movimiento,Frente a frente,Not an Intersection,No fue interseccion,Sobre calle,Ninguna,Dia total,Despejado,No,NO APLICA,99,99,99,99,1,29/01/2022,2
45,South Carolina,450050,0,0,1,0,45,GREENVILLE (45),0,NO APLICA,1,Enero,29,2022,17,25,I-385,1,Interestatal,Urbano,Interestatal,State Highway Agency,1,Sin jurisdiccion especial,62,34.72395278,-82.39753056,Volcadura,El primer evento no fue una colision con un vehiculo automotor en transporte,Not an Intersection,No fue interseccion,Sobre calle,Ninguna,Dia total,Despejado,No,NO APLICA,99,99,99,99,1,29/01/2022,2
45,South Carolina,450051,0,0,2,0,61,LEE (61),0,NO APLICA,1,Enero,30,2022,17,5,SR-441 WOODROW STREET,3,Highway estatal,Rural,Colector Mayor,State Highway Agency,0,Sin jurisdiccion especial,36,34.12243611,-80.34974722,Vehiculo en movimiento,Frente a frente,Not an Intersection,No fue interseccion,Sobre calle,Ninguna,Dia total,Despejado,No,NO APLICA,99,99,99,99,2,30/01/2022,4
45,South Carolina,450052,0,0,1,0,85,SUMTER (85),0,NO APLICA,1,Enero,30,2022,22,5,SR-1250 MAYFIELD DRIVE,3,Highway estatal,Urbano,Local,State Highway Agency,0,Sin jurisdiccion especial,2,33.95841944,-80.47017222,Zanja,El primer evento no fue una colision con un vehiculo automotor en transporte,Not an Intersection,No fue interseccion,Sobre el lado de la calle,Ninguna,Oscuro sin iluminacion,Despejado,No,NO APLICA,99,98,99,98,1,30/01/2022,1
45,South Carolina,450053,1,1,1,0,45,GREENVILLE (45),0,NO APLICA,1,Enero,31,2022,20,10,I-385,1,Interestatal,Urbano,Interestatal,State Highway Agency,1,Sin jurisdiccion especial,234,34.68653889,-82.21493056,Peaton,El primer evento no fue una colision con un vehiculo automotor en transporte,Not an Intersection,No fue interseccion,Sobre calle,Ninguna,Oscuro sin iluminacion,Despejado,No,NO APLICA,99,98,99,98,1,31/01/2022,1
45,South Carolina,450054,0,0,2,0,41,FLORENCE (41),0,NO APLICA,1,Enero,3,2022,18,30,US-52,2,US Highway,Rural,Arteria Principal,State Highway Agency,1,Sin jurisdiccion especial,162,34.06496389,-79.76194167,Vehiculo en movimiento,Frente a frente,Four-Way Intersection,Interseccion de 4 direcciones,Sobre calle,Ninguna,Oscuro sin iluminacion,Despejado,No,NO APLICA,99,99,99,99,1,03/01/2022,4
45,South Carolina,450055,0,0,2,0,55,KERSHAW (55),0,NO APLICA,1,Enero,5,2022,20,15,US-521 SUMTER HWY,2,US Highway,Rural,Arteria Principal,State Highway Agency,1,Sin jurisdiccion especial,18,34.14901944,-80.56203333,Vehiculo en movimiento,Frente a frente,Not an Intersection,No fue interseccion,Sobre calle,Ninguna,Oscuro sin iluminacion,Despejado,No,NO APLICA,99,99,99,99,1,05/01/2022,4
45,South Carolina,450056,0,0,1,0,31,DARLINGTON (31),0,NO APLICA,1,Enero,9,2022,18,35,SR-60 SYRACUSE STREET,3,Highway estatal,Urbano,Local,State Highway Agency,0,Sin jurisdiccion especial,7,34.28439444,-79.89717222,Zanja,El primer evento no fue una colision con un vehiculo automotor en transporte,Not an Intersection,No fue interseccion,Sobre el lado de la calle,Ninguna,Oscuro sin iluminacion,Despejado,No,NO APLICA,99,99,99,99,1,09/01/2022,1
45,South Carolina,450057,0,0,1,0,79,RICHLAND (79),520,COLUMBIA,1,Enero,10,2022,9,48,SR-456 KOON RD,3,Highway estatal,Urbano,Local,State Highway Agency,0,Sin jurisdiccion especial,0,34.05361111,-81.01116944,Edificio,El primer evento no fue una colision con un vehiculo automotor en transporte,Not an Intersection,No fue interseccion,Fuera de la calle,Ninguna,Dia total,Despejado,No,NO APLICA,99,99,99,99,1,10/01/2022,3
45,South Carolina,450058,1,1,1,0,51,HORRY (51),1825,NORTH MYRTLE BEACH,1,Enero,20,2022,6,5,SR-31 CAROLINA BAYS PKY,3,Highway estatal,Urbano,Arteria Principal,State Highway Agency,0,Sin jurisdiccion especial,55,33.81421111,-78.74646944,Peaton,El primer evento no fue una colision con un vehiculo automotor en transporte,Not an Intersection,No fue interseccion,Sobre calle,Ninguna,Oscuro sin iluminacion,Despejado,No,NO APLICA,99,99,99,99,1,20/01/2022,1
45,South Carolina,450059,1,1,1,0,45,GREENVILLE (45),1040,GREENVILLE,1,Enero,27,2022,19,35,SR-291 S PLEASANTBURG DRIVE,3,Highway estatal,Urbano,Arteria Principal,State Highway Agency,0,Sin jurisdiccion especial,30,34.80693889,-82.37263056,Peaton,El primer evento no fue una colision con un vehiculo automotor en transporte,Not an Intersection,No fue interseccion,Sobre calle,Ninguna,Oscuro con iluminacion,Despejado,No,NO APLICA,99,98,99,98,1,27/01/2022,2
45,South Carolina,450060,1,1,1,0,3,AIKEN (3),20,AIKEN,1,Enero,28,2022,22,57,US-1 RICHLAND AVE W,2,US Highway,Urbano,Arteria Principal,State Highway Agency,1,Sin jurisdiccion especial,128,33.56306111,-81.77143889,Peaton,El primer evento no fue una colision con un vehiculo automotor en transporte,Not an Intersection,No fue interseccion,Sobre calle,Ninguna,Oscuro con iluminacion,Despejado,No,NO APLICA,99,98,99,98,1,28/01/2022,1
45,South Carolina,450061,1,1,1,0,19,CHARLESTON (19),85,AWENDAW,1,Enero,28,2022,18,42,US-17,2,US Highway,Rural,Arteria Principal,State Highway Agency,1,Sin jurisdiccion especial,571,33.02455278,-79.62998056,Peaton,El primer evento no fue una colision con un vehiculo automotor en transporte,Not an Intersection,No fue interseccion,Sobre calle,Ninguna,Oscuro sin iluminacion,Despejado,No,NO APLICA,99,98,99,98,1,28/01/2022,1
45,South Carolina,450062,0,0,2,0,73,OCONEE (73),0,NO APLICA,2,Febrero,1,2022,19,15,SR-130 WHITEWATER FALLS RD,3,Highway estatal,Rural,Colector Mayor,State Highway Agency,0,Sin jurisdiccion especial,242,34.957075,-83.01974167,Vehiculo en movimiento,Golpe Lateral - direccion contraria,Not an Intersection,No fue interseccion,Sobre calle,Ninguna,Oscuro sin iluminacion,Despejado,No,NO APLICA,99,99,99,99,1,01/02/2022,2
45,South Carolina,450063,1,1,1,0,41,FLORENCE (41),0,NO APLICA,2,Febrero,1,2022,21,33,SR-13 HOFFMEYER RD,3,Highway estatal,Urbano,Arteria Menor,State Highway Agency,0,Sin jurisdiccion especial,32,34.19668889,-79.81735,Peaton,El primer evento no fue una colision con un vehiculo automotor en transporte,Not an Intersection,No fue interseccion,Sobre calle,Ninguna,Oscuro con iluminacion,Despejado,No,NO APLICA,99,98,99,98,1,01/02/2022,1
45,South Carolina,450064,0,0,2,0,21,CHEROKEE (21),0,NO APLICA,2,Febrero,1,2022,10,0,US-29 OLD GEORGIA HWY,2,US Highway,Rural,Arteria Principal,State Highway Agency,1,Sin jurisdiccion especial,31,35.01651111,-81.73854167,Vehiculo en movimiento,Golpe Lateral - misma direccion,Not an Intersection,No fue interseccion,Sobre calle,Ninguna,Dia total,Despejado,No,NO APLICA,99,99,99,99,1,01/02/2022,2
45,South Carolina,450065,0,0,2,0,85,SUMTER (85),0,NO APLICA,2,Febrero,1,2022,16,0,US-521,2,US Highway,Rural,Arteria Principal,State Highway Agency,1,Sin jurisdiccion especial,188,34.01233889,-80.44671111,Vehiculo en movimiento,Frente a Detrás,Not an Intersection,No fue interseccion,Sobre calle,Ninguna,Dia total,Despejado,No,NO APLICA,99,99,99,99,1,01/02/2022,2
45,South Carolina,450066,0,0,3,0,45,GREENVILLE (45),0,NO APLICA,2,Febrero,2,2022,7,20,SR-81 ANDERSON RD,3,Highway estatal,Urbano,Arteria Menor,State Highway Agency,0,Sin jurisdiccion especial,7,34.80255556,-82.46115278,Vehiculo en movimiento,Frente a frente,Not an Intersection,No fue interseccion,Sobre calle,Ninguna,Amanecer,Despejado,No,NO APLICA,99,99,99,99,1,02/02/2022,3
45,South Carolina,450067,1,1,1,0,85,SUMTER (85),0,NO APLICA,2,Febrero,2,2022,18,18,US-76 ROBERT E GRAHAM FWY,2,US Highway,Urbano,Arterial Principal -Freeway o ExpressWay,State Highway Agency,1,Sin jurisdiccion especial,169,33.94706944,-80.35412222,Ciclista,El primer evento no fue una colision con un vehiculo automotor en transporte,Not an Intersection,No fue interseccion,Sobre calle,Ninguna,Oscuro sin iluminacion,Despejado,No,NO APLICA,99,99,99,99,1,02/02/2022,1
45,South Carolina,450068,1,1,1,0,41,FLORENCE (41),0,NO APLICA,2,Febrero,2,2022,21,32,US-76 E PALMETTO STREET,2,US Highway,Urbano,Arteria Principal,State Highway Agency,1,Sin jurisdiccion especial,230,34.19663889,-79.68975556,Peaton,El primer evento no fue una colision con un vehiculo automotor en transporte,Not an Intersection,No fue interseccion,Sobre calle,Ninguna,Oscuro con iluminacion,Despejado,No,NO APLICA,99,98,99,98,1,02/02/2022,2
45,South Carolina,450069,0,0,1,0,15,BERKELEY (15),0,NO APLICA,2,Febrero,3,2022,11,35,SR-360 OLD CHERRY HILL RD,3,Highway estatal,Rural,Local,State Highway Agency,0,Sin jurisdiccion especial,18,33.22978056,-79.94221111,Zanja,El primer evento no fue una colision con un vehiculo automotor en transporte,Not an Intersection,No fue interseccion,Sobre el lado de la calle,Ninguna,Dia total,Despejado,No,NO APLICA,99,99,99,99,2,03/02/2022,3
45,South Carolina,450070,0,0,3,0,75,ORANGEBURG (75),0,NO APLICA,2,Febrero,3,2022,17,0,SR-33 CAMERON RD,3,Highway estatal,Rural,Colector Mayor,State Highway Agency,0,Sin jurisdiccion especial,68,33.52678611,-80.77668889,Vehiculo en movimiento,Frente a Detrás,Not an Intersection,No fue interseccion,Sobre calle,Ninguna,Dia total,Despejado,No,NO APLICA,99,99,99,99,1,03/02/2022,6
45,South Carolina,450071,1,1,1,0,51,HORRY (51),0,NO APLICA,2,Febrero,4,2022,5,29,SR-31 RED BLUFF RD,3,Highway estatal,Rural,Colector Mayor,State Highway Agency,0,Sin jurisdiccion especial,132,34.03033889,-78.88294444,Ciclista,El primer evento no fue una colision con un vehiculo automotor en transporte,Not an Intersection,No fue interseccion,Sobre calle,Ninguna,Oscuro sin iluminacion,Despejado,No,NO APLICA,99,99,99,99,1,04/02/2022,1
45,South Carolina,450072,0,0,3,0,43,GEORGETOWN (43),0,NO APLICA,2,Febrero,4,2022,11,53,US-701 N FRASER STREET,2,US Highway,Rural,Arteria Principal,State Highway Agency,1,Sin jurisdiccion especial,109,33.52074167,-79.24582778,Vehiculo en movimiento,Frente a Detrás,Not an Intersection,No fue interseccion,Sobre calle,Ninguna,Dia total,Despejado,No,NO APLICA,99,99,99,99,1,04/02/2022,3
45,South Carolina,450073,0,0,1,0,51,HORRY (51),0,NO APLICA,2,Febrero,5,2022,0,41,SR-109 PAULEY SWAMP RD,3,Highway estatal,Rural,Local,State Highway Agency,0,Sin jurisdiccion especial,35,33.77881667,-79.125175,Zanja,El primer evento no fue una colision con un vehiculo automotor en transporte,Not an Intersection,No fue interseccion,Sobre el lado de la calle,Ninguna,Oscuro sin iluminacion,Nublado,No,NO APLICA,99,98,99,98,1,05/02/2022,1
45,South Carolina,450074,1,1,1,0,35,DORCHESTER (35),0,NO APLICA,2,Febrero,5,2022,19,41,US-15 HWY 15,2,US Highway,Rural,Arteria Principal,State Highway Agency,1,Sin jurisdiccion especial,150,33.25487222,-80.52741389,Peaton,El primer evento no fue una colision con un vehiculo automotor en transporte,Four-Way Intersection,Interseccion de 4 direcciones,Sobre calle,Ninguna,Oscuro con iluminacion,Despejado,No,NO APLICA,99,98,99,98,1,05/02/2022,1
45,South Carolina,450075,0,0,2,0,3,AIKEN (3),0,NO APLICA,2,Febrero,6,2022,18,20,SR-254 LANGLEY DAM RD,3,Highway estatal,Urbano,Colector Mayor,State Highway Agency,0,Sin jurisdiccion especial,3,33.5176,-81.84683889,Vehiculo en movimiento,Angulo,T-Intersection,Interseccion de T,Sobre calle,Ninguna,Oscuro con iluminacion,lluvia,No,NO APLICA,99,99,99,99,1,06/02/2022,2
45,South Carolina,450076,1,1,1,0,45,GREENVILLE (45),0,NO APLICA,2,Febrero,6,2022,20,8,US-276 POINSETT HWY,2,US Highway,Urbano,Arteria Principal,State Highway Agency,1,Sin jurisdiccion especial,307,34.89698056,-82.41195556,Peaton,El primer evento no fue una colision con un vehiculo automotor en transporte,Not an Intersection,No fue interseccion,Sobre calle,Ninguna,Oscuro sin iluminacion,Despejado,No,NO APLICA,99,98,99,98,1,06/02/2022,4
45,South Carolina,450077,1,1,1,0,77,PICKENS (77),0,NO APLICA,2,Febrero,7,2022,7,3,SR-135 PRINCE PERRY RD,3,Highway estatal,Urbano,Colector Mayor,State Highway Agency,0,Sin jurisdiccion especial,21,34.83569444,-82.55235556,No vehiculo o remolque,El primer evento no fue una colision con un vehiculo automotor en transporte,Not an Intersection,No fue interseccion,Sobre calle,Ninguna,Amanecer,lluvia,No,NO APLICA,99,98,99,98,1,07/02/2022,1