Estado,Nombre de Estado,Numero de Caso,Peatones,Personas _no_vehiculos,Vehiculos automotores,Vehiculos estacionados,Condado,Nombre Condado,Ciudad,Nombre Ciudad,Mes,Nombre Mes,Dia,Año,Hora,Minuto,Calle,Ruta,Nombre Ruta,Rural o Urbanoo,Sistema Funcional,Dueño Calle,Sistema Nacional Carreteras,Jurisdiccion Especial,Milla,Latitud,Longitud,Causa del Accidente,Tipo de Accidente,Tipo Interseccion,Columna1,Lugar en la calle,Zona de Trabajo,Luz,Clima,Autobus Escolar,Cruce de Trenes,Hora Notificacion,Minuto Notificacion,Hora Llegada,Minuto Llegada,Decesos,Fecha,PersonaVehiculo
45,South Carolina,450078,0,0,2,0,57,LANCASTER (57),0,NO APLICA,2,Febrero,7,2022,10,25,SR-97 CEDAR CREEK RD,3,Highway estatal,Rural,Arteria Menor,State Highway Agency,0,Sin jurisdiccion especial,85,34.51237778,-80.83096389,Vehiculo en movimiento,Angulo,Not an Intersection,No fue interseccion,Sobre calle,Ninguna,Dia total,lluvia,No,NO APLICA,99,99,99,99,1,07/02/2022,3
45,South Carolina,450079,0,0,2,0,79,RICHLAND (79),0,NO APLICA,2,Febrero,7,2022,11,57,US-321 WINNSBORO RD,2,US Highway,Rural,Arteria Menor,State Highway Agency,0,Sin jurisdiccion especial,156,34.18663333,-81.04481667,Vehiculo en movimiento,Frente a frente,Not an Intersection,No fue interseccion,Sobre calle,Ninguna,Dia total,lluvia,No,NO APLICA,99,99,99,99,1,07/02/2022,2
45,South Carolina,450080,1,1,1,0,77,PICKENS (77),0,NO APLICA,2,Febrero,7,2022,20,40,SR-304 BREAZEALE RD,3,Highway estatal,Urbano,Colector Mayor,State Highway Agency,0,Sin jurisdiccion especial,3,34.82153611,-82.69701389,Ciclista,El primer evento no fue una colision con un vehiculo automotor en transporte,Not an Intersection,No fue interseccion,Sobre calle,Ninguna,Oscuro sin iluminacion,Despejado,No,NO APLICA,99,98,99,98,1,07/02/2022,1
45,South Carolina,450081,0,0,2,0,43,GEORGETOWN (43),0,NO APLICA,2,Febrero,7,2022,21,10,US-17 HIGHMARKET STREET,2,US Highway,Rural,Arteria Principal,State Highway Agency,1,Sin jurisdiccion especial,182,33.37833889,-79.43339722,Vehiculo en movimiento,Frente a frente,Not an Intersection,No fue interseccion,Sobre calle,Ninguna,Oscuro sin iluminacion,lluvia,No,NO APLICA,99,99,99,99,1,07/02/2022,3
45,South Carolina,450082,0,0,2,0,63,LEXINGTON (63),0,NO APLICA,2,Febrero,8,2022,22,23,US-321,2,US Highway,Urbano,Arteria Principal,State Highway Agency,1,Sin jurisdiccion especial,130,33.86168056,-81.080425,Vehiculo en movimiento,Angulo,Not an Intersection,No fue interseccion,Sobre calle,Ninguna,Oscuro sin iluminacion,Despejado,No,NO APLICA,99,99,99,99,1,08/02/2022,2
45,South Carolina,450083,0,0,2,0,51,HORRY (51),540,CONWAY,2,Febrero,10,2022,21,26,US-501,2,US Highway,Urbano,Arteria Principal,State Highway Agency,1,Sin jurisdiccion especial,257,33.78375,-78.99046111,Vehiculo en movimiento,Angulo,T-Intersection,Interseccion de T,Sobre calle,Ninguna,Oscuro sin iluminacion,Despejado,No,NO APLICA,99,99,99,99,1,10/02/2022,2
45,South Carolina,450084,0,0,1,0,47,GREENWOOD (47),0,NO APLICA,2,Febrero,12,2022,4,30,SR-166 TILLMAN TERRITORY RD,3,Highway estatal,Rural,Colector Mayor,State Highway Agency,0,Sin jurisdiccion especial,54,34.10660833,-82.01541667,Zanja,El primer evento no fue una colision con un vehiculo automotor en transporte,Not an Intersection,No fue interseccion,Sobre el lado de la calle,Ninguna,Oscuro sin iluminacion,Despejado,No,NO APLICA,99,99,99,99,1,12/02/2022,1
45,South Carolina,450085,1,1,1,0,51,HORRY (51),0,NO APLICA,2,Febrero,12,2022,4,47,SR-90 HWY 90,3,Highway estatal,Rural,Arteria Menor,State Highway Agency,0,Sin jurisdiccion especial,172,33.85864722,-78.74070278,Peaton,El primer evento no fue una colision con un vehiculo automotor en transporte,Not an Intersection,No fue interseccion,Sobre calle,Ninguna,Oscuro sin iluminacion,Despejado,No,NO APLICA,99,98,99,98,1,12/02/2022,1
45,South Carolina,450086,1,1,1,0,25,CHESTERFIELD (25),0,NO APLICA,2,Febrero,12,2022,15,28,SR-683 GUESS RD,3,Highway estatal,Rural,Local,State Highway Agency,0,Sin jurisdiccion especial,72,34.75477778,-80.31166389,Peaton,El primer evento no fue una colision con un vehiculo automotor en transporte,Not an Intersection,No fue interseccion,Sobre calle,Ninguna,Dia total,Despejado,No,NO APLICA,99,99,99,99,1,12/02/2022,4
45,South Carolina,450087,0,0,1,0,51,HORRY (51),0,NO APLICA,2,Febrero,12,2022,16,30,SR-65 HWY 65,3,Highway estatal,Rural,Local,State Highway Agency,0,Sin jurisdiccion especial,34,33.91769722,-79.00145,Zanja,El primer evento no fue una colision con un vehiculo automotor en transporte,Not an Intersection,No fue interseccion,Sobre el lado de la calle,Ninguna,Dia total,Despejado,No,NO APLICA,99,99,99,99,1,12/02/2022,1
45,South Carolina,450088,0,0,1,0,55,KERSHAW (55),0,NO APLICA,2,Febrero,13,2022,4,40,US-521 KERSHAW HWY,2,US Highway,Rural,Arteria Principal,State Highway Agency,1,Sin jurisdiccion especial,53,34.41869444,-80.59986944,Arbol,El primer evento no fue una colision con un vehiculo automotor en transporte,Not an Intersection,No fue interseccion,Sobre el lado de la calle,Ninguna,Oscuro sin iluminacion,Despejado,No,NO APLICA,99,99,99,99,2,13/02/2022,3
45,South Carolina,450089,0,0,1,0,37,EDGEFIELD (37),0,NO APLICA,2,Febrero,13,2022,18,15,SR-430 MEETING STREET RD,3,Highway estatal,Rural,Colector Mayor,State Highway Agency,0,Sin jurisdiccion especial,62,33.86036944,-81.93451111,Zanja,El primer evento no fue una colision con un vehiculo automotor en transporte,Not an Intersection,No fue interseccion,Sobre el lado de la calle,Ninguna,Atardecer,Despejado,No,NO APLICA,99,99,99,99,1,13/02/2022,2
45,South Carolina,450090,1,1,1,0,69,MARLBORO (69),0,NO APLICA,2,Febrero,13,2022,19,10,SR-177 HWY 177,3,Highway estatal,Rural,Arteria Menor,State Highway Agency,0,Sin jurisdiccion especial,3,34.71988889,-79.84156944,Ciclista,El primer evento no fue una colision con un vehiculo automotor en transporte,T-Intersection,Interseccion de T,Sobre calle,Ninguna,Oscuro sin iluminacion,Despejado,No,NO APLICA,99,99,99,99,1,13/02/2022,1
45,South Carolina,450091,0,0,1,0,51,HORRY (51),0,NO APLICA,2,Febrero,14,2022,1,45,US-17,2,US Highway,Urbano,Arteria Principal,State Highway Agency,1,Sin jurisdiccion especial,219,33.78695556,-78.77424722,Acotamiento,El primer evento no fue una colision con un vehiculo automotor en transporte,Not an Intersection,No fue interseccion,Sobre el lado de la calle,Ninguna,Oscuro sin iluminacion,Despejado,No,NO APLICA,99,98,99,98,1,14/02/2022,1
45,South Carolina,450092,0,0,1,0,45,GREENVILLE (45),0,NO APLICA,2,Febrero,14,2022,16,8,SR-11  HWY 11,3,Highway estatal,Rural,Arteria Menor,State Highway Agency,0,Sin jurisdiccion especial,126,35.10146111,-82.40709444,Zanja,El primer evento no fue una colision con un vehiculo automotor en transporte,Not an Intersection,No fue interseccion,Sobre el lado de la calle,Ninguna,Dia total,Despejado,No,NO APLICA,99,99,99,99,1,14/02/2022,1
45,South Carolina,450093,0,0,1,0,59,LAURENS (59),0,NO APLICA,2,Febrero,14,2022,16,50,SR-92 HWY 92,3,Highway estatal,Rural,Colector Mayor,State Highway Agency,0,Sin jurisdiccion especial,21,34.61906111,-82.07926111,Zanja,El primer evento no fue una colision con un vehiculo automotor en transporte,Not an Intersection,No fue interseccion,Sobre el lado de la calle,Ninguna,Oscuro sin iluminacion,Despejado,No,NO APLICA,99,99,99,99,1,14/02/2022,1
45,South Carolina,450094,0,0,2,0,53,JASPER (53),2150,RIDGELAND,2,Febrero,14,2022,17,4,US-17 JACOB SMART BLVD,2,US Highway,Urbano,Arteria Principal,State Highway Agency,1,Sin jurisdiccion especial,24,32.46841944,-80.98828056,Vehiculo en movimiento,Angulo,Four-Way Intersection,Interseccion de 4 direcciones,Sobre calle,Ninguna,Dia total,Despejado,No,NO APLICA,99,99,99,99,1,14/02/2022,2
45,South Carolina,450095,0,0,1,0,73,OCONEE (73),0,NO APLICA,2,Febrero,14,2022,20,25,CR-BROWN FARM RD,4,Calle del Condado,Rural,Local,County Highway Agency,0,Sin jurisdiccion especial,19,34.64007222,-83.01651944,Poste o otros soportes,El primer evento no fue una colision con un vehiculo automotor en transporte,Not an Intersection,No fue interseccion,Sobre el lado de la calle,Ninguna,Oscuro sin iluminacion,Despejado,No,NO APLICA,99,99,99,99,1,14/02/2022,1
45,South Carolina,450096,0,0,1,0,9,BAMBERG (9),770,EHRHARDT,2,Febrero,15,2022,6,48,SR-23 EHRHARDT RD,3,Highway estatal,Rural,Colector Mayor,State Highway Agency,0,Sin jurisdiccion especial,0,33.09958056,-81.01731111,Muro,El primer evento no fue una colision con un vehiculo automotor en transporte,Not an Intersection,No fue interseccion,Sobre el lado de la calle,Ninguna,Oscuro - iluminacion desconocida,Despejado,No,NO APLICA,99,99,99,99,1,15/02/2022,1
45,South Carolina,450097,0,0,2,0,41,FLORENCE (41),0,NO APLICA,2,Febrero,15,2022,9,25,US-52,2,US Highway,Rural,Arteria Principal,State Highway Agency,1,Sin jurisdiccion especial,69,33.93179444,-79.74665556,Vehiculo en movimiento,Angulo,T-Intersection,Interseccion de T,Sobre calle,Ninguna,Dia total,Despejado,No,NO APLICA,99,99,99,99,1,15/02/2022,2
45,South Carolina,450098,0,0,3,0,51,HORRY (51),0,NO APLICA,2,Febrero,15,2022,9,32,SR-701 HWY 701,3,Highway estatal,Rural,Arteria Menor,State Highway Agency,0,Sin jurisdiccion especial,211,33.92699722,-79.03754444,Vehiculo en movimiento,Angulo,Not an Intersection,No fue interseccion,Sobre calle,Ninguna,Dia total,Despejado,No,NO APLICA,99,99,99,99,1,15/02/2022,3
45,South Carolina,450099,0,0,1,0,77,PICKENS (77),0,NO APLICA,2,Febrero,15,2022,19,19,SR-304 BREAZEALE RD,3,Highway estatal,Rural,Colector Mayor,State Highway Agency,0,Sin jurisdiccion especial,13,34.82796389,-82.68328056,Zanja,El primer evento no fue una colision con un vehiculo automotor en transporte,Not an Intersection,No fue interseccion,Sobre el lado de la calle,Ninguna,Oscuro sin iluminacion,Despejado,No,NO APLICA,99,99,99,99,1,15/02/2022,1
45,South Carolina,450100,0,0,2,0,79,RICHLAND (79),0,NO APLICA,2,Febrero,16,2022,0,37,US-176,2,US Highway,Urbano,Arteria Principal,State Highway Agency,1,Sin jurisdiccion especial,188,34.05049167,-81.10616389,Otra no colicion,El primer evento no fue una colision con un vehiculo automotor en transporte,Not an Intersection,No fue interseccion,Sobre calle,Ninguna,Oscuro con iluminacion,Despejado,No,NO APLICA,99,98,99,98,1,16/02/2022,4
45,South Carolina,450101,0,0,2,0,71,NEWBERRY (71),0,NO APLICA,2,Febrero,16,2022,6,30,US-176 HWY 176,2,US Highway,Rural,Arteria Principal,State Highway Agency,1,Sin jurisdiccion especial,199,34.28350556,-81.43788333,Vehiculo en movimiento,Frente a frente,Not an Intersection,No fue interseccion,Sobre calle,Ninguna,Oscuro sin iluminacion,Despejado,No,NO APLICA,99,99,99,99,1,16/02/2022,2
45,South Carolina,450102,0,0,1,0,45,GREENVILLE (45),0,NO APLICA,2,Febrero,16,2022,8,30,SR-360 CRESTFIELD RD,3,Highway estatal,Urbano,Colector Mayor,State Highway Agency,0,Sin jurisdiccion especial,5,34.78268889,-82.38910833,Zanja,El primer evento no fue una colision con un vehiculo automotor en transporte,Not an Intersection,No fue interseccion,Sobre el lado de la calle,Ninguna,Dia total,Despejado,No,NO APLICA,99,99,99,99,1,16/02/2022,2
45,South Carolina,450103,0,0,1,0,89,WILLIAMSBURG (89),0,NO APLICA,2,Febrero,16,2022,19,55,US-52 WILLIAMSBURG COUNTY HWY,2,US Highway,Rural,Arteria Principal,State Highway Agency,1,Sin jurisdiccion especial,22,33.52809722,-79.95332222,Arbol,El primer evento no fue una colision con un vehiculo automotor en transporte,Not an Intersection,No fue interseccion,Sobre el lado de la calle,Ninguna,Oscuro - iluminacion desconocida,lluvia,No,NO APLICA,99,99,99,99,2,16/02/2022,3
45,South Carolina,450104,0,0,1,0,75,ORANGEBURG (75),0,NO APLICA,1,Enero,22,2022,15,31,US-21 ROWESVILLE RD,2,US Highway,Rural,Arteria Principal,State Highway Agency,1,Sin jurisdiccion especial,203,33.45810278,-80.84531389,Arbol,El primer evento no fue una colision con un vehiculo automotor en transporte,Not an Intersection,No fue interseccion,Sobre el lado de la calle,Ninguna,Dia total,Despejado,No,NO APLICA,99,99,99,99,1,22/01/2022,1
45,South Carolina,450105,0,0,1,0,51,HORRY (51),0,NO APLICA,2,Febrero,17,2022,21,20,SR-544 DICK POND RD,3,Highway estatal,Urbano,Arteria Principal,State Highway Agency,0,Sin jurisdiccion especial,127,33.64771111,-78.97576111,Banqueta,El primer evento no fue una colision con un vehiculo automotor en transporte,Not an Intersection,No fue interseccion,Sobre el lado de la calle,Ninguna,Oscuro con iluminacion,Despejado,No,NO APLICA,99,99,99,99,1,17/02/2022,1
45,South Carolina,450106,0,0,1,0,43,GEORGETOWN (43),0,NO APLICA,2,Febrero,17,2022,22,35,SR-22 KENT RD,3,Highway estatal,Rural,Colector Mayor,State Highway Agency,0,Sin jurisdiccion especial,49,33.42636389,-79.48122222,Buzon de correo,El primer evento no fue una colision con un vehiculo automotor en transporte,Not an Intersection,No fue interseccion,Sobre el lado de la calle,Ninguna,Oscuro sin iluminacion,Despejado,No,NO APLICA,99,99,99,99,2,17/02/2022,3
45,South Carolina,450107,0,0,1,0,45,GREENVILLE (45),1060,GREER,2,Febrero,18,2022,15,30,SR-295 TAYLOR RD,3,Highway estatal,Urbano,Colector Mayor,State Highway Agency,0,Sin jurisdiccion especial,21,34.96143056,-82.23706111,Zanja,El primer evento no fue una colision con un vehiculo automotor en transporte,Not an Intersection,No fue interseccion,Sobre el lado de la calle,Ninguna,Dia total,Despejado,No,NO APLICA,99,99,99,99,1,18/02/2022,1
45,South Carolina,450108,0,0,2,0,85,SUMTER (85),0,NO APLICA,2,Febrero,18,2022,18,0,US-76 BROAD STREET,2,US Highway,Rural,Arteria Principal,State Highway Agency,1,Sin jurisdiccion especial,96,33.96106667,-80.47073889,Vehiculo en movimiento,Frente a Detrás,Not an Intersection,No fue interseccion,Sobre calle,Ninguna,Dia total,Despejado,No,NO APLICA,99,99,99,99,1,18/02/2022,2
45,South Carolina,450109,0,0,1,0,7,ANDERSON (7),0,NO APLICA,2,Febrero,18,2022,22,42,I-85,1,Interestatal,Rural,Interestatal,State Highway Agency,1,Sin jurisdiccion especial,120,34.53301111,-82.83106944,Arbol,El primer evento no fue una colision con un vehiculo automotor en transporte,Not an Intersection,No fue interseccion,Sobre el lado de la calle,Ninguna,Oscuro sin iluminacion,Despejado,No,NO APLICA,99,99,99,99,1,18/02/2022,1
45,South Carolina,450110,0,0,2,0,45,GREENVILLE (45),0,NO APLICA,2,Febrero,19,2022,17,28,SR-166 W LEE RD,3,Highway estatal,Urbano,Colector Menor,State Highway Agency,0,Sin jurisdiccion especial,89,34.89451389,-82.35606111,Vehiculo en movimiento,Frente a Detrás,Not an Intersection,No fue interseccion,Sobre calle,Ninguna,Dia total,Despejado,No,NO APLICA,99,99,99,99,1,19/02/2022,2
45,South Carolina,450111,0,0,1,0,43,GEORGETOWN (43),0,NO APLICA,2,Febrero,19,2022,17,35,SR-179 DUNBAR RD,3,Highway estatal,Rural,Colector Mayor,State Highway Agency,0,Sin jurisdiccion especial,7,33.50788611,-79.35984722,Zanja,El primer evento no fue una colision con un vehiculo automotor en transporte,Not an Intersection,No fue interseccion,Sobre el lado de la calle,Ninguna,Atardecer,Despejado,No,NO APLICA,99,99,99,99,2,19/02/2022,3
45,South Carolina,450112,0,0,2,0,63,LEXINGTON (63),0,NO APLICA,2,Febrero,19,2022,19,25,SR-278 CALKS FERRY RD,3,Highway estatal,Rural,Colector Mayor,State Highway Agency,0,Sin jurisdiccion especial,35,33.92378611,-81.32948056,Vehiculo en movimiento,Frente a frente,Not an Intersection,No fue interseccion,Sobre calle,Ninguna,Oscuro sin iluminacion,Despejado,No,NO APLICA,99,99,99,99,1,19/02/2022,7
45,South Carolina,450113,0,0,2,0,45,GREENVILLE (45),0,NO APLICA,2,Febrero,20,2022,9,29,US-25 WHITE HORSE RD,2,US Highway,Urbano,Arteria Principal,State Highway Agency,1,Sin jurisdiccion especial,224,34.78546944,-82.41182222,Vehiculo en movimiento,Frente a frente,Not an Intersection,No fue interseccion,Sobre calle,Ninguna,Dia total,Despejado,No,NO APLICA,99,98,99,98,2,20/02/2022,3
45,South Carolina,450114,0,0,3,0,53,JASPER (53),0,NO APLICA,2,Febrero,21,2022,9,43,US-378 INDEPENDENCE BLVD,2,US Highway,Rural,Arteria Principal,State Highway Agency,1,Sin jurisdiccion especial,349,32.30814444,-80.97651111,Vehiculo en movimiento,Angulo,Four-Way Intersection,Interseccion de 4 direcciones,Sobre calle,Ninguna,Dia total,Despejado,No,NO APLICA,99,99,99,99,1,21/02/2022,3
45,South Carolina,450115,0,0,1,0,71,NEWBERRY (71),0,NO APLICA,2,Febrero,21,2022,18,10,US-76,2,US Highway,Rural,Arteria Principal,State Highway Agency,1,Sin jurisdiccion especial,62,34.34509722,-81.68634722,Volcadura,El primer evento no fue una colision con un vehiculo automotor en transporte,Not an Intersection,No fue interseccion,Sobre calle,Ninguna,Atardecer,Nublado,No,NO APLICA,99,98,99,98,1,21/02/2022,1
45,South Carolina,450116,0,0,1,0,35,DORCHESTER (35),0,NO APLICA,2,Febrero,22,2022,11,32,I-26,1,Interestatal,Rural,Interestatal,State Highway Agency,1,Sin jurisdiccion especial,1778,33.23118056,-80.44293056,Barda,El primer evento no fue una colision con un vehiculo automotor en transporte,Not an Intersection,No fue interseccion,En el medio,Ninguna,Dia total,Despejado,No,NO APLICA,99,98,99,98,1,22/02/2022,1
45,South Carolina,450117,1,1,1,0,79,RICHLAND (79),0,NO APLICA,2,Febrero,23,2022,5,55,SR-555 FARROW RD,3,Highway estatal,Urbano,Arteria Menor,State Highway Agency,0,Sin jurisdiccion especial,86,34.10496389,-80.95409722,Peaton,El primer evento no fue una colision con un vehiculo automotor en transporte,Not an Intersection,No fue interseccion,Sobre calle,Ninguna,Oscuro sin iluminacion,Despejado,No,NO APLICA,99,98,99,98,1,23/02/2022,1
45,South Carolina,450118,0,0,2,0,57,LANCASTER (57),0,NO APLICA,2,Febrero,23,2022,16,50,US-521,2,US Highway,Rural,Arteria Principal,State Highway Agency,1,Sin jurisdiccion especial,259,34.77618889,-80.79180278,Vehiculo en movimiento,Angulo,Not an Intersection,No fue interseccion,Sobre calle,Ninguna,Dia total,Despejado,No,NO APLICA,99,99,99,99,1,23/02/2022,2
45,South Carolina,450119,1,1,1,0,51,HORRY (51),0,NO APLICA,2,Febrero,23,2022,19,45,SR-616 DICK POND RD,3,Highway estatal,Urbano,Arteria Menor,State Highway Agency,0,Sin jurisdiccion especial,10,33.68236111,-79.00077778,Peaton,El primer evento no fue una colision con un vehiculo automotor en transporte,Not an Intersection,No fue interseccion,Sobre calle,Ninguna,Oscuro sin iluminacion,Despejado,No,NO APLICA,99,99,99,99,1,23/02/2022,1
45,South Carolina,450120,1,1,1,0,51,HORRY (51),0,NO APLICA,2,Febrero,24,2022,2,25,US-501,2,US Highway,Urbano,Arteria Principal,State Highway Agency,1,Sin jurisdiccion especial,173,33.72036111,-78.92991667,Peaton,El primer evento no fue una colision con un vehiculo automotor en transporte,Not an Intersection,No fue interseccion,Sobre calle,Ninguna,Oscuro sin iluminacion,Despejado,No,NO APLICA,99,98,99,98,1,24/02/2022,1
45,South Carolina,450121,0,0,1,0,45,GREENVILLE (45),0,NO APLICA,2,Febrero,24,2022,3,0,US-25 AUGUSTA RD,2,US Highway,Rural,Arteria Principal,State Highway Agency,1,Sin jurisdiccion especial,144,34.67617778,-82.40060556,Poste de Señal de trafico,El primer evento no fue una colision con un vehiculo automotor en transporte,Not an Intersection,No fue interseccion,Sobre el lado de la calle,Ninguna,Oscuro sin iluminacion,Neblina o Humo,No,NO APLICA,99,99,99,99,1,24/02/2022,1
45,South Carolina,450122,0,0,2,0,31,DARLINGTON (31),1100,HARTSVILLE,2,Febrero,24,2022,15,15,SR-151 W CAROLINA AVE,3,Highway estatal,Urbano,Arteria Menor,State Highway Agency,0,Sin jurisdiccion especial,29,34.370475,-80.08289444,Vehiculo en movimiento,Frente a frente,Four-Way Intersection,Interseccion de 4 direcciones,Sobre calle,Ninguna,Dia total,Despejado,No,NO APLICA,99,99,99,99,2,24/02/2022,3
45,South Carolina,450123,0,0,1,0,11,BARNWELL (11),0,NO APLICA,2,Febrero,24,2022,20,5,SR-53,3,Highway estatal,Rural,Local,State Highway Agency,0,Sin jurisdiccion especial,0,33.24331944,-81.462925,Barda,El primer evento no fue una colision con un vehiculo automotor en transporte,Not an Intersection,No fue interseccion,Sobre el lado de la calle,Ninguna,Oscuro sin iluminacion,Despejado,No,NO APLICA,99,98,99,98,1,24/02/2022,1
45,South Carolina,450124,1,1,1,0,79,RICHLAND (79),0,NO APLICA,2,Febrero,24,2022,22,33,US-1 TWO NOTCH RD,2,US Highway,Urbano,Arteria Principal,State Highway Agency,1,Sin jurisdiccion especial,70,34.05815556,-80.96704167,Peaton,El primer evento no fue una colision con un vehiculo automotor en transporte,Not an Intersection,No fue interseccion,Sobre calle,Ninguna,Oscuro sin iluminacion,Despejado,No,NO APLICA,99,98,99,98,1,24/02/2022,1
45,South Carolina,450125,0,0,1,0,3,AIKEN (3),0,NO APLICA,2,Febrero,25,2022,0,6,SR-66 HUBER CLAY RD,3,Highway estatal,Rural,Colector Mayor,State Highway Agency,0,Sin jurisdiccion especial,12,33.49929722,-81.84181944,Zanja,El primer evento no fue una colision con un vehiculo automotor en transporte,Not an Intersection,No fue interseccion,Sobre el lado de la calle,Ninguna,Oscuro sin iluminacion,Despejado,No,NO APLICA,99,98,99,98,1,25/02/2022,1
45,South Carolina,450126,0,0,1,0,55,KERSHAW (55),0,NO APLICA,2,Febrero,25,2022,21,10,CR-THOROUGHFARE BRANCH RD,4,Calle del Condado,Rural,Local,State Highway Agency,0,Sin jurisdiccion especial,23,34.34260556,-80.43399444,Acotamiento,El primer evento no fue una colision con un vehiculo automotor en transporte,Not an Intersection,No fue interseccion,Sobre el lado de la calle,Ninguna,Oscuro sin iluminacion,Despejado,No,NO APLICA,99,99,99,99,1,25/02/2022,1
45,South Carolina,450127,0,0,1,0,29,COLLETON (29),0,NO APLICA,2,Febrero,26,2022,3,8,SR-40 JACKSONBORO RD,3,Highway estatal,Rural,Colector Mayor,State Highway Agency,0,Sin jurisdiccion especial,71,32.90008333,-80.49342778,Arbol,El primer evento no fue una colision con un vehiculo automotor en transporte,Not an Intersection,No fue interseccion,Sobre el lado de la calle,Ninguna,Oscuro sin iluminacion,Despejado,No,NO APLICA,99,98,99,98,1,26/02/2022,1
45,South Carolina,450128,0,0,1,0,5,ALLENDALE (5),0,NO APLICA,2,Febrero,26,2022,13,40,SR-41 COHENS BLUFF RD,3,Highway estatal,Rural,Local,State Highway Agency,0,Sin jurisdiccion especial,37,32.84147778,-81.42619722,Volcadura,El primer evento no fue una colision con un vehiculo automotor en transporte,Not an Intersection,No fue interseccion,Sobre el lado de la calle,Ninguna,Dia total,Despejado,No,NO APLICA,99,99,99,99,1,26/02/2022,1
45,South Carolina,450129,0,0,1,0,17,CALHOUN (17),0,NO APLICA,2,Febrero,28,2022,9,5,CR-RILEY RD,4,Calle del Condado,Rural,Colector Mayor,State Highway Agency,0,Sin jurisdiccion especial,21,33.62393611,-80.83336944,Arbol,El primer evento no fue una colision con un vehiculo automotor en transporte,Not an Intersection,No fue interseccion,Sobre el lado de la calle,Ninguna,Dia total,Despejado,No,NO APLICA,99,99,99,99,1,28/02/2022,1
45,South Carolina,450130,0,0,2,0,53,JASPER (53),0,NO APLICA,2,Febrero,28,2022,14,30,US-601 CYPRESS BRANCH RD,2,US Highway,Rural,Arteria Principal,State Highway Agency,1,Sin jurisdiccion especial,33,32.60526667,-81.16290278,Vehiculo en movimiento,Angulo,Four-Way Intersection,Interseccion de 4 direcciones,Sobre calle,Ninguna,Dia total,Despejado,No,NO APLICA,99,99,99,99,1,28/02/2022,2
45,South Carolina,450131,1,1,3,0,15,BERKELEY (15),0,NO APLICA,2,Febrero,28,2022,22,37,US-52,2,US Highway,Rural,Arteria Principal,State Highway Agency,1,Sin jurisdiccion especial,255,33.32522778,-79.94911944,Peaton,El primer evento no fue una colision con un vehiculo automotor en transporte,Not an Intersection,No fue interseccion,Sobre calle,Ninguna,Oscuro sin iluminacion,Despejado,No,NO APLICA,99,99,99,99,1,28/02/2022,3
45,South Carolina,450132,0,0,2,0,85,SUMTER (85),2550,SUMTER,1,Enero,6,2022,23,26,US-76 BROAD ST,2,US Highway,Urbano,Arteria Principal,State Highway Agency,1,Sin jurisdiccion especial,27,33.92945,-80.34759444,Vehiculo en movimiento,Angulo,Not an Intersection,No fue interseccion,Sobre calle,Ninguna,Oscuro con iluminacion,Nublado,No,NO APLICA,99,99,99,99,1,06/01/2022,2
45,South Carolina,450133,0,0,2,0,91,YORK (91),0,NO APLICA,1,Enero,17,2022,15,49,SR-161 OLD YORK RD,3,Highway estatal,Urbano,Arteria Principal,State Highway Agency,0,Sin jurisdiccion especial,232,34.98043333,-81.08605556,Vehiculo en movimiento,Angulo,Four-Way Intersection,Interseccion de 4 direcciones,Sobre calle,Ninguna,Dia total,Despejado,No,NO APLICA,99,98,99,98,1,17/01/2022,3
45,South Carolina,450134,0,0,1,0,83,SPARTANBURG (83),0,NO APLICA,2,Febrero,12,2022,3,1,SR-296 JOHN B WHITE SR BLVD,3,Highway estatal,Urbano,Colector Menor,State Highway Agency,0,Sin jurisdiccion especial,159,34.92977778,-81.95580278,Poste o otros soportes,El primer evento no fue una colision con un vehiculo automotor en transporte,Not an Intersection,No fue interseccion,Sobre el lado de la calle,Ninguna,Oscuro sin iluminacion,Despejado,No,NO APLICA,99,99,99,99,1,12/02/2022,2
45,South Carolina,450135,0,0,2,0,69,MARLBORO (69),0,NO APLICA,2,Febrero,22,2022,6,50,US-15,2,US Highway,Urbano,Arteria Principal,State Highway Agency,1,Sin jurisdiccion especial,112,34.60848056,-79.67896111,Vehiculo en movimiento,Frente a frente,Not an Intersection,No fue interseccion,Sobre calle,Ninguna,Amanecer,Nublado,No,NO APLICA,99,99,99,99,1,22/02/2022,2
45,South Carolina,450136,0,0,2,0,19,CHARLESTON (19),1710,MT PLEASANT,2,Febrero,23,2022,13,16,CR- WANDO PARK BLVD,4,Calle del Condado,Urbano,Local,State Highway Agency,0,Sin jurisdiccion especial,14,32.84401111,-79.87201111,Vehiculo en movimiento,Angulo,Not an Intersection,No fue interseccion,Sobre calle,Ninguna,Dia total,Despejado,No,NO APLICA,99,99,99,99,1,23/02/2022,2
45,South Carolina,450137,0,0,2,0,75,ORANGEBURG (75),0,NO APLICA,2,Febrero,25,2022,1,10,US-21 WHITTAKER PKWY,2,US Highway,Urbano,Arteria Principal,State Highway Agency,1,Sin jurisdiccion especial,231,33.49818056,-80.83998889,Vehiculo en movimiento,Angulo,Four-Way Intersection,Interseccion de 4 direcciones,Sobre calle,Ninguna,Oscuro - iluminacion desconocida,Despejado,No,NO APLICA,99,99,99,99,2,25/02/2022,5