Estado,Nombre de Estado,Numero de Caso,Peatones,Personas _no_vehiculos,Vehiculos automotores,Vehiculos estacionados,Condado,Nombre Condado,Ciudad,Nombre Ciudad,Mes,Nombre Mes,Dia,Año,Hora,Minuto,Calle,Ruta,Nombre Ruta,Rural o Urbanoo,Sistema Funcional,Dueño Calle,Sistema Nacional Carreteras,Jurisdiccion Especial,Milla,Latitud,Longitud,Causa del Accidente,Tipo de Accidente,Tipo Interseccion,Columna1,Lugar en la calle,Zona de Trabajo,Luz,Clima,Autobus Escolar,Cruce de Trenes,Hora Notificacion,Minuto Notificacion,Hora Llegada,Minuto Llegada,Decesos,Fecha,PersonaVehiculo
45,South Carolina,450138,1,1,1,0,35,DORCHESTER (35),0,NO APLICA,3,Marzo,2,2022,0,30,SR-307 E 3RD NORTH STREET,3,Highway estatal,Urbano,Colector Mayor,State Highway Agency,0,Sin jurisdiccion especial,9,33.01931667,-80.16339722,Peaton,El primer evento no fue una colision con un vehiculo automotor en transporte,Not an Intersection,No fue interseccion,Sobre calle,Ninguna,Oscuro con iluminacion,Despejado,No,NO APLICA,99,98,99,98,1,02/03/2022,1
45,South Carolina,450139,0,0,1,0,1,ABBEVILLE (1),0,NO APLICA,3,Marzo,2,2022,9,45,CR-SHAW RD,4,Calle del Condado,Rural,Local,County Highway Agency,0,Sin jurisdiccion especial,4,34.20028611,-82.64288611,Volcadura,El primer evento no fue una colision con un vehiculo automotor en transporte,Not an Intersection,No fue interseccion,Sobre calle,Ninguna,Dia total,Despejado,No,NO APLICA,99,99,99,99,1,02/03/2022,1
45,South Carolina,450140,0,0,2,0,27,CLARENDON (27),0,NO APLICA,3,Marzo,3,2022,2,0,US-521 SUMTER HWY,2,US Highway,Rural,Arteria Principal,State Highway Agency,1,Sin jurisdiccion especial,163,33.75668611,-80.22540278,Vehiculo en movimiento,Frente a frente,Not an Intersection,No fue interseccion,Sobre calle,Ninguna,Oscuro sin iluminacion,Despejado,No,NO APLICA,99,98,99,98,2,03/03/2022,2
45,South Carolina,450141,0,0,1,0,83,SPARTANBURG (83),0,NO APLICA,3,Marzo,3,2022,22,34,SR-43 PARRIS BRIDGE RD,3,Highway estatal,Urbano,Colector Mayor,State Highway Agency,0,Sin jurisdiccion especial,9,35.01983611,-81.94949444,Zanja,El primer evento no fue una colision con un vehiculo automotor en transporte,Not an Intersection,No fue interseccion,Sobre el lado de la calle,Ninguna,Oscuro sin iluminacion,Despejado,No,NO APLICA,99,98,99,98,1,03/03/2022,1
45,South Carolina,450142,0,0,2,0,83,SPARTANBURG (83),0,NO APLICA,3,Marzo,5,2022,13,26,SR-64 OAK GROVE RD,3,Highway estatal,Urbano,Colector Mayor,State Highway Agency,0,Sin jurisdiccion especial,44,34.91748056,-82.00396944,Vehiculo en movimiento,Angulo,T-Intersection,Interseccion de T,Sobre calle,Ninguna,Dia total,Despejado,No,NO APLICA,99,99,99,99,1,05/03/2022,3
45,South Carolina,450143,0,0,1,0,61,LEE (61),0,NO APLICA,3,Marzo,5,2022,21,20,SR-441,3,Highway estatal,Rural,Colector Mayor,State Highway Agency,0,Sin jurisdiccion especial,29,34.11706111,-80.35580278,Zanja,El primer evento no fue una colision con un vehiculo automotor en transporte,Not an Intersection,No fue interseccion,Sobre el lado de la calle,Ninguna,Oscuro sin iluminacion,Despejado,No,NO APLICA,99,99,99,99,1,05/03/2022,1
45,South Carolina,450144,0,0,1,0,27,CLARENDON (27),0,NO APLICA,3,Marzo,5,2022,3,0,US-521,2,US Highway,Rural,Arteria Principal,State Highway Agency,1,Sin jurisdiccion especial,181,33.77962778,-80.24461389,Arbol,El primer evento no fue una colision con un vehiculo automotor en transporte,Not an Intersection,No fue interseccion,Sobre el lado de la calle,Ninguna,Oscuro sin iluminacion,Despejado,No,NO APLICA,99,98,99,98,2,05/03/2022,2
45,South Carolina,450145,0,0,1,0,27,CLARENDON (27),0,NO APLICA,3,Marzo,5,2022,18,2,US-15 SAINT PAUL RD,2,US Highway,Rural,Arteria Principal,State Highway Agency,1,Sin jurisdiccion especial,36,33.54202778,-80.41886667,Arbol,El primer evento no fue una colision con un vehiculo automotor en transporte,Not an Intersection,No fue interseccion,Sobre el lado de la calle,Ninguna,Atardecer,Despejado,No,NO APLICA,99,98,99,98,1,05/03/2022,1
45,South Carolina,450146,0,0,1,0,29,COLLETON (29),0,NO APLICA,3,Marzo,5,2022,22,45,SR-45 ROUND O RD,3,Highway estatal,Rural,Colector Mayor,State Highway Agency,0,Sin jurisdiccion especial,87,32.91252778,-80.52696111,Arbol,El primer evento no fue una colision con un vehiculo automotor en transporte,Not an Intersection,No fue interseccion,Sobre el lado de la calle,Ninguna,Oscuro sin iluminacion,Despejado,No,NO APLICA,99,98,99,98,1,05/03/2022,1
45,South Carolina,450147,0,0,1,0,47,GREENWOOD (47),0,NO APLICA,3,Marzo,5,2022,23,45,SR-96 NATION RD,3,Highway estatal,Rural,Local,State Highway Agency,0,Sin jurisdiccion especial,34,34.35780278,-82.19105278,Barda,El primer evento no fue una colision con un vehiculo automotor en transporte,Not an Intersection,No fue interseccion,Sobre el lado de la calle,Ninguna,Oscuro sin iluminacion,Despejado,No,NO APLICA,99,98,99,98,1,05/03/2022,1
45,South Carolina,450148,1,1,1,0,45,GREENVILLE (45),1040,GREENVILLE,3,Marzo,5,2022,21,51,SR-291 S PLEASANTBURG DRIVE,3,Highway estatal,Urbano,Arteria Principal,State Highway Agency,1,Sin jurisdiccion especial,29,34.80391111,-82.37548889,Peaton,El primer evento no fue una colision con un vehiculo automotor en transporte,Four-Way Intersection,Interseccion de 4 direcciones,Sobre calle,Ninguna,Oscuro - iluminacion desconocida,Despejado,No,NO APLICA,99,98,99,98,1,05/03/2022,1
45,South Carolina,450149,0,0,1,0,27,CLARENDON (27),0,NO APLICA,3,Marzo,6,2022,0,40,I-95,1,Interestatal,Rural,Interestatal,State Highway Agency,1,Sin jurisdiccion especial,1044,33.55373889,-80.403825,Arbol,El primer evento no fue una colision con un vehiculo automotor en transporte,Not an Intersection,No fue interseccion,Sobre el lado de la calle,Ninguna,Oscuro sin iluminacion,Despejado,No,NO APLICA,99,98,99,98,1,06/03/2022,1
45,South Carolina,450150,0,0,1,0,31,DARLINGTON (31),0,NO APLICA,3,Marzo,6,2022,16,20,SR-19 E SEVEN PINES STREET,3,Highway estatal,Rural,Colector Mayor,State Highway Agency,0,Sin jurisdiccion especial,82,34.26471389,-79.99961944,Volcadura,El primer evento no fue una colision con un vehiculo automotor en transporte,Not an Intersection,No fue interseccion,Sobre el lado de la calle,"Zona de trabajo, tipo desconocido",Dia total,Despejado,No,NO APLICA,99,98,99,98,1,06/03/2022,1
45,South Carolina,450151,0,0,1,0,45,GREENVILLE (45),0,NO APLICA,3,Marzo,6,2022,14,20,SR-50 FORK SHOALS RD,3,Highway estatal,Urbano,Colector Mayor,State Highway Agency,0,Sin jurisdiccion especial,170,34.75368611,-82.35741389,Volcadura,El primer evento no fue una colision con un vehiculo automotor en transporte,Not an Intersection,No fue interseccion,Sobre el lado de la calle,Ninguna,Dia total,Despejado,No,NO APLICA,99,99,99,99,1,06/03/2022,1
45,South Carolina,450152,0,0,1,0,15,BERKELEY (15),0,NO APLICA,3,Marzo,6,2022,22,55,US-176 STATE RD,2,US Highway,Rural,Arteria Principal,State Highway Agency,1,Sin jurisdiccion especial,59,33.21993056,-80.28215,Zanja,El primer evento no fue una colision con un vehiculo automotor en transporte,Not an Intersection,No fue interseccion,Sobre el lado de la calle,Ninguna,Oscuro sin iluminacion,Despejado,No,NO APLICA,99,98,99,98,1,06/03/2022,1
45,South Carolina,450153,0,0,2,0,79,RICHLAND (79),0,NO APLICA,3,Marzo,7,2022,9,25,SR-80 SHADY GROVE RD,3,Highway estatal,Urbano,Colector Mayor,State Highway Agency,0,Sin jurisdiccion especial,2,34.136725,-81.21721389,Otra barrera de trafico,El primer evento no fue una colision con un vehiculo automotor en transporte,Not an Intersection,No fue interseccion,Sobre el lado de la calle,"Zona de trabajo, tipo desconocido",Dia total,Despejado,No,NO APLICA,99,99,99,99,1,07/03/2022,2
45,South Carolina,450154,0,0,1,0,47,GREENWOOD (47),0,NO APLICA,3,Marzo,7,2022,16,20,CR-UTOPIA ACRES DRIVE,4,Calle del Condado,Rural,Local,County Highway Agency,0,Sin jurisdiccion especial,2,34.13211389,-82.12460556,Zanja,El primer evento no fue una colision con un vehiculo automotor en transporte,Not an Intersection,No fue interseccion,Sobre el lado de la calle,Ninguna,Dia total,Despejado,No,NO APLICA,99,99,99,99,1,07/03/2022,1
45,South Carolina,450155,0,0,1,0,49,HAMPTON (49),0,NO APLICA,3,Marzo,7,2022,2,30,SR-3 MATTHEWS BLUFF,3,Highway estatal,Rural,Colector Mayor,State Highway Agency,0,Sin jurisdiccion especial,150,32.78958611,-81.30804444,Volcadura,El primer evento no fue una colision con un vehiculo automotor en transporte,Not an Intersection,No fue interseccion,Sobre el lado de la calle,Ninguna,Oscuro sin iluminacion,Despejado,No,NO APLICA,99,99,99,99,1,07/03/2022,1
45,South Carolina,450156,0,0,2,0,3,AIKEN (3),0,NO APLICA,3,Marzo,8,2022,15,25,SR-79 BANKS MILL RD,3,Highway estatal,Rural,Colector Mayor,State Highway Agency,0,Sin jurisdiccion especial,19,33.462475,-81.64331389,Vehiculo en movimiento,Frente a frente,Not an Intersection,No fue interseccion,Sobre calle,Ninguna,Dia total,Nublado,No,NO APLICA,99,98,99,98,1,08/03/2022,2
45,South Carolina,450157,0,0,1,0,19,CHARLESTON (19),0,NO APLICA,2,Febrero,21,2022,19,59,SR-700 MAYBANK HWY,3,Highway estatal,Rural,Colector Mayor,State Highway Agency,0,Sin jurisdiccion especial,25,32.63420278,-80.189025,Arbol,El primer evento no fue una colision con un vehiculo automotor en transporte,Not an Intersection,No fue interseccion,Sobre el lado de la calle,Ninguna,Dia total,Nublado,No,NO APLICA,99,98,99,98,1,21/02/2022,1
45,South Carolina,450158,0,0,1,0,19,CHARLESTON (19),1170,HOLLYWOOD,3,Marzo,2,2022,19,36,SR-317 COUNTY LINE RD,3,Highway estatal,Rural,Colector Mayor,State Highway Agency,0,Sin jurisdiccion especial,22,32.81788056,-80.15888056,Poste de Señal de trafico,El primer evento no fue una colision con un vehiculo automotor en transporte,Not an Intersection,No fue interseccion,Sobre el lado de la calle,Ninguna,Oscuro sin iluminacion,Despejado,No,NO APLICA,99,99,99,99,1,02/03/2022,2
45,South Carolina,450159,0,0,2,0,63,LEXINGTON (63),0,NO APLICA,3,Marzo,9,2022,12,30,SR-602 PLATT SPRINGS RD,3,Highway estatal,Urbano,Arteria Menor,State Highway Agency,0,Sin jurisdiccion especial,43,33.92841667,-81.15886111,Vehiculo en movimiento,Angulo,Y-Intersection,Interseccion de Y,Sobre calle,Ninguna,Dia total,Despejado,No,NO APLICA,99,99,99,99,1,09/03/2022,3
45,South Carolina,450160,0,0,2,0,87,UNION (87),0,NO APLICA,3,Marzo,9,2022,6,25,SR-9 JONESVILLE LOCKHART HWY,3,Highway estatal,Rural,Arteria Principal,State Highway Agency,0,Sin jurisdiccion especial,110,34.81223333,-81.59686389,Vehiculo en movimiento,Angulo,T-Intersection,Interseccion de T,Sobre calle,Ninguna,Oscuro sin iluminacion,lluvia,No,NO APLICA,99,99,99,99,1,09/03/2022,2
45,South Carolina,450161,0,0,2,0,75,ORANGEBURG (75),0,NO APLICA,3,Marzo,9,2022,15,56,SR-21 WHITTAKER PKWY,3,Highway estatal,Urbano,Arteria Menor,State Highway Agency,0,Sin jurisdiccion especial,231,33.49816111,-80.83995,Vehiculo en movimiento,Frente a Detrás,Four-Way Intersection,Interseccion de 4 direcciones,Sobre calle,Ninguna,Dia total,Despejado,No,NO APLICA,99,99,99,99,1,09/03/2022,3
45,South Carolina,450162,1,1,2,1,41,FLORENCE (41),0,NO APLICA,3,Marzo,9,2022,14,45,SR-973 TIMMONS RD,3,Highway estatal,Rural,Local,State Highway Agency,0,Sin jurisdiccion especial,0,34.07358889,-79.95218056,Peaton,El primer evento no fue una colision con un vehiculo automotor en transporte,Not an Intersection,No fue interseccion,Sobre calle,Ninguna,Dia total,Despejado,No,NO APLICA,99,99,99,99,1,09/03/2022,1
45,South Carolina,450163,0,0,2,0,29,COLLETON (29),0,NO APLICA,3,Marzo,10,2022,10,30,I-95,1,Interestatal,Rural,Interestatal,State Highway Agency,1,Sin jurisdiccion especial,679,33.08113889,-80.65460556,Vehiculo en movimiento,Golpe Lateral - misma direccion,Not an Intersection,No fue interseccion,Sobre calle,Ninguna,Dia total,Nublado,No,NO APLICA,99,99,99,99,1,10/03/2022,3
45,South Carolina,450164,1,1,2,0,19,CHARLESTON (19),410,CHARLESTON,3,Marzo,10,2022,19,25,US-17 US HWY 17,2,US Highway,Urbano,Arteria Principal,State Highway Agency,1,Sin jurisdiccion especial,245,32.79349167,-80.05544167,Peaton,El primer evento no fue una colision con un vehiculo automotor en transporte,Not an Intersection,No fue interseccion,Sobre calle,Ninguna,Oscuro - iluminacion desconocida,Despejado,No,NO APLICA,99,98,99,98,1,10/03/2022,3
45,South Carolina,450165,1,1,1,0,45,GREENVILLE (45),0,NO APLICA,3,Marzo,11,2022,14,39,SR-414 HWY 414,3,Highway estatal,Rural,Colector Mayor,State Highway Agency,0,Sin jurisdiccion especial,112,35.08286111,-82.34695556,Ciclista,El primer evento no fue una colision con un vehiculo automotor en transporte,Y-Intersection,Interseccion de Y,Sobre calle,Ninguna,Dia total,Despejado,No,NO APLICA,99,99,99,99,1,11/03/2022,2
45,South Carolina,450166,1,1,2,1,37,EDGEFIELD (37),0,NO APLICA,3,Marzo,11,2022,6,10,SR-34 SWEETWATER RD,3,Highway estatal,Rural,Colector Mayor,State Highway Agency,0,Sin jurisdiccion especial,34,33.74736667,-81.95956389,Vehiculo Aparcado,El primer evento no fue una colision con un vehiculo automotor en transporte,Not an Intersection,No fue interseccion,Sobre calle,Ninguna,Oscuro sin iluminacion,Despejado,No,NO APLICA,99,98,99,98,1,11/03/2022,1
45,South Carolina,450167,0,0,1,0,51,HORRY (51),0,NO APLICA,3,Marzo,11,2022,16,25,SR-110 PITCH LANDING RD,3,Highway estatal,Rural,Local,State Highway Agency,0,Sin jurisdiccion especial,28,33.79173056,-79.10221944,Zanja,El primer evento no fue una colision con un vehiculo automotor en transporte,Not an Intersection,No fue interseccion,Sobre el lado de la calle,Ninguna,Dia total,lluvia,No,NO APLICA,99,98,99,98,1,11/03/2022,1
45,South Carolina,450168,1,1,1,0,51,HORRY (51),0,NO APLICA,3,Marzo,12,2022,2,7,US-17,2,US Highway,Urbano,Arteria Principal,State Highway Agency,1,Sin jurisdiccion especial,77,33.65362222,-78.93374167,Peaton,El primer evento no fue una colision con un vehiculo automotor en transporte,Not an Intersection,No fue interseccion,Sobre calle,Ninguna,Oscuro sin iluminacion,Despejado,No,NO APLICA,99,98,99,98,1,12/03/2022,1
45,South Carolina,450169,1,1,1,0,79,RICHLAND (79),0,NO APLICA,3,Marzo,12,2022,5,0,I-20,1,Interestatal,Urbano,Interestatal,State Highway Agency,1,Sin jurisdiccion especial,708,34.07096111,-81.01271111,Peaton,El primer evento no fue una colision con un vehiculo automotor en transporte,Not an Intersection,No fue interseccion,Sobre calle,Ninguna,Oscuro sin iluminacion,lluvia,No,NO APLICA,99,99,99,99,1,12/03/2022,1
45,South Carolina,450170,0,0,1,0,17,CALHOUN (17),0,NO APLICA,3,Marzo,13,2022,4,45,SR-267 MCCORDS FERRY RD,3,Highway estatal,Rural,Colector Mayor,State Highway Agency,0,Sin jurisdiccion especial,19,33.58785833,-80.56341667,Arbol,El primer evento no fue una colision con un vehiculo automotor en transporte,Not an Intersection,No fue interseccion,Sobre el lado de la calle,Ninguna,Oscuro sin iluminacion,Despejado,No,NO APLICA,99,98,99,98,1,13/03/2022,1
45,South Carolina,450171,0,0,2,0,79,RICHLAND (79),0,NO APLICA,3,Marzo,13,2022,22,0,US-76,2,US Highway,Urbano,Arteria Principal,State Highway Agency,1,Sin jurisdiccion especial,156,34.08645556,-81.14449722,Vehiculo en movimiento,Frente a Detrás,Not an Intersection,No fue interseccion,Sobre calle,Ninguna,Oscuro con iluminacion,Despejado,No,NO APLICA,99,99,99,99,1,13/03/2022,2
45,South Carolina,450172,0,0,2,0,21,CHEROKEE (21),0,NO APLICA,3,Marzo,13,2022,17,55,SR-37 OLD METAL RD,3,Highway estatal,Rural,Local,State Highway Agency,0,Sin jurisdiccion especial,13,35.11635833,-81.78456667,Vehiculo en movimiento,Angulo,Four-Way Intersection,Interseccion de 4 direcciones,Sobre calle,Ninguna,Dia total,Despejado,No,NO APLICA,99,99,99,99,1,13/03/2022,3
45,South Carolina,450173,0,0,2,0,69,MARLBORO (69),0,NO APLICA,3,Marzo,14,2022,18,30,SR-18 SALEM RD,3,Highway estatal,Rural,Colector Mayor,State Highway Agency,0,Sin jurisdiccion especial,64,34.53033889,-79.70079722,Vehiculo en movimiento,Angulo,Four-Way Intersection,Interseccion de 4 direcciones,Sobre calle,Ninguna,Dia total,Despejado,No,NO APLICA,99,99,99,99,1,14/03/2022,5
45,South Carolina,450174,0,0,3,0,73,OCONEE (73),0,NO APLICA,3,Marzo,16,2022,7,50,SR-59 TOKEENA RD,3,Highway estatal,Rural,Arteria Menor,State Highway Agency,0,Sin jurisdiccion especial,111,34.64423333,-82.96602778,Vehiculo en movimiento,Frente a frente,Not an Intersection,No fue interseccion,Sobre calle,Ninguna,Dia total,lluvia,No,NO APLICA,99,99,99,99,1,16/03/2022,5
45,South Carolina,450175,0,0,1,0,15,BERKELEY (15),0,NO APLICA,3,Marzo,17,2022,14,39,SR-47 LEBANON RD,3,Highway estatal,Rural,Local,State Highway Agency,0,Sin jurisdiccion especial,19,33.15463056,-80.21221111,Zanja,El primer evento no fue una colision con un vehiculo automotor en transporte,Not an Intersection,No fue interseccion,Sobre el lado de la calle,Ninguna,Dia total,Despejado,No,NO APLICA,99,99,99,99,1,17/03/2022,1
45,South Carolina,450176,0,0,2,0,21,CHEROKEE (21),0,NO APLICA,3,Marzo,17,2022,19,48,SR-301 BAKER RD,3,Highway estatal,Rural,Colector Mayor,State Highway Agency,0,Sin jurisdiccion especial,7,35.02656389,-81.70462222,Vehiculo en movimiento,Frente a frente,Not an Intersection,No fue interseccion,Sobre calle,Ninguna,Atardecer,Despejado,No,NO APLICA,99,99,99,99,1,17/03/2022,3
45,South Carolina,450177,0,0,1,0,27,CLARENDON (27),0,NO APLICA,3,Marzo,18,2022,3,0,SR-48 BLOOMVILLE RD,3,Highway estatal,Rural,Colector Mayor,State Highway Agency,0,Sin jurisdiccion especial,36,33.56426667,-80.13191111,Arbol,El primer evento no fue una colision con un vehiculo automotor en transporte,Not an Intersection,No fue interseccion,Sobre el lado de la calle,Ninguna,Oscuro sin iluminacion,Despejado,No,NO APLICA,99,98,99,98,1,18/03/2022,1
45,South Carolina,450178,0,0,1,0,7,ANDERSON (7),0,NO APLICA,3,Marzo,18,2022,9,35,SR-205 BROADWAY SCHOOL RD,3,Highway estatal,Rural,Colector Mayor,State Highway Agency,0,Sin jurisdiccion especial,35,34.53703611,-82.537775,Volcadura,El primer evento no fue una colision con un vehiculo automotor en transporte,Not an Intersection,No fue interseccion,Sobre calle,Ninguna,Dia total,Nublado,No,NO APLICA,99,98,99,98,1,18/03/2022,1
45,South Carolina,450179,0,0,1,0,53,JASPER (53),0,NO APLICA,3,Marzo,18,2022,3,21,SR-462 GILLISON BRANCH RD,3,Highway estatal,Rural,Colector Mayor,State Highway Agency,0,Sin jurisdiccion especial,114,32.61028889,-81.0271,Buzon de correo,El primer evento no fue una colision con un vehiculo automotor en transporte,Not an Intersection,No fue interseccion,Sobre el lado de la calle,Ninguna,Oscuro sin iluminacion,Despejado,No,NO APLICA,99,98,99,98,1,18/03/2022,1
45,South Carolina,450180,0,0,2,0,83,SPARTANBURG (83),0,NO APLICA,3,Marzo,18,2022,21,25,SR-41 N BLACKSTOCK RD,3,Highway estatal,Rural,Colector Mayor,State Highway Agency,0,Sin jurisdiccion especial,39,34.96795,-82.02964167,Vehiculo en movimiento,Frente a frente,Not an Intersection,No fue interseccion,Sobre calle,Ninguna,Dia total,Despejado,No,NO APLICA,99,99,99,99,1,18/03/2022,5
45,South Carolina,450181,1,1,1,0,83,SPARTANBURG (83),2460,SPARTANBURG,1,Enero,23,2022,19,58,US-29 SAINT JOHN STREET,2,US Highway,Urbano,Arteria Principal,State Highway Agency,1,Sin jurisdiccion especial,168,34.94881944,-81.9414,Peaton,El primer evento no fue una colision con un vehiculo automotor en transporte,Four-Way Intersection,Interseccion de 4 direcciones,Sobre calle,Ninguna,Oscuro con iluminacion,Despejado,No,NO APLICA,99,99,99,99,1,23/01/2022,1
45,South Carolina,450182,0,0,2,0,15,BERKELEY (15),1680,MONCKS CORNER,2,Febrero,5,2022,13,25,US-17 SOUTH LIVE OAK DRIVE,2,US Highway,Urbano,Arteria Principal,State Highway Agency,1,Sin jurisdiccion especial,127,33.16645,-80.04738889,Vehiculo en movimiento,Angulo,Not an Intersection,No fue interseccion,Sobre calle,Ninguna,Dia total,Despejado,No,NO APLICA,99,99,99,99,1,05/02/2022,2
45,South Carolina,450183,0,0,2,0,85,SUMTER (85),2550,SUMTER,3,Marzo,3,2022,12,18,SR-33 MCCRAYS MILL RD,3,Highway estatal,Urbano,Colector Mayor,State Highway Agency,0,Sin jurisdiccion especial,25,33.89948333,-80.39635556,Vehiculo en movimiento,Angulo,T-Intersection,Interseccion de T,Sobre calle,Ninguna,Dia total,Despejado,No,NO APLICA,99,99,99,99,1,03/03/2022,2
45,South Carolina,450184,0,0,3,0,7,ANDERSON (7),0,NO APLICA,3,Marzo,12,2022,10,25,SR-28 PEARMAN DAIRY RD,3,Highway estatal,Urbano,Arteria Principal,State Highway Agency,0,Sin jurisdiccion especial,173,34.53438056,-82.69798056,Banqueta,El primer evento no fue una colision con un vehiculo automotor en transporte,Not an Intersection,No fue interseccion,Sobre el lado de la calle,Ninguna,Dia total,Despejado,No,NO APLICA,99,99,99,99,1,12/03/2022,5
45,South Carolina,450185,1,1,1,0,51,HORRY (51),540,CONWAY,3,Marzo,19,2022,13,0,SR-107 OAK STREET,3,Highway estatal,Urbano,Colector Mayor,State Highway Agency,0,Sin jurisdiccion especial,17,33.86251111,-79.06445,Peaton,El primer evento no fue una colision con un vehiculo automotor en transporte,Not an Intersection,No fue interseccion,Sobre calle,Ninguna,Dia total,Despejado,No,NO APLICA,99,99,99,99,1,19/03/2022,1
45,South Carolina,450186,0,0,2,0,45,GREENVILLE (45),1060,GREER,2,Febrero,20,2022,22,35,US-29 WADE HAMPTON BLVD,2,US Highway,Urbano,Arteria Principal,State Highway Agency,1,Sin jurisdiccion especial,181,34.94906667,-82.23988056,Vehiculo en movimiento,Frente a frente,Not an Intersection,No fue interseccion,Sobre calle,Ninguna,Oscuro con iluminacion,Despejado,No,NO APLICA,99,99,99,99,1,20/02/2022,3
45,South Carolina,450187,0,0,1,0,73,OCONEE (73),2710,WALHALLA,2,Febrero,23,2022,11,0,SR-183 N CATHERINE STREET,3,Highway estatal,Urbano,Arteria Menor,State Highway Agency,0,Sin jurisdiccion especial,76,34.76620556,-83.06381944,Banqueta,El primer evento no fue una colision con un vehiculo automotor en transporte,Not an Intersection,No fue interseccion,Sobre el lado de la calle,Ninguna,Dia total,Despejado,No,NO APLICA,99,99,99,99,1,23/02/2022,1
45,South Carolina,450188,0,0,1,0,69,MARLBORO (69),0,NO APLICA,3,Marzo,20,2022,18,15,SR-34 PEA BRIDGE RD,3,Highway estatal,Rural,Arteria Menor,State Highway Agency,0,Sin jurisdiccion especial,21,34.66468611,-79.51228611,Zanja,El primer evento no fue una colision con un vehiculo automotor en transporte,Not an Intersection,No fue interseccion,Sobre el lado de la calle,Ninguna,Dia total,Despejado,No,NO APLICA,99,98,99,98,1,20/03/2022,1
45,South Carolina,450189,0,0,1,0,55,KERSHAW (55),0,NO APLICA,3,Marzo,20,2022,18,47,I-20,1,Interestatal,Rural,Interestatal,State Highway Agency,1,Sin jurisdiccion especial,888,34.15775833,-80.72988056,Volcadura,El primer evento no fue una colision con un vehiculo automotor en transporte,Not an Intersection,No fue interseccion,Sobre el lado de la calle,Ninguna,Atardecer,Despejado,No,NO APLICA,99,98,99,98,1,20/03/2022,1
45,South Carolina,450190,0,0,2,0,23,CHESTER (23),0,NO APLICA,3,Marzo,20,2022,21,11,I-77,1,Interestatal,Rural,Interestatal,State Highway Agency,1,Sin jurisdiccion especial,661,34.76715278,-81.03709444,Vehiculo en movimiento,Angulo,Not an Intersection,No fue interseccion,Sobre calle,Ninguna,Oscuro sin iluminacion,Despejado,No,NO APLICA,99,99,99,99,1,20/03/2022,8
45,South Carolina,450191,0,0,1,0,31,DARLINGTON (31),0,NO APLICA,3,Marzo,21,2022,5,15,SR-28,3,Highway estatal,Rural,Colector Mayor,State Highway Agency,0,Sin jurisdiccion especial,40,34.27989444,-80.05187222,Poste o otros soportes,El primer evento no fue una colision con un vehiculo automotor en transporte,Not an Intersection,No fue interseccion,Sobre el lado de la calle,Ninguna,Oscuro sin iluminacion,Despejado,No,NO APLICA,99,99,99,99,1,21/03/2022,2
45,South Carolina,450192,1,1,1,0,41,FLORENCE (41),0,NO APLICA,3,Marzo,21,2022,6,0,SR-358 E ASHBY RD,3,Highway estatal,Urbano,Arteria Menor,State Highway Agency,0,Sin jurisdiccion especial,25,34.22896944,-79.74027778,Peaton,El primer evento no fue una colision con un vehiculo automotor en transporte,Four-Way Intersection,Interseccion de 4 direcciones,Sobre calle,Ninguna,Oscuro sin iluminacion,Despejado,No,NO APLICA,99,98,99,98,1,21/03/2022,1
45,South Carolina,450193,0,0,2,0,23,CHESTER (23),0,NO APLICA,3,Marzo,21,2022,7,5,I-77,1,Interestatal,Rural,Interestatal,State Highway Agency,1,Sin jurisdiccion especial,594,34.67518889,-81.02906944,Vehiculo en movimiento,Frente a Detrás,Not an Intersection,No fue interseccion,Sobre calle,Ninguna,Amanecer,Despejado,No,NO APLICA,99,98,99,98,1,21/03/2022,3
45,South Carolina,450194,0,0,2,0,19,CHARLESTON (19),0,NO APLICA,3,Marzo,21,2022,9,46,US-17,2,US Highway,Urbano,Arteria Principal,State Highway Agency,1,Sin jurisdiccion especial,323,32.80416944,-79.94416944,Valla Ferrocarril,El primer evento no fue una colision con un vehiculo automotor en transporte,Not an Intersection,No fue interseccion,Gore?,Ninguna,Dia total,Despejado,No,NO APLICA,99,99,99,99,1,21/03/2022,3
45,South Carolina,450195,1,1,1,0,19,CHARLESTON (19),1805,NORTH CHARLESTON,3,Marzo,21,2022,21,17,SR-642 DORCHESTER RD,3,Highway estatal,Urbano,Arteria Principal,State Highway Agency,0,Sin jurisdiccion especial,68,32.85415,-80.01248056,Peaton,El primer evento no fue una colision con un vehiculo automotor en transporte,Not an Intersection,No fue interseccion,Sobre calle,Ninguna,Oscuro con iluminacion,Despejado,No,NO APLICA,99,98,99,98,1,21/03/2022,1
45,South Carolina,450196,0,0,1,0,7,ANDERSON (7),0,NO APLICA,3,Marzo,22,2022,1,23,CR-DOUBLETREE DRIVE,4,Calle del Condado,Urbano,Local,County Highway Agency,0,Sin jurisdiccion especial,2,34.54753611,-82.69865,Muro,El primer evento no fue una colision con un vehiculo automotor en transporte,Not an Intersection,No fue interseccion,Sobre el lado de la calle,Ninguna,Oscuro sin iluminacion,Despejado,No,NO APLICA,99,99,99,99,1,22/03/2022,1
45,South Carolina,450197,0,0,2,0,87,UNION (87),0,NO APLICA,3,Marzo,22,2022,11,23,US-176 FURMAN L FENDLEY HWY,2,US Highway,Rural,Arteria Principal,State Highway Agency,1,Sin jurisdiccion especial,25,34.851975,-81.73283611,Vehiculo en movimiento,Angulo,Four-Way Intersection,Interseccion de 4 direcciones,Sobre calle,Ninguna,Dia total,Despejado,No,NO APLICA,99,99,99,99,2,22/03/2022,5