Estado,Nombre de Estado,Numero de Caso,Peatones,Personas _no_vehiculos,Vehiculos automotores,Vehiculos estacionados,Condado,Nombre Condado,Ciudad,Nombre Ciudad,Mes,Nombre Mes,Dia,Año,Hora,Minuto,Calle,Ruta,Nombre Ruta,Rural o Urbanoo,Sistema Funcional,Dueño Calle,Sistema Nacional Carreteras,Jurisdiccion Especial,Milla,Latitud,Longitud,Causa del Accidente,Tipo de Accidente,Tipo Interseccion,Columna1,Lugar en la calle,Zona de Trabajo,Luz,Clima,Autobus Escolar,Cruce de Trenes,Hora Notificacion,Minuto Notificacion,Hora Llegada,Minuto Llegada,Decesos,Fecha,PersonaVehiculo
45,South Carolina,450198,1,1,1,0,63,LEXINGTON (63),0,NO APLICA,3,Marzo,22,2022,23,25,I-20 ENTRANCE RAMP,1,Interestatal,Rural,Interestatal,State Highway Agency,1,Sin jurisdiccion especial,384,33.81278611,-81.456075,Peaton,El primer evento no fue una colision con un vehiculo automotor en transporte,Not an Intersection,No fue interseccion,Sobre calle,Ninguna,Oscuro sin iluminacion,Despejado,No,NO APLICA,99,98,99,98,1,22/03/2022,1
45,South Carolina,450199,0,0,2,0,41,FLORENCE (41),0,NO APLICA,3,Marzo,22,2022,23,24,I-95 EXIT RAMP,1,Interestatal,Rural,Interestatal,State Highway Agency,1,Sin jurisdiccion especial,1695,34.26430278,-79.7323,Vehiculo en movimiento,Frente a Detrás,Not an Intersection,No fue interseccion,Sobre calle,Ninguna,Oscuro - iluminacion desconocida,Despejado,No,NO APLICA,99,98,99,98,1,22/03/2022,2
45,South Carolina,450200,0,0,3,0,13,BEAUFORT (13),0,NO APLICA,3,Marzo,25,2022,11,46,US-17 CHARLESTON HWY,2,US Highway,Rural,Arteria Principal,State Highway Agency,1,Sin jurisdiccion especial,87,32.62021944,-80.73637778,Vehiculo en movimiento,Angulo,Not an Intersection,No fue interseccion,Sobre calle,Ninguna,Dia total,Despejado,No,NO APLICA,99,99,99,99,1,25/03/2022,4
45,South Carolina,450201,0,0,3,0,63,LEXINGTON (63),0,NO APLICA,3,Marzo,25,2022,18,45,SR-6,3,Highway estatal,Urbano,Arteria Menor,State Highway Agency,0,Sin jurisdiccion especial,44,34.04157778,-81.21629722,Vehiculo en movimiento,Frente a frente,Not an Intersection,No fue interseccion,Sobre calle,Ninguna,Atardecer,Despejado,No,NO APLICA,99,99,99,99,1,25/03/2022,8
45,South Carolina,450202,0,0,2,0,79,RICHLAND (79),0,NO APLICA,3,Marzo,26,2022,0,25,I-26,1,Interestatal,Rural,Interestatal,State Highway Agency,1,Sin jurisdiccion especial,926,34.17027778,-81.30123056,Vehiculo en movimiento,Frente a Detrás,Not an Intersection,No fue interseccion,Sobre calle,"Zona de trabajo, tipo desconocido",Oscuro sin iluminacion,Despejado,No,NO APLICA,99,99,99,99,1,26/03/2022,3
45,South Carolina,450203,0,0,1,0,31,DARLINGTON (31),0,NO APLICA,3,Marzo,26,2022,6,30,SR-28 INDIAN BRANCH RD,3,Highway estatal,Rural,Colector Mayor,State Highway Agency,0,Sin jurisdiccion especial,116,34.28746944,-79.93105556,Poste,El primer evento no fue una colision con un vehiculo automotor en transporte,Not an Intersection,No fue interseccion,Sobre el lado de la calle,Ninguna,Oscuro sin iluminacion,Despejado,No,NO APLICA,99,99,99,99,3,26/03/2022,4
45,South Carolina,450204,0,0,1,0,75,ORANGEBURG (75),0,NO APLICA,3,Marzo,26,2022,10,30,I-95,1,Interestatal,Rural,Interestatal,State Highway Agency,1,Sin jurisdiccion especial,961,33.45661389,-80.47896667,Poste de Señal de trafico,El primer evento no fue una colision con un vehiculo automotor en transporte,Not an Intersection,No fue interseccion,Sobre el lado de la calle,Ninguna,Dia total,Despejado,No,NO APLICA,99,98,99,98,1,26/03/2022,2
45,South Carolina,450205,0,0,1,0,51,HORRY (51),0,NO APLICA,3,Marzo,26,2022,14,29,SR-319 HWY 319,3,Highway estatal,Rural,Colector Mayor,State Highway Agency,0,Sin jurisdiccion especial,125,33.89443056,-79.05723056,Volcadura,El primer evento no fue una colision con un vehiculo automotor en transporte,Not an Intersection,No fue interseccion,Sobre el lado de la calle,Ninguna,Dia total,Despejado,No,NO APLICA,99,99,99,99,1,26/03/2022,1
45,South Carolina,450206,0,0,1,0,15,BERKELEY (15),0,NO APLICA,3,Marzo,26,2022,16,0,SR-136 HENRY E BROWN BLVD,3,Highway estatal,Urbano,Arteria Menor,State Highway Agency,0,Sin jurisdiccion especial,29,32.96047222,-80.00653333,Volcadura,El primer evento no fue una colision con un vehiculo automotor en transporte,Not an Intersection,No fue interseccion,Sobre el lado de la calle,Ninguna,Dia total,Despejado,No,NO APLICA,99,99,99,99,1,26/03/2022,1
45,South Carolina,450207,0,0,1,0,69,MARLBORO (69),0,NO APLICA,3,Marzo,26,2022,21,45,SR-48 E MAIN STREET EXT,3,Highway estatal,Rural,Local,State Highway Agency,0,Sin jurisdiccion especial,21,34.63530278,-79.660075,Buzon de correo,El primer evento no fue una colision con un vehiculo automotor en transporte,Not an Intersection,No fue interseccion,Sobre el lado de la calle,Ninguna,Oscuro sin iluminacion,Despejado,No,NO APLICA,99,98,99,98,1,26/03/2022,1
45,South Carolina,450208,0,0,1,0,17,CALHOUN (17),0,NO APLICA,3,Marzo,26,2022,22,50,SR-286 STOUDENMIRE DRIVE,3,Highway estatal,Rural,Local,State Highway Agency,0,Sin jurisdiccion especial,11,33.61611389,-80.55226667,Volcadura,El primer evento no fue una colision con un vehiculo automotor en transporte,Not an Intersection,No fue interseccion,Fuera de la calle,Ninguna,Oscuro - iluminacion desconocida,Despejado,No,NO APLICA,99,98,99,98,1,26/03/2022,1
45,South Carolina,450209,0,0,2,0,51,HORRY (51),1730,MYRTLE BEACH,3,Marzo,27,2022,2,31,US-17 HWY 17 BYPASS,2,US Highway,Urbano,Arteria Principal,State Highway Agency,1,Sin jurisdiccion especial,149,33.7273,-78.871,Vehiculo en movimiento,Frente a Detrás,Not an Intersection,No fue interseccion,Sobre calle,Ninguna,Oscuro con iluminacion,Despejado,No,NO APLICA,99,98,99,98,1,27/03/2022,3
45,South Carolina,450210,1,1,2,0,83,SPARTANBURG (83),0,NO APLICA,3,Marzo,26,2022,23,0,SR-489 HIDDEN HILLS RD,3,Highway estatal,Urbano,Colector Mayor,State Highway Agency,0,Sin jurisdiccion especial,27,34.91154444,-81.98162222,Peaton,El primer evento no fue una colision con un vehiculo automotor en transporte,Not an Intersection,No fue interseccion,Sobre calle,Ninguna,Oscuro sin iluminacion,Despejado,No,NO APLICA,99,99,99,99,1,26/03/2022,5
45,South Carolina,450211,0,0,2,0,33,DILLON (33),0,NO APLICA,3,Marzo,28,2022,14,0,SR-57 HWY 57 S,3,Highway estatal,Urbano,Arteria Menor,State Highway Agency,0,Sin jurisdiccion especial,89,34.38658889,-79.35813889,Vehiculo en movimiento,Angulo,T-Intersection,Interseccion de T,Sobre calle,Ninguna,Dia total,Despejado,No,NO APLICA,99,99,99,99,1,28/03/2022,3
45,South Carolina,450212,1,1,1,0,23,CHESTER (23),0,NO APLICA,3,Marzo,29,2022,17,30,SR-9  LANCASTER HWY,3,Highway estatal,Rural,Arteria Principal,State Highway Agency,0,Sin jurisdiccion especial,302,34.72888889,-81.01988056,Peaton,El primer evento no fue una colision con un vehiculo automotor en transporte,Not an Intersection,No fue interseccion,Sobre calle,Ninguna,Dia total,Despejado,No,NO APLICA,99,98,99,98,1,29/03/2022,1
45,South Carolina,450213,0,0,2,0,79,RICHLAND (79),0,NO APLICA,3,Marzo,29,2022,15,55,SR-266 RHAME RD,3,Highway estatal,Urbano,Local,State Highway Agency,0,Sin jurisdiccion especial,2,34.14339444,-80.87792222,Vehiculo en movimiento,Golpe Lateral - direccion contraria,Not an Intersection,No fue interseccion,Sobre calle,Ninguna,Dia total,Despejado,Yes,NO APLICA,99,98,99,98,1,29/03/2022,2
45,South Carolina,450214,0,0,2,0,45,GREENVILLE (45),0,NO APLICA,3,Marzo,29,2022,22,23,SR-1155 E STANDING SPRINGS RD,3,Highway estatal,Urbano,Local,State Highway Agency,0,Sin jurisdiccion especial,18,34.74993889,-82.29023889,Vehiculo en movimiento,Frente a frente,Not an Intersection,No fue interseccion,Sobre calle,Ninguna,Oscuro sin iluminacion,Despejado,No,NO APLICA,99,99,99,99,1,29/03/2022,2
45,South Carolina,450215,0,0,3,0,45,GREENVILLE (45),0,NO APLICA,3,Marzo,30,2022,8,30,SR-418 HWY418,3,Highway estatal,Rural,Arteria Menor,State Highway Agency,0,Sin jurisdiccion especial,42,34.64389444,-82.320775,Fin de valla,El primer evento no fue una colision con un vehiculo automotor en transporte,Not an Intersection,No fue interseccion,Sobre el lado de la calle,Ninguna,Dia total,Despejado,No,NO APLICA,99,98,99,98,1,30/03/2022,3
45,South Carolina,450216,0,0,4,0,45,GREENVILLE (45),0,NO APLICA,3,Marzo,30,2022,17,30,US-25,2,US Highway,Rural,Arteria Principal,State Highway Agency,1,Sin jurisdiccion especial,0,35.04161944,-82.42998889,Vehiculo en movimiento,Angulo,T-Intersection,Interseccion de T,Sobre calle,Ninguna,Dia total,Nublado,No,NO APLICA,99,99,99,99,1,30/03/2022,6
45,South Carolina,450217,0,0,2,1,19,CHARLESTON (19),1805,NORTH CHARLESTON,3,Marzo,31,2022,2,0,I-26,1,Interestatal,Urbano,Interestatal,State Highway Agency,1,Sin jurisdiccion especial,2172,32.84057778,-79.96745278,Vehiculo Aparcado,El primer evento no fue una colision con un vehiculo automotor en transporte,Not an Intersection,No fue interseccion,Sobre calle,Ninguna,Oscuro sin iluminacion,Despejado,No,NO APLICA,99,98,99,98,1,31/03/2022,1
45,South Carolina,450218,1,1,1,0,79,RICHLAND (79),0,NO APLICA,4,Abril,1,2022,2,50,US-321 FAIRFIELD RD,2,US Highway,Urbano,Arteria Principal,State Highway Agency,1,Sin jurisdiccion especial,74,34.08436389,-81.02446389,Peaton,El primer evento no fue una colision con un vehiculo automotor en transporte,Not an Intersection,No fue interseccion,Sobre calle,Ninguna,Oscuro sin iluminacion,Despejado,No,NO APLICA,99,98,99,98,1,01/04/2022,1
45,South Carolina,450219,1,1,3,0,45,GREENVILLE (45),1040,GREENVILLE,4,Abril,2,2022,22,50,I-85,1,Interestatal,Urbano,Interestatal,State Highway Agency,1,Sin jurisdiccion especial,513,34.83471111,-82.29411111,Peaton,El primer evento no fue una colision con un vehiculo automotor en transporte,Not an Intersection,No fue interseccion,Sobre calle,Ninguna,Oscuro sin iluminacion,Despejado,No,NO APLICA,99,98,99,98,1,02/04/2022,3
45,South Carolina,450220,0,0,2,0,7,ANDERSON (7),0,NO APLICA,4,Abril,3,2022,15,30,SR-300 DANEHOWER RD,3,Highway estatal,Rural,Colector Mayor,State Highway Agency,0,Sin jurisdiccion especial,5,34.6575,-82.72395,Vehiculo en movimiento,Angulo,Not an Intersection,No fue interseccion,Sobre calle,Ninguna,Dia total,Despejado,No,NO APLICA,99,99,99,99,1,03/04/2022,2
45,South Carolina,450221,0,0,2,0,7,ANDERSON (7),0,NO APLICA,4,Abril,3,2022,15,40,SR-28 HWY 28,3,Highway estatal,Urbano,Arteria Principal,State Highway Agency,0,Sin jurisdiccion especial,142,34.48981389,-82.67503333,Vehiculo en movimiento,Angulo,Four-Way Intersection,Interseccion de 4 direcciones,Sobre calle,Ninguna,Dia total,Despejado,No,NO APLICA,99,99,99,99,1,03/04/2022,2
45,South Carolina,450222,0,0,2,0,61,LEE (61),0,NO APLICA,4,Abril,3,2022,23,0,US-76 HWY 76,2,US Highway,Rural,Arteria Principal,State Highway Agency,1,Sin jurisdiccion especial,51,34.03851389,-80.11426667,Vehiculo en movimiento,Frente a Detrás,Not an Intersection,No fue interseccion,Sobre calle,Ninguna,Oscuro sin iluminacion,Despejado,No,NO APLICA,99,99,99,99,1,03/04/2022,3
45,South Carolina,450223,0,0,1,0,7,ANDERSON (7),0,NO APLICA,4,Abril,4,2022,12,15,US-178 LIBERTY HWY,2,US Highway,Rural,Arteria Principal,State Highway Agency,1,Sin jurisdiccion especial,70,34.64233889,-82.692925,Culvert,El primer evento no fue una colision con un vehiculo automotor en transporte,Not an Intersection,No fue interseccion,Sobre el lado de la calle,Ninguna,Dia total,Despejado,No,NO APLICA,99,99,99,99,1,04/04/2022,1
45,South Carolina,450224,0,0,1,0,85,SUMTER (85),0,NO APLICA,1,Enero,1,2022,0,40,SR-859,3,Highway estatal,Urbano,Local,State Highway Agency,0,Sin jurisdiccion especial,0,33.9012,-80.34246944,Barda,El primer evento no fue una colision con un vehiculo automotor en transporte,Not an Intersection,No fue interseccion,Fuera de la calle,Ninguna,Oscuro con iluminacion,Nublado,No,NO APLICA,99,99,99,99,1,01/01/2022,2
45,South Carolina,450225,0,0,2,0,41,FLORENCE (41),0,NO APLICA,1,Enero,5,2022,14,40,SR-147,3,Highway estatal,Rural,Colector Mayor,State Highway Agency,0,Sin jurisdiccion especial,62,34.02427222,-79.78473611,Vehiculo en movimiento,Frente a Detrás,T-Intersection,Interseccion de T,Sobre calle,Ninguna,Dia total,Despejado,No,NO APLICA,99,99,99,99,1,05/01/2022,2
45,South Carolina,450226,0,0,2,0,51,HORRY (51),0,NO APLICA,3,Marzo,22,2022,20,2,SR-917,3,Highway estatal,Rural,Colector Mayor,State Highway Agency,0,Sin jurisdiccion especial,60,34.10819722,-79.13228333,Vehiculo en movimiento,Frente a frente,Not an Intersection,No fue interseccion,Sobre calle,Ninguna,Oscuro sin iluminacion,Despejado,No,NO APLICA,99,99,99,99,1,22/03/2022,3
45,South Carolina,450227,0,0,2,0,45,GREENVILLE (45),0,NO APLICA,4,Abril,4,2022,12,32,SR-263 STAUNTON BRIDGE RD,3,Highway estatal,Urbano,Local,State Highway Agency,0,Sin jurisdiccion especial,2,34.7876,-82.44703889,Vehiculo en movimiento,Angulo,Four-Way Intersection,Interseccion de 4 direcciones,Sobre calle,Ninguna,Dia total,Despejado,No,NO APLICA,99,98,99,98,1,04/04/2022,2
45,South Carolina,450228,0,0,2,0,51,HORRY (51),540,CONWAY,4,Abril,4,2022,13,0,CR-EAST COUNTRY CLUB RD,4,Calle del Condado,Urbano,Local,County Highway Agency,0,Sin jurisdiccion especial,0,33.86389167,-79.03886667,Volcadura,El primer evento no fue una colision con un vehiculo automotor en transporte,Not an Intersection,No fue interseccion,Sobre el lado de la calle,Ninguna,Dia total,Despejado,No,NO APLICA,99,99,99,99,1,04/04/2022,2
45,South Carolina,450229,0,0,2,0,29,COLLETON (29),0,NO APLICA,4,Abril,5,2022,17,3,SR-41 RITTER RD,3,Highway estatal,Rural,Colector Mayor,State Highway Agency,0,Sin jurisdiccion especial,59,32.79581111,-80.62541111,Vehiculo en movimiento,Frente a frente,Not an Intersection,No fue interseccion,Sobre calle,Ninguna,Dia total,lluvia,No,NO APLICA,99,98,99,98,2,05/04/2022,2
45,South Carolina,450230,0,0,1,0,63,LEXINGTON (63),0,NO APLICA,4,Abril,5,2022,4,10,SR-383 DELREE STREET,3,Highway estatal,Urbano,Local,State Highway Agency,0,Sin jurisdiccion especial,11,33.97169444,-81.13674722,Volcadura,El primer evento no fue una colision con un vehiculo automotor en transporte,Not an Intersection,No fue interseccion,Sobre el lado de la calle,Ninguna,Oscuro con iluminacion,Despejado,No,NO APLICA,99,99,99,99,1,05/04/2022,1
45,South Carolina,450231,1,1,1,0,43,GEORGETOWN (43),50,ANDREWS,4,Abril,6,2022,17,34,SR-707 E ASHLAND STREET,3,Highway estatal,Urbano,Local,State Highway Agency,0,Sin jurisdiccion especial,2,33.449125,-79.55083889,Ciclista,El primer evento no fue una colision con un vehiculo automotor en transporte,Not an Intersection,No fue interseccion,Sobre calle,Ninguna,Dia total,Nublado,No,NO APLICA,99,99,99,99,1,06/04/2022,1
45,South Carolina,450232,0,0,1,0,79,RICHLAND (79),0,NO APLICA,4,Abril,7,2022,4,45,I-77,1,Interestatal,Urbano,Interestatal,State Highway Agency,1,Sin jurisdiccion especial,210,34.12679722,-80.96228333,Valla Ferrocarril,El primer evento no fue una colision con un vehiculo automotor en transporte,Not an Intersection,No fue interseccion,Sobre el lado de la calle,Ninguna,Oscuro sin iluminacion,lluvia,No,NO APLICA,99,98,99,98,1,07/04/2022,1
45,South Carolina,450233,1,1,2,1,51,HORRY (51),0,NO APLICA,4,Abril,7,2022,21,13,SR-33 FAIR BLUFF HWY,3,Highway estatal,Rural,Colector Mayor,State Highway Agency,0,Sin jurisdiccion especial,47,34.20115,-78.97203056,Peaton,El primer evento no fue una colision con un vehiculo automotor en transporte,Not an Intersection,No fue interseccion,Sobre calle,Ninguna,Oscuro sin iluminacion,Despejado,No,NO APLICA,99,99,99,99,1,07/04/2022,2
45,South Carolina,450234,0,0,1,0,87,UNION (87),0,NO APLICA,4,Abril,7,2022,5,15,SR-215 BUFFALO WEST SPRINGS HW,3,Highway estatal,Rural,Colector Mayor,State Highway Agency,0,Sin jurisdiccion especial,227,34.72041111,-81.73115,Buzon de correo,El primer evento no fue una colision con un vehiculo automotor en transporte,Not an Intersection,No fue interseccion,Sobre el lado de la calle,Ninguna,Oscuro - iluminacion desconocida,lluvia,No,NO APLICA,99,98,99,98,1,07/04/2022,1
45,South Carolina,450235,0,0,1,0,79,RICHLAND (79),0,NO APLICA,4,Abril,7,2022,16,30,SR-404 RABBITT RUN,3,Highway estatal,Urbano,Colector Mayor,State Highway Agency,0,Sin jurisdiccion especial,0,33.95280833,-80.87375833,Zanja,El primer evento no fue una colision con un vehiculo automotor en transporte,Not an Intersection,No fue interseccion,Sobre el lado de la calle,Ninguna,Dia total,Despejado,No,NO APLICA,99,99,99,99,1,07/04/2022,1
45,South Carolina,450236,1,1,1,0,53,JASPER (53),2150,RIDGELAND,4,Abril,8,2022,21,55,SR-336 GRAHAMVILLE RD,3,Highway estatal,Urbano,Arteria Menor,State Highway Agency,0,Sin jurisdiccion especial,86,32.47636111,-80.96801111,Peaton,El primer evento no fue una colision con un vehiculo automotor en transporte,Not an Intersection,No fue interseccion,Sobre calle,Ninguna,Oscuro - iluminacion desconocida,Despejado,No,NO APLICA,99,99,99,99,1,08/04/2022,1
45,South Carolina,450237,0,0,1,0,45,GREENVILLE (45),0,NO APLICA,4,Abril,9,2022,0,14,SR-310 WORLEY RD,3,Highway estatal,Urbano,Colector Mayor,State Highway Agency,0,Sin jurisdiccion especial,15,34.89306667,-82.39776944,Otra no colicion,El primer evento no fue una colision con un vehiculo automotor en transporte,Not an Intersection,No fue interseccion,Sobre calle,Ninguna,Oscuro sin iluminacion,Despejado,No,NO APLICA,99,99,99,99,1,09/04/2022,2
45,South Carolina,450238,0,0,1,0,7,ANDERSON (7),0,NO APLICA,4,Abril,9,2022,3,40,SR-22 DOBBINS BRIDGE RD,3,Highway estatal,Urbano,Arteria Menor,State Highway Agency,0,Sin jurisdiccion especial,70,34.48514722,-82.705975,Poste de Señal de trafico,El primer evento no fue una colision con un vehiculo automotor en transporte,Not an Intersection,No fue interseccion,Sobre el lado de la calle,Ninguna,Oscuro sin iluminacion,Despejado,No,NO APLICA,99,99,99,99,1,09/04/2022,1
45,South Carolina,450239,1,1,1,0,83,SPARTANBURG (83),580,COWPENS,4,Abril,9,2022,21,46,US-29 S MAIN STREET,2,US Highway,Urbano,Arteria Principal,State Highway Agency,1,Sin jurisdiccion especial,255,35.00957778,-81.81027222,Peaton,El primer evento no fue una colision con un vehiculo automotor en transporte,T-Intersection,Interseccion de T,Sobre calle,Ninguna,Oscuro - iluminacion desconocida,Nublado,No,NO APLICA,99,98,99,98,1,09/04/2022,1
45,South Carolina,450240,0,0,2,0,19,CHARLESTON (19),1170,HOLLYWOOD,4,Abril,10,2022,1,5,SR-165 HWY 165,3,Highway estatal,Rural,Arteria Menor,State Highway Agency,0,Sin jurisdiccion especial,89,32.79548056,-80.26603056,Vehiculo en movimiento,Frente a frente,Not an Intersection,No fue interseccion,Sobre calle,Ninguna,Oscuro sin iluminacion,Despejado,No,NO APLICA,99,99,99,99,2,10/04/2022,3
45,South Carolina,450241,0,0,1,0,19,CHARLESTON (19),0,NO APLICA,4,Abril,10,2022,18,44,SR-700 MAYBANK HWY,3,Highway estatal,Urbano,Colector Menor,State Highway Agency,0,Sin jurisdiccion especial,126,32.72639167,-80.07091389,Culvert,El primer evento no fue una colision con un vehiculo automotor en transporte,Not an Intersection,No fue interseccion,Sobre el lado de la calle,Ninguna,Dia total,Despejado,No,NO APLICA,99,98,99,98,1,10/04/2022,1
45,South Carolina,450242,0,0,1,0,63,LEXINGTON (63),0,NO APLICA,4,Abril,10,2022,18,25,SR-486 BEECHWOODS DRIVE,3,Highway estatal,Urbano,Colector Mayor,State Highway Agency,0,Sin jurisdiccion especial,17,34.0014,-81.33535,Volcadura,El primer evento no fue una colision con un vehiculo automotor en transporte,Not an Intersection,No fue interseccion,Sobre calle,Ninguna,Dia total,Despejado,No,NO APLICA,99,99,99,99,1,10/04/2022,1
45,South Carolina,450243,0,0,2,0,83,SPARTANBURG (83),0,NO APLICA,4,Abril,12,2022,17,8,SR-146 HWY 146,3,Highway estatal,Rural,Arteria Menor,State Highway Agency,0,Sin jurisdiccion especial,19,34.79836389,-82.14946667,Vehiculo en movimiento,Frente a frente,Four-Way Intersection,Interseccion de 4 direcciones,Sobre calle,Ninguna,Dia total,Despejado,No,NO APLICA,99,99,99,99,1,12/04/2022,2
45,South Carolina,450244,0,0,2,0,51,HORRY (51),1730,MYRTLE BEACH,4,Abril,12,2022,17,48,US-17 N HWY 17 BYPASS,2,US Highway,Urbano,Arteria Principal,State Highway Agency,1,Sin jurisdiccion especial,138,33.71735,-78.88901111,Vehiculo en movimiento,Frente a Detrás,Not an Intersection,No fue interseccion,Sobre calle,Ninguna,Dia total,Despejado,No,NO APLICA,99,99,99,99,2,12/04/2022,4
45,South Carolina,450245,0,0,3,0,15,BERKELEY (15),0,NO APLICA,4,Abril,12,2022,17,30,US-52 N HWY 52,2,US Highway,Rural,Arteria Principal,State Highway Agency,1,Sin jurisdiccion especial,267,33.34728056,-79.94386944,Vehiculo en movimiento,Angulo,Four-Way Intersection,Interseccion de 4 direcciones,Sobre calle,Ninguna,Dia total,Despejado,No,NO APLICA,99,99,99,99,1,12/04/2022,3
45,South Carolina,450246,0,0,1,0,79,RICHLAND (79),0,NO APLICA,4,Abril,13,2022,3,20,CR-MEADOWLAKE DRIVE,4,Calle del Condado,Urbano,Local,County Highway Agency,0,Sin jurisdiccion especial,4,34.08538889,-81.00994722,Buzon de correo,El primer evento no fue una colision con un vehiculo automotor en transporte,Not an Intersection,No fue interseccion,Sobre el lado de la calle,Ninguna,Oscuro sin iluminacion,Despejado,No,NO APLICA,99,98,99,98,1,13/04/2022,1
45,South Carolina,450247,0,0,1,0,57,LANCASTER (57),0,NO APLICA,4,Abril,14,2022,18,34,SR-51 CAMP CREEK RD,3,Highway estatal,Rural,Colector Mayor,State Highway Agency,0,Sin jurisdiccion especial,56,34.78613056,-80.65573611,Acotamiento,El primer evento no fue una colision con un vehiculo automotor en transporte,Not an Intersection,No fue interseccion,Sobre el lado de la calle,Ninguna,Dia total,Despejado,No,NO APLICA,99,99,99,99,1,14/04/2022,2
45,South Carolina,450248,0,0,1,0,29,COLLETON (29),0,NO APLICA,4,Abril,15,2022,8,30,US-15 JEFFRIES HWY,2,US Highway,Rural,Arteria Principal,State Highway Agency,1,Sin jurisdiccion especial,96,33.03951111,-80.62716944,Volcadura,El primer evento no fue una colision con un vehiculo automotor en transporte,Not an Intersection,No fue interseccion,Sobre el lado de la calle,Ninguna,Dia total,Despejado,No,NO APLICA,99,98,99,98,1,15/04/2022,1
45,South Carolina,450249,0,0,2,0,63,LEXINGTON (63),0,NO APLICA,4,Abril,15,2022,16,46,US-378 HWY 378,2,US Highway,Rural,Arteria Principal,State Highway Agency,1,Sin jurisdiccion especial,55,34.01747222,-81.42390556,Volcadura,El primer evento no fue una colision con un vehiculo automotor en transporte,T-Intersection,Interseccion de T,Sobre calle,Ninguna,Dia total,Despejado,No,NO APLICA,99,98,99,98,1,15/04/2022,2
45,South Carolina,450250,0,0,2,0,45,GREENVILLE (45),2380,SIMPSONVILLE,4,Abril,15,2022,8,0,SR-417 E CURTIS STREET,3,Highway estatal,Urbano,Colector Menor,State Highway Agency,0,Sin jurisdiccion especial,44,34.73991111,-82.24021111,Vehiculo en movimiento,Frente a frente,Y-Intersection,Interseccion de Y,Sobre calle,Ninguna,Dia total,Despejado,No,NO APLICA,99,99,99,99,1,15/04/2022,2
45,South Carolina,450251,0,0,1,0,59,LAURENS (59),1410,LAURENS,4,Abril,16,2022,14,36,US-76 CHURCH STREET,2,US Highway,Urbano,Arteria Principal,State Highway Agency,1,Sin jurisdiccion especial,167,34.50635,-82.02481111,Banqueta,El primer evento no fue una colision con un vehiculo automotor en transporte,Not an Intersection,No fue interseccion,Sobre el lado de la calle,Ninguna,Dia total,Despejado,No,NO APLICA,99,99,99,99,1,16/04/2022,1
45,South Carolina,450252,1,1,1,0,13,BEAUFORT (13),1145,HILTON HEAD ISL,4,Abril,17,2022,19,0,SR-79 SPANISH WELLS,3,Highway estatal,Urbano,Colector Mayor,State Highway Agency,0,Sin jurisdiccion especial,7,32.19186389,-80.77235833,Peaton,El primer evento no fue una colision con un vehiculo automotor en transporte,Four-Way Intersection,Interseccion de 4 direcciones,Sobre calle,Ninguna,Atardecer,Despejado,No,NO APLICA,99,98,99,98,1,17/04/2022,3
45,South Carolina,450253,0,0,2,0,51,HORRY (51),1730,MYRTLE BEACH,4,Abril,17,2022,18,51,US-17 HWY 17 BUSINESS,2,US Highway,Urbano,Arteria Principal,State Highway Agency,1,Sin jurisdiccion especial,150,33.72704722,-78.84264722,Volcadura,El primer evento no fue una colision con un vehiculo automotor en transporte,T-Intersection,Interseccion de T,Sobre calle,Ninguna,Dia total,Despejado,No,NO APLICA,99,99,99,99,1,17/04/2022,3
45,South Carolina,450254,0,0,2,0,31,DARLINGTON (31),0,NO APLICA,4,Abril,18,2022,0,45,SR-20 RUBY RD,3,Highway estatal,Rural,Colector Mayor,State Highway Agency,0,Sin jurisdiccion especial,24,34.432675,-80.09651944,Vehiculo en movimiento,Frente a frente,Not an Intersection,No fue interseccion,Sobre calle,Ninguna,Oscuro sin iluminacion,Despejado,No,NO APLICA,99,99,99,99,1,18/04/2022,2
45,South Carolina,450255,0,0,1,0,15,BERKELEY (15),0,NO APLICA,4,Abril,18,2022,21,5,SR-275 SHEEP ISLAND RD,3,Highway estatal,Rural,Local,State Highway Agency,0,Sin jurisdiccion especial,12,33.10383611,-80.14628056,Zanja,El primer evento no fue una colision con un vehiculo automotor en transporte,Not an Intersection,No fue interseccion,Sobre el lado de la calle,Ninguna,Oscuro sin iluminacion,Despejado,No,NO APLICA,99,99,99,99,1,18/04/2022,1
45,South Carolina,450256,1,1,1,0,45,GREENVILLE (45),0,NO APLICA,4,Abril,18,2022,23,36,I-385 RAMP,1,Interestatal,Urbano,Interestatal,State Highway Agency,1,Sin jurisdiccion especial,350,34.81723056,-82.29066111,Peaton,El primer evento no fue una colision con un vehiculo automotor en transporte,Not an Intersection,No fue interseccion,Sobre calle,Ninguna,Oscuro - iluminacion desconocida,Despejado,No,NO APLICA,99,98,99,98,1,18/04/2022,1
45,South Carolina,450257,0,0,2,0,83,SPARTANBURG (83),2780,WELLFORD,4,Abril,19,2022,16,40,US-29 GREENVILLE HWY,2,US Highway,Urbano,Arteria Principal,State Highway Agency,1,Sin jurisdiccion especial,83,34.94541667,-82.09188333,Vehiculo en movimiento,Angulo,Four-Way Intersection,Interseccion de 4 direcciones,Sobre calle,Ninguna,Dia total,Despejado,No,NO APLICA,99,98,99,98,3,19/04/2022,3