Estado,Nombre de Estado,Numero de Caso,Peatones,Personas _no_vehiculos,Vehiculos automotores,Vehiculos estacionados,Condado,Nombre Condado,Ciudad,Nombre Ciudad,Mes,Nombre Mes,Dia,Año,Hora,Minuto,Calle,Ruta,Nombre Ruta,Rural o Urbanoo,Sistema Funcional,Dueño Calle,Sistema Nacional Carreteras,Jurisdiccion Especial,Milla,Latitud,Longitud,Causa del Accidente,Tipo de Accidente,Tipo Interseccion,Columna1,Lugar en la calle,Zona de Trabajo,Luz,Clima,Autobus Escolar,Cruce de Trenes,Hora Notificacion,Minuto Notificacion,Hora Llegada,Minuto Llegada,Decesos,Fecha,PersonaVehiculo
45,South Carolina,450258,1,1,1,0,67,MARION (67),0,NO APLICA,4,Abril,19,2022,7,8,SR-309 GILCHRIST RD,3,Highway estatal,Rural,Colector Mayor,State Highway Agency,0,Sin jurisdiccion especial,22,34.22884722,-79.20905,Peaton,El primer evento no fue una colision con un vehiculo automotor en transporte,Not an Intersection,No fue interseccion,Sobre calle,Ninguna,Dia total,Despejado,No,NO APLICA,99,98,99,98,1,19/04/2022,3
45,South Carolina,450259,1,1,1,0,57,LANCASTER (57),0,NO APLICA,4,Abril,20,2022,21,25,SR-200 GREAT FALLS HWY,3,Highway estatal,Urbano,Arteria Menor,State Highway Agency,0,Sin jurisdiccion especial,110,34.70521389,-80.76680278,Peaton,El primer evento no fue una colision con un vehiculo automotor en transporte,Not an Intersection,No fue interseccion,Sobre calle,Ninguna,Oscuro con iluminacion,Despejado,No,NO APLICA,99,99,99,99,1,20/04/2022,1
45,South Carolina,450260,0,0,1,0,49,HAMPTON (49),0,NO APLICA,4,Abril,21,2022,2,50,SR-13 OLD SALKEHATCHIE HWY,3,Highway estatal,Rural,Colector Mayor,State Highway Agency,0,Sin jurisdiccion especial,290,32.98551944,-81.13965833,Arbol,El primer evento no fue una colision con un vehiculo automotor en transporte,Not an Intersection,No fue interseccion,Sobre el lado de la calle,Ninguna,Oscuro sin iluminacion,Despejado,No,NO APLICA,99,98,99,98,1,21/04/2022,1
45,South Carolina,450261,0,0,3,0,45,GREENVILLE (45),0,NO APLICA,4,Abril,22,2022,7,46,SR-87 SULPHER SPRINGS RD,3,Highway estatal,Urbano,Colector Mayor,State Highway Agency,0,Sin jurisdiccion especial,15,34.88719722,-82.45445833,Vehiculo en movimiento,Frente a frente,Not an Intersection,No fue interseccion,Sobre calle,Ninguna,Dia total,Despejado,No,NO APLICA,99,99,99,99,1,22/04/2022,3
45,South Carolina,450262,0,0,2,0,87,UNION (87),0,NO APLICA,4,Abril,22,2022,7,46,US-176 WHITMIRE HWY,2,US Highway,Rural,Arteria Principal,State Highway Agency,1,Sin jurisdiccion especial,167,34.69109167,-81.60939722,Vehiculo en movimiento,Frente a frente,Not an Intersection,No fue interseccion,Sobre calle,Ninguna,Amanecer,Despejado,No,NO APLICA,99,99,99,99,1,22/04/2022,2
45,South Carolina,450263,0,0,2,0,83,SPARTANBURG (83),0,NO APLICA,4,Abril,22,2022,19,34,US-176,2,US Highway,Urbano,Arteria Principal,State Highway Agency,1,Sin jurisdiccion especial,183,35.01611389,-82.02085,Vehiculo en movimiento,Angulo,Four-Way Intersection,Interseccion de 4 direcciones,Sobre calle,Ninguna,Dia total,Despejado,No,NO APLICA,99,99,99,99,1,22/04/2022,4
45,South Carolina,450264,0,0,2,0,39,FAIRFIELD (39),0,NO APLICA,4,Abril,22,2022,19,55,SR-184 EIGHT STREET,3,Highway estatal,Urbano,Local,State Highway Agency,0,Sin jurisdiccion especial,3,34.35971944,-81.08818611,Vehiculo en movimiento,Angulo,Four-Way Intersection,Interseccion de 4 direcciones,Sobre calle,Ninguna,Dia total,Despejado,No,NO APLICA,99,99,99,99,1,22/04/2022,3
45,South Carolina,450265,1,1,1,0,41,FLORENCE (41),0,NO APLICA,4,Abril,23,2022,0,4,US-76 EAST PALMETTO STREET,2,US Highway,Urbano,Arteria Principal,State Highway Agency,1,Sin jurisdiccion especial,223,34.19693611,-79.70548056,Ciclista,El primer evento no fue una colision con un vehiculo automotor en transporte,Not an Intersection,No fue interseccion,Sobre calle,Ninguna,Oscuro sin iluminacion,Despejado,No,NO APLICA,99,99,99,99,1,23/04/2022,1
45,South Carolina,450266,0,0,1,0,25,CHESTERFIELD (25),0,NO APLICA,4,Abril,23,2022,19,0,SR-109 HWY 109,3,Highway estatal,Rural,Colector Mayor,State Highway Agency,0,Sin jurisdiccion especial,131,34.79300556,-80.21631111,Zanja,El primer evento no fue una colision con un vehiculo automotor en transporte,Not an Intersection,No fue interseccion,Sobre el lado de la calle,Ninguna,Dia total,Despejado,No,NO APLICA,99,98,99,98,1,23/04/2022,1
45,South Carolina,450267,0,0,2,0,83,SPARTANBURG (83),0,NO APLICA,4,Abril,24,2022,9,0,CR-NAZARETH CHURCH RD,4,Calle del Condado,Urbano,Colector Mayor,State Highway Agency,0,Sin jurisdiccion especial,43,34.89245556,-82.02778333,Vehiculo en movimiento,Frente a frente,Not an Intersection,No fue interseccion,Sobre calle,Ninguna,Dia total,Despejado,No,NO APLICA,99,99,99,99,1,24/04/2022,2
45,South Carolina,450268,1,1,1,0,51,HORRY (51),0,NO APLICA,4,Abril,24,2022,20,48,SR-90 HWY 90,3,Highway estatal,Rural,Arteria Menor,State Highway Agency,0,Sin jurisdiccion especial,132,33.85561944,-78.80653611,Peaton,El primer evento no fue una colision con un vehiculo automotor en transporte,Not an Intersection,No fue interseccion,Sobre calle,"Zona de trabajo, tipo desconocido",Oscuro sin iluminacion,Despejado,No,NO APLICA,99,99,99,99,1,24/04/2022,1
45,South Carolina,450269,0,0,1,0,29,COLLETON (29),0,NO APLICA,4,Abril,24,2022,13,4,SR-44 RUFFIN RD,3,Highway estatal,Rural,Colector Mayor,State Highway Agency,0,Sin jurisdiccion especial,24,32.969375,-80.74310556,Volcadura,El primer evento no fue una colision con un vehiculo automotor en transporte,Not an Intersection,No fue interseccion,Sobre el lado de la calle,Ninguna,Dia total,Despejado,No,NO APLICA,99,99,99,99,1,24/04/2022,5
45,South Carolina,450270,0,0,1,0,91,YORK (91),0,NO APLICA,4,Abril,24,2022,23,30,SR-460 FORT MILL PKWY,3,Highway estatal,Rural,Colector Mayor,State Highway Agency,0,Sin jurisdiccion especial,35,34.98928889,-80.91725,Valla Ferrocarril,El primer evento no fue una colision con un vehiculo automotor en transporte,Not an Intersection,No fue interseccion,Sobre el lado de la calle,Ninguna,Oscuro sin iluminacion,Despejado,No,NO APLICA,99,98,99,98,1,24/04/2022,1
45,South Carolina,450271,0,0,2,0,15,BERKELEY (15),985,GOOSE CREEK,4,Abril,24,2022,6,34,US-176 ST JAMES AVE,2,US Highway,Urbano,Arteria Principal,State Highway Agency,1,Sin jurisdiccion especial,260,33.0077,-80.04503056,Vehiculo en movimiento,Angulo,Four-Way Intersection,Interseccion de 4 direcciones,Sobre calle,Ninguna,Dia total,Despejado,No,NO APLICA,99,99,99,99,1,24/04/2022,2
45,South Carolina,450272,1,1,1,0,79,RICHLAND (79),520,COLUMBIA,4,Abril,24,2022,22,40,SR-555 FARROW RD,3,Highway estatal,Urbano,Arteria Menor,State Highway Agency,0,Sin jurisdiccion especial,17,34.03453056,-81.0233,Peaton,El primer evento no fue una colision con un vehiculo automotor en transporte,T-Intersection,Interseccion de T,Sobre calle,Ninguna,Dia total,Despejado,No,NO APLICA,99,99,99,99,1,24/04/2022,2
45,South Carolina,450273,0,0,2,0,13,BEAUFORT (13),0,NO APLICA,4,Abril,25,2022,6,35,US-21 TRASK PKWY,2,US Highway,Urbano,Arteria Principal,State Highway Agency,1,Sin jurisdiccion especial,266,32.45763056,-80.73358889,Vehiculo en movimiento,Frente a frente,Not an Intersection,No fue interseccion,Sobre calle,Ninguna,Dia total,Despejado,No,NO APLICA,99,99,99,99,1,25/04/2022,3
45,South Carolina,450274,0,0,1,0,85,SUMTER (85),0,NO APLICA,4,Abril,25,2022,18,0,SR-441 PEACH ORCHARD RD,3,Highway estatal,Urbano,Arteria Principal,State Highway Agency,0,Sin jurisdiccion especial,80,33.96334167,-80.49728889,Zanja,El primer evento no fue una colision con un vehiculo automotor en transporte,Not an Intersection,No fue interseccion,Sobre el lado de la calle,Ninguna,Dia total,Despejado,No,NO APLICA,99,99,99,99,1,25/04/2022,1
45,South Carolina,450275,0,0,2,0,21,CHEROKEE (21),0,NO APLICA,4,Abril,26,2022,15,39,SR-110 BATTLEGROUND RD,3,Highway estatal,Rural,Colector Mayor,State Highway Agency,0,Sin jurisdiccion especial,7,35.08231944,-81.81261667,Vehiculo en movimiento,Frente a frente,Not an Intersection,No fue interseccion,Sobre calle,Ninguna,Dia total,Despejado,No,NO APLICA,99,99,99,99,1,26/04/2022,2
45,South Carolina,450277,1,1,2,0,75,ORANGEBURG (75),0,NO APLICA,4,Abril,27,2022,5,50,US-178 NORTH RD,2,US Highway,Urbano,Arteria Principal,State Highway Agency,1,Sin jurisdiccion especial,210,33.53009167,-80.89433889,Peaton,El primer evento no fue una colision con un vehiculo automotor en transporte,Not an Intersection,No fue interseccion,Sobre calle,Ninguna,Amanecer,Despejado,No,NO APLICA,99,98,99,98,1,27/04/2022,2
45,South Carolina,450278,0,0,1,0,41,FLORENCE (41),0,NO APLICA,4,Abril,27,2022,22,45,SR-69 YOUNG RD,3,Highway estatal,Rural,Local,State Highway Agency,0,Sin jurisdiccion especial,42,34.09371667,-79.91357222,Arbol,El primer evento no fue una colision con un vehiculo automotor en transporte,Not an Intersection,No fue interseccion,Sobre el lado de la calle,Ninguna,Oscuro sin iluminacion,Despejado,No,NO APLICA,99,99,99,99,1,27/04/2022,1
45,South Carolina,450279,0,0,2,0,37,EDGEFIELD (37),0,NO APLICA,4,Abril,28,2022,16,0,SR-19 HWY 19,3,Highway estatal,Rural,Arteria Principal,State Highway Agency,0,Sin jurisdiccion especial,24,33.722175,-81.83742778,Vehiculo en movimiento,Frente a frente,Not an Intersection,No fue interseccion,Sobre calle,Ninguna,Dia total,Despejado,No,NO APLICA,99,99,99,99,1,28/04/2022,2
45,South Carolina,450280,0,0,1,0,15,BERKELEY (15),0,NO APLICA,4,Abril,28,2022,8,25,US-52 HWY 52,2,US Highway,Urbano,Arteria Principal,State Highway Agency,1,Sin jurisdiccion especial,46,33.05458611,-80.03440556,Acotamiento,El primer evento no fue una colision con un vehiculo automotor en transporte,Not an Intersection,No fue interseccion,Sobre el lado de la calle,Ninguna,Dia total,Despejado,No,NO APLICA,99,99,99,99,1,28/04/2022,1
45,South Carolina,450281,0,0,2,0,45,GREENVILLE (45),0,NO APLICA,4,Abril,29,2022,18,0,I-385,1,Interestatal,Urbano,Interestatal,State Highway Agency,1,Sin jurisdiccion especial,333,34.79591389,-82.28026944,Vehiculo en movimiento,Frente a Detrás,Not an Intersection,No fue interseccion,Sobre calle,Ninguna,Dia total,Despejado,No,NO APLICA,99,98,99,98,1,29/04/2022,3
45,South Carolina,450282,1,1,2,0,51,HORRY (51),540,CONWAY,4,Abril,29,2022,6,3,US-701 MAIN STREET,2,US Highway,Urbano,Arteria Principal,State Highway Agency,1,Sin jurisdiccion especial,162,33.8605,-79.05578056,Peaton,El primer evento no fue una colision con un vehiculo automotor en transporte,Not an Intersection,No fue interseccion,Sobre calle,Ninguna,Oscuro sin iluminacion,Despejado,No,NO APLICA,99,98,99,98,1,29/04/2022,2
45,South Carolina,450283,0,0,2,0,13,BEAUFORT (13),0,NO APLICA,4,Abril,30,2022,0,5,US-21 PARRIS ISLAND GTWY,2,US Highway,Urbano,Arteria Principal,State Highway Agency,1,Sin jurisdiccion especial,238,32.42105556,-80.73028889,Vehiculo en movimiento,Angulo,T-Intersection,Interseccion de T,Sobre calle,Ninguna,Oscuro sin iluminacion,Despejado,No,NO APLICA,99,99,99,99,1,30/04/2022,3
45,South Carolina,450284,0,1,2,1,79,RICHLAND (79),0,NO APLICA,4,Abril,30,2022,5,0,US-76,2,US Highway,Rural,Arteria Principal,State Highway Agency,1,Sin jurisdiccion especial,362,33.94437222,-80.80570556,Vehiculo Aparcado,El primer evento no fue una colision con un vehiculo automotor en transporte,Not an Intersection,No fue interseccion,Sobre calle,Ninguna,Oscuro sin iluminacion,Despejado,No,NO APLICA,99,99,99,99,1,30/04/2022,1
45,South Carolina,450285,0,0,1,0,65,MCCORMICK (65),0,NO APLICA,4,Abril,30,2022,6,5,SR-138 LIBERTY HILL RD,3,Highway estatal,Rural,Colector Mayor,State Highway Agency,0,Sin jurisdiccion especial,31,33.93546389,-82.18758889,Zanja,El primer evento no fue una colision con un vehiculo automotor en transporte,Not an Intersection,No fue interseccion,Sobre el lado de la calle,Ninguna,Amanecer,Despejado,No,NO APLICA,99,98,99,98,1,30/04/2022,1
45,South Carolina,450286,0,0,1,0,45,GREENVILLE (45),0,NO APLICA,4,Abril,30,2022,12,22,US-276 LAURENS RD,2,US Highway,Urbano,Arteria Principal,State Highway Agency,1,Sin jurisdiccion especial,348,34.85353056,-82.38348056,Fin de valla,El primer evento no fue una colision con un vehiculo automotor en transporte,Not an Intersection,No fue interseccion,Sobre el lado de la calle,Ninguna,Dia total,Despejado,No,NO APLICA,99,98,99,98,1,30/04/2022,1
45,South Carolina,450287,0,0,1,0,79,RICHLAND (79),0,NO APLICA,4,Abril,30,2022,16,50,SR-2074 HOBART RD,3,Highway estatal,Urbano,Local,State Highway Agency,0,Sin jurisdiccion especial,6,34.17402778,-80.95103333,Vehiculo Ferrocarril,El primer evento no fue una colision con un vehiculo automotor en transporte,Not an Intersection,No fue interseccion,Sobre calle,Ninguna,Dia total,Despejado,No,715906J,99,98,99,98,1,30/04/2022,1
45,South Carolina,450288,1,1,1,0,21,CHEROKEE (21),0,NO APLICA,4,Abril,30,2022,20,40,US-29 CHEROKEE AVE,2,US Highway,Urbano,Arteria Principal,State Highway Agency,1,Sin jurisdiccion especial,109,35.07939722,-81.63697778,Peaton,El primer evento no fue una colision con un vehiculo automotor en transporte,Not an Intersection,No fue interseccion,Sobre calle,Ninguna,Oscuro sin iluminacion,Despejado,No,NO APLICA,99,99,99,99,1,30/04/2022,1
45,South Carolina,450289,1,1,1,0,5,ALLENDALE (5),30,ALLENDALE,4,Abril,30,2022,23,0,SR-10 RAILROAD AVE,3,Highway estatal,Rural,Local,State Highway Agency,0,Sin jurisdiccion especial,7,33.00306389,-81.30030278,Peaton,El primer evento no fue una colision con un vehiculo automotor en transporte,Not an Intersection,No fue interseccion,Sobre calle,Ninguna,Oscuro - iluminacion desconocida,Despejado,No,NO APLICA,99,99,99,99,1,30/04/2022,1
45,South Carolina,450290,0,0,1,0,89,WILLIAMSBURG (89),0,NO APLICA,4,Abril,4,2022,18,14,SR-377 MARTIN LUTHER KING JR H,3,Highway estatal,Urbano,Arteria Menor,State Highway Agency,0,Sin jurisdiccion especial,122,33.64180556,-79.81256389,Zanja,El primer evento no fue una colision con un vehiculo automotor en transporte,Not an Intersection,No fue interseccion,Sobre el lado de la calle,Ninguna,Dia total,Despejado,No,NO APLICA,99,99,99,99,1,04/04/2022,3
45,South Carolina,450291,0,0,1,0,13,BEAUFORT (13),0,NO APLICA,2,Febrero,11,2022,8,45,US-278,2,US Highway,Urbano,Arteria Principal,State Highway Agency,1,Sin jurisdiccion especial,180,32.19578889,-80.7615,Banqueta,El primer evento no fue una colision con un vehiculo automotor en transporte,Not an Intersection,No fue interseccion,Sobre el lado de la calle,Ninguna,Dia total,Despejado,No,NO APLICA,99,99,99,99,1,11/02/2022,2
45,South Carolina,450292,0,0,2,0,79,RICHLAND (79),0,NO APLICA,3,Marzo,12,2022,22,10,US-76 GARDNERS FERRY RD,2,US Highway,Rural,Arteria Principal,State Highway Agency,1,Sin jurisdiccion especial,402,33.94383056,-80.74202778,Vehiculo en movimiento,Frente a Detrás,Not an Intersection,No fue interseccion,Sobre calle,Ninguna,Oscuro sin iluminacion,Despejado,No,NO APLICA,99,98,99,98,1,12/03/2022,2
45,South Carolina,450293,0,0,2,0,85,SUMTER (85),0,NO APLICA,3,Marzo,15,2022,20,0,US-15 HWY 15 BUSINESS,2,US Highway,Rural,Arteria Principal,State Highway Agency,1,Sin jurisdiccion especial,16,33.79852778,-80.35741944,Vehiculo en movimiento,Frente a Detrás,Not an Intersection,No fue interseccion,Sobre calle,Ninguna,Oscuro con iluminacion,Despejado,No,NO APLICA,99,99,99,99,1,15/03/2022,8
45,South Carolina,450294,0,0,4,0,15,BERKELEY (15),0,NO APLICA,3,Marzo,16,2022,21,0,US-17 HWY 17 ALT,2,US Highway,Rural,Arteria Principal,State Highway Agency,1,Sin jurisdiccion especial,195,33.22577222,-79.96008611,Vehiculo en movimiento,Frente a Detrás,Not an Intersection,No fue interseccion,Sobre calle,Ninguna,Oscuro sin iluminacion,Despejado,No,NO APLICA,99,99,99,99,2,16/03/2022,9
45,South Carolina,450295,1,1,1,0,13,BEAUFORT (13),0,NO APLICA,3,Marzo,21,2022,20,35,US-278 FORDING ISLAND RD,2,US Highway,Urbano,Arteria Principal,State Highway Agency,1,Sin jurisdiccion especial,19,32.29869722,-80.94710278,Peaton,El primer evento no fue una colision con un vehiculo automotor en transporte,Four-Way Intersection,Interseccion de 4 direcciones,Sobre calle,Ninguna,Oscuro sin iluminacion,Despejado,No,NO APLICA,99,98,99,98,1,21/03/2022,1
45,South Carolina,450296,0,0,1,0,53,JASPER (53),0,NO APLICA,4,Abril,1,2022,13,25,US-321 DEERFIELD RD,2,US Highway,Rural,Arteria Principal,State Highway Agency,1,Sin jurisdiccion especial,67,32.37569444,-81.09625833,Volcadura,El primer evento no fue una colision con un vehiculo automotor en transporte,Not an Intersection,No fue interseccion,Sobre el lado de la calle,Ninguna,Dia total,Despejado,No,NO APLICA,99,99,99,99,2,01/04/2022,2
45,South Carolina,450297,0,0,2,0,45,GREENVILLE (45),0,NO APLICA,5,Mayo,1,2022,11,27,US-25 AUGUSTA RD,2,US Highway,Urbano,Arteria Principal,State Highway Agency,1,Sin jurisdiccion especial,159,34.70016389,-82.3949,Vehiculo en movimiento,Frente a frente,Not an Intersection,No fue interseccion,Sobre calle,Ninguna,Dia total,Despejado,No,NO APLICA,99,99,99,99,1,01/05/2022,2
45,South Carolina,450298,0,0,1,0,85,SUMTER (85),0,NO APLICA,5,Mayo,1,2022,21,0,US-401 OSWEGO HWY,2,US Highway,Rural,Arteria Principal,State Highway Agency,1,Sin jurisdiccion especial,65,33.99593611,-80.28998056,Zanja,El primer evento no fue una colision con un vehiculo automotor en transporte,Not an Intersection,No fue interseccion,Sobre el lado de la calle,Ninguna,Oscuro sin iluminacion,Nublado,No,NO APLICA,99,99,99,99,1,01/05/2022,1
45,South Carolina,450299,0,0,1,0,47,GREENWOOD (47),0,NO APLICA,5,Mayo,2,2022,1,19,SR-285 AIRPORT RD,3,Highway estatal,Urbano,Colector Mayor,State Highway Agency,0,Sin jurisdiccion especial,5,34.23540278,-82.14631389,Otra barrera de trafico,El primer evento no fue una colision con un vehiculo automotor en transporte,Not an Intersection,No fue interseccion,Sobre calle,Ninguna,Oscuro sin iluminacion,Despejado,No,NO APLICA,99,98,99,98,1,02/05/2022,1
45,South Carolina,450300,0,0,2,0,7,ANDERSON (7),0,NO APLICA,5,Mayo,4,2022,1,22,SR-24 HWY 24,3,Highway estatal,Urbano,Arteria Principal,State Highway Agency,0,Sin jurisdiccion especial,88,34.52886944,-82.79536667,Vehiculo en movimiento,Frente a frente,Not an Intersection,No fue interseccion,Sobre calle,Ninguna,Oscuro sin iluminacion,Despejado,No,NO APLICA,99,99,99,99,1,04/05/2022,2
45,South Carolina,450301,1,1,1,0,79,RICHLAND (79),0,NO APLICA,5,Mayo,4,2022,21,3,US-1 TWO NOTCH RD,2,US Highway,Rural,Arteria Principal,State Highway Agency,1,Sin jurisdiccion especial,0,34.04544167,-80.98940278,Peaton,El primer evento no fue una colision con un vehiculo automotor en transporte,Not an Intersection,No fue interseccion,Sobre calle,Ninguna,Oscuro sin iluminacion,Despejado,No,NO APLICA,99,99,99,99,1,04/05/2022,1
45,South Carolina,450302,0,0,1,0,45,GREENVILLE (45),0,NO APLICA,5,Mayo,5,2022,15,11,SR-149 N WASHINGTON AVE,3,Highway estatal,Urbano,Arteria Menor,State Highway Agency,0,Sin jurisdiccion especial,1,34.84125,-82.44388056,Arbol,El primer evento no fue una colision con un vehiculo automotor en transporte,Not an Intersection,No fue interseccion,Sobre el lado de la calle,Ninguna,Dia total,Despejado,No,NO APLICA,99,98,99,98,1,05/05/2022,1
45,South Carolina,450303,1,1,1,0,51,HORRY (51),0,NO APLICA,5,Mayo,5,2022,22,35,US-17 S KINGS HWY,2,US Highway,Urbano,Arteria Principal,State Highway Agency,1,Sin jurisdiccion especial,0,33.64136111,-78.94821111,Ciclista,El primer evento no fue una colision con un vehiculo automotor en transporte,Not an Intersection,No fue interseccion,Sobre calle,Ninguna,Oscuro sin iluminacion,Despejado,No,NO APLICA,99,98,99,98,1,05/05/2022,1
45,South Carolina,450304,0,0,2,0,19,CHARLESTON (19),1170,HOLLYWOOD,5,Mayo,5,2022,0,27,SR-162 HWY 162,3,Highway estatal,Rural,Arteria Menor,State Highway Agency,0,Sin jurisdiccion especial,25,32.72158056,-80.31106944,Vehiculo en movimiento,Frente a frente,Y-Intersection,Interseccion de Y,Sobre calle,Ninguna,Oscuro sin iluminacion,Despejado,No,NO APLICA,99,99,99,99,1,05/05/2022,6
45,South Carolina,450305,0,0,2,0,55,KERSHAW (55),0,NO APLICA,5,Mayo,7,2022,0,10,I-20,1,Interestatal,Rural,Interestatal,State Highway Agency,1,Sin jurisdiccion especial,929,34.197525,-80.66785,Vehiculo en movimiento,Frente a Detrás,Not an Intersection,No fue interseccion,Sobre calle,Ninguna,Oscuro sin iluminacion,Nublado,No,NO APLICA,99,99,99,99,1,07/05/2022,2
45,South Carolina,450306,0,0,3,0,79,RICHLAND (79),0,NO APLICA,5,Mayo,7,2022,5,0,I-77,1,Interestatal,Urbano,Interestatal,State Highway Agency,1,Sin jurisdiccion especial,195,34.10747222,-80.96179722,Vehiculo en movimiento,Frente a frente,Not an Intersection,No fue interseccion,Sobre calle,Ninguna,Oscuro sin iluminacion,Despejado,No,NO APLICA,99,99,99,99,1,07/05/2022,3
45,South Carolina,450307,0,0,1,0,3,AIKEN (3),0,NO APLICA,5,Mayo,7,2022,7,4,I-20,1,Interestatal,Rural,Interestatal,State Highway Agency,1,Sin jurisdiccion especial,270,33.70265,-81.60215,Volcadura,El primer evento no fue una colision con un vehiculo automotor en transporte,Not an Intersection,No fue interseccion,En el medio,Ninguna,Dia total,Despejado,No,NO APLICA,99,99,99,99,1,07/05/2022,4
45,South Carolina,450308,0,0,2,0,79,RICHLAND (79),0,NO APLICA,5,Mayo,7,2022,18,30,I-26,1,Interestatal,Urbano,Interestatal,State Highway Agency,1,Sin jurisdiccion especial,654,34.038375,-81.09854444,Vehiculo en movimiento,Frente a frente,Not an Intersection,No fue interseccion,Sobre calle,Ninguna,Dia total,Despejado,No,NO APLICA,99,99,99,99,1,07/05/2022,3
45,South Carolina,450309,0,0,1,0,45,GREENVILLE (45),0,NO APLICA,5,Mayo,7,2022,20,59,SR-21 RUTHERFORD RD,3,Highway estatal,Urbano,Arteria Menor,State Highway Agency,0,Sin jurisdiccion especial,24,34.89900278,-82.36151389,Muro,El primer evento no fue una colision con un vehiculo automotor en transporte,Not an Intersection,No fue interseccion,Sobre el lado de la calle,Ninguna,Dia total,Despejado,No,NO APLICA,99,99,99,99,1,07/05/2022,1
45,South Carolina,450310,0,0,3,0,19,CHARLESTON (19),1805,NORTH CHARLESTON,5,Mayo,7,2022,20,30,SR-642 DORCHESTER RD,3,Highway estatal,Urbano,Arteria Principal,State Highway Agency,0,Sin jurisdiccion especial,43,32.86081111,-80.04683056,Vehiculo en movimiento,Angulo,Four-Way Intersection,Interseccion de 4 direcciones,Sobre calle,Ninguna,Oscuro sin iluminacion,Despejado,No,NO APLICA,99,99,99,99,1,07/05/2022,3
45,South Carolina,450311,0,0,1,0,63,LEXINGTON (63),0,NO APLICA,5,Mayo,7,2022,16,10,SR-46 RIDGE RD,3,Highway estatal,Rural,Local,State Highway Agency,0,Sin jurisdiccion especial,56,33.98180278,-81.51788056,Acotamiento,El primer evento no fue una colision con un vehiculo automotor en transporte,Not an Intersection,No fue interseccion,Sobre el lado de la calle,Ninguna,Dia total,Despejado,No,NO APLICA,99,98,99,98,1,07/05/2022,1
45,South Carolina,450312,0,0,1,0,63,LEXINGTON (63),0,NO APLICA,5,Mayo,8,2022,22,45,SR-685 JESSAMINE RD,3,Highway estatal,Urbano,Colector Mayor,State Highway Agency,0,Sin jurisdiccion especial,11,33.98703889,-81.14773056,Arbol,El primer evento no fue una colision con un vehiculo automotor en transporte,Not an Intersection,No fue interseccion,Sobre el lado de la calle,Ninguna,Oscuro sin iluminacion,Despejado,No,NO APLICA,99,99,99,99,1,08/05/2022,2
45,South Carolina,450313,0,0,2,0,19,CHARLESTON (19),2100,RAVENEL,5,Mayo,8,2022,22,55,US-17 SAVANNAH HWY,2,US Highway,Rural,Arteria Principal,State Highway Agency,1,Sin jurisdiccion especial,104,32.77208611,-80.27055556,Vehiculo en movimiento,Angulo,Four-Way Intersection,Interseccion de 4 direcciones,Sobre calle,Ninguna,Oscuro sin iluminacion,Despejado,No,NO APLICA,99,99,99,99,3,08/05/2022,4
45,South Carolina,450314,0,0,2,0,43,GEORGETOWN (43),940,GEORGETOWN,5,Mayo,8,2022,10,46,US-17 CHURCH STREET,2,US Highway,Rural,Arteria Principal,State Highway Agency,1,Sin jurisdiccion especial,165,33.37008889,-79.27793889,Vehiculo en movimiento,Frente a frente,T-Intersection,Interseccion de T,Sobre calle,Ninguna,Dia total,Nublado,No,NO APLICA,99,99,99,99,1,08/05/2022,2
45,South Carolina,450315,0,0,2,0,63,LEXINGTON (63),0,NO APLICA,5,Mayo,9,2022,18,19,CR- JIM SPENCE RD,4,Calle del Condado,Rural,Local,County Highway Agency,0,Sin jurisdiccion especial,12,33.81902778,-81.20761111,Vehiculo en movimiento,Angulo,T-Intersection,Interseccion de T,Sobre calle,Ninguna,Dia total,Despejado,No,NO APLICA,99,98,99,98,1,09/05/2022,2
45,South Carolina,450316,0,0,2,0,51,HORRY (51),0,NO APLICA,5,Mayo,9,2022,20,40,US-701 HWY 701,2,US Highway,Rural,Arteria Principal,State Highway Agency,1,Sin jurisdiccion especial,94,33.77993889,-79.07398056,Vehiculo en movimiento,Frente a frente,Not an Intersection,No fue interseccion,Sobre calle,Ninguna,Oscuro - iluminacion desconocida,Despejado,No,NO APLICA,99,99,99,99,1,09/05/2022,4
45,South Carolina,450317,0,0,1,0,83,SPARTANBURG (83),0,NO APLICA,5,Mayo,10,2022,22,45,SR-105 MAYO RD,3,Highway estatal,Rural,Colector Mayor,State Highway Agency,0,Sin jurisdiccion especial,23,35.06540556,-81.85253889,Acotamiento,El primer evento no fue una colision con un vehiculo automotor en transporte,Not an Intersection,No fue interseccion,Sobre el lado de la calle,Ninguna,Oscuro sin iluminacion,Despejado,No,NO APLICA,99,99,99,99,1,10/05/2022,4
45,South Carolina,450318,1,1,2,1,3,AIKEN (3),1800,NORTH AUGUSTA,5,Mayo,10,2022,6,45,I-20 EXIT RAMP,1,Interestatal,Urbano,Interestatal,State Highway Agency,1,Sin jurisdiccion especial,13,33.53851944,-81.99616944,Vehiculo Aparcado,El primer evento no fue una colision con un vehiculo automotor en transporte,Not an Intersection,No fue interseccion,Sobre calle,Ninguna,Dia total,Despejado,No,NO APLICA,99,99,99,99,1,10/05/2022,2