Estado,Nombre de Estado,Numero de Caso,Peatones,Personas _no_vehiculos,Vehiculos automotores,Vehiculos estacionados,Condado,Nombre Condado,Ciudad,Nombre Ciudad,Mes,Nombre Mes,Dia,Año,Hora,Minuto,Calle,Ruta,Nombre Ruta,Rural o Urbanoo,Sistema Funcional,Dueño Calle,Sistema Nacional Carreteras,Jurisdiccion Especial,Milla,Latitud,Longitud,Causa del Accidente,Tipo de Accidente,Tipo Interseccion,Columna1,Lugar en la calle,Zona de Trabajo,Luz,Clima,Autobus Escolar,Cruce de Trenes,Hora Notificacion,Minuto Notificacion,Hora Llegada,Minuto Llegada,Decesos,Fecha,PersonaVehiculo
45,South Carolina,450319,0,0,1,0,45,GREENVILLE (45),0,NO APLICA,5,Mayo,11,2022,1,6,I-385,1,Interestatal,Urbano,Interestatal,State Highway Agency,1,Sin jurisdiccion especial,336,34.79666944,-82.28033056,Valla Ferrocarril,El primer evento no fue una colision con un vehiculo automotor en transporte,Not an Intersection,No fue interseccion,Sobre el lado de la calle,Ninguna,Oscuro - iluminacion desconocida,Despejado,No,NO APLICA,99,99,99,99,1,11/05/2022,2
45,South Carolina,450320,0,0,3,0,45,GREENVILLE (45),0,NO APLICA,5,Mayo,12,2022,7,14,I-85,1,Interestatal,Urbano,Interestatal,State Highway Agency,1,Sin jurisdiccion especial,494,34.81291111,-82.33941111,Vehiculo en movimiento,Frente a Detrás,Not an Intersection,No fue interseccion,Sobre calle,Ninguna,Dia total,Despejado,No,NO APLICA,99,99,99,99,1,12/05/2022,3
45,South Carolina,450321,0,0,1,0,45,GREENVILLE (45),0,NO APLICA,5,Mayo,13,2022,23,15,SR-418 HWY 418,3,Highway estatal,Rural,Arteria Menor,State Highway Agency,0,Sin jurisdiccion especial,97,34.67451389,-82.22951944,Arbol,El primer evento no fue una colision con un vehiculo automotor en transporte,Not an Intersection,No fue interseccion,Sobre el lado de la calle,Ninguna,Oscuro sin iluminacion,Despejado,No,NO APLICA,99,98,99,98,1,13/05/2022,1
45,South Carolina,450322,0,0,2,0,75,ORANGEBURG (75),0,NO APLICA,5,Mayo,14,2022,23,40,SR-33 HICLORY HILL RD,3,Highway estatal,Rural,Colector Mayor,State Highway Agency,0,Sin jurisdiccion especial,11,33.46396944,-80.99175,Vehiculo en movimiento,Angulo,Four-Way Intersection,Interseccion de 4 direcciones,Sobre calle,Ninguna,Oscuro sin iluminacion,Despejado,No,NO APLICA,99,99,99,99,1,14/05/2022,3
45,South Carolina,450323,0,0,1,0,19,CHARLESTON (19),1245,JOHNS ISLAND,5,Mayo,14,2022,1,5,SR-1442 BROWNSWOOD RD,3,Highway estatal,Urbano,Colector Mayor,State Highway Agency,0,Sin jurisdiccion especial,10,32.73208611,-80.08349444,Zanja,El primer evento no fue una colision con un vehiculo automotor en transporte,Not an Intersection,No fue interseccion,Sobre el lado de la calle,Ninguna,Oscuro sin iluminacion,Nublado,No,NO APLICA,99,98,99,98,2,14/05/2022,2
45,South Carolina,450324,0,0,2,0,75,ORANGEBURG (75),0,NO APLICA,5,Mayo,14,2022,16,1,US-15 BASS DRIVE,2,US Highway,Rural,Arteria Principal,State Highway Agency,1,Sin jurisdiccion especial,17,33.31788889,-80.4678,Vehiculo en movimiento,Angulo,T-Intersection,Interseccion de T,Sobre calle,Ninguna,Dia total,Despejado,No,NO APLICA,99,99,99,99,1,14/05/2022,5
45,South Carolina,450325,0,0,1,0,47,GREENWOOD (47),0,NO APLICA,5,Mayo,14,2022,23,18,SR-97 DEADFALL RD,3,Highway estatal,Urbano,Colector Mayor,State Highway Agency,0,Sin jurisdiccion especial,11,34.24167778,-82.16732778,Volcadura,El primer evento no fue una colision con un vehiculo automotor en transporte,Not an Intersection,No fue interseccion,Sobre el lado de la calle,Ninguna,Oscuro sin iluminacion,Despejado,No,NO APLICA,99,98,99,98,1,14/05/2022,1
45,South Carolina,450326,0,0,3,0,45,GREENVILLE (45),0,NO APLICA,5,Mayo,15,2022,7,31,I-85,1,Interestatal,Urbano,Interestatal,State Highway Agency,1,Sin jurisdiccion especial,529,34.85373611,-82.27356944,Vehiculo en movimiento,Angulo,Not an Intersection,No fue interseccion,Sobre calle,Ninguna,Dia total,Despejado,No,NO APLICA,99,99,99,99,1,15/05/2022,3
45,South Carolina,450327,1,1,1,0,51,HORRY (51),0,NO APLICA,5,Mayo,15,2022,20,36,US-17 HWY 17 BUSINESS,2,US Highway,Urbano,Arteria Principal,State Highway Agency,1,Sin jurisdiccion especial,4,33.5764,-79.02544444,Peaton,El primer evento no fue una colision con un vehiculo automotor en transporte,Not an Intersection,No fue interseccion,Sobre calle,Ninguna,Oscuro sin iluminacion,Despejado,No,NO APLICA,99,99,99,99,1,15/05/2022,1
45,South Carolina,450328,1,1,1,0,19,CHARLESTON (19),1805,NORTH CHARLESTON,5,Mayo,16,2022,1,10,I-26 RAMP,1,Interestatal,Urbano,Interestatal,State Highway Agency,1,Sin jurisdiccion especial,2081,32.93973889,-80.05070278,Peaton,El primer evento no fue una colision con un vehiculo automotor en transporte,Not an Intersection,No fue interseccion,Sobre calle,Ninguna,Oscuro sin iluminacion,Despejado,No,NO APLICA,99,98,99,98,1,16/05/2022,1
45,South Carolina,450329,0,0,1,0,79,RICHLAND (79),0,NO APLICA,5,Mayo,16,2022,15,20,CR-WOOD TRAIL DRIVE,4,Calle del Condado,Urbano,Local,County Highway Agency,0,Sin jurisdiccion especial,1,34.04790556,-81.08593611,Arbol,El primer evento no fue una colision con un vehiculo automotor en transporte,Not an Intersection,No fue interseccion,Sobre el lado de la calle,Ninguna,Dia total,Despejado,No,NO APLICA,99,98,99,98,1,16/05/2022,1
45,South Carolina,450330,0,0,1,0,57,LANCASTER (57),0,NO APLICA,5,Mayo,17,2022,6,12,SR-200 GREAT FALLS HWY,3,Highway estatal,Rural,Arteria Menor,State Highway Agency,0,Sin jurisdiccion especial,48,34.65012778,-80.83732222,Arbol,El primer evento no fue una colision con un vehiculo automotor en transporte,Not an Intersection,No fue interseccion,Sobre el lado de la calle,Ninguna,Dia total,Despejado,No,NO APLICA,99,99,99,99,1,17/05/2022,2
45,South Carolina,450331,0,0,1,0,79,RICHLAND (79),0,NO APLICA,5,Mayo,18,2022,21,18,SR-60,3,Highway estatal,Rural,Colector Mayor,State Highway Agency,0,Sin jurisdiccion especial,17,34.22598056,-80.89038611,Arbol,El primer evento no fue una colision con un vehiculo automotor en transporte,Not an Intersection,No fue interseccion,Sobre el lado de la calle,Ninguna,Oscuro sin iluminacion,Despejado,No,NO APLICA,99,99,99,99,1,18/05/2022,1
45,South Carolina,450332,0,0,1,0,7,ANDERSON (7),0,NO APLICA,5,Mayo,18,2022,13,17,SR-28 HWY 28,3,Highway estatal,Urbano,Colector Menor,State Highway Agency,0,Sin jurisdiccion especial,125,34.47779167,-82.65720556,Zanja,El primer evento no fue una colision con un vehiculo automotor en transporte,Not an Intersection,No fue interseccion,Sobre el lado de la calle,Ninguna,Dia total,Despejado,No,NO APLICA,99,99,99,99,1,18/05/2022,1
45,South Carolina,450333,0,0,1,0,45,GREENVILLE (45),0,NO APLICA,5,Mayo,18,2022,9,20,SR-14 HWY 14,3,Highway estatal,Urbano,Arteria Principal,State Highway Agency,0,Sin jurisdiccion especial,112,34.81095,-82.25686111,Arbol,El primer evento no fue una colision con un vehiculo automotor en transporte,Not an Intersection,No fue interseccion,Sobre el lado de la calle,Ninguna,Dia total,Despejado,No,NO APLICA,99,99,99,99,1,18/05/2022,1
45,South Carolina,450334,0,0,1,0,51,HORRY (51),0,NO APLICA,5,Mayo,19,2022,1,25,SR-57 WAMPEE RD,3,Highway estatal,Rural,Colector Mayor,State Highway Agency,0,Sin jurisdiccion especial,6,33.86289722,-78.72585278,Zanja,El primer evento no fue una colision con un vehiculo automotor en transporte,Not an Intersection,No fue interseccion,Sobre el lado de la calle,Ninguna,Oscuro sin iluminacion,Despejado,No,NO APLICA,99,99,99,99,1,19/05/2022,1
45,South Carolina,450335,0,0,1,0,33,DILLON (33),0,NO APLICA,5,Mayo,19,2022,6,36,I-95,1,Interestatal,Rural,Interestatal,State Highway Agency,1,Sin jurisdiccion especial,1812,34.34029722,-79.53793056,Arbol,El primer evento no fue una colision con un vehiculo automotor en transporte,Not an Intersection,No fue interseccion,En el medio,Ninguna,Dia total,Despejado,No,NO APLICA,99,99,99,99,1,19/05/2022,1
45,South Carolina,450336,0,0,2,0,49,HAMPTON (49),0,NO APLICA,5,Mayo,19,2022,8,45,US-321 COLUMBIA HWY,2,US Highway,Rural,Arteria Principal,State Highway Agency,1,Sin jurisdiccion especial,146,32.80608611,-81.24031944,Vehiculo en movimiento,Frente a frente,Not an Intersection,No fue interseccion,Sobre calle,Ninguna,Dia total,Despejado,No,NO APLICA,99,99,99,99,1,19/05/2022,2
45,South Carolina,450337,1,1,1,0,91,YORK (91),0,NO APLICA,5,Mayo,19,2022,10,56,I-77,1,Interestatal,Urbano,Interestatal,State Highway Agency,1,Sin jurisdiccion especial,908,35.09836389,-80.93213889,Peaton,El primer evento no fue una colision con un vehiculo automotor en transporte,Not an Intersection,No fue interseccion,Sobre calle,Ninguna,Dia total,Despejado,No,NO APLICA,99,99,99,99,1,19/05/2022,1
45,South Carolina,450338,0,0,1,0,57,LANCASTER (57),0,NO APLICA,5,Mayo,19,2022,13,30,US-521 CHARLOTTE HWY,2,US Highway,Urbano,Arteria Principal,State Highway Agency,1,Sin jurisdiccion especial,402,34.95814444,-80.85383056,Zanja,El primer evento no fue una colision con un vehiculo automotor en transporte,Not an Intersection,No fue interseccion,Sobre el lado de la calle,Ninguna,Dia total,Despejado,No,NO APLICA,99,99,99,99,1,19/05/2022,2
45,South Carolina,450339,0,0,1,0,51,HORRY (51),0,NO APLICA,5,Mayo,20,2022,0,35,SR-1244 GEORGE BISHOP PKWY,3,Highway estatal,Urbano,Arteria Menor,State Highway Agency,0,Sin jurisdiccion especial,62,33.71016111,-78.94026944,Banqueta,El primer evento no fue una colision con un vehiculo automotor en transporte,Not an Intersection,No fue interseccion,Sobre el lado de la calle,Ninguna,Oscuro con iluminacion,Despejado,No,NO APLICA,99,99,99,99,1,20/05/2022,1
45,South Carolina,450340,0,0,2,0,7,ANDERSON (7),0,NO APLICA,5,Mayo,20,2022,18,0,SR-81 HWY 81,3,Highway estatal,Urbano,Arteria Menor,State Highway Agency,0,Sin jurisdiccion especial,264,34.60502222,-82.61180556,Vehiculo en movimiento,Frente a frente,Not an Intersection,No fue interseccion,Sobre calle,Ninguna,Dia total,Despejado,No,NO APLICA,99,99,99,99,4,20/05/2022,7
45,South Carolina,450341,0,0,1,0,51,HORRY (51),0,NO APLICA,5,Mayo,20,2022,19,45,US-501,2,US Highway,Urbano,Arteria Principal,State Highway Agency,1,Sin jurisdiccion especial,139,33.89095556,-79.12248056,Otro objeto (fijo),El primer evento no fue una colision con un vehiculo automotor en transporte,Not an Intersection,No fue interseccion,Sobre el lado de la calle,Ninguna,Atardecer,Despejado,No,NO APLICA,99,98,99,98,1,20/05/2022,1
45,South Carolina,450342,0,0,1,0,51,HORRY (51),540,CONWAY,5,Mayo,21,2022,19,30,CR- JOHNSON STREET,4,Calle del Condado,Urbano,Local,State Highway Agency,0,Sin jurisdiccion especial,0,33.819,-79.08108889,Buzon de correo,El primer evento no fue una colision con un vehiculo automotor en transporte,Not an Intersection,No fue interseccion,Sobre el lado de la calle,Ninguna,Dia total,Despejado,No,NO APLICA,99,99,99,99,1,21/05/2022,1
45,South Carolina,450343,0,0,1,0,41,FLORENCE (41),0,NO APLICA,5,Mayo,21,2022,23,57,SR-58 VOX HWY,3,Highway estatal,Rural,Colector Mayor,State Highway Agency,0,Sin jurisdiccion especial,80,33.804,-79.54056944,Zanja,El primer evento no fue una colision con un vehiculo automotor en transporte,Not an Intersection,No fue interseccion,Sobre el lado de la calle,Ninguna,Oscuro sin iluminacion,Despejado,No,NO APLICA,99,99,99,99,1,21/05/2022,1
45,South Carolina,450344,0,0,1,0,83,SPARTANBURG (83),0,NO APLICA,5,Mayo,22,2022,2,35,SR-79 VALLEY FALLS RD,3,Highway estatal,Urbano,Colector Mayor,State Highway Agency,0,Sin jurisdiccion especial,6,35.02676944,-81.9707,Poste o otros soportes,El primer evento no fue una colision con un vehiculo automotor en transporte,Not an Intersection,No fue interseccion,Sobre el lado de la calle,Ninguna,Oscuro sin iluminacion,Despejado,No,NO APLICA,99,99,99,99,1,22/05/2022,1
45,South Carolina,450345,0,0,1,0,63,LEXINGTON (63),0,NO APLICA,5,Mayo,22,2022,19,16,SR-104 OLD BARNWELL RD,3,Highway estatal,Urbano,Arteria Menor,State Highway Agency,0,Sin jurisdiccion especial,43,33.93778611,-81.18611389,Poste de Señal de trafico,El primer evento no fue una colision con un vehiculo automotor en transporte,Not an Intersection,No fue interseccion,Sobre el lado de la calle,Ninguna,Dia total,Despejado,No,NO APLICA,99,98,99,98,1,22/05/2022,1
45,South Carolina,450346,0,0,3,0,79,RICHLAND (79),0,NO APLICA,5,Mayo,22,2022,18,0,I-77,1,Interestatal,Urbano,Interestatal,State Highway Agency,1,Sin jurisdiccion especial,119,34.01726944,-80.94916944,Vehiculo en movimiento,Golpe Lateral - misma direccion,Not an Intersection,No fue interseccion,Sobre calle,Ninguna,Dia total,Despejado,No,NO APLICA,99,98,99,98,1,22/05/2022,5
45,South Carolina,450347,0,0,1,0,51,HORRY (51),0,NO APLICA,5,Mayo,22,2022,12,35,SR-19 HWY 19,3,Highway estatal,Rural,Colector Mayor,State Highway Agency,0,Sin jurisdiccion especial,139,34.05328611,-78.99924444,Zanja,El primer evento no fue una colision con un vehiculo automotor en transporte,Not an Intersection,No fue interseccion,Sobre el lado de la calle,Ninguna,Dia total,Despejado,No,NO APLICA,99,98,99,98,1,22/05/2022,1
45,South Carolina,450348,0,0,1,0,79,RICHLAND (79),520,COLUMBIA,5,Mayo,19,2022,6,0,SR-245 KOON RD,3,Highway estatal,Urbano,Local,State Highway Agency,0,Sin jurisdiccion especial,0,34.05138056,-81.01063056,Vehiculo Ferrocarril,El primer evento no fue una colision con un vehiculo automotor en transporte,Not an Intersection,No fue interseccion,Sobre calle,Ninguna,Amanecer,Despejado,No,634302E,99,99,99,99,1,19/05/2022,1
45,South Carolina,450349,0,0,2,0,45,GREENVILLE (45),910,FOUNTAIN INN,5,Mayo,23,2022,2,18,I-385,1,Interestatal,Urbano,Interestatal,State Highway Agency,1,Sin jurisdiccion especial,233,34.68485556,-82.21182222,Vehiculo en movimiento,Frente a Detrás,Not an Intersection,No fue interseccion,Sobre calle,Ninguna,Oscuro sin iluminacion,Despejado,No,NO APLICA,99,99,99,99,1,23/05/2022,7
45,South Carolina,450350,1,1,1,0,75,ORANGEBURG (75),0,NO APLICA,5,Mayo,24,2022,21,30,US-21 COLUMBIA RD,2,US Highway,Rural,Arteria Principal,State Highway Agency,1,Sin jurisdiccion especial,322,33.61402778,-80.87835833,Peaton,El primer evento no fue una colision con un vehiculo automotor en transporte,Not an Intersection,No fue interseccion,Sobre calle,Ninguna,Oscuro sin iluminacion,Despejado,No,NO APLICA,99,99,99,99,1,24/05/2022,1
45,South Carolina,450351,0,0,1,0,29,COLLETON (29),0,NO APLICA,5,Mayo,25,2022,12,30,I-95,1,Interestatal,Urbano,Interestatal,State Highway Agency,1,Sin jurisdiccion especial,554,32.90484444,-80.70304444,Arbol,El primer evento no fue una colision con un vehiculo automotor en transporte,Not an Intersection,No fue interseccion,En el medio,Ninguna,Dia total,Despejado,No,NO APLICA,99,99,99,99,1,25/05/2022,2
45,South Carolina,450352,0,0,2,0,75,ORANGEBURG (75),0,NO APLICA,5,Mayo,25,2022,21,15,US-178 NORTH RD,2,US Highway,Rural,Arteria Principal,State Highway Agency,1,Sin jurisdiccion especial,174,33.55871389,-80.94556389,Vehiculo en movimiento,Frente a Detrás,T-Intersection,Interseccion de T,Sobre calle,Ninguna,Oscuro sin iluminacion,Despejado,No,NO APLICA,99,99,99,99,1,25/05/2022,2
45,South Carolina,450353,0,0,1,0,13,BEAUFORT (13),0,NO APLICA,5,Mayo,26,2022,8,55,US-17,2,US Highway,Rural,Arteria Principal,State Highway Agency,1,Sin jurisdiccion especial,61,32.60036111,-80.775175,Volcadura,El primer evento no fue una colision con un vehiculo automotor en transporte,Not an Intersection,No fue interseccion,Sobre el lado de la calle,Ninguna,Dia total,Despejado,No,NO APLICA,99,98,99,98,1,26/05/2022,1
45,South Carolina,450354,0,0,2,0,83,SPARTANBURG (83),0,NO APLICA,5,Mayo,26,2022,17,35,US-221 CHESNEE HWY,2,US Highway,Urbano,Arteria Principal,State Highway Agency,1,Sin jurisdiccion especial,357,35.07674722,-81.86901667,Vehiculo en movimiento,Frente a Detrás,Not an Intersection,No fue interseccion,Sobre calle,Ninguna,Dia total,lluvia,No,NO APLICA,99,99,99,99,3,26/05/2022,5
45,South Carolina,450355,0,0,2,0,47,GREENWOOD (47),2740,WARE SHOALS,5,Mayo,26,2022,22,12,US-25 HWY 25 N,2,US Highway,Rural,Arteria Principal,State Highway Agency,1,Sin jurisdiccion especial,354,34.37465,-82.22393333,Vehiculo en movimiento,Golpe Lateral - misma direccion,Not an Intersection,No fue interseccion,Sobre calle,Ninguna,Oscuro sin iluminacion,lluvia,No,NO APLICA,99,99,99,99,1,26/05/2022,3
45,South Carolina,450356,0,0,1,0,39,FAIRFIELD (39),0,NO APLICA,5,Mayo,26,2022,20,0,I-77,1,Interestatal,Rural,Interestatal,State Highway Agency,1,Sin jurisdiccion especial,378,34.363325,-80.99702778,Valla Ferrocarril,El primer evento no fue una colision con un vehiculo automotor en transporte,Not an Intersection,No fue interseccion,Sobre el lado de la calle,Ninguna,Atardecer,Despejado,No,NO APLICA,99,99,99,99,1,26/05/2022,2
45,South Carolina,450357,1,1,1,0,25,CHESTERFIELD (25),0,NO APLICA,5,Mayo,27,2022,1,7,SR-9 HWY 9,3,Highway estatal,Rural,Arteria Principal,State Highway Agency,0,Sin jurisdiccion especial,232,34.73218056,-80.14579722,Peaton,El primer evento no fue una colision con un vehiculo automotor en transporte,Not an Intersection,No fue interseccion,Sobre calle,Ninguna,Oscuro sin iluminacion,Despejado,No,NO APLICA,99,99,99,99,1,27/05/2022,1
45,South Carolina,450358,0,0,1,0,43,GEORGETOWN (43),0,NO APLICA,5,Mayo,27,2022,9,3,US-17,2,US Highway,Rural,Arteria Principal,State Highway Agency,1,Sin jurisdiccion especial,110,33.34230278,-79.54828056,Zanja,El primer evento no fue una colision con un vehiculo automotor en transporte,Not an Intersection,No fue interseccion,Sobre el lado de la calle,Ninguna,Dia total,lluvia,No,NO APLICA,99,99,99,99,1,27/05/2022,1
45,South Carolina,450359,0,0,1,0,73,OCONEE (73),0,NO APLICA,5,Mayo,27,2022,16,40,US-76 LONG CREEK HWY,2,US Highway,Rural,Arteria Principal,State Highway Agency,1,Sin jurisdiccion especial,15,34.81125278,-83.29780556,Acotamiento,El primer evento no fue una colision con un vehiculo automotor en transporte,Not an Intersection,No fue interseccion,Sobre el lado de la calle,Ninguna,Dia total,Despejado,No,NO APLICA,99,99,99,99,1,27/05/2022,1
45,South Carolina,450360,0,0,2,0,45,GREENVILLE (45),0,NO APLICA,5,Mayo,27,2022,22,30,SR-920 STALLINGS RD,3,Highway estatal,Urbano,Arteria Menor,State Highway Agency,0,Sin jurisdiccion especial,35,34.94182222,-82.33071667,Vehiculo en movimiento,Golpe Lateral - misma direccion,Not an Intersection,No fue interseccion,Sobre calle,Ninguna,Dia total,Despejado,No,NO APLICA,99,99,99,99,2,27/05/2022,2
45,South Carolina,450361,0,0,3,0,79,RICHLAND (79),0,NO APLICA,5,Mayo,27,2022,23,18,SR-12 PERCIVAL RD,3,Highway estatal,Rural,Colector Mayor,State Highway Agency,0,Sin jurisdiccion especial,170,34.10803333,-80.80997222,Vehiculo en movimiento,Frente a frente,Not an Intersection,No fue interseccion,Sobre calle,Ninguna,Oscuro sin iluminacion,Despejado,No,NO APLICA,99,99,99,99,1,27/05/2022,4
45,South Carolina,450362,0,0,1,0,53,JASPER (53),0,NO APLICA,5,Mayo,28,2022,4,20,I-95,1,Interestatal,Rural,Interestatal,State Highway Agency,1,Sin jurisdiccion especial,278,32.57618056,-80.93425,Acotamiento,El primer evento no fue una colision con un vehiculo automotor en transporte,Not an Intersection,No fue interseccion,Sobre el lado de la calle,Ninguna,Oscuro sin iluminacion,Despejado,No,NO APLICA,99,99,99,99,1,28/05/2022,6
45,South Carolina,450363,0,0,2,0,73,OCONEE (73),0,NO APLICA,5,Mayo,28,2022,7,5,SR-11 HWY 11,3,Highway estatal,Rural,Colector Menor,State Highway Agency,0,Sin jurisdiccion especial,171,34.72048056,-83.05472778,Vehiculo en movimiento,Angulo,Four-Way Intersection,Interseccion de 4 direcciones,Sobre calle,Ninguna,Dia total,Despejado,No,NO APLICA,99,99,99,99,1,28/05/2022,5
45,South Carolina,450364,0,0,1,0,7,ANDERSON (7),0,NO APLICA,5,Mayo,28,2022,7,26,CR-CIRCLE RD,4,Calle del Condado,Urbano,Local,County Highway Agency,0,Sin jurisdiccion especial,16,34.77476389,-82.49557778,Arbol,El primer evento no fue una colision con un vehiculo automotor en transporte,Not an Intersection,No fue interseccion,Sobre el lado de la calle,Ninguna,Amanecer,Despejado,No,NO APLICA,99,98,99,98,1,28/05/2022,1
45,South Carolina,450365,0,0,2,0,51,HORRY (51),1730,MYRTLE BEACH,5,Mayo,28,2022,3,19,US-17 HWY 17 BUSINESS,2,US Highway,Urbano,Arteria Principal,State Highway Agency,1,Sin jurisdiccion especial,171,33.7428,-78.8238,Vehiculo en movimiento,Angulo,Not an Intersection,No fue interseccion,Sobre calle,Ninguna,Oscuro con iluminacion,Despejado,No,NO APLICA,99,98,99,98,1,28/05/2022,3
45,South Carolina,450366,0,0,2,0,91,YORK (91),0,NO APLICA,5,Mayo,29,2022,0,50,US-321 HWY 321,2,US Highway,Urbano,Arteria Principal,State Highway Agency,1,Sin jurisdiccion especial,257,35.14871389,-81.21320278,Vehiculo en movimiento,Frente a frente,Not an Intersection,No fue interseccion,Sobre calle,Ninguna,Oscuro - iluminacion desconocida,Despejado,No,NO APLICA,99,99,99,99,1,29/05/2022,2
45,South Carolina,450367,0,0,2,0,57,LANCASTER (57),0,NO APLICA,5,Mayo,29,2022,1,20,US-521 CHARLOTTE HWY,2,US Highway,Rural,Arteria Principal,State Highway Agency,1,Sin jurisdiccion especial,257,34.77483889,-80.79035556,Vehiculo en movimiento,Frente a Detrás,Four-Way Intersection,Interseccion de 4 direcciones,Sobre calle,Ninguna,Oscuro - iluminacion desconocida,Despejado,No,NO APLICA,99,98,99,98,1,29/05/2022,5
45,South Carolina,450368,0,0,2,0,45,GREENVILLE (45),0,NO APLICA,5,Mayo,29,2022,11,54,SR-199 OLD WHITE HORSE RD,3,Highway estatal,Urbano,Colector Mayor,State Highway Agency,0,Sin jurisdiccion especial,31,34.95525,-82.47119167,Vehiculo en movimiento,Frente a frente,Not an Intersection,No fue interseccion,Sobre calle,Ninguna,Dia total,Despejado,No,NO APLICA,99,99,99,99,1,29/05/2022,3
45,South Carolina,450369,0,0,1,0,3,AIKEN (3),0,NO APLICA,5,Mayo,29,2022,18,30,SR-33 ASCAUGA LAKE RD,3,Highway estatal,Urbano,Colector Mayor,State Highway Agency,0,Sin jurisdiccion especial,58,33.56187778,-81.90583611,Barda,El primer evento no fue una colision con un vehiculo automotor en transporte,Not an Intersection,No fue interseccion,Sobre el lado de la calle,Ninguna,Dia total,Despejado,No,NO APLICA,99,98,99,98,1,29/05/2022,1
45,South Carolina,450370,1,1,1,0,85,SUMTER (85),0,NO APLICA,5,Mayo,29,2022,21,15,CR-DEACON LANE,4,Calle del Condado,Urbano,Local,County Highway Agency,0,Sin jurisdiccion especial,0,33.88812778,-80.34078889,Peaton,El primer evento no fue una colision con un vehiculo automotor en transporte,Not an Intersection,No fue interseccion,Sobre calle,Ninguna,Oscuro con iluminacion,Despejado,No,NO APLICA,99,99,99,99,1,29/05/2022,1
45,South Carolina,450371,0,0,1,0,15,BERKELEY (15),0,NO APLICA,5,Mayo,29,2022,7,50,I-26,1,Interestatal,Rural,Interestatal,State Highway Agency,1,Sin jurisdiccion especial,1914,33.10765,-80.2541,Arbol,El primer evento no fue una colision con un vehiculo automotor en transporte,Not an Intersection,No fue interseccion,Sobre el lado de la calle,Ninguna,Dia total,Despejado,No,NO APLICA,99,99,99,99,1,29/05/2022,1
45,South Carolina,450372,0,0,1,0,81,SALUDA (81),0,NO APLICA,5,Mayo,30,2022,22,30,SR-358 HIGHTOWER RD,3,Highway estatal,Rural,Local,State Highway Agency,0,Sin jurisdiccion especial,18,34.13169444,-81.718025,Volcadura,El primer evento no fue una colision con un vehiculo automotor en transporte,Not an Intersection,No fue interseccion,Sobre el lado de la calle,Ninguna,Oscuro sin iluminacion,Despejado,No,NO APLICA,99,99,99,99,1,30/05/2022,2
45,South Carolina,450373,1,1,1,0,19,CHARLESTON (19),1805,NORTH CHARLESTON,5,Mayo,30,2022,23,2,SR-31 REYNOLDS AVE,3,Highway estatal,Urbano,Local,State Highway Agency,0,Sin jurisdiccion especial,5,32.85483333,-79.97269722,Peaton,El primer evento no fue una colision con un vehiculo automotor en transporte,Not an Intersection,No fue interseccion,Sobre calle,Ninguna,Oscuro con iluminacion,Despejado,No,NO APLICA,99,98,99,98,1,30/05/2022,1
45,South Carolina,450374,0,0,1,0,53,JASPER (53),0,NO APLICA,5,Mayo,31,2022,8,47,I-95,1,Interestatal,Rural,Interestatal,State Highway Agency,1,Sin jurisdiccion especial,249,32.53680833,-80.95472778,Valla Ferrocarril,El primer evento no fue una colision con un vehiculo automotor en transporte,Not an Intersection,No fue interseccion,En el medio,Ninguna,Dia total,Despejado,No,NO APLICA,99,99,99,99,1,31/05/2022,1
45,South Carolina,450375,0,0,1,0,85,SUMTER (85),0,NO APLICA,5,Mayo,31,2022,23,25,SR-44 DUBOSE SIDING RD,3,Highway estatal,Rural,Colector Menor,State Highway Agency,0,Sin jurisdiccion especial,34,34.05903056,-80.35545556,Zanja,El primer evento no fue una colision con un vehiculo automotor en transporte,Not an Intersection,No fue interseccion,Sobre el lado de la calle,Ninguna,Oscuro sin iluminacion,Despejado,No,NO APLICA,99,99,99,99,1,31/05/2022,1
45,South Carolina,450376,1,1,2,0,1,ABBEVILLE (1),0,NO APLICA,6,Junio,3,2022,22,26,US-178,2,US Highway,Rural,Arteria Principal,State Highway Agency,1,Sin jurisdiccion especial,32,34.40106111,-82.36798333,Peaton,El primer evento no fue una colision con un vehiculo automotor en transporte,Not an Intersection,No fue interseccion,Sobre calle,Ninguna,Oscuro sin iluminacion,Despejado,No,NO APLICA,99,99,99,99,1,03/06/2022,3
45,South Carolina,450377,0,0,3,0,41,FLORENCE (41),0,NO APLICA,6,Junio,3,2022,8,30,SR-341 JOHNSONVILLE HWY,3,Highway estatal,Rural,Colector Menor,State Highway Agency,0,Sin jurisdiccion especial,178,33.83386667,-79.70423056,Vehiculo en movimiento,Frente a frente,Not an Intersection,No fue interseccion,Sobre calle,Ninguna,Dia total,Despejado,No,NO APLICA,99,99,99,99,1,03/06/2022,3
45,South Carolina,450378,0,0,2,0,77,PICKENS (77),0,NO APLICA,6,Junio,3,2022,15,27,SR-11 HWY 11,3,Highway estatal,Rural,Arteria Menor,State Highway Agency,0,Sin jurisdiccion especial,57,34.96069722,-82.83243889,Vehiculo en movimiento,Angulo,Not an Intersection,No fue interseccion,Sobre calle,Ninguna,Dia total,lluvia,No,NO APLICA,99,99,99,99,1,03/06/2022,2