Estado,Nombre de Estado,Numero de Caso,Peatones,Personas _no_vehiculos,Vehiculos automotores,Vehiculos estacionados,Condado,Nombre Condado,Ciudad,Nombre Ciudad,Mes,Nombre Mes,Dia,Año,Hora,Minuto,Calle,Ruta,Nombre Ruta,Rural o Urbanoo,Sistema Funcional,Dueño Calle,Sistema Nacional Carreteras,Jurisdiccion Especial,Milla,Latitud,Longitud,Causa del Accidente,Tipo de Accidente,Tipo Interseccion,Columna1,Lugar en la calle,Zona de Trabajo,Luz,Clima,Autobus Escolar,Cruce de Trenes,Hora Notificacion,Minuto Notificacion,Hora Llegada,Minuto Llegada,Decesos,Fecha,PersonaVehiculo
45,South Carolina,450379,0,0,1,0,41,FLORENCE (41),0,NO APLICA,6,Junio,3,2022,22,10,SR-68 E SHIRTCUT RD,3,Highway estatal,Rural,Local,State Highway Agency,0,Sin jurisdiccion especial,9,34.04441944,-79.88448333,Arbusto,El primer evento no fue una colision con un vehiculo automotor en transporte,Not an Intersection,No fue interseccion,Sobre calle,Ninguna,Oscuro sin iluminacion,lluvia,No,NO APLICA,99,99,99,99,1,03/06/2022,2
45,South Carolina,450380,1,1,1,0,7,ANDERSON (7),40,ANDERSON,6,Junio,3,2022,23,10,US-29 S MURRAY AVE,2,US Highway,Urbano,Arteria Principal,State Highway Agency,1,Sin jurisdiccion especial,23,34.49546944,-82.65023056,Peaton,El primer evento no fue una colision con un vehiculo automotor en transporte,Not an Intersection,No fue interseccion,Sobre calle,Ninguna,Oscuro con iluminacion,Despejado,No,NO APLICA,99,99,99,99,1,03/06/2022,1
45,South Carolina,450381,0,0,1,0,55,KERSHAW (55),0,NO APLICA,6,Junio,4,2022,13,50,SR-97 JOHN G RICHARDS RD,3,Highway estatal,Rural,Arteria Menor,State Highway Agency,0,Sin jurisdiccion especial,32,34.46330556,-80.79940556,Arbol,El primer evento no fue una colision con un vehiculo automotor en transporte,Not an Intersection,No fue interseccion,Sobre el lado de la calle,Ninguna,Dia total,Despejado,No,NO APLICA,99,99,99,99,1,04/06/2022,2
45,South Carolina,450382,0,0,5,0,55,KERSHAW (55),0,NO APLICA,6,Junio,4,2022,15,40,US-521 SUMTER HWY,2,US Highway,Rural,Arteria Principal,State Highway Agency,1,Sin jurisdiccion especial,53,34.18938889,-80.58003611,Vehiculo en movimiento,Frente a frente,Not an Intersection,No fue interseccion,Sobre calle,Ninguna,Dia total,Despejado,No,NO APLICA,99,99,99,99,1,04/06/2022,7
45,South Carolina,450383,0,0,3,0,71,NEWBERRY (71),0,NO APLICA,6,Junio,4,2022,19,20,US-176,2,US Highway,Rural,Arteria Principal,State Highway Agency,1,Sin jurisdiccion especial,21,34.48699722,-81.59079444,Vehiculo en movimiento,Golpe Lateral - direccion contraria,Not an Intersection,No fue interseccion,Sobre calle,Ninguna,Dia total,Despejado,No,NO APLICA,99,99,99,99,1,04/06/2022,5
45,South Carolina,450384,0,0,2,0,15,BERKELEY (15),0,NO APLICA,4,Abril,26,2022,8,47,SR-33 CLEMENTS FERRY RD,3,Highway estatal,Urbano,Arteria Menor,State Highway Agency,0,Sin jurisdiccion especial,55,32.90611111,-79.90731667,Vehiculo en movimiento,Angulo,Four-Way Intersection,Interseccion de 4 direcciones,Sobre calle,Ninguna,Dia total,Despejado,No,NO APLICA,99,99,99,99,1,26/04/2022,3
45,South Carolina,450386,0,0,1,0,65,MCCORMICK (65),0,NO APLICA,6,Junio,4,2022,23,0,US-378 HWY 378,2,US Highway,Rural,Arteria Principal,State Highway Agency,1,Sin jurisdiccion especial,135,33.92381389,-82.19908056,Alguien se cayo/avento del vehiculo,El primer evento no fue una colision con un vehiculo automotor en transporte,Not an Intersection,No fue interseccion,Sobre calle,Ninguna,Oscuro sin iluminacion,Despejado,No,NO APLICA,99,98,99,98,1,04/06/2022,4
45,South Carolina,450387,0,0,1,0,29,COLLETON (29),0,NO APLICA,6,Junio,5,2022,2,18,SR-41 RITTER RD,3,Highway estatal,Rural,Colector Mayor,State Highway Agency,0,Sin jurisdiccion especial,8,32.77058333,-80.70184444,Arbol,El primer evento no fue una colision con un vehiculo automotor en transporte,Not an Intersection,No fue interseccion,Sobre el lado de la calle,Ninguna,Oscuro sin iluminacion,Nublado,No,NO APLICA,99,99,99,99,1,05/06/2022,2
45,South Carolina,450388,0,0,2,0,63,LEXINGTON (63),0,NO APLICA,6,Junio,5,2022,18,59,SR-1872,3,Highway estatal,Rural,Local,State Highway Agency,0,Sin jurisdiccion especial,4,33.81236944,-81.23443333,Vehiculo en movimiento,Angulo,Not an Intersection,No fue interseccion,Sobre calle,Ninguna,Dia total,Despejado,No,NO APLICA,99,99,99,99,1,05/06/2022,2
45,South Carolina,450389,0,0,1,0,59,LAURENS (59),0,NO APLICA,6,Junio,5,2022,21,0,SR-32,3,Highway estatal,Rural,Local,State Highway Agency,0,Sin jurisdiccion especial,2,34.55391111,-82.14120556,Acotamiento,El primer evento no fue una colision con un vehiculo automotor en transporte,Not an Intersection,No fue interseccion,Sobre el lado de la calle,Ninguna,Oscuro sin iluminacion,Despejado,No,NO APLICA,99,98,99,98,1,05/06/2022,1
45,South Carolina,450390,1,1,1,0,51,HORRY (51),0,NO APLICA,6,Junio,5,2022,23,45,SR-559 KINGS RD,3,Highway estatal,Urbano,Arteria Menor,State Highway Agency,0,Sin jurisdiccion especial,7,33.77519444,-78.77814444,Peaton,El primer evento no fue una colision con un vehiculo automotor en transporte,Not an Intersection,No fue interseccion,Sobre calle,Ninguna,Oscuro con iluminacion,Despejado,No,NO APLICA,99,98,99,98,1,05/06/2022,1
45,South Carolina,450391,0,0,1,0,49,HAMPTON (49),0,NO APLICA,6,Junio,6,2022,1,0,SR-531 SECESSION RD,3,Highway estatal,Rural,Local,State Highway Agency,0,Sin jurisdiccion especial,6,32.71093056,-81.26073889,Zanja,El primer evento no fue una colision con un vehiculo automotor en transporte,Not an Intersection,No fue interseccion,Sobre el lado de la calle,Ninguna,Oscuro sin iluminacion,Despejado,No,NO APLICA,99,99,99,99,1,06/06/2022,1
45,South Carolina,450392,0,0,1,0,75,ORANGEBURG (75),0,NO APLICA,6,Junio,6,2022,15,12,I-26,1,Interestatal,Rural,Interestatal,State Highway Agency,1,Sin jurisdiccion especial,1646,33.36491111,-80.59825,Arbol,El primer evento no fue una colision con un vehiculo automotor en transporte,Not an Intersection,No fue interseccion,Sobre el lado de la calle,Ninguna,Dia total,Despejado,No,NO APLICA,99,99,99,99,1,06/06/2022,2
45,South Carolina,450393,0,0,2,0,15,BERKELEY (15),0,NO APLICA,6,Junio,7,2022,9,5,SR-27 OLD GILLIARD RD,3,Highway estatal,Rural,Colector Mayor,State Highway Agency,0,Sin jurisdiccion especial,16,33.15119722,-80.30623889,Vehiculo en movimiento,Golpe Lateral - direccion contraria,Not an Intersection,No fue interseccion,Sobre calle,Ninguna,Dia total,Despejado,No,NO APLICA,99,98,99,98,1,07/06/2022,2
45,South Carolina,450394,0,0,1,0,89,WILLIAMSBURG (89),0,NO APLICA,6,Junio,8,2022,10,22,SR-118 BARTELLS RD,3,Highway estatal,Rural,Colector Mayor,State Highway Agency,0,Sin jurisdiccion especial,24,33.75615833,-79.58151111,Zanja,El primer evento no fue una colision con un vehiculo automotor en transporte,Not an Intersection,No fue interseccion,Sobre el lado de la calle,Ninguna,Dia total,Despejado,No,NO APLICA,99,99,99,99,1,08/06/2022,2
45,South Carolina,450395,0,0,2,0,91,YORK (91),0,NO APLICA,6,Junio,8,2022,21,40,SR-55 HWY 55,3,Highway estatal,Rural,Arteria Menor,State Highway Agency,0,Sin jurisdiccion especial,95,35.12611944,-81.27247778,Vehiculo en movimiento,Angulo,Not an Intersection,No fue interseccion,Sobre calle,Ninguna,Oscuro sin iluminacion,Despejado,No,NO APLICA,99,99,99,99,1,08/06/2022,2
45,South Carolina,450396,0,0,2,0,45,GREENVILLE (45),0,NO APLICA,6,Junio,8,2022,16,30,SR-563 LITTLE TEXAS RD,3,Highway estatal,Urbano,Colector Mayor,State Highway Agency,0,Sin jurisdiccion especial,12,34.96212222,-82.41113889,Vehiculo en movimiento,Angulo,Four-Way Intersection,Interseccion de 4 direcciones,Sobre calle,Ninguna,Dia total,Despejado,No,NO APLICA,99,99,99,99,1,08/06/2022,3
45,South Carolina,450397,0,0,1,0,7,ANDERSON (7),0,NO APLICA,6,Junio,8,2022,22,15,SR-88 OLD GREENVILLE HWY,3,Highway estatal,Rural,Colector Mayor,State Highway Agency,0,Sin jurisdiccion especial,133,34.71506111,-82.59056944,Volcadura,El primer evento no fue una colision con un vehiculo automotor en transporte,Not an Intersection,No fue interseccion,Sobre calle,Ninguna,Oscuro - iluminacion desconocida,Nublado,No,NO APLICA,99,99,99,99,1,08/06/2022,2
45,South Carolina,450398,0,0,2,0,41,FLORENCE (41),870,FLORENCE,6,Junio,8,2022,21,10,US-76 PALMETTO STREET,2,US Highway,Urbano,Arteria Principal,State Highway Agency,1,Sin jurisdiccion especial,257,34.19368056,-79.76791944,Vehiculo en movimiento,Angulo,Four-Way Intersection,Interseccion de 4 direcciones,Sobre calle,Ninguna,Oscuro con iluminacion,Despejado,No,NO APLICA,99,99,99,99,1,08/06/2022,4
45,South Carolina,450399,0,0,2,0,83,SPARTANBURG (83),0,NO APLICA,6,Junio,8,2022,16,55,SR-101 HWY 101,3,Highway estatal,Rural,Arteria Menor,State Highway Agency,0,Sin jurisdiccion especial,146,34.85862222,-82.14478056,Vehiculo en movimiento,Angulo,T-Intersection,Interseccion de T,Sobre calle,Ninguna,Dia total,Despejado,No,NO APLICA,99,99,99,99,1,08/06/2022,2
45,South Carolina,450400,1,1,1,0,19,CHARLESTON (19),85,AWENDAW,6,Junio,9,2022,21,24,US-17 HWY 17,2,US Highway,Rural,Arteria Principal,State Highway Agency,1,Sin jurisdiccion especial,488,32.9251,-79.71466944,Peaton,El primer evento no fue una colision con un vehiculo automotor en transporte,Not an Intersection,No fue interseccion,Sobre calle,Ninguna,Oscuro sin iluminacion,Despejado,No,NO APLICA,99,99,99,99,1,09/06/2022,1
45,South Carolina,450401,0,0,2,0,53,JASPER (53),1080,HARDEEVILLE,5,Mayo,30,2022,22,27,SR-315 S OKATIE HWY,3,Highway estatal,Rural,Colector Mayor,State Highway Agency,0,Sin jurisdiccion especial,6,32.15885,-81.04808056,Vehiculo en movimiento,Frente a frente,Not an Intersection,No fue interseccion,Sobre calle,Ninguna,Oscuro sin iluminacion,Despejado,No,NO APLICA,99,99,99,99,1,30/05/2022,2
45,South Carolina,450402,1,1,1,0,19,CHARLESTON (19),1805,NORTH CHARLESTON,6,Junio,9,2022,14,45,SR-642,3,Highway estatal,Urbano,Arteria Principal,State Highway Agency,0,Sin jurisdiccion especial,60,32.8543,-80.0171,Peaton,El primer evento no fue una colision con un vehiculo automotor en transporte,T-Intersection,Interseccion de T,Sobre calle,Ninguna,Dia total,lluvia,No,NO APLICA,99,99,99,99,1,09/06/2022,1
45,South Carolina,450403,0,0,1,0,45,GREENVILLE (45),1040,GREENVILLE,6,Junio,9,2022,0,50,US-276,2,US Highway,Urbano,Arteria Principal,State Highway Agency,1,Sin jurisdiccion especial,367,34.84052222,-82.35786111,Banqueta,El primer evento no fue una colision con un vehiculo automotor en transporte,Not an Intersection,No fue interseccion,Sobre el lado de la calle,Ninguna,Oscuro sin iluminacion,Nublado,No,NO APLICA,99,99,99,99,1,09/06/2022,1
45,South Carolina,450404,0,0,2,0,27,CLARENDON (27),0,NO APLICA,6,Junio,9,2022,14,0,US-301 ALEX HARVIN HWY,2,US Highway,Rural,Arteria Principal,State Highway Agency,1,Sin jurisdiccion especial,142,33.64053889,-80.29144444,Vehiculo en movimiento,Angulo,Four-Way Intersection,Interseccion de 4 direcciones,Sobre calle,Ninguna,Dia total,Despejado,No,NO APLICA,99,99,99,99,1,09/06/2022,2
45,South Carolina,450405,0,0,2,0,63,LEXINGTON (63),0,NO APLICA,6,Junio,10,2022,11,7,US-378,2,US Highway,Rural,Arteria Principal,State Highway Agency,1,Sin jurisdiccion especial,19,34.02220556,-81.45379444,Vehiculo en movimiento,Frente a frente,Not an Intersection,No fue interseccion,Sobre calle,Ninguna,Dia total,Despejado,No,NO APLICA,99,99,99,99,1,10/06/2022,3
45,South Carolina,450406,0,0,1,0,71,NEWBERRY (71),0,NO APLICA,6,Junio,10,2022,12,41,US-176,2,US Highway,Rural,Arteria Principal,State Highway Agency,1,Sin jurisdiccion especial,151,34.33043889,-81.49517778,Zanja,El primer evento no fue una colision con un vehiculo automotor en transporte,Not an Intersection,No fue interseccion,Sobre el lado de la calle,Ninguna,Dia total,Despejado,No,NO APLICA,99,98,99,98,1,10/06/2022,1
45,South Carolina,450407,0,0,1,0,7,ANDERSON (7),0,NO APLICA,6,Junio,10,2022,20,20,SR-162 LAFRANCE RD,3,Highway estatal,Rural,Colector Mayor,State Highway Agency,0,Sin jurisdiccion especial,19,34.6097,-82.76815833,Zanja,El primer evento no fue una colision con un vehiculo automotor en transporte,Not an Intersection,No fue interseccion,Sobre el lado de la calle,Ninguna,Dia total,Despejado,No,NO APLICA,99,99,99,99,1,10/06/2022,1
45,South Carolina,450408,0,0,2,0,25,CHESTERFIELD (25),0,NO APLICA,6,Junio,10,2022,22,45,US-1 HWY 1,2,US Highway,Rural,Arteria Principal,State Highway Agency,1,Sin jurisdiccion especial,10,34.43298611,-80.30429722,Vehiculo en movimiento,Angulo,Four-Way Intersection,Interseccion de 4 direcciones,Sobre calle,Ninguna,Oscuro sin iluminacion,Despejado,No,NO APLICA,99,99,99,99,1,10/06/2022,3
45,South Carolina,450409,0,0,1,0,31,DARLINGTON (31),0,NO APLICA,6,Junio,11,2022,9,30,SR-20 RUBY RD,3,Highway estatal,Rural,Colector Mayor,State Highway Agency,0,Sin jurisdiccion especial,12,34.44674722,-80.09366111,Zanja,El primer evento no fue una colision con un vehiculo automotor en transporte,Not an Intersection,No fue interseccion,Sobre el lado de la calle,Ninguna,Dia total,Nublado,No,NO APLICA,99,99,99,99,1,11/06/2022,1
45,South Carolina,450410,0,0,2,0,3,AIKEN (3),0,NO APLICA,6,Junio,11,2022,20,4,SR-125 ATOMIC RD,3,Highway estatal,Urbano,Arteria Menor,State Highway Agency,0,Sin jurisdiccion especial,24,33.48954444,-81.92038611,Vehiculo en movimiento,Angulo,Not an Intersection,No fue interseccion,Sobre calle,Ninguna,Dia total,Despejado,No,NO APLICA,99,98,99,98,1,11/06/2022,4
45,South Carolina,450411,0,0,1,0,79,RICHLAND (79),0,NO APLICA,6,Junio,11,2022,21,0,SR-217 KENNERLY RD,3,Highway estatal,Rural,Colector Mayor,State Highway Agency,0,Sin jurisdiccion especial,64,34.15256944,-81.17340278,Otro objeto (fijo),El primer evento no fue una colision con un vehiculo automotor en transporte,Not an Intersection,No fue interseccion,Sobre el lado de la calle,Ninguna,Oscuro - iluminacion desconocida,Despejado,No,NO APLICA,99,99,99,99,1,11/06/2022,3
45,South Carolina,450412,0,0,1,0,83,SPARTANBURG (83),0,NO APLICA,6,Junio,11,2022,23,5,SR-62 DUNCAN REIDVILLE RD,3,Highway estatal,Urbano,Colector Mayor,State Highway Agency,0,Sin jurisdiccion especial,106,34.88511944,-82.12779722,Volcadura,El primer evento no fue una colision con un vehiculo automotor en transporte,Not an Intersection,No fue interseccion,Sobre calle,Ninguna,Oscuro sin iluminacion,Despejado,No,NO APLICA,99,99,99,99,1,11/06/2022,1
45,South Carolina,450413,0,0,1,0,85,SUMTER (85),0,NO APLICA,6,Junio,12,2022,2,3,US-521 THOMAS SUMTER HWY,2,US Highway,Urbano,Arteria Principal,State Highway Agency,1,Sin jurisdiccion especial,154,33.97704444,-80.40065,Buzon de correo,El primer evento no fue una colision con un vehiculo automotor en transporte,Not an Intersection,No fue interseccion,Sobre el lado de la calle,Ninguna,Oscuro con iluminacion,Despejado,No,NO APLICA,99,98,99,98,1,12/06/2022,1
45,South Carolina,450414,0,0,2,0,83,SPARTANBURG (83),580,COWPENS,6,Junio,12,2022,16,55,US-29 N MAIN STREET,2,US Highway,Urbano,Arteria Principal,State Highway Agency,1,Sin jurisdiccion especial,274,35.0227,-81.79633056,Vehiculo en movimiento,Frente a frente,Not an Intersection,No fue interseccion,Sobre calle,Ninguna,Dia total,Despejado,No,NO APLICA,99,99,99,99,1,12/06/2022,4
45,South Carolina,450415,0,0,2,0,73,OCONEE (73),0,NO APLICA,6,Junio,12,2022,13,20,SR-28 BLUE RIDGE BLVD,3,Highway estatal,Urbano,Arteria Menor,State Highway Agency,0,Sin jurisdiccion especial,110,34.73605,-83.03068056,Vehiculo en movimiento,Angulo,T-Intersection,Interseccion de T,Sobre calle,Ninguna,Dia total,Despejado,No,NO APLICA,99,99,99,99,1,12/06/2022,2
45,South Carolina,450416,0,0,2,0,75,ORANGEBURG (75),0,NO APLICA,6,Junio,13,2022,2,25,I-26,1,Interestatal,Rural,Interestatal,State Highway Agency,1,Sin jurisdiccion especial,1478,33.53379722,-80.80343889,Vehiculo en movimiento,Frente a Detrás,Not an Intersection,No fue interseccion,Sobre calle,Ninguna,Oscuro sin iluminacion,Despejado,No,NO APLICA,99,98,99,98,1,13/06/2022,2
45,South Carolina,450417,0,0,1,0,3,AIKEN (3),0,NO APLICA,6,Junio,13,2022,12,40,SR-19 EDGEFIELD HWY,3,Highway estatal,Urbano,Arteria Principal,State Highway Agency,0,Sin jurisdiccion especial,176,33.62854444,-81.73425556,Arbol,El primer evento no fue una colision con un vehiculo automotor en transporte,Not an Intersection,No fue interseccion,Sobre el lado de la calle,Ninguna,Dia total,Despejado,No,NO APLICA,99,98,99,98,1,13/06/2022,1
45,South Carolina,450418,1,1,1,0,7,ANDERSON (7),0,NO APLICA,6,Junio,13,2022,5,38,SR-77 BEAVERDAM RD,3,Highway estatal,Urbano,Colector Mayor,State Highway Agency,0,Sin jurisdiccion especial,19,34.61773889,-82.51028056,Ciclista,El primer evento no fue una colision con un vehiculo automotor en transporte,Not an Intersection,No fue interseccion,Sobre calle,Ninguna,Oscuro sin iluminacion,Despejado,No,NO APLICA,99,99,99,99,1,13/06/2022,1
45,South Carolina,450419,0,0,2,0,83,SPARTANBURG (83),2460,SPARTANBURG,6,Junio,13,2022,12,54,CR- FARLEY AVE,4,Calle del Condado,Urbano,Local,County Highway Agency,0,Sin jurisdiccion especial,0,34.95178889,-81.94476667,Vehiculo en movimiento,Angulo,Not an Intersection,No fue interseccion,Sobre calle,Ninguna,Dia total,Despejado,No,NO APLICA,99,98,99,98,1,13/06/2022,4
45,South Carolina,450420,0,0,2,0,47,GREENWOOD (47),0,NO APLICA,6,Junio,14,2022,21,54,US-25,2,US Highway,Urbano,Arteria Principal,State Highway Agency,1,Sin jurisdiccion especial,3,34.15873056,-82.14031111,Vehiculo en movimiento,Frente a frente,"Five Point, or More",5 Puntos o mas,Sobre calle,Ninguna,Oscuro con iluminacion,Despejado,No,NO APLICA,99,99,99,99,1,14/06/2022,3
45,South Carolina,450421,0,0,2,0,19,CHARLESTON (19),1805,NORTH CHARLESTON,6,Junio,14,2022,18,37,US-52 RIVERS AVE,2,US Highway,Urbano,Arteria Principal,State Highway Agency,1,Sin jurisdiccion especial,130,32.95646111,-80.04288056,Vehiculo en movimiento,Angulo,T-Intersection,Interseccion de T,Sobre calle,Ninguna,Atardecer,Nublado,No,NO APLICA,99,99,99,99,1,14/06/2022,3
45,South Carolina,450422,0,0,1,0,25,CHESTERFIELD (25),0,NO APLICA,6,Junio,13,2022,11,50,SR-9 HWY 9,3,Highway estatal,Rural,Arteria Principal,State Highway Agency,0,Sin jurisdiccion especial,14,34.74849444,-80.49844722,Zanja,El primer evento no fue una colision con un vehiculo automotor en transporte,Not an Intersection,No fue interseccion,Sobre el lado de la calle,Ninguna,Dia total,Despejado,No,NO APLICA,99,98,99,98,1,13/06/2022,1
45,South Carolina,450423,0,0,1,0,7,ANDERSON (7),0,NO APLICA,6,Junio,14,2022,15,30,SR-475 KEYS STREET,3,Highway estatal,Urbano,Colector Mayor,State Highway Agency,0,Sin jurisdiccion especial,17,34.44838889,-82.64677222,Volcadura,El primer evento no fue una colision con un vehiculo automotor en transporte,Not an Intersection,No fue interseccion,Sobre el lado de la calle,Ninguna,Dia total,Despejado,No,NO APLICA,99,99,99,99,1,14/06/2022,1
45,South Carolina,450424,0,0,2,0,83,SPARTANBURG (83),0,NO APLICA,6,Junio,15,2022,5,40,SR-11 HWY 11,3,Highway estatal,Rural,Arteria Menor,State Highway Agency,0,Sin jurisdiccion especial,188,35.15860278,-81.92374444,Vehiculo en movimiento,Frente a Detrás,Not an Intersection,No fue interseccion,Sobre calle,Ninguna,Oscuro sin iluminacion,Despejado,No,NO APLICA,99,99,99,99,2,15/06/2022,3
45,South Carolina,450425,0,0,1,0,83,SPARTANBURG (83),0,NO APLICA,6,Junio,15,2022,8,20,SR-31 CANNON CAMPGROUND RD,3,Highway estatal,Urbano,Colector Mayor,State Highway Agency,0,Sin jurisdiccion especial,15,35.03555833,-81.80788889,Arbol,El primer evento no fue una colision con un vehiculo automotor en transporte,Not an Intersection,No fue interseccion,Sobre el lado de la calle,Ninguna,Dia total,Despejado,No,NO APLICA,99,99,99,99,1,15/06/2022,2
45,South Carolina,450426,0,0,2,0,91,YORK (91),0,NO APLICA,6,Junio,15,2022,14,26,SR-172 OLD LIMESTONE RD,3,Highway estatal,Rural,Colector Mayor,State Highway Agency,0,Sin jurisdiccion especial,22,35.04068333,-81.219875,Vehiculo en movimiento,Angulo,Four-Way Intersection,Interseccion de 4 direcciones,Sobre calle,Ninguna,Dia total,Despejado,No,NO APLICA,99,99,99,99,1,15/06/2022,2
45,South Carolina,450427,0,0,1,0,63,LEXINGTON (63),0,NO APLICA,6,Junio,14,2022,14,37,CR-FOUNDERS RD,4,Calle del Condado,Rural,Local,County Highway Agency,0,Sin jurisdiccion especial,19,33.84786944,-81.25970556,Arbol,El primer evento no fue una colision con un vehiculo automotor en transporte,Not an Intersection,No fue interseccion,Sobre el lado de la calle,Ninguna,Dia total,Despejado,No,NO APLICA,99,98,99,98,1,14/06/2022,1
45,South Carolina,450428,0,0,3,0,41,FLORENCE (41),0,NO APLICA,6,Junio,16,2022,15,35,US-378 W TURBEVILLE HWY,2,US Highway,Urbano,Arteria Principal,State Highway Agency,1,Sin jurisdiccion especial,7,33.88712222,-79.94541389,Vehiculo en movimiento,Angulo,Four-Way Intersection,Interseccion de 4 direcciones,Sobre calle,Ninguna,Dia total,Despejado,No,NO APLICA,99,99,99,99,1,16/06/2022,3
45,South Carolina,450429,0,0,2,0,91,YORK (91),0,NO APLICA,6,Junio,17,2022,9,43,SR-55 HWY 55,3,Highway estatal,Urbano,Arteria Menor,State Highway Agency,0,Sin jurisdiccion especial,156,35.09994444,-81.18916389,Vehiculo en movimiento,Angulo,Not an Intersection,No fue interseccion,Sobre calle,Ninguna,Dia total,Despejado,No,NO APLICA,99,98,99,98,1,17/06/2022,3
45,South Carolina,450430,0,0,1,0,91,YORK (91),0,NO APLICA,6,Junio,17,2022,21,44,SR-49 CHARLOTTE HWY,3,Highway estatal,Rural,Arteria Menor,State Highway Agency,0,Sin jurisdiccion especial,235,35.03224722,-81.15328056,Arbol,El primer evento no fue una colision con un vehiculo automotor en transporte,Not an Intersection,No fue interseccion,Sobre el lado de la calle,Ninguna,Oscuro sin iluminacion,Despejado,No,NO APLICA,99,98,99,98,1,17/06/2022,1
45,South Carolina,450431,0,0,2,0,19,CHARLESTON (19),410,CHARLESTON,6,Junio,17,2022,12,50,SR-54 RIVER RD,3,Highway estatal,Rural,Arteria Menor,State Highway Agency,0,Sin jurisdiccion especial,133,32.76580556,-80.06632778,Vehiculo en movimiento,Frente a frente,Not an Intersection,No fue interseccion,Sobre calle,Ninguna,Dia total,Despejado,No,NO APLICA,99,99,99,99,1,17/06/2022,3
45,South Carolina,450432,0,0,2,0,45,GREENVILLE (45),0,NO APLICA,6,Junio,18,2022,1,17,SR-11,3,Highway estatal,Rural,Arteria Menor,State Highway Agency,0,Sin jurisdiccion especial,86,35.08539722,-82.47223056,Vehiculo en movimiento,Angulo,Not an Intersection,No fue interseccion,Sobre calle,Ninguna,Oscuro sin iluminacion,Despejado,No,NO APLICA,99,99,99,99,1,18/06/2022,4
45,South Carolina,450433,0,0,2,0,85,SUMTER (85),2550,SUMTER,6,Junio,18,2022,9,48,US-76 BROAD STREET,2,US Highway,Urbano,Arteria Principal,State Highway Agency,1,Sin jurisdiccion especial,147,33.95718056,-80.39259444,Vehiculo en movimiento,Angulo,Not an Intersection,No fue interseccion,Sobre calle,Ninguna,Dia total,Despejado,No,NO APLICA,99,99,99,99,1,18/06/2022,3
45,South Carolina,450434,0,0,1,0,69,MARLBORO (69),0,NO APLICA,6,Junio,19,2022,0,30,SR-55 HICKORY GROVE RD,3,Highway estatal,Rural,Colector Mayor,State Highway Agency,0,Sin jurisdiccion especial,58,34.70319444,-79.73335556,Arbol,El primer evento no fue una colision con un vehiculo automotor en transporte,Not an Intersection,No fue interseccion,Sobre el lado de la calle,Ninguna,Oscuro sin iluminacion,Despejado,No,NO APLICA,99,99,99,99,1,19/06/2022,1
45,South Carolina,450435,0,0,1,0,7,ANDERSON (7),0,NO APLICA,6,Junio,19,2022,2,10,US-76,2,US Highway,Urbano,Arteria Principal,State Highway Agency,1,Sin jurisdiccion especial,40,34.61053056,-82.76790556,Poste de Señal de trafico,El primer evento no fue una colision con un vehiculo automotor en transporte,Four-Way Intersection,Interseccion de 4 direcciones,Sobre el lado de la calle,Ninguna,Oscuro sin iluminacion,Despejado,No,NO APLICA,99,99,99,99,1,19/06/2022,1
45,South Carolina,450436,0,0,3,0,85,SUMTER (85),0,NO APLICA,6,Junio,19,2022,13,0,SR-441 PATRIOT PKWY,3,Highway estatal,Urbano,Arteria Menor,State Highway Agency,0,Sin jurisdiccion especial,42,33.93643056,-80.45326111,Vehiculo en movimiento,Angulo,Y-Intersection,Interseccion de Y,Sobre calle,Ninguna,Dia total,Despejado,No,NO APLICA,99,99,99,99,1,19/06/2022,5
45,South Carolina,450438,0,0,1,0,69,MARLBORO (69),0,NO APLICA,6,Junio,19,2022,21,10,SR-330 AIRPORT RD,3,Highway estatal,Rural,Local,State Highway Agency,0,Sin jurisdiccion especial,10,34.62692222,-79.71739444,Zanja,El primer evento no fue una colision con un vehiculo automotor en transporte,Not an Intersection,No fue interseccion,Sobre el lado de la calle,Ninguna,Oscuro sin iluminacion,Despejado,No,NO APLICA,99,99,99,99,1,19/06/2022,2
45,South Carolina,450439,0,0,3,0,19,CHARLESTON (19),1805,NORTH CHARLESTON,6,Junio,16,2022,16,5,US-52 HWY 52,2,US Highway,Urbano,Arteria Principal,State Highway Agency,1,Sin jurisdiccion especial,1,32.88458889,-80.00848889,Vehiculo en movimiento,Angulo,Not an Intersection,No fue interseccion,Sobre calle,Ninguna,Dia total,Despejado,No,NO APLICA,99,99,99,99,1,16/06/2022,4
45,South Carolina,450440,1,1,1,0,83,SPARTANBURG (83),0,NO APLICA,6,Junio,21,2022,3,37,SR-44 DRAYTON RD,3,Highway estatal,Urbano,Colector Menor,State Highway Agency,0,Sin jurisdiccion especial,16,34.96980278,-81.91112778,Peaton,El primer evento no fue una colision con un vehiculo automotor en transporte,Not an Intersection,No fue interseccion,Sobre calle,Ninguna,Oscuro sin iluminacion,Despejado,No,NO APLICA,99,99,99,99,1,21/06/2022,1
45,South Carolina,450441,1,1,1,0,75,ORANGEBURG (75),0,NO APLICA,6,Junio,22,2022,18,20,I-95,1,Interestatal,Rural,Interestatal,State Highway Agency,1,Sin jurisdiccion especial,990,33.48499722,-80.47134167,Peaton,El primer evento no fue una colision con un vehiculo automotor en transporte,Not an Intersection,No fue interseccion,Sobre calle,Ninguna,Dia total,Despejado,No,NO APLICA,99,98,99,98,1,22/06/2022,1
45,South Carolina,450442,2,2,1,0,19,CHARLESTON (19),1805,NORTH CHARLESTON,6,Junio,22,2022,19,52,SR-13,3,Highway estatal,Urbano,Arteria Principal,State Highway Agency,0,Sin jurisdiccion especial,18,32.89911111,-80.0154,Peaton,El primer evento no fue una colision con un vehiculo automotor en transporte,Not an Intersection,No fue interseccion,Sobre el lado de la calle,Ninguna,Oscuro con iluminacion,Despejado,No,NO APLICA,99,99,99,99,1,22/06/2022,1