Estado,Nombre de Estado,Numero de Caso,Peatones,Personas _no_vehiculos,Vehiculos automotores,Vehiculos estacionados,Condado,Nombre Condado,Ciudad,Nombre Ciudad,Mes,Nombre Mes,Dia,Año,Hora,Minuto,Calle,Ruta,Nombre Ruta,Rural o Urbanoo,Sistema Funcional,Dueño Calle,Sistema Nacional Carreteras,Jurisdiccion Especial,Milla,Latitud,Longitud,Causa del Accidente,Tipo de Accidente,Tipo Interseccion,Columna1,Lugar en la calle,Zona de Trabajo,Luz,Clima,Autobus Escolar,Cruce de Trenes,Hora Notificacion,Minuto Notificacion,Hora Llegada,Minuto Llegada,Decesos,Fecha,PersonaVehiculo
45,South Carolina,450443,0,0,2,0,23,CHESTER (23),0,NO APLICA,6,Junio,23,2022,6,24,US-21 CATAWBA RIVER RD,2,US Highway,Rural,Arteria Principal,State Highway Agency,1,Sin jurisdiccion especial,143,34.73865556,-80.90608056,Vehiculo en movimiento,Frente a frente,Not an Intersection,No fue interseccion,Sobre calle,Ninguna,Amanecer,Despejado,No,NO APLICA,99,99,99,99,1,23/06/2022,2
45,South Carolina,450444,0,0,3,0,83,SPARTANBURG (83),1550,LYMAN,6,Junio,24,2022,11,35,SR-292,3,Highway estatal,Urbano,Arteria Menor,State Highway Agency,0,Sin jurisdiccion especial,45,34.98743056,-82.11095,Vehiculo en movimiento,Golpe Lateral - misma direccion,Not an Intersection,No fue interseccion,Sobre calle,Ninguna,Dia total,Despejado,No,NO APLICA,99,99,99,99,1,24/06/2022,4
45,South Carolina,450445,0,0,1,0,49,HAMPTON (49),0,NO APLICA,6,Junio,24,2022,0,0,SR-68 YAMASEE HWY,3,Highway estatal,Rural,Arteria Menor,State Highway Agency,0,Sin jurisdiccion especial,65,32.76379722,-80.95626667,Arbol,El primer evento no fue una colision con un vehiculo automotor en transporte,Not an Intersection,No fue interseccion,Sobre el lado de la calle,Ninguna,Oscuro - iluminacion desconocida,Despejado,No,NO APLICA,99,99,99,99,1,24/06/2022,1
45,South Carolina,450446,0,0,1,0,23,CHESTER (23),0,NO APLICA,6,Junio,24,2022,0,50,I-77,1,Interestatal,Rural,Interestatal,State Highway Agency,1,Sin jurisdiccion especial,591,34.67216111,-81.02943611,Arbol,El primer evento no fue una colision con un vehiculo automotor en transporte,Not an Intersection,No fue interseccion,Sobre el lado de la calle,Ninguna,Oscuro sin iluminacion,Despejado,No,NO APLICA,99,99,99,99,1,24/06/2022,2
45,South Carolina,450447,0,0,1,0,45,GREENVILLE (45),0,NO APLICA,6,Junio,24,2022,1,30,SR-315 BETHANY RD,3,Highway estatal,Rural,Local,State Highway Agency,0,Sin jurisdiccion especial,34,34.75906389,-82.17281667,Buzon de correo,El primer evento no fue una colision con un vehiculo automotor en transporte,Not an Intersection,No fue interseccion,Sobre el lado de la calle,Ninguna,Oscuro sin iluminacion,Despejado,No,NO APLICA,99,99,99,99,2,24/06/2022,2
45,South Carolina,450448,0,0,2,0,29,COLLETON (29),0,NO APLICA,6,Junio,24,2022,19,0,SR-35 PEIRCE RD,3,Highway estatal,Rural,Colector Mayor,State Highway Agency,0,Sin jurisdiccion especial,68,32.95428611,-80.45797778,Vehiculo en movimiento,Angulo,T-Intersection,Interseccion de T,Sobre calle,Ninguna,Dia total,Despejado,No,NO APLICA,99,98,99,98,1,24/06/2022,2
45,South Carolina,450449,0,0,1,0,33,DILLON (33),0,NO APLICA,6,Junio,25,2022,14,22,SR-38 HWY 38,3,Highway estatal,Rural,Arteria Principal,State Highway Agency,0,Sin jurisdiccion especial,73,34.36323889,-79.55346111,Culvert,El primer evento no fue una colision con un vehiculo automotor en transporte,Not an Intersection,No fue interseccion,Sobre el lado de la calle,Ninguna,Dia total,Despejado,No,NO APLICA,99,99,99,99,1,25/06/2022,1
45,South Carolina,450450,1,1,1,0,13,BEAUFORT (13),0,NO APLICA,6,Junio,25,2022,22,19,US-21 SEA ISLAND PKWY,2,US Highway,Urbano,Arteria Principal,State Highway Agency,1,Sin jurisdiccion especial,142,32.41620278,-80.65506944,Peaton,El primer evento no fue una colision con un vehiculo automotor en transporte,Not an Intersection,No fue interseccion,Sobre calle,Ninguna,Oscuro sin iluminacion,Despejado,No,NO APLICA,99,98,99,98,1,25/06/2022,2
45,South Carolina,450451,0,0,1,0,15,BERKELEY (15),0,NO APLICA,6,Junio,25,2022,23,30,SR-6 RANGER DRIVE,3,Highway estatal,Rural,Arteria Menor,State Highway Agency,0,Sin jurisdiccion especial,71,33.33055,-80.152,Acotamiento,El primer evento no fue una colision con un vehiculo automotor en transporte,Not an Intersection,No fue interseccion,Sobre el lado de la calle,Ninguna,Oscuro con iluminacion,Despejado,No,NO APLICA,99,99,99,99,1,25/06/2022,2
45,South Carolina,450452,0,0,2,0,63,LEXINGTON (63),0,NO APLICA,6,Junio,26,2022,6,57,SR-72 OLD DUNBAR RD,3,Highway estatal,Urbano,Colector Mayor,State Highway Agency,0,Sin jurisdiccion especial,5,33.93611111,-81.09904444,Vehiculo en movimiento,Frente a Detrás,Not an Intersection,No fue interseccion,Sobre calle,Ninguna,Dia total,Despejado,No,NO APLICA,99,99,99,99,1,26/06/2022,4
45,South Carolina,450453,0,0,2,0,1,ABBEVILLE (1),0,NO APLICA,6,Junio,27,2022,11,51,SR-28,3,Highway estatal,Rural,Arteria Menor,State Highway Agency,0,Sin jurisdiccion especial,0,34.15576667,-82.40256944,Vehiculo en movimiento,Frente a frente,Not an Intersection,No fue interseccion,Sobre calle,Ninguna,Dia total,Despejado,No,NO APLICA,99,99,99,99,1,27/06/2022,4
45,South Carolina,450454,0,0,1,0,27,CLARENDON (27),0,NO APLICA,6,Junio,28,2022,23,11,I-95,1,Interestatal,Rural,Interestatal,State Highway Agency,1,Sin jurisdiccion especial,1208,33.72719722,-80.22332778,Fin de valla,El primer evento no fue una colision con un vehiculo automotor en transporte,Not an Intersection,No fue interseccion,Sobre el lado de la calle,Ninguna,Oscuro sin iluminacion,Despejado,No,NO APLICA,99,99,99,99,1,28/06/2022,3
45,South Carolina,450455,0,0,2,0,63,LEXINGTON (63),0,NO APLICA,6,Junio,28,2022,7,55,SR-72 OLD DUNBAR RD,3,Highway estatal,Urbano,Colector Mayor,State Highway Agency,0,Sin jurisdiccion especial,16,33.9327,-81.10358611,Vehiculo en movimiento,Angulo,T-Intersection,Interseccion de T,Sobre calle,Ninguna,Dia total,Despejado,No,NO APLICA,99,99,99,99,1,28/06/2022,2
45,South Carolina,450456,0,0,2,0,51,HORRY (51),0,NO APLICA,6,Junio,28,2022,21,15,CR- RIVER OAKS DRIVE,4,Calle del Condado,Urbano,Arteria Menor,County Highway Agency,0,Sin jurisdiccion especial,31,33.73291111,-78.90554722,Vehiculo en movimiento,Angulo,Not an Intersection,No fue interseccion,Sobre calle,Ninguna,Oscuro sin iluminacion,Despejado,No,NO APLICA,99,98,99,98,1,28/06/2022,3
45,South Carolina,450457,0,0,2,0,57,LANCASTER (57),0,NO APLICA,6,Junio,29,2022,5,46,SR-903 FLAT CREEK RD,3,Highway estatal,Rural,Arteria Menor,State Highway Agency,0,Sin jurisdiccion especial,0,34.69984444,-80.66402222,Vehiculo en movimiento,Frente a frente,Not an Intersection,No fue interseccion,Sobre calle,Ninguna,Amanecer,Despejado,No,NO APLICA,99,98,99,98,2,29/06/2022,2
45,South Carolina,450458,0,0,1,0,1,ABBEVILLE (1),0,NO APLICA,6,Junio,29,2022,7,23,SR-72 HWY 72 W,3,Highway estatal,Rural,Arteria Principal,State Highway Agency,0,Sin jurisdiccion especial,162,34.15850278,-82.38574722,Banqueta,El primer evento no fue una colision con un vehiculo automotor en transporte,Not an Intersection,No fue interseccion,Sobre el lado de la calle,Ninguna,Dia total,Nublado,No,NO APLICA,99,98,99,98,1,29/06/2022,1
45,South Carolina,450460,0,0,1,0,45,GREENVILLE (45),0,NO APLICA,3,Marzo,19,2022,15,26,CR-LAWTON RD,4,Calle del Condado,Rural,Local,County Highway Agency,0,Sin jurisdiccion especial,2,35.07773611,-82.56883889,Alguien se cayo/avento del vehiculo,El primer evento no fue una colision con un vehiculo automotor en transporte,Not an Intersection,No fue interseccion,Sobre calle,Ninguna,Dia total,Despejado,No,NO APLICA,99,99,99,99,1,19/03/2022,2
45,South Carolina,450461,0,0,1,0,59,LAURENS (59),0,NO APLICA,7,Julio,1,2022,1,20,SR-46 CHARLOTTE RD,3,Highway estatal,Urbano,Colector Mayor,State Highway Agency,0,Sin jurisdiccion especial,100,34.45822222,-81.91012778,Culvert,El primer evento no fue una colision con un vehiculo automotor en transporte,Not an Intersection,No fue interseccion,Sobre el lado de la calle,Ninguna,Oscuro sin iluminacion,Despejado,No,NO APLICA,99,99,99,99,1,01/07/2022,3
45,South Carolina,450462,0,0,2,0,19,CHARLESTON (19),1805,NORTH CHARLESTON,7,Julio,1,2022,1,20,SR-642 DORCHESTER RD,3,Highway estatal,Urbano,Arteria Principal,State Highway Agency,0,Sin jurisdiccion especial,34,32.87006944,-80.05483889,Vehiculo en movimiento,Angulo,Four-Way Intersection,Interseccion de 4 direcciones,Sobre calle,Ninguna,Oscuro sin iluminacion,lluvia,No,NO APLICA,99,99,99,99,2,01/07/2022,3
45,South Carolina,450463,0,0,2,0,91,YORK (91),0,NO APLICA,7,Julio,1,2022,11,44,SR-245 PORTER RD,3,Highway estatal,Rural,Colector Mayor,State Highway Agency,0,Sin jurisdiccion especial,10,34.86132222,-80.98378611,Vehiculo en movimiento,Angulo,Four-Way Intersection,Interseccion de 4 direcciones,Sobre calle,Ninguna,Dia total,Nublado,No,NO APLICA,99,99,99,99,1,01/07/2022,3
45,South Carolina,450464,0,0,1,0,23,CHESTER (23),0,NO APLICA,7,Julio,2,2022,4,59,US-21 CATAWBA RIVER RD,2,US Highway,Rural,Arteria Principal,State Highway Agency,1,Sin jurisdiccion especial,75,34.65263889,-80.90449444,Culvert,El primer evento no fue una colision con un vehiculo automotor en transporte,T-Intersection,Interseccion de T,Sobre el lado de la calle,Ninguna,Oscuro sin iluminacion,Neblina o Humo,No,NO APLICA,99,98,99,98,2,02/07/2022,2
45,South Carolina,450465,0,0,2,0,25,CHESTERFIELD (25),0,NO APLICA,7,Julio,2,2022,12,45,US-1 HWY 1,2,US Highway,Rural,Arteria Principal,State Highway Agency,1,Sin jurisdiccion especial,10,34.43296944,-80.30443333,Vehiculo en movimiento,Angulo,Four-Way Intersection,Interseccion de 4 direcciones,Sobre calle,Ninguna,Dia total,Despejado,No,NO APLICA,99,98,99,98,1,02/07/2022,3
45,South Carolina,450466,0,0,1,0,63,LEXINGTON (63),0,NO APLICA,7,Julio,2,2022,21,58,SR-65 PINE PLAIN RD,3,Highway estatal,Rural,Colector Mayor,State Highway Agency,0,Sin jurisdiccion especial,134,33.76269722,-81.06049722,Otro objeto (fijo),El primer evento no fue una colision con un vehiculo automotor en transporte,Y-Intersection,Interseccion de Y,Sobre el lado de la calle,Ninguna,Oscuro sin iluminacion,Despejado,No,NO APLICA,99,98,99,98,1,02/07/2022,1
45,South Carolina,450467,0,0,2,0,45,GREENVILLE (45),0,NO APLICA,7,Julio,3,2022,2,52,SR-104 W PARKER RD,3,Highway estatal,Urbano,Arteria Menor,State Highway Agency,0,Sin jurisdiccion especial,9,34.87317778,-82.44936111,Vehiculo en movimiento,Frente a frente,Not an Intersection,No fue interseccion,Sobre calle,Ninguna,Oscuro sin iluminacion,Despejado,No,NO APLICA,99,99,99,99,1,03/07/2022,3
45,South Carolina,450468,0,0,1,0,29,COLLETON (29),0,NO APLICA,7,Julio,3,2022,15,43,SR-61 AUGUSTA HWY,3,Highway estatal,Rural,Arteria Menor,State Highway Agency,0,Sin jurisdiccion especial,97,33.09291667,-80.66691667,Zanja,El primer evento no fue una colision con un vehiculo automotor en transporte,Not an Intersection,No fue interseccion,Sobre el lado de la calle,Ninguna,Dia total,Despejado,No,NO APLICA,99,99,99,99,1,03/07/2022,3
45,South Carolina,450469,0,0,2,0,79,RICHLAND (79),0,NO APLICA,7,Julio,3,2022,18,45,US-76,2,US Highway,Urbano,Arteria Principal,State Highway Agency,1,Sin jurisdiccion especial,48,34.12931111,-81.24849167,Vehiculo en movimiento,Frente a frente,Four-Way Intersection,Interseccion de 4 direcciones,Sobre calle,Ninguna,Atardecer,lluvia,No,NO APLICA,99,99,99,99,1,03/07/2022,5
45,South Carolina,450470,0,0,3,0,7,ANDERSON (7),0,NO APLICA,7,Julio,3,2022,22,40,SR-81 HWY 81,3,Highway estatal,Rural,Arteria Menor,State Highway Agency,0,Sin jurisdiccion especial,43,34.31976111,-82.66449167,Vehiculo en movimiento,Golpe Lateral - misma direccion,Not an Intersection,No fue interseccion,Sobre calle,Ninguna,Oscuro sin iluminacion,Despejado,No,NO APLICA,99,99,99,99,1,03/07/2022,6
45,South Carolina,450471,0,0,1,0,19,CHARLESTON (19),410,CHARLESTON,7,Julio,3,2022,22,59,SR-20 MAIN RD,3,Highway estatal,Rural,Arteria Menor,State Highway Agency,0,Sin jurisdiccion especial,0,32.73126111,-80.10556111,Zanja,El primer evento no fue una colision con un vehiculo automotor en transporte,Not an Intersection,No fue interseccion,Sobre el lado de la calle,Ninguna,Oscuro sin iluminacion,Despejado,No,NO APLICA,99,99,99,99,1,03/07/2022,3
45,South Carolina,450472,0,0,1,0,27,CLARENDON (27),0,NO APLICA,7,Julio,4,2022,23,39,SR-57 FURSE RD,3,Highway estatal,Rural,Arteria Menor,State Highway Agency,0,Sin jurisdiccion especial,0,33.65748611,-80.37689167,Zanja,El primer evento no fue una colision con un vehiculo automotor en transporte,T-Intersection,Interseccion de T,Sobre el lado de la calle,Ninguna,Oscuro sin iluminacion,Despejado,No,NO APLICA,99,99,99,99,1,04/07/2022,2
45,South Carolina,450473,0,0,1,0,45,GREENVILLE (45),0,NO APLICA,7,Julio,4,2022,8,5,US-25 AUGUSTA RD,2,US Highway,Rural,Arteria Principal,State Highway Agency,1,Sin jurisdiccion especial,56,34.56721944,-82.33140833,Acotamiento,El primer evento no fue una colision con un vehiculo automotor en transporte,Not an Intersection,No fue interseccion,Sobre el lado de la calle,Ninguna,Dia total,Despejado,No,NO APLICA,99,98,99,98,1,04/07/2022,1
45,South Carolina,450474,0,0,1,0,59,LAURENS (59),0,NO APLICA,7,Julio,4,2022,0,0,SR-72 HWY 72,3,Highway estatal,Rural,Arteria Principal,State Highway Agency,1,Sin jurisdiccion especial,14,34.28703056,-82.04639444,Edificio,El primer evento no fue una colision con un vehiculo automotor en transporte,T-Intersection,Interseccion de T,Sobre el lado de la calle,Ninguna,Oscuro sin iluminacion,Despejado,No,NO APLICA,99,99,99,99,1,04/07/2022,1
45,South Carolina,450475,0,0,2,0,19,CHARLESTON (19),0,NO APLICA,7,Julio,4,2022,14,56,SR-165 HWY 165,3,Highway estatal,Rural,Arteria Menor,State Highway Agency,0,Sin jurisdiccion especial,90,32.79946944,-80.26925,Vehiculo en movimiento,Frente a frente,Not an Intersection,No fue interseccion,Sobre calle,Ninguna,Dia total,Despejado,No,NO APLICA,99,99,99,99,1,04/07/2022,4
45,South Carolina,450476,1,1,1,0,19,CHARLESTON (19),0,NO APLICA,7,Julio,5,2022,2,31,SR-632 SOL LEGARE RD,3,Highway estatal,Urbano,Local,State Highway Agency,0,Sin jurisdiccion especial,3,32.68521111,-79.95985,Peaton,El primer evento no fue una colision con un vehiculo automotor en transporte,Four-Way Intersection,Interseccion de 4 direcciones,Sobre calle,Ninguna,Oscuro con iluminacion,Despejado,No,NO APLICA,99,99,99,99,1,05/07/2022,1
45,South Carolina,450477,0,0,2,0,79,RICHLAND (79),0,NO APLICA,7,Julio,5,2022,16,40,SR-217 KENNERLY RD,3,Highway estatal,Urbano,Colector Mayor,State Highway Agency,0,Sin jurisdiccion especial,13,34.17017222,-81.246075,Vehiculo en movimiento,Angulo,T-Intersection,Interseccion de T,Sobre calle,Ninguna,Dia total,Despejado,No,NO APLICA,99,99,99,99,1,05/07/2022,2
45,South Carolina,450478,0,0,2,0,19,CHARLESTON (19),1805,NORTH CHARLESTON,7,Julio,5,2022,17,6,SR-642 DORCHESTER RD,3,Highway estatal,Urbano,Arteria Principal,State Highway Agency,0,Sin jurisdiccion especial,51,32.85665,-80.03516944,Vehiculo en movimiento,Angulo,Four-Way Intersection,Interseccion de 4 direcciones,Sobre calle,Ninguna,Dia total,Despejado,No,NO APLICA,99,99,99,99,1,05/07/2022,2
45,South Carolina,450479,0,0,1,0,81,SALUDA (81),0,NO APLICA,7,Julio,5,2022,10,15,US-178 GREENWOOD HWY,2,US Highway,Rural,Arteria Principal,State Highway Agency,1,Sin jurisdiccion especial,65,34.03555278,-81.84886667,Zanja,El primer evento no fue una colision con un vehiculo automotor en transporte,Not an Intersection,No fue interseccion,Sobre el lado de la calle,Ninguna,Dia total,Despejado,No,NO APLICA,99,99,99,99,1,05/07/2022,1
45,South Carolina,450480,1,1,2,0,19,CHARLESTON (19),1805,NORTH CHARLESTON,7,Julio,5,2022,21,10,SR-2274 NORTHSIDE DRIVE,3,Highway estatal,Urbano,Local,State Highway Agency,0,Sin jurisdiccion especial,6,32.94545,-80.05548056,Ciclista,El primer evento no fue una colision con un vehiculo automotor en transporte,Not an Intersection,No fue interseccion,Sobre calle,Ninguna,Oscuro - iluminacion desconocida,Despejado,No,NO APLICA,99,98,99,98,1,05/07/2022,2
45,South Carolina,450481,0,0,1,0,45,GREENVILLE (45),0,NO APLICA,7,Julio,6,2022,4,1,US-25 AUGUSTA RD,2,US Highway,Urbano,Arteria Principal,State Highway Agency,1,Sin jurisdiccion especial,187,34.73949167,-82.39157222,Zanja,El primer evento no fue una colision con un vehiculo automotor en transporte,Not an Intersection,No fue interseccion,Sobre el lado de la calle,Ninguna,Oscuro sin iluminacion,Despejado,No,NO APLICA,99,99,99,99,1,06/07/2022,1
45,South Carolina,450482,0,0,1,0,27,CLARENDON (27),0,NO APLICA,7,Julio,6,2022,7,10,I-95,1,Interestatal,Rural,Interestatal,State Highway Agency,1,Sin jurisdiccion especial,1253,33.77849167,-80.17092222,Arbol,El primer evento no fue una colision con un vehiculo automotor en transporte,Not an Intersection,No fue interseccion,En el medio,Ninguna,Amanecer,Nublado,No,NO APLICA,99,98,99,98,2,06/07/2022,2
45,South Carolina,450483,0,0,1,0,83,SPARTANBURG (83),0,NO APLICA,7,Julio,6,2022,16,18,CR-CANAAN RD,4,Calle del Condado,Urbano,Colector Mayor,County Highway Agency,0,Sin jurisdiccion especial,4,34.88896111,-81.91687778,Arbol,El primer evento no fue una colision con un vehiculo automotor en transporte,Not an Intersection,No fue interseccion,Sobre el lado de la calle,Ninguna,Dia total,Despejado,No,NO APLICA,99,99,99,99,1,06/07/2022,1
45,South Carolina,450484,0,0,2,0,55,KERSHAW (55),0,NO APLICA,7,Julio,6,2022,18,32,I-20,1,Interestatal,Rural,Interestatal,State Highway Agency,1,Sin jurisdiccion especial,0,34.20876389,-80.46841944,Vehiculo en movimiento,Frente a Detrás,Not an Intersection,No fue interseccion,Sobre calle,Ninguna,Dia total,Despejado,No,NO APLICA,99,99,99,99,1,06/07/2022,2
45,South Carolina,450485,0,0,1,0,3,AIKEN (3),20,AIKEN,7,Julio,7,2022,16,40,SR-19 WHISKEY RD,3,Highway estatal,Urbano,Arteria Principal,State Highway Agency,0,Sin jurisdiccion especial,48,33.45102778,-81.687025,Zanja,El primer evento no fue una colision con un vehiculo automotor en transporte,Not an Intersection,No fue interseccion,Sobre el lado de la calle,Ninguna,Dia total,Despejado,No,NO APLICA,99,98,99,98,1,07/07/2022,1
45,South Carolina,450486,0,0,2,0,45,GREENVILLE (45),0,NO APLICA,5,Mayo,16,2022,11,10,SR-448 ASHMORE BRIDGE RD,3,Highway estatal,Urbano,Colector Mayor,State Highway Agency,0,Sin jurisdiccion especial,24,34.74774444,-82.33673611,Vehiculo en movimiento,Frente a Detrás,Not an Intersection,No fue interseccion,Sobre calle,Ninguna,Dia total,Despejado,No,NO APLICA,99,99,99,99,1,16/05/2022,3
45,South Carolina,450487,0,0,3,0,39,FAIRFIELD (39),0,NO APLICA,7,Julio,7,2022,3,45,I-77,1,Interestatal,Rural,Interestatal,State Highway Agency,1,Sin jurisdiccion especial,318,34.27094722,-80.99795278,Vehiculo en movimiento,Frente a Detrás,Not an Intersection,No fue interseccion,Sobre calle,Ninguna,Oscuro sin iluminacion,Despejado,No,NO APLICA,99,99,99,99,1,07/07/2022,3
45,South Carolina,450488,0,0,1,0,51,HORRY (51),540,CONWAY,7,Julio,8,2022,4,10,SR-218 DUNN SHORTCUT RD,3,Highway estatal,Urbano,Local,State Highway Agency,0,Sin jurisdiccion especial,7,33.85684444,-79.10718889,Zanja,El primer evento no fue una colision con un vehiculo automotor en transporte,Not an Intersection,No fue interseccion,Sobre el lado de la calle,Ninguna,Oscuro sin iluminacion,Despejado,No,NO APLICA,99,99,99,99,1,08/07/2022,1
45,South Carolina,450489,0,0,2,0,47,GREENWOOD (47),1050,GREENWOOD,7,Julio,9,2022,23,30,SR-72,3,Highway estatal,Urbano,Arteria Menor,State Highway Agency,0,Sin jurisdiccion especial,26,34.1961,-82.17246111,Vehiculo en movimiento,Angulo,Four-Way Intersection,Interseccion de 4 direcciones,Sobre calle,Ninguna,Oscuro con iluminacion,Despejado,No,NO APLICA,99,99,99,99,1,09/07/2022,2
45,South Carolina,450490,0,0,3,1,3,AIKEN (3),0,NO APLICA,7,Julio,9,2022,4,29,I-20,1,Interestatal,Rural,Interestatal,State Highway Agency,1,Sin jurisdiccion especial,61,33.56923889,-81.92053056,Vehiculo Aparcado,El primer evento no fue una colision con un vehiculo automotor en transporte,Not an Intersection,No fue interseccion,Sobre calle,Ninguna,Oscuro sin iluminacion,Despejado,No,NO APLICA,99,99,99,99,2,09/07/2022,4
45,South Carolina,450491,0,0,1,0,59,LAURENS (59),0,NO APLICA,7,Julio,9,2022,17,30,SR-47 POWER HOUSE RD,3,Highway estatal,Rural,Local,State Highway Agency,0,Sin jurisdiccion especial,19,34.40449722,-82.234125,Valla Ferrocarril,El primer evento no fue una colision con un vehiculo automotor en transporte,Not an Intersection,No fue interseccion,Sobre el lado de la calle,Ninguna,Dia total,Despejado,No,NO APLICA,99,99,99,99,1,09/07/2022,1
45,South Carolina,450492,0,0,2,0,7,ANDERSON (7),0,NO APLICA,2,Febrero,10,2022,9,55,SR-81 HWY 81,3,Highway estatal,Urbano,Arteria Principal,State Highway Agency,0,Sin jurisdiccion especial,253,34.59208056,-82.61864722,Vehiculo en movimiento,Frente a Detrás,Not an Intersection,No fue interseccion,Sobre calle,Ninguna,Dia total,Despejado,No,NO APLICA,99,99,99,99,1,10/02/2022,4
45,South Carolina,450493,0,0,2,0,75,ORANGEBURG (75),2290,SANTEE,2,Febrero,28,2022,17,29,I-95,1,Interestatal,Rural,Interestatal,State Highway Agency,1,Sin jurisdiccion especial,984,33.48939444,-80.46992222,Vehiculo en movimiento,Golpe Lateral - misma direccion,Not an Intersection,No fue interseccion,Sobre calle,Ninguna,Dia total,Despejado,No,NO APLICA,99,99,99,99,1,28/02/2022,3
45,South Carolina,450494,0,0,2,0,83,SPARTANBURG (83),0,NO APLICA,4,Abril,30,2022,10,25,SR-908 GAP CREEK RD,3,Highway estatal,Urbano,Colector Mayor,State Highway Agency,0,Sin jurisdiccion especial,5,34.94666944,-82.15666944,Vehiculo en movimiento,Angulo,Not an Intersection,No fue interseccion,Sobre calle,Ninguna,Dia total,Despejado,No,NO APLICA,99,99,99,99,1,30/04/2022,2
45,South Carolina,450495,0,0,4,0,77,PICKENS (77),0,NO APLICA,5,Mayo,3,2022,11,25,US-123 CALHOUN MEMORIAL HWY,2,US Highway,Urbano,Arteria Principal,State Highway Agency,1,Sin jurisdiccion especial,230,34.82966389,-82.51960278,Vehiculo en movimiento,Frente a Detrás,Four-Way Intersection,Interseccion de 4 direcciones,Sobre calle,Ninguna,Dia total,Despejado,No,NO APLICA,99,99,99,99,1,03/05/2022,5
45,South Carolina,450496,0,0,1,0,77,PICKENS (77),700,EASLEY,7,Julio,31,2022,16,10,SR-135 ANDERSON HWY,3,Highway estatal,Urbano,Colector Mayor,State Highway Agency,0,Sin jurisdiccion especial,52,34.80151944,-82.60898889,Arbol,El primer evento no fue una colision con un vehiculo automotor en transporte,Not an Intersection,No fue interseccion,Sobre el lado de la calle,Ninguna,Dia total,Despejado,No,NO APLICA,99,99,99,99,1,31/07/2022,1
45,South Carolina,450497,0,0,3,0,51,HORRY (51),0,NO APLICA,5,Mayo,20,2022,14,57,US-17 S KINGS HWY,2,US Highway,Urbano,Arteria Principal,State Highway Agency,1,Sin jurisdiccion especial,58,33.63453056,-78.95655556,Vehiculo en movimiento,Angulo,Four-Way Intersection,Interseccion de 4 direcciones,Sobre calle,Ninguna,Dia total,Despejado,No,NO APLICA,99,99,99,99,1,20/05/2022,6
45,South Carolina,450498,0,0,3,0,51,HORRY (51),1730,MYRTLE BEACH,5,Mayo,29,2022,22,27,US-17 S KINGS HWY,2,US Highway,Rural,Arteria Principal,State Highway Agency,1,Sin jurisdiccion especial,88,33.66240556,-78.92236944,Vehiculo en movimiento,Frente a Detrás,Not an Intersection,No fue interseccion,Sobre calle,Ninguna,Oscuro con iluminacion,Despejado,No,NO APLICA,99,99,99,99,1,29/05/2022,3
45,South Carolina,450499,1,1,1,0,79,RICHLAND (79),520,COLUMBIA,6,Junio,26,2022,20,55,US-21,2,US Highway,Urbano,Arteria Principal,State Highway Agency,1,Sin jurisdiccion especial,18,33.99873889,-81.01251944,Peaton,El primer evento no fue una colision con un vehiculo automotor en transporte,Four-Way Intersection,Interseccion de 4 direcciones,Sobre calle,Ninguna,Oscuro con iluminacion,Despejado,No,NO APLICA,99,99,99,99,1,26/06/2022,1
45,South Carolina,450500,0,0,2,0,51,HORRY (51),1825,NORTH MYRTLE BEACH,6,Junio,11,2022,21,54,US-17,2,US Highway,Urbano,Arteria Principal,State Highway Agency,1,Sin jurisdiccion especial,18,33.81113333,-78.70660833,Vehiculo en movimiento,Angulo,T-Intersection,Interseccion de T,Sobre calle,Ninguna,Oscuro con iluminacion,Despejado,No,NO APLICA,99,99,99,99,1,11/06/2022,2
45,South Carolina,450501,0,0,1,0,83,SPARTANBURG (83),1890,PACOLET,7,Julio,1,2022,9,35,SR-1811,3,Highway estatal,Rural,Local,State Highway Agency,0,Sin jurisdiccion especial,5,34.90603056,-81.77661111,Vehiculo Ferrocarril,El primer evento no fue una colision con un vehiculo automotor en transporte,Not an Intersection,No fue interseccion,Sobre calle,Ninguna,Dia total,Nublado,No,716577R,99,98,99,98,1,01/07/2022,1
45,South Carolina,450502,1,1,1,0,3,AIKEN (3),20,AIKEN,7,Julio,1,2022,0,52,SR-19 LAURENS STREET NW,3,Highway estatal,Urbano,Arteria Principal,State Highway Agency,0,Sin jurisdiccion especial,140,33.57803889,-81.7202,Peaton,El primer evento no fue una colision con un vehiculo automotor en transporte,Not an Intersection,No fue interseccion,Sobre calle,Ninguna,Oscuro con iluminacion,Despejado,No,NO APLICA,99,98,99,98,1,01/07/2022,1
45,South Carolina,450503,0,0,2,0,51,HORRY (51),1825,NORTH MYRTLE BEACH,7,Julio,1,2022,4,52,SR-31 CAROLINA BAYS PKW,3,Highway estatal,Urbano,Arteria Principal,State Highway Agency,0,Sin jurisdiccion especial,27,33.83948889,-78.70483889,Vehiculo en movimiento,Frente a frente,Not an Intersection,No fue interseccion,Sobre calle,Ninguna,Oscuro sin iluminacion,Despejado,No,NO APLICA,99,99,99,99,1,01/07/2022,5
45,South Carolina,450504,0,0,2,0,7,ANDERSON (7),0,NO APLICA,7,Julio,7,2022,15,55,US-76 CLEMSON RD,2,US Highway,Urbano,Arteria Principal,State Highway Agency,1,Sin jurisdiccion especial,92,34.56030833,-82.69269722,Vehiculo en movimiento,Angulo,T-Intersection,Interseccion de T,Sobre calle,Ninguna,Dia total,Despejado,No,NO APLICA,99,99,99,99,1,07/07/2022,2