Estado,Nombre de Estado,Numero de Caso,Peatones,Personas _no_vehiculos,Vehiculos automotores,Vehiculos estacionados,Condado,Nombre Condado,Ciudad,Nombre Ciudad,Mes,Nombre Mes,Dia,Año,Hora,Minuto,Calle,Ruta,Nombre Ruta,Rural o Urbanoo,Sistema Funcional,Dueño Calle,Sistema Nacional Carreteras,Jurisdiccion Especial,Milla,Latitud,Longitud,Causa del Accidente,Tipo de Accidente,Tipo Interseccion,Columna1,Lugar en la calle,Zona de Trabajo,Luz,Clima,Autobus Escolar,Cruce de Trenes,Hora Notificacion,Minuto Notificacion,Hora Llegada,Minuto Llegada,Decesos,Fecha,PersonaVehiculo
45,South Carolina,450505,0,0,2,0,33,DILLON (33),0,NO APLICA,7,Julio,9,2022,20,23,SR-9 HWY 9,3,Highway estatal,Rural,Arteria Menor,State Highway Agency,0,Sin jurisdiccion especial,75,34.4764,-79.40351944,Vehiculo en movimiento,Angulo,Four-Way Intersection,Interseccion de 4 direcciones,Sobre calle,Ninguna,Atardecer,Despejado,No,NO APLICA,99,99,99,99,1,09/07/2022,6
45,South Carolina,450506,0,0,1,0,15,BERKELEY (15),0,NO APLICA,7,Julio,9,2022,23,0,US-52 HWY 52,2,US Highway,Rural,Arteria Principal,State Highway Agency,1,Sin jurisdiccion especial,190,33.23861111,-79.96428056,Banqueta,El primer evento no fue una colision con un vehiculo automotor en transporte,Not an Intersection,No fue interseccion,Sobre el lado de la calle,Ninguna,Oscuro sin iluminacion,Despejado,No,NO APLICA,99,98,99,98,1,09/07/2022,1
45,South Carolina,450507,0,0,1,0,59,LAURENS (59),0,NO APLICA,7,Julio,10,2022,4,0,SR-701 DIALS CHUCH RD,3,Highway estatal,Rural,Colector Mayor,State Highway Agency,0,Sin jurisdiccion especial,11,34.60813889,-82.15895278,Acotamiento,El primer evento no fue una colision con un vehiculo automotor en transporte,Not an Intersection,No fue interseccion,Sobre el lado de la calle,Ninguna,Oscuro sin iluminacion,lluvia,No,NO APLICA,99,99,99,99,1,10/07/2022,1
45,South Carolina,450508,0,0,2,0,23,CHESTER (23),0,NO APLICA,7,Julio,10,2022,17,11,I-77,1,Interestatal,Rural,Interestatal,State Highway Agency,1,Sin jurisdiccion especial,665,34.77736111,-81.03794722,Vehiculo en movimiento,Frente a Detrás,Not an Intersection,No fue interseccion,Sobre calle,Ninguna,Dia total,Despejado,No,NO APLICA,99,99,99,99,1,10/07/2022,5
45,South Carolina,450509,1,1,1,0,79,RICHLAND (79),520,COLUMBIA,6,Junio,21,2022,12,0,SR-1026,3,Highway estatal,Urbano,Arteria Menor,State Highway Agency,0,Sin jurisdiccion especial,110,34.06847778,-80.90549167,Peaton,El primer evento no fue una colision con un vehiculo automotor en transporte,Not an Intersection,No fue interseccion,Sobre calle,Ninguna,Dia total,Despejado,No,NO APLICA,99,98,99,98,1,21/06/2022,1
45,South Carolina,450510,0,0,2,0,29,COLLETON (29),0,NO APLICA,7,Julio,10,2022,18,25,SR-64 CHARLESTON HWY,3,Highway estatal,Rural,Colector Menor,State Highway Agency,0,Sin jurisdiccion especial,326,32.83427222,-80.57606111,Vehiculo en movimiento,Frente a frente,Not an Intersection,No fue interseccion,Sobre calle,Ninguna,Dia total,lluvia,No,NO APLICA,99,99,99,99,2,10/07/2022,5
45,South Carolina,450511,0,0,1,0,35,DORCHESTER (35),0,NO APLICA,7,Julio,10,2022,19,52,I-26,1,Interestatal,Rural,Interestatal,State Highway Agency,1,Sin jurisdiccion especial,1819,33.18590278,-80.38483056,Arbol,El primer evento no fue una colision con un vehiculo automotor en transporte,Not an Intersection,No fue interseccion,Sobre el lado de la calle,Ninguna,Dia total,lluvia,No,NO APLICA,99,99,99,99,1,10/07/2022,5
45,South Carolina,450512,0,0,2,0,21,CHEROKEE (21),0,NO APLICA,7,Julio,11,2022,20,40,US-29W CHEROKEE STREET,2,US Highway,Rural,Arteria Principal,State Highway Agency,1,Sin jurisdiccion especial,181,35.11688889,-81.52513889,Vehiculo en movimiento,Angulo,T-Intersection,Interseccion de T,Sobre calle,Ninguna,Atardecer,Despejado,No,NO APLICA,99,99,99,99,1,11/07/2022,3
45,South Carolina,450513,0,0,2,0,3,AIKEN (3),20,AIKEN,7,Julio,12,2022,16,19,SR-302 ILVER BLUFF RD,3,Highway estatal,Urbano,Colector Menor,State Highway Agency,0,Sin jurisdiccion especial,113,33.51358889,-81.73308056,Vehiculo en movimiento,Frente a frente,T-Intersection,Interseccion de T,Sobre calle,Ninguna,Dia total,Despejado,No,NO APLICA,99,99,99,99,1,12/07/2022,2
45,South Carolina,450514,0,0,2,0,45,GREENVILLE (45),0,NO APLICA,7,Julio,11,2022,5,11,SR-21 RUTHERFORD RD,3,Highway estatal,Urbano,Colector Menor,State Highway Agency,0,Sin jurisdiccion especial,32,34.89617222,-82.36638056,Vehiculo en movimiento,Angulo,T-Intersection,Interseccion de T,Sobre calle,Ninguna,Oscuro sin iluminacion,Nublado,No,NO APLICA,99,98,99,98,1,11/07/2022,2
45,South Carolina,450515,0,0,3,0,79,RICHLAND (79),0,NO APLICA,7,Julio,11,2022,15,56,SR-768 SHOP RD,3,Highway estatal,Urbano,Colector Mayor,State Highway Agency,0,Sin jurisdiccion especial,0,33.93873889,-80.9518,Vehiculo en movimiento,Angulo,Four-Way Intersection,Interseccion de 4 direcciones,Sobre calle,Ninguna,Dia total,Despejado,No,NO APLICA,99,99,99,99,1,11/07/2022,3
45,South Carolina,450516,0,0,1,0,89,WILLIAMSBURG (89),0,NO APLICA,7,Julio,13,2022,22,20,SR-41 COUNTY LINE RD,3,Highway estatal,Rural,Arteria Principal,State Highway Agency,0,Sin jurisdiccion especial,196,33.44433889,-79.58945556,Zanja,El primer evento no fue una colision con un vehiculo automotor en transporte,T-Intersection,Interseccion de T,Sobre el lado de la calle,Ninguna,Oscuro sin iluminacion,Despejado,No,NO APLICA,99,99,99,99,1,13/07/2022,1
45,South Carolina,450517,1,1,1,0,51,HORRY (51),0,NO APLICA,7,Julio,13,2022,23,24,SR-992 BURCALE RD,3,Highway estatal,Urbano,Local,State Highway Agency,0,Sin jurisdiccion especial,5,33.71974722,-78.94706111,Ciclista,El primer evento no fue una colision con un vehiculo automotor en transporte,Not an Intersection,No fue interseccion,Sobre calle,Ninguna,Oscuro sin iluminacion,Despejado,No,NO APLICA,99,98,99,98,1,13/07/2022,1
45,South Carolina,450518,1,1,1,0,15,BERKELEY (15),0,NO APLICA,7,Julio,14,2022,2,50,US-52,2,US Highway,Rural,Arteria Principal,State Highway Agency,1,Sin jurisdiccion especial,58,33.07015,-80.03396389,Ciclista,El primer evento no fue una colision con un vehiculo automotor en transporte,Not an Intersection,No fue interseccion,Sobre calle,Ninguna,Oscuro sin iluminacion,Despejado,No,NO APLICA,99,99,99,99,1,14/07/2022,1
45,South Carolina,450519,0,0,1,0,79,RICHLAND (79),0,NO APLICA,7,Julio,15,2022,5,20,SR-220 BRANHAM RD,3,Highway estatal,Rural,Arteria Menor,State Highway Agency,0,Sin jurisdiccion especial,36,34.2294,-80.91676944,Poste de Señal de trafico,El primer evento no fue una colision con un vehiculo automotor en transporte,Y-Intersection,Interseccion de Y,Sobre el lado de la calle,Ninguna,Oscuro sin iluminacion,Despejado,No,NO APLICA,99,98,99,98,1,15/07/2022,1
45,South Carolina,450520,0,0,1,0,59,LAURENS (59),0,NO APLICA,7,Julio,16,2022,19,35,US-52 RAMP,2,US Highway,Rural,Arteria Principal,State Highway Agency,1,Sin jurisdiccion especial,23,34.42548056,-82.23602222,Poste de Señal de trafico,El primer evento no fue una colision con un vehiculo automotor en transporte,Not an Intersection,No fue interseccion,Sobre el lado de la calle,Ninguna,Dia total,Despejado,No,NO APLICA,99,98,99,98,1,16/07/2022,1
45,South Carolina,450521,0,0,2,0,45,GREENVILLE (45),0,NO APLICA,7,Julio,17,2022,17,48,SR-183 CEDAR LANE RD,3,Highway estatal,Urbano,Arteria Menor,State Highway Agency,0,Sin jurisdiccion especial,31,34.88181389,-82.45111667,Vehiculo en movimiento,Angulo,T-Intersection,Interseccion de T,Sobre calle,Ninguna,Dia total,Despejado,No,NO APLICA,99,98,99,98,1,17/07/2022,2
45,South Carolina,450522,0,0,2,0,91,YORK (91),0,NO APLICA,7,Julio,18,2022,19,38,SR-160 JWY 160 W,3,Highway estatal,Urbano,Arteria Principal,State Highway Agency,0,Sin jurisdiccion especial,25,35.04126111,-80.98265556,Vehiculo en movimiento,Angulo,Four-Way Intersection,Interseccion de 4 direcciones,Sobre calle,Ninguna,Dia total,Despejado,No,NO APLICA,99,98,99,98,1,18/07/2022,2
45,South Carolina,450523,1,1,1,0,63,LEXINGTON (63),0,NO APLICA,7,Julio,18,2022,23,45,I-26,1,Interestatal,Urbano,Interestatal,State Highway Agency,1,Sin jurisdiccion especial,1061,34.04905278,-81.12231111,Peaton,El primer evento no fue una colision con un vehiculo automotor en transporte,Not an Intersection,No fue interseccion,Sobre calle,Ninguna,Oscuro sin iluminacion,Despejado,No,NO APLICA,99,98,99,98,1,18/07/2022,1
45,South Carolina,450524,0,0,1,0,91,YORK (91),2200,ROCK HILL,7,Julio,20,2022,21,15,SR-901 HECKLE BLVD,3,Highway estatal,Urbano,Arteria Principal,State Highway Agency,0,Sin jurisdiccion especial,117,34.96958056,-81.06988889,Zanja,El primer evento no fue una colision con un vehiculo automotor en transporte,Not an Intersection,No fue interseccion,Sobre el lado de la calle,Ninguna,Oscuro con iluminacion,Despejado,No,NO APLICA,99,99,99,99,1,20/07/2022,1
45,South Carolina,450525,0,0,3,0,63,LEXINGTON (63),0,NO APLICA,7,Julio,21,2022,2,48,I-26,1,Interestatal,Rural,Interestatal,State Highway Agency,1,Sin jurisdiccion especial,1278,33.77312222,-80.97757778,Vehiculo en movimiento,Golpe Lateral - direccion contraria,Not an Intersection,No fue interseccion,Sobre calle,Ninguna,Oscuro sin iluminacion,Despejado,No,NO APLICA,99,99,99,99,1,21/07/2022,3
45,South Carolina,450526,0,0,2,0,45,GREENVILLE (45),1040,GREENVILLE,7,Julio,21,2022,6,1,US-29 N CHURCH STREET,2,US Highway,Urbano,Arteria Principal,State Highway Agency,1,Sin jurisdiccion especial,64,34.8514,-82.394725,Vehiculo en movimiento,Angulo,Four-Way Intersection,Interseccion de 4 direcciones,Sobre calle,Ninguna,Amanecer,Nublado,No,NO APLICA,99,99,99,99,1,21/07/2022,2
45,South Carolina,450527,0,0,1,0,19,CHARLESTON (19),1805,NORTH CHARLESTON,7,Julio,21,2022,23,50,I-26 RAMP,1,Interestatal,Urbano,Interestatal,State Highway Agency,1,Sin jurisdiccion especial,2139,32.87011111,-80.00924444,Banqueta,El primer evento no fue una colision con un vehiculo automotor en transporte,Not an Intersection,No fue interseccion,Sobre el lado de la calle,Ninguna,Oscuro con iluminacion,Despejado,No,NO APLICA,99,99,99,99,1,21/07/2022,1
45,South Carolina,450528,0,0,2,0,45,GREENVILLE (45),0,NO APLICA,8,Agosto,1,2022,8,42,SR-55 FAIRVIEW RD,3,Highway estatal,Rural,Colector Mayor,State Highway Agency,0,Sin jurisdiccion especial,30,34.63813889,-82.25816111,Vehiculo en movimiento,Angulo,Not an Intersection,No fue interseccion,Sobre calle,Ninguna,Dia total,Despejado,No,NO APLICA,99,99,99,99,1,01/08/2022,3
45,South Carolina,450529,1,1,1,0,59,LAURENS (59),0,NO APLICA,7,Julio,22,2022,0,5,I-385,1,Interestatal,Rural,Interestatal,State Highway Agency,1,Sin jurisdiccion especial,43,34.53660278,-81.94746111,Peaton,El primer evento no fue una colision con un vehiculo automotor en transporte,Not an Intersection,No fue interseccion,Sobre calle,Ninguna,Oscuro sin iluminacion,Despejado,No,NO APLICA,99,98,99,98,1,22/07/2022,2
45,South Carolina,450530,0,0,3,0,7,ANDERSON (7),0,NO APLICA,7,Julio,22,2022,5,40,SR-81 S MURRAY AVE,3,Highway estatal,Urbano,Colector Menor,State Highway Agency,0,Sin jurisdiccion especial,160,34.46675,-82.65921111,Vehiculo en movimiento,Angulo,Not an Intersection,No fue interseccion,Sobre calle,Ninguna,Oscuro con iluminacion,Despejado,No,NO APLICA,99,98,99,98,1,22/07/2022,3
45,South Carolina,450531,0,0,3,0,7,ANDERSON (7),40,ANDERSON,7,Julio,22,2022,8,37,US-76 CLEMSON BLVD,2,US Highway,Urbano,Arteria Principal,State Highway Agency,1,Sin jurisdiccion especial,83,34.57080556,-82.71018889,Vehiculo en movimiento,Angulo,Four-Way Intersection,Interseccion de 4 direcciones,Sobre calle,Ninguna,Dia total,Despejado,No,NO APLICA,99,99,99,99,1,22/07/2022,5
45,South Carolina,450532,0,0,2,0,79,RICHLAND (79),0,NO APLICA,7,Julio,23,2022,4,0,US-76,2,US Highway,Rural,Arteria Principal,State Highway Agency,1,Sin jurisdiccion especial,451,33.94353333,-80.657175,Vehiculo en movimiento,Frente a frente,Not an Intersection,No fue interseccion,Sobre calle,Ninguna,Oscuro sin iluminacion,Despejado,No,NO APLICA,99,99,99,99,1,23/07/2022,2
45,South Carolina,450533,0,0,2,0,15,BERKELEY (15),0,NO APLICA,7,Julio,23,2022,4,40,SR-413 BLACK TOM RD,3,Highway estatal,Rural,Colector Mayor,State Highway Agency,0,Sin jurisdiccion especial,30,33.1581,-80.06826389,Vehiculo en movimiento,Angulo,Not an Intersection,No fue interseccion,Sobre calle,Ninguna,Oscuro sin iluminacion,Despejado,No,NO APLICA,99,98,99,98,1,23/07/2022,2
45,South Carolina,450534,0,0,2,0,41,FLORENCE (41),0,NO APLICA,7,Julio,23,2022,5,15,US-378 HWY 378,2,US Highway,Urbano,Arteria Principal,State Highway Agency,1,Sin jurisdiccion especial,123,33.893775,-79.74954722,Vehiculo en movimiento,Frente a frente,Not an Intersection,No fue interseccion,Sobre calle,Ninguna,Amanecer,Nublado,No,NO APLICA,99,99,99,99,3,23/07/2022,3
45,South Carolina,450535,0,0,2,0,35,DORCHESTER (35),0,NO APLICA,7,Julio,23,2022,10,38,SR-62 ASHLEY PHOPHATE RD,3,Highway estatal,Urbano,Arteria Menor,State Highway Agency,0,Sin jurisdiccion especial,14,32.92285278,-80.09337222,Vehiculo en movimiento,Angulo,Not an Intersection,No fue interseccion,Sobre calle,Ninguna,Dia total,Despejado,No,NO APLICA,99,99,99,99,1,23/07/2022,2
45,South Carolina,450536,0,0,2,0,91,YORK (91),0,NO APLICA,7,Julio,23,2022,22,55,SR-49 CHARLOTTE HWY,3,Highway estatal,Urbano,Arteria Menor,State Highway Agency,0,Sin jurisdiccion especial,320,35.11661944,-81.07623611,Vehiculo en movimiento,Angulo,Not an Intersection,No fue interseccion,Sobre calle,Ninguna,Oscuro - iluminacion desconocida,Despejado,No,NO APLICA,99,99,99,99,1,23/07/2022,2
45,South Carolina,450537,0,0,1,0,53,JASPER (53),0,NO APLICA,7,Julio,23,2022,23,25,SR-34 PURRYSBURG RD,3,Highway estatal,Rural,Colector Mayor,State Highway Agency,0,Sin jurisdiccion especial,53,32.36308333,-81.12185278,Zanja,El primer evento no fue una colision con un vehiculo automotor en transporte,Not an Intersection,No fue interseccion,Sobre el lado de la calle,Ninguna,Oscuro sin iluminacion,Despejado,No,NO APLICA,99,99,99,99,1,23/07/2022,2
45,South Carolina,450538,0,0,1,0,63,LEXINGTON (63),0,NO APLICA,7,Julio,24,2022,4,10,US-1 AUGUSTA HWY,2,US Highway,Urbano,Arteria Principal,State Highway Agency,1,Sin jurisdiccion especial,152,33.97843889,-81.33168056,Poste o otros soportes,El primer evento no fue una colision con un vehiculo automotor en transporte,Four-Way Intersection,Interseccion de 4 direcciones,Sobre el lado de la calle,Ninguna,Oscuro sin iluminacion,Despejado,No,NO APLICA,99,98,99,98,1,24/07/2022,1
45,South Carolina,450539,1,1,1,0,79,RICHLAND (79),0,NO APLICA,7,Julio,24,2022,10,45,SR-555 FARROW RD,3,Highway estatal,Urbano,Colector Menor,State Highway Agency,0,Sin jurisdiccion especial,96,34.11999444,-80.94701944,Ciclista,El primer evento no fue una colision con un vehiculo automotor en transporte,Not an Intersection,No fue interseccion,Sobre calle,Ninguna,Dia total,Despejado,No,NO APLICA,99,98,99,98,1,24/07/2022,1
45,South Carolina,450540,1,1,2,1,73,OCONEE (73),0,NO APLICA,7,Julio,24,2022,12,13,US-76 CLEMSON BLVD,2,US Highway,Urbano,Arterial Principal -Freeway o ExpressWay,State Highway Agency,1,Sin jurisdiccion especial,323,34.69791944,-82.8849,Peaton,El primer evento no fue una colision con un vehiculo automotor en transporte,Not an Intersection,No fue interseccion,Sobre calle,Ninguna,Dia total,Despejado,No,NO APLICA,99,99,99,99,1,24/07/2022,2
45,South Carolina,450541,0,0,1,0,75,ORANGEBURG (75),0,NO APLICA,7,Julio,24,2022,16,16,SR-6 OLD NUMBER SIX HWY,3,Highway estatal,Rural,Arteria Menor,State Highway Agency,0,Sin jurisdiccion especial,121,33.46135,-80.4453,Volcadura,El primer evento no fue una colision con un vehiculo automotor en transporte,Not an Intersection,No fue interseccion,Sobre el lado de la calle,Ninguna,Dia total,Despejado,No,NO APLICA,99,98,99,98,1,24/07/2022,1
45,South Carolina,450542,0,0,1,0,83,SPARTANBURG (83),0,NO APLICA,7,Julio,24,2022,15,57,I-85,1,Interestatal,Urbano,Interestatal,State Highway Agency,1,Sin jurisdiccion especial,689,34.96348611,-82.04128889,Barrera de Trafico de Concreto,El primer evento no fue una colision con un vehiculo automotor en transporte,Not an Intersection,No fue interseccion,En el medio,Ninguna,Dia total,Despejado,No,NO APLICA,99,99,99,99,1,24/07/2022,2
45,South Carolina,450543,0,0,1,0,35,DORCHESTER (35),0,NO APLICA,7,Julio,24,2022,20,0,SR-19 WIRE RD,3,Highway estatal,Rural,Colector Mayor,State Highway Agency,0,Sin jurisdiccion especial,137,33.10076667,-80.58219722,Arbol,El primer evento no fue una colision con un vehiculo automotor en transporte,Not an Intersection,No fue interseccion,Sobre el lado de la calle,Ninguna,Atardecer,Nublado,No,NO APLICA,99,98,99,98,1,24/07/2022,1
45,South Carolina,450544,0,0,1,0,91,YORK (91),0,NO APLICA,7,Julio,24,2022,23,30,SR-172 OLD LIMESTONE RD,3,Highway estatal,Rural,Colector Mayor,State Highway Agency,0,Sin jurisdiccion especial,32,35.04464722,-81.23613889,Buzon de correo,El primer evento no fue una colision con un vehiculo automotor en transporte,Not an Intersection,No fue interseccion,Sobre el lado de la calle,Ninguna,Oscuro sin iluminacion,Despejado,No,NO APLICA,99,98,99,98,1,24/07/2022,1
45,South Carolina,450545,0,0,1,0,63,LEXINGTON (63),1430,LEXINGTON,7,Julio,24,2022,5,58,US-1,2,US Highway,Urbano,Arteria Principal,State Highway Agency,1,Sin jurisdiccion especial,214,33.97465,-81.22065,Otra barrera de trafico,El primer evento no fue una colision con un vehiculo automotor en transporte,Not an Intersection,No fue interseccion,En el medio,Ninguna,Amanecer,Despejado,No,NO APLICA,99,99,99,99,1,24/07/2022,1
45,South Carolina,450546,0,0,2,0,41,FLORENCE (41),870,FLORENCE,7,Julio,25,2022,11,17,CR-TWIN BRIDGE DRIVE,4,Calle del Condado,Urbano,Local,County Highway Agency,0,Sin jurisdiccion especial,1,34.15146944,-79.72196111,Vehiculo en movimiento,Frente a frente,Not an Intersection,No fue interseccion,Sobre calle,Ninguna,Dia total,Despejado,No,NO APLICA,99,99,99,99,1,25/07/2022,2
45,South Carolina,450547,1,1,1,0,51,HORRY (51),540,CONWAY,7,Julio,25,2022,21,31,US-501 CHURCH STREET,2,US Highway,Urbano,Arteria Principal,State Highway Agency,1,Sin jurisdiccion especial,158,33.8727,-79.10426944,Peaton,El primer evento no fue una colision con un vehiculo automotor en transporte,Not an Intersection,No fue interseccion,Sobre calle,Ninguna,Oscuro sin iluminacion,Despejado,No,NO APLICA,99,98,99,98,1,25/07/2022,2
45,South Carolina,450548,0,0,1,0,51,HORRY (51),0,NO APLICA,7,Julio,26,2022,14,40,SR-707 HWY 707,3,Highway estatal,Urbano,Arteria Menor,State Highway Agency,0,Sin jurisdiccion especial,59,33.63813611,-79.03271944,Buzon de correo,El primer evento no fue una colision con un vehiculo automotor en transporte,Not an Intersection,No fue interseccion,Sobre el lado de la calle,Ninguna,Dia total,Despejado,No,NO APLICA,99,99,99,99,1,26/07/2022,1
45,South Carolina,450549,0,0,1,0,31,DARLINGTON (31),0,NO APLICA,7,Julio,26,2022,22,30,SR-10 E HOME AVE,3,Highway estatal,Rural,Local,State Highway Agency,0,Sin jurisdiccion especial,18,34.39436111,-79.99314722,Buzon de correo,El primer evento no fue una colision con un vehiculo automotor en transporte,Not an Intersection,No fue interseccion,Sobre el lado de la calle,Ninguna,Oscuro sin iluminacion,Despejado,No,NO APLICA,99,98,99,98,1,26/07/2022,1
45,South Carolina,450550,0,0,5,0,25,CHESTERFIELD (25),0,NO APLICA,7,Julio,26,2022,11,0,SR-9 HWY 9,3,Highway estatal,Rural,Arteria Principal,State Highway Agency,0,Sin jurisdiccion especial,14,34.74648056,-80.49255556,Vehiculo en movimiento,Frente a Detrás,Not an Intersection,No fue interseccion,Sobre calle,"Zona de trabajo, tipo desconocido",Dia total,Despejado,No,NO APLICA,99,99,99,99,1,26/07/2022,6
45,South Carolina,450551,0,0,1,0,83,SPARTANBURG (83),0,NO APLICA,7,Julio,27,2022,0,8,SR-43 PARRIS BRIDGE RD,3,Highway estatal,Urbano,Colector Mayor,State Highway Agency,0,Sin jurisdiccion especial,13,35.02760556,-81.95006111,Zanja,El primer evento no fue una colision con un vehiculo automotor en transporte,Not an Intersection,No fue interseccion,Sobre el lado de la calle,Ninguna,Oscuro sin iluminacion,Despejado,No,NO APLICA,99,99,99,99,1,27/07/2022,1
45,South Carolina,450552,1,1,1,0,69,MARLBORO (69),0,NO APLICA,7,Julio,27,2022,4,34,SR-9 HWY 9,3,Highway estatal,Rural,Arteria Principal,State Highway Agency,0,Sin jurisdiccion especial,77,34.68743611,-79.76484722,Peaton,El primer evento no fue una colision con un vehiculo automotor en transporte,Not an Intersection,No fue interseccion,Sobre calle,Ninguna,Oscuro sin iluminacion,Despejado,No,NO APLICA,99,98,99,98,1,27/07/2022,1
45,South Carolina,450553,0,0,2,0,69,MARLBORO (69),0,NO APLICA,7,Julio,27,2022,18,14,SR-79 HWY 79 E,3,Highway estatal,Rural,Colector Mayor,State Highway Agency,0,Sin jurisdiccion especial,65,34.73151389,-79.66542778,Vehiculo en movimiento,Frente a frente,Not an Intersection,No fue interseccion,Sobre calle,Ninguna,Dia total,Despejado,No,NO APLICA,99,99,99,99,1,27/07/2022,2
45,South Carolina,450554,0,0,1,0,57,LANCASTER (57),0,NO APLICA,7,Julio,27,2022,20,0,SR-15 FLAT ROCK RD,3,Highway estatal,Rural,Colector Mayor,State Highway Agency,0,Sin jurisdiccion especial,60,34.51239444,-80.63755278,Arbol,El primer evento no fue una colision con un vehiculo automotor en transporte,Not an Intersection,No fue interseccion,Fuera de la calle,Ninguna,Atardecer,Despejado,No,NO APLICA,99,98,99,98,1,27/07/2022,1
45,South Carolina,450555,0,0,1,0,15,BERKELEY (15),0,NO APLICA,7,Julio,27,2022,22,30,SR-203 WILDGAME RD,3,Highway estatal,Rural,Local,State Highway Agency,0,Sin jurisdiccion especial,17,33.08988056,-80.16736944,Arbol,El primer evento no fue una colision con un vehiculo automotor en transporte,Not an Intersection,No fue interseccion,Sobre el lado de la calle,Ninguna,Oscuro sin iluminacion,Despejado,No,NO APLICA,99,99,99,99,1,27/07/2022,2
45,South Carolina,450556,0,0,1,0,23,CHESTER (23),0,NO APLICA,7,Julio,28,2022,0,16,SR-140 WASHINGTON STREET,3,Highway estatal,Rural,Local,State Highway Agency,0,Sin jurisdiccion especial,8,34.56637222,-80.91954722,Arbol,El primer evento no fue una colision con un vehiculo automotor en transporte,Not an Intersection,No fue interseccion,Sobre el lado de la calle,Ninguna,Oscuro sin iluminacion,Despejado,No,NO APLICA,99,98,99,98,1,28/07/2022,1
45,South Carolina,450557,0,0,1,0,3,AIKEN (3),0,NO APLICA,7,Julio,28,2022,18,49,CR-WOODWARD DRIVE,4,Calle del Condado,Urbano,Local,County Highway Agency,0,Sin jurisdiccion especial,35,33.52678889,-81.63136111,Acotamiento,El primer evento no fue una colision con un vehiculo automotor en transporte,Not an Intersection,No fue interseccion,Sobre el lado de la calle,Ninguna,Dia total,Despejado,No,NO APLICA,99,98,99,98,1,28/07/2022,1
45,South Carolina,450558,0,0,1,0,15,BERKELEY (15),0,NO APLICA,7,Julio,28,2022,0,26,US-52,2,US Highway,Rural,Arteria Principal,State Highway Agency,1,Sin jurisdiccion especial,264,33.33971111,-79.94721111,Zanja,El primer evento no fue una colision con un vehiculo automotor en transporte,Not an Intersection,No fue interseccion,Sobre el lado de la calle,Ninguna,Oscuro sin iluminacion,Despejado,No,NO APLICA,99,99,99,99,1,28/07/2022,1
45,South Carolina,450559,0,0,2,0,3,AIKEN (3),0,NO APLICA,7,Julio,29,2022,16,20,US-78 CHARLESTON HWY,2,US Highway,Rural,Arteria Principal,State Highway Agency,1,Sin jurisdiccion especial,223,33.52423889,-81.62031944,Vehiculo en movimiento,Frente a frente,Not an Intersection,No fue interseccion,Sobre calle,Ninguna,Dia total,Despejado,No,NO APLICA,99,99,99,99,1,29/07/2022,3
45,South Carolina,450560,0,0,5,0,19,CHARLESTON (19),1805,NORTH CHARLESTON,7,Julio,29,2022,8,38,US- 52 RIVERS AVE,2,US Highway,Urbano,Arteria Principal,State Highway Agency,1,Sin jurisdiccion especial,48,32.85536944,-79.97696111,Vehiculo en movimiento,Frente a Detrás,Four-Way Intersection,Interseccion de 4 direcciones,Sobre calle,Ninguna,Dia total,Despejado,No,NO APLICA,99,99,99,99,2,29/07/2022,7
45,South Carolina,450561,0,0,3,0,15,BERKELEY (15),0,NO APLICA,7,Julio,29,2022,13,15,US-52 HWY 52,2,US Highway,Rural,Arteria Principal,State Highway Agency,1,Sin jurisdiccion especial,354,33.43852222,-79.98456389,Banqueta,El primer evento no fue una colision con un vehiculo automotor en transporte,Not an Intersection,No fue interseccion,En el medio,Ninguna,Dia total,Despejado,No,NO APLICA,99,99,99,99,1,29/07/2022,5
45,South Carolina,450562,0,0,2,0,75,ORANGEBURG (75),0,NO APLICA,7,Julio,30,2022,1,15,US-178,2,US Highway,Rural,Arteria Principal,State Highway Agency,1,Sin jurisdiccion especial,413,33.33885556,-80.67134722,Vehiculo en movimiento,Frente a frente,Not an Intersection,No fue interseccion,Sobre calle,Ninguna,Oscuro sin iluminacion,Despejado,No,NO APLICA,99,99,99,99,2,30/07/2022,3
45,South Carolina,450563,0,0,1,0,43,GEORGETOWN (43),0,NO APLICA,7,Julio,30,2022,9,40,SR-22 KENT RD,3,Highway estatal,Rural,Colector Mayor,State Highway Agency,0,Sin jurisdiccion especial,4,33.37873611,-79.45900556,Zanja,El primer evento no fue una colision con un vehiculo automotor en transporte,Not an Intersection,No fue interseccion,Sobre el lado de la calle,Ninguna,Dia total,Despejado,No,NO APLICA,99,98,99,98,1,30/07/2022,1
45,South Carolina,450564,0,0,1,0,19,CHARLESTON (19),1805,NORTH CHARLESTON,7,Julio,31,2022,10,10,I-26,1,Interestatal,Urbano,Interestatal,State Highway Agency,1,Sin jurisdiccion especial,2073,32.95139444,-80.06148611,Arbol,El primer evento no fue una colision con un vehiculo automotor en transporte,Not an Intersection,No fue interseccion,Sobre el lado de la calle,Ninguna,Dia total,Despejado,No,NO APLICA,99,98,99,98,1,31/07/2022,1