Estado,Nombre de Estado,Numero de Caso,Peatones,Personas _no_vehiculos,Vehiculos automotores,Vehiculos estacionados,Condado,Nombre Condado,Ciudad,Nombre Ciudad,Mes,Nombre Mes,Dia,Año,Hora,Minuto,Calle,Ruta,Nombre Ruta,Rural o Urbanoo,Sistema Funcional,Dueño Calle,Sistema Nacional Carreteras,Jurisdiccion Especial,Milla,Latitud,Longitud,Causa del Accidente,Tipo de Accidente,Tipo Interseccion,Columna1,Lugar en la calle,Zona de Trabajo,Luz,Clima,Autobus Escolar,Cruce de Trenes,Hora Notificacion,Minuto Notificacion,Hora Llegada,Minuto Llegada,Decesos,Fecha,PersonaVehiculo
45,South Carolina,450565,2,2,1,0,3,AIKEN (3),20,AIKEN,7,Julio,31,2022,21,56,US-1 RICHLAND AVE,2,US Highway,Urbano,Arteria Principal,State Highway Agency,1,Sin jurisdiccion especial,129,33.56226111,-81.77468056,Peaton,El primer evento no fue una colision con un vehiculo automotor en transporte,Not an Intersection,No fue interseccion,Sobre el lado de la calle,Ninguna,Oscuro sin iluminacion,Despejado,No,NO APLICA,99,99,99,99,1,31/07/2022,1
45,South Carolina,450566,0,0,2,0,49,HAMPTON (49),0,NO APLICA,8,Agosto,1,2022,15,15,SR-68 YEMASSEE HWY,3,Highway estatal,Rural,Arteria Menor,State Highway Agency,0,Sin jurisdiccion especial,101,32.73909722,-80.92030278,Vehiculo en movimiento,Frente a Detrás,T-Intersection,Interseccion de T,Sobre calle,Ninguna,Dia total,Despejado,No,NO APLICA,99,99,99,99,1,01/08/2022,3
45,South Carolina,450567,0,0,3,0,33,DILLON (33),0,NO APLICA,8,Agosto,1,2022,23,35,I-95,1,Interestatal,Rural,Interestatal,State Highway Agency,1,Sin jurisdiccion especial,1793,34.328925,-79.5696,Vehiculo en movimiento,Frente a Detrás,Not an Intersection,No fue interseccion,Sobre calle,Ninguna,Oscuro sin iluminacion,Despejado,No,NO APLICA,99,99,99,99,1,01/08/2022,3
45,South Carolina,450568,0,0,2,0,83,SPARTANBURG (83),0,NO APLICA,8,Agosto,3,2022,13,25,US-176 S PINE STREET,2,US Highway,Rural,Arteria Principal,State Highway Agency,1,Sin jurisdiccion especial,295,34.92260278,-81.82465556,Vehiculo en movimiento,Angulo,Four-Way Intersection,Interseccion de 4 direcciones,Sobre calle,Ninguna,Dia total,Despejado,No,NO APLICA,99,99,99,99,1,03/08/2022,2
45,South Carolina,450569,0,0,3,0,53,JASPER (53),1080,HARDEEVILLE,4,Abril,6,2022,7,24,US-17 WHYTE HARDEE BLVD,2,US Highway,Rural,Arteria Principal,State Highway Agency,1,Sin jurisdiccion especial,146,32.29303056,-81.07646111,Vehiculo en movimiento,Golpe Lateral - misma direccion,T-Intersection,Interseccion de T,Sobre calle,Ninguna,Amanecer,lluvia,No,NO APLICA,99,99,99,99,1,06/04/2022,4
45,South Carolina,450570,0,0,3,0,15,BERKELEY (15),0,NO APLICA,5,Mayo,25,2022,14,45,US-176 STATE RD,2,US Highway,Rural,Arteria Principal,State Highway Agency,1,Sin jurisdiccion especial,95,33.19138056,-80.23227778,Vehiculo en movimiento,Frente a Detrás,Not an Intersection,No fue interseccion,Sobre calle,Ninguna,Dia total,Despejado,No,NO APLICA,99,99,99,99,1,25/05/2022,4
45,South Carolina,450571,0,0,1,0,15,BERKELEY (15),0,NO APLICA,6,Junio,14,2022,0,25,SR-203 WILDGAME RD,3,Highway estatal,Rural,Local,State Highway Agency,0,Sin jurisdiccion especial,26,33.09043056,-80.16666111,Arbol,El primer evento no fue una colision con un vehiculo automotor en transporte,Not an Intersection,No fue interseccion,Sobre el lado de la calle,Ninguna,Oscuro sin iluminacion,Despejado,No,NO APLICA,99,99,99,99,1,14/06/2022,2
45,South Carolina,450572,0,0,1,0,13,BEAUFORT (13),2080,PORT ROYAL,8,Agosto,3,2022,10,24,US-21 RIBAUT RD,2,US Highway,Urbano,Arteria Principal,State Highway Agency,1,Sin jurisdiccion especial,178,32.38831111,-80.68693056,Arbol,El primer evento no fue una colision con un vehiculo automotor en transporte,Not an Intersection,No fue interseccion,Sobre el lado de la calle,Ninguna,Dia total,Despejado,No,NO APLICA,99,99,99,99,1,03/08/2022,1
45,South Carolina,450573,0,0,1,0,73,OCONEE (73),0,NO APLICA,8,Agosto,4,2022,22,0,CR-RAMSEY RD,4,Calle del Condado,Rural,Colector Menor,County Highway Agency,0,Sin jurisdiccion especial,12,34.71522222,-83.15069167,Volcadura,El primer evento no fue una colision con un vehiculo automotor en transporte,Not an Intersection,No fue interseccion,Sobre calle,Ninguna,Oscuro sin iluminacion,Despejado,No,NO APLICA,99,99,99,99,1,04/08/2022,1
45,South Carolina,450574,0,0,1,0,3,AIKEN (3),0,NO APLICA,8,Agosto,4,2022,11,50,SR-1669 OLD TORY TRAIL,3,Highway estatal,Rural,Colector Mayor,State Highway Agency,0,Sin jurisdiccion especial,36,33.54212778,-81.56695556,Culvert,El primer evento no fue una colision con un vehiculo automotor en transporte,Not an Intersection,No fue interseccion,Sobre el lado de la calle,Ninguna,Dia total,Despejado,No,NO APLICA,99,99,99,99,1,04/08/2022,1
45,South Carolina,450575,0,0,2,0,45,GREENVILLE (45),1040,GREENVILLE,8,Agosto,4,2022,12,53,SR-291 S PLEASANTBURG DRIVE,3,Highway estatal,Urbano,Arteria Principal,State Highway Agency,0,Sin jurisdiccion especial,28,34.80398056,-82.37546111,Vehiculo en movimiento,Angulo,Four-Way Intersection,Interseccion de 4 direcciones,Sobre calle,Ninguna,Dia total,Despejado,No,NO APLICA,99,99,99,99,1,04/08/2022,3
45,South Carolina,450576,0,0,2,0,7,ANDERSON (7),0,NO APLICA,8,Agosto,6,2022,16,29,SR-8 EASLEY HWY,3,Highway estatal,Urbano,Arteria Menor,State Highway Agency,0,Sin jurisdiccion especial,27,34.6571,-82.49521944,Vehiculo en movimiento,Frente a frente,T-Intersection,Interseccion de T,Sobre calle,Ninguna,Dia total,Despejado,No,NO APLICA,99,99,99,99,1,06/08/2022,3
45,South Carolina,450577,0,0,2,0,75,ORANGEBURG (75),0,NO APLICA,8,Agosto,7,2022,1,28,US-301 FIVE CHOP RD,2,US Highway,Rural,Arteria Principal,State Highway Agency,1,Sin jurisdiccion especial,321,33.45705,-80.58215,Vehiculo en movimiento,Frente a frente,Not an Intersection,No fue interseccion,Sobre calle,Ninguna,Oscuro sin iluminacion,Despejado,No,NO APLICA,99,99,99,99,1,07/08/2022,2
45,South Carolina,450578,1,1,1,0,19,CHARLESTON (19),0,NO APLICA,8,Agosto,7,2022,8,32,US-78 HWY 78,2,US Highway,Urbano,Arteria Principal,State Highway Agency,1,Sin jurisdiccion especial,31,33.00104167,-80.11789167,Peaton,El primer evento no fue una colision con un vehiculo automotor en transporte,Not an Intersection,No fue interseccion,Sobre el lado de la calle,Ninguna,Dia total,Despejado,No,NO APLICA,99,99,99,99,1,07/08/2022,1
45,South Carolina,450579,0,0,2,0,91,YORK (91),0,NO APLICA,8,Agosto,7,2022,15,29,SR-6 LESLIE HWY,3,Highway estatal,Urbano,Colector Menor,State Highway Agency,0,Sin jurisdiccion especial,36,34.90771944,-80.97325556,Vehiculo en movimiento,Angulo,Not an Intersection,No fue interseccion,Sobre calle,Ninguna,Dia total,Despejado,No,NO APLICA,99,99,99,99,1,07/08/2022,4
45,South Carolina,450580,0,0,1,0,59,LAURENS (59),0,NO APLICA,8,Agosto,7,2022,17,45,SR-39 HWY 39,3,Highway estatal,Rural,Colector Mayor,State Highway Agency,0,Sin jurisdiccion especial,114,34.37738056,-82.00303611,Arbol,El primer evento no fue una colision con un vehiculo automotor en transporte,Not an Intersection,No fue interseccion,Sobre el lado de la calle,Ninguna,Dia total,Despejado,No,NO APLICA,99,98,99,98,1,07/08/2022,1
45,South Carolina,450582,0,0,1,0,85,SUMTER (85),0,NO APLICA,8,Agosto,8,2022,14,38,SR-120 PINEWOOD RD,3,Highway estatal,Rural,Colector Mayor,State Highway Agency,0,Sin jurisdiccion especial,70,33.83610278,-80.43730278,Poste,El primer evento no fue una colision con un vehiculo automotor en transporte,Not an Intersection,No fue interseccion,Sobre el lado de la calle,Ninguna,Dia total,Despejado,No,NO APLICA,99,99,99,99,1,08/08/2022,1
45,South Carolina,450583,0,0,2,0,73,OCONEE (73),0,NO APLICA,8,Agosto,8,2022,7,53,SR-24 WEST OAK HWY,3,Highway estatal,Rural,Arteria Menor,State Highway Agency,0,Sin jurisdiccion especial,81,34.59528889,-82.98145833,Vehiculo en movimiento,Frente a frente,T-Intersection,Interseccion de T,Sobre calle,Ninguna,Dia total,Despejado,No,NO APLICA,99,99,99,99,1,08/08/2022,2
45,South Carolina,450584,0,0,2,0,37,EDGEFIELD (37),0,NO APLICA,8,Agosto,8,2022,23,20,SR-19,3,Highway estatal,Rural,Arteria Principal,State Highway Agency,0,Sin jurisdiccion especial,5,33.70566389,-81.81138889,Vehiculo en movimiento,Golpe Lateral - direccion contraria,Not an Intersection,No fue interseccion,Sobre calle,Ninguna,Oscuro sin iluminacion,Despejado,No,NO APLICA,99,99,99,99,1,08/08/2022,2
45,South Carolina,450585,0,0,1,0,79,RICHLAND (79),520,COLUMBIA,8,Agosto,9,2022,16,45,SR-277,3,Highway estatal,Urbano,Arteria Principal,State Highway Agency,0,Sin jurisdiccion especial,7,34.02613889,-81.03833889,Acotamiento,El primer evento no fue una colision con un vehiculo automotor en transporte,Not an Intersection,No fue interseccion,Sobre el lado de la calle,Ninguna,Dia total,Despejado,No,NO APLICA,99,99,99,99,1,09/08/2022,3
45,South Carolina,450586,0,0,2,0,25,CHESTERFIELD (25),0,NO APLICA,8,Agosto,9,2022,22,8,SR-109 KIRKLEY RD,3,Highway estatal,Rural,Local,State Highway Agency,0,Sin jurisdiccion especial,45,34.68568056,-80.32708333,Vehiculo en movimiento,Frente a frente,Not an Intersection,No fue interseccion,Sobre calle,Ninguna,Oscuro sin iluminacion,Despejado,No,NO APLICA,99,99,99,99,1,09/08/2022,4
45,South Carolina,450587,0,0,1,0,79,RICHLAND (79),0,NO APLICA,8,Agosto,9,2022,21,30,US-176 BROAD RIVER RD,2,US Highway,Urbano,Arteria Principal,State Highway Agency,1,Sin jurisdiccion especial,177,34.06439167,-81.11588333,Banqueta,El primer evento no fue una colision con un vehiculo automotor en transporte,Not an Intersection,No fue interseccion,Sobre el lado de la calle,Ninguna,Oscuro - iluminacion desconocida,Nublado,No,NO APLICA,99,98,99,98,1,09/08/2022,1
45,South Carolina,450588,7,7,3,0,41,FLORENCE (41),0,NO APLICA,8,Agosto,9,2022,20,26,SR-51 PAMPLICO HWY,3,Highway estatal,Urbano,Arteria Menor,State Highway Agency,0,Sin jurisdiccion especial,348,34.15393889,-79.7391,Peaton,El primer evento no fue una colision con un vehiculo automotor en transporte,Not an Intersection,No fue interseccion,Sobre calle,Ninguna,Oscuro con iluminacion,Despejado,No,NO APLICA,99,99,99,99,2,09/08/2022,4
45,South Carolina,450589,0,0,2,0,35,DORCHESTER (35),0,NO APLICA,8,Agosto,10,2022,11,42,SR-25 ZION RD,3,Highway estatal,Rural,Colector Mayor,State Highway Agency,0,Sin jurisdiccion especial,33,33.09568611,-80.40378611,Vehiculo en movimiento,Angulo,Four-Way Intersection,Interseccion de 4 direcciones,Sobre calle,Ninguna,Dia total,Despejado,No,NO APLICA,99,99,99,99,1,10/08/2022,3
45,South Carolina,450590,0,0,1,0,33,DILLON (33),0,NO APLICA,8,Agosto,10,2022,15,54,I-95,1,Interestatal,Rural,Interestatal,State Highway Agency,1,Sin jurisdiccion especial,1768,34.30961944,-79.61475278,Otro objeto (no fijo),El primer evento no fue una colision con un vehiculo automotor en transporte,Not an Intersection,No fue interseccion,Sobre el lado de la calle,Ninguna,Dia total,Despejado,No,NO APLICA,99,99,99,99,1,10/08/2022,1
45,South Carolina,450591,0,0,1,0,51,HORRY (51),0,NO APLICA,8,Agosto,11,2022,20,12,SR-111 HWY 11,3,Highway estatal,Rural,Colector Mayor,State Highway Agency,0,Sin jurisdiccion especial,20,33.89808889,-78.65093889,Acotamiento,El primer evento no fue una colision con un vehiculo automotor en transporte,Not an Intersection,No fue interseccion,Sobre el lado de la calle,Ninguna,Oscuro sin iluminacion,lluvia,No,NO APLICA,99,98,99,98,1,11/08/2022,1
45,South Carolina,450592,0,0,2,0,79,RICHLAND (79),520,COLUMBIA,8,Agosto,11,2022,20,59,SR-888 FARROW RD,3,Highway estatal,Urbano,Arteria Menor,State Highway Agency,0,Sin jurisdiccion especial,19,34.03623056,-81.02303889,Vehiculo en movimiento,Frente a Detrás,Not an Intersection,No fue interseccion,Sobre calle,Ninguna,Oscuro sin iluminacion,Despejado,No,NO APLICA,99,98,99,98,2,11/08/2022,3
45,South Carolina,450593,0,0,1,0,85,SUMTER (85),0,NO APLICA,8,Agosto,12,2022,13,50,SR-82 BOULEVARD RD,3,Highway estatal,Rural,Local,State Highway Agency,0,Sin jurisdiccion especial,44,33.86588611,-80.29279722,Zanja,El primer evento no fue una colision con un vehiculo automotor en transporte,Not an Intersection,No fue interseccion,Sobre el lado de la calle,Ninguna,Dia total,Nublado,No,NO APLICA,99,99,99,99,1,12/08/2022,2
45,South Carolina,450594,0,0,2,0,19,CHARLESTON (19),1805,NORTH CHARLESTON,8,Agosto,13,2022,10,7,CR-TANGER OUTLET,4,Calle del Condado,Urbano,Colector Mayor,County Highway Agency,0,Sin jurisdiccion especial,2,32.87328889,-80.01595,Vehiculo en movimiento,Angulo,T-Intersection,Interseccion de T,Sobre calle,Ninguna,Dia total,Despejado,No,NO APLICA,99,99,99,99,1,13/08/2022,2
45,South Carolina,450595,0,0,1,0,43,GEORGETOWN (43),0,NO APLICA,8,Agosto,13,2022,1,45,SR-41 S MORGAN AVE,3,Highway estatal,Rural,Colector Mayor,State Highway Agency,0,Sin jurisdiccion especial,12,33.42922222,-79.57758611,Zanja,El primer evento no fue una colision con un vehiculo automotor en transporte,Not an Intersection,No fue interseccion,Sobre el lado de la calle,Ninguna,Oscuro sin iluminacion,Despejado,No,NO APLICA,99,98,99,98,1,13/08/2022,1
45,South Carolina,450596,0,0,1,0,63,LEXINGTON (63),0,NO APLICA,8,Agosto,14,2022,1,20,SR-624,3,Highway estatal,Rural,Colector Mayor,State Highway Agency,0,Sin jurisdiccion especial,43,33.81588056,-81.27863611,Zanja,El primer evento no fue una colision con un vehiculo automotor en transporte,Not an Intersection,No fue interseccion,Sobre el lado de la calle,Ninguna,Oscuro sin iluminacion,Despejado,No,NO APLICA,99,99,99,99,1,14/08/2022,2
45,South Carolina,450597,0,0,1,0,75,ORANGEBURG (75),0,NO APLICA,8,Agosto,14,2022,4,15,SR-6 OLD NUMBER SIX HWY,3,Highway estatal,Rural,Arteria Menor,State Highway Agency,0,Sin jurisdiccion especial,175,33.41706944,-80.36638333,Culvert,El primer evento no fue una colision con un vehiculo automotor en transporte,Not an Intersection,No fue interseccion,Sobre el lado de la calle,Ninguna,Oscuro sin iluminacion,Despejado,No,NO APLICA,99,99,99,99,1,14/08/2022,1
45,South Carolina,450598,0,0,1,0,3,AIKEN (3),0,NO APLICA,8,Agosto,14,2022,18,10,SR-152 COLEMAN BRIDGE RD,3,Highway estatal,Rural,Local,State Highway Agency,0,Sin jurisdiccion especial,55,33.61554722,-81.51336944,Zanja,El primer evento no fue una colision con un vehiculo automotor en transporte,Not an Intersection,No fue interseccion,Sobre el lado de la calle,Ninguna,Dia total,Despejado,No,NO APLICA,99,98,99,98,1,14/08/2022,1
45,South Carolina,450599,1,1,1,0,79,RICHLAND (79),0,NO APLICA,8,Agosto,14,2022,23,55,I-26,1,Interestatal,Urbano,Interestatal,State Highway Agency,1,Sin jurisdiccion especial,1076,34.02450278,-81.10324167,Peaton,El primer evento no fue una colision con un vehiculo automotor en transporte,Not an Intersection,No fue interseccion,Sobre calle,Ninguna,Oscuro - iluminacion desconocida,Despejado,No,NO APLICA,99,98,99,98,1,14/08/2022,1
45,South Carolina,450600,0,0,2,0,45,GREENVILLE (45),1040,GREENVILLE,8,Agosto,4,2022,12,49,SR-291 N PLEASANTBURG DRIVE,3,Highway estatal,Urbano,Arteria Principal,State Highway Agency,0,Sin jurisdiccion especial,89,34.88143611,-82.36523889,Vehiculo en movimiento,Angulo,Not an Intersection,No fue interseccion,Sobre calle,Ninguna,Dia total,Despejado,No,NO APLICA,99,99,99,99,1,04/08/2022,2
45,South Carolina,450601,0,0,2,0,91,YORK (91),0,NO APLICA,8,Agosto,15,2022,12,20,SR-22 PLEASANT RD,3,Highway estatal,Urbano,Colector Mayor,State Highway Agency,0,Sin jurisdiccion especial,21,35.06056667,-80.964925,Vehiculo en movimiento,Angulo,Not an Intersection,No fue interseccion,Sobre calle,Ninguna,Dia total,Despejado,No,NO APLICA,99,99,99,99,1,15/08/2022,4
45,South Carolina,450602,1,1,1,0,63,LEXINGTON (63),2790,WEST COLUMBIA,8,Agosto,16,2022,5,35,US-378 SUNSET BLVD,2,US Highway,Urbano,Arteria Principal,State Highway Agency,1,Sin jurisdiccion especial,230,34.00796944,-81.12803056,Peaton,El primer evento no fue una colision con un vehiculo automotor en transporte,Not an Intersection,No fue interseccion,Sobre calle,Ninguna,Oscuro - iluminacion desconocida,Despejado,No,NO APLICA,99,98,99,98,1,16/08/2022,2
45,South Carolina,450603,0,0,1,0,55,KERSHAW (55),0,NO APLICA,8,Agosto,16,2022,12,30,SR-87 MILL CREEK RD,3,Highway estatal,Rural,Colector Mayor,State Highway Agency,0,Sin jurisdiccion especial,54,34.435075,-80.42747222,Arbol,El primer evento no fue una colision con un vehiculo automotor en transporte,Not an Intersection,No fue interseccion,Sobre el lado de la calle,Ninguna,Dia total,Despejado,No,NO APLICA,99,98,99,98,1,16/08/2022,1
45,South Carolina,450604,0,0,1,0,75,ORANGEBURG (75),0,NO APLICA,8,Agosto,16,2022,17,30,SR-210 VANCE RD,3,Highway estatal,Rural,Colector Mayor,State Highway Agency,0,Sin jurisdiccion especial,230,33.41835,-80.50631944,Arbol,El primer evento no fue una colision con un vehiculo automotor en transporte,Not an Intersection,No fue interseccion,Sobre el lado de la calle,Ninguna,Dia total,Despejado,No,NO APLICA,99,98,99,98,1,16/08/2022,1
45,South Carolina,450605,0,0,2,0,13,BEAUFORT (13),0,NO APLICA,8,Agosto,16,2022,15,50,US-278 FORDING ISLAND RD,2,US Highway,Urbano,Arteria Principal,State Highway Agency,1,Sin jurisdiccion especial,53,32.28611111,-80.887625,Vehiculo en movimiento,Angulo,T-Intersection,Interseccion de T,Sobre calle,Ninguna,Dia total,Despejado,No,NO APLICA,99,99,99,99,1,16/08/2022,3
45,South Carolina,450606,0,0,1,0,75,ORANGEBURG (75),0,NO APLICA,8,Agosto,17,2022,2,28,I-26,1,Interestatal,Rural,Interestatal,State Highway Agency,1,Sin jurisdiccion especial,1571,33.42688611,-80.68697222,Fin de valla,El primer evento no fue una colision con un vehiculo automotor en transporte,Not an Intersection,No fue interseccion,Sobre el lado de la calle,Ninguna,Oscuro sin iluminacion,Despejado,No,NO APLICA,99,98,99,98,1,17/08/2022,1
45,South Carolina,450607,0,0,3,0,89,WILLIAMSBURG (89),0,NO APLICA,8,Agosto,17,2022,20,50,SR-527 SUMTER HWY,3,Highway estatal,Rural,Arteria Menor,State Highway Agency,0,Sin jurisdiccion especial,75,33.70816389,-79.87153889,Vehiculo en movimiento,Frente a Detrás,Not an Intersection,No fue interseccion,Sobre calle,Ninguna,Oscuro sin iluminacion,Despejado,No,NO APLICA,99,99,99,99,1,17/08/2022,5
45,South Carolina,450608,0,0,1,0,41,FLORENCE (41),0,NO APLICA,8,Agosto,17,2022,22,24,US-52,2,US Highway,Urbano,Arteria Principal,State Highway Agency,1,Sin jurisdiccion especial,57,33.91623333,-79.74571944,Edificio,El primer evento no fue una colision con un vehiculo automotor en transporte,Not an Intersection,No fue interseccion,Sobre el lado de la calle,Ninguna,Oscuro con iluminacion,Despejado,No,NO APLICA,99,98,99,98,1,17/08/2022,1
45,South Carolina,450609,0,0,1,0,21,CHEROKEE (21),0,NO APLICA,8,Agosto,18,2022,21,26,SR-150 BOILING SPRINGS HWY,3,Highway estatal,Rural,Colector Mayor,State Highway Agency,0,Sin jurisdiccion especial,148,35.11126667,-81.65040833,Acotamiento,El primer evento no fue una colision con un vehiculo automotor en transporte,Not an Intersection,No fue interseccion,Sobre el lado de la calle,Ninguna,Oscuro - iluminacion desconocida,Despejado,No,NO APLICA,99,98,99,98,1,18/08/2022,1
45,South Carolina,450610,0,0,2,0,85,SUMTER (85),2550,SUMTER,8,Agosto,18,2022,23,41,US-76 BROAD STREET,2,US Highway,Urbano,Arteria Principal,State Highway Agency,1,Sin jurisdiccion especial,11,33.94521667,-80.37241111,Vehiculo en movimiento,Angulo,Four-Way Intersection,Interseccion de 4 direcciones,Sobre calle,Ninguna,Oscuro - iluminacion desconocida,Despejado,No,NO APLICA,99,98,99,98,1,18/08/2022,2
45,South Carolina,450611,0,0,1,0,39,FAIRFIELD (39),0,NO APLICA,8,Agosto,18,2022,22,31,SR-269 HWY 269,3,Highway estatal,Rural,Colector Mayor,State Highway Agency,0,Sin jurisdiccion especial,91,34.32080556,-81.09666111,Volcadura,El primer evento no fue una colision con un vehiculo automotor en transporte,Not an Intersection,No fue interseccion,Sobre el lado de la calle,Ninguna,Oscuro sin iluminacion,Despejado,No,NO APLICA,99,98,99,98,1,18/08/2022,1
45,South Carolina,450612,0,0,1,0,85,SUMTER (85),0,NO APLICA,8,Agosto,19,2022,1,30,US-378 MYRTLE BEACH HWY,2,US Highway,Urbano,Arteria Principal,State Highway Agency,1,Sin jurisdiccion especial,224,33.91650278,-80.28176389,Zanja,El primer evento no fue una colision con un vehiculo automotor en transporte,Not an Intersection,No fue interseccion,Sobre el lado de la calle,Ninguna,Oscuro sin iluminacion,lluvia,No,NO APLICA,99,99,99,99,1,19/08/2022,1
45,South Carolina,450613,0,0,2,0,63,LEXINGTON (63),1980,PELION,8,Agosto,19,2022,19,35,SR-625 OLD CHARLESTON RD,3,Highway estatal,Rural,Colector Mayor,State Highway Agency,0,Sin jurisdiccion especial,9,33.79569444,-81.25781944,Vehiculo en movimiento,Frente a frente,Not an Intersection,No fue interseccion,Sobre el lado de la calle,Ninguna,Dia total,Nublado,No,NO APLICA,99,99,99,99,1,19/08/2022,3
45,South Carolina,450614,1,1,1,0,59,LAURENS (59),0,NO APLICA,8,Agosto,20,2022,22,41,SR-49,3,Highway estatal,Urbano,Colector Menor,State Highway Agency,0,Sin jurisdiccion especial,6,34.52571944,-81.98981944,Peaton,El primer evento no fue una colision con un vehiculo automotor en transporte,Not an Intersection,No fue interseccion,Sobre calle,Ninguna,Oscuro - iluminacion desconocida,Despejado,No,NO APLICA,99,98,99,98,1,20/08/2022,1
45,South Carolina,450615,0,0,1,0,71,NEWBERRY (71),0,NO APLICA,8,Agosto,20,2022,23,0,I-26,1,Interestatal,Rural,Interestatal,State Highway Agency,1,Sin jurisdiccion especial,721,34.32707778,-81.60211111,Valla Ferrocarril,El primer evento no fue una colision con un vehiculo automotor en transporte,Not an Intersection,No fue interseccion,Sobre el lado de la calle,Ninguna,Oscuro sin iluminacion,Despejado,No,NO APLICA,99,98,99,98,1,20/08/2022,1
45,South Carolina,450616,0,0,1,0,63,LEXINGTON (63),0,NO APLICA,8,Agosto,19,2022,22,28,CR-NAOMI DRIVE,4,Calle del Condado,Rural,Local,County Highway Agency,0,Sin jurisdiccion especial,0,33.90839722,-81.370525,Acotamiento,El primer evento no fue una colision con un vehiculo automotor en transporte,Not an Intersection,No fue interseccion,Sobre el lado de la calle,Ninguna,Oscuro - iluminacion desconocida,Despejado,No,NO APLICA,99,98,99,98,1,19/08/2022,1
45,South Carolina,450617,0,0,1,0,19,CHARLESTON (19),410,CHARLESTON,7,Julio,24,2022,2,30,SR-1442 BROWNSWOOD RD,3,Highway estatal,Urbano,Colector Mayor,State Highway Agency,0,Sin jurisdiccion especial,10,32.73188056,-80.08363056,Arbol,El primer evento no fue una colision con un vehiculo automotor en transporte,Not an Intersection,No fue interseccion,Sobre el lado de la calle,Ninguna,Oscuro sin iluminacion,Despejado,No,NO APLICA,99,98,99,98,1,24/07/2022,1
45,South Carolina,450618,0,0,2,0,83,SPARTANBURG (83),0,NO APLICA,8,Agosto,20,2022,19,23,SR-908 GAP CREEK RD,3,Highway estatal,Urbano,Colector Mayor,State Highway Agency,0,Sin jurisdiccion especial,10,34.95188889,-82.16451111,Volcadura,El primer evento no fue una colision con un vehiculo automotor en transporte,Not an Intersection,No fue interseccion,Sobre calle,Ninguna,Dia total,Despejado,No,NO APLICA,99,99,99,99,1,20/08/2022,2
45,South Carolina,450619,0,0,1,0,35,DORCHESTER (35),0,NO APLICA,8,Agosto,21,2022,1,45,CR-WALLACE ACKERMAN DRIVE,4,Calle del Condado,Urbano,Local,County Highway Agency,0,Sin jurisdiccion especial,11,32.96543611,-80.12900556,Banqueta,El primer evento no fue una colision con un vehiculo automotor en transporte,Not an Intersection,No fue interseccion,Sobre el lado de la calle,Ninguna,Oscuro - iluminacion desconocida,Nublado,No,NO APLICA,99,98,99,98,1,21/08/2022,1
45,South Carolina,450620,0,0,1,0,75,ORANGEBURG (75),0,NO APLICA,8,Agosto,21,2022,11,42,SR-45 BRANCHDALE HWY,3,Highway estatal,Rural,Colector Mayor,State Highway Agency,0,Sin jurisdiccion especial,29,33.38453056,-80.43501944,Arbol,El primer evento no fue una colision con un vehiculo automotor en transporte,Not an Intersection,No fue interseccion,Sobre el lado de la calle,Ninguna,Dia total,Despejado,No,NO APLICA,99,99,99,99,1,21/08/2022,3
45,South Carolina,450621,0,0,2,0,45,GREENVILLE (45),0,NO APLICA,8,Agosto,21,2022,15,4,US-25 AUGUSTA RD,2,US Highway,Urbano,Arteria Principal,State Highway Agency,1,Sin jurisdiccion especial,177,34.72110278,-82.38755556,Vehiculo en movimiento,Angulo,Four-Way Intersection,Interseccion de 4 direcciones,Sobre calle,Ninguna,Dia total,Despejado,No,NO APLICA,99,98,99,98,1,21/08/2022,3
45,South Carolina,450622,0,0,2,0,3,AIKEN (3),0,NO APLICA,8,Agosto,22,2022,13,0,SR-125 ATOMIC RD,3,Highway estatal,Rural,Colector Mayor,State Highway Agency,0,Sin jurisdiccion especial,217,33.27390278,-81.74297222,Vehiculo en movimiento,Golpe Lateral - direccion contraria,Not an Intersection,No fue interseccion,Sobre calle,Ninguna,Dia total,lluvia,No,NO APLICA,99,98,99,98,1,22/08/2022,2
45,South Carolina,450623,0,0,2,0,63,LEXINGTON (63),0,NO APLICA,8,Agosto,24,2022,12,0,US-378 HWY 378,2,US Highway,Rural,Arteria Principal,State Highway Agency,1,Sin jurisdiccion especial,76,34.01256389,-81.38208889,Vehiculo en movimiento,Angulo,Four-Way Intersection,Interseccion de 4 direcciones,Sobre calle,Ninguna,Dia total,Despejado,No,NO APLICA,99,99,99,99,1,24/08/2022,3
45,South Carolina,450624,0,0,1,0,85,SUMTER (85),0,NO APLICA,8,Agosto,25,2022,11,0,SR-92 QUEEN CHAPEL RD,3,Highway estatal,Rural,Colector Mayor,State Highway Agency,0,Sin jurisdiccion especial,64,33.98966944,-80.34551389,Acotamiento,El primer evento no fue una colision con un vehiculo automotor en transporte,Not an Intersection,No fue interseccion,Sobre el lado de la calle,Ninguna,Dia total,Nublado,No,NO APLICA,99,99,99,99,1,25/08/2022,2
45,South Carolina,450625,0,0,1,0,23,CHESTER (23),0,NO APLICA,8,Agosto,25,2022,21,20,SR-72 SALUDA RD,3,Highway estatal,Rural,Arteria Principal,State Highway Agency,0,Sin jurisdiccion especial,229,34.77369444,-81.13378611,Volcadura,El primer evento no fue una colision con un vehiculo automotor en transporte,Not an Intersection,No fue interseccion,Sobre el lado de la calle,Ninguna,Oscuro con iluminacion,Despejado,No,NO APLICA,99,99,99,99,1,25/08/2022,1