Estado,Nombre de Estado,Numero de Caso,Peatones,Personas _no_vehiculos,Vehiculos automotores,Vehiculos estacionados,Condado,Nombre Condado,Ciudad,Nombre Ciudad,Mes,Nombre Mes,Dia,Año,Hora,Minuto,Calle,Ruta,Nombre Ruta,Rural o Urbanoo,Sistema Funcional,Dueño Calle,Sistema Nacional Carreteras,Jurisdiccion Especial,Milla,Latitud,Longitud,Causa del Accidente,Tipo de Accidente,Tipo Interseccion,Columna1,Lugar en la calle,Zona de Trabajo,Luz,Clima,Autobus Escolar,Cruce de Trenes,Hora Notificacion,Minuto Notificacion,Hora Llegada,Minuto Llegada,Decesos,Fecha,PersonaVehiculo
45,South Carolina,450626,0,0,2,0,83,SPARTANBURG (83),0,NO APLICA,8,Agosto,26,2022,6,50,SR-9 HWY 9,3,Highway estatal,Urbano,Arteria Menor,State Highway Agency,0,Sin jurisdiccion especial,107,35.06222778,-81.99836667,Vehiculo en movimiento,Angulo,Four-Way Intersection,Interseccion de 4 direcciones,Sobre calle,Ninguna,Dia total,Neblina o Humo,No,NO APLICA,99,98,99,98,1,26/08/2022,2
45,South Carolina,450627,0,0,2,0,7,ANDERSON (7),0,NO APLICA,8,Agosto,26,2022,18,50,US-29 HWY 29,2,US Highway,Rural,Arteria Principal,State Highway Agency,1,Sin jurisdiccion especial,82,34.43266111,-82.74413056,Vehiculo en movimiento,Angulo,Not an Intersection,No fue interseccion,Sobre calle,Ninguna,Dia total,Despejado,No,NO APLICA,99,99,99,99,1,26/08/2022,4
45,South Carolina,450628,0,0,2,0,45,GREENVILLE (45),0,NO APLICA,8,Agosto,27,2022,1,30,SR-107 MAULDIN RD,3,Highway estatal,Urbano,Colector Menor,State Highway Agency,0,Sin jurisdiccion especial,79,34.79885556,-82.36519722,Vehiculo en movimiento,Golpe Lateral - misma direccion,Not an Intersection,No fue interseccion,Sobre calle,Ninguna,Oscuro sin iluminacion,Despejado,No,NO APLICA,99,99,99,99,1,27/08/2022,3
45,South Carolina,450629,1,1,1,0,53,JASPER (53),0,NO APLICA,8,Agosto,27,2022,4,0,SR-46 PLANTATION DRIVE,3,Highway estatal,Rural,Colector Mayor,State Highway Agency,0,Sin jurisdiccion especial,22,32.26755,-81.05468056,Peaton,El primer evento no fue una colision con un vehiculo automotor en transporte,Not an Intersection,No fue interseccion,Sobre calle,Ninguna,Oscuro sin iluminacion,Despejado,No,NO APLICA,99,98,99,98,1,27/08/2022,1
45,South Carolina,450630,0,0,2,0,29,COLLETON (29),0,NO APLICA,8,Agosto,27,2022,15,54,SR-64 ROBERTSON BLVD,3,Highway estatal,Urbano,Arteria Menor,State Highway Agency,0,Sin jurisdiccion especial,236,32.91980556,-80.65786389,Vehiculo en movimiento,Frente a frente,Not an Intersection,No fue interseccion,Sobre calle,Ninguna,Dia total,Despejado,No,NO APLICA,99,98,99,98,2,27/08/2022,2
45,South Carolina,450631,2,2,1,0,87,UNION (87),0,NO APLICA,8,Agosto,28,2022,7,10,SR-132 WILLIFORD RD,3,Highway estatal,Rural,Local,State Highway Agency,0,Sin jurisdiccion especial,14,34.65795,-81.56498333,Peaton,El primer evento no fue una colision con un vehiculo automotor en transporte,Not an Intersection,No fue interseccion,Sobre calle,Ninguna,Amanecer,Despejado,No,NO APLICA,99,99,99,99,1,28/08/2022,2
45,South Carolina,450632,0,0,1,0,91,YORK (91),2970,YORK,8,Agosto,28,2022,3,33,SR-5 MAIN STREET W,3,Highway estatal,Urbano,Arteria Principal,State Highway Agency,0,Sin jurisdiccion especial,231,34.94513056,-81.070525,Banqueta,El primer evento no fue una colision con un vehiculo automotor en transporte,Not an Intersection,No fue interseccion,Sobre el lado de la calle,Ninguna,Oscuro con iluminacion,Despejado,No,NO APLICA,99,98,99,98,1,28/08/2022,1
45,South Carolina,450633,0,0,1,0,45,GREENVILLE (45),0,NO APLICA,8,Agosto,30,2022,1,15,SR-290 LOCUST HILL RD,3,Highway estatal,Rural,Colector Mayor,State Highway Agency,0,Sin jurisdiccion especial,115,35.01936944,-82.38858889,Buzon de correo,El primer evento no fue una colision con un vehiculo automotor en transporte,Not an Intersection,No fue interseccion,Sobre el lado de la calle,Ninguna,Oscuro - iluminacion desconocida,Despejado,No,NO APLICA,99,98,99,98,1,30/08/2022,1
45,South Carolina,450634,0,0,3,0,77,PICKENS (77),0,NO APLICA,8,Agosto,30,2022,16,16,SR-8 PELZER HWY,3,Highway estatal,Urbano,Arteria Menor,State Highway Agency,0,Sin jurisdiccion especial,10,34.78983889,-82.58798333,Vehiculo en movimiento,Frente a frente,Not an Intersection,No fue interseccion,Sobre calle,Ninguna,Dia total,Despejado,No,NO APLICA,99,99,99,99,1,30/08/2022,4
45,South Carolina,450635,0,0,2,0,27,CLARENDON (27),0,NO APLICA,8,Agosto,30,2022,14,26,SR-64 MW RICKENBAKER RD,3,Highway estatal,Rural,Colector Mayor,State Highway Agency,0,Sin jurisdiccion especial,18,33.57841667,-80.25450556,Vehiculo en movimiento,Frente a frente,Not an Intersection,No fue interseccion,Sobre calle,Ninguna,Dia total,Nublado,No,NO APLICA,99,99,99,99,1,30/08/2022,2
45,South Carolina,450636,0,0,2,0,75,ORANGEBURG (75),0,NO APLICA,8,Agosto,5,2022,19,4,US-301 OLD EDISTO DRIVE,2,US Highway,Urbano,Arteria Principal,State Highway Agency,1,Sin jurisdiccion especial,125,33.47986389,-80.90355556,Vehiculo en movimiento,Frente a frente,T-Intersection,Interseccion de T,Sobre calle,Ninguna,Dia total,Despejado,No,NO APLICA,99,99,99,99,1,05/08/2022,5
45,South Carolina,450637,0,0,1,0,75,ORANGEBURG (75),0,NO APLICA,8,Agosto,31,2022,6,15,US-301 BAMBERG RD,2,US Highway,Rural,Arteria Principal,State Highway Agency,1,Sin jurisdiccion especial,54,33.40489167,-80.97164444,Arbol,El primer evento no fue una colision con un vehiculo automotor en transporte,T-Intersection,Interseccion de T,Sobre el lado de la calle,Ninguna,Amanecer,Neblina o Humo,No,NO APLICA,99,99,99,99,1,31/08/2022,7
45,South Carolina,450638,0,0,1,0,7,ANDERSON (7),2000,PENDLETON,6,Junio,24,2022,15,35,SR-1056 WESTINGHOUSE RD,3,Highway estatal,Urbano,Colector Mayor,State Highway Agency,0,Sin jurisdiccion especial,8,34.63583333,-82.77555556,Volcadura,El primer evento no fue una colision con un vehiculo automotor en transporte,Not an Intersection,No fue interseccion,Sobre el lado de la calle,Ninguna,Dia total,Despejado,No,NO APLICA,99,98,99,98,1,24/06/2022,1
45,South Carolina,450639,0,0,1,0,85,SUMTER (85),2550,SUMTER,8,Agosto,14,2022,23,20,US-378 ROBERT E GRAHAM FWY,2,US Highway,Urbano,Arterial Principal -Freeway o ExpressWay,State Highway Agency,1,Sin jurisdiccion especial,184,33.94466111,-80.33149722,Volcadura,El primer evento no fue una colision con un vehiculo automotor en transporte,Not an Intersection,No fue interseccion,Sobre el lado de la calle,Ninguna,Oscuro sin iluminacion,Despejado,No,NO APLICA,99,99,99,99,1,14/08/2022,1
45,South Carolina,450640,0,0,1,0,19,CHARLESTON (19),0,NO APLICA,8,Agosto,23,2022,23,19,SR-1156 PLOW GROUND RD,3,Highway estatal,Rural,Colector Mayor,State Highway Agency,0,Sin jurisdiccion especial,27,32.70791389,-80.05510833,Acotamiento,El primer evento no fue una colision con un vehiculo automotor en transporte,Not an Intersection,No fue interseccion,Sobre el lado de la calle,Ninguna,Oscuro sin iluminacion,Nublado,No,NO APLICA,99,98,99,98,1,23/08/2022,1
45,South Carolina,450641,1,1,1,0,19,CHARLESTON (19),1650,MEGGETT,8,Agosto,23,2022,23,0,SR-165 HWY 165,3,Highway estatal,Rural,Colector Mayor,State Highway Agency,0,Sin jurisdiccion especial,33,32.72663889,-80.24248889,Peaton,El primer evento no fue una colision con un vehiculo automotor en transporte,Not an Intersection,No fue interseccion,Sobre calle,Ninguna,Oscuro sin iluminacion,Despejado,No,NO APLICA,99,98,99,98,1,23/08/2022,1
45,South Carolina,450642,0,0,1,0,19,CHARLESTON (19),15,ADAMS RUN,8,Agosto,25,2022,5,40,SR-1845 OLD JACKSONBORO  RD,3,Highway estatal,Rural,Local,State Highway Agency,0,Sin jurisdiccion especial,20,32.75688056,-80.38176111,Arbusto,El primer evento no fue una colision con un vehiculo automotor en transporte,Not an Intersection,No fue interseccion,Sobre calle,Ninguna,Oscuro con iluminacion,lluvia,No,NO APLICA,99,98,99,98,1,25/08/2022,1
45,South Carolina,450643,0,0,2,0,55,KERSHAW (55),0,NO APLICA,9,Septiembre,1,2022,16,50,US-601,2,US Highway,Rural,Arteria Principal,State Highway Agency,1,Sin jurisdiccion especial,73,34.19076111,-80.68775556,Vehiculo en movimiento,Angulo,T-Intersection,Interseccion de T,Sobre calle,Ninguna,Dia total,Despejado,No,NO APLICA,99,99,99,99,1,01/09/2022,5
45,South Carolina,450644,0,0,1,0,89,WILLIAMSBURG (89),0,NO APLICA,9,Septiembre,1,2022,1,50,SR-261 HEMINGWAY HWY,3,Highway estatal,Rural,Arteria Menor,State Highway Agency,0,Sin jurisdiccion especial,148,33.67951944,-79.7777,Zanja,El primer evento no fue una colision con un vehiculo automotor en transporte,Not an Intersection,No fue interseccion,Sobre el lado de la calle,Ninguna,Oscuro - iluminacion desconocida,Despejado,No,NO APLICA,99,99,99,99,1,01/09/2022,1
45,South Carolina,450645,0,0,2,0,91,YORK (91),0,NO APLICA,9,Septiembre,2,2022,20,31,I-77,1,Interestatal,Rural,Interestatal,State Highway Agency,1,Sin jurisdiccion especial,830,34.995425,-80.97813889,Volcadura,El primer evento no fue una colision con un vehiculo automotor en transporte,Not an Intersection,No fue interseccion,Sobre calle,Ninguna,Dia total,Nublado,No,NO APLICA,99,98,99,98,1,02/09/2022,2
45,South Carolina,450646,0,0,1,0,51,HORRY (51),0,NO APLICA,9,Septiembre,3,2022,2,33,SR-905,3,Highway estatal,Rural,Colector Mayor,State Highway Agency,0,Sin jurisdiccion especial,240,33.95569444,-78.704975,Buzon de correo,El primer evento no fue una colision con un vehiculo automotor en transporte,Not an Intersection,No fue interseccion,Sobre el lado de la calle,Ninguna,Oscuro sin iluminacion,Despejado,No,NO APLICA,99,99,99,99,1,03/09/2022,1
45,South Carolina,450647,0,0,1,0,45,GREENVILLE (45),0,NO APLICA,9,Septiembre,3,2022,4,19,SR-101 HWY 101,3,Highway estatal,Rural,Colector Mayor,State Highway Agency,0,Sin jurisdiccion especial,148,35.09466111,-82.33471389,Zanja,El primer evento no fue una colision con un vehiculo automotor en transporte,Not an Intersection,No fue interseccion,Sobre el lado de la calle,Ninguna,Oscuro sin iluminacion,Despejado,No,NO APLICA,99,98,99,98,1,03/09/2022,1
45,South Carolina,450648,0,0,2,0,15,BERKELEY (15),0,NO APLICA,9,Septiembre,3,2022,5,45,SR-27 HWY 27,3,Highway estatal,Rural,Colector Mayor,State Highway Agency,0,Sin jurisdiccion especial,46,33.19198889,-80.29121111,Vehiculo en movimiento,Frente a frente,T-Intersection,Interseccion de T,Sobre calle,Ninguna,Oscuro sin iluminacion,Despejado,No,NO APLICA,99,99,99,99,1,03/09/2022,3
45,South Carolina,450649,0,0,1,0,55,KERSHAW (55),0,NO APLICA,9,Septiembre,3,2022,18,58,SR-133 LACHICOTTE RD,3,Highway estatal,Urbano,Colector Mayor,State Highway Agency,0,Sin jurisdiccion especial,1,34.19749167,-80.68709444,Volcadura,El primer evento no fue una colision con un vehiculo automotor en transporte,Not an Intersection,No fue interseccion,Sobre calle,Ninguna,Dia total,Despejado,No,NO APLICA,99,98,99,98,1,03/09/2022,1
45,South Carolina,450650,1,1,1,0,19,CHARLESTON (19),1710,MT PLEASANT,9,Septiembre,3,2022,19,59,US-17 HWY 17,2,US Highway,Urbano,Arteria Principal,State Highway Agency,1,Sin jurisdiccion especial,448,32.88061944,-79.76108889,Peaton,El primer evento no fue una colision con un vehiculo automotor en transporte,Not an Intersection,No fue interseccion,Sobre calle,Ninguna,Oscuro con iluminacion,Despejado,No,NO APLICA,99,98,99,98,1,03/09/2022,2
45,South Carolina,450651,0,0,1,0,13,BEAUFORT (13),0,NO APLICA,7,Julio,8,2022,14,20,SR-46 MAY RIVER RD,3,Highway estatal,Urbano,Colector Menor,State Highway Agency,0,Sin jurisdiccion especial,39,32.23691111,-80.9589,Arbol,El primer evento no fue una colision con un vehiculo automotor en transporte,Not an Intersection,No fue interseccion,Sobre el lado de la calle,Ninguna,Dia total,Despejado,No,NO APLICA,99,99,99,99,1,08/07/2022,1
45,South Carolina,450652,1,1,1,0,45,GREENVILLE (45),0,NO APLICA,9,Septiembre,2,2022,20,53,US-29 WADE HAMPTON BLVD,2,US Highway,Urbano,Arteria Principal,State Highway Agency,1,Sin jurisdiccion especial,128,34.91617778,-82.31777778,Peaton,El primer evento no fue una colision con un vehiculo automotor en transporte,Not an Intersection,No fue interseccion,Sobre calle,Ninguna,Oscuro con iluminacion,Despejado,No,NO APLICA,99,99,99,99,1,02/09/2022,1
45,South Carolina,450653,1,1,1,0,79,RICHLAND (79),520,COLUMBIA,9,Septiembre,3,2022,21,1,US- 1 N MILLWOOD AVE,2,US Highway,Urbano,Arteria Principal,State Highway Agency,1,Sin jurisdiccion especial,26,34.01006944,-81.01496111,Peaton,El primer evento no fue una colision con un vehiculo automotor en transporte,Not an Intersection,No fue interseccion,Sobre calle,Ninguna,Oscuro con iluminacion,Despejado,No,NO APLICA,99,99,99,99,1,03/09/2022,1
45,South Carolina,450654,0,0,2,0,83,SPARTANBURG (83),0,NO APLICA,9,Septiembre,4,2022,19,35,CR- HUMPHRIES RD,4,Calle del Condado,Rural,Local,County Highway Agency,0,Sin jurisdiccion especial,1,35.06633611,-81.81798056,Vehiculo en movimiento,Angulo,Not an Intersection,No fue interseccion,Sobre calle,Ninguna,Atardecer,Despejado,No,NO APLICA,99,99,99,99,1,04/09/2022,5
45,South Carolina,450655,0,0,1,0,41,FLORENCE (41),870,FLORENCE,9,Septiembre,4,2022,20,58,SR-31 W EVANS STREET,3,Highway estatal,Urbano,Colector Menor,State Highway Agency,0,Sin jurisdiccion especial,0,34.19656111,-79.78128889,Poste,El primer evento no fue una colision con un vehiculo automotor en transporte,Not an Intersection,No fue interseccion,Sobre el lado de la calle,Ninguna,Oscuro con iluminacion,Despejado,No,NO APLICA,99,98,99,98,1,04/09/2022,1
45,South Carolina,450656,0,0,1,0,79,RICHLAND (79),0,NO APLICA,9,Septiembre,4,2022,22,20,SR-962 ANTIOCH AMEZ CHURCH RD,3,Highway estatal,Rural,Colector Mayor,State Highway Agency,0,Sin jurisdiccion especial,15,33.92677778,-80.71802222,Volcadura,El primer evento no fue una colision con un vehiculo automotor en transporte,Not an Intersection,No fue interseccion,Sobre calle,Ninguna,Oscuro sin iluminacion,Despejado,No,NO APLICA,99,99,99,99,1,04/09/2022,1
45,South Carolina,450657,0,0,1,0,31,DARLINGTON (31),0,NO APLICA,9,Septiembre,4,2022,23,35,SR-14 W BILLY FARROW HWY,3,Highway estatal,Rural,Colector Mayor,State Highway Agency,0,Sin jurisdiccion especial,44,34.34326944,-79.98879444,Volcadura,El primer evento no fue una colision con un vehiculo automotor en transporte,Not an Intersection,No fue interseccion,Sobre calle,Ninguna,Oscuro sin iluminacion,Despejado,No,NO APLICA,99,99,99,99,1,04/09/2022,1
45,South Carolina,450658,0,0,2,0,41,FLORENCE (41),0,NO APLICA,9,Septiembre,6,2022,7,32,US-52 HWY 52,2,US Highway,Rural,Arteria Principal,State Highway Agency,1,Sin jurisdiccion especial,78,33.94302222,-79.74748889,Vehiculo en movimiento,Angulo,Not an Intersection,No fue interseccion,Sobre calle,Ninguna,Dia total,Despejado,No,NO APLICA,99,99,99,99,1,06/09/2022,2
45,South Carolina,450659,1,1,1,0,45,GREENVILLE (45),1040,GREENVILLE,9,Septiembre,5,2022,21,22,US-123 S ACADEMY STREET,2,US Highway,Urbano,Arteria Principal,State Highway Agency,1,Sin jurisdiccion especial,44,34.84598889,-82.41475,Peaton,El primer evento no fue una colision con un vehiculo automotor en transporte,Four-Way Intersection,Interseccion de 4 direcciones,Sobre calle,Ninguna,Oscuro con iluminacion,lluvia,No,NO APLICA,99,98,99,98,1,05/09/2022,3
45,South Carolina,450660,0,0,2,0,45,GREENVILLE (45),0,NO APLICA,9,Septiembre,6,2022,22,35,SR-124 OLD EASLEY RD,3,Highway estatal,Urbano,Arteria Menor,State Highway Agency,0,Sin jurisdiccion especial,27,34.84721389,-82.44579722,Vehiculo en movimiento,Frente a frente,T-Intersection,Interseccion de T,Sobre calle,Ninguna,Oscuro sin iluminacion,Despejado,No,NO APLICA,99,99,99,99,1,06/09/2022,2
45,South Carolina,450661,0,0,1,0,45,GREENVILLE (45),0,NO APLICA,9,Septiembre,6,2022,21,10,SR-140 KELLER RD,3,Highway estatal,Rural,Local,State Highway Agency,0,Sin jurisdiccion especial,13,35.00706944,-82.33721111,Arbol,El primer evento no fue una colision con un vehiculo automotor en transporte,Not an Intersection,No fue interseccion,Sobre el lado de la calle,Ninguna,Oscuro sin iluminacion,Nublado,No,NO APLICA,99,98,99,98,1,06/09/2022,1
45,South Carolina,450662,0,0,1,0,51,HORRY (51),0,NO APLICA,9,Septiembre,7,2022,7,20,SR-808 PINT CIRCLE,3,Highway estatal,Rural,Local,State Highway Agency,0,Sin jurisdiccion especial,23,33.86312222,-78.76126667,Zanja,El primer evento no fue una colision con un vehiculo automotor en transporte,Not an Intersection,No fue interseccion,Sobre el lado de la calle,Ninguna,Amanecer,Despejado,No,NO APLICA,99,98,99,98,1,07/09/2022,1
45,South Carolina,450663,0,0,1,0,83,SPARTANBURG (83),0,NO APLICA,9,Septiembre,7,2022,18,35,SR-56 HWY 56,3,Highway estatal,Rural,Arteria Menor,State Highway Agency,0,Sin jurisdiccion especial,200,34.87068611,-81.88513889,Arbol,El primer evento no fue una colision con un vehiculo automotor en transporte,Not an Intersection,No fue interseccion,Sobre el lado de la calle,Ninguna,Dia total,Despejado,No,NO APLICA,99,98,99,98,1,07/09/2022,1
45,South Carolina,450664,1,1,1,0,79,RICHLAND (79),0,NO APLICA,9,Septiembre,8,2022,23,53,US-1 TWO NOTCH RD,2,US Highway,Urbano,Arteria Principal,State Highway Agency,1,Sin jurisdiccion especial,91,34.0761,-80.94481111,Peaton,El primer evento no fue una colision con un vehiculo automotor en transporte,Four-Way Intersection,Interseccion de 4 direcciones,Sobre calle,Ninguna,Oscuro sin iluminacion,Despejado,No,NO APLICA,99,99,99,99,1,08/09/2022,1
45,South Carolina,450665,0,0,1,0,91,YORK (91),0,NO APLICA,9,Septiembre,9,2022,17,19,SR-816 SMITH FORD RD,3,Highway estatal,Rural,Local,State Highway Agency,0,Sin jurisdiccion especial,5,34.98711944,-81.43398889,Arbol,El primer evento no fue una colision con un vehiculo automotor en transporte,Not an Intersection,No fue interseccion,Sobre el lado de la calle,Ninguna,Dia total,Despejado,No,NO APLICA,99,98,99,98,1,09/09/2022,1
45,South Carolina,450666,0,0,1,0,71,NEWBERRY (71),0,NO APLICA,9,Septiembre,9,2022,19,10,SR-81 OLD WHITMIRE HWY,3,Highway estatal,Rural,Local,State Highway Agency,0,Sin jurisdiccion especial,97,34.37313889,-81.6119,Arbol,El primer evento no fue una colision con un vehiculo automotor en transporte,Not an Intersection,No fue interseccion,Sobre el lado de la calle,Ninguna,Atardecer,Despejado,No,NO APLICA,99,98,99,98,1,09/09/2022,1
45,South Carolina,450667,0,0,1,0,41,FLORENCE (41),870,FLORENCE,9,Septiembre,10,2022,20,40,SR-354 N DARGAN STREET,3,Highway estatal,Urbano,Colector Mayor,State Highway Agency,0,Sin jurisdiccion especial,8,34.19963889,-79.76615,Vehiculo Ferrocarril,El primer evento no fue una colision con un vehiculo automotor en transporte,Not an Intersection,No fue interseccion,Sobre calle,Ninguna,Oscuro con iluminacion,Despejado,No,633298N,99,99,99,99,4,10/09/2022,5
45,South Carolina,450668,1,1,1,0,29,COLLETON (29),0,NO APLICA,9,Septiembre,10,2022,1,28,SR-459 INDUSTRIAL RD,3,Highway estatal,Rural,Colector Mayor,State Highway Agency,0,Sin jurisdiccion especial,6,32.95575,-80.64336944,Peaton,El primer evento no fue una colision con un vehiculo automotor en transporte,Four-Way Intersection,Interseccion de 4 direcciones,Sobre calle,Ninguna,Oscuro con iluminacion,Despejado,No,NO APLICA,99,98,99,98,1,10/09/2022,1
45,South Carolina,450669,0,0,2,0,79,RICHLAND (79),520,COLUMBIA,9,Septiembre,10,2022,19,45,SR-215 MONTICELLO RD,3,Highway estatal,Rural,Arteria Menor,State Highway Agency,0,Sin jurisdiccion especial,37,34.08138056,-81.07018889,Vehiculo en movimiento,Angulo,T-Intersection,Interseccion de T,Sobre calle,Ninguna,Oscuro con iluminacion,lluvia,No,NO APLICA,99,99,99,99,1,10/09/2022,2
45,South Carolina,450670,0,0,2,0,23,CHESTER (23),0,NO APLICA,9,Septiembre,11,2022,3,10,I-77,1,Interestatal,Rural,Interestatal,State Highway Agency,1,Sin jurisdiccion especial,683,34.80191389,-81.03661667,Vehiculo en movimiento,Frente a frente,Not an Intersection,No fue interseccion,Sobre calle,Ninguna,Oscuro sin iluminacion,lluvia,No,NO APLICA,99,99,99,99,4,11/09/2022,5
45,South Carolina,450671,0,0,2,0,45,GREENVILLE (45),0,NO APLICA,9,Septiembre,11,2022,20,30,SR-8 HWY 8,3,Highway estatal,Rural,Arteria Menor,State Highway Agency,0,Sin jurisdiccion especial,18,34.63895556,-82.42836389,Vehiculo en movimiento,Frente a frente,Not an Intersection,No fue interseccion,Sobre calle,Ninguna,Oscuro sin iluminacion,Despejado,No,NO APLICA,99,99,99,99,1,11/09/2022,2
45,South Carolina,450672,0,0,2,0,73,OCONEE (73),0,NO APLICA,9,Septiembre,12,2022,9,45,SR-11,3,Highway estatal,Rural,Arteria Menor,State Highway Agency,0,Sin jurisdiccion especial,51,34.55255556,-83.05023889,Vehiculo en movimiento,Angulo,Four-Way Intersection,Interseccion de 4 direcciones,Sobre calle,Ninguna,Dia total,Despejado,No,NO APLICA,99,99,99,99,1,12/09/2022,2
45,South Carolina,450673,0,0,1,0,85,SUMTER (85),0,NO APLICA,9,Septiembre,12,2022,13,5,SR-53 NARROW PAVED RD,3,Highway estatal,Rural,Colector Mayor,State Highway Agency,0,Sin jurisdiccion especial,85,33.98287222,-80.00911667,Arbol,El primer evento no fue una colision con un vehiculo automotor en transporte,Not an Intersection,No fue interseccion,Sobre el lado de la calle,Ninguna,Dia total,Despejado,No,NO APLICA,99,99,99,99,1,12/09/2022,3
45,South Carolina,450674,0,0,1,0,15,BERKELEY (15),0,NO APLICA,9,Septiembre,12,2022,15,56,SR-16 COOPER STORE RD,3,Highway estatal,Rural,Colector Mayor,State Highway Agency,0,Sin jurisdiccion especial,67,33.14646111,-80.15189444,Arbol,El primer evento no fue una colision con un vehiculo automotor en transporte,Not an Intersection,No fue interseccion,Sobre el lado de la calle,Ninguna,Dia total,Despejado,No,NO APLICA,99,98,99,98,1,12/09/2022,1
45,South Carolina,450675,1,1,1,0,79,RICHLAND (79),520,COLUMBIA,9,Septiembre,12,2022,20,18,US-176,2,US Highway,Urbano,Arteria Principal,State Highway Agency,1,Sin jurisdiccion especial,202,34.03358056,-81.08833056,Peaton,El primer evento no fue una colision con un vehiculo automotor en transporte,Four-Way Intersection,Interseccion de 4 direcciones,Sobre calle,Ninguna,Oscuro sin iluminacion,Despejado,No,NO APLICA,99,98,99,98,1,12/09/2022,2
45,South Carolina,450676,0,0,2,0,41,FLORENCE (41),0,NO APLICA,9,Septiembre,13,2022,12,0,US-52 HWY 52,2,US Highway,Rural,Arteria Principal,State Highway Agency,1,Sin jurisdiccion especial,69,33.93168611,-79.74663889,Vehiculo en movimiento,Angulo,T-Intersection,Interseccion de T,Sobre calle,Ninguna,Dia total,Despejado,No,NO APLICA,99,98,99,98,1,13/09/2022,2
45,South Carolina,450677,0,0,3,1,45,GREENVILLE (45),0,NO APLICA,9,Septiembre,14,2022,6,45,US-29 WADE HAMPTON BLVD,2,US Highway,Urbano,Arteria Principal,State Highway Agency,1,Sin jurisdiccion especial,147,34.92942778,-82.29495278,Vehiculo en movimiento,Frente a frente,Not an Intersection,No fue interseccion,Sobre calle,Ninguna,Amanecer,Despejado,No,NO APLICA,99,98,99,98,1,14/09/2022,3
45,South Carolina,450678,0,0,2,0,7,ANDERSON (7),0,NO APLICA,9,Septiembre,14,2022,11,45,US-178 LIBERTY HWY,2,US Highway,Rural,Arteria Principal,State Highway Agency,1,Sin jurisdiccion especial,45,34.66513889,-82.69047222,Vehiculo en movimiento,Frente a frente,Not an Intersection,No fue interseccion,Sobre calle,Ninguna,Dia total,Despejado,No,NO APLICA,99,99,99,99,1,14/09/2022,2
45,South Carolina,450679,0,0,2,0,57,LANCASTER (57),0,NO APLICA,9,Septiembre,14,2022,15,43,SR-541 DOUGLAS RD,3,Highway estatal,Urbano,Colector Mayor,State Highway Agency,0,Sin jurisdiccion especial,16,34.66220556,-80.78833611,Vehiculo en movimiento,Angulo,Not an Intersection,No fue interseccion,Sobre calle,Ninguna,Dia total,Despejado,No,NO APLICA,99,98,99,98,1,14/09/2022,2
45,South Carolina,450680,0,0,1,0,45,GREENVILLE (45),0,NO APLICA,9,Septiembre,14,2022,16,0,SR-1912 WHITE HORSE RD EXT,3,Highway estatal,Urbano,Colector Mayor,State Highway Agency,0,Sin jurisdiccion especial,10,34.77319444,-82.37028056,Barda,El primer evento no fue una colision con un vehiculo automotor en transporte,Not an Intersection,No fue interseccion,Sobre el lado de la calle,Ninguna,Dia total,Despejado,No,NO APLICA,99,99,99,99,1,14/09/2022,2
45,South Carolina,450682,0,0,2,0,53,JASPER (53),0,NO APLICA,9,Septiembre,15,2022,14,40,US-321,2,US Highway,Rural,Arteria Principal,State Highway Agency,1,Sin jurisdiccion especial,109,32.44345833,-81.10486944,Vehiculo en movimiento,Angulo,Four-Way Intersection,Interseccion de 4 direcciones,Sobre calle,Ninguna,Dia total,Despejado,No,NO APLICA,99,99,99,99,1,15/09/2022,3
45,South Carolina,450683,1,1,1,0,47,GREENWOOD (47),0,NO APLICA,9,Septiembre,15,2022,19,58,SR-10 MCCORMICK HWY,3,Highway estatal,Rural,Colector Mayor,State Highway Agency,0,Sin jurisdiccion especial,157,34.13113333,-82.239975,Peaton,El primer evento no fue una colision con un vehiculo automotor en transporte,Not an Intersection,No fue interseccion,Sobre calle,Ninguna,Oscuro sin iluminacion,Despejado,No,NO APLICA,99,99,99,99,1,15/09/2022,1
45,South Carolina,450684,0,0,2,0,7,ANDERSON (7),0,NO APLICA,9,Septiembre,16,2022,0,55,SR-141 S MCDUFFIE STREET,3,Highway estatal,Urbano,Colector Mayor,State Highway Agency,0,Sin jurisdiccion especial,93,34.478775,-82.63963056,Vehiculo en movimiento,Angulo,T-Intersection,Interseccion de T,Sobre calle,Ninguna,Oscuro sin iluminacion,Despejado,No,NO APLICA,99,99,99,99,1,16/09/2022,2
45,South Carolina,450685,0,0,2,0,55,KERSHAW (55),0,NO APLICA,9,Septiembre,16,2022,18,29,US-1 JEFFERSON DAVIS HWY,2,US Highway,Rural,Arteria Principal,State Highway Agency,1,Sin jurisdiccion especial,0,34.311575,-80.54200833,Vehiculo en movimiento,Frente a Detrás,T-Intersection,Interseccion de T,Sobre calle,Ninguna,Dia total,Despejado,No,NO APLICA,99,98,99,98,1,16/09/2022,2
45,South Carolina,450686,0,0,1,0,77,PICKENS (77),0,NO APLICA,9,Septiembre,16,2022,22,24,SR-93 N NORRIS DRIVE,3,Highway estatal,Urbano,Arteria Menor,State Highway Agency,0,Sin jurisdiccion especial,73,34.76398056,-82.752575,Puente de Ferrocarril,El primer evento no fue una colision con un vehiculo automotor en transporte,Not an Intersection,No fue interseccion,Sobre el lado de la calle,Ninguna,Oscuro sin iluminacion,Despejado,No,NO APLICA,99,99,99,99,1,16/09/2022,1