Estado,Nombre de Estado,Numero de Caso,Peatones,Personas _no_vehiculos,Vehiculos automotores,Vehiculos estacionados,Condado,Nombre Condado,Ciudad,Nombre Ciudad,Mes,Nombre Mes,Dia,Año,Hora,Minuto,Calle,Ruta,Nombre Ruta,Rural o Urbanoo,Sistema Funcional,Dueño Calle,Sistema Nacional Carreteras,Jurisdiccion Especial,Milla,Latitud,Longitud,Causa del Accidente,Tipo de Accidente,Tipo Interseccion,Columna1,Lugar en la calle,Zona de Trabajo,Luz,Clima,Autobus Escolar,Cruce de Trenes,Hora Notificacion,Minuto Notificacion,Hora Llegada,Minuto Llegada,Decesos,Fecha,PersonaVehiculo
45,South Carolina,450687,1,1,1,0,41,FLORENCE (41),870,FLORENCE,9,Septiembre,17,2022,2,47,SR-12 S CHURCH STREET,3,Highway estatal,Urbano,Colector Menor,State Highway Agency,0,Sin jurisdiccion especial,12,34.1739,-79.76136944,Peaton,El primer evento no fue una colision con un vehiculo automotor en transporte,Not an Intersection,No fue interseccion,Sobre calle,Ninguna,Oscuro sin iluminacion,Despejado,No,NO APLICA,99,98,99,98,1,17/09/2022,1
45,South Carolina,450688,0,0,1,0,3,AIKEN (3),0,NO APLICA,9,Septiembre,17,2022,0,0,SR-28  SAND BAR FERRY,3,Highway estatal,Urbano,Arteria Menor,State Highway Agency,0,Sin jurisdiccion especial,3,33.43244167,-81.89619722,Buzon de correo,El primer evento no fue una colision con un vehiculo automotor en transporte,Not an Intersection,No fue interseccion,Sobre el lado de la calle,Ninguna,Oscuro - iluminacion desconocida,Despejado,No,NO APLICA,99,98,99,98,1,17/09/2022,1
45,South Carolina,450689,0,0,1,0,23,CHESTER (23),0,NO APLICA,9,Septiembre,17,2022,1,0,SR-9 PINCKNEY RD,3,Highway estatal,Rural,Arteria Principal,State Highway Agency,0,Sin jurisdiccion especial,52,34.74795556,-81.39158056,Valla Ferrocarril,El primer evento no fue una colision con un vehiculo automotor en transporte,Not an Intersection,No fue interseccion,Sobre el lado de la calle,Ninguna,Oscuro sin iluminacion,Despejado,No,NO APLICA,99,99,99,99,1,17/09/2022,2
45,South Carolina,450690,0,0,2,0,23,CHESTER (23),0,NO APLICA,9,Septiembre,17,2022,2,23,I-77,1,Interestatal,Rural,Interestatal,State Highway Agency,1,Sin jurisdiccion especial,661,34.76819444,-81.03763889,Vehiculo en movimiento,Frente a Detrás,Not an Intersection,No fue interseccion,Sobre calle,Ninguna,Oscuro sin iluminacion,Despejado,No,NO APLICA,99,99,99,99,1,17/09/2022,4
45,South Carolina,450691,0,0,1,0,59,LAURENS (59),0,NO APLICA,9,Septiembre,17,2022,17,35,SR-72 HWY 72,3,Highway estatal,Rural,Arteria Principal,State Highway Agency,0,Sin jurisdiccion especial,26,34.29174444,-82.01671389,Arbol,El primer evento no fue una colision con un vehiculo automotor en transporte,Not an Intersection,No fue interseccion,Sobre el lado de la calle,Ninguna,Dia total,Despejado,No,NO APLICA,99,98,99,98,1,17/09/2022,1
45,South Carolina,450692,0,0,1,0,23,CHESTER (23),0,NO APLICA,9,Septiembre,17,2022,23,54,I-77,1,Interestatal,Rural,Interestatal,State Highway Agency,1,Sin jurisdiccion especial,539,34.59296944,-81.01608889,Zanja,El primer evento no fue una colision con un vehiculo automotor en transporte,Not an Intersection,No fue interseccion,En el medio,Ninguna,Oscuro sin iluminacion,Despejado,No,NO APLICA,99,98,99,98,1,17/09/2022,1
45,South Carolina,450693,0,0,1,0,79,RICHLAND (79),0,NO APLICA,9,Septiembre,18,2022,2,5,SR-156 SALEM CHURCH RD,3,Highway estatal,Urbano,Local,State Highway Agency,0,Sin jurisdiccion especial,7,34.11668056,-81.21994444,Poste de Señal de trafico,El primer evento no fue una colision con un vehiculo automotor en transporte,Not an Intersection,No fue interseccion,Sobre el lado de la calle,Ninguna,Oscuro sin iluminacion,Despejado,No,NO APLICA,99,98,99,98,2,18/09/2022,2
45,South Carolina,450694,0,0,2,0,51,HORRY (51),0,NO APLICA,9,Septiembre,18,2022,18,30,SR-45 HWY 45,3,Highway estatal,Rural,Colector Mayor,State Highway Agency,0,Sin jurisdiccion especial,11,34.05391944,-78.90941389,Zanja,El primer evento no fue una colision con un vehiculo automotor en transporte,Not an Intersection,No fue interseccion,Sobre el lado de la calle,Ninguna,Dia total,Despejado,No,NO APLICA,99,98,99,98,1,18/09/2022,2
45,South Carolina,450695,0,0,1,0,63,LEXINGTON (63),0,NO APLICA,9,Septiembre,18,2022,20,28,SR-6 SAINT MATTHEWS RD,3,Highway estatal,Rural,Colector Mayor,State Highway Agency,0,Sin jurisdiccion especial,352,33.73206944,-81.00323611,Animal vivo,El primer evento no fue una colision con un vehiculo automotor en transporte,Not an Intersection,No fue interseccion,Sobre calle,Ninguna,Oscuro sin iluminacion,Despejado,No,NO APLICA,99,99,99,99,1,18/09/2022,1
45,South Carolina,450696,0,0,2,0,63,LEXINGTON (63),2790,WEST COLUMBIA,9,Septiembre,18,2022,23,29,US-1 AUGUSTA RD,2,US Highway,Urbano,Arteria Principal,State Highway Agency,1,Sin jurisdiccion especial,300,33.98783889,-81.07298611,Vehiculo en movimiento,Angulo,Four-Way Intersection,Interseccion de 4 direcciones,Sobre calle,Ninguna,Oscuro con iluminacion,Despejado,No,NO APLICA,99,99,99,99,2,18/09/2022,3
45,South Carolina,450697,1,1,1,0,83,SPARTANBURG (83),0,NO APLICA,9,Septiembre,19,2022,0,5,US-29 E MAIN STREET,2,US Highway,Urbano,Arteria Principal,State Highway Agency,1,Sin jurisdiccion especial,244,34.99369444,-81.833325,Peaton,El primer evento no fue una colision con un vehiculo automotor en transporte,Not an Intersection,No fue interseccion,Sobre calle,Ninguna,Oscuro sin iluminacion,Despejado,No,NO APLICA,99,98,99,98,1,19/09/2022,6
45,South Carolina,450698,0,0,2,0,7,ANDERSON (7),0,NO APLICA,9,Septiembre,20,2022,15,25,SR-81 HWY 81,3,Highway estatal,Rural,Arteria Menor,State Highway Agency,0,Sin jurisdiccion especial,72,34.35411389,-82.68518056,Vehiculo en movimiento,Angulo,T-Intersection,Interseccion de T,Sobre calle,Ninguna,Dia total,Despejado,No,NO APLICA,99,99,99,99,1,20/09/2022,3
45,South Carolina,450699,0,0,1,0,83,SPARTANBURG (83),0,NO APLICA,9,Septiembre,20,2022,19,25,I-85,1,Interestatal,Urbano,Interestatal,State Highway Agency,1,Sin jurisdiccion especial,719,34.99378333,-81.99604722,Acotamiento,El primer evento no fue una colision con un vehiculo automotor en transporte,Not an Intersection,No fue interseccion,Sobre el lado de la calle,Ninguna,Atardecer,Despejado,No,NO APLICA,99,99,99,99,2,20/09/2022,2
45,South Carolina,450700,1,1,1,0,63,LEXINGTON (63),0,NO APLICA,9,Septiembre,20,2022,6,2,SR-65 MACK STREET,3,Highway estatal,Urbano,Colector Mayor,State Highway Agency,0,Sin jurisdiccion especial,97,33.81029722,-81.06635833,Ciclista,El primer evento no fue una colision con un vehiculo automotor en transporte,Not an Intersection,No fue interseccion,Sobre calle,Ninguna,Oscuro sin iluminacion,Despejado,No,NO APLICA,99,98,99,98,1,20/09/2022,1
45,South Carolina,450701,0,0,2,0,71,NEWBERRY (71),0,NO APLICA,9,Septiembre,21,2022,4,37,SR-121,3,Highway estatal,Rural,Arteria Menor,State Highway Agency,0,Sin jurisdiccion especial,137,34.33641389,-81.60626389,Vehiculo en movimiento,Frente a frente,Not an Intersection,No fue interseccion,Sobre calle,Ninguna,Oscuro sin iluminacion,Despejado,No,NO APLICA,99,98,99,98,1,21/09/2022,2
45,South Carolina,450702,0,0,1,0,91,YORK (91),0,NO APLICA,9,Septiembre,21,2022,13,41,SR-422 GREEN POND RD,3,Highway estatal,Rural,Colector Mayor,State Highway Agency,0,Sin jurisdiccion especial,24,35.13218056,-81.18899444,Otro objeto (fijo),El primer evento no fue una colision con un vehiculo automotor en transporte,Not an Intersection,No fue interseccion,Sobre el lado de la calle,Ninguna,Dia total,Despejado,No,NO APLICA,99,98,99,98,1,21/09/2022,1
45,South Carolina,450703,0,0,1,0,89,WILLIAMSBURG (89),0,NO APLICA,9,Septiembre,21,2022,15,35,US-52 WILLIAMSBURG COUNTY HWY,2,US Highway,Rural,Arteria Principal,State Highway Agency,1,Sin jurisdiccion especial,257,33.79076944,-79.79085,Zanja,El primer evento no fue una colision con un vehiculo automotor en transporte,Not an Intersection,No fue interseccion,Sobre el lado de la calle,Ninguna,Dia total,Despejado,No,NO APLICA,99,98,99,98,1,21/09/2022,1
45,South Carolina,450704,1,1,1,0,51,HORRY (51),0,NO APLICA,9,Septiembre,21,2022,18,47,SR-99 PEE SDEE RD,3,Highway estatal,Rural,Colector Mayor,State Highway Agency,0,Sin jurisdiccion especial,22,33.92988889,-79.24301111,Buzon de correo,El primer evento no fue una colision con un vehiculo automotor en transporte,Not an Intersection,No fue interseccion,Sobre el lado de la calle,Ninguna,Dia total,Despejado,No,NO APLICA,99,99,99,99,1,21/09/2022,1
45,South Carolina,450705,0,0,1,0,45,GREENVILLE (45),0,NO APLICA,9,Septiembre,21,2022,20,10,SR-178 TALLEY BRIDGE RD,3,Highway estatal,Rural,Local,State Highway Agency,0,Sin jurisdiccion especial,7,35.04162778,-82.46730278,Acotamiento,El primer evento no fue una colision con un vehiculo automotor en transporte,Not an Intersection,No fue interseccion,Sobre el lado de la calle,Ninguna,Oscuro sin iluminacion,Despejado,No,NO APLICA,99,98,99,98,1,21/09/2022,2
45,South Carolina,450706,0,0,2,0,27,CLARENDON (27),0,NO APLICA,9,Septiembre,22,2022,11,20,SR-23 OLD GEORGETOWN RD,3,Highway estatal,Rural,Colector Mayor,State Highway Agency,0,Sin jurisdiccion especial,4,33.77761111,-80.29254722,Vehiculo en movimiento,Angulo,T-Intersection,Interseccion de T,Sobre calle,Ninguna,Dia total,Despejado,No,NO APLICA,99,99,99,99,1,22/09/2022,3
45,South Carolina,450707,1,1,2,0,15,BERKELEY (15),985,GOOSE CREEK,9,Septiembre,22,2022,22,50,SR-1093 CROWFIELD BLVD,3,Highway estatal,Urbano,Arteria Menor,State Highway Agency,0,Sin jurisdiccion especial,28,33.01581944,-80.08518889,Ciclista,El primer evento no fue una colision con un vehiculo automotor en transporte,Not an Intersection,No fue interseccion,Sobre calle,Ninguna,Oscuro sin iluminacion,Despejado,No,NO APLICA,99,98,99,98,1,22/09/2022,2
45,South Carolina,450708,0,0,2,0,45,GREENVILLE (45),0,NO APLICA,9,Septiembre,23,2022,18,20,US-276 GEER HWY,2,US Highway,Urbano,Arteria Principal,State Highway Agency,1,Sin jurisdiccion especial,202,35.01846111,-82.49875,Vehiculo en movimiento,Angulo,T-Intersection,Interseccion de T,Sobre calle,Ninguna,Dia total,Despejado,No,NO APLICA,99,99,99,99,1,23/09/2022,4
45,South Carolina,450709,0,0,2,0,43,GEORGETOWN (43),0,NO APLICA,9,Septiembre,23,2022,21,53,SR-51 BROWNS FERRY RD,3,Highway estatal,Rural,Arteria Menor,State Highway Agency,0,Sin jurisdiccion especial,107,33.5431,-79.39581111,Vehiculo en movimiento,Frente a frente,Not an Intersection,No fue interseccion,Sobre calle,Ninguna,Oscuro sin iluminacion,Despejado,No,NO APLICA,99,99,99,99,1,23/09/2022,2
45,South Carolina,450710,0,0,1,0,59,LAURENS (59),0,NO APLICA,9,Septiembre,24,2022,0,0,CR-S OLD LAURENS RD,4,Calle del Condado,Rural,Local,County Highway Agency,0,Sin jurisdiccion especial,10,34.58634444,-82.104125,Poste o otros soportes,El primer evento no fue una colision con un vehiculo automotor en transporte,Not an Intersection,No fue interseccion,Sobre el lado de la calle,Ninguna,Oscuro sin iluminacion,Despejado,No,NO APLICA,99,98,99,98,1,24/09/2022,1
45,South Carolina,450711,0,0,1,0,15,BERKELEY (15),0,NO APLICA,9,Septiembre,24,2022,3,30,US-52 MAIN STREET,2,US Highway,Rural,Arteria Principal,State Highway Agency,1,Sin jurisdiccion especial,241,33.31299444,-79.952375,Banqueta,El primer evento no fue una colision con un vehiculo automotor en transporte,Not an Intersection,No fue interseccion,Sobre el lado de la calle,Ninguna,Oscuro sin iluminacion,Despejado,No,NO APLICA,99,98,99,98,1,24/09/2022,1
45,South Carolina,450712,0,0,2,0,45,GREENVILLE (45),0,NO APLICA,9,Septiembre,24,2022,23,31,SR-86 BESSIE RD,3,Highway estatal,Rural,Arteria Menor,State Highway Agency,0,Sin jurisdiccion especial,17,34.70501111,-82.43593611,Vehiculo en movimiento,Angulo,Not an Intersection,No fue interseccion,Sobre calle,Ninguna,Oscuro sin iluminacion,Despejado,No,NO APLICA,99,99,99,99,1,24/09/2022,3
45,South Carolina,450713,0,0,1,0,75,ORANGEBURG (75),0,NO APLICA,9,Septiembre,25,2022,4,50,US-601 SAINT MATTHEWS RD,2,US Highway,Rural,Arteria Principal,State Highway Agency,1,Sin jurisdiccion especial,231,33.59104167,-80.81137778,Arbol,El primer evento no fue una colision con un vehiculo automotor en transporte,Not an Intersection,No fue interseccion,Sobre el lado de la calle,Ninguna,Oscuro sin iluminacion,Despejado,No,NO APLICA,99,99,99,99,1,25/09/2022,2
45,South Carolina,450714,0,0,2,0,51,HORRY (51),0,NO APLICA,9,Septiembre,25,2022,21,40,US-17 S HWY 17 BUS,2,US Highway,Urbano,Arteria Principal,State Highway Agency,1,Sin jurisdiccion especial,27,33.59573056,-78.99910278,Vehiculo en movimiento,Frente a Detrás,Not an Intersection,No fue interseccion,Sobre calle,Ninguna,Oscuro con iluminacion,Despejado,No,NO APLICA,99,99,99,99,1,25/09/2022,4
45,South Carolina,450715,0,0,2,0,45,GREENVILLE (45),0,NO APLICA,9,Septiembre,25,2022,15,47,US- 276 GEER HWY,2,US Highway,Urbano,Arteria Principal,State Highway Agency,1,Sin jurisdiccion especial,212,35.00776111,-82.48709722,Vehiculo en movimiento,Angulo,T-Intersection,Interseccion de T,Sobre calle,Ninguna,Dia total,Despejado,No,NO APLICA,99,99,99,99,1,25/09/2022,2
45,South Carolina,450716,0,0,2,0,79,RICHLAND (79),0,NO APLICA,9,Septiembre,26,2022,16,28,I-20,1,Interestatal,Urbano,Interestatal,State Highway Agency,1,Sin jurisdiccion especial,108,34.04342778,-81.08411944,Vehiculo en movimiento,Angulo,Not an Intersection,No fue interseccion,Sobre calle,Ninguna,Dia total,Despejado,No,NO APLICA,99,98,99,98,1,26/09/2022,2
45,South Carolina,450717,0,0,1,0,25,CHESTERFIELD (25),0,NO APLICA,9,Septiembre,27,2022,13,7,SR-43 PEACH ORCHARD RD,3,Highway estatal,Rural,Colector Mayor,State Highway Agency,0,Sin jurisdiccion especial,80,34.67391667,-80.36708611,Volcadura,El primer evento no fue una colision con un vehiculo automotor en transporte,Not an Intersection,No fue interseccion,Sobre calle,Ninguna,Dia total,Despejado,No,NO APLICA,99,98,99,98,1,27/09/2022,1
45,South Carolina,450718,0,0,1,0,75,ORANGEBURG (75),0,NO APLICA,9,Septiembre,27,2022,21,50,US-176 OLD STATE RD,2,US Highway,Rural,Arteria Principal,State Highway Agency,1,Sin jurisdiccion especial,22,33.44424722,-80.61887778,Fin de valla,El primer evento no fue una colision con un vehiculo automotor en transporte,Not an Intersection,No fue interseccion,Sobre el lado de la calle,Ninguna,Oscuro sin iluminacion,Despejado,No,NO APLICA,99,98,99,98,1,27/09/2022,1
45,South Carolina,450719,0,0,1,0,51,HORRY (51),0,NO APLICA,9,Septiembre,27,2022,17,2,SR-29 DONGOLA HWY,3,Highway estatal,Rural,Colector Mayor,State Highway Agency,0,Sin jurisdiccion especial,26,33.78411111,-79.15229444,Culvert,El primer evento no fue una colision con un vehiculo automotor en transporte,Not an Intersection,No fue interseccion,Sobre el lado de la calle,Ninguna,Dia total,Despejado,No,NO APLICA,99,98,99,98,1,27/09/2022,1
45,South Carolina,450720,0,0,2,0,13,BEAUFORT (13),0,NO APLICA,9,Septiembre,28,2022,12,15,SR-170 OKATIE HWY,3,Highway estatal,Rural,Arteria Principal,State Highway Agency,0,Sin jurisdiccion especial,138,32.36366389,-80.86846111,Vehiculo en movimiento,Angulo,Four-Way Intersection,Interseccion de 4 direcciones,Sobre calle,Ninguna,Dia total,Nublado,No,NO APLICA,99,99,99,99,1,28/09/2022,3
45,South Carolina,450721,0,0,1,0,91,YORK (91),0,NO APLICA,9,Septiembre,28,2022,0,12,SR-561 MEADOW LAKES RD,3,Highway estatal,Urbano,Colector Mayor,State Highway Agency,0,Sin jurisdiccion especial,6,34.94024444,-81.07509722,Volcadura,El primer evento no fue una colision con un vehiculo automotor en transporte,Not an Intersection,No fue interseccion,Sobre el lado de la calle,Ninguna,Oscuro sin iluminacion,Despejado,No,NO APLICA,99,98,99,98,1,28/09/2022,1
45,South Carolina,450722,1,1,1,0,67,MARION (67),0,NO APLICA,9,Septiembre,28,2022,1,8,US-501,2,US Highway,Rural,Arteria Principal,State Highway Agency,1,Sin jurisdiccion especial,56,34.24040278,-79.39822222,Peaton,El primer evento no fue una colision con un vehiculo automotor en transporte,Not an Intersection,No fue interseccion,Sobre calle,Ninguna,Oscuro sin iluminacion,Despejado,No,NO APLICA,99,99,99,99,1,28/09/2022,2
45,South Carolina,450723,0,0,2,0,75,ORANGEBURG (75),0,NO APLICA,9,Septiembre,28,2022,5,45,US-321 SAVANNAH HWY,2,US Highway,Rural,Arteria Principal,State Highway Agency,1,Sin jurisdiccion especial,185,33.65394444,-81.10358056,Vehiculo en movimiento,Angulo,Four-Way Intersection,Interseccion de 4 direcciones,Sobre calle,Ninguna,Oscuro sin iluminacion,Despejado,No,NO APLICA,99,98,99,98,1,28/09/2022,2
45,South Carolina,450724,1,1,1,0,57,LANCASTER (57),0,NO APLICA,9,Septiembre,28,2022,16,15,SR-9 PAGELAND HWY,3,Highway estatal,Rural,Arteria Principal,State Highway Agency,0,Sin jurisdiccion especial,110,34.73255556,-80.69275278,Peaton,El primer evento no fue una colision con un vehiculo automotor en transporte,Not an Intersection,No fue interseccion,Sobre calle,Ninguna,Dia total,Nublado,No,NO APLICA,99,98,99,98,1,28/09/2022,1
45,South Carolina,450725,0,0,2,0,45,GREENVILLE (45),2615,TRAVELERS REST,9,Septiembre,28,2022,17,25,US-25 N POINSETT HWY,2,US Highway,Urbano,Arteria Principal,State Highway Agency,1,Sin jurisdiccion especial,6,34.97308611,-82.43307222,Vehiculo en movimiento,Frente a frente,Four-Way Intersection,Interseccion de 4 direcciones,Sobre calle,Ninguna,Dia total,Nublado,No,NO APLICA,99,98,99,98,1,28/09/2022,2
45,South Carolina,450726,1,1,1,0,13,BEAUFORT (13),0,NO APLICA,9,Septiembre,29,2022,7,50,CR-MARQUIS WAY,4,Calle del Condado,Urbano,Local,County Highway Agency,0,Sin jurisdiccion especial,1,32.45851111,-80.64928889,Peaton,El primer evento no fue una colision con un vehiculo automotor en transporte,T-Intersection,Interseccion de T,Sobre calle,Ninguna,Dia total,Nublado,No,NO APLICA,99,99,99,99,1,29/09/2022,1
45,South Carolina,450727,1,1,1,0,79,RICHLAND (79),0,NO APLICA,9,Septiembre,29,2022,5,44,SR-768 SHOP RD,3,Highway estatal,Urbano,Arteria Menor,State Highway Agency,0,Sin jurisdiccion especial,20,33.96073056,-80.9875,Peaton,El primer evento no fue una colision con un vehiculo automotor en transporte,Not an Intersection,No fue interseccion,Sobre calle,Ninguna,Oscuro sin iluminacion,Despejado,No,NO APLICA,99,98,99,98,1,29/09/2022,1
45,South Carolina,450728,0,0,1,0,71,NEWBERRY (71),0,NO APLICA,9,Septiembre,30,2022,23,55,SR-40 RED KNOLL RD,3,Highway estatal,Rural,Colector Menor,State Highway Agency,0,Sin jurisdiccion especial,9,34.20951111,-81.35402222,Arbol,El primer evento no fue una colision con un vehiculo automotor en transporte,T-Intersection,Interseccion de T,Sobre el lado de la calle,Ninguna,Oscuro sin iluminacion,lluvia,No,NO APLICA,99,98,99,98,1,30/09/2022,1
45,South Carolina,450729,0,0,1,0,35,DORCHESTER (35),2530,SUMMERVILLE,9,Septiembre,27,2022,8,44,SR-199 TROLLEY RD,3,Highway estatal,Urbano,Arteria Menor,State Highway Agency,0,Sin jurisdiccion especial,21,32.97228056,-80.17031944,Acotamiento,El primer evento no fue una colision con un vehiculo automotor en transporte,Not an Intersection,No fue interseccion,Sobre el lado de la calle,Ninguna,Oscuro - iluminacion desconocida,Reportado como desconocido,No,NO APLICA,99,98,99,98,1,27/09/2022,1
45,South Carolina,450730,0,0,2,0,53,JASPER (53),0,NO APLICA,8,Agosto,15,2022,4,50,I-95,1,Interestatal,Rural,Interestatal,State Highway Agency,1,Sin jurisdiccion especial,8,32.24236111,-81.14216111,Vehiculo en movimiento,Frente a Detrás,Not an Intersection,No fue interseccion,Sobre calle,Ninguna,Oscuro sin iluminacion,Despejado,No,NO APLICA,99,99,99,99,1,15/08/2022,5
45,South Carolina,450731,0,0,3,0,19,CHARLESTON (19),410,CHARLESTON,8,Agosto,23,2022,16,32,SR-404 CALHOUN STREET,3,Highway estatal,Urbano,Arteria Principal,State Highway Agency,0,Sin jurisdiccion especial,1,32.78138889,-79.95251111,Vehiculo en movimiento,Frente a Detrás,Not an Intersection,No fue interseccion,Sobre calle,Ninguna,Dia total,Despejado,No,NO APLICA,99,99,99,99,2,23/08/2022,5
45,South Carolina,450732,0,0,1,0,1,ABBEVILLE (1),0,NO APLICA,8,Agosto,4,2022,17,45,SR-166 DRAKE RD,3,Highway estatal,Rural,Local,State Highway Agency,0,Sin jurisdiccion especial,34,34.41441389,-82.32223056,Zanja,El primer evento no fue una colision con un vehiculo automotor en transporte,Not an Intersection,No fue interseccion,Sobre el lado de la calle,Ninguna,Dia total,Despejado,No,NO APLICA,99,99,99,99,1,04/08/2022,1
45,South Carolina,450733,0,0,2,0,63,LEXINGTON (63),0,NO APLICA,10,Octubre,1,2022,2,0,SR-6 S LAKE DRIVE,3,Highway estatal,Urbano,Arteria Menor,State Highway Agency,0,Sin jurisdiccion especial,125,33.92899444,-81.23858889,Vehiculo en movimiento,Angulo,Not an Intersection,No fue interseccion,Sobre calle,Ninguna,Oscuro sin iluminacion,lluvia,No,NO APLICA,99,99,99,99,1,01/10/2022,4
45,South Carolina,450734,0,0,2,0,75,ORANGEBURG (75),0,NO APLICA,10,Octubre,1,2022,5,45,SR-389 NINETY SIX RD,3,Highway estatal,Rural,Colector Mayor,State Highway Agency,0,Sin jurisdiccion especial,30,33.58169722,-81.210025,Vehiculo en movimiento,Frente a frente,Not an Intersection,No fue interseccion,Sobre calle,Ninguna,Oscuro sin iluminacion,Despejado,No,NO APLICA,99,98,99,98,1,01/10/2022,2
45,South Carolina,450735,0,0,2,0,61,LEE (61),0,NO APLICA,10,Octubre,1,2022,23,40,US-15,2,US Highway,Rural,Arteria Principal,State Highway Agency,1,Sin jurisdiccion especial,64,34.17240833,-80.29636944,Vehiculo en movimiento,Frente a frente,Not an Intersection,No fue interseccion,Sobre calle,Ninguna,Oscuro sin iluminacion,Despejado,No,NO APLICA,99,99,99,99,1,01/10/2022,2
45,South Carolina,450736,0,0,2,0,41,FLORENCE (41),870,FLORENCE,10,Octubre,1,2022,19,22,US-76 W PALMETTO STREET,2,US Highway,Urbano,Arteria Principal,State Highway Agency,1,Sin jurisdiccion especial,153,34.18291944,-79.81748056,Vehiculo en movimiento,Angulo,Four-Way Intersection,Interseccion de 4 direcciones,Sobre calle,Ninguna,Oscuro con iluminacion,Despejado,No,NO APLICA,99,99,99,99,1,01/10/2022,3
45,South Carolina,450737,0,0,1,0,69,MARLBORO (69),0,NO APLICA,10,Octubre,2,2022,1,28,SR-27 NEW BRIDGE RD,3,Highway estatal,Rural,Local,State Highway Agency,0,Sin jurisdiccion especial,36,34.63901111,-79.49493889,Zanja,El primer evento no fue una colision con un vehiculo automotor en transporte,Not an Intersection,No fue interseccion,Sobre el lado de la calle,Ninguna,Oscuro sin iluminacion,Despejado,No,NO APLICA,99,98,99,98,1,02/10/2022,1
45,South Carolina,450738,0,0,1,0,73,OCONEE (73),0,NO APLICA,10,Octubre,2,2022,18,0,US-76 LONG CREEK HWY,2,US Highway,Rural,Arteria Principal,State Highway Agency,1,Sin jurisdiccion especial,67,34.75671111,-83.23941944,Poste de Señal de trafico,El primer evento no fue una colision con un vehiculo automotor en transporte,Not an Intersection,No fue interseccion,Sobre el lado de la calle,Ninguna,Atardecer,Despejado,No,NO APLICA,99,98,99,98,1,02/10/2022,1
45,South Carolina,450739,0,0,2,0,51,HORRY (51),0,NO APLICA,10,Octubre,3,2022,6,32,SR-9 HWY 9,3,Highway estatal,Rural,Arteria Principal,State Highway Agency,0,Sin jurisdiccion especial,267,34.01198056,-78.77676111,Vehiculo en movimiento,Angulo,T-Intersection,Interseccion de T,Sobre calle,Ninguna,Oscuro sin iluminacion,Nublado,Yes,NO APLICA,99,98,99,98,1,03/10/2022,2
45,South Carolina,450740,0,0,1,0,75,ORANGEBURG (75),0,NO APLICA,10,Octubre,3,2022,7,40,US- 21 CHESTNUT STREET,2,US Highway,Urbano,Arteria Principal,State Highway Agency,1,Sin jurisdiccion especial,233,33.499475,-80.84214444,Zanja,El primer evento no fue una colision con un vehiculo automotor en transporte,Not an Intersection,No fue interseccion,Sobre el lado de la calle,Ninguna,Dia total,Nublado,No,NO APLICA,99,98,99,98,1,03/10/2022,1
45,South Carolina,450741,0,0,2,0,71,NEWBERRY (71),0,NO APLICA,10,Octubre,4,2022,9,13,I-26,1,Interestatal,Rural,Interestatal,State Highway Agency,1,Sin jurisdiccion especial,722,34.32610833,-81.60026389,Vehiculo en movimiento,Golpe Lateral - misma direccion,Not an Intersection,No fue interseccion,Sobre calle,Ninguna,Dia total,Despejado,No,NO APLICA,99,98,99,98,1,04/10/2022,2
45,South Carolina,450742,0,0,2,0,75,ORANGEBURG (75),0,NO APLICA,10,Octubre,5,2022,5,45,US-301 FIVE CHOP RD,2,US Highway,Rural,Arteria Principal,State Highway Agency,1,Sin jurisdiccion especial,191,33.46975,-80.79865,Vehiculo en movimiento,Angulo,T-Intersection,Interseccion de T,Sobre calle,Ninguna,Oscuro sin iluminacion,Despejado,No,NO APLICA,99,99,99,99,1,05/10/2022,3
45,South Carolina,450743,0,0,2,0,25,CHESTERFIELD (25),0,NO APLICA,10,Octubre,5,2022,6,40,SR-29 HARTSVILLE RUBY RD,3,Highway estatal,Rural,Colector Mayor,State Highway Agency,0,Sin jurisdiccion especial,33,34.51487222,-80.10233611,Vehiculo en movimiento,Frente a Detrás,Not an Intersection,No fue interseccion,Sobre calle,Ninguna,Oscuro sin iluminacion,Despejado,No,NO APLICA,99,98,99,98,1,05/10/2022,4
45,South Carolina,450744,1,1,1,0,15,BERKELEY (15),0,NO APLICA,10,Octubre,5,2022,21,6,SR-157 ROYAL RD,3,Highway estatal,Urbano,Colector Mayor,State Highway Agency,0,Sin jurisdiccion especial,4,33.04134722,-80.11665,Peaton,El primer evento no fue una colision con un vehiculo automotor en transporte,Not an Intersection,No fue interseccion,Sobre calle,Ninguna,Oscuro sin iluminacion,Despejado,No,NO APLICA,99,99,99,99,1,05/10/2022,1
45,South Carolina,450745,1,1,1,0,83,SPARTANBURG (83),0,NO APLICA,10,Octubre,5,2022,21,47,SR-296 REIDVILLE RD,3,Highway estatal,Urbano,Arteria Menor,State Highway Agency,0,Sin jurisdiccion especial,89,34.88922222,-82.05906111,Peaton,El primer evento no fue una colision con un vehiculo automotor en transporte,Four-Way Intersection,Interseccion de 4 direcciones,Sobre calle,Ninguna,Oscuro sin iluminacion,Despejado,No,NO APLICA,99,98,99,98,1,05/10/2022,1