Estado,Nombre de Estado,Numero de Caso,Peatones,Personas _no_vehiculos,Vehiculos automotores,Vehiculos estacionados,Condado,Nombre Condado,Ciudad,Nombre Ciudad,Mes,Nombre Mes,Dia,Año,Hora,Minuto,Calle,Ruta,Nombre Ruta,Rural o Urbanoo,Sistema Funcional,Dueño Calle,Sistema Nacional Carreteras,Jurisdiccion Especial,Milla,Latitud,Longitud,Causa del Accidente,Tipo de Accidente,Tipo Interseccion,Columna1,Lugar en la calle,Zona de Trabajo,Luz,Clima,Autobus Escolar,Cruce de Trenes,Hora Notificacion,Minuto Notificacion,Hora Llegada,Minuto Llegada,Decesos,Fecha,PersonaVehiculo
45,South Carolina,450746,0,0,1,0,43,GEORGETOWN (43),0,NO APLICA,10,Octubre,5,2022,18,48,US- 17 COUNTY LINE RD,2,US Highway,Rural,Arteria Principal,State Highway Agency,1,Sin jurisdiccion especial,20,33.343175,-79.66200556,Culvert,El primer evento no fue una colision con un vehiculo automotor en transporte,Not an Intersection,No fue interseccion,Sobre el lado de la calle,Ninguna,Atardecer,Despejado,No,NO APLICA,99,98,99,98,1,05/10/2022,1
45,South Carolina,450747,1,1,1,0,79,RICHLAND (79),0,NO APLICA,10,Octubre,6,2022,6,18,SR-955 KELLY MILL RD,3,Highway estatal,Urbano,Colector Mayor,State Highway Agency,0,Sin jurisdiccion especial,31,34.17366111,-80.86230278,Peaton,El primer evento no fue una colision con un vehiculo automotor en transporte,Not an Intersection,No fue interseccion,Sobre calle,Ninguna,Oscuro sin iluminacion,Despejado,No,NO APLICA,99,99,99,99,1,06/10/2022,2
45,South Carolina,450748,0,0,1,0,21,CHEROKEE (21),0,NO APLICA,10,Octubre,6,2022,9,48,SR-145 HORSE CREEK RD,3,Highway estatal,Rural,Local,State Highway Agency,0,Sin jurisdiccion especial,3,35.15179444,-81.84254722,Arbol,El primer evento no fue una colision con un vehiculo automotor en transporte,Not an Intersection,No fue interseccion,Sobre el lado de la calle,Ninguna,Dia total,Despejado,No,NO APLICA,99,98,99,98,1,06/10/2022,1
45,South Carolina,450749,0,0,2,0,45,GREENVILLE (45),0,NO APLICA,9,Septiembre,23,2022,19,35,US-29,2,US Highway,Urbano,Arteria Principal,State Highway Agency,1,Sin jurisdiccion especial,165,34.94191111,-82.25921111,Vehiculo en movimiento,Angulo,T-Intersection,Interseccion de T,Sobre calle,Ninguna,Oscuro con iluminacion,Despejado,No,NO APLICA,99,99,99,99,1,23/09/2022,2
45,South Carolina,450750,1,1,1,0,15,BERKELEY (15),0,NO APLICA,10,Octubre,6,2022,20,20,US-17 ALT,2,US Highway,Urbano,Arteria Principal,State Highway Agency,1,Sin jurisdiccion especial,95,33.12624444,-80.06775278,Peaton,El primer evento no fue una colision con un vehiculo automotor en transporte,Not an Intersection,No fue interseccion,Sobre calle,Ninguna,Oscuro con iluminacion,Despejado,No,NO APLICA,99,98,99,98,1,06/10/2022,1
45,South Carolina,450751,0,0,3,0,25,CHESTERFIELD (25),0,NO APLICA,10,Octubre,7,2022,7,30,US-601 HWY 601,2,US Highway,Rural,Arteria Principal,State Highway Agency,1,Sin jurisdiccion especial,45,34.75253056,-80.43366944,Vehiculo en movimiento,Golpe Lateral - direccion contraria,Not an Intersection,No fue interseccion,Sobre calle,Ninguna,Dia total,Despejado,No,NO APLICA,99,98,99,98,1,07/10/2022,3
45,South Carolina,450752,0,0,1,0,33,DILLON (33),0,NO APLICA,10,Octubre,7,2022,21,0,I-95,1,Interestatal,Rural,Interestatal,State Highway Agency,1,Sin jurisdiccion especial,1790,34.31835556,-79.59118611,Arbol,El primer evento no fue una colision con un vehiculo automotor en transporte,Not an Intersection,No fue interseccion,Sobre el lado de la calle,Ninguna,Oscuro - iluminacion desconocida,Despejado,No,NO APLICA,99,99,99,99,1,07/10/2022,1
45,South Carolina,450753,0,0,1,0,13,BEAUFORT (13),0,NO APLICA,10,Octubre,8,2022,0,59,US-278 SOL BLATT JR PKWY,2,US Highway,Urbano,Arteria Principal,State Highway Agency,1,Sin jurisdiccion especial,7,32.21558056,-80.74276667,Arbol,El primer evento no fue una colision con un vehiculo automotor en transporte,Not an Intersection,No fue interseccion,Sobre el lado de la calle,Ninguna,Oscuro sin iluminacion,Despejado,No,NO APLICA,99,99,99,99,1,08/10/2022,2
45,South Carolina,450754,0,0,2,0,31,DARLINGTON (31),0,NO APLICA,10,Octubre,8,2022,4,55,US-15 N FIFTH STREET,2,US Highway,Urbano,Arteria Principal,State Highway Agency,1,Sin jurisdiccion especial,48,34.39767222,-80.059825,Vehiculo en movimiento,Frente a frente,Not an Intersection,No fue interseccion,Sobre calle,Ninguna,Oscuro con iluminacion,Despejado,No,NO APLICA,99,99,99,99,1,08/10/2022,2
45,South Carolina,450755,0,0,2,0,51,HORRY (51),0,NO APLICA,10,Octubre,3,2022,14,40,SR-905 S HWY 905,3,Highway estatal,Rural,Arteria Menor,State Highway Agency,0,Sin jurisdiccion especial,146,33.90516944,-78.83459444,Vehiculo en movimiento,Frente a frente,Four-Way Intersection,Interseccion de 4 direcciones,Sobre calle,Ninguna,Dia total,Despejado,No,NO APLICA,99,99,99,99,1,03/10/2022,4
45,South Carolina,450756,0,0,1,0,19,CHARLESTON (19),2100,RAVENEL,10,Octubre,4,2022,16,25,SR-92 SALTERS HILL RD,3,Highway estatal,Rural,Colector Mayor,State Highway Agency,0,Sin jurisdiccion especial,43,32.76693056,-80.21803889,Vehiculo Ferrocarril,El primer evento no fue una colision con un vehiculo automotor en transporte,Not an Intersection,No fue interseccion,Sobre calle,Ninguna,Dia total,Despejado,No,Unknown,99,99,99,99,1,04/10/2022,1
45,South Carolina,450757,0,0,1,0,83,SPARTANBURG (83),0,NO APLICA,10,Octubre,4,2022,1,47,SR-814 CAMELOT DRIVE,3,Highway estatal,Urbano,Colector Mayor,State Highway Agency,0,Sin jurisdiccion especial,8,34.93563333,-81.9798,Arbol,El primer evento no fue una colision con un vehiculo automotor en transporte,Not an Intersection,No fue interseccion,Sobre el lado de la calle,Ninguna,Oscuro con iluminacion,Despejado,No,NO APLICA,99,98,99,98,1,04/10/2022,1
45,South Carolina,450758,1,1,1,0,51,HORRY (51),0,NO APLICA,10,Octubre,8,2022,5,40,CR-WAYSIDE RD,4,Calle del Condado,Rural,Local,County Highway Agency,0,Sin jurisdiccion especial,4,33.86618889,-79.13856389,Peaton,El primer evento no fue una colision con un vehiculo automotor en transporte,Not an Intersection,No fue interseccion,Sobre calle,Ninguna,Oscuro sin iluminacion,Despejado,No,NO APLICA,99,98,99,98,1,08/10/2022,1
45,South Carolina,450759,0,0,1,0,83,SPARTANBURG (83),0,NO APLICA,10,Octubre,8,2022,18,35,SR-591 FAIRMONT AVE,3,Highway estatal,Urbano,Colector Mayor,State Highway Agency,0,Sin jurisdiccion especial,0,34.90803611,-82.05114444,Arbol,El primer evento no fue una colision con un vehiculo automotor en transporte,Not an Intersection,No fue interseccion,Sobre el lado de la calle,Ninguna,Dia total,Despejado,No,NO APLICA,99,99,99,99,1,08/10/2022,2
45,South Carolina,450760,0,0,1,0,39,FAIRFIELD (39),0,NO APLICA,10,Octubre,8,2022,20,55,I-77,1,Interestatal,Rural,Interestatal,State Highway Agency,1,Sin jurisdiccion especial,508,34.54607222,-81.00394444,Zanja,El primer evento no fue una colision con un vehiculo automotor en transporte,Not an Intersection,No fue interseccion,Sobre el lado de la calle,Ninguna,Oscuro sin iluminacion,Despejado,No,NO APLICA,99,99,99,99,1,08/10/2022,1
45,South Carolina,450761,1,1,1,0,35,DORCHESTER (35),0,NO APLICA,10,Octubre,8,2022,23,22,SR-62 ASHLEY PHOSPHATE RD,3,Highway estatal,Urbano,Colector Menor,State Highway Agency,0,Sin jurisdiccion especial,15,32.92436111,-80.08658889,Ciclista,El primer evento no fue una colision con un vehiculo automotor en transporte,Not an Intersection,No fue interseccion,Sobre calle,Ninguna,Oscuro - iluminacion desconocida,Despejado,No,NO APLICA,99,98,99,98,1,08/10/2022,1
45,South Carolina,450762,0,0,1,0,75,ORANGEBURG (75),0,NO APLICA,10,Octubre,9,2022,2,15,US-601 SAINT MATTHEWS RD,2,US Highway,Rural,Arteria Principal,State Highway Agency,1,Sin jurisdiccion especial,231,33.59150833,-80.81106111,Banqueta,El primer evento no fue una colision con un vehiculo automotor en transporte,Not an Intersection,No fue interseccion,Sobre el lado de la calle,Ninguna,Oscuro con iluminacion,Despejado,No,NO APLICA,99,98,99,98,1,09/10/2022,1
45,South Carolina,450763,0,0,3,0,53,JASPER (53),0,NO APLICA,10,Octubre,9,2022,5,5,US-17 SPEEDWAY BLVD,2,US Highway,Rural,Arteria Principal,State Highway Agency,1,Sin jurisdiccion especial,13,32.11578056,-81.07365,Barrera de Trafico de Concreto,El primer evento no fue una colision con un vehiculo automotor en transporte,Not an Intersection,No fue interseccion,Sobre el lado de la calle,Ninguna,Oscuro sin iluminacion,Despejado,No,NO APLICA,99,99,99,99,1,09/10/2022,5
45,South Carolina,450764,0,0,2,0,7,ANDERSON (7),0,NO APLICA,10,Octubre,9,2022,16,53,CR-CEMETARY RD,4,Calle del Condado,Rural,Local,County Highway Agency,0,Sin jurisdiccion especial,7,34.32125556,-82.69435278,Vehiculo en movimiento,Angulo,Four-Way Intersection,Interseccion de 4 direcciones,Sobre calle,Ninguna,Dia total,Despejado,No,NO APLICA,99,99,99,99,1,09/10/2022,7
45,South Carolina,450765,0,0,1,0,19,CHARLESTON (19),410,CHARLESTON,10,Octubre,9,2022,16,30,SR-54 RIVER RD,3,Highway estatal,Rural,Arteria Menor,State Highway Agency,0,Sin jurisdiccion especial,125,32.76809444,-80.07214444,Arbol,El primer evento no fue una colision con un vehiculo automotor en transporte,Not an Intersection,No fue interseccion,Sobre el lado de la calle,Ninguna,Dia total,Despejado,No,NO APLICA,99,98,99,98,1,09/10/2022,1
45,South Carolina,450766,0,0,2,0,15,BERKELEY (15),0,NO APLICA,10,Octubre,10,2022,19,49,SR-62 COLLEGE PARK RD,3,Highway estatal,Urbano,Colector Mayor,State Highway Agency,0,Sin jurisdiccion especial,18,33.04111111,-80.097225,Vehiculo en movimiento,Angulo,Four-Way Intersection,Interseccion de 4 direcciones,Sobre calle,Ninguna,Oscuro sin iluminacion,Despejado,No,NO APLICA,99,99,99,99,1,10/10/2022,2
45,South Carolina,450767,0,0,3,0,75,ORANGEBURG (75),0,NO APLICA,10,Octubre,10,2022,7,40,US-321 SAVANNAH HWY,2,US Highway,Rural,Arteria Principal,State Highway Agency,1,Sin jurisdiccion especial,67,33.49028333,-81.118425,Vehiculo en movimiento,Frente a frente,Not an Intersection,No fue interseccion,Sobre calle,Ninguna,Oscuro sin iluminacion,lluvia,No,NO APLICA,99,99,99,99,1,10/10/2022,6
45,South Carolina,450768,0,0,1,0,75,ORANGEBURG (75),0,NO APLICA,10,Octubre,10,2022,12,15,I-26,1,Interestatal,Rural,Interestatal,State Highway Agency,1,Sin jurisdiccion especial,1665,33.34338056,-80.57466111,Zanja,El primer evento no fue una colision con un vehiculo automotor en transporte,Not an Intersection,No fue interseccion,Sobre el lado de la calle,Ninguna,Dia total,Despejado,No,NO APLICA,99,98,99,98,1,10/10/2022,1
45,South Carolina,450769,1,1,1,0,7,ANDERSON (7),0,NO APLICA,10,Octubre,10,2022,14,15,SR-76 MIDWAY RD,3,Highway estatal,Rural,Colector Mayor,State Highway Agency,0,Sin jurisdiccion especial,10,34.66349167,-82.53771111,Peaton,El primer evento no fue una colision con un vehiculo automotor en transporte,Not an Intersection,No fue interseccion,Sobre calle,Ninguna,Dia total,Despejado,No,NO APLICA,99,99,99,99,1,10/10/2022,2
45,South Carolina,450770,0,0,2,0,35,DORCHESTER (35),0,NO APLICA,10,Octubre,11,2022,12,5,US-78 W 5TH STREET NORTH,2,US Highway,Rural,Arteria Principal,State Highway Agency,1,Sin jurisdiccion especial,295,33.07763056,-80.259275,Vehiculo en movimiento,Frente a frente,Not an Intersection,No fue interseccion,Sobre calle,Ninguna,Dia total,Despejado,No,NO APLICA,99,99,99,99,1,11/10/2022,3
45,South Carolina,450771,0,0,2,0,19,CHARLESTON (19),410,CHARLESTON,9,Septiembre,4,2022,21,17,SR-461 GLENN MCCONNELL,3,Highway estatal,Urbano,Arteria Principal,State Highway Agency,0,Sin jurisdiccion especial,8,32.81953056,-80.06733056,Vehiculo en movimiento,Angulo,Four-Way Intersection,Interseccion de 4 direcciones,Sobre calle,Ninguna,Oscuro - iluminacion desconocida,Despejado,No,NO APLICA,99,99,99,99,1,04/09/2022,2
45,South Carolina,450772,1,1,1,0,19,CHARLESTON (19),410,CHARLESTON,9,Septiembre,6,2022,22,4,SR-61 ASHLEY RIVER RD,3,Highway estatal,Urbano,Arteria Menor,State Highway Agency,0,Sin jurisdiccion especial,74,32.81801944,-80.03361944,Ciclista,El primer evento no fue una colision con un vehiculo automotor en transporte,Not an Intersection,No fue interseccion,Sobre calle,Ninguna,Oscuro sin iluminacion,Despejado,No,NO APLICA,99,99,99,99,1,06/09/2022,1
45,South Carolina,450773,0,0,1,0,75,ORANGEBURG (75),0,NO APLICA,10,Octubre,11,2022,23,23,SR-332,3,Highway estatal,Rural,Colector Mayor,State Highway Agency,0,Sin jurisdiccion especial,72,33.45246111,-81.13489722,Poste,El primer evento no fue una colision con un vehiculo automotor en transporte,Not an Intersection,No fue interseccion,Sobre el lado de la calle,Ninguna,Oscuro sin iluminacion,Despejado,No,NO APLICA,99,98,99,98,1,11/10/2022,1
45,South Carolina,450774,1,1,1,0,35,DORCHESTER (35),0,NO APLICA,10,Octubre,11,2022,20,25,SR-62 ASHLEY PHOSPHATE RD,3,Highway estatal,Urbano,Arteria Menor,State Highway Agency,0,Sin jurisdiccion especial,15,32.92243611,-80.09477222,Peaton,El primer evento no fue una colision con un vehiculo automotor en transporte,Not an Intersection,No fue interseccion,Sobre calle,Ninguna,Oscuro con iluminacion,Despejado,No,NO APLICA,99,98,99,98,1,11/10/2022,3
45,South Carolina,450775,1,1,1,0,21,CHEROKEE (21),0,NO APLICA,10,Octubre,12,2022,6,33,SR-65 HOLLY RIDGE RD,3,Highway estatal,Rural,Colector Mayor,State Highway Agency,0,Sin jurisdiccion especial,7,35.16931111,-81.50650556,Ciclista,El primer evento no fue una colision con un vehiculo automotor en transporte,Not an Intersection,No fue interseccion,Sobre calle,Ninguna,Oscuro sin iluminacion,Despejado,No,NO APLICA,99,99,99,99,1,12/10/2022,1
45,South Carolina,450776,1,1,1,0,21,CHEROKEE (21),0,NO APLICA,10,Octubre,12,2022,21,49,US-29 CHEOKEE AVE,2,US Highway,Rural,Arteria Principal,State Highway Agency,1,Sin jurisdiccion especial,138,35.08088611,-81.58856667,Peaton,El primer evento no fue una colision con un vehiculo automotor en transporte,Not an Intersection,No fue interseccion,Sobre calle,Ninguna,Oscuro sin iluminacion,Despejado,No,NO APLICA,99,98,99,98,1,12/10/2022,1
45,South Carolina,450777,0,0,2,0,25,CHESTERFIELD (25),0,NO APLICA,10,Octubre,12,2022,15,56,SR-46 MIDDENDORF RD,3,Highway estatal,Rural,Colector Mayor,State Highway Agency,0,Sin jurisdiccion especial,40,34.49621111,-80.16759722,Vehiculo en movimiento,Frente a frente,Not an Intersection,No fue interseccion,Sobre calle,Ninguna,Dia total,Despejado,No,NO APLICA,99,99,99,99,2,12/10/2022,4
45,South Carolina,450778,1,1,1,0,79,RICHLAND (79),520,COLUMBIA,7,Julio,8,2022,20,32,SR-555 FARROW RD,3,Highway estatal,Urbano,Arteria Menor,State Highway Agency,0,Sin jurisdiccion especial,78,34.03634444,-81.02301667,Peaton,El primer evento no fue una colision con un vehiculo automotor en transporte,Four-Way Intersection,Interseccion de 4 direcciones,Sobre calle,Ninguna,Atardecer,Despejado,No,NO APLICA,99,99,99,99,1,08/07/2022,1
45,South Carolina,450779,0,0,2,0,19,CHARLESTON (19),1805,NORTH CHARLESTON,10,Octubre,13,2022,15,56,US-52 HWY 52,2,US Highway,Urbano,Arteria Principal,State Highway Agency,1,Sin jurisdiccion especial,134,32.96075,-80.04358056,Vehiculo en movimiento,Angulo,T-Intersection,Interseccion de T,Sobre calle,Ninguna,Dia total,Despejado,No,NO APLICA,99,99,99,99,1,13/10/2022,3
45,South Carolina,450780,0,0,2,0,51,HORRY (51),0,NO APLICA,10,Octubre,13,2022,17,13,CR-RIVER OAKS DRIVE,4,Calle del Condado,Urbano,Arteria Menor,County Highway Agency,0,Sin jurisdiccion especial,45,33.72234444,-78.92118333,Vehiculo en movimiento,Angulo,Not an Intersection,No fue interseccion,Sobre calle,Ninguna,Dia total,Despejado,No,NO APLICA,99,99,99,99,1,13/10/2022,2
45,South Carolina,450781,1,1,1,0,83,SPARTANBURG (83),0,NO APLICA,10,Octubre,13,2022,19,18,SR-11 CHEROKEE FOOTHILLS SCENI,3,Highway estatal,Rural,Colector Mayor,State Highway Agency,0,Sin jurisdiccion especial,158,35.1442,-81.98070556,Peaton,El primer evento no fue una colision con un vehiculo automotor en transporte,Not an Intersection,No fue interseccion,Sobre calle,Ninguna,Atardecer,Despejado,No,NO APLICA,99,99,99,99,1,13/10/2022,1
45,South Carolina,450782,1,1,2,1,35,DORCHESTER (35),0,NO APLICA,10,Octubre,14,2022,22,50,I-26,1,Interestatal,Rural,Interestatal,State Highway Agency,1,Sin jurisdiccion especial,1751,33.25568333,-80.47332222,Vehiculo Aparcado,El primer evento no fue una colision con un vehiculo automotor en transporte,Not an Intersection,No fue interseccion,Sobre calle,Ninguna,Oscuro sin iluminacion,Despejado,No,NO APLICA,99,98,99,98,1,14/10/2022,3
45,South Carolina,450783,0,0,2,0,45,GREENVILLE (45),1040,GREENVILLE,10,Octubre,14,2022,0,38,US-29 N CHURCH STREET,2,US Highway,Urbano,Arteria Principal,State Highway Agency,1,Sin jurisdiccion especial,67,34.85506111,-82.39131389,Vehiculo en movimiento,Angulo,Four-Way Intersection,Interseccion de 4 direcciones,Sobre calle,Ninguna,Oscuro con iluminacion,Despejado,No,NO APLICA,99,98,99,98,1,14/10/2022,2
45,South Carolina,450784,1,1,1,0,79,RICHLAND (79),520,COLUMBIA,10,Octubre,14,2022,5,25,SR-277,3,Highway estatal,Urbano,Arteria Principal,State Highway Agency,1,Sin jurisdiccion especial,21,34.03401667,-81.02916944,Peaton,El primer evento no fue una colision con un vehiculo automotor en transporte,Not an Intersection,No fue interseccion,Sobre calle,Ninguna,Oscuro sin iluminacion,Despejado,No,NO APLICA,99,98,99,98,1,14/10/2022,1
45,South Carolina,450785,0,0,2,0,15,BERKELEY (15),0,NO APLICA,10,Octubre,15,2022,6,25,SR-1206 NEXTON PKWY,3,Highway estatal,Rural,Colector Mayor,State Highway Agency,0,Sin jurisdiccion especial,34,33.09128611,-80.13858333,Vehiculo en movimiento,Frente a frente,Not an Intersection,No fue interseccion,Sobre calle,Ninguna,Oscuro con iluminacion,Despejado,No,NO APLICA,99,99,99,99,1,15/10/2022,2
45,South Carolina,450786,0,0,1,0,85,SUMTER (85),0,NO APLICA,10,Octubre,15,2022,19,6,SR-28 RACOON RD,3,Highway estatal,Rural,Local,State Highway Agency,0,Sin jurisdiccion especial,14,33.97998889,-80.52521111,Animal vivo,El primer evento no fue una colision con un vehiculo automotor en transporte,Not an Intersection,No fue interseccion,Sobre calle,Ninguna,Oscuro sin iluminacion,Despejado,No,NO APLICA,99,99,99,99,1,15/10/2022,1
45,South Carolina,450787,0,0,1,0,7,ANDERSON (7),0,NO APLICA,10,Octubre,15,2022,22,2,SR-489 PARNELL RD,3,Highway estatal,Rural,Local,State Highway Agency,0,Sin jurisdiccion especial,7,34.43563889,-82.56850556,Buzon de correo,El primer evento no fue una colision con un vehiculo automotor en transporte,Not an Intersection,No fue interseccion,Sobre el lado de la calle,Ninguna,Oscuro sin iluminacion,Despejado,No,NO APLICA,99,99,99,99,1,15/10/2022,1
45,South Carolina,450788,0,0,1,0,19,CHARLESTON (19),1805,NORTH CHARLESTON,10,Octubre,15,2022,1,15,US-52 RIVERS AVE,2,US Highway,Urbano,Arteria Principal,State Highway Agency,1,Sin jurisdiccion especial,121,32.94426111,-80.0474,Arbol,El primer evento no fue una colision con un vehiculo automotor en transporte,Not an Intersection,No fue interseccion,Sobre el lado de la calle,Ninguna,Oscuro sin iluminacion,Despejado,No,NO APLICA,99,98,99,98,1,15/10/2022,1
45,South Carolina,450789,0,0,1,0,83,SPARTANBURG (83),2460,SPARTANBURG,10,Octubre,15,2022,22,45,US-29 W O EZELL BLVD,2,US Highway,Urbano,Arteria Principal,State Highway Agency,1,Sin jurisdiccion especial,158,34.94133056,-81.95433889,Poste,El primer evento no fue una colision con un vehiculo automotor en transporte,Not an Intersection,No fue interseccion,Sobre el lado de la calle,Ninguna,Oscuro con iluminacion,Despejado,No,NO APLICA,99,99,99,99,1,15/10/2022,4
45,South Carolina,450790,1,1,1,0,91,YORK (91),2200,ROCK HILL,10,Octubre,15,2022,17,24,SR-122 DAVE LYLE BLVD,3,Highway estatal,Urbano,Arteria Principal,State Highway Agency,0,Sin jurisdiccion especial,37,34.94098889,-80.97951111,Peaton,El primer evento no fue una colision con un vehiculo automotor en transporte,Four-Way Intersection,Interseccion de 4 direcciones,Sobre calle,Ninguna,Dia total,Despejado,No,NO APLICA,99,98,99,98,1,15/10/2022,2
45,South Carolina,450791,0,0,1,0,85,SUMTER (85),0,NO APLICA,10,Octubre,14,2022,23,43,US-521 CAMDEN HWY,2,US Highway,Urbano,Arteria Principal,State Highway Agency,1,Sin jurisdiccion especial,143,33.96561944,-80.38441111,Banqueta,El primer evento no fue una colision con un vehiculo automotor en transporte,Four-Way Intersection,Interseccion de 4 direcciones,Sobre el lado de la calle,Ninguna,Oscuro con iluminacion,Despejado,No,NO APLICA,99,99,99,99,1,14/10/2022,5
45,South Carolina,450792,0,0,1,0,85,SUMTER (85),2550,SUMTER,10,Octubre,16,2022,0,0,SR-227 W OAKLAND AVE,3,Highway estatal,Urbano,Colector Mayor,State Highway Agency,0,Sin jurisdiccion especial,30,33.91503889,-80.36431944,Arbol,El primer evento no fue una colision con un vehiculo automotor en transporte,Not an Intersection,No fue interseccion,Sobre el lado de la calle,Ninguna,Oscuro con iluminacion,Despejado,No,NO APLICA,99,99,99,99,1,16/10/2022,1
45,South Carolina,450793,1,1,1,0,83,SPARTANBURG (83),2460,SPARTANBURG,10,Octubre,17,2022,19,32,US-29 E MAIN STREET,2,US Highway,Urbano,Arteria Principal,State Highway Agency,1,Sin jurisdiccion especial,202,34.9686,-81.89116111,Peaton,El primer evento no fue una colision con un vehiculo automotor en transporte,Four-Way Intersection,Interseccion de 4 direcciones,Sobre calle,Ninguna,Oscuro con iluminacion,Despejado,No,NO APLICA,99,99,99,99,1,17/10/2022,1
45,South Carolina,450794,1,1,1,0,51,HORRY (51),0,NO APLICA,10,Octubre,19,2022,5,42,SR-410 GREEN SEA RD,3,Highway estatal,Rural,Colector Mayor,State Highway Agency,0,Sin jurisdiccion especial,115,34.12865,-78.97535556,Peaton,El primer evento no fue una colision con un vehiculo automotor en transporte,Not an Intersection,No fue interseccion,Sobre calle,Ninguna,Oscuro sin iluminacion,Despejado,No,NO APLICA,99,98,99,98,1,19/10/2022,1
45,South Carolina,450795,0,0,2,0,51,HORRY (51),1730,MYRTLE BEACH,10,Octubre,19,2022,19,50,SR-1315 ROBERT GRISSOM PKWY,3,Highway estatal,Urbano,Arteria Menor,State Highway Agency,0,Sin jurisdiccion especial,14,33.701,-78.903,Vehiculo en movimiento,Frente a frente,Four-Way Intersection,Interseccion de 4 direcciones,Sobre calle,Ninguna,Oscuro con iluminacion,Despejado,No,NO APLICA,99,99,99,99,1,19/10/2022,5
45,South Carolina,450796,0,0,2,0,13,BEAUFORT (13),0,NO APLICA,10,Octubre,20,2022,6,0,US-21 TRASK PKWY,2,US Highway,Urbano,Arteria Principal,State Highway Agency,1,Sin jurisdiccion especial,274,32.46693056,-80.73593056,Vehiculo en movimiento,Frente a Detrás,Not an Intersection,No fue interseccion,Sobre calle,Ninguna,Oscuro sin iluminacion,Despejado,No,NO APLICA,99,99,99,99,1,20/10/2022,2
45,South Carolina,450797,0,0,1,0,3,AIKEN (3),0,NO APLICA,10,Octubre,20,2022,22,53,SR-2303 GLENWOOD DRIVE,3,Highway estatal,Urbano,Local,State Highway Agency,0,Sin jurisdiccion especial,4,33.48417222,-81.76594444,Culvert,El primer evento no fue una colision con un vehiculo automotor en transporte,Not an Intersection,No fue interseccion,Sobre el lado de la calle,Ninguna,Oscuro sin iluminacion,Despejado,No,NO APLICA,99,98,99,98,1,20/10/2022,1
45,South Carolina,450798,0,0,2,0,49,HAMPTON (49),0,NO APLICA,10,Octubre,21,2022,19,12,US-17 ALT,2,US Highway,Rural,Arteria Principal,State Highway Agency,1,Sin jurisdiccion especial,5,32.68035278,-80.86011667,Vehiculo en movimiento,Frente a frente,Not an Intersection,No fue interseccion,Sobre calle,Ninguna,Oscuro sin iluminacion,Despejado,No,NO APLICA,99,99,99,99,2,21/10/2022,4
45,South Carolina,450799,1,1,1,0,45,GREENVILLE (45),0,NO APLICA,4,Abril,22,2022,22,30,SR-55 FAIRVIEW RD,3,Highway estatal,Rural,Colector Mayor,State Highway Agency,0,Sin jurisdiccion especial,40,34.65133056,-82.25741111,Ciclista,El primer evento no fue una colision con un vehiculo automotor en transporte,Not an Intersection,No fue interseccion,Sobre calle,Construccion,Oscuro sin iluminacion,Despejado,No,NO APLICA,99,99,99,99,1,22/04/2022,1
45,South Carolina,450800,0,0,1,0,41,FLORENCE (41),0,NO APLICA,4,Abril,18,2022,8,26,SR-327 N WILLSISTON RD,3,Highway estatal,Rural,Arteria Menor,State Highway Agency,0,Sin jurisdiccion especial,224,34.28860556,-79.702175,Poste,El primer evento no fue una colision con un vehiculo automotor en transporte,Not an Intersection,No fue interseccion,Sobre el lado de la calle,Ninguna,Dia total,lluvia,No,NO APLICA,99,99,99,99,1,18/04/2022,4
45,South Carolina,450801,0,0,2,0,15,BERKELEY (15),0,NO APLICA,9,Septiembre,17,2022,15,35,US-176 STATE RD,2,US Highway,Rural,Arteria Principal,State Highway Agency,1,Sin jurisdiccion especial,77,33.20836944,-80.25726111,Vehiculo en movimiento,Angulo,Four-Way Intersection,Interseccion de 4 direcciones,Sobre calle,Ninguna,Dia total,Despejado,No,NO APLICA,99,99,99,99,1,17/09/2022,4
45,South Carolina,450803,1,1,1,0,41,FLORENCE (41),0,NO APLICA,10,Octubre,21,2022,21,40,I-95,1,Interestatal,Urbano,Interestatal,State Highway Agency,1,Sin jurisdiccion especial,1637,34.22378611,-79.80565278,Peaton,El primer evento no fue una colision con un vehiculo automotor en transporte,Not an Intersection,No fue interseccion,Sobre calle,Ninguna,Oscuro sin iluminacion,Despejado,No,NO APLICA,99,98,99,98,1,21/10/2022,1
45,South Carolina,450804,0,0,2,0,45,GREENVILLE (45),1040,GREENVILLE,10,Octubre,22,2022,22,10,SR-291 N PLEASANTBURG DRIVE,3,Highway estatal,Urbano,Arteria Principal,State Highway Agency,0,Sin jurisdiccion especial,74,34.86523611,-82.357525,Vehiculo en movimiento,Frente a Detrás,T-Intersection,Interseccion de T,Sobre calle,Ninguna,Oscuro sin iluminacion,Despejado,No,NO APLICA,99,98,99,98,1,22/10/2022,3
45,South Carolina,450805,0,0,1,0,43,GEORGETOWN (43),0,NO APLICA,10,Octubre,6,2022,23,11,SR-24 POWELL RD,3,Highway estatal,Rural,Colector Menor,State Highway Agency,0,Sin jurisdiccion especial,72,33.27903889,-79.44235278,Zanja,El primer evento no fue una colision con un vehiculo automotor en transporte,Not an Intersection,No fue interseccion,Sobre el lado de la calle,Ninguna,Oscuro sin iluminacion,Despejado,No,NO APLICA,99,99,99,99,1,06/10/2022,1