Estado,Nombre de Estado,Numero de Caso,Peatones,Personas _no_vehiculos,Vehiculos automotores,Vehiculos estacionados,Condado,Nombre Condado,Ciudad,Nombre Ciudad,Mes,Nombre Mes,Dia,Año,Hora,Minuto,Calle,Ruta,Nombre Ruta,Rural o Urbanoo,Sistema Funcional,Dueño Calle,Sistema Nacional Carreteras,Jurisdiccion Especial,Milla,Latitud,Longitud,Causa del Accidente,Tipo de Accidente,Tipo Interseccion,Columna1,Lugar en la calle,Zona de Trabajo,Luz,Clima,Autobus Escolar,Cruce de Trenes,Hora Notificacion,Minuto Notificacion,Hora Llegada,Minuto Llegada,Decesos,Fecha,PersonaVehiculo
45,South Carolina,450806,0,0,1,0,15,BERKELEY (15),0,NO APLICA,10,Octubre,9,2022,1,15,SR-1258 FARMINGTON RD,3,Highway estatal,Urbano,Local,State Highway Agency,0,Sin jurisdiccion especial,3,33.03561667,-80.14531111,Valla Ferrocarril,El primer evento no fue una colision con un vehiculo automotor en transporte,Not an Intersection,No fue interseccion,Sobre el lado de la calle,Ninguna,Oscuro con iluminacion,Despejado,No,NO APLICA,99,99,99,99,1,09/10/2022,4
45,South Carolina,450807,0,0,1,0,45,GREENVILLE (45),0,NO APLICA,10,Octubre,22,2022,4,46,SR-477 WELCOME  AVE EXT,3,Highway estatal,Urbano,Local,State Highway Agency,0,Sin jurisdiccion especial,0,34.82503333,-82.45311389,Arbol,El primer evento no fue una colision con un vehiculo automotor en transporte,T-Intersection,Interseccion de T,Sobre el lado de la calle,Ninguna,Oscuro - iluminacion desconocida,Despejado,No,NO APLICA,99,98,99,98,1,22/10/2022,1
45,South Carolina,450808,0,0,1,0,45,GREENVILLE (45),0,NO APLICA,10,Octubre,22,2022,17,17,SR-20 S PIEDMONT HWY,3,Highway estatal,Urbano,Arteria Menor,State Highway Agency,0,Sin jurisdiccion especial,9,34.66908889,-82.45576667,Zanja,El primer evento no fue una colision con un vehiculo automotor en transporte,Not an Intersection,No fue interseccion,Sobre el lado de la calle,Ninguna,Dia total,Despejado,No,NO APLICA,99,99,99,99,1,22/10/2022,2
45,South Carolina,450809,0,0,1,0,31,DARLINGTON (31),0,NO APLICA,10,Octubre,22,2022,22,0,SR-35 S CHARLESTON RD,3,Highway estatal,Rural,Colector Mayor,State Highway Agency,0,Sin jurisdiccion especial,60,34.32931944,-79.75468889,Arbol,El primer evento no fue una colision con un vehiculo automotor en transporte,Not an Intersection,No fue interseccion,Sobre el lado de la calle,Ninguna,Oscuro sin iluminacion,Despejado,No,NO APLICA,99,99,99,99,1,22/10/2022,1
45,South Carolina,450810,1,1,1,0,23,CHESTER (23),1020,GREAT FALLS,10,Octubre,22,2022,23,7,US-99 CHESTER AVE,2,US Highway,Rural,Arteria Principal,State Highway Agency,1,Sin jurisdiccion especial,28,34.582925,-80.90711111,Peaton,El primer evento no fue una colision con un vehiculo automotor en transporte,T-Intersection,Interseccion de T,Sobre calle,Ninguna,Oscuro - iluminacion desconocida,Despejado,No,NO APLICA,99,98,99,98,1,22/10/2022,1
45,South Carolina,450811,0,0,1,0,91,YORK (91),0,NO APLICA,10,Octubre,24,2022,10,40,SR-49 SHARON RD,3,Highway estatal,Rural,Colector Menor,State Highway Agency,0,Sin jurisdiccion especial,135,34.96788611,-81.30842222,Arbol,El primer evento no fue una colision con un vehiculo automotor en transporte,Not an Intersection,No fue interseccion,Sobre el lado de la calle,Ninguna,Dia total,Despejado,No,NO APLICA,99,98,99,98,1,24/10/2022,1
45,South Carolina,450812,0,0,2,0,79,RICHLAND (79),0,NO APLICA,10,Octubre,24,2022,11,10,US-601 MCCORDS FERRY RD,2,US Highway,Rural,Arteria Principal,State Highway Agency,1,Sin jurisdiccion especial,5,33.76000833,-80.64332778,Valla Ferrocarril,El primer evento no fue una colision con un vehiculo automotor en transporte,Not an Intersection,No fue interseccion,Sobre el lado de la calle,Ninguna,Dia total,Despejado,No,NO APLICA,99,98,99,98,1,24/10/2022,2
45,South Carolina,450813,0,0,2,0,83,SPARTANBURG (83),0,NO APLICA,10,Octubre,24,2022,16,55,SR-296 REIDVILLE RD,3,Highway estatal,Urbano,Arteria Menor,State Highway Agency,0,Sin jurisdiccion especial,117,34.90450833,-82.032675,Vehiculo en movimiento,Frente a frente,Not an Intersection,No fue interseccion,Sobre calle,Ninguna,Dia total,Despejado,No,NO APLICA,99,99,99,99,1,24/10/2022,2
45,South Carolina,450814,1,1,1,0,49,HAMPTON (49),920,FURMAN,10,Octubre,24,2022,19,25,US-601 SAVANNAH HWY,2,US Highway,Rural,Arteria Principal,State Highway Agency,1,Sin jurisdiccion especial,27,32.675275,-81.18573889,Peaton,El primer evento no fue una colision con un vehiculo automotor en transporte,Not an Intersection,No fue interseccion,Sobre calle,Ninguna,Oscuro sin iluminacion,Despejado,No,NO APLICA,99,98,99,98,1,24/10/2022,1
45,South Carolina,450815,1,1,1,0,45,GREENVILLE (45),0,NO APLICA,10,Octubre,25,2022,20,25,US-25,2,US Highway,Urbano,Arteria Principal,State Highway Agency,1,Sin jurisdiccion especial,383,34.98043611,-82.42631111,Peaton,El primer evento no fue una colision con un vehiculo automotor en transporte,Not an Intersection,No fue interseccion,Sobre calle,Ninguna,Oscuro sin iluminacion,Despejado,No,NO APLICA,99,98,99,98,1,25/10/2022,1
45,South Carolina,450816,0,0,2,0,83,SPARTANBURG (83),0,NO APLICA,10,Octubre,25,2022,17,51,SR-14 HWY 14,3,Highway estatal,Rural,Arteria Menor,State Highway Agency,0,Sin jurisdiccion especial,239,35.16128611,-82.20116111,Vehiculo en movimiento,Frente a frente,Not an Intersection,No fue interseccion,Sobre calle,Ninguna,Dia total,Despejado,No,NO APLICA,99,99,99,99,1,25/10/2022,2
45,South Carolina,450817,0,0,1,0,49,HAMPTON (49),0,NO APLICA,10,Octubre,25,2022,21,0,SR-63 WALTERBORO HWY,3,Highway estatal,Rural,Colector Mayor,State Highway Agency,0,Sin jurisdiccion especial,30,32.87731389,-81.03977222,Zanja,El primer evento no fue una colision con un vehiculo automotor en transporte,T-Intersection,Interseccion de T,Sobre el lado de la calle,Ninguna,Oscuro sin iluminacion,Despejado,No,NO APLICA,99,99,99,99,1,25/10/2022,1
45,South Carolina,450818,0,0,2,0,35,DORCHESTER (35),645,DORCHESTER,10,Octubre,25,2022,10,0,US-76 HWY 76,2,US Highway,Rural,Arteria Principal,State Highway Agency,1,Sin jurisdiccion especial,202,33.13677778,-80.39086944,Vehiculo en movimiento,Frente a frente,Not an Intersection,No fue interseccion,Sobre calle,Ninguna,Dia total,Despejado,No,NO APLICA,99,98,99,98,1,25/10/2022,2
45,South Carolina,450819,1,1,1,0,19,CHARLESTON (19),410,CHARLESTON,10,Octubre,25,2022,22,2,SR-642 DORCHESTER RD,3,Highway estatal,Urbano,Arteria Principal,State Highway Agency,0,Sin jurisdiccion especial,20,32.88471111,-80.06641111,Peaton,El primer evento no fue una colision con un vehiculo automotor en transporte,Not an Intersection,No fue interseccion,Sobre calle,Ninguna,Oscuro con iluminacion,Neblina o Humo,No,NO APLICA,99,98,99,98,1,25/10/2022,1
45,South Carolina,450820,0,0,1,0,59,LAURENS (59),0,NO APLICA,10,Octubre,26,2022,23,31,SR-67 DURBIN RD,3,Highway estatal,Rural,Colector Mayor,State Highway Agency,0,Sin jurisdiccion especial,16,34.70125833,-82.16400833,Acotamiento,El primer evento no fue una colision con un vehiculo automotor en transporte,Not an Intersection,No fue interseccion,Sobre el lado de la calle,Ninguna,Oscuro - iluminacion desconocida,Despejado,No,NO APLICA,99,99,99,99,1,26/10/2022,1
45,South Carolina,450821,0,0,2,0,51,HORRY (51),0,NO APLICA,10,Octubre,26,2022,5,38,SR-9 HWY 9,3,Highway estatal,Rural,Arteria Principal,State Highway Agency,0,Sin jurisdiccion especial,17,34.21458333,-79.10757778,Vehiculo en movimiento,Angulo,Four-Way Intersection,Interseccion de 4 direcciones,Sobre calle,Ninguna,Oscuro sin iluminacion,Neblina o Humo,No,NO APLICA,99,98,99,98,1,26/10/2022,3
45,South Carolina,450822,0,0,4,0,83,SPARTANBURG (83),0,NO APLICA,10,Octubre,26,2022,10,35,I-85,1,Interestatal,Rural,Interestatal,State Highway Agency,1,Sin jurisdiccion especial,827,35.04229444,-81.82077778,Fin de valla,El primer evento no fue una colision con un vehiculo automotor en transporte,Not an Intersection,No fue interseccion,Sobre el lado de la calle,Ninguna,Dia total,Nublado,No,NO APLICA,99,99,99,99,1,26/10/2022,4
45,South Carolina,450823,0,0,1,0,77,PICKENS (77),0,NO APLICA,10,Octubre,26,2022,7,35,CR-FINLEY RD,4,Calle del Condado,Rural,Local,County Highway Agency,0,Sin jurisdiccion especial,1,34.76843611,-82.634625,Arbol,El primer evento no fue una colision con un vehiculo automotor en transporte,Not an Intersection,No fue interseccion,Sobre el lado de la calle,Ninguna,Amanecer,Despejado,No,NO APLICA,99,99,99,99,1,26/10/2022,2
45,South Carolina,450824,0,0,2,0,51,HORRY (51),0,NO APLICA,10,Octubre,27,2022,20,21,SR-90 HWY 90,3,Highway estatal,Rural,Arteria Menor,State Highway Agency,0,Sin jurisdiccion especial,185,33.86116944,-78.72686944,Vehiculo en movimiento,Angulo,Not an Intersection,No fue interseccion,Sobre calle,Ninguna,Oscuro sin iluminacion,Despejado,No,NO APLICA,99,99,99,99,1,27/10/2022,2
45,South Carolina,450825,0,0,1,0,59,LAURENS (59),0,NO APLICA,10,Octubre,27,2022,6,54,SR-560 HWY 560,3,Highway estatal,Rural,Colector Mayor,State Highway Agency,0,Sin jurisdiccion especial,76,34.32305833,-81.86441111,Arbol,El primer evento no fue una colision con un vehiculo automotor en transporte,Not an Intersection,No fue interseccion,Sobre el lado de la calle,Ninguna,Dia total,Despejado,No,NO APLICA,99,99,99,99,1,27/10/2022,3
45,South Carolina,450826,0,0,1,0,43,GEORGETOWN (43),0,NO APLICA,10,Octubre,27,2022,11,0,SR-41 COUNTY LINE RD,3,Highway estatal,Rural,Arteria Menor,State Highway Agency,0,Sin jurisdiccion especial,270,33.61707222,-79.43503056,Buzon de correo,El primer evento no fue una colision con un vehiculo automotor en transporte,Not an Intersection,No fue interseccion,Sobre el lado de la calle,Ninguna,Dia total,Despejado,No,NO APLICA,99,99,99,99,1,27/10/2022,1
45,South Carolina,450827,1,1,1,0,19,CHARLESTON (19),2100,RAVENEL,10,Octubre,28,2022,10,15,US-17 HWY 17,2,US Highway,Rural,Arteria Principal,State Highway Agency,1,Sin jurisdiccion especial,127,32.77868056,-80.23531944,Peaton,El primer evento no fue una colision con un vehiculo automotor en transporte,Not an Intersection,No fue interseccion,Sobre calle,Ninguna,Dia total,Despejado,No,NO APLICA,99,98,99,98,1,28/10/2022,1
45,South Carolina,450828,0,0,2,0,33,DILLON (33),0,NO APLICA,10,Octubre,28,2022,14,55,SR-917 HWY 917,3,Highway estatal,Rural,Colector Mayor,State Highway Agency,0,Sin jurisdiccion especial,83,34.31444167,-79.39719444,Vehiculo en movimiento,Frente a frente,Not an Intersection,No fue interseccion,Sobre calle,Ninguna,Dia total,Nublado,No,NO APLICA,99,99,99,99,1,28/10/2022,2
45,South Carolina,450829,1,1,1,0,33,DILLON (33),0,NO APLICA,10,Octubre,28,2022,19,15,SR-436 RACE TRACK RD,3,Highway estatal,Rural,Local,State Highway Agency,0,Sin jurisdiccion especial,13,34.30531111,-79.16496111,Peaton,El primer evento no fue una colision con un vehiculo automotor en transporte,Not an Intersection,No fue interseccion,Sobre calle,Ninguna,Oscuro sin iluminacion,Despejado,No,NO APLICA,99,99,99,99,1,28/10/2022,1
45,South Carolina,450830,0,0,2,0,63,LEXINGTON (63),370,CAYCE,10,Octubre,28,2022,22,40,SR-56 ALEXANDER RD,3,Highway estatal,Urbano,Colector Mayor,State Highway Agency,0,Sin jurisdiccion especial,4,33.98921111,-81.05091111,Vehiculo en movimiento,Frente a frente,Not an Intersection,No fue interseccion,Sobre calle,Ninguna,Oscuro con iluminacion,Despejado,No,NO APLICA,99,99,99,99,1,28/10/2022,2
45,South Carolina,450831,0,0,1,0,15,BERKELEY (15),0,NO APLICA,10,Octubre,29,2022,1,10,SR-62 COLLEGE PARK RD,3,Highway estatal,Urbano,Colector Mayor,State Highway Agency,0,Sin jurisdiccion especial,22,33.03521111,-80.09058889,Barda,El primer evento no fue una colision con un vehiculo automotor en transporte,Not an Intersection,No fue interseccion,Sobre el lado de la calle,Ninguna,Oscuro sin iluminacion,Despejado,No,NO APLICA,99,99,99,99,1,29/10/2022,1
45,South Carolina,450832,0,0,2,0,45,GREENVILLE (45),0,NO APLICA,10,Octubre,29,2022,2,11,SR-124 OLD EASLEY HWY,3,Highway estatal,Urbano,Arteria Menor,State Highway Agency,0,Sin jurisdiccion especial,6,34.84026667,-82.47462778,Vehiculo en movimiento,Frente a frente,Not an Intersection,No fue interseccion,Sobre calle,Ninguna,Oscuro sin iluminacion,Despejado,No,NO APLICA,99,99,99,99,1,29/10/2022,3
45,South Carolina,450833,0,0,2,0,41,FLORENCE (41),0,NO APLICA,10,Octubre,29,2022,19,10,SR-403 CALE YARBOROUGH HWY,3,Highway estatal,Rural,Colector Mayor,State Highway Agency,0,Sin jurisdiccion especial,137,34.04118056,-79.94428611,Vehiculo en movimiento,Frente a frente,Not an Intersection,No fue interseccion,Sobre calle,Ninguna,Oscuro sin iluminacion,lluvia,No,NO APLICA,99,99,99,99,1,29/10/2022,3
45,South Carolina,450834,1,1,1,0,79,RICHLAND (79),0,NO APLICA,10,Octubre,29,2022,22,8,SR-48 BLUFF RD,3,Highway estatal,Urbano,Arteria Principal,State Highway Agency,0,Sin jurisdiccion especial,42,33.96476944,-81.00375556,Peaton,El primer evento no fue una colision con un vehiculo automotor en transporte,Not an Intersection,No fue interseccion,Sobre calle,Ninguna,Oscuro sin iluminacion,lluvia,No,NO APLICA,99,98,99,98,1,29/10/2022,1
45,South Carolina,450835,1,1,1,0,21,CHEROKEE (21),0,NO APLICA,10,Octubre,29,2022,20,0,US-29 CHEROKEE AVE,2,US Highway,Urbano,Arteria Principal,State Highway Agency,1,Sin jurisdiccion especial,119,35.08122778,-81.626775,Peaton,El primer evento no fue una colision con un vehiculo automotor en transporte,Not an Intersection,No fue interseccion,Sobre calle,Ninguna,Oscuro sin iluminacion,Despejado,No,NO APLICA,99,99,99,99,1,29/10/2022,1
45,South Carolina,450836,0,0,1,0,77,PICKENS (77),0,NO APLICA,10,Octubre,30,2022,7,30,US-123 CALHOUHN MEMORIAL HWY,2,US Highway,Urbano,Arteria Principal,State Highway Agency,1,Sin jurisdiccion especial,2,34.83152222,-82.49511111,Acotamiento,El primer evento no fue una colision con un vehiculo automotor en transporte,Not an Intersection,No fue interseccion,Sobre el lado de la calle,Ninguna,Amanecer,Despejado,No,NO APLICA,99,98,99,98,1,30/10/2022,1
45,South Carolina,450837,0,0,1,0,29,COLLETON (29),0,NO APLICA,10,Octubre,31,2022,18,15,SR-68 HIERS CORNER RD,3,Highway estatal,Urbano,Colector Mayor,State Highway Agency,0,Sin jurisdiccion especial,13,32.9111,-80.69357778,Buzon de correo,El primer evento no fue una colision con un vehiculo automotor en transporte,Not an Intersection,No fue interseccion,Sobre el lado de la calle,Ninguna,Atardecer,Despejado,No,NO APLICA,99,99,99,99,2,31/10/2022,3
45,South Carolina,450838,0,0,1,0,57,LANCASTER (57),0,NO APLICA,10,Octubre,31,2022,7,17,SR-306 CATOE RD,3,Highway estatal,Urbano,Local,State Highway Agency,0,Sin jurisdiccion especial,8,34.73173611,-80.71700278,Zanja,El primer evento no fue una colision con un vehiculo automotor en transporte,Not an Intersection,No fue interseccion,Sobre el lado de la calle,Ninguna,Amanecer,Despejado,No,NO APLICA,99,99,99,99,1,31/10/2022,2
45,South Carolina,450839,0,0,2,0,51,HORRY (51),0,NO APLICA,10,Octubre,10,2022,2,10,SR-57-HWY 57,3,Highway estatal,Rural,Colector Mayor,State Highway Agency,0,Sin jurisdiccion especial,56,33.90615556,-78.65883611,Vehiculo en movimiento,Frente a frente,Not an Intersection,No fue interseccion,Sobre calle,"Zona de trabajo, tipo desconocido",Oscuro sin iluminacion,Despejado,No,NO APLICA,99,99,99,99,1,10/10/2022,3
45,South Carolina,450840,0,0,1,0,53,JASPER (53),1080,HARDEEVILLE,10,Octubre,27,2022,7,35,CR-CHURCH RD,4,Calle del Condado,Rural,Local,State Highway Agency,0,Sin jurisdiccion especial,2,32.28774444,-81.08169167,Vehiculo Ferrocarril,El primer evento no fue una colision con un vehiculo automotor en transporte,Not an Intersection,No fue interseccion,Sobre calle,Ninguna,Dia total,Despejado,No,632462L,99,98,99,98,1,27/10/2022,1
45,South Carolina,450841,0,0,1,0,79,RICHLAND (79),0,NO APLICA,10,Octubre,30,2022,23,8,I-26,1,Interestatal,Urbano,Interestatal,State Highway Agency,1,Sin jurisdiccion especial,4,34.02494444,-81.10303611,Otra barrera de trafico,El primer evento no fue una colision con un vehiculo automotor en transporte,Not an Intersection,No fue interseccion,En el medio,Ninguna,Oscuro sin iluminacion,Nublado,No,NO APLICA,99,99,99,99,1,30/10/2022,2
45,South Carolina,450842,1,1,2,0,45,GREENVILLE (45),1060,GREER,10,Octubre,31,2022,18,15,US-29 W WADE HAMPTON,2,US Highway,Urbano,Arteria Principal,State Highway Agency,1,Sin jurisdiccion especial,180,34.94891944,-82.23508056,Vehiculo en movimiento,Angulo,Four-Way Intersection,Interseccion de 4 direcciones,Sobre calle,Ninguna,Atardecer,Despejado,No,NO APLICA,99,99,99,99,1,31/10/2022,2
45,South Carolina,450843,1,1,1,0,51,HORRY (51),0,NO APLICA,11,Noviembre,1,2022,6,16,CR-CAROLINA FOREST BLVD,4,Calle del Condado,Urbano,Local,County Highway Agency,0,Sin jurisdiccion especial,70,33.75758333,-78.88371389,Peaton,El primer evento no fue una colision con un vehiculo automotor en transporte,Not an Intersection,No fue interseccion,Sobre calle,Ninguna,Oscuro sin iluminacion,Neblina o Humo,No,NO APLICA,99,99,99,99,1,01/11/2022,2
45,South Carolina,450844,0,0,2,0,63,LEXINGTON (63),0,NO APLICA,11,Noviembre,1,2022,8,26,SR-602 PLATT SPRINGS RD,3,Highway estatal,Urbano,Arteria Menor,State Highway Agency,0,Sin jurisdiccion especial,11,33.90918333,-81.20427222,Vehiculo en movimiento,Angulo,Four-Way Intersection,Interseccion de 4 direcciones,Sobre calle,Ninguna,Dia total,Despejado,No,NO APLICA,99,99,99,99,1,01/11/2022,3
45,South Carolina,450845,1,1,1,0,41,FLORENCE (41),0,NO APLICA,11,Noviembre,2,2022,6,0,US-378,2,US Highway,Rural,Arteria Principal,State Highway Agency,1,Sin jurisdiccion especial,104,33.89244167,-79.77412222,Peaton,El primer evento no fue una colision con un vehiculo automotor en transporte,Not an Intersection,No fue interseccion,Sobre calle,Ninguna,Oscuro sin iluminacion,Despejado,No,NO APLICA,99,98,99,98,1,02/11/2022,1
45,South Carolina,450846,0,0,1,0,3,AIKEN (3),0,NO APLICA,11,Noviembre,2,2022,15,20,US-278 WILLISTON RD,2,US Highway,Rural,Arteria Principal,State Highway Agency,1,Sin jurisdiccion especial,289,33.39988889,-81.53971944,Culvert,El primer evento no fue una colision con un vehiculo automotor en transporte,Not an Intersection,No fue interseccion,Sobre el lado de la calle,Ninguna,Dia total,Despejado,No,NO APLICA,99,98,99,98,1,02/11/2022,1
45,South Carolina,450847,0,0,2,0,79,RICHLAND (79),0,NO APLICA,11,Noviembre,2,2022,18,57,I-20,1,Interestatal,Urbano,Interestatal,State Highway Agency,1,Sin jurisdiccion especial,769,34.07586111,-80.902075,Vehiculo en movimiento,Frente a Detrás,Not an Intersection,No fue interseccion,Sobre calle,Ninguna,Oscuro sin iluminacion,Despejado,No,NO APLICA,99,98,99,98,1,02/11/2022,2
45,South Carolina,450848,1,1,1,0,21,CHEROKEE (21),0,NO APLICA,11,Noviembre,3,2022,15,37,SR-150 BOILING SPRING HWY,3,Highway estatal,Rural,Colector Mayor,State Highway Agency,0,Sin jurisdiccion especial,154,35.12016944,-81.65553889,Ciclista,El primer evento no fue una colision con un vehiculo automotor en transporte,Not an Intersection,No fue interseccion,Sobre calle,Ninguna,Dia total,Despejado,No,NO APLICA,99,98,99,98,1,03/11/2022,1
45,South Carolina,450849,1,1,1,0,79,RICHLAND (79),520,COLUMBIA,11,Noviembre,2,2022,20,3,US-21 N MAIN STREET,2,US Highway,Urbano,Arteria Principal,State Highway Agency,1,Sin jurisdiccion especial,77,34.07071111,-81.00166111,Peaton,El primer evento no fue una colision con un vehiculo automotor en transporte,Not an Intersection,No fue interseccion,Sobre calle,Ninguna,Oscuro con iluminacion,Despejado,No,NO APLICA,99,99,99,99,1,02/11/2022,1
45,South Carolina,450850,0,0,1,0,17,CALHOUN (17),0,NO APLICA,11,Noviembre,2,2022,10,18,SR-36 GREAT CIRCLE DRIVE,3,Highway estatal,Rural,Local,State Highway Agency,0,Sin jurisdiccion especial,30,33.76660556,-80.86074722,Arbol,El primer evento no fue una colision con un vehiculo automotor en transporte,Not an Intersection,No fue interseccion,Sobre el lado de la calle,Ninguna,Dia total,Despejado,No,NO APLICA,99,99,99,99,1,02/11/2022,2
45,South Carolina,450851,1,1,1,0,51,HORRY (51),0,NO APLICA,11,Noviembre,3,2022,20,37,SR-388 SANDY BLUFF RD,3,Highway estatal,Rural,Local,State Highway Agency,0,Sin jurisdiccion especial,6,34.13568611,-78.8794,Peaton,El primer evento no fue una colision con un vehiculo automotor en transporte,Not an Intersection,No fue interseccion,Sobre calle,Ninguna,Oscuro sin iluminacion,Despejado,No,NO APLICA,99,98,99,98,1,03/11/2022,1
45,South Carolina,450852,0,0,1,0,3,AIKEN (3),0,NO APLICA,11,Noviembre,3,2022,22,0,SR-1304 HATCHAWAY BRIDGE RD,3,Highway estatal,Rural,Local,State Highway Agency,0,Sin jurisdiccion especial,22,33.54632778,-81.57496389,Arbol,El primer evento no fue una colision con un vehiculo automotor en transporte,Not an Intersection,No fue interseccion,Sobre el lado de la calle,Ninguna,Oscuro sin iluminacion,Despejado,No,NO APLICA,99,98,99,98,1,03/11/2022,1
45,South Carolina,450853,0,0,3,0,35,DORCHESTER (35),0,NO APLICA,11,Noviembre,4,2022,7,48,US-17 A-HWY,2,US Highway,Rural,Arteria Principal,State Highway Agency,1,Sin jurisdiccion especial,90,32.96605278,-80.26057778,Vehiculo en movimiento,Angulo,Not an Intersection,No fue interseccion,Sobre calle,Ninguna,Amanecer,Despejado,No,NO APLICA,99,99,99,99,2,04/11/2022,8
45,South Carolina,450854,0,0,2,0,35,DORCHESTER (35),0,NO APLICA,11,Noviembre,4,2022,16,47,US-17 A HWY,2,US Highway,Rural,Arteria Principal,State Highway Agency,1,Sin jurisdiccion especial,30,32.93415278,-80.35705,Vehiculo en movimiento,Frente a frente,Not an Intersection,No fue interseccion,Sobre calle,Ninguna,Dia total,Despejado,No,NO APLICA,99,99,99,99,1,04/11/2022,2
45,South Carolina,450855,0,0,2,0,45,GREENVILLE (45),0,NO APLICA,11,Noviembre,5,2022,11,30,SR-453 ROCKY CREEK RD,3,Highway estatal,Urbano,Colector Mayor,State Highway Agency,0,Sin jurisdiccion especial,6,34.70295833,-82.30046389,Vehiculo en movimiento,Frente a frente,Not an Intersection,No fue interseccion,Sobre calle,Ninguna,Dia total,lluvia,No,NO APLICA,99,99,99,99,1,05/11/2022,2
45,South Carolina,450856,0,0,1,0,43,GEORGETOWN (43),0,NO APLICA,11,Noviembre,5,2022,3,20,US-17 COUNTY LINE RD,2,US Highway,Rural,Arteria Principal,State Highway Agency,1,Sin jurisdiccion especial,10,33.322325,-79.66375556,Volcadura,El primer evento no fue una colision con un vehiculo automotor en transporte,Not an Intersection,No fue interseccion,Sobre el lado de la calle,Ninguna,Oscuro sin iluminacion,lluvia,No,NO APLICA,99,99,99,99,1,05/11/2022,2
45,South Carolina,450857,0,0,1,0,61,LEE (61),0,NO APLICA,11,Noviembre,5,2022,17,55,SR-34 CAMDEN HWY,3,Highway estatal,Rural,Colector Mayor,State Highway Agency,0,Sin jurisdiccion especial,49,34.22376944,-80.35286111,Volcadura,El primer evento no fue una colision con un vehiculo automotor en transporte,T-Intersection,Interseccion de T,Sobre calle,Ninguna,Dia total,Despejado,No,NO APLICA,99,99,99,99,1,05/11/2022,2
45,South Carolina,450858,1,1,1,0,77,PICKENS (77),0,NO APLICA,11,Noviembre,5,2022,23,20,US-123 CALHOUN MEM HWY,2,US Highway,Urbano,Arteria Principal,State Highway Agency,1,Sin jurisdiccion especial,238,34.83086944,-82.50622778,Peaton,El primer evento no fue una colision con un vehiculo automotor en transporte,Not an Intersection,No fue interseccion,Sobre calle,Ninguna,Oscuro sin iluminacion,Despejado,No,NO APLICA,99,98,99,98,1,05/11/2022,1
45,South Carolina,450859,1,1,1,0,53,JASPER (53),1080,HARDEEVILLE,11,Noviembre,6,2022,5,13,US-278 INDEPENDENCE BLVD,2,US Highway,Rural,Arteria Principal,State Highway Agency,1,Sin jurisdiccion especial,351,32.3055,-81.0179,Peaton,El primer evento no fue una colision con un vehiculo automotor en transporte,Four-Way Intersection,Interseccion de 4 direcciones,Sobre calle,Ninguna,Oscuro - iluminacion desconocida,Despejado,No,NO APLICA,99,98,99,98,1,06/11/2022,1
45,South Carolina,450860,0,0,1,0,3,AIKEN (3),0,NO APLICA,11,Noviembre,6,2022,19,29,SR-81 HOWLANDVILLE RD,3,Highway estatal,Urbano,Colector Mayor,State Highway Agency,0,Sin jurisdiccion especial,6,33.54349444,-81.80411389,Zanja,El primer evento no fue una colision con un vehiculo automotor en transporte,Not an Intersection,No fue interseccion,Sobre el lado de la calle,Ninguna,Oscuro con iluminacion,lluvia,No,NO APLICA,99,99,99,99,1,06/11/2022,1
45,South Carolina,450861,0,0,2,0,55,KERSHAW (55),0,NO APLICA,11,Noviembre,6,2022,19,0,SR-21 SMYRNA RD,3,Highway estatal,Rural,Colector Mayor,State Highway Agency,0,Sin jurisdiccion especial,78,34.25879167,-80.82311111,Vehiculo en movimiento,Angulo,Not an Intersection,No fue interseccion,Sobre calle,Ninguna,Oscuro sin iluminacion,Despejado,No,NO APLICA,99,99,99,99,2,06/11/2022,3
45,South Carolina,450862,1,1,1,0,13,BEAUFORT (13),1145,HILTON HEAD ISL,11,Noviembre,6,2022,23,56,CR-PALMETTO PKWY,4,Calle del Condado,Urbano,Local,County Highway Agency,0,Sin jurisdiccion especial,2,32.21842222,-80.70662778,Ciclista,El primer evento no fue una colision con un vehiculo automotor en transporte,Not an Intersection,No fue interseccion,Sobre calle,Ninguna,Oscuro sin iluminacion,Despejado,No,NO APLICA,99,98,99,98,1,06/11/2022,1
45,South Carolina,450863,2,2,1,0,23,CHESTER (23),0,NO APLICA,11,Noviembre,7,2022,18,40,SR-304 MEADOWBROOK RD,3,Highway estatal,Rural,Colector Mayor,State Highway Agency,0,Sin jurisdiccion especial,2,34.70290833,-81.25123056,Peaton,El primer evento no fue una colision con un vehiculo automotor en transporte,Not an Intersection,No fue interseccion,Sobre calle,Ninguna,Oscuro sin iluminacion,Neblina o Humo,No,NO APLICA,99,99,99,99,1,07/11/2022,1
45,South Carolina,450864,0,0,1,0,83,SPARTANBURG (83),0,NO APLICA,11,Noviembre,7,2022,22,20,CR-TURKEY FARM RD,4,Calle del Condado,Rural,Local,County Highway Agency,0,Sin jurisdiccion especial,20,35.15360278,-81.89873333,Zanja,El primer evento no fue una colision con un vehiculo automotor en transporte,Not an Intersection,No fue interseccion,Sobre el lado de la calle,Ninguna,Oscuro sin iluminacion,Despejado,No,NO APLICA,99,99,99,99,1,07/11/2022,1