Estado,Nombre de Estado,Numero de Caso,Peatones,Personas _no_vehiculos,Vehiculos automotores,Vehiculos estacionados,Condado,Nombre Condado,Ciudad,Nombre Ciudad,Mes,Nombre Mes,Dia,Año,Hora,Minuto,Calle,Ruta,Nombre Ruta,Rural o Urbanoo,Sistema Funcional,Dueño Calle,Sistema Nacional Carreteras,Jurisdiccion Especial,Milla,Latitud,Longitud,Causa del Accidente,Tipo de Accidente,Tipo Interseccion,Columna1,Lugar en la calle,Zona de Trabajo,Luz,Clima,Autobus Escolar,Cruce de Trenes,Hora Notificacion,Minuto Notificacion,Hora Llegada,Minuto Llegada,Decesos,Fecha,PersonaVehiculo
45,South Carolina,450865,1,1,1,0,41,FLORENCE (41),0,NO APLICA,11,Noviembre,7,2022,23,46,US-76 W PALMETTO STREET,2,US Highway,Urbano,Arteria Principal,State Highway Agency,1,Sin jurisdiccion especial,128,34.16205278,-79.85642222,Peaton,El primer evento no fue una colision con un vehiculo automotor en transporte,Not an Intersection,No fue interseccion,Sobre calle,Ninguna,Oscuro sin iluminacion,Despejado,No,NO APLICA,99,99,99,99,1,07/11/2022,1
45,South Carolina,450866,0,0,2,0,7,ANDERSON (7),0,NO APLICA,11,Noviembre,7,2022,18,23,US-29 HWY 29,2,US Highway,Rural,Arteria Principal,State Highway Agency,1,Sin jurisdiccion especial,302,34.66081944,-82.51745833,Vehiculo en movimiento,Frente a frente,Not an Intersection,No fue interseccion,Sobre calle,Ninguna,Oscuro sin iluminacion,lluvia,No,NO APLICA,99,99,99,99,1,07/11/2022,6
45,South Carolina,450867,0,0,3,0,1,ABBEVILLE (1),0,NO APLICA,11,Noviembre,8,2022,7,13,SR-28 HWY 28,3,Highway estatal,Rural,Arteria Principal,State Highway Agency,0,Sin jurisdiccion especial,116,34.21138056,-82.41746111,Vehiculo en movimiento,Frente a frente,Not an Intersection,No fue interseccion,Sobre calle,Ninguna,Dia total,Despejado,No,NO APLICA,99,99,99,99,1,08/11/2022,5
45,South Carolina,450868,1,1,1,0,59,LAURENS (59),0,NO APLICA,11,Noviembre,8,2022,21,20,SR-53 FLEMING STREET EXT,3,Highway estatal,Urbano,Colector Mayor,State Highway Agency,0,Sin jurisdiccion especial,12,34.50468889,-81.98169167,Peaton,El primer evento no fue una colision con un vehiculo automotor en transporte,Not an Intersection,No fue interseccion,Sobre calle,Ninguna,Oscuro - iluminacion desconocida,Despejado,No,NO APLICA,99,98,99,98,1,08/11/2022,1
45,South Carolina,450869,0,0,1,0,53,JASPER (53),1080,HARDEEVILLE,11,Noviembre,9,2022,14,56,I-95,1,Interestatal,Rural,Interestatal,State Highway Agency,1,Sin jurisdiccion especial,40,32.25686111,-81.09906111,Fin de valla,El primer evento no fue una colision con un vehiculo automotor en transporte,Not an Intersection,No fue interseccion,Sobre el lado de la calle,Ninguna,Dia total,Despejado,No,NO APLICA,99,99,99,99,1,09/11/2022,2
45,South Carolina,450870,0,0,2,0,69,MARLBORO (69),0,NO APLICA,11,Noviembre,9,2022,14,0,SR-23 HEBRON DUNBAR RD,3,Highway estatal,Rural,Local,State Highway Agency,0,Sin jurisdiccion especial,32,34.53734722,-79.55887222,Vehiculo en movimiento,Angulo,Four-Way Intersection,Interseccion de 4 direcciones,Sobre calle,Ninguna,Dia total,Nublado,No,NO APLICA,99,99,99,99,1,09/11/2022,2
45,South Carolina,450871,0,0,2,0,63,LEXINGTON (63),0,NO APLICA,11,Noviembre,10,2022,16,0,SR-107 BUSH RIVER RD,3,Highway estatal,Urbano,Arteria Menor,State Highway Agency,0,Sin jurisdiccion especial,22,34.05380833,-81.18576667,Vehiculo en movimiento,Angulo,T-Intersection,Interseccion de T,Sobre calle,Ninguna,Dia total,lluvia,No,NO APLICA,99,99,99,99,1,10/11/2022,2
45,South Carolina,450872,0,0,2,0,45,GREENVILLE (45),0,NO APLICA,11,Noviembre,11,2022,9,19,US-25 N25 HWY BYPASS,2,US Highway,Urbano,Arteria Principal,State Highway Agency,1,Sin jurisdiccion especial,358,34.94563333,-82.43945,Vehiculo en movimiento,Angulo,Four-Way Intersection,Interseccion de 4 direcciones,Sobre calle,Ninguna,Dia total,lluvia,No,NO APLICA,99,99,99,99,1,11/11/2022,4
45,South Carolina,450873,0,0,1,0,75,ORANGEBURG (75),0,NO APLICA,11,Noviembre,11,2022,10,15,SR-39 CANNON BRIDGE RD,3,Highway estatal,Urbano,Colector Mayor,State Highway Agency,0,Sin jurisdiccion especial,37,33.42856111,-80.88163056,Acotamiento,El primer evento no fue una colision con un vehiculo automotor en transporte,Not an Intersection,No fue interseccion,Sobre el lado de la calle,Ninguna,Dia total,lluvia,No,NO APLICA,99,98,99,98,1,11/11/2022,1
45,South Carolina,450874,0,0,2,1,13,BEAUFORT (13),0,NO APLICA,11,Noviembre,11,2022,18,50,SR-77 SEASIDE RD,3,Highway estatal,Rural,Colector Mayor,State Highway Agency,0,Sin jurisdiccion especial,100,32.32711944,-80.60501111,Vehiculo Aparcado,El primer evento no fue una colision con un vehiculo automotor en transporte,Not an Intersection,No fue interseccion,Sobre calle,Ninguna,Oscuro sin iluminacion,Despejado,No,NO APLICA,99,99,99,99,1,11/11/2022,2
45,South Carolina,450875,0,0,2,0,51,HORRY (51),1730,MYRTLE BEACH,11,Noviembre,12,2022,16,16,US-17 HWY 17 BUSINESS,2,US Highway,Urbano,Arteria Principal,State Highway Agency,1,Sin jurisdiccion especial,174,33.74906111,-78.81608056,Vehiculo en movimiento,Angulo,Four-Way Intersection,Interseccion de 4 direcciones,Sobre calle,Ninguna,Dia total,Despejado,No,NO APLICA,99,99,99,99,1,12/11/2022,6
45,South Carolina,450876,1,1,1,0,45,GREENVILLE (45),0,NO APLICA,11,Noviembre,12,2022,5,40,CR-ROCK QUARRY RD,4,Calle del Condado,Rural,Local,County Highway Agency,0,Sin jurisdiccion especial,7,34.98701944,-82.45649444,Peaton,El primer evento no fue una colision con un vehiculo automotor en transporte,Not an Intersection,No fue interseccion,Sobre calle,Ninguna,Oscuro sin iluminacion,Neblina o Humo,No,NO APLICA,99,98,99,98,1,12/11/2022,1
45,South Carolina,450877,0,0,2,0,73,OCONEE (73),0,NO APLICA,11,Noviembre,12,2022,6,10,SR-130 ROCHESTER HWY,3,Highway estatal,Rural,Arteria Menor,State Highway Agency,0,Sin jurisdiccion especial,68,34.760625,-82.90121389,Vehiculo en movimiento,Frente a frente,Not an Intersection,No fue interseccion,Sobre calle,Ninguna,Amanecer,Neblina o Humo,No,NO APLICA,99,99,99,99,1,12/11/2022,2
45,South Carolina,450878,0,0,1,0,63,LEXINGTON (63),0,NO APLICA,11,Noviembre,12,2022,9,30,SR-164 CALHOUN RD,3,Highway estatal,Rural,Local,State Highway Agency,0,Sin jurisdiccion especial,10,33.71380556,-81.04035,Arbol,El primer evento no fue una colision con un vehiculo automotor en transporte,Not an Intersection,No fue interseccion,Sobre el lado de la calle,Ninguna,Dia total,Despejado,No,NO APLICA,99,99,99,99,1,12/11/2022,2
45,South Carolina,450879,0,0,1,0,91,YORK (91),0,NO APLICA,11,Noviembre,12,2022,9,0,SR-64 LINCOLN RD,3,Highway estatal,Rural,Colector Mayor,State Highway Agency,0,Sin jurisdiccion especial,62,35.07391944,-81.17930278,Arbol,El primer evento no fue una colision con un vehiculo automotor en transporte,Not an Intersection,No fue interseccion,Sobre el lado de la calle,Ninguna,Dia total,Nublado,No,NO APLICA,99,99,99,99,1,12/11/2022,1
45,South Carolina,450880,0,0,2,0,45,GREENVILLE (45),0,NO APLICA,11,Noviembre,12,2022,12,50,SR-191 JONES MILL RD,3,Highway estatal,Urbano,Colector Mayor,State Highway Agency,0,Sin jurisdiccion especial,35,34.72006111,-82.19887222,Vehiculo en movimiento,Frente a frente,Not an Intersection,No fue interseccion,Sobre calle,Ninguna,Dia total,Despejado,No,NO APLICA,99,99,99,99,1,12/11/2022,4
45,South Carolina,450881,0,0,2,0,79,RICHLAND (79),0,NO APLICA,11,Noviembre,12,2022,19,20,SR-12 PERCIVAL RD,3,Highway estatal,Rural,Colector Mayor,State Highway Agency,0,Sin jurisdiccion especial,172,34.11108056,-80.80221667,Vehiculo en movimiento,Frente a frente,Not an Intersection,No fue interseccion,Sobre calle,Ninguna,Oscuro con iluminacion,lluvia,No,NO APLICA,99,99,99,99,1,12/11/2022,2
45,South Carolina,450882,0,0,2,0,83,SPARTANBURG (83),0,NO APLICA,11,Noviembre,13,2022,2,50,SR-101 HWY 101,3,Highway estatal,Rural,Arteria Menor,State Highway Agency,0,Sin jurisdiccion especial,159,34.87573889,-82.14562778,Vehiculo en movimiento,Golpe Lateral - misma direccion,Four-Way Intersection,Interseccion de 4 direcciones,Sobre calle,Ninguna,Oscuro sin iluminacion,Despejado,No,NO APLICA,99,99,99,99,2,13/11/2022,4
45,South Carolina,450883,0,0,1,0,9,BAMBERG (9),0,NO APLICA,11,Noviembre,13,2022,4,33,SR-31 RIVERS BRIDGE RD,3,Highway estatal,Rural,Local,State Highway Agency,0,Sin jurisdiccion especial,71,33.06262778,-81.08674444,Arbol,El primer evento no fue una colision con un vehiculo automotor en transporte,Not an Intersection,No fue interseccion,Sobre el lado de la calle,Ninguna,Oscuro sin iluminacion,Despejado,No,NO APLICA,99,98,99,98,1,13/11/2022,1
45,South Carolina,450884,0,0,1,0,7,ANDERSON (7),0,NO APLICA,11,Noviembre,13,2022,20,5,SR-57 BISHOP BRANCH RD,3,Highway estatal,Rural,Colector Mayor,State Highway Agency,0,Sin jurisdiccion especial,7,34.66553889,-82.76188889,Buzon de correo,El primer evento no fue una colision con un vehiculo automotor en transporte,Not an Intersection,No fue interseccion,Sobre el lado de la calle,Ninguna,Oscuro sin iluminacion,Despejado,No,NO APLICA,99,98,99,98,1,13/11/2022,1
45,South Carolina,450885,0,0,2,0,15,BERKELEY (15),1680,MONCKS CORNER,11,Noviembre,13,2022,18,37,US-17 N HWY 52,2,US Highway,Urbano,Arteria Principal,State Highway Agency,1,Sin jurisdiccion especial,177,33.2095,-79.98191111,Vehiculo en movimiento,Angulo,Four-Way Intersection,Interseccion de 4 direcciones,Sobre calle,Ninguna,Oscuro con iluminacion,Despejado,No,NO APLICA,99,99,99,99,1,13/11/2022,3
45,South Carolina,450886,0,0,2,0,15,BERKELEY (15),985,GOOSE CREEK,11,Noviembre,14,2022,19,30,US-52 NORTH GOOSE CREEK BLVD,2,US Highway,Urbano,Arteria Principal,State Highway Agency,1,Sin jurisdiccion especial,23,33.0182,-80.03595,Vehiculo en movimiento,Angulo,Four-Way Intersection,Interseccion de 4 direcciones,Sobre calle,Ninguna,Oscuro - iluminacion desconocida,Despejado,No,NO APLICA,99,99,99,99,1,14/11/2022,3
45,South Carolina,450887,0,0,1,0,83,SPARTANBURG (83),0,NO APLICA,11,Noviembre,14,2022,9,58,SR-9 BOILING SPRINGS RD,3,Highway estatal,Urbano,Arteria Menor,State Highway Agency,0,Sin jurisdiccion especial,160,35.000125,-81.94848056,Banqueta,El primer evento no fue una colision con un vehiculo automotor en transporte,Not an Intersection,No fue interseccion,Sobre el lado de la calle,Ninguna,Dia total,Despejado,No,NO APLICA,99,99,99,99,1,14/11/2022,1
45,South Carolina,450888,1,1,1,0,55,KERSHAW (55),0,NO APLICA,11,Noviembre,15,2022,6,0,SR-34 BISHOPVILLE HWY,3,Highway estatal,Rural,Colector Mayor,State Highway Agency,0,Sin jurisdiccion especial,218,34.23709167,-80.49782778,Peaton,El primer evento no fue una colision con un vehiculo automotor en transporte,Not an Intersection,No fue interseccion,Sobre calle,Ninguna,Oscuro sin iluminacion,Nublado,Yes,NO APLICA,99,98,99,98,1,15/11/2022,2
45,South Carolina,450889,1,1,1,0,13,BEAUFORT (13),0,NO APLICA,11,Noviembre,15,2022,18,40,US-278 WILLIAM HILTON PKWY,2,US Highway,Urbano,Arteria Principal,State Highway Agency,1,Sin jurisdiccion especial,7,32.21540833,-80.74784444,Peaton,El primer evento no fue una colision con un vehiculo automotor en transporte,Four-Way Intersection,Interseccion de 4 direcciones,Sobre calle,Ninguna,Oscuro - iluminacion desconocida,Despejado,No,NO APLICA,99,99,99,99,1,15/11/2022,1
45,South Carolina,450890,0,0,2,0,75,ORANGEBURG (75),0,NO APLICA,11,Noviembre,16,2022,5,55,SR-389 NINETY SIX RD,3,Highway estatal,Rural,Colector Mayor,State Highway Agency,0,Sin jurisdiccion especial,85,33.53426667,-81.13050556,Vehiculo en movimiento,Angulo,T-Intersection,Interseccion de T,Sobre calle,Ninguna,Oscuro sin iluminacion,Nublado,No,NO APLICA,99,99,99,99,1,16/11/2022,4
45,South Carolina,450891,1,1,1,0,87,UNION (87),0,NO APLICA,11,Noviembre,16,2022,20,0,SR-215 MAIN STREET,3,Highway estatal,Urbano,Colector Menor,State Highway Agency,0,Sin jurisdiccion especial,177,34.71528056,-81.60761111,Peaton,El primer evento no fue una colision con un vehiculo automotor en transporte,Not an Intersection,No fue interseccion,Sobre calle,Ninguna,Dia total,Despejado,No,NO APLICA,99,99,99,99,1,16/11/2022,1
45,South Carolina,450892,0,0,1,0,29,COLLETON (29),0,NO APLICA,11,Noviembre,17,2022,12,49,SR-BELLS HWY,3,Highway estatal,Rural,Arteria Menor,State Highway Agency,0,Sin jurisdiccion especial,157,32.94938056,-80.77603889,Arbol,El primer evento no fue una colision con un vehiculo automotor en transporte,Not an Intersection,No fue interseccion,Sobre el lado de la calle,Ninguna,Dia total,Despejado,No,NO APLICA,99,98,99,98,1,17/11/2022,1
45,South Carolina,450893,0,0,1,0,63,LEXINGTON (63),0,NO APLICA,11,Noviembre,17,2022,21,42,SR-408 OLD CHEROKEE RD,3,Highway estatal,Urbano,Colector Mayor,State Highway Agency,0,Sin jurisdiccion especial,11,34.00226389,-81.29606944,Poste,El primer evento no fue una colision con un vehiculo automotor en transporte,Not an Intersection,No fue interseccion,Sobre el lado de la calle,Ninguna,Oscuro sin iluminacion,Despejado,No,NO APLICA,99,99,99,99,2,17/11/2022,2
45,South Carolina,450894,1,1,1,0,51,HORRY (51),1730,MYRTLE BEACH,11,Noviembre,18,2022,17,50,CR-FARROW PARKWAY,4,Calle del Condado,Urbano,Arteria Menor,County Highway Agency,0,Sin jurisdiccion especial,0,33.68193056,-78.95665,Peaton,El primer evento no fue una colision con un vehiculo automotor en transporte,Four-Way Intersection,Interseccion de 4 direcciones,Sobre calle,Ninguna,Oscuro con iluminacion,Despejado,No,NO APLICA,99,99,99,99,1,18/11/2022,5
45,South Carolina,450895,0,0,2,0,15,BERKELEY (15),0,NO APLICA,11,Noviembre,18,2022,16,15,US-17 N HWY 17,2,US Highway,Rural,Arteria Principal,State Highway Agency,1,Sin jurisdiccion especial,351,33.28154167,-79.73088333,Vehiculo en movimiento,Frente a frente,Not an Intersection,No fue interseccion,Sobre calle,Ninguna,Dia total,Despejado,No,NO APLICA,99,99,99,99,2,18/11/2022,3
45,South Carolina,450896,0,0,1,0,31,DARLINGTON (31),0,NO APLICA,11,Noviembre,18,2022,2,10,SR-179 E MCIVER RD,3,Highway estatal,Urbano,Arteria Menor,State Highway Agency,0,Sin jurisdiccion especial,87,34.24868611,-79.75766389,Arbol,El primer evento no fue una colision con un vehiculo automotor en transporte,Not an Intersection,No fue interseccion,Sobre el lado de la calle,Ninguna,Oscuro sin iluminacion,Despejado,No,NO APLICA,99,99,99,99,1,18/11/2022,1
45,South Carolina,450897,0,0,2,0,7,ANDERSON (7),0,NO APLICA,11,Noviembre,18,2022,18,30,US-78 HWY 76,2,US Highway,Urbano,Arteria Principal,State Highway Agency,1,Sin jurisdiccion especial,4,34.64666111,-82.80432778,Vehiculo en movimiento,Angulo,Four-Way Intersection,Interseccion de 4 direcciones,Sobre calle,Ninguna,Oscuro sin iluminacion,Despejado,No,NO APLICA,99,99,99,99,1,18/11/2022,3
45,South Carolina,450898,0,0,1,0,63,LEXINGTON (63),370,CAYCE,11,Noviembre,19,2022,0,15,US-21 CHARLESTON HWY,2,US Highway,Urbano,Arteria Principal,State Highway Agency,1,Sin jurisdiccion especial,176,33.95005,-81.07876111,Zanja,El primer evento no fue una colision con un vehiculo automotor en transporte,Not an Intersection,No fue interseccion,Sobre el lado de la calle,Ninguna,Oscuro con iluminacion,Despejado,No,NO APLICA,99,99,99,99,1,19/11/2022,2
45,South Carolina,450899,0,0,1,0,35,DORCHESTER (35),0,NO APLICA,11,Noviembre,19,2022,3,1,SR-84 CLUBHOUSE RD,3,Highway estatal,Rural,Colector Mayor,State Highway Agency,0,Sin jurisdiccion especial,2,32.94345,-80.32728056,Zanja,El primer evento no fue una colision con un vehiculo automotor en transporte,Not an Intersection,No fue interseccion,Sobre el lado de la calle,Ninguna,Oscuro sin iluminacion,Despejado,No,NO APLICA,99,98,99,98,1,19/11/2022,1
45,South Carolina,450900,1,1,1,0,45,GREENVILLE (45),0,NO APLICA,11,Noviembre,19,2022,19,25,US-25 WHITE HOUSE RD,2,US Highway,Urbano,Arteria Principal,State Highway Agency,1,Sin jurisdiccion especial,298,34.86921111,-82.46636111,Peaton,El primer evento no fue una colision con un vehiculo automotor en transporte,Not an Intersection,No fue interseccion,Sobre calle,Ninguna,Oscuro sin iluminacion,Nublado,No,NO APLICA,99,98,99,98,1,19/11/2022,1
45,South Carolina,450901,1,1,1,0,45,GREENVILLE (45),0,NO APLICA,11,Noviembre,19,2022,19,1,US-25 WHITE HORSE RD,2,US Highway,Urbano,Arteria Principal,State Highway Agency,1,Sin jurisdiccion especial,288,34.85509722,-82.45589722,Peaton,El primer evento no fue una colision con un vehiculo automotor en transporte,Not an Intersection,No fue interseccion,Sobre calle,Ninguna,Oscuro - iluminacion desconocida,Despejado,No,NO APLICA,99,99,99,99,1,19/11/2022,1
45,South Carolina,450902,0,0,2,0,75,ORANGEBURG (75),0,NO APLICA,11,Noviembre,19,2022,21,15,US-301 FIVE CHOP RD,2,US Highway,Rural,Arteria Principal,State Highway Agency,1,Sin jurisdiccion especial,366,33.46338889,-80.50308889,Vehiculo en movimiento,Frente a Detrás,Not an Intersection,No fue interseccion,Sobre calle,Ninguna,Oscuro sin iluminacion,Despejado,No,NO APLICA,99,99,99,99,1,19/11/2022,3
45,South Carolina,450903,0,0,2,0,51,HORRY (51),0,NO APLICA,11,Noviembre,21,2022,10,55,SR-66 HWY 66,3,Highway estatal,Rural,Colector Mayor,State Highway Agency,0,Sin jurisdiccion especial,8,33.90513611,-78.90884722,Vehiculo en movimiento,Frente a Detrás,Not an Intersection,No fue interseccion,Sobre calle,Ninguna,Dia total,Despejado,No,NO APLICA,99,99,99,99,2,21/11/2022,3
45,South Carolina,450904,0,0,2,0,83,SPARTANBURG (83),0,NO APLICA,11,Noviembre,21,2022,8,53,US-221 HWY 221,2,US Highway,Rural,Arteria Principal,State Highway Agency,1,Sin jurisdiccion especial,168,34.84024444,-81.96908056,Vehiculo en movimiento,Golpe Lateral - misma direccion,Not an Intersection,No fue interseccion,Sobre calle,Ninguna,Dia total,Despejado,No,NO APLICA,99,99,99,99,1,21/11/2022,2
45,South Carolina,450905,1,1,1,0,15,BERKELEY (15),0,NO APLICA,11,Noviembre,22,2022,0,0,SR-29 RED BANK RD,3,Highway estatal,Urbano,Arteria Principal,State Highway Agency,0,Sin jurisdiccion especial,37,32.97066111,-80.01181111,Peaton,El primer evento no fue una colision con un vehiculo automotor en transporte,Not an Intersection,No fue interseccion,Sobre calle,"Zona de trabajo, tipo desconocido",Oscuro sin iluminacion,Despejado,No,NO APLICA,99,99,99,99,1,22/11/2022,1
45,South Carolina,450906,0,0,2,0,31,DARLINGTON (31),0,NO APLICA,11,Noviembre,22,2022,20,30,I-20,1,Interestatal,Rural,Interestatal,State Highway Agency,1,Sin jurisdiccion especial,1368,34.204675,-79.931975,Vehiculo en movimiento,Angulo,Not an Intersection,No fue interseccion,Sobre calle,Ninguna,Oscuro sin iluminacion,Despejado,No,NO APLICA,99,98,99,98,1,22/11/2022,2
45,South Carolina,450907,0,0,2,0,29,COLLETON (29),0,NO APLICA,11,Noviembre,23,2022,5,20,US-17,2,US Highway,Rural,Arteria Principal,State Highway Agency,1,Sin jurisdiccion especial,169,32.77027222,-80.45453889,Vehiculo en movimiento,Frente a Detrás,Not an Intersection,No fue interseccion,Sobre calle,Ninguna,Oscuro sin iluminacion,Despejado,No,NO APLICA,99,99,99,99,1,23/11/2022,2
45,South Carolina,450908,1,1,1,0,51,HORRY (51),1825,NORTH MYRTLE BEACH,11,Noviembre,23,2022,17,55,US-17,2,US Highway,Urbano,Arteria Principal,State Highway Agency,1,Sin jurisdiccion especial,169,33.83300833,-78.67413056,Peaton,El primer evento no fue una colision con un vehiculo automotor en transporte,Not an Intersection,No fue interseccion,Sobre calle,Ninguna,Oscuro con iluminacion,Nublado,No,NO APLICA,99,99,99,99,1,23/11/2022,1
45,South Carolina,450909,1,1,2,0,83,SPARTANBURG (83),0,NO APLICA,11,Noviembre,23,2022,21,20,SR-9 BOILING SPRINGS RD,3,Highway estatal,Urbano,Arteria Menor,State Highway Agency,0,Sin jurisdiccion especial,160,35.00127222,-81.94898889,Ciclista,El primer evento no fue una colision con un vehiculo automotor en transporte,Not an Intersection,No fue interseccion,Sobre calle,Ninguna,Oscuro sin iluminacion,Despejado,No,NO APLICA,99,99,99,99,1,23/11/2022,2
45,South Carolina,450910,0,0,1,0,51,HORRY (51),0,NO APLICA,11,Noviembre,24,2022,3,25,US-17,2,US Highway,Urbano,Arteria Principal,State Highway Agency,1,Sin jurisdiccion especial,95,33.69063611,-78.95093611,Zanja,El primer evento no fue una colision con un vehiculo automotor en transporte,Not an Intersection,No fue interseccion,Sobre el lado de la calle,Ninguna,Oscuro sin iluminacion,Despejado,No,NO APLICA,99,99,99,99,1,24/11/2022,1
45,South Carolina,450911,0,0,1,0,45,GREENVILLE (45),0,NO APLICA,11,Noviembre,24,2022,11,0,SR-106 PIEDMONT GOLF COURSE RD,3,Highway estatal,Urbano,Colector Mayor,State Highway Agency,0,Sin jurisdiccion especial,16,34.72468333,-82.42431389,Arbol,El primer evento no fue una colision con un vehiculo automotor en transporte,Not an Intersection,No fue interseccion,Sobre el lado de la calle,Ninguna,Dia total,Despejado,No,NO APLICA,99,98,99,98,1,24/11/2022,1
45,South Carolina,450912,0,0,1,0,73,OCONEE (73),0,NO APLICA,11,Noviembre,24,2022,17,0,SR-35 POPULAR SPRINGS RD,3,Highway estatal,Urbano,Colector Mayor,State Highway Agency,0,Sin jurisdiccion especial,13,34.71891111,-83.03010556,Buzon de correo,El primer evento no fue una colision con un vehiculo automotor en transporte,Not an Intersection,No fue interseccion,Sobre el lado de la calle,Ninguna,Atardecer,Despejado,No,NO APLICA,99,98,99,98,1,24/11/2022,1
45,South Carolina,450913,0,0,1,0,69,MARLBORO (69),0,NO APLICA,11,Noviembre,25,2022,5,0,SR-9 HWY 9,3,Highway estatal,Rural,Arteria Menor,State Highway Agency,0,Sin jurisdiccion especial,260,34.55971389,-79.53211389,Zanja,El primer evento no fue una colision con un vehiculo automotor en transporte,Not an Intersection,No fue interseccion,Sobre el lado de la calle,Ninguna,Oscuro sin iluminacion,lluvia,No,NO APLICA,99,99,99,99,1,25/11/2022,1
45,South Carolina,450914,0,0,2,0,63,LEXINGTON (63),370,CAYCE,11,Noviembre,26,2022,20,3,SR-168 EMANUEL CHURCH RD,3,Highway estatal,Urbano,Colector Mayor,State Highway Agency,0,Sin jurisdiccion especial,31,33.93925,-81.15103056,Vehiculo en movimiento,Angulo,Not an Intersection,No fue interseccion,Sobre calle,Ninguna,Oscuro con iluminacion,Despejado,No,NO APLICA,99,98,99,98,1,26/11/2022,2
45,South Carolina,450915,0,0,1,0,77,PICKENS (77),0,NO APLICA,11,Noviembre,26,2022,0,30,CR-FINANCIAL BLVD,4,Calle del Condado,Rural,Local,County Highway Agency,0,Sin jurisdiccion especial,1,34.79318889,-82.66402222,Arbol,El primer evento no fue una colision con un vehiculo automotor en transporte,T-Intersection,Interseccion de T,Sobre el lado de la calle,Ninguna,Oscuro sin iluminacion,Despejado,No,NO APLICA,99,98,99,98,1,26/11/2022,1
45,South Carolina,450916,0,0,2,0,37,EDGEFIELD (37),0,NO APLICA,11,Noviembre,26,2022,19,7,SR-121 HWY 121,3,Highway estatal,Rural,Arteria Menor,State Highway Agency,0,Sin jurisdiccion especial,217,33.85796944,-81.80815278,Vehiculo en movimiento,Angulo,Y-Intersection,Interseccion de Y,Sobre calle,Ninguna,Oscuro con iluminacion,Despejado,No,NO APLICA,99,99,99,99,1,26/11/2022,3
45,South Carolina,450917,0,0,1,0,39,FAIRFIELD (39),0,NO APLICA,11,Noviembre,26,2022,19,30,SR-254 CANDLEWOOD CIRCLE,3,Highway estatal,Rural,Local,State Highway Agency,0,Sin jurisdiccion especial,6,34.24439444,-81.07819722,Zanja,El primer evento no fue una colision con un vehiculo automotor en transporte,Not an Intersection,No fue interseccion,Sobre el lado de la calle,Ninguna,Oscuro sin iluminacion,Despejado,No,NO APLICA,99,98,99,98,1,26/11/2022,1
45,South Carolina,450918,0,0,2,0,77,PICKENS (77),460,CLEMSON,11,Noviembre,28,2022,6,24,US-76 TIGER BLVD,2,US Highway,Urbano,Arteria Principal,State Highway Agency,1,Sin jurisdiccion especial,9,34.69093056,-82.8338,Vehiculo en movimiento,Angulo,Four-Way Intersection,Interseccion de 4 direcciones,Sobre calle,Ninguna,Oscuro con iluminacion,Despejado,No,NO APLICA,99,99,99,99,1,28/11/2022,2
45,South Carolina,450919,0,0,2,0,69,MARLBORO (69),0,NO APLICA,11,Noviembre,28,2022,2,12,SR-381,3,Highway estatal,Rural,Colector Mayor,State Highway Agency,0,Sin jurisdiccion especial,123,34.63026944,-79.53549722,Vehiculo en movimiento,Frente a frente,Not an Intersection,No fue interseccion,Sobre calle,Ninguna,Oscuro con iluminacion,Despejado,No,NO APLICA,99,99,99,99,1,28/11/2022,2
45,South Carolina,450920,0,0,2,0,79,RICHLAND (79),0,NO APLICA,11,Noviembre,29,2022,22,30,SR-83 HARD SCRABBLE RD,3,Highway estatal,Urbano,Arteria Principal,State Highway Agency,0,Sin jurisdiccion especial,64,34.13995,-80.91398611,Vehiculo en movimiento,Frente a Detrás,Four-Way Intersection,Interseccion de 4 direcciones,Sobre calle,Ninguna,Oscuro con iluminacion,Despejado,No,NO APLICA,99,99,99,99,1,29/11/2022,3
45,South Carolina,450921,1,1,1,0,51,HORRY (51),0,NO APLICA,11,Noviembre,30,2022,0,6,US-17 S HWY 17 BUS,2,US Highway,Urbano,Arteria Principal,State Highway Agency,1,Sin jurisdiccion especial,9,33.58256111,-79.01705,Peaton,El primer evento no fue una colision con un vehiculo automotor en transporte,Not an Intersection,No fue interseccion,Sobre calle,Ninguna,Oscuro - iluminacion desconocida,Despejado,No,NO APLICA,99,99,99,99,1,30/11/2022,2
45,South Carolina,450922,0,0,1,0,1,ABBEVILLE (1),0,NO APLICA,12,Diciembre,2,2022,0,10,SR-75 OLD HODGES RD,3,Highway estatal,Rural,Local,State Highway Agency,0,Sin jurisdiccion especial,26,34.21768056,-82.33828056,Acotamiento,El primer evento no fue una colision con un vehiculo automotor en transporte,Not an Intersection,No fue interseccion,Sobre el lado de la calle,Ninguna,Oscuro sin iluminacion,Despejado,No,NO APLICA,99,99,99,99,1,02/12/2022,1
45,South Carolina,450923,0,0,3,0,79,RICHLAND (79),0,NO APLICA,12,Diciembre,2,2022,7,53,SR-2892 BROWNING RD,3,Highway estatal,Urbano,Arteria Principal,State Highway Agency,0,Sin jurisdiccion especial,1073,34.03141944,-81.10376111,Vehiculo en movimiento,Frente a frente,Not an Intersection,No fue interseccion,Sobre calle,Ninguna,Dia total,Despejado,No,NO APLICA,99,99,99,99,1,02/12/2022,3