Estado,Nombre de Estado,Numero de Caso,Peatones,Personas _no_vehiculos,Vehiculos automotores,Vehiculos estacionados,Condado,Nombre Condado,Ciudad,Nombre Ciudad,Mes,Nombre Mes,Dia,Año,Hora,Minuto,Calle,Ruta,Nombre Ruta,Rural o Urbanoo,Sistema Funcional,Dueño Calle,Sistema Nacional Carreteras,Jurisdiccion Especial,Milla,Latitud,Longitud,Causa del Accidente,Tipo de Accidente,Tipo Interseccion,Columna1,Lugar en la calle,Zona de Trabajo,Luz,Clima,Autobus Escolar,Cruce de Trenes,Hora Notificacion,Minuto Notificacion,Hora Llegada,Minuto Llegada,Decesos,Fecha,PersonaVehiculo
45,South Carolina,450924,0,0,2,0,43,GEORGETOWN (43),0,NO APLICA,12,Diciembre,2,2022,8,42,US-17 HIGHMARKET STREET,2,US Highway,Rural,Arteria Principal,State Highway Agency,1,Sin jurisdiccion especial,185,33.37982222,-79.42886111,Vehiculo en movimiento,Frente a Detrás,Not an Intersection,No fue interseccion,Sobre calle,Ninguna,Dia total,Despejado,Yes,Unknown,99,99,99,99,1,02/12/2022,9
45,South Carolina,450925,1,1,1,0,63,LEXINGTON (63),0,NO APLICA,12,Diciembre,2,2022,18,17,SR-602 PLATT SPRINGS RD,3,Highway estatal,Urbano,Arteria Menor,State Highway Agency,0,Sin jurisdiccion especial,12,33.90915,-81.20186944,Peaton,El primer evento no fue una colision con un vehiculo automotor en transporte,T-Intersection,Interseccion de T,Sobre calle,Ninguna,Dia total,Despejado,No,NO APLICA,99,98,99,98,1,02/12/2022,1
45,South Carolina,450926,0,0,1,0,3,AIKEN (3),0,NO APLICA,12,Diciembre,3,2022,2,50,SR-4 SURREY RACE RD,3,Highway estatal,Rural,Arteria Menor,State Highway Agency,0,Sin jurisdiccion especial,187,33.53423889,-81.40901111,Acotamiento,El primer evento no fue una colision con un vehiculo automotor en transporte,Not an Intersection,No fue interseccion,Sobre el lado de la calle,Ninguna,Oscuro sin iluminacion,Despejado,No,NO APLICA,99,98,99,98,1,03/12/2022,1
45,South Carolina,450927,1,1,3,1,51,HORRY (51),0,NO APLICA,12,Diciembre,4,2022,2,10,SR-31 CAROLINA BAYS PKWY,3,Highway estatal,Rural,Arteria Principal,State Highway Agency,0,Sin jurisdiccion especial,105,33.77630833,-78.81463611,Peaton,El primer evento no fue una colision con un vehiculo automotor en transporte,Not an Intersection,No fue interseccion,Sobre calle,Ninguna,Oscuro sin iluminacion,Despejado,No,NO APLICA,99,99,99,99,1,04/12/2022,2
45,South Carolina,450928,0,0,2,0,31,DARLINGTON (31),0,NO APLICA,12,Diciembre,4,2022,4,30,SR-51 OUSLEYDALE RD,3,Highway estatal,Rural,Local,State Highway Agency,0,Sin jurisdiccion especial,13,34.45717778,-80.075425,Vehiculo en movimiento,Golpe Lateral - misma direccion,Not an Intersection,No fue interseccion,Sobre calle,Ninguna,Oscuro sin iluminacion,Despejado,No,NO APLICA,99,99,99,99,1,04/12/2022,5
45,South Carolina,450929,1,1,1,0,3,AIKEN (3),0,NO APLICA,12,Diciembre,4,2022,11,40,US-1 COLUMBIA HWY,2,US Highway,Rural,Arteria Principal,State Highway Agency,1,Sin jurisdiccion especial,376,33.84692778,-81.60436944,Peaton,El primer evento no fue una colision con un vehiculo automotor en transporte,Four-Way Intersection,Interseccion de 4 direcciones,Sobre calle,Ninguna,Dia total,Despejado,No,NO APLICA,99,98,99,98,1,04/12/2022,2
45,South Carolina,450930,0,0,1,0,91,YORK (91),2200,ROCK HILL,12,Diciembre,4,2022,0,45,SR-344 BRICE STREET,3,Highway estatal,Urbano,Arteria Menor,State Highway Agency,0,Sin jurisdiccion especial,7,34.91283056,-81.041925,Poste,El primer evento no fue una colision con un vehiculo automotor en transporte,Not an Intersection,No fue interseccion,Sobre el lado de la calle,Ninguna,Oscuro sin iluminacion,lluvia,No,NO APLICA,99,98,99,98,1,04/12/2022,1
45,South Carolina,450931,0,0,2,0,91,YORK (91),0,NO APLICA,12,Diciembre,6,2022,6,45,SR-460 GOLD HILL RD,3,Highway estatal,Urbano,Arteria Menor,State Highway Agency,0,Sin jurisdiccion especial,110,35.06350278,-80.97662778,Vehiculo en movimiento,Frente a frente,Not an Intersection,No fue interseccion,Sobre calle,Ninguna,Amanecer,lluvia,No,NO APLICA,99,99,99,99,1,06/12/2022,2
45,South Carolina,450932,0,0,1,0,67,MARION (67),0,NO APLICA,12,Diciembre,6,2022,19,55,US-501 HWY 501,2,US Highway,Rural,Arteria Principal,State Highway Agency,1,Sin jurisdiccion especial,165,34.29341389,-79.43307222,Zanja,El primer evento no fue una colision con un vehiculo automotor en transporte,Not an Intersection,No fue interseccion,Sobre el lado de la calle,Ninguna,Oscuro sin iluminacion,Nublado,No,NO APLICA,99,99,99,99,1,06/12/2022,1
45,South Carolina,450933,0,0,2,0,59,LAURENS (59),0,NO APLICA,12,Diciembre,7,2022,6,23,SR-14 HWY 14,3,Highway estatal,Rural,Arteria Menor,State Highway Agency,0,Sin jurisdiccion especial,65,34.56993889,-82.08731944,Vehiculo en movimiento,Frente a frente,Not an Intersection,No fue interseccion,Sobre calle,Ninguna,Oscuro sin iluminacion,Neblina o Humo,No,NO APLICA,99,99,99,99,1,07/12/2022,2
45,South Carolina,450934,0,0,1,0,45,GREENVILLE (45),1040,GREENVILLE,12,Diciembre,7,2022,23,37,I-85,1,Interestatal,Urbano,Interestatal,State Highway Agency,1,Sin jurisdiccion especial,492,34.81631667,-82.32658333,Arbol,El primer evento no fue una colision con un vehiculo automotor en transporte,Not an Intersection,No fue interseccion,Sobre el lado de la calle,Ninguna,Oscuro sin iluminacion,lluvia,No,NO APLICA,99,99,99,99,1,07/12/2022,1
45,South Carolina,450935,0,0,2,0,55,KERSHAW (55),0,NO APLICA,12,Diciembre,7,2022,14,48,SR-20 LOCKHART RD,3,Highway estatal,Rural,Colector Mayor,State Highway Agency,0,Sin jurisdiccion especial,21,34.34095,-80.57900556,Vehiculo en movimiento,Frente a frente,Not an Intersection,No fue interseccion,Sobre calle,Ninguna,Dia total,Despejado,No,NO APLICA,99,99,99,99,1,07/12/2022,3
45,South Carolina,450936,0,0,3,0,19,CHARLESTON (19),2100,RAVENEL,12,Diciembre,7,2022,15,19,US-17 SAVANNAH HWY,2,US Highway,Rural,Arteria Principal,State Highway Agency,1,Sin jurisdiccion especial,127,32.77695,-80.24461389,Vehiculo en movimiento,Frente a frente,Not an Intersection,No fue interseccion,Sobre calle,Ninguna,Dia total,Despejado,No,NO APLICA,99,99,99,99,1,07/12/2022,5
45,South Carolina,450937,0,0,2,0,19,CHARLESTON (19),1805,NORTH CHARLESTON,12,Diciembre,8,2022,5,43,I-26,1,Interestatal,Urbano,Interestatal,State Highway Agency,1,Sin jurisdiccion especial,2115,32.90001389,-80.02177222,Vehiculo en movimiento,Frente a Detrás,Not an Intersection,No fue interseccion,Sobre calle,Ninguna,Dia total,Despejado,No,NO APLICA,99,98,99,98,1,08/12/2022,2
45,South Carolina,450938,0,0,2,0,67,MARION (67),0,NO APLICA,12,Diciembre,8,2022,10,22,SR-20 W MARION STREET,3,Highway estatal,Urbano,Colector Mayor,State Highway Agency,0,Sin jurisdiccion especial,9,34.20561944,-79.27357778,Vehiculo en movimiento,Frente a frente,Not an Intersection,No fue interseccion,Sobre calle,Ninguna,Dia total,Nublado,Yes,NO APLICA,99,98,99,98,1,08/12/2022,3
45,South Carolina,450939,0,0,1,0,59,LAURENS (59),0,NO APLICA,12,Diciembre,9,2022,14,0,SR-67 ALLEN BRIDGE RD,3,Highway estatal,Rural,Colector Mayor,State Highway Agency,0,Sin jurisdiccion especial,62,34.703775,-82.09474444,Culvert,El primer evento no fue una colision con un vehiculo automotor en transporte,Not an Intersection,No fue interseccion,Sobre el lado de la calle,Ninguna,Dia total,lluvia,No,NO APLICA,99,99,99,99,1,09/12/2022,1
45,South Carolina,450940,0,0,2,0,71,NEWBERRY (71),0,NO APLICA,12,Diciembre,9,2022,20,40,SR-39,3,Highway estatal,Rural,Colector Mayor,State Highway Agency,0,Sin jurisdiccion especial,25,34.21041389,-81.89455833,Vehiculo en movimiento,Frente a frente,Not an Intersection,No fue interseccion,Sobre calle,Ninguna,Oscuro sin iluminacion,lluvia,No,NO APLICA,99,99,99,99,1,09/12/2022,2
45,South Carolina,450941,0,0,3,0,41,FLORENCE (41),0,NO APLICA,12,Diciembre,9,2022,2,20,I-95,1,Interestatal,Urbano,Interestatal,State Highway Agency,1,Sin jurisdiccion especial,1640,34.22893889,-79.79996944,Vehiculo en movimiento,Frente a frente,Not an Intersection,No fue interseccion,Sobre calle,Ninguna,Oscuro - iluminacion desconocida,lluvia,No,NO APLICA,99,99,99,99,1,09/12/2022,3
45,South Carolina,450942,0,0,1,0,87,UNION (87),0,NO APLICA,12,Diciembre,10,2022,7,50,SR-49 CROSS KEYS HWY,3,Highway estatal,Rural,Arteria Menor,State Highway Agency,0,Sin jurisdiccion especial,11,34.64649444,-81.83188333,Acotamiento,El primer evento no fue una colision con un vehiculo automotor en transporte,Not an Intersection,No fue interseccion,Sobre el lado de la calle,Ninguna,Dia total,Despejado,No,NO APLICA,99,99,99,99,2,10/12/2022,3
45,South Carolina,450943,1,1,1,0,63,LEXINGTON (63),0,NO APLICA,12,Diciembre,10,2022,17,50,SR-1791 JAMIL RD,3,Highway estatal,Urbano,Colector Mayor,State Highway Agency,0,Sin jurisdiccion especial,4,34.05338333,-81.12780556,Peaton,El primer evento no fue una colision con un vehiculo automotor en transporte,Not an Intersection,No fue interseccion,Sobre calle,Ninguna,Oscuro sin iluminacion,Despejado,No,NO APLICA,99,99,99,99,1,10/12/2022,1
45,South Carolina,450944,1,1,1,0,45,GREENVILLE (45),0,NO APLICA,12,Diciembre,11,2022,23,34,SR-492 PELHAM RD,3,Highway estatal,Urbano,Arteria Menor,State Highway Agency,0,Sin jurisdiccion especial,21,34.86205278,-82.27704167,Peaton,El primer evento no fue una colision con un vehiculo automotor en transporte,Not an Intersection,No fue interseccion,Sobre calle,Ninguna,Oscuro - iluminacion desconocida,Nublado,No,NO APLICA,99,98,99,98,1,11/12/2022,1
45,South Carolina,450945,1,1,1,0,19,CHARLESTON (19),1805,NORTH CHARLESTON,12,Diciembre,11,2022,22,49,SR-75 ASHLEY PHOSPHATE RD,3,Highway estatal,Urbano,Arteria Menor,State Highway Agency,0,Sin jurisdiccion especial,6,32.93405,-80.05125,Peaton,El primer evento no fue una colision con un vehiculo automotor en transporte,T-Intersection,Interseccion de T,Sobre calle,Ninguna,Oscuro con iluminacion,lluvia,No,NO APLICA,99,98,99,98,1,11/12/2022,1
45,South Carolina,450946,0,0,2,0,25,CHESTERFIELD (25),0,NO APLICA,12,Diciembre,12,2022,6,13,SR-134 ARANT STREET,3,Highway estatal,Rural,Arteria Menor,State Highway Agency,0,Sin jurisdiccion especial,0,34.77656111,-80.41211667,Vehiculo en movimiento,Frente a Detrás,Not an Intersection,No fue interseccion,Sobre calle,Ninguna,Oscuro sin iluminacion,Despejado,No,NO APLICA,99,98,99,98,1,12/12/2022,2
45,South Carolina,450947,0,0,1,0,19,CHARLESTON (19),0,NO APLICA,12,Diciembre,12,2022,15,0,I-26,1,Interestatal,Urbano,Interestatal,State Highway Agency,1,Sin jurisdiccion especial,2042,32.98825278,-80.08345,Otro objeto (no fijo),El primer evento no fue una colision con un vehiculo automotor en transporte,Not an Intersection,No fue interseccion,Sobre el lado de la calle,Ninguna,Dia total,Despejado,No,NO APLICA,99,99,99,99,1,12/12/2022,1
45,South Carolina,450948,0,0,1,0,43,GEORGETOWN (43),0,NO APLICA,12,Diciembre,12,2022,17,10,SR-41 COUNTY LINE RD,3,Highway estatal,Rural,Arteria Menor,State Highway Agency,0,Sin jurisdiccion especial,71,33.38666944,-79.62701389,Zanja,El primer evento no fue una colision con un vehiculo automotor en transporte,Not an Intersection,No fue interseccion,Sobre el lado de la calle,Ninguna,Oscuro - iluminacion desconocida,Despejado,No,NO APLICA,99,98,99,98,1,12/12/2022,1
45,South Carolina,450949,0,0,2,1,75,ORANGEBURG (75),2290,SANTEE,3,Marzo,2,2022,14,45,I-95,1,Interestatal,Rural,Interestatal,State Highway Agency,1,Sin jurisdiccion especial,960,33.45441667,-80.47930833,Vehiculo Aparcado,El primer evento no fue una colision con un vehiculo automotor en transporte,Not an Intersection,No fue interseccion,En el medio,Ninguna,Dia total,Despejado,No,NO APLICA,99,99,99,99,1,02/03/2022,1
45,South Carolina,450950,0,0,3,0,45,GREENVILLE (45),0,NO APLICA,12,Diciembre,12,2022,21,30,US-25 AUGUSTA RD,2,US Highway,Rural,Arteria Principal,State Highway Agency,1,Sin jurisdiccion especial,20,34.52301389,-82.31384722,Vehiculo en movimiento,Frente a frente,Not an Intersection,No fue interseccion,Sobre calle,Ninguna,Oscuro sin iluminacion,Despejado,No,NO APLICA,99,99,99,99,1,12/12/2022,3
45,South Carolina,450951,0,0,3,0,51,HORRY (51),0,NO APLICA,12,Diciembre,13,2022,17,58,SR-19 HWY 19,3,Highway estatal,Rural,Colector Mayor,State Highway Agency,0,Sin jurisdiccion especial,128,34.04840278,-78.98309722,Vehiculo en movimiento,Frente a Detrás,T-Intersection,Interseccion de T,Sobre calle,Ninguna,Atardecer,Despejado,No,NO APLICA,99,99,99,99,1,13/12/2022,3
45,South Carolina,450952,1,1,2,0,45,GREENVILLE (45),0,NO APLICA,12,Diciembre,13,2022,20,15,SR-291 N PLEASANTBURG DRIVE,3,Highway estatal,Urbano,Arteria Menor,State Highway Agency,0,Sin jurisdiccion especial,0,34.88771389,-82.38787778,Ciclista,El primer evento no fue una colision con un vehiculo automotor en transporte,Not an Intersection,No fue interseccion,Sobre calle,Ninguna,Oscuro - iluminacion desconocida,Despejado,No,NO APLICA,99,99,99,99,1,13/12/2022,2
45,South Carolina,450953,1,1,1,0,79,RICHLAND (79),520,COLUMBIA,12,Diciembre,14,2022,21,57,US-1 TWO NOTCH RD,2,US Highway,Urbano,Arteria Principal,State Highway Agency,1,Sin jurisdiccion especial,56,34.04108889,-80.99656944,Peaton,El primer evento no fue una colision con un vehiculo automotor en transporte,Not an Intersection,No fue interseccion,Sobre calle,Ninguna,Oscuro con iluminacion,Despejado,No,NO APLICA,99,98,99,98,1,14/12/2022,1
45,South Carolina,450954,1,1,1,0,51,HORRY (51),0,NO APLICA,12,Diciembre,14,2022,19,18,US-701 HWY 701,2,US Highway,Urbano,Arteria Principal,State Highway Agency,1,Sin jurisdiccion especial,187,33.89080556,-79.04812222,Peaton,El primer evento no fue una colision con un vehiculo automotor en transporte,Not an Intersection,No fue interseccion,Sobre calle,Ninguna,Oscuro sin iluminacion,Nublado,No,NO APLICA,99,98,99,98,1,14/12/2022,1
45,South Carolina,450955,1,1,1,0,13,BEAUFORT (13),1145,HILTON HEAD ISL,12,Diciembre,14,2022,21,5,US-278 WILLIAM HILTON PKWY,2,US Highway,Urbano,Arteria Principal,State Highway Agency,1,Sin jurisdiccion especial,28,32.21641667,-80.70845,Peaton,El primer evento no fue una colision con un vehiculo automotor en transporte,Four-Way Intersection,Interseccion de 4 direcciones,Sobre calle,Ninguna,Oscuro sin iluminacion,lluvia,No,NO APLICA,99,98,99,98,1,14/12/2022,1
45,South Carolina,450956,1,1,1,0,51,HORRY (51),1730,MYRTLE BEACH,12,Diciembre,15,2022,20,43,SR-634 FRED NASH BLVD,3,Highway estatal,Urbano,Local,State Highway Agency,0,Sin jurisdiccion especial,8,33.69166944,-78.94833889,Peaton,El primer evento no fue una colision con un vehiculo automotor en transporte,Not an Intersection,No fue interseccion,Sobre calle,Ninguna,Oscuro sin iluminacion,Despejado,No,NO APLICA,99,99,99,99,1,15/12/2022,1
45,South Carolina,450957,0,0,1,0,51,HORRY (51),1730,MYRTLE BEACH,12,Diciembre,15,2022,18,5,SR-15 HWY 15,3,Highway estatal,Urbano,Arteria Menor,State Highway Agency,0,Sin jurisdiccion especial,10,33.68983889,-78.90718056,Zanja,El primer evento no fue una colision con un vehiculo automotor en transporte,Not an Intersection,No fue interseccion,Sobre el lado de la calle,Ninguna,Dia total,Despejado,No,NO APLICA,99,99,99,99,1,15/12/2022,1
45,South Carolina,450958,0,0,2,0,3,AIKEN (3),0,NO APLICA,12,Diciembre,15,2022,9,44,SR-302 SILVER BLUFF RD,3,Highway estatal,Rural,Colector Mayor,State Highway Agency,0,Sin jurisdiccion especial,57,33.43976667,-81.77958611,Vehiculo en movimiento,Angulo,Not an Intersection,No fue interseccion,Sobre calle,Ninguna,Dia total,Nublado,No,NO APLICA,99,99,99,99,1,15/12/2022,3
45,South Carolina,450959,1,1,1,0,15,BERKELEY (15),0,NO APLICA,12,Diciembre,15,2022,19,20,SR-29 RED BANK RD,3,Highway estatal,Urbano,Arteria Principal,State Highway Agency,0,Sin jurisdiccion especial,47,32.97288611,-80.02121111,Peaton,El primer evento no fue una colision con un vehiculo automotor en transporte,Not an Intersection,No fue interseccion,Sobre calle,Ninguna,Oscuro sin iluminacion,Despejado,No,NO APLICA,99,99,99,99,1,15/12/2022,2
45,South Carolina,450960,1,1,1,0,45,GREENVILLE (45),0,NO APLICA,12,Diciembre,16,2022,22,30,I-385,1,Interestatal,Urbano,Interestatal,State Highway Agency,1,Sin jurisdiccion especial,228,34.67936389,-82.20202778,Peaton,El primer evento no fue una colision con un vehiculo automotor en transporte,Not an Intersection,No fue interseccion,Sobre calle,Ninguna,Oscuro sin iluminacion,Despejado,No,NO APLICA,99,98,99,98,1,16/12/2022,1
45,South Carolina,450961,0,0,2,0,89,WILLIAMSBURG (89),0,NO APLICA,12,Diciembre,16,2022,11,0,SR-41 HWY 41,3,Highway estatal,Rural,Arteria Menor,State Highway Agency,0,Sin jurisdiccion especial,287,33.62926389,-79.43060556,Vehiculo en movimiento,Frente a frente,Not an Intersection,No fue interseccion,Sobre calle,Ninguna,Dia total,Despejado,No,NO APLICA,99,98,99,98,1,16/12/2022,2
45,South Carolina,450962,0,0,1,0,37,EDGEFIELD (37),0,NO APLICA,12,Diciembre,16,2022,23,45,SR-57 YOUNCE POND RD,3,Highway estatal,Rural,Colector Mayor,State Highway Agency,0,Sin jurisdiccion especial,20,33.81805278,-81.77533611,Culvert,El primer evento no fue una colision con un vehiculo automotor en transporte,Not an Intersection,No fue interseccion,Sobre el lado de la calle,Ninguna,Oscuro sin iluminacion,Despejado,No,NO APLICA,99,98,99,98,1,16/12/2022,1
45,South Carolina,450963,0,0,1,0,59,LAURENS (59),0,NO APLICA,12,Diciembre,18,2022,0,20,SR-43 E JERRY RD,3,Highway estatal,Urbano,Colector Mayor,State Highway Agency,0,Sin jurisdiccion especial,55,34.48458056,-81.98256944,Buzon de correo,El primer evento no fue una colision con un vehiculo automotor en transporte,Not an Intersection,No fue interseccion,Sobre el lado de la calle,Ninguna,Oscuro sin iluminacion,Despejado,No,NO APLICA,99,98,99,98,1,18/12/2022,1
45,South Carolina,450964,1,2,3,1,45,GREENVILLE (45),0,NO APLICA,12,Diciembre,18,2022,2,25,SR-94 E NORTH STREET,3,Highway estatal,Urbano,Arteria Menor,State Highway Agency,0,Sin jurisdiccion especial,57,34.87622222,-82.32336111,Vehiculo Aparcado,El primer evento no fue una colision con un vehiculo automotor en transporte,Not an Intersection,No fue interseccion,Sobre calle,Ninguna,Oscuro sin iluminacion,Despejado,No,NO APLICA,99,99,99,99,1,18/12/2022,3
45,South Carolina,450965,0,0,2,0,7,ANDERSON (7),0,NO APLICA,12,Diciembre,9,2022,15,29,SR-252 HWY 252,3,Highway estatal,Rural,Colector Mayor,State Highway Agency,0,Sin jurisdiccion especial,46,34.45615278,-82.50855278,Vehiculo en movimiento,Angulo,Four-Way Intersection,Interseccion de 4 direcciones,Sobre calle,Ninguna,Dia total,lluvia,No,NO APLICA,99,99,99,99,1,09/12/2022,2
45,South Carolina,450966,0,0,2,0,77,PICKENS (77),0,NO APLICA,12,Diciembre,12,2022,8,38,US- 123 CALHOUN MEM HWY,2,US Highway,Urbano,Arterial Principal -Freeway o ExpressWay,State Highway Agency,1,Sin jurisdiccion especial,179,34.81716111,-82.60441111,Vehiculo en movimiento,Frente a frente,Not an Intersection,No fue interseccion,Sobre calle,Ninguna,Dia total,Nublado,No,NO APLICA,99,99,99,99,1,12/12/2022,2
45,South Carolina,450967,0,0,2,0,15,BERKELEY (15),0,NO APLICA,12,Diciembre,18,2022,3,25,SR-6 HWY 6,3,Highway estatal,Rural,Arteria Menor,State Highway Agency,0,Sin jurisdiccion especial,201,33.21004722,-80.07466111,Vehiculo en movimiento,Frente a frente,Not an Intersection,No fue interseccion,Sobre calle,Ninguna,Oscuro sin iluminacion,Despejado,No,NO APLICA,99,99,99,99,1,18/12/2022,3
45,South Carolina,450968,1,1,1,0,57,LANCASTER (57),0,NO APLICA,12,Diciembre,18,2022,1,35,SR-12 SPRINGDALE RD,3,Highway estatal,Urbano,Colector Mayor,State Highway Agency,0,Sin jurisdiccion especial,9,34.69706667,-80.78762222,Ciclista,El primer evento no fue una colision con un vehiculo automotor en transporte,Not an Intersection,No fue interseccion,Sobre calle,Ninguna,Oscuro sin iluminacion,Despejado,No,NO APLICA,99,98,99,98,1,18/12/2022,1
45,South Carolina,450969,0,0,2,0,41,FLORENCE (41),870,FLORENCE,12,Diciembre,19,2022,18,15,US-301 OLANTA HWY,2,US Highway,Rural,Arteria Principal,State Highway Agency,1,Sin jurisdiccion especial,145,34.04750556,-79.79872778,Vehiculo en movimiento,Angulo,Not an Intersection,No fue interseccion,Sobre calle,Ninguna,Oscuro sin iluminacion,Despejado,No,NO APLICA,99,99,99,99,1,19/12/2022,4
45,South Carolina,450970,0,0,3,0,47,GREENWOOD (47),0,NO APLICA,12,Diciembre,19,2022,8,39,SR-702 HWY 702,3,Highway estatal,Rural,Colector Mayor,State Highway Agency,0,Sin jurisdiccion especial,28,34.20976667,-81.99860556,Vehiculo en movimiento,Golpe Lateral - misma direccion,Not an Intersection,No fue interseccion,Sobre calle,Ninguna,Amanecer,Despejado,No,NO APLICA,99,98,99,98,1,19/12/2022,3
45,South Carolina,450971,0,0,1,0,85,SUMTER (85),0,NO APLICA,12,Diciembre,20,2022,17,48,SR-52 WEST AVE,3,Highway estatal,Rural,Colector Mayor,State Highway Agency,0,Sin jurisdiccion especial,22,33.713175,-80.47965833,Zanja,El primer evento no fue una colision con un vehiculo automotor en transporte,Not an Intersection,No fue interseccion,Sobre el lado de la calle,Ninguna,Oscuro sin iluminacion,lluvia,No,NO APLICA,99,99,99,99,1,20/12/2022,1
45,South Carolina,450972,1,1,1,0,33,DILLON (33),0,NO APLICA,12,Diciembre,20,2022,18,6,US-301 HWY 301,2,US Highway,Urbano,Arteria Principal,State Highway Agency,1,Sin jurisdiccion especial,145,34.46146944,-79.33423611,Ciclista,El primer evento no fue una colision con un vehiculo automotor en transporte,Not an Intersection,No fue interseccion,Sobre calle,Ninguna,Oscuro sin iluminacion,lluvia,No,NO APLICA,99,99,99,99,1,20/12/2022,1
45,South Carolina,450973,0,0,2,0,51,HORRY (51),0,NO APLICA,12,Diciembre,21,2022,17,40,SR-917 HWY 917,3,Highway estatal,Rural,Colector Mayor,State Highway Agency,0,Sin jurisdiccion especial,92,34.09298333,-79.06458611,Vehiculo en movimiento,Frente a frente,Four-Way Intersection,Interseccion de 4 direcciones,Sobre calle,Ninguna,Oscuro sin iluminacion,Despejado,No,NO APLICA,99,99,99,99,1,21/12/2022,5
45,South Carolina,450974,0,0,2,0,35,DORCHESTER (35),2530,SUMMERVILLE,12,Diciembre,19,2022,14,45,SR-65 W RICHARDSON AVE,3,Highway estatal,Urbano,Colector Mayor,State Highway Agency,0,Sin jurisdiccion especial,10,33.02378056,-80.18583056,Vehiculo en movimiento,Angulo,Four-Way Intersection,Interseccion de 4 direcciones,Sobre calle,Ninguna,Dia total,Despejado,No,NO APLICA,99,99,99,99,1,19/12/2022,4
45,South Carolina,450975,0,0,2,0,91,YORK (91),0,NO APLICA,12,Diciembre,23,2022,6,55,SR-49 LOCKHART RD,3,Highway estatal,Rural,Arteria Menor,State Highway Agency,0,Sin jurisdiccion especial,16,34.83826389,-81.41924444,Arbusto,El primer evento no fue una colision con un vehiculo automotor en transporte,Not an Intersection,No fue interseccion,Sobre calle,Ninguna,Oscuro sin iluminacion,Vientos cruzados pero de los mamalones,No,NO APLICA,99,98,99,98,1,23/12/2022,3
45,South Carolina,450976,1,1,1,0,19,CHARLESTON (19),410,CHARLESTON,12,Diciembre,23,2022,15,55,US-17 HWY 17,2,US Highway,Urbano,Arteria Principal,State Highway Agency,1,Sin jurisdiccion especial,306,32.79316944,-79.9487,Peaton,El primer evento no fue una colision con un vehiculo automotor en transporte,Four-Way Intersection,Interseccion de 4 direcciones,Sobre calle,Ninguna,Dia total,Despejado,No,NO APLICA,99,99,99,99,1,23/12/2022,1
45,South Carolina,450977,0,0,1,0,15,BERKELEY (15),0,NO APLICA,12,Diciembre,24,2022,6,35,SR-41 HWY 41,3,Highway estatal,Rural,Arteria Menor,State Highway Agency,0,Sin jurisdiccion especial,178,33.16511944,-79.7713,Volcadura,El primer evento no fue una colision con un vehiculo automotor en transporte,Not an Intersection,No fue interseccion,Sobre el lado de la calle,Ninguna,Oscuro sin iluminacion,Despejado,No,NO APLICA,99,98,99,98,1,24/12/2022,1
45,South Carolina,450978,0,0,1,0,79,RICHLAND (79),0,NO APLICA,12,Diciembre,24,2022,7,0,SR-330 HEYWARD BROCKINGTON RD,3,Highway estatal,Rural,Colector Mayor,State Highway Agency,0,Sin jurisdiccion especial,8,34.13371111,-81.05618889,Arbol,El primer evento no fue una colision con un vehiculo automotor en transporte,Not an Intersection,No fue interseccion,Sobre el lado de la calle,Ninguna,Dia total,Despejado,No,NO APLICA,99,98,99,98,1,24/12/2022,1
45,South Carolina,450979,1,1,1,0,47,GREENWOOD (47),0,NO APLICA,12,Diciembre,24,2022,18,21,SR-254 COKESBURY RD,3,Highway estatal,Urbano,Colector Mayor,State Highway Agency,0,Sin jurisdiccion especial,28,34.23652222,-82.17965556,Peaton,El primer evento no fue una colision con un vehiculo automotor en transporte,Not an Intersection,No fue interseccion,Sobre calle,Ninguna,Oscuro sin iluminacion,Despejado,No,NO APLICA,99,98,99,98,1,24/12/2022,2
45,South Carolina,450980,0,0,2,0,61,LEE (61),0,NO APLICA,12,Diciembre,26,2022,15,10,SR-37 REMBERT CHURCH RD,3,Highway estatal,Rural,Colector Mayor,State Highway Agency,0,Sin jurisdiccion especial,74,34.09631389,-80.36766111,Vehiculo en movimiento,Frente a frente,Not an Intersection,No fue interseccion,Sobre calle,Ninguna,Dia total,Despejado,No,NO APLICA,99,99,99,99,1,26/12/2022,2
45,South Carolina,450981,0,0,2,0,21,CHEROKEE (21),0,NO APLICA,12,Diciembre,27,2022,11,46,SR-18 N LIMESTONE STREET,3,Highway estatal,Urbano,Arteria Menor,State Highway Agency,0,Sin jurisdiccion especial,171,35.10003889,-81.62761389,Vehiculo en movimiento,Angulo,Four-Way Intersection,Interseccion de 4 direcciones,Sobre calle,Ninguna,Dia total,Despejado,No,NO APLICA,99,99,99,99,1,27/12/2022,2
45,South Carolina,450982,0,0,2,0,15,BERKELEY (15),0,NO APLICA,12,Diciembre,27,2022,0,25,I-26,1,Interestatal,Rural,Interestatal,State Highway Agency,1,Sin jurisdiccion especial,1888,33.12810833,-80.29115278,Vehiculo en movimiento,Frente a frente,Not an Intersection,No fue interseccion,Sobre calle,Ninguna,Oscuro - iluminacion desconocida,Despejado,No,NO APLICA,99,99,99,99,1,27/12/2022,4