Estado,Nombre de Estado,Numero de Caso,Peatones,Personas _no_vehiculos,Vehiculos automotores,Vehiculos estacionados,Condado,Nombre Condado,Ciudad,Nombre Ciudad,Mes,Nombre Mes,Dia,Año,Hora,Minuto,Calle,Ruta,Nombre Ruta,Rural o Urbanoo,Sistema Funcional,Dueño Calle,Sistema Nacional Carreteras,Jurisdiccion Especial,Milla,Latitud,Longitud,Causa del Accidente,Tipo de Accidente,Tipo Interseccion,Columna1,Lugar en la calle,Zona de Trabajo,Luz,Clima,Autobus Escolar,Cruce de Trenes,Hora Notificacion,Minuto Notificacion,Hora Llegada,Minuto Llegada,Decesos,Fecha,PersonaVehiculo
45,South Carolina,450983,0,0,1,0,7,ANDERSON (7),0,NO APLICA,12,Diciembre,28,2022,18,2,SR-184 ELBERTON HWY,3,Highway estatal,Rural,Arteria Menor,State Highway Agency,0,Sin jurisdiccion especial,40,34.28989167,-82.70755,Poste,El primer evento no fue una colision con un vehiculo automotor en transporte,Not an Intersection,No fue interseccion,Sobre el lado de la calle,Ninguna,Oscuro sin iluminacion,Despejado,No,NO APLICA,99,99,99,99,1,28/12/2022,1
45,South Carolina,450984,0,0,2,0,65,MCCORMICK (65),0,NO APLICA,12,Diciembre,28,2022,18,52,SR-28 HWY 28,3,Highway estatal,Rural,Arteria Menor,State Highway Agency,0,Sin jurisdiccion especial,32,33.63456389,-82.14698333,Vehiculo en movimiento,Frente a frente,Not an Intersection,No fue interseccion,Sobre calle,Ninguna,Oscuro sin iluminacion,Despejado,No,NO APLICA,99,98,99,98,2,28/12/2022,2
45,South Carolina,450985,0,0,1,0,15,BERKELEY (15),0,NO APLICA,12,Diciembre,28,2022,19,20,SR-402 HWY 402,3,Highway estatal,Rural,Colector Mayor,State Highway Agency,0,Sin jurisdiccion especial,95,33.121725,-79.87283056,Arbol,El primer evento no fue una colision con un vehiculo automotor en transporte,Not an Intersection,No fue interseccion,Sobre el lado de la calle,Ninguna,Oscuro sin iluminacion,Despejado,No,NO APLICA,99,98,99,98,1,28/12/2022,1
45,South Carolina,450986,0,0,1,0,67,MARION (67),0,NO APLICA,12,Diciembre,27,2022,23,30,SR-22 ZION RD,3,Highway estatal,Rural,Colector Mayor,State Highway Agency,0,Sin jurisdiccion especial,109,34.24068889,-79.29792778,Zanja,El primer evento no fue una colision con un vehiculo automotor en transporte,Not an Intersection,No fue interseccion,Sobre el lado de la calle,Ninguna,Oscuro sin iluminacion,Despejado,No,NO APLICA,99,98,99,98,1,27/12/2022,1
45,South Carolina,450987,0,0,2,0,51,HORRY (51),0,NO APLICA,12,Diciembre,29,2022,12,29,US-17,2,US Highway,Urbano,Arteria Principal,State Highway Agency,1,Sin jurisdiccion especial,7,33.58093056,-79.0193,Vehiculo en movimiento,Angulo,T-Intersection,Interseccion de T,Sobre calle,Ninguna,Dia total,Despejado,No,NO APLICA,99,99,99,99,1,29/12/2022,2
45,South Carolina,450988,0,0,1,0,7,ANDERSON (7),0,NO APLICA,12,Diciembre,29,2022,13,41,SR-238 ROBERTS CHURCH RD,3,Highway estatal,Rural,Local,State Highway Agency,0,Sin jurisdiccion especial,2,34.44806944,-82.7762,Volcadura,El primer evento no fue una colision con un vehiculo automotor en transporte,Not an Intersection,No fue interseccion,Sobre el lado de la calle,Ninguna,Dia total,Despejado,No,NO APLICA,99,99,99,99,1,29/12/2022,3
45,South Carolina,450989,0,0,2,0,61,LEE (61),0,NO APLICA,12,Diciembre,29,2022,14,0,SR-14 KELLY BRIDGE RD E,3,Highway estatal,Rural,Colector Mayor,State Highway Agency,0,Sin jurisdiccion especial,63,34.34006667,-80.19811944,Vehiculo en movimiento,Angulo,Four-Way Intersection,Interseccion de 4 direcciones,Sobre calle,Ninguna,Dia total,Despejado,No,NO APLICA,99,99,99,99,1,29/12/2022,3
45,South Carolina,450990,0,0,1,0,75,ORANGEBURG (75),0,NO APLICA,12,Diciembre,30,2022,0,0,US-15 BASS DRIVE,2,US Highway,Rural,Arteria Principal,State Highway Agency,1,Sin jurisdiccion especial,11,33.30668889,-80.48038056,Poste o otros soportes,El primer evento no fue una colision con un vehiculo automotor en transporte,Not an Intersection,No fue interseccion,Sobre el lado de la calle,Ninguna,Oscuro sin iluminacion,Despejado,No,NO APLICA,99,98,99,98,1,30/12/2022,1
45,South Carolina,450991,0,0,1,0,77,PICKENS (77),0,NO APLICA,12,Diciembre,30,2022,17,0,US-123 CALHOUN MEM HWY,2,US Highway,Rural,Arteria Principal,State Highway Agency,1,Sin jurisdiccion especial,69,34.71353056,-82.74938611,Acotamiento,El primer evento no fue una colision con un vehiculo automotor en transporte,Not an Intersection,No fue interseccion,En el medio,Ninguna,Dia total,Despejado,No,NO APLICA,99,98,99,98,1,30/12/2022,1
45,South Carolina,450992,1,1,1,0,51,HORRY (51),0,NO APLICA,12,Diciembre,30,2022,18,39,SR-905 HWY 905,3,Highway estatal,Rural,Arteria Menor,State Highway Agency,0,Sin jurisdiccion especial,48,33.86435,-78.98955,Peaton,El primer evento no fue una colision con un vehiculo automotor en transporte,T-Intersection,Interseccion de T,Sobre calle,Ninguna,Oscuro sin iluminacion,Despejado,No,NO APLICA,99,98,99,98,1,30/12/2022,1
45,South Carolina,450993,0,0,2,0,53,JASPER (53),1080,HARDEEVILLE,12,Diciembre,30,2022,22,50,US-17 SPEEDWAY BLVD,2,US Highway,Rural,Arteria Principal,State Highway Agency,1,Sin jurisdiccion especial,150,32.28443889,-81.08,Vehiculo en movimiento,Frente a frente,Not an Intersection,No fue interseccion,Sobre calle,Ninguna,Oscuro sin iluminacion,Despejado,No,NO APLICA,99,99,99,99,2,30/12/2022,2
45,South Carolina,450994,1,1,2,0,13,BEAUFORT (13),0,NO APLICA,12,Diciembre,31,2022,5,50,US-21 TRASK PKWY,2,US Highway,Urbano,Arteria Principal,State Highway Agency,1,Sin jurisdiccion especial,278,32.47146389,-80.73680278,Peaton,El primer evento no fue una colision con un vehiculo automotor en transporte,Not an Intersection,No fue interseccion,Sobre calle,Ninguna,Oscuro sin iluminacion,Neblina o Humo,No,NO APLICA,99,98,99,98,1,31/12/2022,2
45,South Carolina,450995,0,0,1,0,75,ORANGEBURG (75),0,NO APLICA,12,Diciembre,31,2022,12,40,US-301 FIVE CHOP RD,2,US Highway,Rural,Arteria Principal,State Highway Agency,1,Sin jurisdiccion especial,286,33.45713611,-80.64942778,Arbol,El primer evento no fue una colision con un vehiculo automotor en transporte,Not an Intersection,No fue interseccion,Sobre el lado de la calle,Ninguna,Dia total,lluvia,No,NO APLICA,99,99,99,99,1,31/12/2022,3
45,South Carolina,450996,0,0,1,0,45,GREENVILLE (45),0,NO APLICA,12,Diciembre,31,2022,16,45,SR-154 TALL PINES RD,3,Highway estatal,Urbano,Local,State Highway Agency,0,Sin jurisdiccion especial,7,34.66217222,-82.23316667,Zanja,El primer evento no fue una colision con un vehiculo automotor en transporte,Not an Intersection,No fue interseccion,Sobre el lado de la calle,Ninguna,Oscuro sin iluminacion,lluvia,No,NO APLICA,99,99,99,99,1,31/12/2022,1
45,South Carolina,450997,0,0,1,0,39,FAIRFIELD (39),0,NO APLICA,12,Diciembre,31,2022,23,35,I-77,1,Interestatal,Rural,Interestatal,State Highway Agency,1,Sin jurisdiccion especial,321,34.27880833,-80.99730556,Acotamiento,El primer evento no fue una colision con un vehiculo automotor en transporte,Not an Intersection,No fue interseccion,Sobre el lado de la calle,Ninguna,Oscuro sin iluminacion,Despejado,No,NO APLICA,99,98,99,98,2,31/12/2022,2
45,South Carolina,450998,0,0,6,4,75,ORANGEBURG (75),0,NO APLICA,5,Mayo,21,2022,7,10,SR-6 OLD NUMBER SIX HWY,3,Highway estatal,Rural,Arteria Menor,State Highway Agency,0,Sin jurisdiccion especial,179,33.41886944,-80.36891111,Vehiculo en movimiento,Angulo,Not an Intersection,No fue interseccion,Sobre calle,Ninguna,Dia total,Despejado,No,NO APLICA,99,99,99,99,1,21/05/2022,3
45,South Carolina,450999,1,1,1,0,13,BEAUFORT (13),0,NO APLICA,6,Junio,5,2022,2,0,SR-769 PORCHES HILL RD,3,Highway estatal,Rural,Local,State Highway Agency,0,Sin jurisdiccion especial,2,32.56213889,-80.69015,Peaton,El primer evento no fue una colision con un vehiculo automotor en transporte,Not an Intersection,No fue interseccion,Sobre calle,Ninguna,Oscuro sin iluminacion,Despejado,No,NO APLICA,99,98,99,98,1,05/06/2022,1
45,South Carolina,451000,0,0,6,0,29,COLLETON (29),0,NO APLICA,7,Julio,24,2022,16,15,I-95,1,Interestatal,Rural,Interestatal,State Highway Agency,1,Sin jurisdiccion especial,526,32.86684444,-80.72402222,Vehiculo en movimiento,Frente a Detrás,Not an Intersection,No fue interseccion,Sobre calle,Ninguna,Dia total,Despejado,No,NO APLICA,99,99,99,99,3,24/07/2022,21
45,South Carolina,451001,0,0,2,0,19,CHARLESTON (19),1805,NORTH CHARLESTON,8,Agosto,18,2022,7,59,I-26,1,Interestatal,Urbano,Interestatal,State Highway Agency,1,Sin jurisdiccion especial,2046,32.98456389,-80.0795,Vehiculo en movimiento,Angulo,Not an Intersection,No fue interseccion,Sobre calle,Ninguna,Dia total,Despejado,No,NO APLICA,99,98,99,98,1,18/08/2022,2
45,South Carolina,451002,0,0,1,0,75,ORANGEBURG (75),0,NO APLICA,9,Septiembre,21,2022,7,35,US-301 FIVE CHOP RD,2,US Highway,Rural,Arteria Principal,State Highway Agency,1,Sin jurisdiccion especial,217,33.46050833,-80.75808333,Volcadura,El primer evento no fue una colision con un vehiculo automotor en transporte,Not an Intersection,No fue interseccion,Sobre calle,Ninguna,Dia total,Despejado,No,NO APLICA,99,99,99,99,1,21/09/2022,5
45,South Carolina,451003,0,0,4,0,15,BERKELEY (15),0,NO APLICA,10,Octubre,1,2022,14,15,SR-6 HWY 6,3,Highway estatal,Rural,Arteria Menor,State Highway Agency,0,Sin jurisdiccion especial,147,33.27383611,-80.12490556,Vehiculo en movimiento,Frente a frente,Not an Intersection,No fue interseccion,Sobre calle,Ninguna,Dia total,Despejado,No,NO APLICA,99,99,99,99,1,01/10/2022,5
45,South Carolina,451004,0,0,4,0,75,ORANGEBURG (75),0,NO APLICA,10,Octubre,5,2022,17,39,US-176 OLS STATE RD,2,US Highway,Rural,Arteria Principal,State Highway Agency,1,Sin jurisdiccion especial,166,33.33063889,-80.42496944,Vehiculo en movimiento,Angulo,Not an Intersection,No fue interseccion,Sobre calle,Ninguna,Dia total,Despejado,No,NO APLICA,99,99,99,99,1,05/10/2022,6
45,South Carolina,451005,0,0,2,0,15,BERKELEY (15),0,NO APLICA,10,Octubre,14,2022,7,50,SR-98 HALFWAY CREEK RD,3,Highway estatal,Rural,Local,State Highway Agency,0,Sin jurisdiccion especial,118,33.04769167,-79.70161944,Vehiculo en movimiento,Angulo,Not an Intersection,No fue interseccion,Sobre el lado de la calle,Ninguna,Dia total,Despejado,No,NO APLICA,99,99,99,99,1,14/10/2022,2
45,South Carolina,451006,0,0,2,0,79,RICHLAND (79),520,COLUMBIA,1,Enero,9,2022,3,13,SR-262 LEESBURG RD,3,Highway estatal,Urbano,Arteria Menor,State Highway Agency,0,Sin jurisdiccion especial,24,33.98018889,-80.91621944,Vehiculo en movimiento,Angulo,Y-Intersection,Interseccion de Y,Sobre calle,Ninguna,Oscuro con iluminacion,Despejado,No,NO APLICA,99,99,99,99,1,09/01/2022,2
45,South Carolina,451007,0,0,1,0,91,YORK (91),0,NO APLICA,1,Enero,17,2022,9,16,SR-161 OLD YORK RD,3,Highway estatal,Urbano,Arteria Principal,State Highway Agency,1,Sin jurisdiccion especial,170,34.99253611,-81.19325556,Volcadura,El primer evento no fue una colision con un vehiculo automotor en transporte,Not an Intersection,No fue interseccion,Sobre el lado de la calle,Ninguna,Dia total,Nieve,No,NO APLICA,99,99,99,99,1,17/01/2022,1
45,South Carolina,451008,1,1,1,0,51,HORRY (51),0,NO APLICA,11,Noviembre,6,2022,1,20,US-501 HWY 501,2,US Highway,Urbano,Arteria Principal,State Highway Agency,1,Sin jurisdiccion especial,232,33.80324444,-79.00806389,Peaton,El primer evento no fue una colision con un vehiculo automotor en transporte,Not an Intersection,No fue interseccion,Sobre calle,Ninguna,Oscuro sin iluminacion,Despejado,No,NO APLICA,99,98,99,98,1,06/11/2022,1
45,South Carolina,451009,1,1,2,1,75,ORANGEBURG (75),0,NO APLICA,12,Diciembre,11,2022,17,55,SR-4 NEESES HWY,3,Highway estatal,Urbano,Arteria Menor,State Highway Agency,0,Sin jurisdiccion especial,282,33.48047778,-80.90896389,Vehiculo Aparcado,El primer evento no fue una colision con un vehiculo automotor en transporte,Not an Intersection,No fue interseccion,Sobre el lado de la calle,Ninguna,Atardecer,lluvia,No,NO APLICA,99,98,99,98,1,11/12/2022,1
45,South Carolina,451010,0,0,2,0,83,SPARTANBURG (83),0,NO APLICA,11,Noviembre,4,2022,18,37,SR-56 ASHEVILLE HWY,3,Highway estatal,Urbano,Arteria Menor,State Highway Agency,0,Sin jurisdiccion especial,289,34.96620278,-81.94818333,Vehiculo en movimiento,Angulo,Four-Way Intersection,Interseccion de 4 direcciones,Sobre calle,Ninguna,Atardecer,Despejado,No,NO APLICA,99,98,99,98,1,04/11/2022,2
45,South Carolina,451011,1,1,1,0,83,SPARTANBURG (83),0,NO APLICA,12,Diciembre,5,2022,17,30,CR-N FOREST STREET,4,Calle del Condado,Urbano,Colector Mayor,County Highway Agency,0,Sin jurisdiccion especial,16,34.94866111,-81.94138056,Peaton,El primer evento no fue una colision con un vehiculo automotor en transporte,Four-Way Intersection,Interseccion de 4 direcciones,Sobre calle,Ninguna,Oscuro sin iluminacion,lluvia,No,NO APLICA,99,99,99,99,1,05/12/2022,1
45,South Carolina,451012,1,1,1,0,79,RICHLAND (79),520,COLUMBIA,12,Diciembre,31,2022,21,0,US-1 TWO NOTCH RD,2,US Highway,Urbano,Arteria Principal,State Highway Agency,1,Sin jurisdiccion especial,40,34.02658056,-81.01065,Peaton,El primer evento no fue una colision con un vehiculo automotor en transporte,Not an Intersection,No fue interseccion,Sobre calle,Ninguna,Oscuro con iluminacion,Despejado,No,NO APLICA,99,98,99,98,1,31/12/2022,3
45,South Carolina,451013,1,1,1,0,45,GREENVILLE (45),0,NO APLICA,12,Diciembre,26,2022,16,45,CR-COLLINGSWORTH LANE,4,Calle del Condado,Urbano,Local,State Highway Agency,0,Sin jurisdiccion especial,4,34.840625,-82.23498889,Peaton,El primer evento no fue una colision con un vehiculo automotor en transporte,Not an Intersection,No fue interseccion,Sobre calle,Ninguna,Dia total,Despejado,No,NO APLICA,99,99,99,99,1,26/12/2022,0
45,South Carolina,451014,1,1,2,1,19,CHARLESTON (19),410,CHARLESTON,9,Septiembre,13,2022,13,39,SR-30 JAMES ISLAND,3,Highway estatal,Urbano,Arterial Principal -Freeway o ExpressWay,State Highway Agency,1,Sin jurisdiccion especial,11,32.75806944,-79.95875,Peaton,El primer evento no fue una colision con un vehiculo automotor en transporte,Not an Intersection,No fue interseccion,Sobre el lado de la calle,Ninguna,Dia total,Despejado,No,NO APLICA,99,99,99,99,1,13/09/2022,2
45,South Carolina,451015,0,0,1,0,45,GREENVILLE (45),0,NO APLICA,10,Octubre,11,2022,0,0,CR-CONCOURSE WAY,4,Calle del Condado,Urbano,Local,County Highway Agency,0,Sin jurisdiccion especial,0,34.87538889,-82.22986944,Buzon de correo,El primer evento no fue una colision con un vehiculo automotor en transporte,Not an Intersection,No fue interseccion,Sobre el lado de la calle,Ninguna,Oscuro sin iluminacion,Despejado,No,NO APLICA,99,98,99,98,1,11/10/2022,1
45,South Carolina,451016,1,1,1,0,21,CHEROKEE (21),0,NO APLICA,11,Noviembre,3,2022,22,15,SR-38 CANNON CAMPGROUND RD,3,Highway estatal,Rural,Colector Mayor,State Highway Agency,0,Sin jurisdiccion especial,1,35.05122222,-81.78853056,Peaton,El primer evento no fue una colision con un vehiculo automotor en transporte,Not an Intersection,No fue interseccion,Sobre calle,Ninguna,Oscuro sin iluminacion,Despejado,No,NO APLICA,99,99,99,99,1,03/11/2022,1
45,South Carolina,451017,0,0,1,0,83,SPARTANBURG (83),0,NO APLICA,11,Noviembre,26,2022,1,56,SR-159,3,Highway estatal,Urbano,Colector Mayor,State Highway Agency,0,Sin jurisdiccion especial,8,34.92086111,-81.96438889,Arbol,El primer evento no fue una colision con un vehiculo automotor en transporte,Not an Intersection,No fue interseccion,Sobre el lado de la calle,Ninguna,Oscuro sin iluminacion,Despejado,No,NO APLICA,99,98,99,98,1,26/11/2022,1
45,South Carolina,451018,1,1,1,0,61,LEE (61),0,NO APLICA,11,Noviembre,28,2022,19,35,SR-29 BROWNTOWN RD,3,Highway estatal,Rural,Colector Mayor,State Highway Agency,0,Sin jurisdiccion especial,40,34.20396111,-80.30941389,Peaton,El primer evento no fue una colision con un vehiculo automotor en transporte,Not an Intersection,No fue interseccion,Sobre calle,Ninguna,Oscuro - iluminacion desconocida,Despejado,No,NO APLICA,99,99,99,99,1,28/11/2022,1
45,South Carolina,451019,0,0,2,0,51,HORRY (51),0,NO APLICA,12,Diciembre,7,2022,17,28,SR-19 HWY 19,3,Highway estatal,Rural,Colector Mayor,State Highway Agency,0,Sin jurisdiccion especial,125,34.04126944,-78.96683056,Vehiculo en movimiento,Angulo,Four-Way Intersection,Interseccion de 4 direcciones,Sobre calle,Ninguna,Oscuro sin iluminacion,Despejado,No,NO APLICA,99,99,99,99,1,07/12/2022,2
45,South Carolina,451020,0,0,1,0,29,COLLETON (29),0,NO APLICA,12,Diciembre,28,2022,18,45,US-17 COTTAGEVILLE HWY,2,US Highway,Rural,Arteria Principal,State Highway Agency,1,Sin jurisdiccion especial,231,32.92503333,-80.60602222,Zanja,El primer evento no fue una colision con un vehiculo automotor en transporte,Not an Intersection,No fue interseccion,Sobre el lado de la calle,Ninguna,Oscuro sin iluminacion,Despejado,No,NO APLICA,99,99,99,99,1,28/12/2022,1
45,South Carolina,451021,0,0,2,0,3,AIKEN (3),0,NO APLICA,12,Diciembre,30,2022,8,0,SR-125 ATOMIC RD,3,Highway estatal,Rural,Arteria Menor,State Highway Agency,0,Sin jurisdiccion especial,167,33.33477778,-81.78723056,Vehiculo en movimiento,Angulo,Four-Way Intersection,Interseccion de 4 direcciones,Sobre calle,Ninguna,Amanecer,Despejado,No,NO APLICA,99,99,99,99,1,30/12/2022,3
45,South Carolina,451022,0,0,2,0,85,SUMTER (85),0,NO APLICA,11,Noviembre,20,2022,17,50,SR-77 BETHEL CHURCH RD,3,Highway estatal,Rural,Colector Mayor,State Highway Agency,0,Sin jurisdiccion especial,18,33.82707222,-80.39425278,Vehiculo en movimiento,Angulo,Four-Way Intersection,Interseccion de 4 direcciones,Sobre calle,Ninguna,Oscuro - iluminacion desconocida,Despejado,No,NO APLICA,99,99,99,99,1,20/11/2022,3
45,South Carolina,451023,0,0,1,0,31,DARLINGTON (31),0,NO APLICA,12,Diciembre,30,2022,13,0,SR-85 ASHLAND RD,3,Highway estatal,Rural,Local,State Highway Agency,0,Sin jurisdiccion especial,1,34.40477778,-80.20971111,Animal vivo,El primer evento no fue una colision con un vehiculo automotor en transporte,Not an Intersection,No fue interseccion,Sobre calle,Ninguna,Dia total,Despejado,No,NO APLICA,99,99,99,99,1,30/12/2022,1
45,South Carolina,451024,0,0,2,0,45,GREENVILLE (45),1634,MAULDIN,12,Diciembre,10,2022,17,15,SR-107 WEST BUTLER RD,3,Highway estatal,Urbano,Arteria Menor,State Highway Agency,0,Sin jurisdiccion especial,44,34.80925556,-82.31668333,Vehiculo en movimiento,Angulo,Four-Way Intersection,Interseccion de 4 direcciones,Sobre calle,Ninguna,Atardecer,Despejado,No,NO APLICA,99,98,99,98,1,10/12/2022,2
45,South Carolina,451025,0,0,1,0,75,ORANGEBURG (75),850,EUTAWVILLE,11,Noviembre,27,2022,4,0,SR-45 PORCHER AVE,3,Highway estatal,Rural,Colector Mayor,State Highway Agency,0,Sin jurisdiccion especial,115,33.39271111,-80.35011944,Zanja,El primer evento no fue una colision con un vehiculo automotor en transporte,T-Intersection,Interseccion de T,Sobre el lado de la calle,Ninguna,Oscuro - iluminacion desconocida,lluvia,No,NO APLICA,99,99,99,99,1,27/11/2022,3
45,South Carolina,451026,0,0,1,0,7,ANDERSON (7),2880,WILLIAMSTON,10,Octubre,24,2022,15,40,US-29 ANDERSON DRIVED,2,US Highway,Urbano,Arteria Principal,State Highway Agency,1,Sin jurisdiccion especial,34,34.61538889,-82.49744444,Acotamiento,El primer evento no fue una colision con un vehiculo automotor en transporte,Not an Intersection,No fue interseccion,Sobre el lado de la calle,Ninguna,Dia total,Despejado,No,NO APLICA,99,99,99,99,1,24/10/2022,2
46,South Dakota,460001,0,0,1,0,3,AURORA (3),0,NO APLICA,1,Enero,16,2022,17,25,I-90 E,1,Interestatal,Rural,Interestatal,State Highway Agency,1,Sin jurisdiccion especial,3310,43.69437222,-98.425425,Poste de Señal de trafico,El primer evento no fue una colision con un vehiculo automotor en transporte,Not an Intersection,No fue interseccion,Sobre el lado de la calle,Ninguna,Dia total,Despejado,No,NO APLICA,17,30,17,45,1,16/01/2022,1
46,South Dakota,460002,0,0,1,0,67,HUTCHINSON (67),0,NO APLICA,1,Enero,27,2022,19,10,CR-417 AVE,4,Calle del Condado,Rural,Local,Town or Township Highway Agency,0,Sin jurisdiccion especial,0,43.37865,-97.85763611,Barda,El primer evento no fue una colision con un vehiculo automotor en transporte,Not an Intersection,No fue interseccion,Sobre el lado de la calle,Ninguna,Oscuro sin iluminacion,Despejado,No,NO APLICA,19,11,19,21,1,27/01/2022,2
46,South Dakota,460003,0,0,2,0,101,MOODY (101),0,NO APLICA,1,Enero,24,2022,9,0,I-29 S,1,Interestatal,Rural,Interestatal,State Highway Agency,1,Sin jurisdiccion especial,1150,44.06032222,-96.75909167,Vehiculo en movimiento,Angulo,Not an Intersection,No fue interseccion,Sobre calle,Ninguna,Dia total,Despejado,No,NO APLICA,9,6,9,30,2,24/01/2022,5
46,South Dakota,460004,0,0,1,0,109,ROBERTS (109),0,NO APLICA,1,Enero,19,2022,23,3,CR-127 ST,4,Calle del Condado,Rural,Colector Mayor,County Highway Agency,0,Reservacion India,0,45.543925,-97.04558333,Volcadura,El primer evento no fue una colision con un vehiculo automotor en transporte,Not an Intersection,No fue interseccion,Sobre el lado de la calle,Ninguna,Oscuro sin iluminacion,Despejado,No,NO APLICA,23,20,23,45,1,19/01/2022,2
46,South Dakota,460005,0,0,1,0,117,STANLEY (117),0,NO APLICA,1,Enero,14,2022,8,11,US-14,2,US Highway,Rural,Arteria Principal,State Highway Agency,1,Sin jurisdiccion especial,2260,44.37730556,-100.4078556,Volcadura,El primer evento no fue una colision con un vehiculo automotor en transporte,Not an Intersection,No fue interseccion,Sobre el lado de la calle,Ninguna,Oscuro sin iluminacion,lluvia,No,NO APLICA,8,10,8,17,1,14/01/2022,1
46,South Dakota,460006,0,0,1,0,127,UNION (127),0,NO APLICA,2,Febrero,3,2022,16,39,I-29 S,1,Interestatal,Rural,Interestatal,State Highway Agency,1,Sin jurisdiccion especial,240,42.76016944,-96.76104722,Volcadura,El primer evento no fue una colision con un vehiculo automotor en transporte,Not an Intersection,No fue interseccion,Sobre calle,Ninguna,Dia total,Despejado,No,NO APLICA,16,44,17,2,1,03/02/2022,1
46,South Dakota,460007,0,0,1,0,75,JONES (75),800,DRAPER,2,Febrero,4,2022,3,23,SR-248,3,Highway estatal,Rural,Colector Mayor,State Highway Agency,0,Sin jurisdiccion especial,2130,43.92285556,-100.5471583,Poste de Señal de trafico,El primer evento no fue una colision con un vehiculo automotor en transporte,Four-Way Intersection,Interseccion de 4 direcciones,Sobre el lado de la calle,Ninguna,Oscuro sin iluminacion,Despejado,No,NO APLICA,99,99,99,99,1,04/02/2022,1
46,South Dakota,460008,0,0,2,0,53,GREGORY (53),710,DALLAS,2,Febrero,5,2022,11,40,CR-FOSTER AVE,4,Calle del Condado,Rural,Local,County Highway Agency,0,Sin jurisdiccion especial,0,43.23843611,-99.51444167,Vehiculo en movimiento,Frente a Detrás,T-Intersection,Interseccion de T,Sobre calle,Ninguna,Dia total,Despejado,No,NO APLICA,11,42,11,52,1,05/02/2022,2
46,South Dakota,460009,0,0,1,0,67,HUTCHINSON (67),0,NO APLICA,2,Febrero,6,2022,18,45,SR- 44,3,Highway estatal,Rural,Arteria Menor,State Highway Agency,0,Sin jurisdiccion especial,3610,43.38606667,-97.73653889,Animal vivo,El primer evento no fue una colision con un vehiculo automotor en transporte,Not an Intersection,No fue interseccion,Sobre calle,Ninguna,Oscuro sin iluminacion,Despejado,No,NO APLICA,18,49,19,2,1,06/02/2022,1
46,South Dakota,460010,0,0,1,0,13,BROWN (13),10,ABERDEEN,2,Febrero,6,2022,2,55,MILWAUKEE AVE NE,6,Calle Local Municipalidad,Urbano,Arteria Menor,County Highway Agency,0,Sin jurisdiccion especial,0,45.46456111,-98.46259722,Otro objeto (fijo),El primer evento no fue una colision con un vehiculo automotor en transporte,Not an Intersection,No fue interseccion,"Fuera de la calle, ubicacion desconocida",Ninguna,Oscuro con iluminacion,Despejado,No,NO APLICA,2,57,3,3,1,06/02/2022,1
46,South Dakota,460011,0,0,3,0,5,BEADLE (5),0,NO APLICA,2,Febrero,8,2022,15,6,SR- 37,3,Highway estatal,Rural,Arteria Menor,State Highway Agency,0,Sin jurisdiccion especial,1330,44.45762778,-98.21425,Vehiculo en movimiento,Angulo,Four-Way Intersection,Interseccion de 4 direcciones,Sobre calle,Ninguna,Dia total,Nublado,No,NO APLICA,99,99,99,99,1,08/02/2022,5
46,South Dakota,460012,0,0,2,0,99,MINNEHAHA (99),295,BRANDON,1,Enero,27,2022,5,53,SR-11,3,Highway estatal,Urbano,Arteria Principal,State Highway Agency,1,Sin jurisdiccion especial,770,43.56903056,-96.58693611,Vehiculo en movimiento,Frente a frente,T-Intersection,Interseccion de T,Sobre calle,Ninguna,Oscuro sin iluminacion,Despejado,No,NO APLICA,5,58,6,4,1,27/01/2022,2
46,South Dakota,460013,1,1,1,0,103,PENNINGTON (103),2250,RAPID CITY,2,Febrero,10,2022,21,55,HAINES AVE,6,Calle Local Municipalidad,Urbano,Arteria Menor,City or Municipal Highway Agency,0,Sin jurisdiccion especial,0,44.10060833,-103.2218667,Peaton,El primer evento no fue una colision con un vehiculo automotor en transporte,Not an Intersection,No fue interseccion,Sobre calle,Ninguna,Oscuro con iluminacion,lluvia,No,NO APLICA,21,57,22,5,1,10/02/2022,1
46,South Dakota,460014,0,0,2,0,125,TURNER (125),0,NO APLICA,2,Febrero,17,2022,10,40,CR-269 ST,4,Calle del Condado,Rural,Colector Mayor,County Highway Agency,0,Sin jurisdiccion especial,0,43.488075,-97.26126667,Vehiculo en movimiento,Angulo,Four-Way Intersection,Interseccion de 4 direcciones,Sobre calle,Ninguna,Dia total,Despejado,No,NO APLICA,10,41,10,51,1,17/02/2022,2
46,South Dakota,460015,0,0,2,0,99,MINNEHAHA (99),2450,SIOUX FALLS,2,Febrero,21,2022,17,21,W 60TH ST N,6,Calle Local Municipalidad,Urbano,Arteria Menor,State Highway Agency,0,Sin jurisdiccion especial,0,43.60194722,-96.75739167,Vehiculo en movimiento,Angulo,Not an Intersection,No fue interseccion,Sobre calle,Ninguna,Dia total,Nieve,No,NO APLICA,99,99,99,99,1,21/02/2022,2
46,South Dakota,460016,0,0,1,0,103,PENNINGTON (103),2250,RAPID CITY,3,Marzo,2,2022,1,25,SKYLINE DR,6,Calle Local Municipalidad,Urbano,Colector Mayor,City or Municipal Highway Agency,0,Sin jurisdiccion especial,0,44.06725,-103.2495889,Volcadura,El primer evento no fue una colision con un vehiculo automotor en transporte,Not an Intersection,No fue interseccion,Sobre el lado de la calle,Ninguna,Oscuro sin iluminacion,Nublado,No,NO APLICA,99,99,99,99,1,02/03/2022,4