Estado,Nombre de Estado,Numero de Caso,Peatones,Personas _no_vehiculos,Vehiculos automotores,Vehiculos estacionados,Condado,Nombre Condado,Ciudad,Nombre Ciudad,Mes,Nombre Mes,Dia,Año,Hora,Minuto,Calle,Ruta,Nombre Ruta,Rural o Urbanoo,Sistema Funcional,Dueño Calle,Sistema Nacional Carreteras,Jurisdiccion Especial,Milla,Latitud,Longitud,Causa del Accidente,Tipo de Accidente,Tipo Interseccion,Columna1,Lugar en la calle,Zona de Trabajo,Luz,Clima,Autobus Escolar,Cruce de Trenes,Hora Notificacion,Minuto Notificacion,Hora Llegada,Minuto Llegada,Decesos,Fecha,PersonaVehiculo
46,South Dakota,460017,0,0,2,0,103,PENNINGTON (103),0,NO APLICA,3,Marzo,4,2022,21,40,I-90 W,1,Interestatal,Rural,Interestatal,State Highway Agency,1,Sin jurisdiccion especial,690,44.11833611,-102.9935417,Vehiculo en movimiento,Angulo,Not an Intersection,No fue interseccion,Sobre calle,Ninguna,Oscuro sin iluminacion,Otro,No,NO APLICA,21,42,22,9,1,04/03/2022,2
46,South Dakota,460018,0,0,1,0,103,PENNINGTON (103),0,NO APLICA,3,Marzo,16,2022,9,24,CR-171 AVE,4,Calle del Condado,Rural,Local,County Highway Agency,0,Sin jurisdiccion especial,0,44.10365556,-102.6286,Volcadura,El primer evento no fue una colision con un vehiculo automotor en transporte,Not an Intersection,No fue interseccion,Sobre el lado de la calle,Ninguna,Dia total,Despejado,No,NO APLICA,99,99,99,99,1,16/03/2022,1
46,South Dakota,460019,0,0,1,0,103,PENNINGTON (103),0,NO APLICA,3,Marzo,18,2022,22,47,CR-LOWER SPRING CREEK RD,4,Calle del Condado,Rural,Colector Mayor,County Highway Agency,0,Sin jurisdiccion especial,0,43.93880833,-103.144575,Zanja,El primer evento no fue una colision con un vehiculo automotor en transporte,Not an Intersection,No fue interseccion,Sobre el lado de la calle,Ninguna,Oscuro sin iluminacion,Despejado,No,NO APLICA,22,48,23,2,1,18/03/2022,1
46,South Dakota,460020,0,0,2,0,83,LINCOLN (83),0,NO APLICA,3,Marzo,19,2022,5,30,SR-17 / CR-466TH AVE,3,Highway estatal,Rural,Colector Mayor,County Highway Agency,0,Sin jurisdiccion especial,0,43.40311944,-96.88586111,Vehiculo en movimiento,Angulo,Four-Way Intersection,Interseccion de 4 direcciones,Sobre calle,Ninguna,Oscuro sin iluminacion,Despejado,No,NO APLICA,5,41,5,51,1,19/03/2022,2
46,South Dakota,460021,0,0,2,0,25,CLARK (25),0,NO APLICA,3,Marzo,28,2022,4,34,SR- 20,3,Highway estatal,Rural,Arteria Menor,State Highway Agency,0,Sin jurisdiccion especial,3727,45.09393611,-97.53494444,Vehiculo en movimiento,Angulo,Four-Way Intersection,Interseccion de 4 direcciones,Sobre calle,Ninguna,Oscuro sin iluminacion,Nublado,No,NO APLICA,4,40,5,10,1,28/03/2022,2
46,South Dakota,460022,1,1,1,0,103,PENNINGTON (103),2250,RAPID CITY,3,Marzo,20,2022,20,53,SR-44 W,3,Highway estatal,Urbano,Arteria Principal,State Highway Agency,1,Sin jurisdiccion especial,451,44.08173056,-103.2164861,Peaton,El primer evento no fue una colision con un vehiculo automotor en transporte,Not an Intersection,No fue interseccion,Sobre calle,Ninguna,Oscuro con iluminacion,Nublado,No,NO APLICA,99,99,99,99,1,20/03/2022,1
46,South Dakota,460023,2,2,1,0,99,MINNEHAHA (99),2450,SIOUX FALLS,3,Marzo,29,2022,20,30,SR-42 / E 10TH ST,3,Highway estatal,Urbano,Arteria Principal,City or Municipal Highway Agency,1,Sin jurisdiccion especial,0,43.54663611,-96.715625,Peaton,El primer evento no fue una colision con un vehiculo automotor en transporte,Four-Way Intersection,Interseccion de 4 direcciones,Sobre calle,Ninguna,Oscuro con iluminacion,lluvia,No,NO APLICA,20,30,20,33,1,29/03/2022,2
46,South Dakota,460024,0,0,1,0,77,KINGSBURY (77),0,NO APLICA,4,Abril,2,2022,6,50,US-14,2,US Highway,Rural,Arteria Principal,State Highway Agency,1,Sin jurisdiccion especial,3750,44.38303611,-97.60783611,Volcadura,El primer evento no fue una colision con un vehiculo automotor en transporte,Not an Intersection,No fue interseccion,Sobre el lado de la calle,Ninguna,Oscuro sin iluminacion,Neblina o Humo,No,NO APLICA,6,48,6,59,1,02/04/2022,1
46,South Dakota,460025,0,0,2,0,31,CORSON (31),0,NO APLICA,4,Abril,5,2022,10,2,SR-63,3,Highway estatal,Rural,Arteria Menor,State Highway Agency,0,Reservacion India,2530,45.83283611,-100.8105639,Vehiculo en movimiento,Frente a Detrás,T-Intersection,Interseccion de T,Sobre calle,Ninguna,Dia total,lluvia,No,NO APLICA,11,2,11,21,1,05/04/2022,4
46,South Dakota,460026,0,0,2,0,83,LINCOLN (83),0,NO APLICA,4,Abril,15,2022,17,43,SR-44,3,Highway estatal,Rural,Arteria Menor,State Highway Agency,0,Sin jurisdiccion especial,4080,43.33056944,-96.86606111,Vehiculo en movimiento,Angulo,Four-Way Intersection,Interseccion de 4 direcciones,Sobre calle,Ninguna,Dia total,Despejado,No,NO APLICA,17,43,17,51,1,15/04/2022,2
46,South Dakota,460027,0,0,1,0,99,MINNEHAHA (99),0,NO APLICA,4,Abril,15,2022,20,20,CR-247 ST,4,Calle del Condado,Rural,Local,Town or Township Highway Agency,0,Sin jurisdiccion especial,0,43.80524722,-96.52222222,Volcadura,El primer evento no fue una colision con un vehiculo automotor en transporte,Not an Intersection,No fue interseccion,Sobre el lado de la calle,Ninguna,Oscuro sin iluminacion,Despejado,No,NO APLICA,20,31,21,46,1,15/04/2022,1
46,South Dakota,460028,0,0,1,0,31,CORSON (31),0,NO APLICA,4,Abril,19,2022,5,30,US-12,2,US Highway,Rural,Arteria Principal,State Highway Agency,1,Reservacion India,1720,45.67175278,-100.6456056,Volcadura,El primer evento no fue una colision con un vehiculo automotor en transporte,Not an Intersection,No fue interseccion,Sobre el lado de la calle,Ninguna,Oscuro sin iluminacion,Despejado,No,NO APLICA,6,40,6,51,1,19/04/2022,3
46,South Dakota,460029,0,0,2,0,83,LINCOLN (83),2450,SIOUX FALLS,4,Abril,29,2022,15,11,SOUTHEASTERN AVE,6,Calle Local Municipalidad,Urbano,Arteria Menor,City or Municipal Highway Agency,0,Sin jurisdiccion especial,0,43.496775,-96.687675,Vehiculo en movimiento,Angulo,Four-Way Intersection,Interseccion de 4 direcciones,Sobre calle,Ninguna,Dia total,Despejado,No,NO APLICA,15,15,15,22,1,29/04/2022,5
46,South Dakota,460030,0,0,2,0,41,DEWEY (41),820,EAGLE BUTTE,5,Mayo,7,2022,0,18,US-212,2,US Highway,Rural,Arteria Principal,State Highway Agency,1,Reservacion India,1540,45.00808056,-101.2418194,Vehiculo en movimiento,Angulo,T-Intersection,Interseccion de T,Sobre calle,Ninguna,Oscuro con iluminacion,Despejado,No,NO APLICA,23,17,23,21,1,07/05/2022,3
46,South Dakota,460031,0,0,2,0,29,CODINGTON (29),0,NO APLICA,5,Mayo,12,2022,10,9,I-29 S,1,Interestatal,Rural,Interestatal,State Highway Agency,1,Sin jurisdiccion especial,1900,45.0686,-97.05588056,Vehiculo en movimiento,Frente a Detrás,Not an Intersection,No fue interseccion,Sobre calle,Ninguna,Dia total,Nublado,No,NO APLICA,99,99,99,99,1,12/05/2022,2
46,South Dakota,460032,0,0,1,0,123,TRIPP (123),0,NO APLICA,5,Mayo,17,2022,1,30,CR-314 AVE,4,Calle del Condado,Rural,Local,County Highway Agency,0,Sin jurisdiccion especial,0,43.42158333,-99.88970278,Volcadura,El primer evento no fue una colision con un vehiculo automotor en transporte,Not an Intersection,No fue interseccion,Sobre el lado de la calle,Ninguna,Oscuro sin iluminacion,Despejado,No,NO APLICA,1,30,1,39,1,17/05/2022,1
46,South Dakota,460033,0,0,3,0,47,FALL RIVER (47),0,NO APLICA,5,Mayo,22,2022,17,1,US-18,2,US Highway,Rural,Arteria Principal,State Highway Agency,1,Sin jurisdiccion especial,150,43.33850833,-103.7846139,Vehiculo en movimiento,Frente a Detrás,T-Intersection,Interseccion de T,Sobre calle,Ninguna,Dia total,Despejado,No,NO APLICA,17,4,17,15,1,22/05/2022,7
46,South Dakota,460034,0,0,2,0,99,MINNEHAHA (99),0,NO APLICA,5,Mayo,13,2022,14,3,CR-250 ST,4,Calle del Condado,Rural,Colector Mayor,County Highway Agency,0,Sin jurisdiccion especial,0,43.76138333,-96.651175,Vehiculo en movimiento,Angulo,Four-Way Intersection,Interseccion de 4 direcciones,Sobre calle,Ninguna,Dia total,Despejado,No,NO APLICA,14,8,14,20,2,13/05/2022,3
46,South Dakota,460035,1,1,1,0,99,MINNEHAHA (99),750,DELL RAPIDS,5,Mayo,25,2022,10,49,ORLEANS AVE,6,Calle Local Municipalidad,Rural,Local,City or Municipal Highway Agency,0,Sin jurisdiccion especial,0,43.82424444,-96.71017778,Ciclista,El primer evento no fue una colision con un vehiculo automotor en transporte,Four-Way Intersection,Interseccion de 4 direcciones,Sobre calle,Ninguna,Dia total,Nublado,No,NO APLICA,10,53,10,58,1,25/05/2022,1
46,South Dakota,460036,0,0,1,0,93,MEADE (93),0,NO APLICA,5,Mayo,27,2022,12,50,I-90 W,1,Interestatal,Rural,Interestatal,State Highway Agency,1,Sin jurisdiccion especial,400,44.29182222,-103.4289167,Barda,El primer evento no fue una colision con un vehiculo automotor en transporte,Not an Intersection,No fue interseccion,Sobre el lado de la calle,Ninguna,Dia total,Despejado,No,NO APLICA,12,55,13,7,1,27/05/2022,3
46,South Dakota,460037,0,0,2,0,103,PENNINGTON (103),0,NO APLICA,5,Mayo,31,2022,12,30,US-16 W,2,US Highway,Rural,Arterial Principal -Freeway o ExpressWay,State Highway Agency,1,Sin jurisdiccion especial,590,43.97383889,-103.2893944,Valla Ferrocarril,El primer evento no fue una colision con un vehiculo automotor en transporte,Not an Intersection,No fue interseccion,Sobre el lado de la calle,Ninguna,Dia total,Despejado,No,NO APLICA,12,34,12,42,1,31/05/2022,3
46,South Dakota,460038,0,0,1,0,113,SHANNON (113),0,NO APLICA,4,Abril,8,2022,23,50,US-18,2,US Highway,Rural,Arteria Principal,State Highway Agency,1,Reservacion India,830,43.18875833,-102.8368583,Volcadura,El primer evento no fue una colision con un vehiculo automotor en transporte,Not an Intersection,No fue interseccion,Sobre el lado de la calle,Ninguna,Oscuro sin iluminacion,Despejado,No,NO APLICA,99,99,99,99,1,08/04/2022,1
46,South Dakota,460039,0,0,1,0,113,SHANNON (113),0,NO APLICA,4,Abril,11,2022,18,28,CR-BIA 14,4,Calle del Condado,Rural,Colector Menor,Bureau of Indian Affairs,0,Reservacion India,0,43.34480833,-102.4379139,Volcadura,El primer evento no fue una colision con un vehiculo automotor en transporte,Not an Intersection,No fue interseccion,Sobre el lado de la calle,Ninguna,Oscuro sin iluminacion,Despejado,No,NO APLICA,99,99,99,99,1,11/04/2022,1
46,South Dakota,460040,1,1,1,0,39,DEUEL (39),0,NO APLICA,6,Junio,9,2022,11,54,I-29 S,1,Interestatal,Rural,Interestatal,State Highway Agency,1,Sin jurisdiccion especial,1490,44.54680556,-96.75730833,Ciclista,El primer evento no fue una colision con un vehiculo automotor en transporte,Not an Intersection,No fue interseccion,Sobre calle,Ninguna,Dia total,Despejado,No,NO APLICA,11,56,12,14,1,09/06/2022,1
46,South Dakota,460041,0,0,2,0,23,CHARLES MIX (23),0,NO APLICA,6,Junio,9,2022,22,41,SR- 46,3,Highway estatal,Rural,Arteria Principal,State Highway Agency,1,Sin jurisdiccion especial,2780,43.07623611,-98.50578056,Vehiculo en movimiento,Frente a frente,Not an Intersection,No fue interseccion,Sobre calle,Ninguna,Oscuro sin iluminacion,Nublado,No,NO APLICA,22,45,22,55,1,09/06/2022,4
46,South Dakota,460042,0,0,2,0,53,GREGORY (53),0,NO APLICA,6,Junio,26,2022,2,30,US-18,2,US Highway,Rural,Arteria Principal,State Highway Agency,1,Sin jurisdiccion especial,3000,43.078175,-99.05431111,Vehiculo en movimiento,Angulo,Not an Intersection,No fue interseccion,Sobre calle,Ninguna,Oscuro sin iluminacion,Despejado,No,NO APLICA,2,45,2,55,1,26/06/2022,5
46,South Dakota,460043,0,0,1,0,75,JONES (75),0,NO APLICA,7,Julio,3,2022,5,59,I-90 W,1,Interestatal,Rural,Interestatal,State Highway Agency,1,Sin jurisdiccion especial,2090,43.91009444,-100.3935472,Volcadura,El primer evento no fue una colision con un vehiculo automotor en transporte,Not an Intersection,No fue interseccion,En el medio,Ninguna,Dia total,Nublado,No,NO APLICA,7,0,7,22,1,03/07/2022,2
46,South Dakota,460044,0,0,2,0,123,TRIPP (123),0,NO APLICA,7,Julio,3,2022,7,40,US-18,2,US Highway,Rural,Arteria Principal,State Highway Agency,1,Sin jurisdiccion especial,2640,43.25351111,-99.70224722,Vehiculo en movimiento,Frente a frente,Not an Intersection,No fue interseccion,Sobre calle,Ninguna,Dia total,Despejado,No,NO APLICA,7,39,7,47,2,03/07/2022,7
46,South Dakota,460045,0,0,2,0,23,CHARLES MIX (23),0,NO APLICA,7,Julio,5,2022,14,56,SR-46,3,Highway estatal,Rural,Arteria Principal,State Highway Agency,1,Sin jurisdiccion especial,2790,43.078625,-98.49426111,Vehiculo en movimiento,Angulo,Not an Intersection,No fue interseccion,Sobre calle,Ninguna,Dia total,lluvia,No,NO APLICA,15,0,15,10,2,05/07/2022,2
46,South Dakota,460046,0,0,1,0,13,BROWN (13),0,NO APLICA,7,Julio,11,2022,0,23,US-12 W,2,US Highway,Rural,Arteria Principal,State Highway Agency,1,Sin jurisdiccion especial,3140,45.42796389,-98.00030556,Animal vivo,El primer evento no fue una colision con un vehiculo automotor en transporte,Not an Intersection,No fue interseccion,Sobre calle,Ninguna,Oscuro sin iluminacion,Despejado,No,NO APLICA,1,0,1,14,1,11/07/2022,1
46,South Dakota,460047,0,0,2,0,93,MEADE (93),0,NO APLICA,7,Julio,14,2022,9,29,I-90 W,1,Interestatal,Rural,Interestatal,State Highway Agency,1,Sin jurisdiccion especial,460,44.18523333,-103.3306472,Vehiculo en movimiento,Frente a Detrás,Not an Intersection,No fue interseccion,Sobre calle,Ninguna,Dia total,Despejado,No,NO APLICA,9,31,9,48,1,14/07/2022,2
46,South Dakota,460048,0,0,1,0,137,ZIEBACH (137),0,NO APLICA,7,Julio,23,2022,1,45,SR-20,3,Highway estatal,Rural,Arteria Menor,State Highway Agency,0,Reservacion India,1120,45.44261944,-101.9712972,Volcadura,El primer evento no fue una colision con un vehiculo automotor en transporte,Not an Intersection,No fue interseccion,Sobre el lado de la calle,Ninguna,Oscuro sin iluminacion,Despejado,No,NO APLICA,88,88,88,88,1,23/07/2022,1
46,South Dakota,460049,0,0,1,0,103,PENNINGTON (103),2250,RAPID CITY,7,Julio,24,2022,19,26,US-16 E1,2,US Highway,Urbano,Arterial Principal -Freeway o ExpressWay,State Highway Agency,1,Sin jurisdiccion especial,0,44.01798333,-103.2497722,Volcadura,El primer evento no fue una colision con un vehiculo automotor en transporte,Not an Intersection,No fue interseccion,Sobre calle,Ninguna,Atardecer,lluvia,No,NO APLICA,99,99,99,99,1,24/07/2022,2
46,South Dakota,460050,0,0,1,0,81,LAWRENCE (81),0,NO APLICA,7,Julio,31,2022,0,14,US-14 A,2,US Highway,Rural,Arteria Principal,State Highway Agency,1,Sin jurisdiccion especial,350,44.33201111,-103.7890194,Acotamiento,El primer evento no fue una colision con un vehiculo automotor en transporte,Not an Intersection,No fue interseccion,Sobre el lado de la calle,Ninguna,Oscuro sin iluminacion,Despejado,No,NO APLICA,0,18,0,29,1,31/07/2022,1
46,South Dakota,460051,0,0,2,0,125,TURNER (125),0,NO APLICA,8,Agosto,1,2022,20,10,CR-461 AVE,4,Calle del Condado,Rural,Colector Mayor,County Highway Agency,0,Sin jurisdiccion especial,0,43.38825,-96.98414167,Vehiculo en movimiento,Angulo,Four-Way Intersection,Interseccion de 4 direcciones,Sobre calle,Ninguna,Dia total,Despejado,No,NO APLICA,20,13,20,17,1,01/08/2022,2
46,South Dakota,460052,0,0,2,0,73,JERAULD (73),0,NO APLICA,8,Agosto,4,2022,16,5,CR-393 AVE,4,Calle del Condado,Rural,Colector Mayor,County Highway Agency,0,Sin jurisdiccion especial,0,44.05374167,-98.351925,Vehiculo en movimiento,Angulo,Four-Way Intersection,Interseccion de 4 direcciones,Sobre calle,Ninguna,Dia total,Nublado,No,NO APLICA,16,14,16,26,1,04/08/2022,6
46,South Dakota,460053,0,0,2,0,55,HAAKON (55),0,NO APLICA,8,Agosto,6,2022,10,57,SR-34,3,Highway estatal,Rural,Arteria Principal,State Highway Agency,1,Sin jurisdiccion especial,1570,44.36632778,-101.3852528,Vehiculo en movimiento,Frente a Detrás,Not an Intersection,No fue interseccion,Sobre calle,Ninguna,Dia total,Despejado,No,NO APLICA,10,57,11,28,1,06/08/2022,2
46,South Dakota,460054,0,0,3,0,93,MEADE (93),9997,Other,8,Agosto,7,2022,14,25,I-90 E,1,Interestatal,Urbano,Interestatal,State Highway Agency,1,Sin jurisdiccion especial,475,44.20639167,-103.3571583,Vehiculo en movimiento,Frente a Detrás,Not an Intersection,No fue interseccion,Sobre calle,Ninguna,Dia total,Despejado,No,NO APLICA,14,27,14,35,1,07/08/2022,4
46,South Dakota,460055,0,0,3,0,103,PENNINGTON (103),0,NO APLICA,8,Agosto,9,2022,10,30,SR-44,3,Highway estatal,Rural,Arteria Menor,State Highway Agency,0,Sin jurisdiccion especial,872,43.78141389,-102.5517139,Vehiculo en movimiento,Frente a Detrás,Not an Intersection,No fue interseccion,Sobre calle,Ninguna,Dia total,Despejado,No,NO APLICA,10,34,11,8,1,09/08/2022,4
46,South Dakota,460056,0,0,1,0,13,BROWN (13),0,NO APLICA,8,Agosto,11,2022,18,35,CR-391 AVE,4,Calle del Condado,Rural,Colector Mayor,County Highway Agency,0,Sin jurisdiccion especial,0,45.76371111,-98.4143,Calle mal pavimentada,El primer evento no fue una colision con un vehiculo automotor en transporte,Four-Way Intersection,Interseccion de 4 direcciones,Sobre el lado de la calle,Ninguna,Dia total,Despejado,No,NO APLICA,18,35,18,58,1,11/08/2022,4
46,South Dakota,460057,0,0,1,0,99,MINNEHAHA (99),2450,SIOUX FALLS,8,Agosto,3,2022,14,34,E RIVER BLVD,6,Calle Local Municipalidad,Urbano,Arteria Menor,City or Municipal Highway Agency,0,Sin jurisdiccion especial,0,43.53699722,-96.70455278,Banqueta,El primer evento no fue una colision con un vehiculo automotor en transporte,Not an Intersection,No fue interseccion,En el medio,Ninguna,Dia total,Despejado,No,NO APLICA,14,37,14,44,1,03/08/2022,1
46,South Dakota,460058,0,0,1,0,135,YANKTON (135),0,NO APLICA,8,Agosto,5,2022,19,11,CR-300 ST,4,Calle del Condado,Rural,Colector Mayor,County Highway Agency,0,Sin jurisdiccion especial,0,43.03896111,-97.55426944,Barda,El primer evento no fue una colision con un vehiculo automotor en transporte,Not an Intersection,No fue interseccion,Sobre el lado de la calle,Ninguna,Dia total,Despejado,No,NO APLICA,19,12,19,25,1,05/08/2022,1
46,South Dakota,460059,0,0,1,0,113,SHANNON (113),0,NO APLICA,5,Mayo,15,2022,21,37,US-18,2,US Highway,Rural,Arteria Principal,State Highway Agency,1,Reservacion India,1240,43.09023333,-102.1741861,Acotamiento,El primer evento no fue una colision con un vehiculo automotor en transporte,Not an Intersection,No fue interseccion,Sobre el lado de la calle,Ninguna,Oscuro sin iluminacion,Despejado,No,NO APLICA,21,50,22,18,1,15/05/2022,2
46,South Dakota,460060,0,0,1,0,61,HANSON (61),0,NO APLICA,8,Agosto,16,2022,16,0,CR-252 ST,4,Calle del Condado,Rural,Colector Menor,Town or Township Highway Agency,0,Sin jurisdiccion especial,0,43.73108889,-97.64600833,Volcadura,El primer evento no fue una colision con un vehiculo automotor en transporte,Not an Intersection,No fue interseccion,Sobre calle,Ninguna,Dia total,Despejado,No,NO APLICA,16,10,16,19,1,16/08/2022,2
46,South Dakota,460061,0,0,2,0,83,LINCOLN (83),2450,SIOUX FALLS,8,Agosto,13,2022,17,43,W 85TH ST,6,Calle Local Municipalidad,Urbano,Arteria Menor,City or Municipal Highway Agency,0,Sin jurisdiccion especial,0,43.47531111,-96.77151111,Vehiculo en movimiento,Frente a Detrás,Four-Way Intersection,Interseccion de 4 direcciones,Sobre calle,Ninguna,Dia total,Despejado,No,NO APLICA,17,48,17,56,1,13/08/2022,3
46,South Dakota,460062,0,0,1,0,101,MOODY (101),0,NO APLICA,8,Agosto,24,2022,0,0,CR-237 ST,4,Calle del Condado,Rural,Local,Town or Township Highway Agency,0,Sin jurisdiccion especial,0,43.94993056,-96.81246111,Acotamiento,El primer evento no fue una colision con un vehiculo automotor en transporte,Not an Intersection,No fue interseccion,Sobre el lado de la calle,Ninguna,Reportada como desconocida,Despejado,No,NO APLICA,6,35,6,56,1,24/08/2022,1
46,South Dakota,460063,0,0,2,0,87,MCCOOK (87),0,NO APLICA,8,Agosto,25,2022,8,10,I-90 E,1,Interestatal,Rural,Interestatal,State Highway Agency,1,Sin jurisdiccion especial,3712,43.66604722,-97.24479167,Vehiculo en movimiento,Golpe Lateral - direccion contraria,Not an Intersection,No fue interseccion,Sobre calle,Construccion,Dia total,Despejado,No,NO APLICA,8,10,8,21,1,25/08/2022,2
46,South Dakota,460064,0,0,2,0,33,CUSTER (33),0,NO APLICA,8,Agosto,26,2022,8,38,SR-79,3,Highway estatal,Rural,Arterial Principal -Freeway o ExpressWay,State Highway Agency,1,Sin jurisdiccion especial,590,43.82347222,-103.2000528,Vehiculo en movimiento,Angulo,Not an Intersection,No fue interseccion,Sobre calle,Ninguna,Dia total,Nublado,No,NO APLICA,8,41,8,58,1,26/08/2022,2
46,South Dakota,460065,0,0,1,0,57,HAMLIN (57),500,CASTLEWOOD,8,Agosto,19,2022,11,57,MARKET ST,6,Calle Local Municipalidad,Rural,Local,City or Municipal Highway Agency,0,Sin jurisdiccion especial,0,44.71962778,-97.027475,Alguien se cayo/avento del vehiculo,El primer evento no fue una colision con un vehiculo automotor en transporte,Not an Intersection,No fue interseccion,Sobre calle,Ninguna,Dia total,lluvia,No,NO APLICA,99,99,99,99,1,19/08/2022,1
46,South Dakota,460066,0,0,1,0,81,LAWRENCE (81),0,NO APLICA,8,Agosto,26,2022,18,35,CR-EXPERIMENTAL FOREST,4,Calle del Condado,Rural,Local,U.S. Forest Service,0,Sin jurisdiccion especial,0,44.17858333,-103.6337639,Volcadura,El primer evento no fue una colision con un vehiculo automotor en transporte,Not an Intersection,No fue interseccion,Sobre el lado de la calle,Ninguna,Dia total,Despejado,No,NO APLICA,18,43,19,5,1,26/08/2022,3
46,South Dakota,460067,0,0,1,0,103,PENNINGTON (103),0,NO APLICA,9,Septiembre,3,2022,22,33,US-385,2,US Highway,Rural,Arteria Principal,State Highway Agency,1,Sin jurisdiccion especial,960,44.07969167,-103.4906,Valla Ferrocarril,El primer evento no fue una colision con un vehiculo automotor en transporte,Not an Intersection,No fue interseccion,Sobre el lado de la calle,Ninguna,Oscuro sin iluminacion,Despejado,No,NO APLICA,22,34,22,56,1,03/09/2022,1
46,South Dakota,460068,0,0,2,0,45,EDMUNDS (45),0,NO APLICA,9,Septiembre,7,2022,11,30,US-12,2,US Highway,Rural,Arteria Principal,State Highway Agency,1,Sin jurisdiccion especial,2370,45.44858333,-99.56458611,Vehiculo en movimiento,Angulo,Four-Way Intersection,Interseccion de 4 direcciones,Sobre calle,Ninguna,Dia total,Despejado,No,NO APLICA,11,38,11,40,1,07/09/2022,2
46,South Dakota,460069,0,0,1,0,77,KINGSBURY (77),0,NO APLICA,8,Agosto,29,2022,13,35,CR-200 ST,4,Calle del Condado,Rural,Colector Mayor,County Highway Agency,0,Sin jurisdiccion especial,0,44.48450278,-97.47716944,Volcadura,El primer evento no fue una colision con un vehiculo automotor en transporte,Not an Intersection,No fue interseccion,Sobre el lado de la calle,Ninguna,Dia total,Despejado,No,NO APLICA,13,33,13,46,1,29/08/2022,1
46,South Dakota,460070,0,0,1,0,41,DEWEY (41),0,NO APLICA,9,Septiembre,8,2022,6,50,CR-BIA RD 3,4,Calle del Condado,Rural,Colector Mayor,Bureau of Indian Affairs,0,Reservacion India,0,45.13650278,-100.7935222,Volcadura,El primer evento no fue una colision con un vehiculo automotor en transporte,Not an Intersection,No fue interseccion,Sobre el lado de la calle,Ninguna,Dia total,Despejado,No,NO APLICA,6,50,7,15,1,08/09/2022,3
46,South Dakota,460071,0,0,1,0,83,LINCOLN (83),0,NO APLICA,9,Septiembre,10,2022,13,10,CR-486 AVE,4,Calle del Condado,Rural,Colector Mayor,County Highway Agency,0,Sin jurisdiccion especial,0,43.12495,-96.48016389,Volcadura,El primer evento no fue una colision con un vehiculo automotor en transporte,Not an Intersection,No fue interseccion,Sobre el lado de la calle,Ninguna,Dia total,Despejado,No,NO APLICA,13,14,13,19,1,10/09/2022,2
46,South Dakota,460072,0,0,1,0,109,ROBERTS (109),0,NO APLICA,9,Septiembre,10,2022,22,50,CR-454 AVE,4,Calle del Condado,Rural,Colector Mayor,County Highway Agency,0,Reservacion India,0,45.56079167,-97.12388333,Acotamiento,El primer evento no fue una colision con un vehiculo automotor en transporte,Not an Intersection,No fue interseccion,Sobre el lado de la calle,Ninguna,Oscuro sin iluminacion,Despejado,No,NO APLICA,22,50,23,8,3,10/09/2022,4
46,South Dakota,460073,0,0,2,0,123,TRIPP (123),0,NO APLICA,9,Septiembre,15,2022,17,54,US-183,2,US Highway,Rural,Arteria Menor,State Highway Agency,0,Sin jurisdiccion especial,140,43.18593611,-99.71175,Vehiculo en movimiento,Frente a frente,Not an Intersection,No fue interseccion,Sobre el lado de la calle,Ninguna,Dia total,Despejado,No,NO APLICA,17,55,18,2,1,15/09/2022,2
46,South Dakota,460074,0,0,2,0,3,AURORA (3),0,NO APLICA,9,Septiembre,16,2022,15,10,CR-389 AVE,5,Calle Local - Pueblo,Rural,Local,Town or Township Highway Agency,0,Sin jurisdiccion especial,0,43.58927222,-98.42491667,Vehiculo en movimiento,Angulo,T-Intersection,Interseccion de T,Sobre calle,Ninguna,Dia total,Despejado,No,NO APLICA,99,99,99,99,1,16/09/2022,2
46,South Dakota,460075,0,0,2,0,103,PENNINGTON (103),0,NO APLICA,9,Septiembre,21,2022,7,51,CR-COUNTRY RD,4,Calle del Condado,Urbano,Local,County Highway Agency,0,Sin jurisdiccion especial,0,44.12558333,-103.1143056,Vehiculo en movimiento,Frente a frente,Not an Intersection,No fue interseccion,Sobre calle,Ninguna,Dia total,lluvia,No,NO APLICA,7,53,8,6,1,21/09/2022,4
46,South Dakota,460076,1,1,1,0,99,MINNEHAHA (99),2450,SIOUX FALLS,8,Agosto,29,2022,16,28,W 33RD,6,Calle Local Municipalidad,Urbano,Colector Mayor,City or Municipal Highway Agency,0,Sin jurisdiccion especial,0,43.52206389,-96.74123333,Ciclista,El primer evento no fue una colision con un vehiculo automotor en transporte,Four-Way Intersection,Interseccion de 4 direcciones,Sobre calle,Ninguna,Dia total,Despejado,No,NO APLICA,16,30,16,38,1,29/08/2022,1
46,South Dakota,460077,0,0,1,0,61,HANSON (61),0,NO APLICA,10,Octubre,14,2022,15,45,CR-260 ST,4,Calle del Condado,Rural,Local,Town or Township Highway Agency,0,Sin jurisdiccion especial,0,43.61573889,-97.81635,Volcadura,El primer evento no fue una colision con un vehiculo automotor en transporte,Not an Intersection,No fue interseccion,Sobre el lado de la calle,Ninguna,Dia total,Despejado,No,NO APLICA,15,56,16,13,1,14/10/2022,1