Estado,Nombre de Estado,Numero de Caso,Peatones,Personas _no_vehiculos,Vehiculos automotores,Vehiculos estacionados,Condado,Nombre Condado,Ciudad,Nombre Ciudad,Mes,Nombre Mes,Dia,Año,Hora,Minuto,Calle,Ruta,Nombre Ruta,Rural o Urbanoo,Sistema Funcional,Dueño Calle,Sistema Nacional Carreteras,Jurisdiccion Especial,Milla,Latitud,Longitud,Causa del Accidente,Tipo de Accidente,Tipo Interseccion,Columna1,Lugar en la calle,Zona de Trabajo,Luz,Clima,Autobus Escolar,Cruce de Trenes,Hora Notificacion,Minuto Notificacion,Hora Llegada,Minuto Llegada,Decesos,Fecha,PersonaVehiculo
46,South Dakota,460078,0,0,2,0,99,MINNEHAHA (99),0,NO APLICA,10,Octubre,19,2022,20,59,SR-11,3,Highway estatal,Rural,Arteria Menor,State Highway Agency,0,Sin jurisdiccion especial,834,43.64555278,-96.57168611,Vehiculo en movimiento,Angulo,Four-Way Intersection,Interseccion de 4 direcciones,Sobre calle,Ninguna,Oscuro sin iluminacion,Despejado,No,NO APLICA,21,7,21,25,1,19/10/2022,3
46,South Dakota,460079,0,0,2,0,35,DAVISON (35),0,NO APLICA,10,Octubre,19,2022,17,30,SR-37,3,Highway estatal,Rural,Arteria Principal,State Highway Agency,1,Sin jurisdiccion especial,660,43.59266111,-98.00616667,Vehiculo en movimiento,Frente a frente,Not an Intersection,No fue interseccion,Sobre calle,Ninguna,Dia total,Despejado,No,NO APLICA,17,31,17,40,1,19/10/2022,2
46,South Dakota,460080,0,0,1,0,81,LAWRENCE (81),0,NO APLICA,9,Septiembre,17,2022,14,3,US-14 A,2,US Highway,Rural,Arteria Menor,State Highway Agency,0,Sin jurisdiccion especial,173,44.413425,-103.8933083,Zanja,El primer evento no fue una colision con un vehiculo automotor en transporte,Not an Intersection,No fue interseccion,Sobre el lado de la calle,Ninguna,Dia total,Despejado,No,NO APLICA,14,6,14,13,1,17/09/2022,1
46,South Dakota,460081,0,0,1,0,83,LINCOLN (83),0,NO APLICA,10,Octubre,21,2022,18,35,CR-274 ST,4,Calle del Condado,Rural,Colector Mayor,County Highway Agency,0,Sin jurisdiccion especial,0,43.41699444,-96.60749444,Poste de Señal de trafico,El primer evento no fue una colision con un vehiculo automotor en transporte,Not an Intersection,No fue interseccion,Sobre el lado de la calle,Ninguna,Atardecer,Despejado,No,NO APLICA,99,99,99,99,1,21/10/2022,1
46,South Dakota,460082,0,0,1,0,7,BENNETT (7),0,NO APLICA,7,Julio,5,2022,18,35,CR-BIA 39,4,Calle del Condado,Rural,Colector Mayor,Bureau of Indian Affairs,0,Reservacion India,0,43.38955278,-102.0944333,Acotamiento,El primer evento no fue una colision con un vehiculo automotor en transporte,Not an Intersection,No fue interseccion,Sobre el lado de la calle,Ninguna,Atardecer,Despejado,No,NO APLICA,18,45,18,58,2,05/07/2022,3
46,South Dakota,460083,0,0,1,0,71,JACKSON (71),0,NO APLICA,9,Septiembre,22,2022,16,40,SR-73,3,Highway estatal,Rural,Arteria Principal,State Highway Agency,1,Reservacion India,645,43.74648333,-101.5254111,Culvert,El primer evento no fue una colision con un vehiculo automotor en transporte,Not an Intersection,No fue interseccion,Sobre el lado de la calle,Ninguna,Dia total,Vientos cruzados pero de los mamalones,No,NO APLICA,99,99,99,99,1,22/09/2022,2
46,South Dakota,460084,0,0,2,0,29,CODINGTON (29),0,NO APLICA,10,Octubre,18,2022,10,22,SR-20,3,Highway estatal,Rural,Arteria Menor,State Highway Agency,0,Sin jurisdiccion especial,3747,45.09371389,-97.49415556,Vehiculo en movimiento,Frente a frente,Four-Way Intersection,Interseccion de 4 direcciones,Sobre calle,Ninguna,Dia total,Despejado,No,NO APLICA,10,52,11,22,1,18/10/2022,2
46,South Dakota,460085,0,0,1,0,29,CODINGTON (29),0,NO APLICA,10,Octubre,27,2022,8,0,CR-164 ST,4,Calle del Condado,Rural,Local,Town or Township Highway Agency,0,Sin jurisdiccion especial,0,45.005975,-96.88761389,Volcadura,El primer evento no fue una colision con un vehiculo automotor en transporte,Not an Intersection,No fue interseccion,Sobre el lado de la calle,Ninguna,Amanecer,lluvia,No,NO APLICA,99,99,99,99,1,27/10/2022,1
46,South Dakota,460086,0,0,3,0,103,PENNINGTON (103),2250,RAPID CITY,10,Octubre,19,2022,10,5,US-16,2,US Highway,Urbano,Arteria Principal,State Highway Agency,1,Sin jurisdiccion especial,451,44.08403056,-103.2299361,Vehiculo en movimiento,Angulo,Four-Way Intersection,Interseccion de 4 direcciones,Sobre calle,Ninguna,Dia total,Despejado,No,NO APLICA,10,7,10,15,1,19/10/2022,3
46,South Dakota,460087,1,1,1,0,99,MINNEHAHA (99),2450,SIOUX FALLS,10,Octubre,19,2022,19,32,W 12TH ST,6,Calle Local Municipalidad,Urbano,Arteria Principal,City or Municipal Highway Agency,1,Sin jurisdiccion especial,0,43.543925,-96.74810556,No vehiculo o remolque,El primer evento no fue una colision con un vehiculo automotor en transporte,T-Intersection,Interseccion de T,Sobre calle,Ninguna,Oscuro con iluminacion,Despejado,No,NO APLICA,19,34,19,37,1,19/10/2022,1
46,South Dakota,460088,0,0,1,0,99,MINNEHAHA (99),0,NO APLICA,10,Octubre,21,2022,14,30,CR-484 AVE,4,Calle del Condado,Rural,Colector Mayor,County Highway Agency,0,Sin jurisdiccion especial,0,43.84034444,-96.531775,Acotamiento,El primer evento no fue una colision con un vehiculo automotor en transporte,Not an Intersection,No fue interseccion,Sobre el lado de la calle,Ninguna,Dia total,Despejado,No,NO APLICA,99,99,99,99,1,21/10/2022,1
46,South Dakota,460089,0,0,5,0,103,PENNINGTON (103),2250,RAPID CITY,10,Octubre,24,2022,18,55,US-16  B,2,US Highway,Urbano,Arterial Principal -Freeway o ExpressWay,State Highway Agency,1,Sin jurisdiccion especial,650,44.02997222,-103.2274083,Vehiculo en movimiento,Angulo,Not an Intersection,No fue interseccion,Sobre calle,Ninguna,Oscuro sin iluminacion,Despejado,No,NO APLICA,18,57,19,3,1,24/10/2022,7
46,South Dakota,460090,0,0,9,0,99,MINNEHAHA (99),2450,SIOUX FALLS,10,Octubre,25,2022,17,49,I-29 N,1,Interestatal,Urbano,Interestatal,State Highway Agency,1,Sin jurisdiccion especial,783,43.53855833,-96.78011667,Vehiculo en movimiento,Frente a Detrás,Not an Intersection,No fue interseccion,Sobre calle,"Zona de trabajo, tipo desconocido",Dia total,Despejado,No,NO APLICA,17,48,18,5,1,25/10/2022,13
46,South Dakota,460091,1,1,1,0,99,MINNEHAHA (99),2450,SIOUX FALLS,10,Octubre,25,2022,19,41,SR-42,3,Highway estatal,Urbano,Arteria Principal,State Highway Agency,1,Sin jurisdiccion especial,3600,43.54379444,-96.84208611,Peaton,El primer evento no fue una colision con un vehiculo automotor en transporte,Not an Intersection,No fue interseccion,Sobre calle,Ninguna,Oscuro sin iluminacion,Despejado,No,NO APLICA,19,45,19,54,1,25/10/2022,2
46,South Dakota,460092,1,1,1,0,103,PENNINGTON (103),2250,RAPID CITY,10,Octubre,31,2022,2,32,I-90 W2,1,Interestatal,Urbano,Interestatal,State Highway Agency,1,Sin jurisdiccion especial,0,44.11483889,-103.1206667,Peaton,El primer evento no fue una colision con un vehiculo automotor en transporte,Not an Intersection,No fue interseccion,Sobre calle,Ninguna,Oscuro sin iluminacion,Despejado,No,NO APLICA,2,34,2,45,1,31/10/2022,1
46,South Dakota,460093,0,0,2,0,83,LINCOLN (83),0,NO APLICA,11,Noviembre,8,2022,21,42,I-29 S,1,Interestatal,Rural,Interestatal,State Highway Agency,1,Sin jurisdiccion especial,671,43.37402222,-96.79614722,Vehiculo en movimiento,Angulo,Not an Intersection,No fue interseccion,Sobre calle,Ninguna,Oscuro sin iluminacion,Despejado,No,NO APLICA,21,43,21,56,1,08/11/2022,3
46,South Dakota,460094,0,0,3,0,99,MINNEHAHA (99),0,NO APLICA,11,Noviembre,11,2022,12,39,I-90 E,1,Interestatal,Rural,Interestatal,State Highway Agency,1,Sin jurisdiccion especial,3930,43.60847778,-96.836725,Vehiculo en movimiento,Frente a Detrás,Not an Intersection,No fue interseccion,Sobre calle,Ninguna,Dia total,Nieve,No,NO APLICA,12,43,12,51,2,11/11/2022,4
46,South Dakota,460095,0,0,1,0,57,HAMLIN (57),0,NO APLICA,11,Noviembre,14,2022,11,44,CR-465 AVE,4,Calle del Condado,Rural,Colector Mayor,County Highway Agency,0,Sin jurisdiccion especial,0,44.58346667,-96.90529444,Volcadura,El primer evento no fue una colision con un vehiculo automotor en transporte,Not an Intersection,No fue interseccion,Sobre el lado de la calle,Ninguna,Dia total,Nublado,No,NO APLICA,99,99,99,99,1,14/11/2022,1
46,South Dakota,460096,0,0,1,0,99,MINNEHAHA (99),0,NO APLICA,10,Octubre,29,2022,11,25,CR-457 AVE,4,Calle del Condado,Rural,Local,Town or Township Highway Agency,0,Sin jurisdiccion especial,0,43.61291944,-97.06975,Zanja,El primer evento no fue una colision con un vehiculo automotor en transporte,Not an Intersection,No fue interseccion,Sobre el lado de la calle,Ninguna,Dia total,Despejado,No,NO APLICA,12,33,12,59,1,29/10/2022,2
46,South Dakota,460097,1,1,1,0,103,PENNINGTON (103),2250,RAPID CITY,10,Octubre,14,2022,0,23,VAN BUREN ST,6,Calle Local Municipalidad,Urbano,Local,City or Municipal Highway Agency,0,Sin jurisdiccion especial,0,44.09296389,-103.2018972,Peaton,El primer evento no fue una colision con un vehiculo automotor en transporte,T-Intersection,Interseccion de T,Sobre calle,Ninguna,Oscuro con iluminacion,Despejado,No,NO APLICA,0,24,0,29,1,14/10/2022,1
46,South Dakota,460098,0,0,2,0,11,BROOKINGS (11),0,NO APLICA,11,Noviembre,16,2022,10,49,I-29 N,1,Interestatal,Rural,Interestatal,State Highway Agency,1,Sin jurisdiccion especial,1310,44.29656667,-96.75842778,Vehiculo en movimiento,Frente a Detrás,Not an Intersection,No fue interseccion,Sobre calle,Ninguna,Dia total,Nublado,No,NO APLICA,10,53,10,58,1,16/11/2022,2
46,South Dakota,460099,0,0,2,0,81,LAWRENCE (81),0,NO APLICA,11,Noviembre,16,2022,17,45,SR-34,3,Highway estatal,Rural,Arteria Menor,State Highway Agency,0,Sin jurisdiccion especial,270,44.47373889,-103.6360556,Vehiculo en movimiento,Golpe Lateral - direccion contraria,Not an Intersection,No fue interseccion,Sobre calle,Ninguna,Oscuro sin iluminacion,Soplando nieve,No,NO APLICA,17,32,17,46,1,16/11/2022,4
46,South Dakota,460100,0,0,2,0,67,HUTCHINSON (67),0,NO APLICA,11,Noviembre,22,2022,18,42,SR-25,3,Highway estatal,Rural,Arteria Menor,State Highway Agency,0,Sin jurisdiccion especial,250,43.22381667,-97.71680833,Vehiculo en movimiento,Frente a frente,Not an Intersection,No fue interseccion,Sobre calle,Ninguna,Oscuro sin iluminacion,Despejado,No,NO APLICA,18,55,18,58,2,22/11/2022,4
46,South Dakota,460101,1,1,1,0,127,UNION (127),0,NO APLICA,11,Noviembre,26,2022,4,54,I-29 N,1,Interestatal,Urbano,Interestatal,State Highway Agency,1,Sin jurisdiccion especial,50,42.56001667,-96.51714444,Peaton,El primer evento no fue una colision con un vehiculo automotor en transporte,Not an Intersection,No fue interseccion,Sobre calle,Ninguna,Oscuro sin iluminacion,Despejado,No,NO APLICA,99,99,99,99,1,26/11/2022,1
46,South Dakota,460102,0,0,1,0,123,TRIPP (123),0,NO APLICA,11,Noviembre,28,2022,10,10,SR-53,3,Highway estatal,Rural,Colector Mayor,State Highway Agency,0,Sin jurisdiccion especial,200,43.295875,-100.0476583,Volcadura,El primer evento no fue una colision con un vehiculo automotor en transporte,Not an Intersection,No fue interseccion,Sobre el lado de la calle,Ninguna,Dia total,Despejado,No,NO APLICA,10,13,10,28,1,28/11/2022,1
46,South Dakota,460103,1,1,1,0,99,MINNEHAHA (99),2450,SIOUX FALLS,11,Noviembre,21,2022,18,33,E 6TH ST,6,Calle Local Municipalidad,Urbano,Colector Mayor,City or Municipal Highway Agency,0,Sin jurisdiccion especial,0,43.55125,-96.71606389,Peaton,El primer evento no fue una colision con un vehiculo automotor en transporte,Not an Intersection,No fue interseccion,Sobre calle,Ninguna,Oscuro con iluminacion,Despejado,No,NO APLICA,18,34,18,36,1,21/11/2022,1
46,South Dakota,460104,0,0,2,0,93,MEADE (93),0,NO APLICA,12,Diciembre,5,2022,10,58,CR-N HAINES AVE,4,Calle del Condado,Rural,Colector Mayor,County Highway Agency,0,Sin jurisdiccion especial,0,44.14652222,-103.2310694,Vehiculo en movimiento,Angulo,Not an Intersection,No fue interseccion,Sobre calle,Ninguna,Dia total,Nieve,No,NO APLICA,10,59,11,21,1,05/12/2022,4
46,South Dakota,460105,1,1,1,0,83,LINCOLN (83),0,NO APLICA,12,Diciembre,7,2022,16,43,CR-274 ST,4,Calle del Condado,Urbano,Local,Town or Township Highway Agency,0,Sin jurisdiccion especial,0,43.41695278,-96.69471389,Vehiculo Ferrocarril,El primer evento no fue una colision con un vehiculo automotor en transporte,Not an Intersection,No fue interseccion,Sobre calle,Ninguna,Atardecer,Despejado,No,381639F,16,44,16,59,2,07/12/2022,3
46,South Dakota,460106,0,0,2,0,67,HUTCHINSON (67),0,NO APLICA,12,Diciembre,14,2022,7,5,SR-37,3,Highway estatal,Rural,Arteria Principal,State Highway Agency,1,Sin jurisdiccion especial,476,43.33217222,-97.99383333,Vehiculo en movimiento,Angulo,Not an Intersection,No fue interseccion,Sobre calle,Ninguna,Dia total,Nieve,No,NO APLICA,7,8,7,18,3,14/12/2022,5
46,South Dakota,460107,0,0,2,0,99,MINNEHAHA (99),0,NO APLICA,12,Diciembre,17,2022,18,36,SR-38,3,Highway estatal,Rural,Colector Mayor,State Highway Agency,0,Sin jurisdiccion especial,3540,43.63068889,-96.97489167,Vehiculo en movimiento,Angulo,Not an Intersection,No fue interseccion,Sobre calle,Ninguna,Oscuro sin iluminacion,Nublado,No,NO APLICA,18,45,19,2,1,17/12/2022,3
46,South Dakota,460108,1,1,1,0,103,PENNINGTON (103),2250,RAPID CITY,6,Junio,16,2022,19,37,ST ANNE ST,6,Calle Local Municipalidad,Rural,Local,City or Municipal Highway Agency,0,Sin jurisdiccion especial,0,44.06555278,-103.232275,No vehiculo o remolque,El primer evento no fue una colision con un vehiculo automotor en transporte,Four-Way Intersection,Interseccion de 4 direcciones,Sobre calle,Ninguna,Dia total,Despejado,No,NO APLICA,19,39,19,45,1,16/06/2022,1
46,South Dakota,460109,0,0,2,0,103,PENNINGTON (103),2250,RAPID CITY,6,Junio,30,2022,22,18,E NORTH STREET,6,Calle Local Municipalidad,Urbano,Arteria Menor,City or Municipal Highway Agency,0,Sin jurisdiccion especial,0,44.08666667,-103.212925,Vehiculo en movimiento,Frente a frente,Not an Intersection,No fue interseccion,Sobre calle,Ninguna,Oscuro con iluminacion,Despejado,No,NO APLICA,22,19,22,24,1,30/06/2022,3
46,South Dakota,460110,0,0,1,0,99,MINNEHAHA (99),2450,SIOUX FALLS,12,Diciembre,3,2022,13,48,E 38TH ST,6,Calle Local Municipalidad,Urbano,Local,City or Municipal Highway Agency,0,Sin jurisdiccion especial,0,43.51798611,-96.71954722,Arbol,El primer evento no fue una colision con un vehiculo automotor en transporte,Not an Intersection,No fue interseccion,Sobre el lado de la calle,Ninguna,Dia total,Despejado,No,NO APLICA,13,52,13,57,1,03/12/2022,3
46,South Dakota,460111,0,0,2,0,51,GRANT (51),0,NO APLICA,11,Noviembre,7,2022,10,1,US-12,2,US Highway,Rural,Arteria Principal,State Highway Agency,1,Sin jurisdiccion especial,3800,45.23941944,-96.800675,Vehiculo en movimiento,Frente a frente,Not an Intersection,No fue interseccion,Sobre calle,Ninguna,Dia total,Despejado,No,NO APLICA,10,0,10,12,1,07/11/2022,3
46,South Dakota,460112,0,0,1,0,103,PENNINGTON (103),2250,RAPID CITY,12,Diciembre,31,2022,2,14,E NORTH ST,6,Calle Local Municipalidad,Urbano,Arteria Menor,City or Municipal Highway Agency,0,Sin jurisdiccion especial,0,44.08731111,-103.2120222,Volcadura,El primer evento no fue una colision con un vehiculo automotor en transporte,Not an Intersection,No fue interseccion,Sobre el lado de la calle,Ninguna,Oscuro con iluminacion,Despejado,No,NO APLICA,2,23,2,27,1,31/12/2022,4
46,South Dakota,460113,0,0,2,0,83,LINCOLN (83),0,NO APLICA,12,Diciembre,31,2022,22,33,US-18,2,US Highway,Rural,Arteria Principal,State Highway Agency,1,Sin jurisdiccion especial,99998,43.301025,-96.72736111,Vehiculo en movimiento,Angulo,Four-Way Intersection,Interseccion de 4 direcciones,Sobre calle,Ninguna,Oscuro sin iluminacion,Nublado,No,NO APLICA,22,40,23,0,1,31/12/2022,2
46,South Dakota,460114,0,0,1,0,135,YANKTON (135),3070,YANKTON,6,Junio,10,2022,6,0,W 9TH ST,6,Calle Local Municipalidad,Rural,Colector Mayor,City or Municipal Highway Agency,0,Sin jurisdiccion especial,0,42.88030278,-97.42291667,Otro objeto (no fijo),El primer evento no fue una colision con un vehiculo automotor en transporte,Not an Intersection,No fue interseccion,Sobre el lado de la calle,Ninguna,Dia total,Neblina o Humo,No,NO APLICA,6,25,6,34,1,10/06/2022,1
46,South Dakota,460115,1,1,1,0,23,CHARLES MIX (23),0,NO APLICA,9,Septiembre,24,2022,20,45,CR-388TH AVE,4,Calle del Condado,Rural,Colector Mayor,County Highway Agency,0,Reservacion India,0,43.04628889,-98.42711944,Peaton,El primer evento no fue una colision con un vehiculo automotor en transporte,Not an Intersection,No fue interseccion,Sobre calle,Ninguna,Oscuro sin iluminacion,Despejado,No,NO APLICA,20,48,20,58,1,24/09/2022,1
46,South Dakota,460116,0,0,1,0,47,FALL RIVER (47),0,NO APLICA,10,Octubre,20,2022,3,45,US-18,2,US Highway,Rural,Arteria Principal,State Highway Agency,1,Sin jurisdiccion especial,660,43.18773333,-103.1543361,Volcadura,El primer evento no fue una colision con un vehiculo automotor en transporte,Not an Intersection,No fue interseccion,Sobre calle,Ninguna,Oscuro sin iluminacion,Despejado,No,NO APLICA,7,0,7,28,3,20/10/2022,4
46,South Dakota,460117,1,1,2,0,113,SHANNON (113),0,NO APLICA,10,Octubre,29,2022,0,45,US-18,2,US Highway,Rural,Arteria Principal,State Highway Agency,1,Reservacion India,951,43.11431389,-102.6406417,Peaton,El primer evento no fue una colision con un vehiculo automotor en transporte,Not an Intersection,No fue interseccion,Sobre calle,Ninguna,Oscuro sin iluminacion,Nublado,No,NO APLICA,99,99,99,99,1,29/10/2022,2
46,South Dakota,460118,0,0,2,0,113,SHANNON (113),2165,PINE RIDGE,11,Noviembre,24,2022,12,6,US-18,2,US Highway,Rural,Arteria Principal,State Highway Agency,1,Reservacion India,1050,43.02673333,-102.5287167,Vehiculo en movimiento,Frente a frente,Not an Intersection,No fue interseccion,Sobre calle,Ninguna,Dia total,Despejado,No,NO APLICA,99,99,99,99,1,24/11/2022,2
46,South Dakota,460119,0,0,1,0,113,SHANNON (113),0,NO APLICA,7,Julio,1,2022,5,8,CR-BIA 27,4,Calle del Condado,Rural,Colector Mayor,Bureau of Indian Affairs,0,Reservacion India,0,43.67465,-102.52055,Volcadura,El primer evento no fue una colision con un vehiculo automotor en transporte,Not an Intersection,No fue interseccion,Sobre el lado de la calle,Ninguna,Amanecer,Despejado,No,NO APLICA,5,38,5,51,2,01/07/2022,2
46,South Dakota,460120,0,0,1,0,113,SHANNON (113),0,NO APLICA,11,Noviembre,19,2022,1,53,US-18,2,US Highway,Rural,Arteria Principal,State Highway Agency,1,Reservacion India,1000,43.06252222,-102.5671944,Volcadura,El primer evento no fue una colision con un vehiculo automotor en transporte,Not an Intersection,No fue interseccion,Sobre el lado de la calle,Ninguna,Oscuro sin iluminacion,Despejado,No,NO APLICA,99,99,99,99,2,19/11/2022,3
46,South Dakota,460121,1,1,1,0,113,SHANNON (113),2165,PINE RIDGE,8,Agosto,3,2022,21,0,SR-407,3,Highway estatal,Rural,Arteria Menor,State Highway Agency,0,Reservacion India,17,43.02540278,-102.5562917,Peaton,El primer evento no fue una colision con un vehiculo automotor en transporte,Not an Intersection,No fue interseccion,Sobre calle,Ninguna,Oscuro con iluminacion,Despejado,No,NO APLICA,21,5,21,6,1,03/08/2022,1
47,Tennessee,470001,0,0,1,0,37,DAVIDSON (37),1760,NASHVILLE,1,Enero,1,2022,7,2,OLD HICKORY BLVD,6,Calle Local Municipalidad,Urbano,Colector Mayor,City or Municipal Highway Agency,0,Sin jurisdiccion especial,58,36.00016944,-86.63541111,Arbol,El primer evento no fue una colision con un vehiculo automotor en transporte,Not an Intersection,No fue interseccion,Sobre el lado de la calle,Ninguna,Dia total,Despejado,No,NO APLICA,7,2,99,99,1,01/01/2022,2
47,Tennessee,470002,0,0,3,0,37,DAVIDSON (37),1760,NASHVILLE,1,Enero,1,2022,2,41,I-24,1,Interestatal,Rural,Interestatal,State Highway Agency,1,Sin jurisdiccion especial,72,36.29318889,-86.81068889,Barrera de Trafico de Concreto,El primer evento no fue una colision con un vehiculo automotor en transporte,Not an Intersection,No fue interseccion,En el medio,Ninguna,Oscuro sin iluminacion,Despejado,No,NO APLICA,99,99,99,99,1,01/01/2022,7
47,Tennessee,470003,0,0,1,0,157,SHELBY (157),1620,MEMPHIS,1,Enero,1,2022,1,39,ARNOLD RD,6,Calle Local Municipalidad,Urbano,Colector Mayor,City or Municipal Highway Agency,0,Sin jurisdiccion especial,7,35.02796111,-89.93698889,Arbol,El primer evento no fue una colision con un vehiculo automotor en transporte,Not an Intersection,No fue interseccion,Sobre el lado de la calle,Ninguna,Oscuro con iluminacion,Despejado,No,NO APLICA,99,99,99,99,1,01/01/2022,2
47,Tennessee,470004,1,1,1,0,157,SHELBY (157),1620,MEMPHIS,1,Enero,4,2022,16,10,COLEMAN AVE,6,Calle Local Municipalidad,Urbano,Local,City or Municipal Highway Agency,0,Sin jurisdiccion especial,2,35.155725,-89.9443,Peaton,El primer evento no fue una colision con un vehiculo automotor en transporte,Four-Way Intersection,Interseccion de 4 direcciones,Sobre calle,Ninguna,Dia total,Nublado,No,NO APLICA,99,99,99,99,1,04/01/2022,1
47,Tennessee,470005,0,0,1,0,165,SUMNER (165),0,NO APLICA,1,Enero,3,2022,9,0,SR-76,3,Highway estatal,Rural,Arteria Menor,State Highway Agency,0,Sin jurisdiccion especial,81,36.53231111,-86.53711944,Arbusto,El primer evento no fue una colision con un vehiculo automotor en transporte,Not an Intersection,No fue interseccion,Sobre el lado de la calle,Ninguna,Dia total,Despejado,No,NO APLICA,99,99,99,99,1,03/01/2022,1
47,Tennessee,470006,0,0,2,0,15,CANNON (15),0,NO APLICA,1,Enero,4,2022,17,15,SR-145 AUBURNTOWN RD,3,Highway estatal,Rural,Colector Mayor,State Highway Agency,0,Sin jurisdiccion especial,23,35.85591944,-86.09455,Vehiculo en movimiento,Frente a frente,Not an Intersection,No fue interseccion,Sobre calle,Ninguna,Oscuro sin iluminacion,Despejado,No,NO APLICA,99,99,99,99,1,04/01/2022,2
47,Tennessee,470007,0,0,2,0,157,SHELBY (157),1620,MEMPHIS,1,Enero,6,2022,21,22,I-240,1,Interestatal,Urbano,Interestatal,State Highway Agency,1,Sin jurisdiccion especial,25,35.11516111,-90.02843889,Vehiculo en movimiento,Frente a Detrás,Not an Intersection,No fue interseccion,Sobre calle,Ninguna,Oscuro con iluminacion,Despejado,No,NO APLICA,99,99,99,99,1,06/01/2022,4
47,Tennessee,470008,1,1,1,0,157,SHELBY (157),1620,MEMPHIS,1,Enero,7,2022,19,8,KIRBY PKWY,6,Calle Local Municipalidad,Urbano,Arteria Menor,City or Municipal Highway Agency,0,Sin jurisdiccion especial,25,35.03165,-89.84825,Peaton,El primer evento no fue una colision con un vehiculo automotor en transporte,Not an Intersection,No fue interseccion,Sobre calle,Ninguna,Oscuro sin iluminacion,Despejado,No,NO APLICA,99,99,99,99,1,07/01/2022,1
47,Tennessee,470009,0,0,2,0,73,HAWKINS (73),405,CHURCH HILL,1,Enero,7,2022,18,0,SR-346 N CENTRAL AVE,3,Highway estatal,Rural,Arteria Menor,State Highway Agency,0,Sin jurisdiccion especial,99,36.54228056,-82.71203889,Vehiculo en movimiento,Angulo,Not an Intersection,No fue interseccion,Sobre calle,Ninguna,Oscuro sin iluminacion,Despejado,No,NO APLICA,17,55,99,99,1,07/01/2022,3
47,Tennessee,470010,0,0,1,0,157,SHELBY (157),1620,MEMPHIS,1,Enero,9,2022,20,48,US-61 SR-14 JACKSON AVE,2,US Highway,Urbano,Arteria Principal,State Highway Agency,1,Sin jurisdiccion especial,139,35.15811944,-90.01045,Poste,El primer evento no fue una colision con un vehiculo automotor en transporte,Not an Intersection,No fue interseccion,Gore?,Ninguna,Oscuro con iluminacion,Despejado,No,NO APLICA,99,99,99,99,1,09/01/2022,3
47,Tennessee,470011,0,0,1,0,125,MONTGOMERY (125),0,NO APLICA,1,Enero,6,2022,9,29,I-24,1,Interestatal,Rural,Interestatal,State Highway Agency,1,Sin jurisdiccion especial,162,36.47683056,-87.14145,Soporte de Puente,El primer evento no fue una colision con un vehiculo automotor en transporte,Not an Intersection,No fue interseccion,Sobre el lado de la calle,Ninguna,Dia total,Nieve,No,NO APLICA,99,99,99,99,1,06/01/2022,1
47,Tennessee,470012,0,0,2,0,71,HARDIN (71),0,NO APLICA,1,Enero,2,2022,10,3,US-64 SR-15,2,US Highway,Urbano,Arteria Principal,State Highway Agency,1,Sin jurisdiccion especial,100,35.22625,-88.19931111,Vehiculo en movimiento,Angulo,Four-Way Intersection,Interseccion de 4 direcciones,Sobre calle,Construccion,Dia total,Nublado,No,NO APLICA,99,99,99,99,3,02/01/2022,3
47,Tennessee,470013,0,0,2,0,145,ROANE (145),0,NO APLICA,1,Enero,10,2022,8,15,I-40,1,Interestatal,Urbano,Interestatal,State Highway Agency,1,Sin jurisdiccion especial,155,35.87341111,-84.45618056,Vehiculo en movimiento,Frente a Detrás,Not an Intersection,No fue interseccion,Sobre calle,Ninguna,Dia total,Despejado,No,NO APLICA,99,99,99,99,2,10/01/2022,4
47,Tennessee,470014,1,1,2,0,157,SHELBY (157),1620,MEMPHIS,1,Enero,10,2022,6,30,SR-175 SHELBY DR,3,Highway estatal,Urbano,Arteria Principal,State Highway Agency,1,Sin jurisdiccion especial,86,35.02134722,-89.95689167,Vehiculo en movimiento,Frente a Detrás,Not an Intersection,No fue interseccion,Sobre calle,Ninguna,Oscuro con iluminacion,Despejado,No,NO APLICA,99,99,99,99,1,10/01/2022,1
47,Tennessee,470015,0,0,2,0,157,SHELBY (157),1620,MEMPHIS,1,Enero,9,2022,22,40,SR-14 JACKSON AVE,3,Highway estatal,Urbano,Arteria Principal,State Highway Agency,1,Sin jurisdiccion especial,182,35.17344167,-89.94168056,Vehiculo en movimiento,Angulo,T-Intersection,Interseccion de T,Sobre calle,Ninguna,Oscuro con iluminacion,Despejado,No,NO APLICA,99,99,99,99,1,09/01/2022,2
47,Tennessee,470016,0,0,1,0,131,OBION (131),0,NO APLICA,1,Enero,5,2022,22,25,CR-ELBRIDGE OBION RD,4,Calle del Condado,Rural,Colector Menor,County Highway Agency,0,Sin jurisdiccion especial,71,36.26236944,-89.2862,Zanja,El primer evento no fue una colision con un vehiculo automotor en transporte,Not an Intersection,No fue interseccion,Sobre el lado de la calle,Ninguna,Oscuro sin iluminacion,Despejado,No,NO APLICA,99,99,99,99,1,05/01/2022,1
47,Tennessee,470017,1,1,1,0,37,DAVIDSON (37),1760,NASHVILLE,1,Enero,13,2022,4,32,DEMONBREUN ST,6,Calle Local Municipalidad,Urbano,Arteria Menor,City or Municipal Highway Agency,0,Sin jurisdiccion especial,30,36.15386111,-86.78788056,Peaton,El primer evento no fue una colision con un vehiculo automotor en transporte,Not an Intersection,No fue interseccion,Sobre calle,Ninguna,Oscuro con iluminacion,Despejado,No,NO APLICA,99,99,99,99,1,13/01/2022,1