Estado,Nombre de Estado,Numero de Caso,Peatones,Personas _no_vehiculos,Vehiculos automotores,Vehiculos estacionados,Condado,Nombre Condado,Ciudad,Nombre Ciudad,Mes,Nombre Mes,Dia,Año,Hora,Minuto,Calle,Ruta,Nombre Ruta,Rural o Urbanoo,Sistema Funcional,Dueño Calle,Sistema Nacional Carreteras,Jurisdiccion Especial,Milla,Latitud,Longitud,Causa del Accidente,Tipo de Accidente,Tipo Interseccion,Columna1,Lugar en la calle,Zona de Trabajo,Luz,Clima,Autobus Escolar,Cruce de Trenes,Hora Notificacion,Minuto Notificacion,Hora Llegada,Minuto Llegada,Decesos,Fecha,PersonaVehiculo
47,Tennessee,470018,0,0,2,0,157,SHELBY (157),1620,MEMPHIS,1,Enero,13,2022,3,44,I-240,1,Interestatal,Urbano,Interestatal,State Highway Agency,1,Sin jurisdiccion especial,48,35.08345278,-90.02568889,Vehiculo en movimiento,Golpe Lateral - direccion contraria,Not an Intersection,No fue interseccion,Sobre calle,Ninguna,Oscuro con iluminacion,Despejado,No,NO APLICA,99,99,99,99,1,13/01/2022,2
47,Tennessee,470019,0,0,2,0,157,SHELBY (157),1620,MEMPHIS,1,Enero,13,2022,23,27,I-240,1,Interestatal,Urbano,Interestatal,State Highway Agency,1,Sin jurisdiccion especial,11,35.07329722,-90.00663056,Fin de valla,El primer evento no fue una colision con un vehiculo automotor en transporte,Not an Intersection,No fue interseccion,En el medio,Ninguna,Oscuro con iluminacion,Despejado,No,NO APLICA,99,99,99,99,1,13/01/2022,2
47,Tennessee,470020,0,0,1,0,169,TROUSDALE (169),0,NO APLICA,1,Enero,10,2022,23,35,SR-10,3,Highway estatal,Rural,Arteria Menor,State Highway Agency,0,Sin jurisdiccion especial,175,36.41403056,-86.10033889,Arbol,El primer evento no fue una colision con un vehiculo automotor en transporte,Not an Intersection,No fue interseccion,Sobre el lado de la calle,Ninguna,Oscuro sin iluminacion,Despejado,No,NO APLICA,99,99,99,99,1,10/01/2022,1
47,Tennessee,470021,0,0,1,0,177,WARREN (177),0,NO APLICA,1,Enero,15,2022,19,13,SR-56 SMITHVILLE HWY,3,Highway estatal,Rural,Arteria Principal,State Highway Agency,0,Sin jurisdiccion especial,215,35.80376111,-85.79333056,Culvert,El primer evento no fue una colision con un vehiculo automotor en transporte,Not an Intersection,No fue interseccion,Sobre el lado de la calle,Ninguna,Oscuro sin iluminacion,lluvia,No,NO APLICA,99,99,99,99,1,15/01/2022,1
47,Tennessee,470022,1,1,1,0,157,SHELBY (157),1620,MEMPHIS,1,Enero,15,2022,18,50,US-64/70 SR-1 SUMMER AVE,2,US Highway,Urbano,Arteria Principal,State Highway Agency,1,Sin jurisdiccion especial,78,35.14933333,-89.9609,Peaton,El primer evento no fue una colision con un vehiculo automotor en transporte,Not an Intersection,No fue interseccion,Sobre calle,Ninguna,Oscuro con iluminacion,lluvia,No,NO APLICA,99,99,99,99,1,15/01/2022,1
47,Tennessee,470023,0,0,2,0,157,SHELBY (157),1620,MEMPHIS,1,Enero,14,2022,23,30,DELANO AVE,6,Calle Local Municipalidad,Urbano,Arteria Menor,City or Municipal Highway Agency,0,Sin jurisdiccion especial,17,35.19784444,-90.0039,Vehiculo en movimiento,Angulo,Four-Way Intersection,Interseccion de 4 direcciones,Sobre calle,Ninguna,Oscuro con iluminacion,Despejado,No,NO APLICA,99,99,99,99,3,14/01/2022,5
47,Tennessee,470024,0,0,2,0,9,BLOUNT (9),1570,MARYVILLE,1,Enero,14,2022,10,36,US-321 SR-73 E LAMAR ALEXANDER,2,US Highway,Urbano,Arteria Principal,State Highway Agency,1,Sin jurisdiccion especial,165,35.7576,-83.89156944,Vehiculo en movimiento,Frente a frente,Not an Intersection,No fue interseccion,Sobre calle,Ninguna,Dia total,Despejado,No,NO APLICA,99,99,99,99,1,14/01/2022,3
47,Tennessee,470025,1,1,1,0,157,SHELBY (157),1620,MEMPHIS,1,Enero,17,2022,22,27,S BUNTYN ST,6,Calle Local Municipalidad,Urbano,Local,City or Municipal Highway Agency,0,Sin jurisdiccion especial,2,35.10376389,-89.97173056,Peaton,El primer evento no fue una colision con un vehiculo automotor en transporte,Not an Intersection,No fue interseccion,Sobre calle,Ninguna,Oscuro con iluminacion,Despejado,No,NO APLICA,99,99,99,99,1,17/01/2022,1
47,Tennessee,470026,1,1,1,0,19,CARTER (19),1250,JOHNSON CITY,1,Enero,11,2022,99,99,I-26 US-19/23 JAMES H QUILLEN,1,Interestatal,Urbano,Interestatal,State Highway Agency,1,Sin jurisdiccion especial,16,36.27356667,-82.318825,Peaton,El primer evento no fue una colision con un vehiculo automotor en transporte,Not an Intersection,No fue interseccion,Sobre calle,Ninguna,Reportada como desconocida,Despejado,No,NO APLICA,99,99,99,99,1,11/01/2022,1
47,Tennessee,470027,0,0,2,0,37,DAVIDSON (37),1535,MADISON,1,Enero,14,2022,21,49,US-31E SR-6 GALLATIN PK,2,US Highway,Urbano,Arteria Principal,State Highway Agency,1,Sin jurisdiccion especial,205,36.29068889,-86.70363056,Vehiculo en movimiento,Angulo,Not an Intersection,No fue interseccion,Sobre calle,Ninguna,Oscuro con iluminacion,Nublado,No,NO APLICA,99,99,99,99,1,14/01/2022,3
47,Tennessee,470028,1,1,1,0,37,DAVIDSON (37),1760,NASHVILLE,1,Enero,15,2022,19,26,US-31W SR-11 DICKERSON PK,2,US Highway,Urbano,Arteria Principal,State Highway Agency,1,Sin jurisdiccion especial,162,36.22396944,-86.76085,Peaton,El primer evento no fue una colision con un vehiculo automotor en transporte,Not an Intersection,No fue interseccion,Sobre calle,Ninguna,Oscuro con iluminacion,lluvia,No,NO APLICA,99,99,99,99,1,15/01/2022,1
47,Tennessee,470029,0,0,1,0,37,DAVIDSON (37),1760,NASHVILLE,1,Enero,16,2022,19,48,BELL RD,6,Calle Local Municipalidad,Urbano,Colector Mayor,City or Municipal Highway Agency,0,Sin jurisdiccion especial,63,36.15646111,-86.61865,Banqueta,El primer evento no fue una colision con un vehiculo automotor en transporte,Not an Intersection,No fue interseccion,Sobre el lado de la calle,Ninguna,Oscuro con iluminacion,Nublado,No,NO APLICA,99,99,99,99,1,16/01/2022,3
47,Tennessee,470030,0,0,1,0,109,MCNAIRY (109),0,NO APLICA,1,Enero,15,2022,19,6,CR-COX DR,4,Calle del Condado,Rural,Local,County Highway Agency,0,Sin jurisdiccion especial,8,35.15225,-88.5326,Arbol,El primer evento no fue una colision con un vehiculo automotor en transporte,Not an Intersection,No fue interseccion,Sobre el lado de la calle,Ninguna,Oscuro sin iluminacion,lluvia,No,NO APLICA,99,99,99,99,1,15/01/2022,2
47,Tennessee,470031,0,0,1,0,125,MONTGOMERY (125),410,CLARKSVILLE,1,Enero,16,2022,2,19,US-79 SR-13 WILMA RUDOLPH BLVD,2,US Highway,Urbano,Arteria Principal,State Highway Agency,1,Sin jurisdiccion especial,217,36.54532222,-87.33558889,Poste,El primer evento no fue una colision con un vehiculo automotor en transporte,Not an Intersection,No fue interseccion,Sobre el lado de la calle,Ninguna,Oscuro con iluminacion,Otro,No,NO APLICA,99,99,99,99,1,16/01/2022,1
47,Tennessee,470032,1,1,5,0,65,HAMILTON (65),400,CHATTANOOGA,1,Enero,14,2022,5,36,I-75 US-74,1,Interestatal,Urbano,Interestatal,State Highway Agency,1,Sin jurisdiccion especial,33,35.01721944,-85.17871944,Vehiculo en movimiento,Frente a Detrás,Not an Intersection,No fue interseccion,Sobre calle,Ninguna,Oscuro sin iluminacion,Despejado,No,NO APLICA,99,99,99,99,1,14/01/2022,4
47,Tennessee,470033,0,0,1,0,157,SHELBY (157),1620,MEMPHIS,1,Enero,19,2022,2,49,N HOLLYWOOD ST,6,Calle Local Municipalidad,Urbano,Arteria Menor,City or Municipal Highway Agency,0,Sin jurisdiccion especial,48,35.18499167,-89.97544167,Fin de valla,El primer evento no fue una colision con un vehiculo automotor en transporte,Not an Intersection,No fue interseccion,Sobre el lado de la calle,Ninguna,Oscuro con iluminacion,Despejado,No,NO APLICA,99,99,99,99,1,19/01/2022,1
47,Tennessee,470034,0,0,2,0,143,RHEA (143),0,NO APLICA,1,Enero,8,2022,15,46,SR-60 HIWASSEE HWY,3,Highway estatal,Rural,Arteria Principal,State Highway Agency,1,Sin jurisdiccion especial,34,35.4557,-85.01031111,Vehiculo en movimiento,Angulo,Not an Intersection,No fue interseccion,Sobre calle,Ninguna,Dia total,Despejado,No,NO APLICA,99,99,99,99,1,08/01/2022,2
47,Tennessee,470035,0,0,1,0,31,COFFEE (31),0,NO APLICA,1,Enero,20,2022,15,30,I-24,1,Interestatal,Rural,Interestatal,State Highway Agency,1,Sin jurisdiccion especial,237,35.38076944,-85.97963889,Acotamiento,El primer evento no fue una colision con un vehiculo automotor en transporte,Not an Intersection,No fue interseccion,Sobre el lado de la calle,Ninguna,Dia total,Despejado,No,NO APLICA,99,99,99,99,1,20/01/2022,1
47,Tennessee,470036,1,1,1,0,59,GREENE (59),1010,GREENEVILLE,1,Enero,20,2022,7,30,US-11/321 SR-34 E ANDREW JOHNS,2,US Highway,Urbano,Arteria Principal,State Highway Agency,1,Sin jurisdiccion especial,184,36.18054167,-82.78301111,Peaton,El primer evento no fue una colision con un vehiculo automotor en transporte,Not an Intersection,No fue interseccion,Sobre calle,Ninguna,Amanecer,lluvia,No,NO APLICA,99,99,99,99,1,20/01/2022,1
47,Tennessee,470037,0,0,1,0,157,SHELBY (157),1620,MEMPHIS,1,Enero,20,2022,7,7,BALL RD,6,Calle Local Municipalidad,Urbano,Arteria Principal,City or Municipal Highway Agency,0,Sin jurisdiccion especial,10,35.081725,-90.00226944,Barda,El primer evento no fue una colision con un vehiculo automotor en transporte,Not an Intersection,No fue interseccion,Fuera de la calle,Ninguna,Dia total,Despejado,No,NO APLICA,8,10,8,15,1,20/01/2022,1
47,Tennessee,470038,0,0,1,0,93,KNOX (93),1300,KNOXVILLE,1,Enero,7,2022,17,14,US-11/70 SR-1 KINGSTON PK,2,US Highway,Urbano,Arteria Principal,State Highway Agency,1,Sin jurisdiccion especial,113,35.92508889,-84.04669722,Poste,El primer evento no fue una colision con un vehiculo automotor en transporte,Not an Intersection,No fue interseccion,Sobre el lado de la calle,Ninguna,Dia total,Despejado,No,NO APLICA,99,99,99,99,1,07/01/2022,1
47,Tennessee,470039,0,0,1,0,157,SHELBY (157),0,NO APLICA,1,Enero,16,2022,3,7,CR-WEST UNION,4,Calle del Condado,Urbano,Colector Menor,County Highway Agency,0,Sin jurisdiccion especial,0,35.28296111,-89.67473333,Acotamiento,El primer evento no fue una colision con un vehiculo automotor en transporte,Not an Intersection,No fue interseccion,Sobre el lado de la calle,Ninguna,Oscuro sin iluminacion,Nieve,No,NO APLICA,99,99,99,99,1,16/01/2022,2
47,Tennessee,470040,0,0,2,0,99,LAWRENCE (99),0,NO APLICA,1,Enero,15,2022,4,45,CR-PULASKI HWY,4,Calle del Condado,Rural,Colector Menor,County Highway Agency,0,Sin jurisdiccion especial,29,35.23521944,-87.29028056,Vehiculo en movimiento,Frente a frente,Not an Intersection,No fue interseccion,Sobre calle,Ninguna,Oscuro sin iluminacion,lluvia,No,NO APLICA,99,99,99,99,1,15/01/2022,2
47,Tennessee,470041,0,0,2,0,23,CHESTER (23),0,NO APLICA,1,Enero,8,2022,18,55,SR-125,3,Highway estatal,Rural,Colector Mayor,State Highway Agency,0,Sin jurisdiccion especial,8,35.35733889,-88.80198889,Vehiculo en movimiento,Golpe Lateral - direccion contraria,Not an Intersection,No fue interseccion,Sobre calle,Ninguna,Oscuro sin iluminacion,Despejado,No,NO APLICA,99,99,99,99,1,08/01/2022,2
47,Tennessee,470042,0,0,1,0,65,HAMILTON (65),2260,SODDY DAISY,1,Enero,19,2022,0,36,DAYTON PK WALDEN ST,6,Calle Local Municipalidad,Urbano,Local,City or Municipal Highway Agency,0,Sin jurisdiccion especial,7,35.26231111,-85.17661111,Acotamiento,El primer evento no fue una colision con un vehiculo automotor en transporte,Not an Intersection,No fue interseccion,Sobre el lado de la calle,Ninguna,Oscuro sin iluminacion,Despejado,No,NO APLICA,99,99,99,99,1,19/01/2022,1
47,Tennessee,470043,0,0,1,0,39,DECATUR (39),0,NO APLICA,1,Enero,17,2022,13,29,SR-202 BROOKSIE THOMPSON RD,3,Highway estatal,Rural,Colector Mayor,State Highway Agency,0,Sin jurisdiccion especial,63,35.48418056,-88.15173889,Culvert,El primer evento no fue una colision con un vehiculo automotor en transporte,Not an Intersection,No fue interseccion,Sobre el lado de la calle,Ninguna,Dia total,Nublado,No,NO APLICA,99,99,99,99,1,17/01/2022,1
47,Tennessee,470044,2,2,2,0,157,SHELBY (157),1620,MEMPHIS,1,Enero,22,2022,18,23,OVERTON CROSSING ST,6,Calle Local Municipalidad,Urbano,Arteria Menor,City or Municipal Highway Agency,0,Sin jurisdiccion especial,40,35.20893611,-89.99428056,Peaton,El primer evento no fue una colision con un vehiculo automotor en transporte,Not an Intersection,No fue interseccion,Sobre calle,Ninguna,Oscuro con iluminacion,Despejado,No,NO APLICA,99,99,99,99,3,22/01/2022,3
47,Tennessee,470045,0,0,1,0,165,SUMNER (165),0,NO APLICA,1,Enero,18,2022,99,99,CR-N HAPPY HOLLOW RD,4,Calle del Condado,Rural,Local,County Highway Agency,0,Sin jurisdiccion especial,11,36.55128056,-86.55331944,Arbol,El primer evento no fue una colision con un vehiculo automotor en transporte,Not an Intersection,No fue interseccion,Sobre el lado de la calle,Ninguna,Dia total,Despejado,No,NO APLICA,99,99,99,99,1,18/01/2022,1
47,Tennessee,470046,1,1,1,0,157,SHELBY (157),1620,MEMPHIS,1,Enero,23,2022,22,2,CHELSEA AVE,6,Calle Local Municipalidad,Urbano,Arteria Menor,City or Municipal Highway Agency,0,Sin jurisdiccion especial,4,35.16599722,-90.02975,Peaton,El primer evento no fue una colision con un vehiculo automotor en transporte,T-Intersection,Interseccion de T,Sobre calle,Ninguna,Oscuro con iluminacion,Despejado,No,NO APLICA,99,99,99,99,1,23/01/2022,1
47,Tennessee,470047,0,1,2,1,149,RUTHERFORD (149),0,NO APLICA,1,Enero,12,2022,12,29,I-24,1,Interestatal,Urbano,Interestatal,State Highway Agency,1,Sin jurisdiccion especial,169,35.82603889,-86.41208056,Vehiculo Aparcado,El primer evento no fue una colision con un vehiculo automotor en transporte,Not an Intersection,No fue interseccion,Sobre calle,Ninguna,Dia total,Despejado,No,NO APLICA,99,99,99,99,1,12/01/2022,1
47,Tennessee,470048,1,1,1,0,37,DAVIDSON (37),1760,NASHVILLE,1,Enero,19,2022,18,5,ACKLEN PARK DR,6,Calle Local Municipalidad,Urbano,Local,City or Municipal Highway Agency,0,Sin jurisdiccion especial,7,36.14171944,-86.81856944,Peaton,El primer evento no fue una colision con un vehiculo automotor en transporte,T-Intersection,Interseccion de T,Sobre calle,Ninguna,Oscuro con iluminacion,lluvia,No,NO APLICA,99,99,99,99,1,19/01/2022,1
47,Tennessee,470049,0,0,1,0,157,SHELBY (157),1620,MEMPHIS,1,Enero,24,2022,21,29,FRAYSER BLVD,6,Calle Local Municipalidad,Urbano,Arteria Menor,City or Municipal Highway Agency,0,Sin jurisdiccion especial,26,35.21768889,-89.9835,Poste,El primer evento no fue una colision con un vehiculo automotor en transporte,Not an Intersection,No fue interseccion,Sobre el lado de la calle,Ninguna,Oscuro con iluminacion,Despejado,No,NO APLICA,99,99,99,99,1,24/01/2022,3
47,Tennessee,470050,0,0,2,0,37,DAVIDSON (37),1245,JOELTON,1,Enero,19,2022,10,45,US- 431 SR-65 WHITES CREEK PK,2,US Highway,Rural,Arteria Principal,State Highway Agency,1,Sin jurisdiccion especial,154,36.3809,-86.89436111,Vehiculo en movimiento,Frente a frente,Not an Intersection,No fue interseccion,Sobre calle,Ninguna,Dia total,lluvia,No,NO APLICA,10,45,99,99,1,19/01/2022,2
47,Tennessee,470051,1,1,1,0,37,DAVIDSON (37),1760,NASHVILLE,1,Enero,21,2022,20,44,ELM HILL PK,6,Calle Local Municipalidad,Urbano,Arteria Menor,City or Municipal Highway Agency,0,Sin jurisdiccion especial,35,36.15338056,-86.68626944,Peaton,El primer evento no fue una colision con un vehiculo automotor en transporte,Not an Intersection,No fue interseccion,Sobre calle,Ninguna,Oscuro con iluminacion,Despejado,No,NO APLICA,99,99,99,99,1,21/01/2022,1
47,Tennessee,470052,0,0,1,0,149,RUTHERFORD (149),0,NO APLICA,1,Enero,22,2022,3,25,SR-266 W JEFFERSON PIKE,3,Highway estatal,Urbano,Arteria Menor,State Highway Agency,0,Sin jurisdiccion especial,113,35.97311944,-86.39996944,Acotamiento,El primer evento no fue una colision con un vehiculo automotor en transporte,Not an Intersection,No fue interseccion,Sobre el lado de la calle,Ninguna,Oscuro con iluminacion,Despejado,No,NO APLICA,99,99,99,99,1,22/01/2022,2
47,Tennessee,470053,0,0,2,0,157,SHELBY (157),1620,MEMPHIS,1,Enero,13,2022,22,38,N WATKINS ST,6,Calle Local Municipalidad,Urbano,Local,City or Municipal Highway Agency,0,Sin jurisdiccion especial,30,35.19805,-90.00781944,Vehiculo en movimiento,Angulo,T-Intersection,Interseccion de T,Sobre calle,Ninguna,Oscuro con iluminacion,Despejado,No,NO APLICA,99,99,99,99,1,13/01/2022,2
47,Tennessee,470054,0,0,1,0,157,SHELBY (157),1620,MEMPHIS,1,Enero,24,2022,21,39,CHELSEA AVE,6,Calle Local Municipalidad,Urbano,Arteria Menor,City or Municipal Highway Agency,0,Sin jurisdiccion especial,6,35.16737222,-90.02680833,Poste,El primer evento no fue una colision con un vehiculo automotor en transporte,Not an Intersection,No fue interseccion,Sobre el lado de la calle,Ninguna,Oscuro con iluminacion,Despejado,No,NO APLICA,99,99,99,99,1,24/01/2022,2
47,Tennessee,470055,0,0,1,0,157,SHELBY (157),0,NO APLICA,1,Enero,16,2022,13,5,CR-LOWRANCE RD,4,Calle del Condado,Urbano,Colector Mayor,County Highway Agency,0,Sin jurisdiccion especial,5,35.03486944,-89.80621667,Otro objeto (no fijo),El primer evento no fue una colision con un vehiculo automotor en transporte,Not an Intersection,No fue interseccion,Sobre calle,Ninguna,Dia total,Nieve,No,NO APLICA,99,99,99,99,1,16/01/2022,1
47,Tennessee,470056,0,0,1,0,65,HAMILTON (65),400,CHATTANOOGA,1,Enero,3,2022,14,40,SR-153,3,Highway estatal,Urbano,Arterial Principal -Freeway o ExpressWay,State Highway Agency,1,Sin jurisdiccion especial,42,35.07520833,-85.19906667,Barrera de Trafico de Concreto,El primer evento no fue una colision con un vehiculo automotor en transporte,Not an Intersection,No fue interseccion,En el medio,Ninguna,Dia total,lluvia,No,NO APLICA,99,99,99,99,1,03/01/2022,1
47,Tennessee,470057,1,1,3,0,149,RUTHERFORD (149),1750,MURFREESBORO,1,Enero,26,2022,18,10,US-231 SR-10 S CHURCH ST,2,US Highway,Urbano,Arteria Principal,State Highway Agency,1,Sin jurisdiccion especial,108,35.80428889,-86.3979,Peaton,El primer evento no fue una colision con un vehiculo automotor en transporte,Not an Intersection,No fue interseccion,Sobre calle,Ninguna,Oscuro con iluminacion,Despejado,No,NO APLICA,99,99,99,99,1,26/01/2022,4
47,Tennessee,470059,0,0,2,0,65,HAMILTON (65),400,CHATTANOOGA,1,Enero,25,2022,13,4,US-27 SR-27 ROSSVILLE BLVD,2,US Highway,Urbano,Arteria Principal,State Highway Agency,1,Sin jurisdiccion especial,7,35.01563889,-85.29380833,Vehiculo en movimiento,Angulo,Four-Way Intersection,Interseccion de 4 direcciones,Sobre calle,Ninguna,Dia total,Despejado,No,NO APLICA,99,99,99,99,1,25/01/2022,2
47,Tennessee,470060,0,0,4,0,157,SHELBY (157),1620,MEMPHIS,1,Enero,26,2022,16,25,N HOLLYWOOD ST,6,Calle Local Municipalidad,Urbano,Arteria Menor,City or Municipal Highway Agency,0,Sin jurisdiccion especial,49,35.185,-89.97545,Vehiculo en movimiento,Frente a frente,Four-Way Intersection,Interseccion de 4 direcciones,Sobre calle,Ninguna,Dia total,Despejado,No,NO APLICA,99,99,99,99,3,26/01/2022,7
47,Tennessee,470061,1,1,1,0,157,SHELBY (157),1620,MEMPHIS,1,Enero,14,2022,12,42,SR-3 N SECOND ST,3,Highway estatal,Urbano,Local,State Highway Agency,0,Sin jurisdiccion especial,12,35.14883333,-90.04995,Peaton,El primer evento no fue una colision con un vehiculo automotor en transporte,T-Intersection,Interseccion de T,Sobre calle,Ninguna,Dia total,Nublado,No,NO APLICA,99,99,99,99,1,14/01/2022,1
47,Tennessee,470062,0,0,1,0,65,HAMILTON (65),750,EAST RIDGE,1,Enero,24,2022,20,7,KEY WEST AVE,6,Calle Local Municipalidad,Urbano,Local,City or Municipal Highway Agency,0,Sin jurisdiccion especial,1,34.98836111,-85.22525,Buzon de correo,El primer evento no fue una colision con un vehiculo automotor en transporte,Not an Intersection,No fue interseccion,Sobre el lado de la calle,Ninguna,Oscuro con iluminacion,Despejado,No,NO APLICA,99,99,99,99,1,24/01/2022,1
47,Tennessee,470063,0,0,1,0,187,WILLIAMSON (187),0,NO APLICA,1,Enero,26,2022,99,99,I-840,1,Interestatal,Rural,Interestatal,State Highway Agency,1,Sin jurisdiccion especial,128,35.82461111,-87.04803056,Barrera de Trafico de Concreto,El primer evento no fue una colision con un vehiculo automotor en transporte,Not an Intersection,No fue interseccion,En el medio,Ninguna,Reportada como desconocida,Reportado como desconocido,No,NO APLICA,99,99,99,99,3,26/01/2022,3
47,Tennessee,470064,0,0,1,0,149,RUTHERFORD (149),0,NO APLICA,1,Enero,26,2022,15,50,CR-PATTERSON RD,4,Calle del Condado,Rural,Colector Menor,County Highway Agency,0,Sin jurisdiccion especial,11,35.82193889,-86.60608056,Zanja,El primer evento no fue una colision con un vehiculo automotor en transporte,Not an Intersection,No fue interseccion,Sobre el lado de la calle,Ninguna,Dia total,Despejado,No,NO APLICA,99,99,99,99,1,26/01/2022,1
47,Tennessee,470065,0,0,3,0,93,KNOX (93),1300,KNOXVILLE,1,Enero,27,2022,21,43,I-40,1,Interestatal,Urbano,Interestatal,State Highway Agency,1,Sin jurisdiccion especial,293,36.00324167,-83.76956944,Vehiculo en movimiento,Frente a Detrás,Not an Intersection,No fue interseccion,Sobre calle,Ninguna,Oscuro con iluminacion,Despejado,No,NO APLICA,99,99,99,99,1,27/01/2022,3
47,Tennessee,470066,1,1,2,1,157,SHELBY (157),1620,MEMPHIS,1,Enero,28,2022,21,35,I-40,1,Interestatal,Urbano,Interestatal,State Highway Agency,1,Sin jurisdiccion especial,86,35.19036111,-89.95716944,Peaton,El primer evento no fue una colision con un vehiculo automotor en transporte,Not an Intersection,No fue interseccion,Sobre calle,Construccion,Oscuro con iluminacion,Despejado,No,NO APLICA,99,99,99,99,1,28/01/2022,1
47,Tennessee,470067,0,0,3,0,105,LOUDON (105),0,NO APLICA,1,Enero,24,2022,18,32,I-75,1,Interestatal,Rural,Interestatal,State Highway Agency,1,Sin jurisdiccion especial,122,35.80081111,-84.31485,Vehiculo en movimiento,Angulo,Not an Intersection,No fue interseccion,Sobre calle,Ninguna,Oscuro sin iluminacion,Despejado,No,NO APLICA,99,99,99,99,1,24/01/2022,3
47,Tennessee,470068,0,0,1,0,47,FAYETTE (47),0,NO APLICA,1,Enero,30,2022,2,56,CR-LAGRANGE RD,4,Calle del Condado,Rural,Colector Menor,County Highway Agency,0,Sin jurisdiccion especial,73,35.12958889,-89.29631944,Acotamiento,El primer evento no fue una colision con un vehiculo automotor en transporte,Not an Intersection,No fue interseccion,Sobre el lado de la calle,Ninguna,Oscuro sin iluminacion,Despejado,No,NO APLICA,99,99,99,99,1,30/01/2022,1
47,Tennessee,470069,0,0,1,0,65,HAMILTON (65),400,CHATTANOOGA,1,Enero,29,2022,16,42,US-27 SR-29,2,US Highway,Urbano,Arterial Principal -Freeway o ExpressWay,State Highway Agency,1,Sin jurisdiccion especial,120,35.19918889,-85.23418056,Volcadura,El primer evento no fue una colision con un vehiculo automotor en transporte,Not an Intersection,No fue interseccion,En el medio,Ninguna,Dia total,Despejado,No,NO APLICA,99,99,99,99,1,29/01/2022,1
47,Tennessee,470070,0,0,1,0,123,MONROE (123),0,NO APLICA,1,Enero,20,2022,7,17,I-75,1,Interestatal,Rural,Interestatal,State Highway Agency,1,Sin jurisdiccion especial,33,35.62823056,-84.48495,Arbol,El primer evento no fue una colision con un vehiculo automotor en transporte,Not an Intersection,No fue interseccion,En el medio,Ninguna,Dia total,lluvia,No,NO APLICA,99,99,99,99,1,20/01/2022,1
47,Tennessee,470071,0,0,2,0,123,MONROE (123),0,NO APLICA,1,Enero,24,2022,18,0,SR-68,3,Highway estatal,Rural,Arteria Menor,State Highway Agency,0,Sin jurisdiccion especial,60,35.5498,-84.45406944,Vehiculo en movimiento,Angulo,T-Intersection,Interseccion de T,Sobre calle,Ninguna,Dia total,Despejado,No,NO APLICA,99,99,99,99,1,24/01/2022,2
47,Tennessee,470073,1,1,1,0,37,DAVIDSON (37),1760,NASHVILLE,1,Enero,30,2022,5,39,US-31A/41A SR-11 NOLENSVILLE P,2,US Highway,Urbano,Arteria Principal,State Highway Agency,1,Sin jurisdiccion especial,91,36.10653056,-86.74296111,Ciclista,El primer evento no fue una colision con un vehiculo automotor en transporte,Not an Intersection,No fue interseccion,Sobre calle,Ninguna,Oscuro con iluminacion,Despejado,No,NO APLICA,99,99,99,99,1,30/01/2022,1
47,Tennessee,470074,0,0,2,0,49,FENTRESS (49),0,NO APLICA,1,Enero,28,2022,6,15,US-127 SR-28 S YORK HWY,2,US Highway,Rural,Arteria Principal,State Highway Agency,1,Sin jurisdiccion especial,184,36.41306111,-84.92241111,Vehiculo en movimiento,Frente a frente,Not an Intersection,No fue interseccion,Sobre calle,Ninguna,Oscuro sin iluminacion,Despejado,No,NO APLICA,99,99,99,99,1,28/01/2022,2
47,Tennessee,470075,0,0,2,0,157,SHELBY (157),1620,MEMPHIS,1,Enero,31,2022,3,9,US-78 SR-4 LAMAR AVE,2,US Highway,Urbano,Arteria Principal,State Highway Agency,1,Sin jurisdiccion especial,67,35.07248333,-89.94751944,Vehiculo en movimiento,Angulo,Not an Intersection,No fue interseccion,Sobre calle,Ninguna,Oscuro con iluminacion,Despejado,No,NO APLICA,99,99,99,99,1,31/01/2022,2
47,Tennessee,470076,0,0,2,0,157,SHELBY (157),1620,MEMPHIS,1,Enero,31,2022,2,35,I-240,1,Interestatal,Urbano,Interestatal,State Highway Agency,1,Sin jurisdiccion especial,162,35.11165833,-89.86973056,Vehiculo en movimiento,Angulo,Not an Intersection,No fue interseccion,Sobre calle,Ninguna,Oscuro con iluminacion,Despejado,No,NO APLICA,99,99,99,99,1,31/01/2022,2
47,Tennessee,470077,0,0,3,1,157,SHELBY (157),1620,MEMPHIS,1,Enero,20,2022,2,33,SR-175,3,Highway estatal,Urbano,Arteria Principal,State Highway Agency,1,Sin jurisdiccion especial,116,35.02046944,-89.90461944,Vehiculo en movimiento,Angulo,Four-Way Intersection,Interseccion de 4 direcciones,Sobre calle,Ninguna,Oscuro con iluminacion,Despejado,No,NO APLICA,99,99,99,99,2,20/01/2022,2
47,Tennessee,470078,0,0,1,0,37,DAVIDSON (37),1760,NASHVILLE,1,Enero,26,2022,8,11,SR-254 BELL RD,3,Highway estatal,Urbano,Arteria Principal,State Highway Agency,1,Sin jurisdiccion especial,152,36.0484,-86.65433889,Banqueta,El primer evento no fue una colision con un vehiculo automotor en transporte,Not an Intersection,No fue interseccion,Sobre el lado de la calle,Ninguna,Dia total,Despejado,No,NO APLICA,99,99,99,99,1,26/01/2022,3