Estado,Nombre de Estado,Numero de Caso,Peatones,Personas _no_vehiculos,Vehiculos automotores,Vehiculos estacionados,Condado,Nombre Condado,Ciudad,Nombre Ciudad,Mes,Nombre Mes,Dia,Año,Hora,Minuto,Calle,Ruta,Nombre Ruta,Rural o Urbanoo,Sistema Funcional,Dueño Calle,Sistema Nacional Carreteras,Jurisdiccion Especial,Milla,Latitud,Longitud,Causa del Accidente,Tipo de Accidente,Tipo Interseccion,Columna1,Lugar en la calle,Zona de Trabajo,Luz,Clima,Autobus Escolar,Cruce de Trenes,Hora Notificacion,Minuto Notificacion,Hora Llegada,Minuto Llegada,Decesos,Fecha,PersonaVehiculo
47,Tennessee,470079,0,0,1,0,37,DAVIDSON (37),1760,NASHVILLE,1,Enero,30,2022,0,32,US-41/70S SR-1 MURFREESBORO PK,2,US Highway,Urbano,Arteria Principal,State Highway Agency,1,Sin jurisdiccion especial,248,36.10666944,-86.67415,Banqueta,El primer evento no fue una colision con un vehiculo automotor en transporte,Not an Intersection,No fue interseccion,Sobre el lado de la calle,Ninguna,Oscuro con iluminacion,Despejado,No,NO APLICA,99,99,99,99,1,30/01/2022,1
47,Tennessee,470080,0,0,1,0,93,KNOX (93),0,NO APLICA,2,Febrero,2,2022,15,33,CR-SALEM CHURCH RD,4,Calle del Condado,Rural,Local,County Highway Agency,0,Sin jurisdiccion especial,1,36.1357,-83.92771111,Zanja,El primer evento no fue una colision con un vehiculo automotor en transporte,Not an Intersection,No fue interseccion,Sobre el lado de la calle,Ninguna,Dia total,Nublado,No,NO APLICA,99,99,99,99,1,02/02/2022,1
47,Tennessee,470081,0,0,2,0,37,DAVIDSON (37),1760,NASHVILLE,1,Enero,30,2022,21,0,I-440,1,Interestatal,Urbano,Interestatal,State Highway Agency,1,Sin jurisdiccion especial,49,36.11605,-86.77378056,Vehiculo en movimiento,Frente a frente,Not an Intersection,No fue interseccion,Sobre calle,Ninguna,Oscuro con iluminacion,Despejado,No,NO APLICA,99,99,99,99,1,30/01/2022,6
47,Tennessee,470082,0,0,1,0,65,HAMILTON (65),400,CHATTANOOGA,2,Febrero,2,2022,10,32,GADD RD,6,Calle Local Municipalidad,Urbano,Colector Mayor,City or Municipal Highway Agency,0,Sin jurisdiccion especial,7,35.14236389,-85.24214444,Arbol,El primer evento no fue una colision con un vehiculo automotor en transporte,T-Intersection,Interseccion de T,Sobre el lado de la calle,Ninguna,Dia total,Nublado,No,NO APLICA,99,99,99,99,1,02/02/2022,2
47,Tennessee,470083,1,1,1,0,187,WILLIAMSON (187),272,BRENTWOOD,1,Enero,30,2022,22,30,I-65,1,Interestatal,Urbano,Interestatal,State Highway Agency,1,Sin jurisdiccion especial,174,35.9823,-86.802,Peaton,El primer evento no fue una colision con un vehiculo automotor en transporte,Not an Intersection,No fue interseccion,Sobre calle,Ninguna,Oscuro sin iluminacion,Despejado,No,NO APLICA,99,99,99,99,1,30/01/2022,1
47,Tennessee,470084,0,0,1,0,9,BLOUNT (9),0,NO APLICA,2,Febrero,3,2022,99,99,CR-ELLEJOY RD,4,Calle del Condado,Urbano,Colector Mayor,County Highway Agency,0,Sin jurisdiccion especial,17,35.7711,-83.85181111,Arbol,El primer evento no fue una colision con un vehiculo automotor en transporte,Not an Intersection,No fue interseccion,Sobre el lado de la calle,Ninguna,Amanecer,lluvia,No,NO APLICA,99,99,99,99,1,03/02/2022,1
47,Tennessee,470085,0,0,1,0,59,GREENE (59),0,NO APLICA,2,Febrero,2,2022,18,40,CR-IRON BRIDGE RD,4,Calle del Condado,Rural,Local,County Highway Agency,0,Sin jurisdiccion especial,11,36.21338056,-82.97301944,Acotamiento,El primer evento no fue una colision con un vehiculo automotor en transporte,Not an Intersection,No fue interseccion,Sobre el lado de la calle,Ninguna,Oscuro sin iluminacion,lluvia,No,NO APLICA,18,34,19,0,1,02/02/2022,2
47,Tennessee,470086,0,0,1,0,21,CHEATHAM (21),0,NO APLICA,2,Febrero,5,2022,99,99,SR-249 SAMS CREEK RD,3,Highway estatal,Rural,Colector Mayor,State Highway Agency,0,Sin jurisdiccion especial,113,36.20966111,-87.04318056,Culvert,El primer evento no fue una colision con un vehiculo automotor en transporte,Not an Intersection,No fue interseccion,Sobre el lado de la calle,Ninguna,Oscuro sin iluminacion,Nublado,No,NO APLICA,99,99,99,99,1,05/02/2022,1
47,Tennessee,470088,0,0,1,0,65,HAMILTON (65),0,NO APLICA,2,Febrero,5,2022,15,56,SR-319 HIXSON PIKE,3,Highway estatal,Urbano,Arteria Principal,State Highway Agency,1,Sin jurisdiccion especial,129,35.20476111,-85.14186944,Acotamiento,El primer evento no fue una colision con un vehiculo automotor en transporte,Not an Intersection,No fue interseccion,Sobre el lado de la calle,Ninguna,Dia total,Despejado,No,NO APLICA,99,99,99,99,1,05/02/2022,1
47,Tennessee,470089,0,0,1,0,37,DAVIDSON (37),1245,JOELTON,1,Enero,2,2022,9,56,UNION HILL RD,6,Calle Local Municipalidad,Rural,Colector Menor,City or Municipal Highway Agency,0,Sin jurisdiccion especial,35,36.33276111,-86.82421944,Culvert,El primer evento no fue una colision con un vehiculo automotor en transporte,Not an Intersection,No fue interseccion,Sobre el lado de la calle,Ninguna,Dia total,lluvia,No,NO APLICA,99,99,99,99,1,02/01/2022,1
47,Tennessee,470090,0,0,1,0,97,LAUDERDALE (97),0,NO APLICA,1,Enero,30,2022,2,42,SR-19,3,Highway estatal,Urbano,Arteria Menor,State Highway Agency,0,Sin jurisdiccion especial,229,35.71783056,-89.49838889,Zanja,El primer evento no fue una colision con un vehiculo automotor en transporte,Not an Intersection,No fue interseccion,Sobre el lado de la calle,Ninguna,Oscuro - iluminacion desconocida,Despejado,No,NO APLICA,99,99,99,99,1,30/01/2022,4
47,Tennessee,470091,0,0,1,0,37,DAVIDSON (37),1760,NASHVILLE,2,Febrero,5,2022,99,99,I-24,1,Interestatal,Urbano,Interestatal,State Highway Agency,1,Sin jurisdiccion especial,200,36.08883056,-86.70206944,Barda,El primer evento no fue una colision con un vehiculo automotor en transporte,Not an Intersection,No fue interseccion,Sobre el lado de la calle,Ninguna,Dia total,Despejado,No,NO APLICA,99,99,99,99,1,05/02/2022,1
47,Tennessee,470092,0,0,1,0,97,LAUDERDALE (97),0,NO APLICA,2,Febrero,5,2022,5,29,US-51 SR-3 JERE B FORD HWY,2,US Highway,Rural,Arteria Principal,State Highway Agency,1,Sin jurisdiccion especial,196,35.87193056,-89.42821111,Culvert,El primer evento no fue una colision con un vehiculo automotor en transporte,Not an Intersection,No fue interseccion,En el medio,Ninguna,Amanecer,Despejado,No,NO APLICA,99,99,99,99,1,05/02/2022,1
47,Tennessee,470093,1,1,1,0,125,MONTGOMERY (125),410,CLARKSVILLE,2,Febrero,6,2022,19,0,KENNEDY LN,6,Calle Local Municipalidad,Urbano,Local,City or Municipal Highway Agency,0,Sin jurisdiccion especial,1,36.59879444,-87.28630833,Peaton,El primer evento no fue una colision con un vehiculo automotor en transporte,Not an Intersection,No fue interseccion,Sobre calle,Ninguna,Oscuro sin iluminacion,Despejado,No,NO APLICA,99,99,99,99,1,06/02/2022,3
47,Tennessee,470094,0,0,2,0,187,WILLIAMSON (187),272,BRENTWOOD,2,Febrero,2,2022,0,13,I-65,1,Interestatal,Urbano,Interestatal,State Highway Agency,1,Sin jurisdiccion especial,166,35.97131111,-86.80581944,Vehiculo en movimiento,Frente a Detrás,Not an Intersection,No fue interseccion,Sobre calle,Ninguna,Oscuro sin iluminacion,lluvia,No,NO APLICA,99,99,99,99,1,02/02/2022,2
47,Tennessee,470095,1,1,1,0,157,SHELBY (157),1620,MEMPHIS,2,Febrero,8,2022,16,23,SR-14 JACKSON AVE,3,Highway estatal,Urbano,Arteria Principal,State Highway Agency,1,Sin jurisdiccion especial,128,35.15708056,-90.02848056,Peaton,El primer evento no fue una colision con un vehiculo automotor en transporte,Four-Way Intersection,Interseccion de 4 direcciones,Sobre calle,Ninguna,Dia total,Despejado,No,NO APLICA,99,99,99,99,1,08/02/2022,1
47,Tennessee,470096,1,1,4,0,105,LOUDON (105),0,NO APLICA,2,Febrero,3,2022,8,1,I-75,1,Interestatal,Urbano,Interestatal,State Highway Agency,1,Sin jurisdiccion especial,73,35.75276111,-84.37806944,Vehiculo en movimiento,Frente a Detrás,Not an Intersection,No fue interseccion,Sobre calle,Ninguna,Dia total,lluvia,No,NO APLICA,99,99,99,99,1,03/02/2022,4
47,Tennessee,470097,0,0,2,0,1,ANDERSON (1),0,NO APLICA,1,Enero,30,2022,12,46,CR-MOUNTAIN RD,4,Calle del Condado,Rural,Local,County Highway Agency,0,Sin jurisdiccion especial,3,36.18005,-84.0524,Acotamiento,El primer evento no fue una colision con un vehiculo automotor en transporte,Not an Intersection,No fue interseccion,Sobre el lado de la calle,Ninguna,Dia total,Despejado,No,NO APLICA,99,99,99,99,2,30/01/2022,3
47,Tennessee,470098,0,0,1,0,65,HAMILTON (65),0,NO APLICA,2,Febrero,4,2022,14,30,SR-319 HIXSON PK,3,Highway estatal,Urbano,Arteria Principal,State Highway Agency,1,Sin jurisdiccion especial,151,35.21928056,-85.11518889,Arbol,El primer evento no fue una colision con un vehiculo automotor en transporte,Not an Intersection,No fue interseccion,Sobre el lado de la calle,Ninguna,Dia total,Nublado,No,NO APLICA,99,99,99,99,1,04/02/2022,4
47,Tennessee,470099,0,0,1,0,147,ROBERTSON (147),0,NO APLICA,2,Febrero,5,2022,4,1,I-24,1,Interestatal,Rural,Interestatal,State Highway Agency,1,Sin jurisdiccion especial,38,36.43358056,-87.07373056,Arbol,El primer evento no fue una colision con un vehiculo automotor en transporte,Not an Intersection,No fue interseccion,Fuera de la calle,Ninguna,Oscuro sin iluminacion,Despejado,No,NO APLICA,99,99,99,99,1,05/02/2022,1
47,Tennessee,470100,0,0,3,0,157,SHELBY (157),1620,MEMPHIS,2,Febrero,10,2022,1,12,I-240,1,Interestatal,Urbano,Interestatal,State Highway Agency,1,Sin jurisdiccion especial,154,35.10028889,-89.8699,Vehiculo en movimiento,Frente a Detrás,Not an Intersection,No fue interseccion,Sobre calle,Ninguna,Oscuro con iluminacion,Despejado,No,NO APLICA,99,99,99,99,1,10/02/2022,3
47,Tennessee,470101,1,1,1,0,157,SHELBY (157),1620,MEMPHIS,2,Febrero,10,2022,21,49,SR-176 NEW GETWELL RD,3,Highway estatal,Urbano,Arteria Principal,State Highway Agency,1,Sin jurisdiccion especial,54,35.07276111,-89.93182778,Peaton,El primer evento no fue una colision con un vehiculo automotor en transporte,Not an Intersection,No fue interseccion,Sobre calle,Ninguna,Oscuro sin iluminacion,Despejado,No,NO APLICA,99,99,99,99,1,10/02/2022,1
47,Tennessee,470102,0,0,1,0,75,HAYWOOD (75),0,NO APLICA,2,Febrero,3,2022,20,31,US-70A/79 SR-76,2,US Highway,Rural,Arteria Menor,State Highway Agency,0,Sin jurisdiccion especial,172,35.63838889,-89.19456111,Objeto aventado o caido,El primer evento no fue una colision con un vehiculo automotor en transporte,Not an Intersection,No fue interseccion,Sobre calle,Ninguna,Oscuro sin iluminacion,Aguanieve,No,NO APLICA,99,99,99,99,1,03/02/2022,1
47,Tennessee,470103,0,0,2,0,113,MADISON (113),0,NO APLICA,2,Febrero,7,2022,22,57,US-45W SR-5,2,US Highway,Urbano,Arteria Principal,State Highway Agency,1,Sin jurisdiccion especial,238,35.76895,-88.84768056,Vehiculo en movimiento,Frente a Detrás,Not an Intersection,No fue interseccion,Sobre calle,Ninguna,Oscuro sin iluminacion,Despejado,No,NO APLICA,99,99,99,99,1,07/02/2022,2
47,Tennessee,470104,1,1,1,0,157,SHELBY (157),1620,MEMPHIS,2,Febrero,9,2022,15,52,SAM COOPER BLVD,6,Calle Local Municipalidad,Urbano,Arterial Principal -Freeway o ExpressWay,City or Municipal Highway Agency,1,Sin jurisdiccion especial,32,35.14648889,-89.92811111,Ciclista,El primer evento no fue una colision con un vehiculo automotor en transporte,Not an Intersection,No fue interseccion,Sobre calle,Ninguna,Dia total,Despejado,No,NO APLICA,99,99,99,99,1,09/02/2022,2
47,Tennessee,470105,0,0,2,0,93,KNOX (93),1300,KNOXVILLE,2,Febrero,12,2022,0,9,SR-332 S NORTHSHORE DR,3,Highway estatal,Urbano,Arteria Menor,City or Municipal Highway Agency,0,Sin jurisdiccion especial,124,35.91663056,-83.99631389,Valla Ferrocarril,El primer evento no fue una colision con un vehiculo automotor en transporte,T-Intersection,Interseccion de T,Sobre el lado de la calle,Ninguna,Oscuro con iluminacion,Despejado,No,NO APLICA,99,99,99,99,1,12/02/2022,2
47,Tennessee,470106,0,0,1,0,145,ROANE (145),0,NO APLICA,2,Febrero,8,2022,17,52,SR-61 HARRIMAN HWY,3,Highway estatal,Rural,Arteria Principal,State Highway Agency,1,Sin jurisdiccion especial,141,36.00828889,-84.38973056,Arbol,El primer evento no fue una colision con un vehiculo automotor en transporte,Not an Intersection,No fue interseccion,Sobre el lado de la calle,Ninguna,Dia total,Despejado,No,NO APLICA,17,45,19,45,2,08/02/2022,2
47,Tennessee,470107,0,0,2,0,9,BLOUNT (9),30,CALDERWOOD,2,Febrero,16,2022,0,26,CONCORD RD,6,Calle Local Municipalidad,Urbano,Colector Mayor,City or Municipal Highway Agency,0,Sin jurisdiccion especial,16,35.82593056,-83.95986944,Vehiculo en movimiento,Angulo,Four-Way Intersection,Interseccion de 4 direcciones,Sobre calle,Ninguna,Oscuro con iluminacion,Despejado,No,NO APLICA,99,99,99,99,1,16/02/2022,2
47,Tennessee,470108,0,0,1,0,121,MEIGS (121),0,NO APLICA,2,Febrero,14,2022,13,25,CR-OLD 58 HWY,4,Calle del Condado,Rural,Local,County Highway Agency,0,Sin jurisdiccion especial,12,35.31298889,-84.93933889,Volcadura,El primer evento no fue una colision con un vehiculo automotor en transporte,Not an Intersection,No fue interseccion,Sobre el lado de la calle,Ninguna,Dia total,Despejado,No,NO APLICA,99,99,99,99,1,14/02/2022,1
47,Tennessee,470109,0,0,2,0,37,DAVIDSON (37),195,BELLEVUE,2,Febrero,4,2022,7,54,POPLAR CREEK RD,6,Calle Local Municipalidad,Urbano,Local,City or Municipal Highway Agency,0,Sin jurisdiccion especial,9,36.05486111,-86.98226111,Vehiculo en movimiento,Angulo,Not an Intersection,No fue interseccion,Sobre calle,Ninguna,Dia total,Nublado,No,NO APLICA,99,99,99,99,1,04/02/2022,2
47,Tennessee,470110,0,0,2,0,59,GREENE (59),0,NO APLICA,2,Febrero,11,2022,12,5,CR-GAP CREEK RD,4,Calle del Condado,Rural,Colector Menor,County Highway Agency,0,Sin jurisdiccion especial,54,36.23113889,-83.0213,Vehiculo en movimiento,Frente a frente,Not an Intersection,No fue interseccion,Sobre calle,Ninguna,Dia total,Despejado,No,NO APLICA,12,0,12,13,1,11/02/2022,2
47,Tennessee,470111,0,0,3,0,113,MADISON (113),1200,JACKSON,2,Febrero,17,2022,18,28,US-70 SR-1,2,US Highway,Urbano,Arteria Principal,State Highway Agency,1,Sin jurisdiccion especial,183,35.6332,-88.78668889,Vehiculo en movimiento,Angulo,Four-Way Intersection,Interseccion de 4 direcciones,Sobre calle,Ninguna,Oscuro con iluminacion,lluvia,No,NO APLICA,99,99,99,99,1,17/02/2022,5
47,Tennessee,470112,1,1,1,0,93,KNOX (93),0,NO APLICA,2,Febrero,16,2022,20,8,CR-STRAWBERRY PLAINS PK,4,Calle del Condado,Urbano,Colector Mayor,County Highway Agency,0,Sin jurisdiccion especial,114,36.02358889,-83.73523889,Peaton,El primer evento no fue una colision con un vehiculo automotor en transporte,Not an Intersection,No fue interseccion,Sobre calle,Ninguna,Oscuro sin iluminacion,Despejado,No,NO APLICA,99,99,99,99,1,16/02/2022,1
47,Tennessee,470113,0,0,2,0,75,HAYWOOD (75),0,NO APLICA,1,Enero,6,2022,17,45,SR-179 STANTON KOKO RD,3,Highway estatal,Rural,Colector Mayor,State Highway Agency,0,Sin jurisdiccion especial,54,35.4562,-89.38856944,Vehiculo en movimiento,Frente a frente,Not an Intersection,No fue interseccion,Sobre calle,Ninguna,Oscuro sin iluminacion,Nublado,No,NO APLICA,99,99,99,99,1,06/01/2022,3
47,Tennessee,470114,0,0,1,0,103,LINCOLN (103),0,NO APLICA,2,Febrero,17,2022,13,47,CR-MOUNTAIN RD,4,Calle del Condado,Rural,Local,County Highway Agency,0,Sin jurisdiccion especial,8,35.00463056,-86.3428,Zanja,El primer evento no fue una colision con un vehiculo automotor en transporte,Not an Intersection,No fue interseccion,Sobre el lado de la calle,Ninguna,Dia total,Nublado,No,NO APLICA,99,99,99,99,1,17/02/2022,1
47,Tennessee,470115,0,0,1,0,79,HENRY (79),0,NO APLICA,2,Febrero,10,2022,18,2,US-641 SR-69,2,US Highway,Rural,Arteria Principal,State Highway Agency,1,Sin jurisdiccion especial,58,36.23761111,-88.23221111,Fin de valla,El primer evento no fue una colision con un vehiculo automotor en transporte,Not an Intersection,No fue interseccion,Sobre el lado de la calle,Ninguna,Oscuro sin iluminacion,Despejado,No,NO APLICA,99,99,99,99,1,10/02/2022,1
47,Tennessee,470116,0,0,1,0,75,HAYWOOD (75),0,NO APLICA,2,Febrero,20,2022,99,99,CR-HILLVILLE RD,4,Calle del Condado,Rural,Colector Menor,County Highway Agency,0,Sin jurisdiccion especial,33,35.45223056,-89.19958889,Otro objeto (fijo),El primer evento no fue una colision con un vehiculo automotor en transporte,Not an Intersection,No fue interseccion,Sobre el lado de la calle,Ninguna,Dia total,Despejado,No,NO APLICA,99,99,99,99,1,20/02/2022,1
47,Tennessee,470117,0,0,2,0,45,DYER (45),0,NO APLICA,2,Febrero,15,2022,15,50,SR-104,3,Highway estatal,Rural,Arteria Principal,State Highway Agency,1,Sin jurisdiccion especial,276,36.0325,-89.19671111,Vehiculo en movimiento,Frente a frente,Not an Intersection,No fue interseccion,Sobre calle,Ninguna,Dia total,Despejado,No,NO APLICA,99,99,99,99,1,15/02/2022,3
47,Tennessee,470118,0,0,1,0,53,GIBSON (53),1170,HUMBOLDT,2,Febrero,17,2022,17,47,SR-152 MCLIN ST EXT,3,Highway estatal,Urbano,Arteria Menor,State Highway Agency,0,Sin jurisdiccion especial,13,35.83083056,-88.94595,Zanja,El primer evento no fue una colision con un vehiculo automotor en transporte,Not an Intersection,No fue interseccion,Sobre el lado de la calle,Ninguna,Oscuro sin iluminacion,lluvia,No,NO APLICA,99,99,99,99,1,17/02/2022,1
47,Tennessee,470119,0,0,1,0,9,BLOUNT (9),0,NO APLICA,2,Febrero,19,2022,11,26,CR-GREY RIDGE RD,4,Calle del Condado,Urbano,Local,County Highway Agency,0,Sin jurisdiccion especial,32,35.7874,-84.0661,Arbol,El primer evento no fue una colision con un vehiculo automotor en transporte,Not an Intersection,No fue interseccion,Fuera de la calle,Ninguna,Dia total,Despejado,No,NO APLICA,99,99,99,99,1,19/02/2022,2
47,Tennessee,470120,0,0,2,0,9,BLOUNT (9),30,CALDERWOOD,2,Febrero,20,2022,23,52,US-129 SR-115 AIRPORT HWY,2,US Highway,Urbano,Arteria Principal,State Highway Agency,1,Sin jurisdiccion especial,201,35.86978889,-83.95941111,Vehiculo en movimiento,Golpe Lateral - misma direccion,Not an Intersection,No fue interseccion,Sobre calle,Ninguna,Oscuro con iluminacion,Despejado,No,NO APLICA,99,99,99,99,1,20/02/2022,2
47,Tennessee,470121,0,0,3,0,113,MADISON (113),1200,JACKSON,2,Febrero,18,2022,6,10,US-45 SR-5 S HIGHLAND AVE,2,US Highway,Urbano,Arteria Principal,State Highway Agency,1,Sin jurisdiccion especial,75,35.54691111,-88.80335,Vehiculo en movimiento,Frente a frente,Not an Intersection,No fue interseccion,Sobre calle,Ninguna,Amanecer,Nublado,No,NO APLICA,99,99,99,99,1,18/02/2022,3
47,Tennessee,470122,0,0,1,0,117,MARSHALL (117),0,NO APLICA,2,Febrero,18,2022,17,5,SR-270,3,Highway estatal,Rural,Colector Mayor,State Highway Agency,0,Sin jurisdiccion especial,18,35.60471944,-86.66716944,Poste de Señal de trafico,El primer evento no fue una colision con un vehiculo automotor en transporte,Not an Intersection,No fue interseccion,Sobre el lado de la calle,Ninguna,Dia total,Despejado,No,NO APLICA,99,99,99,99,1,18/02/2022,1
47,Tennessee,470123,0,0,2,0,93,KNOX (93),1300,KNOXVILLE,2,Febrero,18,2022,13,53,I-40,1,Interestatal,Urbano,Interestatal,State Highway Agency,1,Sin jurisdiccion especial,274,36.00586389,-83.80101944,Vehiculo en movimiento,Angulo,Not an Intersection,No fue interseccion,Sobre calle,Ninguna,Dia total,Nublado,No,NO APLICA,99,99,99,99,1,18/02/2022,4
47,Tennessee,470124,0,0,1,0,65,HAMILTON (65),0,NO APLICA,2,Febrero,5,2022,15,24,CR-OOLTEWAH-HARRISON RD,4,Calle del Condado,Urbano,Local,County Highway Agency,0,Sin jurisdiccion especial,6,35.08968056,-85.08838056,Volcadura,El primer evento no fue una colision con un vehiculo automotor en transporte,Not an Intersection,No fue interseccion,Sobre el lado de la calle,Ninguna,Dia total,Despejado,No,NO APLICA,99,99,99,99,1,05/02/2022,1
47,Tennessee,470125,0,0,1,0,109,MCNAIRY (109),1627,MICHIE,2,Febrero,20,2022,21,15,CR-HAMBURG RD,4,Calle del Condado,Rural,Colector Menor,County Highway Agency,0,Sin jurisdiccion especial,44,35.04363889,-88.40168889,Volcadura,El primer evento no fue una colision con un vehiculo automotor en transporte,Not an Intersection,No fue interseccion,Sobre calle,Ninguna,Oscuro sin iluminacion,Despejado,No,NO APLICA,99,99,99,99,1,20/02/2022,1
47,Tennessee,470126,0,0,1,0,37,DAVIDSON (37),1760,NASHVILLE,2,Febrero,19,2022,8,30,SR-100,3,Highway estatal,Urbano,Arteria Principal,State Highway Agency,1,Sin jurisdiccion especial,67,36.04853889,-86.93996944,Buzon de correo,El primer evento no fue una colision con un vehiculo automotor en transporte,Not an Intersection,No fue interseccion,Sobre el lado de la calle,Ninguna,Dia total,Despejado,No,NO APLICA,99,99,99,99,1,19/02/2022,1
47,Tennessee,470127,0,0,1,0,157,SHELBY (157),1620,MEMPHIS,2,Febrero,21,2022,4,31,SR-175 SHELBY DR,3,Highway estatal,Urbano,Arteria Principal,State Highway Agency,1,Sin jurisdiccion especial,90,35.02071667,-89.94934444,Poste,El primer evento no fue una colision con un vehiculo automotor en transporte,Not an Intersection,No fue interseccion,Sobre el lado de la calle,Ninguna,Oscuro con iluminacion,Despejado,No,NO APLICA,99,99,99,99,2,21/02/2022,6
47,Tennessee,470128,0,0,1,0,65,HAMILTON (65),400,CHATTANOOGA,2,Febrero,12,2022,12,54,N MOORE RD,6,Calle Local Municipalidad,Urbano,Arteria Menor,City or Municipal Highway Agency,0,Sin jurisdiccion especial,20,35.02391667,-85.22193611,Banqueta,El primer evento no fue una colision con un vehiculo automotor en transporte,Not an Intersection,No fue interseccion,Sobre el lado de la calle,Ninguna,Dia total,Despejado,No,NO APLICA,99,99,99,99,1,12/02/2022,1
47,Tennessee,470129,0,0,4,0,157,SHELBY (157),1620,MEMPHIS,2,Febrero,8,2022,16,27,TILLMAN ST,6,Calle Local Municipalidad,Urbano,Arteria Menor,City or Municipal Highway Agency,0,Sin jurisdiccion especial,1,35.13565278,-89.96236944,Vehiculo en movimiento,Angulo,Four-Way Intersection,Interseccion de 4 direcciones,Sobre calle,Ninguna,Dia total,Despejado,No,NO APLICA,99,99,99,99,1,08/02/2022,5
47,Tennessee,470130,0,0,1,0,81,HICKMAN (81),0,NO APLICA,2,Febrero,13,2022,0,10,CR-TOTTYS BEND RD,4,Calle del Condado,Rural,Colector Menor,County Highway Agency,0,Sin jurisdiccion especial,15,35.76101944,-87.38735,Arbol,El primer evento no fue una colision con un vehiculo automotor en transporte,Not an Intersection,No fue interseccion,Sobre el lado de la calle,Ninguna,Oscuro sin iluminacion,Despejado,No,NO APLICA,99,99,99,99,1,13/02/2022,1
47,Tennessee,470131,1,1,3,0,37,DAVIDSON (37),1760,NASHVILLE,2,Febrero,17,2022,19,39,US-31W SR-11 DICKERSON PK,2,US Highway,Urbano,Arteria Principal,State Highway Agency,1,Sin jurisdiccion especial,150,36.20681944,-86.76826111,Peaton,El primer evento no fue una colision con un vehiculo automotor en transporte,T-Intersection,Interseccion de T,Sobre calle,Ninguna,Oscuro con iluminacion,Despejado,No,NO APLICA,99,99,99,99,1,17/02/2022,4
47,Tennessee,470132,0,0,1,0,131,OBION (131),0,NO APLICA,2,Febrero,19,2022,5,40,US-45W SR-5 POPLAR ST,2,US Highway,Rural,Arteria Menor,State Highway Agency,0,Sin jurisdiccion especial,13,36.22016944,-89.02296111,Culvert,El primer evento no fue una colision con un vehiculo automotor en transporte,Not an Intersection,No fue interseccion,Sobre el lado de la calle,Ninguna,Oscuro sin iluminacion,Despejado,No,NO APLICA,99,99,99,99,1,19/02/2022,1
47,Tennessee,470133,1,1,1,0,157,SHELBY (157),1620,MEMPHIS,2,Febrero,10,2022,20,30,POPLAR AVE,6,Calle Local Municipalidad,Urbano,Arteria Menor,City or Municipal Highway Agency,0,Sin jurisdiccion especial,34,35.14826111,-90.04356389,Peaton,El primer evento no fue una colision con un vehiculo automotor en transporte,Four-Way Intersection,Interseccion de 4 direcciones,Sobre calle,Ninguna,Oscuro con iluminacion,Despejado,No,NO APLICA,99,99,99,99,1,10/02/2022,1
47,Tennessee,470134,0,0,2,0,157,SHELBY (157),1620,MEMPHIS,2,Febrero,24,2022,18,47,NEW HORN LAKE RD,6,Calle Local Municipalidad,Urbano,Arteria Menor,City or Municipal Highway Agency,0,Sin jurisdiccion especial,56,35.07002222,-90.06433889,Vehiculo en movimiento,Angulo,Not an Intersection,No fue interseccion,Sobre calle,Ninguna,Oscuro con iluminacion,lluvia,No,NO APLICA,99,99,99,99,1,24/02/2022,3
47,Tennessee,470135,1,1,1,0,157,SHELBY (157),1620,MEMPHIS,2,Febrero,24,2022,21,45,HICKORY HILL DR,6,Calle Local Municipalidad,Urbano,Arteria Menor,City or Municipal Highway Agency,0,Sin jurisdiccion especial,19,35.03298889,-89.86645556,Peaton,El primer evento no fue una colision con un vehiculo automotor en transporte,Not an Intersection,No fue interseccion,Sobre calle,Ninguna,Oscuro con iluminacion,lluvia,No,NO APLICA,99,99,99,99,1,24/02/2022,1
47,Tennessee,470136,0,0,1,0,65,HAMILTON (65),400,CHATTANOOGA,2,Febrero,25,2022,23,36,E 38TH ST,6,Calle Local Municipalidad,Urbano,Arteria Menor,City or Municipal Highway Agency,0,Sin jurisdiccion especial,7,35.00055,-85.29531944,Acotamiento,El primer evento no fue una colision con un vehiculo automotor en transporte,Not an Intersection,No fue interseccion,Sobre el lado de la calle,Ninguna,Oscuro con iluminacion,Despejado,No,NO APLICA,99,99,99,99,1,25/02/2022,3
47,Tennessee,470137,1,1,1,0,35,CUMBERLAND (35),540,CROSSVILLE,2,Febrero,25,2022,20,50,US-70 SR-1 WEST AVE,2,US Highway,Urbano,Arteria Menor,State Highway Agency,1,Sin jurisdiccion especial,147,35.94533056,-85.02615,Peaton,El primer evento no fue una colision con un vehiculo automotor en transporte,Not an Intersection,No fue interseccion,Sobre calle,Ninguna,Oscuro sin iluminacion,Despejado,No,NO APLICA,99,99,99,99,1,25/02/2022,1
47,Tennessee,470138,0,0,1,0,117,MARSHALL (117),0,NO APLICA,2,Febrero,27,2022,13,26,CR-S BERLIN RD,4,Calle del Condado,Rural,Local,County Highway Agency,0,Sin jurisdiccion especial,12,35.50066111,-86.83245,Arbol,El primer evento no fue una colision con un vehiculo automotor en transporte,Not an Intersection,No fue interseccion,Sobre el lado de la calle,Ninguna,Dia total,Despejado,No,NO APLICA,99,99,99,99,1,27/02/2022,1
47,Tennessee,470139,0,0,1,0,163,SULLIVAN (163),1280,KINGSPORT,2,Febrero,26,2022,3,37,I-26 JAMES H QUILLEN PKWY,1,Interestatal,Urbano,Interestatal,State Highway Agency,1,Sin jurisdiccion especial,57,36.48357778,-82.54486944,Volcadura,El primer evento no fue una colision con un vehiculo automotor en transporte,Not an Intersection,No fue interseccion,Gore?,Ninguna,Oscuro sin iluminacion,Despejado,No,NO APLICA,99,99,99,99,1,26/02/2022,2