Estado,Nombre de Estado,Numero de Caso,Peatones,Personas _no_vehiculos,Vehiculos automotores,Vehiculos estacionados,Condado,Nombre Condado,Ciudad,Nombre Ciudad,Mes,Nombre Mes,Dia,Año,Hora,Minuto,Calle,Ruta,Nombre Ruta,Rural o Urbanoo,Sistema Funcional,Dueño Calle,Sistema Nacional Carreteras,Jurisdiccion Especial,Milla,Latitud,Longitud,Causa del Accidente,Tipo de Accidente,Tipo Interseccion,Columna1,Lugar en la calle,Zona de Trabajo,Luz,Clima,Autobus Escolar,Cruce de Trenes,Hora Notificacion,Minuto Notificacion,Hora Llegada,Minuto Llegada,Decesos,Fecha,PersonaVehiculo
47,Tennessee,470140,1,1,1,0,157,SHELBY (157),1620,MEMPHIS,2,Febrero,25,2022,22,19,US-64 SR-15,2,US Highway,Urbano,Arteria Principal,State Highway Agency,1,Sin jurisdiccion especial,109,35.20543611,-89.73340556,Peaton,El primer evento no fue una colision con un vehiculo automotor en transporte,Four-Way Intersection,Interseccion de 4 direcciones,Sobre calle,Ninguna,Oscuro con iluminacion,Despejado,No,NO APLICA,99,99,99,99,1,25/02/2022,1
47,Tennessee,470141,0,0,1,0,107,MCMINN (107),0,NO APLICA,2,Febrero,20,2022,3,45,I-75,1,Interestatal,Rural,Interestatal,State Highway Agency,1,Sin jurisdiccion especial,25,35.33003889,-84.75966111,Volcadura,El primer evento no fue una colision con un vehiculo automotor en transporte,Not an Intersection,No fue interseccion,Sobre calle,Ninguna,Oscuro sin iluminacion,Despejado,No,NO APLICA,99,99,99,99,1,20/02/2022,1
47,Tennessee,470142,0,0,4,0,123,MONROE (123),0,NO APLICA,2,Febrero,24,2022,6,30,SR-68,3,Highway estatal,Urbano,Arteria Menor,State Highway Agency,0,Sin jurisdiccion especial,46,35.568,-84.46301111,Vehiculo en movimiento,Angulo,Not an Intersection,No fue interseccion,Sobre calle,Ninguna,Oscuro sin iluminacion,lluvia,No,NO APLICA,99,99,99,99,1,24/02/2022,4
47,Tennessee,470143,0,0,2,0,133,OVERTON (133),0,NO APLICA,2,Febrero,22,2022,8,45,SR-84 MONTEREY HWY,3,Highway estatal,Rural,Arteria Menor,State Highway Agency,0,Sin jurisdiccion especial,65,36.27546111,-85.30236944,Vehiculo en movimiento,Angulo,Not an Intersection,No fue interseccion,Sobre calle,Ninguna,Dia total,Nublado,No,NO APLICA,99,99,99,99,1,22/02/2022,2
47,Tennessee,470144,0,0,2,0,125,MONTGOMERY (125),0,NO APLICA,2,Febrero,24,2022,15,59,CR-OLD HWY 48,4,Calle del Condado,Rural,Colector Menor,County Highway Agency,0,Sin jurisdiccion especial,7,36.43653889,-87.35725,Vehiculo en movimiento,Angulo,Not an Intersection,No fue interseccion,Sobre calle,Ninguna,Dia total,lluvia,No,NO APLICA,99,99,99,99,2,24/02/2022,3
47,Tennessee,470145,0,0,1,0,93,KNOX (93),1300,KNOXVILLE,2,Febrero,27,2022,3,50,CANTRAL AVE PK,6,Calle Local Municipalidad,Urbano,Arteria Menor,City or Municipal Highway Agency,0,Sin jurisdiccion especial,32,36.0027,-83.95969722,Culvert,El primer evento no fue una colision con un vehiculo automotor en transporte,Not an Intersection,No fue interseccion,Sobre el lado de la calle,Ninguna,Oscuro sin iluminacion,lluvia,No,NO APLICA,99,99,99,99,1,27/02/2022,1
47,Tennessee,470146,0,0,1,0,55,GILES (55),0,NO APLICA,2,Febrero,27,2022,23,0,SR-166 BETHEL RD,3,Highway estatal,Rural,Colector Mayor,State Highway Agency,0,Sin jurisdiccion especial,76,35.09776111,-87.03261111,Culvert,El primer evento no fue una colision con un vehiculo automotor en transporte,Not an Intersection,No fue interseccion,Sobre el lado de la calle,Ninguna,Oscuro sin iluminacion,Despejado,No,NO APLICA,99,99,99,99,1,27/02/2022,1
47,Tennessee,470147,0,0,2,0,157,SHELBY (157),1620,MEMPHIS,2,Febrero,26,2022,12,49,RANGE LINE RD,6,Calle Local Municipalidad,Urbano,Arteria Menor,City or Municipal Highway Agency,0,Sin jurisdiccion especial,64,35.21071667,-89.97557222,Vehiculo en movimiento,Angulo,T-Intersection,Interseccion de T,Sobre calle,Ninguna,Dia total,Despejado,No,NO APLICA,99,99,99,99,1,26/02/2022,6
47,Tennessee,470148,0,0,2,1,73,HAWKINS (73),1726,MOUNT CARMEL,2,Febrero,17,2022,11,50,US-11W SR-1 LEE HWY,2,US Highway,Urbano,Arteria Principal,State Highway Agency,1,Sin jurisdiccion especial,390,36.54473056,-82.65528056,Vehiculo Aparcado,El primer evento no fue una colision con un vehiculo automotor en transporte,Not an Intersection,No fue interseccion,Sobre Acotamiento,Ninguna,Dia total,Despejado,No,NO APLICA,99,99,99,99,1,17/02/2022,1
47,Tennessee,470149,0,0,1,0,157,SHELBY (157),1620,MEMPHIS,3,Marzo,2,2022,17,46,WINCHESTER RD,6,Calle Local Municipalidad,Urbano,Arteria Principal,City or Municipal Highway Agency,1,Sin jurisdiccion especial,55,35.05259722,-89.96398889,Soporte de Puente,El primer evento no fue una colision con un vehiculo automotor en transporte,Not an Intersection,No fue interseccion,Sobre el lado de la calle,Ninguna,Dia total,Despejado,No,NO APLICA,99,99,99,99,1,02/03/2022,1
47,Tennessee,470150,1,1,1,0,9,BLOUNT (9),1570,MARYVILLE,3,Marzo,3,2022,21,24,US-321 SR-73 W LAMAR ALEXANDER,2,US Highway,Urbano,Arteria Principal,State Highway Agency,1,Sin jurisdiccion especial,81,35.75625,-84.03588889,Peaton,El primer evento no fue una colision con un vehiculo automotor en transporte,Not an Intersection,No fue interseccion,Sobre calle,Ninguna,Oscuro sin iluminacion,Despejado,No,NO APLICA,99,99,99,99,1,03/03/2022,1
47,Tennessee,470151,0,0,1,0,167,TIPTON (167),0,NO APLICA,1,Enero,19,2022,13,36,CR-MARSHALL RD,4,Calle del Condado,Rural,Local,County Highway Agency,0,Sin jurisdiccion especial,12,35.46753889,-89.77105,Acotamiento,El primer evento no fue una colision con un vehiculo automotor en transporte,Not an Intersection,No fue interseccion,Sobre el lado de la calle,Ninguna,Dia total,lluvia,No,NO APLICA,99,99,99,99,1,19/01/2022,2
47,Tennessee,470152,0,0,1,0,107,MCMINN (107),0,NO APLICA,2,Febrero,9,2022,14,0,SR-30,3,Highway estatal,Rural,Arteria Principal,State Highway Agency,0,Sin jurisdiccion especial,141,35.39901944,-84.57268889,Poste de Señal de trafico,El primer evento no fue una colision con un vehiculo automotor en transporte,Not an Intersection,No fue interseccion,Sobre el lado de la calle,Ninguna,Dia total,Despejado,No,NO APLICA,99,99,99,99,1,09/02/2022,1
47,Tennessee,470153,0,0,2,0,93,KNOX (93),0,NO APLICA,3,Marzo,2,2022,17,52,CR-BABELAY RD,4,Calle del Condado,Urbano,Local,County Highway Agency,0,Sin jurisdiccion especial,7,36.04856944,-83.86533889,Vehiculo en movimiento,Frente a frente,Not an Intersection,No fue interseccion,Sobre calle,Ninguna,Dia total,Despejado,No,NO APLICA,99,99,99,99,1,02/03/2022,4
47,Tennessee,470154,0,0,2,0,125,MONTGOMERY (125),410,CLARKSVILLE,3,Marzo,2,2022,20,30,US-41A SR-12 FT CAMPBELL BLVD,2,US Highway,Urbano,Arteria Principal,State Highway Agency,1,Sin jurisdiccion especial,184,36.5678,-87.4038,Vehiculo en movimiento,Angulo,Not an Intersection,No fue interseccion,Sobre calle,Ninguna,Oscuro con iluminacion,Despejado,No,NO APLICA,99,99,99,99,1,02/03/2022,2
47,Tennessee,470155,0,0,1,0,157,SHELBY (157),1620,MEMPHIS,3,Marzo,4,2022,0,35,US-51 SR-4 THOMAS ST,2,US Highway,Urbano,Arteria Principal,State Highway Agency,1,Sin jurisdiccion especial,146,35.16048611,-90.0361,Arbol,El primer evento no fue una colision con un vehiculo automotor en transporte,Not an Intersection,No fue interseccion,Sobre el lado de la calle,Ninguna,Oscuro con iluminacion,Despejado,No,NO APLICA,99,99,99,99,1,04/03/2022,3
47,Tennessee,470156,0,0,2,0,63,HAMBLEN (63),1700,MORRISTOWN,3,Marzo,4,2022,23,55,US-25 SR-32 S DAVY CROCKETT PK,2,US Highway,Urbano,Arteria Principal,State Highway Agency,1,Sin jurisdiccion especial,55,36.20748056,-83.2652,Vehiculo en movimiento,Frente a frente,Not an Intersection,No fue interseccion,Sobre calle,Ninguna,Oscuro sin iluminacion,Despejado,No,NO APLICA,99,99,99,99,1,04/03/2022,2
47,Tennessee,470157,0,0,1,0,187,WILLIAMSON (187),0,NO APLICA,2,Febrero,26,2022,22,45,CR-OLD NATCHEZ TRACE,4,Calle del Condado,Rural,Colector Mayor,County Highway Agency,0,Sin jurisdiccion especial,8,35.98451111,-86.9305,Arbol,El primer evento no fue una colision con un vehiculo automotor en transporte,Not an Intersection,No fue interseccion,Sobre el lado de la calle,Ninguna,Oscuro sin iluminacion,Despejado,No,NO APLICA,99,99,99,99,1,26/02/2022,2
47,Tennessee,470158,0,0,1,0,75,HAYWOOD (75),0,NO APLICA,2,Febrero,27,2022,19,45,SR-19,3,Highway estatal,Rural,Arteria Menor,State Highway Agency,0,Sin jurisdiccion especial,67,35.64815,-89.35203056,Zanja,El primer evento no fue una colision con un vehiculo automotor en transporte,Not an Intersection,No fue interseccion,Sobre el lado de la calle,Ninguna,Oscuro sin iluminacion,Despejado,No,NO APLICA,99,99,99,99,1,27/02/2022,1
47,Tennessee,470159,0,0,1,0,93,KNOX (93),1300,KNOXVILLE,1,Enero,27,2022,19,39,I-640 RAMP,1,Interestatal,Urbano,Interestatal,State Highway Agency,1,Sin jurisdiccion especial,238,35.95896944,-83.97149167,Acotamiento,El primer evento no fue una colision con un vehiculo automotor en transporte,Not an Intersection,No fue interseccion,Sobre el lado de la calle,Ninguna,Oscuro con iluminacion,Despejado,No,NO APLICA,99,99,99,99,1,27/01/2022,1
47,Tennessee,470160,0,0,2,0,73,HAWKINS (73),0,NO APLICA,3,Marzo,5,2022,10,25,SR-113,3,Highway estatal,Rural,Colector Mayor,State Highway Agency,0,Sin jurisdiccion especial,72,36.34216944,-83.03123889,Vehiculo en movimiento,Frente a frente,Not an Intersection,No fue interseccion,Sobre calle,Ninguna,Dia total,Despejado,No,NO APLICA,10,22,12,0,1,05/03/2022,3
47,Tennessee,470161,0,0,2,0,157,SHELBY (157),1620,MEMPHIS,3,Marzo,3,2022,19,43,N HOLLYWOOD ST,6,Calle Local Municipalidad,Urbano,Arteria Menor,City or Municipal Highway Agency,0,Sin jurisdiccion especial,58,35.19918333,-89.97581944,Vehiculo en movimiento,Angulo,Four-Way Intersection,Interseccion de 4 direcciones,Sobre calle,Ninguna,Oscuro con iluminacion,Despejado,No,NO APLICA,99,99,99,99,1,03/03/2022,4
47,Tennessee,470162,2,2,3,2,157,SHELBY (157),1620,MEMPHIS,3,Marzo,5,2022,4,32,I-240 RAMP,1,Interestatal,Urbano,Interestatal,State Highway Agency,1,Sin jurisdiccion especial,143,35.15299167,-89.88146944,Vehiculo Aparcado,El primer evento no fue una colision con un vehiculo automotor en transporte,Not an Intersection,No fue interseccion,Sobre calle,Ninguna,Oscuro con iluminacion,Despejado,No,NO APLICA,99,99,99,99,1,05/03/2022,1
47,Tennessee,470163,0,0,1,0,141,PUTNAM (141),0,NO APLICA,3,Marzo,6,2022,14,15,SR-62 CLARKRANGE HWY,3,Highway estatal,Rural,Arteria Menor,State Highway Agency,0,Sin jurisdiccion especial,46,36.1223,-85.19781111,Culvert,El primer evento no fue una colision con un vehiculo automotor en transporte,Not an Intersection,No fue interseccion,Sobre el lado de la calle,Ninguna,Dia total,Despejado,No,NO APLICA,99,99,99,99,1,06/03/2022,1
47,Tennessee,470164,0,0,1,0,149,RUTHERFORD (149),1750,MURFREESBORO,3,Marzo,6,2022,6,33,SR-268 COMPTON RD,3,Highway estatal,Urbano,Arteria Menor,State Highway Agency,0,Sin jurisdiccion especial,50,35.90938056,-86.37203889,Culvert,El primer evento no fue una colision con un vehiculo automotor en transporte,Not an Intersection,No fue interseccion,Sobre el lado de la calle,Ninguna,Dia total,Despejado,No,NO APLICA,99,99,99,99,1,06/03/2022,1
47,Tennessee,470165,1,1,1,0,35,CUMBERLAND (35),540,CROSSVILLE,3,Marzo,8,2022,99,99,SR-419 PIGEON RIDGE RD,3,Highway estatal,Rural,Colector Mayor,State Highway Agency,0,Sin jurisdiccion especial,3,35.90029444,-84.99729167,Peaton,El primer evento no fue una colision con un vehiculo automotor en transporte,Not an Intersection,No fue interseccion,Sobre calle,Ninguna,Dia total,Nublado,No,NO APLICA,99,99,99,99,1,08/03/2022,1
47,Tennessee,470166,0,0,1,0,37,DAVIDSON (37),1245,JOELTON,3,Marzo,4,2022,5,42,OLD CLARKSVILLE PK,6,Calle Local Municipalidad,Rural,Colector Menor,City or Municipal Highway Agency,0,Sin jurisdiccion especial,7,36.32293889,-86.91081944,Barda,El primer evento no fue una colision con un vehiculo automotor en transporte,Not an Intersection,No fue interseccion,Sobre el lado de la calle,Ninguna,Oscuro sin iluminacion,Despejado,No,NO APLICA,99,99,99,99,1,04/03/2022,1
47,Tennessee,470167,0,0,4,0,37,DAVIDSON (37),1760,NASHVILLE,3,Marzo,4,2022,10,24,SR-155 BRILEY PKWY N,3,Highway estatal,Urbano,Arterial Principal -Freeway o ExpressWay,State Highway Agency,1,Sin jurisdiccion especial,116,36.21168056,-86.69121111,Vehiculo en movimiento,Frente a Detrás,Not an Intersection,No fue interseccion,Sobre calle,"Zona de trabajo, tipo desconocido",Dia total,Despejado,No,NO APLICA,99,99,99,99,1,04/03/2022,5
47,Tennessee,470168,0,0,1,0,65,HAMILTON (65),0,NO APLICA,3,Marzo,5,2022,22,10,CR-MONTLAKE RD,4,Calle del Condado,Rural,Colector Menor,County Highway Agency,0,Sin jurisdiccion especial,95,35.25923056,-85.21255,Acotamiento,El primer evento no fue una colision con un vehiculo automotor en transporte,Not an Intersection,No fue interseccion,Sobre el lado de la calle,Ninguna,Oscuro sin iluminacion,Despejado,No,NO APLICA,99,99,99,99,1,05/03/2022,1
47,Tennessee,470169,0,0,2,0,183,WEAKLEY (183),670,DRESDEN,3,Marzo,4,2022,16,33,SR-54,3,Highway estatal,Rural,Colector Mayor,State Highway Agency,0,Sin jurisdiccion especial,95,36.2621,-88.71213889,Vehiculo en movimiento,Frente a Detrás,Not an Intersection,No fue interseccion,Sobre calle,Ninguna,Dia total,Despejado,No,NO APLICA,99,99,99,99,1,04/03/2022,2
47,Tennessee,470170,0,0,2,0,37,DAVIDSON (37),1760,NASHVILLE,3,Marzo,9,2022,18,37,SR-12 ASHLAND CITY HWY,3,Highway estatal,Rural,Arteria Menor,State Highway Agency,0,Sin jurisdiccion especial,93,36.21148056,-86.92103056,Vehiculo en movimiento,Angulo,Four-Way Intersection,Interseccion de 4 direcciones,Sobre calle,Ninguna,Oscuro con iluminacion,Despejado,No,NO APLICA,99,99,99,99,1,09/03/2022,3
47,Tennessee,470171,0,0,2,0,141,PUTNAM (141),0,NO APLICA,3,Marzo,9,2022,7,52,CR-COOKEVILLE BOAT DOCK RD,4,Calle del Condado,Rural,Colector Menor,County Highway Agency,0,Sin jurisdiccion especial,9,36.06681111,-85.63743889,Vehiculo en movimiento,Frente a frente,Not an Intersection,No fue interseccion,Sobre calle,Ninguna,Dia total,lluvia,No,NO APLICA,99,99,99,99,1,09/03/2022,7
47,Tennessee,470172,0,0,2,0,157,SHELBY (157),1620,MEMPHIS,3,Marzo,10,2022,0,20,US-61 SR-14 S THIRD ST,2,US Highway,Urbano,Arteria Principal,State Highway Agency,1,Sin jurisdiccion especial,22,35.01335833,-90.09647222,Vehiculo en movimiento,Frente a frente,T-Intersection,Interseccion de T,Sobre calle,Ninguna,Oscuro con iluminacion,Despejado,No,NO APLICA,99,99,99,99,2,10/03/2022,2
47,Tennessee,470173,0,0,2,0,141,PUTNAM (141),480,COOKEVILLE,3,Marzo,9,2022,5,39,US-70N SR-24 E SPRING ST,2,US Highway,Urbano,Arteria Principal,State Highway Agency,1,Sin jurisdiccion especial,224,36.14195,-85.45571944,Vehiculo en movimiento,Frente a Detrás,T-Intersection,Interseccion de T,Sobre calle,Ninguna,Oscuro con iluminacion,lluvia,No,NO APLICA,99,99,99,99,1,09/03/2022,2
47,Tennessee,470174,0,0,3,0,115,MARION (115),0,NO APLICA,3,Marzo,4,2022,99,99,SR-28,3,Highway estatal,Rural,Arteria Principal,State Highway Agency,1,Sin jurisdiccion especial,41,35.09733889,-85.58915,Vehiculo en movimiento,Frente a Detrás,T-Intersection,Interseccion de T,Sobre calle,Ninguna,Dia total,Despejado,No,NO APLICA,99,99,99,99,1,04/03/2022,3
47,Tennessee,470175,0,0,2,0,99,LAWRENCE (99),0,NO APLICA,3,Marzo,10,2022,10,59,US-43 SR-6,2,US Highway,Rural,Arteria Principal,State Highway Agency,1,Sin jurisdiccion especial,307,35.37896944,-87.27371944,Vehiculo en movimiento,Angulo,Four-Way Intersection,Interseccion de 4 direcciones,Sobre calle,Ninguna,Dia total,Despejado,No,NO APLICA,99,99,99,99,1,10/03/2022,3
47,Tennessee,470177,1,1,1,0,157,SHELBY (157),1620,MEMPHIS,3,Marzo,10,2022,22,58,RALEIGH-LAGRANGE RD,6,Calle Local Municipalidad,Urbano,Arteria Menor,City or Municipal Highway Agency,0,Sin jurisdiccion especial,58,35.19799444,-89.905625,Peaton,El primer evento no fue una colision con un vehiculo automotor en transporte,T-Intersection,Interseccion de T,Sobre calle,Ninguna,Oscuro con iluminacion,Despejado,No,NO APLICA,99,99,99,99,1,10/03/2022,1
47,Tennessee,470178,0,0,1,0,21,CHEATHAM (21),0,NO APLICA,3,Marzo,11,2022,14,48,CR-OLD CLARKSVILLE PK,4,Calle del Condado,Rural,Colector Menor,County Highway Agency,0,Sin jurisdiccion especial,46,36.39443056,-87.08211944,Zanja,El primer evento no fue una colision con un vehiculo automotor en transporte,Not an Intersection,No fue interseccion,Sobre el lado de la calle,Ninguna,Dia total,Nublado,No,NO APLICA,99,99,99,99,1,11/03/2022,1
47,Tennessee,470179,0,0,1,0,93,KNOX (93),1300,KNOXVILLE,3,Marzo,12,2022,16,32,I-75,1,Interestatal,Urbano,Interestatal,State Highway Agency,1,Sin jurisdiccion especial,99998,35.95794722,-83.92129722,Barrera de Trafico de Concreto,El primer evento no fue una colision con un vehiculo automotor en transporte,Not an Intersection,No fue interseccion,En el medio,Ninguna,Dia total,Despejado,No,NO APLICA,99,99,99,99,1,12/03/2022,1
47,Tennessee,470180,0,0,1,0,157,SHELBY (157),1620,MEMPHIS,3,Marzo,5,2022,3,7,WALNUT GROVE RD,6,Calle Local Municipalidad,Urbano,Arteria Principal,City or Municipal Highway Agency,0,Sin jurisdiccion especial,29,35.13373333,-89.81856111,Volcadura,El primer evento no fue una colision con un vehiculo automotor en transporte,Not an Intersection,No fue interseccion,Sobre el lado de la calle,Ninguna,Oscuro sin iluminacion,Despejado,No,NO APLICA,99,99,99,99,1,05/03/2022,3
47,Tennessee,470181,1,1,1,0,131,OBION (131),0,NO APLICA,2,Febrero,25,2022,2,4,US-51 SR-3,2,US Highway,Rural,Arteria Principal,State Highway Agency,1,Sin jurisdiccion especial,9,36.21965,-89.21038056,Peaton,El primer evento no fue una colision con un vehiculo automotor en transporte,Not an Intersection,No fue interseccion,Sobre calle,Ninguna,Oscuro sin iluminacion,Nublado,No,NO APLICA,99,99,99,99,1,25/02/2022,1
47,Tennessee,470182,0,0,1,0,147,ROBERTSON (147),2565,WHITE HOUSE,3,Marzo,6,2022,17,41,I-65,1,Interestatal,Rural,Interestatal,State Highway Agency,1,Sin jurisdiccion especial,67,36.50096944,-86.66548056,Acotamiento,El primer evento no fue una colision con un vehiculo automotor en transporte,Not an Intersection,No fue interseccion,En el medio,Construccion,Dia total,Despejado,No,NO APLICA,99,99,99,99,1,06/03/2022,1
47,Tennessee,470183,0,0,2,0,85,HUMPHREYS (85),0,NO APLICA,3,Marzo,9,2022,18,26,US-70 SR-1,2,US Highway,Rural,Arteria Menor,State Highway Agency,0,Sin jurisdiccion especial,62,36.05371944,-87.90416944,Vehiculo en movimiento,Angulo,Y-Intersection,Interseccion de Y,Sobre calle,Construccion,Atardecer,Despejado,No,NO APLICA,99,99,99,99,1,09/03/2022,2
47,Tennessee,470184,0,0,3,0,43,DICKSON (43),0,NO APLICA,3,Marzo,9,2022,17,4,SR-48,3,Highway estatal,Urbano,Arteria Principal,State Highway Agency,1,Sin jurisdiccion especial,118,36.10515,-87.37348889,Vehiculo en movimiento,Frente a frente,Not an Intersection,No fue interseccion,Sobre calle,Ninguna,Dia total,Despejado,No,NO APLICA,99,99,99,99,1,09/03/2022,3
47,Tennessee,470185,0,0,2,0,123,MONROE (123),2502,VONORE,3,Marzo,3,2022,10,0,SR-72,3,Highway estatal,Rural,Arteria Menor,State Highway Agency,0,Sin jurisdiccion especial,64,35.59066944,-84.27361111,Vehiculo en movimiento,Frente a Detrás,Four-Way Intersection,Interseccion de 4 direcciones,Sobre calle,Ninguna,Dia total,Despejado,No,NO APLICA,99,99,99,99,1,03/03/2022,3
47,Tennessee,470186,0,0,1,0,119,MAURY (119),470,COLUMBIA,3,Marzo,14,2022,18,46,MORRIS AVE,6,Calle Local Municipalidad,Urbano,Local,City or Municipal Highway Agency,0,Sin jurisdiccion especial,2,35.59546111,-87.04711944,Banqueta,El primer evento no fue una colision con un vehiculo automotor en transporte,Not an Intersection,No fue interseccion,Sobre el lado de la calle,Ninguna,Atardecer,Despejado,No,NO APLICA,99,99,99,99,1,14/03/2022,1
47,Tennessee,470187,1,1,1,0,37,DAVIDSON (37),1760,NASHVILLE,3,Marzo,14,2022,22,11,US-41/70 SR-1 MURFREESBORO RD,2,US Highway,Urbano,Arteria Principal,State Highway Agency,1,Sin jurisdiccion especial,216,36.13203056,-86.71825,Peaton,El primer evento no fue una colision con un vehiculo automotor en transporte,Not an Intersection,No fue interseccion,Sobre calle,Ninguna,Oscuro con iluminacion,Despejado,No,NO APLICA,99,99,99,99,1,14/03/2022,1
47,Tennessee,470188,0,0,1,0,157,SHELBY (157),1620,MEMPHIS,3,Marzo,14,2022,99,99,TCHULAHOMA RD,6,Calle Local Municipalidad,Urbano,Arteria Menor,City or Municipal Highway Agency,0,Sin jurisdiccion especial,36,35.04581944,-89.95491111,Arbol,El primer evento no fue una colision con un vehiculo automotor en transporte,Four-Way Intersection,Interseccion de 4 direcciones,Sobre el lado de la calle,Ninguna,Amanecer,Despejado,No,NO APLICA,99,99,99,99,1,14/03/2022,2
47,Tennessee,470189,0,0,1,0,155,SEVIER (155),920,GATLINBURG,1,Enero,2,2022,13,30,WILEY OAKLEY DR,6,Calle Local Municipalidad,Rural,Local,City or Municipal Highway Agency,0,Sin jurisdiccion especial,5,35.71418889,-83.54365,Acotamiento,El primer evento no fue una colision con un vehiculo automotor en transporte,Not an Intersection,No fue interseccion,Sobre el lado de la calle,Ninguna,Dia total,Nublado,No,NO APLICA,99,99,99,99,1,02/01/2022,2
47,Tennessee,470190,0,0,1,0,157,SHELBY (157),1620,MEMPHIS,3,Marzo,16,2022,12,55,PARK AVE,6,Calle Local Municipalidad,Urbano,Arteria Menor,City or Municipal Highway Agency,0,Sin jurisdiccion especial,1,35.10854167,-89.9849,Banqueta,El primer evento no fue una colision con un vehiculo automotor en transporte,Four-Way Intersection,Interseccion de 4 direcciones,Sobre el lado de la calle,Ninguna,Dia total,Nublado,No,NO APLICA,99,99,99,99,1,16/03/2022,2
47,Tennessee,470191,1,1,3,0,157,SHELBY (157),1338,LAKELAND,3,Marzo,9,2022,18,42,US-64 SR-15,2,US Highway,Urbano,Arteria Principal,State Highway Agency,1,Sin jurisdiccion especial,93,35.2045,-89.75938889,Peaton,El primer evento no fue una colision con un vehiculo automotor en transporte,Not an Intersection,No fue interseccion,"Izquierda continua, carril de vuelta",Ninguna,Oscuro con iluminacion,Despejado,No,NO APLICA,99,99,99,99,1,09/03/2022,3
47,Tennessee,470192,0,0,2,0,41,DEKALB (41),0,NO APLICA,3,Marzo,10,2022,14,40,SR-96 MURFREESBORO HWY,3,Highway estatal,Rural,Arteria Menor,State Highway Agency,0,Sin jurisdiccion especial,11,36.00988889,-86.01211111,Vehiculo en movimiento,Frente a frente,Not an Intersection,No fue interseccion,Sobre calle,Ninguna,Dia total,Despejado,No,NO APLICA,99,99,99,99,1,10/03/2022,2
47,Tennessee,470193,0,0,4,0,159,SMITH (159),970,GORDONSVILLE,3,Marzo,16,2022,14,40,I-40,1,Interestatal,Rural,Interestatal,State Highway Agency,1,Sin jurisdiccion especial,92,36.17636111,-85.93128056,Vehiculo en movimiento,Frente a Detrás,Not an Intersection,No fue interseccion,Sobre calle,Ninguna,Dia total,Despejado,No,NO APLICA,99,99,99,99,2,16/03/2022,6
47,Tennessee,470194,0,0,2,0,59,GREENE (59),1010,GREENEVILLE,3,Marzo,18,2022,0,40,SR-70 70 BYPASS,3,Highway estatal,Urbano,Arteria Principal,State Highway Agency,1,Sin jurisdiccion especial,156,36.16116667,-82.85106111,Vehiculo en movimiento,Frente a frente,Not an Intersection,No fue interseccion,Sobre calle,Ninguna,Oscuro sin iluminacion,Despejado,No,NO APLICA,99,99,99,99,1,18/03/2022,4
47,Tennessee,470195,0,0,1,0,157,SHELBY (157),1620,MEMPHIS,3,Marzo,17,2022,9,9,I-240,1,Interestatal,Urbano,Interestatal,State Highway Agency,1,Sin jurisdiccion especial,82,35.07671667,-89.98143889,Volcadura,El primer evento no fue una colision con un vehiculo automotor en transporte,Not an Intersection,No fue interseccion,Sobre calle,Ninguna,Dia total,Despejado,No,NO APLICA,99,99,99,99,1,17/03/2022,1
47,Tennessee,470196,0,0,2,0,93,KNOX (93),1300,KNOXVILLE,3,Marzo,16,2022,12,33,WASHINGTON PK,6,Calle Local Municipalidad,Urbano,Arteria Menor,City or Municipal Highway Agency,0,Sin jurisdiccion especial,12,36.04511944,-83.87676111,Vehiculo en movimiento,Angulo,Four-Way Intersection,Interseccion de 4 direcciones,Sobre calle,Ninguna,Dia total,Despejado,No,NO APLICA,99,99,99,99,1,16/03/2022,2
47,Tennessee,470197,0,0,1,0,51,FRANKLIN (51),0,NO APLICA,3,Marzo,12,2022,10,50,SR-156 JUMP OFF RD,3,Highway estatal,Rural,Colector Mayor,State Highway Agency,0,Sin jurisdiccion especial,17,35.09553056,-85.86883056,Arbol,El primer evento no fue una colision con un vehiculo automotor en transporte,Not an Intersection,No fue interseccion,Sobre el lado de la calle,Ninguna,Dia total,Despejado,No,NO APLICA,99,99,99,99,1,12/03/2022,1
47,Tennessee,470198,0,0,2,0,157,SHELBY (157),0,NO APLICA,3,Marzo,7,2022,18,5,SR-14 AUSTIN PEAY HWY,3,Highway estatal,Rural,Arteria Principal,State Highway Agency,1,Sin jurisdiccion especial,284,35.29248889,-89.83833056,Vehiculo en movimiento,Frente a frente,Not an Intersection,No fue interseccion,Sobre calle,Ninguna,Oscuro sin iluminacion,Nublado,No,NO APLICA,99,99,99,99,1,07/03/2022,2
47,Tennessee,470199,0,0,1,0,93,KNOX (93),1300,KNOXVILLE,3,Marzo,18,2022,21,33,TAZEWELL PK,6,Calle Local Municipalidad,Urbano,Colector Mayor,City or Municipal Highway Agency,0,Sin jurisdiccion especial,0,36.02065,-83.92428333,Valla Ferrocarril,El primer evento no fue una colision con un vehiculo automotor en transporte,Not an Intersection,No fue interseccion,Sobre el lado de la calle,Ninguna,Oscuro con iluminacion,Despejado,No,NO APLICA,99,99,99,99,1,18/03/2022,2
47,Tennessee,470200,0,0,2,0,113,MADISON (113),0,NO APLICA,3,Marzo,16,2022,6,26,US-70 SR-1 BROWNSVILLE HWY,2,US Highway,Rural,Colector Mayor,State Highway Agency,0,Sin jurisdiccion especial,10,35.58511111,-89.05523889,Vehiculo en movimiento,Angulo,Four-Way Intersection,Interseccion de 4 direcciones,Sobre calle,Ninguna,Oscuro sin iluminacion,Neblina o Humo,No,NO APLICA,99,99,99,99,1,16/03/2022,2