Estado,Nombre de Estado,Numero de Caso,Peatones,Personas _no_vehiculos,Vehiculos automotores,Vehiculos estacionados,Condado,Nombre Condado,Ciudad,Nombre Ciudad,Mes,Nombre Mes,Dia,Año,Hora,Minuto,Calle,Ruta,Nombre Ruta,Rural o Urbanoo,Sistema Funcional,Dueño Calle,Sistema Nacional Carreteras,Jurisdiccion Especial,Milla,Latitud,Longitud,Causa del Accidente,Tipo de Accidente,Tipo Interseccion,Columna1,Lugar en la calle,Zona de Trabajo,Luz,Clima,Autobus Escolar,Cruce de Trenes,Hora Notificacion,Minuto Notificacion,Hora Llegada,Minuto Llegada,Decesos,Fecha,PersonaVehiculo
47,Tennessee,470328,0,0,2,0,145,ROANE (145),0,NO APLICA,4,Abril,10,2022,8,25,SR-58 GALLAHER RD,3,Highway estatal,Urbano,Arteria Principal,State Highway Agency,1,Sin jurisdiccion especial,139,35.87221111,-84.44265,Vehiculo en movimiento,Angulo,Not an Intersection,No fue interseccion,Sobre calle,Ninguna,Dia total,Despejado,No,NO APLICA,99,99,99,99,1,10/04/2022,5
47,Tennessee,470330,0,0,1,0,5,BENTON (5),0,NO APLICA,4,Abril,29,2022,12,33,I-40,1,Interestatal,Rural,Interestatal,State Highway Agency,1,Sin jurisdiccion especial,27,35.86321111,-88.04411111,Otra no colicion,El primer evento no fue una colision con un vehiculo automotor en transporte,Not an Intersection,No fue interseccion,Sobre calle,Ninguna,Dia total,Despejado,No,NO APLICA,99,99,99,99,1,29/04/2022,1
47,Tennessee,470331,0,0,1,0,93,KNOX (93),1300,KNOXVILLE,4,Abril,29,2022,6,1,I-40 RAMP,1,Interestatal,Urbano,Interestatal,State Highway Agency,1,Sin jurisdiccion especial,2,35.96416111,-83.93908611,Arbol,El primer evento no fue una colision con un vehiculo automotor en transporte,Not an Intersection,No fue interseccion,Sobre el lado de la calle,Ninguna,Oscuro sin iluminacion,Despejado,No,NO APLICA,99,99,99,99,1,29/04/2022,1
47,Tennessee,470332,0,0,3,0,75,HAYWOOD (75),0,NO APLICA,4,Abril,22,2022,20,56,I-40,1,Interestatal,Rural,Interestatal,State Highway Agency,1,Sin jurisdiccion especial,179,35.56183889,-89.17261111,Vehiculo en movimiento,Golpe Lateral - misma direccion,Not an Intersection,No fue interseccion,Sobre calle,Ninguna,Oscuro sin iluminacion,Despejado,No,NO APLICA,99,99,99,99,1,22/04/2022,9
47,Tennessee,470333,0,0,2,0,159,SMITH (159),0,NO APLICA,4,Abril,28,2022,8,33,I-40,1,Interestatal,Rural,Interestatal,State Highway Agency,1,Sin jurisdiccion especial,46,36.17665,-86.01148056,Vehiculo en movimiento,Frente a Detrás,Not an Intersection,No fue interseccion,Sobre calle,Ninguna,Dia total,Despejado,No,NO APLICA,99,99,99,99,2,28/04/2022,3
47,Tennessee,470334,0,0,1,0,51,FRANKLIN (51),0,NO APLICA,4,Abril,23,2022,21,37,CR-UTSI RD,4,Calle del Condado,Rural,Local,County Highway Agency,0,Sin jurisdiccion especial,18,35.3439,-86.09281111,Animal vivo,El primer evento no fue una colision con un vehiculo automotor en transporte,Not an Intersection,No fue interseccion,Sobre calle,Ninguna,Oscuro sin iluminacion,Despejado,No,NO APLICA,99,99,99,99,1,23/04/2022,1
47,Tennessee,470335,0,0,2,0,141,PUTNAM (141),0,NO APLICA,4,Abril,30,2022,12,5,I-40,1,Interestatal,Rural,Interestatal,State Highway Agency,1,Sin jurisdiccion especial,277,36.14246944,-85.36726111,Vehiculo en movimiento,Frente a Detrás,Not an Intersection,No fue interseccion,Sobre calle,Ninguna,Dia total,Despejado,No,NO APLICA,99,99,99,99,1,30/04/2022,2
47,Tennessee,470336,0,0,2,0,19,CARTER (19),0,NO APLICA,4,Abril,25,2022,23,30,US-19E SR-37,2,US Highway,Rural,Arteria Menor,State Highway Agency,0,Sin jurisdiccion especial,102,36.2284,-82.15463056,Vehiculo en movimiento,Angulo,Not an Intersection,No fue interseccion,Sobre calle,Ninguna,Oscuro sin iluminacion,Despejado,No,NO APLICA,23,25,23,54,2,25/04/2022,2
47,Tennessee,470337,0,0,1,0,165,SUMNER (165),0,NO APLICA,4,Abril,30,2022,17,43,SR-25,3,Highway estatal,Rural,Arteria Menor,State Highway Agency,0,Sin jurisdiccion especial,26,36.5005,-86.60543056,Zanja,El primer evento no fue una colision con un vehiculo automotor en transporte,Not an Intersection,No fue interseccion,Sobre el lado de la calle,Ninguna,Dia total,Despejado,No,NO APLICA,99,99,99,99,1,30/04/2022,3
47,Tennessee,470338,1,1,1,0,15,CANNON (15),0,NO APLICA,4,Abril,28,2022,17,11,SR-53 JIM CUMMINGS HWY,3,Highway estatal,Rural,Arteria Menor,State Highway Agency,0,Sin jurisdiccion especial,77,35.75611111,-86.05368056,Peaton,El primer evento no fue una colision con un vehiculo automotor en transporte,Not an Intersection,No fue interseccion,Sobre calle,Ninguna,Dia total,Despejado,No,NO APLICA,99,99,99,99,1,28/04/2022,1
47,Tennessee,470339,0,0,2,0,9,BLOUNT (9),0,NO APLICA,4,Abril,24,2022,14,15,SR-333 E MAIN AVE,3,Highway estatal,Urbano,Arteria Menor,State Highway Agency,0,Sin jurisdiccion especial,0,35.75253889,-84.1237,Vehiculo en movimiento,Angulo,Four-Way Intersection,Interseccion de 4 direcciones,Sobre calle,Ninguna,Dia total,Despejado,No,NO APLICA,99,99,99,99,1,24/04/2022,2
47,Tennessee,470340,0,0,1,0,179,WASHINGTON (179),1260,JONESBOROUGH,4,Abril,30,2022,4,15,CR-SUMMIT DR,4,Calle del Condado,Urbano,Colector Mayor,County Highway Agency,0,Sin jurisdiccion especial,15,36.27868056,-82.41328056,Acotamiento,El primer evento no fue una colision con un vehiculo automotor en transporte,Not an Intersection,No fue interseccion,Sobre el lado de la calle,Ninguna,Dia total,Despejado,No,NO APLICA,99,99,99,99,1,30/04/2022,1
47,Tennessee,470341,0,0,2,0,157,SHELBY (157),1620,MEMPHIS,5,Mayo,1,2022,21,11,US-64/70 SR-1 SUMMER AVE,2,US Highway,Urbano,Arteria Principal,State Highway Agency,1,Sin jurisdiccion especial,71,35.14978889,-89.97323056,Vehiculo en movimiento,Frente a Detrás,Not an Intersection,No fue interseccion,"Izquierda continua, carril de vuelta",Ninguna,Oscuro con iluminacion,Despejado,No,NO APLICA,99,99,99,99,1,01/05/2022,1
47,Tennessee,470342,0,0,4,0,37,DAVIDSON (37),1760,NASHVILLE,4,Abril,16,2022,13,25,SR-254 BELL RD,3,Highway estatal,Urbano,Arteria Principal,State Highway Agency,1,Sin jurisdiccion especial,142,36.04486111,-86.67043056,Vehiculo en movimiento,Frente a frente,Not an Intersection,No fue interseccion,Sobre calle,Ninguna,Dia total,Despejado,No,NO APLICA,99,99,99,99,1,16/04/2022,4
47,Tennessee,470343,0,0,1,0,37,DAVIDSON (37),1760,NASHVILLE,4,Abril,30,2022,18,31,US-31W/41 SR-11 DICKERSON PK,2,US Highway,Urbano,Arteria Principal,State Highway Agency,1,Sin jurisdiccion especial,204,36.28278056,-86.74773889,Poste,El primer evento no fue una colision con un vehiculo automotor en transporte,Not an Intersection,No fue interseccion,Sobre el lado de la calle,Ninguna,Dia total,Despejado,No,NO APLICA,99,99,99,99,1,30/04/2022,1
47,Tennessee,470344,0,0,3,0,79,HENRY (79),0,NO APLICA,4,Abril,21,2022,8,39,US-641 SR-69,2,US Highway,Rural,Arteria Principal,State Highway Agency,1,Sin jurisdiccion especial,15,36.19323056,-88.17945,Vehiculo en movimiento,Angulo,Not an Intersection,No fue interseccion,Sobre calle,Ninguna,Dia total,Despejado,No,NO APLICA,99,99,99,99,1,21/04/2022,3
47,Tennessee,470345,0,0,1,0,9,BLOUNT (9),1570,MARYVILLE,5,Mayo,2,2022,22,25,CR-NEW BLOCKHOUSE RD,4,Calle del Condado,Urbano,Local,County Highway Agency,0,Sin jurisdiccion especial,12,35.72183889,-83.93906944,Arbol,El primer evento no fue una colision con un vehiculo automotor en transporte,Not an Intersection,No fue interseccion,Sobre el lado de la calle,Ninguna,Oscuro sin iluminacion,Despejado,No,NO APLICA,99,99,99,99,1,02/05/2022,2
47,Tennessee,470346,1,1,2,0,37,DAVIDSON (37),1245,JOELTON,5,Mayo,2,2022,20,4,I-24,1,Interestatal,Rural,Interestatal,State Highway Agency,1,Sin jurisdiccion especial,46,36.3184,-86.83983056,Peaton,El primer evento no fue una colision con un vehiculo automotor en transporte,Not an Intersection,No fue interseccion,Sobre calle,Ninguna,Oscuro sin iluminacion,lluvia,No,NO APLICA,99,99,99,99,1,02/05/2022,2
47,Tennessee,470347,0,0,2,0,37,DAVIDSON (37),1760,NASHVILLE,4,Abril,28,2022,18,49,ELM HILL PKE,6,Calle Local Municipalidad,Urbano,Arteria Menor,City or Municipal Highway Agency,0,Sin jurisdiccion especial,33,36.15281944,-86.68341111,Vehiculo en movimiento,Frente a frente,Four-Way Intersection,Interseccion de 4 direcciones,Sobre calle,Ninguna,Dia total,Despejado,No,NO APLICA,99,99,99,99,1,28/04/2022,3
47,Tennessee,470348,0,0,1,0,151,SCOTT (151),0,NO APLICA,4,Abril,23,2022,8,20,CR-HUNTSVILLE HILL RD,4,Calle del Condado,Rural,Colector Menor,County Highway Agency,0,Sin jurisdiccion especial,28,36.42641111,-84.49021944,Acotamiento,El primer evento no fue una colision con un vehiculo automotor en transporte,Not an Intersection,No fue interseccion,Sobre el lado de la calle,Ninguna,Dia total,Despejado,No,NO APLICA,99,99,99,99,1,23/04/2022,1
47,Tennessee,470349,0,0,2,0,187,WILLIAMSON (187),272,BRENTWOOD,4,Abril,30,2022,19,58,US-31 SR-6 FRANKLIN RD,2,US Highway,Urbano,Arteria Principal,State Highway Agency,1,Sin jurisdiccion especial,195,36.01286111,-86.80081111,Vehiculo en movimiento,Angulo,T-Intersection,Interseccion de T,Sobre calle,Ninguna,Oscuro con iluminacion,Despejado,No,NO APLICA,99,99,99,99,1,30/04/2022,4
47,Tennessee,470350,0,0,2,0,189,WILSON (189),1360,LEBANON,4,Abril,25,2022,16,50,US-231 SR-10 W MAIN ST,2,US Highway,Rural,Arteria Principal,State Highway Agency,1,Sin jurisdiccion especial,0,36.20801111,-86.29145,Vehiculo en movimiento,Frente a Detrás,Roundabout,Glorieta,Sobre calle,Ninguna,Dia total,Nublado,No,NO APLICA,99,99,99,99,1,25/04/2022,4
47,Tennessee,470351,0,0,2,0,157,SHELBY (157),1620,MEMPHIS,5,Mayo,3,2022,17,55,MENDENHALL RD,6,Calle Local Municipalidad,Urbano,Arteria Menor,City or Municipal Highway Agency,0,Sin jurisdiccion especial,37,35.13756111,-89.89856944,Vehiculo en movimiento,Angulo,Not an Intersection,No fue interseccion,Sobre calle,Ninguna,Dia total,Despejado,No,NO APLICA,99,99,99,99,1,03/05/2022,3
47,Tennessee,470353,0,0,2,0,65,HAMILTON (65),400,CHATTANOOGA,5,Mayo,4,2022,11,52,I-75 US-11/64,1,Interestatal,Urbano,Interestatal,State Highway Agency,1,Sin jurisdiccion especial,90,35.07384167,-85.112125,Final Destination ( Vehiculo es golpeado por carga o otro objeto puesto en movimiento por otro vehiculo en movimiento),Otro,Not an Intersection,No fue interseccion,Sobre calle,Ninguna,Dia total,Despejado,No,NO APLICA,99,99,99,99,1,04/05/2022,3
47,Tennessee,470354,1,1,1,0,93,KNOX (93),1300,KNOXVILLE,4,Abril,19,2022,22,20,US-11/70 SR-1 KINGSTON PK,2,US Highway,Urbano,Arteria Principal,State Highway Agency,1,Sin jurisdiccion especial,119,35.92851667,-84.035775,Peaton,El primer evento no fue una colision con un vehiculo automotor en transporte,Four-Way Intersection,Interseccion de 4 direcciones,Sobre calle,Ninguna,Oscuro sin iluminacion,Despejado,No,NO APLICA,99,99,99,99,1,19/04/2022,1
47,Tennessee,470355,0,0,1,0,97,LAUDERDALE (97),0,NO APLICA,5,Mayo,1,2022,14,0,CR-CONNER WHITEFIELD RD,4,Calle del Condado,Rural,Colector Menor,County Highway Agency,0,Sin jurisdiccion especial,77,35.78698056,-89.46071111,Alguien se cayo/avento del vehiculo,El primer evento no fue una colision con un vehiculo automotor en transporte,Not an Intersection,No fue interseccion,Sobre calle,Ninguna,Dia total,Despejado,No,NO APLICA,99,99,99,99,1,01/05/2022,1
47,Tennessee,470356,0,0,1,0,7,BLEDSOE (7),0,NO APLICA,4,Abril,21,2022,11,14,US-127 SR-28,2,US Highway,Rural,Arteria Principal,State Highway Agency,1,Sin jurisdiccion especial,270,35.74896944,-85.05973889,Volcadura,El primer evento no fue una colision con un vehiculo automotor en transporte,Not an Intersection,No fue interseccion,Sobre el lado de la calle,Ninguna,Dia total,Nublado,No,NO APLICA,99,99,99,99,1,21/04/2022,1
47,Tennessee,470357,0,0,2,0,149,RUTHERFORD (149),0,NO APLICA,5,Mayo,4,2022,11,15,US-231 SR-10 LEBANON PK,2,US Highway,Rural,Arteria Principal,State Highway Agency,1,Sin jurisdiccion especial,245,36.00346111,-86.36526944,Vehiculo en movimiento,Golpe Lateral - misma direccion,Not an Intersection,No fue interseccion,Sobre calle,Ninguna,Dia total,Despejado,No,NO APLICA,99,99,99,99,1,04/05/2022,3
47,Tennessee,470358,0,0,1,0,107,MCMINN (107),0,NO APLICA,5,Mayo,5,2022,6,11,CR-100,4,Calle del Condado,Rural,Colector Mayor,County Highway Agency,0,Sin jurisdiccion especial,22,35.4629,-84.7657,Arbol,El primer evento no fue una colision con un vehiculo automotor en transporte,Not an Intersection,No fue interseccion,Sobre el lado de la calle,Ninguna,Amanecer,Despejado,No,NO APLICA,99,99,99,99,1,05/05/2022,1
47,Tennessee,470359,1,1,1,0,47,FAYETTE (47),0,NO APLICA,5,Mayo,3,2022,4,53,US-72 SR-86,2,US Highway,Urbano,Arteria Principal,State Highway Agency,1,Sin jurisdiccion especial,2,34.99721944,-89.61978056,Peaton,El primer evento no fue una colision con un vehiculo automotor en transporte,Not an Intersection,No fue interseccion,Sobre calle,Ninguna,Oscuro sin iluminacion,Despejado,No,NO APLICA,99,99,99,99,1,03/05/2022,1
47,Tennessee,470360,0,0,2,0,149,RUTHERFORD (149),2250,SMYRNA,4,Abril,26,2022,20,50,US-41/70S SR-1 N LOWRY ST,2,US Highway,Urbano,Arteria Principal,State Highway Agency,1,Sin jurisdiccion especial,34,36.0017,-86.53578889,Vehiculo en movimiento,Angulo,T-Intersection,Interseccion de T,Sobre calle,Ninguna,Oscuro con iluminacion,Despejado,No,NO APLICA,99,99,99,99,2,26/04/2022,10
47,Tennessee,470361,1,1,1,0,37,DAVIDSON (37),1760,NASHVILLE,5,Mayo,5,2022,20,40,I-65,1,Interestatal,Urbano,Interestatal,State Highway Agency,1,Sin jurisdiccion especial,27,36.07063056,-86.76975,Peaton,El primer evento no fue una colision con un vehiculo automotor en transporte,Not an Intersection,No fue interseccion,Sobre calle,Ninguna,Oscuro sin iluminacion,Nublado,No,NO APLICA,99,99,99,99,1,05/05/2022,1
47,Tennessee,470363,0,1,2,1,37,DAVIDSON (37),960,GOODLETTSVILLE,5,Mayo,9,2022,1,33,I-65,1,Interestatal,Urbano,Interestatal,State Highway Agency,1,Sin jurisdiccion especial,195,36.29991111,-86.71145,Vehiculo Aparcado,El primer evento no fue una colision con un vehiculo automotor en transporte,Not an Intersection,No fue interseccion,Sobre Acotamiento,Ninguna,Oscuro con iluminacion,Despejado,No,NO APLICA,99,99,99,99,1,09/05/2022,1
47,Tennessee,470364,0,0,5,0,157,SHELBY (157),1620,MEMPHIS,5,Mayo,7,2022,15,10,RALEIGH LAGRANGE RD,6,Calle Local Municipalidad,Urbano,Arteria Menor,City or Municipal Highway Agency,0,Sin jurisdiccion especial,52,35.19546389,-89.89778056,Vehiculo en movimiento,Golpe Lateral - direccion contraria,Not an Intersection,No fue interseccion,Sobre calle,Ninguna,Dia total,Despejado,No,NO APLICA,99,99,99,99,1,07/05/2022,8
47,Tennessee,470366,0,0,1,0,143,RHEA (143),590,DAYTON,1,Enero,12,2022,12,41,ARMSTRONG FERRY RD,6,Calle Local Municipalidad,Urbano,Colector Menor,City or Municipal Highway Agency,0,Sin jurisdiccion especial,50,35.47805,-85.00168056,Culvert,El primer evento no fue una colision con un vehiculo automotor en transporte,Not an Intersection,No fue interseccion,Sobre el lado de la calle,Ninguna,Dia total,Despejado,No,NO APLICA,99,99,99,99,1,12/01/2022,1
47,Tennessee,470367,1,1,1,0,107,MCMINN (107),110,ATHENS,5,Mayo,6,2022,21,44,SR-30 DECATUR PK,3,Highway estatal,Urbano,Arteria Principal,State Highway Agency,1,Sin jurisdiccion especial,73,35.46058056,-84.63901111,Peaton,El primer evento no fue una colision con un vehiculo automotor en transporte,Not an Intersection,No fue interseccion,Sobre calle,Ninguna,Oscuro con iluminacion,Despejado,No,NO APLICA,99,99,99,99,1,06/05/2022,1
47,Tennessee,470368,0,0,1,0,157,SHELBY (157),1620,MEMPHIS,5,Mayo,9,2022,16,37,I-240,1,Interestatal,Urbano,Interestatal,State Highway Agency,1,Sin jurisdiccion especial,118,35.07763889,-89.91810556,Poste de Señal de trafico,El primer evento no fue una colision con un vehiculo automotor en transporte,Not an Intersection,No fue interseccion,Sobre el lado de la calle,Ninguna,Dia total,Despejado,No,NO APLICA,99,99,99,99,1,09/05/2022,1
47,Tennessee,470370,0,0,2,0,37,DAVIDSON (37),1760,NASHVILLE,5,Mayo,10,2022,15,38,PARAGON MILLS RD,6,Calle Local Municipalidad,Urbano,Colector Mayor,City or Municipal Highway Agency,0,Sin jurisdiccion especial,75,36.08953889,-86.71903056,Vehiculo en movimiento,Golpe Lateral - direccion contraria,Not an Intersection,No fue interseccion,Sobre calle,Ninguna,Dia total,Despejado,No,NO APLICA,99,99,99,99,2,10/05/2022,3
47,Tennessee,470371,0,0,1,0,37,DAVIDSON (37),1760,NASHVILLE,5,Mayo,11,2022,2,30,I-40,1,Interestatal,Rural,Interestatal,State Highway Agency,1,Sin jurisdiccion especial,4,36.07756944,-87.03288056,Valla Ferrocarril,El primer evento no fue una colision con un vehiculo automotor en transporte,Not an Intersection,No fue interseccion,Sobre el lado de la calle,Ninguna,Oscuro sin iluminacion,Despejado,No,NO APLICA,99,99,99,99,1,11/05/2022,1
47,Tennessee,470372,0,0,1,0,189,WILSON (189),1360,LEBANON,5,Mayo,1,2022,18,46,MADDOX-SIMPSON PKWY,6,Calle Local Municipalidad,Urbano,Arteria Menor,City or Municipal Highway Agency,0,Sin jurisdiccion especial,22,36.1737,-86.3006,Volcadura,El primer evento no fue una colision con un vehiculo automotor en transporte,Not an Intersection,No fue interseccion,Sobre el lado de la calle,Ninguna,Dia total,Despejado,No,NO APLICA,99,99,99,99,1,01/05/2022,1
47,Tennessee,470373,0,0,1,0,125,MONTGOMERY (125),410,CLARKSVILLE,5,Mayo,11,2022,20,40,NEEDMORE RD,6,Calle Local Municipalidad,Urbano,Colector Mayor,City or Municipal Highway Agency,0,Sin jurisdiccion especial,5,36.52919722,-87.36382778,Buzon de correo,El primer evento no fue una colision con un vehiculo automotor en transporte,Not an Intersection,No fue interseccion,Sobre el lado de la calle,Ninguna,Oscuro con iluminacion,Despejado,No,NO APLICA,99,99,99,99,3,11/05/2022,3
47,Tennessee,470374,1,1,2,1,163,SULLIVAN (163),0,NO APLICA,3,Marzo,26,2022,15,42,SR-126 MEMORIAL BLVD,3,Highway estatal,Urbano,Arteria Menor,State Highway Agency,0,Sin jurisdiccion especial,84,36.55008611,-82.44291111,Vehiculo Aparcado,El primer evento no fue una colision con un vehiculo automotor en transporte,Not an Intersection,No fue interseccion,Sobre calle,Ninguna,Dia total,Despejado,No,NO APLICA,99,99,99,99,1,26/03/2022,1
47,Tennessee,470375,0,0,1,0,85,HUMPHREYS (85),0,NO APLICA,5,Mayo,12,2022,13,34,SR-13,3,Highway estatal,Rural,Arteria Menor,State Highway Agency,0,Sin jurisdiccion especial,94,35.95503056,-87.75026111,Acotamiento,El primer evento no fue una colision con un vehiculo automotor en transporte,Not an Intersection,No fue interseccion,Sobre el lado de la calle,Ninguna,Dia total,Despejado,No,NO APLICA,99,99,99,99,1,12/05/2022,1
47,Tennessee,470376,0,0,2,0,149,RUTHERFORD (149),0,NO APLICA,5,Mayo,12,2022,5,16,I-840,1,Interestatal,Rural,Interestatal,State Highway Agency,1,Sin jurisdiccion especial,180,36.0133,-86.42738056,Acotamiento,El primer evento no fue una colision con un vehiculo automotor en transporte,Not an Intersection,No fue interseccion,Sobre el lado de la calle,Ninguna,Oscuro sin iluminacion,Despejado,No,NO APLICA,99,99,99,99,1,12/05/2022,2
47,Tennessee,470377,1,1,1,0,157,SHELBY (157),1620,MEMPHIS,5,Mayo,13,2022,5,40,I-240,1,Interestatal,Urbano,Interestatal,State Highway Agency,1,Sin jurisdiccion especial,92,35.0781,-89.96271111,Peaton,El primer evento no fue una colision con un vehiculo automotor en transporte,Not an Intersection,No fue interseccion,Sobre calle,Ninguna,Amanecer,Despejado,No,NO APLICA,99,99,99,99,1,13/05/2022,1
47,Tennessee,470378,0,0,2,0,141,PUTNAM (141),0,NO APLICA,5,Mayo,12,2022,13,11,SR-111,3,Highway estatal,Urbano,Arteria Principal,State Highway Agency,1,Sin jurisdiccion especial,121,36.22123889,-85.4127,Vehiculo en movimiento,Angulo,Four-Way Intersection,Interseccion de 4 direcciones,Sobre calle,Ninguna,Dia total,Despejado,No,NO APLICA,99,99,99,99,1,12/05/2022,3
47,Tennessee,470379,1,1,2,0,157,SHELBY (157),1620,MEMPHIS,5,Mayo,9,2022,16,30,S COOPER ST,6,Calle Local Municipalidad,Urbano,Arteria Menor,City or Municipal Highway Agency,0,Sin jurisdiccion especial,58,35.12369444,-89.99085,Vehiculo en movimiento,Angulo,Four-Way Intersection,Interseccion de 4 direcciones,Sobre calle,Ninguna,Dia total,Despejado,No,NO APLICA,99,99,99,99,1,09/05/2022,5
47,Tennessee,470380,0,0,1,0,141,PUTNAM (141),0,NO APLICA,5,Mayo,11,2022,21,9,CR-HAWKINS CRAWFORD RD,4,Calle del Condado,Urbano,Colector Menor,County Highway Agency,0,Sin jurisdiccion especial,7,36.14521944,-85.58338056,Volcadura,El primer evento no fue una colision con un vehiculo automotor en transporte,Not an Intersection,No fue interseccion,Sobre calle,Ninguna,Oscuro sin iluminacion,Despejado,No,NO APLICA,99,99,99,99,1,11/05/2022,1
47,Tennessee,470381,0,0,2,0,145,ROANE (145),0,NO APLICA,5,Mayo,12,2022,17,56,SR-72 LOUDON HWY,3,Highway estatal,Rural,Arteria Menor,State Highway Agency,0,Sin jurisdiccion especial,56,35.77711944,-84.55175,Vehiculo en movimiento,Angulo,Not an Intersection,No fue interseccion,Sobre calle,Ninguna,Dia total,Despejado,No,NO APLICA,99,99,99,99,1,12/05/2022,2
47,Tennessee,470382,1,1,1,0,93,KNOX (93),1300,KNOXVILLE,5,Mayo,13,2022,15,8,I-40,1,Interestatal,Urbano,Interestatal,State Highway Agency,1,Sin jurisdiccion especial,148,35.94654444,-83.99491667,Peaton,El primer evento no fue una colision con un vehiculo automotor en transporte,Not an Intersection,No fue interseccion,Sobre calle,Ninguna,Dia total,Despejado,No,NO APLICA,99,99,99,99,1,13/05/2022,2
47,Tennessee,470383,1,1,1,0,157,SHELBY (157),1620,MEMPHIS,5,Mayo,13,2022,21,35,RIVERDALE RD,6,Calle Local Municipalidad,Urbano,Arteria Principal,City or Municipal Highway Agency,1,Sin jurisdiccion especial,24,35.02928611,-89.83139444,Peaton,El primer evento no fue una colision con un vehiculo automotor en transporte,Four-Way Intersection,Interseccion de 4 direcciones,Sobre calle,Ninguna,Oscuro con iluminacion,Despejado,No,NO APLICA,99,99,99,99,1,13/05/2022,1
47,Tennessee,470384,0,0,2,0,157,SHELBY (157),1620,MEMPHIS,5,Mayo,12,2022,23,33,SR-175 SHELBY DR,3,Highway estatal,Urbano,Arteria Principal,State Highway Agency,1,Sin jurisdiccion especial,137,35.02029722,-89.86625,Vehiculo en movimiento,Angulo,Four-Way Intersection,Interseccion de 4 direcciones,Sobre calle,Ninguna,Oscuro con iluminacion,Despejado,No,NO APLICA,99,99,99,99,1,12/05/2022,2
47,Tennessee,470385,0,0,3,0,165,SUMNER (165),1085,HENDERSONVILLE,5,Mayo,12,2022,8,52,US-31E SR-6 E MAIN ST,2,US Highway,Urbano,Arteria Principal,State Highway Agency,1,Sin jurisdiccion especial,56,36.31996111,-86.57801944,Vehiculo en movimiento,Angulo,Not an Intersection,No fue interseccion,Sobre calle,Ninguna,Dia total,Despejado,No,NO APLICA,99,99,99,99,1,12/05/2022,5
47,Tennessee,470386,1,1,1,0,157,SHELBY (157),1620,MEMPHIS,5,Mayo,14,2022,20,38,US-64/70 SR-1 SUMMER AVE,2,US Highway,Urbano,Arteria Principal,State Highway Agency,1,Sin jurisdiccion especial,97,35.14911389,-89.92805,Peaton,El primer evento no fue una colision con un vehiculo automotor en transporte,Not an Intersection,No fue interseccion,Sobre calle,Ninguna,Oscuro con iluminacion,Despejado,No,NO APLICA,99,99,99,99,1,14/05/2022,1
47,Tennessee,470387,0,0,3,0,177,WARREN (177),1530,MCMINNVILLE,5,Mayo,6,2022,14,45,US-70S SR-1 BOBBY RAY MEMORIAL,2,US Highway,Urbano,Arteria Principal,State Highway Agency,1,Sin jurisdiccion especial,111,35.69921111,-85.79475,Vehiculo en movimiento,Frente a frente,Four-Way Intersection,Interseccion de 4 direcciones,Sobre calle,Ninguna,Dia total,Despejado,No,NO APLICA,99,99,99,99,1,06/05/2022,4
47,Tennessee,470388,0,0,1,0,69,HARDEMAN (69),0,NO APLICA,4,Abril,26,2022,18,15,CR-VILDO RD,4,Calle del Condado,Rural,Colector Menor,County Highway Agency,0,Sin jurisdiccion especial,4,35.33721111,-89.06653889,Volcadura,El primer evento no fue una colision con un vehiculo automotor en transporte,Not an Intersection,No fue interseccion,Sobre el lado de la calle,Ninguna,Dia total,Despejado,No,NO APLICA,99,99,99,99,1,26/04/2022,1
47,Tennessee,470389,0,0,2,0,119,MAURY (119),1730,MT PLEASANT,5,Mayo,14,2022,22,45,US-43 SR-6 NEW LAWRENCEBURG HW,2,US Highway,Urbano,Arterial Principal -Freeway o ExpressWay,State Highway Agency,1,Sin jurisdiccion especial,130,35.57523056,-87.15328889,Vehiculo en movimiento,Angulo,Not an Intersection,No fue interseccion,Sobre calle,Ninguna,Oscuro sin iluminacion,Despejado,No,NO APLICA,99,99,99,99,1,14/05/2022,4
47,Tennessee,470391,0,0,2,0,141,PUTNAM (141),480,COOKEVILLE,5,Mayo,13,2022,9,51,BUFFALO VALLEY RD,6,Calle Local Municipalidad,Urbano,Colector Mayor,City or Municipal Highway Agency,0,Sin jurisdiccion especial,70,36.15811944,-85.52778056,Vehiculo en movimiento,Frente a Detrás,Not an Intersection,No fue interseccion,Sobre calle,Ninguna,Dia total,Despejado,No,NO APLICA,99,99,99,99,1,13/05/2022,2
47,Tennessee,470392,0,0,2,0,93,KNOX (93),1300,KNOXVILLE,5,Mayo,15,2022,18,0,BRUHIN RD,6,Calle Local Municipalidad,Urbano,Arteria Menor,City or Municipal Highway Agency,0,Sin jurisdiccion especial,23,36.00028056,-83.95473889,Vehiculo en movimiento,Frente a frente,Not an Intersection,No fue interseccion,Sobre calle,Ninguna,Dia total,Despejado,No,NO APLICA,99,99,99,99,1,15/05/2022,2
47,Tennessee,470393,0,0,1,0,157,SHELBY (157),1620,MEMPHIS,5,Mayo,8,2022,2,43,US-64/70 SR-1 SUMMER AVE,2,US Highway,Urbano,Arteria Principal,State Highway Agency,1,Sin jurisdiccion especial,84,35.14936111,-89.9514,Poste,El primer evento no fue una colision con un vehiculo automotor en transporte,Not an Intersection,No fue interseccion,Sobre el lado de la calle,Ninguna,Oscuro con iluminacion,Despejado,No,NO APLICA,99,99,99,99,1,08/05/2022,1
47,Tennessee,470394,0,0,2,0,157,SHELBY (157),1620,MEMPHIS,5,Mayo,12,2022,18,41,US-64/70 SR-1 SUMMER AVE,2,US Highway,Urbano,Arteria Principal,State Highway Agency,1,Sin jurisdiccion especial,114,35.1486,-89.89789722,Vehiculo en movimiento,Angulo,Four-Way Intersection,Interseccion de 4 direcciones,Sobre calle,Ninguna,Dia total,Despejado,No,NO APLICA,99,99,99,99,1,12/05/2022,4