Estado,Nombre de Estado,Numero de Caso,Peatones,Personas _no_vehiculos,Vehiculos automotores,Vehiculos estacionados,Condado,Nombre Condado,Ciudad,Nombre Ciudad,Mes,Nombre Mes,Dia,Año,Hora,Minuto,Calle,Ruta,Nombre Ruta,Rural o Urbanoo,Sistema Funcional,Dueño Calle,Sistema Nacional Carreteras,Jurisdiccion Especial,Milla,Latitud,Longitud,Causa del Accidente,Tipo de Accidente,Tipo Interseccion,Columna1,Lugar en la calle,Zona de Trabajo,Luz,Clima,Autobus Escolar,Cruce de Trenes,Hora Notificacion,Minuto Notificacion,Hora Llegada,Minuto Llegada,Decesos,Fecha,PersonaVehiculo
47,Tennessee,470396,0,0,2,0,149,RUTHERFORD (149),2250,SMYRNA,5,Mayo,12,2022,11,32,US-41/70S SR-1 N LOWRY ST,2,US Highway,Urbano,Arteria Principal,State Highway Agency,1,Sin jurisdiccion especial,34,36.0017,-86.53578889,Vehiculo en movimiento,Angulo,T-Intersection,Interseccion de T,Sobre calle,Ninguna,Dia total,Despejado,No,NO APLICA,99,99,99,99,1,12/05/2022,2
47,Tennessee,470397,0,0,2,0,77,HENDERSON (77),1390,LEXINGTON,5,Mayo,9,2022,8,8,CR-TIMBERLAKE WILDERSVILLE RD,4,Calle del Condado,Urbano,Colector Menor,County Highway Agency,0,Sin jurisdiccion especial,9,35.70328889,-88.37473889,Vehiculo en movimiento,Frente a frente,Not an Intersection,No fue interseccion,Sobre calle,Ninguna,Dia total,Despejado,No,NO APLICA,99,99,99,99,1,09/05/2022,3
47,Tennessee,470398,0,0,3,0,39,DECATUR (39),0,NO APLICA,5,Mayo,14,2022,12,20,SR-100,3,Highway estatal,Rural,Arteria Menor,State Highway Agency,0,Sin jurisdiccion especial,46,35.55426944,-88.16918056,Vehiculo en movimiento,Frente a Detrás,Not an Intersection,No fue interseccion,Sobre calle,Ninguna,Dia total,Despejado,No,NO APLICA,99,99,99,99,1,14/05/2022,7
47,Tennessee,470399,0,0,2,0,37,DAVIDSON (37),1760,NASHVILLE,5,Mayo,15,2022,3,1,MCCALL ST,6,Calle Local Municipalidad,Urbano,Arteria Menor,City or Municipal Highway Agency,0,Sin jurisdiccion especial,69,36.0985,-86.72801111,Vehiculo en movimiento,Frente a frente,Not an Intersection,No fue interseccion,Sobre calle,Ninguna,Oscuro sin iluminacion,Despejado,No,NO APLICA,99,99,99,99,2,15/05/2022,4
47,Tennessee,470400,0,0,1,0,93,KNOX (93),0,NO APLICA,5,Mayo,18,2022,15,53,CR-MARTIN MILL PK,4,Calle del Condado,Urbano,Colector Menor,County Highway Agency,0,Sin jurisdiccion especial,47,35.89336944,-83.911,Volcadura,El primer evento no fue una colision con un vehiculo automotor en transporte,Not an Intersection,No fue interseccion,Sobre el lado de la calle,Ninguna,Dia total,Despejado,No,NO APLICA,99,99,99,99,1,18/05/2022,2
47,Tennessee,470401,0,0,1,0,55,GILES (55),0,NO APLICA,5,Mayo,15,2022,16,48,SR-11 MINOR HILL HWY,3,Highway estatal,Rural,Arteria Menor,State Highway Agency,0,Sin jurisdiccion especial,118,35.13566111,-87.10743056,Volcadura,El primer evento no fue una colision con un vehiculo automotor en transporte,Not an Intersection,No fue interseccion,Sobre calle,Ninguna,Dia total,Despejado,No,NO APLICA,99,99,99,99,1,15/05/2022,2
47,Tennessee,470402,0,3,3,1,37,DAVIDSON (37),960,GOODLETTSVILLE,5,Mayo,16,2022,13,23,RIVERGATE PKWY,6,Calle Local Municipalidad,Urbano,Arteria Menor,City or Municipal Highway Agency,0,Sin jurisdiccion especial,27,36.30073056,-86.70095,Vehiculo en movimiento,Angulo,Four-Way Intersection,Interseccion de 4 direcciones,Sobre calle,Ninguna,Dia total,Despejado,No,NO APLICA,99,99,99,99,1,16/05/2022,3
47,Tennessee,470403,0,0,2,0,185,WHITE (185),0,NO APLICA,5,Mayo,16,2022,16,29,SR-136 OLD KENTUCKY RD,3,Highway estatal,Rural,Colector Mayor,State Highway Agency,0,Sin jurisdiccion especial,131,35.97596111,-85.56101944,Vehiculo en movimiento,Angulo,Not an Intersection,No fue interseccion,Sobre calle,Ninguna,Dia total,Despejado,No,NO APLICA,99,99,99,99,1,16/05/2022,2
47,Tennessee,470405,0,0,1,0,141,PUTNAM (141),0,NO APLICA,5,Mayo,17,2022,21,53,CR-THORN GAP RD,4,Calle del Condado,Rural,Local,County Highway Agency,0,Sin jurisdiccion especial,5,36.19713056,-85.32971944,Otro objeto (no fijo),El primer evento no fue una colision con un vehiculo automotor en transporte,Not an Intersection,No fue interseccion,Sobre el lado de la calle,Ninguna,Oscuro sin iluminacion,Despejado,No,NO APLICA,99,99,99,99,1,17/05/2022,2
47,Tennessee,470407,0,0,1,0,71,HARDIN (71),0,NO APLICA,5,Mayo,15,2022,0,50,US-641 SR-114 BILLY NANCE MEMO,2,US Highway,Rural,Arteria Principal,State Highway Agency,1,Sin jurisdiccion especial,28,35.40286944,-88.05821944,Fin de valla,El primer evento no fue una colision con un vehiculo automotor en transporte,Not an Intersection,No fue interseccion,Sobre el lado de la calle,Ninguna,Oscuro sin iluminacion,Nublado,No,NO APLICA,99,99,99,99,1,15/05/2022,2
47,Tennessee,470408,0,0,2,0,97,LAUDERDALE (97),0,NO APLICA,5,Mayo,13,2022,10,16,US-51 SR-3 JERE B FORD HWY,2,US Highway,Rural,Arteria Principal,State Highway Agency,1,Sin jurisdiccion especial,15,35.65563056,-89.59593889,Vehiculo en movimiento,Frente a Detrás,Not an Intersection,No fue interseccion,Sobre calle,Ninguna,Dia total,Despejado,No,NO APLICA,99,99,99,99,1,13/05/2022,2
47,Tennessee,470409,0,0,1,0,163,SULLIVAN (163),0,NO APLICA,5,Mayo,19,2022,7,1,SR-126 MEMORIAL BLVD,3,Highway estatal,Urbano,Arteria Menor,State Highway Agency,0,Sin jurisdiccion especial,79,36.54895,-82.45026944,Arbol,El primer evento no fue una colision con un vehiculo automotor en transporte,Not an Intersection,No fue interseccion,Sobre el lado de la calle,Ninguna,Dia total,Despejado,No,NO APLICA,99,99,99,99,1,19/05/2022,1
47,Tennessee,470410,0,0,1,0,81,HICKMAN (81),0,NO APLICA,5,Mayo,19,2022,11,4,I-40,1,Interestatal,Rural,Interestatal,State Highway Agency,1,Sin jurisdiccion especial,10,35.97673056,-87.51453056,Arbol,El primer evento no fue una colision con un vehiculo automotor en transporte,Not an Intersection,No fue interseccion,Sobre el lado de la calle,Ninguna,Dia total,Despejado,No,NO APLICA,99,99,99,99,1,19/05/2022,1
47,Tennessee,470411,0,0,2,0,139,POLK (139),0,NO APLICA,5,Mayo,14,2022,21,20,US-64/74 SR-40,2,US Highway,Rural,Arteria Principal,State Highway Agency,1,Sin jurisdiccion especial,48,35.09898056,-84.65143056,Vehiculo en movimiento,Angulo,T-Intersection,Interseccion de T,Sobre calle,Ninguna,Oscuro sin iluminacion,Despejado,No,NO APLICA,99,99,99,99,1,14/05/2022,7
47,Tennessee,470412,0,0,1,0,11,BRADLEY (11),0,NO APLICA,5,Mayo,19,2022,15,48,CR-PEACH ORCHARD HILL RD NE,4,Calle del Condado,Urbano,Colector Mayor,County Highway Agency,0,Sin jurisdiccion especial,44,35.1653,-84.80386111,Culvert,El primer evento no fue una colision con un vehiculo automotor en transporte,Not an Intersection,No fue interseccion,Sobre el lado de la calle,Ninguna,Dia total,Despejado,No,NO APLICA,99,99,99,99,1,19/05/2022,1
47,Tennessee,470414,0,0,1,0,3,BEDFORD (3),2200,SHELBYVILLE,5,Mayo,20,2022,12,15,CR-SHAW RD,4,Calle del Condado,Urbano,Local,County Highway Agency,0,Sin jurisdiccion especial,12,35.52225,-86.48378889,Arbol,El primer evento no fue una colision con un vehiculo automotor en transporte,Not an Intersection,No fue interseccion,Sobre el lado de la calle,Ninguna,Dia total,Despejado,No,NO APLICA,99,99,99,99,1,20/05/2022,1
47,Tennessee,470415,0,0,1,0,179,WASHINGTON (179),0,NO APLICA,5,Mayo,21,2022,99,99,CR-TELFORD SCHOOL RD,4,Calle del Condado,Rural,Local,County Highway Agency,0,Sin jurisdiccion especial,25,36.22805,-82.55461944,Culvert,El primer evento no fue una colision con un vehiculo automotor en transporte,Not an Intersection,No fue interseccion,Sobre el lado de la calle,Ninguna,Oscuro sin iluminacion,Despejado,No,NO APLICA,6,10,7,10,1,21/05/2022,1
47,Tennessee,470416,0,0,1,0,145,ROANE (145),0,NO APLICA,5,Mayo,21,2022,14,19,I-40,1,Interestatal,Urbano,Interestatal,State Highway Agency,1,Sin jurisdiccion especial,25,35.89591944,-84.66483056,Arbol,El primer evento no fue una colision con un vehiculo automotor en transporte,Not an Intersection,No fue interseccion,Sobre el lado de la calle,Ninguna,Dia total,lluvia,No,NO APLICA,99,99,99,99,1,21/05/2022,1
47,Tennessee,470417,1,1,1,0,37,DAVIDSON (37),1760,NASHVILLE,5,Mayo,13,2022,20,17,SR-255 HARDING PL,3,Highway estatal,Urbano,Arteria Principal,State Highway Agency,1,Sin jurisdiccion especial,26,36.07888056,-86.72846111,Peaton,El primer evento no fue una colision con un vehiculo automotor en transporte,Not an Intersection,No fue interseccion,Sobre calle,Ninguna,Oscuro con iluminacion,Despejado,No,NO APLICA,99,99,99,99,1,13/05/2022,2
47,Tennessee,470418,1,1,1,0,1,ANDERSON (1),1870,OLIVER SPRINGS,5,Mayo,4,2022,22,0,SR-330 E SPRING ST,3,Highway estatal,Rural,Colector Mayor,State Highway Agency,0,Sin jurisdiccion especial,10,36.04538056,-84.32268056,Peaton,El primer evento no fue una colision con un vehiculo automotor en transporte,Not an Intersection,No fue interseccion,Sobre calle,Ninguna,Oscuro sin iluminacion,Despejado,No,NO APLICA,99,99,99,99,1,04/05/2022,1
47,Tennessee,470419,0,0,1,0,85,HUMPHREYS (85),0,NO APLICA,5,Mayo,15,2022,8,49,CHARLES WEBB DR,6,Calle Local Municipalidad,Rural,Local,City or Municipal Highway Agency,0,Sin jurisdiccion especial,3,36.02246111,-87.96361944,Poste o otros soportes,El primer evento no fue una colision con un vehiculo automotor en transporte,Not an Intersection,No fue interseccion,Sobre el lado de la calle,Ninguna,Dia total,Despejado,No,NO APLICA,99,99,99,99,1,15/05/2022,1
47,Tennessee,470420,0,0,1,0,37,DAVIDSON (37),1760,NASHVILLE,5,Mayo,16,2022,15,49,HESTER BEASLEY RD,6,Calle Local Municipalidad,Rural,Local,City or Municipal Highway Agency,0,Sin jurisdiccion especial,4,36.01818889,-87.02185,Arbol,El primer evento no fue una colision con un vehiculo automotor en transporte,Not an Intersection,No fue interseccion,Sobre el lado de la calle,Ninguna,Dia total,Despejado,No,NO APLICA,99,99,99,99,1,16/05/2022,1
47,Tennessee,470421,0,0,2,0,63,HAMBLEN (63),1700,MORRISTOWN,5,Mayo,19,2022,99,99,I-81,1,Interestatal,Rural,Interestatal,State Highway Agency,1,Sin jurisdiccion especial,51,36.17305,-83.21018056,Vehiculo en movimiento,Frente a Detrás,Not an Intersection,No fue interseccion,Sobre calle,Ninguna,Oscuro sin iluminacion,Despejado,No,NO APLICA,99,99,99,99,1,19/05/2022,4
47,Tennessee,470422,1,1,1,0,37,DAVIDSON (37),1760,NASHVILLE,5,Mayo,20,2022,18,46,US-41/70 SR-1 MURFREESBORO RD,2,US Highway,Urbano,Arteria Principal,State Highway Agency,1,Sin jurisdiccion especial,216,36.13206944,-86.71833889,Peaton,El primer evento no fue una colision con un vehiculo automotor en transporte,Not an Intersection,No fue interseccion,Sobre calle,Ninguna,Dia total,Despejado,No,NO APLICA,99,99,99,99,1,20/05/2022,1
47,Tennessee,470423,0,0,1,0,121,MEIGS (121),0,NO APLICA,5,Mayo,15,2022,20,20,SR-304 RIVER RD,3,Highway estatal,Rural,Colector Mayor,State Highway Agency,0,Sin jurisdiccion especial,71,35.60095,-84.76726944,Volcadura,El primer evento no fue una colision con un vehiculo automotor en transporte,Not an Intersection,No fue interseccion,Sobre calle,Ninguna,Oscuro sin iluminacion,Despejado,No,NO APLICA,99,99,99,99,1,15/05/2022,1
47,Tennessee,470424,0,0,1,0,81,HICKMAN (81),0,NO APLICA,5,Mayo,21,2022,8,55,SR-48,3,Highway estatal,Rural,Colector Mayor,State Highway Agency,0,Sin jurisdiccion especial,217,35.87283889,-87.47163056,Acotamiento,El primer evento no fue una colision con un vehiculo automotor en transporte,Not an Intersection,No fue interseccion,Sobre el lado de la calle,Ninguna,Dia total,Despejado,No,NO APLICA,99,99,99,99,1,21/05/2022,2
47,Tennessee,470425,1,1,1,0,37,DAVIDSON (37),1760,NASHVILLE,5,Mayo,21,2022,23,2,I-65,1,Interestatal,Urbano,Interestatal,State Highway Agency,1,Sin jurisdiccion especial,114,36.20213056,-86.77663056,Peaton,El primer evento no fue una colision con un vehiculo automotor en transporte,Not an Intersection,No fue interseccion,Sobre calle,Ninguna,Oscuro con iluminacion,lluvia,No,NO APLICA,99,99,99,99,1,21/05/2022,2
47,Tennessee,470426,0,0,3,0,157,SHELBY (157),1620,MEMPHIS,5,Mayo,13,2022,23,42,WHITTEN RD,6,Calle Local Municipalidad,Urbano,Arteria Menor,City or Municipal Highway Agency,0,Sin jurisdiccion especial,37,35.18533333,-89.83523056,Vehiculo en movimiento,Angulo,Not an Intersection,No fue interseccion,Sobre calle,Ninguna,Oscuro con iluminacion,Despejado,No,NO APLICA,99,99,99,99,1,13/05/2022,5
47,Tennessee,470427,1,1,1,0,157,SHELBY (157),1620,MEMPHIS,5,Mayo,18,2022,20,44,SR-14 JACKSON AVE,3,Highway estatal,Urbano,Arteria Principal,State Highway Agency,1,Sin jurisdiccion especial,173,35.16448333,-89.95328056,Peaton,El primer evento no fue una colision con un vehiculo automotor en transporte,T-Intersection,Interseccion de T,Sobre calle,Ninguna,Oscuro con iluminacion,Despejado,No,NO APLICA,99,99,99,99,1,18/05/2022,4
47,Tennessee,470428,0,0,1,0,37,DAVIDSON (37),1760,NASHVILLE,5,Mayo,22,2022,2,21,US-31A/41A SR-11 NOLENSVILLE P,2,US Highway,Urbano,Arteria Principal,State Highway Agency,1,Sin jurisdiccion especial,64,36.07076944,-86.72306944,Poste,El primer evento no fue una colision con un vehiculo automotor en transporte,Not an Intersection,No fue interseccion,Sobre el lado de la calle,Ninguna,Oscuro con iluminacion,lluvia,No,NO APLICA,99,99,99,99,1,22/05/2022,2
47,Tennessee,470429,0,0,2,0,149,RUTHERFORD (149),1750,MURFREESBORO,5,Mayo,23,2022,15,15,SR-96 LASCASSAS PK,3,Highway estatal,Urbano,Arteria Menor,State Highway Agency,0,Sin jurisdiccion especial,151,35.88505,-86.34343056,Vehiculo en movimiento,Frente a frente,Not an Intersection,No fue interseccion,Sobre calle,Ninguna,Dia total,Nublado,No,NO APLICA,99,99,99,99,1,23/05/2022,6
47,Tennessee,470430,0,0,1,0,147,ROBERTSON (147),0,NO APLICA,5,Mayo,23,2022,1,24,I-65,1,Interestatal,Urbano,Interestatal,State Highway Agency,1,Sin jurisdiccion especial,153,36.60533056,-86.58346111,Arbol,El primer evento no fue una colision con un vehiculo automotor en transporte,Not an Intersection,No fue interseccion,Sobre el lado de la calle,Construccion,Oscuro sin iluminacion,Nublado,No,NO APLICA,99,99,99,99,1,23/05/2022,1
47,Tennessee,470431,0,0,2,0,89,JEFFERSON (89),1230,JEFFERSON CITY,5,Mayo,23,2022,12,15,US-11 SR-34 E BROADWAY BLVD,2,US Highway,Urbano,Arteria Principal,State Highway Agency,1,Sin jurisdiccion especial,155,36.14548889,-83.44051111,Vehiculo en movimiento,Angulo,Not an Intersection,No fue interseccion,En el medio,Ninguna,Dia total,lluvia,No,NO APLICA,99,99,99,99,1,23/05/2022,3
47,Tennessee,470432,0,0,5,0,35,CUMBERLAND (35),0,NO APLICA,5,Mayo,21,2022,13,52,US-70 SR-1 SPARTA HWY,2,US Highway,Rural,Arteria Principal,State Highway Agency,1,Sin jurisdiccion especial,63,35.97146111,-85.15748056,Vehiculo en movimiento,Frente a Detrás,Not an Intersection,No fue interseccion,Sobre calle,Ninguna,Dia total,Despejado,No,NO APLICA,99,99,99,99,1,21/05/2022,7
47,Tennessee,470433,1,1,1,0,157,SHELBY (157),1620,MEMPHIS,5,Mayo,24,2022,20,38,S PARKWAY W,6,Calle Local Municipalidad,Urbano,Arteria Menor,City or Municipal Highway Agency,0,Sin jurisdiccion especial,6,35.10781111,-90.06566944,Peaton,El primer evento no fue una colision con un vehiculo automotor en transporte,Not an Intersection,No fue interseccion,Sobre calle,Ninguna,Oscuro con iluminacion,Despejado,No,NO APLICA,99,99,99,99,1,24/05/2022,1
47,Tennessee,470434,0,0,1,0,65,HAMILTON (65),400,CHATTANOOGA,5,Mayo,21,2022,3,3,I-24 US-27,1,Interestatal,Urbano,Interestatal,State Highway Agency,1,Sin jurisdiccion especial,6,35.03781389,-85.31968889,Valla Ferrocarril,El primer evento no fue una colision con un vehiculo automotor en transporte,Not an Intersection,No fue interseccion,Sobre el lado de la calle,Ninguna,Oscuro con iluminacion,Despejado,No,NO APLICA,99,99,99,99,1,21/05/2022,1
47,Tennessee,470436,0,0,1,0,1,ANDERSON (1),0,NO APLICA,5,Mayo,22,2022,18,18,US-441 SR-71 NORRIS FWY,2,US Highway,Rural,Colector Mayor,State Highway Agency,0,Sin jurisdiccion especial,7,36.23251944,-84.11035,Acotamiento,El primer evento no fue una colision con un vehiculo automotor en transporte,Not an Intersection,No fue interseccion,Sobre el lado de la calle,Ninguna,Dia total,Despejado,No,NO APLICA,99,99,99,99,1,22/05/2022,2
47,Tennessee,470437,0,0,1,0,189,WILSON (189),0,NO APLICA,5,Mayo,20,2022,1,0,SR-452 BILL FRANCE BLVD,3,Highway estatal,Rural,Arteria Menor,State Highway Agency,0,Sin jurisdiccion especial,2,36.02358056,-86.38313889,Arbol,El primer evento no fue una colision con un vehiculo automotor en transporte,Not an Intersection,No fue interseccion,Sobre el lado de la calle,Ninguna,Oscuro sin iluminacion,Despejado,No,NO APLICA,99,99,99,99,1,20/05/2022,1
47,Tennessee,470438,0,0,2,0,53,GIBSON (53),1170,HUMBOLDT,5,Mayo,27,2022,18,24,US-45 SR-5 N CENTRAL AVE,2,US Highway,Urbano,Arteria Principal,State Highway Agency,1,Sin jurisdiccion especial,42,35.83725,-88.91508889,Vehiculo en movimiento,Angulo,Four-Way Intersection,Interseccion de 4 direcciones,Sobre calle,Ninguna,Dia total,Nublado,No,NO APLICA,99,99,99,99,1,27/05/2022,2
47,Tennessee,470439,0,0,2,0,81,HICKMAN (81),0,NO APLICA,5,Mayo,27,2022,13,8,SR-230 LITTLE LOT RD,3,Highway estatal,Rural,Colector Mayor,State Highway Agency,0,Sin jurisdiccion especial,59,35.82228889,-87.32776111,Vehiculo en movimiento,Angulo,T-Intersection,Interseccion de T,Sobre calle,Ninguna,Dia total,Nublado,No,NO APLICA,99,99,99,99,1,27/05/2022,2
47,Tennessee,470440,1,1,1,0,157,SHELBY (157),1620,MEMPHIS,5,Mayo,27,2022,7,9,I-240,1,Interestatal,Urbano,Interestatal,State Highway Agency,1,Sin jurisdiccion especial,9,35.13758611,-90.02411944,Peaton,El primer evento no fue una colision con un vehiculo automotor en transporte,Not an Intersection,No fue interseccion,Sobre calle,Ninguna,Dia total,Despejado,No,NO APLICA,99,99,99,99,1,27/05/2022,1
47,Tennessee,470441,0,0,1,0,57,GRAINGER (57),0,NO APLICA,5,Mayo,24,2022,18,59,US-11W SR-1,2,US Highway,Rural,Arteria Menor,State Highway Agency,0,Sin jurisdiccion especial,206,36.30653889,-83.43611111,Volcadura,El primer evento no fue una colision con un vehiculo automotor en transporte,Not an Intersection,No fue interseccion,Sobre el lado de la calle,Ninguna,Dia total,Despejado,No,NO APLICA,99,99,99,99,1,24/05/2022,1
47,Tennessee,470442,0,0,2,0,45,DYER (45),710,DYERSBURG,5,Mayo,24,2022,20,12,SR-78 LAKE RD,3,Highway estatal,Urbano,Arteria Principal,State Highway Agency,0,Sin jurisdiccion especial,25,36.07056944,-89.3968,Vehiculo en movimiento,Angulo,T-Intersection,Interseccion de T,Sobre calle,Ninguna,Oscuro con iluminacion,lluvia,No,NO APLICA,99,99,99,99,2,24/05/2022,4
47,Tennessee,470444,0,0,2,0,157,SHELBY (157),1620,MEMPHIS,5,Mayo,27,2022,19,14,SEMMES ST,6,Calle Local Municipalidad,Urbano,Arteria Menor,City or Municipal Highway Agency,0,Sin jurisdiccion especial,23,35.08606111,-89.9663,Vehiculo en movimiento,Angulo,Four-Way Intersection,Interseccion de 4 direcciones,Sobre calle,Ninguna,Dia total,Despejado,No,NO APLICA,99,99,99,99,1,27/05/2022,2
47,Tennessee,470445,0,0,2,0,37,DAVIDSON (37),1760,NASHVILLE,5,Mayo,27,2022,1,38,I-40,1,Interestatal,Urbano,Interestatal,State Highway Agency,1,Sin jurisdiccion especial,43,36.07713056,-86.96518056,Vehiculo en movimiento,Frente a Detrás,Not an Intersection,No fue interseccion,Sobre Acotamiento,Ninguna,Oscuro sin iluminacion,Despejado,No,NO APLICA,99,99,99,99,1,27/05/2022,2
47,Tennessee,470446,0,0,1,0,75,HAYWOOD (75),0,NO APLICA,5,Mayo,21,2022,19,43,CR-SHEPP RD,4,Calle del Condado,Rural,Local,County Highway Agency,0,Sin jurisdiccion especial,52,35.50118056,-89.3336,Alguien se cayo/avento del vehiculo,El primer evento no fue una colision con un vehiculo automotor en transporte,Not an Intersection,No fue interseccion,Sobre calle,Ninguna,Atardecer,Nublado,No,NO APLICA,99,99,99,99,1,21/05/2022,3
47,Tennessee,470447,0,0,1,0,37,DAVIDSON (37),1760,NASHVILLE,5,Mayo,29,2022,1,17,EWING DR,6,Calle Local Municipalidad,Urbano,Colector Mayor,City or Municipal Highway Agency,0,Sin jurisdiccion especial,24,36.23013889,-86.77136944,Soporte de Puente,El primer evento no fue una colision con un vehiculo automotor en transporte,Not an Intersection,No fue interseccion,Sobre el lado de la calle,Ninguna,Oscuro con iluminacion,Despejado,No,NO APLICA,99,99,99,99,1,29/05/2022,1
47,Tennessee,470448,0,0,2,0,157,SHELBY (157),1620,MEMPHIS,5,Mayo,30,2022,7,1,US-64/70 SR-1 DANNY THOMAS BLV,2,US Highway,Urbano,Arteria Principal,State Highway Agency,1,Sin jurisdiccion especial,11,35.12438056,-90.04695,Vehiculo en movimiento,Frente a Detrás,Four-Way Intersection,Interseccion de 4 direcciones,Sobre calle,Ninguna,Dia total,Despejado,No,NO APLICA,99,99,99,99,1,30/05/2022,2
47,Tennessee,470449,0,0,1,0,157,SHELBY (157),1620,MEMPHIS,5,Mayo,30,2022,18,25,VOLLINTINE AVE,6,Calle Local Municipalidad,Urbano,Colector Mayor,City or Municipal Highway Agency,0,Sin jurisdiccion especial,9,35.16371389,-90.00065556,Poste,El primer evento no fue una colision con un vehiculo automotor en transporte,Four-Way Intersection,Interseccion de 4 direcciones,Sobre el lado de la calle,Ninguna,Dia total,Despejado,No,NO APLICA,99,99,99,99,1,30/05/2022,1
47,Tennessee,470450,1,1,1,0,157,SHELBY (157),1620,MEMPHIS,5,Mayo,26,2022,8,15,SR-175 SHELBY DR,3,Highway estatal,Urbano,Arteria Principal,State Highway Agency,1,Sin jurisdiccion especial,50,35.02094722,-90.01988889,Peaton,El primer evento no fue una colision con un vehiculo automotor en transporte,Not an Intersection,No fue interseccion,Sobre calle,Ninguna,Dia total,Despejado,No,NO APLICA,99,99,99,99,1,26/05/2022,2
47,Tennessee,470451,0,0,2,0,157,SHELBY (157),1338,LAKELAND,4,Abril,29,2022,16,9,US-70/79 SR-1,2,US Highway,Urbano,Arteria Principal,State Highway Agency,1,Sin jurisdiccion especial,247,35.26674444,-89.71921667,Vehiculo en movimiento,Angulo,T-Intersection,Interseccion de T,Sobre calle,Ninguna,Dia total,Despejado,No,NO APLICA,99,99,99,99,1,29/04/2022,3
47,Tennessee,470452,0,0,1,0,127,MOORE (127),1470,LYNCHBURG,5,Mayo,29,2022,12,46,SR-55 LYNCHBURG HWY,3,Highway estatal,Rural,Arteria Principal,State Highway Agency,1,Sin jurisdiccion especial,31,35.30341111,-86.36313056,Arbol,El primer evento no fue una colision con un vehiculo automotor en transporte,Not an Intersection,No fue interseccion,Sobre el lado de la calle,Ninguna,Dia total,Despejado,No,NO APLICA,99,99,99,99,1,29/05/2022,2
47,Tennessee,470453,0,0,1,0,77,HENDERSON (77),0,NO APLICA,6,Junio,2,2022,5,40,CR-SAND RIDGE RD,4,Calle del Condado,Rural,Colector Menor,County Highway Agency,0,Sin jurisdiccion especial,6,35.64758889,-88.53835,Arbol,El primer evento no fue una colision con un vehiculo automotor en transporte,Not an Intersection,No fue interseccion,Sobre el lado de la calle,Ninguna,Dia total,Despejado,No,NO APLICA,5,48,6,0,1,02/06/2022,1
47,Tennessee,470454,1,1,1,0,165,SUMNER (165),1970,PORTLAND,5,Mayo,7,2022,20,57,SR-109 N BROADWAY,3,Highway estatal,Urbano,Arteria Principal,State Highway Agency,1,Sin jurisdiccion especial,202,36.59343056,-86.52731111,Ciclista,El primer evento no fue una colision con un vehiculo automotor en transporte,Not an Intersection,No fue interseccion,Sobre calle,Ninguna,Oscuro con iluminacion,Despejado,No,NO APLICA,99,99,99,99,1,07/05/2022,2
47,Tennessee,470455,0,0,1,0,187,WILLIAMSON (187),0,NO APLICA,6,Junio,3,2022,99,99,CR-BETHESDA RD,4,Calle del Condado,Rural,Colector Menor,County Highway Agency,0,Sin jurisdiccion especial,6,35.7681,-86.79998889,Zanja,El primer evento no fue una colision con un vehiculo automotor en transporte,Not an Intersection,No fue interseccion,Sobre el lado de la calle,Ninguna,Dia total,Despejado,No,NO APLICA,99,99,99,99,1,03/06/2022,1
47,Tennessee,470456,0,0,1,0,19,CARTER (19),0,NO APLICA,6,Junio,3,2022,16,0,US-19E SR-37,2,US Highway,Rural,Arteria Menor,State Highway Agency,0,Sin jurisdiccion especial,135,36.24371111,-82.19093056,Arbol,El primer evento no fue una colision con un vehiculo automotor en transporte,Not an Intersection,No fue interseccion,Sobre el lado de la calle,Ninguna,Dia total,Despejado,No,NO APLICA,15,53,16,47,1,03/06/2022,1
47,Tennessee,470458,1,1,1,0,157,SHELBY (157),1620,MEMPHIS,6,Junio,4,2022,1,4,US-51 SR-3 S BELLEVUE BLVD,2,US Highway,Urbano,Arteria Menor,State Highway Agency,0,Sin jurisdiccion especial,92,35.12844444,-90.02096111,Peaton,El primer evento no fue una colision con un vehiculo automotor en transporte,Four-Way Intersection,Interseccion de 4 direcciones,Sobre calle,Ninguna,Oscuro con iluminacion,Despejado,No,NO APLICA,99,99,99,99,1,04/06/2022,1
47,Tennessee,470459,0,0,1,0,147,ROBERTSON (147),0,NO APLICA,5,Mayo,11,2022,15,19,US-41 SR-11,2,US Highway,Rural,Arteria Principal,State Highway Agency,1,Sin jurisdiccion especial,137,36.54331944,-86.90796111,Buzon de correo,El primer evento no fue una colision con un vehiculo automotor en transporte,Not an Intersection,No fue interseccion,Sobre el lado de la calle,Ninguna,Dia total,Despejado,No,NO APLICA,99,99,99,99,1,11/05/2022,2
47,Tennessee,470460,0,0,2,0,37,DAVIDSON (37),1760,NASHVILLE,5,Mayo,8,2022,1,57,I-40,1,Interestatal,Urbano,Interestatal,State Highway Agency,1,Sin jurisdiccion especial,210,36.14366111,-86.73811111,Vehiculo en movimiento,Frente a Detrás,Not an Intersection,No fue interseccion,Sobre calle,Ninguna,Oscuro sin iluminacion,Despejado,No,NO APLICA,99,99,99,99,1,08/05/2022,2
47,Tennessee,470461,0,0,1,0,147,ROBERTSON (147),0,NO APLICA,5,Mayo,21,2022,22,57,CR-OWENS CHAPEL RD,4,Calle del Condado,Rural,Local,County Highway Agency,0,Sin jurisdiccion especial,30,36.51963889,-86.76401111,Buzon de correo,El primer evento no fue una colision con un vehiculo automotor en transporte,Not an Intersection,No fue interseccion,Sobre el lado de la calle,Ninguna,Oscuro sin iluminacion,Despejado,No,NO APLICA,99,99,99,99,1,21/05/2022,2
47,Tennessee,470462,0,0,2,0,167,TIPTON (167),0,NO APLICA,5,Mayo,27,2022,16,8,SR-206 ATOKA IDAVILLE RD,3,Highway estatal,Rural,Colector Mayor,State Highway Agency,0,Sin jurisdiccion especial,47,35.43671111,-89.7393,Vehiculo en movimiento,Frente a frente,Not an Intersection,No fue interseccion,Sobre calle,Ninguna,Dia total,Nublado,No,NO APLICA,99,99,99,99,1,27/05/2022,2