Estado,Nombre de Estado,Numero de Caso,Peatones,Personas _no_vehiculos,Vehiculos automotores,Vehiculos estacionados,Condado,Nombre Condado,Ciudad,Nombre Ciudad,Mes,Nombre Mes,Dia,Año,Hora,Minuto,Calle,Ruta,Nombre Ruta,Rural o Urbanoo,Sistema Funcional,Dueño Calle,Sistema Nacional Carreteras,Jurisdiccion Especial,Milla,Latitud,Longitud,Causa del Accidente,Tipo de Accidente,Tipo Interseccion,Columna1,Lugar en la calle,Zona de Trabajo,Luz,Clima,Autobus Escolar,Cruce de Trenes,Hora Notificacion,Minuto Notificacion,Hora Llegada,Minuto Llegada,Decesos,Fecha,PersonaVehiculo
47,Tennessee,470463,0,0,1,0,37,DAVIDSON (37),1245,JOELTON,6,Junio,3,2022,18,21,US-431 SR-65 WHITES CREEK PK,2,US Highway,Rural,Arteria Principal,State Highway Agency,1,Sin jurisdiccion especial,156,36.38351944,-86.8963,Arbol,El primer evento no fue una colision con un vehiculo automotor en transporte,Not an Intersection,No fue interseccion,Sobre el lado de la calle,Ninguna,Dia total,Despejado,No,NO APLICA,99,99,99,99,1,03/06/2022,2
47,Tennessee,470464,1,1,1,0,149,RUTHERFORD (149),1750,MURFREESBORO,6,Junio,3,2022,16,52,US-70S SR-1 MERCURY BLVD,2,US Highway,Urbano,Arteria Principal,State Highway Agency,1,Sin jurisdiccion especial,179,35.83706111,-86.37913056,Peaton,El primer evento no fue una colision con un vehiculo automotor en transporte,Not an Intersection,No fue interseccion,Sobre calle,Ninguna,Dia total,Despejado,No,NO APLICA,99,99,99,99,1,03/06/2022,3
47,Tennessee,470465,0,0,1,0,173,UNION (173),0,NO APLICA,6,Junio,5,2022,2,20,CR-WALKER FORD RD,4,Calle del Condado,Rural,Colector Menor,County Highway Agency,0,Sin jurisdiccion especial,52,36.27708889,-83.72795,Acotamiento,El primer evento no fue una colision con un vehiculo automotor en transporte,Not an Intersection,No fue interseccion,Sobre el lado de la calle,Ninguna,Oscuro sin iluminacion,Despejado,No,NO APLICA,99,99,99,99,1,05/06/2022,1
47,Tennessee,470466,0,0,2,0,157,SHELBY (157),1620,MEMPHIS,6,Junio,2,2022,21,17,SWINNEA RD,6,Calle Local Municipalidad,Urbano,Arteria Menor,City or Municipal Highway Agency,0,Sin jurisdiccion especial,5,35.04506944,-89.96395,Vehiculo en movimiento,Angulo,Not an Intersection,No fue interseccion,Sobre calle,Ninguna,Oscuro con iluminacion,Despejado,No,NO APLICA,99,99,99,99,2,02/06/2022,3
47,Tennessee,470467,0,0,1,0,37,DAVIDSON (37),1760,NASHVILLE,6,Junio,4,2022,15,45,I-40 RAMP,1,Interestatal,Urbano,Interestatal,State Highway Agency,1,Sin jurisdiccion especial,235,36.14478889,-86.69363889,Muro,El primer evento no fue una colision con un vehiculo automotor en transporte,Not an Intersection,No fue interseccion,Sobre el lado de la calle,Ninguna,Dia total,Despejado,No,NO APLICA,99,99,99,99,1,04/06/2022,1
47,Tennessee,470468,0,0,1,0,21,CHEATHAM (21),0,NO APLICA,6,Junio,5,2022,6,21,I-24,1,Interestatal,Rural,Interestatal,State Highway Agency,1,Sin jurisdiccion especial,18,36.35626111,-86.94468889,Arbol,El primer evento no fue una colision con un vehiculo automotor en transporte,Not an Intersection,No fue interseccion,En el medio,Ninguna,Amanecer,Despejado,No,NO APLICA,99,99,99,99,1,05/06/2022,1
47,Tennessee,470469,1,1,1,0,37,DAVIDSON (37),1760,NASHVILLE,6,Junio,8,2022,20,50,I-24 ENT RAMP,1,Interestatal,Urbano,Arteria Principal,State Highway Agency,1,Sin jurisdiccion especial,138,36.15436944,-86.75811111,Peaton,El primer evento no fue una colision con un vehiculo automotor en transporte,Not an Intersection,No fue interseccion,Sobre calle,Ninguna,Oscuro sin iluminacion,Despejado,No,NO APLICA,99,99,99,99,1,08/06/2022,1
47,Tennessee,470470,0,0,2,0,157,SHELBY (157),1620,MEMPHIS,6,Junio,7,2022,11,3,I-55,1,Interestatal,Urbano,Interestatal,State Highway Agency,1,Sin jurisdiccion especial,60,35.07336667,-90.03103889,Vehiculo en movimiento,Frente a Detrás,Not an Intersection,No fue interseccion,Sobre calle,Ninguna,Dia total,Nublado,No,NO APLICA,99,99,99,99,1,07/06/2022,3
47,Tennessee,470471,0,0,2,1,65,HAMILTON (65),400,CHATTANOOGA,6,Junio,8,2022,18,28,WEBB RD,6,Calle Local Municipalidad,Urbano,Colector Mayor,City or Municipal Highway Agency,0,Sin jurisdiccion especial,10,35.09617222,-85.18206667,Poste,El primer evento no fue una colision con un vehiculo automotor en transporte,Not an Intersection,No fue interseccion,Sobre el lado de la calle,Ninguna,Dia total,Despejado,No,NO APLICA,99,99,99,99,1,08/06/2022,1
47,Tennessee,470472,0,0,1,0,37,DAVIDSON (37),1760,NASHVILLE,5,Mayo,11,2022,23,25,US-31A/41A SR-11 DICKERSON PK,2,US Highway,Urbano,Arteria Principal,State Highway Agency,1,Sin jurisdiccion especial,174,36.24073889,-86.75736944,Volcadura,El primer evento no fue una colision con un vehiculo automotor en transporte,Not an Intersection,No fue interseccion,Sobre calle,Ninguna,Oscuro con iluminacion,Despejado,No,NO APLICA,99,99,99,99,1,11/05/2022,2
47,Tennessee,470473,0,0,1,0,77,HENDERSON (77),0,NO APLICA,5,Mayo,13,2022,11,30,CR-MITCHELL RD,4,Calle del Condado,Rural,Local,County Highway Agency,0,Sin jurisdiccion especial,2,35.43093889,-88.25885,Arbol,El primer evento no fue una colision con un vehiculo automotor en transporte,Not an Intersection,No fue interseccion,Sobre el lado de la calle,Ninguna,Dia total,Despejado,No,NO APLICA,99,99,99,99,1,13/05/2022,1
47,Tennessee,470474,0,0,1,0,123,MONROE (123),2369,SWEETWATER,5,Mayo,31,2022,19,23,SR-68,3,Highway estatal,Urbano,Arteria Principal,State Highway Agency,1,Sin jurisdiccion especial,4,35.59856111,-84.51348889,Alguien se cayo/avento del vehiculo,El primer evento no fue una colision con un vehiculo automotor en transporte,Not an Intersection,No fue interseccion,Sobre calle,Ninguna,Dia total,Despejado,No,NO APLICA,99,99,99,99,1,31/05/2022,1
47,Tennessee,470475,0,0,1,0,149,RUTHERFORD (149),0,NO APLICA,6,Junio,3,2022,99,99,CR-LEE RD,4,Calle del Condado,Urbano,Local,County Highway Agency,0,Sin jurisdiccion especial,22,35.94251944,-86.56688056,Arbol,El primer evento no fue una colision con un vehiculo automotor en transporte,Not an Intersection,No fue interseccion,Sobre el lado de la calle,Ninguna,Oscuro sin iluminacion,Despejado,No,NO APLICA,99,99,99,99,1,03/06/2022,1
47,Tennessee,470476,0,0,5,0,37,DAVIDSON (37),1760,NASHVILLE,6,Junio,5,2022,21,33,I-24,1,Interestatal,Urbano,Interestatal,State Highway Agency,1,Sin jurisdiccion especial,249,36.03631111,-86.6448,Vehiculo en movimiento,Golpe Lateral - misma direccion,Not an Intersection,No fue interseccion,Sobre calle,Construccion,Oscuro con iluminacion,Despejado,No,NO APLICA,99,99,99,99,1,05/06/2022,11
47,Tennessee,470477,0,0,1,0,29,COCKE (29),0,NO APLICA,6,Junio,6,2022,9,37,US-321 SR-35,2,US Highway,Rural,Arteria Menor,State Highway Agency,0,Sin jurisdiccion especial,42,35.98681111,-83.14258889,Buzon de correo,El primer evento no fue una colision con un vehiculo automotor en transporte,Not an Intersection,No fue interseccion,Sobre el lado de la calle,Ninguna,Dia total,Despejado,No,NO APLICA,99,99,99,99,1,06/06/2022,1
47,Tennessee,470478,0,0,1,0,161,STEWART (161),0,NO APLICA,6,Junio,6,2022,12,42,SR-49,3,Highway estatal,Rural,Arteria Menor,State Highway Agency,0,Sin jurisdiccion especial,92,36.43293889,-87.75496111,Arbusto,El primer evento no fue una colision con un vehiculo automotor en transporte,Not an Intersection,No fue interseccion,Sobre el lado de la calle,Ninguna,Dia total,Nublado,No,NO APLICA,99,99,99,99,1,06/06/2022,1
47,Tennessee,470479,0,0,2,0,63,HAMBLEN (63),0,NO APLICA,6,Junio,7,2022,16,14,CR-BETHEL RD,4,Calle del Condado,Rural,Local,County Highway Agency,0,Sin jurisdiccion especial,5,36.18963889,-83.24316944,Vehiculo en movimiento,Frente a frente,Not an Intersection,No fue interseccion,Sobre calle,Ninguna,Dia total,Despejado,No,NO APLICA,99,99,99,99,1,07/06/2022,2
47,Tennessee,470480,4,4,1,0,65,HAMILTON (65),400,CHATTANOOGA,6,Junio,5,2022,2,40,MCCALLIE AVE,6,Calle Local Municipalidad,Urbano,Arteria Menor,City or Municipal Highway Agency,0,Sin jurisdiccion especial,3,35.03445,-85.27085278,Peaton,El primer evento no fue una colision con un vehiculo automotor en transporte,Not an Intersection,No fue interseccion,Sobre calle,Ninguna,Oscuro con iluminacion,Despejado,No,NO APLICA,99,99,99,99,1,05/06/2022,1
47,Tennessee,470481,0,0,2,0,65,HAMILTON (65),400,CHATTANOOGA,5,Mayo,29,2022,17,15,I-24 US-27,1,Interestatal,Urbano,Interestatal,State Highway Agency,1,Sin jurisdiccion especial,130,35.00895833,-85.23804722,Vehiculo en movimiento,Golpe Lateral - misma direccion,Not an Intersection,No fue interseccion,Sobre calle,Ninguna,Dia total,Despejado,No,NO APLICA,99,99,99,99,1,29/05/2022,2
47,Tennessee,470482,0,0,1,0,115,MARION (115),0,NO APLICA,6,Junio,4,2022,1,47,SR-156 SOUTH PITTSBURG MOUNTAI,3,Highway estatal,Rural,Colector Mayor,State Highway Agency,0,Sin jurisdiccion especial,109,35.03661944,-85.74666944,Arbol,El primer evento no fue una colision con un vehiculo automotor en transporte,Not an Intersection,No fue interseccion,Sobre el lado de la calle,Ninguna,Oscuro sin iluminacion,Despejado,No,NO APLICA,1,55,2,15,4,04/06/2022,5
47,Tennessee,470483,0,0,4,0,17,CARROLL (17),0,NO APLICA,6,Junio,3,2022,5,18,US-70 SR-1,2,US Highway,Rural,Arteria Menor,State Highway Agency,0,Sin jurisdiccion especial,76,35.86473889,-88.55403056,Vehiculo en movimiento,Frente a frente,Not an Intersection,No fue interseccion,Sobre calle,Ninguna,Dia total,Despejado,No,NO APLICA,5,20,5,40,1,03/06/2022,4
47,Tennessee,470484,0,0,2,0,59,GREENE (59),0,NO APLICA,6,Junio,6,2022,15,49,SR-351 RHEATOWN RD,3,Highway estatal,Urbano,Colector Mayor,State Highway Agency,0,Sin jurisdiccion especial,190,36.23653889,-82.70093056,Vehiculo en movimiento,Frente a frente,Not an Intersection,No fue interseccion,Sobre calle,Ninguna,Dia total,Despejado,No,NO APLICA,15,45,16,57,1,06/06/2022,2
47,Tennessee,470486,0,0,1,0,119,MAURY (119),0,NO APLICA,6,Junio,4,2022,8,6,I-65,1,Interestatal,Rural,Interestatal,State Highway Agency,1,Sin jurisdiccion especial,40,35.54353056,-86.9062,Fin de valla,El primer evento no fue una colision con un vehiculo automotor en transporte,Not an Intersection,No fue interseccion,En el medio,Ninguna,Dia total,Despejado,No,NO APLICA,99,99,99,99,1,04/06/2022,1
47,Tennessee,470487,0,0,1,0,59,GREENE (59),0,NO APLICA,6,Junio,10,2022,16,12,CR-OLD MILBURNTON,4,Calle del Condado,Rural,Local,County Highway Agency,0,Sin jurisdiccion especial,8,36.31373333,-82.65873056,Arbol,El primer evento no fue una colision con un vehiculo automotor en transporte,Not an Intersection,No fue interseccion,Sobre el lado de la calle,Ninguna,Dia total,Despejado,No,NO APLICA,99,99,99,99,1,10/06/2022,1
47,Tennessee,470488,0,0,6,0,157,SHELBY (157),1620,MEMPHIS,6,Junio,11,2022,20,25,SR-14 JACKSON AVE,3,Highway estatal,Urbano,Arteria Principal,State Highway Agency,1,Sin jurisdiccion especial,164,35.15916111,-89.96661944,Vehiculo en movimiento,Frente a Detrás,T-Intersection,Interseccion de T,Sobre calle,Ninguna,Oscuro con iluminacion,Despejado,No,NO APLICA,99,99,99,99,1,11/06/2022,8
47,Tennessee,470489,0,0,2,0,31,COFFEE (31),0,NO APLICA,6,Junio,7,2022,16,6,SR-55 MCMINNVILLE HWY,3,Highway estatal,Rural,Arteria Principal,State Highway Agency,1,Sin jurisdiccion especial,187,35.52473889,-86.01843056,Vehiculo en movimiento,Angulo,Not an Intersection,No fue interseccion,Sobre calle,Ninguna,Dia total,lluvia,No,NO APLICA,99,99,99,99,1,07/06/2022,2
47,Tennessee,470490,0,0,2,0,157,SHELBY (157),1620,MEMPHIS,6,Junio,12,2022,3,33,US-61/64 SR-1 E H CRUMP BLVD,2,US Highway,Urbano,Arteria Principal,State Highway Agency,1,Sin jurisdiccion especial,7,35.12457222,-90.054925,Vehiculo en movimiento,Angulo,Four-Way Intersection,Interseccion de 4 direcciones,Sobre calle,Ninguna,Oscuro con iluminacion,Despejado,No,NO APLICA,99,99,99,99,1,12/06/2022,3
47,Tennessee,470491,1,1,1,0,13,CAMPBELL (13),0,NO APLICA,5,Mayo,23,2022,21,0,SR-63 HOWARD BAKER HWY,3,Highway estatal,Urbano,Arteria Menor,State Highway Agency,0,Sin jurisdiccion especial,63,36.378,-84.2496,Peaton,El primer evento no fue una colision con un vehiculo automotor en transporte,Not an Intersection,No fue interseccion,Sobre calle,Ninguna,Oscuro con iluminacion,Despejado,No,NO APLICA,99,99,99,99,1,23/05/2022,1
47,Tennessee,470492,0,0,1,0,65,HAMILTON (65),400,CHATTANOOGA,5,Mayo,31,2022,13,5,I-24,1,Interestatal,Urbano,Interestatal,State Highway Agency,1,Sin jurisdiccion especial,22,35.0103,-85.3905,Volcadura,El primer evento no fue una colision con un vehiculo automotor en transporte,Not an Intersection,No fue interseccion,Sobre calle,Ninguna,Dia total,Despejado,No,NO APLICA,99,99,99,99,1,31/05/2022,1
47,Tennessee,470493,0,0,1,0,3,BEDFORD (3),0,NO APLICA,6,Junio,11,2022,22,15,CR-FAIRFIELD PK,4,Calle del Condado,Rural,Colector Menor,County Highway Agency,0,Sin jurisdiccion especial,30,35.551,-86.40226944,Arbol,El primer evento no fue una colision con un vehiculo automotor en transporte,Not an Intersection,No fue interseccion,Sobre el lado de la calle,Ninguna,Oscuro sin iluminacion,Despejado,No,NO APLICA,99,99,99,99,2,11/06/2022,3
47,Tennessee,470494,0,0,1,0,31,COFFEE (31),0,NO APLICA,6,Junio,12,2022,99,99,SR-127 WINCHESTER HWY,3,Highway estatal,Rural,Colector Mayor,State Highway Agency,0,Sin jurisdiccion especial,9,35.35258889,-86.01641944,Alguien se cayo/avento del vehiculo,El primer evento no fue una colision con un vehiculo automotor en transporte,Not an Intersection,No fue interseccion,Sobre calle,Ninguna,Oscuro sin iluminacion,Despejado,No,NO APLICA,99,99,99,99,1,12/06/2022,2
47,Tennessee,470495,0,0,3,0,37,DAVIDSON (37),1865,OLD HICKORY,6,Junio,14,2022,14,27,SR-45 OLD HICKORY BLVD,3,Highway estatal,Urbano,Arteria Principal,State Highway Agency,1,Sin jurisdiccion especial,121,36.24523056,-86.63838056,Vehiculo en movimiento,Frente a frente,Not an Intersection,No fue interseccion,Sobre calle,Ninguna,Dia total,Despejado,No,NO APLICA,14,30,14,55,2,14/06/2022,6
47,Tennessee,470496,1,1,1,0,37,DAVIDSON (37),1760,NASHVILLE,6,Junio,13,2022,99,99,SR-45 OLD HICKORY BLVD,3,Highway estatal,Urbano,Arteria Principal,State Highway Agency,1,Sin jurisdiccion especial,172,36.18001111,-86.60598056,Peaton,El primer evento no fue una colision con un vehiculo automotor en transporte,Not an Intersection,No fue interseccion,Sobre calle,Ninguna,Oscuro sin iluminacion,Despejado,No,NO APLICA,99,99,99,99,1,13/06/2022,1
47,Tennessee,470497,1,1,2,0,37,DAVIDSON (37),1535,MADISON,6,Junio,12,2022,21,24,SR-45,3,Highway estatal,Urbano,Arteria Principal,State Highway Agency,1,Sin jurisdiccion especial,76,36.26368056,-86.70466111,Peaton,El primer evento no fue una colision con un vehiculo automotor en transporte,Not an Intersection,No fue interseccion,Sobre calle,Ninguna,Oscuro sin iluminacion,Despejado,No,NO APLICA,99,99,99,99,1,12/06/2022,2
47,Tennessee,470498,0,0,1,0,115,MARION (115),0,NO APLICA,6,Junio,12,2022,20,45,SR-28,3,Highway estatal,Rural,Arteria Principal,State Highway Agency,1,Sin jurisdiccion especial,149,35.22853056,-85.4929,Animal vivo,El primer evento no fue una colision con un vehiculo automotor en transporte,Not an Intersection,No fue interseccion,Sobre calle,Ninguna,Oscuro sin iluminacion,Despejado,No,NO APLICA,99,99,99,99,1,12/06/2022,1
47,Tennessee,470499,0,0,2,0,157,SHELBY (157),1620,MEMPHIS,6,Junio,12,2022,19,35,RALEIGH-LAGRANGE RD,6,Calle Local Municipalidad,Urbano,Colector Mayor,City or Municipal Highway Agency,0,Sin jurisdiccion especial,4,35.20091111,-89.912475,Vehiculo en movimiento,Angulo,T-Intersection,Interseccion de T,Sobre calle,Ninguna,Dia total,Despejado,No,NO APLICA,99,99,99,99,2,12/06/2022,6
47,Tennessee,470500,0,0,2,0,93,KNOX (93),1300,KNOXVILLE,4,Abril,21,2022,14,17,I-40,1,Interestatal,Urbano,Interestatal,State Highway Agency,1,Sin jurisdiccion especial,131,35.93372778,-84.01926944,Vehiculo en movimiento,Frente a Detrás,Not an Intersection,No fue interseccion,Sobre calle,Ninguna,Dia total,Despejado,No,NO APLICA,99,99,99,99,1,21/04/2022,3
47,Tennessee,470501,0,0,2,0,163,SULLIVAN (163),0,NO APLICA,6,Junio,13,2022,15,9,US-11W SR-1,2,US Highway,Rural,Arteria Principal,State Highway Agency,1,Sin jurisdiccion especial,138,36.57311944,-82.3822,Vehiculo en movimiento,Frente a Detrás,Not an Intersection,No fue interseccion,Sobre calle,Ninguna,Dia total,Despejado,No,NO APLICA,99,99,99,99,1,13/06/2022,2
47,Tennessee,470502,0,0,2,0,53,GIBSON (53),0,NO APLICA,6,Junio,3,2022,21,20,CR-T J SCOTT RD,4,Calle del Condado,Rural,Local,County Highway Agency,0,Sin jurisdiccion especial,8,35.9094,-88.84171111,Vehiculo en movimiento,Angulo,Not an Intersection,No fue interseccion,Sobre calle,Ninguna,Oscuro sin iluminacion,Despejado,No,NO APLICA,99,99,99,99,1,03/06/2022,3
47,Tennessee,470503,0,0,2,0,163,SULLIVAN (163),290,BRISTOL,6,Junio,14,2022,13,38,US-421 SR-34 CARL R MOORE PKWY,2,US Highway,Urbano,Arteria Principal,State Highway Agency,1,Sin jurisdiccion especial,242,36.55056111,-82.10276111,Vehiculo en movimiento,Angulo,T-Intersection,Interseccion de T,Sobre calle,Ninguna,Dia total,Despejado,No,NO APLICA,13,40,99,99,1,14/06/2022,2
47,Tennessee,470504,0,0,1,0,141,PUTNAM (141),0,NO APLICA,6,Junio,16,2022,6,23,US-70N SR-24 CROSSVILLE HWY,2,US Highway,Rural,Colector Mayor,State Highway Agency,0,Sin jurisdiccion especial,395,36.11258889,-85.23736111,Volcadura,El primer evento no fue una colision con un vehiculo automotor en transporte,Not an Intersection,No fue interseccion,Sobre calle,Ninguna,Dia total,Nublado,No,NO APLICA,99,99,99,99,1,16/06/2022,2
47,Tennessee,470505,0,0,1,0,141,PUTNAM (141),0,NO APLICA,6,Junio,17,2022,12,28,US-70N SR-24 E SPRING ST,2,US Highway,Rural,Colector Mayor,State Highway Agency,0,Sin jurisdiccion especial,255,36.10333889,-85.43776111,Arbol,El primer evento no fue una colision con un vehiculo automotor en transporte,Not an Intersection,No fue interseccion,Sobre el lado de la calle,Ninguna,Dia total,Despejado,No,NO APLICA,99,99,99,99,1,17/06/2022,1
47,Tennessee,470507,1,1,1,0,43,DICKSON (43),0,NO APLICA,6,Junio,17,2022,8,47,CR-ABIFF RD,4,Calle del Condado,Urbano,Colector Menor,County Highway Agency,0,Sin jurisdiccion especial,8,35.9762,-87.3122,Peaton,El primer evento no fue una colision con un vehiculo automotor en transporte,Not an Intersection,No fue interseccion,Sobre calle,Ninguna,Dia total,Nublado,No,NO APLICA,99,99,99,99,1,17/06/2022,1
47,Tennessee,470508,0,0,2,0,157,SHELBY (157),1620,MEMPHIS,6,Junio,18,2022,16,20,I-40,1,Interestatal,Urbano,Interestatal,State Highway Agency,1,Sin jurisdiccion especial,39,35.17045556,-90.01853056,Vehiculo en movimiento,Frente a Detrás,Not an Intersection,No fue interseccion,Sobre calle,Ninguna,Dia total,Despejado,No,NO APLICA,99,99,99,99,1,18/06/2022,3
47,Tennessee,470509,0,0,2,0,125,MONTGOMERY (125),410,CLARKSVILLE,6,Junio,14,2022,17,50,I-24,1,Interestatal,Urbano,Interestatal,State Highway Agency,1,Sin jurisdiccion especial,10,36.63358056,-87.32476944,Vehiculo en movimiento,Frente a Detrás,Not an Intersection,No fue interseccion,Sobre calle,Ninguna,Dia total,Despejado,No,NO APLICA,99,99,99,99,1,14/06/2022,3
47,Tennessee,470511,0,0,2,0,9,BLOUNT (9),0,NO APLICA,6,Junio,15,2022,15,0,US-129 SR-115 CALDERWOOD HWY,2,US Highway,Rural,Arteria Menor,State Highway Agency,0,Sin jurisdiccion especial,108,35.51988889,-83.98843056,Vehiculo en movimiento,Frente a frente,Not an Intersection,No fue interseccion,Sobre calle,Ninguna,Dia total,Despejado,No,NO APLICA,99,99,99,99,1,15/06/2022,6
47,Tennessee,470512,1,1,1,0,123,MONROE (123),0,NO APLICA,6,Junio,10,2022,22,28,CR-SEED TICK RD,4,Calle del Condado,Rural,Local,County Highway Agency,0,Sin jurisdiccion especial,13,35.63181944,-84.33465,Peaton,El primer evento no fue una colision con un vehiculo automotor en transporte,Not an Intersection,No fue interseccion,Sobre calle,Ninguna,Oscuro sin iluminacion,Despejado,No,NO APLICA,99,99,99,99,1,10/06/2022,2
47,Tennessee,470513,0,1,2,1,141,PUTNAM (141),0,NO APLICA,6,Junio,16,2022,6,16,I-40 RAMP,1,Interestatal,Rural,Interestatal,State Highway Agency,1,Sin jurisdiccion especial,62,36.08968056,-85.7231,Vehiculo Aparcado,El primer evento no fue una colision con un vehiculo automotor en transporte,Not an Intersection,No fue interseccion,Sobre Acotamiento,Ninguna,Amanecer,Despejado,No,NO APLICA,99,99,99,99,1,16/06/2022,1
47,Tennessee,470514,1,1,1,0,157,SHELBY (157),1620,MEMPHIS,6,Junio,15,2022,9,28,GETWELL RD,6,Calle Local Municipalidad,Urbano,Arteria Menor,City or Municipal Highway Agency,0,Sin jurisdiccion especial,14,35.08673889,-89.93118889,Peaton,El primer evento no fue una colision con un vehiculo automotor en transporte,Four-Way Intersection,Interseccion de 4 direcciones,Sobre calle,Ninguna,Dia total,Despejado,No,NO APLICA,99,99,99,99,1,15/06/2022,2
47,Tennessee,470515,0,0,1,0,149,RUTHERFORD (149),0,NO APLICA,6,Junio,16,2022,99,99,CR-BARFIELD CRESCENT RD,4,Calle del Condado,Rural,Colector Mayor,County Highway Agency,0,Sin jurisdiccion especial,10,35.73978056,-86.45848056,Volcadura,El primer evento no fue una colision con un vehiculo automotor en transporte,Not an Intersection,No fue interseccion,Sobre el lado de la calle,Ninguna,Amanecer,Despejado,No,NO APLICA,99,99,99,99,1,16/06/2022,1
47,Tennessee,470516,0,0,1,0,73,HAWKINS (73),0,NO APLICA,6,Junio,17,2022,11,5,CR-CARTERS VALLEY RD,4,Calle del Condado,Rural,Colector Menor,County Highway Agency,0,Sin jurisdiccion especial,36,36.48921111,-82.8757,Arbol,El primer evento no fue una colision con un vehiculo automotor en transporte,Not an Intersection,No fue interseccion,Sobre el lado de la calle,Ninguna,Dia total,Despejado,No,NO APLICA,99,99,99,99,1,17/06/2022,1
47,Tennessee,470518,1,1,1,0,157,SHELBY (157),1620,MEMPHIS,6,Junio,19,2022,1,44,CHELSEA AVE,6,Calle Local Municipalidad,Urbano,Colector Mayor,City or Municipal Highway Agency,0,Sin jurisdiccion especial,99998,35.17053889,-90.01819722,Peaton,El primer evento no fue una colision con un vehiculo automotor en transporte,Not an Intersection,No fue interseccion,Sobre calle,Ninguna,Oscuro con iluminacion,Despejado,No,NO APLICA,99,99,99,99,1,19/06/2022,1
47,Tennessee,470519,0,0,2,0,125,MONTGOMERY (125),410,CLARKSVILLE,6,Junio,17,2022,19,8,US-41 SR-12 FT CAMPBELL BLVD,2,US Highway,Urbano,Arteria Principal,State Highway Agency,1,Sin jurisdiccion especial,203,36.5939,-87.41781667,Vehiculo en movimiento,Angulo,Four-Way Intersection,Interseccion de 4 direcciones,Sobre calle,Ninguna,Dia total,Despejado,No,NO APLICA,99,99,99,99,1,17/06/2022,2
47,Tennessee,470520,0,0,2,0,163,SULLIVAN (163),1280,KINGSPORT,6,Junio,18,2022,17,28,SR-93 JOHN B DENNIS HWY,3,Highway estatal,Urbano,Arteria Menor,State Highway Agency,0,Sin jurisdiccion especial,128,36.56316111,-82.50136944,Vehiculo en movimiento,Angulo,T-Intersection,Interseccion de T,Sobre calle,Ninguna,Dia total,Despejado,No,NO APLICA,99,99,99,99,1,18/06/2022,3
47,Tennessee,470521,1,1,3,0,37,DAVIDSON (37),1760,NASHVILLE,6,Junio,17,2022,1,17,I-24,1,Interestatal,Urbano,Interestatal,State Highway Agency,1,Sin jurisdiccion especial,128,36.19451111,-86.77616944,Peaton,El primer evento no fue una colision con un vehiculo automotor en transporte,Not an Intersection,No fue interseccion,Sobre calle,Ninguna,Oscuro con iluminacion,Despejado,No,NO APLICA,99,99,99,99,1,17/06/2022,3
47,Tennessee,470522,0,0,1,0,77,HENDERSON (77),0,NO APLICA,6,Junio,17,2022,11,23,CR-STORMWOOD LN,4,Calle del Condado,Rural,Local,County Highway Agency,0,Sin jurisdiccion especial,3,35.6372,-88.53406944,Volcadura,El primer evento no fue una colision con un vehiculo automotor en transporte,Not an Intersection,No fue interseccion,Sobre el lado de la calle,Ninguna,Dia total,Despejado,No,NO APLICA,99,99,99,99,1,17/06/2022,1
47,Tennessee,470523,0,0,3,1,125,MONTGOMERY (125),410,CLARKSVILLE,6,Junio,16,2022,18,12,US-79 SR-13 WILMA RUDOLPH BLVD,2,US Highway,Urbano,Arteria Principal,State Highway Agency,1,Sin jurisdiccion especial,261,36.59495,-87.28841944,Vehiculo en movimiento,Angulo,T-Intersection,Interseccion de T,Sobre calle,Ninguna,Dia total,Despejado,No,NO APLICA,99,99,99,99,1,16/06/2022,4
47,Tennessee,470524,0,0,2,0,21,CHEATHAM (21),0,NO APLICA,6,Junio,20,2022,19,30,SR-12,3,Highway estatal,Rural,Arteria Menor,State Highway Agency,0,Sin jurisdiccion especial,86,36.2951,-87.0837,Vehiculo en movimiento,Frente a frente,Not an Intersection,No fue interseccion,Sobre calle,Ninguna,Atardecer,Despejado,No,NO APLICA,99,99,99,99,1,20/06/2022,2
47,Tennessee,470525,0,0,2,0,153,SEQUATCHIE (153),690,DUNLAP,5,Mayo,19,2022,10,22,CHERRY ST,6,Calle Local Municipalidad,Rural,Local,City or Municipal Highway Agency,0,Sin jurisdiccion especial,3,35.37316944,-85.39563889,Vehiculo en movimiento,Frente a frente,Four-Way Intersection,Interseccion de 4 direcciones,Sobre calle,Ninguna,Dia total,Despejado,No,NO APLICA,99,99,99,99,1,19/05/2022,3
47,Tennessee,470526,0,0,1,0,29,COCKE (29),1780,OLDTOWN,6,Junio,16,2022,21,50,CR-SUNSET CIR,4,Calle del Condado,Urbano,Local,County Highway Agency,0,Sin jurisdiccion especial,6,35.94725,-83.20845,Volcadura,El primer evento no fue una colision con un vehiculo automotor en transporte,Not an Intersection,No fue interseccion,Sobre calle,Ninguna,Oscuro sin iluminacion,Despejado,No,NO APLICA,99,99,99,99,1,16/06/2022,1
47,Tennessee,470527,0,0,1,0,5,BENTON (5),0,NO APLICA,6,Junio,19,2022,12,40,I-40,1,Interestatal,Rural,Interestatal,State Highway Agency,1,Sin jurisdiccion especial,83,35.86926111,-87.94716944,Volcadura,El primer evento no fue una colision con un vehiculo automotor en transporte,Not an Intersection,No fue interseccion,Sobre calle,Ninguna,Dia total,Despejado,No,NO APLICA,99,99,99,99,1,19/06/2022,4