Estado,Nombre de Estado,Numero de Caso,Peatones,Personas _no_vehiculos,Vehiculos automotores,Vehiculos estacionados,Condado,Nombre Condado,Ciudad,Nombre Ciudad,Mes,Nombre Mes,Dia,Año,Hora,Minuto,Calle,Ruta,Nombre Ruta,Rural o Urbanoo,Sistema Funcional,Dueño Calle,Sistema Nacional Carreteras,Jurisdiccion Especial,Milla,Latitud,Longitud,Causa del Accidente,Tipo de Accidente,Tipo Interseccion,Columna1,Lugar en la calle,Zona de Trabajo,Luz,Clima,Autobus Escolar,Cruce de Trenes,Hora Notificacion,Minuto Notificacion,Hora Llegada,Minuto Llegada,Decesos,Fecha,PersonaVehiculo
47,Tennessee,470528,0,0,2,0,5,BENTON (5),0,NO APLICA,5,Mayo,29,2022,16,55,CR-KEE LN,4,Calle del Condado,Rural,Local,County Highway Agency,0,Sin jurisdiccion especial,2,35.98798889,-88.17761944,Vehiculo en movimiento,Frente a frente,Not an Intersection,No fue interseccion,Sobre calle,Ninguna,Dia total,Despejado,No,NO APLICA,99,99,99,99,1,29/05/2022,5
47,Tennessee,470529,0,0,2,0,63,HAMBLEN (63),1700,MORRISTOWN,6,Junio,24,2022,7,3,THOMPSON CREEK RD,6,Calle Local Municipalidad,Urbano,Local,City or Municipal Highway Agency,0,Sin jurisdiccion especial,3,36.22138056,-83.25371944,Vehiculo en movimiento,Angulo,Not an Intersection,No fue interseccion,Sobre calle,Ninguna,Dia total,Despejado,No,NO APLICA,99,99,99,99,1,24/06/2022,2
47,Tennessee,470530,0,0,1,0,35,CUMBERLAND (35),0,NO APLICA,6,Junio,23,2022,23,29,CR-POTATO FARM RD,4,Calle del Condado,Rural,Colector Menor,County Highway Agency,0,Sin jurisdiccion especial,1,36.07288889,-84.96108889,Arbol,El primer evento no fue una colision con un vehiculo automotor en transporte,Not an Intersection,No fue interseccion,Sobre el lado de la calle,Ninguna,Oscuro sin iluminacion,Despejado,No,NO APLICA,99,99,99,99,1,23/06/2022,1
47,Tennessee,470531,0,0,2,0,157,SHELBY (157),1620,MEMPHIS,6,Junio,23,2022,23,57,HICKORY HILL RD,6,Calle Local Municipalidad,Urbano,Arteria Menor,City or Municipal Highway Agency,0,Sin jurisdiccion especial,20,35.03495278,-89.86663056,Vehiculo en movimiento,Frente a frente,Four-Way Intersection,Interseccion de 4 direcciones,Sobre calle,Ninguna,Oscuro con iluminacion,Despejado,No,NO APLICA,99,99,99,99,1,23/06/2022,4
47,Tennessee,470532,0,0,1,0,91,JOHNSON (91),0,NO APLICA,5,Mayo,21,2022,11,30,US-421 SR-34,2,US Highway,Rural,Arteria Menor,State Highway Agency,0,Sin jurisdiccion especial,82,36.50151111,-81.87216944,Arbol,El primer evento no fue una colision con un vehiculo automotor en transporte,Not an Intersection,No fue interseccion,Sobre el lado de la calle,Ninguna,Dia total,Despejado,No,NO APLICA,99,99,99,99,1,21/05/2022,2
47,Tennessee,470533,0,0,4,0,19,CARTER (19),0,NO APLICA,6,Junio,20,2022,15,0,US-321 SR-67,2,US Highway,Rural,Arteria Principal,State Highway Agency,1,Sin jurisdiccion especial,153,36.31733889,-82.06763056,Vehiculo en movimiento,Angulo,Not an Intersection,No fue interseccion,Sobre calle,Ninguna,Dia total,Despejado,No,NO APLICA,15,13,16,34,1,20/06/2022,6
47,Tennessee,470534,0,0,1,0,99,LAWRENCE (99),0,NO APLICA,6,Junio,19,2022,17,56,CR-JONESTOWN RD,6,Calle Local Municipalidad,Urbano,Local,City or Municipal Highway Agency,0,Sin jurisdiccion especial,29,35.38904167,-87.21709444,Zanja,El primer evento no fue una colision con un vehiculo automotor en transporte,Not an Intersection,No fue interseccion,Sobre el lado de la calle,Ninguna,Dia total,Despejado,No,NO APLICA,99,99,99,99,3,19/06/2022,4
47,Tennessee,470535,0,0,2,0,129,MORGAN (129),0,NO APLICA,6,Junio,25,2022,21,0,SR-62 KNOXVILLE HWY,3,Highway estatal,Rural,Arteria Menor,State Highway Agency,0,Sin jurisdiccion especial,262,36.07151944,-84.48918889,Vehiculo en movimiento,Frente a Detrás,Not an Intersection,No fue interseccion,Sobre calle,Ninguna,Oscuro sin iluminacion,Despejado,No,NO APLICA,99,99,99,99,1,25/06/2022,6
47,Tennessee,470536,0,0,1,0,121,MEIGS (121),0,NO APLICA,6,Junio,26,2022,0,40,SR-58,3,Highway estatal,Rural,Arteria Menor,State Highway Agency,0,Sin jurisdiccion especial,201,35.54418056,-84.77675,Arbol,El primer evento no fue una colision con un vehiculo automotor en transporte,Not an Intersection,No fue interseccion,Sobre el lado de la calle,Ninguna,Oscuro sin iluminacion,Despejado,No,NO APLICA,99,99,99,99,1,26/06/2022,1
47,Tennessee,470537,0,0,1,0,167,TIPTON (167),520,COVINGTON,6,Junio,25,2022,12,26,HOLLY GROVE RD,6,Calle Local Municipalidad,Urbano,Local,City or Municipal Highway Agency,0,Sin jurisdiccion especial,38,35.54258889,-89.67641944,Arbol,El primer evento no fue una colision con un vehiculo automotor en transporte,Not an Intersection,No fue interseccion,Sobre el lado de la calle,Ninguna,Dia total,Despejado,No,NO APLICA,99,99,99,99,1,25/06/2022,1
47,Tennessee,470538,0,0,1,0,89,JEFFERSON (89),0,NO APLICA,6,Junio,26,2022,9,30,US-11E SR-34,2,US Highway,Rural,Arteria Menor,State Highway Agency,0,Sin jurisdiccion especial,62,36.09013889,-83.58856111,Acotamiento,El primer evento no fue una colision con un vehiculo automotor en transporte,Not an Intersection,No fue interseccion,Sobre el lado de la calle,Ninguna,Dia total,Nublado,No,NO APLICA,99,99,99,99,1,26/06/2022,1
47,Tennessee,470539,0,0,1,0,63,HAMBLEN (63),1700,MORRISTOWN,6,Junio,23,2022,22,15,CR-INMAN BND,4,Calle del Condado,Urbano,Local,County Highway Agency,0,Sin jurisdiccion especial,4,36.21858056,-83.37793056,Poste,El primer evento no fue una colision con un vehiculo automotor en transporte,Not an Intersection,No fue interseccion,Sobre el lado de la calle,Ninguna,Oscuro sin iluminacion,Despejado,No,NO APLICA,99,99,99,99,1,23/06/2022,1
47,Tennessee,470540,0,0,1,0,13,CAMPBELL (13),1320,LA FOLLETTE,6,Junio,24,2022,17,14,CLAIBORNE RD,6,Calle Local Municipalidad,Urbano,Local,City or Municipal Highway Agency,0,Sin jurisdiccion especial,25,36.36903889,-84.11056111,Volcadura,El primer evento no fue una colision con un vehiculo automotor en transporte,Not an Intersection,No fue interseccion,Sobre el lado de la calle,Ninguna,Dia total,Despejado,No,NO APLICA,99,99,99,99,1,24/06/2022,1
47,Tennessee,470541,0,0,5,0,157,SHELBY (157),1620,MEMPHIS,6,Junio,23,2022,5,57,US-51 SR-3 ELVIS PRESLEY BLVD,2,US Highway,Urbano,Arteria Principal,State Highway Agency,1,Sin jurisdiccion especial,12,35.14791389,-90.05057222,Vehiculo en movimiento,Angulo,Four-Way Intersection,Interseccion de 4 direcciones,Sobre calle,Ninguna,Amanecer,Despejado,No,NO APLICA,99,99,99,99,1,23/06/2022,6
47,Tennessee,470542,1,1,1,0,37,DAVIDSON (37),1760,NASHVILLE,5,Mayo,29,2022,20,17,US-31A/41A SR-11 NOLENSVILLE P,2,US Highway,Urbano,Arteria Principal,State Highway Agency,1,Sin jurisdiccion especial,107,36.12783056,-86.75366111,Peaton,El primer evento no fue una colision con un vehiculo automotor en transporte,Not an Intersection,No fue interseccion,Sobre calle,Ninguna,Oscuro con iluminacion,Despejado,No,NO APLICA,21,25,22,10,1,29/05/2022,2
47,Tennessee,470543,0,0,2,0,149,RUTHERFORD (149),1345,LA VERGNE,6,Junio,19,2022,7,0,WALDRON RD,6,Calle Local Municipalidad,Urbano,Colector Mayor,City or Municipal Highway Agency,0,Sin jurisdiccion especial,5,36.02005,-86.59245,Vehiculo en movimiento,Angulo,Not an Intersection,No fue interseccion,Sobre calle,Ninguna,Dia total,Despejado,No,NO APLICA,99,99,99,99,1,19/06/2022,2
47,Tennessee,470544,0,0,2,0,37,DAVIDSON (37),1760,NASHVILLE,6,Junio,22,2022,12,17,SR-155 BRILEY PKWY,3,Highway estatal,Urbano,Arterial Principal -Freeway o ExpressWay,State Highway Agency,1,Sin jurisdiccion especial,262,36.16691944,-86.86945,Vehiculo en movimiento,Frente a Detrás,Not an Intersection,No fue interseccion,Sobre calle,Ninguna,Dia total,Despejado,No,NO APLICA,99,99,99,99,1,22/06/2022,4
47,Tennessee,470545,0,0,4,0,189,WILSON (189),1727,MOUNT JULIET,6,Junio,22,2022,9,45,US-70 SR-24 LEBANON RD,2,US Highway,Urbano,Arteria Principal,State Highway Agency,1,Sin jurisdiccion especial,1,36.21705,-86.58241111,Vehiculo en movimiento,Golpe Lateral - direccion contraria,Not an Intersection,No fue interseccion,Sobre calle,Ninguna,Dia total,Despejado,No,NO APLICA,99,99,99,99,1,22/06/2022,4
47,Tennessee,470546,0,0,5,0,157,SHELBY (157),1660,MILLINGTON,6,Junio,21,2022,8,40,US-51 SR-3,2,US Highway,Urbano,Arteria Principal,State Highway Agency,1,Sin jurisdiccion especial,274,35.33214722,-89.918725,Vehiculo en movimiento,No reportado,T-Intersection,Interseccion de T,Sobre calle,Ninguna,Dia total,Despejado,No,NO APLICA,99,99,99,99,1,21/06/2022,5
47,Tennessee,470547,0,0,1,0,123,MONROE (123),0,NO APLICA,6,Junio,27,2022,7,15,SR-322 OAKLAND RD,3,Highway estatal,Rural,Colector Mayor,State Highway Agency,0,Sin jurisdiccion especial,79,35.6013,-84.3792,Valla Ferrocarril,El primer evento no fue una colision con un vehiculo automotor en transporte,Not an Intersection,No fue interseccion,Sobre el lado de la calle,Ninguna,Dia total,Nublado,No,NO APLICA,99,99,99,99,1,27/06/2022,1
47,Tennessee,470548,0,0,1,0,169,TROUSDALE (169),1070,HARTSVILLE,6,Junio,27,2022,18,0,PURYEARS BEND RD,6,Calle Local Municipalidad,Rural,Colector Menor,City or Municipal Highway Agency,0,Sin jurisdiccion especial,3,36.37935,-86.17875,Alguien se cayo/avento del vehiculo,El primer evento no fue una colision con un vehiculo automotor en transporte,Not an Intersection,No fue interseccion,Sobre calle,Ninguna,Dia total,Despejado,No,NO APLICA,99,99,99,99,1,27/06/2022,4
47,Tennessee,470549,0,0,2,0,65,HAMILTON (65),0,NO APLICA,6,Junio,27,2022,17,8,SR-58,3,Highway estatal,Urbano,Arteria Principal,State Highway Agency,1,Sin jurisdiccion especial,104,35.12603056,-85.12535,Vehiculo en movimiento,Angulo,T-Intersection,Interseccion de T,Sobre calle,Ninguna,Dia total,Despejado,No,NO APLICA,99,99,99,99,1,27/06/2022,3
47,Tennessee,470550,0,0,2,0,157,SHELBY (157),1620,MEMPHIS,6,Junio,27,2022,20,10,NATIONAL ST,6,Calle Local Municipalidad,Urbano,Arteria Menor,City or Municipal Highway Agency,0,Sin jurisdiccion especial,13,35.15579722,-89.94768056,Vehiculo en movimiento,Angulo,Four-Way Intersection,Interseccion de 4 direcciones,Sobre calle,Ninguna,Atardecer,Despejado,No,NO APLICA,99,99,99,99,1,27/06/2022,2
47,Tennessee,470551,0,0,2,0,37,DAVIDSON (37),1760,NASHVILLE,6,Junio,26,2022,20,22,40TH AVE N,6,Calle Local Municipalidad,Urbano,Colector Mayor,City or Municipal Highway Agency,0,Sin jurisdiccion especial,6,36.16153056,-86.83631944,Vehiculo en movimiento,Angulo,Four-Way Intersection,Interseccion de 4 direcciones,Sobre calle,Ninguna,Atardecer,Despejado,No,NO APLICA,99,99,99,99,1,26/06/2022,5
47,Tennessee,470552,0,0,1,0,85,HUMPHREYS (85),0,NO APLICA,6,Junio,9,2022,17,15,SR-231 ERIN RD,3,Highway estatal,Rural,Colector Mayor,State Highway Agency,0,Sin jurisdiccion especial,45,36.16203056,-87.65365,Arbol,El primer evento no fue una colision con un vehiculo automotor en transporte,Not an Intersection,No fue interseccion,Fuera de la calle,Ninguna,Dia total,Despejado,No,NO APLICA,99,99,99,99,1,09/06/2022,1
47,Tennessee,470553,0,0,2,0,63,HAMBLEN (63),0,NO APLICA,7,Julio,1,2022,4,9,I-81,1,Interestatal,Rural,Interestatal,State Highway Agency,1,Sin jurisdiccion especial,40,36.1634,-83.22641111,Vehiculo en movimiento,Frente a Detrás,Not an Intersection,No fue interseccion,Sobre calle,Ninguna,Oscuro sin iluminacion,Despejado,No,NO APLICA,99,99,99,99,1,01/07/2022,2
47,Tennessee,470554,0,0,1,0,187,WILLIAMSON (187),0,NO APLICA,6,Junio,27,2022,6,34,I-65,1,Interestatal,Urbano,Interestatal,State Highway Agency,1,Sin jurisdiccion especial,55,35.81478889,-86.84373889,Volcadura,El primer evento no fue una colision con un vehiculo automotor en transporte,Not an Intersection,No fue interseccion,Sobre el lado de la calle,Ninguna,Dia total,Despejado,No,NO APLICA,99,99,99,99,1,27/06/2022,1
47,Tennessee,470555,0,0,1,0,165,SUMNER (165),890,GALLATIN,7,Julio,2,2022,0,11,SR-174 LONG HOLLOW PK,3,Highway estatal,Urbano,Arteria Principal,State Highway Agency,1,Sin jurisdiccion especial,137,36.38658056,-86.49033889,Banqueta,El primer evento no fue una colision con un vehiculo automotor en transporte,Not an Intersection,No fue interseccion,Sobre el lado de la calle,Ninguna,Oscuro con iluminacion,Nublado,No,NO APLICA,99,99,99,99,1,02/07/2022,1
47,Tennessee,470556,0,0,2,0,179,WASHINGTON (179),1250,JOHNSON CITY,7,Julio,1,2022,14,10,SR-67,3,Highway estatal,Urbano,Arteria Menor,State Highway Agency,0,Sin jurisdiccion especial,55,36.26475556,-82.40349722,Vehiculo en movimiento,Angulo,Not an Intersection,No fue interseccion,Sobre calle,Ninguna,Dia total,Despejado,No,NO APLICA,99,99,99,99,1,01/07/2022,2
47,Tennessee,470557,1,1,1,0,157,SHELBY (157),1620,MEMPHIS,7,Julio,2,2022,99,99,N HOLLYWOOD ST,6,Calle Local Municipalidad,Urbano,Arteria Menor,City or Municipal Highway Agency,0,Sin jurisdiccion especial,30,35.15825,-89.97627222,Peaton,El primer evento no fue una colision con un vehiculo automotor en transporte,Not an Intersection,No fue interseccion,Sobre calle,Ninguna,Oscuro con iluminacion,Despejado,No,NO APLICA,99,99,99,99,1,02/07/2022,1
47,Tennessee,470558,0,0,1,0,79,HENRY (79),0,NO APLICA,6,Junio,30,2022,15,25,US-641 SR-69,2,US Highway,Rural,Arteria Principal,State Highway Agency,1,Sin jurisdiccion especial,61,36.2579,-88.1979,Arbol,El primer evento no fue una colision con un vehiculo automotor en transporte,Not an Intersection,No fue interseccion,Sobre el lado de la calle,Ninguna,Dia total,Despejado,No,NO APLICA,99,99,99,99,1,30/06/2022,1
47,Tennessee,470559,0,0,2,0,91,JOHNSON (91),0,NO APLICA,6,Junio,30,2022,6,34,US-421 SR-34,2,US Highway,Rural,Arteria Menor,State Highway Agency,0,Sin jurisdiccion especial,217,36.37735,-81.76046944,Vehiculo en movimiento,Angulo,Not an Intersection,No fue interseccion,Sobre calle,Ninguna,Amanecer,Nublado,No,NO APLICA,6,22,99,99,1,30/06/2022,2
47,Tennessee,470560,0,0,1,0,19,CARTER (19),0,NO APLICA,6,Junio,30,2022,22,25,CR-GAP CREEK RD,4,Calle del Condado,Urbano,Colector Mayor,County Highway Agency,0,Sin jurisdiccion especial,27,36.31358056,-82.24028056,Valla Ferrocarril,El primer evento no fue una colision con un vehiculo automotor en transporte,Not an Intersection,No fue interseccion,Sobre el lado de la calle,Ninguna,Oscuro sin iluminacion,Despejado,No,NO APLICA,22,28,23,6,1,30/06/2022,1
47,Tennessee,470561,0,0,2,0,167,TIPTON (167),0,NO APLICA,6,Junio,25,2022,99,99,SR-59,3,Highway estatal,Rural,Arteria Menor,State Highway Agency,0,Sin jurisdiccion especial,243,35.49895,-89.60136111,Vehiculo en movimiento,Frente a frente,Not an Intersection,No fue interseccion,Sobre calle,Ninguna,Oscuro con iluminacion,Reportado como desconocido,No,NO APLICA,99,99,99,99,1,25/06/2022,2
47,Tennessee,470562,0,0,2,0,183,WEAKLEY (183),1560,MARTIN,7,Julio,1,2022,10,24,SR-431 MAIN ST,3,Highway estatal,Urbano,Arteria Menor,State Highway Agency,0,Sin jurisdiccion especial,4,36.32638056,-88.80755,Vehiculo en movimiento,Angulo,Not an Intersection,No fue interseccion,Sobre calle,Ninguna,Dia total,Despejado,No,NO APLICA,10,30,10,40,1,01/07/2022,2
47,Tennessee,470563,0,0,1,0,5,BENTON (5),0,NO APLICA,6,Junio,24,2022,23,3,CR-SAWYERS MILL RD,4,Calle del Condado,Rural,Colector Menor,County Highway Agency,0,Sin jurisdiccion especial,19,36.00841111,-88.17416111,Zanja,El primer evento no fue una colision con un vehiculo automotor en transporte,Not an Intersection,No fue interseccion,Sobre el lado de la calle,Ninguna,Oscuro sin iluminacion,Despejado,No,NO APLICA,99,99,99,99,1,24/06/2022,1
47,Tennessee,470564,0,0,1,0,163,SULLIVAN (163),0,NO APLICA,7,Julio,2,2022,20,50,CR-BULLOCK HOLLOW RD,4,Calle del Condado,Rural,Local,County Highway Agency,0,Sin jurisdiccion especial,2,36.52174167,-82.15821389,Arbusto,El primer evento no fue una colision con un vehiculo automotor en transporte,Not an Intersection,No fue interseccion,Sobre el lado de la calle,Ninguna,Oscuro sin iluminacion,Despejado,No,NO APLICA,99,99,99,99,1,02/07/2022,1
47,Tennessee,470565,0,0,1,0,125,MONTGOMERY (125),410,CLARKSVILLE,7,Julio,3,2022,2,41,US-79 SR-76 DOVER RD,2,US Highway,Urbano,Arteria Menor,State Highway Agency,0,Sin jurisdiccion especial,124,36.55060833,-87.40828056,Poste,El primer evento no fue una colision con un vehiculo automotor en transporte,Not an Intersection,No fue interseccion,Sobre el lado de la calle,Ninguna,Oscuro con iluminacion,Despejado,No,NO APLICA,3,0,3,15,1,03/07/2022,2
47,Tennessee,470566,0,0,2,0,165,SUMNER (165),890,GALLATIN,7,Julio,4,2022,0,30,SR-386 VIETNAM VETERANS BLVD,3,Highway estatal,Urbano,Arterial Principal -Freeway o ExpressWay,State Highway Agency,1,Sin jurisdiccion especial,106,36.36616944,-86.51933889,Vehiculo en movimiento,Frente a frente,Not an Intersection,No fue interseccion,Sobre calle,Ninguna,Oscuro sin iluminacion,Nublado,No,NO APLICA,0,30,0,45,1,04/07/2022,2
47,Tennessee,470567,0,0,1,0,157,SHELBY (157),1620,MEMPHIS,7,Julio,3,2022,11,48,US-61 SR-14 S THIRD ST,2,US Highway,Urbano,Arteria Principal,State Highway Agency,1,Sin jurisdiccion especial,86,35.09618333,-90.05578056,Otro objeto (fijo),El primer evento no fue una colision con un vehiculo automotor en transporte,Four-Way Intersection,Interseccion de 4 direcciones,Sobre el lado de la calle,Ninguna,Dia total,Despejado,No,NO APLICA,12,0,12,26,1,03/07/2022,1
47,Tennessee,470568,0,0,2,0,157,SHELBY (157),1620,MEMPHIS,7,Julio,3,2022,22,25,SR-177 GERMANTOWN RD,3,Highway estatal,Urbano,Arteria Principal,State Highway Agency,1,Sin jurisdiccion especial,86,35.17331389,-89.79300556,Vehiculo en movimiento,Angulo,Four-Way Intersection,Interseccion de 4 direcciones,Sobre calle,Ninguna,Oscuro con iluminacion,Despejado,No,NO APLICA,99,99,99,99,1,03/07/2022,5
47,Tennessee,470569,0,0,2,0,159,SMITH (159),2275,SOUTH CARTHAGE,6,Junio,25,2022,8,32,US-70N SR-24 COOKEVILLE HWY,2,US Highway,Rural,Arteria Menor,State Highway Agency,0,Sin jurisdiccion especial,116,36.23553889,-85.94191111,Vehiculo en movimiento,Frente a frente,Not an Intersection,No fue interseccion,Sobre calle,Ninguna,Dia total,Despejado,No,NO APLICA,99,99,99,99,1,25/06/2022,2
47,Tennessee,470570,0,0,3,0,157,SHELBY (157),0,NO APLICA,6,Junio,28,2022,23,12,US-51 SR-3,2,US Highway,Urbano,Arteria Principal,State Highway Agency,1,Sin jurisdiccion especial,221,35.27548889,-89.98013889,Vehiculo en movimiento,Angulo,Not an Intersection,No fue interseccion,Sobre calle,Ninguna,Oscuro sin iluminacion,Despejado,No,NO APLICA,99,99,99,99,1,28/06/2022,5
47,Tennessee,470571,0,0,1,0,19,CARTER (19),760,ELIZABETHTON,7,Julio,4,2022,23,5,US-19E-321 SR-037,2,US Highway,Urbano,Arteria Principal,State Highway Agency,1,Sin jurisdiccion especial,210,36.33948889,-82.20646944,Edificio,El primer evento no fue una colision con un vehiculo automotor en transporte,Other Intersection Type,Otro tipo de interseccion,Fuera de la calle,Ninguna,Oscuro con iluminacion,Nublado,No,NO APLICA,99,99,99,99,1,04/07/2022,1
47,Tennessee,470573,0,0,1,0,157,SHELBY (157),1620,MEMPHIS,7,Julio,4,2022,21,18,MILL BRANCH RD,6,Calle Local Municipalidad,Urbano,Arteria Menor,City or Municipal Highway Agency,0,Sin jurisdiccion especial,52,35.07020556,-90.00716389,Calle mal pavimentada,El primer evento no fue una colision con un vehiculo automotor en transporte,Not an Intersection,No fue interseccion,Sobre calle,Ninguna,Oscuro con iluminacion,Despejado,No,NO APLICA,21,25,21,35,1,04/07/2022,3
47,Tennessee,470574,0,0,2,0,75,HAYWOOD (75),0,NO APLICA,6,Junio,29,2022,9,56,SR-54 OLD TURNPIKE RD,3,Highway estatal,Rural,Arteria Menor,State Highway Agency,0,Sin jurisdiccion especial,10,35.57518889,-89.46758056,Vehiculo en movimiento,Frente a frente,Not an Intersection,No fue interseccion,Sobre calle,Ninguna,Dia total,Despejado,No,NO APLICA,99,99,99,99,1,29/06/2022,2
47,Tennessee,470575,1,1,1,0,25,CLAIBORNE (25),0,NO APLICA,7,Julio,4,2022,14,28,SR-33,3,Highway estatal,Rural,Arteria Menor,State Highway Agency,0,Sin jurisdiccion especial,37,36.39183889,-83.70211111,Peaton,El primer evento no fue una colision con un vehiculo automotor en transporte,Not an Intersection,No fue interseccion,Sobre calle,Ninguna,Dia total,Despejado,No,NO APLICA,99,99,99,99,1,04/07/2022,1
47,Tennessee,470576,0,0,2,0,37,DAVIDSON (37),1760,NASHVILLE,7,Julio,2,2022,18,12,SR-171 OLD HICKORY BLVD,3,Highway estatal,Urbano,Arteria Menor,State Highway Agency,0,Sin jurisdiccion especial,5,36.02128056,-86.61671111,Vehiculo en movimiento,Frente a frente,Not an Intersection,No fue interseccion,Sobre calle,Ninguna,Dia total,Despejado,No,NO APLICA,99,99,99,99,1,02/07/2022,2
47,Tennessee,470577,0,0,1,0,91,JOHNSON (91),0,NO APLICA,3,Marzo,5,2022,13,56,US-421 SR-34,2,US Highway,Rural,Arteria Menor,State Highway Agency,0,Sin jurisdiccion especial,9,36.53311944,-81.94583056,Zanja,El primer evento no fue una colision con un vehiculo automotor en transporte,Not an Intersection,No fue interseccion,Sobre el lado de la calle,Ninguna,Dia total,Despejado,No,NO APLICA,13,56,14,8,1,05/03/2022,1
47,Tennessee,470578,0,0,1,0,119,MAURY (119),0,NO APLICA,7,Julio,2,2022,16,30,CR-OLD WILLIAMSPORT PK,4,Calle del Condado,Urbano,Local,County Highway Agency,0,Sin jurisdiccion especial,20,35.62595,-87.0724,Poste,El primer evento no fue una colision con un vehiculo automotor en transporte,Not an Intersection,No fue interseccion,Sobre el lado de la calle,Ninguna,Dia total,Despejado,No,NO APLICA,99,99,99,99,2,02/07/2022,2
47,Tennessee,470579,0,0,2,0,157,SHELBY (157),1620,MEMPHIS,7,Julio,5,2022,20,30,US-78 SR-4 LAMAR AVE,2,US Highway,Urbano,Arteria Principal,State Highway Agency,1,Sin jurisdiccion especial,60,35.06478611,-89.94118889,Vehiculo en movimiento,Angulo,Four-Way Intersection,Interseccion de 4 direcciones,Sobre calle,Ninguna,Oscuro con iluminacion,Despejado,No,NO APLICA,99,99,99,99,1,05/07/2022,2
47,Tennessee,470580,1,1,1,0,125,MONTGOMERY (125),410,CLARKSVILLE,7,Julio,6,2022,21,11,US-79 SR-13 WILMA RUDOLPH BLVD,2,US Highway,Urbano,Arteria Principal,State Highway Agency,1,Sin jurisdiccion especial,265,36.59756111,-87.285175,Peaton,El primer evento no fue una colision con un vehiculo automotor en transporte,Not an Intersection,No fue interseccion,Sobre calle,Ninguna,Oscuro con iluminacion,Despejado,No,NO APLICA,99,99,99,99,1,06/07/2022,2
47,Tennessee,470581,0,0,2,0,93,KNOX (93),0,NO APLICA,4,Abril,29,2022,2,35,SR-62 OAK RIDGE HWY,3,Highway estatal,Urbano,Arteria Principal,State Highway Agency,1,Sin jurisdiccion especial,5,35.988,-84.18828889,Vehiculo en movimiento,Angulo,T-Intersection,Interseccion de T,Sobre calle,Ninguna,Oscuro sin iluminacion,Despejado,No,NO APLICA,99,99,99,99,1,29/04/2022,2
47,Tennessee,470582,0,0,2,0,187,WILLIAMSON (187),0,NO APLICA,6,Junio,28,2022,11,4,US-431 SR-106 LEWISBURG PK,2,US Highway,Rural,Arteria Principal,State Highway Agency,1,Sin jurisdiccion especial,14,35.74458889,-86.83828889,Vehiculo en movimiento,Frente a frente,Not an Intersection,No fue interseccion,Sobre calle,Ninguna,Dia total,Despejado,No,NO APLICA,99,99,99,99,1,28/06/2022,3
47,Tennessee,470583,0,0,1,0,111,MACON (111),0,NO APLICA,7,Julio,5,2022,19,45,SR-10 HARTSVILLE RD,3,Highway estatal,Rural,Arteria Menor,State Highway Agency,0,Sin jurisdiccion especial,22,36.45846944,-86.04643056,Acotamiento,El primer evento no fue una colision con un vehiculo automotor en transporte,Not an Intersection,No fue interseccion,Sobre el lado de la calle,Ninguna,Dia total,Despejado,No,NO APLICA,99,99,99,99,1,05/07/2022,5
47,Tennessee,470584,0,0,1,0,61,GRUNDY (61),1033,GRUETLI,7,Julio,4,2022,13,29,SR-108,3,Highway estatal,Rural,Arteria Menor,City or Municipal Highway Agency,0,Sin jurisdiccion especial,84,35.36906944,-85.63920833,Arbol,El primer evento no fue una colision con un vehiculo automotor en transporte,Not an Intersection,No fue interseccion,Sobre el lado de la calle,Ninguna,Dia total,Reportado como desconocido,No,NO APLICA,99,99,99,99,2,04/07/2022,2
47,Tennessee,470585,0,0,2,0,165,SUMNER (165),0,NO APLICA,7,Julio,6,2022,15,41,US-231/31E SR-6,2,US Highway,Rural,Arteria Principal,State Highway Agency,1,Sin jurisdiccion especial,299,36.53436944,-86.24578889,Vehiculo en movimiento,Frente a Detrás,Not an Intersection,No fue interseccion,Sobre calle,Ninguna,Dia total,Despejado,No,NO APLICA,99,99,99,99,1,06/07/2022,2
47,Tennessee,470588,0,0,1,0,123,MONROE (123),2369,SWEETWATER,7,Julio,2,2022,2,0,I-75,1,Interestatal,Rural,Interestatal,State Highway Agency,1,Sin jurisdiccion especial,31,35.62658056,-84.48696944,Arbol,El primer evento no fue una colision con un vehiculo automotor en transporte,Not an Intersection,No fue interseccion,En el medio,Ninguna,Oscuro sin iluminacion,Nublado,No,NO APLICA,99,99,99,99,1,02/07/2022,1
47,Tennessee,470589,0,0,2,0,113,MADISON (113),0,NO APLICA,7,Julio,3,2022,6,58,I-40,1,Interestatal,Rural,Interestatal,State Highway Agency,1,Sin jurisdiccion especial,259,35.71546944,-88.64228056,Vehiculo en movimiento,Frente a frente,Not an Intersection,No fue interseccion,Sobre calle,Ninguna,Dia total,Despejado,No,NO APLICA,99,99,99,99,2,03/07/2022,2
47,Tennessee,470590,0,0,3,0,157,SHELBY (157),1620,MEMPHIS,7,Julio,9,2022,21,20,MACON RD,6,Calle Local Municipalidad,Urbano,Arteria Menor,City or Municipal Highway Agency,0,Sin jurisdiccion especial,98,35.16191111,-89.91128056,Vehiculo en movimiento,Angulo,Four-Way Intersection,Interseccion de 4 direcciones,Sobre calle,Ninguna,Oscuro con iluminacion,Despejado,No,NO APLICA,99,99,99,99,1,09/07/2022,5
47,Tennessee,470591,0,0,1,0,37,DAVIDSON (37),1760,NASHVILLE,6,Junio,18,2022,6,34,THOMPSON LN,6,Calle Local Municipalidad,Urbano,Colector Mayor,City or Municipal Highway Agency,0,Sin jurisdiccion especial,19,36.12341944,-86.7172,Barrera de Trafico de Concreto,El primer evento no fue una colision con un vehiculo automotor en transporte,Not an Intersection,No fue interseccion,Sobre el lado de la calle,Ninguna,Dia total,Despejado,No,NO APLICA,99,99,99,99,1,18/06/2022,4