Estado,Nombre de Estado,Numero de Caso,Peatones,Personas _no_vehiculos,Vehiculos automotores,Vehiculos estacionados,Condado,Nombre Condado,Ciudad,Nombre Ciudad,Mes,Nombre Mes,Dia,Año,Hora,Minuto,Calle,Ruta,Nombre Ruta,Rural o Urbanoo,Sistema Funcional,Dueño Calle,Sistema Nacional Carreteras,Jurisdiccion Especial,Milla,Latitud,Longitud,Causa del Accidente,Tipo de Accidente,Tipo Interseccion,Columna1,Lugar en la calle,Zona de Trabajo,Luz,Clima,Autobus Escolar,Cruce de Trenes,Hora Notificacion,Minuto Notificacion,Hora Llegada,Minuto Llegada,Decesos,Fecha,PersonaVehiculo
47,Tennessee,470592,0,0,1,0,69,HARDEMAN (69),0,NO APLICA,6,Junio,27,2022,13,8,US-64 SR-15,2,US Highway,Rural,Arteria Principal,State Highway Agency,1,Sin jurisdiccion especial,57,35.30198889,-89.10881111,Fin de valla,El primer evento no fue una colision con un vehiculo automotor en transporte,Not an Intersection,No fue interseccion,Sobre el lado de la calle,Ninguna,Dia total,Despejado,No,NO APLICA,99,99,99,99,1,27/06/2022,2
47,Tennessee,470593,0,0,2,0,157,SHELBY (157),1620,MEMPHIS,7,Julio,9,2022,23,30,US-51 SR-3 ELVIS PRESLEY BLVD,2,US Highway,Urbano,Arteria Principal,State Highway Agency,1,Sin jurisdiccion especial,38,35.05023889,-90.02515278,Vehiculo en movimiento,Reportado como desconocido,Not an Intersection,No fue interseccion,Sobre calle,Ninguna,Oscuro con iluminacion,Despejado,No,NO APLICA,99,99,99,99,1,09/07/2022,3
47,Tennessee,470594,0,0,1,0,157,SHELBY (157),1620,MEMPHIS,7,Julio,10,2022,22,30,MILL BRANCH RD,6,Calle Local Municipalidad,Urbano,Arteria Menor,City or Municipal Highway Agency,0,Sin jurisdiccion especial,35,35.04583333,-90.00756111,Soporte de Puente,El primer evento no fue una colision con un vehiculo automotor en transporte,Not an Intersection,No fue interseccion,En el medio,Ninguna,Oscuro con iluminacion,Despejado,No,NO APLICA,99,99,99,99,1,10/07/2022,2
47,Tennessee,470595,0,0,1,0,37,DAVIDSON (37),960,GOODLETTSVILLE,6,Junio,1,2022,5,40,SR-386 VIETNAM VETERANS BLVD R,3,Highway estatal,Urbano,Arteria Menor,City or Municipal Highway Agency,0,Sin jurisdiccion especial,14,36.30683889,-86.69436111,Poste de Señal de trafico,El primer evento no fue una colision con un vehiculo automotor en transporte,Not an Intersection,No fue interseccion,Sobre el lado de la calle,Ninguna,Dia total,Despejado,No,NO APLICA,99,99,99,99,1,01/06/2022,1
47,Tennessee,470596,0,0,3,0,65,HAMILTON (65),400,CHATTANOOGA,6,Junio,28,2022,21,5,US-11/64 SR-2 BRAINERD RD,2,US Highway,Urbano,Arteria Principal,State Highway Agency,1,Sin jurisdiccion especial,122,35.02577222,-85.25045556,Vehiculo en movimiento,Golpe Lateral - misma direccion,Not an Intersection,No fue interseccion,Sobre calle,Ninguna,Atardecer,Despejado,No,NO APLICA,99,99,99,99,1,28/06/2022,4
47,Tennessee,470597,0,0,2,0,37,DAVIDSON (37),1760,NASHVILLE,7,Julio,7,2022,17,46,I-40,1,Interestatal,Urbano,Interestatal,State Highway Agency,1,Sin jurisdiccion especial,213,36.14145,-86.73243056,Volcadura,El primer evento no fue una colision con un vehiculo automotor en transporte,Not an Intersection,No fue interseccion,Sobre calle,Ninguna,Dia total,Despejado,No,NO APLICA,99,99,99,99,1,07/07/2022,2
47,Tennessee,470598,0,0,1,0,37,DAVIDSON (37),1760,NASHVILLE,7,Julio,7,2022,8,57,LYNNBROOK RD,6,Calle Local Municipalidad,Urbano,Local,City or Municipal Highway Agency,0,Sin jurisdiccion especial,3,36.12003889,-86.83046944,Otro objeto (no fijo),El primer evento no fue una colision con un vehiculo automotor en transporte,Not an Intersection,No fue interseccion,Sobre el lado de la calle,Ninguna,Dia total,Despejado,No,NO APLICA,99,99,99,99,1,07/07/2022,1
47,Tennessee,470599,1,1,2,0,157,SHELBY (157),1620,MEMPHIS,7,Julio,10,2022,23,1,RALEIGH-LAGRANGE RD,6,Calle Local Municipalidad,Urbano,Arteria Menor,City or Municipal Highway Agency,0,Sin jurisdiccion especial,32,35.18181389,-89.86467222,Peaton,El primer evento no fue una colision con un vehiculo automotor en transporte,Not an Intersection,No fue interseccion,Sobre calle,Ninguna,Oscuro sin iluminacion,Despejado,No,NO APLICA,99,99,99,99,1,10/07/2022,5
47,Tennessee,470600,1,1,1,0,163,SULLIVAN (163),1280,KINGSPORT,6,Junio,24,2022,21,50,CHEROKEE ST,6,Calle Local Municipalidad,Urbano,Arteria Menor,City or Municipal Highway Agency,0,Sin jurisdiccion especial,13,36.54626111,-82.55788056,Peaton,El primer evento no fue una colision con un vehiculo automotor en transporte,Four-Way Intersection,Interseccion de 4 direcciones,Sobre calle,Ninguna,Oscuro con iluminacion,Despejado,No,NO APLICA,99,99,99,99,1,24/06/2022,1
47,Tennessee,470601,1,1,1,0,47,FAYETTE (47),0,NO APLICA,7,Julio,10,2022,4,42,I-40,1,Interestatal,Rural,Interestatal,State Highway Agency,1,Sin jurisdiccion especial,70,35.33851111,-89.54073056,Peaton,El primer evento no fue una colision con un vehiculo automotor en transporte,Not an Intersection,No fue interseccion,Sobre calle,Ninguna,Oscuro - iluminacion desconocida,Despejado,No,NO APLICA,99,99,99,99,1,10/07/2022,1
47,Tennessee,470602,0,0,2,0,147,ROBERTSON (147),2340,SPRINGFIELD,7,Julio,9,2022,4,26,US-431 SR-65,2,US Highway,Rural,Arteria Principal,State Highway Agency,0,Sin jurisdiccion especial,82,36.5393,-86.87851111,Vehiculo en movimiento,Frente a frente,Not an Intersection,No fue interseccion,Sobre calle,Ninguna,Oscuro sin iluminacion,lluvia,No,NO APLICA,99,99,99,99,2,09/07/2022,2
47,Tennessee,470603,0,0,2,0,157,SHELBY (157),1620,MEMPHIS,7,Julio,13,2022,7,28,HOLMES RD,6,Calle Local Municipalidad,Urbano,Arteria Menor,City or Municipal Highway Agency,0,Sin jurisdiccion especial,39,35.00636667,-90.03678889,Vehiculo en movimiento,Frente a frente,Not an Intersection,No fue interseccion,Sobre calle,Ninguna,Dia total,lluvia,No,NO APLICA,99,99,99,99,1,13/07/2022,2
47,Tennessee,470604,0,0,2,0,157,SHELBY (157),1620,MEMPHIS,7,Julio,13,2022,14,38,WINCHESTER RD,6,Calle Local Municipalidad,Urbano,Arteria Principal,City or Municipal Highway Agency,0,Sin jurisdiccion especial,23,35.05409722,-90.01955278,Vehiculo en movimiento,Angulo,T-Intersection,Interseccion de T,Sobre calle,Ninguna,Dia total,Despejado,No,NO APLICA,99,99,99,99,1,13/07/2022,3
47,Tennessee,470605,0,0,2,0,29,COCKE (29),0,NO APLICA,7,Julio,8,2022,19,37,US-25/70 SR-9,2,US Highway,Rural,Arteria Menor,State Highway Agency,0,Sin jurisdiccion especial,155,35.93943889,-83.04306111,Vehiculo en movimiento,Angulo,Not an Intersection,No fue interseccion,Sobre calle,Ninguna,Dia total,lluvia,No,NO APLICA,99,99,99,99,1,08/07/2022,3
47,Tennessee,470606,0,0,2,0,163,SULLIVAN (163),250,BLUFF CITY,7,Julio,13,2022,22,40,US-19E SR-37,2,US Highway,Urbano,Arteria Principal,State Highway Agency,1,Sin jurisdiccion especial,30,36.45438889,-82.28131944,Vehiculo en movimiento,Frente a Detrás,Four-Way Intersection,Interseccion de 4 direcciones,Sobre calle,Ninguna,Oscuro sin iluminacion,Nublado,No,NO APLICA,99,99,99,99,1,13/07/2022,2
47,Tennessee,470607,1,1,1,0,165,SUMNER (165),1085,HENDERSONVILLE,7,Julio,14,2022,2,8,US-31E SR-6 W MAIN ST,2,US Highway,Urbano,Arteria Principal,State Highway Agency,1,Sin jurisdiccion especial,0,36.30946944,-86.67176111,Peaton,El primer evento no fue una colision con un vehiculo automotor en transporte,Not an Intersection,No fue interseccion,Sobre calle,Ninguna,Oscuro sin iluminacion,Despejado,No,NO APLICA,99,99,99,99,1,14/07/2022,1
47,Tennessee,470608,0,0,1,0,157,SHELBY (157),930,GERMANTOWN,7,Julio,11,2022,19,29,NESHOBA RD,6,Calle Local Municipalidad,Urbano,Colector Mayor,City or Municipal Highway Agency,0,Sin jurisdiccion especial,29,35.10111111,-89.79286944,Banqueta,El primer evento no fue una colision con un vehiculo automotor en transporte,Not an Intersection,No fue interseccion,En el medio,Ninguna,Dia total,Despejado,No,NO APLICA,99,99,99,99,1,11/07/2022,1
47,Tennessee,470609,0,0,1,0,79,HENRY (79),0,NO APLICA,7,Julio,7,2022,12,46,SR-69,3,Highway estatal,Rural,Colector Mayor,State Highway Agency,0,Sin jurisdiccion especial,309,36.49613056,-88.4931,Volcadura,El primer evento no fue una colision con un vehiculo automotor en transporte,Not an Intersection,No fue interseccion,Sobre el lado de la calle,Ninguna,Dia total,Despejado,No,NO APLICA,99,99,99,99,2,07/07/2022,3
47,Tennessee,470610,0,0,1,0,83,HOUSTON (83),0,NO APLICA,7,Julio,5,2022,4,22,SR-149 CUMBERLAND CITY HWY,3,Highway estatal,Rural,Arteria Menor,State Highway Agency,0,Sin jurisdiccion especial,25,36.35315,-87.6641,Volcadura,El primer evento no fue una colision con un vehiculo automotor en transporte,Not an Intersection,No fue interseccion,Sobre el lado de la calle,Ninguna,Oscuro sin iluminacion,Despejado,No,NO APLICA,99,99,99,99,1,05/07/2022,1
47,Tennessee,470611,0,0,1,0,107,MCMINN (107),0,NO APLICA,7,Julio,13,2022,5,15,SR-163 ETOWAH RD,3,Highway estatal,Rural,Colector Mayor,State Highway Agency,0,Sin jurisdiccion especial,97,35.28866944,-84.64153056,Buzon de correo,El primer evento no fue una colision con un vehiculo automotor en transporte,Not an Intersection,No fue interseccion,Sobre el lado de la calle,Ninguna,Oscuro sin iluminacion,Despejado,No,NO APLICA,99,99,99,99,1,13/07/2022,1
47,Tennessee,470612,0,0,2,0,149,RUTHERFORD (149),1345,LA VERGNE,7,Julio,12,2022,18,57,WALDRON RD,6,Calle Local Municipalidad,Urbano,Colector Mayor,City or Municipal Highway Agency,0,Sin jurisdiccion especial,11,36.0106,-86.59431111,Vehiculo en movimiento,Frente a frente,Not an Intersection,No fue interseccion,Sobre calle,Ninguna,Dia total,Nublado,No,NO APLICA,99,99,99,99,1,12/07/2022,2
47,Tennessee,470613,0,0,2,0,147,ROBERTSON (147),499,Coopertown,7,Julio,16,2022,22,7,I-24,1,Interestatal,Rural,Interestatal,State Highway Agency,1,Sin jurisdiccion especial,9,36.38056111,-86.99168056,Vehiculo en movimiento,Angulo,Not an Intersection,No fue interseccion,Sobre calle,Ninguna,Oscuro sin iluminacion,Despejado,No,NO APLICA,99,99,99,99,1,16/07/2022,2
47,Tennessee,470614,0,0,1,0,59,GREENE (59),0,NO APLICA,7,Julio,16,2022,3,28,US-321 SR-35 NEWPORT HWY,2,US Highway,Rural,Arteria Menor,State Highway Agency,0,Sin jurisdiccion especial,55,36.09493056,-82.93716944,Fin de valla,El primer evento no fue una colision con un vehiculo automotor en transporte,Not an Intersection,No fue interseccion,Sobre el lado de la calle,Ninguna,Oscuro sin iluminacion,Despejado,No,NO APLICA,3,22,3,42,1,16/07/2022,3
47,Tennessee,470615,0,0,2,0,93,KNOX (93),0,NO APLICA,7,Julio,14,2022,20,1,US-11W SR-1 RUTLEDGE PK,2,US Highway,Urbano,Arteria Principal,State Highway Agency,1,Sin jurisdiccion especial,324,36.07476111,-83.77078889,Vehiculo en movimiento,Frente a Detrás,Not an Intersection,No fue interseccion,Sobre calle,Ninguna,Dia total,Despejado,No,NO APLICA,99,99,99,99,1,14/07/2022,2
47,Tennessee,470616,0,0,2,0,13,CAMPBELL (13),350,CARYVILLE,7,Julio,16,2022,13,7,US-252 SR-9 VETERANS MEMORIAL,2,US Highway,Urbano,Arteria Principal,State Highway Agency,1,Sin jurisdiccion especial,312,36.3116,-84.20803889,Vehiculo en movimiento,Angulo,Not an Intersection,No fue interseccion,Sobre calle,Ninguna,Dia total,Despejado,No,NO APLICA,99,99,99,99,1,16/07/2022,2
47,Tennessee,470617,0,0,2,0,41,DEKALB (41),0,NO APLICA,7,Julio,15,2022,6,25,SR-83 ALLEN FERRY RD,3,Highway estatal,Rural,Colector Mayor,State Highway Agency,0,Sin jurisdiccion especial,53,35.97373889,-85.84683889,Vehiculo en movimiento,Angulo,T-Intersection,Interseccion de T,Sobre calle,Ninguna,Dia total,Despejado,No,NO APLICA,99,99,99,99,1,15/07/2022,2
47,Tennessee,470618,0,0,2,0,103,LINCOLN (103),0,NO APLICA,7,Julio,15,2022,21,54,US-231/431 SR-10 HUNTSVILLE HW,2,US Highway,Urbano,Arteria Principal,State Highway Agency,1,Sin jurisdiccion especial,53,35.06608056,-86.57251111,Vehiculo en movimiento,Frente a frente,Not an Intersection,No fue interseccion,Sobre calle,Ninguna,Oscuro sin iluminacion,Despejado,No,NO APLICA,99,99,99,99,1,15/07/2022,5
47,Tennessee,470619,0,0,2,0,113,MADISON (113),0,NO APLICA,7,Julio,4,2022,14,11,US-70 SR-1 BROWNSVILLE HWY,2,US Highway,Rural,Colector Mayor,State Highway Agency,0,Sin jurisdiccion especial,10,35.58511111,-89.05523889,Vehiculo en movimiento,Angulo,Four-Way Intersection,Interseccion de 4 direcciones,Sobre calle,Ninguna,Dia total,Despejado,No,NO APLICA,99,99,99,99,1,04/07/2022,2
47,Tennessee,470620,1,1,4,1,37,DAVIDSON (37),1760,NASHVILLE,7,Julio,5,2022,0,30,I-65,1,Interestatal,Urbano,Interestatal,State Highway Agency,1,Sin jurisdiccion especial,102,36.19158056,-86.78573889,Vehiculo en movimiento,Frente a Detrás,Not an Intersection,No fue interseccion,Sobre calle,Ninguna,Oscuro con iluminacion,Despejado,No,NO APLICA,99,99,99,99,1,05/07/2022,5
47,Tennessee,470621,0,0,3,0,187,WILLIAMSON (187),0,NO APLICA,7,Julio,14,2022,6,49,US-31A/41A SR-11 HORTON HWY,2,US Highway,Rural,Arteria Principal,State Highway Agency,1,Sin jurisdiccion especial,59,35.8332,-86.66321111,Vehiculo en movimiento,Frente a Detrás,Not an Intersection,No fue interseccion,Sobre calle,Ninguna,Dia total,Despejado,No,NO APLICA,99,99,99,99,1,14/07/2022,3
47,Tennessee,470622,1,1,1,0,37,DAVIDSON (37),1760,NASHVILLE,7,Julio,14,2022,7,55,APACHE TR,6,Calle Local Municipalidad,Urbano,Local,City or Municipal Highway Agency,0,Sin jurisdiccion especial,19,36.06706944,-86.689,Peaton,El primer evento no fue una colision con un vehiculo automotor en transporte,Not an Intersection,No fue interseccion,Sobre calle,Ninguna,Dia total,Despejado,No,NO APLICA,99,99,99,99,1,14/07/2022,1
47,Tennessee,470623,1,1,1,0,63,HAMBLEN (63),1700,MORRISTOWN,7,Julio,18,2022,15,43,US-11E SR-34 W ANDREW JOHNSON,2,US Highway,Urbano,Arteria Principal,State Highway Agency,1,Sin jurisdiccion especial,63,36.20155,-83.33328889,Peaton,El primer evento no fue una colision con un vehiculo automotor en transporte,Not an Intersection,No fue interseccion,Sobre calle,Ninguna,Dia total,Despejado,No,NO APLICA,99,99,99,99,1,18/07/2022,1
47,Tennessee,470624,0,0,1,0,161,STEWART (161),0,NO APLICA,7,Julio,10,2022,15,50,CR-RIBBON BRANCH RD,4,Calle del Condado,Rural,Local,County Highway Agency,0,Sin jurisdiccion especial,23,36.44923889,-87.96583889,Volcadura,El primer evento no fue una colision con un vehiculo automotor en transporte,Not an Intersection,No fue interseccion,Sobre el lado de la calle,Ninguna,Dia total,Despejado,No,NO APLICA,99,99,99,99,1,10/07/2022,2
47,Tennessee,470625,0,0,1,0,93,KNOX (93),1300,KNOXVILLE,7,Julio,17,2022,1,49,SR-62 OAK RIDGE HWY,3,Highway estatal,Urbano,Arteria Principal,State Highway Agency,1,Sin jurisdiccion especial,51,35.9793,-84.11313056,Volcadura,El primer evento no fue una colision con un vehiculo automotor en transporte,Not an Intersection,No fue interseccion,Sobre el lado de la calle,Ninguna,Oscuro - iluminacion desconocida,Despejado,No,NO APLICA,99,99,99,99,1,17/07/2022,2
47,Tennessee,470626,0,0,2,0,105,LOUDON (105),0,NO APLICA,7,Julio,18,2022,12,43,CR-FORK CREEK RD,4,Calle del Condado,Rural,Colector Menor,County Highway Agency,0,Sin jurisdiccion especial,14,35.67993056,-84.3742,Vehiculo en movimiento,Frente a frente,Not an Intersection,No fue interseccion,Sobre calle,Ninguna,Dia total,Nublado,No,NO APLICA,99,99,99,99,2,18/07/2022,2
47,Tennessee,470627,0,0,3,0,105,LOUDON (105),0,NO APLICA,7,Julio,18,2022,16,50,CR-STEEKEE RD,4,Calle del Condado,Rural,Colector Mayor,County Highway Agency,0,Sin jurisdiccion especial,22,35.6953,-84.33586944,Vehiculo en movimiento,Frente a frente,Not an Intersection,No fue interseccion,Sobre calle,Ninguna,Dia total,lluvia,No,NO APLICA,99,99,99,99,1,18/07/2022,5
47,Tennessee,470628,0,0,1,0,179,WASHINGTON (179),985,GRAY,7,Julio,20,2022,12,42,I-26 JAMES H QUILLEN PKWY,1,Interestatal,Urbano,Interestatal,State Highway Agency,1,Sin jurisdiccion especial,27,36.41156111,-82.48415,Acotamiento,El primer evento no fue una colision con un vehiculo automotor en transporte,Not an Intersection,No fue interseccion,Sobre el lado de la calle,Ninguna,Dia total,Nublado,No,NO APLICA,99,99,99,99,1,20/07/2022,1
47,Tennessee,470629,0,0,1,0,157,SHELBY (157),1620,MEMPHIS,7,Julio,20,2022,20,39,HUMPHREYS BLVD,6,Calle Local Municipalidad,Urbano,Arteria Menor,City or Municipal Highway Agency,0,Sin jurisdiccion especial,5,35.13295,-89.85924444,Arbol,El primer evento no fue una colision con un vehiculo automotor en transporte,Not an Intersection,No fue interseccion,Sobre el lado de la calle,Ninguna,Atardecer,Despejado,No,NO APLICA,99,99,99,99,1,20/07/2022,1
47,Tennessee,470630,0,0,2,0,65,HAMILTON (65),400,CHATTANOOGA,7,Julio,20,2022,18,38,SR-153,3,Highway estatal,Urbano,Arteria Principal,State Highway Agency,1,Sin jurisdiccion especial,3,35.08163611,-85.26295833,Vehiculo en movimiento,Angulo,Not an Intersection,No fue interseccion,Sobre calle,Ninguna,Dia total,Despejado,No,NO APLICA,99,99,99,99,1,20/07/2022,6
47,Tennessee,470631,1,1,1,0,157,SHELBY (157),1620,MEMPHIS,7,Julio,21,2022,21,35,HORN LAKE RD,6,Calle Local Municipalidad,Urbano,Arteria Menor,City or Municipal Highway Agency,0,Sin jurisdiccion especial,20,35.01835556,-90.06776944,Peaton,El primer evento no fue una colision con un vehiculo automotor en transporte,Not an Intersection,No fue interseccion,Sobre calle,Ninguna,Dia total,Despejado,No,NO APLICA,99,99,99,99,1,21/07/2022,1
47,Tennessee,470632,0,0,1,0,183,WEAKLEY (183),0,NO APLICA,7,Julio,16,2022,21,56,CR-SHADES BRIDGE RD,4,Calle del Condado,Rural,Colector Menor,County Highway Agency,0,Sin jurisdiccion especial,19,36.13508056,-88.7864,Alguien se cayo/avento del vehiculo,El primer evento no fue una colision con un vehiculo automotor en transporte,Not an Intersection,No fue interseccion,Sobre calle,Ninguna,Oscuro sin iluminacion,Despejado,No,NO APLICA,99,99,99,99,1,16/07/2022,4
47,Tennessee,470633,0,0,2,0,163,SULLIVAN (163),1280,KINGSPORT,7,Julio,16,2022,13,26,SR-93 JOHN B DENNIS HWY,3,Highway estatal,Urbano,Arteria Menor,State Highway Agency,0,Sin jurisdiccion especial,117,36.54852222,-82.51251111,Vehiculo en movimiento,Angulo,Four-Way Intersection,Interseccion de 4 direcciones,Sobre calle,Ninguna,Dia total,Despejado,No,NO APLICA,99,99,99,99,1,16/07/2022,4
47,Tennessee,470634,0,0,1,0,51,FRANKLIN (51),2470,TULLAHOMA,7,Julio,20,2022,0,16,CR-ROCK CREEK RD,4,Calle del Condado,Urbano,Local,County Highway Agency,0,Sin jurisdiccion especial,76,35.33586111,-86.20061944,Acotamiento,El primer evento no fue una colision con un vehiculo automotor en transporte,Not an Intersection,No fue interseccion,Sobre el lado de la calle,Ninguna,Oscuro sin iluminacion,Nublado,No,NO APLICA,99,99,99,99,1,20/07/2022,1
47,Tennessee,470635,0,0,2,0,189,WILSON (189),0,NO APLICA,7,Julio,22,2022,4,52,SR-265 CENTRAL PKE,3,Highway estatal,Rural,Colector Mayor,State Highway Agency,0,Sin jurisdiccion especial,130,36.11688056,-86.35873889,Vehiculo en movimiento,Golpe Lateral - misma direccion,Not an Intersection,No fue interseccion,Sobre calle,Ninguna,Oscuro sin iluminacion,Despejado,No,NO APLICA,99,99,99,99,1,22/07/2022,2
47,Tennessee,470636,0,0,1,0,31,COFFEE (31),0,NO APLICA,7,Julio,17,2022,99,99,I-24,1,Interestatal,Urbano,Interestatal,State Highway Agency,1,Sin jurisdiccion especial,201,35.4212,-86.01988056,Arbol,El primer evento no fue una colision con un vehiculo automotor en transporte,Not an Intersection,No fue interseccion,Sobre el lado de la calle,Ninguna,Oscuro sin iluminacion,Despejado,No,NO APLICA,99,99,99,99,1,17/07/2022,2
47,Tennessee,470637,0,0,2,0,119,MAURY (119),0,NO APLICA,7,Julio,23,2022,16,32,US-412 SR-99 HAMPSHIRE PKE,2,US Highway,Rural,Arteria Principal,State Highway Agency,1,Sin jurisdiccion especial,42,35.6038,-87.27086944,Vehiculo en movimiento,Angulo,T-Intersection,Interseccion de T,Sobre calle,Ninguna,Dia total,Despejado,No,NO APLICA,99,99,99,99,1,23/07/2022,4
47,Tennessee,470638,1,1,1,0,157,SHELBY (157),1620,MEMPHIS,7,Julio,23,2022,5,46,S LAUDERDALE ST,6,Calle Local Municipalidad,Urbano,Colector Mayor,City or Municipal Highway Agency,0,Sin jurisdiccion especial,11,35.10167778,-90.04416111,Peaton,El primer evento no fue una colision con un vehiculo automotor en transporte,Not an Intersection,No fue interseccion,Sobre calle,Ninguna,Dia total,Despejado,No,NO APLICA,99,99,99,99,1,23/07/2022,1
47,Tennessee,470639,0,0,1,0,89,JEFFERSON (89),0,NO APLICA,7,Julio,23,2022,21,6,SR-92 CHESTNUT HILL RD,3,Highway estatal,Rural,Arteria Menor,State Highway Agency,0,Sin jurisdiccion especial,31,35.95381111,-83.3663,Poste de Señal de trafico,El primer evento no fue una colision con un vehiculo automotor en transporte,Not an Intersection,No fue interseccion,Sobre el lado de la calle,Ninguna,Oscuro sin iluminacion,Nublado,No,NO APLICA,99,99,99,99,1,23/07/2022,1
47,Tennessee,470640,1,1,1,0,93,KNOX (93),0,NO APLICA,7,Julio,17,2022,0,43,US-25W SR-9 CLINTON PK,2,US Highway,Urbano,Arteria Principal,State Highway Agency,1,Sin jurisdiccion especial,7,36.02468056,-84.05956944,Peaton,El primer evento no fue una colision con un vehiculo automotor en transporte,Not an Intersection,No fue interseccion,Sobre calle,Ninguna,Oscuro sin iluminacion,Despejado,No,NO APLICA,99,99,99,99,1,17/07/2022,1
47,Tennessee,470641,0,0,4,0,37,DAVIDSON (37),1760,NASHVILLE,7,Julio,18,2022,20,3,SR-100,3,Highway estatal,Rural,Arteria Principal,State Highway Agency,1,Sin jurisdiccion especial,31,36.02998056,-86.99763889,Vehiculo en movimiento,Golpe Lateral - misma direccion,Not an Intersection,No fue interseccion,Sobre calle,Ninguna,Atardecer,Despejado,No,NO APLICA,99,99,99,99,1,18/07/2022,5
47,Tennessee,470642,1,1,1,0,37,DAVIDSON (37),1760,NASHVILLE,7,Julio,21,2022,1,58,I-65,1,Interestatal,Urbano,Interestatal,State Highway Agency,1,Sin jurisdiccion especial,73,36.13435,-86.77561111,Peaton,El primer evento no fue una colision con un vehiculo automotor en transporte,Not an Intersection,No fue interseccion,Sobre calle,Ninguna,Oscuro sin iluminacion,Despejado,No,NO APLICA,99,99,99,99,1,21/07/2022,1
47,Tennessee,470643,0,0,2,0,27,CLAY (27),0,NO APLICA,7,Julio,23,2022,10,58,SR-52 CLAY COUNTY HWY,3,Highway estatal,Rural,Arteria Principal,State Highway Agency,1,Sin jurisdiccion especial,83,36.60248056,-85.68331111,Vehiculo en movimiento,Angulo,T-Intersection,Interseccion de T,Sobre calle,Ninguna,Dia total,Despejado,No,NO APLICA,99,99,99,99,1,23/07/2022,5
47,Tennessee,470645,0,0,1,0,143,RHEA (143),0,NO APLICA,7,Julio,5,2022,8,25,CR-CAT HOLLOW RD,4,Calle del Condado,Rural,Local,County Highway Agency,0,Sin jurisdiccion especial,4,35.57763056,-84.90475,Zanja,El primer evento no fue una colision con un vehiculo automotor en transporte,Not an Intersection,No fue interseccion,Sobre el lado de la calle,Ninguna,Dia total,Despejado,No,NO APLICA,99,99,99,99,1,05/07/2022,1
47,Tennessee,470646,0,0,1,0,149,RUTHERFORD (149),0,NO APLICA,7,Julio,23,2022,15,7,SR-99 BRADYVILLE PK,3,Highway estatal,Rural,Colector Mayor,State Highway Agency,0,Sin jurisdiccion especial,258,35.78528056,-86.30011944,Arbol,El primer evento no fue una colision con un vehiculo automotor en transporte,Not an Intersection,No fue interseccion,Sobre el lado de la calle,Ninguna,Dia total,Despejado,No,NO APLICA,99,99,99,99,1,23/07/2022,1
47,Tennessee,470647,0,0,3,0,93,KNOX (93),1300,KNOXVILLE,6,Junio,1,2022,14,7,US-24W SR-9 CLINTON PK,2,US Highway,Urbano,Arteria Principal,State Highway Agency,1,Sin jurisdiccion especial,38,36.00728333,-84.01448056,Vehiculo en movimiento,Angulo,Not an Intersection,No fue interseccion,Sobre calle,Ninguna,Dia total,Despejado,No,NO APLICA,99,99,99,99,1,01/06/2022,3
47,Tennessee,470648,0,0,1,0,11,BRADLEY (11),0,NO APLICA,7,Julio,14,2022,12,28,CR-HUNT RD,4,Calle del Condado,Urbano,Local,County Highway Agency,0,Sin jurisdiccion especial,2,35.09653056,-84.86628889,Acotamiento,El primer evento no fue una colision con un vehiculo automotor en transporte,Not an Intersection,No fue interseccion,Sobre el lado de la calle,Ninguna,Dia total,Despejado,No,NO APLICA,99,99,99,99,1,14/07/2022,2
47,Tennessee,470649,0,0,4,0,155,SEVIER (155),1948,PIGEON FORGE,7,Julio,23,2022,18,27,SR-449 VETERANS BLVD,3,Highway estatal,Urbano,Arteria Principal,State Highway Agency,0,Sin jurisdiccion especial,22,35.80941111,-83.53718889,Vehiculo en movimiento,Angulo,Four-Way Intersection,Interseccion de 4 direcciones,Sobre calle,Ninguna,Dia total,Despejado,No,NO APLICA,99,99,99,99,1,23/07/2022,15
47,Tennessee,470650,0,0,2,0,163,SULLIVAN (163),0,NO APLICA,7,Julio,23,2022,2,20,I-81,1,Interestatal,Urbano,Interestatal,State Highway Agency,1,Sin jurisdiccion especial,193,36.57386111,-82.28605,Vehiculo en movimiento,Golpe Lateral - misma direccion,Not an Intersection,No fue interseccion,Sobre calle,Ninguna,Oscuro sin iluminacion,Despejado,No,NO APLICA,99,99,99,99,1,23/07/2022,4
47,Tennessee,470651,0,0,1,0,187,WILLIAMSON (187),0,NO APLICA,7,Julio,23,2022,0,48,I-65,1,Interestatal,Urbano,Interestatal,State Highway Agency,1,Sin jurisdiccion especial,9,35.75178889,-86.86976944,Barrera de Trafico de Concreto,El primer evento no fue una colision con un vehiculo automotor en transporte,Not an Intersection,No fue interseccion,En el medio,Ninguna,Oscuro sin iluminacion,Despejado,No,NO APLICA,99,99,99,99,1,23/07/2022,1
47,Tennessee,470652,0,0,2,0,145,ROANE (145),0,NO APLICA,7,Julio,23,2022,16,0,SR-304 RIVER RD,3,Highway estatal,Rural,Colector Mayor,State Highway Agency,0,Sin jurisdiccion especial,39,35.75838889,-84.64598056,Vehiculo en movimiento,Angulo,Not an Intersection,No fue interseccion,Sobre calle,Ninguna,Dia total,Despejado,No,NO APLICA,99,99,99,99,1,23/07/2022,2
47,Tennessee,470653,0,0,2,0,93,KNOX (93),1300,KNOXVILLE,7,Julio,23,2022,22,20,US-11/70 SR-1 KINGSTON PK,2,US Highway,Urbano,Arteria Principal,State Highway Agency,1,Sin jurisdiccion especial,59,35.89670278,-84.13378611,Vehiculo en movimiento,Frente a Detrás,Not an Intersection,No fue interseccion,Sobre calle,Mantenimiento,Oscuro sin iluminacion,Despejado,No,NO APLICA,99,99,99,99,1,23/07/2022,2