Estado,Nombre de Estado,Numero de Caso,Peatones,Personas _no_vehiculos,Vehiculos automotores,Vehiculos estacionados,Condado,Nombre Condado,Ciudad,Nombre Ciudad,Mes,Nombre Mes,Dia,Año,Hora,Minuto,Calle,Ruta,Nombre Ruta,Rural o Urbanoo,Sistema Funcional,Dueño Calle,Sistema Nacional Carreteras,Jurisdiccion Especial,Milla,Latitud,Longitud,Causa del Accidente,Tipo de Accidente,Tipo Interseccion,Columna1,Lugar en la calle,Zona de Trabajo,Luz,Clima,Autobus Escolar,Cruce de Trenes,Hora Notificacion,Minuto Notificacion,Hora Llegada,Minuto Llegada,Decesos,Fecha,PersonaVehiculo
47,Tennessee,470654,0,0,2,0,37,DAVIDSON (37),1760,NASHVILLE,7,Julio,26,2022,21,42,US-31A/41A SR-11 NOLENSVILLE P,2,US Highway,Urbano,Arteria Principal,State Highway Agency,1,Sin jurisdiccion especial,49,36.05151111,-86.71436111,Vehiculo en movimiento,Angulo,Four-Way Intersection,Interseccion de 4 direcciones,Sobre calle,Ninguna,Oscuro sin iluminacion,Despejado,No,NO APLICA,99,99,99,99,1,26/07/2022,3
47,Tennessee,470655,0,0,2,0,125,MONTGOMERY (125),410,CLARKSVILLE,7,Julio,26,2022,14,25,WHITFIELD RD,6,Calle Local Municipalidad,Urbano,Colector Mayor,City or Municipal Highway Agency,0,Sin jurisdiccion especial,13,36.56458333,-87.33534167,Vehiculo en movimiento,Frente a frente,Not an Intersection,No fue interseccion,Sobre calle,Ninguna,Dia total,lluvia,No,NO APLICA,99,99,99,99,1,26/07/2022,2
47,Tennessee,470656,0,0,2,1,157,SHELBY (157),1620,MEMPHIS,7,Julio,27,2022,22,10,FLAMINGO RD,6,Calle Local Municipalidad,Urbano,Local,City or Municipal Highway Agency,0,Sin jurisdiccion especial,26,35.09651667,-89.90996111,Vehiculo Aparcado,El primer evento no fue una colision con un vehiculo automotor en transporte,Not an Intersection,No fue interseccion,Sobre Acotamiento,Ninguna,Oscuro con iluminacion,Despejado,No,NO APLICA,99,99,99,99,1,27/07/2022,1
47,Tennessee,470657,1,1,1,0,59,GREENE (59),0,NO APLICA,7,Julio,4,2022,18,50,CR-POPLAR SPRINGS RD,4,Calle del Condado,Rural,Local,County Highway Agency,0,Sin jurisdiccion especial,24,36.09553889,-82.97983056,Acotamiento,El primer evento no fue una colision con un vehiculo automotor en transporte,Not an Intersection,No fue interseccion,Sobre el lado de la calle,Ninguna,Dia total,Despejado,No,NO APLICA,99,99,99,99,1,04/07/2022,1
47,Tennessee,470658,0,0,2,0,65,HAMILTON (65),0,NO APLICA,7,Julio,22,2022,20,15,SR-60,3,Highway estatal,Rural,Arteria Principal,State Highway Agency,1,Sin jurisdiccion especial,13,35.33767222,-84.97139722,Volcadura,El primer evento no fue una colision con un vehiculo automotor en transporte,Not an Intersection,No fue interseccion,Sobre calle,Ninguna,Dia total,Despejado,No,NO APLICA,99,99,99,99,1,22/07/2022,3
47,Tennessee,470659,1,1,1,0,79,HENRY (79),0,NO APLICA,7,Julio,16,2022,21,6,US-79 SR-76,2,US Highway,Urbano,Arteria Principal,State Highway Agency,1,Sin jurisdiccion especial,180,36.33333056,-88.25693056,Peaton,El primer evento no fue una colision con un vehiculo automotor en transporte,Not an Intersection,No fue interseccion,Sobre calle,Ninguna,Oscuro sin iluminacion,Nublado,No,NO APLICA,99,99,99,99,1,16/07/2022,1
47,Tennessee,470660,0,0,1,0,147,ROBERTSON (147),0,NO APLICA,7,Julio,23,2022,1,36,CR-HOOPERS HOLLOW RD,4,Calle del Condado,Rural,Local,County Highway Agency,0,Sin jurisdiccion especial,38,36.63008889,-87.10091111,Acotamiento,El primer evento no fue una colision con un vehiculo automotor en transporte,Not an Intersection,No fue interseccion,Sobre el lado de la calle,Ninguna,Oscuro sin iluminacion,Despejado,No,NO APLICA,99,99,99,99,1,23/07/2022,3
47,Tennessee,470661,1,1,1,0,77,HENDERSON (77),1390,LEXINGTON,7,Julio,29,2022,16,24,AYERS ST,6,Calle Local Municipalidad,Urbano,Local,City or Municipal Highway Agency,0,Sin jurisdiccion especial,3,35.63816944,-88.39876111,Peaton,El primer evento no fue una colision con un vehiculo automotor en transporte,Not an Intersection,No fue interseccion,Sobre calle,Ninguna,Dia total,Despejado,No,NO APLICA,99,99,99,99,1,29/07/2022,1
47,Tennessee,470662,0,0,2,0,149,RUTHERFORD (149),1750,MURFREESBORO,7,Julio,30,2022,2,33,US-231 SR-10 MEMORIAL BLVD,2,US Highway,Urbano,Arteria Principal,State Highway Agency,1,Sin jurisdiccion especial,144,35.8614,-86.39036111,Vehiculo en movimiento,Angulo,Four-Way Intersection,Interseccion de 4 direcciones,Sobre calle,Ninguna,Oscuro con iluminacion,Despejado,No,NO APLICA,99,99,99,99,1,30/07/2022,2
47,Tennessee,470663,0,0,1,0,59,GREENE (59),0,NO APLICA,6,Junio,11,2022,10,15,SR-349 WARRENSBURG RD,3,Highway estatal,Rural,Colector Mayor,State Highway Agency,0,Sin jurisdiccion especial,89,36.12063056,-82.93883889,Zanja,El primer evento no fue una colision con un vehiculo automotor en transporte,Not an Intersection,No fue interseccion,Sobre el lado de la calle,Ninguna,Dia total,Despejado,No,NO APLICA,10,12,99,99,1,11/06/2022,1
47,Tennessee,470664,0,0,1,0,45,DYER (45),710,DYERSBURG,7,Julio,23,2022,10,33,SR-78 LAKE RD,3,Highway estatal,Urbano,Arteria Principal,State Highway Agency,1,Sin jurisdiccion especial,18,36.06113056,-89.39538056,Banqueta,El primer evento no fue una colision con un vehiculo automotor en transporte,Not an Intersection,No fue interseccion,Sobre el lado de la calle,Ninguna,Dia total,Despejado,No,NO APLICA,99,99,99,99,1,23/07/2022,1
47,Tennessee,470665,0,0,1,0,37,DAVIDSON (37),75,ANTIOCH,7,Julio,28,2022,15,16,CULBERTSON RD,6,Calle Local Municipalidad,Urbano,Local,City or Municipal Highway Agency,0,Sin jurisdiccion especial,6,36.00946111,-86.69305,Arbol,El primer evento no fue una colision con un vehiculo automotor en transporte,Not an Intersection,No fue interseccion,Sobre el lado de la calle,Ninguna,Dia total,Despejado,No,NO APLICA,99,99,99,99,1,28/07/2022,1
47,Tennessee,470666,1,1,1,0,37,DAVIDSON (37),1760,NASHVILLE,7,Julio,27,2022,2,6,US-31E SR-6 GALLATIN PK,2,US Highway,Urbano,Arteria Principal,State Highway Agency,1,Sin jurisdiccion especial,213,36.29978889,-86.6966,Peaton,El primer evento no fue una colision con un vehiculo automotor en transporte,Four-Way Intersection,Interseccion de 4 direcciones,Sobre calle,Ninguna,Oscuro con iluminacion,Despejado,No,NO APLICA,99,99,99,99,1,27/07/2022,1
47,Tennessee,470667,1,1,1,0,157,SHELBY (157),1620,MEMPHIS,7,Julio,30,2022,18,53,KNIGHT ARNOLD RD,6,Calle Local Municipalidad,Urbano,Arteria Menor,City or Municipal Highway Agency,0,Sin jurisdiccion especial,28,35.0623,-89.90388889,Peaton,El primer evento no fue una colision con un vehiculo automotor en transporte,Not an Intersection,No fue interseccion,Sobre calle,Ninguna,Oscuro con iluminacion,Despejado,No,NO APLICA,99,99,99,99,1,30/07/2022,1
47,Tennessee,470668,0,0,2,0,157,SHELBY (157),1620,MEMPHIS,7,Julio,30,2022,1,25,I-40,1,Interestatal,Urbano,Interestatal,State Highway Agency,1,Sin jurisdiccion especial,47,35.18241944,-90.01816944,Vehiculo en movimiento,Golpe Lateral - misma direccion,Not an Intersection,No fue interseccion,Sobre calle,Ninguna,Oscuro con iluminacion,Despejado,No,NO APLICA,99,99,99,99,2,30/07/2022,3
47,Tennessee,470669,1,1,1,0,157,SHELBY (157),1620,MEMPHIS,7,Julio,31,2022,1,31,PARK AVE,6,Calle Local Municipalidad,Urbano,Arteria Menor,City or Municipal Highway Agency,0,Sin jurisdiccion especial,59,35.10371944,-89.88406944,Peaton,El primer evento no fue una colision con un vehiculo automotor en transporte,Not an Intersection,No fue interseccion,Sobre calle,Ninguna,Oscuro con iluminacion,Despejado,No,NO APLICA,99,99,99,99,1,31/07/2022,1
47,Tennessee,470670,0,0,2,0,157,SHELBY (157),1620,MEMPHIS,7,Julio,31,2022,2,10,SR-175 SHELBY DR,3,Highway estatal,Urbano,Arteria Menor,State Highway Agency,0,Sin jurisdiccion especial,158,35.02034722,-89.83105,Vehiculo en movimiento,Angulo,Four-Way Intersection,Interseccion de 4 direcciones,Sobre calle,Ninguna,Oscuro con iluminacion,Despejado,No,NO APLICA,99,99,99,99,1,31/07/2022,3
47,Tennessee,470671,0,0,2,0,107,MCMINN (107),110,ATHENS,7,Julio,26,2022,22,47,US-11 SR-2 CONGRESS PKWY,2,US Highway,Urbano,Arteria Principal,State Highway Agency,1,Sin jurisdiccion especial,141,35.45805,-84.61591944,Vehiculo en movimiento,Angulo,Four-Way Intersection,Interseccion de 4 direcciones,Sobre calle,Ninguna,Oscuro con iluminacion,Despejado,No,NO APLICA,99,99,99,99,1,26/07/2022,2
47,Tennessee,470672,0,0,2,0,157,SHELBY (157),1620,MEMPHIS,7,Julio,24,2022,1,55,N WATKINS ST,6,Calle Local Municipalidad,Urbano,Arteria Menor,City or Municipal Highway Agency,0,Sin jurisdiccion especial,34,35.19336944,-90.00793889,Vehiculo en movimiento,Angulo,Four-Way Intersection,Interseccion de 4 direcciones,Sobre calle,Ninguna,Oscuro con iluminacion,Despejado,No,NO APLICA,99,99,99,99,1,24/07/2022,4
47,Tennessee,470673,1,1,1,0,157,SHELBY (157),1620,MEMPHIS,7,Julio,27,2022,15,52,US-64/70 SR-57 EAST PKWY N,2,US Highway,Urbano,Arteria Principal,State Highway Agency,1,Sin jurisdiccion especial,6,35.14855556,-89.98151111,Peaton,El primer evento no fue una colision con un vehiculo automotor en transporte,T-Intersection,Interseccion de T,Sobre calle,Ninguna,Dia total,Despejado,No,NO APLICA,99,99,99,99,1,27/07/2022,1
47,Tennessee,470674,0,0,4,0,149,RUTHERFORD (149),0,NO APLICA,7,Julio,23,2022,99,99,I-840,1,Interestatal,Rural,Interestatal,State Highway Agency,1,Sin jurisdiccion especial,130,35.94603889,-86.43818889,Final Destination ( Vehiculo es golpeado por carga o otro objeto puesto en movimiento por otro vehiculo en movimiento),Otro,Not an Intersection,No fue interseccion,Sobre calle,Ninguna,Oscuro sin iluminacion,Despejado,No,NO APLICA,99,99,99,99,1,23/07/2022,5
47,Tennessee,470675,0,0,2,0,81,HICKMAN (81),0,NO APLICA,8,Agosto,1,2022,6,12,SR-50,3,Highway estatal,Rural,Arteria Menor,State Highway Agency,0,Sin jurisdiccion especial,260,35.75421944,-87.33478056,Vehiculo en movimiento,Frente a frente,Not an Intersection,No fue interseccion,Sobre calle,Ninguna,Amanecer,lluvia,No,NO APLICA,99,99,99,99,2,01/08/2022,2
47,Tennessee,470676,0,0,1,0,165,SUMNER (165),0,NO APLICA,7,Julio,30,2022,23,30,SR-25 HARTSVILLE PK,3,Highway estatal,Rural,Arteria Menor,State Highway Agency,0,Sin jurisdiccion especial,249,36.38548889,-86.277,Arbol,El primer evento no fue una colision con un vehiculo automotor en transporte,Not an Intersection,No fue interseccion,Sobre el lado de la calle,Ninguna,Oscuro sin iluminacion,Nublado,No,NO APLICA,99,99,99,99,1,30/07/2022,1
47,Tennessee,470678,0,0,1,0,175,VAN BUREN (175),0,NO APLICA,8,Agosto,1,2022,14,47,SR-284 DEWEESE RD,3,Highway estatal,Rural,Colector Mayor,State Highway Agency,0,Sin jurisdiccion especial,41,35.68958056,-85.32581944,Arbol,El primer evento no fue una colision con un vehiculo automotor en transporte,Not an Intersection,No fue interseccion,Sobre el lado de la calle,Ninguna,Dia total,lluvia,No,NO APLICA,99,99,99,99,1,01/08/2022,2
47,Tennessee,470679,0,0,2,0,1,ANDERSON (1),440,CLINTON,7,Julio,22,2022,21,7,SR-170 NEW HENDERSON RD,3,Highway estatal,Urbano,Arteria Menor,State Highway Agency,0,Sin jurisdiccion especial,27,36.02358056,-84.14288889,Vehiculo en movimiento,Angulo,Not an Intersection,No fue interseccion,Sobre calle,Ninguna,Atardecer,Despejado,No,NO APLICA,99,99,99,99,3,22/07/2022,4
47,Tennessee,470680,0,0,2,0,37,DAVIDSON (37),1760,NASHVILLE,7,Julio,29,2022,13,21,I-65,1,Interestatal,Urbano,Interestatal,State Highway Agency,1,Sin jurisdiccion especial,155,36.24976944,-86.74166111,Vehiculo en movimiento,Frente a Detrás,Not an Intersection,No fue interseccion,Sobre calle,Ninguna,Dia total,Nublado,No,NO APLICA,99,99,99,99,1,29/07/2022,4
47,Tennessee,470681,0,0,2,0,125,MONTGOMERY (125),410,CLARKSVILLE,8,Agosto,1,2022,14,28,US-41A SR-112 MADISON ST,2,US Highway,Urbano,Arteria Menor,State Highway Agency,0,Sin jurisdiccion especial,109,36.51513889,-87.30380556,Vehiculo en movimiento,Frente a frente,Four-Way Intersection,Interseccion de 4 direcciones,Sobre calle,Ninguna,Dia total,Despejado,No,NO APLICA,99,99,99,99,1,01/08/2022,2
47,Tennessee,470683,0,0,1,0,93,KNOX (93),1300,KNOXVILLE,8,Agosto,3,2022,8,11,SR-162 PELLISSIPPI PKWY,3,Highway estatal,Urbano,Arterial Principal -Freeway o ExpressWay,State Highway Agency,1,Sin jurisdiccion especial,51,35.91548333,-84.12500833,Arbol,El primer evento no fue una colision con un vehiculo automotor en transporte,Not an Intersection,No fue interseccion,Sobre el lado de la calle,Ninguna,Dia total,Despejado,No,NO APLICA,99,99,99,99,1,03/08/2022,1
47,Tennessee,470684,0,0,1,0,107,MCMINN (107),0,NO APLICA,8,Agosto,3,2022,20,22,CR-609,4,Calle del Condado,Rural,Colector Menor,County Highway Agency,0,Sin jurisdiccion especial,8,35.288,-84.5716,Acotamiento,El primer evento no fue una colision con un vehiculo automotor en transporte,Not an Intersection,No fue interseccion,Sobre el lado de la calle,Ninguna,Atardecer,Nublado,No,NO APLICA,99,99,99,99,2,03/08/2022,2
47,Tennessee,470685,0,0,2,0,93,KNOX (93),1300,KNOXVILLE,7,Julio,21,2022,22,18,US-441 SR-71 CHAPMAN HWY,2,US Highway,Urbano,Arteria Principal,State Highway Agency,1,Sin jurisdiccion especial,51,35.92117778,-83.866625,Volcadura,El primer evento no fue una colision con un vehiculo automotor en transporte,Not an Intersection,No fue interseccion,Sobre calle,Ninguna,Oscuro con iluminacion,Despejado,No,NO APLICA,99,99,99,99,1,21/07/2022,2
47,Tennessee,470686,1,1,1,0,37,DAVIDSON (37),1760,NASHVILLE,5,Mayo,17,2022,17,50,ANTIOCH PK,6,Calle Local Municipalidad,Urbano,Arteria Menor,City or Municipal Highway Agency,0,Sin jurisdiccion especial,50,36.09186944,-86.69711111,Ciclista,El primer evento no fue una colision con un vehiculo automotor en transporte,Not an Intersection,No fue interseccion,Sobre calle,Ninguna,Dia total,Despejado,No,NO APLICA,99,99,99,99,1,17/05/2022,1
47,Tennessee,470687,0,0,1,0,17,CARROLL (17),0,NO APLICA,6,Junio,26,2022,16,10,SR-105 BRADFORD-TREZEVANT HWY,3,Highway estatal,Rural,Colector Mayor,State Highway Agency,0,Sin jurisdiccion especial,47,36.01795,-88.63291111,Volcadura,El primer evento no fue una colision con un vehiculo automotor en transporte,Not an Intersection,No fue interseccion,Sobre el lado de la calle,Ninguna,Dia total,Nublado,No,NO APLICA,99,99,99,99,1,26/06/2022,1
47,Tennessee,470688,0,0,1,0,149,RUTHERFORD (149),1750,MURFREESBORO,7,Julio,25,2022,21,47,SR-96 OLD FORT PKWY,3,Highway estatal,Urbano,Arteria Principal,State Highway Agency,1,Sin jurisdiccion especial,93,35.84723889,-86.43763889,Poste,El primer evento no fue una colision con un vehiculo automotor en transporte,Not an Intersection,No fue interseccion,Sobre el lado de la calle,Ninguna,Oscuro con iluminacion,lluvia,No,NO APLICA,99,99,99,99,1,25/07/2022,1
47,Tennessee,470689,0,0,2,0,29,COCKE (29),0,NO APLICA,7,Julio,29,2022,15,55,SR-160,3,Highway estatal,Rural,Colector Mayor,State Highway Agency,0,Sin jurisdiccion especial,28,36.01875,-83.17155,Vehiculo en movimiento,Frente a frente,Not an Intersection,No fue interseccion,Sobre calle,Ninguna,Dia total,Nublado,No,NO APLICA,99,99,99,99,1,29/07/2022,3
47,Tennessee,470690,0,0,2,0,19,CARTER (19),0,NO APLICA,8,Agosto,2,2022,15,34,US-19E/321 SR-37,2,US Highway,Urbano,Arteria Principal,State Highway Agency,1,Sin jurisdiccion especial,170,36.28978056,-82.17513889,Vehiculo en movimiento,Angulo,T-Intersection,Interseccion de T,Sobre calle,Ninguna,Dia total,Nublado,No,NO APLICA,15,35,99,99,1,02/08/2022,2
47,Tennessee,470691,0,0,1,0,35,CUMBERLAND (35),0,NO APLICA,8,Agosto,5,2022,13,41,CR-DUNBAR RD,4,Calle del Condado,Urbano,Colector Menor,County Highway Agency,0,Sin jurisdiccion especial,6,35.84803889,-85.0557,Arbol,El primer evento no fue una colision con un vehiculo automotor en transporte,Not an Intersection,No fue interseccion,Sobre el lado de la calle,Ninguna,Dia total,lluvia,No,NO APLICA,99,99,99,99,1,05/08/2022,1
47,Tennessee,470692,0,0,1,0,27,CLAY (27),0,NO APLICA,8,Agosto,4,2022,18,48,CR-NEELEY CREEK RD,4,Calle del Condado,Rural,Colector Menor,County Highway Agency,0,Sin jurisdiccion especial,1,36.54505,-85.47248056,Volcadura,El primer evento no fue una colision con un vehiculo automotor en transporte,Not an Intersection,No fue interseccion,Sobre el lado de la calle,Ninguna,Oscuro - iluminacion desconocida,Despejado,No,NO APLICA,99,99,99,99,1,04/08/2022,1
47,Tennessee,470693,0,0,1,0,119,MAURY (119),0,NO APLICA,7,Julio,30,2022,22,36,CR-SOWELL MILL PK,4,Calle del Condado,Rural,Colector Menor,County Highway Agency,0,Sin jurisdiccion especial,7,35.5899,-86.99443056,Poste,El primer evento no fue una colision con un vehiculo automotor en transporte,Not an Intersection,No fue interseccion,Sobre el lado de la calle,Ninguna,Oscuro sin iluminacion,Nublado,No,NO APLICA,99,99,99,99,1,30/07/2022,1
47,Tennessee,470694,0,0,2,0,157,SHELBY (157),1620,MEMPHIS,8,Agosto,5,2022,23,42,US-51 SR-3 ELVIS PRESLEY BLVD,2,US Highway,Urbano,Arteria Principal,State Highway Agency,1,Sin jurisdiccion especial,40,35.05425278,-90.02498889,Vehiculo en movimiento,Frente a frente,Four-Way Intersection,Interseccion de 4 direcciones,Sobre calle,Ninguna,Oscuro con iluminacion,Despejado,No,NO APLICA,99,99,99,99,1,05/08/2022,3
47,Tennessee,470695,0,0,1,0,171,UNICOI (171),0,NO APLICA,8,Agosto,5,2022,12,51,I-26 US-19W/23 JAMES H QUILLEN,1,Interestatal,Urbano,Interestatal,State Highway Agency,1,Sin jurisdiccion especial,155,36.08923056,-82.48666111,Volcadura,El primer evento no fue una colision con un vehiculo automotor en transporte,Not an Intersection,No fue interseccion,Sobre calle,Ninguna,Dia total,Despejado,No,NO APLICA,12,39,13,35,1,05/08/2022,1
47,Tennessee,470696,0,0,1,0,149,RUTHERFORD (149),0,NO APLICA,8,Agosto,4,2022,18,52,I-840,1,Interestatal,Urbano,Interestatal,State Highway Agency,1,Sin jurisdiccion especial,55,35.86721111,-86.51031111,Volcadura,El primer evento no fue una colision con un vehiculo automotor en transporte,Not an Intersection,No fue interseccion,En el medio,Ninguna,Dia total,Despejado,No,NO APLICA,99,99,99,99,1,04/08/2022,1
47,Tennessee,470697,1,1,1,0,157,SHELBY (157),1620,MEMPHIS,8,Agosto,6,2022,4,20,CAPRI RD,6,Calle Local Municipalidad,Urbano,Local,City or Municipal Highway Agency,0,Sin jurisdiccion especial,3,35.08352222,-89.91175,Peaton,El primer evento no fue una colision con un vehiculo automotor en transporte,Not an Intersection,No fue interseccion,Sobre calle,Ninguna,Oscuro sin iluminacion,Despejado,No,NO APLICA,99,99,99,99,1,06/08/2022,1
47,Tennessee,470698,0,0,1,0,113,MADISON (113),0,NO APLICA,7,Julio,2,2022,19,30,I-40,1,Interestatal,Rural,Interestatal,State Highway Agency,1,Sin jurisdiccion especial,6,35.59435,-89.06251111,Volcadura,El primer evento no fue una colision con un vehiculo automotor en transporte,Not an Intersection,No fue interseccion,Sobre el lado de la calle,Ninguna,Atardecer,Despejado,No,NO APLICA,99,99,99,99,1,02/07/2022,3
47,Tennessee,470699,0,0,2,0,65,HAMILTON (65),2260,SODDY DAISY,8,Agosto,5,2022,13,33,US-27 SR-29,2,US Highway,Urbano,Arterial Principal -Freeway o ExpressWay,State Highway Agency,1,Sin jurisdiccion especial,191,35.27636111,-85.15573889,Vehiculo en movimiento,Frente a frente,Not an Intersection,No fue interseccion,Sobre calle,Ninguna,Dia total,lluvia,No,NO APLICA,99,99,99,99,1,05/08/2022,2
47,Tennessee,470700,0,0,1,0,177,WARREN (177),1530,MCMINNVILLE,8,Agosto,6,2022,12,10,US-23/70S SR-1 BOBBY RAY MEMOR,2,US Highway,Urbano,Arteria Principal,State Highway Agency,1,Sin jurisdiccion especial,137,35.69666944,-85.74838889,Culvert,El primer evento no fue una colision con un vehiculo automotor en transporte,Not an Intersection,No fue interseccion,En el medio,Ninguna,Dia total,Despejado,No,NO APLICA,99,99,99,99,1,06/08/2022,1
47,Tennessee,470701,0,0,1,0,41,DEKALB (41),0,NO APLICA,8,Agosto,4,2022,14,0,SR-56 COOKEVILLE HWY,3,Highway estatal,Rural,Arteria Menor,State Highway Agency,0,Sin jurisdiccion especial,144,36.0178,-85.74141111,Acotamiento,El primer evento no fue una colision con un vehiculo automotor en transporte,Not an Intersection,No fue interseccion,Sobre el lado de la calle,Ninguna,Dia total,Nublado,No,NO APLICA,99,99,99,99,1,04/08/2022,1
47,Tennessee,470704,0,0,2,1,37,DAVIDSON (37),1760,NASHVILLE,8,Agosto,6,2022,17,46,WALLACE RD,6,Calle Local Municipalidad,Urbano,Colector Mayor,City or Municipal Highway Agency,0,Sin jurisdiccion especial,59,36.07876944,-86.70556111,Vehiculo Aparcado,El primer evento no fue una colision con un vehiculo automotor en transporte,Not an Intersection,No fue interseccion,Fuera de la calle,Ninguna,Dia total,Despejado,No,NO APLICA,99,99,99,99,1,06/08/2022,2
47,Tennessee,470705,0,0,4,3,65,HAMILTON (65),400,CHATTANOOGA,8,Agosto,8,2022,3,45,US-11/64 SR-2 LEE HWY,2,US Highway,Urbano,Arteria Principal,State Highway Agency,1,Sin jurisdiccion especial,202,35.05953611,-85.13529722,Banqueta,El primer evento no fue una colision con un vehiculo automotor en transporte,Not an Intersection,No fue interseccion,Sobre el lado de la calle,Ninguna,Oscuro con iluminacion,Despejado,No,NO APLICA,99,99,99,99,1,08/08/2022,1
47,Tennessee,470706,0,0,3,0,187,WILLIAMSON (187),2350,SPRING HILL,6,Junio,29,2022,9,41,I-65,1,Interestatal,Urbano,Interestatal,State Highway Agency,1,Sin jurisdiccion especial,29,35.7807,-86.86328889,Valla para choques,El primer evento no fue una colision con un vehiculo automotor en transporte,Not an Intersection,No fue interseccion,Sobre el lado de la calle,Construccion,Dia total,Despejado,No,NO APLICA,9,48,9,50,1,29/06/2022,5
47,Tennessee,470707,0,0,1,0,147,ROBERTSON (147),0,NO APLICA,8,Agosto,6,2022,16,40,CR-LOGAN RD,4,Calle del Condado,Rural,Local,County Highway Agency,0,Sin jurisdiccion especial,6,36.45961944,-86.80961944,Arbol,El primer evento no fue una colision con un vehiculo automotor en transporte,Not an Intersection,No fue interseccion,Sobre el lado de la calle,Ninguna,Dia total,Nublado,No,NO APLICA,99,99,99,99,1,06/08/2022,1
47,Tennessee,470708,2,2,1,0,93,KNOX (93),1300,KNOXVILLE,8,Agosto,6,2022,22,33,US-441 SR-33 N BROADWAY,2,US Highway,Urbano,Arteria Principal,State Highway Agency,1,Sin jurisdiccion especial,91,35.98856111,-83.92065278,Peaton,El primer evento no fue una colision con un vehiculo automotor en transporte,T-Intersection,Interseccion de T,Sobre calle,Ninguna,Oscuro con iluminacion,Despejado,No,NO APLICA,99,99,99,99,1,06/08/2022,1
47,Tennessee,470709,0,0,1,0,147,ROBERTSON (147),0,NO APLICA,8,Agosto,3,2022,21,48,CR-UNION RD,4,Calle del Condado,Urbano,Colector Mayor,County Highway Agency,0,Sin jurisdiccion especial,23,36.43693889,-86.68808056,Arbol,El primer evento no fue una colision con un vehiculo automotor en transporte,Not an Intersection,No fue interseccion,Sobre el lado de la calle,Ninguna,Oscuro sin iluminacion,Despejado,No,NO APLICA,99,99,99,99,2,03/08/2022,3
47,Tennessee,470710,0,0,1,0,87,JACKSON (87),880,GAINESBORO,8,Agosto,7,2022,21,34,SR-53 W HULL AVE,3,Highway estatal,Rural,Arteria Menor,State Highway Agency,0,Sin jurisdiccion especial,137,36.35451944,-85.66503056,Piedrotototota,El primer evento no fue una colision con un vehiculo automotor en transporte,Not an Intersection,No fue interseccion,Sobre el lado de la calle,Ninguna,Oscuro sin iluminacion,Despejado,No,NO APLICA,99,99,99,99,1,07/08/2022,1
47,Tennessee,470711,1,1,1,0,149,RUTHERFORD (149),1750,MURFREESBORO,8,Agosto,5,2022,10,26,CR-WOODBURY PK,4,Calle del Condado,Urbano,Colector Mayor,County Highway Agency,0,Sin jurisdiccion especial,7,35.83905,-86.34828056,Peaton,El primer evento no fue una colision con un vehiculo automotor en transporte,Not an Intersection,No fue interseccion,Sobre calle,Ninguna,Dia total,Despejado,No,NO APLICA,99,99,99,99,1,05/08/2022,1
47,Tennessee,470712,0,0,2,0,159,SMITH (159),0,NO APLICA,8,Agosto,8,2022,14,32,SR-25 DIXON SPRINGS HWY,3,Highway estatal,Rural,Arteria Menor,State Highway Agency,0,Sin jurisdiccion especial,79,36.27713889,-85.98918889,Vehiculo en movimiento,Angulo,Not an Intersection,No fue interseccion,Sobre calle,Ninguna,Dia total,lluvia,No,NO APLICA,99,99,99,99,1,08/08/2022,2
47,Tennessee,470713,0,0,1,0,77,HENDERSON (77),0,NO APLICA,8,Agosto,8,2022,12,22,CR-SAND RIDGE RD,4,Calle del Condado,Rural,Colector Menor,County Highway Agency,0,Sin jurisdiccion especial,28,35.65296111,-88.50728056,Arbol,El primer evento no fue una colision con un vehiculo automotor en transporte,Not an Intersection,No fue interseccion,Sobre el lado de la calle,Ninguna,Dia total,Despejado,No,NO APLICA,99,99,99,99,1,08/08/2022,1
47,Tennessee,470714,0,0,3,0,37,DAVIDSON (37),1760,NASHVILLE,8,Agosto,5,2022,19,49,SR-254 BELL RD,3,Highway estatal,Urbano,Arteria Principal,State Highway Agency,1,Sin jurisdiccion especial,164,36.06016944,-86.64048889,Vehiculo en movimiento,Frente a frente,Not an Intersection,No fue interseccion,Sobre calle,Ninguna,Atardecer,Despejado,No,NO APLICA,99,99,99,99,1,05/08/2022,5
47,Tennessee,470715,0,0,2,0,143,RHEA (143),590,DAYTON,7,Julio,28,2022,16,45,SR-30 DAYTON MOUNTAIN HWY,3,Highway estatal,Rural,Arteria Menor,State Highway Agency,0,Sin jurisdiccion especial,70,35.50113889,-85.03958056,Vehiculo en movimiento,Frente a frente,Not an Intersection,No fue interseccion,Sobre calle,Ninguna,Dia total,Nublado,No,NO APLICA,99,99,99,99,1,28/07/2022,3
47,Tennessee,470716,0,0,2,0,63,HAMBLEN (63),1700,MORRISTOWN,8,Agosto,13,2022,0,43,US-11E SR-34 E MORRIS BLVD,2,US Highway,Urbano,Arteria Principal,State Highway Agency,1,Sin jurisdiccion especial,106,36.22288889,-83.26518889,Vehiculo en movimiento,Angulo,T-Intersection,Interseccion de T,Sobre calle,Ninguna,Oscuro con iluminacion,Despejado,No,NO APLICA,99,99,99,99,1,13/08/2022,3
47,Tennessee,470717,0,0,1,0,49,FENTRESS (49),0,NO APLICA,8,Agosto,13,2022,8,20,CR-GLENOBEY RD,4,Calle del Condado,Rural,Local,County Highway Agency,0,Sin jurisdiccion especial,33,36.37791944,-84.98361111,Valla Ferrocarril,El primer evento no fue una colision con un vehiculo automotor en transporte,Not an Intersection,No fue interseccion,Sobre el lado de la calle,Ninguna,Dia total,Despejado,No,NO APLICA,99,99,99,99,1,13/08/2022,1