Estado,Nombre de Estado,Numero de Caso,Peatones,Personas _no_vehiculos,Vehiculos automotores,Vehiculos estacionados,Condado,Nombre Condado,Ciudad,Nombre Ciudad,Mes,Nombre Mes,Dia,Año,Hora,Minuto,Calle,Ruta,Nombre Ruta,Rural o Urbanoo,Sistema Funcional,Dueño Calle,Sistema Nacional Carreteras,Jurisdiccion Especial,Milla,Latitud,Longitud,Causa del Accidente,Tipo de Accidente,Tipo Interseccion,Columna1,Lugar en la calle,Zona de Trabajo,Luz,Clima,Autobus Escolar,Cruce de Trenes,Hora Notificacion,Minuto Notificacion,Hora Llegada,Minuto Llegada,Decesos,Fecha,PersonaVehiculo
47,Tennessee,470718,0,0,1,0,141,PUTNAM (141),480,COOKEVILLE,8,Agosto,13,2022,14,55,CR-BENTON YOUNG RD,4,Calle del Condado,Urbano,Local,County Highway Agency,0,Sin jurisdiccion especial,0,36.18508889,-85.55046111,Arbol,El primer evento no fue una colision con un vehiculo automotor en transporte,Not an Intersection,No fue interseccion,Sobre el lado de la calle,Ninguna,Dia total,Despejado,No,NO APLICA,99,99,99,99,1,13/08/2022,1
47,Tennessee,470719,0,0,2,0,41,DEKALB (41),0,NO APLICA,8,Agosto,13,2022,16,41,SR-96 BUFFALO VALLEY HWY,3,Highway estatal,Rural,Colector Mayor,State Highway Agency,0,Sin jurisdiccion especial,129,36.09891944,-85.8249,Vehiculo en movimiento,Angulo,Not an Intersection,No fue interseccion,Sobre calle,Ninguna,Dia total,Despejado,No,NO APLICA,99,99,99,99,1,13/08/2022,5
47,Tennessee,470720,0,0,1,0,69,HARDEMAN (69),0,NO APLICA,8,Agosto,12,2022,11,13,SR-138,3,Highway estatal,Rural,Colector Mayor,State Highway Agency,0,Sin jurisdiccion especial,11,35.34203889,-88.94473889,Volcadura,El primer evento no fue una colision con un vehiculo automotor en transporte,Not an Intersection,No fue interseccion,Sobre el lado de la calle,Ninguna,Dia total,Despejado,No,NO APLICA,99,99,99,99,1,12/08/2022,1
47,Tennessee,470721,0,0,2,0,3,BEDFORD (3),0,NO APLICA,8,Agosto,14,2022,11,25,CR-SNELL RD,4,Calle del Condado,Rural,Colector Menor,County Highway Agency,0,Sin jurisdiccion especial,119,35.42933889,-86.51091111,Vehiculo en movimiento,Frente a frente,Not an Intersection,No fue interseccion,Sobre calle,Ninguna,Dia total,Despejado,No,NO APLICA,99,99,99,99,1,14/08/2022,5
47,Tennessee,470722,2,2,1,0,157,SHELBY (157),1620,MEMPHIS,8,Agosto,12,2022,21,10,RAINES RD,6,Calle Local Municipalidad,Urbano,Arteria Menor,City or Municipal Highway Agency,0,Sin jurisdiccion especial,33,35.03488889,-89.86325,Peaton,El primer evento no fue una colision con un vehiculo automotor en transporte,Not an Intersection,No fue interseccion,Sobre calle,Ninguna,Oscuro con iluminacion,Despejado,No,NO APLICA,99,99,99,99,2,12/08/2022,1
47,Tennessee,470723,0,0,2,0,157,SHELBY (157),1620,MEMPHIS,8,Agosto,13,2022,18,28,E HOLMES RD,6,Calle Local Municipalidad,Urbano,Arteria Menor,City or Municipal Highway Agency,0,Sin jurisdiccion especial,47,35.00639167,-90.02125,Vehiculo en movimiento,No reportado,Not an Intersection,No fue interseccion,Sobre calle,Ninguna,Dia total,Despejado,No,NO APLICA,99,99,99,99,1,13/08/2022,5
47,Tennessee,470724,0,0,1,0,187,WILLIAMSON (187),0,NO APLICA,8,Agosto,11,2022,17,43,CR-CROW CUT RD,4,Calle del Condado,Rural,Local,County Highway Agency,0,Sin jurisdiccion especial,7,36.01058056,-87.16826111,Zanja,El primer evento no fue una colision con un vehiculo automotor en transporte,Not an Intersection,No fue interseccion,Sobre el lado de la calle,Ninguna,Dia total,Despejado,No,NO APLICA,99,99,99,99,1,11/08/2022,1
47,Tennessee,470726,1,1,1,0,157,SHELBY (157),1620,MEMPHIS,8,Agosto,14,2022,3,41,SEMMES ST,6,Calle Local Municipalidad,Urbano,Arteria Menor,City or Municipal Highway Agency,0,Sin jurisdiccion especial,13,35.09598056,-89.96125,Peaton,El primer evento no fue una colision con un vehiculo automotor en transporte,Not an Intersection,No fue interseccion,Sobre calle,Ninguna,Oscuro sin iluminacion,Despejado,No,NO APLICA,99,99,99,99,1,14/08/2022,2
47,Tennessee,470727,0,0,2,0,157,SHELBY (157),930,GERMANTOWN,8,Agosto,15,2022,15,47,US-72 SR-57 POPLAR AVE,2,US Highway,Urbano,Arteria Principal,State Highway Agency,1,Sin jurisdiccion especial,160,35.06093056,-89.74533056,Vehiculo en movimiento,Angulo,Four-Way Intersection,Interseccion de 4 direcciones,Sobre calle,Ninguna,Dia total,Despejado,No,NO APLICA,99,99,99,99,1,15/08/2022,5
47,Tennessee,470728,0,0,1,0,125,MONTGOMERY (125),410,CLARKSVILLE,8,Agosto,14,2022,11,9,SR-236 TINY TOWN RD,3,Highway estatal,Urbano,Arteria Menor,State Highway Agency,0,Sin jurisdiccion especial,38,36.62530556,-87.368175,Banqueta,El primer evento no fue una colision con un vehiculo automotor en transporte,Not an Intersection,No fue interseccion,Sobre el lado de la calle,Ninguna,Dia total,Despejado,No,NO APLICA,99,99,99,99,1,14/08/2022,1
47,Tennessee,470729,0,0,1,0,93,KNOX (93),1300,KNOXVILLE,3,Marzo,30,2022,22,48,MANNASSAS LN,6,Calle Local Municipalidad,Urbano,Local,City or Municipal Highway Agency,0,Sin jurisdiccion especial,0,35.96105278,-83.91908611,Edificio,El primer evento no fue una colision con un vehiculo automotor en transporte,Not an Intersection,No fue interseccion,Fuera de la calle,Ninguna,Oscuro sin iluminacion,Despejado,No,NO APLICA,99,99,99,99,1,30/03/2022,1
47,Tennessee,470730,0,0,2,0,129,MORGAN (129),2367,SUNBRIGHT,8,Agosto,17,2022,12,40,US-27 SR-29 MORGAN CO HWY,2,US Highway,Rural,Arteria Principal,State Highway Agency,1,Sin jurisdiccion especial,246,36.26375,-84.66131111,Vehiculo en movimiento,Angulo,Not an Intersection,No fue interseccion,Sobre calle,Ninguna,Dia total,Despejado,No,NO APLICA,99,99,99,99,1,17/08/2022,2
47,Tennessee,470731,0,0,1,0,179,WASHINGTON (179),1250,JOHNSON CITY,8,Agosto,17,2022,99,99,I-26 US-23 JAMES H QUILLEN PKW,1,Interestatal,Urbano,Interestatal,State Highway Agency,1,Sin jurisdiccion especial,79,36.36700278,-82.41285,Volcadura,El primer evento no fue una colision con un vehiculo automotor en transporte,Not an Intersection,No fue interseccion,Sobre el lado de la calle,Ninguna,Oscuro sin iluminacion,Despejado,No,NO APLICA,99,99,99,99,1,17/08/2022,1
47,Tennessee,470732,1,1,1,0,157,SHELBY (157),1620,MEMPHIS,8,Agosto,14,2022,15,34,LYDGATE RD,6,Calle Local Municipalidad,Urbano,Local,City or Municipal Highway Agency,0,Sin jurisdiccion especial,1,35.03764722,-90.03758889,Peaton,El primer evento no fue una colision con un vehiculo automotor en transporte,Not an Intersection,No fue interseccion,Sobre calle,Ninguna,Dia total,Despejado,No,NO APLICA,99,99,99,99,1,14/08/2022,1
47,Tennessee,470733,0,0,2,0,93,KNOX (93),0,NO APLICA,8,Agosto,14,2022,19,46,SR-331 TAZEWELL PIKE,3,Highway estatal,Urbano,Arteria Menor,State Highway Agency,0,Sin jurisdiccion especial,64,36.09706111,-83.86378056,Vehiculo en movimiento,Angulo,T-Intersection,Interseccion de T,Sobre calle,Ninguna,Dia total,Nublado,No,NO APLICA,99,99,99,99,1,14/08/2022,2
47,Tennessee,470734,0,0,2,0,143,RHEA (143),590,DAYTON,8,Agosto,5,2022,10,48,BLYTHES FERRY RD,6,Calle Local Municipalidad,Urbano,Colector Mayor,City or Municipal Highway Agency,0,Sin jurisdiccion especial,15,35.47801111,-85.01221944,Vehiculo en movimiento,Angulo,Not an Intersection,No fue interseccion,Sobre el lado de la calle,Ninguna,Dia total,Despejado,No,NO APLICA,99,99,99,99,1,05/08/2022,5
47,Tennessee,470735,1,1,3,2,157,SHELBY (157),1620,MEMPHIS,8,Agosto,17,2022,22,43,KNIGHT ARNOLD RD,6,Calle Local Municipalidad,Urbano,Arteria Menor,City or Municipal Highway Agency,0,Sin jurisdiccion especial,37,35.06195,-89.88858889,Vehiculo Aparcado,El primer evento no fue una colision con un vehiculo automotor en transporte,Not an Intersection,No fue interseccion,Sobre calle,Ninguna,Oscuro con iluminacion,Despejado,No,NO APLICA,99,99,99,99,1,17/08/2022,1
47,Tennessee,470736,0,0,2,0,187,WILLIAMSON (187),0,NO APLICA,8,Agosto,18,2022,10,6,SR-247 DUPLEX RD,3,Highway estatal,Rural,Colector Mayor,State Highway Agency,0,Sin jurisdiccion especial,37,35.74656944,-86.84905,Vehiculo en movimiento,Golpe Lateral - direccion contraria,Not an Intersection,No fue interseccion,Sobre calle,Ninguna,Dia total,Nublado,No,NO APLICA,99,99,99,99,1,18/08/2022,2
47,Tennessee,470737,0,0,1,0,85,HUMPHREYS (85),0,NO APLICA,8,Agosto,20,2022,7,21,CR-FORKS RIVER RD,4,Calle del Condado,Rural,Colector Menor,County Highway Agency,0,Sin jurisdiccion especial,37,35.97051111,-87.84171944,Arbusto,El primer evento no fue una colision con un vehiculo automotor en transporte,Not an Intersection,No fue interseccion,Sobre el lado de la calle,Ninguna,Dia total,Nublado,No,NO APLICA,99,99,99,99,1,20/08/2022,1
47,Tennessee,470739,1,1,1,0,63,HAMBLEN (63),1700,MORRISTOWN,8,Agosto,20,2022,22,40,E LOUISE AVE,6,Calle Local Municipalidad,Urbano,Colector Mayor,City or Municipal Highway Agency,0,Sin jurisdiccion especial,1,36.20933056,-83.28576944,Edificio,El primer evento no fue una colision con un vehiculo automotor en transporte,Not an Intersection,No fue interseccion,Sobre el lado de la calle,Ninguna,Oscuro sin iluminacion,lluvia,No,NO APLICA,99,99,99,99,1,20/08/2022,1
47,Tennessee,470740,0,0,1,0,123,MONROE (123),0,NO APLICA,8,Agosto,11,2022,22,15,CR-FEDERAL RD,4,Calle del Condado,Rural,Local,County Highway Agency,0,Sin jurisdiccion especial,23,35.52445,-84.30391111,Arbol,El primer evento no fue una colision con un vehiculo automotor en transporte,Not an Intersection,No fue interseccion,Sobre el lado de la calle,Ninguna,Oscuro sin iluminacion,lluvia,No,NO APLICA,99,99,99,99,1,11/08/2022,1
47,Tennessee,470741,0,0,2,0,73,HAWKINS (73),0,NO APLICA,8,Agosto,19,2022,9,55,CR-COUNTY LINE RD,4,Calle del Condado,Rural,Local,County Highway Agency,0,Sin jurisdiccion especial,15,36.31693056,-83.2605,Vehiculo en movimiento,Frente a frente,Not an Intersection,No fue interseccion,Sobre calle,Ninguna,Dia total,Despejado,No,NO APLICA,9,44,10,41,1,19/08/2022,2
47,Tennessee,470742,0,0,1,0,111,MACON (111),0,NO APLICA,8,Agosto,15,2022,7,54,CR-LONG CREEK RD,4,Calle del Condado,Rural,Colector Menor,County Highway Agency,0,Sin jurisdiccion especial,35,36.56718056,-86.09288056,Puente de Ferrocarril,El primer evento no fue una colision con un vehiculo automotor en transporte,Not an Intersection,No fue interseccion,Sobre el lado de la calle,Ninguna,Dia total,Despejado,No,NO APLICA,99,99,99,99,1,15/08/2022,1
47,Tennessee,470743,0,0,2,0,21,CHEATHAM (21),0,NO APLICA,8,Agosto,20,2022,10,24,SR-12,3,Highway estatal,Rural,Arteria Menor,State Highway Agency,0,Sin jurisdiccion especial,117,36.31323889,-87.12173056,Vehiculo en movimiento,Angulo,T-Intersection,Interseccion de T,Sobre calle,Ninguna,Dia total,Nublado,No,NO APLICA,99,99,99,99,1,20/08/2022,2
47,Tennessee,470744,0,0,1,0,73,HAWKINS (73),0,NO APLICA,8,Agosto,19,2022,6,5,CR-CLINCH VALLEY RD,4,Calle del Condado,Rural,Colector Menor,County Highway Agency,0,Sin jurisdiccion especial,67,36.5109,-83.04283056,Volcadura,El primer evento no fue una colision con un vehiculo automotor en transporte,T-Intersection,Interseccion de T,Sobre el lado de la calle,Ninguna,Oscuro sin iluminacion,Despejado,No,NO APLICA,6,8,7,24,1,19/08/2022,1
47,Tennessee,470745,0,0,1,0,43,DICKSON (43),0,NO APLICA,8,Agosto,21,2022,0,25,SR-47,3,Highway estatal,Rural,Arteria Menor,State Highway Agency,0,Sin jurisdiccion especial,175,36.15813889,-87.31863889,Culvert,El primer evento no fue una colision con un vehiculo automotor en transporte,T-Intersection,Interseccion de T,Sobre el lado de la calle,Ninguna,Oscuro sin iluminacion,Despejado,No,NO APLICA,99,99,99,99,1,21/08/2022,1
47,Tennessee,470746,1,1,1,0,157,SHELBY (157),1338,LAKELAND,8,Agosto,8,2022,21,2,US-64 SR-15,2,US Highway,Urbano,Arteria Principal,State Highway Agency,1,Sin jurisdiccion especial,93,35.2045,-89.75876944,Peaton,El primer evento no fue una colision con un vehiculo automotor en transporte,Not an Intersection,No fue interseccion,Sobre calle,Ninguna,Oscuro con iluminacion,Despejado,No,NO APLICA,99,99,99,99,1,08/08/2022,2
47,Tennessee,470747,1,1,1,0,163,SULLIVAN (163),1280,KINGSPORT,8,Agosto,22,2022,12,50,SR-36,3,Highway estatal,Urbano,Arteria Menor,State Highway Agency,0,Sin jurisdiccion especial,119,36.572175,-82.56636944,Peaton,El primer evento no fue una colision con un vehiculo automotor en transporte,Not an Intersection,No fue interseccion,Sobre calle,Ninguna,Dia total,Despejado,No,NO APLICA,99,99,99,99,1,22/08/2022,1
47,Tennessee,470748,0,0,1,0,109,MCNAIRY (109),1627,MICHIE,8,Agosto,21,2022,18,20,SR-57,3,Highway estatal,Rural,Arteria Menor,State Highway Agency,0,Sin jurisdiccion especial,237,35.06623889,-88.38985,Volcadura,El primer evento no fue una colision con un vehiculo automotor en transporte,Not an Intersection,No fue interseccion,Sobre el lado de la calle,Ninguna,Dia total,Despejado,No,NO APLICA,99,99,99,99,1,21/08/2022,2
47,Tennessee,470749,0,0,2,0,11,BRADLEY (11),420,CLEVELAND,8,Agosto,21,2022,21,13,US-11BP SR-2 KEITH ST NW,2,US Highway,Urbano,Arteria Principal,State Highway Agency,1,Sin jurisdiccion especial,121,35.19554444,-84.85388056,Vehiculo en movimiento,Angulo,Four-Way Intersection,Interseccion de 4 direcciones,Sobre calle,Ninguna,Oscuro con iluminacion,Despejado,No,NO APLICA,99,99,99,99,1,21/08/2022,6
47,Tennessee,470750,0,0,3,0,157,SHELBY (157),1620,MEMPHIS,8,Agosto,23,2022,13,55,US-61 SR-14 S THIRD ST,2,US Highway,Urbano,Arteria Principal,State Highway Agency,1,Sin jurisdiccion especial,80,35.08623889,-90.05658889,Vehiculo en movimiento,Angulo,Four-Way Intersection,Interseccion de 4 direcciones,Sobre calle,Ninguna,Dia total,Despejado,No,NO APLICA,99,99,99,99,1,23/08/2022,6
47,Tennessee,470751,0,0,3,0,151,SCOTT (151),0,NO APLICA,8,Agosto,17,2022,5,50,US-27 SR-29 SCOTT HWY,2,US Highway,Rural,Arteria Principal,State Highway Agency,1,Sin jurisdiccion especial,115,36.41246111,-84.53783056,Vehiculo en movimiento,Angulo,T-Intersection,Interseccion de T,Sobre calle,Ninguna,Oscuro sin iluminacion,Neblina o Humo,No,NO APLICA,99,99,99,99,1,17/08/2022,3
47,Tennessee,470752,1,1,1,0,113,MADISON (113),1200,JACKSON,8,Agosto,24,2022,22,10,US-45BP/70 SR-1 KEITH SHORT BY,2,US Highway,Urbano,Arteria Principal,State Highway Agency,1,Sin jurisdiccion especial,139,35.6175,-88.84258889,Peaton,El primer evento no fue una colision con un vehiculo automotor en transporte,Four-Way Intersection,Interseccion de 4 direcciones,Sobre calle,Ninguna,Oscuro con iluminacion,Despejado,No,NO APLICA,99,99,99,99,1,24/08/2022,2
47,Tennessee,470753,0,0,1,0,155,SEVIER (155),0,NO APLICA,8,Agosto,24,2022,99,99,CR-CHEROKEE HILLS RD,4,Calle del Condado,Urbano,Colector Menor,County Highway Agency,0,Sin jurisdiccion especial,5,35.86613056,-83.77688056,Arbol,El primer evento no fue una colision con un vehiculo automotor en transporte,Not an Intersection,No fue interseccion,Sobre el lado de la calle,Ninguna,Oscuro sin iluminacion,Despejado,No,NO APLICA,99,99,99,99,1,24/08/2022,3
47,Tennessee,470754,0,0,2,0,157,SHELBY (157),1620,MEMPHIS,8,Agosto,22,2022,13,56,ECHLES ST,6,Calle Local Municipalidad,Urbano,Colector Mayor,City or Municipal Highway Agency,0,Sin jurisdiccion especial,3,35.11131111,-89.9384,Vehiculo en movimiento,Angulo,T-Intersection,Interseccion de T,Sobre calle,Ninguna,Dia total,Despejado,No,NO APLICA,99,99,99,99,1,22/08/2022,2
47,Tennessee,470755,0,0,3,0,157,SHELBY (157),1620,MEMPHIS,8,Agosto,25,2022,11,4,SAM COOPER BLVD,6,Calle Local Municipalidad,Urbano,Arterial Principal -Freeway o ExpressWay,City or Municipal Highway Agency,1,Sin jurisdiccion especial,27,35.14678611,-89.933975,Vehiculo en movimiento,Angulo,Not an Intersection,No fue interseccion,Sobre calle,Ninguna,Dia total,Nublado,No,NO APLICA,99,99,99,99,1,25/08/2022,3
47,Tennessee,470756,1,1,1,0,157,SHELBY (157),1620,MEMPHIS,8,Agosto,24,2022,15,35,WINCHESTER RD,6,Calle Local Municipalidad,Urbano,Arteria Principal,City or Municipal Highway Agency,1,Sin jurisdiccion especial,8,35.05066944,-89.89171111,Peaton,El primer evento no fue una colision con un vehiculo automotor en transporte,Four-Way Intersection,Interseccion de 4 direcciones,Sobre calle,Ninguna,Dia total,Nublado,No,NO APLICA,99,99,99,99,1,24/08/2022,1
47,Tennessee,470757,0,0,2,0,157,SHELBY (157),1620,MEMPHIS,6,Junio,13,2022,5,11,SR-14 AUSTIN PEAY HWY,3,Highway estatal,Urbano,Arteria Principal,State Highway Agency,1,Sin jurisdiccion especial,222,35.14783889,-90.05181111,Vehiculo en movimiento,Angulo,Not an Intersection,No fue interseccion,Sobre calle,Ninguna,Amanecer,Despejado,No,NO APLICA,99,99,99,99,1,13/06/2022,2
47,Tennessee,470758,0,0,2,0,89,JEFFERSON (89),0,NO APLICA,8,Agosto,7,2022,21,40,SR-92 CHESTNUT HILL RD,3,Highway estatal,Rural,Arteria Menor,State Highway Agency,0,Sin jurisdiccion especial,48,35.96566944,-83.39263889,Vehiculo en movimiento,Frente a frente,T-Intersection,Interseccion de T,Sobre calle,Ninguna,Oscuro sin iluminacion,Despejado,No,NO APLICA,99,99,99,99,1,07/08/2022,2
47,Tennessee,470759,0,0,1,0,149,RUTHERFORD (149),2250,SMYRNA,8,Agosto,25,2022,20,20,SAM DAVIS RD,6,Calle Local Municipalidad,Urbano,Colector Mayor,City or Municipal Highway Agency,0,Sin jurisdiccion especial,3,35.98533889,-86.5009,Poste de Señal de trafico,El primer evento no fue una colision con un vehiculo automotor en transporte,Not an Intersection,No fue interseccion,Sobre el lado de la calle,Ninguna,Oscuro sin iluminacion,Despejado,No,NO APLICA,20,20,20,18,1,25/08/2022,1
47,Tennessee,470760,0,0,2,0,37,DAVIDSON (37),1760,NASHVILLE,8,Agosto,20,2022,23,34,US-431 SR-65 W TRINITY LN,2,US Highway,Urbano,Arteria Principal,State Highway Agency,1,Sin jurisdiccion especial,7,36.20676944,-86.78093056,Vehiculo en movimiento,Frente a frente,Not an Intersection,No fue interseccion,Sobre calle,Ninguna,Oscuro con iluminacion,Despejado,No,NO APLICA,99,99,99,99,2,20/08/2022,6
47,Tennessee,470761,0,0,2,0,65,HAMILTON (65),0,NO APLICA,7,Julio,30,2022,21,49,I-75 US-74,1,Interestatal,Urbano,Interestatal,State Highway Agency,1,Sin jurisdiccion especial,136,35.1092,-85.05001944,Vehiculo en movimiento,Frente a Detrás,Not an Intersection,No fue interseccion,Sobre calle,Ninguna,Oscuro sin iluminacion,Despejado,No,NO APLICA,99,99,99,99,1,30/07/2022,2
47,Tennessee,470762,0,0,1,0,13,CAMPBELL (13),350,CARYVILLE,8,Agosto,24,2022,13,21,I-75 US-25W,1,Interestatal,Urbano,Interestatal,State Highway Agency,1,Sin jurisdiccion especial,48,36.29731944,-84.21608889,Acotamiento,El primer evento no fue una colision con un vehiculo automotor en transporte,Not an Intersection,No fue interseccion,Sobre el lado de la calle,Ninguna,Dia total,Despejado,No,NO APLICA,13,25,13,30,1,24/08/2022,2
47,Tennessee,470763,1,1,1,0,157,SHELBY (157),1620,MEMPHIS,8,Agosto,27,2022,21,50,US-51 SR-3 ELVIS PRESLEY BLVD,2,US Highway,Urbano,Arteria Principal,State Highway Agency,1,Sin jurisdiccion especial,46,35.06168611,-90.02356111,Peaton,El primer evento no fue una colision con un vehiculo automotor en transporte,Not an Intersection,No fue interseccion,Sobre calle,Ninguna,Oscuro con iluminacion,Despejado,No,NO APLICA,99,99,99,99,1,27/08/2022,1
47,Tennessee,470764,0,0,3,0,19,CARTER (19),0,NO APLICA,8,Agosto,3,2022,20,30,SR-173 SIMERLY CREEK RD,3,Highway estatal,Rural,Colector Mayor,State Highway Agency,0,Sin jurisdiccion especial,19,99.9999,999.9999,Vehiculo en movimiento,Frente a frente,Not an Intersection,No fue interseccion,Sobre calle,Ninguna,Oscuro sin iluminacion,Despejado,No,NO APLICA,20,5,21,30,2,03/08/2022,4
47,Tennessee,470765,0,0,2,0,147,ROBERTSON (147),2340,SPRINGFIELD,8,Agosto,16,2022,12,39,US-41 SR-11 MEMORIAL BLVD,2,US Highway,Urbano,Arteria Principal,State Highway Agency,1,Sin jurisdiccion especial,82,36.48308889,-86.86071111,Vehiculo en movimiento,Angulo,Not an Intersection,No fue interseccion,Sobre calle,Ninguna,Dia total,Despejado,No,NO APLICA,99,99,99,99,1,16/08/2022,2
47,Tennessee,470766,0,0,1,0,189,WILSON (189),0,NO APLICA,8,Agosto,18,2022,9,28,SR-265 CENTRAL PK,3,Highway estatal,Rural,Colector Mayor,State Highway Agency,0,Sin jurisdiccion especial,122,36.12308056,-86.3703,Zanja,El primer evento no fue una colision con un vehiculo automotor en transporte,Not an Intersection,No fue interseccion,Sobre el lado de la calle,Ninguna,Dia total,Despejado,No,NO APLICA,99,99,99,99,1,18/08/2022,1
47,Tennessee,470767,0,0,1,0,11,BRADLEY (11),0,NO APLICA,8,Agosto,13,2022,18,30,SR-60 GEORGETOWN RD NW,3,Highway estatal,Urbano,Arteria Principal,State Highway Agency,1,Sin jurisdiccion especial,223,35.26048889,-84.91511111,Arbol,El primer evento no fue una colision con un vehiculo automotor en transporte,Not an Intersection,No fue interseccion,Sobre el lado de la calle,Ninguna,Dia total,Despejado,No,NO APLICA,99,99,99,99,1,13/08/2022,6
47,Tennessee,470768,1,1,2,0,31,COFFEE (31),0,NO APLICA,8,Agosto,22,2022,20,45,I-24,1,Interestatal,Rural,Interestatal,State Highway Agency,1,Sin jurisdiccion especial,208,35.41313889,-86.01235,Peaton,El primer evento no fue una colision con un vehiculo automotor en transporte,Not an Intersection,No fue interseccion,Sobre calle,Ninguna,Oscuro sin iluminacion,Despejado,No,NO APLICA,99,99,99,99,1,22/08/2022,2
47,Tennessee,470769,0,0,1,0,29,COCKE (29),0,NO APLICA,8,Agosto,28,2022,11,30,US-25E SR-32,2,US Highway,Rural,Arteria Menor,State Highway Agency,0,Sin jurisdiccion especial,273,35.99866111,-83.23023056,Acotamiento,El primer evento no fue una colision con un vehiculo automotor en transporte,Not an Intersection,No fue interseccion,Sobre el lado de la calle,Ninguna,Dia total,Despejado,No,NO APLICA,99,99,99,99,1,28/08/2022,1
47,Tennessee,470770,1,1,1,0,157,SHELBY (157),1620,MEMPHIS,8,Agosto,11,2022,6,44,CHELSEA AVE,6,Calle Local Municipalidad,Urbano,Arteria Menor,City or Municipal Highway Agency,0,Sin jurisdiccion especial,22,35.14818611,-90.05170278,Peaton,El primer evento no fue una colision con un vehiculo automotor en transporte,Not an Intersection,No fue interseccion,Sobre calle,Ninguna,Oscuro con iluminacion,Despejado,No,NO APLICA,99,99,99,99,1,11/08/2022,1
47,Tennessee,470771,0,0,2,0,157,SHELBY (157),1620,MEMPHIS,8,Agosto,10,2022,20,20,US-64/70 SR-1 E H CRUMP BLVD,2,US Highway,Urbano,Arteria Principal,State Highway Agency,1,Sin jurisdiccion especial,11,35.12438056,-90.04705,Vehiculo en movimiento,Angulo,Four-Way Intersection,Interseccion de 4 direcciones,Sobre calle,Ninguna,Oscuro con iluminacion,Despejado,No,NO APLICA,99,99,99,99,1,10/08/2022,5
47,Tennessee,470772,0,0,1,0,147,ROBERTSON (147),0,NO APLICA,8,Agosto,22,2022,12,20,CR-PORT ROYAL RD,4,Calle del Condado,Rural,Local,County Highway Agency,0,Sin jurisdiccion especial,31,36.55181944,-87.08558889,Arbol,El primer evento no fue una colision con un vehiculo automotor en transporte,Not an Intersection,No fue interseccion,Sobre el lado de la calle,Ninguna,Dia total,Despejado,No,NO APLICA,99,99,99,99,1,22/08/2022,1
47,Tennessee,470773,0,0,2,0,147,ROBERTSON (147),2340,SPRINGFIELD,8,Agosto,22,2022,21,40,US-41 SR-11,2,US Highway,Urbano,Arteria Principal,State Highway Agency,1,Sin jurisdiccion especial,69,36.4694,-86.84411111,Vehiculo en movimiento,Frente a Detrás,Not an Intersection,No fue interseccion,Sobre calle,Ninguna,Oscuro con iluminacion,Despejado,No,NO APLICA,99,99,99,99,1,22/08/2022,2
47,Tennessee,470774,1,1,2,0,19,CARTER (19),0,NO APLICA,8,Agosto,25,2022,17,20,SR-91 STONEY CREEK RD,3,Highway estatal,Urbano,Arteria Menor,State Highway Agency,0,Sin jurisdiccion especial,77,36.38998056,-82.1303,Vehiculo en movimiento,Frente a Detrás,Not an Intersection,No fue interseccion,Sobre calle,Ninguna,Dia total,Nublado,No,NO APLICA,17,14,18,22,2,25/08/2022,3
47,Tennessee,470775,0,0,4,0,113,MADISON (113),0,NO APLICA,8,Agosto,24,2022,11,40,I-40,1,Interestatal,Rural,Interestatal,State Highway Agency,1,Sin jurisdiccion especial,216,35.69045,-88.71211111,Vehiculo en movimiento,Angulo,Not an Intersection,No fue interseccion,Sobre calle,Ninguna,Dia total,Despejado,No,NO APLICA,99,99,99,99,1,24/08/2022,10
47,Tennessee,470776,0,0,1,0,189,WILSON (189),1360,LEBANON,9,Septiembre,1,2022,16,55,CR-LEEVILLE RD,4,Calle del Condado,Rural,Colector Menor,County Highway Agency,0,Sin jurisdiccion especial,27,36.17048056,-86.42443056,Volcadura,El primer evento no fue una colision con un vehiculo automotor en transporte,Not an Intersection,No fue interseccion,Sobre el lado de la calle,Ninguna,Dia total,Despejado,No,NO APLICA,99,99,99,99,1,01/09/2022,1
47,Tennessee,470777,0,0,1,0,51,FRANKLIN (51),0,NO APLICA,8,Agosto,26,2022,2,10,CR-ROARKS COVE RD,4,Calle del Condado,Rural,Colector Menor,County Highway Agency,0,Sin jurisdiccion especial,59,35.25885,-85.94361944,Acotamiento,El primer evento no fue una colision con un vehiculo automotor en transporte,Not an Intersection,No fue interseccion,Sobre el lado de la calle,Ninguna,Oscuro sin iluminacion,Despejado,No,NO APLICA,99,99,99,99,1,26/08/2022,1
47,Tennessee,470778,0,0,3,0,121,MEIGS (121),0,NO APLICA,9,Septiembre,1,2022,13,44,SR-58,3,Highway estatal,Rural,Arteria Menor,State Highway Agency,0,Sin jurisdiccion especial,37,35.34561111,-84.92218889,Vehiculo en movimiento,Angulo,Not an Intersection,No fue interseccion,Sobre calle,Ninguna,Dia total,No reportado,No,NO APLICA,99,99,99,99,1,01/09/2022,3
47,Tennessee,470780,0,0,1,0,149,RUTHERFORD (149),1750,MURFREESBORO,9,Septiembre,4,2022,1,0,SR-96 E CLARK BLVD,3,Highway estatal,Urbano,Arteria Menor,City or Municipal Highway Agency,0,Sin jurisdiccion especial,126,35.85881944,-86.37031111,Arbol,El primer evento no fue una colision con un vehiculo automotor en transporte,Y-Intersection,Interseccion de Y,Sobre el lado de la calle,Ninguna,Oscuro con iluminacion,Despejado,No,NO APLICA,99,99,99,99,1,04/09/2022,5
47,Tennessee,470781,1,1,1,0,157,SHELBY (157),1620,MEMPHIS,9,Septiembre,2,2022,19,22,SR-175 SHELBY DR,3,Highway estatal,Urbano,Arteria Menor,State Highway Agency,0,Sin jurisdiccion especial,37,35.02088056,-90.04293889,Peaton,El primer evento no fue una colision con un vehiculo automotor en transporte,Not an Intersection,No fue interseccion,Sobre calle,Ninguna,Atardecer,Despejado,No,NO APLICA,99,99,99,99,1,02/09/2022,2