Estado,Nombre de Estado,Numero de Caso,Peatones,Personas _no_vehiculos,Vehiculos automotores,Vehiculos estacionados,Condado,Nombre Condado,Ciudad,Nombre Ciudad,Mes,Nombre Mes,Dia,Año,Hora,Minuto,Calle,Ruta,Nombre Ruta,Rural o Urbanoo,Sistema Funcional,Dueño Calle,Sistema Nacional Carreteras,Jurisdiccion Especial,Milla,Latitud,Longitud,Causa del Accidente,Tipo de Accidente,Tipo Interseccion,Columna1,Lugar en la calle,Zona de Trabajo,Luz,Clima,Autobus Escolar,Cruce de Trenes,Hora Notificacion,Minuto Notificacion,Hora Llegada,Minuto Llegada,Decesos,Fecha,PersonaVehiculo
47,Tennessee,470782,1,1,1,0,157,SHELBY (157),1620,MEMPHIS,9,Septiembre,2,2022,20,24,MENDENHALL RD,6,Calle Local Municipalidad,Urbano,Arteria Principal,City or Municipal Highway Agency,0,Sin jurisdiccion especial,23,35.044375,-89.88595,Peaton,El primer evento no fue una colision con un vehiculo automotor en transporte,Not an Intersection,No fue interseccion,Sobre calle,Ninguna,Oscuro con iluminacion,Despejado,No,NO APLICA,99,99,99,99,1,02/09/2022,1
47,Tennessee,470783,0,0,2,0,157,SHELBY (157),1620,MEMPHIS,9,Septiembre,3,2022,2,36,CENTRAL AVE,6,Calle Local Municipalidad,Urbano,Arteria Menor,City or Municipal Highway Agency,0,Sin jurisdiccion especial,41,35.12283889,-89.94533889,Vehiculo en movimiento,Angulo,T-Intersection,Interseccion de T,Sobre calle,Ninguna,Oscuro con iluminacion,Despejado,No,NO APLICA,99,99,99,99,1,03/09/2022,3
47,Tennessee,470784,0,0,2,0,137,PICKETT (137),0,NO APLICA,8,Agosto,14,2022,5,30,US-127 SR-28,2,US Highway,Rural,Arteria Principal,State Highway Agency,1,Sin jurisdiccion especial,71,36.62183056,-85.08631111,Vehiculo en movimiento,Angulo,Four-Way Intersection,Interseccion de 4 direcciones,Sobre calle,Ninguna,Amanecer,Despejado,No,NO APLICA,99,99,99,99,1,14/08/2022,2
47,Tennessee,470785,0,0,1,0,37,DAVIDSON (37),1535,MADISON,8,Agosto,22,2022,15,14,SR-45 OLD HICKORY BLVD,3,Highway estatal,Urbano,Arteria Principal,State Highway Agency,1,Sin jurisdiccion especial,65,36.2641,-86.72418056,Poste,El primer evento no fue una colision con un vehiculo automotor en transporte,Four-Way Intersection,Interseccion de 4 direcciones,Sobre el lado de la calle,Ninguna,Dia total,Despejado,No,NO APLICA,99,99,99,99,1,22/08/2022,1
47,Tennessee,470786,0,0,1,0,145,ROANE (145),1060,HARRIMAN,8,Agosto,21,2022,21,40,US-27 SR-29 S ROANE ST,2,US Highway,Urbano,Arteria Principal,State Highway Agency,1,Sin jurisdiccion especial,98,35.95433889,-84.53308889,Poste de Señal de trafico,El primer evento no fue una colision con un vehiculo automotor en transporte,Not an Intersection,No fue interseccion,Sobre el lado de la calle,Ninguna,Oscuro sin iluminacion,Nublado,No,NO APLICA,99,99,99,99,1,21/08/2022,1
47,Tennessee,470787,0,0,2,0,63,HAMBLEN (63),1700,MORRISTOWN,8,Agosto,24,2022,20,6,SR-160 ENKA HWY,3,Highway estatal,Urbano,Colector Mayor,State Highway Agency,0,Sin jurisdiccion especial,38,36.1669,-83.21828056,Vehiculo en movimiento,Angulo,T-Intersection,Interseccion de T,Sobre calle,Ninguna,Atardecer,Despejado,No,NO APLICA,99,99,99,99,1,24/08/2022,2
47,Tennessee,470788,0,0,1,0,155,SEVIER (155),0,NO APLICA,8,Agosto,26,2022,21,40,CR-W UNION VALLEY RD,4,Calle del Condado,Urbano,Local,County Highway Agency,0,Sin jurisdiccion especial,12,35.90543889,-83.74621944,Valla Ferrocarril,El primer evento no fue una colision con un vehiculo automotor en transporte,Not an Intersection,No fue interseccion,Sobre el lado de la calle,Ninguna,Oscuro sin iluminacion,Despejado,No,NO APLICA,99,99,99,99,1,26/08/2022,1
47,Tennessee,470789,0,0,3,0,149,RUTHERFORD (149),0,NO APLICA,8,Agosto,22,2022,22,51,I-24,1,Interestatal,Urbano,Interestatal,State Highway Agency,1,Sin jurisdiccion especial,83,35.91936111,-86.51455,Vehiculo en movimiento,Frente a Detrás,Not an Intersection,No fue interseccion,Sobre calle,"Infraestructura (luz, agua, etc)",Oscuro sin iluminacion,Despejado,No,NO APLICA,99,99,99,99,1,22/08/2022,3
47,Tennessee,470791,1,1,1,0,37,DAVIDSON (37),1760,NASHVILLE,8,Agosto,25,2022,14,29,MCGAVOCK PKE,6,Calle Local Municipalidad,Urbano,Arteria Menor,City or Municipal Highway Agency,0,Sin jurisdiccion especial,4,36.21201111,-86.68721111,Peaton,El primer evento no fue una colision con un vehiculo automotor en transporte,Not an Intersection,No fue interseccion,Sobre calle,Ninguna,Dia total,Despejado,No,NO APLICA,99,99,99,99,1,25/08/2022,1
47,Tennessee,470792,0,0,1,0,35,CUMBERLAND (35),0,NO APLICA,8,Agosto,29,2022,13,55,US-70 SR-1,2,US Highway,Rural,Colector Mayor,State Highway Agency,0,Sin jurisdiccion especial,281,35.88433889,-84.82538056,Acotamiento,El primer evento no fue una colision con un vehiculo automotor en transporte,Not an Intersection,No fue interseccion,Sobre el lado de la calle,Ninguna,Dia total,Despejado,No,NO APLICA,99,99,99,99,1,29/08/2022,1
47,Tennessee,470793,0,0,2,0,157,SHELBY (157),930,GERMANTOWN,8,Agosto,30,2022,17,21,POPLAR PK,6,Calle Local Municipalidad,Urbano,Arteria Menor,City or Municipal Highway Agency,0,Sin jurisdiccion especial,22,35.07121944,-89.77988889,Vehiculo en movimiento,Frente a frente,Not an Intersection,No fue interseccion,Sobre calle,Ninguna,Dia total,Despejado,No,NO APLICA,17,30,17,35,1,30/08/2022,3
47,Tennessee,470794,0,0,1,0,187,WILLIAMSON (187),0,NO APLICA,8,Agosto,30,2022,12,21,I-840,1,Interestatal,Rural,Interestatal,State Highway Agency,1,Sin jurisdiccion especial,60,35.8924,-87.12548889,Volcadura,El primer evento no fue una colision con un vehiculo automotor en transporte,Not an Intersection,No fue interseccion,En el medio,Ninguna,Dia total,Nublado,No,NO APLICA,12,30,12,40,1,30/08/2022,2
47,Tennessee,470795,0,0,1,0,3,BEDFORD (3),0,NO APLICA,9,Septiembre,1,2022,15,10,SR-130,3,Highway estatal,Rural,Colector Mayor,State Highway Agency,0,Sin jurisdiccion especial,210,35.38751944,-86.32226944,Zanja,El primer evento no fue una colision con un vehiculo automotor en transporte,Not an Intersection,No fue interseccion,Sobre el lado de la calle,Ninguna,Dia total,Despejado,No,NO APLICA,99,99,99,99,1,01/09/2022,2
47,Tennessee,470796,0,0,1,0,59,GREENE (59),0,NO APLICA,8,Agosto,30,2022,13,42,I-81,1,Interestatal,Rural,Interestatal,State Highway Agency,1,Sin jurisdiccion especial,151,36.29171944,-82.89041944,Arbol,El primer evento no fue una colision con un vehiculo automotor en transporte,Not an Intersection,No fue interseccion,Sobre el lado de la calle,Ninguna,Otra,lluvia,No,NO APLICA,13,59,14,59,1,30/08/2022,1
47,Tennessee,470797,0,0,2,0,167,TIPTON (167),0,NO APLICA,8,Agosto,26,2022,15,55,US-51 SR-3,2,US Highway,Rural,Arteria Principal,State Highway Agency,1,Sin jurisdiccion especial,115,35.51088056,-89.7104,Vehiculo en movimiento,Angulo,Four-Way Intersection,Interseccion de 4 direcciones,Sobre calle,Ninguna,Dia total,Despejado,No,NO APLICA,99,99,99,99,1,26/08/2022,3
47,Tennessee,470798,0,0,3,0,165,SUMNER (165),0,NO APLICA,9,Septiembre,2,2022,11,54,SR-174 DOBBINS PK,3,Highway estatal,Rural,Arteria Menor,State Highway Agency,0,Sin jurisdiccion especial,285,36.558,-86.3907,Vehiculo en movimiento,Angulo,Not an Intersection,No fue interseccion,Sobre calle,Ninguna,Dia total,Despejado,No,NO APLICA,99,99,99,99,2,02/09/2022,4
47,Tennessee,470799,0,0,1,0,23,CHESTER (23),0,NO APLICA,9,Septiembre,5,2022,4,26,SR-22,3,Highway estatal,Rural,Arteria Menor,State Highway Agency,0,Sin jurisdiccion especial,39,35.43688056,-88.37193056,Acotamiento,El primer evento no fue una colision con un vehiculo automotor en transporte,Not an Intersection,No fue interseccion,Sobre el lado de la calle,Ninguna,Oscuro sin iluminacion,Despejado,No,NO APLICA,99,99,99,99,1,05/09/2022,2
47,Tennessee,470800,0,0,3,0,125,MONTGOMERY (125),410,CLARKSVILLE,8,Agosto,29,2022,14,10,SR-374 WARFIELD BLVD,3,Highway estatal,Urbano,Arteria Menor,State Highway Agency,0,Sin jurisdiccion especial,10,36.52539722,-87.27876667,Vehiculo en movimiento,Angulo,T-Intersection,Interseccion de T,Sobre calle,Ninguna,Dia total,lluvia,No,NO APLICA,99,99,99,99,1,29/08/2022,5
47,Tennessee,470801,0,0,2,0,157,SHELBY (157),1620,MEMPHIS,8,Agosto,31,2022,0,10,SR-204 COVINGTON PK,3,Highway estatal,Urbano,Arteria Principal,State Highway Agency,1,Sin jurisdiccion especial,41,35.22717222,-89.89315,Vehiculo en movimiento,Angulo,Not an Intersection,No fue interseccion,Sobre calle,Ninguna,Oscuro con iluminacion,Despejado,No,NO APLICA,99,99,99,99,1,31/08/2022,9
47,Tennessee,470802,0,0,2,0,37,DAVIDSON (37),75,ANTIOCH,9,Septiembre,4,2022,5,26,SR-171 HOBSON PK,3,Highway estatal,Urbano,Arteria Menor,State Highway Agency,0,Sin jurisdiccion especial,47,36.06988889,-86.57996944,Vehiculo en movimiento,Frente a frente,Not an Intersection,No fue interseccion,Sobre calle,Ninguna,Amanecer,lluvia,No,NO APLICA,99,99,99,99,1,04/09/2022,4
47,Tennessee,470803,1,1,1,0,157,SHELBY (157),1620,MEMPHIS,9,Septiembre,5,2022,21,5,US-78 SR-4 LAMAR,2,US Highway,Urbano,Arteria Principal,State Highway Agency,1,Sin jurisdiccion especial,117,35.12253889,-90.01033889,Peaton,El primer evento no fue una colision con un vehiculo automotor en transporte,Not an Intersection,No fue interseccion,Sobre calle,Ninguna,Oscuro sin iluminacion,Despejado,No,NO APLICA,99,99,99,99,1,05/09/2022,3
47,Tennessee,470804,0,0,2,0,123,MONROE (123),2369,SWEETWATER,9,Septiembre,2,2022,17,38,US-11 SR-2 N MAIN ST,2,US Highway,Urbano,Arteria Principal,State Highway Agency,1,Sin jurisdiccion especial,36,35.60898889,-84.46198889,Vehiculo en movimiento,Angulo,Four-Way Intersection,Interseccion de 4 direcciones,Sobre calle,Ninguna,Dia total,Despejado,No,NO APLICA,99,99,99,99,1,02/09/2022,3
47,Tennessee,470805,1,1,1,0,127,MOORE (127),0,NO APLICA,8,Agosto,21,2022,22,24,US-41A SR-16,2,US Highway,Rural,Arteria Menor,State Highway Agency,0,Sin jurisdiccion especial,292,35.40958889,-86.26998889,Ciclista,El primer evento no fue una colision con un vehiculo automotor en transporte,Not an Intersection,No fue interseccion,Sobre calle,Ninguna,Oscuro sin iluminacion,Despejado,No,NO APLICA,22,30,22,46,1,21/08/2022,1
47,Tennessee,470806,0,0,1,0,139,POLK (139),0,NO APLICA,8,Agosto,25,2022,17,15,SR-313 LADD SPRINGS RD,3,Highway estatal,Rural,Colector Mayor,State Highway Agency,0,Sin jurisdiccion especial,7,35.04346944,-84.74526111,Volcadura,El primer evento no fue una colision con un vehiculo automotor en transporte,Not an Intersection,No fue interseccion,Sobre el lado de la calle,Ninguna,Dia total,Despejado,No,NO APLICA,99,99,99,99,1,25/08/2022,1
47,Tennessee,470807,0,0,1,0,115,MARION (115),0,NO APLICA,9,Septiembre,7,2022,2,14,US-41/64 SR-2,2,US Highway,Rural,Colector Mayor,State Highway Agency,0,Sin jurisdiccion especial,293,35.03361111,-85.47596111,Otro objeto (no fijo),El primer evento no fue una colision con un vehiculo automotor en transporte,Not an Intersection,No fue interseccion,Sobre calle,Ninguna,Oscuro sin iluminacion,Despejado,No,NO APLICA,99,99,99,99,1,07/09/2022,1
47,Tennessee,470808,1,2,2,1,37,DAVIDSON (37),1760,NASHVILLE,8,Agosto,8,2022,1,33,SR-155 BRILEY PKWY,3,Highway estatal,Urbano,Arterial Principal -Freeway o ExpressWay,State Highway Agency,1,Sin jurisdiccion especial,140,36.23513889,-86.71393889,Vehiculo Aparcado,El primer evento no fue una colision con un vehiculo automotor en transporte,Not an Intersection,No fue interseccion,Sobre calle,Ninguna,Oscuro con iluminacion,Despejado,No,NO APLICA,99,99,99,99,1,08/08/2022,1
47,Tennessee,470809,0,0,1,0,155,SEVIER (155),2170,SEVIERVILLE,8,Agosto,28,2022,7,12,SR-338 DOUGLAS DAM RD,3,Highway estatal,Rural,Colector Mayor,State Highway Agency,0,Sin jurisdiccion especial,130,35.9098,-83.56613056,Arbol,El primer evento no fue una colision con un vehiculo automotor en transporte,Not an Intersection,No fue interseccion,Sobre el lado de la calle,Ninguna,Dia total,Despejado,No,NO APLICA,99,99,99,99,1,28/08/2022,1
47,Tennessee,470810,0,0,2,0,55,GILES (55),0,NO APLICA,9,Septiembre,5,2022,15,35,US-64 SR-15 FAYETTEVILLE HWY,2,US Highway,Rural,Arteria Principal,State Highway Agency,1,Sin jurisdiccion especial,217,35.19473056,-86.89133889,Vehiculo en movimiento,Angulo,Four-Way Intersection,Interseccion de 4 direcciones,Sobre calle,Ninguna,Dia total,Nublado,No,NO APLICA,99,99,99,99,1,05/09/2022,2
47,Tennessee,470811,0,0,2,0,9,BLOUNT (9),0,NO APLICA,9,Septiembre,3,2022,16,22,US-129 SR-115 CALDERWOOD HWY,2,US Highway,Rural,Arteria Menor,State Highway Agency,0,Sin jurisdiccion especial,30,35.49621111,-83.9265,Vehiculo en movimiento,Detrás a Lado. ,Not an Intersection,No fue interseccion,Sobre calle,Ninguna,Dia total,Despejado,No,NO APLICA,99,99,99,99,1,03/09/2022,2
47,Tennessee,470812,0,0,2,0,123,MONROE (123),0,NO APLICA,8,Agosto,31,2022,21,30,SR-68,3,Highway estatal,Rural,Arteria Menor,State Highway Agency,0,Sin jurisdiccion especial,267,35.33798889,-84.30921944,Vehiculo en movimiento,Angulo,Not an Intersection,No fue interseccion,Sobre calle,Ninguna,Oscuro sin iluminacion,Despejado,No,NO APLICA,99,99,99,99,3,31/08/2022,6
47,Tennessee,470813,1,1,1,0,157,SHELBY (157),1620,MEMPHIS,9,Septiembre,9,2022,19,41,US-61 SR-14 S THIRD ST,2,US Highway,Urbano,Arteria Principal,State Highway Agency,1,Sin jurisdiccion especial,39,35.03181389,-90.07591944,Peaton,El primer evento no fue una colision con un vehiculo automotor en transporte,Not an Intersection,No fue interseccion,Sobre calle,Ninguna,Oscuro con iluminacion,Despejado,No,NO APLICA,99,99,99,99,1,09/09/2022,3
47,Tennessee,470814,0,0,1,0,157,SHELBY (157),1620,MEMPHIS,9,Septiembre,10,2022,1,50,APPLEWOOD DR,6,Calle Local Municipalidad,Urbano,Local,City or Municipal Highway Agency,0,Sin jurisdiccion especial,2,35.01243056,-89.95763056,Banqueta,El primer evento no fue una colision con un vehiculo automotor en transporte,Not an Intersection,No fue interseccion,Sobre el lado de la calle,Ninguna,Oscuro con iluminacion,Despejado,No,NO APLICA,99,99,99,99,1,10/09/2022,2
47,Tennessee,470815,0,0,2,0,179,WASHINGTON (179),985,GRAY,8,Agosto,16,2022,22,6,SR-36,3,Highway estatal,Urbano,Arteria Principal,State Highway Agency,1,Sin jurisdiccion especial,47,36.41251111,-82.425475,Vehiculo en movimiento,Angulo,T-Intersection,Interseccion de T,Sobre calle,Ninguna,Oscuro - iluminacion desconocida,Despejado,No,NO APLICA,99,99,99,99,1,16/08/2022,2
47,Tennessee,470816,0,0,1,0,147,ROBERTSON (147),537,CROSS PLAINS,9,Septiembre,5,2022,5,55,I-65,1,Interestatal,Rural,Interestatal,State Highway Agency,1,Sin jurisdiccion especial,77,36.51261944,-86.65405,Fin de valla,El primer evento no fue una colision con un vehiculo automotor en transporte,Not an Intersection,No fue interseccion,Sobre el lado de la calle,Construccion,Amanecer,Despejado,No,NO APLICA,99,99,99,99,1,05/09/2022,1
47,Tennessee,470817,0,0,1,0,179,WASHINGTON (179),1250,JOHNSON CITY,9,Septiembre,10,2022,0,36,S ROAN ST,6,Calle Local Municipalidad,Urbano,Arteria Menor,City or Municipal Highway Agency,0,Sin jurisdiccion especial,20,36.31008056,-82.3444,Banqueta,El primer evento no fue una colision con un vehiculo automotor en transporte,Not an Intersection,No fue interseccion,Sobre el lado de la calle,Ninguna,Oscuro con iluminacion,Despejado,No,NO APLICA,0,39,1,27,1,10/09/2022,1
47,Tennessee,470818,0,0,1,0,75,HAYWOOD (75),0,NO APLICA,9,Septiembre,7,2022,23,57,I-40,1,Interestatal,Rural,Interestatal,State Highway Agency,1,Sin jurisdiccion especial,234,35.5888,-89.08051944,Arbol,El primer evento no fue una colision con un vehiculo automotor en transporte,Not an Intersection,No fue interseccion,Sobre el lado de la calle,Ninguna,Oscuro sin iluminacion,Despejado,No,NO APLICA,99,99,99,99,1,07/09/2022,2
47,Tennessee,470819,0,0,1,0,179,WASHINGTON (179),1250,JOHNSON CITY,9,Septiembre,11,2022,12,29,SR-354 BOONES CREEK RD,3,Highway estatal,Urbano,Arteria Menor,State Highway Agency,0,Sin jurisdiccion especial,72,36.38818889,-82.4129,Animal vivo,El primer evento no fue una colision con un vehiculo automotor en transporte,Not an Intersection,No fue interseccion,Sobre calle,Ninguna,Dia total,Despejado,No,NO APLICA,99,99,99,99,1,11/09/2022,1
47,Tennessee,470820,0,0,2,0,157,SHELBY (157),1620,MEMPHIS,9,Septiembre,11,2022,19,8,MILL BRANCH RD,6,Calle Local Municipalidad,Urbano,Arteria Menor,City or Municipal Highway Agency,0,Sin jurisdiccion especial,13,35.01365,-90.0076,Vehiculo en movimiento,Angulo,Not an Intersection,No fue interseccion,"Izquierda continua, carril de vuelta",Ninguna,Oscuro con iluminacion,Despejado,No,NO APLICA,99,99,99,99,2,11/09/2022,4
47,Tennessee,470821,1,1,1,0,157,SHELBY (157),1620,MEMPHIS,9,Septiembre,11,2022,21,45,N HOLLYWOOD ST,6,Calle Local Municipalidad,Urbano,Arteria Menor,City or Municipal Highway Agency,0,Sin jurisdiccion especial,36,35.167375,-89.97561944,No vehiculo o remolque,El primer evento no fue una colision con un vehiculo automotor en transporte,Not an Intersection,No fue interseccion,Sobre calle,Ninguna,Oscuro con iluminacion,Despejado,No,NO APLICA,99,99,99,99,1,11/09/2022,1
47,Tennessee,470822,1,1,1,0,119,MAURY (119),470,COLUMBIA,8,Agosto,10,2022,11,25,PUBLIC SQ,6,Calle Local Municipalidad,Urbano,Colector Mayor,City or Municipal Highway Agency,0,Sin jurisdiccion especial,1,35.61506111,-87.03418056,Peaton,El primer evento no fue una colision con un vehiculo automotor en transporte,Not an Intersection,No fue interseccion,Sobre calle,Ninguna,Dia total,No reportado,No,NO APLICA,99,99,99,99,1,10/08/2022,1
47,Tennessee,470823,0,0,2,0,157,SHELBY (157),1620,MEMPHIS,9,Septiembre,12,2022,17,55,SR-175 SHELBY DR,3,Highway estatal,Urbano,Arteria Menor,State Highway Agency,0,Sin jurisdiccion especial,23,35.02089167,-90.06823889,Vehiculo en movimiento,Frente a frente,Not an Intersection,No fue interseccion,Sobre calle,Ninguna,Dia total,Despejado,No,NO APLICA,99,99,99,99,1,12/09/2022,5
47,Tennessee,470824,0,0,2,0,187,WILLIAMSON (187),833,FAIRVIEW,9,Septiembre,8,2022,11,50,SR-100 FAIRVIEW BLVD,3,Highway estatal,Rural,Arteria Principal,State Highway Agency,1,Sin jurisdiccion especial,1,35.93651944,-87.20055,Vehiculo en movimiento,Frente a frente,Not an Intersection,No fue interseccion,Sobre calle,Ninguna,Dia total,Despejado,No,NO APLICA,99,99,99,99,2,08/09/2022,2
47,Tennessee,470825,0,0,2,0,37,DAVIDSON (37),1760,NASHVILLE,8,Agosto,29,2022,7,15,SR-171 HOBSON PK,3,Highway estatal,Rural,Arteria Menor,State Highway Agency,0,Sin jurisdiccion especial,74,36.10006944,-86.55221111,Vehiculo en movimiento,Frente a frente,Not an Intersection,No fue interseccion,Sobre calle,Ninguna,Dia total,Despejado,No,NO APLICA,99,99,99,99,1,29/08/2022,2
47,Tennessee,470826,1,1,2,1,37,DAVIDSON (37),1760,NASHVILLE,9,Septiembre,6,2022,13,13,US-31A/41A SR-11 NOLENSVILLE P,2,US Highway,Urbano,Arteria Principal,State Highway Agency,1,Sin jurisdiccion especial,28,36.02098889,-86.71101111,Peaton,El primer evento no fue una colision con un vehiculo automotor en transporte,Not an Intersection,No fue interseccion,Sobre calle,"Zona de trabajo, tipo desconocido",Dia total,Despejado,No,NO APLICA,99,99,99,99,1,06/09/2022,1
47,Tennessee,470827,0,0,1,0,65,HAMILTON (65),400,CHATTANOOGA,9,Septiembre,10,2022,99,99,FAIRVIEW RD,6,Calle Local Municipalidad,Urbano,Arteria Menor,City or Municipal Highway Agency,0,Sin jurisdiccion especial,17,35.12298611,-85.2098,Valla Ferrocarril,El primer evento no fue una colision con un vehiculo automotor en transporte,Not an Intersection,No fue interseccion,Sobre el lado de la calle,Ninguna,Reportada como desconocida,lluvia,No,NO APLICA,99,99,99,99,1,10/09/2022,2
47,Tennessee,470828,0,0,2,0,163,SULLIVAN (163),0,NO APLICA,9,Septiembre,9,2022,20,15,US-421 SR-34 CARL R MOORE PKWY,2,US Highway,Rural,Arteria Menor,State Highway Agency,0,Sin jurisdiccion especial,314,36.5452,-81.99791944,Vehiculo en movimiento,Angulo,Not an Intersection,No fue interseccion,Sobre calle,Ninguna,Atardecer,Nublado,No,NO APLICA,20,10,99,99,2,09/09/2022,2
47,Tennessee,470829,1,1,1,0,9,BLOUNT (9),30,CALDERWOOD,9,Septiembre,13,2022,0,12,US-129 SR-115 AIRPORT HWY,2,US Highway,Urbano,Arteria Principal,State Highway Agency,1,Sin jurisdiccion especial,204,35.87298056,-83.95918889,Peaton,El primer evento no fue una colision con un vehiculo automotor en transporte,Not an Intersection,No fue interseccion,Sobre calle,Construccion,Oscuro sin iluminacion,Despejado,No,NO APLICA,99,99,99,99,1,13/09/2022,2
47,Tennessee,470830,0,0,2,0,149,RUTHERFORD (149),1750,MURFREESBORO,9,Septiembre,10,2022,99,99,I-24,1,Interestatal,Urbano,Interestatal,State Highway Agency,1,Sin jurisdiccion especial,178,35.81638889,-86.40148889,Vehiculo en movimiento,Golpe Lateral - misma direccion,Not an Intersection,No fue interseccion,Sobre calle,Ninguna,Oscuro con iluminacion,Despejado,No,NO APLICA,99,99,99,99,1,10/09/2022,3
47,Tennessee,470831,1,1,1,0,115,MARION (115),0,NO APLICA,9,Septiembre,10,2022,20,5,I-24,1,Interestatal,Rural,Interestatal,State Highway Agency,1,Sin jurisdiccion especial,225,35.04353889,-85.60785,Peaton,El primer evento no fue una colision con un vehiculo automotor en transporte,Not an Intersection,No fue interseccion,Sobre calle,Ninguna,Oscuro sin iluminacion,Despejado,No,NO APLICA,99,99,99,99,1,10/09/2022,2
47,Tennessee,470832,0,0,2,0,25,CLAIBORNE (25),0,NO APLICA,9,Septiembre,11,2022,20,40,SR-63 APPALACHIAN HWY,3,Highway estatal,Rural,Arteria Principal,State Highway Agency,1,Sin jurisdiccion especial,66,36.48855,-83.82728056,Vehiculo en movimiento,Frente a Detrás,Not an Intersection,No fue interseccion,Sobre calle,Ninguna,Oscuro sin iluminacion,lluvia,No,NO APLICA,99,99,99,99,1,11/09/2022,3
47,Tennessee,470833,0,0,1,0,105,LOUDON (105),1370,LENOIR CITY,9,Septiembre,14,2022,18,44,CR-LAKEVIEW RD,4,Calle del Condado,Urbano,Colector Menor,County Highway Agency,0,Sin jurisdiccion especial,15,35.80711111,-84.23503056,Animal vivo,El primer evento no fue una colision con un vehiculo automotor en transporte,Not an Intersection,No fue interseccion,Sobre calle,Ninguna,Dia total,Despejado,No,NO APLICA,99,99,99,99,1,14/09/2022,1
47,Tennessee,470834,0,0,3,0,129,MORGAN (129),0,NO APLICA,9,Septiembre,12,2022,7,18,SR-62 KNOXVILLE HWY,3,Highway estatal,Rural,Arteria Menor,State Highway Agency,0,Sin jurisdiccion especial,350,36.04778056,-84.35925,Valla Ferrocarril,El primer evento no fue una colision con un vehiculo automotor en transporte,Not an Intersection,No fue interseccion,Sobre el lado de la calle,Ninguna,Dia total,Despejado,No,NO APLICA,99,99,99,99,1,12/09/2022,3
47,Tennessee,470835,1,1,1,0,157,SHELBY (157),1620,MEMPHIS,9,Septiembre,12,2022,19,23,MENDENHALL RD,6,Calle Local Municipalidad,Urbano,Arteria Principal,City or Municipal Highway Agency,0,Sin jurisdiccion especial,18,35.05323333,-89.88645,Peaton,El primer evento no fue una colision con un vehiculo automotor en transporte,Not an Intersection,No fue interseccion,Sobre calle,Ninguna,Oscuro con iluminacion,Despejado,No,NO APLICA,99,99,99,99,1,12/09/2022,1
47,Tennessee,470836,0,0,2,0,33,CROCKETT (33),0,NO APLICA,9,Septiembre,13,2022,13,0,US-412 SR-20,2,US Highway,Rural,Arteria Principal,State Highway Agency,1,Sin jurisdiccion especial,76,35.83061944,-89.17936944,Vehiculo en movimiento,Frente a frente,Not an Intersection,No fue interseccion,Sobre calle,Ninguna,Dia total,Despejado,No,NO APLICA,99,99,99,99,1,13/09/2022,2
47,Tennessee,470837,0,0,1,0,179,WASHINGTON (179),1260,JONESBOROUGH,9,Septiembre,13,2022,23,20,FORREST DR,6,Calle Local Municipalidad,Urbano,Local,City or Municipal Highway Agency,0,Sin jurisdiccion especial,1,36.30268056,-82.46408889,Banqueta,El primer evento no fue una colision con un vehiculo automotor en transporte,Not an Intersection,No fue interseccion,Sobre el lado de la calle,Ninguna,Oscuro sin iluminacion,Despejado,No,NO APLICA,23,16,99,99,1,13/09/2022,1
47,Tennessee,470838,0,0,3,0,19,CARTER (19),760,ELIZABETHTON,9,Septiembre,14,2022,12,25,SR-362 MARY PATTON HWY,3,Highway estatal,Urbano,Arteria Menor,State Highway Agency,0,Sin jurisdiccion especial,53,36.32841944,-82.26083889,Vehiculo en movimiento,Angulo,T-Intersection,Interseccion de T,Sobre calle,Ninguna,Dia total,Despejado,No,NO APLICA,99,99,99,99,1,14/09/2022,3
47,Tennessee,470839,0,0,1,0,165,SUMNER (165),890,GALLATIN,9,Septiembre,17,2022,0,38,SR-109 GALLATIN BYPASS,3,Highway estatal,Urbano,Arteria Principal,State Highway Agency,1,Sin jurisdiccion especial,43,36.38613056,-86.47388889,Alguien se cayo/avento del vehiculo,El primer evento no fue una colision con un vehiculo automotor en transporte,Not an Intersection,No fue interseccion,Sobre calle,Ninguna,Oscuro sin iluminacion,Despejado,No,NO APLICA,99,99,99,99,1,17/09/2022,2
47,Tennessee,470840,1,1,2,0,65,HAMILTON (65),2260,SODDY DAISY,9,Septiembre,14,2022,21,47,SR-319 HIXSON PK,3,Highway estatal,Urbano,Arteria Principal,State Highway Agency,1,Sin jurisdiccion especial,201,35.2747,-85.139,Peaton,El primer evento no fue una colision con un vehiculo automotor en transporte,Not an Intersection,No fue interseccion,Sobre calle,Ninguna,Oscuro sin iluminacion,Despejado,No,NO APLICA,99,99,99,99,1,14/09/2022,2
47,Tennessee,470841,0,0,4,0,187,WILLIAMSON (187),0,NO APLICA,9,Septiembre,13,2022,15,45,I-65,1,Interestatal,Urbano,Interestatal,State Highway Agency,1,Sin jurisdiccion especial,24,35.77333056,-86.86418056,Vehiculo en movimiento,No reportado,Not an Intersection,No fue interseccion,Sobre calle,Construccion,Dia total,Despejado,No,NO APLICA,99,99,99,99,1,13/09/2022,4
47,Tennessee,470842,0,0,1,0,141,PUTNAM (141),480,COOKEVILLE,9,Septiembre,16,2022,20,12,SR-111,3,Highway estatal,Urbano,Arterial Principal -Freeway o ExpressWay,State Highway Agency,1,Sin jurisdiccion especial,58,36.15875,-85.46941111,Arbol,El primer evento no fue una colision con un vehiculo automotor en transporte,Not an Intersection,No fue interseccion,Sobre el lado de la calle,Ninguna,Oscuro sin iluminacion,Despejado,No,NO APLICA,99,99,99,99,1,16/09/2022,2