Estado,Nombre de Estado,Numero de Caso,Peatones,Personas _no_vehiculos,Vehiculos automotores,Vehiculos estacionados,Condado,Nombre Condado,Ciudad,Nombre Ciudad,Mes,Nombre Mes,Dia,Año,Hora,Minuto,Calle,Ruta,Nombre Ruta,Rural o Urbanoo,Sistema Funcional,Dueño Calle,Sistema Nacional Carreteras,Jurisdiccion Especial,Milla,Latitud,Longitud,Causa del Accidente,Tipo de Accidente,Tipo Interseccion,Columna1,Lugar en la calle,Zona de Trabajo,Luz,Clima,Autobus Escolar,Cruce de Trenes,Hora Notificacion,Minuto Notificacion,Hora Llegada,Minuto Llegada,Decesos,Fecha,PersonaVehiculo
47,Tennessee,470843,0,0,1,0,21,CHEATHAM (21),0,NO APLICA,9,Septiembre,17,2022,17,33,SR-250 PETWAY RD,3,Highway estatal,Rural,Colector Mayor,State Highway Agency,0,Sin jurisdiccion especial,5,36.20001111,-87.16693889,Acotamiento,El primer evento no fue una colision con un vehiculo automotor en transporte,Not an Intersection,No fue interseccion,Sobre el lado de la calle,Ninguna,Dia total,Despejado,No,NO APLICA,99,99,99,99,1,17/09/2022,1
47,Tennessee,470844,0,0,2,0,157,SHELBY (157),1620,MEMPHIS,9,Septiembre,17,2022,22,12,KNIGHT ARNOLD RD,6,Calle Local Municipalidad,Urbano,Arteria Menor,City or Municipal Highway Agency,0,Sin jurisdiccion especial,38,35.06191944,-89.88648889,Vehiculo en movimiento,Angulo,T-Intersection,Interseccion de T,Sobre calle,Ninguna,Oscuro con iluminacion,Despejado,No,NO APLICA,99,99,99,99,1,17/09/2022,2
47,Tennessee,470845,0,0,2,0,157,SHELBY (157),1620,MEMPHIS,9,Septiembre,18,2022,1,18,SAM COOPER BLVD,6,Calle Local Municipalidad,Urbano,Arteria Menor,City or Municipal Highway Agency,0,Sin jurisdiccion especial,4,35.147225,-89.97476944,Vehiculo en movimiento,Frente a frente,Not an Intersection,No fue interseccion,Sobre calle,Ninguna,Oscuro con iluminacion,Despejado,No,NO APLICA,99,99,99,99,1,18/09/2022,5
47,Tennessee,470846,0,0,2,0,43,DICKSON (43),0,NO APLICA,9,Septiembre,18,2022,21,25,I-40,1,Interestatal,Urbano,Interestatal,State Highway Agency,1,Sin jurisdiccion especial,147,36.01833889,-87.23981111,Vehiculo en movimiento,Frente a Detrás,Not an Intersection,No fue interseccion,Sobre calle,Ninguna,Oscuro sin iluminacion,Despejado,No,NO APLICA,99,99,99,99,2,18/09/2022,5
47,Tennessee,470847,0,0,2,0,9,BLOUNT (9),30,CALDERWOOD,9,Septiembre,17,2022,9,17,US-129 SR-115 AIRPORT HWY,2,US Highway,Urbano,Arteria Principal,State Highway Agency,1,Sin jurisdiccion especial,152,35.80416111,-83.98733056,Vehiculo en movimiento,Golpe Lateral - misma direccion,Not an Intersection,No fue interseccion,Sobre calle,Ninguna,Dia total,Despejado,No,NO APLICA,99,99,99,99,1,17/09/2022,5
47,Tennessee,470848,0,0,2,0,53,GIBSON (53),0,NO APLICA,9,Septiembre,14,2022,16,44,US-45E SR-43,2,US Highway,Rural,Arteria Principal,State Highway Agency,1,Sin jurisdiccion especial,225,36.09176111,-88.81341944,Vehiculo en movimiento,Angulo,Four-Way Intersection,Interseccion de 4 direcciones,Sobre calle,Ninguna,Dia total,Despejado,No,NO APLICA,99,99,99,99,1,14/09/2022,2
47,Tennessee,470849,0,0,2,0,115,MARION (115),0,NO APLICA,9,Septiembre,16,2022,15,26,SR-28,3,Highway estatal,Rural,Arteria Principal,State Highway Agency,1,Sin jurisdiccion especial,86,35.14788889,-85.54303056,Vehiculo en movimiento,Frente a frente,Not an Intersection,No fue interseccion,Sobre calle,Ninguna,Dia total,Reportado como desconocido,No,NO APLICA,99,99,99,99,1,16/09/2022,2
47,Tennessee,470850,0,0,2,0,125,MONTGOMERY (125),0,NO APLICA,9,Septiembre,16,2022,20,47,SR-149,3,Highway estatal,Rural,Arteria Menor,State Highway Agency,0,Sin jurisdiccion especial,75,36.43661111,-87.48051111,Vehiculo en movimiento,Frente a Detrás,Not an Intersection,No fue interseccion,Sobre calle,Ninguna,Oscuro sin iluminacion,Despejado,No,NO APLICA,99,99,99,99,1,16/09/2022,2
47,Tennessee,470851,2,2,3,1,179,WASHINGTON (179),0,NO APLICA,9,Septiembre,18,2022,16,48,SR-81,3,Highway estatal,Rural,Arteria Menor,State Highway Agency,0,Sin jurisdiccion especial,42,36.20366111,-82.46893889,Vehiculo en movimiento,Angulo,Not an Intersection,No fue interseccion,Sobre calle,Ninguna,Dia total,Despejado,No,NO APLICA,16,40,99,99,1,18/09/2022,4
47,Tennessee,470852,0,0,2,0,35,CUMBERLAND (35),0,NO APLICA,9,Septiembre,19,2022,15,47,I-40,1,Interestatal,Rural,Interestatal,State Highway Agency,1,Sin jurisdiccion especial,200,35.9494,-84.94573889,Vehiculo en movimiento,Frente a Detrás,Not an Intersection,No fue interseccion,Sobre calle,Ninguna,Dia total,Despejado,No,NO APLICA,99,99,99,99,1,19/09/2022,3
47,Tennessee,470853,0,0,1,0,185,WHITE (185),1992,QUEBECK,9,Septiembre,19,2022,19,33,CR-MCMINNVILLE HWY,4,Calle del Condado,Rural,Colector Menor,County Highway Agency,0,Sin jurisdiccion especial,8,35.80881111,-85.58478056,Zanja,El primer evento no fue una colision con un vehiculo automotor en transporte,Not an Intersection,No fue interseccion,Sobre el lado de la calle,Ninguna,Oscuro sin iluminacion,Despejado,No,NO APLICA,99,99,99,99,1,19/09/2022,1
47,Tennessee,470854,0,0,2,0,141,PUTNAM (141),480,COOKEVILLE,9,Septiembre,19,2022,14,53,US-70N SR-24 E SPRING ST,2,US Highway,Urbano,Arteria Principal,State Highway Agency,1,Sin jurisdiccion especial,229,36.13568889,-85.44983889,Vehiculo en movimiento,Angulo,Four-Way Intersection,Interseccion de 4 direcciones,Sobre calle,Ninguna,Dia total,Despejado,No,NO APLICA,99,99,99,99,1,19/09/2022,2
47,Tennessee,470855,0,0,4,0,37,DAVIDSON (37),75,ANTIOCH,9,Septiembre,14,2022,9,25,US-31W SR-11 DICKERSON PK,2,US Highway,Urbano,Arteria Principal,State Highway Agency,1,Sin jurisdiccion especial,194,36.26926111,-86.75573889,Vehiculo en movimiento,Frente a Detrás,Four-Way Intersection,Interseccion de 4 direcciones,Sobre calle,Ninguna,Dia total,Despejado,No,NO APLICA,99,99,99,99,1,14/09/2022,5
47,Tennessee,470856,0,0,2,0,37,DAVIDSON (37),1760,NASHVILLE,9,Septiembre,17,2022,10,56,BAKERTOWN RD,6,Calle Local Municipalidad,Urbano,Local,City or Municipal Highway Agency,0,Sin jurisdiccion especial,2,36.0718,-86.68828056,Vehiculo en movimiento,Frente a frente,Not an Intersection,No fue interseccion,Sobre calle,Ninguna,Dia total,Despejado,No,NO APLICA,99,99,99,99,1,17/09/2022,4
47,Tennessee,470857,0,0,2,0,141,PUTNAM (141),480,COOKEVILLE,9,Septiembre,17,2022,12,35,SR-111,3,Highway estatal,Urbano,Arteria Principal,State Highway Agency,1,Sin jurisdiccion especial,32,36.12388056,-85.48615,Vehiculo en movimiento,Angulo,Four-Way Intersection,Interseccion de 4 direcciones,Sobre calle,Ninguna,Dia total,Despejado,No,NO APLICA,12,40,12,55,2,17/09/2022,3
47,Tennessee,470858,0,0,2,0,37,DAVIDSON (37),1760,NASHVILLE,9,Septiembre,18,2022,0,21,SR-255  HARDING PL,3,Highway estatal,Urbano,Arteria Principal,State Highway Agency,1,Sin jurisdiccion especial,33,36.0804,-86.71793056,Vehiculo en movimiento,Angulo,Four-Way Intersection,Interseccion de 4 direcciones,Sobre calle,Ninguna,Oscuro con iluminacion,Despejado,No,NO APLICA,99,99,99,99,1,18/09/2022,3
47,Tennessee,470859,0,0,1,0,163,SULLIVAN (163),0,NO APLICA,9,Septiembre,18,2022,16,10,US-421 SR-34 CARL R MOORE PKWY,2,US Highway,Rural,Arteria Menor,State Highway Agency,0,Sin jurisdiccion especial,298,36.55448889,-82.02118056,Arbol,El primer evento no fue una colision con un vehiculo automotor en transporte,Not an Intersection,No fue interseccion,Sobre el lado de la calle,Ninguna,Dia total,Despejado,No,NO APLICA,16,22,99,99,1,18/09/2022,1
47,Tennessee,470860,0,0,2,0,157,SHELBY (157),1620,MEMPHIS,9,Septiembre,18,2022,14,42,US-64 SR-15,2,US Highway,Urbano,Arteria Principal,State Highway Agency,1,Sin jurisdiccion especial,58,35.20378056,-89.8217,Vehiculo en movimiento,Angulo,T-Intersection,Interseccion de T,Sobre calle,Ninguna,Dia total,Despejado,No,NO APLICA,99,99,99,99,1,18/09/2022,7
47,Tennessee,470861,0,0,2,0,157,SHELBY (157),1620,MEMPHIS,9,Septiembre,20,2022,19,30,SR-23 WALNUT GROVE RD,3,Highway estatal,Urbano,Arteria Menor,State Highway Agency,0,Sin jurisdiccion especial,64,35.13110278,-89.90848889,Vehiculo en movimiento,Angulo,Four-Way Intersection,Interseccion de 4 direcciones,Sobre calle,Ninguna,Oscuro con iluminacion,Despejado,No,NO APLICA,99,99,99,99,2,20/09/2022,3
47,Tennessee,470862,0,0,2,0,37,DAVIDSON (37),1760,NASHVILLE,9,Septiembre,13,2022,5,9,US-70 SR-24 CHARLOTTE PK,2,US Highway,Urbano,Arteria Principal,State Highway Agency,1,Sin jurisdiccion especial,81,36.15031944,-86.85726111,Vehiculo en movimiento,Frente a frente,Not an Intersection,No fue interseccion,Sobre calle,Ninguna,Oscuro con iluminacion,Despejado,No,NO APLICA,99,99,99,99,1,13/09/2022,3
47,Tennessee,470863,1,1,1,0,11,BRADLEY (11),420,CLEVELAND,9,Septiembre,20,2022,20,34,US-11BP SR-2 KEITH ST NW,2,US Highway,Urbano,Arteria Principal,State Highway Agency,1,Sin jurisdiccion especial,105,35.179725,-84.87485,Peaton,El primer evento no fue una colision con un vehiculo automotor en transporte,Not an Intersection,No fue interseccion,Sobre calle,Ninguna,Oscuro con iluminacion,Despejado,No,NO APLICA,99,99,99,99,1,20/09/2022,1
47,Tennessee,470864,1,1,1,0,37,DAVIDSON (37),1760,NASHVILLE,9,Septiembre,21,2022,19,20,WOODMONT BLVD,6,Calle Local Municipalidad,Urbano,Arteria Menor,City or Municipal Highway Agency,0,Sin jurisdiccion especial,25,36.11376944,-86.80863889,Peaton,El primer evento no fue una colision con un vehiculo automotor en transporte,Not an Intersection,No fue interseccion,Sobre calle,Ninguna,Oscuro sin iluminacion,Despejado,No,NO APLICA,99,99,99,99,1,21/09/2022,1
47,Tennessee,470865,0,0,1,0,175,VAN BUREN (175),0,NO APLICA,8,Agosto,30,2022,99,99,CR-BAKER MOUNTAIN RD,4,Calle del Condado,Rural,Colector Menor,County Highway Agency,0,Sin jurisdiccion especial,54,35.67446111,-85.52873056,Volcadura,El primer evento no fue una colision con un vehiculo automotor en transporte,Not an Intersection,No fue interseccion,Sobre el lado de la calle,Ninguna,Atardecer,Despejado,No,NO APLICA,99,99,99,99,1,30/08/2022,1
47,Tennessee,470866,1,1,1,0,37,DAVIDSON (37),1760,NASHVILLE,9,Septiembre,14,2022,21,41,SR-254 BELL RD,3,Highway estatal,Urbano,Arteria Principal,State Highway Agency,1,Sin jurisdiccion especial,146,36.04486111,-86.66321944,Peaton,El primer evento no fue una colision con un vehiculo automotor en transporte,Not an Intersection,No fue interseccion,Sobre calle,Ninguna,Oscuro con iluminacion,Despejado,No,NO APLICA,99,99,99,99,1,14/09/2022,1
47,Tennessee,470867,1,1,1,0,53,GIBSON (53),0,NO APLICA,9,Septiembre,18,2022,4,0,US-45W SR-5 TRENTON HWY,2,US Highway,Rural,Arteria Principal,State Highway Agency,1,Sin jurisdiccion especial,73,35.87965,-88.92731944,Peaton,El primer evento no fue una colision con un vehiculo automotor en transporte,Not an Intersection,No fue interseccion,Sobre calle,Ninguna,Oscuro sin iluminacion,Despejado,No,NO APLICA,99,99,99,99,1,18/09/2022,1
47,Tennessee,470868,0,0,1,0,165,SUMNER (165),890,GALLATIN,9,Septiembre,21,2022,6,4,SR-174 DOBBINS PIKE,3,Highway estatal,Urbano,Arteria Menor,State Highway Agency,0,Sin jurisdiccion especial,175,36.42051111,-86.43796111,Valla Ferrocarril,El primer evento no fue una colision con un vehiculo automotor en transporte,Not an Intersection,No fue interseccion,Sobre el lado de la calle,Ninguna,Dia total,Despejado,No,NO APLICA,99,99,99,99,1,21/09/2022,1
47,Tennessee,470869,0,0,1,0,99,LAWRENCE (99),0,NO APLICA,9,Septiembre,22,2022,14,53,SR-241 RED HILL-CENTER RD,3,Highway estatal,Rural,Colector Mayor,State Highway Agency,0,Sin jurisdiccion especial,34,35.3329,-87.43518056,Animal vivo,El primer evento no fue una colision con un vehiculo automotor en transporte,Not an Intersection,No fue interseccion,Sobre calle,Ninguna,Dia total,Nublado,No,NO APLICA,99,99,99,99,1,22/09/2022,1
47,Tennessee,470870,1,1,1,0,93,KNOX (93),1300,KNOXVILLE,7,Julio,28,2022,19,35,US-11/70 SR-1 KINGSTON PK,2,US Highway,Urbano,Arteria Principal,State Highway Agency,1,Sin jurisdiccion especial,147,35.93850833,-83.98893611,Peaton,El primer evento no fue una colision con un vehiculo automotor en transporte,Not an Intersection,No fue interseccion,Sobre calle,Ninguna,Dia total,lluvia,No,NO APLICA,99,99,99,99,1,28/07/2022,1
47,Tennessee,470871,0,0,2,0,157,SHELBY (157),1620,MEMPHIS,8,Agosto,26,2022,21,56,I-55,1,Interestatal,Urbano,Interestatal,State Highway Agency,1,Sin jurisdiccion especial,110,35.11648611,-90.07208056,Vehiculo en movimiento,Frente a Detrás,Not an Intersection,No fue interseccion,Sobre calle,Ninguna,Oscuro con iluminacion,Despejado,No,NO APLICA,99,99,99,99,1,26/08/2022,3
47,Tennessee,470872,0,0,1,0,9,BLOUNT (9),0,NO APLICA,9,Septiembre,17,2022,1,40,SR-336 SIX MILE RD,3,Highway estatal,Rural,Colector Mayor,State Highway Agency,0,Sin jurisdiccion especial,57,35.60973889,-84.06441944,Poste o otros soportes,El primer evento no fue una colision con un vehiculo automotor en transporte,Not an Intersection,No fue interseccion,Sobre el lado de la calle,Ninguna,Oscuro sin iluminacion,Despejado,No,NO APLICA,99,99,99,99,1,17/09/2022,1
47,Tennessee,470873,1,1,1,0,145,ROANE (145),1060,HARRIMAN,9,Septiembre,21,2022,20,44,US-27 SR-29 HARRIMAN HWY,2,US Highway,Urbano,Arteria Principal,State Highway Agency,1,Sin jurisdiccion especial,111,35.96543056,-84.51501944,Ciclista,El primer evento no fue una colision con un vehiculo automotor en transporte,Not an Intersection,No fue interseccion,Sobre calle,Ninguna,Oscuro sin iluminacion,Despejado,No,NO APLICA,99,99,99,99,1,21/09/2022,1
47,Tennessee,470874,1,1,1,0,37,DAVIDSON (37),1760,NASHVILLE,9,Septiembre,3,2022,22,0,MADISON SQ BLVD,6,Calle Local Municipalidad,Urbano,Local,City or Municipal Highway Agency,0,Sin jurisdiccion especial,13,36.25501111,-86.71523889,Peaton,El primer evento no fue una colision con un vehiculo automotor en transporte,Not an Intersection,No fue interseccion,Sobre calle,Ninguna,Oscuro con iluminacion,lluvia,No,NO APLICA,99,99,99,99,1,03/09/2022,1
47,Tennessee,470875,0,0,2,0,37,DAVIDSON (37),1245,JOELTON,9,Septiembre,22,2022,4,52,OLD CLARKSVILLE PK,6,Calle Local Municipalidad,Rural,Local,City or Municipal Highway Agency,0,Sin jurisdiccion especial,0,36.29328056,-86.88615,Vehiculo en movimiento,Frente a frente,Not an Intersection,No fue interseccion,Sobre calle,Ninguna,Oscuro con iluminacion,Despejado,No,NO APLICA,99,99,99,99,1,22/09/2022,2
47,Tennessee,470876,0,0,2,0,37,DAVIDSON (37),1760,NASHVILLE,9,Septiembre,22,2022,23,24,SR-155 BRILEY PKWY,3,Highway estatal,Urbano,Arterial Principal -Freeway o ExpressWay,State Highway Agency,1,Sin jurisdiccion especial,246,36.18766111,-86.86261111,Vehiculo en movimiento,Frente a frente,Not an Intersection,No fue interseccion,Sobre calle,Ninguna,Oscuro sin iluminacion,Despejado,No,NO APLICA,99,99,99,99,2,22/09/2022,2
47,Tennessee,470877,0,1,2,1,159,SMITH (159),0,NO APLICA,9,Septiembre,24,2022,16,0,I-40,1,Interestatal,Rural,Interestatal,State Highway Agency,1,Sin jurisdiccion especial,110,36.16638889,-85.9025,Vehiculo Aparcado,El primer evento no fue una colision con un vehiculo automotor en transporte,Not an Intersection,No fue interseccion,Sobre Acotamiento,Ninguna,Dia total,Despejado,No,NO APLICA,99,99,99,99,1,24/09/2022,1
47,Tennessee,470878,0,0,1,0,141,PUTNAM (141),0,NO APLICA,9,Septiembre,24,2022,23,36,US-70N SR-24 E SPRING ST,2,US Highway,Rural,Colector Mayor,State Highway Agency,0,Sin jurisdiccion especial,268,36.10741111,-85.4148,Poste,El primer evento no fue una colision con un vehiculo automotor en transporte,Not an Intersection,No fue interseccion,Sobre el lado de la calle,Ninguna,Oscuro sin iluminacion,Despejado,No,NO APLICA,99,99,99,99,1,24/09/2022,1
47,Tennessee,470879,0,0,2,0,157,SHELBY (157),1620,MEMPHIS,9,Septiembre,25,2022,3,17,I-40,1,Interestatal,Urbano,Interestatal,State Highway Agency,1,Sin jurisdiccion especial,75,35.19168889,-89.97716111,Vehiculo en movimiento,Frente a Detrás,Not an Intersection,No fue interseccion,Sobre calle,Ninguna,Oscuro con iluminacion,Despejado,No,NO APLICA,99,99,99,99,2,25/09/2022,3
47,Tennessee,470880,0,0,2,0,149,RUTHERFORD (149),1750,MURFREESBORO,9,Septiembre,16,2022,3,17,I-24,1,Interestatal,Urbano,Interestatal,State Highway Agency,1,Sin jurisdiccion especial,185,35.80826111,-86.39221944,Vehiculo en movimiento,Frente a frente,Not an Intersection,No fue interseccion,Sobre calle,Ninguna,Oscuro con iluminacion,Despejado,No,NO APLICA,99,99,99,99,1,16/09/2022,2
47,Tennessee,470881,0,0,1,0,163,SULLIVAN (163),1280,KINGSPORT,9,Septiembre,25,2022,18,36,CR-SHADY VIEW RD,4,Calle del Condado,Urbano,Local,County Highway Agency,0,Sin jurisdiccion especial,13,36.48380833,-82.55669444,Otro objeto (no fijo),El primer evento no fue una colision con un vehiculo automotor en transporte,Not an Intersection,No fue interseccion,Sobre calle,Ninguna,Dia total,lluvia,No,NO APLICA,99,99,99,99,1,25/09/2022,1
47,Tennessee,470882,1,1,1,0,37,DAVIDSON (37),1760,NASHVILLE,9,Septiembre,19,2022,17,25,ELM HILL PK,6,Calle Local Municipalidad,Urbano,Arteria Menor,City or Municipal Highway Agency,0,Sin jurisdiccion especial,62,36.14375,-86.73045,Peaton,El primer evento no fue una colision con un vehiculo automotor en transporte,T-Intersection,Interseccion de T,Sobre calle,Ninguna,Dia total,Nublado,No,Unknown,99,99,99,99,1,19/09/2022,1
47,Tennessee,470883,1,1,1,0,107,MCMINN (107),0,NO APLICA,9,Septiembre,20,2022,9,47,CR-250,4,Calle del Condado,Rural,Colector Menor,County Highway Agency,0,Sin jurisdiccion especial,42,35.58611111,-84.62376111,Ciclista,El primer evento no fue una colision con un vehiculo automotor en transporte,Four-Way Intersection,Interseccion de 4 direcciones,Sobre calle,Ninguna,Dia total,Despejado,No,NO APLICA,99,99,99,99,1,20/09/2022,1
47,Tennessee,470884,0,0,4,0,163,SULLIVAN (163),1280,KINGSPORT,9,Septiembre,10,2022,12,30,I-81,1,Interestatal,Urbano,Interestatal,State Highway Agency,1,Sin jurisdiccion especial,60,36.47883889,-82.48463056,Vehiculo en movimiento,Golpe Lateral - direccion contraria,Not an Intersection,No fue interseccion,Sobre calle,Ninguna,Dia total,Despejado,No,NO APLICA,99,99,99,99,1,10/09/2022,10
47,Tennessee,470885,1,1,1,0,93,KNOX (93),1300,KNOXVILLE,9,Septiembre,25,2022,0,46,US-441 SR-33 HENLEY ST,2,US Highway,Urbano,Arteria Principal,State Highway Agency,1,Sin jurisdiccion especial,72,35.96259722,-83.92191944,Peaton,El primer evento no fue una colision con un vehiculo automotor en transporte,Four-Way Intersection,Interseccion de 4 direcciones,Sobre calle,Ninguna,Oscuro con iluminacion,Despejado,No,NO APLICA,99,99,99,99,1,25/09/2022,1
47,Tennessee,470886,0,0,2,0,21,CHEATHAM (21),0,NO APLICA,9,Septiembre,26,2022,13,31,US-70 SR-1,2,US Highway,Rural,Arteria Menor,State Highway Agency,0,Sin jurisdiccion especial,46,36.12411111,-87.10296944,Vehiculo en movimiento,Angulo,Not an Intersection,No fue interseccion,Sobre calle,Ninguna,Dia total,Despejado,No,NO APLICA,99,99,99,99,1,26/09/2022,2
47,Tennessee,470887,0,0,1,0,65,HAMILTON (65),0,NO APLICA,9,Septiembre,20,2022,23,20,SR-60,3,Highway estatal,Rural,Arteria Principal,State Highway Agency,1,Sin jurisdiccion especial,8,35.30768056,-84.96788889,Arbol,El primer evento no fue una colision con un vehiculo automotor en transporte,Not an Intersection,No fue interseccion,Sobre el lado de la calle,Ninguna,Oscuro sin iluminacion,Despejado,No,NO APLICA,99,99,99,99,1,20/09/2022,1
47,Tennessee,470888,1,1,1,0,65,HAMILTON (65),400,CHATTANOOGA,9,Septiembre,24,2022,99,99,SHALLOWFORD RD,6,Calle Local Municipalidad,Urbano,Arteria Principal,City or Municipal Highway Agency,0,Sin jurisdiccion especial,51,35.02368333,-85.15828611,Peaton,El primer evento no fue una colision con un vehiculo automotor en transporte,Not an Intersection,No fue interseccion,Sobre calle,Ninguna,Reportada como desconocida,Despejado,No,NO APLICA,99,99,99,99,1,24/09/2022,1
47,Tennessee,470889,0,0,2,0,59,GREENE (59),0,NO APLICA,9,Septiembre,26,2022,18,15,SR-351 CHUCKEY PK,3,Highway estatal,Rural,Colector Mayor,State Highway Agency,0,Sin jurisdiccion especial,164,36.2072,-82.6855,Vehiculo en movimiento,Frente a frente,Not an Intersection,No fue interseccion,Sobre calle,Ninguna,Dia total,Despejado,No,NO APLICA,18,3,18,25,1,26/09/2022,2
47,Tennessee,470890,0,0,1,0,187,WILLIAMSON (187),0,NO APLICA,9,Septiembre,26,2022,20,33,SR-96 MURFREESBORO RD,3,Highway estatal,Rural,Arteria Principal,State Highway Agency,1,Sin jurisdiccion especial,172,35.88965,-86.76041111,Poste,El primer evento no fue una colision con un vehiculo automotor en transporte,Not an Intersection,No fue interseccion,Sobre el lado de la calle,Construccion,Oscuro con iluminacion,Despejado,No,NO APLICA,99,99,99,99,1,26/09/2022,1
47,Tennessee,470891,0,0,1,0,157,SHELBY (157),1620,MEMPHIS,9,Septiembre,26,2022,16,59,BROOKS RD,6,Calle Local Municipalidad,Urbano,Arteria Menor,City or Municipal Highway Agency,0,Sin jurisdiccion especial,41,35.06288056,-90.04970556,Poste,El primer evento no fue una colision con un vehiculo automotor en transporte,Not an Intersection,No fue interseccion,Sobre el lado de la calle,Ninguna,Dia total,Despejado,No,NO APLICA,99,99,99,99,1,26/09/2022,2
47,Tennessee,470892,1,1,1,0,65,HAMILTON (65),400,CHATTANOOGA,9,Septiembre,24,2022,0,14,I-24 US-27,1,Interestatal,Urbano,Interestatal,State Highway Agency,1,Sin jurisdiccion especial,86,35.02542778,-85.30225833,Peaton,El primer evento no fue una colision con un vehiculo automotor en transporte,Not an Intersection,No fue interseccion,Sobre calle,Ninguna,Oscuro sin iluminacion,Despejado,No,NO APLICA,99,99,99,99,1,24/09/2022,2
47,Tennessee,470893,0,0,2,0,179,WASHINGTON (179),0,NO APLICA,9,Septiembre,17,2022,12,33,US-11E/32 SR-34 VETERANS PKWY,2,US Highway,Rural,Arteria Principal,State Highway Agency,1,Sin jurisdiccion especial,32,36.254475,-82.59153056,Vehiculo en movimiento,Angulo,Four-Way Intersection,Interseccion de 4 direcciones,Sobre calle,Ninguna,Dia total,Despejado,No,NO APLICA,99,99,99,99,1,17/09/2022,4
47,Tennessee,470894,2,2,3,2,157,SHELBY (157),1620,MEMPHIS,9,Septiembre,29,2022,15,53,N WHITE STATION RD,6,Calle Local Municipalidad,Urbano,Arteria Menor,City or Municipal Highway Agency,0,Sin jurisdiccion especial,75,35.14214722,-89.8884,Banqueta,El primer evento no fue una colision con un vehiculo automotor en transporte,Not an Intersection,No fue interseccion,Sobre el lado de la calle,Ninguna,Dia total,Despejado,No,NO APLICA,16,0,16,20,2,29/09/2022,1
47,Tennessee,470895,0,0,1,0,117,MARSHALL (117),380,CHAPEL HILL,9,Septiembre,24,2022,13,30,OVERPASS RD,6,Calle Local Municipalidad,Rural,Local,City or Municipal Highway Agency,0,Sin jurisdiccion especial,8,35.62731944,-86.70776111,Vehiculo Ferrocarril,El primer evento no fue una colision con un vehiculo automotor en transporte,Not an Intersection,No fue interseccion,Sobre calle,Ninguna,Dia total,Despejado,No,350404K,99,99,99,99,3,24/09/2022,3
47,Tennessee,470896,0,0,1,0,99,LAWRENCE (99),0,NO APLICA,9,Septiembre,25,2022,10,0,CR-BLUFF RD,4,Calle del Condado,Rural,Colector Menor,County Highway Agency,0,Sin jurisdiccion especial,7,35.10916111,-87.50655,Arbol,El primer evento no fue una colision con un vehiculo automotor en transporte,Not an Intersection,No fue interseccion,Sobre el lado de la calle,Ninguna,Dia total,Nublado,No,NO APLICA,99,99,99,99,1,25/09/2022,1
47,Tennessee,470897,0,0,1,0,139,POLK (139),0,NO APLICA,9,Septiembre,26,2022,22,18,SR-68,3,Highway estatal,Rural,Arteria Menor,State Highway Agency,0,Sin jurisdiccion especial,164,35.05601944,-84.39176944,Zanja,El primer evento no fue una colision con un vehiculo automotor en transporte,Not an Intersection,No fue interseccion,Sobre el lado de la calle,Ninguna,Oscuro sin iluminacion,Despejado,No,NO APLICA,99,99,99,99,1,26/09/2022,1
47,Tennessee,470898,0,0,3,0,7,BLEDSOE (7),1950,PIKEVILLE,9,Septiembre,22,2022,15,54,US-127 SR-28,2,US Highway,Rural,Arteria Principal,State Highway Agency,1,Sin jurisdiccion especial,137,35.5959,-85.19648889,Vehiculo en movimiento,Angulo,Four-Way Intersection,Interseccion de 4 direcciones,Sobre calle,Ninguna,Dia total,Despejado,No,NO APLICA,99,99,99,99,1,22/09/2022,4
47,Tennessee,470899,0,0,2,0,157,SHELBY (157),1620,MEMPHIS,9,Septiembre,29,2022,3,19,SR-14 AUSTIN PEAY HWY,3,Highway estatal,Urbano,Arteria Principal,State Highway Agency,1,Sin jurisdiccion especial,227,35.22760833,-89.90275556,Vehiculo en movimiento,Angulo,T-Intersection,Interseccion de T,Sobre calle,Ninguna,Oscuro con iluminacion,Despejado,No,NO APLICA,99,99,99,99,1,29/09/2022,2
47,Tennessee,470900,0,0,2,0,171,UNICOI (171),2477,UNICOI,7,Julio,5,2022,11,38,SR-107,3,Highway estatal,Urbano,Colector Mayor,State Highway Agency,0,Sin jurisdiccion especial,56,36.19471111,-82.3442,Vehiculo en movimiento,Frente a frente,Not an Intersection,No fue interseccion,Sobre calle,Ninguna,Dia total,Despejado,No,NO APLICA,99,99,99,99,1,05/07/2022,2
47,Tennessee,470901,1,1,1,0,157,SHELBY (157),1620,MEMPHIS,9,Septiembre,29,2022,6,32,SR-204 NEW COVINGTON PK,3,Highway estatal,Urbano,Arteria Principal,State Highway Agency,1,Sin jurisdiccion especial,49,35.14805,-90.05084444,Peaton,El primer evento no fue una colision con un vehiculo automotor en transporte,Not an Intersection,No fue interseccion,Sobre calle,Ninguna,Oscuro con iluminacion,Despejado,No,NO APLICA,99,99,99,99,1,29/09/2022,1
47,Tennessee,470903,0,0,2,0,11,BRADLEY (11),420,CLEVELAND,9,Septiembre,29,2022,16,24,SR-60,3,Highway estatal,Urbano,Arteria Principal,State Highway Agency,1,Sin jurisdiccion especial,185,35.21589167,-84.88216111,Banqueta,El primer evento no fue una colision con un vehiculo automotor en transporte,Not an Intersection,No fue interseccion,Sobre el lado de la calle,Construccion,Dia total,Despejado,No,NO APLICA,99,99,99,99,1,29/09/2022,2