Estado,Nombre de Estado,Numero de Caso,Peatones,Personas _no_vehiculos,Vehiculos automotores,Vehiculos estacionados,Condado,Nombre Condado,Ciudad,Nombre Ciudad,Mes,Nombre Mes,Dia,Año,Hora,Minuto,Calle,Ruta,Nombre Ruta,Rural o Urbanoo,Sistema Funcional,Dueño Calle,Sistema Nacional Carreteras,Jurisdiccion Especial,Milla,Latitud,Longitud,Causa del Accidente,Tipo de Accidente,Tipo Interseccion,Columna1,Lugar en la calle,Zona de Trabajo,Luz,Clima,Autobus Escolar,Cruce de Trenes,Hora Notificacion,Minuto Notificacion,Hora Llegada,Minuto Llegada,Decesos,Fecha,PersonaVehiculo
47,Tennessee,470904,0,0,1,0,167,TIPTON (167),0,NO APLICA,9,Septiembre,9,2022,22,40,CR-FAYNE RD,4,Calle del Condado,Urbano,Local,County Highway Agency,0,Sin jurisdiccion especial,5,35.46311111,-89.70198889,Acotamiento,El primer evento no fue una colision con un vehiculo automotor en transporte,Not an Intersection,No fue interseccion,Sobre el lado de la calle,Ninguna,Oscuro sin iluminacion,Despejado,No,NO APLICA,99,99,99,99,1,09/09/2022,1
47,Tennessee,470905,0,0,2,0,9,BLOUNT (9),1464,LOUISVILLE,9,Septiembre,16,2022,21,39,SR-333 TOPSIDE RD,3,Highway estatal,Urbano,Arteria Menor,State Highway Agency,0,Sin jurisdiccion especial,103,35.830925,-84.01685,Vehiculo en movimiento,Frente a Detrás,Not an Intersection,No fue interseccion,Sobre calle,Ninguna,Oscuro sin iluminacion,Despejado,No,NO APLICA,99,99,99,99,1,16/09/2022,4
47,Tennessee,470906,1,1,2,0,189,WILSON (189),1360,LEBANON,9,Septiembre,23,2022,3,14,I-40,1,Interestatal,Urbano,Interestatal,State Highway Agency,1,Sin jurisdiccion especial,165,36.18658056,-86.27583056,Ciclista,El primer evento no fue una colision con un vehiculo automotor en transporte,Not an Intersection,No fue interseccion,Sobre calle,Ninguna,Oscuro sin iluminacion,Despejado,No,NO APLICA,99,99,99,99,1,23/09/2022,2
47,Tennessee,470907,0,0,1,0,99,LAWRENCE (99),0,NO APLICA,9,Septiembre,25,2022,15,55,CR-RAILROAD BED PK,4,Calle del Condado,Rural,Colector Menor,County Highway Agency,0,Sin jurisdiccion especial,30,35.43523889,-87.3977,Acotamiento,El primer evento no fue una colision con un vehiculo automotor en transporte,Not an Intersection,No fue interseccion,Sobre el lado de la calle,Ninguna,Dia total,Despejado,No,NO APLICA,99,99,99,99,1,25/09/2022,1
47,Tennessee,470908,0,0,2,0,187,WILLIAMSON (187),0,NO APLICA,9,Septiembre,25,2022,16,7,US-31A SR-11 O C FLOYD RD HORT,2,US Highway,Rural,Arteria Menor,State Highway Agency,0,Sin jurisdiccion especial,4,35.71325,-86.69778889,Vehiculo en movimiento,Angulo,Four-Way Intersection,Interseccion de 4 direcciones,Sobre calle,Ninguna,Dia total,Despejado,No,NO APLICA,99,99,99,99,1,25/09/2022,2
47,Tennessee,470909,0,0,1,0,139,POLK (139),0,NO APLICA,9,Septiembre,26,2022,23,6,SR-68,3,Highway estatal,Rural,Arteria Menor,State Highway Agency,0,Sin jurisdiccion especial,4,35.20208056,-84.34335,Arbol,El primer evento no fue una colision con un vehiculo automotor en transporte,Not an Intersection,No fue interseccion,Sobre el lado de la calle,Ninguna,Oscuro sin iluminacion,Despejado,No,NO APLICA,99,99,99,99,1,26/09/2022,2
47,Tennessee,470910,0,0,1,0,143,RHEA (143),0,NO APLICA,9,Septiembre,29,2022,16,22,CR-BACK VALLEY RD,4,Calle del Condado,Rural,Colector Menor,County Highway Agency,0,Sin jurisdiccion especial,60,35.55963056,-84.97463056,Arbol,El primer evento no fue una colision con un vehiculo automotor en transporte,Not an Intersection,No fue interseccion,Sobre el lado de la calle,Ninguna,Dia total,Despejado,No,NO APLICA,99,99,99,99,1,29/09/2022,1
47,Tennessee,470911,1,1,1,0,157,SHELBY (157),1620,MEMPHIS,9,Septiembre,30,2022,5,44,AIRWAYS BLVD,6,Calle Local Municipalidad,Urbano,Arteria Principal,City or Municipal Highway Agency,0,Sin jurisdiccion especial,31,35.09641111,-89.9873,Peaton,El primer evento no fue una colision con un vehiculo automotor en transporte,Not an Intersection,No fue interseccion,Sobre calle,Ninguna,Oscuro con iluminacion,Despejado,No,NO APLICA,99,99,99,99,1,30/09/2022,1
47,Tennessee,470912,1,1,1,0,163,SULLIVAN (163),290,BRISTOL,9,Septiembre,30,2022,9,18,US-11E/19 SR-34 BRISTOL HWY,2,US Highway,Rural,Arteria Principal,State Highway Agency,1,Sin jurisdiccion especial,95,36.51390556,-82.26173333,Peaton,El primer evento no fue una colision con un vehiculo automotor en transporte,Not an Intersection,No fue interseccion,Sobre calle,Ninguna,Dia total,Despejado,No,NO APLICA,99,99,99,99,1,30/09/2022,1
47,Tennessee,470913,0,0,2,0,187,WILLIAMSON (187),0,NO APLICA,9,Septiembre,30,2022,9,40,US-431 SR-106 HILLSBORO RD,2,US Highway,Urbano,Arteria Principal,State Highway Agency,1,Sin jurisdiccion especial,187,35.97948056,-86.88856944,Vehiculo en movimiento,Angulo,Four-Way Intersection,Interseccion de 4 direcciones,Sobre calle,Ninguna,Dia total,Despejado,No,NO APLICA,99,99,99,99,1,30/09/2022,2
47,Tennessee,470914,1,1,1,0,157,SHELBY (157),1620,MEMPHIS,9,Septiembre,30,2022,12,44,I-55,1,Interestatal,Urbano,Interestatal,State Highway Agency,1,Sin jurisdiccion especial,57,35.07221111,-90.02568889,Peaton,El primer evento no fue una colision con un vehiculo automotor en transporte,Not an Intersection,No fue interseccion,Sobre calle,Ninguna,Dia total,Despejado,No,NO APLICA,99,99,99,99,1,30/09/2022,2
47,Tennessee,470915,0,0,2,0,157,SHELBY (157),1620,MEMPHIS,10,Octubre,1,2022,13,31,SR-14 AUSTIN PEAY HWY,3,Highway estatal,Urbano,Arteria Principal,State Highway Agency,1,Sin jurisdiccion especial,223,35.23238889,-89.89448056,Vehiculo en movimiento,Angulo,Not an Intersection,No fue interseccion,Sobre calle,Ninguna,Dia total,Despejado,No,NO APLICA,99,99,99,99,1,01/10/2022,4
47,Tennessee,470916,1,1,1,0,157,SHELBY (157),1620,MEMPHIS,10,Octubre,1,2022,18,56,I-0240,1,Interestatal,Urbano,Interestatal,State Highway Agency,1,Sin jurisdiccion especial,176,35.13094167,-89.86756944,Peaton,El primer evento no fue una colision con un vehiculo automotor en transporte,Not an Intersection,No fue interseccion,Sobre calle,Ninguna,Oscuro con iluminacion,Despejado,No,NO APLICA,99,99,99,99,1,01/10/2022,1
47,Tennessee,470917,0,0,3,0,157,SHELBY (157),1620,MEMPHIS,10,Octubre,2,2022,0,14,SR-175 SHELBY DR,3,Highway estatal,Urbano,Arteria Menor,State Highway Agency,0,Sin jurisdiccion especial,12,35.02068333,-90.08771944,Vehiculo en movimiento,Angulo,Four-Way Intersection,Interseccion de 4 direcciones,Sobre calle,Ninguna,Oscuro con iluminacion,Despejado,No,NO APLICA,99,99,99,99,1,02/10/2022,5
47,Tennessee,470918,0,0,3,0,1,ANDERSON (1),440,CLINTON,9,Septiembre,29,2022,11,52,SR-61 S CHARLES G SEIVERS BLVD,3,Highway estatal,Urbano,Arteria Principal,State Highway Agency,1,Sin jurisdiccion especial,128,36.07915,-84.16221111,Vehiculo en movimiento,Angulo,Not an Intersection,No fue interseccion,Sobre calle,Ninguna,Dia total,Despejado,No,NO APLICA,99,99,99,99,1,29/09/2022,4
47,Tennessee,470919,0,0,1,0,71,HARDIN (71),0,NO APLICA,9,Septiembre,28,2022,9,38,SR-69,3,Highway estatal,Rural,Arteria Menor,State Highway Agency,0,Sin jurisdiccion especial,62,35.38085,-88.25453056,Arbol,El primer evento no fue una colision con un vehiculo automotor en transporte,Not an Intersection,No fue interseccion,Sobre el lado de la calle,Ninguna,Dia total,Despejado,No,NO APLICA,99,99,99,99,1,28/09/2022,1
47,Tennessee,470920,0,0,1,0,31,COFFEE (31),0,NO APLICA,9,Septiembre,30,2022,10,50,CR-PANHANDLE RD,4,Calle del Condado,Rural,Local,County Highway Agency,0,Sin jurisdiccion especial,30,35.56316111,-86.20883056,Acotamiento,El primer evento no fue una colision con un vehiculo automotor en transporte,Not an Intersection,No fue interseccion,Sobre el lado de la calle,Ninguna,Dia total,Despejado,No,NO APLICA,99,99,99,99,1,30/09/2022,1
47,Tennessee,470921,0,0,3,0,31,COFFEE (31),0,NO APLICA,10,Octubre,1,2022,18,11,I-24,1,Interestatal,Urbano,Interestatal,State Highway Agency,1,Sin jurisdiccion especial,190,35.43256944,-86.03133889,Vehiculo en movimiento,Golpe Lateral - misma direccion,Not an Intersection,No fue interseccion,Sobre calle,Ninguna,Atardecer,Despejado,No,NO APLICA,99,99,99,99,1,01/10/2022,3
47,Tennessee,470922,0,0,1,0,141,PUTNAM (141),480,COOKEVILLE,9,Septiembre,5,2022,16,47,CR-VERBLE SHERRELL RD,4,Calle del Condado,Rural,Local,County Highway Agency,0,Sin jurisdiccion especial,4,36.09706944,-85.55613889,Volcadura,El primer evento no fue una colision con un vehiculo automotor en transporte,Not an Intersection,No fue interseccion,Sobre calle,Ninguna,Dia total,Nublado,No,NO APLICA,99,99,99,99,1,05/09/2022,1
47,Tennessee,470923,0,0,2,0,155,SEVIER (155),0,NO APLICA,9,Septiembre,26,2022,16,20,US-411 SR-35 NEWPORT HWY,2,US Highway,Rural,Arteria Menor,State Highway Agency,0,Sin jurisdiccion especial,229,35.90101111,-83.4244,Vehiculo en movimiento,Frente a frente,Not an Intersection,No fue interseccion,Sobre Acotamiento,Ninguna,Dia total,Despejado,No,NO APLICA,99,99,99,99,1,26/09/2022,3
47,Tennessee,470924,0,0,1,0,119,MAURY (119),0,NO APLICA,9,Septiembre,28,2022,3,16,CR-MOORESVILLE PK,4,Calle del Condado,Rural,Colector Mayor,County Highway Agency,0,Sin jurisdiccion especial,81,35.58053056,-87.02266111,Valla Ferrocarril,El primer evento no fue una colision con un vehiculo automotor en transporte,Not an Intersection,No fue interseccion,Sobre el lado de la calle,Ninguna,Oscuro sin iluminacion,Despejado,No,NO APLICA,99,99,99,99,1,28/09/2022,1
47,Tennessee,470925,0,0,2,0,133,OVERTON (133),0,NO APLICA,10,Octubre,1,2022,21,15,SR-111 COOKEVILLE HWY,3,Highway estatal,Rural,Arteria Principal,State Highway Agency,1,Sin jurisdiccion especial,8,36.24243889,-85.39698056,Vehiculo en movimiento,Angulo,Four-Way Intersection,Interseccion de 4 direcciones,Sobre calle,Ninguna,Oscuro sin iluminacion,Despejado,No,NO APLICA,99,99,99,99,1,01/10/2022,6
47,Tennessee,470926,0,0,2,0,157,SHELBY (157),1620,MEMPHIS,10,Octubre,3,2022,21,13,NORRIS RD,6,Calle Local Municipalidad,Urbano,Arteria Menor,City or Municipal Highway Agency,0,Sin jurisdiccion especial,25,35.08333611,-90.02606944,Vehiculo en movimiento,Angulo,Four-Way Intersection,Interseccion de 4 direcciones,Sobre calle,Ninguna,Oscuro con iluminacion,Despejado,No,NO APLICA,99,99,99,99,2,03/10/2022,3
47,Tennessee,470927,0,0,1,0,97,LAUDERDALE (97),0,NO APLICA,10,Octubre,2,2022,0,28,CR-CRUTCHER LAKE RD,4,Calle del Condado,Rural,Local,County Highway Agency,0,Sin jurisdiccion especial,50,35.6806,-89.86533056,Arbol,El primer evento no fue una colision con un vehiculo automotor en transporte,Not an Intersection,No fue interseccion,Sobre el lado de la calle,Ninguna,Oscuro sin iluminacion,No reportado,No,NO APLICA,99,99,99,99,1,02/10/2022,3
47,Tennessee,470928,0,0,2,0,153,SEQUATCHIE (153),690,DUNLAP,9,Septiembre,29,2022,22,16,SR-28,3,Highway estatal,Rural,Arteria Principal,State Highway Agency,1,Sin jurisdiccion especial,56,35.33833056,-85.41408056,Vehiculo en movimiento,Angulo,Four-Way Intersection,Interseccion de 4 direcciones,Sobre calle,Ninguna,Oscuro sin iluminacion,Despejado,No,NO APLICA,99,99,99,99,2,29/09/2022,3
47,Tennessee,470929,0,0,2,0,125,MONTGOMERY (125),410,CLARKSVILLE,10,Octubre,5,2022,15,32,SR-236 TINY TOWN RD,3,Highway estatal,Urbano,Arteria Menor,State Highway Agency,0,Sin jurisdiccion especial,33,36.62882222,-87.37571667,Vehiculo en movimiento,Frente a frente,Not an Intersection,No fue interseccion,Sobre calle,Ninguna,Dia total,Despejado,No,NO APLICA,99,99,99,99,1,05/10/2022,4
47,Tennessee,470930,0,0,1,0,125,MONTGOMERY (125),0,NO APLICA,10,Octubre,2,2022,12,8,CR-BUDDS CREEK RD,4,Calle del Condado,Rural,Colector Menor,County Highway Agency,0,Sin jurisdiccion especial,52,36.40095,-87.44121111,Zanja,El primer evento no fue una colision con un vehiculo automotor en transporte,Not an Intersection,No fue interseccion,Sobre el lado de la calle,Ninguna,Dia total,Despejado,No,NO APLICA,99,99,99,99,1,02/10/2022,1
47,Tennessee,470931,0,0,2,0,145,ROANE (145),1060,HARRIMAN,10,Octubre,7,2022,0,12,I-40,1,Interestatal,Urbano,Interestatal,State Highway Agency,1,Sin jurisdiccion especial,113,35.88901944,-84.52348889,Vehiculo en movimiento,Frente a frente,Not an Intersection,No fue interseccion,Sobre calle,Ninguna,Oscuro sin iluminacion,Despejado,No,NO APLICA,99,99,99,99,1,07/10/2022,2
47,Tennessee,470932,1,1,1,0,93,KNOX (93),1300,KNOXVILLE,9,Septiembre,30,2022,23,14,US-11/70 SR-1 E MAGNOLIA AVE,2,US Highway,Urbano,Arteria Principal,State Highway Agency,1,Sin jurisdiccion especial,225,35.98321111,-83.89841111,Ciclista,El primer evento no fue una colision con un vehiculo automotor en transporte,Not an Intersection,No fue interseccion,Sobre calle,Ninguna,Oscuro con iluminacion,Despejado,No,NO APLICA,99,99,99,99,1,30/09/2022,1
47,Tennessee,470933,0,0,1,0,169,TROUSDALE (169),1070,HARTSVILLE,10,Octubre,5,2022,14,30,E MAIN ST,6,Calle Local Municipalidad,Rural,Local,City or Municipal Highway Agency,0,Sin jurisdiccion especial,5,36.39043056,-86.15721111,Buzon de correo,El primer evento no fue una colision con un vehiculo automotor en transporte,Not an Intersection,No fue interseccion,Sobre el lado de la calle,Ninguna,Dia total,Despejado,No,NO APLICA,99,99,99,99,1,05/10/2022,1
47,Tennessee,470934,0,0,1,0,99,LAWRENCE (99),0,NO APLICA,10,Octubre,6,2022,15,35,SR-227 LEXINGTON HWY,3,Highway estatal,Rural,Colector Mayor,State Highway Agency,0,Sin jurisdiccion especial,141,35.00363889,-87.35913889,Barda,El primer evento no fue una colision con un vehiculo automotor en transporte,Not an Intersection,No fue interseccion,Sobre el lado de la calle,Ninguna,Dia total,Despejado,No,NO APLICA,99,99,99,99,1,06/10/2022,1
47,Tennessee,470935,0,0,3,0,117,MARSHALL (117),1380,LEWISBURG,10,Octubre,7,2022,16,22,US-31A SR-11 NASHVILLE HWY,2,US Highway,Urbano,Arteria Principal,State Highway Agency,0,Sin jurisdiccion especial,135,35.46928889,-86.77043889,Vehiculo en movimiento,Angulo,Not an Intersection,No fue interseccion,Sobre calle,Ninguna,Dia total,Despejado,No,NO APLICA,99,99,99,99,1,07/10/2022,3
47,Tennessee,470936,0,0,3,0,29,COCKE (29),0,NO APLICA,10,Octubre,8,2022,15,46,US-25E SR-32,2,US Highway,Rural,Arteria Principal,State Highway Agency,1,Sin jurisdiccion especial,299,36.02903889,-83.24643889,Vehiculo en movimiento,Frente a Detrás,T-Intersection,Interseccion de T,Sobre calle,Ninguna,Dia total,Despejado,No,NO APLICA,99,99,99,99,1,08/10/2022,5
47,Tennessee,470937,1,1,1,0,37,DAVIDSON (37),1760,NASHVILLE,9,Septiembre,26,2022,23,24,MAIN ST,6,Calle Local Municipalidad,Urbano,Arteria Menor,City or Municipal Highway Agency,0,Sin jurisdiccion especial,3,36.17496111,-86.75985,Peaton,El primer evento no fue una colision con un vehiculo automotor en transporte,Not an Intersection,No fue interseccion,Sobre calle,Ninguna,Oscuro con iluminacion,Despejado,No,NO APLICA,99,99,99,99,1,26/09/2022,2
47,Tennessee,470938,0,0,2,0,69,HARDEMAN (69),0,NO APLICA,10,Octubre,5,2022,18,16,SR-18,3,Highway estatal,Rural,Arteria Menor,State Highway Agency,0,Sin jurisdiccion especial,30,35.10188889,-89.16551111,Vehiculo en movimiento,Golpe Lateral - direccion contraria,Not an Intersection,No fue interseccion,Sobre calle,Ninguna,Oscuro sin iluminacion,Despejado,No,NO APLICA,99,99,99,99,1,05/10/2022,2
47,Tennessee,470939,1,1,1,0,113,MADISON (113),1200,JACKSON,10,Octubre,6,2022,19,15,OLD HICKORY BLVD,6,Calle Local Municipalidad,Urbano,Arteria Menor,City or Municipal Highway Agency,0,Sin jurisdiccion especial,8,35.65655,-88.85373889,Peaton,El primer evento no fue una colision con un vehiculo automotor en transporte,Not an Intersection,No fue interseccion,Sobre calle,Ninguna,Oscuro con iluminacion,Despejado,No,NO APLICA,99,99,99,99,1,06/10/2022,1
47,Tennessee,470940,0,0,1,0,33,CROCKETT (33),0,NO APLICA,10,Octubre,8,2022,99,99,CR-ANTIOCH RD,4,Calle del Condado,Rural,Local,County Highway Agency,0,Sin jurisdiccion especial,13,35.85618889,-89.2601,Zanja,El primer evento no fue una colision con un vehiculo automotor en transporte,Not an Intersection,No fue interseccion,Sobre el lado de la calle,Ninguna,Oscuro sin iluminacion,Despejado,No,NO APLICA,99,99,99,99,1,08/10/2022,1
47,Tennessee,470941,0,0,1,0,13,CAMPBELL (13),350,CARYVILLE,10,Octubre,8,2022,17,16,CR-OLD HIGHWAY 63,4,Calle del Condado,Rural,Colector Menor,County Highway Agency,0,Sin jurisdiccion especial,23,36.32033889,-84.24226944,Otro objeto (fijo),El primer evento no fue una colision con un vehiculo automotor en transporte,Not an Intersection,No fue interseccion,Sobre el lado de la calle,Ninguna,Dia total,Despejado,No,NO APLICA,99,99,99,99,2,08/10/2022,2
47,Tennessee,470942,0,0,1,0,105,LOUDON (105),0,NO APLICA,10,Octubre,8,2022,19,24,SR-444 TELLICO PKWY,3,Highway estatal,Urbano,Arteria Menor,State Highway Agency,0,Sin jurisdiccion especial,13,35.6739,-84.2723,Arbol,El primer evento no fue una colision con un vehiculo automotor en transporte,Not an Intersection,No fue interseccion,Sobre el lado de la calle,Ninguna,Oscuro sin iluminacion,Despejado,No,NO APLICA,99,99,99,99,1,08/10/2022,1
47,Tennessee,470943,0,0,2,0,179,WASHINGTON (179),1250,JOHNSON CITY,10,Octubre,7,2022,15,43,SR-91 E MAIN ST,3,Highway estatal,Urbano,Arteria Menor,State Highway Agency,0,Sin jurisdiccion especial,31,36.32604722,-82.31658056,Vehiculo en movimiento,Frente a frente,Not an Intersection,No fue interseccion,Sobre calle,Ninguna,Dia total,Despejado,No,NO APLICA,99,99,99,99,1,07/10/2022,2
47,Tennessee,470944,1,1,1,0,37,DAVIDSON (37),1760,NASHVILLE,10,Octubre,8,2022,1,26,WALLACE RD,6,Calle Local Municipalidad,Urbano,Colector Mayor,City or Municipal Highway Agency,0,Sin jurisdiccion especial,49,36.07753889,-86.72478889,Peaton,El primer evento no fue una colision con un vehiculo automotor en transporte,Not an Intersection,No fue interseccion,Sobre calle,Ninguna,Oscuro con iluminacion,Despejado,No,NO APLICA,99,99,99,99,1,08/10/2022,2
47,Tennessee,470945,0,0,1,0,49,FENTRESS (49),0,NO APLICA,10,Octubre,8,2022,22,31,US-127 SR-28 S YORK HWY,2,US Highway,Rural,Arteria Principal,State Highway Agency,1,Sin jurisdiccion especial,182,36.41086111,-84.92316944,Arbol,El primer evento no fue una colision con un vehiculo automotor en transporte,Not an Intersection,No fue interseccion,Sobre el lado de la calle,Ninguna,Oscuro sin iluminacion,Despejado,No,NO APLICA,99,99,99,99,1,08/10/2022,1
47,Tennessee,470946,0,0,2,0,45,DYER (45),0,NO APLICA,10,Octubre,10,2022,14,7,SR-78 LAKE RD,3,Highway estatal,Rural,Arteria Menor,State Highway Agency,0,Sin jurisdiccion especial,123,36.19628056,-89.45601944,Vehiculo en movimiento,Frente a frente,Not an Intersection,No fue interseccion,Sobre calle,Ninguna,Dia total,Despejado,No,NO APLICA,99,99,99,99,1,10/10/2022,2
47,Tennessee,470947,0,0,1,0,113,MADISON (113),0,NO APLICA,10,Octubre,6,2022,20,57,CR-ROCHELLE RD,4,Calle del Condado,Rural,Local,County Highway Agency,0,Sin jurisdiccion especial,36,35.48761944,-88.87511111,Arbol,El primer evento no fue una colision con un vehiculo automotor en transporte,Not an Intersection,No fue interseccion,Sobre el lado de la calle,Ninguna,Oscuro sin iluminacion,Despejado,No,NO APLICA,99,99,99,99,1,06/10/2022,1
47,Tennessee,470948,0,0,2,0,115,MARION (115),0,NO APLICA,10,Octubre,11,2022,15,7,I-24 US-64,1,Interestatal,Rural,Interestatal,State Highway Agency,1,Sin jurisdiccion especial,124,35.09633056,-85.73693056,Vehiculo en movimiento,Frente a Detrás,Not an Intersection,No fue interseccion,Sobre Acotamiento,Ninguna,Dia total,Reportado como desconocido,No,NO APLICA,99,99,99,99,1,11/10/2022,2
47,Tennessee,470949,1,1,1,0,157,SHELBY (157),1620,MEMPHIS,7,Julio,5,2022,21,38,S PERKINS RD,6,Calle Local Municipalidad,Urbano,Arteria Principal,City or Municipal Highway Agency,1,Sin jurisdiccion especial,24,35.06870278,-89.90550278,Peaton,El primer evento no fue una colision con un vehiculo automotor en transporte,Not an Intersection,No fue interseccion,Sobre calle,Ninguna,Oscuro con iluminacion,Despejado,No,NO APLICA,99,99,99,99,1,05/07/2022,1
47,Tennessee,470950,0,0,1,0,95,LAKE (95),0,NO APLICA,8,Agosto,19,2022,23,45,CR-CATES LANDING RD,4,Calle del Condado,Rural,Colector Menor,County Highway Agency,0,Sin jurisdiccion especial,21,36.4438,-89.44146111,Acotamiento,El primer evento no fue una colision con un vehiculo automotor en transporte,Not an Intersection,No fue interseccion,Sobre el lado de la calle,Ninguna,Oscuro sin iluminacion,Despejado,No,NO APLICA,99,99,99,99,1,19/08/2022,2
47,Tennessee,470951,0,0,2,0,165,SUMNER (165),2565,WHITE HOUSE,8,Agosto,26,2022,13,25,POPLAR RIDGE RD,6,Calle Local Municipalidad,Urbano,Local,City or Municipal Highway Agency,0,Sin jurisdiccion especial,0,36.42678889,-86.69191667,Vehiculo en movimiento,Angulo,Not an Intersection,No fue interseccion,Sobre calle,Ninguna,Dia total,Despejado,No,NO APLICA,99,99,99,99,1,26/08/2022,2
47,Tennessee,470952,0,0,1,0,103,LINCOLN (103),840,FAYETTEVILLE,10,Octubre,5,2022,13,8,US-64 SR-15 WILSON PKWY,2,US Highway,Urbano,Arteria Principal,State Highway Agency,1,Sin jurisdiccion especial,161,35.1444,-86.58733889,Banqueta,El primer evento no fue una colision con un vehiculo automotor en transporte,Not an Intersection,No fue interseccion,Sobre el lado de la calle,Ninguna,Dia total,Despejado,No,NO APLICA,99,99,99,99,1,05/10/2022,1
47,Tennessee,470953,0,0,1,0,1,ANDERSON (1),0,NO APLICA,10,Octubre,7,2022,21,10,CR-OLD EDGEMOOR RD,4,Calle del Condado,Urbano,Local,County Highway Agency,0,Sin jurisdiccion especial,1,36.03660833,-84.11931111,Poste o otros soportes,El primer evento no fue una colision con un vehiculo automotor en transporte,Not an Intersection,No fue interseccion,Sobre el lado de la calle,Ninguna,Oscuro sin iluminacion,Despejado,No,NO APLICA,99,99,99,99,1,07/10/2022,1
47,Tennessee,470954,0,0,1,0,65,HAMILTON (65),400,CHATTANOOGA,9,Septiembre,12,2022,17,0,I-24 RAMP,1,Interestatal,Urbano,Arteria Principal,State Highway Agency,1,Sin jurisdiccion especial,56,35.01721944,-85.29391389,Barrera de Trafico de Concreto,El primer evento no fue una colision con un vehiculo automotor en transporte,Not an Intersection,No fue interseccion,Sobre el lado de la calle,Ninguna,Dia total,Despejado,No,NO APLICA,99,99,99,99,1,12/09/2022,1
47,Tennessee,470955,0,0,2,0,157,SHELBY (157),1620,MEMPHIS,10,Octubre,11,2022,6,41,US-61 SR-14 S THIRD ST,2,US Highway,Urbano,Arteria Principal,State Highway Agency,1,Sin jurisdiccion especial,21,35.01215278,-90.09650278,Vehiculo en movimiento,Frente a Detrás,Not an Intersection,No fue interseccion,Sobre calle,Ninguna,Dia total,Despejado,No,NO APLICA,99,99,99,99,1,11/10/2022,3
47,Tennessee,470956,0,0,1,0,131,OBION (131),0,NO APLICA,10,Octubre,12,2022,16,10,SR-214 KEN-TENN HWY,3,Highway estatal,Urbano,Colector Mayor,State Highway Agency,0,Sin jurisdiccion especial,20,36.44913889,-88.99318056,Arbol,El primer evento no fue una colision con un vehiculo automotor en transporte,Not an Intersection,No fue interseccion,Sobre el lado de la calle,Ninguna,Dia total,Nublado,No,NO APLICA,99,99,99,99,1,12/10/2022,1
47,Tennessee,470957,1,1,1,0,11,BRADLEY (11),420,CLEVELAND,10,Octubre,5,2022,1,40,US-64 SR-40 INMAN ST SE,2,US Highway,Urbano,Arteria Menor,State Highway Agency,0,Sin jurisdiccion especial,1,35.15027778,-84.85021111,Peaton,El primer evento no fue una colision con un vehiculo automotor en transporte,Not an Intersection,No fue interseccion,Sobre calle,Ninguna,Oscuro sin iluminacion,Despejado,No,NO APLICA,99,99,99,99,1,05/10/2022,1
47,Tennessee,470958,0,0,1,0,113,MADISON (113),1200,JACKSON,10,Octubre,13,2022,21,16,US-412 SR-20 NORTH PKWY,2,US Highway,Urbano,Arteria Principal,State Highway Agency,1,Sin jurisdiccion especial,108,35.65006944,-88.82671944,Arbol,El primer evento no fue una colision con un vehiculo automotor en transporte,T-Intersection,Interseccion de T,Fuera de la calle,Ninguna,Oscuro con iluminacion,Despejado,No,NO APLICA,99,99,99,99,1,13/10/2022,3
47,Tennessee,470959,0,0,2,0,147,ROBERTSON (147),499,Coopertown,10,Octubre,3,2022,15,31,US-431 SR-65 TOM AUSTIN MEMORI,2,US Highway,Urbano,Arteria Principal,State Highway Agency,1,Sin jurisdiccion especial,49,36.45908889,-86.89661111,Vehiculo en movimiento,Angulo,T-Intersection,Interseccion de T,Sobre calle,Ninguna,Dia total,Despejado,No,NO APLICA,99,99,99,99,1,03/10/2022,2
47,Tennessee,470960,0,0,1,0,11,BRADLEY (11),420,CLEVELAND,10,Octubre,12,2022,23,25,I-75,1,Interestatal,Urbano,Interestatal,State Highway Agency,1,Sin jurisdiccion especial,116,35.21806111,-84.86261111,Volcadura,El primer evento no fue una colision con un vehiculo automotor en transporte,Not an Intersection,No fue interseccion,En el medio,Ninguna,Oscuro sin iluminacion,lluvia,No,NO APLICA,99,99,99,99,1,12/10/2022,1
47,Tennessee,470961,0,0,2,0,59,GREENE (59),1010,GREENEVILLE,6,Junio,15,2022,13,41,US-11EBR SR-107 TUSCULUM BLVD,2,US Highway,Urbano,Arteria Principal,State Highway Agency,1,Sin jurisdiccion especial,100,36.17281944,-82.794625,Vehiculo en movimiento,Angulo,Not an Intersection,No fue interseccion,Sobre calle,Ninguna,Dia total,Despejado,No,NO APLICA,99,99,99,99,1,15/06/2022,3
47,Tennessee,470962,0,0,1,0,167,TIPTON (167),520,COVINGTON,6,Junio,17,2022,23,27,N COLLEGE ST,6,Calle Local Municipalidad,Urbano,Local,City or Municipal Highway Agency,0,Sin jurisdiccion especial,3,35.56988056,-89.64838056,Poste de Señal de trafico,El primer evento no fue una colision con un vehiculo automotor en transporte,Four-Way Intersection,Interseccion de 4 direcciones,Sobre el lado de la calle,Ninguna,Oscuro con iluminacion,Despejado,No,NO APLICA,99,99,99,99,1,17/06/2022,1
47,Tennessee,470963,1,1,1,0,157,SHELBY (157),1620,MEMPHIS,8,Agosto,31,2022,19,30,SR-14 JACKSON AVE,3,Highway estatal,Urbano,Arteria Principal,State Highway Agency,1,Sin jurisdiccion especial,186,35.17786667,-89.93731944,Peaton,El primer evento no fue una colision con un vehiculo automotor en transporte,T-Intersection,Interseccion de T,Sobre calle,Ninguna,Atardecer,Despejado,No,NO APLICA,99,99,99,99,1,31/08/2022,1