Estado,Nombre de Estado,Numero de Caso,Peatones,Personas _no_vehiculos,Vehiculos automotores,Vehiculos estacionados,Condado,Nombre Condado,Ciudad,Nombre Ciudad,Mes,Nombre Mes,Dia,Año,Hora,Minuto,Calle,Ruta,Nombre Ruta,Rural o Urbanoo,Sistema Funcional,Dueño Calle,Sistema Nacional Carreteras,Jurisdiccion Especial,Milla,Latitud,Longitud,Causa del Accidente,Tipo de Accidente,Tipo Interseccion,Columna1,Lugar en la calle,Zona de Trabajo,Luz,Clima,Autobus Escolar,Cruce de Trenes,Hora Notificacion,Minuto Notificacion,Hora Llegada,Minuto Llegada,Decesos,Fecha,PersonaVehiculo
47,Tennessee,470965,0,0,2,0,189,WILSON (189),1360,LEBANON,9,Septiembre,30,2022,18,32,US-70 SR-24 LEBANON RD/W MAIN,2,US Highway,Urbano,Arteria Principal,State Highway Agency,1,Sin jurisdiccion especial,131,36.2265,-86.35843056,Vehiculo en movimiento,Frente a frente,Not an Intersection,No fue interseccion,Sobre calle,Ninguna,Atardecer,Despejado,No,NO APLICA,99,99,99,99,1,30/09/2022,3
47,Tennessee,470966,0,0,3,0,11,BRADLEY (11),420,CLEVELAND,10,Octubre,13,2022,17,4,STUART RD NE,6,Calle Local Municipalidad,Urbano,Arteria Menor,City or Municipal Highway Agency,0,Sin jurisdiccion especial,12,35.19963611,-84.84226111,Vehiculo en movimiento,Angulo,T-Intersection,Interseccion de T,Sobre calle,Ninguna,Dia total,Despejado,No,NO APLICA,99,99,99,99,1,13/10/2022,4
47,Tennessee,470967,0,0,2,0,157,SHELBY (157),1620,MEMPHIS,10,Octubre,14,2022,17,23,HORN LAKE RD,6,Calle Local Municipalidad,Urbano,Arteria Menor,City or Municipal Highway Agency,0,Sin jurisdiccion especial,20,35.01931667,-90.06823889,Vehiculo en movimiento,Angulo,T-Intersection,Interseccion de T,Sobre calle,Ninguna,Atardecer,Despejado,No,NO APLICA,99,99,99,99,1,14/10/2022,3
47,Tennessee,470968,0,0,4,0,157,SHELBY (157),1620,MEMPHIS,10,Octubre,14,2022,17,38,AIRWAYS BLVD,6,Calle Local Municipalidad,Urbano,Arteria Principal,City or Municipal Highway Agency,1,Sin jurisdiccion especial,17,35.07616944,-89.98553889,Vehiculo en movimiento,Frente a frente,Not an Intersection,No fue interseccion,Sobre calle,Ninguna,Dia total,Despejado,No,NO APLICA,99,99,99,99,1,14/10/2022,5
47,Tennessee,470969,0,0,1,0,47,FAYETTE (47),0,NO APLICA,10,Octubre,12,2022,14,15,SR-76,3,Highway estatal,Rural,Arteria Menor,State Highway Agency,0,Sin jurisdiccion especial,209,35.35035,-89.32641111,Culvert,El primer evento no fue una colision con un vehiculo automotor en transporte,Not an Intersection,No fue interseccion,Sobre el lado de la calle,Ninguna,Dia total,Despejado,No,NO APLICA,99,99,99,99,1,12/10/2022,1
47,Tennessee,470970,0,0,1,0,143,RHEA (143),590,DAYTON,10,Octubre,9,2022,23,34,ABLE DR,6,Calle Local Municipalidad,Urbano,Local,City or Municipal Highway Agency,0,Sin jurisdiccion especial,3,35.479,-85.02553889,Volcadura,El primer evento no fue una colision con un vehiculo automotor en transporte,Not an Intersection,No fue interseccion,Sobre el lado de la calle,Ninguna,Oscuro sin iluminacion,Despejado,No,NO APLICA,99,99,99,99,1,09/10/2022,1
47,Tennessee,470971,0,0,1,0,133,OVERTON (133),1420,LIVINGSTON,10,Octubre,15,2022,18,21,SR-85 HILHAM HWY,3,Highway estatal,Rural,Arteria Menor,State Highway Agency,0,Sin jurisdiccion especial,101,36.37431111,-85.35573056,Arbol,El primer evento no fue una colision con un vehiculo automotor en transporte,Not an Intersection,No fue interseccion,Sobre el lado de la calle,Ninguna,Oscuro sin iluminacion,Despejado,No,NO APLICA,99,99,99,99,1,15/10/2022,1
47,Tennessee,470972,0,0,2,0,149,RUTHERFORD (149),0,NO APLICA,10,Octubre,6,2022,4,36,I-24,1,Interestatal,Urbano,Interestatal,State Highway Agency,1,Sin jurisdiccion especial,40,35.96516944,-86.56456111,Vehiculo en movimiento,Frente a Detrás,Not an Intersection,No fue interseccion,Sobre calle,Ninguna,Oscuro sin iluminacion,Despejado,No,NO APLICA,99,99,99,99,1,06/10/2022,2
47,Tennessee,470973,0,0,1,0,35,CUMBERLAND (35),0,NO APLICA,10,Octubre,8,2022,18,45,CR-VANDEVER RD,4,Calle del Condado,Rural,Colector Menor,County Highway Agency,0,Sin jurisdiccion especial,68,35.82141111,-85.09281944,Arbol,El primer evento no fue una colision con un vehiculo automotor en transporte,Not an Intersection,No fue interseccion,Sobre el lado de la calle,Ninguna,Oscuro sin iluminacion,Despejado,No,NO APLICA,99,99,99,99,1,08/10/2022,3
47,Tennessee,470974,0,0,2,0,71,HARDIN (71),0,NO APLICA,10,Octubre,8,2022,18,25,SR-57,3,Highway estatal,Rural,Arteria Menor,State Highway Agency,0,Sin jurisdiccion especial,27,35.04131944,-88.33471111,Vehiculo en movimiento,Angulo,Not an Intersection,No fue interseccion,Sobre calle,Ninguna,Atardecer,Despejado,No,NO APLICA,99,99,99,99,2,08/10/2022,6
47,Tennessee,470975,0,0,2,0,37,DAVIDSON (37),1760,NASHVILLE,10,Octubre,13,2022,21,52,US-31E SR-6 GALLATIN PK,2,US Highway,Urbano,Arteria Principal,State Highway Agency,1,Sin jurisdiccion especial,178,36.2528,-86.71708889,Vehiculo en movimiento,Angulo,Not an Intersection,No fue interseccion,Sobre calle,Ninguna,Oscuro con iluminacion,Despejado,No,NO APLICA,99,99,99,99,1,13/10/2022,6
47,Tennessee,470976,1,1,1,0,157,SHELBY (157),1620,MEMPHIS,10,Octubre,15,2022,23,0,WINCHESTER RD,6,Calle Local Municipalidad,Urbano,Arteria Principal,City or Municipal Highway Agency,1,Sin jurisdiccion especial,45,35.05213056,-89.98066111,Peaton,El primer evento no fue una colision con un vehiculo automotor en transporte,Not an Intersection,No fue interseccion,Sobre calle,Ninguna,Oscuro con iluminacion,lluvia,No,NO APLICA,99,99,99,99,1,15/10/2022,1
47,Tennessee,470977,0,0,1,0,157,SHELBY (157),0,NO APLICA,10,Octubre,8,2022,19,4,CR-REID HOOKER RD,4,Calle del Condado,Rural,Local,County Highway Agency,0,Sin jurisdiccion especial,11,35.1287,-89.67817778,Arbol,El primer evento no fue una colision con un vehiculo automotor en transporte,Not an Intersection,No fue interseccion,Sobre el lado de la calle,Ninguna,Oscuro sin iluminacion,Despejado,No,NO APLICA,99,99,99,99,1,08/10/2022,1
47,Tennessee,470978,0,0,1,0,187,WILLIAMSON (187),0,NO APLICA,10,Octubre,12,2022,16,31,CR-OLD NATCHEZ TC,4,Calle del Condado,Rural,Colector Mayor,County Highway Agency,0,Sin jurisdiccion especial,2,35.97635,-86.93163056,Otro objeto (no fijo),El primer evento no fue una colision con un vehiculo automotor en transporte,Not an Intersection,No fue interseccion,Sobre calle,Ninguna,Dia total,lluvia,No,NO APLICA,99,99,99,99,1,12/10/2022,1
47,Tennessee,470979,0,0,2,0,155,SEVIER (155),0,NO APLICA,9,Septiembre,9,2022,11,4,US-441 SR-71 NEWFOUND GAP RD,2,US Highway,Rural,Arteria Principal,State Highway Agency,1,Servicio de Parques Nacional,0,35.61851389,-83.42846111,Vehiculo en movimiento,Golpe Lateral - direccion contraria,Not an Intersection,No fue interseccion,Sobre el lado de la calle,Ninguna,Dia total,No reportado,No,NO APLICA,11,4,11,15,1,09/09/2022,3
47,Tennessee,470980,0,0,2,0,1,ANDERSON (1),1850,OAK RIDGE,8,Agosto,23,2022,16,34,SR-95 OAK RIDGE TURNPIKE,3,Highway estatal,Urbano,Arteria Principal,State Highway Agency,1,Sin jurisdiccion especial,47,36.02078889,-84.24663056,Vehiculo en movimiento,Angulo,Four-Way Intersection,Interseccion de 4 direcciones,Sobre calle,Ninguna,Dia total,Despejado,No,NO APLICA,99,99,99,99,1,23/08/2022,2
47,Tennessee,470981,1,1,1,0,149,RUTHERFORD (149),0,NO APLICA,10,Octubre,12,2022,1,11,US-70S SR-1 JOHN BRAGG HWY,2,US Highway,Rural,Arteria Principal,State Highway Agency,1,Sin jurisdiccion especial,232,35.82678889,-86.28973889,Peaton,El primer evento no fue una colision con un vehiculo automotor en transporte,T-Intersection,Interseccion de T,Sobre calle,Ninguna,Oscuro sin iluminacion,Despejado,No,NO APLICA,99,99,99,99,1,12/10/2022,1
47,Tennessee,470982,0,0,1,0,105,LOUDON (105),1370,LENOIR CITY,10,Octubre,14,2022,2,22,CR-TOWN CREEK RD W,4,Calle del Condado,Urbano,Colector Mayor,County Highway Agency,0,Sin jurisdiccion especial,3,35.81011944,-84.27626111,Arbol,El primer evento no fue una colision con un vehiculo automotor en transporte,Not an Intersection,No fue interseccion,Sobre el lado de la calle,Ninguna,Oscuro sin iluminacion,Despejado,No,NO APLICA,99,99,99,99,1,14/10/2022,5
47,Tennessee,470983,0,0,2,0,37,DAVIDSON (37),1760,NASHVILLE,10,Octubre,16,2022,23,30,I-65 RAMP,1,Interestatal,Urbano,Interestatal,State Highway Agency,1,Sin jurisdiccion especial,12,36.18283056,-86.79865,Vehiculo en movimiento,Frente a Detrás,Not an Intersection,No fue interseccion,Sobre calle,Ninguna,Oscuro sin iluminacion,Despejado,No,NO APLICA,99,99,99,99,1,16/10/2022,7
47,Tennessee,470984,1,1,1,0,125,MONTGOMERY (125),410,CLARKSVILLE,10,Octubre,9,2022,20,30,TERMINAL RD,6,Calle Local Municipalidad,Urbano,Local,City or Municipal Highway Agency,0,Sin jurisdiccion especial,0,36.58814722,-87.29438056,Peaton,El primer evento no fue una colision con un vehiculo automotor en transporte,Not an Intersection,No fue interseccion,Sobre calle,Ninguna,Oscuro con iluminacion,Despejado,No,NO APLICA,99,99,99,99,1,09/10/2022,1
47,Tennessee,470985,0,0,2,0,157,SHELBY (157),0,NO APLICA,10,Octubre,14,2022,7,15,CR-STATELINE RD,4,Calle del Condado,Urbano,Local,County Highway Agency,0,Sin jurisdiccion especial,9,34.99454722,-89.80503333,Vehiculo en movimiento,Angulo,T-Intersection,Interseccion de T,Sobre calle,Ninguna,Dia total,Despejado,No,NO APLICA,99,99,99,99,1,14/10/2022,4
47,Tennessee,470986,0,0,1,0,117,MARSHALL (117),0,NO APLICA,8,Agosto,21,2022,19,11,SR-272 VERONA-CANEY RD,3,Highway estatal,Rural,Colector Mayor,County Highway Agency,0,Sin jurisdiccion especial,107,35.47668056,-86.77573056,Zanja,El primer evento no fue una colision con un vehiculo automotor en transporte,Not an Intersection,No fue interseccion,Sobre el lado de la calle,Ninguna,Dia total,Despejado,No,NO APLICA,99,99,99,99,1,21/08/2022,1
47,Tennessee,470987,1,1,1,0,149,RUTHERFORD (149),0,NO APLICA,10,Octubre,6,2022,12,50,US-231 SR-10 SHELBYVILLE PK,2,US Highway,Urbano,Arteria Principal,State Highway Agency,1,Sin jurisdiccion especial,65,35.7416,-86.40863889,Ciclista,El primer evento no fue una colision con un vehiculo automotor en transporte,Not an Intersection,No fue interseccion,Sobre calle,Ninguna,Dia total,Despejado,No,NO APLICA,99,99,99,99,1,06/10/2022,1
47,Tennessee,470988,1,1,1,0,37,DAVIDSON (37),1760,NASHVILLE,10,Octubre,7,2022,8,8,US-70 SR-24 CHARLOTTE AVE,2,US Highway,Urbano,Arteria Principal,State Highway Agency,1,Sin jurisdiccion especial,89,36.15211944,-86.84425,Peaton,El primer evento no fue una colision con un vehiculo automotor en transporte,Not an Intersection,No fue interseccion,Sobre calle,Ninguna,Dia total,Despejado,No,NO APLICA,99,99,99,99,1,07/10/2022,2
47,Tennessee,470989,0,0,2,0,25,CLAIBORNE (25),2375,TAZEWELL,10,Octubre,3,2022,8,24,US-25E SR-32 CHURCH ST,2,US Highway,Rural,Arteria Principal,State Highway Agency,1,Sin jurisdiccion especial,91,36.45853056,-83.568,Vehiculo en movimiento,Angulo,Four-Way Intersection,Interseccion de 4 direcciones,Sobre calle,Ninguna,Dia total,Nublado,No,NO APLICA,99,99,99,99,1,03/10/2022,3
47,Tennessee,470990,1,1,1,0,157,SHELBY (157),1620,MEMPHIS,10,Octubre,19,2022,21,34,WINCHESTER RD,6,Calle Local Municipalidad,Urbano,Arteria Principal,City or Municipal Highway Agency,1,Sin jurisdiccion especial,80,35.05153889,-89.91945833,Peaton,El primer evento no fue una colision con un vehiculo automotor en transporte,Not an Intersection,No fue interseccion,Sobre calle,Ninguna,Oscuro con iluminacion,Despejado,No,NO APLICA,99,99,99,99,1,19/10/2022,2
47,Tennessee,470991,0,0,2,0,179,WASHINGTON (179),0,NO APLICA,10,Octubre,17,2022,13,30,SR-81,3,Highway estatal,Rural,Arteria Menor,State Highway Agency,0,Sin jurisdiccion especial,7,36.16618056,-82.4432,Vehiculo en movimiento,Frente a frente,Not an Intersection,No fue interseccion,Sobre calle,Ninguna,Dia total,Despejado,No,NO APLICA,99,99,99,99,1,17/10/2022,4
47,Tennessee,470992,0,0,2,0,89,JEFFERSON (89),0,NO APLICA,10,Octubre,8,2022,9,34,CR-PIEDMONT RD,4,Calle del Condado,Rural,Colector Menor,County Highway Agency,0,Sin jurisdiccion especial,132,36.05746111,-83.54693056,Vehiculo en movimiento,Angulo,T-Intersection,Interseccion de T,Sobre calle,Ninguna,Dia total,Despejado,No,NO APLICA,99,99,99,99,1,08/10/2022,2
47,Tennessee,470993,0,0,2,0,167,TIPTON (167),280,BRIGHTON,5,Mayo,2,2022,12,45,US-51 SR-3,2,US Highway,Urbano,Arteria Principal,State Highway Agency,1,Sin jurisdiccion especial,97,35.49048889,-89.72963056,Vehiculo en movimiento,Frente a Detrás,Not an Intersection,No fue interseccion,Sobre calle,Ninguna,Dia total,Nublado,No,NO APLICA,99,99,99,99,1,02/05/2022,2
47,Tennessee,470994,0,0,1,0,59,GREENE (59),0,NO APLICA,10,Octubre,13,2022,5,50,I-81,1,Interestatal,Rural,Interestatal,State Highway Agency,1,Sin jurisdiccion especial,1,36.20026111,-83.12975,Poste de Señal de trafico,El primer evento no fue una colision con un vehiculo automotor en transporte,Not an Intersection,No fue interseccion,En el medio,Ninguna,Oscuro sin iluminacion,Nublado,No,NO APLICA,99,99,99,99,1,13/10/2022,2
47,Tennessee,470995,0,0,2,0,123,MONROE (123),0,NO APLICA,10,Octubre,13,2022,13,5,SR-68,3,Highway estatal,Rural,Arteria Menor,State Highway Agency,0,Sin jurisdiccion especial,214,35.39288056,-84.33758889,Vehiculo en movimiento,Frente a frente,Not an Intersection,No fue interseccion,Sobre calle,Ninguna,Dia total,Despejado,No,NO APLICA,99,99,99,99,2,13/10/2022,3
47,Tennessee,470996,0,0,5,0,157,SHELBY (157),1620,MEMPHIS,10,Octubre,14,2022,9,50,KIRBY PKWY,6,Calle Local Municipalidad,Urbano,Arteria Menor,City or Municipal Highway Agency,0,Sin jurisdiccion especial,28,35.03498056,-89.84766944,Vehiculo en movimiento,Angulo,Four-Way Intersection,Interseccion de 4 direcciones,Sobre calle,Ninguna,Dia total,Despejado,No,NO APLICA,99,99,99,99,1,14/10/2022,5
47,Tennessee,470997,0,0,2,0,157,SHELBY (157),0,NO APLICA,10,Octubre,16,2022,13,10,US-51 SR-3 ELVIS PRESLEY BLVD,2,US Highway,Urbano,Arteria Principal,State Highway Agency,1,Sin jurisdiccion especial,2,35.28486944,-89.97053889,Vehiculo en movimiento,Angulo,Four-Way Intersection,Interseccion de 4 direcciones,Sobre calle,Ninguna,Dia total,Despejado,No,NO APLICA,99,99,99,99,1,16/10/2022,2
47,Tennessee,470998,0,0,2,0,37,DAVIDSON (37),1760,NASHVILLE,10,Octubre,13,2022,13,31,US-31W/41 SR-11 DICKERSON PK,2,US Highway,Urbano,Arteria Principal,State Highway Agency,1,Sin jurisdiccion especial,182,36.25211111,-86.75751111,Vehiculo en movimiento,Frente a Detrás,Not an Intersection,No fue interseccion,Sobre calle,Ninguna,Dia total,Despejado,No,NO APLICA,99,99,99,99,1,13/10/2022,2
47,Tennessee,470999,0,0,1,0,37,DAVIDSON (37),1760,NASHVILLE,10,Octubre,7,2022,13,53,GREENFIELD AVE,6,Calle Local Municipalidad,Urbano,Colector Mayor,City or Municipal Highway Agency,0,Sin jurisdiccion especial,4,36.20966111,-86.72471944,Volcadura,El primer evento no fue una colision con un vehiculo automotor en transporte,Not an Intersection,No fue interseccion,Sobre calle,Ninguna,Dia total,Despejado,No,NO APLICA,99,99,99,99,1,07/10/2022,1
47,Tennessee,471000,0,0,1,0,169,TROUSDALE (169),0,NO APLICA,10,Octubre,12,2022,16,59,SR-10,3,Highway estatal,Rural,Arteria Menor,State Highway Agency,0,Sin jurisdiccion especial,99998,36.38186944,-86.12031944,Barda,El primer evento no fue una colision con un vehiculo automotor en transporte,Not an Intersection,No fue interseccion,Fuera de la calle,Ninguna,Dia total,Nublado,No,NO APLICA,99,99,99,99,1,12/10/2022,1
47,Tennessee,471001,0,0,2,0,77,HENDERSON (77),0,NO APLICA,10,Octubre,21,2022,15,15,US-412 SR-20,2,US Highway,Rural,Arteria Principal,State Highway Agency,1,Sin jurisdiccion especial,76,35.67893889,-88.47908889,Vehiculo en movimiento,Angulo,T-Intersection,Interseccion de T,Sobre calle,Ninguna,Dia total,Despejado,No,NO APLICA,99,99,99,99,1,21/10/2022,4
47,Tennessee,471002,0,0,2,0,157,SHELBY (157),1620,MEMPHIS,7,Julio,11,2022,22,30,N HOLLYWOOD ST,6,Calle Local Municipalidad,Urbano,Arteria Menor,City or Municipal Highway Agency,0,Sin jurisdiccion especial,32,35.16280278,-89.97573889,Vehiculo en movimiento,Frente a Detrás,Not an Intersection,No fue interseccion,Sobre calle,Ninguna,Oscuro con iluminacion,Despejado,No,NO APLICA,99,99,99,99,1,11/07/2022,5
47,Tennessee,471003,0,0,2,0,179,WASHINGTON (179),1250,JOHNSON CITY,8,Agosto,2,2022,21,35,US-321 SR-381 W STATE OF FRANK,2,US Highway,Urbano,Arteria Principal,State Highway Agency,1,Sin jurisdiccion especial,11,36.30648889,-82.36790556,Vehiculo en movimiento,Frente a Detrás,Four-Way Intersection,Interseccion de 4 direcciones,Sobre calle,Ninguna,Oscuro con iluminacion,Despejado,No,NO APLICA,99,99,99,99,1,02/08/2022,2
47,Tennessee,471004,0,0,1,0,37,DAVIDSON (37),960,GOODLETTSVILLE,10,Octubre,22,2022,14,1,I-65,1,Interestatal,Urbano,Interestatal,State Highway Agency,1,Sin jurisdiccion especial,212,36.32108889,-86.70348889,Barrera de Cable,El primer evento no fue una colision con un vehiculo automotor en transporte,Not an Intersection,No fue interseccion,En el medio,Ninguna,Dia total,Despejado,No,NO APLICA,99,99,99,99,1,22/10/2022,1
47,Tennessee,471005,0,0,2,0,141,PUTNAM (141),480,COOKEVILLE,10,Octubre,17,2022,11,20,SR-111,3,Highway estatal,Urbano,Arterial Principal -Freeway o ExpressWay,State Highway Agency,1,Sin jurisdiccion especial,52,36.15151111,-85.47451944,Vehiculo en movimiento,Frente a frente,Not an Intersection,No fue interseccion,Sobre calle,Ninguna,Dia total,Despejado,No,NO APLICA,99,99,99,99,1,17/10/2022,2
47,Tennessee,471006,0,0,1,0,31,COFFEE (31),0,NO APLICA,9,Septiembre,8,2022,21,27,CR-RAGSDALE RD,4,Calle del Condado,Rural,Colector Menor,County Highway Agency,0,Sin jurisdiccion especial,48,35.50811944,-85.99653889,Zanja,El primer evento no fue una colision con un vehiculo automotor en transporte,Not an Intersection,No fue interseccion,Sobre el lado de la calle,Ninguna,Oscuro sin iluminacion,Despejado,No,NO APLICA,99,99,99,99,1,08/09/2022,3
47,Tennessee,471007,0,0,2,0,31,COFFEE (31),2470,TULLAHOMA,10,Octubre,22,2022,12,30,US-41A SR-16 N JACKSON ST,2,US Highway,Urbano,Arteria Principal,State Highway Agency,1,Sin jurisdiccion especial,15,35.38956111,-86.23701944,Vehiculo en movimiento,Frente a frente,Not an Intersection,No fue interseccion,Sobre calle,Ninguna,Dia total,Despejado,No,NO APLICA,99,99,99,99,1,22/10/2022,2
47,Tennessee,471008,0,0,1,0,149,RUTHERFORD (149),1750,MURFREESBORO,8,Agosto,31,2022,16,28,US-41/70S SR-1 NW BROAD ST,2,US Highway,Urbano,Arteria Principal,State Highway Agency,1,Sin jurisdiccion especial,126,35.8937,-86.441,Otra no colicion,El primer evento no fue una colision con un vehiculo automotor en transporte,Not an Intersection,No fue interseccion,Sobre calle,Ninguna,Dia total,Despejado,No,NO APLICA,99,99,99,99,1,31/08/2022,1
47,Tennessee,471009,0,0,1,0,37,DAVIDSON (37),1760,NASHVILLE,10,Octubre,19,2022,12,0,SR-155 BRILEY PKWY,3,Highway estatal,Urbano,Arterial Principal -Freeway o ExpressWay,State Highway Agency,1,Sin jurisdiccion especial,93,36.1812,-86.69563056,Arbol,El primer evento no fue una colision con un vehiculo automotor en transporte,Not an Intersection,No fue interseccion,Sobre el lado de la calle,Ninguna,Dia total,Despejado,No,NO APLICA,99,99,99,99,1,19/10/2022,4
47,Tennessee,471010,1,1,1,0,167,TIPTON (167),1740,MUNFORD,10,Octubre,20,2022,21,0,MCLAUGHLIN DR,6,Calle Local Municipalidad,Urbano,Local,City or Municipal Highway Agency,0,Sin jurisdiccion especial,10,35.45025,-89.7941,Ciclista,El primer evento no fue una colision con un vehiculo automotor en transporte,Not an Intersection,No fue interseccion,Sobre calle,Ninguna,Oscuro con iluminacion,Despejado,No,NO APLICA,99,99,99,99,1,20/10/2022,1
47,Tennessee,471011,0,0,1,0,151,SCOTT (151),1193,HUNTSVILLE,10,Octubre,21,2022,12,50,US-27 SR-29 SCOTT HWY,2,US Highway,Rural,Arteria Principal,State Highway Agency,1,Sin jurisdiccion especial,115,36.4125,-84.53783889,Banqueta,El primer evento no fue una colision con un vehiculo automotor en transporte,T-Intersection,Interseccion de T,Sobre el lado de la calle,Ninguna,Dia total,Despejado,No,NO APLICA,99,99,99,99,1,21/10/2022,3
47,Tennessee,471012,1,1,1,0,65,HAMILTON (65),400,CHATTANOOGA,10,Octubre,24,2022,2,0,SR-153,3,Highway estatal,Urbano,Arteria Principal,State Highway Agency,1,Sin jurisdiccion especial,94,35.13877778,-85.24719444,Peaton,El primer evento no fue una colision con un vehiculo automotor en transporte,Four-Way Intersection,Interseccion de 4 direcciones,Sobre calle,Ninguna,Oscuro con iluminacion,Despejado,No,NO APLICA,99,99,99,99,1,24/10/2022,1
47,Tennessee,471013,0,0,1,0,63,HAMBLEN (63),1700,MORRISTOWN,9,Septiembre,27,2022,21,13,CR-JAYBIRD RD,4,Calle del Condado,Urbano,Local,County Highway Agency,0,Sin jurisdiccion especial,1,36.25521944,-83.24003056,Arbol,El primer evento no fue una colision con un vehiculo automotor en transporte,Not an Intersection,No fue interseccion,Sobre el lado de la calle,Ninguna,Oscuro sin iluminacion,Despejado,No,NO APLICA,99,99,99,99,1,27/09/2022,1
47,Tennessee,471014,0,0,3,0,157,SHELBY (157),1620,MEMPHIS,4,Abril,25,2022,6,55,SR-175 E SHELBY DR,3,Highway estatal,Urbano,Arteria Menor,State Highway Agency,0,Sin jurisdiccion especial,42,35.14886389,-90.04930833,Vehiculo en movimiento,Angulo,Not an Intersection,No fue interseccion,Sobre calle,Ninguna,Dia total,lluvia,No,NO APLICA,99,99,99,99,1,25/04/2022,6
47,Tennessee,471015,1,1,1,0,157,SHELBY (157),1620,MEMPHIS,10,Octubre,26,2022,19,13,US-51 SR-3 THOMAS ST,2,US Highway,Urbano,Arteria Principal,State Highway Agency,1,Sin jurisdiccion especial,169,35.21304167,-90.03248611,Peaton,El primer evento no fue una colision con un vehiculo automotor en transporte,Not an Intersection,No fue interseccion,Sobre calle,Ninguna,Oscuro con iluminacion,Despejado,No,NO APLICA,99,99,99,99,1,26/10/2022,1
47,Tennessee,471017,0,0,1,0,93,KNOX (93),1300,KNOXVILLE,10,Octubre,30,2022,12,19,CR-BALL CAMP PK,4,Calle del Condado,Urbano,Arteria Menor,County Highway Agency,0,Sin jurisdiccion especial,16,35.96445556,-84.09733056,Arbol,El primer evento no fue una colision con un vehiculo automotor en transporte,Not an Intersection,No fue interseccion,Sobre el lado de la calle,Ninguna,Dia total,Despejado,No,NO APLICA,99,99,99,99,1,30/10/2022,3
47,Tennessee,471018,0,0,1,0,167,TIPTON (167),0,NO APLICA,10,Octubre,24,2022,19,45,CR-AKINS STORE RD,4,Calle del Condado,Rural,Local,County Highway Agency,0,Sin jurisdiccion especial,18,35.48811111,-89.77268056,Arbol,El primer evento no fue una colision con un vehiculo automotor en transporte,Not an Intersection,No fue interseccion,Sobre el lado de la calle,Ninguna,Oscuro sin iluminacion,Despejado,No,NO APLICA,99,99,99,99,1,24/10/2022,1
47,Tennessee,471019,1,1,1,0,37,DAVIDSON (37),1760,NASHVILLE,10,Octubre,27,2022,21,55,US-70 SR-24 CHARLOTTE AVE,2,US Highway,Urbano,Arteria Principal,State Highway Agency,1,Sin jurisdiccion especial,110,36.15631111,-86.80725,Peaton,El primer evento no fue una colision con un vehiculo automotor en transporte,Four-Way Intersection,Interseccion de 4 direcciones,Sobre calle,Ninguna,Oscuro con iluminacion,Despejado,No,NO APLICA,99,99,99,99,1,27/10/2022,1
47,Tennessee,471020,0,0,2,0,157,SHELBY (157),1620,MEMPHIS,10,Octubre,30,2022,1,30,US-78 SR-4 LAMAR AVE,2,US Highway,Urbano,Arteria Principal,State Highway Agency,1,Sin jurisdiccion especial,76,35.08219444,-89.95787778,Banqueta,El primer evento no fue una colision con un vehiculo automotor en transporte,Not an Intersection,No fue interseccion,Sobre el lado de la calle,Ninguna,Oscuro con iluminacion,lluvia,No,NO APLICA,99,99,99,99,1,30/10/2022,6
47,Tennessee,471021,1,1,1,0,157,SHELBY (157),1620,MEMPHIS,10,Octubre,30,2022,15,20,SR-175 SHELBY DR,3,Highway estatal,Urbano,Arteria Principal,State Highway Agency,1,Sin jurisdiccion especial,153,35.02038611,-89.83988056,Peaton,El primer evento no fue una colision con un vehiculo automotor en transporte,Not an Intersection,No fue interseccion,Sobre calle,Ninguna,Dia total,Nublado,No,NO APLICA,99,99,99,99,1,30/10/2022,3
47,Tennessee,471023,1,1,1,0,157,SHELBY (157),1620,MEMPHIS,10,Octubre,13,2022,21,52,RANGE LINE RD,6,Calle Local Municipalidad,Urbano,Arteria Menor,City or Municipal Highway Agency,0,Sin jurisdiccion especial,72,35.21823056,-89.97553889,Peaton,El primer evento no fue una colision con un vehiculo automotor en transporte,Not an Intersection,No fue interseccion,Sobre calle,Ninguna,Oscuro con iluminacion,Despejado,No,NO APLICA,99,99,99,99,1,13/10/2022,2
47,Tennessee,471024,1,1,3,0,157,SHELBY (157),0,NO APLICA,10,Octubre,13,2022,23,2,SR-385,3,Highway estatal,Urbano,Arterial Principal -Freeway o ExpressWay,State Highway Agency,1,Sin jurisdiccion especial,57,35.04021111,-89.80156111,Peaton,El primer evento no fue una colision con un vehiculo automotor en transporte,Not an Intersection,No fue interseccion,Sobre calle,Ninguna,Oscuro sin iluminacion,Despejado,No,NO APLICA,99,99,99,99,1,13/10/2022,3
47,Tennessee,471025,1,1,1,0,157,SHELBY (157),0,NO APLICA,10,Octubre,26,2022,20,55,CR-HACKS CROSS RD,4,Calle del Condado,Urbano,Arteria Menor,County Highway Agency,0,Sin jurisdiccion especial,26,35.03316944,-89.79584722,Peaton,El primer evento no fue una colision con un vehiculo automotor en transporte,Not an Intersection,No fue interseccion,Sobre calle,Ninguna,Oscuro con iluminacion,Despejado,No,NO APLICA,99,99,99,99,1,26/10/2022,1
47,Tennessee,471026,0,0,2,0,107,MCMINN (107),110,ATHENS,10,Octubre,25,2022,15,10,I-75,1,Interestatal,Rural,Interestatal,State Highway Agency,1,Sin jurisdiccion especial,158,35.4886,-84.62636944,Vehiculo en movimiento,Frente a Detrás,Not an Intersection,No fue interseccion,Sobre calle,Ninguna,Dia total,Despejado,No,NO APLICA,99,99,99,99,1,25/10/2022,2