Estado,Nombre de Estado,Numero de Caso,Peatones,Personas _no_vehiculos,Vehiculos automotores,Vehiculos estacionados,Condado,Nombre Condado,Ciudad,Nombre Ciudad,Mes,Nombre Mes,Dia,Año,Hora,Minuto,Calle,Ruta,Nombre Ruta,Rural o Urbanoo,Sistema Funcional,Dueño Calle,Sistema Nacional Carreteras,Jurisdiccion Especial,Milla,Latitud,Longitud,Causa del Accidente,Tipo de Accidente,Tipo Interseccion,Columna1,Lugar en la calle,Zona de Trabajo,Luz,Clima,Autobus Escolar,Cruce de Trenes,Hora Notificacion,Minuto Notificacion,Hora Llegada,Minuto Llegada,Decesos,Fecha,PersonaVehiculo
47,Tennessee,471027,0,0,2,0,149,RUTHERFORD (149),0,NO APLICA,10,Octubre,25,2022,19,24,I-24,1,Interestatal,Urbano,Interestatal,State Highway Agency,1,Sin jurisdiccion especial,43,35.96208889,-86.5626,Vehiculo en movimiento,Golpe Lateral - misma direccion,Not an Intersection,No fue interseccion,Sobre calle,Ninguna,Oscuro sin iluminacion,Nublado,No,NO APLICA,99,99,99,99,1,25/10/2022,2
47,Tennessee,471028,1,1,1,0,157,SHELBY (157),1620,MEMPHIS,11,Noviembre,1,2022,19,6,MU-CHELSEA AVE,6,Calle Local Municipalidad,Urbano,Arteria Menor,City or Municipal Highway Agency,0,Sin jurisdiccion especial,33,35.17476389,-89.97976111,Peaton,El primer evento no fue una colision con un vehiculo automotor en transporte,T-Intersection,Interseccion de T,Sobre calle,Ninguna,Oscuro con iluminacion,Despejado,No,NO APLICA,99,99,99,99,1,01/11/2022,1
47,Tennessee,471029,0,0,1,0,119,MAURY (119),2350,SPRING HILL,11,Noviembre,1,2022,0,33,US-31 SR-6 WEST RAMP 31 SOUTH,2,US Highway,Urbano,Arteria Principal,State Highway Agency,1,Sin jurisdiccion especial,317,35.73923056,-86.94586944,Valla Ferrocarril,El primer evento no fue una colision con un vehiculo automotor en transporte,Not an Intersection,No fue interseccion,Sobre el lado de la calle,Ninguna,Oscuro sin iluminacion,Despejado,No,NO APLICA,99,99,99,99,1,01/11/2022,2
47,Tennessee,471030,0,0,1,0,97,LAUDERDALE (97),0,NO APLICA,10,Octubre,31,2022,8,36,US-51 SR-3 JERE B FORD HWY,2,US Highway,Rural,Arteria Principal,State Highway Agency,1,Sin jurisdiccion especial,201,35.8779,-89.42413056,Acotamiento,El primer evento no fue una colision con un vehiculo automotor en transporte,Not an Intersection,No fue interseccion,Sobre el lado de la calle,Ninguna,Dia total,Nublado,No,NO APLICA,99,99,99,99,1,31/10/2022,1
47,Tennessee,471031,2,2,1,0,157,SHELBY (157),1620,MEMPHIS,11,Noviembre,2,2022,6,2,US-51 SR-3 THOMAS ST,2,US Highway,Urbano,Arteria Principal,State Highway Agency,1,Sin jurisdiccion especial,162,35.20258611,-90.03400278,Peaton,El primer evento no fue una colision con un vehiculo automotor en transporte,Not an Intersection,No fue interseccion,Sobre calle,Ninguna,Oscuro con iluminacion,Despejado,No,NO APLICA,99,99,99,99,1,02/11/2022,1
47,Tennessee,471032,1,1,1,0,157,SHELBY (157),1620,MEMPHIS,11,Noviembre,3,2022,3,29,US-64/70 SR-1 SUMMER AVE,2,US Highway,Urbano,Arteria Principal,State Highway Agency,1,Sin jurisdiccion especial,92,35.14924167,-89.9372,Peaton,El primer evento no fue una colision con un vehiculo automotor en transporte,T-Intersection,Interseccion de T,Sobre calle,Ninguna,Oscuro con iluminacion,Despejado,No,NO APLICA,99,99,99,99,1,03/11/2022,1
47,Tennessee,471033,1,1,2,0,179,WASHINGTON (179),1250,JOHNSON CITY,11,Noviembre,3,2022,10,47,US-11E/19W SR-34 N ROAN ST,2,US Highway,Urbano,Arteria Principal,State Highway Agency,0,Sin jurisdiccion especial,199,36.35648056,-82.38346111,Banqueta,El primer evento no fue una colision con un vehiculo automotor en transporte,Y-Intersection,Interseccion de Y,Sobre el lado de la calle,Ninguna,Dia total,Despejado,No,NO APLICA,99,99,99,99,2,03/11/2022,3
47,Tennessee,471034,0,0,3,0,123,MONROE (123),0,NO APLICA,10,Octubre,29,2022,12,29,SR-39 MECCA PK,3,Highway estatal,Rural,Arteria Menor,State Highway Agency,0,Sin jurisdiccion especial,37,35.34943056,-84.35358056,Final Destination ( Vehiculo es golpeado por carga o otro objeto puesto en movimiento por otro vehiculo en movimiento),Otro,Not an Intersection,No fue interseccion,Sobre calle,Ninguna,Dia total,Despejado,No,NO APLICA,99,99,99,99,1,29/10/2022,5
47,Tennessee,471035,0,0,1,0,55,GILES (55),0,NO APLICA,11,Noviembre,2,2022,19,25,US-31 SR-7 COLUMBIA HWY,2,US Highway,Rural,Arteria Menor,State Highway Agency,0,Sin jurisdiccion especial,342,35.39105,-87.02246944,Poste de Señal de trafico,El primer evento no fue una colision con un vehiculo automotor en transporte,Not an Intersection,No fue interseccion,Sobre el lado de la calle,Ninguna,Oscuro sin iluminacion,Despejado,No,NO APLICA,99,99,99,99,1,02/11/2022,1
47,Tennessee,471036,1,1,1,0,157,SHELBY (157),1620,MEMPHIS,11,Noviembre,3,2022,19,12,PARK AVE,6,Calle Local Municipalidad,Urbano,Arteria Menor,City or Municipal Highway Agency,0,Sin jurisdiccion especial,4,35.10863611,-89.98266944,Peaton,El primer evento no fue una colision con un vehiculo automotor en transporte,T-Intersection,Interseccion de T,Sobre calle,Ninguna,Oscuro con iluminacion,Despejado,No,NO APLICA,99,99,99,99,1,03/11/2022,1
47,Tennessee,471037,0,0,1,0,91,JOHNSON (91),0,NO APLICA,11,Noviembre,3,2022,20,30,CR-LAKEVIEW RD,4,Calle del Condado,Rural,Colector Menor,County Highway Agency,0,Sin jurisdiccion especial,94,36.36946944,-81.94513889,Acotamiento,El primer evento no fue una colision con un vehiculo automotor en transporte,Not an Intersection,No fue interseccion,Sobre el lado de la calle,Ninguna,Oscuro sin iluminacion,Despejado,No,NO APLICA,20,26,99,99,1,03/11/2022,1
47,Tennessee,471038,0,0,1,0,55,GILES (55),0,NO APLICA,10,Octubre,29,2022,5,45,CR-BLACK RD,4,Calle del Condado,Rural,Local,County Highway Agency,0,Sin jurisdiccion especial,9,35.07646944,-87.12816944,Volcadura,El primer evento no fue una colision con un vehiculo automotor en transporte,Not an Intersection,No fue interseccion,Sobre calle,Ninguna,Oscuro sin iluminacion,Despejado,No,NO APLICA,99,99,99,99,1,29/10/2022,1
47,Tennessee,471039,1,1,1,0,37,DAVIDSON (37),1760,NASHVILLE,11,Noviembre,2,2022,19,21,US-31W/41 SR-11 DICKERSON PK,2,US Highway,Urbano,Arteria Principal,State Highway Agency,1,Sin jurisdiccion especial,201,36.27963889,-86.75,Peaton,El primer evento no fue una colision con un vehiculo automotor en transporte,Not an Intersection,No fue interseccion,Sobre calle,Ninguna,Oscuro con iluminacion,Despejado,No,NO APLICA,99,99,99,99,1,02/11/2022,1
47,Tennessee,471040,0,0,3,0,187,WILLIAMSON (187),850,FRANKLIN,11,Noviembre,3,2022,18,35,I-65,1,Interestatal,Urbano,Interestatal,State Highway Agency,1,Sin jurisdiccion especial,81,35.85003889,-86.83221111,Vehiculo en movimiento,Angulo,Not an Intersection,No fue interseccion,Sobre calle,Ninguna,Oscuro sin iluminacion,Despejado,No,NO APLICA,99,99,99,99,1,03/11/2022,3
47,Tennessee,471041,1,1,2,0,157,SHELBY (157),1620,MEMPHIS,11,Noviembre,3,2022,23,23,AMERICAN WAY,6,Calle Local Municipalidad,Urbano,Arteria Menor,City or Municipal Highway Agency,0,Sin jurisdiccion especial,17,35.07496667,-89.92113056,Peaton,El primer evento no fue una colision con un vehiculo automotor en transporte,Not an Intersection,No fue interseccion,Sobre calle,Ninguna,Oscuro con iluminacion,Despejado,No,NO APLICA,99,99,99,99,1,03/11/2022,2
47,Tennessee,471042,0,0,2,0,45,DYER (45),0,NO APLICA,11,Noviembre,2,2022,6,58,CR-JONES RD,4,Calle del Condado,Rural,Colector Menor,County Highway Agency,0,Sin jurisdiccion especial,15,36.04781944,-89.31673056,Vehiculo en movimiento,Angulo,T-Intersection,Interseccion de T,Sobre calle,Ninguna,Amanecer,lluvia,Yes,NO APLICA,99,99,99,99,1,02/11/2022,2
47,Tennessee,471043,0,0,1,0,143,RHEA (143),0,NO APLICA,11,Noviembre,6,2022,10,20,CR-WOLF CREEK RD,4,Calle del Condado,Rural,Local,County Highway Agency,0,Sin jurisdiccion especial,0,35.65103889,-84.83063056,Acotamiento,El primer evento no fue una colision con un vehiculo automotor en transporte,Not an Intersection,No fue interseccion,Sobre el lado de la calle,Ninguna,Dia total,Despejado,No,NO APLICA,99,99,99,99,1,06/11/2022,1
47,Tennessee,471044,0,0,1,0,33,CROCKETT (33),0,NO APLICA,11,Noviembre,7,2022,4,49,CR-CYPRESS CHURCH RD,4,Calle del Condado,Rural,Local,County Highway Agency,0,Sin jurisdiccion especial,19,35.74656111,-89.06963056,Zanja,El primer evento no fue una colision con un vehiculo automotor en transporte,Not an Intersection,No fue interseccion,Sobre el lado de la calle,Ninguna,Oscuro sin iluminacion,Nublado,No,NO APLICA,99,99,99,99,1,07/11/2022,1
47,Tennessee,471045,0,0,2,0,169,TROUSDALE (169),0,NO APLICA,10,Octubre,31,2022,18,49,SR-10,3,Highway estatal,Rural,Arteria Menor,State Highway Agency,0,Sin jurisdiccion especial,183,36.42221111,-86.09085,Vehiculo en movimiento,Angulo,Not an Intersection,No fue interseccion,Sobre calle,Ninguna,Oscuro sin iluminacion,Despejado,No,NO APLICA,99,99,99,99,1,31/10/2022,3
47,Tennessee,471046,0,0,1,0,73,HAWKINS (73),0,NO APLICA,10,Octubre,23,2022,15,45,CR-SLATE HILL RD,4,Calle del Condado,Rural,Colector Menor,County Highway Agency,0,Sin jurisdiccion especial,25,36.3138,-83.22303056,Poste de Señal de trafico,El primer evento no fue una colision con un vehiculo automotor en transporte,T-Intersection,Interseccion de T,Sobre el lado de la calle,Ninguna,Dia total,Despejado,No,NO APLICA,99,99,99,99,1,23/10/2022,1
47,Tennessee,471047,0,0,2,0,5,BENTON (5),0,NO APLICA,10,Octubre,28,2022,17,45,US-641 SR-69,2,US Highway,Rural,Arteria Principal,State Highway Agency,1,Sin jurisdiccion especial,110,35.99848889,-88.10948056,Vehiculo en movimiento,Frente a frente,Not an Intersection,No fue interseccion,Sobre calle,Ninguna,Dia total,Despejado,No,NO APLICA,99,99,99,99,1,28/10/2022,2
47,Tennessee,471048,0,0,2,0,169,TROUSDALE (169),0,NO APLICA,11,Noviembre,5,2022,10,40,US-231 SR-10,2,US Highway,Rural,Arteria Principal,State Highway Agency,1,Sin jurisdiccion especial,7,36.31021111,-86.26211944,Vehiculo en movimiento,Frente a frente,Not an Intersection,No fue interseccion,Sobre calle,Ninguna,Dia total,lluvia,No,NO APLICA,99,99,99,99,1,05/11/2022,2
47,Tennessee,471049,1,1,1,0,37,DAVIDSON (37),1760,NASHVILLE,11,Noviembre,6,2022,99,99,DUE WEST AVE,6,Calle Local Municipalidad,Urbano,Local,City or Municipal Highway Agency,0,Sin jurisdiccion especial,5,36.24776111,-86.71703889,Peaton,El primer evento no fue una colision con un vehiculo automotor en transporte,Not an Intersection,No fue interseccion,Sobre calle,Ninguna,Oscuro sin iluminacion,Despejado,No,NO APLICA,99,99,99,99,1,06/11/2022,1
47,Tennessee,471050,0,0,1,0,99,LAWRENCE (99),0,NO APLICA,11,Noviembre,7,2022,10,0,SR-241 NAPIER RD,3,Highway estatal,Rural,Colector Mayor,State Highway Agency,0,Sin jurisdiccion especial,65,35.36556111,-87.47193889,Poste,El primer evento no fue una colision con un vehiculo automotor en transporte,Not an Intersection,No fue interseccion,Sobre el lado de la calle,Ninguna,Dia total,Nublado,No,NO APLICA,99,99,99,99,2,07/11/2022,2
47,Tennessee,471051,0,0,1,0,53,GIBSON (53),2430,TRENTON,6,Junio,11,2022,14,17,US-45 SR-367 S COLLEGE ST,2,US Highway,Rural,Colector Mayor,State Highway Agency,0,Sin jurisdiccion especial,13,35.95873056,-88.9412,Buzon de correo,El primer evento no fue una colision con un vehiculo automotor en transporte,Not an Intersection,No fue interseccion,Sobre el lado de la calle,Ninguna,Dia total,Nublado,No,NO APLICA,99,99,99,99,1,11/06/2022,1
47,Tennessee,471052,0,0,2,0,189,WILSON (189),1360,LEBANON,10,Octubre,21,2022,3,11,S HARTMANN DR,6,Calle Local Municipalidad,Urbano,Arteria Menor,City or Municipal Highway Agency,0,Sin jurisdiccion especial,24,36.19251111,-86.33056944,Vehiculo en movimiento,Frente a frente,Not an Intersection,No fue interseccion,Sobre calle,Ninguna,Oscuro con iluminacion,Nublado,No,NO APLICA,99,99,99,99,1,21/10/2022,3
47,Tennessee,471053,1,1,1,0,189,WILSON (189),1360,LEBANON,10,Octubre,30,2022,12,11,US-70 SR-26 E HIGH ST,2,US Highway,Urbano,Arteria Principal,State Highway Agency,1,Sin jurisdiccion especial,27,36.21223056,-86.28868056,Peaton,El primer evento no fue una colision con un vehiculo automotor en transporte,Not an Intersection,No fue interseccion,Sobre calle,Ninguna,Dia total,lluvia,No,NO APLICA,99,99,99,99,1,30/10/2022,1
47,Tennessee,471057,0,0,1,0,11,BRADLEY (11),420,CLEVELAND,11,Noviembre,9,2022,99,99,SR-60 APD-40,3,Highway estatal,Urbano,Arterial Principal -Freeway o ExpressWay,State Highway Agency,1,Sin jurisdiccion especial,137,35.166575,-84.84804444,Arbol,El primer evento no fue una colision con un vehiculo automotor en transporte,Not an Intersection,No fue interseccion,Sobre el lado de la calle,Ninguna,Reportada como desconocida,Despejado,No,NO APLICA,99,99,99,99,1,09/11/2022,1
47,Tennessee,471058,0,0,2,0,113,MADISON (113),1610,MEDON,10,Octubre,23,2022,5,4,SR-18 MAIN ST,3,Highway estatal,Rural,Arteria Principal,State Highway Agency,0,Sin jurisdiccion especial,26,35.4639,-88.86603056,Vehiculo en movimiento,Frente a frente,Not an Intersection,No fue interseccion,Sobre calle,Ninguna,Oscuro con iluminacion,Despejado,No,NO APLICA,99,99,99,99,1,23/10/2022,2
47,Tennessee,471059,0,0,2,0,161,STEWART (161),0,NO APLICA,10,Octubre,30,2022,11,6,US-79 SR-76 AUSTIN PEAY MEMORI,2,US Highway,Rural,Arteria Principal,State Highway Agency,1,Sin jurisdiccion especial,248,36.55121944,-87.68138056,Vehiculo en movimiento,Angulo,Not an Intersection,No fue interseccion,Sobre calle,Ninguna,Dia total,Despejado,No,NO APLICA,99,99,99,99,1,30/10/2022,2
47,Tennessee,471060,0,0,1,0,147,ROBERTSON (147),0,NO APLICA,11,Noviembre,3,2022,14,49,I-24,1,Interestatal,Rural,Interestatal,State Highway Agency,1,Sin jurisdiccion especial,22,36.44871111,-87.09666944,Arbol,El primer evento no fue una colision con un vehiculo automotor en transporte,Not an Intersection,No fue interseccion,En el medio,Ninguna,Dia total,Despejado,No,NO APLICA,99,99,99,99,1,03/11/2022,1
47,Tennessee,471061,0,0,2,0,129,MORGAN (129),0,NO APLICA,11,Noviembre,5,2022,11,18,SR-62 KNOXVILLE HWY,3,Highway estatal,Rural,Arteria Menor,State Highway Agency,0,Sin jurisdiccion especial,224,36.09508056,-84.54921944,Vehiculo en movimiento,Frente a frente,Not an Intersection,No fue interseccion,Sobre calle,Ninguna,Dia total,Despejado,No,NO APLICA,99,99,99,99,1,05/11/2022,2
47,Tennessee,471062,0,0,1,0,11,BRADLEY (11),0,NO APLICA,11,Noviembre,6,2022,20,31,SR-74 SPRING PLACE RD SE,3,Highway estatal,Rural,Colector Mayor,State Highway Agency,0,Sin jurisdiccion especial,76,35.08718889,-84.82253056,Poste,El primer evento no fue una colision con un vehiculo automotor en transporte,Not an Intersection,No fue interseccion,Sobre el lado de la calle,Ninguna,Oscuro sin iluminacion,Despejado,No,NO APLICA,99,99,99,99,1,06/11/2022,1
47,Tennessee,471063,0,0,2,0,13,CAMPBELL (13),0,NO APLICA,11,Noviembre,7,2022,17,5,US-25 W SR-9,2,US Highway,Rural,Colector Mayor,State Highway Agency,0,Sin jurisdiccion especial,46,36.57573889,-84.06118889,Vehiculo en movimiento,Frente a frente,Not an Intersection,No fue interseccion,Sobre calle,Ninguna,Dia total,Despejado,No,NO APLICA,99,99,99,99,1,07/11/2022,3
47,Tennessee,471065,1,1,1,0,177,WARREN (177),0,NO APLICA,11,Noviembre,9,2022,17,15,SR-288 OLD ROCK ISLAND RD,3,Highway estatal,Rural,Colector Mayor,State Highway Agency,0,Sin jurisdiccion especial,1,35.7227,-85.68968889,Peaton,El primer evento no fue una colision con un vehiculo automotor en transporte,Not an Intersection,No fue interseccion,Sobre calle,Ninguna,Oscuro sin iluminacion,Despejado,No,NO APLICA,99,99,99,99,1,09/11/2022,1
47,Tennessee,471066,0,0,1,0,111,MACON (111),0,NO APLICA,11,Noviembre,11,2022,13,20,CR-COLD SPRINGS RD,4,Calle del Condado,Rural,Colector Menor,County Highway Agency,0,Sin jurisdiccion especial,74,36.58843056,-86.07745,Zanja,El primer evento no fue una colision con un vehiculo automotor en transporte,Not an Intersection,No fue interseccion,Sobre el lado de la calle,Ninguna,Dia total,Despejado,No,NO APLICA,99,99,99,99,1,11/11/2022,1
47,Tennessee,471067,0,0,1,0,121,MEIGS (121),0,NO APLICA,10,Octubre,16,2022,12,39,SR-58,3,Highway estatal,Rural,Arteria Menor,State Highway Agency,0,Sin jurisdiccion especial,291,35.6452,-84.68806944,Piedrotototota,El primer evento no fue una colision con un vehiculo automotor en transporte,Not an Intersection,No fue interseccion,Sobre el lado de la calle,Ninguna,Dia total,Nublado,No,NO APLICA,99,99,99,99,1,16/10/2022,1
47,Tennessee,471068,0,0,1,0,11,BRADLEY (11),0,NO APLICA,11,Noviembre,7,2022,13,56,I-75,1,Interestatal,Urbano,Interestatal,State Highway Agency,1,Sin jurisdiccion especial,189,35.31258889,-84.8046,Poste de Señal de trafico,El primer evento no fue una colision con un vehiculo automotor en transporte,Not an Intersection,No fue interseccion,Sobre el lado de la calle,Ninguna,Dia total,Despejado,No,NO APLICA,99,99,99,99,1,07/11/2022,1
47,Tennessee,471069,0,0,2,0,35,CUMBERLAND (35),0,NO APLICA,11,Noviembre,11,2022,99,99,I-40,1,Interestatal,Urbano,Interestatal,State Highway Agency,1,Sin jurisdiccion especial,178,35.9615,-84.98121111,Vehiculo en movimiento,Frente a frente,Not an Intersection,No fue interseccion,En el medio,Ninguna,Oscuro con iluminacion,lluvia,No,NO APLICA,99,99,99,99,1,11/11/2022,2
47,Tennessee,471070,0,0,1,0,75,HAYWOOD (75),0,NO APLICA,11,Noviembre,11,2022,99,99,I-40,1,Interestatal,Rural,Interestatal,State Highway Agency,1,Sin jurisdiccion especial,104,35.50098056,-89.26741944,Arbol,El primer evento no fue una colision con un vehiculo automotor en transporte,Not an Intersection,No fue interseccion,Sobre el lado de la calle,Ninguna,Oscuro sin iluminacion,Despejado,No,NO APLICA,99,99,99,99,1,11/11/2022,1
47,Tennessee,471071,0,0,1,0,93,KNOX (93),1300,KNOXVILLE,11,Noviembre,12,2022,11,50,US-441 SR-33 N BROADWAY,2,US Highway,Urbano,Arteria Principal,State Highway Agency,1,Sin jurisdiccion especial,85,35.98042222,-83.92334444,Poste,El primer evento no fue una colision con un vehiculo automotor en transporte,T-Intersection,Interseccion de T,Sobre el lado de la calle,Ninguna,Dia total,lluvia,No,NO APLICA,99,99,99,99,1,12/11/2022,1
47,Tennessee,471072,0,0,2,0,157,SHELBY (157),1620,MEMPHIS,11,Noviembre,13,2022,5,0,S HIGHLAND ST,6,Calle Local Municipalidad,Urbano,Arteria Menor,City or Municipal Highway Agency,0,Sin jurisdiccion especial,21,35.10789722,-89.94604167,Vehiculo en movimiento,Angulo,Four-Way Intersection,Interseccion de 4 direcciones,Sobre calle,Ninguna,Oscuro con iluminacion,Despejado,No,NO APLICA,99,99,99,99,2,13/11/2022,3
47,Tennessee,471073,0,0,1,0,59,GREENE (59),0,NO APLICA,11,Noviembre,13,2022,5,46,SR-351 CHUCKEY PK,3,Highway estatal,Rural,Colector Mayor,State Highway Agency,0,Sin jurisdiccion especial,148,36.18653056,-82.6808,Arbol,El primer evento no fue una colision con un vehiculo automotor en transporte,Not an Intersection,No fue interseccion,Sobre el lado de la calle,Ninguna,Oscuro sin iluminacion,Despejado,No,NO APLICA,5,42,6,28,1,13/11/2022,1
47,Tennessee,471074,2,2,3,2,157,SHELBY (157),1620,MEMPHIS,11,Noviembre,13,2022,6,1,SR-385 BILL MORRIS PKWY,3,Highway estatal,Urbano,Arterial Principal -Freeway o ExpressWay,State Highway Agency,1,Sin jurisdiccion especial,22,35.06780278,-89.84713889,Vehiculo Aparcado,El primer evento no fue una colision con un vehiculo automotor en transporte,Not an Intersection,No fue interseccion,Sobre el lado de la calle,Ninguna,Oscuro sin iluminacion,Despejado,No,NO APLICA,99,99,99,99,1,13/11/2022,1
47,Tennessee,471075,0,0,1,0,181,WAYNE (181),0,NO APLICA,11,Noviembre,1,2022,99,99,CR-MOCCASIN CREEK RD,4,Calle del Condado,Rural,Local,County Highway Agency,0,Sin jurisdiccion especial,15,35.38218889,-87.73696111,Arbol,El primer evento no fue una colision con un vehiculo automotor en transporte,Not an Intersection,No fue interseccion,Sobre el lado de la calle,Ninguna,Dia total,Despejado,No,NO APLICA,99,99,99,99,1,01/11/2022,1
47,Tennessee,471076,1,1,1,0,157,SHELBY (157),1620,MEMPHIS,11,Noviembre,14,2022,17,25,WINCHESTER RD,6,Calle Local Municipalidad,Urbano,Arteria Principal,State Highway Agency,1,Sin jurisdiccion especial,18,35.05029722,-89.87498889,Peaton,El primer evento no fue una colision con un vehiculo automotor en transporte,Four-Way Intersection,Interseccion de 4 direcciones,Sobre calle,Ninguna,Oscuro con iluminacion,Despejado,No,NO APLICA,99,99,99,99,1,14/11/2022,1
47,Tennessee,471077,1,1,1,0,43,DICKSON (43),640,DICKSON,11,Noviembre,8,2022,17,53,I-40,1,Interestatal,Rural,Interestatal,State Highway Agency,1,Sin jurisdiccion especial,85,36.01866111,-87.347,Peaton,El primer evento no fue una colision con un vehiculo automotor en transporte,Not an Intersection,No fue interseccion,Sobre Acotamiento,Ninguna,Oscuro sin iluminacion,Despejado,No,NO APLICA,99,99,99,99,1,08/11/2022,1
47,Tennessee,471078,0,0,1,0,157,SHELBY (157),0,NO APLICA,10,Octubre,19,2022,99,99,CR-CRESTWYN HILLS DR,4,Calle del Condado,Urbano,Local,County Highway Agency,0,Sin jurisdiccion especial,34,35.04443611,-89.75800278,Banqueta,El primer evento no fue una colision con un vehiculo automotor en transporte,Not an Intersection,No fue interseccion,Sobre el lado de la calle,Ninguna,Oscuro con iluminacion,Despejado,No,NO APLICA,99,99,99,99,1,19/10/2022,1
47,Tennessee,471079,1,1,1,0,157,SHELBY (157),1620,MEMPHIS,11,Noviembre,15,2022,5,45,GOODLETT ST,6,Calle Local Municipalidad,Urbano,Arteria Menor,City or Municipal Highway Agency,0,Sin jurisdiccion especial,52,35.11351389,-89.92596111,Peaton,El primer evento no fue una colision con un vehiculo automotor en transporte,T-Intersection,Interseccion de T,Sobre calle,Ninguna,Oscuro sin iluminacion,lluvia,No,NO APLICA,99,99,99,99,1,15/11/2022,4
47,Tennessee,471080,0,0,2,0,119,MAURY (119),470,COLUMBIA,9,Septiembre,27,2022,14,46,HATCHER LN,6,Calle Local Municipalidad,Urbano,Colector Mayor,City or Municipal Highway Agency,0,Sin jurisdiccion especial,8,35.60273889,-87.05063056,Vehiculo en movimiento,Frente a frente,T-Intersection,Interseccion de T,Sobre calle,Ninguna,Dia total,Despejado,No,NO APLICA,99,99,99,99,1,27/09/2022,2
47,Tennessee,471082,0,0,2,0,37,DAVIDSON (37),1760,NASHVILLE,11,Noviembre,12,2022,3,31,RICHARDS RD,6,Calle Local Municipalidad,Urbano,Colector Mayor,City or Municipal Highway Agency,0,Sin jurisdiccion especial,2,36.06883889,-86.67931111,Vehiculo en movimiento,Frente a frente,Not an Intersection,No fue interseccion,Sobre calle,Ninguna,Oscuro con iluminacion,Nublado,No,NO APLICA,99,99,99,99,1,12/11/2022,2
47,Tennessee,471083,0,0,2,0,157,SHELBY (157),1620,MEMPHIS,11,Noviembre,15,2022,18,40,WALNUT GROVE RD,6,Calle Local Municipalidad,Urbano,Arteria Menor,City or Municipal Highway Agency,0,Sin jurisdiccion especial,2,35.13111389,-89.79246944,Vehiculo en movimiento,Angulo,Four-Way Intersection,Interseccion de 4 direcciones,Sobre calle,Ninguna,Oscuro con iluminacion,Despejado,No,NO APLICA,99,99,99,99,1,15/11/2022,4
47,Tennessee,471085,0,0,2,0,113,MADISON (113),0,NO APLICA,11,Noviembre,14,2022,23,35,US-45 SR-5,2,US Highway,Urbano,Arteria Menor,State Highway Agency,0,Sin jurisdiccion especial,200,35.71956111,-88.83993889,Vehiculo en movimiento,Angulo,Not an Intersection,No fue interseccion,Sobre calle,Ninguna,Oscuro sin iluminacion,lluvia,No,NO APLICA,99,99,99,99,1,14/11/2022,2
47,Tennessee,471087,0,0,1,0,31,COFFEE (31),0,NO APLICA,11,Noviembre,16,2022,20,48,SR-53 WOODBURY HWY,3,Highway estatal,Rural,Arteria Menor,State Highway Agency,0,Sin jurisdiccion especial,97,35.62591944,-86.06926944,Acotamiento,El primer evento no fue una colision con un vehiculo automotor en transporte,Not an Intersection,No fue interseccion,Sobre el lado de la calle,Ninguna,Oscuro sin iluminacion,Despejado,No,NO APLICA,99,99,99,99,1,16/11/2022,1
47,Tennessee,471088,0,0,2,0,21,CHEATHAM (21),0,NO APLICA,11,Noviembre,11,2022,21,19,SR-250 PETWAY RD,3,Highway estatal,Rural,Colector Mayor,State Highway Agency,0,Sin jurisdiccion especial,10,36.20371111,-87.16076944,Vehiculo en movimiento,Frente a frente,Not an Intersection,No fue interseccion,Sobre calle,Ninguna,Oscuro sin iluminacion,Despejado,No,NO APLICA,99,99,99,99,2,11/11/2022,2
47,Tennessee,471089,0,0,1,0,123,MONROE (123),2369,SWEETWATER,7,Julio,15,2022,18,31,US-11 SR-2 N MAIN ST,2,US Highway,Urbano,Arteria Principal,State Highway Agency,1,Sin jurisdiccion especial,50,35.62538056,-84.44971944,Zanja,El primer evento no fue una colision con un vehiculo automotor en transporte,Not an Intersection,No fue interseccion,Sobre el lado de la calle,Ninguna,Dia total,Despejado,No,NO APLICA,99,99,99,99,1,15/07/2022,1
47,Tennessee,471090,0,0,2,0,51,FRANKLIN (51),820,ESTILL SPRINGS,9,Septiembre,17,2022,10,6,US-41A SR-16 MAIN ST,2,US Highway,Rural,Arteria Principal,State Highway Agency,1,Sin jurisdiccion especial,55,35.27901944,-86.13578056,Vehiculo en movimiento,Angulo,T-Intersection,Interseccion de T,Sobre calle,Ninguna,Dia total,Despejado,No,NO APLICA,99,99,99,99,1,17/09/2022,3
47,Tennessee,471091,0,0,1,0,93,KNOX (93),1300,KNOXVILLE,10,Octubre,15,2022,0,33,SR-62 OAK RIDGE HWY,3,Highway estatal,Urbano,Arteria Principal,State Highway Agency,1,Sin jurisdiccion especial,59,35.98088056,-84.09733889,Culvert,El primer evento no fue una colision con un vehiculo automotor en transporte,Not an Intersection,No fue interseccion,Sobre el lado de la calle,Ninguna,Oscuro sin iluminacion,Despejado,No,NO APLICA,99,99,99,99,1,15/10/2022,1
47,Tennessee,471092,0,0,1,0,93,KNOX (93),1300,KNOXVILLE,11,Noviembre,17,2022,0,37,CONCORD ST,6,Calle Local Municipalidad,Urbano,Colector Mayor,City or Municipal Highway Agency,0,Sin jurisdiccion especial,3,35.95368889,-83.94725833,Volcadura,El primer evento no fue una colision con un vehiculo automotor en transporte,Not an Intersection,No fue interseccion,Sobre el lado de la calle,Ninguna,Oscuro con iluminacion,Despejado,No,NO APLICA,99,99,99,99,1,17/11/2022,1
47,Tennessee,471093,0,0,2,0,1,ANDERSON (1),440,CLINTON,11,Noviembre,10,2022,18,12,SR-170 EDGEMOOR RD,3,Highway estatal,Urbano,Arteria Menor,State Highway Agency,0,Sin jurisdiccion especial,43,36.03171111,-84.14163889,Vehiculo en movimiento,Angulo,T-Intersection,Interseccion de T,Sobre calle,Ninguna,Oscuro sin iluminacion,Despejado,No,NO APLICA,99,99,99,99,2,10/11/2022,4