Estado,Nombre de Estado,Numero de Caso,Peatones,Personas _no_vehiculos,Vehiculos automotores,Vehiculos estacionados,Condado,Nombre Condado,Ciudad,Nombre Ciudad,Mes,Nombre Mes,Dia,Año,Hora,Minuto,Calle,Ruta,Nombre Ruta,Rural o Urbanoo,Sistema Funcional,Dueño Calle,Sistema Nacional Carreteras,Jurisdiccion Especial,Milla,Latitud,Longitud,Causa del Accidente,Tipo de Accidente,Tipo Interseccion,Columna1,Lugar en la calle,Zona de Trabajo,Luz,Clima,Autobus Escolar,Cruce de Trenes,Hora Notificacion,Minuto Notificacion,Hora Llegada,Minuto Llegada,Decesos,Fecha,PersonaVehiculo
47,Tennessee,471094,0,0,1,0,13,CAMPBELL (13),1320,LA FOLLETTE,11,Noviembre,15,2022,23,38,CR-FINCASTLE RD,4,Calle del Condado,Urbano,Local,County Highway Agency,0,Sin jurisdiccion especial,7,36.41981111,-84.05135,Barda,El primer evento no fue una colision con un vehiculo automotor en transporte,Not an Intersection,No fue interseccion,Sobre el lado de la calle,Ninguna,Oscuro sin iluminacion,Despejado,No,NO APLICA,99,99,99,99,1,15/11/2022,2
47,Tennessee,471095,1,1,1,0,125,MONTGOMERY (125),410,CLARKSVILLE,11,Noviembre,18,2022,17,10,US-41A/79 SR-12 PROVIDENCE BLV,2,US Highway,Urbano,Arteria Principal,State Highway Agency,1,Sin jurisdiccion especial,162,36.54966667,-87.38014444,Peaton,El primer evento no fue una colision con un vehiculo automotor en transporte,Not an Intersection,No fue interseccion,Sobre calle,Ninguna,Oscuro con iluminacion,Nublado,No,NO APLICA,99,99,99,99,1,18/11/2022,3
47,Tennessee,471096,0,0,2,0,35,CUMBERLAND (35),540,CROSSVILLE,11,Noviembre,19,2022,16,40,US-70/30 SR-1 SPARTA HWY,2,US Highway,Urbano,Arteria Principal,State Highway Agency,1,Sin jurisdiccion especial,123,35.9596,-85.05726944,Vehiculo en movimiento,Angulo,Y-Intersection,Interseccion de Y,Sobre calle,Ninguna,Dia total,Despejado,No,NO APLICA,99,99,99,99,2,19/11/2022,6
47,Tennessee,471097,0,0,1,0,91,JOHNSON (91),0,NO APLICA,10,Octubre,26,2022,10,45,SR-91,3,Highway estatal,Rural,Colector Mayor,State Highway Agency,0,Sin jurisdiccion especial,50,36.50281944,-81.79778056,Valla Ferrocarril,El primer evento no fue una colision con un vehiculo automotor en transporte,Not an Intersection,No fue interseccion,Sobre el lado de la calle,Ninguna,Dia total,Nublado,No,NO APLICA,99,99,99,99,1,26/10/2022,2
47,Tennessee,471098,0,0,1,0,181,WAYNE (181),0,NO APLICA,11,Noviembre,10,2022,16,14,SR-13 WAYNESBORO HWY,3,Highway estatal,Rural,Arteria Menor,State Highway Agency,0,Sin jurisdiccion especial,382,35.45251111,-87.77843889,Arbol,El primer evento no fue una colision con un vehiculo automotor en transporte,Not an Intersection,No fue interseccion,Sobre el lado de la calle,Ninguna,Atardecer,Nublado,No,NO APLICA,99,99,99,99,1,10/11/2022,1
47,Tennessee,471099,0,0,2,0,93,KNOX (93),1300,KNOXVILLE,11,Noviembre,13,2022,18,46,SR-62 OAK RIDGE HWY,3,Highway estatal,Urbano,Arteria Principal,State Highway Agency,0,Sin jurisdiccion especial,9,35.98283889,-84.18391944,Vehiculo en movimiento,Angulo,T-Intersection,Interseccion de T,Sobre calle,Ninguna,Oscuro sin iluminacion,Despejado,No,NO APLICA,99,99,99,99,1,13/11/2022,3
47,Tennessee,471100,0,0,1,0,125,MONTGOMERY (125),410,CLARKSVILLE,11,Noviembre,19,2022,17,45,CR-SOLAR WAY,4,Calle del Condado,Urbano,Colector Menor,County Highway Agency,0,Sin jurisdiccion especial,18,36.61585,-87.25718056,Poste,El primer evento no fue una colision con un vehiculo automotor en transporte,Not an Intersection,No fue interseccion,Sobre el lado de la calle,Ninguna,Oscuro sin iluminacion,Despejado,No,NO APLICA,99,99,99,99,1,19/11/2022,1
47,Tennessee,471101,0,0,2,0,139,POLK (139),623,DELANO,11,Noviembre,20,2022,18,17,US-411 SR-30 TENNESSEE AVE,2,US Highway,Rural,Arteria Principal,State Highway Agency,1,Sin jurisdiccion especial,7,35.25724722,-84.55318889,Vehiculo en movimiento,Angulo,T-Intersection,Interseccion de T,Sobre calle,Ninguna,Oscuro sin iluminacion,Despejado,No,NO APLICA,99,99,99,99,1,20/11/2022,5
47,Tennessee,471102,0,0,2,0,51,FRANKLIN (51),0,NO APLICA,11,Noviembre,20,2022,19,28,US-64 SR-15 DAVID CROCKETT HWY,2,US Highway,Rural,Arteria Principal,State Highway Agency,1,Sin jurisdiccion especial,31,35.07581111,-86.26653056,Vehiculo en movimiento,Frente a frente,Not an Intersection,No fue interseccion,Sobre calle,Ninguna,Oscuro sin iluminacion,Reportado como desconocido,No,NO APLICA,99,99,99,99,1,20/11/2022,2
47,Tennessee,471103,0,0,3,0,93,KNOX (93),1300,KNOXVILLE,11,Noviembre,18,2022,1,31,I-140 PELLISSIPPI HWY,1,Interestatal,Urbano,Interestatal,State Highway Agency,1,Sin jurisdiccion especial,13,35.89330278,-84.11460278,Vehiculo en movimiento,Frente a frente,Not an Intersection,No fue interseccion,Sobre calle,Ninguna,Oscuro sin iluminacion,Despejado,No,NO APLICA,99,99,99,99,2,18/11/2022,4
47,Tennessee,471104,0,0,1,0,127,MOORE (127),0,NO APLICA,11,Noviembre,21,2022,1,0,CR-CHESTNUT RIDGE RD,4,Calle del Condado,Rural,Colector Menor,County Highway Agency,0,Sin jurisdiccion especial,47,35.26363056,-86.28756111,Arbol,El primer evento no fue una colision con un vehiculo automotor en transporte,Not an Intersection,No fue interseccion,Sobre el lado de la calle,Ninguna,Oscuro sin iluminacion,Despejado,No,NO APLICA,99,99,99,99,1,21/11/2022,1
47,Tennessee,471106,0,0,1,0,163,SULLIVAN (163),1280,KINGSPORT,11,Noviembre,22,2022,15,21,US-11W SR-1 W STONE DR,2,US Highway,Urbano,Arteria Principal,State Highway Agency,1,Sin jurisdiccion especial,3,36.55476944,-82.60923889,Arbol,El primer evento no fue una colision con un vehiculo automotor en transporte,Not an Intersection,No fue interseccion,Sobre el lado de la calle,Ninguna,Dia total,Despejado,No,NO APLICA,99,99,99,99,1,22/11/2022,1
47,Tennessee,471107,0,0,1,0,65,HAMILTON (65),0,NO APLICA,11,Noviembre,3,2022,15,15,CR-PROVIDENCE RD,4,Calle del Condado,Rural,Colector Menor,County Highway Agency,0,Sin jurisdiccion especial,42,35.41513889,-85.06881944,Alguien se cayo/avento del vehiculo,El primer evento no fue una colision con un vehiculo automotor en transporte,Not an Intersection,No fue interseccion,Sobre calle,Ninguna,Dia total,Despejado,No,NO APLICA,99,99,99,99,1,03/11/2022,2
47,Tennessee,471108,1,1,3,0,93,KNOX (93),1300,KNOXVILLE,11,Noviembre,19,2022,20,20,US-11/70 SR-1 E MAGNOLIA AVE,2,US Highway,Urbano,Arteria Principal,State Highway Agency,1,Sin jurisdiccion especial,232,35.99103333,-83.89015,Peaton,El primer evento no fue una colision con un vehiculo automotor en transporte,Not an Intersection,No fue interseccion,Sobre calle,Ninguna,Oscuro con iluminacion,Despejado,No,NO APLICA,99,99,99,99,1,19/11/2022,3
47,Tennessee,471109,0,0,2,0,31,COFFEE (31),0,NO APLICA,11,Noviembre,22,2022,5,25,SR-55 MCMINNVILLE HWY,3,Highway estatal,Urbano,Arteria Principal,State Highway Agency,1,Sin jurisdiccion especial,158,35.4998,-86.06243889,Vehiculo en movimiento,Frente a Detrás,Not an Intersection,No fue interseccion,Sobre calle,Ninguna,Oscuro sin iluminacion,Despejado,No,NO APLICA,99,99,99,99,1,22/11/2022,2
47,Tennessee,471110,0,0,2,0,157,SHELBY (157),1620,MEMPHIS,11,Noviembre,22,2022,17,19,SR-4 EH CRUMP BLVD,3,Highway estatal,Urbano,Arteria Principal,State Highway Agency,1,Sin jurisdiccion especial,134,35.129875,-90.03478056,Vehiculo en movimiento,Angulo,Not an Intersection,No fue interseccion,Sobre calle,Ninguna,Oscuro con iluminacion,Despejado,No,NO APLICA,99,99,99,99,1,22/11/2022,3
47,Tennessee,471112,0,0,1,0,105,LOUDON (105),0,NO APLICA,11,Noviembre,24,2022,16,20,I-75,1,Interestatal,Urbano,Interestatal,State Highway Agency,1,Sin jurisdiccion especial,172,35.85771111,-84.26118889,Volcadura,El primer evento no fue una colision con un vehiculo automotor en transporte,Not an Intersection,No fue interseccion,En el medio,Ninguna,Dia total,Despejado,No,NO APLICA,99,99,99,99,1,24/11/2022,2
47,Tennessee,471113,1,1,1,0,157,SHELBY (157),1620,MEMPHIS,11,Noviembre,24,2022,21,50,SR-175 SHELBY DR,3,Highway estatal,Urbano,Arteria Menor,State Highway Agency,0,Sin jurisdiccion especial,34,35.02084444,-90.04756111,Peaton,El primer evento no fue una colision con un vehiculo automotor en transporte,Not an Intersection,No fue interseccion,Sobre calle,Ninguna,Oscuro con iluminacion,lluvia,No,NO APLICA,99,99,99,99,1,24/11/2022,1
47,Tennessee,471114,0,0,1,0,35,CUMBERLAND (35),0,NO APLICA,11,Noviembre,19,2022,0,25,CR-CAMILLE RD,4,Calle del Condado,Rural,Local,County Highway Agency,0,Sin jurisdiccion especial,0,35.78591944,-85.05453889,Barda,El primer evento no fue una colision con un vehiculo automotor en transporte,Not an Intersection,No fue interseccion,Sobre el lado de la calle,Ninguna,Oscuro sin iluminacion,Despejado,No,NO APLICA,99,99,99,99,1,19/11/2022,1
47,Tennessee,471116,0,0,1,0,157,SHELBY (157),1620,MEMPHIS,11,Noviembre,26,2022,15,28,I-55,1,Interestatal,Urbano,Interestatal,State Highway Agency,1,Sin jurisdiccion especial,18,35.02102222,-90.00268056,Poste,El primer evento no fue una colision con un vehiculo automotor en transporte,Not an Intersection,No fue interseccion,Sobre el lado de la calle,Ninguna,Dia total,lluvia,No,NO APLICA,99,99,99,99,1,26/11/2022,2
47,Tennessee,471117,1,1,1,0,157,SHELBY (157),1620,MEMPHIS,11,Noviembre,26,2022,20,52,SR-14 JACKSON AVE,3,Highway estatal,Urbano,Arteria Principal,State Highway Agency,1,Sin jurisdiccion especial,186,35.17783333,-89.93743889,Peaton,El primer evento no fue una colision con un vehiculo automotor en transporte,Not an Intersection,No fue interseccion,Sobre calle,Ninguna,Oscuro con iluminacion,Despejado,No,NO APLICA,99,99,99,99,1,26/11/2022,1
47,Tennessee,471118,0,0,1,0,93,KNOX (93),1300,KNOXVILLE,11,Noviembre,26,2022,8,27,SR-168 W GOV JOHN SEVIER HWY,3,Highway estatal,Urbano,Arteria Menor,State Highway Agency,0,Sin jurisdiccion especial,59,35.90133889,-83.85086944,Culvert,El primer evento no fue una colision con un vehiculo automotor en transporte,Not an Intersection,No fue interseccion,Sobre el lado de la calle,Ninguna,Oscuro sin iluminacion,Despejado,No,NO APLICA,99,99,99,99,1,26/11/2022,1
47,Tennessee,471119,1,1,1,0,149,RUTHERFORD (149),0,NO APLICA,11,Noviembre,19,2022,1,48,I-24,1,Interestatal,Urbano,Interestatal,State Highway Agency,1,Sin jurisdiccion especial,20,35.98838889,-86.58563889,Ciclista,El primer evento no fue una colision con un vehiculo automotor en transporte,Not an Intersection,No fue interseccion,Sobre calle,Ninguna,Oscuro sin iluminacion,Despejado,No,NO APLICA,99,99,99,99,1,19/11/2022,1
47,Tennessee,471120,0,1,2,1,107,MCMINN (107),0,NO APLICA,11,Noviembre,21,2022,23,0,I-75 RAMP,1,Interestatal,Rural,Interestatal,State Highway Agency,1,Sin jurisdiccion especial,74,35.3938,-84.71885,Vehiculo Aparcado,El primer evento no fue una colision con un vehiculo automotor en transporte,Not an Intersection,No fue interseccion,Sobre Acotamiento,Ninguna,Oscuro sin iluminacion,No reportado,No,NO APLICA,99,99,99,99,1,21/11/2022,1
47,Tennessee,471121,0,0,1,0,43,DICKSON (43),0,NO APLICA,11,Noviembre,24,2022,7,14,SR-48,3,Highway estatal,Rural,Arteria Menor,State Highway Agency,0,Sin jurisdiccion especial,199,36.21436111,-87.34323056,Arbol,El primer evento no fue una colision con un vehiculo automotor en transporte,Not an Intersection,No fue interseccion,Sobre el lado de la calle,Ninguna,Dia total,Nublado,No,NO APLICA,99,99,99,99,1,24/11/2022,1
47,Tennessee,471122,0,0,2,0,185,WHITE (185),0,NO APLICA,10,Octubre,23,2022,13,48,SR-135 BURGESS FALLS RD,3,Highway estatal,Rural,Colector Mayor,State Highway Agency,0,Sin jurisdiccion especial,79,36.02998056,-85.58553056,Vehiculo en movimiento,Golpe Lateral - direccion contraria,Not an Intersection,No fue interseccion,Sobre calle,Ninguna,Dia total,Despejado,No,NO APLICA,99,99,99,99,1,23/10/2022,2
47,Tennessee,471123,1,1,1,0,157,SHELBY (157),1620,MEMPHIS,11,Noviembre,8,2022,22,54,SR-14 JACKSON AVE,3,Highway estatal,Urbano,Arteria Principal,State Highway Agency,1,Sin jurisdiccion especial,133,35.15800556,-90.02073889,Peaton,El primer evento no fue una colision con un vehiculo automotor en transporte,Not an Intersection,No fue interseccion,Sobre calle,Ninguna,Oscuro sin iluminacion,Despejado,No,NO APLICA,99,99,99,99,1,08/11/2022,1
47,Tennessee,471124,1,1,1,0,37,DAVIDSON (37),1760,NASHVILLE,11,Noviembre,25,2022,18,15,US-31W/41 SR-11 DICKERSON PK,2,US Highway,Urbano,Arteria Principal,State Highway Agency,1,Sin jurisdiccion especial,154,36.21213889,-86.76503889,Peaton,El primer evento no fue una colision con un vehiculo automotor en transporte,Not an Intersection,No fue interseccion,Sobre calle,Ninguna,Oscuro con iluminacion,Despejado,No,NO APLICA,99,99,99,99,1,25/11/2022,1
47,Tennessee,471125,2,2,1,0,37,DAVIDSON (37),1760,NASHVILLE,11,Noviembre,26,2022,22,6,OPRY MILLS DR,6,Calle Local Municipalidad,Urbano,Local,City or Municipal Highway Agency,0,Sin jurisdiccion especial,99998,36.20513056,-86.69596944,Peaton,El primer evento no fue una colision con un vehiculo automotor en transporte,Not an Intersection,No fue interseccion,Sobre calle,Ninguna,Oscuro con iluminacion,lluvia,No,NO APLICA,99,99,99,99,1,26/11/2022,1
47,Tennessee,471126,1,1,1,0,157,SHELBY (157),1620,MEMPHIS,11,Noviembre,23,2022,5,35,US-31/51 SR-3,2,US Highway,Urbano,Arteria Principal,State Highway Agency,1,Sin jurisdiccion especial,207,35.25806111,-89.99516944,Peaton,El primer evento no fue una colision con un vehiculo automotor en transporte,Not an Intersection,No fue interseccion,Sobre calle,Ninguna,Oscuro sin iluminacion,Despejado,No,NO APLICA,99,99,99,99,1,23/11/2022,1
47,Tennessee,471127,0,0,2,0,47,FAYETTE (47),0,NO APLICA,11,Noviembre,23,2022,12,55,I-40,1,Interestatal,Rural,Interestatal,State Highway Agency,1,Sin jurisdiccion especial,160,35.39926111,-89.4008,Volcadura,El primer evento no fue una colision con un vehiculo automotor en transporte,Not an Intersection,No fue interseccion,Sobre calle,Ninguna,Dia total,Despejado,No,NO APLICA,99,99,99,99,1,23/11/2022,3
47,Tennessee,471129,0,0,1,0,45,DYER (45),0,NO APLICA,11,Noviembre,29,2022,22,1,CR-OLD HWY 20,4,Calle del Condado,Rural,Colector Menor,County Highway Agency,0,Sin jurisdiccion especial,50,35.95106111,-89.24301111,Zanja,El primer evento no fue una colision con un vehiculo automotor en transporte,Y-Intersection,Interseccion de Y,Sobre el lado de la calle,Ninguna,Oscuro sin iluminacion,Nublado,No,NO APLICA,99,99,99,99,1,29/11/2022,1
47,Tennessee,471130,0,0,2,0,105,LOUDON (105),1460,LOUDON,11,Noviembre,14,2022,13,5,US-11 SR-2 W LEE HWY,2,US Highway,Urbano,Arteria Principal,State Highway Agency,0,Sin jurisdiccion especial,47,35.71841111,-84.35828889,Vehiculo en movimiento,Angulo,Four-Way Intersection,Interseccion de 4 direcciones,Sobre calle,Ninguna,Dia total,Despejado,No,NO APLICA,99,99,99,99,1,14/11/2022,2
47,Tennessee,471131,0,0,1,0,11,BRADLEY (11),0,NO APLICA,11,Noviembre,23,2022,17,45,SR-317 WEATHERLY SWITCH TRL SW,3,Highway estatal,Rural,Colector Mayor,State Highway Agency,0,Sin jurisdiccion especial,1,35.00935,-84.9626,Arbol,El primer evento no fue una colision con un vehiculo automotor en transporte,Not an Intersection,No fue interseccion,Sobre el lado de la calle,Ninguna,Atardecer,Despejado,No,NO APLICA,99,99,99,99,1,23/11/2022,2
47,Tennessee,471132,0,0,1,0,187,WILLIAMSON (187),833,FAIRVIEW,11,Noviembre,28,2022,19,43,SR-96,3,Highway estatal,Urbano,Arteria Principal,State Highway Agency,0,Sin jurisdiccion especial,18,36.01618056,-87.15803056,Arbol,El primer evento no fue una colision con un vehiculo automotor en transporte,Not an Intersection,No fue interseccion,Sobre el lado de la calle,Ninguna,Oscuro sin iluminacion,Despejado,No,NO APLICA,99,99,99,99,1,28/11/2022,2
47,Tennessee,471133,0,0,1,0,93,KNOX (93),0,NO APLICA,11,Noviembre,30,2022,9,45,CR-SOLWAY RD,4,Calle del Condado,Urbano,Colector Menor,County Highway Agency,0,Sin jurisdiccion especial,24,35.95372222,-84.16571111,Culvert,El primer evento no fue una colision con un vehiculo automotor en transporte,T-Intersection,Interseccion de T,Sobre el lado de la calle,Ninguna,Otra,lluvia,No,NO APLICA,99,99,99,99,2,30/11/2022,2
47,Tennessee,471134,0,1,2,1,77,HENDERSON (77),0,NO APLICA,10,Octubre,30,2022,22,50,I-40,1,Interestatal,Rural,Interestatal,State Highway Agency,1,Sin jurisdiccion especial,71,35.76011944,-88.49058889,Vehiculo Aparcado,El primer evento no fue una colision con un vehiculo automotor en transporte,Not an Intersection,No fue interseccion,Sobre el lado de la calle,Ninguna,Oscuro sin iluminacion,Nublado,No,NO APLICA,99,99,99,99,1,30/10/2022,1
47,Tennessee,471135,0,0,1,0,119,MAURY (119),1045,HAMPSHIRE,11,Noviembre,23,2022,20,56,US-412 SR-99 HAMPSHIRE PK,2,US Highway,Rural,Arteria Principal,State Highway Agency,1,Sin jurisdiccion especial,25,35.5952,-87.29725,Puente de Ferrocarril,El primer evento no fue una colision con un vehiculo automotor en transporte,Not an Intersection,No fue interseccion,Sobre el lado de la calle,Ninguna,Oscuro sin iluminacion,Despejado,No,NO APLICA,99,99,99,99,1,23/11/2022,1
47,Tennessee,471136,0,0,1,0,31,COFFEE (31),0,NO APLICA,11,Noviembre,10,2022,4,52,I-24,1,Interestatal,Rural,Interestatal,State Highway Agency,1,Sin jurisdiccion especial,262,35.35208056,-85.95021944,Acotamiento,El primer evento no fue una colision con un vehiculo automotor en transporte,Not an Intersection,No fue interseccion,Sobre el lado de la calle,Ninguna,Amanecer,Despejado,No,NO APLICA,99,99,99,99,1,10/11/2022,1
47,Tennessee,471137,0,0,2,0,189,WILSON (189),0,NO APLICA,10,Octubre,7,2022,12,34,SR-109,3,Highway estatal,Urbano,Arteria Principal,State Highway Agency,1,Sin jurisdiccion especial,89,36.25231111,-86.43625,Vehiculo en movimiento,Angulo,T-Intersection,Interseccion de T,Sobre calle,Ninguna,Dia total,Despejado,No,NO APLICA,99,99,99,99,1,07/10/2022,2
47,Tennessee,471138,0,0,5,1,157,SHELBY (157),1620,MEMPHIS,12,Diciembre,2,2022,0,33,I-240,1,Interestatal,Urbano,Interestatal,State Highway Agency,1,Sin jurisdiccion especial,155,35.10181389,-89.87006111,Vehiculo Aparcado,El primer evento no fue una colision con un vehiculo automotor en transporte,Not an Intersection,No fue interseccion,Sobre Acotamiento,Ninguna,Oscuro con iluminacion,Despejado,No,NO APLICA,99,99,99,99,1,02/12/2022,6
47,Tennessee,471139,1,1,1,0,157,SHELBY (157),1620,MEMPHIS,12,Diciembre,2,2022,17,35,SR-204 COVINGTON PK,3,Highway estatal,Urbano,Arteria Principal,State Highway Agency,1,Sin jurisdiccion especial,41,35.22731944,-89.89298056,Ciclista,El primer evento no fue una colision con un vehiculo automotor en transporte,Not an Intersection,No fue interseccion,Sobre calle,Ninguna,Oscuro con iluminacion,Despejado,No,NO APLICA,99,99,99,99,1,02/12/2022,1
47,Tennessee,471140,0,0,1,0,157,SHELBY (157),1620,MEMPHIS,12,Diciembre,1,2022,3,44,I-40,1,Interestatal,Urbano,Interestatal,State Highway Agency,1,Sin jurisdiccion especial,166,35.17046944,-89.8482,Arbol,El primer evento no fue una colision con un vehiculo automotor en transporte,Not an Intersection,No fue interseccion,Sobre el lado de la calle,Ninguna,Oscuro con iluminacion,Despejado,No,NO APLICA,99,99,99,99,1,01/12/2022,1
47,Tennessee,471141,0,0,3,0,93,KNOX (93),1300,KNOXVILLE,10,Octubre,23,2022,15,36,I-40,1,Interestatal,Urbano,Interestatal,State Highway Agency,1,Sin jurisdiccion especial,300,36.004525,-83.75941944,Vehiculo en movimiento,Frente a Detrás,Not an Intersection,No fue interseccion,Sobre calle,Ninguna,Dia total,Despejado,No,NO APLICA,99,99,99,99,1,23/10/2022,5
47,Tennessee,471142,0,0,2,0,93,KNOX (93),1300,KNOXVILLE,10,Octubre,26,2022,21,46,GLEASON DR,6,Calle Local Municipalidad,Urbano,Colector Mayor,City or Municipal Highway Agency,0,Sin jurisdiccion especial,25,35.920475,-84.043475,Vehiculo en movimiento,Angulo,Not an Intersection,No fue interseccion,Sobre calle,Ninguna,Oscuro sin iluminacion,Despejado,No,NO APLICA,99,99,99,99,1,26/10/2022,3
47,Tennessee,471143,0,0,1,0,155,SEVIER (155),0,NO APLICA,11,Noviembre,20,2022,3,10,CR-ROBERT HENDERSON RD,4,Calle del Condado,Rural,Colector Menor,County Highway Agency,0,Sin jurisdiccion especial,25,35.86965,-83.50931944,Arbol,El primer evento no fue una colision con un vehiculo automotor en transporte,Not an Intersection,No fue interseccion,Sobre el lado de la calle,Ninguna,Oscuro sin iluminacion,Despejado,No,NO APLICA,99,99,99,99,1,20/11/2022,2
47,Tennessee,471144,0,0,1,0,17,CARROLL (17),0,NO APLICA,12,Diciembre,3,2022,7,55,US-70 SR-1,2,US Highway,Rural,Arteria Menor,State Highway Agency,0,Sin jurisdiccion especial,153,35.95036111,-88.47023889,Arbol,El primer evento no fue una colision con un vehiculo automotor en transporte,Not an Intersection,No fue interseccion,Sobre el lado de la calle,Ninguna,Dia total,Nublado,No,NO APLICA,99,99,99,99,1,03/12/2022,1
47,Tennessee,471145,0,0,2,0,1,ANDERSON (1),1850,OAK RIDGE,12,Diciembre,3,2022,17,6,SR-62 S ILLINOIS AVE,3,Highway estatal,Urbano,Arteria Principal,State Highway Agency,1,Sin jurisdiccion especial,37,36.00148056,-84.24238056,Vehiculo en movimiento,Frente a frente,Not an Intersection,No fue interseccion,Sobre calle,Ninguna,Atardecer,Despejado,No,NO APLICA,99,99,99,99,1,03/12/2022,2
47,Tennessee,471146,0,0,1,0,47,FAYETTE (47),2270,SOMERVILLE,9,Septiembre,23,2022,17,13,SR-76,3,Highway estatal,Rural,Arteria Menor,State Highway Agency,0,Sin jurisdiccion especial,113,35.22076111,-89.34971111,Poste de Señal de trafico,El primer evento no fue una colision con un vehiculo automotor en transporte,Y-Intersection,Interseccion de Y,Sobre el lado de la calle,Ninguna,Dia total,Despejado,No,NO APLICA,99,99,99,99,1,23/09/2022,1
47,Tennessee,471147,0,0,1,0,73,HAWKINS (73),405,CHURCH HILL,11,Noviembre,24,2022,19,51,US-11W SR-1,2,US Highway,Urbano,Arteria Principal,State Highway Agency,1,Sin jurisdiccion especial,359,36.52008056,-82.7,Arbol,El primer evento no fue una colision con un vehiculo automotor en transporte,Not an Intersection,No fue interseccion,Sobre el lado de la calle,Ninguna,Oscuro con iluminacion,Despejado,No,NO APLICA,99,99,99,99,1,24/11/2022,1
47,Tennessee,471148,0,0,1,0,49,FENTRESS (49),0,NO APLICA,11,Noviembre,30,2022,13,30,CR-ALF THREET RD,4,Calle del Condado,Rural,Local,County Highway Agency,0,Sin jurisdiccion especial,11,36.3962,-84.92731944,Volcadura,El primer evento no fue una colision con un vehiculo automotor en transporte,Not an Intersection,No fue interseccion,Sobre el lado de la calle,Ninguna,Dia total,Despejado,No,NO APLICA,99,99,99,99,1,30/11/2022,1
47,Tennessee,471149,1,1,1,0,37,DAVIDSON (37),1760,NASHVILLE,11,Noviembre,30,2022,20,20,US-31A/41 SR-1 LAFAYETTE ST,2,US Highway,Urbano,Arteria Principal,State Highway Agency,1,Sin jurisdiccion especial,184,36.15165,-86.7708,Peaton,El primer evento no fue una colision con un vehiculo automotor en transporte,Not an Intersection,No fue interseccion,Sobre calle,Ninguna,Oscuro sin iluminacion,Despejado,No,NO APLICA,99,99,99,99,1,30/11/2022,1
47,Tennessee,471150,0,0,1,0,91,JOHNSON (91),0,NO APLICA,11,Noviembre,25,2022,20,17,CR-NORRIS RD,4,Calle del Condado,Rural,Local,County Highway Agency,0,Sin jurisdiccion especial,6,36.2969,-81.97381111,Otro objeto (no fijo),El primer evento no fue una colision con un vehiculo automotor en transporte,Not an Intersection,No fue interseccion,Sobre el lado de la calle,Ninguna,Oscuro sin iluminacion,Despejado,No,NO APLICA,99,99,99,99,1,25/11/2022,1
47,Tennessee,471151,0,0,1,0,65,HAMILTON (65),0,NO APLICA,12,Diciembre,5,2022,7,4,CR-HALE RD,4,Calle del Condado,Urbano,Local,County Highway Agency,0,Sin jurisdiccion especial,3,35.1882,-85.18178056,Arbol,El primer evento no fue una colision con un vehiculo automotor en transporte,Not an Intersection,No fue interseccion,Sobre el lado de la calle,Ninguna,Amanecer,lluvia,No,NO APLICA,99,99,99,99,1,05/12/2022,2
47,Tennessee,471152,0,0,1,0,149,RUTHERFORD (149),1345,LA VERGNE,11,Noviembre,27,2022,8,20,WALDRON RD,6,Calle Local Municipalidad,Urbano,Local,City or Municipal Highway Agency,0,Sin jurisdiccion especial,18,35.96961111,-86.60036944,Arbol,El primer evento no fue una colision con un vehiculo automotor en transporte,Not an Intersection,No fue interseccion,Sobre el lado de la calle,Ninguna,Dia total,Despejado,No,NO APLICA,99,99,99,99,1,27/11/2022,1
47,Tennessee,471153,0,0,1,0,35,CUMBERLAND (35),0,NO APLICA,12,Diciembre,5,2022,14,33,SR-101 LANTANA RD,3,Highway estatal,Urbano,Colector Mayor,State Highway Agency,0,Sin jurisdiccion especial,110,35.89436944,-85.07951111,Volcadura,El primer evento no fue una colision con un vehiculo automotor en transporte,Not an Intersection,No fue interseccion,Sobre el lado de la calle,Ninguna,Dia total,lluvia,No,NO APLICA,99,99,99,99,1,05/12/2022,1
47,Tennessee,471154,0,0,3,0,89,JEFFERSON (89),0,NO APLICA,12,Diciembre,5,2022,22,39,I-40,1,Interestatal,Rural,Interestatal,State Highway Agency,1,Sin jurisdiccion especial,29,36.01086111,-83.52251111,Vehiculo en movimiento,Angulo,Not an Intersection,No fue interseccion,Sobre calle,Ninguna,Oscuro sin iluminacion,lluvia,No,NO APLICA,99,99,99,99,1,05/12/2022,3
47,Tennessee,471155,1,1,1,0,157,SHELBY (157),1620,MEMPHIS,12,Diciembre,6,2022,99,99,KIRBY PKWY,6,Calle Local Municipalidad,Urbano,Arteria Menor,City or Municipal Highway Agency,0,Sin jurisdiccion especial,48,35.06425556,-89.84373056,Peaton,El primer evento no fue una colision con un vehiculo automotor en transporte,Not an Intersection,No fue interseccion,Sobre calle,Ninguna,Oscuro con iluminacion,lluvia,No,NO APLICA,99,99,99,99,1,06/12/2022,1
47,Tennessee,471156,0,0,4,0,177,WARREN (177),0,NO APLICA,12,Diciembre,6,2022,6,45,SR-55 MANCHESTER HWY,3,Highway estatal,Urbano,Arteria Principal,State Highway Agency,1,Sin jurisdiccion especial,70,35.63785,-85.84266111,Vehiculo en movimiento,Frente a frente,Not an Intersection,No fue interseccion,Sobre calle,Ninguna,Dia total,lluvia,No,NO APLICA,99,99,99,99,2,06/12/2022,5