Estado,Nombre de Estado,Numero de Caso,Peatones,Personas _no_vehiculos,Vehiculos automotores,Vehiculos estacionados,Condado,Nombre Condado,Ciudad,Nombre Ciudad,Mes,Nombre Mes,Dia,Año,Hora,Minuto,Calle,Ruta,Nombre Ruta,Rural o Urbanoo,Sistema Funcional,Dueño Calle,Sistema Nacional Carreteras,Jurisdiccion Especial,Milla,Latitud,Longitud,Causa del Accidente,Tipo de Accidente,Tipo Interseccion,Columna1,Lugar en la calle,Zona de Trabajo,Luz,Clima,Autobus Escolar,Cruce de Trenes,Hora Notificacion,Minuto Notificacion,Hora Llegada,Minuto Llegada,Decesos,Fecha,PersonaVehiculo
47,Tennessee,471158,1,1,1,0,157,SHELBY (157),1620,MEMPHIS,12,Diciembre,1,2022,23,33,MCCRORY RD,6,Calle Local Municipalidad,Urbano,Arteria Menor,City or Municipal Highway Agency,0,Sin jurisdiccion especial,94,35.16092222,-89.90584444,Peaton,El primer evento no fue una colision con un vehiculo automotor en transporte,Four-Way Intersection,Interseccion de 4 direcciones,Sobre calle,Ninguna,Oscuro con iluminacion,Despejado,No,NO APLICA,99,99,99,99,1,01/12/2022,1
47,Tennessee,471159,1,1,1,0,157,SHELBY (157),1620,MEMPHIS,12,Diciembre,6,2022,18,55,RIVERDALE RD,6,Calle Local Municipalidad,Urbano,Arteria Principal,City or Municipal Highway Agency,1,Sin jurisdiccion especial,17,35.01888889,-89.83071944,Peaton,El primer evento no fue una colision con un vehiculo automotor en transporte,Not an Intersection,No fue interseccion,Sobre calle,Ninguna,Oscuro con iluminacion,lluvia,No,NO APLICA,99,99,99,99,1,06/12/2022,1
47,Tennessee,471161,0,0,1,0,51,FRANKLIN (51),0,NO APLICA,12,Diciembre,5,2022,15,40,SR-130 OLD TULLAHOMA RD,3,Highway estatal,Rural,Colector Mayor,State Highway Agency,0,Sin jurisdiccion especial,101,35.22153889,-86.16793056,Acotamiento,El primer evento no fue una colision con un vehiculo automotor en transporte,Not an Intersection,No fue interseccion,Sobre el lado de la calle,Ninguna,Dia total,lluvia,No,NO APLICA,99,99,99,99,1,05/12/2022,3
47,Tennessee,471162,0,0,1,0,73,HAWKINS (73),0,NO APLICA,10,Octubre,30,2022,15,0,CR-STANLEY VALLEY RD,4,Calle del Condado,Rural,Colector Menor,County Highway Agency,0,Sin jurisdiccion especial,15,36.47315,-82.9449,Zanja,El primer evento no fue una colision con un vehiculo automotor en transporte,Not an Intersection,No fue interseccion,Sobre el lado de la calle,Ninguna,Dia total,Nublado,No,NO APLICA,99,99,99,99,1,30/10/2022,1
47,Tennessee,471163,1,1,1,0,37,DAVIDSON (37),1760,NASHVILLE,12,Diciembre,6,2022,17,47,OAKWOOD AVE,6,Calle Local Municipalidad,Urbano,Local,City or Municipal Highway Agency,0,Sin jurisdiccion especial,4,36.21078056,-86.75371944,Peaton,El primer evento no fue una colision con un vehiculo automotor en transporte,Four-Way Intersection,Interseccion de 4 direcciones,Sobre calle,Ninguna,Oscuro con iluminacion,lluvia,No,NO APLICA,99,99,99,99,1,06/12/2022,1
47,Tennessee,471164,0,0,1,0,101,LEWIS (101),0,NO APLICA,12,Diciembre,8,2022,12,20,CR-NAPIER LAKE RD,4,Calle del Condado,Rural,Colector Menor,County Highway Agency,0,Sin jurisdiccion especial,26,35.45041111,-87.50563889,Arbol,El primer evento no fue una colision con un vehiculo automotor en transporte,Not an Intersection,No fue interseccion,Sobre el lado de la calle,Ninguna,Dia total,lluvia,No,NO APLICA,99,99,99,99,1,08/12/2022,3
47,Tennessee,471165,0,0,2,0,59,GREENE (59),1715,MOSHEIM,11,Noviembre,14,2022,13,20,US-11E SR-34 W ANDREW JOHNSON,2,US Highway,Rural,Arteria Principal,State Highway Agency,1,Sin jurisdiccion especial,80,36.18803056,-82.96005,Vehiculo en movimiento,Angulo,Four-Way Intersection,Interseccion de 4 direcciones,Sobre calle,Ninguna,Dia total,Despejado,No,NO APLICA,99,99,99,99,1,14/11/2022,2
47,Tennessee,471166,0,0,1,0,147,ROBERTSON (147),0,NO APLICA,11,Noviembre,19,2022,8,29,I-65,1,Interestatal,Urbano,Interestatal,State Highway Agency,1,Sin jurisdiccion especial,164,36.62008056,-86.57728889,Fin de valla,El primer evento no fue una colision con un vehiculo automotor en transporte,Not an Intersection,No fue interseccion,En el medio,Construccion,Dia total,Despejado,No,NO APLICA,99,99,99,99,1,19/11/2022,2
47,Tennessee,471167,0,0,2,0,17,CARROLL (17),0,NO APLICA,11,Noviembre,22,2022,8,50,SR-22 HUNTINGDON MCKENZIE HWY,3,Highway estatal,Rural,Arteria Principal,State Highway Agency,1,Sin jurisdiccion especial,173,36.05376944,-88.45721944,Vehiculo en movimiento,Frente a Detrás,Not an Intersection,No fue interseccion,Sobre calle,Ninguna,Oscuro sin iluminacion,Despejado,No,NO APLICA,99,99,99,99,1,22/11/2022,2
47,Tennessee,471168,0,0,2,1,157,SHELBY (157),0,NO APLICA,12,Diciembre,8,2022,16,15,SR-175 SHELBY DR,3,Highway estatal,Urbano,Arteria Menor,State Highway Agency,0,Sin jurisdiccion especial,176,35.02041944,-89.798675,Hidrante,El primer evento no fue una colision con un vehiculo automotor en transporte,Not an Intersection,No fue interseccion,Sobre el lado de la calle,Ninguna,Dia total,lluvia,No,NO APLICA,99,99,99,99,1,08/12/2022,1
47,Tennessee,471169,0,0,1,0,53,GIBSON (53),0,NO APLICA,12,Diciembre,6,2022,99,99,CR-SAW MILL LN,4,Calle del Condado,Rural,Local,County Highway Agency,0,Sin jurisdiccion especial,4,36.14871111,-89.06806944,Volcadura,El primer evento no fue una colision con un vehiculo automotor en transporte,Not an Intersection,No fue interseccion,Sobre el lado de la calle,Ninguna,Reportada como desconocida,lluvia,No,NO APLICA,99,99,99,99,1,06/12/2022,1
47,Tennessee,471170,0,0,1,0,33,CROCKETT (33),0,NO APLICA,12,Diciembre,8,2022,21,50,CR-D O LAMAN RD,4,Calle del Condado,Rural,Local,County Highway Agency,0,Sin jurisdiccion especial,4,35.80455,-89.09538889,Acotamiento,El primer evento no fue una colision con un vehiculo automotor en transporte,Not an Intersection,No fue interseccion,Sobre el lado de la calle,Ninguna,Oscuro sin iluminacion,lluvia,No,NO APLICA,99,99,99,99,1,08/12/2022,1
47,Tennessee,471171,1,1,1,0,37,DAVIDSON (37),1760,NASHVILLE,12,Diciembre,10,2022,17,42,US-70 SR-24 CHARLOTTE AVE,2,US Highway,Urbano,Arteria Principal,State Highway Agency,1,Sin jurisdiccion especial,87,36.152,-86.84768889,Peaton,El primer evento no fue una colision con un vehiculo automotor en transporte,Not an Intersection,No fue interseccion,Sobre calle,Ninguna,Oscuro con iluminacion,No reportado,No,NO APLICA,99,99,99,99,1,10/12/2022,1
47,Tennessee,471172,0,0,2,0,157,SHELBY (157),1620,MEMPHIS,12,Diciembre,11,2022,0,1,KNIGHT ARNOLD RD,6,Calle Local Municipalidad,Urbano,Arteria Menor,City or Municipal Highway Agency,0,Sin jurisdiccion especial,14,35.06478611,-89.92765,Vehiculo en movimiento,Angulo,Four-Way Intersection,Interseccion de 4 direcciones,Sobre calle,Ninguna,Oscuro sin iluminacion,lluvia,No,NO APLICA,99,99,99,99,1,11/12/2022,4
47,Tennessee,471173,0,0,1,0,157,SHELBY (157),1620,MEMPHIS,12,Diciembre,12,2022,0,8,I-40,1,Interestatal,Urbano,Interestatal,State Highway Agency,1,Sin jurisdiccion especial,201,35.19488611,-89.7924,Barrera de Trafico de Concreto,El primer evento no fue una colision con un vehiculo automotor en transporte,Not an Intersection,No fue interseccion,En el medio,Ninguna,Oscuro con iluminacion,Despejado,No,NO APLICA,99,99,99,99,1,12/12/2022,1
47,Tennessee,471174,1,1,1,0,157,SHELBY (157),1620,MEMPHIS,12,Diciembre,6,2022,17,30,RANGE LINE RD,6,Calle Local Municipalidad,Urbano,Arteria Menor,City or Municipal Highway Agency,0,Sin jurisdiccion especial,71,35.21877222,-89.97696944,Peaton,El primer evento no fue una colision con un vehiculo automotor en transporte,Not an Intersection,No fue interseccion,Sobre calle,Ninguna,Oscuro con iluminacion,lluvia,No,NO APLICA,99,99,99,99,1,06/12/2022,1
47,Tennessee,471175,1,1,1,0,157,SHELBY (157),1620,MEMPHIS,12,Diciembre,11,2022,18,33,SR-277 AIRWAYS BLVD,3,Highway estatal,Urbano,Arteria Principal,State Highway Agency,1,Sin jurisdiccion especial,1,35.10708889,-89.98498889,Peaton,El primer evento no fue una colision con un vehiculo automotor en transporte,T-Intersection,Interseccion de T,Sobre calle,Ninguna,Oscuro con iluminacion,Despejado,No,NO APLICA,99,99,99,99,1,11/12/2022,1
47,Tennessee,471176,0,0,3,0,157,SHELBY (157),1620,MEMPHIS,12,Diciembre,13,2022,21,20,WINCHESTER RD,6,Calle Local Municipalidad,Urbano,Arteria Principal,City or Municipal Highway Agency,1,Sin jurisdiccion especial,68,35.05195556,-89.94035,Vehiculo en movimiento,Angulo,T-Intersection,Interseccion de T,Sobre calle,Ninguna,Oscuro con iluminacion,lluvia,No,NO APLICA,99,99,99,99,1,13/12/2022,8
47,Tennessee,471178,1,1,3,0,37,DAVIDSON (37),1760,NASHVILLE,12,Diciembre,14,2022,6,17,US-70 SR-24 LEBANON PK,2,US Highway,Urbano,Arteria Principal,State Highway Agency,1,Sin jurisdiccion especial,224,36.19173056,-86.62481944,Peaton,El primer evento no fue una colision con un vehiculo automotor en transporte,T-Intersection,Interseccion de T,Sobre calle,Ninguna,Oscuro con iluminacion,lluvia,No,NO APLICA,99,99,99,99,1,14/12/2022,3
47,Tennessee,471180,0,0,5,0,163,SULLIVAN (163),1280,KINGSPORT,12,Diciembre,15,2022,7,27,I-81,1,Interestatal,Urbano,Interestatal,State Highway Agency,1,Sin jurisdiccion especial,61,36.47921667,-82.48401944,Vehiculo en movimiento,Frente a Detrás,Not an Intersection,No fue interseccion,Sobre calle,Ninguna,Amanecer,Despejado,No,NO APLICA,99,99,99,99,1,15/12/2022,10
47,Tennessee,471181,0,0,1,0,77,HENDERSON (77),0,NO APLICA,12,Diciembre,2,2022,21,33,CR-CENTER HILL WRIGHT RD,4,Calle del Condado,Rural,Local,County Highway Agency,0,Sin jurisdiccion especial,22,35.51323056,-88.40303889,Valla Ferrocarril,El primer evento no fue una colision con un vehiculo automotor en transporte,Not an Intersection,No fue interseccion,Sobre el lado de la calle,Ninguna,Oscuro sin iluminacion,Nublado,No,NO APLICA,99,99,99,99,1,02/12/2022,1
47,Tennessee,471182,0,0,1,0,143,RHEA (143),0,NO APLICA,12,Diciembre,11,2022,20,46,SR-303 CRANMORE COVE RD,3,Highway estatal,Rural,Colector Mayor,State Highway Agency,0,Sin jurisdiccion especial,43,35.4931,-85.05965,Poste,El primer evento no fue una colision con un vehiculo automotor en transporte,Not an Intersection,No fue interseccion,Sobre el lado de la calle,Ninguna,Oscuro sin iluminacion,No reportado,No,NO APLICA,99,99,99,99,1,11/12/2022,1
47,Tennessee,471183,0,0,1,0,187,WILLIAMSON (187),0,NO APLICA,12,Diciembre,12,2022,13,58,US-431 SR-106 LEWISBURG PK,2,US Highway,Rural,Arteria Principal,State Highway Agency,1,Sin jurisdiccion especial,36,35.77496944,-86.84286111,Arbol,El primer evento no fue una colision con un vehiculo automotor en transporte,Not an Intersection,No fue interseccion,Sobre el lado de la calle,Ninguna,Dia total,Nublado,No,NO APLICA,99,99,99,99,1,12/12/2022,1
47,Tennessee,471184,0,0,2,0,119,MAURY (119),470,COLUMBIA,12,Diciembre,12,2022,15,58,US-43 SR-6 NEW LAWRENCEBURG HW,2,US Highway,Urbano,Arteria Principal,State Highway Agency,1,Sin jurisdiccion especial,174,35.62316944,-87.11465,Vehiculo en movimiento,Frente a Detrás,Not an Intersection,No fue interseccion,Sobre calle,Construccion,Dia total,Despejado,No,NO APLICA,99,99,99,99,1,12/12/2022,2
47,Tennessee,471185,0,0,2,0,165,SUMNER (165),0,NO APLICA,12,Diciembre,15,2022,14,54,SR-258 NEW SHACKLE ISLAND RD,3,Highway estatal,Urbano,Arteria Menor,State Highway Agency,0,Sin jurisdiccion especial,38,36.3531,-86.61266111,Vehiculo en movimiento,Frente a frente,Not an Intersection,No fue interseccion,Sobre calle,Ninguna,Dia total,Nublado,No,NO APLICA,99,99,99,99,1,15/12/2022,2
47,Tennessee,471186,0,0,2,0,31,COFFEE (31),1550,MANCHESTER,10,Octubre,21,2022,5,35,US-41 SR-2 HILLSBORO BLVD,2,US Highway,Urbano,Arteria Principal,State Highway Agency,1,Sin jurisdiccion especial,146,35.47641944,-86.08118889,Vehiculo en movimiento,Frente a frente,Four-Way Intersection,Interseccion de 4 direcciones,Sobre calle,Ninguna,Oscuro con iluminacion,Despejado,No,NO APLICA,99,99,99,99,1,21/10/2022,2
47,Tennessee,471187,0,0,3,1,113,MADISON (113),1200,JACKSON,12,Diciembre,4,2022,17,5,US-412 SR-20,2,US Highway,Urbano,Arteria Principal,State Highway Agency,1,Sin jurisdiccion especial,59,35.66758889,-88.89906944,Vehiculo Aparcado,El primer evento no fue una colision con un vehiculo automotor en transporte,Not an Intersection,No fue interseccion,Sobre calle,Ninguna,Oscuro sin iluminacion,Despejado,No,NO APLICA,99,99,99,99,1,04/12/2022,2
47,Tennessee,471188,0,0,1,0,33,CROCKETT (33),0,NO APLICA,12,Diciembre,12,2022,9,33,US-412 SR-20,2,US Highway,Rural,Arteria Principal,State Highway Agency,1,Sin jurisdiccion especial,139,35.75968056,-89.11498056,Volcadura,El primer evento no fue una colision con un vehiculo automotor en transporte,Not an Intersection,No fue interseccion,Sobre calle,Ninguna,Dia total,Nublado,No,NO APLICA,99,99,99,99,1,12/12/2022,2
47,Tennessee,471189,0,0,2,0,157,SHELBY (157),1620,MEMPHIS,12,Diciembre,16,2022,23,12,SEMMES ST,6,Calle Local Municipalidad,Urbano,Arteria Menor,City or Municipal Highway Agency,0,Sin jurisdiccion especial,5,35.10759722,-89.96128889,Vehiculo en movimiento,Angulo,Four-Way Intersection,Interseccion de 4 direcciones,Sobre calle,Ninguna,Oscuro con iluminacion,Despejado,No,NO APLICA,99,99,99,99,1,16/12/2022,2
47,Tennessee,471190,0,0,1,0,93,KNOX (93),0,NO APLICA,12,Diciembre,18,2022,19,8,CR-CHARLTON RD,4,Calle del Condado,Urbano,Local,County Highway Agency,0,Sin jurisdiccion especial,1,35.86641944,-83.97258889,Poste,El primer evento no fue una colision con un vehiculo automotor en transporte,Not an Intersection,No fue interseccion,Sobre el lado de la calle,Ninguna,Oscuro sin iluminacion,Despejado,No,NO APLICA,99,99,99,99,1,18/12/2022,3
47,Tennessee,471191,0,0,2,0,157,SHELBY (157),1620,MEMPHIS,12,Diciembre,17,2022,3,11,I-240,1,Interestatal,Urbano,Interestatal,State Highway Agency,1,Sin jurisdiccion especial,111,35.08009167,-89.93131944,Vehiculo en movimiento,Angulo,Not an Intersection,No fue interseccion,Sobre calle,Ninguna,Oscuro con iluminacion,Despejado,No,NO APLICA,99,99,99,99,1,17/12/2022,6
47,Tennessee,471192,0,0,1,0,53,GIBSON (53),0,NO APLICA,12,Diciembre,18,2022,0,25,SR-105 RUTHERFORD HWY,3,Highway estatal,Rural,Colector Mayor,State Highway Agency,0,Sin jurisdiccion especial,201,36.09353056,-88.8234,Poste de Señal de trafico,El primer evento no fue una colision con un vehiculo automotor en transporte,Not an Intersection,No fue interseccion,Sobre el lado de la calle,Ninguna,Oscuro sin iluminacion,Despejado,No,NO APLICA,99,99,99,99,1,18/12/2022,5
47,Tennessee,471193,0,0,1,0,109,MCNAIRY (109),0,NO APLICA,12,Diciembre,5,2022,12,7,CR-MURRAY SCHOOL RD,4,Calle del Condado,Rural,Local,County Highway Agency,0,Sin jurisdiccion especial,2,35.22698889,-88.5771,Arbol,El primer evento no fue una colision con un vehiculo automotor en transporte,Not an Intersection,No fue interseccion,Sobre el lado de la calle,Ninguna,Dia total,Despejado,No,NO APLICA,99,99,99,99,1,05/12/2022,3
47,Tennessee,471194,0,0,1,0,47,FAYETTE (47),0,NO APLICA,11,Noviembre,27,2022,15,5,I-40,1,Interestatal,Rural,Interestatal,State Highway Agency,1,Sin jurisdiccion especial,40,35.31206111,-89.58243889,Acotamiento,El primer evento no fue una colision con un vehiculo automotor en transporte,Not an Intersection,No fue interseccion,En el medio,Ninguna,Dia total,lluvia,No,NO APLICA,99,99,99,99,1,27/11/2022,2
47,Tennessee,471195,0,0,1,0,119,MAURY (119),0,NO APLICA,12,Diciembre,12,2022,15,19,SR-245 CAMPBELLSVILLE PK,3,Highway estatal,Rural,Colector Mayor,State Highway Agency,0,Sin jurisdiccion especial,30,35.48388056,-87.09881111,Arbol,El primer evento no fue una colision con un vehiculo automotor en transporte,Not an Intersection,No fue interseccion,Sobre el lado de la calle,Ninguna,Dia total,Despejado,No,NO APLICA,99,99,99,99,1,12/12/2022,4
47,Tennessee,471196,0,0,2,0,37,DAVIDSON (37),1760,NASHVILLE,12,Diciembre,11,2022,16,41,US-31W/41 SR-11 DICKERSON PK,2,US Highway,Urbano,Arteria Principal,State Highway Agency,1,Sin jurisdiccion especial,171,36.23711944,-86.75796944,Vehiculo en movimiento,Frente a frente,Not an Intersection,No fue interseccion,Sobre calle,Ninguna,Atardecer,Despejado,No,NO APLICA,99,99,99,99,1,11/12/2022,4
47,Tennessee,471197,0,0,6,0,65,HAMILTON (65),400,CHATTANOOGA,12,Diciembre,16,2022,14,6,SR-153,3,Highway estatal,Urbano,Arteria Principal,State Highway Agency,1,Sin jurisdiccion especial,100,35.14736944,-85.24926111,Vehiculo en movimiento,Frente a frente,Not an Intersection,No fue interseccion,Sobre calle,Ninguna,Dia total,Despejado,No,NO APLICA,99,99,99,99,1,16/12/2022,9
47,Tennessee,471198,0,0,2,0,31,COFFEE (31),92,ARNOLD A F STATION,12,Diciembre,16,2022,16,44,CR-WATTENDORF MEMORIAL HWY,4,Calle del Condado,Rural,Colector Menor,County Highway Agency,0,Sin jurisdiccion especial,44,35.37251111,-86.0331,Vehiculo en movimiento,Frente a frente,Not an Intersection,No fue interseccion,Sobre calle,Ninguna,Atardecer,Despejado,No,NO APLICA,99,99,99,99,1,16/12/2022,2
47,Tennessee,471199,1,1,1,0,37,DAVIDSON (37),1865,OLD HICKORY,12,Diciembre,16,2022,23,44,SR-45 ROBINSON RD,3,Highway estatal,Urbano,Arteria Principal,State Highway Agency,1,Sin jurisdiccion especial,104,36.26038889,-86.66021944,Peaton,El primer evento no fue una colision con un vehiculo automotor en transporte,Not an Intersection,No fue interseccion,Sobre calle,Ninguna,Oscuro con iluminacion,Despejado,No,NO APLICA,99,99,99,99,1,16/12/2022,2
47,Tennessee,471200,0,0,2,0,37,DAVIDSON (37),1760,NASHVILLE,12,Diciembre,19,2022,1,20,SR-155 BRILEY PKWY,3,Highway estatal,Urbano,Arterial Principal -Freeway o ExpressWay,State Highway Agency,1,Sin jurisdiccion especial,222,36.22188056,-86.87073056,Vehiculo en movimiento,Frente a frente,Not an Intersection,No fue interseccion,Sobre calle,Ninguna,Oscuro con iluminacion,Despejado,No,NO APLICA,99,99,99,99,1,19/12/2022,2
47,Tennessee,471202,0,0,1,0,147,ROBERTSON (147),0,NO APLICA,12,Diciembre,19,2022,6,13,I-65,1,Interestatal,Rural,Interestatal,State Highway Agency,1,Sin jurisdiccion especial,130,36.58058056,-86.61246944,Arbol,El primer evento no fue una colision con un vehiculo automotor en transporte,Not an Intersection,No fue interseccion,Sobre el lado de la calle,Construccion,Dia total,Despejado,No,NO APLICA,99,99,99,99,1,19/12/2022,1
47,Tennessee,471203,0,0,1,0,21,CHEATHAM (21),0,NO APLICA,12,Diciembre,19,2022,14,58,CR-OLD CLARKSVILLE PK,4,Calle del Condado,Rural,Colector Menor,County Highway Agency,0,Sin jurisdiccion especial,5,36.32851944,-86.93753056,Zanja,El primer evento no fue una colision con un vehiculo automotor en transporte,Not an Intersection,No fue interseccion,Sobre el lado de la calle,Ninguna,Dia total,Despejado,No,NO APLICA,99,99,99,99,1,19/12/2022,1
47,Tennessee,471204,0,0,2,0,149,RUTHERFORD (149),2250,SMYRNA,12,Diciembre,18,2022,4,41,SR-266 E SAM RIDLEY PKWY,3,Highway estatal,Urbano,Arteria Menor,State Highway Agency,0,Sin jurisdiccion especial,31,35.99686944,-86.52416944,Vehiculo en movimiento,Frente a frente,Not an Intersection,No fue interseccion,Sobre calle,Ninguna,Oscuro con iluminacion,Despejado,No,NO APLICA,99,99,99,99,1,18/12/2022,2
47,Tennessee,471205,0,0,1,0,177,WARREN (177),0,NO APLICA,12,Diciembre,21,2022,16,26,CR-WHEELER RD,4,Calle del Condado,Rural,Local,County Highway Agency,0,Sin jurisdiccion especial,22,35.60681111,-85.84843056,Acotamiento,El primer evento no fue una colision con un vehiculo automotor en transporte,Not an Intersection,No fue interseccion,Sobre el lado de la calle,Ninguna,Dia total,Nublado,No,NO APLICA,99,99,99,99,1,21/12/2022,1
47,Tennessee,471206,0,0,1,0,163,SULLIVAN (163),1280,KINGSPORT,12,Diciembre,4,2022,0,45,FAIRVIEW AVE,6,Calle Local Municipalidad,Urbano,Local,City or Municipal Highway Agency,0,Sin jurisdiccion especial,7,36.56343333,-82.57788611,Valla Ferrocarril,El primer evento no fue una colision con un vehiculo automotor en transporte,Not an Intersection,No fue interseccion,Sobre el lado de la calle,Ninguna,Oscuro con iluminacion,Despejado,No,NO APLICA,99,99,99,99,1,04/12/2022,1
47,Tennessee,471207,0,0,2,0,29,COCKE (29),0,NO APLICA,12,Diciembre,21,2022,2,7,I-40,1,Interestatal,Rural,Interestatal,State Highway Agency,1,Sin jurisdiccion especial,207,35.78745,-83.11451944,Vehiculo en movimiento,Frente a frente,Not an Intersection,No fue interseccion,Sobre calle,Ninguna,Oscuro sin iluminacion,Despejado,No,NO APLICA,99,99,99,99,1,21/12/2022,2
47,Tennessee,471208,0,0,2,0,73,HAWKINS (73),1280,KINGSPORT,12,Diciembre,22,2022,9,40,LEWIS LN,6,Calle Local Municipalidad,Urbano,Colector Mayor,City or Municipal Highway Agency,0,Sin jurisdiccion especial,0,36.55243056,-82.62493889,Vehiculo en movimiento,Angulo,Four-Way Intersection,Interseccion de 4 direcciones,Sobre calle,Ninguna,Dia total,Despejado,No,NO APLICA,99,99,99,99,1,22/12/2022,4
47,Tennessee,471209,0,0,3,0,165,SUMNER (165),235,BETHPAGE,12,Diciembre,22,2022,19,30,US-31E SR-6,2,US Highway,Rural,Arteria Principal,State Highway Agency,1,Sin jurisdiccion especial,216,36.45333056,-86.34648056,Vehiculo en movimiento,Angulo,T-Intersection,Interseccion de T,Sobre calle,Ninguna,Oscuro sin iluminacion,Soplando nieve,No,NO APLICA,99,99,99,99,1,22/12/2022,3
47,Tennessee,471210,0,0,1,0,157,SHELBY (157),1620,MEMPHIS,12,Diciembre,23,2022,18,12,I-40,1,Interestatal,Urbano,Interestatal,State Highway Agency,1,Sin jurisdiccion especial,173,35.17511389,-89.83643056,Arbol,El primer evento no fue una colision con un vehiculo automotor en transporte,Not an Intersection,No fue interseccion,Sobre el lado de la calle,Ninguna,Oscuro con iluminacion,Nieve,No,NO APLICA,99,99,99,99,1,23/12/2022,1
47,Tennessee,471211,0,0,2,0,157,SHELBY (157),1620,MEMPHIS,12,Diciembre,24,2022,14,5,SR-14 AUSTIN PEAY HWY,3,Highway estatal,Urbano,Arteria Principal,State Highway Agency,1,Sin jurisdiccion especial,226,35.22756111,-89.90286111,Vehiculo en movimiento,Frente a Detrás,Not an Intersection,No fue interseccion,Sobre calle,Ninguna,Dia total,Despejado,No,NO APLICA,99,99,99,99,1,24/12/2022,3
47,Tennessee,471212,0,0,2,0,149,RUTHERFORD (149),0,NO APLICA,12,Diciembre,12,2022,2,25,I-24,1,Interestatal,Urbano,Interestatal,State Highway Agency,1,Sin jurisdiccion especial,2,36.00591111,-86.6109,Vehiculo en movimiento,Frente a frente,Not an Intersection,No fue interseccion,Sobre calle,Ninguna,Oscuro sin iluminacion,Despejado,No,NO APLICA,99,99,99,99,1,12/12/2022,2
47,Tennessee,471213,0,0,2,0,155,SEVIER (155),0,NO APLICA,12,Diciembre,23,2022,16,5,US-411/441 SR-35 CHAPMAN HWY,2,US Highway,Urbano,Arteria Menor,State Highway Agency,0,Sin jurisdiccion especial,49,35.8476,-83.70978889,Vehiculo en movimiento,Frente a Detrás,T-Intersection,Interseccion de T,Sobre calle,Ninguna,Dia total,Despejado,No,NO APLICA,99,99,99,99,1,23/12/2022,5
47,Tennessee,471214,0,0,1,0,157,SHELBY (157),1620,MEMPHIS,12,Diciembre,25,2022,23,0,RALEIGH-LAGRANGE RD,6,Calle Local Municipalidad,Urbano,Arteria Menor,City or Municipal Highway Agency,0,Sin jurisdiccion especial,58,35.19901944,-89.90606111,Banqueta,El primer evento no fue una colision con un vehiculo automotor en transporte,Not an Intersection,No fue interseccion,Sobre el lado de la calle,Ninguna,Oscuro con iluminacion,Despejado,No,NO APLICA,99,99,99,99,1,25/12/2022,2
47,Tennessee,471215,0,0,2,0,157,SHELBY (157),1620,MEMPHIS,12,Diciembre,26,2022,17,57,RIDGEWAY RD,6,Calle Local Municipalidad,Urbano,Colector Mayor,City or Municipal Highway Agency,0,Sin jurisdiccion especial,15,35.047975,-89.85708056,Vehiculo en movimiento,Angulo,Not an Intersection,No fue interseccion,Sobre calle,Ninguna,Oscuro con iluminacion,Despejado,No,NO APLICA,99,99,99,99,1,26/12/2022,3
47,Tennessee,471216,1,1,1,0,37,DAVIDSON (37),1760,NASHVILLE,12,Diciembre,27,2022,3,59,METROPLEX DR,6,Calle Local Municipalidad,Urbano,Local,City or Municipal Highway Agency,0,Sin jurisdiccion especial,2,36.08823889,-86.69591944,Peaton,El primer evento no fue una colision con un vehiculo automotor en transporte,Not an Intersection,No fue interseccion,Sobre calle,Ninguna,Oscuro con iluminacion,Nublado,No,NO APLICA,99,99,99,99,1,27/12/2022,1
47,Tennessee,471217,0,0,1,0,53,GIBSON (53),2430,TRENTON,12,Diciembre,26,2022,11,19,US-45W SR-5 N WHY 45 BYPASS,2,US Highway,Rural,Arteria Menor,City or Municipal Highway Agency,0,Sin jurisdiccion especial,167,36.0058,-88.94178889,Arbol,El primer evento no fue una colision con un vehiculo automotor en transporte,Not an Intersection,No fue interseccion,Sobre el lado de la calle,Ninguna,Dia total,Despejado,No,NO APLICA,99,99,99,99,1,26/12/2022,1
47,Tennessee,471218,0,0,1,0,47,FAYETTE (47),0,NO APLICA,12,Diciembre,7,2022,6,55,I-40,1,Interestatal,Rural,Interestatal,State Highway Agency,1,Sin jurisdiccion especial,70,35.33851111,-89.54073056,Valla Ferrocarril,El primer evento no fue una colision con un vehiculo automotor en transporte,Not an Intersection,No fue interseccion,En el medio,Ninguna,Dia total,lluvia,No,NO APLICA,99,99,99,99,2,07/12/2022,3
47,Tennessee,471219,0,0,2,0,157,SHELBY (157),1620,MEMPHIS,12,Diciembre,27,2022,23,0,AIRWAYS BLVD,6,Calle Local Municipalidad,Urbano,Arteria Principal,City or Municipal Highway Agency,1,Sin jurisdiccion especial,16,35.07463889,-89.98585,Vehiculo en movimiento,Frente a frente,Not an Intersection,No fue interseccion,Sobre calle,Ninguna,Oscuro con iluminacion,Despejado,No,NO APLICA,99,99,99,99,2,27/12/2022,2
47,Tennessee,471220,0,0,2,0,157,SHELBY (157),1620,MEMPHIS,12,Diciembre,27,2022,16,34,US-61 SR-14 S THIRD ST,2,US Highway,Urbano,Arteria Principal,State Highway Agency,1,Sin jurisdiccion especial,96,35.1101,-90.05528056,Vehiculo en movimiento,Frente a frente,Not an Intersection,No fue interseccion,Sobre calle,Ninguna,Dia total,Despejado,No,NO APLICA,99,99,99,99,1,27/12/2022,4