Estado,Nombre de Estado,Numero de Caso,Peatones,Personas _no_vehiculos,Vehiculos automotores,Vehiculos estacionados,Condado,Nombre Condado,Ciudad,Nombre Ciudad,Mes,Nombre Mes,Dia,Año,Hora,Minuto,Calle,Ruta,Nombre Ruta,Rural o Urbanoo,Sistema Funcional,Dueño Calle,Sistema Nacional Carreteras,Jurisdiccion Especial,Milla,Latitud,Longitud,Causa del Accidente,Tipo de Accidente,Tipo Interseccion,Columna1,Lugar en la calle,Zona de Trabajo,Luz,Clima,Autobus Escolar,Cruce de Trenes,Hora Notificacion,Minuto Notificacion,Hora Llegada,Minuto Llegada,Decesos,Fecha,PersonaVehiculo
47,Tennessee,471221,1,1,1,0,145,ROANE (145),0,NO APLICA,12,Diciembre,27,2022,18,54,SR-58 GALLAHER RD,3,Highway estatal,Urbano,Arteria Principal,State Highway Agency,1,Sin jurisdiccion especial,146,35.87913889,-84.43235,Peaton,El primer evento no fue una colision con un vehiculo automotor en transporte,Not an Intersection,No fue interseccion,Sobre calle,Ninguna,Oscuro sin iluminacion,Despejado,No,NO APLICA,99,99,99,99,1,27/12/2022,1
47,Tennessee,471222,0,0,3,0,125,MONTGOMERY (125),410,CLARKSVILLE,12,Diciembre,21,2022,6,23,I-24,1,Interestatal,Urbano,Interestatal,State Highway Agency,1,Sin jurisdiccion especial,84,36.54991111,-87.24708889,Vehiculo en movimiento,Angulo,Not an Intersection,No fue interseccion,Sobre calle,Ninguna,Oscuro sin iluminacion,Despejado,No,NO APLICA,99,99,99,99,1,21/12/2022,3
47,Tennessee,471223,0,0,1,0,35,CUMBERLAND (35),0,NO APLICA,12,Diciembre,26,2022,22,51,CR-CLEAR CREEK RD,4,Calle del Condado,Rural,Colector Menor,County Highway Agency,0,Sin jurisdiccion especial,13,36.11966944,-85.09656111,Acotamiento,El primer evento no fue una colision con un vehiculo automotor en transporte,Not an Intersection,No fue interseccion,Sobre el lado de la calle,Ninguna,Oscuro sin iluminacion,Nieve,No,NO APLICA,99,99,99,99,1,26/12/2022,1
47,Tennessee,471224,0,0,2,0,37,DAVIDSON (37),1760,NASHVILLE,12,Diciembre,27,2022,18,13,US-70S SR-1 WEST END AVE,2,US Highway,Urbano,Arteria Principal,State Highway Agency,1,Sin jurisdiccion especial,156,36.14526944,-86.81193056,Vehiculo en movimiento,Frente a frente,T-Intersection,Interseccion de T,Sobre calle,Ninguna,Oscuro con iluminacion,Despejado,No,NO APLICA,99,99,99,99,1,27/12/2022,4
47,Tennessee,471225,0,0,2,0,89,JEFFERSON (89),0,NO APLICA,12,Diciembre,23,2022,11,14,US-25W/70 SR-9,2,US Highway,Rural,Colector Mayor,State Highway Agency,0,Sin jurisdiccion especial,96,36.02276111,-83.4556,Vehiculo en movimiento,Angulo,Four-Way Intersection,Interseccion de 4 direcciones,Sobre calle,Ninguna,Dia total,Despejado,No,NO APLICA,99,99,99,99,1,23/12/2022,3
47,Tennessee,471226,0,0,4,0,165,SUMNER (165),0,NO APLICA,12,Diciembre,28,2022,7,29,US-31E N SR-6,2,US Highway,Rural,Arteria Principal,State Highway Agency,1,Sin jurisdiccion especial,187,36.42568056,-86.38508056,Vehiculo en movimiento,Frente a frente,Not an Intersection,No fue interseccion,Sobre calle,Ninguna,Dia total,Despejado,No,NO APLICA,99,99,99,99,1,28/12/2022,4
47,Tennessee,471227,0,0,1,0,149,RUTHERFORD (149),0,NO APLICA,12,Diciembre,29,2022,2,2,CR-OLD NASHVILLE HWY,4,Calle del Condado,Urbano,Arteria Menor,County Highway Agency,0,Sin jurisdiccion especial,75,35.93691111,-86.49571111,Zanja,El primer evento no fue una colision con un vehiculo automotor en transporte,Not an Intersection,No fue interseccion,Sobre el lado de la calle,Ninguna,Oscuro sin iluminacion,Despejado,No,NO APLICA,99,99,99,99,1,29/12/2022,1
47,Tennessee,471228,0,0,1,0,189,WILSON (189),0,NO APLICA,12,Diciembre,7,2022,20,45,CR-GENERAL KERSHAW DR,4,Calle del Condado,Urbano,Local,County Highway Agency,0,Sin jurisdiccion especial,1,36.23828889,-86.59336944,Arbol,El primer evento no fue una colision con un vehiculo automotor en transporte,Not an Intersection,No fue interseccion,Sobre el lado de la calle,Ninguna,Oscuro sin iluminacion,lluvia,No,NO APLICA,99,99,99,99,1,07/12/2022,2
47,Tennessee,471229,0,0,2,0,127,MOORE (127),0,NO APLICA,12,Diciembre,22,2022,7,20,SR-55 LYNCHBURG HWY,3,Highway estatal,Rural,Arteria Principal,State Highway Agency,1,Sin jurisdiccion especial,50,35.32983056,-86.34981111,Vehiculo en movimiento,Frente a frente,Not an Intersection,No fue interseccion,Sobre calle,Ninguna,Dia total,Nublado,No,NO APLICA,99,99,99,99,1,22/12/2022,2
47,Tennessee,471230,0,0,2,0,11,BRADLEY (11),0,NO APLICA,12,Diciembre,25,2022,16,17,I-75,1,Interestatal,Urbano,Interestatal,State Highway Agency,1,Sin jurisdiccion especial,73,35.17736111,-84.91543889,Vehiculo en movimiento,Frente a Detrás,Not an Intersection,No fue interseccion,Sobre calle,Ninguna,Dia total,Despejado,No,NO APLICA,99,99,99,99,1,25/12/2022,4
47,Tennessee,471231,1,1,2,1,103,LINCOLN (103),0,NO APLICA,12,Diciembre,27,2022,18,54,CR-OLD HUNTSVILLE RD,4,Calle del Condado,Urbano,Colector Menor,County Highway Agency,0,Sin jurisdiccion especial,59,35.0832,-86.59071944,Vehiculo Aparcado,El primer evento no fue una colision con un vehiculo automotor en transporte,Not an Intersection,No fue interseccion,Sobre calle,Ninguna,Oscuro sin iluminacion,Despejado,No,NO APLICA,99,99,99,99,1,27/12/2022,1
47,Tennessee,471232,0,0,1,0,181,WAYNE (181),430,CLIFTON,12,Diciembre,31,2022,6,58,US-641 SR-114 BILLY NANCE BLVD,2,US Highway,Rural,Colector Mayor,State Highway Agency,0,Sin jurisdiccion especial,57,35.37583889,-87.98843889,Arbol,El primer evento no fue una colision con un vehiculo automotor en transporte,Not an Intersection,No fue interseccion,Sobre el lado de la calle,Ninguna,Dia total,Nublado,No,000000A,99,99,99,99,1,31/12/2022,1
47,Tennessee,471233,1,1,1,0,157,SHELBY (157),1620,MEMPHIS,12,Diciembre,31,2022,17,55,N HOLLYWOOD ST,6,Calle Local Municipalidad,Urbano,Arteria Menor,City or Municipal Highway Agency,0,Sin jurisdiccion especial,34,35.16489444,-89.97568056,Peaton,El primer evento no fue una colision con un vehiculo automotor en transporte,Not an Intersection,No fue interseccion,Sobre calle,Ninguna,Oscuro sin iluminacion,Despejado,No,NO APLICA,99,99,99,99,1,31/12/2022,1
47,Tennessee,471234,0,0,1,0,165,SUMNER (165),890,GALLATIN,12,Diciembre,31,2022,99,99,N BELVEDERE DR,6,Calle Local Municipalidad,Urbano,Colector Mayor,City or Municipal Highway Agency,0,Sin jurisdiccion especial,4,36.37931944,-86.48058889,Banqueta,El primer evento no fue una colision con un vehiculo automotor en transporte,Not an Intersection,No fue interseccion,Sobre el lado de la calle,Ninguna,Oscuro con iluminacion,Nublado,No,NO APLICA,99,99,99,99,1,31/12/2022,1
47,Tennessee,471235,1,1,1,0,43,DICKSON (43),0,NO APLICA,12,Diciembre,28,2022,19,35,I-40,1,Interestatal,Urbano,Interestatal,State Highway Agency,1,Sin jurisdiccion especial,120,36.02471111,-87.2865,Peaton,El primer evento no fue una colision con un vehiculo automotor en transporte,Not an Intersection,No fue interseccion,Sobre calle,Ninguna,Oscuro sin iluminacion,Despejado,No,NO APLICA,99,99,99,99,1,28/12/2022,1
47,Tennessee,471236,0,0,1,0,125,MONTGOMERY (125),410,CLARKSVILLE,12,Diciembre,24,2022,4,15,I-24,1,Interestatal,Urbano,Interestatal,State Highway Agency,1,Sin jurisdiccion especial,78,36.55901111,-87.24928056,Zanja,El primer evento no fue una colision con un vehiculo automotor en transporte,Not an Intersection,No fue interseccion,Sobre el lado de la calle,Ninguna,Oscuro sin iluminacion,Despejado,No,NO APLICA,99,99,99,99,1,24/12/2022,1
47,Tennessee,471237,1,1,1,0,157,SHELBY (157),1620,MEMPHIS,12,Diciembre,31,2022,22,29,WINCHESTER RD,6,Calle Local Municipalidad,Urbano,Arteria Principal,City or Municipal Highway Agency,1,Sin jurisdiccion especial,63,35.052075,-89.94825,Peaton,El primer evento no fue una colision con un vehiculo automotor en transporte,Not an Intersection,No fue interseccion,Sobre calle,Ninguna,Oscuro con iluminacion,Neblina o Humo,No,NO APLICA,99,99,99,99,1,31/12/2022,1
47,Tennessee,471238,0,0,1,0,171,UNICOI (171),0,NO APLICA,12,Diciembre,13,2022,17,29,I-26 US-23,1,Interestatal,Rural,Interestatal,State Highway Agency,1,Sin jurisdiccion especial,219,36.01683056,-82.54835,Volcadura,El primer evento no fue una colision con un vehiculo automotor en transporte,Not an Intersection,No fue interseccion,Sobre calle,Ninguna,Oscuro sin iluminacion,Despejado,No,NO APLICA,99,99,99,99,1,13/12/2022,1
47,Tennessee,471239,0,0,1,0,75,HAYWOOD (75),0,NO APLICA,12,Diciembre,29,2022,23,40,I-40,1,Interestatal,Rural,Interestatal,State Highway Agency,1,Sin jurisdiccion especial,215,35.57936944,-89.11341944,Arbol,El primer evento no fue una colision con un vehiculo automotor en transporte,Not an Intersection,No fue interseccion,Sobre el lado de la calle,Ninguna,Oscuro sin iluminacion,lluvia,No,NO APLICA,99,99,99,99,1,29/12/2022,2
47,Tennessee,471240,0,0,1,0,163,SULLIVAN (163),1280,KINGSPORT,12,Diciembre,30,2022,10,39,WATAUGA ST,6,Calle Local Municipalidad,Urbano,Local,City or Municipal Highway Agency,0,Sin jurisdiccion especial,11,36.54796667,-82.54586944,Poste,El primer evento no fue una colision con un vehiculo automotor en transporte,Not an Intersection,No fue interseccion,Sobre el lado de la calle,Ninguna,Dia total,Despejado,No,NO APLICA,99,99,99,99,1,30/12/2022,1
47,Tennessee,471241,0,0,2,0,77,HENDERSON (77),1390,LEXINGTON,12,Diciembre,22,2022,23,4,SR-114 NATCHEZ TRACE DR,3,Highway estatal,Urbano,Arteria Menor,State Highway Agency,0,Sin jurisdiccion especial,117,35.66151111,-88.37851111,Vehiculo en movimiento,Frente a frente,Not an Intersection,No fue interseccion,Sobre calle,Ninguna,Oscuro con iluminacion,Nieve,No,NO APLICA,99,99,99,99,1,22/12/2022,2
47,Tennessee,471242,1,1,1,0,49,FENTRESS (49),1210,JAMESTOWN,12,Diciembre,31,2022,19,6,N MAIN ST,6,Calle Local Municipalidad,Rural,Colector Menor,City or Municipal Highway Agency,0,Sin jurisdiccion especial,23,36.42816944,-84.93196944,Peaton,El primer evento no fue una colision con un vehiculo automotor en transporte,Not an Intersection,No fue interseccion,"Izquierda continua, carril de vuelta",Ninguna,Oscuro con iluminacion,Despejado,No,NO APLICA,99,99,99,99,1,31/12/2022,2
47,Tennessee,471243,0,0,2,0,65,HAMILTON (65),400,CHATTANOOGA,12,Diciembre,27,2022,14,0,SHALLOWFORD RD,6,Calle Local Municipalidad,Urbano,Arteria Principal,City or Municipal Highway Agency,0,Sin jurisdiccion especial,6,35.081575,-85.26257778,Vehiculo en movimiento,Angulo,Four-Way Intersection,Interseccion de 4 direcciones,Sobre calle,Ninguna,Dia total,Despejado,No,NO APLICA,99,99,99,99,3,27/12/2022,4
47,Tennessee,471244,2,2,2,0,37,DAVIDSON (37),1760,NASHVILLE,12,Diciembre,14,2022,18,8,US-70 SR-24 LEBANON PK,2,US Highway,Urbano,Arteria Principal,State Highway Agency,1,Sin jurisdiccion especial,232,36.19998889,-86.61891944,Peaton,El primer evento no fue una colision con un vehiculo automotor en transporte,Not an Intersection,No fue interseccion,Sobre calle,Ninguna,Oscuro con iluminacion,lluvia,No,NO APLICA,99,99,99,99,1,14/12/2022,4
47,Tennessee,471245,1,1,1,0,37,DAVIDSON (37),1760,NASHVILLE,11,Noviembre,30,2022,18,18,US-70 SR-24 CHARLOTTE AVE,2,US Highway,Urbano,Arteria Principal,State Highway Agency,1,Sin jurisdiccion especial,86,36.15195,-86.84913056,Peaton,El primer evento no fue una colision con un vehiculo automotor en transporte,Not an Intersection,No fue interseccion,Sobre calle,Ninguna,Oscuro sin iluminacion,Despejado,No,NO APLICA,99,99,99,99,1,30/11/2022,1
47,Tennessee,471246,1,1,1,0,37,DAVIDSON (37),1760,NASHVILLE,12,Diciembre,30,2022,22,18,US-431 SR-106 BROADWAY,2,US Highway,Urbano,Arteria Principal,State Highway Agency,1,Sin jurisdiccion especial,85,36.15136944,-86.79608889,Peaton,El primer evento no fue una colision con un vehiculo automotor en transporte,Not an Intersection,No fue interseccion,Sobre calle,Ninguna,Oscuro con iluminacion,lluvia,No,NO APLICA,99,99,99,99,1,30/12/2022,1
47,Tennessee,471247,0,0,2,0,35,CUMBERLAND (35),533,CRAB ORCHARD,12,Diciembre,31,2022,13,40,US-70 SR-1,2,US Highway,Rural,Colector Mayor,State Highway Agency,0,Sin jurisdiccion especial,233,35.90883056,-84.90151111,Vehiculo en movimiento,Frente a frente,Not an Intersection,No fue interseccion,Sobre calle,Ninguna,Dia total,Despejado,No,NO APLICA,99,99,99,99,1,31/12/2022,5
47,Tennessee,471248,0,0,1,0,157,SHELBY (157),0,NO APLICA,12,Diciembre,22,2022,0,30,CR-S COLLIERVILLE ARLINGTON RD,4,Calle del Condado,Rural,Arteria Menor,County Highway Agency,0,Sin jurisdiccion especial,40,35.10069722,-89.65835278,Piedrotototota,El primer evento no fue una colision con un vehiculo automotor en transporte,Not an Intersection,No fue interseccion,Fuera de la calle,Ninguna,Oscuro sin iluminacion,Otro,No,NO APLICA,99,99,99,99,1,22/12/2022,1
47,Tennessee,471249,0,0,2,0,11,BRADLEY (11),0,NO APLICA,12,Diciembre,25,2022,17,46,US-64/74 SR-40 WATERLEVEL HWY,2,US Highway,Urbano,Arteria Principal,State Highway Agency,1,Sin jurisdiccion especial,75,35.1336,-84.762,Vehiculo en movimiento,Frente a frente,Not an Intersection,No fue interseccion,Sobre calle,Ninguna,Atardecer,Despejado,No,NO APLICA,99,99,99,99,2,25/12/2022,6
47,Tennessee,471250,0,0,1,0,123,MONROE (123),0,NO APLICA,12,Diciembre,30,2022,0,52,CR-OAK GROVE RD,4,Calle del Condado,Rural,Colector Menor,County Highway Agency,0,Sin jurisdiccion especial,26,35.55755,-84.32965,Arbol,El primer evento no fue una colision con un vehiculo automotor en transporte,Not an Intersection,No fue interseccion,Sobre el lado de la calle,Ninguna,Oscuro sin iluminacion,Despejado,No,NO APLICA,99,99,99,99,1,30/12/2022,1
47,Tennessee,471251,0,0,1,0,183,WEAKLEY (183),0,NO APLICA,12,Diciembre,22,2022,15,1,SR-22,3,Highway estatal,Rural,Arteria Principal,State Highway Agency,1,Sin jurisdiccion especial,66,36.23558889,-88.61611111,Valla Ferrocarril,El primer evento no fue una colision con un vehiculo automotor en transporte,Not an Intersection,No fue interseccion,Sobre el lado de la calle,Ninguna,Dia total,lluvia,No,NO APLICA,99,99,99,99,1,22/12/2022,2
47,Tennessee,471252,0,0,1,0,57,GRAINGER (57),2388,THORN HILL,12,Diciembre,30,2022,15,44,US-25E SR-32,2,US Highway,Rural,Arteria Principal,State Highway Agency,1,Sin jurisdiccion especial,139,36.36466944,-83.43311944,Valla Ferrocarril,El primer evento no fue una colision con un vehiculo automotor en transporte,Not an Intersection,No fue interseccion,Sobre el lado de la calle,Ninguna,Dia total,Despejado,No,NO APLICA,99,99,99,99,1,30/12/2022,1
47,Tennessee,471253,0,0,2,0,157,SHELBY (157),1620,MEMPHIS,12,Diciembre,18,2022,17,10,SR-204 COVINGTON PK,3,Highway estatal,Urbano,Arteria Principal,State Highway Agency,1,Sin jurisdiccion especial,32,35.21394167,-89.89408056,Vehiculo en movimiento,Angulo,Not an Intersection,No fue interseccion,Sobre calle,Ninguna,Dia total,Despejado,No,NO APLICA,99,99,99,99,1,18/12/2022,7
47,Tennessee,471254,1,1,1,0,93,KNOX (93),1300,KNOXVILLE,9,Septiembre,26,2022,0,0,US-441 SR-33 CHAPMAN HWY,2,US Highway,Urbano,Arteria Principal,State Highway Agency,1,Sin jurisdiccion especial,60,35.946475,-83.91225,Peaton,El primer evento no fue una colision con un vehiculo automotor en transporte,T-Intersection,Interseccion de T,Sobre calle,Ninguna,Oscuro con iluminacion,Despejado,No,NO APLICA,99,99,99,99,1,26/09/2022,1
47,Tennessee,471255,0,0,2,0,179,WASHINGTON (179),1260,JONESBOROUGH,10,Octubre,14,2022,15,9,SR-354 BOONES CREEK RD,3,Highway estatal,Rural,Arteria Menor,State Highway Agency,0,Sin jurisdiccion especial,3,36.30296111,-82.46613889,Vehiculo en movimiento,Angulo,T-Intersection,Interseccion de T,Sobre calle,Ninguna,Dia total,Despejado,No,NO APLICA,99,99,99,99,1,14/10/2022,3
47,Tennessee,471256,0,0,2,0,113,MADISON (113),1200,JACKSON,9,Septiembre,17,2022,14,35,US-70 SR-1,2,US Highway,Urbano,Arteria Principal,State Highway Agency,1,Sin jurisdiccion especial,225,35.68191111,-88.74201944,Vehiculo en movimiento,Angulo,T-Intersection,Interseccion de T,Sobre calle,Ninguna,Dia total,Despejado,No,NO APLICA,99,99,99,99,1,17/09/2022,3
47,Tennessee,471257,0,0,1,0,11,BRADLEY (11),0,NO APLICA,11,Noviembre,24,2022,4,5,SR-313 LADD SPRINGS RD SE,3,Highway estatal,Rural,Colector Mayor,State Highway Agency,0,Sin jurisdiccion especial,24,35.08793889,-84.79363056,Volcadura,El primer evento no fue una colision con un vehiculo automotor en transporte,Not an Intersection,No fue interseccion,Sobre el lado de la calle,Ninguna,Oscuro sin iluminacion,Despejado,No,NO APLICA,99,99,99,99,1,24/11/2022,1
47,Tennessee,471258,0,0,1,0,41,DEKALB (41),2240,SMITHVILLE,12,Diciembre,7,2022,5,55,SR-146 SHORT MOUNTAIN ST,3,Highway estatal,Rural,Colector Mayor,State Highway Agency,0,Sin jurisdiccion especial,76,35.95451944,-85.81925,Banqueta,El primer evento no fue una colision con un vehiculo automotor en transporte,T-Intersection,Interseccion de T,Sobre el lado de la calle,Ninguna,Dia total,Despejado,No,NO APLICA,99,99,99,99,1,07/12/2022,1
47,Tennessee,471259,0,0,3,0,9,BLOUNT (9),1570,MARYVILLE,7,Julio,4,2022,22,28,US-321 SR-73 W LAMAR ALEXANDER,2,US Highway,Urbano,Arteria Principal,State Highway Agency,1,Sin jurisdiccion especial,83,35.75638889,-84.03491111,Vehiculo en movimiento,Angulo,Four-Way Intersection,Interseccion de 4 direcciones,Sobre calle,Ninguna,Oscuro con iluminacion,Despejado,No,NO APLICA,99,99,99,99,1,04/07/2022,3
47,Tennessee,471260,0,0,2,0,107,MCMINN (107),830,ETOWAH,11,Noviembre,28,2022,11,43,US-411 SR-33 TENNESSEE AVE,2,US Highway,Rural,Arteria Principal,State Highway Agency,1,Sin jurisdiccion especial,10,35.35516111,-84.52088056,Vehiculo en movimiento,Frente a frente,Not an Intersection,No fue interseccion,"Izquierda continua, carril de vuelta",Ninguna,Dia total,Despejado,No,NO APLICA,99,99,99,99,1,28/11/2022,2
47,Tennessee,471261,0,0,1,0,155,SEVIER (155),0,NO APLICA,9,Septiembre,9,2022,20,6,US-441 SR-71 PARKWAY,2,US Highway,Rural,Arteria Principal,State Highway Agency,1,Servicio de Parques Nacional,99998,35.734,-83.52,Volcadura,El primer evento no fue una colision con un vehiculo automotor en transporte,Not an Intersection,No fue interseccion,Sobre calle,Ninguna,Oscuro - iluminacion desconocida,No reportado,No,NO APLICA,20,6,20,14,1,09/09/2022,2
47,Tennessee,471262,0,0,1,0,81,HICKMAN (81),0,NO APLICA,5,Mayo,20,2022,8,5,SR-438,3,Highway estatal,Rural,Colector Mayor,State Highway Agency,0,Sin jurisdiccion especial,7,35.71786944,-87.70926111,Acotamiento,El primer evento no fue una colision con un vehiculo automotor en transporte,Not an Intersection,No fue interseccion,Sobre el lado de la calle,Ninguna,Dia total,Despejado,No,NO APLICA,99,99,99,99,1,20/05/2022,1
47,Tennessee,471263,0,0,1,0,189,WILSON (189),1360,LEBANON,8,Agosto,28,2022,99,99,SR-109,3,Highway estatal,Urbano,Arteria Principal,State Highway Agency,1,Sin jurisdiccion especial,80,36.23976111,-86.43151111,Zanja,El primer evento no fue una colision con un vehiculo automotor en transporte,Not an Intersection,No fue interseccion,Sobre el lado de la calle,Ninguna,Oscuro sin iluminacion,Despejado,No,NO APLICA,99,99,99,99,1,28/08/2022,1
47,Tennessee,471264,0,0,3,0,131,OBION (131),2480,UNION CITY,11,Noviembre,8,2022,14,59,SR-431 E REELFOOT AVE,3,Highway estatal,Urbano,Arteria Principal,State Highway Agency,1,Sin jurisdiccion especial,53,36.41288056,-89.03658889,Vehiculo en movimiento,Angulo,Not an Intersection,No fue interseccion,Sobre calle,Ninguna,Dia total,Despejado,No,NO APLICA,99,99,99,99,1,08/11/2022,5
47,Tennessee,471265,0,0,2,0,151,SCOTT (151),1880,ONEIDA,9,Septiembre,26,2022,15,24,US-27 SR-29 ALBERTA ST,2,US Highway,Rural,Arteria Principal,State Highway Agency,1,Sin jurisdiccion especial,202,36.52248056,-84.49953056,Valla Ferrocarril,El primer evento no fue una colision con un vehiculo automotor en transporte,Not an Intersection,No fue interseccion,Sobre el lado de la calle,Ninguna,Dia total,Despejado,No,NO APLICA,15,24,15,30,1,26/09/2022,2
47,Tennessee,471266,1,1,1,0,157,SHELBY (157),1620,MEMPHIS,10,Octubre,14,2022,13,41,POPLAR AVE,6,Calle Local Municipalidad,Urbano,Arteria Principal,City or Municipal Highway Agency,1,Sin jurisdiccion especial,34,35.14779167,-90.04191111,Peaton,El primer evento no fue una colision con un vehiculo automotor en transporte,Y-Intersection,Interseccion de Y,Sobre calle,Ninguna,Dia total,Despejado,No,NO APLICA,13,40,13,59,1,14/10/2022,1
47,Tennessee,471267,0,0,2,0,37,DAVIDSON (37),1760,NASHVILLE,12,Diciembre,31,2022,23,59,US-31W/41 SR-11 DICKERSON PK,2,US Highway,Urbano,Arteria Principal,State Highway Agency,1,Sin jurisdiccion especial,154,36.21356944,-86.76451944,Vehiculo en movimiento,Angulo,T-Intersection,Interseccion de T,Sobre calle,Ninguna,Oscuro con iluminacion,Despejado,No,NO APLICA,99,99,99,99,1,31/12/2022,3
47,Tennessee,471268,0,0,2,0,59,GREENE (59),0,NO APLICA,12,Diciembre,13,2022,12,35,US-11E/321 SR-34 E ANDREW JOHN,2,US Highway,Urbano,Arteria Principal,State Highway Agency,1,Sin jurisdiccion especial,253,36.22806111,-82.68853889,Vehiculo en movimiento,Angulo,Four-Way Intersection,Interseccion de 4 direcciones,Sobre calle,Ninguna,Dia total,Despejado,No,NO APLICA,99,99,99,99,1,13/12/2022,2
47,Tennessee,471269,0,0,2,0,157,SHELBY (157),1620,MEMPHIS,12,Diciembre,29,2022,11,1,ARNOLD RD,6,Calle Local Municipalidad,Urbano,Colector Mayor,City or Municipal Highway Agency,0,Sin jurisdiccion especial,5,35.02797778,-89.94535,Vehiculo en movimiento,Angulo,T-Intersection,Interseccion de T,Sobre calle,Ninguna,Dia total,Nublado,No,NO APLICA,99,99,99,99,1,29/12/2022,4
47,Tennessee,471270,0,0,1,0,165,SUMNER (165),1085,HENDERSONVILLE,12,Diciembre,24,2022,8,46,IMPERIAL BLVD,6,Calle Local Municipalidad,Urbano,Colector Mayor,City or Municipal Highway Agency,0,Sin jurisdiccion especial,7,36.29955,-86.63093889,Banqueta,El primer evento no fue una colision con un vehiculo automotor en transporte,Not an Intersection,No fue interseccion,Sobre el lado de la calle,Ninguna,Dia total,Nublado,No,NO APLICA,99,99,99,99,1,24/12/2022,1
47,Tennessee,471271,0,0,1,0,37,DAVIDSON (37),1760,NASHVILLE,11,Noviembre,21,2022,1,25,MU-ASTER DR,6,Calle Local Municipalidad,Urbano,Local,City or Municipal Highway Agency,0,Sin jurisdiccion especial,0,36.0892,-86.7188,Edificio,El primer evento no fue una colision con un vehiculo automotor en transporte,Not an Intersection,No fue interseccion,Sobre el lado de la calle,Ninguna,Oscuro con iluminacion,Despejado,No,NO APLICA,99,99,4,34,1,21/11/2022,2
47,Tennessee,471272,0,0,6,5,149,RUTHERFORD (149),2250,SMYRNA,9,Septiembre,3,2022,11,38,US-41/70S SR-1 N LOWRY ST,2,US Highway,Urbano,Arteria Principal,State Highway Agency,1,Sin jurisdiccion especial,46,35.98808056,-86.5239,Vehiculo Aparcado,El primer evento no fue una colision con un vehiculo automotor en transporte,Not an Intersection,No fue interseccion,Fuera de la calle,Ninguna,Dia total,Despejado,No,NO APLICA,99,99,99,99,1,03/09/2022,1
47,Tennessee,471273,0,0,2,0,149,RUTHERFORD (149),2250,SMYRNA,12,Diciembre,2,2022,8,33,SR-102 NISSAN DR,3,Highway estatal,Urbano,Arteria Menor,State Highway Agency,0,Sin jurisdiccion especial,123,35.98535,-86.49401944,Vehiculo en movimiento,Frente a Detrás,Not an Intersection,No fue interseccion,Sobre calle,Ninguna,Dia total,Despejado,No,NO APLICA,99,99,99,99,1,02/12/2022,2
47,Tennessee,471274,0,0,3,0,147,ROBERTSON (147),2340,SPRINGFIELD,11,Noviembre,1,2022,9,58,US-41 SR-11 MEMORIAL BLVD,2,US Highway,Urbano,Arteria Principal,State Highway Agency,1,Sin jurisdiccion especial,84,36.48456944,-86.86215,Vehiculo en movimiento,Angulo,Four-Way Intersection,Interseccion de 4 direcciones,Sobre calle,Ninguna,Dia total,Despejado,No,NO APLICA,99,99,99,99,1,01/11/2022,3
48,Texas,480001,0,0,1,0,439,TARRANT (439),2450,FORT WORTH,1,Enero,1,2022,1,42,RANDOL MILL RD,6,Calle Local Municipalidad,Urbano,Arteria Principal,Not Reported,0,Sin jurisdiccion especial,0,32.77503333,-97.23153611,Poste,El primer evento no fue una colision con un vehiculo automotor en transporte,Not an Intersection,No fue interseccion,Sobre el lado de la calle,Ninguna,Oscuro con iluminacion,lluvia,No,NO APLICA,99,98,99,98,1,01/01/2022,1
48,Texas,480002,0,0,2,0,201,HARRIS (201),0,NO APLICA,1,Enero,1,2022,1,6,CR-BARKER CYPRESS RD,4,Calle del Condado,Urbano,Arteria Menor,Not Reported,0,Sin jurisdiccion especial,0,29.82096944,-95.68686389,Vehiculo en movimiento,Angulo,T-Intersection,Interseccion de T,Sobre calle,Ninguna,Oscuro con iluminacion,Despejado,No,NO APLICA,99,99,99,99,3,01/01/2022,7
48,Texas,480003,0,0,3,0,29,BEXAR (29),6090,SAN ANTONIO,1,Enero,1,2022,18,6,SS 421/CULEBRA RD,6,Calle Local Municipalidad,Urbano,Arteria Principal,Not Reported,1,Sin jurisdiccion especial,25,29.44505556,-98.52500833,Vehiculo en movimiento,Angulo,Four-Way Intersection,Interseccion de 4 direcciones,Sobre calle,Ninguna,Oscuro con iluminacion,Despejado,No,NO APLICA,99,99,99,99,1,01/01/2022,7
48,Texas,480005,0,0,2,0,439,TARRANT (439),2450,FORT WORTH,1,Enero,2,2022,2,9,US-287/MARTIN L KING FWY,2,US Highway,Urbano,Arterial Principal -Freeway o ExpressWay,Not Reported,1,Sin jurisdiccion especial,251,32.70687778,-97.27086111,Vehiculo en movimiento,Frente a frente,Not an Intersection,No fue interseccion,Sobre calle,Ninguna,Oscuro sin iluminacion,Despejado,No,NO APLICA,99,98,99,98,2,02/01/2022,2
48,Texas,480006,0,0,1,0,201,HARRIS (201),0,NO APLICA,1,Enero,2,2022,2,42,SR-99 SV RD/GRAND PKWY,3,Highway estatal,Urbano,Colector Mayor,Not Reported,0,Sin jurisdiccion especial,128,30.05668333,-95.57647778,Soporte de  señalamiento de transito,El primer evento no fue una colision con un vehiculo automotor en transporte,Four-Way Intersection,Interseccion de 4 direcciones,En el medio,Ninguna,Oscuro con iluminacion,Nublado,No,NO APLICA,99,99,99,99,1,02/01/2022,4
48,Texas,480007,0,0,1,0,439,TARRANT (439),2450,FORT WORTH,1,Enero,2,2022,21,43,BRYANT IRVIN RD,6,Calle Local Municipalidad,Urbano,Arteria Principal,Not Reported,0,Servicio de Parques Nacional,0,32.71665833,-97.41308611,Banqueta,El primer evento no fue una colision con un vehiculo automotor en transporte,Not an Intersection,No fue interseccion,Sobre el lado de la calle,Ninguna,Oscuro con iluminacion,Despejado,No,NO APLICA,99,98,99,98,1,02/01/2022,1