Estado,Nombre de Estado,Numero de Caso,Peatones,Personas _no_vehiculos,Vehiculos automotores,Vehiculos estacionados,Condado,Nombre Condado,Ciudad,Nombre Ciudad,Mes,Nombre Mes,Dia,Año,Hora,Minuto,Calle,Ruta,Nombre Ruta,Rural o Urbanoo,Sistema Funcional,Dueño Calle,Sistema Nacional Carreteras,Jurisdiccion Especial,Milla,Latitud,Longitud,Causa del Accidente,Tipo de Accidente,Tipo Interseccion,Columna1,Lugar en la calle,Zona de Trabajo,Luz,Clima,Autobus Escolar,Cruce de Trenes,Hora Notificacion,Minuto Notificacion,Hora Llegada,Minuto Llegada,Decesos,Fecha,PersonaVehiculo
48,Texas,480008,1,1,1,0,439,TARRANT (439),2450,FORT WORTH,1,Enero,1,2022,18,22,US-287P BU/MAIN ST,2,US Highway,Urbano,Arteria Principal,Not Reported,1,Sin jurisdiccion especial,147,32.79868889,-97.35010278,Peaton,El primer evento no fue una colision con un vehiculo automotor en transporte,Not an Intersection,No fue interseccion,Sobre calle,Ninguna,Oscuro con iluminacion,Despejado,No,NO APLICA,99,99,99,99,1,01/01/2022,1
48,Texas,480009,0,0,2,0,315,MARION (315),0,NO APLICA,1,Enero,1,2022,3,4,SR-49,3,Highway estatal,Rural,Arteria Menor,Not Reported,0,Sin jurisdiccion especial,66,32.81724722,-94.47676667,Vehiculo en movimiento,Frente a frente,Not an Intersection,No fue interseccion,Sobre calle,Ninguna,Oscuro sin iluminacion,Nublado,No,NO APLICA,99,99,99,99,1,01/01/2022,3
48,Texas,480010,1,1,1,0,473,WALLER (473),0,NO APLICA,1,Enero,1,2022,20,56,FM 359,8,Otro,Rural,Colector Mayor,Not Reported,0,Sin jurisdiccion especial,200,29.94068611,-96.03271667,Peaton,El primer evento no fue una colision con un vehiculo automotor en transporte,Not an Intersection,No fue interseccion,Sobre calle,Ninguna,Oscuro sin iluminacion,Nublado,No,NO APLICA,99,98,99,98,1,01/01/2022,1
48,Texas,480011,0,0,1,0,201,HARRIS (201),480,BAYTOWN,1,Enero,1,2022,7,21,I-10,7,Calle Local,Urbano,Colector Mayor,State Highway Agency,0,Sin jurisdiccion especial,212,29.799925,-95.02678056,Barda,El primer evento no fue una colision con un vehiculo automotor en transporte,Not an Intersection,No fue interseccion,Sobre el lado de la calle,Ninguna,Dia total,Despejado,No,NO APLICA,99,98,99,98,1,01/01/2022,1
48,Texas,480012,0,0,3,0,29,BEXAR (29),7077,UNIVERSAL CITY,1,Enero,4,2022,16,54,FM 78/GORDON A BLAKE HWY,8,Otro,Urbano,Arteria Principal,Not Reported,1,Sin jurisdiccion especial,194,29.542275,-98.29166944,Vehiculo en movimiento,Frente a Detrás,Not an Intersection,No fue interseccion,Sobre calle,Ninguna,Dia total,Despejado,No,NO APLICA,99,99,99,99,1,04/01/2022,4
48,Texas,480013,1,1,1,0,61,CAMERON (61),940,BROWNSVILLE,1,Enero,4,2022,1,39,CALLE MILPA VERDE,6,Calle Local Municipalidad,Urbano,Colector Menor,Not Reported,0,Sin jurisdiccion especial,0,25.89101667,-97.45436389,Peaton,El primer evento no fue una colision con un vehiculo automotor en transporte,Not an Intersection,No fue interseccion,Sobre calle,Ninguna,Oscuro sin iluminacion,Despejado,No,NO APLICA,99,98,99,98,1,04/01/2022,1
48,Texas,480014,0,0,2,0,61,CAMERON (61),940,BROWNSVILLE,1,Enero,5,2022,14,28,FM 2519/BILLIE MITCHELL BLVD,8,Otro,Urbano,Arteria Menor,Not Reported,0,Sin jurisdiccion especial,3,25.91234167,-97.45364167,Vehiculo en movimiento,Angulo,Not an Intersection,No fue interseccion,Sobre calle,Ninguna,Dia total,Despejado,No,NO APLICA,99,99,99,99,1,05/01/2022,2
48,Texas,480015,0,0,1,0,361,ORANGE (361),0,NO APLICA,1,Enero,1,2022,1,30,CR-OLD HWY 87,4,Calle del Condado,Rural,Local,Not Reported,0,Sin jurisdiccion especial,0,30.23481111,-93.75047222,Arbol,El primer evento no fue una colision con un vehiculo automotor en transporte,Not an Intersection,No fue interseccion,Sobre el lado de la calle,Ninguna,Oscuro sin iluminacion,Nublado,No,NO APLICA,99,98,99,98,1,01/01/2022,1
48,Texas,480016,1,1,3,0,439,TARRANT (439),2450,FORT WORTH,1,Enero,5,2022,6,57,I-820,1,Interestatal,Urbano,Interestatal,State Highway Agency,1,Sin jurisdiccion especial,292,32.75758611,-97.21493611,Peaton,El primer evento no fue una colision con un vehiculo automotor en transporte,Not an Intersection,No fue interseccion,Sobre calle,Ninguna,Oscuro con iluminacion,Despejado,No,NO APLICA,99,98,99,98,1,05/01/2022,4
48,Texas,480017,0,0,2,0,61,CAMERON (61),3780,LA FERIA,1,Enero,6,2022,7,47,US-83,2,US Highway,Urbano,Arteria Principal,Not Reported,1,Sin jurisdiccion especial,34,26.16313333,-97.8099,Vehiculo en movimiento,Angulo,T-Intersection,Interseccion de T,Sobre calle,Ninguna,Dia total,Neblina o Humo,No,NO APLICA,99,99,99,99,1,06/01/2022,3
48,Texas,480018,0,0,3,2,439,TARRANT (439),3347,HURST,1,Enero,4,2022,10,53,FM 3029,8,Otro,Urbano,Arteria Principal,Not Reported,1,Sin jurisdiccion especial,102,32.85221944,-97.18597222,Poste,El primer evento no fue una colision con un vehiculo automotor en transporte,Not an Intersection,No fue interseccion,Sobre el lado de la calle,Ninguna,Dia total,Despejado,No,NO APLICA,10,53,10,53,1,04/01/2022,1
48,Texas,480019,0,0,1,0,105,CROCKETT (105),0,NO APLICA,1,Enero,1,2022,8,40,I-10/ TEXAS PECOS TRL,1,Interestatal,Rural,Interestatal,State Highway Agency,1,Sin jurisdiccion especial,510,30.6859,-101.2959889,Volcadura,El primer evento no fue una colision con un vehiculo automotor en transporte,Not an Intersection,No fue interseccion,Sobre el lado de la calle,Ninguna,Dia total,Despejado,No,NO APLICA,8,43,8,53,1,01/01/2022,2
48,Texas,480020,0,0,1,0,113,DALLAS (113),1190,CARROLLTON,1,Enero,4,2022,13,45,I-35 RAMP,1,Interestatal,Urbano,Interestatal,State Toll Road,1,Sin jurisdiccion especial,337,32.98273333,-96.93286389,Puente de Ferrocarril,El primer evento no fue una colision con un vehiculo automotor en transporte,Not an Intersection,No fue interseccion,Sobre el lado de la calle,Ninguna,Dia total,Despejado,No,NO APLICA,99,98,99,98,1,04/01/2022,1
48,Texas,480021,1,1,2,0,201,HARRIS (201),3280,HOUSTON,1,Enero,3,2022,20,9,US-90 ALT/MAIN ST,2,US Highway,Urbano,Arteria Principal,Not Reported,1,Sin jurisdiccion especial,26,29.6347,-95.49691111,Peaton,El primer evento no fue una colision con un vehiculo automotor en transporte,Not an Intersection,No fue interseccion,Sobre calle,Ninguna,Oscuro con iluminacion,Despejado,No,NO APLICA,99,98,99,98,1,03/01/2022,2
48,Texas,480022,1,1,1,0,491,WILLIAMSON (491),2620,GEORGETOWN,1,Enero,4,2022,8,50,HOLIDAY CREEK LN,6,Calle Local Municipalidad,Urbano,Local,Not Reported,0,Sin jurisdiccion especial,0,30.73492778,-97.69467778,Peaton,El primer evento no fue una colision con un vehiculo automotor en transporte,Four-Way Intersection,Interseccion de 4 direcciones,Sobre calle,Ninguna,Dia total,Despejado,No,NO APLICA,99,99,99,99,1,04/01/2022,1
48,Texas,480023,0,0,2,0,209,HAYS (209),6170,SAN MARCOS,1,Enero,3,2022,2,15,I-35,1,Interestatal,Urbano,Interestatal,State Highway Agency,1,Sin jurisdiccion especial,59,29.86205556,-97.94715278,Vehiculo en movimiento,Angulo,Not an Intersection,No fue interseccion,Sobre calle,Construccion,Oscuro sin iluminacion,Nublado,No,NO APLICA,99,98,99,98,1,03/01/2022,2
48,Texas,480024,1,1,1,0,201,HARRIS (201),3280,HOUSTON,1,Enero,2,2022,7,50,I-45/NORTH FWY,1,Interestatal,Urbano,Interestatal,State Highway Agency,1,Sin jurisdiccion especial,303,29.84946389,-95.39558056,Peaton,El primer evento no fue una colision con un vehiculo automotor en transporte,Not an Intersection,No fue interseccion,Sobre Acotamiento,Ninguna,Dia total,Despejado,No,NO APLICA,99,98,99,98,1,02/01/2022,1
48,Texas,480025,0,0,1,0,201,HARRIS (201),480,BAYTOWN,1,Enero,2,2022,16,51,SR-146 RAMP,3,Highway estatal,Urbano,Arterial Principal -Freeway o ExpressWay,Not Reported,1,Sin jurisdiccion especial,48,29.74840278,-94.98748333,Barrera de Trafico de Concreto,El primer evento no fue una colision con un vehiculo automotor en transporte,Y-Intersection,Interseccion de Y,Gore?,Ninguna,Dia total,Despejado,No,NO APLICA,99,98,99,98,1,02/01/2022,1
48,Texas,480026,0,0,1,0,141,EL PASO (141),2190,EL PASO,1,Enero,4,2022,21,26,US-54/GATEWAY NORTH DR RAMP,2,US Highway,Urbano,Arterial Principal -Freeway o ExpressWay,Not Reported,1,Sin jurisdiccion especial,15,31.76676944,-106.4464389,Poste,El primer evento no fue una colision con un vehiculo automotor en transporte,Not an Intersection,No fue interseccion,Sobre el lado de la calle,Ninguna,Oscuro con iluminacion,Despejado,No,NO APLICA,99,98,99,98,1,04/01/2022,1
48,Texas,480027,0,0,1,0,183,GREGG (183),4080,LONGVIEW,1,Enero,5,2022,20,50,SR-281 LOOP,3,Highway estatal,Urbano,Arteria Principal,Not Reported,1,Sin jurisdiccion especial,75,32.50011667,-94.79412778,Arbol,El primer evento no fue una colision con un vehiculo automotor en transporte,Not an Intersection,No fue interseccion,Sobre el lado de la calle,Ninguna,Oscuro con iluminacion,Despejado,No,NO APLICA,99,99,99,99,1,05/01/2022,3
48,Texas,480028,0,0,1,0,71,CHAMBERS (71),4666,MONT BELVIEU,1,Enero,1,2022,8,51,FM 565,8,Otro,Rural,Arteria Menor,Not Reported,0,Sin jurisdiccion especial,8,29.85055,-94.88154722,Volcadura,El primer evento no fue una colision con un vehiculo automotor en transporte,Not an Intersection,No fue interseccion,Sobre el lado de la calle,Ninguna,Dia total,Nublado,No,NO APLICA,9,3,9,16,1,01/01/2022,1
48,Texas,480029,0,0,2,0,439,TARRANT (439),2255,EULESS,1,Enero,7,2022,22,45,FM 157/INDUSTRIAL BLVD,8,Otro,Urbano,Arteria Principal,Not Reported,1,Sin jurisdiccion especial,58,32.85268333,-97.09992778,Vehiculo en movimiento,Angulo,Not an Intersection,No fue interseccion,Sobre calle,Ninguna,Oscuro con iluminacion,Despejado,No,NO APLICA,99,99,99,99,1,07/01/2022,2
48,Texas,480030,0,0,1,0,143,ERATH (143),0,NO APLICA,1,Enero,4,2022,3,0,US-377,2,US Highway,Rural,Arteria Principal,Not Reported,1,Sin jurisdiccion especial,63,32.32794722,-98.07805556,Suelo,El primer evento no fue una colision con un vehiculo automotor en transporte,Not an Intersection,No fue interseccion,Sobre el lado de la calle,Ninguna,Oscuro sin iluminacion,Despejado,No,NO APLICA,99,98,99,98,1,04/01/2022,1
48,Texas,480031,0,0,1,0,149,FAYETTE (149),3790,LA GRANGE,1,Enero,1,2022,2,15,SR-71,3,Highway estatal,Urbano,Arteria Principal,Not Reported,1,Sin jurisdiccion especial,4,29.923675,-96.87539722,Volcadura,El primer evento no fue una colision con un vehiculo automotor en transporte,Not an Intersection,No fue interseccion,Separador,Ninguna,Oscuro sin iluminacion,Despejado,No,NO APLICA,99,98,99,98,1,01/01/2022,1
48,Texas,480032,0,0,1,0,277,LAMAR (277),5220,PARIS,1,Enero,4,2022,11,47,JACKSON ST,6,Calle Local Municipalidad,Urbano,Local,Not Reported,0,Sin jurisdiccion especial,0,33.650275,-95.53596389,Alguien se cayo/avento del vehiculo,El primer evento no fue una colision con un vehiculo automotor en transporte,T-Intersection,Interseccion de T,Sobre calle,Ninguna,Dia total,Despejado,No,NO APLICA,99,99,99,99,1,04/01/2022,3
48,Texas,480033,0,0,2,0,183,GREGG (183),4080,LONGVIEW,1,Enero,7,2022,12,15,SR-300/GILMER RD,3,Highway estatal,Urbano,Arteria Principal,Not Reported,1,Sin jurisdiccion especial,50,32.53844444,-94.79123889,Vehiculo en movimiento,Angulo,Four-Way Intersection,Interseccion de 4 direcciones,Sobre calle,Ninguna,Dia total,Despejado,No,NO APLICA,12,15,12,18,1,07/01/2022,2
48,Texas,480034,0,0,1,0,73,CHEROKEE (73),0,NO APLICA,1,Enero,11,2022,2,20,SR-135,3,Highway estatal,Rural,Arteria Menor,Not Reported,0,Sin jurisdiccion especial,136,31.98683056,-95.24193056,Barda,El primer evento no fue una colision con un vehiculo automotor en transporte,Not an Intersection,No fue interseccion,Sobre el lado de la calle,Ninguna,Oscuro sin iluminacion,Despejado,No,NO APLICA,99,98,99,98,1,11/01/2022,1
48,Texas,480035,0,0,1,0,311,MCMULLEN (311),0,NO APLICA,1,Enero,3,2022,21,45,SR-16,3,Highway estatal,Rural,Arteria Menor,Not Reported,0,Sin jurisdiccion especial,271,28.27328611,-98.55466111,Volcadura,El primer evento no fue una colision con un vehiculo automotor en transporte,Not an Intersection,No fue interseccion,Sobre el lado de la calle,Ninguna,Oscuro sin iluminacion,Despejado,No,NO APLICA,99,99,99,99,1,03/01/2022,5
48,Texas,480036,0,0,1,0,401,RUSK (401),0,NO APLICA,1,Enero,2,2022,12,47,US-259,2,US Highway,Urbano,Arteria Principal,Not Reported,1,Sin jurisdiccion especial,63,32.19516667,-94.809875,Acotamiento,El primer evento no fue una colision con un vehiculo automotor en transporte,T-Intersection,Interseccion de T,Sobre el lado de la calle,Ninguna,Dia total,Despejado,No,NO APLICA,99,98,99,98,1,02/01/2022,1
48,Texas,480037,0,0,1,0,201,HARRIS (201),0,NO APLICA,1,Enero,9,2022,19,36,LITTLE YORK RD,6,Calle Local Municipalidad,Urbano,Local,Not Reported,0,Sin jurisdiccion especial,0,29.859375,-95.73662778,Banqueta,El primer evento no fue una colision con un vehiculo automotor en transporte,Not an Intersection,No fue interseccion,En el medio,Ninguna,Oscuro con iluminacion,Nublado,No,NO APLICA,99,99,99,99,1,09/01/2022,1
48,Texas,480038,0,0,2,0,201,HARRIS (201),3280,HOUSTON,1,Enero,6,2022,18,9,I-45,1,Interestatal,Urbano,Interestatal,State Highway Agency,1,Sin jurisdiccion especial,213,29.73496111,-95.34671389,Vehiculo en movimiento,Frente a Detrás,Not an Intersection,No fue interseccion,Sobre calle,Ninguna,Oscuro sin iluminacion,Despejado,No,NO APLICA,99,99,99,99,1,06/01/2022,2
48,Texas,480039,0,0,2,0,347,NACOGDOCHES (347),0,NO APLICA,1,Enero,5,2022,10,0,SR-103,3,Highway estatal,Rural,Arteria Principal,Not Reported,1,Sin jurisdiccion especial,77,31.38094444,-94.34251944,Vehiculo en movimiento,Frente a frente,Not an Intersection,No fue interseccion,Sobre calle,Ninguna,Dia total,Despejado,No,NO APLICA,99,99,99,99,1,05/01/2022,3
48,Texas,480040,0,0,3,0,27,BELL (27),570,BELTON,1,Enero,8,2022,11,50,SR-121 LP,3,Highway estatal,Rural,Arteria Menor,Not Reported,0,Sin jurisdiccion especial,42,31.03279167,-97.48303611,Vehiculo en movimiento,Frente a Detrás,Not an Intersection,No fue interseccion,Sobre calle,Ninguna,Dia total,Neblina o Humo,No,NO APLICA,99,99,99,99,2,08/01/2022,6
48,Texas,480041,1,1,1,0,85,COLLIN (85),5390,PLANO,1,Enero,9,2022,1,51,SR-289 PRESTON RD,3,Highway estatal,Urbano,Arteria Principal,Not Reported,1,Sin jurisdiccion especial,289,33.01881667,-96.79515,Peaton,El primer evento no fue una colision con un vehiculo automotor en transporte,Not an Intersection,No fue interseccion,Sobre calle,Ninguna,Oscuro con iluminacion,Otro,No,NO APLICA,99,98,99,98,1,09/01/2022,5
48,Texas,480042,0,0,2,0,183,GREGG (183),0,NO APLICA,1,Enero,3,2022,13,55,US-259,2,US Highway,Rural,Arteria Principal,Not Reported,1,Militar,101,32.58007778,-94.73644722,Vehiculo en movimiento,Angulo,Four-Way Intersection,Interseccion de 4 direcciones,Sobre calle,Ninguna,Dia total,Despejado,No,NO APLICA,99,98,99,98,1,03/01/2022,2
48,Texas,480043,0,0,2,0,31,BLANCO (31),0,NO APLICA,1,Enero,1,2022,13,57,US-281,2,US Highway,Rural,Arteria Principal,Not Reported,1,Sin jurisdiccion especial,361,29.98909167,-98.40797222,Vehiculo en movimiento,Frente a frente,Not an Intersection,No fue interseccion,Sobre calle,Ninguna,Dia total,Despejado,No,NO APLICA,99,98,99,98,1,01/01/2022,3
48,Texas,480044,0,0,1,0,19,BANDERA (19),0,NO APLICA,1,Enero,1,2022,17,11,SR-16,3,Highway estatal,Rural,Arteria Principal,Not Reported,0,Sin jurisdiccion especial,86,29.73153889,-98.95643889,Poste o otros soportes,El primer evento no fue una colision con un vehiculo automotor en transporte,Not an Intersection,No fue interseccion,Sobre el lado de la calle,Ninguna,Dia total,Despejado,No,NO APLICA,17,11,17,26,1,01/01/2022,2
48,Texas,480045,0,0,1,0,85,COLLIN (85),0,NO APLICA,1,Enero,4,2022,18,35,SR-78,3,Highway estatal,Rural,Arteria Principal,Not Reported,1,Sin jurisdiccion especial,236,33.06780278,-96.42481389,Poste de Señal de trafico,El primer evento no fue una colision con un vehiculo automotor en transporte,Not an Intersection,No fue interseccion,Sobre el lado de la calle,Ninguna,Dia total,Despejado,No,NO APLICA,99,99,99,99,1,04/01/2022,1
48,Texas,480046,0,0,1,0,29,BEXAR (29),6090,SAN ANTONIO,1,Enero,12,2022,0,19,WISEMAN BLVD,6,Calle Local Municipalidad,Urbano,Arteria Menor,Not Reported,0,Sin jurisdiccion especial,0,29.47305278,-98.68151389,Banqueta,El primer evento no fue una colision con un vehiculo automotor en transporte,Not an Intersection,No fue interseccion,En el medio,Ninguna,Oscuro con iluminacion,Despejado,No,NO APLICA,99,99,99,99,1,12/01/2022,1
48,Texas,480047,0,0,3,0,291,LIBERTY (291),1380,CLEVELAND,1,Enero,1,2022,6,52,SR-105,3,Highway estatal,Urbano,Arteria Principal,Not Reported,1,Sin jurisdiccion especial,17,30.31426389,-95.11323056,Vehiculo en movimiento,Golpe Lateral - direccion contraria,Not an Intersection,No fue interseccion,Sobre calle,Ninguna,Oscuro con iluminacion,Despejado,No,NO APLICA,99,98,99,98,1,01/01/2022,3
48,Texas,480048,1,1,3,2,113,DALLAS (113),1730,DALLAS,1,Enero,1,2022,0,1,COMMERCE ST,6,Calle Local Municipalidad,Urbano,Arteria Principal,Not Reported,0,Sin jurisdiccion especial,0,32.78303889,-96.78425556,Peaton,El primer evento no fue una colision con un vehiculo automotor en transporte,Not an Intersection,No fue interseccion,Sobre calle,Ninguna,Oscuro con iluminacion,Nublado,No,NO APLICA,99,99,99,99,1,01/01/2022,1
48,Texas,480049,0,0,2,0,113,DALLAS (113),1730,DALLAS,1,Enero,3,2022,4,43,I-35E SV RD/STEMMONS FWY,7,Calle Local,Urbano,Colector Mayor,Not Reported,0,Sin jurisdiccion especial,264,32.881125,-96.89755833,Vehiculo en movimiento,Angulo,Four-Way Intersection,Interseccion de 4 direcciones,Sobre calle,Ninguna,Oscuro con iluminacion,Despejado,No,NO APLICA,99,99,99,99,1,03/01/2022,3
48,Texas,480050,0,0,1,0,29,BEXAR (29),1209,CASTLE HILLS,1,Enero,13,2022,5,18,I-410,7,Calle Local,Urbano,Colector Mayor,State Highway Agency,0,Sin jurisdiccion especial,193,29.52020278,-98.51433889,Barrera de Trafico de Concreto,El primer evento no fue una colision con un vehiculo automotor en transporte,Not an Intersection,No fue interseccion,Gore?,Ninguna,Oscuro con iluminacion,Despejado,No,NO APLICA,99,99,99,99,2,13/01/2022,2
48,Texas,480051,0,0,1,0,113,DALLAS (113),2800,GRAND PRAIRIE,1,Enero,7,2022,21,38,SR-180/MAIN ST,3,Highway estatal,Urbano,Arteria Principal,Not Reported,1,Sin jurisdiccion especial,52,32.74793611,-96.94906944,Volcadura,El primer evento no fue una colision con un vehiculo automotor en transporte,Not an Intersection,No fue interseccion,Fuera de la calle,Ninguna,Oscuro sin iluminacion,Despejado,No,NO APLICA,21,38,21,46,2,07/01/2022,2
48,Texas,480052,0,0,2,0,439,TARRANT (439),260,ARLINGTON,1,Enero,11,2022,17,5,GREEN OAKS BLVD,6,Calle Local Municipalidad,Urbano,Arteria Principal,Not Reported,0,Sin jurisdiccion especial,0,32.70219444,-97.19036111,Vehiculo en movimiento,Angulo,T-Intersection,Interseccion de T,Sobre calle,Ninguna,Dia total,Despejado,No,NO APLICA,99,99,99,99,1,11/01/2022,3
48,Texas,480053,1,1,1,0,113,DALLAS (113),5730,RICHARDSON,1,Enero,11,2022,18,59,ARAPAHO RD,6,Calle Local Municipalidad,Urbano,Arteria Menor,Not Reported,0,Sin jurisdiccion especial,0,32.96074722,-96.69875833,Ciclista,El primer evento no fue una colision con un vehiculo automotor en transporte,Not an Intersection,No fue interseccion,Sobre calle,Ninguna,Oscuro con iluminacion,Despejado,No,NO APLICA,99,99,99,99,1,11/01/2022,1
48,Texas,480054,0,0,2,0,245,JEFFERSON (245),490,BEAUMONT,1,Enero,11,2022,22,26,US-69/CARDINAL DR,2,US Highway,Urbano,Arterial Principal -Freeway o ExpressWay,Not Reported,1,Sin jurisdiccion especial,62,30.031,-94.07836667,Vehiculo en movimiento,Golpe Lateral - misma direccion,Not an Intersection,No fue interseccion,Sobre calle,Ninguna,Oscuro con iluminacion,Despejado,No,NO APLICA,99,99,99,99,1,11/01/2022,3
48,Texas,480055,1,1,1,0,29,BEXAR (29),6090,SAN ANTONIO,1,Enero,13,2022,6,29,HUEBNER RD,6,Calle Local Municipalidad,Urbano,Arteria Menor,Not Reported,0,Sin jurisdiccion especial,0,29.54583889,-98.57765,Peaton,El primer evento no fue una colision con un vehiculo automotor en transporte,Not an Intersection,No fue interseccion,Sobre calle,Ninguna,Oscuro sin iluminacion,Despejado,No,NO APLICA,99,99,99,99,1,13/01/2022,1
48,Texas,480056,1,1,2,0,29,BEXAR (29),6090,SAN ANTONIO,1,Enero,6,2022,21,24,I-410/TX HILL COUNTRY TRL,1,Interestatal,Urbano,Interestatal,State Highway Agency,1,Sin jurisdiccion especial,114,29.46460833,-98.620275,Peaton,El primer evento no fue una colision con un vehiculo automotor en transporte,Not an Intersection,No fue interseccion,Sobre calle,Construccion,Oscuro sin iluminacion,Despejado,No,NO APLICA,99,99,99,99,1,06/01/2022,2
48,Texas,480057,0,0,1,0,157,FORT BEND (157),5970,ROSENBERG,1,Enero,6,2022,0,45,LANE DR,6,Calle Local Municipalidad,Urbano,Arteria Menor,Not Reported,0,Sin jurisdiccion especial,0,29.57281389,-95.77373889,Poste,El primer evento no fue una colision con un vehiculo automotor en transporte,Not an Intersection,No fue interseccion,Sobre el lado de la calle,Construccion,Oscuro con iluminacion,Nublado,No,NO APLICA,99,99,99,99,1,06/01/2022,1
48,Texas,480058,0,0,2,0,351,NEWTON (351),0,NO APLICA,1,Enero,7,2022,8,48,SR-87,3,Highway estatal,Rural,Colector Mayor,Not Reported,0,Sin jurisdiccion especial,71,31.09445278,-93.72928333,Vehiculo en movimiento,Angulo,Four-Way Intersection,Interseccion de 4 direcciones,Sobre calle,Ninguna,Dia total,Despejado,No,NO APLICA,99,98,99,98,1,07/01/2022,2
48,Texas,480059,0,0,2,0,349,NAVARRO (349),0,NO APLICA,1,Enero,8,2022,10,51,FM 709,8,Otro,Rural,Colector Mayor,Not Reported,0,Sin jurisdiccion especial,312,32.03021944,-96.47505278,Vehiculo en movimiento,Frente a frente,Not an Intersection,No fue interseccion,Sobre calle,Ninguna,Dia total,lluvia,No,NO APLICA,99,98,99,98,1,08/01/2022,2
48,Texas,480060,0,0,2,0,201,HARRIS (201),3280,HOUSTON,1,Enero,8,2022,4,54,TL 32 WESTPARK TOLLWAY,8,Otro,Urbano,Arterial Principal -Freeway o ExpressWay,State Toll Road,1,Sin jurisdiccion especial,0,29.72059722,-95.52775833,Vehiculo en movimiento,Frente a frente,Not an Intersection,No fue interseccion,Sobre calle,Ninguna,Oscuro con iluminacion,lluvia,No,NO APLICA,99,99,99,99,2,08/01/2022,4
48,Texas,480061,1,1,3,0,201,HARRIS (201),3280,HOUSTON,1,Enero,13,2022,2,32,I-45,1,Interestatal,Urbano,Interestatal,State Highway Agency,1,Sin jurisdiccion especial,202,29.72561944,-95.332675,Peaton,El primer evento no fue una colision con un vehiculo automotor en transporte,Not an Intersection,No fue interseccion,Sobre Acotamiento,Ninguna,Oscuro sin iluminacion,Despejado,No,NO APLICA,99,98,99,98,1,13/01/2022,3
48,Texas,480062,0,0,2,0,15,AUSTIN (15),6280,SEALY,1,Enero,6,2022,1,58,I-10,1,Interestatal,Urbano,Interestatal,State Highway Agency,1,Sin jurisdiccion especial,88,29.76392778,-96.15418611,Barrera de Trafico de Concreto,El primer evento no fue una colision con un vehiculo automotor en transporte,Not an Intersection,No fue interseccion,Sobre el lado de la calle,Construccion,Oscuro sin iluminacion,Neblina o Humo,No,NO APLICA,99,98,99,98,1,06/01/2022,2
48,Texas,480063,0,0,2,0,329,MIDLAND (329),0,NO APLICA,1,Enero,8,2022,13,5,I-20,7,Calle Local,Urbano,Colector Mayor,State Highway Agency,0,Sin jurisdiccion especial,273,32.031225,-101.9878583,Vehiculo en movimiento,Angulo,Four-Way Intersection,Interseccion de 4 direcciones,Sobre calle,Ninguna,Dia total,Despejado,No,NO APLICA,13,6,13,14,1,08/01/2022,2
48,Texas,480064,0,0,2,0,183,GREGG (183),0,NO APLICA,1,Enero,7,2022,22,32,I-20,1,Interestatal,Urbano,Interestatal,State Highway Agency,1,Sin jurisdiccion especial,49,32.43261389,-94.90383056,Vehiculo en movimiento,Otro,Not an Intersection,No fue interseccion,Sobre calle,Ninguna,Oscuro sin iluminacion,Despejado,No,NO APLICA,99,98,99,98,1,07/01/2022,2
48,Texas,480065,0,0,2,0,183,GREGG (183),0,NO APLICA,1,Enero,13,2022,16,24,SR-149,3,Highway estatal,Rural,Arteria Menor,Not Reported,0,Sin jurisdiccion especial,298,32.38794444,-94.66195278,Vehiculo en movimiento,Frente a Detrás,Not an Intersection,No fue interseccion,Sobre calle,Ninguna,Dia total,Despejado,No,NO APLICA,99,99,99,99,2,13/01/2022,7
48,Texas,480066,1,1,1,0,201,HARRIS (201),3280,HOUSTON,1,Enero,4,2022,6,12,SR-288,7,Calle Local,Urbano,Local,Not Reported,0,Sin jurisdiccion especial,63,29.66708889,-95.38274167,Peaton,El primer evento no fue una colision con un vehiculo automotor en transporte,Not an Intersection,No fue interseccion,Sobre calle,Ninguna,Oscuro - iluminacion desconocida,Despejado,No,NO APLICA,99,98,99,98,1,04/01/2022,1
48,Texas,480067,0,0,2,1,201,HARRIS (201),3280,HOUSTON,1,Enero,14,2022,15,59,CULLEN BLVD,6,Calle Local Municipalidad,Urbano,Arteria Principal,Not Reported,1,Sin jurisdiccion especial,46,29.63866667,-95.355775,Banqueta,El primer evento no fue una colision con un vehiculo automotor en transporte,Not an Intersection,No fue interseccion,Sobre el lado de la calle,Ninguna,Dia total,Despejado,No,NO APLICA,99,99,99,99,1,14/01/2022,1
48,Texas,480068,0,0,2,0,251,JOHNSON (251),0,NO APLICA,1,Enero,8,2022,11,40,FM 157,8,Otro,Urbano,Colector Mayor,Not Reported,9,Sin jurisdiccion especial,62,32.47061667,-97.11481111,Vehiculo en movimiento,Angulo,Not an Intersection,No fue interseccion,Sobre calle,Ninguna,Dia total,lluvia,No,NO APLICA,99,99,99,99,1,08/01/2022,2
48,Texas,480069,1,1,1,0,27,BELL (27),6810,TEMPLE,1,Enero,12,2022,18,34,FM 1741,8,Otro,Urbano,Arteria Principal,Not Reported,1,Sin jurisdiccion especial,203,31.08850833,-97.362225,Peaton,El primer evento no fue una colision con un vehiculo automotor en transporte,Four-Way Intersection,Interseccion de 4 direcciones,Sobre calle,Ninguna,Oscuro con iluminacion,Despejado,No,NO APLICA,99,98,99,98,1,12/01/2022,1
48,Texas,480070,0,0,1,0,471,WALKER (471),3340,HUNTSVILLE,1,Enero,15,2022,23,55,I-45 S RAMP,1,Interestatal,Urbano,Interestatal,State Highway Agency,1,Sin jurisdiccion especial,0,30.73512778,-95.58662222,Poste,El primer evento no fue una colision con un vehiculo automotor en transporte,Not an Intersection,No fue interseccion,Separador,Ninguna,Oscuro con iluminacion,Despejado,No,NO APLICA,99,98,99,98,1,15/01/2022,1