Estado,Nombre de Estado,Numero de Caso,Peatones,Personas _no_vehiculos,Vehiculos automotores,Vehiculos estacionados,Condado,Nombre Condado,Ciudad,Nombre Ciudad,Mes,Nombre Mes,Dia,Año,Hora,Minuto,Calle,Ruta,Nombre Ruta,Rural o Urbanoo,Sistema Funcional,Dueño Calle,Sistema Nacional Carreteras,Jurisdiccion Especial,Milla,Latitud,Longitud,Causa del Accidente,Tipo de Accidente,Tipo Interseccion,Columna1,Lugar en la calle,Zona de Trabajo,Luz,Clima,Autobus Escolar,Cruce de Trenes,Hora Notificacion,Minuto Notificacion,Hora Llegada,Minuto Llegada,Decesos,Fecha,PersonaVehiculo
48,Texas,480071,1,1,1,0,1,ANDERSON (1),5170,PALESTINE,1,Enero,15,2022,21,36,SR-256 LP,3,Highway estatal,Urbano,Arteria Principal,Not Reported,1,Sin jurisdiccion especial,78,31.73452778,-95.61235278,Peaton,El primer evento no fue una colision con un vehiculo automotor en transporte,Four-Way Intersection,Interseccion de 4 direcciones,Sobre calle,Ninguna,Oscuro con iluminacion,Despejado,No,NO APLICA,99,98,99,98,1,15/01/2022,1
48,Texas,480072,0,0,3,0,151,FISHER (151),0,NO APLICA,1,Enero,7,2022,17,51,US-180,2,US Highway,Rural,Arteria Menor,Not Reported,0,Sin jurisdiccion especial,8,32.74781111,-100.3642528,Vehiculo en movimiento,Frente a frente,Not an Intersection,No fue interseccion,Sobre calle,Ninguna,Dia total,Despejado,No,NO APLICA,99,99,99,99,1,07/01/2022,5
48,Texas,480073,0,0,3,0,215,HIDALGO (215),4197,MCALLEN,1,Enero,6,2022,19,9,FM 3461/NOLANA AVE,8,Otro,Urbano,Arteria Principal,Not Reported,1,Sin jurisdiccion especial,3,26.23658889,-98.20154167,Vehiculo en movimiento,Frente a frente,Not an Intersection,No fue interseccion,Sobre calle,Ninguna,Oscuro sin iluminacion,Despejado,No,NO APLICA,99,99,99,99,1,06/01/2022,5
48,Texas,480075,0,0,1,0,113,DALLAS (113),1730,DALLAS,1,Enero,10,2022,2,20,I-35/STEMMONS FWY,1,Interestatal,Urbano,Interestatal,State Highway Agency,1,Sin jurisdiccion especial,176,32.79340833,-96.814675,Valla para choques,El primer evento no fue una colision con un vehiculo automotor en transporte,Y-Intersection,Interseccion de Y,Gore?,Ninguna,Oscuro con iluminacion,Despejado,No,NO APLICA,99,99,99,99,1,10/01/2022,1
48,Texas,480076,0,0,2,0,203,HARRISON (203),0,NO APLICA,1,Enero,4,2022,20,57,US-59,2,US Highway,Rural,Arteria Principal,Not Reported,1,Sin jurisdiccion especial,86,32.58993611,-94.33998889,Vehiculo en movimiento,Frente a frente,Not an Intersection,No fue interseccion,Sobre calle,Ninguna,Oscuro sin iluminacion,Despejado,No,NO APLICA,99,98,99,98,1,04/01/2022,2
48,Texas,480077,0,0,1,0,75,CHILDRESS (75),0,NO APLICA,1,Enero,15,2022,18,39,US-287,2,US Highway,Rural,Arteria Principal,Not Reported,1,Sin jurisdiccion especial,29,34.50223333,-100.3733056,Volcadura,El primer evento no fue una colision con un vehiculo automotor en transporte,Not an Intersection,No fue interseccion,Sobre el lado de la calle,Ninguna,Oscuro sin iluminacion,Despejado,No,NO APLICA,99,98,99,98,1,15/01/2022,1
48,Texas,480078,0,0,1,0,169,GARZA (169),0,NO APLICA,1,Enero,17,2022,4,0,US-84,2,US Highway,Rural,Arteria Principal,Not Reported,1,Sin jurisdiccion especial,327,33.02582222,-101.1844861,Fin de valla,El primer evento no fue una colision con un vehiculo automotor en transporte,Not an Intersection,No fue interseccion,Sobre el lado de la calle,Ninguna,Oscuro sin iluminacion,Despejado,No,NO APLICA,99,99,99,99,1,17/01/2022,4
48,Texas,480079,1,1,1,0,459,UPSHUR (459),0,NO APLICA,1,Enero,14,2022,18,17,SR-155,3,Highway estatal,Rural,Arteria Menor,Not Reported,0,Sin jurisdiccion especial,0,32.84553056,-94.71731667,Peaton,El primer evento no fue una colision con un vehiculo automotor en transporte,T-Intersection,Interseccion de T,Sobre calle,Ninguna,Oscuro sin iluminacion,Despejado,No,NO APLICA,99,98,99,98,1,14/01/2022,3
48,Texas,480080,0,0,1,0,55,CALDWELL (55),4372,MARTINDALE,1,Enero,4,2022,5,40,SR-80,3,Highway estatal,Urbano,Arteria Menor,Not Reported,0,Sin jurisdiccion especial,34,29.85840278,-97.86198333,Barda,El primer evento no fue una colision con un vehiculo automotor en transporte,Not an Intersection,No fue interseccion,Fuera de la calle,Ninguna,Oscuro sin iluminacion,Despejado,No,NO APLICA,99,98,99,98,1,04/01/2022,2
48,Texas,480081,0,0,2,0,113,DALLAS (113),4530,MESQUITE,1,Enero,14,2022,4,11,I-30,1,Interestatal,Urbano,Interestatal,State Highway Agency,1,Sin jurisdiccion especial,136,32.81696111,-96.64011389,Vehiculo en movimiento,Frente a Detrás,Not an Intersection,No fue interseccion,Sobre calle,Construccion,Oscuro - iluminacion desconocida,Despejado,No,NO APLICA,99,99,99,99,2,14/01/2022,4
48,Texas,480082,0,0,1,0,439,TARRANT (439),2450,FORT WORTH,1,Enero,17,2022,22,55,I-35/NORTH FWY,7,Calle Local,Urbano,Colector Mayor,State Highway Agency,0,Sin jurisdiccion especial,169,32.89166389,-97.31788333,Banqueta,El primer evento no fue una colision con un vehiculo automotor en transporte,Not an Intersection,No fue interseccion,Separador,Ninguna,Oscuro sin iluminacion,Despejado,No,NO APLICA,22,58,23,1,1,17/01/2022,1
48,Texas,480083,0,0,2,0,39,BRAZORIA (39),130,ALVIN,1,Enero,8,2022,18,11,FM 1462,8,Otro,Urbano,Colector Mayor,Not Reported,0,Sin jurisdiccion especial,118,29.39211389,-95.27883333,Vehiculo en movimiento,Frente a Detrás,Not an Intersection,No fue interseccion,Sobre calle,Ninguna,No reportada,lluvia,No,NO APLICA,99,99,99,99,1,08/01/2022,3
48,Texas,480084,1,1,1,0,201,HARRIS (201),0,NO APLICA,1,Enero,13,2022,12,10,US-90,2,US Highway,Urbano,Arterial Principal -Freeway o ExpressWay,Not Reported,1,Sin jurisdiccion especial,170,29.88314722,-95.06400833,Peaton,El primer evento no fue una colision con un vehiculo automotor en transporte,Not an Intersection,No fue interseccion,Sobre calle,Ninguna,Dia total,Despejado,No,NO APLICA,99,98,99,98,1,13/01/2022,1
48,Texas,480085,0,0,2,1,439,TARRANT (439),2850,GRAPEVINE,1,Enero,16,2022,16,9,I-635 CONNECTOR,1,Interestatal,Urbano,Interestatal,State Highway Agency,1,Sin jurisdiccion especial,25,32.93279444,-97.04124167,Vehiculo Aparcado,El primer evento no fue una colision con un vehiculo automotor en transporte,Y-Intersection,Interseccion de Y,Gore?,Ninguna,Dia total,Despejado,No,NO APLICA,99,99,99,99,1,16/01/2022,1
48,Texas,480086,0,0,2,0,275,KNOX (275),0,NO APLICA,1,Enero,7,2022,15,8,US-277,2,US Highway,Rural,Arteria Principal,Not Reported,1,Sin jurisdiccion especial,92,33.45324167,-99.61053889,Vehiculo en movimiento,Angulo,T-Intersection,Interseccion de T,Sobre calle,Ninguna,Dia total,Despejado,No,NO APLICA,99,99,99,99,1,07/01/2022,3
48,Texas,480087,0,0,1,0,303,LUBBOCK (303),4140,LUBBOCK,1,Enero,16,2022,3,53,US-82,2,US Highway,Urbano,Arteria Principal,Not Reported,1,Sin jurisdiccion especial,186,33.61358333,-101.7749722,Volcadura,El primer evento no fue una colision con un vehiculo automotor en transporte,Not an Intersection,No fue interseccion,Sobre el lado de la calle,Ninguna,Oscuro sin iluminacion,Despejado,No,NO APLICA,99,98,99,98,1,16/01/2022,1
48,Texas,480088,0,0,2,0,423,SMITH (423),7070,TYLER,1,Enero,14,2022,22,50,US-69,2,US Highway,Urbano,Arteria Principal,Not Reported,1,Sin jurisdiccion especial,19,32.31736389,-95.30060556,Vehiculo en movimiento,Frente a Detrás,Not an Intersection,No fue interseccion,Sobre calle,Ninguna,Oscuro con iluminacion,Despejado,No,NO APLICA,99,99,99,99,1,14/01/2022,2
48,Texas,480089,1,1,1,0,245,JEFFERSON (245),490,BEAUMONT,1,Enero,6,2022,21,31,LUCAS DR,6,Calle Local Municipalidad,Urbano,Arteria Menor,Not Reported,0,Sin jurisdiccion especial,0,30.12564167,-94.12995833,No vehiculo o remolque,El primer evento no fue una colision con un vehiculo automotor en transporte,Not an Intersection,No fue interseccion,Sobre calle,Ninguna,Oscuro con iluminacion,Despejado,No,NO APLICA,99,98,99,98,1,06/01/2022,1
48,Texas,480090,0,0,2,0,29,BEXAR (29),6090,SAN ANTONIO,1,Enero,17,2022,2,40,I-410,1,Interestatal,Urbano,Interestatal,State Highway Agency,1,Sin jurisdiccion especial,26,29.34250278,-98.62559167,Vehiculo en movimiento,Frente a Detrás,Not an Intersection,No fue interseccion,Sobre calle,Construccion,Oscuro con iluminacion,Despejado,No,NO APLICA,99,98,99,98,1,17/01/2022,2
48,Texas,480091,0,0,1,0,231,HUNT (231),0,NO APLICA,1,Enero,8,2022,11,0,SR-34,3,Highway estatal,Urbano,Arteria Principal,Not Reported,0,Sin jurisdiccion especial,49,33.06289444,-96.10996944,Culvert,El primer evento no fue una colision con un vehiculo automotor en transporte,Not an Intersection,No fue interseccion,Sobre el lado de la calle,Ninguna,Dia total,lluvia,No,NO APLICA,99,98,99,98,1,08/01/2022,1
48,Texas,480092,1,1,1,0,215,HIDALGO (215),0,NO APLICA,1,Enero,1,2022,0,6,CESAR CHAVEZ RD,6,Calle Local Municipalidad,Urbano,Colector Mayor,Not Reported,0,Sin jurisdiccion especial,0,26.2382,-98.12611944,Peaton,El primer evento no fue una colision con un vehiculo automotor en transporte,T-Intersection,Interseccion de T,Sobre calle,Ninguna,Oscuro sin iluminacion,Despejado,No,NO APLICA,99,98,99,98,1,01/01/2022,1
48,Texas,480093,0,0,1,0,113,DALLAS (113),1730,DALLAS,1,Enero,9,2022,23,14,GREENVILLE AVE,6,Calle Local Municipalidad,Urbano,Arteria Menor,Not Reported,0,Sin jurisdiccion especial,0,32.840325,-96.77021944,Volcadura,El primer evento no fue una colision con un vehiculo automotor en transporte,Not an Intersection,No fue interseccion,Sobre el lado de la calle,Ninguna,Oscuro con iluminacion,Despejado,No,NO APLICA,99,99,99,99,1,09/01/2022,1
48,Texas,480094,0,0,2,0,453,TRAVIS (453),0,NO APLICA,1,Enero,14,2022,14,59,RM 620,8,Otro,Urbano,Arteria Principal,Not Reported,1,Sin jurisdiccion especial,115,30.39327778,-97.87437222,Vehiculo en movimiento,Frente a frente,Not an Intersection,No fue interseccion,Sobre calle,Ninguna,Dia total,Despejado,No,NO APLICA,14,59,15,7,1,14/01/2022,2
48,Texas,480095,1,1,3,0,201,HARRIS (201),0,NO APLICA,1,Enero,13,2022,18,31,SR-6,3,Highway estatal,Urbano,Arteria Principal,Not Reported,1,Sin jurisdiccion especial,161,29.70356667,-95.64400556,Peaton,El primer evento no fue una colision con un vehiculo automotor en transporte,Not an Intersection,No fue interseccion,Sobre calle,Ninguna,Oscuro con iluminacion,Despejado,No,NO APLICA,99,99,99,99,1,13/01/2022,3
48,Texas,480096,0,0,1,0,201,HARRIS (201),3280,HOUSTON,1,Enero,6,2022,18,31,KELLEY ST,6,Calle Local Municipalidad,Urbano,Arteria Menor,Not Reported,0,Sin jurisdiccion especial,0,29.81338056,-95.32503889,Hidrante,El primer evento no fue una colision con un vehiculo automotor en transporte,Not an Intersection,No fue interseccion,En el medio,Ninguna,Oscuro con iluminacion,Despejado,No,NO APLICA,18,31,18,35,1,06/01/2022,3
48,Texas,480097,0,0,1,0,119,DELTA (119),2235,ENLOE,1,Enero,17,2022,18,39,FM 2949,8,Otro,Rural,Colector Menor,Not Reported,0,Sin jurisdiccion especial,15,33.43360556,-95.66174444,Valla Ferrocarril,El primer evento no fue una colision con un vehiculo automotor en transporte,T-Intersection,Interseccion de T,Sobre el lado de la calle,Ninguna,Oscuro sin iluminacion,Despejado,No,NO APLICA,18,37,18,50,1,17/01/2022,1
48,Texas,480098,1,1,1,0,257,KAUFMAN (257),0,NO APLICA,1,Enero,5,2022,18,16,CR-4116,4,Calle del Condado,Rural,Local,Not Reported,0,Sin jurisdiccion especial,0,32.58820556,-96.3996,Peaton,El primer evento no fue una colision con un vehiculo automotor en transporte,Not an Intersection,No fue interseccion,Sobre calle,Ninguna,Oscuro sin iluminacion,Despejado,No,NO APLICA,18,18,18,30,1,05/01/2022,3
48,Texas,480099,0,0,1,0,43,BREWSTER (43),6827,TERLINGUA,1,Enero,9,2022,17,40,REX IVEY RD,6,Calle Local Municipalidad,Rural,Local,Not Reported,0,Sin jurisdiccion especial,0,29.33368056,-103.5437611,Volcadura,El primer evento no fue una colision con un vehiculo automotor en transporte,Not an Intersection,No fue interseccion,Sobre el lado de la calle,Ninguna,Atardecer,Despejado,No,NO APLICA,99,98,99,98,1,09/01/2022,1
48,Texas,480100,0,0,1,0,113,DALLAS (113),1730,DALLAS,1,Enero,7,2022,3,48,US-175/CF HAWN FWY,2,US Highway,Urbano,Arterial Principal -Freeway o ExpressWay,Not Reported,1,Sin jurisdiccion especial,63,32.70459444,-96.66675833,Poste de Señal de trafico,El primer evento no fue una colision con un vehiculo automotor en transporte,Not an Intersection,No fue interseccion,Separador,Ninguna,Oscuro con iluminacion,Despejado,No,NO APLICA,3,49,3,58,1,07/01/2022,1
48,Texas,480101,0,0,2,0,113,DALLAS (113),4530,MESQUITE,1,Enero,13,2022,19,0,SCYENE RD,6,Calle Local Municipalidad,Urbano,Arteria Principal,Not Reported,1,Sin jurisdiccion especial,0,32.76481667,-96.63602778,Vehiculo en movimiento,Angulo,T-Intersection,Interseccion de T,Sobre calle,Ninguna,Oscuro con iluminacion,Despejado,No,NO APLICA,99,99,99,99,1,13/01/2022,2
48,Texas,480102,0,0,1,0,187,GUADALUPE (187),0,NO APLICA,1,Enero,14,2022,16,40,CR-OLD SEGUIN LULING RD,4,Calle del Condado,Rural,Local,Not Reported,0,Sin jurisdiccion especial,0,29.59557222,-97.85606944,Volcadura,El primer evento no fue una colision con un vehiculo automotor en transporte,Not an Intersection,No fue interseccion,Sobre el lado de la calle,Ninguna,Dia total,Despejado,No,NO APLICA,99,99,99,99,1,14/01/2022,1
48,Texas,480103,2,2,1,0,201,HARRIS (201),3280,HOUSTON,1,Enero,13,2022,18,33,HILLCROFT AVE,6,Calle Local Municipalidad,Urbano,Arteria Principal,Not Reported,0,Sin jurisdiccion especial,0,29.72374444,-95.50099722,Peaton,El primer evento no fue una colision con un vehiculo automotor en transporte,Not an Intersection,No fue interseccion,Sobre calle,Ninguna,Oscuro con iluminacion,Despejado,No,NO APLICA,99,99,99,99,1,13/01/2022,1
48,Texas,480104,0,0,2,0,365,PANOLA (365),0,NO APLICA,1,Enero,5,2022,8,48,US-79,2,US Highway,Rural,Arteria Principal,Not Reported,0,Sin jurisdiccion especial,76,32.15514444,-94.44859167,Vehiculo en movimiento,Frente a frente,Not an Intersection,No fue interseccion,Sobre calle,Construccion,Dia total,Neblina o Humo,No,NO APLICA,99,99,99,99,1,05/01/2022,3
48,Texas,480105,0,0,2,0,113,DALLAS (113),1730,DALLAS,1,Enero,9,2022,22,49,SR-12,3,Highway estatal,Urbano,Arteria Principal,Not Reported,1,Sin jurisdiccion especial,115,32.71323889,-96.70005,Vehiculo en movimiento,Angulo,Four-Way Intersection,Interseccion de 4 direcciones,Sobre calle,Ninguna,Oscuro con iluminacion,Despejado,No,NO APLICA,99,99,99,99,2,09/01/2022,8
48,Texas,480106,0,0,1,0,113,DALLAS (113),1730,DALLAS,1,Enero,14,2022,17,14,REGAL ROW,6,Calle Local Municipalidad,Urbano,Colector Mayor,Not Reported,0,Sin jurisdiccion especial,0,32.83338056,-96.87843056,Arbol,El primer evento no fue una colision con un vehiculo automotor en transporte,Not an Intersection,No fue interseccion,Sobre el lado de la calle,Ninguna,Dia total,Nublado,No,NO APLICA,17,17,17,28,1,14/01/2022,1
48,Texas,480107,0,0,5,0,201,HARRIS (201),0,NO APLICA,1,Enero,1,2022,1,40,SR-8,7,Calle Local,Urbano,Arteria Principal,Not Reported,1,Sin jurisdiccion especial,195,29.59836111,-95.35358889,Vehiculo en movimiento,Frente a Detrás,Not an Intersection,No fue interseccion,Sobre calle,Ninguna,Oscuro con iluminacion,Despejado,No,NO APLICA,99,99,99,99,1,01/01/2022,6
48,Texas,480108,0,0,3,0,113,DALLAS (113),1730,DALLAS,1,Enero,7,2022,10,9,SR-12 LP/GREAT TRINITY FOREST,3,Highway estatal,Urbano,Arteria Principal,Not Reported,1,Sin jurisdiccion especial,128,32.71268056,-96.72018333,Vehiculo en movimiento,Frente a Detrás,Not an Intersection,No fue interseccion,Sobre calle,Ninguna,Dia total,Despejado,No,NO APLICA,99,99,99,99,1,07/01/2022,3
48,Texas,480109,1,1,1,0,339,MONTGOMERY (339),0,NO APLICA,1,Enero,12,2022,21,11,FM 1314,8,Otro,Urbano,Arteria Menor,Not Reported,0,Sin jurisdiccion especial,95,30.21606667,-95.35878611,Peaton,El primer evento no fue una colision con un vehiculo automotor en transporte,Not an Intersection,No fue interseccion,Sobre calle,Construccion,Oscuro sin iluminacion,Despejado,No,NO APLICA,99,99,99,99,1,12/01/2022,1
48,Texas,480110,0,0,1,0,141,EL PASO (141),2190,EL PASO,1,Enero,13,2022,23,21,STAN ROBERTS SR AVE,6,Calle Local Municipalidad,Urbano,Arteria Menor,Not Reported,0,Sin jurisdiccion especial,0,31.98686111,-106.3329528,Zanja,El primer evento no fue una colision con un vehiculo automotor en transporte,T-Intersection,Interseccion de T,Sobre el lado de la calle,Ninguna,Oscuro sin iluminacion,Despejado,No,NO APLICA,99,99,99,99,1,13/01/2022,1
48,Texas,480111,0,0,2,0,29,BEXAR (29),0,NO APLICA,1,Enero,13,2022,13,17,SR-1604,3,Highway estatal,Urbano,Arteria Menor,Not Reported,0,Sin jurisdiccion especial,0,29.36484167,-98.69397222,Vehiculo en movimiento,Angulo,Four-Way Intersection,Interseccion de 4 direcciones,Sobre calle,Ninguna,Dia total,Despejado,No,NO APLICA,99,99,99,99,1,13/01/2022,2
48,Texas,480112,0,0,2,0,29,BEXAR (29),6090,SAN ANTONIO,1,Enero,1,2022,18,20,US-281 SAN PEDRO AVE,7,Calle Local,Urbano,Colector Mayor,Not Reported,0,Sin jurisdiccion especial,89,29.22532222,-98.46816944,Vehiculo en movimiento,Angulo,Four-Way Intersection,Interseccion de 4 direcciones,Sobre calle,Ninguna,Atardecer,Despejado,No,NO APLICA,99,98,99,98,1,01/01/2022,1
48,Texas,480113,0,0,1,0,135,ECTOR (135),5030,ODESSA,1,Enero,14,2022,8,25,YUKON RD,6,Calle Local Municipalidad,Urbano,Colector Mayor,Not Reported,0,Sin jurisdiccion especial,0,31.92478333,-102.3468583,Volcadura,El primer evento no fue una colision con un vehiculo automotor en transporte,Not an Intersection,No fue interseccion,Sobre el lado de la calle,Ninguna,Reportada como desconocida,Despejado,No,NO APLICA,99,98,99,98,1,14/01/2022,1
48,Texas,480114,0,0,2,0,291,LIBERTY (291),0,NO APLICA,1,Enero,8,2022,7,58,FM 1010,8,Otro,Rural,Colector Mayor,Not Reported,0,Sin jurisdiccion especial,81,30.23071389,-95.0973,Vehiculo en movimiento,Frente a frente,Not an Intersection,No fue interseccion,Sobre calle,Ninguna,Dia total,lluvia,No,NO APLICA,99,99,99,99,1,08/01/2022,2
48,Texas,480115,0,0,2,0,201,HARRIS (201),5230,PASADENA,1,Enero,10,2022,13,46,SPACE CENTER BLVD,6,Calle Local Municipalidad,Urbano,Arteria Menor,Not Reported,0,Sin jurisdiccion especial,0,29.64976667,-95.14371944,Vehiculo en movimiento,Angulo,Four-Way Intersection,Interseccion de 4 direcciones,Sobre calle,Ninguna,Dia total,Nublado,No,NO APLICA,99,99,99,99,1,10/01/2022,2
48,Texas,480116,0,0,2,0,149,FAYETTE (149),0,NO APLICA,1,Enero,10,2022,13,22,SR-71/TX INDEPENDENCE TRL,3,Highway estatal,Rural,Arteria Principal,Not Reported,1,Sin jurisdiccion especial,215,29.91588889,-96.938875,Vehiculo en movimiento,Frente a Detrás,Four-Way Intersection,Interseccion de 4 direcciones,Sobre calle,Ninguna,Dia total,Despejado,No,NO APLICA,99,98,99,98,3,10/01/2022,4
48,Texas,480117,0,0,1,0,439,TARRANT (439),2850,GRAPEVINE,1,Enero,15,2022,19,42,DOVE RD,6,Calle Local Municipalidad,Urbano,Arteria Menor,Not Reported,0,Sin jurisdiccion especial,0,32.95649167,-97.11033333,Arbol,El primer evento no fue una colision con un vehiculo automotor en transporte,Not an Intersection,No fue interseccion,Sobre el lado de la calle,Ninguna,Oscuro con iluminacion,Despejado,No,NO APLICA,99,99,99,99,1,15/01/2022,1
48,Texas,480118,0,0,3,0,317,MARTIN (317),0,NO APLICA,1,Enero,12,2022,2,40,SR-349,3,Highway estatal,Rural,Arteria Principal,Not Reported,1,Militar,72,32.43465833,-102.1001556,Vehiculo en movimiento,Frente a frente,Not an Intersection,No fue interseccion,Sobre calle,Ninguna,Oscuro sin iluminacion,Despejado,No,NO APLICA,99,99,99,99,1,12/01/2022,3
48,Texas,480119,0,0,1,0,373,POLK (373),0,NO APLICA,1,Enero,15,2022,17,11,CR-SOUTH RD,4,Calle del Condado,Rural,Local,Not Reported,0,Sin jurisdiccion especial,0,30.89221667,-94.87790833,Volcadura,El primer evento no fue una colision con un vehiculo automotor en transporte,Not an Intersection,No fue interseccion,Sobre el lado de la calle,Ninguna,Dia total,Despejado,No,NO APLICA,99,98,99,98,1,15/01/2022,2
48,Texas,480120,1,1,1,0,97,COOKE (97),7112,VALLEY VIEW,1,Enero,13,2022,2,33,I-35,1,Interestatal,Urbano,Interestatal,State Highway Agency,1,Sin jurisdiccion especial,40,33.47911389,-97.16247222,Peaton,El primer evento no fue una colision con un vehiculo automotor en transporte,Not an Intersection,No fue interseccion,Sobre calle,Ninguna,Oscuro sin iluminacion,Despejado,No,NO APLICA,99,98,99,98,1,13/01/2022,2
48,Texas,480121,0,0,3,0,141,EL PASO (141),2190,EL PASO,1,Enero,16,2022,20,39,US-54/GATEWAY NORTH,2,US Highway,Urbano,Arterial Principal -Freeway o ExpressWay,Not Reported,1,Sin jurisdiccion especial,168,31.93070833,-106.4236139,Vehiculo en movimiento,Angulo,T-Intersection,Interseccion de T,Sobre calle,Ninguna,Oscuro con iluminacion,Despejado,No,NO APLICA,99,99,99,99,1,16/01/2022,3
48,Texas,480122,1,1,1,0,29,BEXAR (29),6090,SAN ANTONIO,1,Enero,8,2022,18,52,SR-536 SPUR/ROOSEVELT AVE,3,Highway estatal,Urbano,Arteria Menor,Not Reported,0,Sin jurisdiccion especial,261,29.35455278,-98.48127222,Peaton,El primer evento no fue una colision con un vehiculo automotor en transporte,Not an Intersection,No fue interseccion,Sobre calle,Ninguna,Oscuro con iluminacion,Nublado,No,NO APLICA,18,53,19,1,1,08/01/2022,1
48,Texas,480123,0,0,1,0,439,TARRANT (439),2850,GRAPEVINE,1,Enero,19,2022,22,47,SR-114/SR-26,7,Calle Local,Urbano,Colector Mayor,Not Reported,0,Sin jurisdiccion especial,137,32.92360833,-97.06204167,Poste de Señal de trafico,El primer evento no fue una colision con un vehiculo automotor en transporte,Not an Intersection,No fue interseccion,Gore?,Ninguna,Oscuro sin iluminacion,Despejado,No,NO APLICA,99,98,99,98,1,19/01/2022,1
48,Texas,480124,1,1,1,0,113,DALLAS (113),1730,DALLAS,1,Enero,13,2022,20,31,LOVERS LN,6,Calle Local Municipalidad,Urbano,Arteria Menor,Not Reported,0,Sin jurisdiccion especial,0,32.85128333,-96.83606667,Peaton,El primer evento no fue una colision con un vehiculo automotor en transporte,Not an Intersection,No fue interseccion,Sobre calle,Ninguna,Oscuro con iluminacion,Despejado,No,NO APLICA,99,99,99,99,1,13/01/2022,1
48,Texas,480125,0,0,10,0,113,DALLAS (113),1730,DALLAS,1,Enero,6,2022,17,32,SR-12,3,Highway estatal,Urbano,Arteria Principal,Not Reported,0,Sin jurisdiccion especial,106,32.71220278,-96.68661111,Vehiculo en movimiento,Frente a Detrás,Not an Intersection,No fue interseccion,Sobre calle,Ninguna,Oscuro con iluminacion,Despejado,No,NO APLICA,99,99,99,99,1,06/01/2022,15
48,Texas,480126,0,0,1,0,181,GRAYSON (181),6350,SHERMAN,1,Enero,19,2022,23,2,US-75 RAMP,2,US Highway,Rural,Arterial Principal -Freeway o ExpressWay,Not Reported,1,Sin jurisdiccion especial,212,33.53323333,-96.61156111,Volcadura,El primer evento no fue una colision con un vehiculo automotor en transporte,Not an Intersection,No fue interseccion,Sobre el lado de la calle,Ninguna,Oscuro - iluminacion desconocida,Despejado,No,NO APLICA,99,98,99,98,1,19/01/2022,1
48,Texas,480127,0,0,1,0,91,COMAL (91),0,NO APLICA,1,Enero,18,2022,20,35,FM 1102,8,Otro,Rural,Colector Mayor,Not Reported,0,Sin jurisdiccion especial,52,29.795525,-98.02435278,Otro objeto (fijo),El primer evento no fue una colision con un vehiculo automotor en transporte,Not an Intersection,No fue interseccion,En el medio,Ninguna,Oscuro sin iluminacion,Despejado,No,NO APLICA,99,98,99,98,1,18/01/2022,1
48,Texas,480128,0,0,2,0,477,WASHINGTON (477),880,BRENHAM,1,Enero,19,2022,16,21,SR-36,3,Highway estatal,Urbano,Arteria Principal,Not Reported,1,Sin jurisdiccion especial,24,30.13834444,-96.39563056,Vehiculo en movimiento,Angulo,Not an Intersection,No fue interseccion,Sobre calle,Ninguna,Dia total,Despejado,No,NO APLICA,16,22,16,26,1,19/01/2022,2
48,Texas,480129,0,0,1,0,217,HILL (217),0,NO APLICA,1,Enero,15,2022,3,42,FM 933,8,Otro,Rural,Colector Mayor,Not Reported,0,Sin jurisdiccion especial,85,31.85766944,-97.22254167,Arbol,El primer evento no fue una colision con un vehiculo automotor en transporte,Not an Intersection,No fue interseccion,Sobre el lado de la calle,Ninguna,Oscuro sin iluminacion,Despejado,No,NO APLICA,3,43,4,2,1,15/01/2022,1
48,Texas,480130,0,0,1,0,329,MIDLAND (329),0,NO APLICA,1,Enero,8,2022,17,2,CR-1140/CR-1657,4,Calle del Condado,Rural,Local,Not Reported,0,Sin jurisdiccion especial,0,31.97633611,-101.986225,Barda,El primer evento no fue una colision con un vehiculo automotor en transporte,T-Intersection,Interseccion de T,Fuera de la calle,Ninguna,Dia total,Despejado,No,NO APLICA,99,98,99,98,1,08/01/2022,1
48,Texas,480131,0,0,3,0,141,EL PASO (141),2190,EL PASO,1,Enero,19,2022,8,12,ZARAGOZA RD,6,Calle Local Municipalidad,Urbano,Arteria Principal,Not Reported,0,Sin jurisdiccion especial,0,31.69594722,-106.3276806,Vehiculo en movimiento,Angulo,T-Intersection,Interseccion de T,Sobre calle,Ninguna,Dia total,Despejado,No,NO APLICA,99,99,99,99,1,19/01/2022,3
48,Texas,480132,0,0,1,0,463,UVALDE (463),0,NO APLICA,1,Enero,9,2022,1,22,FM 1023,8,Otro,Urbano,Colector Mayor,Not Reported,0,Sin jurisdiccion especial,0,29.23698889,-99.78146389,Arbusto,El primer evento no fue una colision con un vehiculo automotor en transporte,T-Intersection,Interseccion de T,Sobre el lado de la calle,Ninguna,Oscuro sin iluminacion,Neblina o Humo,No,NO APLICA,99,99,99,99,1,09/01/2022,2
48,Texas,480133,0,0,2,0,325,MEDINA (325),0,NO APLICA,1,Enero,19,2022,3,12,I-35,1,Interestatal,Rural,Interestatal,State Highway Agency,1,Sin jurisdiccion especial,5,29.09439444,-98.95059444,Valla Ferrocarril,El primer evento no fue una colision con un vehiculo automotor en transporte,Not an Intersection,No fue interseccion,En el medio,Ninguna,Oscuro sin iluminacion,Despejado,No,NO APLICA,99,99,99,99,2,19/01/2022,4
48,Texas,480134,1,1,1,0,201,HARRIS (201),3280,HOUSTON,1,Enero,9,2022,19,43,I-610,1,Interestatal,Urbano,Interestatal,State Highway Agency,1,Sin jurisdiccion especial,29,29.74073333,-95.26495278,Peaton,El primer evento no fue una colision con un vehiculo automotor en transporte,Not an Intersection,No fue interseccion,Sobre calle,Ninguna,Oscuro con iluminacion,Nublado,No,NO APLICA,99,98,99,98,1,09/01/2022,5