Estado,Nombre de Estado,Numero de Caso,Peatones,Personas _no_vehiculos,Vehiculos automotores,Vehiculos estacionados,Condado,Nombre Condado,Ciudad,Nombre Ciudad,Mes,Nombre Mes,Dia,Año,Hora,Minuto,Calle,Ruta,Nombre Ruta,Rural o Urbanoo,Sistema Funcional,Dueño Calle,Sistema Nacional Carreteras,Jurisdiccion Especial,Milla,Latitud,Longitud,Causa del Accidente,Tipo de Accidente,Tipo Interseccion,Columna1,Lugar en la calle,Zona de Trabajo,Luz,Clima,Autobus Escolar,Cruce de Trenes,Hora Notificacion,Minuto Notificacion,Hora Llegada,Minuto Llegada,Decesos,Fecha,PersonaVehiculo
48,Texas,480135,0,0,1,0,453,TRAVIS (453),9997,Other,1,Enero,1,2022,5,51,US-183,2,US Highway,Urbano,Arteria Principal,Not Reported,1,Sin jurisdiccion especial,354,30.09354444,-97.69372222,Soporte de  señalamiento de transito,El primer evento no fue una colision con un vehiculo automotor en transporte,T-Intersection,Interseccion de T,Sobre el lado de la calle,Ninguna,Oscuro sin iluminacion,Nublado,No,NO APLICA,99,98,99,98,1,01/01/2022,1
48,Texas,480136,0,0,2,0,423,SMITH (423),0,NO APLICA,1,Enero,1,2022,20,56,I-20,1,Interestatal,Urbano,Interestatal,State Highway Agency,1,Sin jurisdiccion especial,79,32.47113333,-95.4641,Vehiculo en movimiento,Frente a frente,Not an Intersection,No fue interseccion,Sobre calle,Ninguna,Oscuro sin iluminacion,Nublado,No,NO APLICA,99,98,99,98,1,01/01/2022,2
48,Texas,480137,0,0,2,0,85,COLLIN (85),200,ANNA,1,Enero,18,2022,16,54,SR-121,3,Highway estatal,Rural,Arteria Principal,Not Reported,1,Sin jurisdiccion especial,45,33.33008889,-96.48558889,Vehiculo en movimiento,Angulo,T-Intersection,Interseccion de T,Sobre calle,Construccion,Dia total,Despejado,No,NO APLICA,99,98,99,98,1,18/01/2022,4
48,Texas,480138,0,0,2,0,9,ARCHER (9),0,NO APLICA,1,Enero,15,2022,13,24,FM 172,8,Otro,Rural,Colector Mayor,Not Reported,0,Sin jurisdiccion especial,56,33.64405278,-98.47595278,Vehiculo en movimiento,Frente a frente,Not an Intersection,No fue interseccion,Sobre calle,Ninguna,Dia total,Vientos cruzados pero de los mamalones,No,NO APLICA,99,98,99,98,2,15/01/2022,2
48,Texas,480139,0,0,2,0,439,TARRANT (439),2450,FORT WORTH,1,Enero,22,2022,2,25,VICKERY BLVD,6,Calle Local Municipalidad,Urbano,Arteria Principal,Not Reported,0,Sin jurisdiccion especial,0,32.72239444,-97.38421667,Vehiculo en movimiento,Frente a frente,Not an Intersection,No fue interseccion,Sobre calle,Ninguna,Oscuro con iluminacion,Despejado,No,NO APLICA,99,99,99,99,1,22/01/2022,3
48,Texas,480140,0,0,2,0,231,HUNT (231),0,NO APLICA,1,Enero,13,2022,22,1,I-30,1,Interestatal,Rural,Interestatal,State Highway Agency,1,Sin jurisdiccion especial,79,33.03834444,-96.18390556,Vehiculo en movimiento,Frente a frente,Not an Intersection,No fue interseccion,Sobre calle,Ninguna,Oscuro sin iluminacion,Despejado,No,NO APLICA,99,99,99,99,1,13/01/2022,2
48,Texas,480141,0,0,1,0,201,HARRIS (201),3280,HOUSTON,1,Enero,12,2022,3,29,I-10/EAST FWY,1,Interestatal,Urbano,Interestatal,State Highway Agency,1,Sin jurisdiccion especial,30,29.78563333,-95.76434167,Valla Ferrocarril,El primer evento no fue una colision con un vehiculo automotor en transporte,Not an Intersection,No fue interseccion,Separador,Ninguna,Oscuro con iluminacion,Nublado,No,NO APLICA,99,99,99,99,1,12/01/2022,1
48,Texas,480142,1,1,1,0,453,TRAVIS (453),330,AUSTIN,1,Enero,23,2022,1,54,US-183/RESEARCH BLVD,2,US Highway,Urbano,Arterial Principal -Freeway o ExpressWay,Not Reported,1,Sin jurisdiccion especial,68,30.35473056,-97.71514722,Peaton,El primer evento no fue una colision con un vehiculo automotor en transporte,Not an Intersection,No fue interseccion,Sobre calle,Ninguna,Oscuro con iluminacion,Despejado,No,NO APLICA,99,98,99,98,1,23/01/2022,1
48,Texas,480143,0,0,2,0,439,TARRANT (439),4300,MANSFIELD,1,Enero,11,2022,8,46,FM 157,8,Otro,Urbano,Arteria Principal,Not Reported,1,Sin jurisdiccion especial,257,32.59263056,-97.15037222,Vehiculo en movimiento,Angulo,Not an Intersection,No fue interseccion,Sobre calle,Ninguna,Dia total,Despejado,No,NO APLICA,99,99,99,99,1,11/01/2022,2
48,Texas,480144,1,1,1,0,113,DALLAS (113),1730,DALLAS,1,Enero,13,2022,3,15,I-30/ RL THORNTON FWY,1,Interestatal,Urbano,Interestatal,State Highway Agency,1,Sin jurisdiccion especial,104,32.79574167,-96.69171944,Peaton,El primer evento no fue una colision con un vehiculo automotor en transporte,Not an Intersection,No fue interseccion,Sobre calle,Ninguna,Oscuro con iluminacion,Despejado,No,NO APLICA,99,98,99,98,1,13/01/2022,2
48,Texas,480145,3,3,2,0,423,SMITH (423),0,NO APLICA,1,Enero,12,2022,23,45,SR-31,3,Highway estatal,Rural,Arteria Principal,Not Reported,1,Sin jurisdiccion especial,239,32.3719,-95.0549,Peaton,El primer evento no fue una colision con un vehiculo automotor en transporte,Not an Intersection,No fue interseccion,Sobre calle,Ninguna,Oscuro sin iluminacion,Despejado,No,NO APLICA,99,99,99,99,1,12/01/2022,3
48,Texas,480146,0,0,2,0,161,FREESTONE (161),0,NO APLICA,1,Enero,18,2022,12,50,US-79,2,US Highway,Rural,Arteria Principal,Not Reported,1,Sin jurisdiccion especial,29,31.61766111,-95.82552778,Vehiculo en movimiento,Frente a Detrás,Not an Intersection,No fue interseccion,Sobre calle,Ninguna,Dia total,Despejado,No,NO APLICA,99,98,99,98,1,18/01/2022,2
48,Texas,480147,0,0,2,0,423,SMITH (423),0,NO APLICA,1,Enero,14,2022,17,55,SR-64,3,Highway estatal,Rural,Arteria Menor,Not Reported,0,Sin jurisdiccion especial,273,32.30750833,-95.181375,Vehiculo en movimiento,Frente a frente,Not an Intersection,No fue interseccion,Sobre calle,Ninguna,Oscuro sin iluminacion,Despejado,No,NO APLICA,99,99,99,99,1,14/01/2022,4
48,Texas,480148,0,0,1,0,35,BOSQUE (35),0,NO APLICA,1,Enero,19,2022,17,56,FM 854,8,Otro,Rural,Colector Mayor,Not Reported,0,Sin jurisdiccion especial,99998,31.67546944,-97.518825,Acotamiento,El primer evento no fue una colision con un vehiculo automotor en transporte,T-Intersection,Interseccion de T,Sobre el lado de la calle,Ninguna,Dia total,Despejado,No,NO APLICA,99,99,99,99,1,19/01/2022,2
48,Texas,480149,0,0,3,0,287,LEE (287),0,NO APLICA,1,Enero,12,2022,14,33,US-77,2,US Highway,Rural,Arteria Principal,Not Reported,1,Sin jurisdiccion especial,277,30.16344167,-96.92181111,Vehiculo en movimiento,Frente a frente,Not an Intersection,No fue interseccion,Sobre calle,Ninguna,Dia total,Despejado,No,NO APLICA,99,98,99,98,1,12/01/2022,4
48,Texas,480150,0,0,3,0,439,TARRANT (439),2450,FORT WORTH,1,Enero,12,2022,17,0,I-820,1,Interestatal,Urbano,Interestatal,State Highway Agency,1,Sin jurisdiccion especial,99998,32.71252778,-97.23807222,Vehiculo en movimiento,Angulo,Y-Intersection,Interseccion de Y,Sobre calle,Ninguna,Oscuro con iluminacion,Despejado,No,NO APLICA,99,99,99,99,1,12/01/2022,3
48,Texas,480151,0,0,2,0,439,TARRANT (439),2450,FORT WORTH,1,Enero,22,2022,0,36,FM 731 CROWLEY RD,6,Calle Local Municipalidad,Urbano,Arteria Principal,Not Reported,1,Sin jurisdiccion especial,136,32.61408889,-97.34985278,Vehiculo en movimiento,Angulo,Four-Way Intersection,Interseccion de 4 direcciones,Sobre calle,Ninguna,Oscuro con iluminacion,Despejado,No,NO APLICA,99,99,99,99,1,22/01/2022,2
48,Texas,480152,0,0,1,0,439,TARRANT (439),2450,FORT WORTH,1,Enero,21,2022,4,13,I-30,1,Interestatal,Urbano,Interestatal,State Highway Agency,1,Sin jurisdiccion especial,196,32.76049444,-97.22994167,Valla Ferrocarril,El primer evento no fue una colision con un vehiculo automotor en transporte,Not an Intersection,No fue interseccion,Separador,Ninguna,Oscuro sin iluminacion,Despejado,No,NO APLICA,99,98,99,98,1,21/01/2022,1
48,Texas,480153,1,1,1,0,27,BELL (27),3690,KILLEEN,1,Enero,13,2022,18,56,FM 439/RANCIER AVE,8,Otro,Urbano,Arteria Principal,Not Reported,1,Sin jurisdiccion especial,130,31.11601944,-97.68496944,Peaton,El primer evento no fue una colision con un vehiculo automotor en transporte,Not an Intersection,No fue interseccion,Sobre calle,Ninguna,Oscuro con iluminacion,Despejado,No,NO APLICA,99,99,99,99,1,13/01/2022,1
48,Texas,480154,0,0,1,0,1,ANDERSON (1),0,NO APLICA,1,Enero,22,2022,23,5,US-287,2,US Highway,Rural,Arteria Menor,Not Reported,0,Sin jurisdiccion especial,234,31.80031944,-95.71958056,Volcadura,El primer evento no fue una colision con un vehiculo automotor en transporte,Not an Intersection,No fue interseccion,Sobre el lado de la calle,Ninguna,Oscuro sin iluminacion,Despejado,No,NO APLICA,99,98,99,98,3,22/01/2022,3
48,Texas,480155,0,0,2,0,467,VAN ZANDT (467),0,NO APLICA,1,Enero,12,2022,12,37,I-20,1,Interestatal,Rural,Interestatal,State Highway Agency,1,Sin jurisdiccion especial,154,32.56913889,-95.831725,Vehiculo en movimiento,Frente a Detrás,Not an Intersection,No fue interseccion,Sobre calle,Ninguna,Dia total,Despejado,No,NO APLICA,99,99,99,99,1,12/01/2022,5
48,Texas,480156,1,1,1,0,113,DALLAS (113),1730,DALLAS,1,Enero,17,2022,16,44,TISINGER AVE,6,Calle Local Municipalidad,Urbano,Local,Not Reported,0,Sin jurisdiccion especial,0,32.84939167,-96.66614722,Peaton,El primer evento no fue una colision con un vehiculo automotor en transporte,Not an Intersection,No fue interseccion,Sobre calle,Ninguna,Dia total,Despejado,No,NO APLICA,99,99,99,99,1,17/01/2022,1
48,Texas,480157,1,1,2,0,29,BEXAR (29),6090,SAN ANTONIO,1,Enero,17,2022,18,44,I-410/CONNALLY LOOP,7,Calle Local,Urbano,Colector Mayor,State Highway Agency,0,Sin jurisdiccion especial,161,29.49351389,-98.55463333,Vehiculo en movimiento,Frente a Detrás,Four-Way Intersection,Interseccion de 4 direcciones,Sobre calle,Ninguna,Dia total,Despejado,No,NO APLICA,18,44,19,18,2,17/01/2022,5
48,Texas,480158,0,0,2,0,339,MONTGOMERY (339),4667,MONTGOMERY,1,Enero,17,2022,21,10,SR-105/CR-EVA ST,3,Highway estatal,Rural,Arteria Principal,Not Reported,1,Sin jurisdiccion especial,84,30.387725,-95.67865833,Vehiculo en movimiento,Angulo,Not an Intersection,No fue interseccion,Sobre calle,Ninguna,Oscuro sin iluminacion,Despejado,No,NO APLICA,21,11,21,15,1,17/01/2022,2
48,Texas,480159,0,0,1,0,201,HARRIS (201),3280,HOUSTON,1,Enero,23,2022,3,11,SR-8 LOOP/SAM HOUSTON PKWY,7,Calle Local,Urbano,Arteria Principal,Not Reported,1,Sin jurisdiccion especial,117,29.78545833,-95.56364167,Banqueta,El primer evento no fue una colision con un vehiculo automotor en transporte,Not an Intersection,No fue interseccion,Separador,Ninguna,Oscuro con iluminacion,Despejado,No,NO APLICA,99,99,99,99,2,23/01/2022,2
48,Texas,480160,2,2,1,0,113,DALLAS (113),1730,DALLAS,1,Enero,16,2022,3,44,SR-354,3,Highway estatal,Urbano,Arteria Principal,Not Reported,0,Sin jurisdiccion especial,99998,32.90360833,-96.89369167,Peaton,El primer evento no fue una colision con un vehiculo automotor en transporte,Not an Intersection,No fue interseccion,Sobre calle,Ninguna,Oscuro con iluminacion,Despejado,No,NO APLICA,99,99,99,99,1,16/01/2022,1
48,Texas,480161,0,0,2,0,29,BEXAR (29),0,NO APLICA,1,Enero,8,2022,15,50,BULVERDE RD,6,Calle Local Municipalidad,Urbano,Arteria Menor,Not Reported,0,Sin jurisdiccion especial,0,29.65607222,-98.43152778,Banqueta,El primer evento no fue una colision con un vehiculo automotor en transporte,Not an Intersection,No fue interseccion,Sobre el lado de la calle,Ninguna,Dia total,Nublado,No,NO APLICA,15,50,15,52,2,08/01/2022,4
48,Texas,480162,0,0,1,0,375,POTTER (375),0,NO APLICA,1,Enero,22,2022,1,55,SR-136,3,Highway estatal,Rural,Arteria Menor,Not Reported,0,Sin jurisdiccion especial,18,35.34023333,-101.6472306,Barda,El primer evento no fue una colision con un vehiculo automotor en transporte,Not an Intersection,No fue interseccion,Fuera de la calle,Ninguna,Oscuro sin iluminacion,Despejado,No,NO APLICA,99,98,99,98,1,22/01/2022,1
48,Texas,480163,0,0,1,0,67,CASS (67),5580,QUEEN CITY,1,Enero,20,2022,15,42,FM 2791,8,Otro,Urbano,Colector Mayor,Not Reported,0,Sin jurisdiccion especial,92,33.14469167,-94.17565833,Alguien se cayo/avento del vehiculo,El primer evento no fue una colision con un vehiculo automotor en transporte,Not an Intersection,No fue interseccion,Sobre calle,Ninguna,Dia total,Despejado,No,NO APLICA,99,98,99,98,1,20/01/2022,2
48,Texas,480164,0,0,3,0,439,TARRANT (439),0,NO APLICA,1,Enero,13,2022,15,36,FM 1187,8,Otro,Urbano,Arteria Principal,Not Reported,1,Sin jurisdiccion especial,236,32.57981111,-97.25819167,Vehiculo en movimiento,Frente a Detrás,T-Intersection,Interseccion de T,Sobre calle,Ninguna,Dia total,Despejado,No,NO APLICA,15,38,15,43,1,13/01/2022,5
48,Texas,480165,0,0,1,0,479,WEBB (479),3899,LAREDO,1,Enero,14,2022,8,35,FM 1472/CR-MINES RD,8,Otro,Rural,Arteria Principal,Not Reported,1,Sin jurisdiccion especial,63,27.65147222,-99.62585556,Volcadura,El primer evento no fue una colision con un vehiculo automotor en transporte,Not an Intersection,No fue interseccion,Sobre calle,Ninguna,Dia total,Despejado,No,NO APLICA,99,98,99,98,1,14/01/2022,1
48,Texas,480167,0,0,2,0,251,JOHNSON (251),0,NO APLICA,1,Enero,23,2022,18,53,FM 2331,8,Otro,Rural,Colector Menor,Not Reported,0,Sin jurisdiccion especial,41,32.39755556,-97.54882778,Vehiculo en movimiento,Frente a Detrás,Not an Intersection,No fue interseccion,Sobre calle,Ninguna,Oscuro sin iluminacion,Despejado,No,NO APLICA,99,99,99,99,1,23/01/2022,3
48,Texas,480168,0,0,2,0,175,GOLIAD (175),0,NO APLICA,1,Enero,20,2022,7,9,US-183,2,US Highway,Rural,Arteria Menor,Not Reported,0,Sin jurisdiccion especial,36,28.74766667,-97.38598333,Vehiculo en movimiento,Frente a frente,Not an Intersection,No fue interseccion,Sobre calle,Ninguna,Amanecer,Despejado,No,NO APLICA,7,13,7,24,1,20/01/2022,3
48,Texas,480169,0,0,3,0,439,TARRANT (439),3594,KELLER,1,Enero,18,2022,12,35,US-377/MAIN ST,2,US Highway,Urbano,Arteria Principal,Not Reported,1,Sin jurisdiccion especial,266,32.89696944,-97.25828611,Vehiculo en movimiento,Angulo,Not an Intersection,No fue interseccion,Sobre calle,Ninguna,Dia total,Despejado,No,NO APLICA,12,34,12,44,1,18/01/2022,4
48,Texas,480170,0,0,1,0,451,TOM GREEN (451),6080,SAN ANGELO,1,Enero,24,2022,22,22,VETERANS MEMORIAL DR,6,Calle Local Municipalidad,Urbano,Local,Not Reported,0,Sin jurisdiccion especial,0,31.45547778,-100.4468167,Arbol,El primer evento no fue una colision con un vehiculo automotor en transporte,Not an Intersection,No fue interseccion,Sobre el lado de la calle,Ninguna,Oscuro con iluminacion,Despejado,No,NO APLICA,99,99,99,99,1,24/01/2022,1
48,Texas,480171,0,0,3,0,1,ANDERSON (1),0,NO APLICA,1,Enero,21,2022,14,0,SR-19,3,Highway estatal,Rural,Arteria Menor,Not Reported,0,Sin jurisdiccion especial,169,31.81137222,-95.69009444,Vehiculo en movimiento,Frente a frente,Not an Intersection,No fue interseccion,Sobre calle,Ninguna,Dia total,Despejado,No,NO APLICA,99,99,99,99,3,21/01/2022,6
48,Texas,480172,0,0,1,0,223,HOPKINS (223),0,NO APLICA,1,Enero,18,2022,8,14,FM 3019,8,Otro,Rural,Colector Menor,Not Reported,0,Sin jurisdiccion especial,52,33.03525556,-95.3122,Volcadura,El primer evento no fue una colision con un vehiculo automotor en transporte,Not an Intersection,No fue interseccion,Sobre el lado de la calle,Ninguna,Dia total,Nublado,No,NO APLICA,99,99,99,99,1,18/01/2022,1
48,Texas,480173,0,0,1,0,203,HARRISON (203),0,NO APLICA,1,Enero,17,2022,15,1,SR-281 LP,3,Highway estatal,Urbano,Arteria Principal,Not Reported,1,Sin jurisdiccion especial,99998,32.46767778,-94.668825,Volcadura,El primer evento no fue una colision con un vehiculo automotor en transporte,Not an Intersection,No fue interseccion,Sobre calle,Ninguna,Dia total,Despejado,No,NO APLICA,99,98,99,98,1,17/01/2022,1
48,Texas,480174,0,0,2,0,467,VAN ZANDT (467),0,NO APLICA,1,Enero,10,2022,16,15,SR-64,3,Highway estatal,Rural,Arteria Menor,Not Reported,0,Sin jurisdiccion especial,334,32.39769167,-95.56921667,Vehiculo en movimiento,Frente a Detrás,Not an Intersection,No fue interseccion,Sobre calle,Ninguna,Dia total,Despejado,Yes,NO APLICA,99,99,99,99,1,10/01/2022,2
48,Texas,480175,1,1,1,0,201,HARRIS (201),3280,HOUSTON,1,Enero,16,2022,16,53,DUNLAVY ST,6,Calle Local Municipalidad,Urbano,Arteria Menor,Not Reported,0,Sin jurisdiccion especial,0,29.74116389,-95.40208611,Peaton,El primer evento no fue una colision con un vehiculo automotor en transporte,Four-Way Intersection,Interseccion de 4 direcciones,Sobre calle,Ninguna,Dia total,Despejado,No,NO APLICA,99,99,99,99,1,16/01/2022,1
48,Texas,480176,0,0,1,0,173,GLASSCOCK (173),0,NO APLICA,1,Enero,5,2022,17,17,RM 33,8,Otro,Rural,Colector Mayor,Not Reported,0,Sin jurisdiccion especial,145,31.89280278,-101.4859222,Barda,El primer evento no fue una colision con un vehiculo automotor en transporte,Not an Intersection,No fue interseccion,Fuera de la calle,Ninguna,Dia total,Despejado,No,NO APLICA,99,98,99,98,1,05/01/2022,1
48,Texas,480177,0,0,1,0,201,HARRIS (201),3280,HOUSTON,1,Enero,15,2022,19,56,I-610,1,Interestatal,Urbano,Interestatal,State Highway Agency,1,Sin jurisdiccion especial,30,29.73975,-95.26486389,Poste o otros soportes,El primer evento no fue una colision con un vehiculo automotor en transporte,Not an Intersection,No fue interseccion,Sobre el lado de la calle,Ninguna,Oscuro con iluminacion,Despejado,No,NO APLICA,99,98,99,98,1,15/01/2022,1
48,Texas,480178,0,0,1,0,141,EL PASO (141),2190,EL PASO,1,Enero,21,2022,2,30,I-10,1,Interestatal,Urbano,Interestatal,State Highway Agency,1,Sin jurisdiccion especial,308,31.74321667,-106.3304111,Valla Ferrocarril,El primer evento no fue una colision con un vehiculo automotor en transporte,Not an Intersection,No fue interseccion,Separador,Ninguna,Oscuro con iluminacion,Despejado,No,NO APLICA,99,98,99,98,1,21/01/2022,1
48,Texas,480179,1,1,1,0,439,TARRANT (439),2255,EULESS,1,Enero,22,2022,23,11,SR-10/EULESS BLVD,3,Highway estatal,Urbano,Arteria Principal,Not Reported,1,Sin jurisdiccion especial,95,32.83371389,-97.09102222,Peaton,El primer evento no fue una colision con un vehiculo automotor en transporte,Not an Intersection,No fue interseccion,Sobre calle,Ninguna,Oscuro con iluminacion,Despejado,No,NO APLICA,23,11,23,15,1,22/01/2022,2
48,Texas,480180,0,0,2,0,157,FORT BEND (157),6887,THOMPSONS,1,Enero,20,2022,11,28,FM 2759,8,Otro,Urbano,Colector Mayor,Not Reported,0,Sin jurisdiccion especial,0,29.51020833,-95.60946667,Vehiculo en movimiento,Angulo,T-Intersection,Interseccion de T,Sobre calle,Ninguna,Dia total,Nublado,No,NO APLICA,99,99,99,99,1,20/01/2022,4
48,Texas,480181,0,0,2,0,439,TARRANT (439),2450,FORT WORTH,1,Enero,21,2022,1,47,SR-183,3,Highway estatal,Urbano,Arterial Principal -Freeway o ExpressWay,Not Reported,1,Sin jurisdiccion especial,51,32.680075,-97.39183333,Vehiculo en movimiento,Frente a Detrás,Not an Intersection,No fue interseccion,Sobre calle,Ninguna,Oscuro con iluminacion,Despejado,No,NO APLICA,99,99,99,99,1,21/01/2022,2
48,Texas,480182,1,1,1,0,29,BEXAR (29),6090,SAN ANTONIO,1,Enero,25,2022,0,28,CULEBRA RD,6,Calle Local Municipalidad,Urbano,Arteria Menor,Not Reported,0,Sin jurisdiccion especial,0,29.44830833,-98.55817222,Peaton,El primer evento no fue una colision con un vehiculo automotor en transporte,Not an Intersection,No fue interseccion,Sobre calle,Ninguna,Oscuro con iluminacion,Neblina o Humo,No,NO APLICA,99,98,99,98,1,25/01/2022,1
48,Texas,480183,0,0,2,0,209,HAYS (209),0,NO APLICA,1,Enero,22,2022,23,7,RM 12,8,Otro,Rural,Arteria Menor,Not Reported,0,Sin jurisdiccion especial,88,30.07371944,-98.09154444,Vehiculo en movimiento,Angulo,Not an Intersection,No fue interseccion,Sobre calle,Ninguna,Oscuro sin iluminacion,Despejado,No,NO APLICA,99,99,99,99,2,22/01/2022,3
48,Texas,480184,0,0,1,0,209,HAYS (209),0,NO APLICA,1,Enero,19,2022,16,1,CR-235/CR-POSEY RD,4,Calle del Condado,Rural,Colector Mayor,Not Reported,0,Sin jurisdiccion especial,0,29.82203056,-98.00332778,Vehiculo Ferrocarril,El primer evento no fue una colision con un vehiculo automotor en transporte,Not an Intersection,No fue interseccion,Sobre calle,Ninguna,Dia total,Despejado,No,447689W,99,98,99,98,1,19/01/2022,1
48,Texas,480185,0,0,2,0,213,HENDERSON (213),2256,EUSTACE,1,Enero,19,2022,9,13,US-175,2,US Highway,Rural,Arteria Principal,Not Reported,1,Sin jurisdiccion especial,62,32.30408056,-95.99904167,Vehiculo en movimiento,Frente a frente,Not an Intersection,No fue interseccion,Sobre calle,Ninguna,Dia total,Despejado,No,NO APLICA,99,99,99,99,1,19/01/2022,3
48,Texas,480186,0,0,2,0,3,ANDREWS (3),0,NO APLICA,1,Enero,21,2022,15,35,SR-115,3,Highway estatal,Rural,Arteria Menor,Not Reported,0,Sin jurisdiccion especial,99,32.43455278,-102.3451139,Otro objeto (no fijo),El primer evento no fue una colision con un vehiculo automotor en transporte,Not an Intersection,No fue interseccion,Sobre calle,Ninguna,Dia total,Despejado,No,NO APLICA,99,99,99,99,1,21/01/2022,2
48,Texas,480187,0,0,1,0,139,ELLIS (139),0,NO APLICA,1,Enero,24,2022,23,54,FM 813,8,Otro,Urbano,Colector Mayor,Not Reported,0,Sin jurisdiccion especial,75,32.45526111,-96.78261667,Poste de Señal de trafico,El primer evento no fue una colision con un vehiculo automotor en transporte,Not an Intersection,No fue interseccion,Sobre el lado de la calle,Ninguna,Oscuro sin iluminacion,Neblina o Humo,No,NO APLICA,99,98,99,98,1,24/01/2022,1
48,Texas,480188,0,0,1,0,459,UPSHUR (459),0,NO APLICA,1,Enero,23,2022,0,43,FM 1844,8,Otro,Urbano,Colector Mayor,Not Reported,0,Sin jurisdiccion especial,23,32.5895,-94.88777222,Barda,El primer evento no fue una colision con un vehiculo automotor en transporte,Not an Intersection,No fue interseccion,Fuera de la calle,Ninguna,Oscuro sin iluminacion,Despejado,No,NO APLICA,99,98,99,98,1,23/01/2022,1
48,Texas,480189,0,0,3,0,27,BELL (27),570,BELTON,1,Enero,20,2022,16,30,LAKE RD,6,Calle Local Municipalidad,Urbano,Arteria Menor,Not Reported,0,Sin jurisdiccion especial,32,31.08736944,-97.46776111,Vehiculo en movimiento,Golpe Lateral - misma direccion,Not an Intersection,No fue interseccion,Sobre calle,Ninguna,Dia total,Despejado,No,NO APLICA,99,99,99,99,1,20/01/2022,4
48,Texas,480190,1,1,1,0,303,LUBBOCK (303),4140,LUBBOCK,1,Enero,22,2022,4,27,I-27,1,Interestatal,Urbano,Interestatal,State Highway Agency,1,Sin jurisdiccion especial,32,33.53941667,-101.8445389,Peaton,El primer evento no fue una colision con un vehiculo automotor en transporte,Not an Intersection,No fue interseccion,Sobre calle,Ninguna,Oscuro con iluminacion,Despejado,No,NO APLICA,99,98,99,98,1,22/01/2022,1
48,Texas,480191,0,0,1,0,491,WILLIAMSON (491),330,AUSTIN,1,Enero,16,2022,23,2,SAN FELIPE BLVD,6,Calle Local Municipalidad,Urbano,Local,Not Reported,0,Sin jurisdiccion especial,0,30.43751944,-97.76768889,Banqueta,El primer evento no fue una colision con un vehiculo automotor en transporte,Not an Intersection,No fue interseccion,Sobre el lado de la calle,Ninguna,Oscuro sin iluminacion,Despejado,No,NO APLICA,99,98,99,98,1,16/01/2022,1
48,Texas,480192,0,0,1,0,401,RUSK (401),0,NO APLICA,1,Enero,23,2022,1,13,SR-322,3,Highway estatal,Rural,Arteria Menor,Not Reported,0,Sin jurisdiccion especial,64,32.28486667,-94.75714167,Otro objeto (no fijo),El primer evento no fue una colision con un vehiculo automotor en transporte,Not an Intersection,No fue interseccion,Sobre el lado de la calle,Ninguna,Oscuro sin iluminacion,Despejado,No,NO APLICA,99,98,99,98,1,23/01/2022,1
48,Texas,480193,0,0,1,0,113,DALLAS (113),1730,DALLAS,1,Enero,26,2022,1,31,I-35 RAMP,1,Interestatal,Urbano,Interestatal,State Highway Agency,1,Sin jurisdiccion especial,282,32.9091,-96.89759444,Valla Ferrocarril,El primer evento no fue una colision con un vehiculo automotor en transporte,Not an Intersection,No fue interseccion,Sobre el lado de la calle,Ninguna,Oscuro sin iluminacion,Despejado,No,NO APLICA,99,99,99,99,1,26/01/2022,1
48,Texas,480194,0,0,2,0,227,HOWARD (227),0,NO APLICA,1,Enero,12,2022,11,20,I-20,1,Interestatal,Rural,Interestatal,State Highway Agency,1,Sin jurisdiccion especial,342,32.28770278,-101.3272778,Vehiculo en movimiento,Frente a Detrás,Not an Intersection,No fue interseccion,Sobre calle,Construccion,Dia total,Despejado,No,NO APLICA,99,98,99,98,1,12/01/2022,2
48,Texas,480195,0,0,2,0,347,NACOGDOCHES (347),0,NO APLICA,1,Enero,25,2022,7,20,FM 1878,8,Otro,Rural,Colector Mayor,Not Reported,0,Sin jurisdiccion especial,55,31.65563889,-94.57701111,Vehiculo en movimiento,Frente a frente,Not an Intersection,No fue interseccion,Sobre el lado de la calle,Ninguna,Dia total,Nublado,No,NO APLICA,99,98,99,98,1,25/01/2022,2
48,Texas,480196,1,1,1,0,29,BEXAR (29),6090,SAN ANTONIO,1,Enero,18,2022,3,29,US-90,2,US Highway,Urbano,Arterial Principal -Freeway o ExpressWay,Not Reported,1,Sin jurisdiccion especial,27,29.40440556,-98.61753889,Peaton,El primer evento no fue una colision con un vehiculo automotor en transporte,Not an Intersection,No fue interseccion,Sobre calle,Ninguna,Oscuro con iluminacion,Despejado,No,NO APLICA,99,99,99,99,1,18/01/2022,2
48,Texas,480197,1,1,1,0,201,HARRIS (201),0,NO APLICA,1,Enero,24,2022,0,25,TL-8 LOOP SAM HOUSTON PKWY,8,Otro,Urbano,Arterial Principal -Freeway o ExpressWay,State Toll Road,1,Sin jurisdiccion especial,62,29.85735556,-95.18742778,Peaton,El primer evento no fue una colision con un vehiculo automotor en transporte,Not an Intersection,No fue interseccion,Sobre calle,Ninguna,Oscuro con iluminacion,Nublado,No,NO APLICA,99,99,99,99,1,24/01/2022,1
48,Texas,480198,0,0,1,0,113,DALLAS (113),1730,DALLAS,1,Enero,22,2022,2,9,SR-78,3,Highway estatal,Urbano,Arteria Principal,Not Reported,1,Sin jurisdiccion especial,152,32.81473056,-96.723925,Poste,El primer evento no fue una colision con un vehiculo automotor en transporte,Not an Intersection,No fue interseccion,En el medio,Ninguna,Oscuro con iluminacion,Despejado,No,NO APLICA,99,99,99,99,2,22/01/2022,4