Estado,Nombre de Estado,Numero de Caso,Peatones,Personas _no_vehiculos,Vehiculos automotores,Vehiculos estacionados,Condado,Nombre Condado,Ciudad,Nombre Ciudad,Mes,Nombre Mes,Dia,Año,Hora,Minuto,Calle,Ruta,Nombre Ruta,Rural o Urbanoo,Sistema Funcional,Dueño Calle,Sistema Nacional Carreteras,Jurisdiccion Especial,Milla,Latitud,Longitud,Causa del Accidente,Tipo de Accidente,Tipo Interseccion,Columna1,Lugar en la calle,Zona de Trabajo,Luz,Clima,Autobus Escolar,Cruce de Trenes,Hora Notificacion,Minuto Notificacion,Hora Llegada,Minuto Llegada,Decesos,Fecha,PersonaVehiculo
48,Texas,480199,0,0,2,0,127,DIMMIT (127),0,NO APLICA,1,Enero,19,2022,7,31,SR-85,3,Highway estatal,Rural,Arteria Menor,Not Reported,0,Sin jurisdiccion especial,119,28.57399444,-99.67518056,Vehiculo en movimiento,Frente a frente,Not an Intersection,No fue interseccion,Sobre calle,Ninguna,Dia total,Neblina o Humo,No,NO APLICA,99,99,99,99,1,19/01/2022,2
48,Texas,480200,0,0,2,0,469,VICTORIA (469),0,NO APLICA,1,Enero,13,2022,19,46,US-87,2,US Highway,Rural,Arteria Principal,Not Reported,1,Sin jurisdiccion especial,203,28.76247778,-96.94026944,Vehiculo en movimiento,Frente a frente,Not an Intersection,No fue interseccion,Sobre calle,Ninguna,Oscuro sin iluminacion,Despejado,No,NO APLICA,99,99,99,99,1,13/01/2022,5
48,Texas,480201,1,1,2,0,201,HARRIS (201),3280,HOUSTON,1,Enero,19,2022,21,47,SR-6,3,Highway estatal,Urbano,Arteria Principal,Not Reported,1,Sin jurisdiccion especial,109,29.77848056,-95.64460556,Peaton,El primer evento no fue una colision con un vehiculo automotor en transporte,Not an Intersection,No fue interseccion,Sobre calle,Ninguna,Oscuro sin iluminacion,lluvia,No,NO APLICA,99,99,99,99,1,19/01/2022,2
48,Texas,480202,0,0,2,0,201,HARRIS (201),0,NO APLICA,1,Enero,23,2022,3,32,I-10 FRONTAGE/KATY FWY,7,Calle Local,Urbano,Colector Mayor,Not Reported,0,Sin jurisdiccion especial,37,29.78575556,-95.75195278,Vehiculo en movimiento,Angulo,Four-Way Intersection,Interseccion de 4 direcciones,Sobre calle,Ninguna,Oscuro con iluminacion,Despejado,No,NO APLICA,99,99,99,99,1,23/01/2022,6
48,Texas,480203,0,0,1,0,67,CASS (67),0,NO APLICA,1,Enero,21,2022,14,55,CR-4920,4,Calle del Condado,Rural,Local,Not Reported,0,Sin jurisdiccion especial,0,33.11665556,-94.04898056,Vehiculo Ferrocarril,El primer evento no fue una colision con un vehiculo automotor en transporte,Not an Intersection,No fue interseccion,Sobre calle,Ninguna,Dia total,Despejado,No,330907Y,99,98,99,98,1,21/01/2022,1
48,Texas,480204,1,1,2,0,113,DALLAS (113),1730,DALLAS,1,Enero,22,2022,20,38,I-30,1,Interestatal,Urbano,Interestatal,State Highway Agency,1,Sin jurisdiccion especial,103,32.79538611,-96.693325,Peaton,El primer evento no fue una colision con un vehiculo automotor en transporte,Not an Intersection,No fue interseccion,Sobre calle,Ninguna,Oscuro con iluminacion,Despejado,No,NO APLICA,99,98,99,98,1,22/01/2022,2
48,Texas,480205,0,0,2,0,113,DALLAS (113),1730,DALLAS,1,Enero,15,2022,21,46,TL 5 DALLAS NORTH TOLLWAY,8,Otro,Urbano,Arterial Principal -Freeway o ExpressWay,Not Reported,1,Sin jurisdiccion especial,0,32.83909444,-96.81475,Vehiculo en movimiento,Frente a Detrás,Not an Intersection,No fue interseccion,Sobre calle,Ninguna,Oscuro con iluminacion,Despejado,No,NO APLICA,99,99,99,99,1,15/01/2022,2
48,Texas,480206,0,0,1,0,21,BASTROP (21),0,NO APLICA,1,Enero,22,2022,13,15,FM 1704,8,Otro,Rural,Colector Mayor,Not Reported,0,Sin jurisdiccion especial,86,30.23185278,-97.43278611,Puente de Ferrocarril,El primer evento no fue una colision con un vehiculo automotor en transporte,Not an Intersection,No fue interseccion,Sobre el lado de la calle,Ninguna,Dia total,Despejado,No,NO APLICA,99,98,99,98,1,22/01/2022,1
48,Texas,480207,0,0,1,0,21,BASTROP (21),0,NO APLICA,1,Enero,17,2022,15,59,CR-PETTYTOWN RD,4,Calle del Condado,Rural,Local,Not Reported,0,Sin jurisdiccion especial,0,29.91781111,-97.45365278,Buzon de correo,El primer evento no fue una colision con un vehiculo automotor en transporte,Not an Intersection,No fue interseccion,Sobre el lado de la calle,Ninguna,Dia total,Despejado,No,NO APLICA,99,99,99,99,1,17/01/2022,2
48,Texas,480208,0,0,2,0,473,WALLER (473),0,NO APLICA,1,Enero,22,2022,5,51,US-290,2,US Highway,Urbano,Arterial Principal -Freeway o ExpressWay,Not Reported,1,Sin jurisdiccion especial,95,30.09465556,-96.03568056,Vehiculo en movimiento,Frente a frente,Not an Intersection,No fue interseccion,Sobre Acotamiento,Ninguna,Dia total,Despejado,No,NO APLICA,99,98,99,98,1,22/01/2022,3
48,Texas,480209,0,0,4,0,113,DALLAS (113),387,BALCH SPRINGS,1,Enero,14,2022,4,35,I-635,1,Interestatal,Urbano,Interestatal,State Highway Agency,1,Sin jurisdiccion especial,12,32.7126,-96.6198,Vehiculo en movimiento,Frente a Detrás,Not an Intersection,No fue interseccion,Sobre calle,Ninguna,Oscuro con iluminacion,Despejado,No,NO APLICA,99,98,99,98,1,14/01/2022,4
48,Texas,480211,0,0,3,0,149,FAYETTE (149),0,NO APLICA,1,Enero,16,2022,11,39,US-77,2,US Highway,Rural,Arteria Principal,Not Reported,1,Sin jurisdiccion especial,90,29.97249444,-96.87881111,Vehiculo en movimiento,Frente a frente,Not an Intersection,No fue interseccion,Sobre calle,Ninguna,Dia total,Despejado,No,NO APLICA,99,99,99,99,3,16/01/2022,5
48,Texas,480212,1,1,1,0,423,SMITH (423),7070,TYLER,1,Enero,5,2022,19,12,SR-323,3,Highway estatal,Urbano,Arteria Principal,Not Reported,1,Sin jurisdiccion especial,35,32.30298056,-95.3011,Peaton,El primer evento no fue una colision con un vehiculo automotor en transporte,Not an Intersection,No fue interseccion,Sobre calle,Ninguna,Oscuro con iluminacion,Despejado,No,NO APLICA,99,99,99,99,1,05/01/2022,1
48,Texas,480213,0,0,3,0,121,DENTON (121),1840,DENTON,1,Enero,10,2022,6,49,US-380/UNIVERSITY DR,2,US Highway,Rural,Arteria Principal,Not Reported,1,Sin jurisdiccion especial,94,33.23265,-97.2287,Vehiculo en movimiento,Frente a Detrás,Not an Intersection,No fue interseccion,Sobre calle,Ninguna,Oscuro sin iluminacion,Nublado,No,NO APLICA,99,99,99,99,1,10/01/2022,4
48,Texas,480214,1,1,1,0,201,HARRIS (201),3280,HOUSTON,1,Enero,26,2022,19,24,FM 1960,8,Otro,Urbano,Arteria Principal,Not Reported,0,Sin jurisdiccion especial,334,30.01418889,-95.12769444,Peaton,El primer evento no fue una colision con un vehiculo automotor en transporte,Not an Intersection,No fue interseccion,Sobre calle,Ninguna,Oscuro sin iluminacion,Despejado,No,NO APLICA,99,99,99,99,1,26/01/2022,1
48,Texas,480215,0,0,3,0,121,DENTON (121),3960,LEWISVILLE,1,Enero,23,2022,2,45,SR-121 BUS,3,Highway estatal,Urbano,Arteria Principal,Not Reported,1,Sin jurisdiccion especial,82,33.04565,-96.96318611,Vehiculo en movimiento,Frente a Detrás,Not an Intersection,No fue interseccion,Sobre calle,Ninguna,Oscuro sin iluminacion,Despejado,No,NO APLICA,2,45,2,52,1,23/01/2022,6
48,Texas,480216,1,4,8,4,201,HARRIS (201),3280,HOUSTON,1,Enero,12,2022,22,53,LAURA KOPPE RD,6,Calle Local Municipalidad,Urbano,Arteria Menor,Not Reported,0,Sin jurisdiccion especial,0,29.840525,-95.31904444,Vehiculo en movimiento,Angulo,Four-Way Intersection,Interseccion de 4 direcciones,Sobre calle,Ninguna,Oscuro con iluminacion,Despejado,No,NO APLICA,99,99,99,99,1,12/01/2022,6
48,Texas,480217,0,0,2,0,139,ELLIS (139),4570,MIDLOTHIAN,1,Enero,23,2022,20,21,US-287,2,US Highway,Urbano,Arteria Principal,Not Reported,1,Sin jurisdiccion especial,368,32.44113889,-96.918075,Vehiculo en movimiento,Frente a frente,Not an Intersection,No fue interseccion,Sobre calle,Ninguna,Oscuro sin iluminacion,Despejado,No,NO APLICA,20,22,20,31,2,23/01/2022,3
48,Texas,480218,1,1,1,0,439,TARRANT (439),2450,FORT WORTH,1,Enero,28,2022,6,42,SEMINARY DR,6,Calle Local Municipalidad,Urbano,Arteria Menor,Not Reported,0,Sin jurisdiccion especial,0,32.68428333,-97.31910278,No vehiculo o remolque,El primer evento no fue una colision con un vehiculo automotor en transporte,Four-Way Intersection,Interseccion de 4 direcciones,Sobre calle,Ninguna,Oscuro con iluminacion,Despejado,No,NO APLICA,6,45,6,50,1,28/01/2022,1
48,Texas,480219,0,0,3,0,331,MILAM (331),0,NO APLICA,1,Enero,10,2022,18,30,FM 485,8,Otro,Rural,Colector Mayor,Not Reported,0,Sin jurisdiccion especial,50,30.91272222,-96.91905556,Vehiculo en movimiento,Golpe Lateral - direccion contraria,Not an Intersection,No fue interseccion,Sobre calle,Ninguna,Oscuro sin iluminacion,Nublado,No,NO APLICA,99,99,99,99,1,10/01/2022,6
48,Texas,480220,0,0,1,0,329,MIDLAND (329),0,NO APLICA,1,Enero,8,2022,23,25,FM 1787,8,Otro,Rural,Colector Mayor,Not Reported,0,Sin jurisdiccion especial,46,31.65556944,-102.2570111,Volcadura,El primer evento no fue una colision con un vehiculo automotor en transporte,Not an Intersection,No fue interseccion,Sobre el lado de la calle,Ninguna,Oscuro con iluminacion,Despejado,No,NO APLICA,23,22,23,51,1,08/01/2022,2
48,Texas,480221,0,0,2,0,177,GONZALES (177),0,NO APLICA,1,Enero,25,2022,5,57,US-183,2,US Highway,Rural,Arteria Principal,Not Reported,1,Sin jurisdiccion especial,143,29.45824444,-97.43431111,Vehiculo en movimiento,Angulo,T-Intersection,Interseccion de T,Sobre calle,Ninguna,Oscuro sin iluminacion,Neblina o Humo,No,NO APLICA,99,98,99,98,1,25/01/2022,2
48,Texas,480222,1,1,1,0,121,DENTON (121),320,AUBREY,1,Enero,26,2022,6,24,FM 428/MAIN ST,8,Otro,Rural,Colector Mayor,Not Reported,0,Sin jurisdiccion especial,10,33.30378333,-96.98629722,Peaton,El primer evento no fue una colision con un vehiculo automotor en transporte,Not an Intersection,No fue interseccion,Sobre calle,Ninguna,Oscuro con iluminacion,Despejado,No,NO APLICA,99,99,99,99,1,26/01/2022,1
48,Texas,480223,0,0,1,0,337,MONTAGUE (337),0,NO APLICA,1,Enero,29,2022,4,40,SR-59,3,Highway estatal,Rural,Colector Mayor,Not Reported,0,Sin jurisdiccion especial,10,33.69335833,-97.54742778,Volcadura,El primer evento no fue una colision con un vehiculo automotor en transporte,Not an Intersection,No fue interseccion,Sobre el lado de la calle,Ninguna,Oscuro sin iluminacion,Despejado,No,NO APLICA,99,99,99,99,1,29/01/2022,1
48,Texas,480224,0,0,1,0,439,TARRANT (439),2450,FORT WORTH,1,Enero,28,2022,22,47,SILVER CREEK RD,6,Calle Local Municipalidad,Urbano,Colector Mayor,Not Reported,0,Sin jurisdiccion especial,0,32.79425556,-97.49375,Arbol,El primer evento no fue una colision con un vehiculo automotor en transporte,Not an Intersection,No fue interseccion,Sobre el lado de la calle,Ninguna,Oscuro sin iluminacion,Despejado,No,NO APLICA,99,98,99,98,1,28/01/2022,1
48,Texas,480225,0,0,1,0,201,HARRIS (201),3280,HOUSTON,1,Enero,19,2022,1,47,I-610/NORTH LP,1,Interestatal,Urbano,Interestatal,State Highway Agency,1,Sin jurisdiccion especial,117,29.80458056,-95.285575,Otra barrera de trafico,El primer evento no fue una colision con un vehiculo automotor en transporte,Not an Intersection,No fue interseccion,Separador,Ninguna,Oscuro con iluminacion,Despejado,No,NO APLICA,99,99,99,99,1,19/01/2022,2
48,Texas,480226,3,3,2,0,157,FORT BEND (157),0,NO APLICA,1,Enero,24,2022,18,21,FM 1462/COW MICHAM RD,8,Otro,Rural,Colector Mayor,Not Reported,0,Sin jurisdiccion especial,2,29.3499,-95.58277778,Vehiculo en movimiento,Golpe Lateral - misma direccion,Not an Intersection,No fue interseccion,Sobre calle,Ninguna,Oscuro sin iluminacion,Nublado,No,NO APLICA,99,99,99,99,1,24/01/2022,1
48,Texas,480227,1,1,1,0,201,HARRIS (201),3280,HOUSTON,1,Enero,22,2022,18,19,FONDREN RD,6,Calle Local Municipalidad,Urbano,Arteria Menor,Not Reported,0,Sin jurisdiccion especial,0,29.63134167,-95.50785833,Peaton,El primer evento no fue una colision con un vehiculo automotor en transporte,Not an Intersection,No fue interseccion,Sobre calle,Ninguna,Oscuro con iluminacion,Nublado,No,NO APLICA,99,99,99,99,1,22/01/2022,3
48,Texas,480228,0,0,3,0,143,ERATH (143),6590,STEPHENVILLE,1,Enero,25,2022,6,54,US-67/WASHINGTON ST,2,US Highway,Urbano,Arteria Principal,Not Reported,1,Sin jurisdiccion especial,35,32.20415278,-98.23831667,Vehiculo en movimiento,Angulo,T-Intersection,Interseccion de T,Sobre calle,Ninguna,Oscuro con iluminacion,Despejado,No,NO APLICA,99,99,99,99,1,25/01/2022,4
48,Texas,480229,0,0,2,0,425,SOMERVELL (425),0,NO APLICA,1,Enero,21,2022,9,5,US-67,2,US Highway,Rural,Arteria Principal,Not Reported,1,Sin jurisdiccion especial,3,32.28055833,-97.62038333,Vehiculo en movimiento,Frente a Detrás,T-Intersection,Interseccion de T,Sobre calle,Ninguna,Dia total,Despejado,No,NO APLICA,99,99,99,99,1,21/01/2022,2
48,Texas,480230,1,1,1,0,71,CHAMBERS (71),0,NO APLICA,1,Enero,21,2022,8,35,I-10,1,Interestatal,Rural,Interestatal,State Highway Agency,1,Sin jurisdiccion especial,147,29.84044444,-94.66581667,Peaton,El primer evento no fue una colision con un vehiculo automotor en transporte,Not an Intersection,No fue interseccion,Sobre calle,Ninguna,Oscuro sin iluminacion,Nublado,No,NO APLICA,99,98,99,98,1,21/01/2022,1
48,Texas,480231,0,0,1,0,99,CORYELL (99),0,NO APLICA,1,Enero,28,2022,18,30,FM 107,8,Otro,Rural,Colector Mayor,Not Reported,0,Sin jurisdiccion especial,95,31.39283333,-97.56413611,Animal vivo,El primer evento no fue una colision con un vehiculo automotor en transporte,Not an Intersection,No fue interseccion,Sobre calle,Ninguna,Oscuro sin iluminacion,Despejado,No,NO APLICA,99,98,99,98,1,28/01/2022,1
48,Texas,480232,0,0,1,0,439,TARRANT (439),260,ARLINGTON,1,Enero,9,2022,2,42,I-20,1,Interestatal,Urbano,Interestatal,State Highway Agency,1,Sin jurisdiccion especial,58,32.67446667,-97.15866389,Fin de valla,El primer evento no fue una colision con un vehiculo automotor en transporte,Not an Intersection,No fue interseccion,Separador,Ninguna,Oscuro con iluminacion,Nublado,No,NO APLICA,99,99,99,99,1,09/01/2022,2
48,Texas,480233,0,0,1,0,439,TARRANT (439),260,ARLINGTON,1,Enero,24,2022,13,9,I-20 RAMP,1,Interestatal,Urbano,Interestatal,State Highway Agency,1,Sin jurisdiccion especial,41,32.67643611,-97.19038333,Volcadura,El primer evento no fue una colision con un vehiculo automotor en transporte,Not an Intersection,No fue interseccion,Gore?,Ninguna,Dia total,lluvia,No,NO APLICA,99,98,99,98,1,24/01/2022,1
48,Texas,480234,0,0,1,0,89,COLORADO (89),1470,COLUMBUS,1,Enero,18,2022,23,29,I-10,1,Interestatal,Rural,Interestatal,State Highway Agency,1,Sin jurisdiccion especial,187,29.69289444,-96.53966111,Otro objeto (fijo),El primer evento no fue una colision con un vehiculo automotor en transporte,T-Intersection,Interseccion de T,Gore?,Ninguna,Oscuro con iluminacion,Despejado,No,NO APLICA,99,98,99,98,1,18/01/2022,1
48,Texas,480235,1,1,1,0,201,HARRIS (201),0,NO APLICA,1,Enero,27,2022,1,48,I-69 SV RD/EASTEX FWY,7,Calle Local,Urbano,Colector Mayor,Not Reported,0,Sin jurisdiccion especial,42,29.92119167,-95.3055,Peaton,El primer evento no fue una colision con un vehiculo automotor en transporte,Not an Intersection,No fue interseccion,Sobre calle,Ninguna,Oscuro sin iluminacion,Despejado,No,NO APLICA,99,99,99,99,1,27/01/2022,1
48,Texas,480237,0,0,3,0,339,MONTGOMERY (339),0,NO APLICA,1,Enero,17,2022,13,39,FM 149,8,Otro,Rural,Colector Mayor,Not Reported,0,Sin jurisdiccion especial,201,30.33813611,-95.69743056,Volcadura,El primer evento no fue una colision con un vehiculo automotor en transporte,T-Intersection,Interseccion de T,Sobre calle,Ninguna,Dia total,Despejado,No,NO APLICA,99,99,99,99,1,17/01/2022,4
48,Texas,480238,0,0,1,0,477,WASHINGTON (477),0,NO APLICA,1,Enero,1,2022,7,30,CR-PULAWSKI SCHOOL LN,4,Calle del Condado,Rural,Local,Not Reported,0,Sin jurisdiccion especial,0,30.16283056,-96.29085833,Otro objeto (fijo),El primer evento no fue una colision con un vehiculo automotor en transporte,Not an Intersection,No fue interseccion,Sobre el lado de la calle,Ninguna,Dia total,Despejado,No,NO APLICA,7,30,7,44,1,01/01/2022,1
48,Texas,480239,0,0,2,0,201,HARRIS (201),0,NO APLICA,1,Enero,23,2022,21,15,GESSNER RD,6,Calle Local Municipalidad,Urbano,Arteria Menor,Not Reported,0,Sin jurisdiccion especial,0,29.933775,-95.54594167,Vehiculo en movimiento,Angulo,Four-Way Intersection,Interseccion de 4 direcciones,Sobre calle,Ninguna,Oscuro con iluminacion,Despejado,No,NO APLICA,99,99,99,99,2,23/01/2022,4
48,Texas,480240,0,0,2,0,85,COLLIN (85),5390,PLANO,1,Enero,30,2022,9,54,JUPITER RD,6,Calle Local Municipalidad,Urbano,Arteria Menor,Not Reported,0,Sin jurisdiccion especial,0,33.00728056,-96.68231389,Vehiculo en movimiento,Angulo,Four-Way Intersection,Interseccion de 4 direcciones,Sobre calle,Ninguna,Dia total,Despejado,No,NO APLICA,99,99,99,99,1,30/01/2022,2
48,Texas,480241,0,0,1,0,313,MADISON (313),0,NO APLICA,1,Enero,10,2022,15,20,I-45,1,Interestatal,Rural,Interestatal,State Highway Agency,1,Sin jurisdiccion especial,137,31.02428889,-95.93031667,Volcadura,El primer evento no fue una colision con un vehiculo automotor en transporte,Not an Intersection,No fue interseccion,En el medio,Ninguna,Dia total,Despejado,No,NO APLICA,99,99,99,99,1,10/01/2022,1
48,Texas,480242,1,1,1,0,439,TARRANT (439),2450,FORT WORTH,1,Enero,31,2022,1,58,I-820/JIM WRIGHT FWY,1,Interestatal,Urbano,Interestatal,State Highway Agency,1,Sin jurisdiccion especial,89,32.796425,-97.44959444,Peaton,El primer evento no fue una colision con un vehiculo automotor en transporte,Not an Intersection,No fue interseccion,Sobre calle,Ninguna,Oscuro con iluminacion,Nublado,No,NO APLICA,99,98,99,98,1,31/01/2022,1
48,Texas,480243,0,0,3,0,85,COLLIN (85),5390,PLANO,1,Enero,30,2022,15,36,FM 2478,8,Otro,Urbano,Arteria Menor,Not Reported,0,Sin jurisdiccion especial,99998,33.07161111,-96.73695,Vehiculo en movimiento,Angulo,Four-Way Intersection,Interseccion de 4 direcciones,Sobre calle,Ninguna,Dia total,Despejado,No,NO APLICA,99,99,99,99,1,30/01/2022,4
48,Texas,480244,0,0,2,0,307,MCCULLOCH (307),0,NO APLICA,1,Enero,27,2022,18,55,US-377,2,US Highway,Rural,Arteria Principal,Not Reported,0,Sin jurisdiccion especial,22,31.43509444,-99.16969167,Vehiculo en movimiento,Frente a Detrás,Not an Intersection,No fue interseccion,Sobre calle,Ninguna,Oscuro sin iluminacion,Despejado,No,NO APLICA,18,51,19,13,1,27/01/2022,2
48,Texas,480246,0,0,4,0,85,COLLIN (85),5390,PLANO,1,Enero,12,2022,9,17,INDEPENDENCE PKWY,6,Calle Local Municipalidad,Urbano,Arteria Menor,Not Reported,0,Sin jurisdiccion especial,0,33.04099444,-96.75338889,Vehiculo en movimiento,Angulo,Four-Way Intersection,Interseccion de 4 direcciones,Sobre calle,Ninguna,Dia total,Despejado,No,NO APLICA,99,99,99,99,1,12/01/2022,4
48,Texas,480247,0,0,2,0,381,RANDALL (381),0,NO APLICA,1,Enero,14,2022,17,29,FM 1151/CLAUDE HWY,8,Otro,Rural,Colector Mayor,Not Reported,0,Sin jurisdiccion especial,62,35.0914,-101.7398722,Vehiculo en movimiento,Frente a frente,Not an Intersection,No fue interseccion,Sobre calle,Ninguna,Dia total,Vientos cruzados pero de los mamalones,No,NO APLICA,99,99,99,99,1,14/01/2022,2
48,Texas,480248,1,1,1,0,439,TARRANT (439),2800,GRAND PRAIRIE,1,Enero,14,2022,23,2,SR-180/MAIN ST,3,Highway estatal,Urbano,Arteria Principal,Not Reported,0,Sin jurisdiccion especial,0,32.73978611,-97.03571667,Peaton,El primer evento no fue una colision con un vehiculo automotor en transporte,Four-Way Intersection,Interseccion de 4 direcciones,Sobre calle,Ninguna,Oscuro con iluminacion,Nublado,No,NO APLICA,99,98,99,98,1,14/01/2022,1
48,Texas,480249,0,0,1,0,201,HARRIS (201),0,NO APLICA,1,Enero,28,2022,22,41,SR-99,3,Highway estatal,Urbano,Arterial Principal -Freeway o ExpressWay,Not Reported,1,Sin jurisdiccion especial,119,29.92847778,-95.76289722,Barrera de Cable,El primer evento no fue una colision con un vehiculo automotor en transporte,Not an Intersection,No fue interseccion,En el medio,Ninguna,Oscuro sin iluminacion,Despejado,No,NO APLICA,99,98,99,98,1,28/01/2022,1
48,Texas,480250,0,0,2,0,339,MONTGOMERY (339),0,NO APLICA,1,Enero,28,2022,17,14,SR-242 E,3,Highway estatal,Urbano,Arteria Menor,Not Reported,0,Sin jurisdiccion especial,89,30.21598889,-95.38231667,Barrera de Trafico de Concreto,El primer evento no fue una colision con un vehiculo automotor en transporte,Not an Intersection,No fue interseccion,Sobre el lado de la calle,Construccion,Dia total,Despejado,No,NO APLICA,99,98,99,98,2,28/01/2022,2
48,Texas,480251,0,0,2,0,121,DENTON (121),3960,LEWISVILLE,1,Enero,23,2022,2,43,TL 27 SAM RAYBURN TLWY,8,Otro,Urbano,Arterial Principal -Freeway o ExpressWay,State Toll Road,1,Sin jurisdiccion especial,99998,33.05785556,-96.90582222,Vehiculo en movimiento,Angulo,Not an Intersection,No fue interseccion,Sobre calle,Ninguna,Oscuro sin iluminacion,Despejado,No,NO APLICA,2,51,2,58,1,23/01/2022,2
48,Texas,480252,0,0,3,2,347,NACOGDOCHES (347),4810,NACOGDOCHES,1,Enero,27,2022,12,25,US-59F BUS/SOUTH ST,2,US Highway,Urbano,Arteria Menor,Not Reported,0,Sin jurisdiccion especial,130,31.59029167,-94.66544722,Vehiculo Aparcado,El primer evento no fue una colision con un vehiculo automotor en transporte,T-Intersection,Interseccion de T,Fuera de la calle,Ninguna,Dia total,Despejado,No,NO APLICA,99,99,99,99,1,27/01/2022,2
48,Texas,480253,4,4,2,1,37,BOWIE (37),0,NO APLICA,1,Enero,16,2022,2,25,I-30,1,Interestatal,Rural,Interestatal,State Highway Agency,1,Sin jurisdiccion especial,2,33.31033333,-94.69730833,Vehiculo Aparcado,El primer evento no fue una colision con un vehiculo automotor en transporte,Not an Intersection,No fue interseccion,Sobre Acotamiento,Ninguna,Oscuro sin iluminacion,Nieve,No,NO APLICA,99,99,99,99,1,16/01/2022,1
48,Texas,480254,0,0,2,0,201,HARRIS (201),3280,HOUSTON,1,Enero,30,2022,23,48,HARWIN DR,6,Calle Local Municipalidad,Urbano,Arteria Principal,Not Reported,1,Sin jurisdiccion especial,71,29.71661111,-95.55665556,Vehiculo en movimiento,Angulo,Four-Way Intersection,Interseccion de 4 direcciones,Sobre calle,Ninguna,Oscuro con iluminacion,Despejado,No,NO APLICA,23,48,23,52,1,30/01/2022,5
48,Texas,480255,1,1,1,0,201,HARRIS (201),0,NO APLICA,1,Enero,22,2022,22,29,CR-LILLJA RD,4,Calle del Condado,Urbano,Colector Mayor,Not Reported,0,Sin jurisdiccion especial,0,29.92600556,-95.39088611,Peaton,El primer evento no fue una colision con un vehiculo automotor en transporte,Not an Intersection,No fue interseccion,Sobre calle,Ninguna,Oscuro sin iluminacion,Despejado,No,NO APLICA,99,98,99,98,1,22/01/2022,1
48,Texas,480256,0,0,2,0,439,TARRANT (439),2450,FORT WORTH,1,Enero,28,2022,9,50,BEACH ST,6,Calle Local Municipalidad,Urbano,Arteria Principal,Not Reported,0,Sin jurisdiccion especial,0,32.73471389,-97.28963056,Vehiculo en movimiento,Angulo,Not an Intersection,No fue interseccion,Sobre calle,Ninguna,Dia total,Despejado,No,NO APLICA,99,99,99,99,1,28/01/2022,3
48,Texas,480257,0,0,1,0,315,MARION (315),0,NO APLICA,1,Enero,21,2022,7,8,SR-49,3,Highway estatal,Rural,Arteria Menor,Not Reported,0,Sin jurisdiccion especial,60,32.80781944,-94.20192222,Acotamiento,El primer evento no fue una colision con un vehiculo automotor en transporte,Not an Intersection,No fue interseccion,Sobre el lado de la calle,Ninguna,Dia total,Despejado,No,NO APLICA,99,99,99,99,1,21/01/2022,1
48,Texas,480258,0,0,1,0,21,BASTROP (21),0,NO APLICA,1,Enero,29,2022,0,14,FM 2571,8,Otro,Rural,Colector Mayor,Not Reported,0,Sin jurisdiccion especial,62,30.02038333,-97.21341667,Valla Ferrocarril,El primer evento no fue una colision con un vehiculo automotor en transporte,Not an Intersection,No fue interseccion,Sobre el lado de la calle,Ninguna,Oscuro sin iluminacion,Despejado,No,NO APLICA,99,98,99,98,1,29/01/2022,1
48,Texas,480259,0,0,2,0,361,ORANGE (361),0,NO APLICA,1,Enero,23,2022,7,26,SR-62,3,Highway estatal,Rural,Arteria Menor,Not Reported,0,Sin jurisdiccion especial,110,30.11644722,-93.82098056,Vehiculo en movimiento,Angulo,Not an Intersection,No fue interseccion,Sobre calle,Construccion,Dia total,Nublado,No,NO APLICA,99,99,99,99,1,23/01/2022,3
48,Texas,480260,0,0,3,0,61,CAMERON (61),940,BROWNSVILLE,1,Enero,27,2022,8,42,US-281/MILITARY HWY,2,US Highway,Urbano,Arteria Principal,Not Reported,1,Sin jurisdiccion especial,96,25.95882778,-97.57171389,Vehiculo en movimiento,Frente a frente,Not an Intersection,No fue interseccion,Sobre calle,Ninguna,Dia total,Despejado,No,NO APLICA,99,99,99,99,1,27/01/2022,3
48,Texas,480261,1,1,1,0,121,DENTON (121),0,NO APLICA,1,Enero,29,2022,11,30,FM 156,8,Otro,Rural,Arteria Menor,Not Reported,0,Sin jurisdiccion especial,158,33.1295,-97.28965278,Ciclista,El primer evento no fue una colision con un vehiculo automotor en transporte,T-Intersection,Interseccion de T,Sobre calle,Ninguna,Dia total,Despejado,No,NO APLICA,99,98,99,98,1,29/01/2022,3
48,Texas,480262,0,0,2,0,135,ECTOR (135),0,NO APLICA,1,Enero,18,2022,2,45,I-20,1,Interestatal,Rural,Interestatal,State Highway Agency,1,Sin jurisdiccion especial,49,31.68691944,-102.6853278,Vehiculo en movimiento,Frente a frente,Not an Intersection,No fue interseccion,Sobre calle,Ninguna,Oscuro con iluminacion,Despejado,No,NO APLICA,99,99,99,99,1,18/01/2022,2
48,Texas,480263,0,0,1,0,201,HARRIS (201),3280,HOUSTON,1,Enero,15,2022,1,54,DAIRY ASHFORD RD,6,Calle Local Municipalidad,Urbano,Arteria Menor,Not Reported,0,Sin jurisdiccion especial,0,29.72835556,-95.60574722,Arbol,El primer evento no fue una colision con un vehiculo automotor en transporte,Not an Intersection,No fue interseccion,Sobre el lado de la calle,Ninguna,Oscuro con iluminacion,Despejado,No,NO APLICA,99,98,99,98,1,15/01/2022,1
48,Texas,480264,1,1,1,0,113,DALLAS (113),1730,DALLAS,1,Enero,24,2022,18,50,FERGUSON RD,6,Calle Local Municipalidad,Urbano,Arteria Menor,Not Reported,0,Sin jurisdiccion especial,0,32.80311667,-96.71249722,Peaton,El primer evento no fue una colision con un vehiculo automotor en transporte,Not an Intersection,No fue interseccion,Sobre calle,Ninguna,Oscuro con iluminacion,lluvia,No,NO APLICA,99,99,99,99,1,24/01/2022,1
48,Texas,480265,0,0,3,0,201,HARRIS (201),3280,HOUSTON,1,Enero,10,2022,19,11,LITTLE YORK RD,6,Calle Local Municipalidad,Urbano,Arteria Principal,Not Reported,0,Sin jurisdiccion especial,0,29.87008056,-95.37772222,Vehiculo en movimiento,Frente a frente,T-Intersection,Interseccion de T,Sobre calle,Ninguna,Oscuro con iluminacion,Despejado,No,NO APLICA,99,99,99,99,2,10/01/2022,4