Estado,Nombre de Estado,Numero de Caso,Peatones,Personas _no_vehiculos,Vehiculos automotores,Vehiculos estacionados,Condado,Nombre Condado,Ciudad,Nombre Ciudad,Mes,Nombre Mes,Dia,Año,Hora,Minuto,Calle,Ruta,Nombre Ruta,Rural o Urbanoo,Sistema Funcional,Dueño Calle,Sistema Nacional Carreteras,Jurisdiccion Especial,Milla,Latitud,Longitud,Causa del Accidente,Tipo de Accidente,Tipo Interseccion,Columna1,Lugar en la calle,Zona de Trabajo,Luz,Clima,Autobus Escolar,Cruce de Trenes,Hora Notificacion,Minuto Notificacion,Hora Llegada,Minuto Llegada,Decesos,Fecha,PersonaVehiculo
48,Texas,480266,1,1,1,0,29,BEXAR (29),6090,SAN ANTONIO,1,Enero,30,2022,2,18,I-410,1,Interestatal,Urbano,Interestatal,State Highway Agency,1,Sin jurisdiccion especial,162,29.49458333,-98.55428333,Peaton,El primer evento no fue una colision con un vehiculo automotor en transporte,Not an Intersection,No fue interseccion,Sobre calle,Ninguna,Oscuro con iluminacion,Despejado,No,NO APLICA,99,99,99,99,1,30/01/2022,2
48,Texas,480268,1,1,1,0,113,DALLAS (113),4530,MESQUITE,1,Enero,30,2022,5,40,PIONEER RD,6,Calle Local Municipalidad,Urbano,Arteria Menor,Not Reported,0,Sin jurisdiccion especial,0,32.75766111,-96.58352222,Peaton,El primer evento no fue una colision con un vehiculo automotor en transporte,Not an Intersection,No fue interseccion,Sobre calle,Ninguna,Oscuro con iluminacion,Despejado,No,NO APLICA,99,99,99,99,1,30/01/2022,1
48,Texas,480269,0,0,2,0,97,COOKE (97),7112,VALLEY VIEW,1,Enero,27,2022,17,8,I-35 FRONTAGE,7,Calle Local,Rural,Colector Mayor,Not Reported,0,Sin jurisdiccion especial,14,33.44032778,-97.16397778,Vehiculo en movimiento,Frente a frente,Not an Intersection,No fue interseccion,Gore?,Ninguna,Dia total,Despejado,No,NO APLICA,99,99,99,99,1,27/01/2022,5
48,Texas,480270,0,0,2,0,97,COOKE (97),0,NO APLICA,1,Enero,30,2022,4,7,CR-426,4,Calle del Condado,Rural,Local,Not Reported,0,Sin jurisdiccion especial,0,33.67814722,-97.39156111,Vehiculo en movimiento,Frente a frente,Not an Intersection,No fue interseccion,Sobre calle,Ninguna,Oscuro sin iluminacion,Despejado,No,NO APLICA,99,99,99,99,1,30/01/2022,2
48,Texas,480271,1,1,1,0,355,NUECES (355),1550,CORPUS CHRISTI,1,Enero,8,2022,0,6,IH 37 SV RD,7,Calle Local,Urbano,Colector Mayor,Not Reported,0,Sin jurisdiccion especial,37,27.80383889,-97.45615833,Ciclista,El primer evento no fue una colision con un vehiculo automotor en transporte,Not an Intersection,No fue interseccion,Sobre calle,Ninguna,Oscuro con iluminacion,lluvia,No,NO APLICA,99,98,99,98,1,08/01/2022,1
48,Texas,480272,1,1,1,0,339,MONTGOMERY (339),1510,CONROE,1,Enero,24,2022,4,50,SR-336 LP,3,Highway estatal,Urbano,Arteria Principal,Not Reported,1,Sin jurisdiccion especial,174,30.30806667,-95.39866667,Ciclista,El primer evento no fue una colision con un vehiculo automotor en transporte,Not an Intersection,No fue interseccion,Sobre calle,Ninguna,Oscuro sin iluminacion,Nublado,No,NO APLICA,99,98,99,98,1,24/01/2022,1
48,Texas,480273,0,0,1,0,89,COLORADO (89),0,NO APLICA,1,Enero,31,2022,4,37,I-10 RAMP,1,Interestatal,Rural,Interestatal,State Highway Agency,1,Sin jurisdiccion especial,212,29.71036111,-96.50250278,Poste de Señal de trafico,El primer evento no fue una colision con un vehiculo automotor en transporte,Not an Intersection,No fue interseccion,Gore?,Ninguna,Oscuro con iluminacion,lluvia,No,NO APLICA,99,98,99,98,1,31/01/2022,1
48,Texas,480274,1,1,2,0,113,DALLAS (113),4530,MESQUITE,1,Enero,29,2022,17,42,I-30,1,Interestatal,Urbano,Interestatal,State Highway Agency,1,Sin jurisdiccion especial,134,32.81476389,-96.64503056,Vehiculo en movimiento,Golpe Lateral - misma direccion,Not an Intersection,No fue interseccion,Sobre calle,Ninguna,Oscuro con iluminacion,Despejado,No,NO APLICA,99,99,99,99,1,29/01/2022,3
48,Texas,480275,0,0,2,0,361,ORANGE (361),5952,ROSE CITY,1,Enero,31,2022,13,45,I-10,7,Calle Local,Urbano,Colector Mayor,State Highway Agency,0,Sin jurisdiccion especial,130,30.10506111,-94.05549167,Vehiculo en movimiento,Frente a Detrás,Not an Intersection,No fue interseccion,Sobre calle,Ninguna,Dia total,Nublado,No,NO APLICA,99,99,99,99,1,31/01/2022,3
48,Texas,480276,0,0,2,0,139,ELLIS (139),0,NO APLICA,1,Enero,24,2022,18,23,FM 664,8,Otro,Urbano,Colector Mayor,Not Reported,0,Sin jurisdiccion especial,85,32.51581667,-96.89095278,Vehiculo en movimiento,Frente a frente,Not an Intersection,No fue interseccion,Sobre calle,Ninguna,Oscuro sin iluminacion,lluvia,No,NO APLICA,99,99,99,99,1,24/01/2022,4
48,Texas,480277,0,0,2,0,113,DALLAS (113),1870,DESOTO,1,Enero,30,2022,12,25,HAMPTON RD,6,Calle Local Municipalidad,Urbano,Arteria Principal,Not Reported,0,Sin jurisdiccion especial,0,32.63307222,-96.85716111,Vehiculo en movimiento,Frente a frente,Four-Way Intersection,Interseccion de 4 direcciones,Sobre calle,Ninguna,Dia total,Despejado,No,NO APLICA,99,99,99,99,1,30/01/2022,4
48,Texas,480278,0,0,2,0,329,MIDLAND (329),4560,MIDLAND,1,Enero,23,2022,0,51,SR-158 BUSINESS,3,Highway estatal,Urbano,Arteria Principal,Not Reported,1,Sin jurisdiccion especial,111,32.00179167,-102.1371333,Vehiculo en movimiento,Frente a Detrás,Four-Way Intersection,Interseccion de 4 direcciones,Sobre calle,Ninguna,Oscuro con iluminacion,Nublado,No,NO APLICA,99,98,99,98,1,23/01/2022,2
48,Texas,480279,1,1,1,0,73,CHEROKEE (73),0,NO APLICA,1,Enero,23,2022,23,55,FM 346,8,Otro,Rural,Colector Mayor,Not Reported,0,Sin jurisdiccion especial,23,32.10931667,-95.40839167,Peaton,El primer evento no fue una colision con un vehiculo automotor en transporte,Not an Intersection,No fue interseccion,Sobre calle,Ninguna,Oscuro sin iluminacion,Despejado,No,NO APLICA,99,99,99,99,1,23/01/2022,1
48,Texas,480280,0,0,1,0,121,DENTON (121),1840,DENTON,1,Enero,26,2022,15,19,I-35/PURPLE HEART TRL,1,Interestatal,Rural,Interestatal,State Highway Agency,1,Sin jurisdiccion especial,3,33.2674,-97.17742222,Barda,El primer evento no fue una colision con un vehiculo automotor en transporte,Not an Intersection,No fue interseccion,Fuera de la calle,Ninguna,Dia total,Despejado,No,NO APLICA,99,99,99,99,1,26/01/2022,1
48,Texas,480281,0,0,1,0,35,BOSQUE (35),0,NO APLICA,1,Enero,30,2022,4,39,SR-6,3,Highway estatal,Rural,Arteria Principal,Not Reported,1,Sin jurisdiccion especial,408,31.66579167,-97.49418611,Arbol,El primer evento no fue una colision con un vehiculo automotor en transporte,Not an Intersection,No fue interseccion,Fuera de la calle,Construccion,Oscuro sin iluminacion,Despejado,No,NO APLICA,99,99,99,99,1,30/01/2022,2
48,Texas,480282,0,0,2,0,361,ORANGE (361),885,BRIDGE CITY,2,Febrero,1,2022,19,14,SR-73/TEXAS AVE,3,Highway estatal,Urbano,Arteria Principal,Not Reported,1,Sin jurisdiccion especial,65,30.00990556,-93.85775833,Vehiculo en movimiento,Angulo,Not an Intersection,No fue interseccion,Sobre calle,Ninguna,Oscuro sin iluminacion,Neblina o Humo,No,NO APLICA,99,99,99,99,1,01/02/2022,3
48,Texas,480283,1,1,1,0,453,TRAVIS (453),330,AUSTIN,1,Enero,29,2022,22,21,US-183 SV RD/ED BLUESTEIN RD,7,Calle Local,Urbano,Colector Mayor,Not Reported,0,Sin jurisdiccion especial,151,30.25919444,-97.67496944,Peaton,El primer evento no fue una colision con un vehiculo automotor en transporte,Not an Intersection,No fue interseccion,Sobre calle,Ninguna,Oscuro con iluminacion,Despejado,No,NO APLICA,99,98,99,98,1,29/01/2022,1
48,Texas,480284,0,0,1,0,113,DALLAS (113),1730,DALLAS,2,Febrero,2,2022,21,40,I-345,1,Interestatal,Urbano,Interestatal,State Highway Agency,1,Sin jurisdiccion especial,201,32.77955556,-96.78283611,Puente de Ferrocarril,El primer evento no fue una colision con un vehiculo automotor en transporte,Not an Intersection,No fue interseccion,Sobre el lado de la calle,Ninguna,Oscuro con iluminacion,lluvia,No,NO APLICA,99,98,99,98,1,02/02/2022,1
48,Texas,480285,0,0,1,0,389,REEVES (389),0,NO APLICA,1,Enero,25,2022,8,45,FM 1450,8,Otro,Rural,Colector Mayor,Not Reported,0,Sin jurisdiccion especial,73,31.35693333,-103.34895,Barda,El primer evento no fue una colision con un vehiculo automotor en transporte,Not an Intersection,No fue interseccion,Fuera de la calle,Ninguna,Dia total,Despejado,No,NO APLICA,99,99,99,99,1,25/01/2022,1
48,Texas,480286,0,0,1,0,61,CAMERON (61),6214,SANTA MARIA,1,Enero,3,2022,22,50,US-281,2,US Highway,Rural,Arteria Principal,Not Reported,1,Sin jurisdiccion especial,11,26.07828611,-97.84545556,Culvert,El primer evento no fue una colision con un vehiculo automotor en transporte,Not an Intersection,No fue interseccion,Sobre el lado de la calle,Ninguna,Oscuro sin iluminacion,Despejado,No,NO APLICA,99,99,99,99,1,03/01/2022,2
48,Texas,480287,0,0,1,0,455,TRINITY (455),0,NO APLICA,1,Enero,31,2022,3,14,SR-94,3,Highway estatal,Rural,Arteria Menor,Not Reported,0,Sin jurisdiccion especial,85,31.16265,-95.06693611,Arbol,El primer evento no fue una colision con un vehiculo automotor en transporte,Not an Intersection,No fue interseccion,Sobre el lado de la calle,Ninguna,Oscuro sin iluminacion,Nublado,No,NO APLICA,99,98,99,98,1,31/01/2022,1
48,Texas,480288,0,0,1,0,167,GALVESTON (167),6860,TEXAS CITY,1,Enero,30,2022,8,2,WILLIS CIR/LAKE RD,6,Calle Local Municipalidad,Urbano,Colector Mayor,Not Reported,0,Sin jurisdiccion especial,0,29.37894722,-94.97981944,Banqueta,El primer evento no fue una colision con un vehiculo automotor en transporte,Not an Intersection,No fue interseccion,Sobre el lado de la calle,Ninguna,Oscuro sin iluminacion,Despejado,No,NO APLICA,99,98,99,98,1,30/01/2022,1
48,Texas,480289,0,0,1,0,467,VAN ZANDT (467),0,NO APLICA,2,Febrero,3,2022,17,55,SR-64,3,Highway estatal,Rural,Arteria Menor,Not Reported,0,Sin jurisdiccion especial,199,32.49281111,-95.76921389,Arbol,El primer evento no fue una colision con un vehiculo automotor en transporte,Not an Intersection,No fue interseccion,Fuera de la calle,Ninguna,Oscuro sin iluminacion,Despejado,No,NO APLICA,99,98,99,98,1,03/02/2022,1
48,Texas,480290,0,0,4,0,201,HARRIS (201),3280,HOUSTON,1,Enero,12,2022,23,22,RICHMOND AVE,6,Calle Local Municipalidad,Urbano,Arteria Menor,Not Reported,0,Sin jurisdiccion especial,0,29.72900833,-95.520475,Vehiculo en movimiento,Angulo,Four-Way Intersection,Interseccion de 4 direcciones,Sobre calle,Ninguna,Oscuro con iluminacion,Despejado,No,NO APLICA,99,98,99,98,1,12/01/2022,4
48,Texas,480291,0,0,2,0,267,KIMBLE (267),0,NO APLICA,2,Febrero,3,2022,20,57,US-377,2,US Highway,Rural,Arteria Menor,Not Reported,0,Sin jurisdiccion especial,124,30.57723611,-99.63560556,Vehiculo en movimiento,Angulo,Not an Intersection,No fue interseccion,Sobre calle,Ninguna,Oscuro sin iluminacion,Nublado,No,NO APLICA,99,99,99,99,1,03/02/2022,8
48,Texas,480292,0,0,2,0,439,TARRANT (439),1654,CROWLEY,1,Enero,31,2022,13,44,FM 731/CROWLEY RD,6,Calle Local Municipalidad,Urbano,Arteria Principal,Not Reported,1,Sin jurisdiccion especial,153,32.59054167,-97.35088056,Vehiculo en movimiento,Frente a frente,Not an Intersection,No fue interseccion,Sobre calle,Ninguna,Dia total,Despejado,No,NO APLICA,13,45,13,46,1,31/01/2022,2
48,Texas,480293,0,0,1,0,303,LUBBOCK (303),0,NO APLICA,2,Febrero,1,2022,16,30,FM 400,8,Otro,Rural,Colector Mayor,Not Reported,0,Sin jurisdiccion especial,84,33.72095556,-101.6658639,Culvert,El primer evento no fue una colision con un vehiculo automotor en transporte,Not an Intersection,No fue interseccion,Sobre el lado de la calle,Ninguna,Dia total,Despejado,No,NO APLICA,99,99,99,99,1,01/02/2022,4
48,Texas,480294,0,0,1,0,147,FANNIN (147),0,NO APLICA,1,Enero,31,2022,17,17,SR-78,3,Highway estatal,Rural,Colector Mayor,Not Reported,0,Sin jurisdiccion especial,192,33.48673889,-96.162925,Volcadura,El primer evento no fue una colision con un vehiculo automotor en transporte,Not an Intersection,No fue interseccion,Sobre el lado de la calle,Ninguna,Dia total,Despejado,No,NO APLICA,99,99,99,99,1,31/01/2022,1
48,Texas,480295,0,0,1,0,453,TRAVIS (453),330,AUSTIN,1,Enero,15,2022,1,4,US-183/ANDERSON LN,2,US Highway,Urbano,Arterial Principal -Freeway o ExpressWay,Not Reported,1,Sin jurisdiccion especial,116,30.32915833,-97.6795,Fin de valla,El primer evento no fue una colision con un vehiculo automotor en transporte,Not an Intersection,No fue interseccion,Gore?,Ninguna,Oscuro con iluminacion,Despejado,No,NO APLICA,99,98,99,98,1,15/01/2022,1
48,Texas,480296,1,1,2,1,201,HARRIS (201),3280,HOUSTON,1,Enero,22,2022,2,2,US-290,2,US Highway,Urbano,Arterial Principal -Freeway o ExpressWay,Not Reported,1,Sin jurisdiccion especial,348,29.83805833,-95.48896389,Peaton,El primer evento no fue una colision con un vehiculo automotor en transporte,Not an Intersection,No fue interseccion,Sobre calle,Ninguna,Oscuro - iluminacion desconocida,Despejado,No,NO APLICA,99,98,99,98,1,22/01/2022,1
48,Texas,480297,1,1,1,0,141,EL PASO (141),2190,EL PASO,1,Enero,28,2022,5,39,SR-375,3,Highway estatal,Urbano,Arterial Principal -Freeway o ExpressWay,Not Reported,1,Sin jurisdiccion especial,107,31.76155556,-106.4647028,Peaton,El primer evento no fue una colision con un vehiculo automotor en transporte,Not an Intersection,No fue interseccion,Sobre calle,Ninguna,Oscuro con iluminacion,Despejado,No,NO APLICA,99,98,99,98,1,28/01/2022,1
48,Texas,480298,0,0,1,0,439,TARRANT (439),3347,HURST,1,Enero,28,2022,3,10,I-820,1,Interestatal,Urbano,Interestatal,State Highway Agency,1,Sin jurisdiccion especial,240,32.81765833,-97.206125,Fin de valla,El primer evento no fue una colision con un vehiculo automotor en transporte,Not an Intersection,No fue interseccion,En el medio,Construccion,Oscuro sin iluminacion,Despejado,No,NO APLICA,99,99,99,99,1,28/01/2022,4
48,Texas,480299,1,1,1,0,201,HARRIS (201),3280,HOUSTON,1,Enero,16,2022,14,23,I-610/NORTH LP,1,Interestatal,Urbano,Interestatal,State Highway Agency,1,Sin jurisdiccion especial,46,29.81356389,-95.39560278,Peaton,El primer evento no fue una colision con un vehiculo automotor en transporte,Not an Intersection,No fue interseccion,Sobre calle,Ninguna,Dia total,Despejado,No,NO APLICA,99,99,99,99,1,16/01/2022,2
48,Texas,480300,0,0,2,0,157,FORT BEND (157),3280,HOUSTON,1,Enero,28,2022,4,25,I-69 US-59,1,Interestatal,Urbano,Interestatal,State Highway Agency,1,Sin jurisdiccion especial,186,29.63671667,-95.58431667,Vehiculo en movimiento,Frente a Detrás,Not an Intersection,No fue interseccion,Sobre calle,Ninguna,Oscuro con iluminacion,Nublado,No,NO APLICA,99,98,99,98,1,28/01/2022,2
48,Texas,480301,0,0,2,0,201,HARRIS (201),3280,HOUSTON,1,Enero,28,2022,2,26,SP 527/SOUTHWEST FWY,8,Otro,Urbano,Arterial Principal -Freeway o ExpressWay,Not Reported,1,Sin jurisdiccion especial,14,29.7338,-95.38574722,Vehiculo en movimiento,Frente a frente,Not an Intersection,No fue interseccion,Sobre calle,Ninguna,Oscuro sin iluminacion,Despejado,No,NO APLICA,99,99,99,99,1,28/01/2022,5
48,Texas,480302,0,0,2,0,21,BASTROP (21),0,NO APLICA,1,Enero,23,2022,20,10,SR-21,3,Highway estatal,Rural,Arteria Principal,Not Reported,1,Sin jurisdiccion especial,125,30.10994167,-97.43628611,Vehiculo en movimiento,Angulo,Four-Way Intersection,Interseccion de 4 direcciones,Sobre calle,Ninguna,Oscuro con iluminacion,Despejado,No,NO APLICA,99,99,99,99,1,23/01/2022,5
48,Texas,480303,1,1,1,0,25,BEE (25),510,BEEVILLE,2,Febrero,1,2022,14,1,US-181J BU/WASHINGTON ST,2,US Highway,Urbano,Arteria Menor,Not Reported,0,Sin jurisdiccion especial,102,28.41026944,-97.75418333,Ciclista,El primer evento no fue una colision con un vehiculo automotor en transporte,Four-Way Intersection,Interseccion de 4 direcciones,Sobre calle,Ninguna,Dia total,Despejado,No,NO APLICA,99,99,99,99,1,01/02/2022,1
48,Texas,480304,0,0,2,0,471,WALKER (471),3340,HUNTSVILLE,2,Febrero,5,2022,1,20,SR-30/RIVERSIDE DR,3,Highway estatal,Urbano,Arteria Menor,Not Reported,0,Sin jurisdiccion especial,323,30.74225278,-95.52356667,Vehiculo en movimiento,Frente a Detrás,T-Intersection,Interseccion de T,Sobre calle,Ninguna,Oscuro con iluminacion,Despejado,No,NO APLICA,99,99,99,99,1,05/02/2022,4
48,Texas,480305,0,0,6,0,85,COLLIN (85),5390,PLANO,1,Enero,28,2022,18,12,DALLAS NORTH TOLLWAY,6,Calle Local Municipalidad,Urbano,Arterial Principal -Freeway o ExpressWay,Not Reported,1,Sin jurisdiccion especial,0,33.02724722,-96.82932222,Vehiculo en movimiento,Frente a Detrás,Not an Intersection,No fue interseccion,Sobre calle,Ninguna,Atardecer,Despejado,No,NO APLICA,99,99,99,99,1,28/01/2022,8
48,Texas,480306,0,0,1,0,387,RED RIVER (387),0,NO APLICA,1,Enero,15,2022,16,39,SR-37 BUSINESS,3,Highway estatal,Rural,Colector Mayor,Not Reported,0,Sin jurisdiccion especial,260,33.59951389,-95.07939722,Volcadura,El primer evento no fue una colision con un vehiculo automotor en transporte,Not an Intersection,No fue interseccion,Sobre el lado de la calle,Ninguna,Dia total,Nieve,No,NO APLICA,16,38,16,56,1,15/01/2022,4
48,Texas,480307,1,1,1,0,201,HARRIS (201),0,NO APLICA,2,Febrero,6,2022,3,55,CR-CYPRESS NORTH HOUSTON RD,4,Calle del Condado,Urbano,Arteria Menor,Not Reported,0,Sin jurisdiccion especial,0,29.95071944,-95.57348056,Peaton,El primer evento no fue una colision con un vehiculo automotor en transporte,Not an Intersection,No fue interseccion,Sobre calle,Ninguna,Oscuro sin iluminacion,Despejado,No,NO APLICA,99,99,99,99,1,06/02/2022,1
48,Texas,480308,1,1,1,0,201,HARRIS (201),0,NO APLICA,1,Enero,23,2022,4,20,CR-WEST RD/CR-DEER TRAIL DR,4,Calle del Condado,Urbano,Arteria Menor,Not Reported,0,Sin jurisdiccion especial,0,29.91471667,-95.43300833,Peaton,El primer evento no fue una colision con un vehiculo automotor en transporte,Not an Intersection,No fue interseccion,Sobre calle,Ninguna,Oscuro sin iluminacion,Despejado,No,NO APLICA,99,98,99,98,1,23/01/2022,1
48,Texas,480309,0,0,1,0,141,EL PASO (141),2190,EL PASO,2,Febrero,6,2022,13,14,I-10/DESERT LVD,7,Calle Local,Urbano,Colector Mayor,State Highway Agency,0,Sin jurisdiccion especial,49,31.92625,-106.5834278,Zanja,El primer evento no fue una colision con un vehiculo automotor en transporte,Not an Intersection,No fue interseccion,Sobre el lado de la calle,Ninguna,Dia total,Despejado,No,NO APLICA,99,98,99,98,1,06/02/2022,1
48,Texas,480310,0,1,2,1,113,DALLAS (113),1730,DALLAS,2,Febrero,1,2022,22,10,I-20/LYNDON B JOHNSON FWY,1,Interestatal,Urbano,Interestatal,State Highway Agency,1,Sin jurisdiccion especial,182,32.65502778,-96.752525,Volcadura,El primer evento no fue una colision con un vehiculo automotor en transporte,Not an Intersection,No fue interseccion,Separador,Ninguna,Oscuro sin iluminacion,Despejado,No,NO APLICA,99,99,99,99,1,01/02/2022,1
48,Texas,480311,0,0,2,0,439,TARRANT (439),502,BEDFORD,2,Febrero,1,2022,19,6,SR-183 FRONTAGE/AIRPORT FWY,7,Calle Local,Urbano,Colector Mayor,Not Reported,0,Sin jurisdiccion especial,163,32.83730833,-97.14239722,Vehiculo en movimiento,Frente a Detrás,Four-Way Intersection,Interseccion de 4 direcciones,Sobre calle,Ninguna,Oscuro con iluminacion,Nublado,No,NO APLICA,99,99,99,99,1,01/02/2022,2
48,Texas,480312,0,0,4,0,439,TARRANT (439),260,ARLINGTON,1,Enero,28,2022,18,0,ARKANSAS LN,6,Calle Local Municipalidad,Urbano,Arteria Menor,Not Reported,0,Sin jurisdiccion especial,0,32.70630556,-97.10870278,Vehiculo en movimiento,Angulo,Four-Way Intersection,Interseccion de 4 direcciones,Sobre calle,Ninguna,Dia total,Despejado,No,NO APLICA,99,98,99,98,1,28/01/2022,9
48,Texas,480313,0,0,1,0,133,EASTLAND (133),0,NO APLICA,1,Enero,23,2022,22,31,US-183,2,US Highway,Rural,Arteria Principal,Not Reported,1,Sin jurisdiccion especial,144,32.34655833,-98.95997222,Culvert,El primer evento no fue una colision con un vehiculo automotor en transporte,Not an Intersection,No fue interseccion,Sobre el lado de la calle,Ninguna,Oscuro sin iluminacion,Despejado,No,NO APLICA,22,32,22,40,1,23/01/2022,2
48,Texas,480314,0,0,1,0,187,GUADALUPE (187),0,NO APLICA,1,Enero,30,2022,0,20,FM 775,8,Otro,Rural,Colector Mayor,Not Reported,0,Sin jurisdiccion especial,38,29.50303333,-98.05147222,Volcadura,El primer evento no fue una colision con un vehiculo automotor en transporte,Not an Intersection,No fue interseccion,Fuera de la calle,Ninguna,Oscuro sin iluminacion,Despejado,No,NO APLICA,99,98,99,98,1,30/01/2022,1
48,Texas,480315,0,1,2,1,499,WOOD (499),0,NO APLICA,1,Enero,13,2022,17,30,US-80,2,US Highway,Rural,Arteria Principal,Not Reported,0,Sin jurisdiccion especial,4,32.67572222,-95.56556944,Vehiculo Funcionando,El primer evento no fue una colision con un vehiculo automotor en transporte,Not an Intersection,No fue interseccion,Sobre calle,"Zona de trabajo, tipo desconocido",Dia total,Despejado,No,NO APLICA,17,47,18,4,1,13/01/2022,1
48,Texas,480316,0,0,2,0,201,HARRIS (201),3280,HOUSTON,1,Enero,25,2022,17,17,I-45 SV RD/NORTH FWY,7,Calle Local,Urbano,Colector Mayor,Not Reported,0,Sin jurisdiccion especial,378,29.94931944,-95.41755556,Vehiculo en movimiento,Angulo,Four-Way Intersection,Interseccion de 4 direcciones,Sobre calle,Ninguna,Dia total,Despejado,No,NO APLICA,99,99,99,99,1,25/01/2022,4
48,Texas,480317,1,1,1,0,453,TRAVIS (453),330,AUSTIN,1,Enero,11,2022,10,30,SR-1,3,Highway estatal,Urbano,Colector Mayor,Not Reported,0,Sin jurisdiccion especial,32,30.436725,-97.69953889,Peaton,El primer evento no fue una colision con un vehiculo automotor en transporte,Not an Intersection,No fue interseccion,Separador,Ninguna,Dia total,Nublado,No,NO APLICA,99,98,99,98,2,11/01/2022,2
48,Texas,480318,1,1,1,0,201,HARRIS (201),0,NO APLICA,2,Febrero,5,2022,21,53,FM 1960 W,8,Otro,Urbano,Arteria Principal,Not Reported,0,Sin jurisdiccion especial,109,29.99613056,-95.48365,Peaton,El primer evento no fue una colision con un vehiculo automotor en transporte,Not an Intersection,No fue interseccion,Sobre calle,Ninguna,Oscuro con iluminacion,Despejado,No,NO APLICA,99,98,99,98,1,05/02/2022,1
48,Texas,480319,0,0,1,0,201,HARRIS (201),0,NO APLICA,2,Febrero,6,2022,23,30,SR-99,7,Calle Local,Urbano,Colector Mayor,Not Reported,0,Sin jurisdiccion especial,0,29.77182778,-95.77759167,Banqueta,El primer evento no fue una colision con un vehiculo automotor en transporte,Four-Way Intersection,Interseccion de 4 direcciones,Sobre el lado de la calle,Ninguna,Oscuro sin iluminacion,Despejado,No,NO APLICA,99,98,99,98,1,06/02/2022,1
48,Texas,480320,0,0,2,0,65,CARSON (65),0,NO APLICA,1,Enero,26,2022,9,40,I-40,1,Interestatal,Rural,Interestatal,State Highway Agency,1,Sin jurisdiccion especial,151,35.20987778,-101.3648889,Vehiculo en movimiento,Angulo,Not an Intersection,No fue interseccion,Sobre calle,Ninguna,Dia total,Nieve,No,NO APLICA,99,98,99,98,1,26/01/2022,2
48,Texas,480321,1,1,1,0,471,WALKER (471),0,NO APLICA,1,Enero,29,2022,21,16,I-45/US-190,1,Interestatal,Rural,Interestatal,State Highway Agency,1,Sin jurisdiccion especial,193,30.74986111,-95.60984722,Peaton,El primer evento no fue una colision con un vehiculo automotor en transporte,Not an Intersection,No fue interseccion,Sobre calle,Ninguna,Oscuro sin iluminacion,Despejado,No,NO APLICA,99,98,99,98,1,29/01/2022,2
48,Texas,480322,0,0,4,0,39,BRAZORIA (39),0,NO APLICA,1,Enero,27,2022,13,25,FM 2004,8,Otro,Rural,Arteria Menor,Not Reported,0,Sin jurisdiccion especial,309,29.011475,-95.48503056,Vehiculo en movimiento,Frente a Detrás,Not an Intersection,No fue interseccion,Sobre calle,"Zona de trabajo, tipo desconocido",Dia total,Nublado,No,NO APLICA,99,99,99,99,1,27/01/2022,5
48,Texas,480323,0,0,2,0,113,DALLAS (113),1730,DALLAS,2,Febrero,5,2022,1,40,I-35/ R L THORNTON FWY,1,Interestatal,Urbano,Interestatal,State Highway Agency,1,Sin jurisdiccion especial,151,32.75844444,-96.80983056,Vehiculo en movimiento,Frente a frente,Not an Intersection,No fue interseccion,Sobre calle,Ninguna,Oscuro con iluminacion,Despejado,No,NO APLICA,1,46,2,4,1,05/02/2022,2
48,Texas,480324,0,0,2,0,113,DALLAS (113),1730,DALLAS,2,Febrero,6,2022,3,32,I-30/TOM LANDRY HWY,1,Interestatal,Urbano,Interestatal,State Highway Agency,1,Sin jurisdiccion especial,72,32.76651667,-96.9128,Vehiculo en movimiento,Frente a frente,Not an Intersection,No fue interseccion,Sobre calle,Ninguna,Oscuro con iluminacion,Despejado,No,NO APLICA,99,99,99,99,1,06/02/2022,2
48,Texas,480325,0,0,1,0,439,TARRANT (439),260,ARLINGTON,2,Febrero,6,2022,14,53,NEW YORK AVE,6,Calle Local Municipalidad,Urbano,Arteria Menor,Not Reported,0,Sin jurisdiccion especial,0,32.66353611,-97.077125,Banqueta,El primer evento no fue una colision con un vehiculo automotor en transporte,Not an Intersection,No fue interseccion,En el medio,Ninguna,Dia total,Despejado,No,NO APLICA,99,99,99,99,1,06/02/2022,1
48,Texas,480326,0,0,3,0,439,TARRANT (439),2450,FORT WORTH,1,Enero,23,2022,15,11,SYCAMORE SCHOOL RD,6,Calle Local Municipalidad,Urbano,Arteria Principal,Not Reported,0,Sin jurisdiccion especial,0,32.63493056,-97.36132778,Vehiculo en movimiento,Golpe Lateral - misma direccion,Four-Way Intersection,Interseccion de 4 direcciones,Sobre calle,Ninguna,Dia total,Despejado,No,NO APLICA,99,99,99,99,1,23/01/2022,8
48,Texas,480327,0,0,1,0,297,LIVE OAK (297),0,NO APLICA,1,Enero,31,2022,7,56,US-59,2,US Highway,Rural,Arteria Principal,Not Reported,1,Sin jurisdiccion especial,47,28.34526389,-97.96056944,Arbol,El primer evento no fue una colision con un vehiculo automotor en transporte,Not an Intersection,No fue interseccion,Sobre el lado de la calle,Ninguna,Dia total,lluvia,No,NO APLICA,99,98,99,98,1,31/01/2022,1
48,Texas,480328,0,0,2,0,29,BEXAR (29),0,NO APLICA,1,Enero,25,2022,15,24,US-181,2,US Highway,Urbano,Arteria Principal,Not Reported,1,Sin jurisdiccion especial,124,29.29388056,-98.36233333,Vehiculo en movimiento,Angulo,Four-Way Intersection,Interseccion de 4 direcciones,Sobre calle,Ninguna,Dia total,Despejado,No,NO APLICA,99,99,99,99,1,25/01/2022,2