Estado,Nombre de Estado,Numero de Caso,Peatones,Personas _no_vehiculos,Vehiculos automotores,Vehiculos estacionados,Condado,Nombre Condado,Ciudad,Nombre Ciudad,Mes,Nombre Mes,Dia,Año,Hora,Minuto,Calle,Ruta,Nombre Ruta,Rural o Urbanoo,Sistema Funcional,Dueño Calle,Sistema Nacional Carreteras,Jurisdiccion Especial,Milla,Latitud,Longitud,Causa del Accidente,Tipo de Accidente,Tipo Interseccion,Columna1,Lugar en la calle,Zona de Trabajo,Luz,Clima,Autobus Escolar,Cruce de Trenes,Hora Notificacion,Minuto Notificacion,Hora Llegada,Minuto Llegada,Decesos,Fecha,PersonaVehiculo
48,Texas,480329,0,0,1,0,139,ELLIS (139),4590,MILFORD,2,Febrero,1,2022,10,35,I-35E/PURPLE HEART TRL,1,Interestatal,Rural,Interestatal,State Highway Agency,1,Sin jurisdiccion especial,16,32.12854167,-96.964125,Arbol,El primer evento no fue una colision con un vehiculo automotor en transporte,Not an Intersection,No fue interseccion,Fuera de la calle,Ninguna,Dia total,Despejado,No,NO APLICA,99,98,99,98,1,01/02/2022,1
48,Texas,480331,0,0,1,0,91,COMAL (91),4870,NEW BRAUNFELS,1,Enero,27,2022,21,57,I-35 SV RD,7,Calle Local,Urbano,Colector Mayor,Not Reported,0,Sin jurisdiccion especial,128,29.69614722,-98.10029167,Volcadura,El primer evento no fue una colision con un vehiculo automotor en transporte,Y-Intersection,Interseccion de Y,Gore?,Ninguna,Oscuro con iluminacion,Despejado,No,NO APLICA,99,98,99,98,1,27/01/2022,1
48,Texas,480332,0,0,1,0,7,ARANSAS (7),0,NO APLICA,1,Enero,10,2022,23,45,SR-35,3,Highway estatal,Rural,Arteria Menor,Not Reported,0,Sin jurisdiccion especial,55,28.22906389,-96.98544722,Volcadura,El primer evento no fue una colision con un vehiculo automotor en transporte,Not an Intersection,No fue interseccion,Sobre el lado de la calle,Ninguna,Oscuro sin iluminacion,Despejado,No,NO APLICA,99,99,99,99,1,10/01/2022,3
48,Texas,480333,0,0,2,0,27,BELL (27),6810,TEMPLE,2,Febrero,7,2022,7,18,SR-317,3,Highway estatal,Urbano,Arteria Principal,Not Reported,0,Sin jurisdiccion especial,129,31.10026111,-97.45185833,Vehiculo en movimiento,Angulo,T-Intersection,Interseccion de T,Sobre calle,Ninguna,Dia total,Despejado,No,NO APLICA,99,99,99,99,1,07/02/2022,3
48,Texas,480334,1,1,1,0,201,HARRIS (201),3280,HOUSTON,1,Enero,24,2022,18,38,TELEPHONE RD,6,Calle Local Municipalidad,Urbano,Arteria Menor,Not Reported,0,Sin jurisdiccion especial,0,29.70243611,-95.30423889,Peaton,El primer evento no fue una colision con un vehiculo automotor en transporte,Not an Intersection,No fue interseccion,Sobre calle,Ninguna,Oscuro con iluminacion,lluvia,No,NO APLICA,99,99,99,99,1,24/01/2022,1
48,Texas,480335,0,0,6,5,157,FORT BEND (157),0,NO APLICA,1,Enero,29,2022,4,30,I-69 RAMP,1,Interestatal,Urbano,Interestatal,State Highway Agency,1,Sin jurisdiccion especial,103,29.55989167,-95.69574722,Poste o otros soportes,El primer evento no fue una colision con un vehiculo automotor en transporte,Not an Intersection,No fue interseccion,Separador,Construccion,Oscuro con iluminacion,Despejado,No,NO APLICA,99,99,99,99,1,29/01/2022,2
48,Texas,480336,0,0,2,0,113,DALLAS (113),1730,DALLAS,2,Febrero,1,2022,15,0,KIEST BLVD,6,Calle Local Municipalidad,Urbano,Arteria Menor,Not Reported,0,Sin jurisdiccion especial,0,32.70583889,-96.88099167,Vehiculo en movimiento,Frente a Detrás,Four-Way Intersection,Interseccion de 4 direcciones,Sobre calle,Ninguna,Dia total,Despejado,No,NO APLICA,99,99,99,99,1,01/02/2022,2
48,Texas,480337,0,0,2,0,201,HARRIS (201),3280,HOUSTON,2,Febrero,6,2022,3,10,I-10/EAST FWY,1,Interestatal,Urbano,Interestatal,State Highway Agency,1,Sin jurisdiccion especial,19,29.76900278,-95.33641667,Vehiculo en movimiento,Golpe Lateral - misma direccion,Not an Intersection,No fue interseccion,Sobre calle,Ninguna,Oscuro con iluminacion,Despejado,No,NO APLICA,99,99,99,99,1,06/02/2022,3
48,Texas,480338,1,1,1,0,189,HALE (189),5380,PLAINVIEW,1,Enero,24,2022,5,6,I-27,1,Interestatal,Urbano,Interestatal,State Highway Agency,1,Sin jurisdiccion especial,278,34.19338611,-101.7502167,Peaton,El primer evento no fue una colision con un vehiculo automotor en transporte,Not an Intersection,No fue interseccion,Sobre calle,Ninguna,Oscuro sin iluminacion,Despejado,No,NO APLICA,99,98,99,98,1,24/01/2022,2
48,Texas,480339,0,0,2,0,339,MONTGOMERY (339),0,NO APLICA,2,Febrero,5,2022,9,36,FM 149,8,Otro,Rural,Colector Mayor,Not Reported,0,Sin jurisdiccion especial,102,30.48205,-95.69743611,Vehiculo en movimiento,Frente a frente,Not an Intersection,No fue interseccion,Sobre calle,Ninguna,Dia total,Despejado,No,NO APLICA,99,99,99,99,1,05/02/2022,3
48,Texas,480340,0,0,1,0,455,TRINITY (455),0,NO APLICA,2,Febrero,6,2022,2,30,FM 356,8,Otro,Rural,Arteria Menor,Not Reported,0,Sin jurisdiccion especial,113,30.885575,-95.20931944,Volcadura,El primer evento no fue una colision con un vehiculo automotor en transporte,Not an Intersection,No fue interseccion,Sobre calle,Ninguna,Oscuro sin iluminacion,Despejado,No,NO APLICA,99,98,99,98,1,06/02/2022,1
48,Texas,480341,0,0,2,0,157,FORT BEND (157),6660,SUGAR LAND,2,Febrero,1,2022,17,21,DULLES AVE,6,Calle Local Municipalidad,Urbano,Arteria Menor,Not Reported,0,Sin jurisdiccion especial,0,29.59172222,-95.58207222,Vehiculo en movimiento,Angulo,Four-Way Intersection,Interseccion de 4 direcciones,Sobre calle,Ninguna,Dia total,Despejado,No,NO APLICA,99,98,99,98,1,01/02/2022,2
48,Texas,480342,0,0,3,0,113,DALLAS (113),5730,RICHARDSON,2,Febrero,2,2022,6,15,US-75,2,US Highway,Urbano,Arterial Principal -Freeway o ExpressWay,Not Reported,1,Sin jurisdiccion especial,8,32.97463056,-96.71654444,Vehiculo en movimiento,Angulo,Not an Intersection,No fue interseccion,Sobre calle,Ninguna,Oscuro con iluminacion,Nublado,No,NO APLICA,99,99,99,99,1,02/02/2022,6
48,Texas,480343,2,2,1,0,303,LUBBOCK (303),0,NO APLICA,2,Febrero,4,2022,21,25,US-84,2,US Highway,Rural,Arteria Principal,Not Reported,1,Sin jurisdiccion especial,75,33.67940278,-101.9919028,Peaton,El primer evento no fue una colision con un vehiculo automotor en transporte,Not an Intersection,No fue interseccion,Sobre calle,Ninguna,Oscuro sin iluminacion,Despejado,No,NO APLICA,99,98,99,98,2,04/02/2022,1
48,Texas,480344,0,0,2,0,201,HARRIS (201),0,NO APLICA,2,Febrero,6,2022,2,20,CR-WESTGREEN BLVD,4,Calle del Condado,Urbano,Colector Mayor,Not Reported,0,Sin jurisdiccion especial,0,29.80088611,-95.73523889,Vehiculo en movimiento,Angulo,Four-Way Intersection,Interseccion de 4 direcciones,Sobre calle,Ninguna,Oscuro con iluminacion,Despejado,No,NO APLICA,99,99,99,99,1,06/02/2022,2
48,Texas,480345,1,1,1,0,41,BRAZOS (41),970,BRYAN,2,Febrero,6,2022,18,46,SR-21,3,Highway estatal,Urbano,Arteria Principal,Not Reported,1,Sin jurisdiccion especial,0,30.685475,-96.37752778,Peaton,El primer evento no fue una colision con un vehiculo automotor en transporte,Four-Way Intersection,Interseccion de 4 direcciones,Sobre calle,Ninguna,Dia total,Despejado,No,NO APLICA,99,99,99,99,1,06/02/2022,1
48,Texas,480346,0,0,2,0,245,JEFFERSON (245),490,BEAUMONT,2,Febrero,5,2022,11,0,DELAWARE ST,6,Calle Local Municipalidad,Urbano,Arteria Menor,Not Reported,0,Sin jurisdiccion especial,0,30.1092,-94.10998889,Volcadura,El primer evento no fue una colision con un vehiculo automotor en transporte,Four-Way Intersection,Interseccion de 4 direcciones,Sobre calle,Ninguna,Dia total,Despejado,No,NO APLICA,99,99,99,99,1,05/02/2022,3
48,Texas,480347,0,0,1,0,167,GALVESTON (167),3220,HITCHCOCK,1,Enero,19,2022,13,15,SR-6,3,Highway estatal,Urbano,Arteria Principal,Not Reported,1,Sin jurisdiccion especial,148,29.33322222,-94.965875,Volcadura,El primer evento no fue una colision con un vehiculo automotor en transporte,Not an Intersection,No fue interseccion,Sobre calle,Ninguna,Dia total,Despejado,No,846154Y,99,99,99,99,1,19/01/2022,1
48,Texas,480348,0,0,2,0,491,WILLIAMSON (491),0,NO APLICA,1,Enero,31,2022,17,30,US-183,2,US Highway,Rural,Arteria Principal,Not Reported,1,Sin jurisdiccion especial,123,30.66429167,-97.87984167,Vehiculo en movimiento,Angulo,Not an Intersection,No fue interseccion,Sobre calle,Ninguna,Dia total,lluvia,No,NO APLICA,99,98,99,98,1,31/01/2022,2
48,Texas,480349,0,0,1,0,91,COMAL (91),4870,NEW BRAUNFELS,2,Febrero,3,2022,14,23,SR-46,3,Highway estatal,Urbano,Arteria Principal,Not Reported,1,Sin jurisdiccion especial,189,29.69449722,-98.08567222,Soporte de  señalamiento de transito,El primer evento no fue una colision con un vehiculo automotor en transporte,Not an Intersection,No fue interseccion,Sobre el lado de la calle,Ninguna,Dia total,Granizo,No,NO APLICA,99,98,99,98,1,03/02/2022,1
48,Texas,480350,0,0,2,0,495,WINKLER (495),0,NO APLICA,1,Enero,27,2022,7,0,SR-302,3,Highway estatal,Rural,Arteria Menor,Not Reported,0,Sin jurisdiccion especial,150,31.86988889,-103.0042583,Vehiculo en movimiento,Angulo,Not an Intersection,No fue interseccion,Sobre calle,Construccion,Oscuro sin iluminacion,Neblina o Humo,No,NO APLICA,99,98,99,98,1,27/01/2022,2
48,Texas,480351,0,0,1,0,453,TRAVIS (453),0,NO APLICA,1,Enero,27,2022,15,43,US-290,2,US Highway,Urbano,Arteria Principal,Not Reported,1,Sin jurisdiccion especial,16,30.22508889,-97.94861389,Muro,El primer evento no fue una colision con un vehiculo automotor en transporte,Not an Intersection,No fue interseccion,Fuera de la calle,Ninguna,Dia total,Despejado,No,NO APLICA,99,99,99,99,1,27/01/2022,1
48,Texas,480352,0,0,1,0,251,JOHNSON (251),7170,VENUS,1,Enero,26,2022,20,23,US-67,2,US Highway,Rural,Arteria Principal,Not Reported,1,Sin jurisdiccion especial,36,32.43377222,-97.12968611,Otra barrera de trafico,El primer evento no fue una colision con un vehiculo automotor en transporte,Not an Intersection,No fue interseccion,En el medio,Ninguna,Oscuro sin iluminacion,Despejado,No,NO APLICA,99,98,99,98,1,26/01/2022,1
48,Texas,480353,0,0,2,0,301,LOVING (301),0,NO APLICA,1,Enero,29,2022,16,34,SR-302,3,Highway estatal,Rural,Colector Mayor,Not Reported,0,Sin jurisdiccion especial,21,31.69441944,-103.6078111,Vehiculo en movimiento,Frente a Detrás,Not an Intersection,No fue interseccion,Sobre calle,Ninguna,Dia total,Despejado,No,NO APLICA,99,98,99,98,1,29/01/2022,3
48,Texas,480354,0,0,1,0,61,CAMERON (61),3030,HARLINGEN,2,Febrero,4,2022,7,46,FM 507,8,Otro,Urbano,Colector Mayor,Not Reported,0,Sin jurisdiccion especial,24,26.21279722,-97.66971111,Banqueta,El primer evento no fue una colision con un vehiculo automotor en transporte,Not an Intersection,No fue interseccion,Sobre el lado de la calle,Ninguna,Oscuro con iluminacion,Despejado,No,NO APLICA,99,98,99,98,1,04/02/2022,1
48,Texas,480355,0,0,1,0,161,FREESTONE (161),2280,FAIRFIELD,1,Enero,25,2022,17,0,I-45,1,Interestatal,Rural,Interestatal,State Highway Agency,1,Sin jurisdiccion especial,160,31.69891111,-96.17065833,Volcadura,El primer evento no fue una colision con un vehiculo automotor en transporte,Not an Intersection,No fue interseccion,Sobre calle,Ninguna,Dia total,Despejado,No,NO APLICA,99,98,99,98,1,25/01/2022,1
48,Texas,480356,0,0,2,0,423,SMITH (423),0,NO APLICA,1,Enero,24,2022,17,12,FM 14,8,Otro,Rural,Arteria Menor,Not Reported,0,Sin jurisdiccion especial,132,32.40814444,-95.27954167,Vehiculo en movimiento,Angulo,Four-Way Intersection,Interseccion de 4 direcciones,Sobre calle,Ninguna,Dia total,lluvia,No,NO APLICA,99,99,99,99,1,24/01/2022,7
48,Texas,480357,1,1,1,0,347,NACOGDOCHES (347),0,NO APLICA,2,Febrero,3,2022,18,25,SR-21,3,Highway estatal,Rural,Arteria Menor,Not Reported,0,Sin jurisdiccion especial,357,31.53912778,-94.42540833,Peaton,El primer evento no fue una colision con un vehiculo automotor en transporte,Not an Intersection,No fue interseccion,Sobre el lado de la calle,Ninguna,Oscuro sin iluminacion,Nieve,No,NO APLICA,99,99,99,99,1,03/02/2022,1
48,Texas,480358,1,1,1,0,113,DALLAS (113),1730,DALLAS,2,Febrero,10,2022,5,17,I-30,1,Interestatal,Urbano,Interestatal,State Highway Agency,1,Sin jurisdiccion especial,112,32.76409444,-96.84447778,Peaton,El primer evento no fue una colision con un vehiculo automotor en transporte,Not an Intersection,No fue interseccion,Sobre calle,Ninguna,Oscuro sin iluminacion,Despejado,No,NO APLICA,99,98,99,98,1,10/02/2022,1
48,Texas,480359,0,0,1,0,453,TRAVIS (453),330,AUSTIN,2,Febrero,10,2022,19,44,SR-183 RAMP/ED BLUESTEIN BLVD,7,Calle Local,Urbano,Colector Mayor,Not Reported,0,Sin jurisdiccion especial,161,30.25113889,-97.68263056,Poste de Señal de trafico,El primer evento no fue una colision con un vehiculo automotor en transporte,Not an Intersection,No fue interseccion,Gore?,Ninguna,Oscuro con iluminacion,Despejado,No,NO APLICA,99,98,99,98,1,10/02/2022,1
48,Texas,480360,0,0,2,0,453,TRAVIS (453),330,AUSTIN,2,Febrero,10,2022,20,33,US-183,2,US Highway,Urbano,Arterial Principal -Freeway o ExpressWay,Not Reported,1,Sin jurisdiccion especial,37,30.38830556,-97.74433611,Volcadura,El primer evento no fue una colision con un vehiculo automotor en transporte,Not an Intersection,No fue interseccion,Sobre calle,Ninguna,Oscuro con iluminacion,Despejado,No,NO APLICA,99,98,99,98,1,10/02/2022,2
48,Texas,480361,0,0,2,0,29,BEXAR (29),6090,SAN ANTONIO,2,Febrero,6,2022,10,50,CULEBRA RD,6,Calle Local Municipalidad,Urbano,Arteria Menor,Not Reported,0,Sin jurisdiccion especial,0,29.47144167,-98.65164167,Vehiculo en movimiento,Angulo,Not an Intersection,No fue interseccion,Sobre calle,Ninguna,Dia total,Despejado,No,NO APLICA,10,51,11,1,1,06/02/2022,2
48,Texas,480362,0,0,1,0,29,BEXAR (29),6090,SAN ANTONIO,2,Febrero,6,2022,7,24,SOMERSET RD,6,Calle Local Municipalidad,Urbano,Arteria Menor,Not Reported,0,Sin jurisdiccion especial,0,29.36485278,-98.54274167,Alguien se cayo/avento del vehiculo,El primer evento no fue una colision con un vehiculo automotor en transporte,Not an Intersection,No fue interseccion,Sobre calle,Ninguna,Dia total,Despejado,No,NO APLICA,99,99,99,99,1,06/02/2022,3
48,Texas,480363,0,0,3,0,29,BEXAR (29),6090,SAN ANTONIO,1,Enero,31,2022,5,16,NEW LAREDO HWY,6,Calle Local Municipalidad,Urbano,Arteria Menor,Not Reported,0,Sin jurisdiccion especial,236,29.35304444,-98.56655833,Vehiculo en movimiento,Angulo,Not an Intersection,No fue interseccion,Sobre calle,Ninguna,Oscuro sin iluminacion,lluvia,No,NO APLICA,99,99,99,99,1,31/01/2022,3
48,Texas,480365,1,1,1,0,339,MONTGOMERY (339),6884,THE WOODLANDS,2,Febrero,5,2022,14,22,CR-KUYKENDAHL RD,4,Calle del Condado,Urbano,Arteria Menor,Not Reported,0,Sin jurisdiccion especial,0,30.21178333,-95.52346111,Ciclista,El primer evento no fue una colision con un vehiculo automotor en transporte,Four-Way Intersection,Interseccion de 4 direcciones,Sobre calle,Ninguna,Dia total,Despejado,No,NO APLICA,99,98,99,98,1,05/02/2022,1
48,Texas,480366,0,0,2,0,177,GONZALES (177),0,NO APLICA,2,Febrero,10,2022,5,20,US-183,2,US Highway,Rural,Arteria Principal,Not Reported,1,Sin jurisdiccion especial,18,29.6161,-97.56923056,Vehiculo en movimiento,Frente a frente,Not an Intersection,No fue interseccion,Sobre calle,Ninguna,Oscuro sin iluminacion,Despejado,No,NO APLICA,99,99,99,99,1,10/02/2022,2
48,Texas,480367,0,0,1,0,93,COMANCHE (93),0,NO APLICA,1,Enero,19,2022,5,30,SR-36,3,Highway estatal,Rural,Arteria Menor,Not Reported,0,Sin jurisdiccion especial,27,31.88635,-98.54348889,Otro objeto (fijo),El primer evento no fue una colision con un vehiculo automotor en transporte,Not an Intersection,No fue interseccion,Sobre el lado de la calle,Ninguna,Oscuro sin iluminacion,Despejado,No,NO APLICA,99,99,99,99,1,19/01/2022,2
48,Texas,480368,0,0,2,0,29,BEXAR (29),6090,SAN ANTONIO,1,Enero,23,2022,2,8,IH-35 ACCESS RD,7,Calle Local,Urbano,Arteria Menor,Not Reported,0,Sin jurisdiccion especial,183,29.36834444,-98.51866389,Vehiculo en movimiento,Angulo,Four-Way Intersection,Interseccion de 4 direcciones,Sobre calle,Ninguna,Oscuro con iluminacion,Despejado,No,NO APLICA,99,99,99,99,1,23/01/2022,6
48,Texas,480369,1,1,1,0,201,HARRIS (201),3280,HOUSTON,2,Febrero,8,2022,6,25,I-10 SV RD/KATY FWY,7,Calle Local,Urbano,Colector Mayor,Not Reported,0,Sin jurisdiccion especial,138,29.78525,-95.58520833,Peaton,El primer evento no fue una colision con un vehiculo automotor en transporte,Not an Intersection,No fue interseccion,Sobre calle,Ninguna,Oscuro sin iluminacion,Despejado,No,NO APLICA,99,99,99,99,1,08/02/2022,1
48,Texas,480370,0,0,1,0,303,LUBBOCK (303),4140,LUBBOCK,1,Enero,8,2022,23,4,34TH ST,6,Calle Local Municipalidad,Urbano,Arteria Menor,Not Reported,0,Sin jurisdiccion especial,0,33.56331944,-101.9059889,Poste o otros soportes,El primer evento no fue una colision con un vehiculo automotor en transporte,Not an Intersection,No fue interseccion,En el medio,Ninguna,Oscuro con iluminacion,Despejado,No,NO APLICA,23,5,23,8,1,08/01/2022,1
48,Texas,480371,0,0,2,0,497,WISE (497),0,NO APLICA,1,Enero,8,2022,15,40,SR-114,3,Highway estatal,Rural,Arteria Principal,Not Reported,0,Sin jurisdiccion especial,291,33.08020556,-97.62777222,Vehiculo en movimiento,Angulo,Four-Way Intersection,Interseccion de 4 direcciones,Sobre calle,Ninguna,Dia total,Nublado,No,NO APLICA,15,49,16,1,1,08/01/2022,4
48,Texas,480372,0,0,2,0,187,GUADALUPE (187),0,NO APLICA,2,Febrero,6,2022,18,29,SR-123,3,Highway estatal,Rural,Arteria Principal,Not Reported,1,Sin jurisdiccion especial,0,29.51293333,-97.95570278,Vehiculo en movimiento,Angulo,T-Intersection,Interseccion de T,Sobre calle,Construccion,Atardecer,Despejado,No,NO APLICA,99,99,99,99,1,06/02/2022,3
48,Texas,480373,0,0,3,0,291,LIBERTY (291),1770,DAYTON,2,Febrero,11,2022,5,49,US-90,2,US Highway,Rural,Arteria Principal,Not Reported,1,Sin jurisdiccion especial,50,30.01033333,-94.93585278,Vehiculo en movimiento,Frente a Detrás,Not an Intersection,No fue interseccion,Sobre calle,Construccion,Oscuro sin iluminacion,Despejado,No,NO APLICA,99,98,99,98,1,11/02/2022,4
48,Texas,480374,0,0,2,0,93,COMANCHE (93),0,NO APLICA,2,Febrero,1,2022,16,20,SR-36,3,Highway estatal,Rural,Arteria Menor,Not Reported,0,Sin jurisdiccion especial,98,32.01885,-98.77290833,Jackknife (harmful to this vehicle),El primer evento no fue una colision con un vehiculo automotor en transporte,Not an Intersection,No fue interseccion,Sobre calle,Construccion,Dia total,Despejado,No,NO APLICA,99,99,99,99,1,01/02/2022,2
48,Texas,480375,0,0,4,0,167,GALVESTON (167),3850,LA MARQUE,2,Febrero,10,2022,15,5,I-45 FRONTAGE,7,Calle Local,Urbano,Colector Mayor,Not Reported,0,Sin jurisdiccion especial,26,29.37658333,-95.00615556,Vehiculo en movimiento,Angulo,Four-Way Intersection,Interseccion de 4 direcciones,Sobre calle,Construccion,Dia total,Despejado,No,NO APLICA,99,99,99,99,1,10/02/2022,5
48,Texas,480376,1,1,2,0,499,WOOD (499),0,NO APLICA,2,Febrero,9,2022,19,11,FM 312,8,Otro,Rural,Colector Mayor,Not Reported,0,Sin jurisdiccion especial,28,32.91710278,-95.29106667,Ciclista,El primer evento no fue una colision con un vehiculo automotor en transporte,Not an Intersection,No fue interseccion,Sobre calle,Ninguna,Oscuro sin iluminacion,Despejado,No,NO APLICA,99,98,99,98,1,09/02/2022,2
48,Texas,480377,0,0,1,0,139,ELLIS (139),7270,WAXAHACHIE,2,Febrero,2,2022,15,25,US-287,2,US Highway,Urbano,Arteria Principal,Not Reported,1,Sin jurisdiccion especial,371,32.43818333,-96.91424167,Volcadura,El primer evento no fue una colision con un vehiculo automotor en transporte,Not an Intersection,No fue interseccion,En el medio,Ninguna,Dia total,lluvia,No,NO APLICA,99,99,99,99,1,02/02/2022,1
48,Texas,480378,0,0,1,0,85,COLLIN (85),2520,FRISCO,2,Febrero,11,2022,0,28,LEBANON RD,6,Calle Local Municipalidad,Urbano,Arteria Menor,Not Reported,0,Sin jurisdiccion especial,0,33.12070278,-96.82729167,Poste,El primer evento no fue una colision con un vehiculo automotor en transporte,Not an Intersection,No fue interseccion,En el medio,Ninguna,Oscuro con iluminacion,Despejado,No,NO APLICA,99,99,99,99,1,11/02/2022,3
48,Texas,480379,0,0,4,0,265,KERR (265),3670,KERRVILLE,2,Febrero,3,2022,21,29,I-10,1,Interestatal,Rural,Interestatal,State Highway Agency,1,Sin jurisdiccion especial,209,30.06780278,-99.07435833,Vehiculo en movimiento,Detrás a Lado. ,Not an Intersection,No fue interseccion,Sobre calle,Ninguna,Oscuro sin iluminacion,Nieve,No,NO APLICA,99,99,99,99,1,03/02/2022,7
48,Texas,480380,1,1,1,0,439,TARRANT (439),2450,FORT WORTH,2,Febrero,1,2022,3,8,I-20,1,Interestatal,Urbano,Interestatal,State Highway Agency,1,Sin jurisdiccion especial,118,32.66126111,-97.27963333,Peaton,El primer evento no fue una colision con un vehiculo automotor en transporte,Not an Intersection,No fue interseccion,Sobre calle,Ninguna,Oscuro sin iluminacion,Despejado,No,NO APLICA,99,99,99,99,1,01/02/2022,1
48,Texas,480381,0,0,1,0,113,DALLAS (113),1730,DALLAS,2,Febrero,9,2022,16,46,PRAIRIE CREEK RD,6,Calle Local Municipalidad,Urbano,Arteria Menor,Not Reported,0,Sin jurisdiccion especial,0,32.72664444,-96.66582222,Poste,El primer evento no fue una colision con un vehiculo automotor en transporte,Not an Intersection,No fue interseccion,En el medio,Ninguna,Dia total,Despejado,No,NO APLICA,99,99,99,99,1,09/02/2022,1
48,Texas,480382,0,0,2,0,141,EL PASO (141),2190,EL PASO,2,Febrero,13,2022,22,33,SPUR 601/LIBERTY EXPY,8,Otro,Urbano,Arterial Principal -Freeway o ExpressWay,Not Reported,1,Militar,25,31.82069722,-106.3996806,Vehiculo en movimiento,Frente a frente,Not an Intersection,No fue interseccion,Sobre calle,Ninguna,Oscuro con iluminacion,Despejado,No,NO APLICA,22,30,22,44,2,13/02/2022,2
48,Texas,480383,0,0,1,0,439,TARRANT (439),2450,FORT WORTH,2,Febrero,12,2022,0,48,I-20 RAMP,1,Interestatal,Urbano,Interestatal,State Highway Agency,1,Sin jurisdiccion especial,95,32.667275,-97.31792778,Suelo,El primer evento no fue una colision con un vehiculo automotor en transporte,Not an Intersection,No fue interseccion,Sobre el lado de la calle,Ninguna,Oscuro con iluminacion,Despejado,No,NO APLICA,99,98,99,98,1,12/02/2022,1
48,Texas,480384,0,0,3,0,339,MONTGOMERY (339),0,NO APLICA,2,Febrero,1,2022,6,16,FM 149,8,Otro,Rural,Colector Mayor,Not Reported,0,Sin jurisdiccion especial,235,30.28696111,-95.70038056,Arbol,El primer evento no fue una colision con un vehiculo automotor en transporte,Not an Intersection,No fue interseccion,Fuera de la calle,Ninguna,Oscuro sin iluminacion,Nublado,No,NO APLICA,99,99,99,99,1,01/02/2022,4
48,Texas,480385,0,0,1,0,479,WEBB (479),3899,LAREDO,2,Febrero,12,2022,1,36,MAIN AVE,6,Calle Local Municipalidad,Urbano,Local,Not Reported,0,Sin jurisdiccion especial,0,27.52696944,-99.51210556,Barda,El primer evento no fue una colision con un vehiculo automotor en transporte,Not an Intersection,No fue interseccion,Fuera de la calle,Ninguna,Oscuro con iluminacion,Despejado,No,NO APLICA,99,98,99,98,1,12/02/2022,1
48,Texas,480386,1,1,1,0,215,HIDALGO (215),0,NO APLICA,2,Febrero,1,2022,21,10,US-281,2,US Highway,Rural,Arteria Principal,Not Reported,1,Sin jurisdiccion especial,75,26.68955556,-98.11388889,Peaton,El primer evento no fue una colision con un vehiculo automotor en transporte,Not an Intersection,No fue interseccion,Sobre calle,Ninguna,Oscuro sin iluminacion,Despejado,No,NO APLICA,99,99,99,99,1,01/02/2022,2
48,Texas,480387,0,0,1,0,415,SCURRY (415),0,NO APLICA,2,Febrero,6,2022,17,48,SR-350,3,Highway estatal,Rural,Arteria Menor,Not Reported,0,Sin jurisdiccion especial,63,32.57591111,-101.0063139,Barda,El primer evento no fue una colision con un vehiculo automotor en transporte,Not an Intersection,No fue interseccion,Fuera de la calle,Ninguna,Dia total,Despejado,No,NO APLICA,17,48,17,59,1,06/02/2022,1
48,Texas,480388,1,1,2,0,201,HARRIS (201),0,NO APLICA,2,Febrero,7,2022,5,50,FM 1960,8,Otro,Urbano,Arteria Principal,Not Reported,0,Sin jurisdiccion especial,139,30.0176,-95.44123056,No vehiculo o remolque,El primer evento no fue una colision con un vehiculo automotor en transporte,Not an Intersection,No fue interseccion,Sobre calle,Ninguna,Oscuro con iluminacion,Despejado,No,NO APLICA,99,98,99,98,1,07/02/2022,2
48,Texas,480389,0,0,1,0,201,HARRIS (201),0,NO APLICA,2,Febrero,13,2022,7,0,US-90 CROSBY FWY,2,US Highway,Urbano,Arteria Principal,Not Reported,1,Sin jurisdiccion especial,83,29.82536667,-95.19109167,Banqueta,El primer evento no fue una colision con un vehiculo automotor en transporte,Not an Intersection,No fue interseccion,Sobre el lado de la calle,Ninguna,Oscuro sin iluminacion,Despejado,No,NO APLICA,99,98,99,98,1,13/02/2022,1
48,Texas,480390,0,0,2,0,281,LAMPASAS (281),0,NO APLICA,2,Febrero,8,2022,12,34,US-190,2,US Highway,Rural,Arteria Principal,Not Reported,1,Sin jurisdiccion especial,92,31.07212222,-98.05187778,Vehiculo en movimiento,Angulo,T-Intersection,Interseccion de T,Sobre calle,Ninguna,Dia total,Despejado,No,NO APLICA,99,99,99,99,1,08/02/2022,3
48,Texas,480391,0,0,1,0,377,PRESIDIO (377),0,NO APLICA,2,Febrero,6,2022,0,29,US-67,2,US Highway,Rural,Arteria Principal,Not Reported,1,Sin jurisdiccion especial,407,30.26972778,-103.8080583,Muro,El primer evento no fue una colision con un vehiculo automotor en transporte,Not an Intersection,No fue interseccion,Sobre el lado de la calle,Ninguna,Oscuro sin iluminacion,Despejado,No,NO APLICA,99,98,99,98,1,06/02/2022,1
48,Texas,480392,0,0,1,0,5,ANGELINA (5),4160,LUFKIN,2,Febrero,11,2022,9,55,US-59/MEDFORD DR,2,US Highway,Urbano,Arteria Principal,Not Reported,1,Sin jurisdiccion especial,136,31.32360278,-94.69474722,Poste o otros soportes,El primer evento no fue una colision con un vehiculo automotor en transporte,Not an Intersection,No fue interseccion,Sobre el lado de la calle,Ninguna,Dia total,Despejado,No,NO APLICA,99,99,99,99,1,11/02/2022,2
48,Texas,480393,1,1,1,0,201,HARRIS (201),480,BAYTOWN,1,Enero,31,2022,22,0,I-10,1,Interestatal,Urbano,Interestatal,State Highway Agency,1,Sin jurisdiccion especial,240,29.80476944,-94.98084722,Peaton,El primer evento no fue una colision con un vehiculo automotor en transporte,Not an Intersection,No fue interseccion,Sobre calle,Ninguna,Oscuro sin iluminacion,lluvia,No,NO APLICA,99,98,99,98,1,31/01/2022,1