Estado,Nombre de Estado,Numero de Caso,Peatones,Personas _no_vehiculos,Vehiculos automotores,Vehiculos estacionados,Condado,Nombre Condado,Ciudad,Nombre Ciudad,Mes,Nombre Mes,Dia,Año,Hora,Minuto,Calle,Ruta,Nombre Ruta,Rural o Urbanoo,Sistema Funcional,Dueño Calle,Sistema Nacional Carreteras,Jurisdiccion Especial,Milla,Latitud,Longitud,Causa del Accidente,Tipo de Accidente,Tipo Interseccion,Columna1,Lugar en la calle,Zona de Trabajo,Luz,Clima,Autobus Escolar,Cruce de Trenes,Hora Notificacion,Minuto Notificacion,Hora Llegada,Minuto Llegada,Decesos,Fecha,PersonaVehiculo
48,Texas,480394,0,0,1,0,375,POTTER (375),150,AMARILLO,2,Febrero,13,2022,1,58,10TH AVE,6,Calle Local Municipalidad,Urbano,Arteria Menor,Not Reported,0,Sin jurisdiccion especial,25,35.20024167,-101.8097806,Volcadura,El primer evento no fue una colision con un vehiculo automotor en transporte,Four-Way Intersection,Interseccion de 4 direcciones,Sobre calle,Ninguna,Oscuro con iluminacion,Despejado,No,NO APLICA,99,99,99,99,1,13/02/2022,1
48,Texas,480395,1,1,1,0,201,HARRIS (201),3280,HOUSTON,2,Febrero,7,2022,10,14,BELLAIRE BLVD,6,Calle Local Municipalidad,Urbano,Arteria Principal,Not Reported,0,Sin jurisdiccion especial,0,29.70504167,-95.52518611,Ciclista,El primer evento no fue una colision con un vehiculo automotor en transporte,T-Intersection,Interseccion de T,Sobre calle,Ninguna,Dia total,Despejado,No,NO APLICA,99,99,99,99,1,07/02/2022,1
48,Texas,480396,0,0,2,0,29,BEXAR (29),0,NO APLICA,2,Febrero,9,2022,7,51,US-90,2,US Highway,Rural,Arteria Principal,Not Reported,1,Sin jurisdiccion especial,7,29.36858889,-98.79448889,Vehiculo en movimiento,Detrás a Lado. ,T-Intersection,Interseccion de T,Sobre calle,Ninguna,Dia total,Despejado,No,NO APLICA,99,98,99,98,1,09/02/2022,2
48,Texas,480397,1,1,1,0,407,SAN JACINTO (407),0,NO APLICA,2,Febrero,3,2022,0,34,US-59,2,US Highway,Rural,Arteria Principal,Not Reported,1,Sin jurisdiccion especial,106,30.43577222,-95.03506667,Peaton,El primer evento no fue una colision con un vehiculo automotor en transporte,Not an Intersection,No fue interseccion,Sobre calle,Ninguna,Oscuro sin iluminacion,Despejado,No,NO APLICA,99,98,99,98,1,03/02/2022,2
48,Texas,480398,0,0,1,0,157,FORT BEND (157),0,NO APLICA,2,Febrero,5,2022,11,17,BELLFORT BLVD,6,Calle Local Municipalidad,Urbano,Colector Mayor,Not Reported,0,Sin jurisdiccion especial,0,29.66098611,-95.69710556,Banqueta,El primer evento no fue una colision con un vehiculo automotor en transporte,Four-Way Intersection,Interseccion de 4 direcciones,Sobre el lado de la calle,Ninguna,Dia total,Despejado,No,NO APLICA,99,98,99,98,1,05/02/2022,1
48,Texas,480399,0,0,2,0,457,TYLER (457),0,NO APLICA,2,Febrero,9,2022,10,29,US-287,2,US Highway,Rural,Arteria Menor,Not Reported,0,Sin jurisdiccion especial,0,30.85127222,-94.52638333,Vehiculo en movimiento,Angulo,Four-Way Intersection,Interseccion de 4 direcciones,Sobre calle,Ninguna,Dia total,Despejado,No,NO APLICA,99,98,99,98,2,09/02/2022,3
48,Texas,480400,0,0,2,0,339,MONTGOMERY (339),0,NO APLICA,2,Febrero,13,2022,15,2,FM 1314/CONROE POTTER RD,8,Otro,Urbano,Arteria Menor,Not Reported,0,Sin jurisdiccion especial,105,30.20251944,-95.35129167,Vehiculo en movimiento,Frente a frente,Not an Intersection,No fue interseccion,Sobre calle,Ninguna,Dia total,Despejado,No,NO APLICA,99,98,99,98,1,13/02/2022,2
48,Texas,480401,1,1,1,0,135,ECTOR (135),5030,ODESSA,2,Febrero,15,2022,21,5,7TH ST,6,Calle Local Municipalidad,Urbano,Local,Not Reported,0,Sin jurisdiccion especial,0,31.85730278,-102.3553028,Peaton,El primer evento no fue una colision con un vehiculo automotor en transporte,Not an Intersection,No fue interseccion,Sobre calle,Ninguna,Oscuro sin iluminacion,Despejado,No,NO APLICA,99,99,99,99,1,15/02/2022,1
48,Texas,480402,1,1,1,0,439,TARRANT (439),3840,LAKE WORTH VILLAGE,1,Enero,24,2022,21,0,SR-199/LAKE WORTH BLVD,3,Highway estatal,Urbano,Arteria Principal,Not Reported,1,Sin jurisdiccion especial,82,32.81821389,-97.44292778,Peaton,El primer evento no fue una colision con un vehiculo automotor en transporte,Not an Intersection,No fue interseccion,Sobre calle,Construccion,Oscuro sin iluminacion,Nublado,No,NO APLICA,99,98,99,98,1,24/01/2022,1
48,Texas,480403,0,0,2,0,359,OLDHAM (359),0,NO APLICA,2,Febrero,7,2022,13,36,I-40,1,Interestatal,Rural,Interestatal,State Highway Agency,1,Sin jurisdiccion especial,88,35.22360556,-102.8775361,Vehiculo en movimiento,Frente a frente,Not an Intersection,No fue interseccion,Sobre calle,Ninguna,Dia total,Despejado,No,NO APLICA,99,99,99,99,4,07/02/2022,5
48,Texas,480405,0,0,3,0,245,JEFFERSON (245),5430,PORT ARTHUR,2,Febrero,15,2022,12,11,SR-73,3,Highway estatal,Urbano,Arterial Principal -Freeway o ExpressWay,Not Reported,1,Sin jurisdiccion especial,291,29.93121389,-93.93825556,Vehiculo en movimiento,Frente a Detrás,Not an Intersection,No fue interseccion,Sobre calle,Ninguna,Dia total,Despejado,No,NO APLICA,99,99,99,99,1,15/02/2022,3
48,Texas,480406,0,0,2,0,453,TRAVIS (453),330,AUSTIN,2,Febrero,15,2022,14,10,I-35,1,Interestatal,Urbano,Interestatal,State Highway Agency,1,Sin jurisdiccion especial,246,30.35721389,-97.68866389,Vehiculo en movimiento,Golpe Lateral - misma direccion,Not an Intersection,No fue interseccion,Sobre calle,Ninguna,Dia total,Despejado,No,NO APLICA,99,99,99,99,1,15/02/2022,2
48,Texas,480407,0,0,2,0,425,SOMERVELL (425),0,NO APLICA,2,Febrero,5,2022,20,51,SR-144,3,Highway estatal,Rural,Colector Mayor,Not Reported,0,Sin jurisdiccion especial,38,32.27823333,-97.73379722,Vehiculo en movimiento,Frente a frente,Not an Intersection,No fue interseccion,Sobre calle,Ninguna,Oscuro sin iluminacion,Despejado,No,NO APLICA,99,99,99,99,1,05/02/2022,4
48,Texas,480408,0,0,2,0,201,HARRIS (201),3280,HOUSTON,1,Enero,27,2022,13,8,I-45/GULF FWY,1,Interestatal,Urbano,Interestatal,State Highway Agency,1,Sin jurisdiccion especial,99,29.61897222,-95.21876667,Poste de Señal de trafico,El primer evento no fue una colision con un vehiculo automotor en transporte,Not an Intersection,No fue interseccion,Separador,Ninguna,Dia total,Despejado,No,NO APLICA,99,99,99,99,1,27/01/2022,3
48,Texas,480409,0,0,3,0,439,TARRANT (439),2450,FORT WORTH,2,Febrero,12,2022,5,33,I-35,1,Interestatal,Urbano,Interestatal,State Highway Agency,1,Sin jurisdiccion especial,26,32.68556667,-97.32053889,Alguien se cayo/avento del vehiculo,El primer evento no fue una colision con un vehiculo automotor en transporte,Not an Intersection,No fue interseccion,Sobre calle,Ninguna,Oscuro sin iluminacion,Despejado,No,NO APLICA,99,99,99,99,1,12/02/2022,4
48,Texas,480410,0,0,1,0,309,MCLENNAN (309),0,NO APLICA,2,Febrero,2,2022,15,53,FM 2490,8,Otro,Rural,Colector Mayor,Not Reported,0,Sin jurisdiccion especial,17,31.70808056,-97.29493889,Volcadura,El primer evento no fue una colision con un vehiculo automotor en transporte,Not an Intersection,No fue interseccion,Sobre el lado de la calle,Ninguna,Dia total,lluvia,No,NO APLICA,99,99,99,99,1,02/02/2022,1
48,Texas,480411,0,0,1,0,395,ROBERTSON (395),0,NO APLICA,2,Febrero,5,2022,0,5,FM 391/CR-BLACKJACK RD,8,Otro,Rural,Colector Mayor,Not Reported,0,Sin jurisdiccion especial,124,30.884225,-96.55718056,Volcadura,El primer evento no fue una colision con un vehiculo automotor en transporte,Not an Intersection,No fue interseccion,Sobre el lado de la calle,Ninguna,Oscuro sin iluminacion,Despejado,No,NO APLICA,99,98,99,98,1,05/02/2022,1
48,Texas,480412,0,0,2,0,141,EL PASO (141),2190,EL PASO,2,Febrero,14,2022,11,29,US-54/PATRIOT FWY,2,US Highway,Urbano,Arterial Principal -Freeway o ExpressWay,Not Reported,1,Sin jurisdiccion especial,100,31.84169444,-106.4398111,Vehiculo en movimiento,Frente a Detrás,Not an Intersection,No fue interseccion,Sobre calle,Ninguna,Dia total,Despejado,No,NO APLICA,99,98,99,98,1,14/02/2022,1
48,Texas,480413,0,0,1,0,217,HILL (217),0,NO APLICA,2,Febrero,8,2022,21,40,SR-22,3,Highway estatal,Rural,Arteria Menor,Not Reported,0,Sin jurisdiccion especial,130,31.97849444,-97.22280556,Poste,El primer evento no fue una colision con un vehiculo automotor en transporte,Not an Intersection,No fue interseccion,Sobre el lado de la calle,Ninguna,Oscuro sin iluminacion,Despejado,No,NO APLICA,99,99,99,99,1,08/02/2022,1
48,Texas,480414,0,0,1,0,57,CALHOUN (57),0,NO APLICA,2,Febrero,12,2022,1,43,SR-185,3,Highway estatal,Rural,Colector Mayor,Not Reported,0,Sin jurisdiccion especial,99998,28.52634444,-96.79182222,Poste de Señal de trafico,El primer evento no fue una colision con un vehiculo automotor en transporte,T-Intersection,Interseccion de T,Sobre el lado de la calle,Ninguna,Oscuro sin iluminacion,Neblina o Humo,No,NO APLICA,99,98,99,98,1,12/02/2022,1
48,Texas,480415,0,0,2,0,419,SHELBY (419),1270,CENTER,2,Febrero,1,2022,21,45,US-96/HURST ST,2,US Highway,Urbano,Arteria Principal,Not Reported,1,Sin jurisdiccion especial,8,31.79955833,-94.19098611,Vehiculo en movimiento,Angulo,Four-Way Intersection,Interseccion de 4 direcciones,Sobre calle,Ninguna,Oscuro con iluminacion,Despejado,No,NO APLICA,99,99,99,99,1,01/02/2022,4
48,Texas,480416,0,0,2,0,329,MIDLAND (329),4560,MIDLAND,2,Febrero,8,2022,13,36,SR-349,3,Highway estatal,Rural,Arteria Principal,Not Reported,1,Sin jurisdiccion especial,152,32.08684722,-102.0932111,Vehiculo en movimiento,Frente a Detrás,Not an Intersection,No fue interseccion,Sobre calle,Ninguna,Dia total,Despejado,No,NO APLICA,99,98,99,98,1,08/02/2022,2
48,Texas,480417,0,0,1,0,375,POTTER (375),150,AMARILLO,2,Febrero,5,2022,2,25,US-287/BUCHANAN ST,2,US Highway,Urbano,Arteria Principal,Not Reported,1,Sin jurisdiccion especial,99998,35.22558611,-101.8289444,Banqueta,El primer evento no fue una colision con un vehiculo automotor en transporte,Not an Intersection,No fue interseccion,Gore?,Ninguna,Oscuro con iluminacion,Despejado,No,NO APLICA,99,98,99,98,1,05/02/2022,1
48,Texas,480418,0,0,1,0,113,DALLAS (113),1730,DALLAS,2,Febrero,11,2022,18,36,BROOKLYN AVE,6,Calle Local Municipalidad,Urbano,Local,Not Reported,0,Sin jurisdiccion especial,0,32.73916389,-96.86888333,Volcadura,El primer evento no fue una colision con un vehiculo automotor en transporte,T-Intersection,Interseccion de T,Sobre calle,Ninguna,Oscuro con iluminacion,Despejado,No,NO APLICA,99,99,99,99,1,11/02/2022,1
48,Texas,480419,0,0,2,0,113,DALLAS (113),1730,DALLAS,2,Febrero,2,2022,3,30,US-75 RAMP,2,US Highway,Urbano,Arterial Principal -Freeway o ExpressWay,Not Reported,1,Sin jurisdiccion especial,144,32.79663056,-96.79280278,Barrera de Trafico de Concreto,El primer evento no fue una colision con un vehiculo automotor en transporte,Not an Intersection,No fue interseccion,Sobre el lado de la calle,Ninguna,Oscuro con iluminacion,Despejado,No,NO APLICA,3,33,3,39,1,02/02/2022,3
48,Texas,480420,0,0,1,0,29,BEXAR (29),6090,SAN ANTONIO,2,Febrero,12,2022,19,19,I-10 RAMP,1,Interestatal,Urbano,Interestatal,State Highway Agency,1,Sin jurisdiccion especial,94,29.44039167,-98.37636389,Fin de valla,El primer evento no fue una colision con un vehiculo automotor en transporte,Not an Intersection,No fue interseccion,Gore?,Ninguna,Oscuro con iluminacion,Despejado,No,NO APLICA,99,99,99,99,1,12/02/2022,2
48,Texas,480421,1,1,2,0,29,BEXAR (29),6090,SAN ANTONIO,2,Febrero,11,2022,23,48,SR-1604,3,Highway estatal,Urbano,Colector Mayor,Not Reported,0,Sin jurisdiccion especial,315,29.60064167,-98.41445,Vehiculo en movimiento,Frente a Detrás,Not an Intersection,No fue interseccion,Sobre calle,Ninguna,Oscuro sin iluminacion,Despejado,No,NO APLICA,99,99,99,99,1,11/02/2022,1
48,Texas,480422,0,0,1,0,439,TARRANT (439),4965,NORTH RICHLAND HILLS,2,Febrero,13,2022,22,54,SR-121 RAMP/AIRPORT FWY,3,Highway estatal,Urbano,Arterial Principal -Freeway o ExpressWay,Not Reported,1,Sin jurisdiccion especial,199,32.83601111,-97.19724167,Otro objeto (no fijo),El primer evento no fue una colision con un vehiculo automotor en transporte,Not an Intersection,No fue interseccion,Separador,Ninguna,Oscuro con iluminacion,Despejado,No,NO APLICA,99,99,99,99,1,13/02/2022,1
48,Texas,480423,0,0,3,0,453,TRAVIS (453),0,NO APLICA,2,Febrero,15,2022,6,21,US-183,2,US Highway,Urbano,Arteria Principal,Not Reported,1,Sin jurisdiccion especial,329,30.13096944,-97.69597222,Vehiculo en movimiento,Frente a Detrás,Not an Intersection,No fue interseccion,Sobre calle,Ninguna,Dia total,Despejado,No,NO APLICA,99,99,99,99,1,15/02/2022,4
48,Texas,480424,0,0,1,0,367,PARKER (367),0,NO APLICA,2,Febrero,15,2022,1,9,CR-JOHNSON BEND RD,4,Calle del Condado,Rural,Local,Not Reported,0,Sin jurisdiccion especial,0,32.81031111,-97.84138056,Poste,El primer evento no fue una colision con un vehiculo automotor en transporte,Not an Intersection,No fue interseccion,Sobre el lado de la calle,Ninguna,Oscuro sin iluminacion,Despejado,No,NO APLICA,99,98,99,98,1,15/02/2022,1
48,Texas,480425,0,0,2,0,153,FLOYD (153),4050,LOCKNEY,2,Febrero,8,2022,14,58,US-70,2,US Highway,Rural,Arteria Menor,Not Reported,0,Sin jurisdiccion especial,78,34.11652778,-101.4456833,Vehiculo en movimiento,Angulo,Four-Way Intersection,Interseccion de 4 direcciones,Sobre calle,Ninguna,Dia total,Despejado,No,NO APLICA,99,99,99,99,1,08/02/2022,2
48,Texas,480426,0,0,1,0,373,POLK (373),0,NO APLICA,2,Febrero,12,2022,1,23,CR-UPPER LEGGETT RD,4,Calle del Condado,Rural,Local,Not Reported,0,Sin jurisdiccion especial,0,30.82796389,-94.82732778,Suelo,El primer evento no fue una colision con un vehiculo automotor en transporte,Not an Intersection,No fue interseccion,Sobre el lado de la calle,Ninguna,Oscuro sin iluminacion,Despejado,No,NO APLICA,99,99,99,99,1,12/02/2022,4
48,Texas,480427,0,0,1,0,395,ROBERTSON (395),2460,FRANKLIN,2,Febrero,13,2022,1,25,FM 1644,8,Otro,Urbano,Colector Mayor,Not Reported,0,Sin jurisdiccion especial,10,31.02152222,-96.50202778,Culvert,El primer evento no fue una colision con un vehiculo automotor en transporte,Not an Intersection,No fue interseccion,Sobre el lado de la calle,Ninguna,Oscuro sin iluminacion,Nublado,No,NO APLICA,99,98,99,98,1,13/02/2022,1
48,Texas,480428,0,0,2,0,457,TYLER (457),0,NO APLICA,2,Febrero,11,2022,13,50,US-190,2,US Highway,Rural,Arteria Principal,Not Reported,1,Sin jurisdiccion especial,60,30.76254722,-94.49888889,Vehiculo en movimiento,Golpe Lateral - direccion contraria,Not an Intersection,No fue interseccion,Sobre calle,Ninguna,Dia total,Despejado,No,NO APLICA,99,98,99,98,2,11/02/2022,2
48,Texas,480429,0,0,2,0,293,LIMESTONE (293),0,NO APLICA,2,Febrero,10,2022,19,16,US-84,2,US Highway,Rural,Arteria Menor,Not Reported,0,Sin jurisdiccion especial,128,31.66255,-96.66873333,Vehiculo en movimiento,Frente a frente,Not an Intersection,No fue interseccion,Sobre calle,Ninguna,Oscuro sin iluminacion,Despejado,No,NO APLICA,99,99,99,99,1,10/02/2022,5
48,Texas,480430,0,0,2,0,141,EL PASO (141),2190,EL PASO,2,Febrero,12,2022,16,20,ZARAGOZA,6,Calle Local Municipalidad,Urbano,Arteria Principal,Not Reported,0,Sin jurisdiccion especial,30,31.78221389,-106.24595,Alguien se cayo/avento del vehiculo,El primer evento no fue una colision con un vehiculo automotor en transporte,Not an Intersection,No fue interseccion,Sobre calle,Ninguna,Dia total,Despejado,No,NO APLICA,99,99,99,99,1,12/02/2022,2
48,Texas,480431,0,0,1,0,465,VAL VERDE (465),0,NO APLICA,1,Enero,10,2022,8,29,RM 1024,8,Otro,Rural,Colector Mayor,Not Reported,0,Sin jurisdiccion especial,210,29.78623056,-101.22125,Suelo,El primer evento no fue una colision con un vehiculo automotor en transporte,Not an Intersection,No fue interseccion,Sobre el lado de la calle,Ninguna,Dia total,Despejado,No,NO APLICA,99,99,99,99,1,10/01/2022,2
48,Texas,480432,0,0,1,0,339,MONTGOMERY (339),7500,WILLIS,2,Febrero,3,2022,8,22,HOLLAND ST,6,Calle Local Municipalidad,Urbano,Local,Not Reported,0,Sin jurisdiccion especial,0,30.42344722,-95.48553056,Edificio,El primer evento no fue una colision con un vehiculo automotor en transporte,Not an Intersection,No fue interseccion,Fuera de la calle,Ninguna,Dia total,Despejado,No,NO APLICA,99,99,99,99,1,03/02/2022,1
48,Texas,480433,0,0,2,0,375,POTTER (375),0,NO APLICA,2,Febrero,10,2022,15,38,SR-136,3,Highway estatal,Rural,Arteria Menor,Not Reported,0,Sin jurisdiccion especial,89,35.26745833,-101.7325139,Vehiculo en movimiento,Frente a frente,Not an Intersection,No fue interseccion,Sobre calle,Construccion,Dia total,Despejado,No,NO APLICA,99,99,99,99,1,10/02/2022,3
48,Texas,480434,1,1,1,0,201,HARRIS (201),3280,HOUSTON,2,Febrero,16,2022,16,9,WESTHEIMER RD,6,Calle Local Municipalidad,Urbano,Arteria Principal,Not Reported,0,Sin jurisdiccion especial,111,29.73746111,-95.51148889,Peaton,El primer evento no fue una colision con un vehiculo automotor en transporte,Not an Intersection,No fue interseccion,Sobre calle,Ninguna,Dia total,lluvia,No,NO APLICA,99,98,99,98,1,16/02/2022,1
48,Texas,480435,1,1,1,0,453,TRAVIS (453),3832,LAKEWAY,2,Febrero,6,2022,18,40,RM 620,8,Otro,Urbano,Arteria Principal,Not Reported,1,Sin jurisdiccion especial,47,30.36335,-97.95259444,Peaton,El primer evento no fue una colision con un vehiculo automotor en transporte,Not an Intersection,No fue interseccion,Sobre calle,Ninguna,Oscuro sin iluminacion,Despejado,No,NO APLICA,99,98,99,98,1,06/02/2022,1
48,Texas,480436,1,1,1,0,209,HAYS (209),6170,SAN MARCOS,2,Febrero,13,2022,6,18,I-35 SV RD,7,Calle Local,Urbano,Interestatal,State Highway Agency,1,Sin jurisdiccion especial,85,29.88961389,-97.91503333,Peaton,El primer evento no fue una colision con un vehiculo automotor en transporte,Not an Intersection,No fue interseccion,Sobre calle,Ninguna,Oscuro con iluminacion,Despejado,No,NO APLICA,99,98,99,98,1,13/02/2022,1
48,Texas,480437,0,0,2,0,109,CULBERSON (109),0,NO APLICA,2,Febrero,3,2022,8,14,I-10/TX MOUNTAIN TRL,1,Interestatal,Rural,Interestatal,State Highway Agency,1,Sin jurisdiccion especial,46,31.05999167,-104.5296472,Vehiculo en movimiento,Frente a Detrás,Not an Intersection,No fue interseccion,Sobre calle,Ninguna,Dia total,Nieve,No,NO APLICA,99,99,99,99,1,03/02/2022,2
48,Texas,480438,0,0,2,0,391,REFUGIO (391),0,NO APLICA,2,Febrero,16,2022,10,51,FM 2678,8,Otro,Rural,Arteria Menor,Not Reported,0,Sin jurisdiccion especial,73,28.19988611,-97.21803611,Vehiculo en movimiento,Frente a Detrás,Not an Intersection,No fue interseccion,Sobre calle,Construccion,Dia total,Nublado,No,NO APLICA,99,98,99,98,1,16/02/2022,3
48,Texas,480439,0,0,2,0,227,HOWARD (227),0,NO APLICA,2,Febrero,8,2022,16,50,I-20,7,Calle Local,Urbano,Colector Mayor,State Highway Agency,0,Sin jurisdiccion especial,308,32.27056944,-101.3815056,Vehiculo en movimiento,Frente a frente,Not an Intersection,No fue interseccion,Sobre calle,Ninguna,Dia total,Despejado,No,NO APLICA,99,99,99,99,1,08/02/2022,2
48,Texas,480440,0,0,1,0,291,LIBERTY (291),0,NO APLICA,2,Febrero,6,2022,14,7,CR-3011,4,Calle del Condado,Rural,Local,Not Reported,0,Sin jurisdiccion especial,0,30.21039444,-94.98473333,Volcadura,El primer evento no fue una colision con un vehiculo automotor en transporte,Not an Intersection,No fue interseccion,Sobre el lado de la calle,Ninguna,Dia total,Despejado,No,NO APLICA,99,98,99,98,1,06/02/2022,1
48,Texas,480441,1,1,1,0,265,KERR (265),3670,KERRVILLE,1,Enero,24,2022,12,28,I-10,1,Interestatal,Urbano,Interestatal,State Highway Agency,1,Sin jurisdiccion especial,188,30.07034444,-99.1096,Peaton,El primer evento no fue una colision con un vehiculo automotor en transporte,Not an Intersection,No fue interseccion,Sobre calle,Ninguna,Dia total,Despejado,No,NO APLICA,99,98,99,98,1,24/01/2022,1
48,Texas,480442,0,0,1,0,21,BASTROP (21),0,NO APLICA,2,Febrero,15,2022,14,16,SR-71,3,Highway estatal,Urbano,Arteria Principal,Not Reported,1,Sin jurisdiccion especial,167,30.09953056,-97.27612222,Volcadura,El primer evento no fue una colision con un vehiculo automotor en transporte,Not an Intersection,No fue interseccion,Sobre el lado de la calle,Ninguna,Dia total,Despejado,No,NO APLICA,99,98,99,98,1,15/02/2022,1
48,Texas,480443,0,0,2,0,475,WARD (475),4660,MONAHANS,2,Febrero,14,2022,9,53,I-20,7,Calle Local,Urbano,Colector Mayor,State Highway Agency,0,Sin jurisdiccion especial,325,31.57900833,-102.8771472,Vehiculo en movimiento,Angulo,T-Intersection,Interseccion de T,Sobre calle,Ninguna,Dia total,Despejado,No,NO APLICA,99,98,99,98,1,14/02/2022,2
48,Texas,480444,0,0,2,0,463,UVALDE (463),0,NO APLICA,1,Enero,25,2022,19,13,RR 187,8,Otro,Rural,Colector Mayor,Not Reported,0,Sin jurisdiccion especial,197,29.36045833,-99.46828889,Vehiculo en movimiento,Angulo,Not an Intersection,No fue interseccion,Sobre calle,Ninguna,Oscuro sin iluminacion,Despejado,No,NO APLICA,99,98,99,98,2,25/01/2022,2
48,Texas,480445,1,1,1,0,201,HARRIS (201),0,NO APLICA,2,Febrero,17,2022,23,40,SR-6/ADDICKS HOWELL RD,3,Highway estatal,Urbano,Arteria Principal,Not Reported,1,Sin jurisdiccion especial,163,29.70099722,-95.64386389,Peaton,El primer evento no fue una colision con un vehiculo automotor en transporte,Not an Intersection,No fue interseccion,Sobre calle,Ninguna,Oscuro sin iluminacion,Despejado,No,NO APLICA,99,99,99,99,1,17/02/2022,1
48,Texas,480446,0,0,2,0,463,UVALDE (463),0,NO APLICA,2,Febrero,14,2022,6,6,FM 117,8,Otro,Rural,Colector Mayor,Not Reported,0,Sin jurisdiccion especial,94,29.08928889,-99.73161667,Vehiculo en movimiento,Frente a frente,Not an Intersection,No fue interseccion,Sobre calle,Ninguna,Oscuro sin iluminacion,Despejado,No,NO APLICA,99,99,99,99,1,14/02/2022,2
48,Texas,480447,1,1,1,0,123,DE WITT (123),0,NO APLICA,1,Enero,31,2022,6,10,US-183,2,US Highway,Rural,Arteria Principal,Not Reported,1,Sin jurisdiccion especial,14,29.31284167,-97.30144722,Peaton,El primer evento no fue una colision con un vehiculo automotor en transporte,Not an Intersection,No fue interseccion,Sobre calle,Ninguna,Oscuro sin iluminacion,lluvia,No,NO APLICA,99,98,99,98,1,31/01/2022,1
48,Texas,480448,1,1,1,0,167,GALVESTON (167),0,NO APLICA,2,Febrero,10,2022,6,14,GORDY RD,6,Calle Local Municipalidad,Urbano,Colector Mayor,Not Reported,0,Sin jurisdiccion especial,0,29.51150278,-94.99726389,Peaton,El primer evento no fue una colision con un vehiculo automotor en transporte,Not an Intersection,No fue interseccion,Sobre calle,Ninguna,Oscuro sin iluminacion,Despejado,No,NO APLICA,99,98,99,98,1,10/02/2022,1
48,Texas,480449,0,0,1,0,409,SAN PATRICIO (409),0,NO APLICA,2,Febrero,13,2022,11,0,CR-1653 IH-37 SVC RD,4,Calle del Condado,Rural,Colector Mayor,State Highway Agency,0,Sin jurisdiccion especial,60,27.9722,-97.66882222,Vehiculo Ferrocarril,El primer evento no fue una colision con un vehiculo automotor en transporte,Not an Intersection,No fue interseccion,Sobre calle,Ninguna,Dia total,Despejado,No,435565U,99,99,99,99,1,13/02/2022,3
48,Texas,480450,1,1,1,0,201,HARRIS (201),3280,HOUSTON,1,Enero,28,2022,23,51,CULLEN BLVD,6,Calle Local Municipalidad,Urbano,Arteria Principal,Not Reported,1,Sin jurisdiccion especial,20,29.67644167,-95.35578333,Peaton,El primer evento no fue una colision con un vehiculo automotor en transporte,Four-Way Intersection,Interseccion de 4 direcciones,Sobre calle,Ninguna,Oscuro con iluminacion,Despejado,No,NO APLICA,99,99,99,99,1,28/01/2022,1
48,Texas,480451,1,1,1,0,201,HARRIS (201),3280,HOUSTON,2,Febrero,19,2022,0,29,MYKAWA RD,6,Calle Local Municipalidad,Urbano,Arteria Menor,Not Reported,0,Sin jurisdiccion especial,0,29.61968611,-95.30429167,Ciclista,El primer evento no fue una colision con un vehiculo automotor en transporte,Not an Intersection,No fue interseccion,Sobre calle,Ninguna,Oscuro sin iluminacion,Despejado,No,NO APLICA,99,98,99,98,1,19/02/2022,1
48,Texas,480452,1,1,1,0,181,GRAYSON (181),0,NO APLICA,2,Febrero,9,2022,17,0,FM 697,8,Otro,Rural,Colector Mayor,Not Reported,0,Sin jurisdiccion especial,140,33.54112778,-96.4266,Ciclista,El primer evento no fue una colision con un vehiculo automotor en transporte,Not an Intersection,No fue interseccion,Sobre calle,Ninguna,Dia total,Despejado,No,NO APLICA,99,98,99,98,1,09/02/2022,1
48,Texas,480453,0,0,1,0,325,MEDINA (325),0,NO APLICA,2,Febrero,18,2022,7,49,CR-341,4,Calle del Condado,Rural,Local,Not Reported,0,Sin jurisdiccion especial,0,29.37963056,-99.14185278,Barda,El primer evento no fue una colision con un vehiculo automotor en transporte,T-Intersection,Interseccion de T,Fuera de la calle,Ninguna,Dia total,Despejado,No,NO APLICA,99,99,99,99,1,18/02/2022,12
48,Texas,480454,0,0,6,0,85,COLLIN (85),5730,RICHARDSON,2,Febrero,2,2022,5,0,US-75,2,US Highway,Urbano,Arterial Principal -Freeway o ExpressWay,Not Reported,1,Sin jurisdiccion especial,138,32.99728056,-96.70907778,Vehiculo en movimiento,Frente a Detrás,Not an Intersection,No fue interseccion,Sobre calle,Ninguna,Oscuro con iluminacion,Nublado,No,NO APLICA,99,99,99,99,2,02/02/2022,6
48,Texas,480455,0,0,1,0,85,COLLIN (85),0,NO APLICA,2,Febrero,20,2022,3,1,FM 3364,8,Otro,Rural,Colector Mayor,Not Reported,0,Sin jurisdiccion especial,17,33.129275,-96.48408333,Buzon de correo,El primer evento no fue una colision con un vehiculo automotor en transporte,Not an Intersection,No fue interseccion,Sobre el lado de la calle,Ninguna,Oscuro sin iluminacion,Despejado,No,NO APLICA,99,98,99,98,1,20/02/2022,1
48,Texas,480456,0,0,1,0,201,HARRIS (201),0,NO APLICA,1,Enero,24,2022,15,0,CYPRESSWOOD DR,6,Calle Local Municipalidad,Urbano,Arteria Menor,Not Reported,0,Sin jurisdiccion especial,0,30.03204444,-95.33045,Valla Ferrocarril,El primer evento no fue una colision con un vehiculo automotor en transporte,Not an Intersection,No fue interseccion,Sobre el lado de la calle,Ninguna,Dia total,lluvia,No,NO APLICA,99,99,99,99,1,24/01/2022,1
48,Texas,480457,0,0,1,0,29,BEXAR (29),0,NO APLICA,2,Febrero,15,2022,23,45,CR-PEARSALL RD,4,Calle del Condado,Rural,Colector Mayor,Not Reported,0,Sin jurisdiccion especial,0,29.29789722,-98.69171944,Otro objeto (no fijo),El primer evento no fue una colision con un vehiculo automotor en transporte,Not an Intersection,No fue interseccion,Sobre el lado de la calle,Ninguna,Oscuro sin iluminacion,Nublado,No,NO APLICA,99,98,99,98,1,15/02/2022,1