Estado,Nombre de Estado,Numero de Caso,Peatones,Personas _no_vehiculos,Vehiculos automotores,Vehiculos estacionados,Condado,Nombre Condado,Ciudad,Nombre Ciudad,Mes,Nombre Mes,Dia,Año,Hora,Minuto,Calle,Ruta,Nombre Ruta,Rural o Urbanoo,Sistema Funcional,Dueño Calle,Sistema Nacional Carreteras,Jurisdiccion Especial,Milla,Latitud,Longitud,Causa del Accidente,Tipo de Accidente,Tipo Interseccion,Columna1,Lugar en la calle,Zona de Trabajo,Luz,Clima,Autobus Escolar,Cruce de Trenes,Hora Notificacion,Minuto Notificacion,Hora Llegada,Minuto Llegada,Decesos,Fecha,PersonaVehiculo
48,Texas,480458,0,0,1,0,459,UPSHUR (459),0,NO APLICA,2,Febrero,17,2022,21,37,CR-WHITE OAK RD,4,Calle del Condado,Rural,Local,Not Reported,0,Sin jurisdiccion especial,0,32.57181111,-95.00619444,Arbol,El primer evento no fue una colision con un vehiculo automotor en transporte,Not an Intersection,No fue interseccion,Sobre el lado de la calle,Ninguna,Oscuro sin iluminacion,Despejado,No,NO APLICA,99,99,99,99,1,17/02/2022,2
48,Texas,480459,0,0,1,0,363,PALO PINTO (363),0,NO APLICA,2,Febrero,15,2022,23,2,I-20,1,Interestatal,Rural,Interestatal,State Highway Agency,1,Sin jurisdiccion especial,86,32.56301111,-98.24018056,Barrera de Cable,El primer evento no fue una colision con un vehiculo automotor en transporte,Not an Intersection,No fue interseccion,En el medio,Ninguna,Oscuro sin iluminacion,Despejado,No,NO APLICA,99,99,99,99,1,15/02/2022,2
48,Texas,480460,0,0,1,0,441,TAYLOR (441),30,ABILENE,2,Febrero,17,2022,23,17,1ST ST,6,Calle Local Municipalidad,Urbano,Local,Not Reported,0,Sin jurisdiccion especial,0,32.45303889,-99.78768611,Arbol,El primer evento no fue una colision con un vehiculo automotor en transporte,Not an Intersection,No fue interseccion,Sobre el lado de la calle,Ninguna,Oscuro con iluminacion,Despejado,No,NO APLICA,99,99,99,99,1,17/02/2022,2
48,Texas,480461,0,0,2,1,451,TOM GREEN (451),6080,SAN ANGELO,2,Febrero,20,2022,21,41,RM 584/KNICKERBOCKER RD,8,Otro,Urbano,Arteria Principal,Not Reported,1,Sin jurisdiccion especial,54,31.39339444,-100.4904556,Vehiculo Aparcado,El primer evento no fue una colision con un vehiculo automotor en transporte,Not an Intersection,No fue interseccion,Fuera de la calle,Ninguna,Oscuro con iluminacion,Despejado,No,NO APLICA,99,99,99,99,1,20/02/2022,1
48,Texas,480462,0,0,2,0,439,TARRANT (439),6060,SAGINAW,1,Enero,12,2022,13,21,SR-287 BUSINESS/SAGINAW BLVD,3,Highway estatal,Urbano,Arteria Principal,Not Reported,1,Sin jurisdiccion especial,94,32.84915,-97.36043056,Vehiculo en movimiento,Angulo,Not an Intersection,No fue interseccion,Sobre calle,Ninguna,Dia total,Despejado,No,NO APLICA,13,24,13,33,1,12/01/2022,2
48,Texas,480463,0,0,1,0,29,BEXAR (29),6090,SAN ANTONIO,2,Febrero,21,2022,4,6,SR-16/PALO ALTO RD,3,Highway estatal,Urbano,Arteria Principal,Not Reported,1,Sin jurisdiccion especial,47,29.29376944,-98.55759167,Volcadura,El primer evento no fue una colision con un vehiculo automotor en transporte,Not an Intersection,No fue interseccion,Separador,Ninguna,Oscuro sin iluminacion,lluvia,No,NO APLICA,99,99,99,99,1,21/02/2022,2
48,Texas,480464,0,0,3,0,301,LOVING (301),0,NO APLICA,1,Enero,30,2022,16,48,CR-300,4,Calle del Condado,Rural,Local,Not Reported,0,Sin jurisdiccion especial,0,31.78144444,-103.6251694,Vehiculo en movimiento,Golpe Lateral - direccion contraria,Not an Intersection,No fue interseccion,Sobre calle,Ninguna,Dia total,Despejado,No,NO APLICA,99,99,99,99,1,30/01/2022,4
48,Texas,480465,1,1,1,0,423,SMITH (423),7070,TYLER,2,Febrero,18,2022,19,29,BROADWAY AVE,6,Calle Local Municipalidad,Urbano,Arteria Principal,Not Reported,0,Sin jurisdiccion especial,0,32.36259444,-95.30155278,Peaton,El primer evento no fue una colision con un vehiculo automotor en transporte,Not an Intersection,No fue interseccion,Sobre calle,Ninguna,Oscuro sin iluminacion,Despejado,No,NO APLICA,99,99,99,99,1,18/02/2022,1
48,Texas,480466,1,1,1,0,439,TARRANT (439),2450,FORT WORTH,2,Febrero,13,2022,2,49,CROWLEY RD,6,Calle Local Municipalidad,Urbano,Arteria Principal,Not Reported,1,Sin jurisdiccion especial,114,32.64621111,-97.34840278,Peaton,El primer evento no fue una colision con un vehiculo automotor en transporte,Not an Intersection,No fue interseccion,Sobre calle,Ninguna,Oscuro con iluminacion,Despejado,No,NO APLICA,99,98,99,98,1,13/02/2022,1
48,Texas,480467,1,1,1,0,251,JOHNSON (251),120,ALVARADO,2,Febrero,14,2022,15,56,US-67/HENDERSON ST,2,US Highway,Urbano,Arteria Principal,Not Reported,1,Sin jurisdiccion especial,14,32.40785833,-97.26326667,Ciclista,El primer evento no fue una colision con un vehiculo automotor en transporte,Not an Intersection,No fue interseccion,Sobre Acotamiento,Ninguna,Dia total,Despejado,No,NO APLICA,99,98,99,98,1,14/02/2022,1
48,Texas,480468,0,0,1,0,507,ZAVALA (507),0,NO APLICA,2,Febrero,14,2022,18,15,FM 117,8,Otro,Rural,Colector Mayor,Not Reported,0,Sin jurisdiccion especial,153,28.88522778,-99.60370556,Culvert,El primer evento no fue una colision con un vehiculo automotor en transporte,Not an Intersection,No fue interseccion,Sobre el lado de la calle,Ninguna,Atardecer,Despejado,No,NO APLICA,99,98,99,98,1,14/02/2022,1
48,Texas,480469,0,0,1,0,367,PARKER (367),0,NO APLICA,2,Febrero,19,2022,7,5,FM 113,8,Otro,Rural,Colector Mayor,Not Reported,0,Sin jurisdiccion especial,63,32.82365278,-97.98773889,Volcadura,El primer evento no fue una colision con un vehiculo automotor en transporte,Not an Intersection,No fue interseccion,Sobre el lado de la calle,Ninguna,Oscuro sin iluminacion,Despejado,No,NO APLICA,99,98,99,98,1,19/02/2022,1
48,Texas,480470,0,0,1,0,423,SMITH (423),0,NO APLICA,2,Febrero,17,2022,22,25,CR-472,4,Calle del Condado,Urbano,Local,Not Reported,0,Sin jurisdiccion especial,0,32.47008611,-95.39918611,Arbol,El primer evento no fue una colision con un vehiculo automotor en transporte,Not an Intersection,No fue interseccion,Sobre el lado de la calle,Ninguna,Oscuro sin iluminacion,Nublado,No,NO APLICA,99,99,99,99,1,17/02/2022,3
48,Texas,480471,0,0,1,0,347,NACOGDOCHES (347),0,NO APLICA,2,Febrero,9,2022,13,0,CR-528,4,Calle del Condado,Rural,Local,Not Reported,0,Sin jurisdiccion especial,0,31.5041,-94.65726944,Arbol,El primer evento no fue una colision con un vehiculo automotor en transporte,Not an Intersection,No fue interseccion,Sobre el lado de la calle,Ninguna,Dia total,Despejado,No,NO APLICA,99,99,99,99,1,09/02/2022,1
48,Texas,480472,0,0,1,0,435,SUTTON (435),0,NO APLICA,2,Febrero,18,2022,9,20,I-10,1,Interestatal,Rural,Interestatal,State Highway Agency,1,Sin jurisdiccion especial,131,30.57267778,-100.5916611,Otro objeto (fijo),El primer evento no fue una colision con un vehiculo automotor en transporte,Not an Intersection,No fue interseccion,Fuera de la calle,Ninguna,Dia total,Despejado,No,NO APLICA,99,98,99,98,1,18/02/2022,1
48,Texas,480473,0,0,2,0,217,HILL (217),3210,HILLSBORO,1,Enero,28,2022,14,11,SR-81,3,Highway estatal,Urbano,Arteria Menor,Not Reported,0,Sin jurisdiccion especial,99998,88.8888,888.8888,Vehiculo en movimiento,Angulo,T-Intersection,Interseccion de T,Sobre calle,Ninguna,Dia total,Despejado,No,NO APLICA,99,99,99,99,1,28/01/2022,5
48,Texas,480474,0,0,2,0,201,HARRIS (201),0,NO APLICA,2,Febrero,14,2022,15,32,I-45/NORTH FWY,7,Calle Local,Urbano,Colector Mayor,State Highway Agency,0,Sin jurisdiccion especial,440,30.03243056,-95.42969167,Vehiculo en movimiento,Frente a Detrás,Not an Intersection,No fue interseccion,Sobre calle,Ninguna,Dia total,Despejado,No,NO APLICA,99,99,99,99,1,14/02/2022,2
48,Texas,480475,0,0,1,0,423,SMITH (423),7070,TYLER,2,Febrero,12,2022,15,31,SR-110/TROUP HWY,3,Highway estatal,Urbano,Arteria Principal,Not Reported,1,Sin jurisdiccion especial,22,32.31746944,-95.27803611,Arbol,El primer evento no fue una colision con un vehiculo automotor en transporte,Not an Intersection,No fue interseccion,Sobre el lado de la calle,Ninguna,Dia total,Nublado,No,NO APLICA,99,99,99,99,1,12/02/2022,1
48,Texas,480476,0,0,1,0,343,MORRIS (343),0,NO APLICA,2,Febrero,18,2022,20,55,I-30,1,Interestatal,Rural,Interestatal,State Highway Agency,1,Sin jurisdiccion especial,42,33.29413889,-94.74183611,Volcadura,El primer evento no fue una colision con un vehiculo automotor en transporte,Not an Intersection,No fue interseccion,Sobre calle,Ninguna,Oscuro sin iluminacion,Despejado,No,NO APLICA,99,98,99,98,1,18/02/2022,1
48,Texas,480477,0,0,1,0,439,TARRANT (439),2255,EULESS,2,Febrero,16,2022,12,14,SR-183/AIRPORT FWY,7,Calle Local,Urbano,Arteria Principal,Not Reported,0,Sin jurisdiccion especial,22,32.83886944,-97.08531111,Barrera de Trafico de Concreto,El primer evento no fue una colision con un vehiculo automotor en transporte,Not an Intersection,No fue interseccion,Sobre el lado de la calle,Ninguna,Dia total,Nublado,No,NO APLICA,99,99,99,99,1,16/02/2022,1
48,Texas,480478,1,3,4,2,201,HARRIS (201),3280,HOUSTON,2,Febrero,13,2022,2,33,TL 8 SAM HOUSTON PKWY,8,Otro,Urbano,Arterial Principal -Freeway o ExpressWay,Not Reported,1,Sin jurisdiccion especial,148,29.83174167,-95.56396111,Vehiculo en movimiento,Frente a Detrás,Not an Intersection,No fue interseccion,Sobre calle,Ninguna,Oscuro con iluminacion,Despejado,No,NO APLICA,99,98,99,98,1,13/02/2022,3
48,Texas,480479,0,0,2,0,201,HARRIS (201),0,NO APLICA,2,Febrero,13,2022,10,15,LITTLE YORK RD,6,Calle Local Municipalidad,Urbano,Arteria Menor,Not Reported,0,Sin jurisdiccion especial,0,29.86703056,-95.58176944,Vehiculo en movimiento,Frente a Detrás,T-Intersection,Interseccion de T,Sobre calle,Ninguna,Dia total,Despejado,No,NO APLICA,99,99,99,99,1,13/02/2022,4
48,Texas,480480,0,0,1,0,37,BOWIE (37),0,NO APLICA,2,Febrero,12,2022,9,14,CR-4230,4,Calle del Condado,Rural,Local,Not Reported,0,Sin jurisdiccion especial,0,33.46649167,-94.62227222,Barda,El primer evento no fue una colision con un vehiculo automotor en transporte,Not an Intersection,No fue interseccion,Fuera de la calle,Ninguna,Reportada como desconocida,Nublado,No,NO APLICA,99,98,99,98,1,12/02/2022,1
48,Texas,480481,0,0,2,0,141,EL PASO (141),0,NO APLICA,2,Febrero,19,2022,18,19,FM 76,8,Otro,Urbano,Colector Mayor,Not Reported,0,Sin jurisdiccion especial,168,31.59142222,-106.2112,Vehiculo en movimiento,No reportado,Not an Intersection,No fue interseccion,Sobre calle,Ninguna,Oscuro sin iluminacion,Despejado,No,NO APLICA,99,98,99,98,1,19/02/2022,2
48,Texas,480482,0,0,4,0,135,ECTOR (135),0,NO APLICA,2,Febrero,6,2022,2,21,FM 2020,8,Otro,Urbano,Arteria Menor,Not Reported,0,Sin jurisdiccion especial,84,31.85882778,-102.4236778,Vehiculo en movimiento,Frente a Detrás,Not an Intersection,No fue interseccion,Sobre calle,Ninguna,Oscuro con iluminacion,Despejado,No,NO APLICA,99,99,99,99,1,06/02/2022,8
48,Texas,480483,1,1,1,0,123,DE WITT (123),1670,CUERO,1,Enero,29,2022,19,21,US-87/BROADWAY ST,2,US Highway,Urbano,Arteria Principal,Not Reported,1,Sin jurisdiccion especial,195,29.08755556,-97.26686111,Peaton,El primer evento no fue una colision con un vehiculo automotor en transporte,Not an Intersection,No fue interseccion,Sobre calle,Ninguna,Oscuro sin iluminacion,Despejado,No,NO APLICA,99,99,99,99,1,29/01/2022,1
48,Texas,480484,0,0,1,0,215,HIDALGO (215),4650,MISSION,2,Febrero,21,2022,23,46,FM 494/SHARY RD,8,Otro,Urbano,Arteria Principal,Not Reported,0,Sin jurisdiccion especial,158,26.23286944,-98.28225556,Otro objeto (fijo),El primer evento no fue una colision con un vehiculo automotor en transporte,Not an Intersection,No fue interseccion,Fuera de la calle,Ninguna,Oscuro con iluminacion,Nublado,No,NO APLICA,99,99,99,99,1,21/02/2022,1
48,Texas,480485,0,0,3,0,113,DALLAS (113),1730,DALLAS,2,Febrero,21,2022,8,25,I-635 RAMP/LBJ TEXPRESS,1,Interestatal,Urbano,Interestatal,State Toll Road,1,Sin jurisdiccion especial,70,32.92418333,-96.77324444,Otro objeto (fijo),El primer evento no fue una colision con un vehiculo automotor en transporte,Not an Intersection,No fue interseccion,Sobre calle,Ninguna,Dia total,Nublado,No,NO APLICA,99,99,99,99,2,21/02/2022,4
48,Texas,480486,0,0,1,0,201,HARRIS (201),3280,HOUSTON,2,Febrero,17,2022,22,54,SR-249/TOMBALL  PKWY,3,Highway estatal,Urbano,Arterial Principal -Freeway o ExpressWay,Not Reported,1,Sin jurisdiccion especial,138,29.95748889,-95.543275,Fin de valla,El primer evento no fue una colision con un vehiculo automotor en transporte,Not an Intersection,No fue interseccion,Sobre el lado de la calle,Ninguna,Oscuro sin iluminacion,Despejado,No,NO APLICA,99,98,99,98,1,17/02/2022,1
48,Texas,480487,0,0,2,0,491,WILLIAMSON (491),0,NO APLICA,2,Febrero,13,2022,16,18,CR-132,4,Calle del Condado,Rural,Local,Not Reported,0,Sin jurisdiccion especial,0,30.55476111,-97.52446944,Vehiculo en movimiento,Angulo,Four-Way Intersection,Interseccion de 4 direcciones,Sobre calle,Ninguna,Dia total,Despejado,No,NO APLICA,99,98,99,98,1,13/02/2022,4
48,Texas,480488,1,1,1,0,29,BEXAR (29),6090,SAN ANTONIO,2,Febrero,22,2022,20,9,ENRIQUE M BARRERA PKWY,6,Calle Local Municipalidad,Urbano,Arteria Menor,Not Reported,0,Sin jurisdiccion especial,0,29.422975,-98.58157222,Peaton,El primer evento no fue una colision con un vehiculo automotor en transporte,Not an Intersection,No fue interseccion,Sobre calle,Construccion,Oscuro con iluminacion,Despejado,No,NO APLICA,99,99,99,99,1,22/02/2022,2
48,Texas,480489,0,0,2,0,495,WINKLER (495),0,NO APLICA,1,Enero,31,2022,13,33,SR-302,3,Highway estatal,Rural,Arteria Menor,Not Reported,0,Sin jurisdiccion especial,139,31.86473333,-103.023275,Vehiculo en movimiento,Golpe Lateral - direccion contraria,Not an Intersection,No fue interseccion,Sobre calle,Construccion,Dia total,Despejado,No,NO APLICA,99,98,99,98,1,31/01/2022,2
48,Texas,480490,1,1,1,0,183,GREGG (183),4080,LONGVIEW,2,Febrero,21,2022,20,35,FOURTH ST,6,Calle Local Municipalidad,Urbano,Arteria Menor,Not Reported,0,Sin jurisdiccion especial,0,32.51831667,-94.72996389,Peaton,El primer evento no fue una colision con un vehiculo automotor en transporte,Not an Intersection,No fue interseccion,Sobre calle,Ninguna,Oscuro sin iluminacion,Nublado,No,NO APLICA,99,99,99,99,1,21/02/2022,1
48,Texas,480491,1,1,1,0,241,JASPER (241),0,NO APLICA,2,Febrero,21,2022,5,19,US-96,2,US Highway,Rural,Arteria Principal,Not Reported,1,Sin jurisdiccion especial,143,31.00783611,-93.98165,Peaton,El primer evento no fue una colision con un vehiculo automotor en transporte,Not an Intersection,No fue interseccion,Sobre calle,Ninguna,Oscuro sin iluminacion,lluvia,No,NO APLICA,99,98,99,98,1,21/02/2022,1
48,Texas,480492,0,0,2,0,507,ZAVALA (507),0,NO APLICA,2,Febrero,14,2022,7,10,US-57,2,US Highway,Rural,Arteria Principal,Not Reported,1,Sin jurisdiccion especial,130,28.95051667,-99.64718611,Vehiculo en movimiento,Frente a frente,Not an Intersection,No fue interseccion,Sobre calle,Ninguna,Amanecer,Despejado,No,NO APLICA,99,99,99,99,1,14/02/2022,2
48,Texas,480493,0,0,1,0,215,HIDALGO (215),0,NO APLICA,1,Enero,29,2022,1,8,CR-MILE 6 W RD,4,Calle del Condado,Urbano,Colector Mayor,Not Reported,0,Sin jurisdiccion especial,0,26.192,-98.00729722,Otro objeto (no fijo),El primer evento no fue una colision con un vehiculo automotor en transporte,Not an Intersection,No fue interseccion,Fuera de la calle,Construccion,Oscuro sin iluminacion,Despejado,No,NO APLICA,99,98,99,98,1,29/01/2022,1
48,Texas,480494,0,0,1,0,185,GRIMES (185),0,NO APLICA,2,Febrero,15,2022,16,5,CR-169,4,Calle del Condado,Rural,Local,Not Reported,0,Sin jurisdiccion especial,0,30.75361667,-96.06036111,Vehiculo Ferrocarril,El primer evento no fue una colision con un vehiculo automotor en transporte,Not an Intersection,No fue interseccion,Sobre calle,Ninguna,Dia total,Nublado,No,597137U,99,98,99,98,1,15/02/2022,1
48,Texas,480495,0,0,4,0,167,GALVESTON (167),1920,DICKINSON,2,Febrero,22,2022,4,51,I-45,1,Interestatal,Urbano,Interestatal,State Highway Agency,1,Sin jurisdiccion especial,122,29.45008889,-95.07769444,Vehiculo en movimiento,Frente a Detrás,Not an Intersection,No fue interseccion,Sobre calle,Construccion,Oscuro sin iluminacion,Nublado,No,NO APLICA,99,99,99,99,1,22/02/2022,4
48,Texas,480496,0,0,1,0,29,BEXAR (29),6090,SAN ANTONIO,2,Febrero,13,2022,3,30,US-90W,2,US Highway,Urbano,Arterial Principal -Freeway o ExpressWay,Not Reported,1,Sin jurisdiccion especial,38,29.40713333,-98.60147222,Valla Ferrocarril,El primer evento no fue una colision con un vehiculo automotor en transporte,Not an Intersection,No fue interseccion,Gore?,Ninguna,Oscuro con iluminacion,Despejado,No,NO APLICA,99,99,99,99,1,13/02/2022,1
48,Texas,480497,0,0,2,0,215,HIDALGO (215),2110,EDINBURG,2,Febrero,6,2022,20,18,I-69 C,1,Interestatal,Urbano,Interestatal,State Highway Agency,1,Sin jurisdiccion especial,279,26.35481389,-98.14725833,Valla Ferrocarril,El primer evento no fue una colision con un vehiculo automotor en transporte,Not an Intersection,No fue interseccion,En el medio,Ninguna,Oscuro sin iluminacion,Despejado,No,NO APLICA,99,99,99,99,1,06/02/2022,2
48,Texas,480498,0,0,2,0,339,MONTGOMERY (339),0,NO APLICA,2,Febrero,24,2022,8,16,FM 149,8,Otro,Rural,Colector Mayor,Not Reported,0,Sin jurisdiccion especial,238,30.28350833,-95.70216944,Vehiculo en movimiento,Frente a frente,Not an Intersection,No fue interseccion,Sobre calle,Ninguna,Dia total,lluvia,No,NO APLICA,99,98,99,98,1,24/02/2022,2
48,Texas,480499,0,0,2,0,203,HARRISON (203),0,NO APLICA,2,Febrero,15,2022,20,41,I-20,1,Interestatal,Rural,Interestatal,State Highway Agency,1,Sin jurisdiccion especial,51,32.46751111,-94.61698611,Vehiculo en movimiento,Frente a Detrás,Not an Intersection,No fue interseccion,Sobre calle,Ninguna,Oscuro sin iluminacion,Despejado,No,NO APLICA,99,98,99,98,1,15/02/2022,2
48,Texas,480500,0,0,1,0,303,LUBBOCK (303),4140,LUBBOCK,2,Febrero,19,2022,1,5,I-27,1,Interestatal,Urbano,Interestatal,State Highway Agency,1,Sin jurisdiccion especial,36,33.54486111,-101.8451667,Alguien se cayo/avento del vehiculo,El primer evento no fue una colision con un vehiculo automotor en transporte,Not an Intersection,No fue interseccion,Sobre calle,Ninguna,Oscuro con iluminacion,Despejado,No,NO APLICA,99,98,99,98,1,19/02/2022,4
48,Texas,480501,0,0,2,0,439,TARRANT (439),7258,WATAUGA,2,Febrero,18,2022,21,38,HIGHTOWER DR,6,Calle Local Municipalidad,Urbano,Arteria Menor,Not Reported,0,Sin jurisdiccion especial,0,32.87418333,-97.25500278,Vehiculo en movimiento,Angulo,T-Intersection,Interseccion de T,Sobre calle,Ninguna,Oscuro con iluminacion,Despejado,No,NO APLICA,99,99,99,99,1,18/02/2022,2
48,Texas,480502,0,0,1,0,439,TARRANT (439),2450,FORT WORTH,2,Febrero,10,2022,8,6,TL 38 CHISHOLM TRAIL PKWY,8,Otro,Urbano,Arterial Principal -Freeway o ExpressWay,State Toll Road,0,Sin jurisdiccion especial,0,32.69090833,-97.40430278,Arbol,El primer evento no fue una colision con un vehiculo automotor en transporte,Not an Intersection,No fue interseccion,Separador,Ninguna,Dia total,Despejado,No,NO APLICA,99,98,99,98,1,10/02/2022,1
48,Texas,480503,0,0,1,0,25,BEE (25),6407,SKIDMORE,2,Febrero,4,2022,13,40,US-181,2,US Highway,Rural,Arteria Principal,Not Reported,1,Sin jurisdiccion especial,80,28.25652222,-97.68608889,Poste,El primer evento no fue una colision con un vehiculo automotor en transporte,Not an Intersection,No fue interseccion,Sobre el lado de la calle,Ninguna,Dia total,Despejado,No,NO APLICA,99,98,99,98,1,04/02/2022,1
48,Texas,480504,1,1,1,0,209,HAYS (209),0,NO APLICA,2,Febrero,21,2022,20,51,US-290,2,US Highway,Urbano,Arteria Principal,Not Reported,1,Sin jurisdiccion especial,167,30.20899444,-97.97272778,Peaton,El primer evento no fue una colision con un vehiculo automotor en transporte,Not an Intersection,No fue interseccion,Sobre calle,Ninguna,Oscuro sin iluminacion,Despejado,No,NO APLICA,99,98,99,98,1,21/02/2022,1
48,Texas,480505,0,0,3,0,349,NAVARRO (349),5508,POWELL,2,Febrero,18,2022,16,14,SR-31,3,Highway estatal,Urbano,Arteria Principal,Not Reported,1,Sin jurisdiccion especial,73,32.11620833,-96.33854444,Vehiculo en movimiento,Frente a frente,Not an Intersection,No fue interseccion,Sobre calle,Ninguna,Dia total,Despejado,No,NO APLICA,99,99,99,99,2,18/02/2022,4
48,Texas,480506,0,0,2,0,329,MIDLAND (329),0,NO APLICA,2,Febrero,16,2022,6,47,FM 1788,8,Otro,Rural,Arteria Menor,Not Reported,0,Sin jurisdiccion especial,0,32.04157778,-102.2747083,Vehiculo en movimiento,Angulo,T-Intersection,Interseccion de T,Sobre calle,Ninguna,Oscuro sin iluminacion,Despejado,No,NO APLICA,99,98,99,98,1,16/02/2022,3
48,Texas,480507,0,0,2,0,453,TRAVIS (453),0,NO APLICA,2,Febrero,14,2022,0,4,FM 973,8,Otro,Urbano,Arteria Menor,Not Reported,0,Sin jurisdiccion especial,81,30.250075,-97.61630556,Vehiculo en movimiento,Angulo,Not an Intersection,No fue interseccion,Sobre calle,Ninguna,Oscuro sin iluminacion,Despejado,No,NO APLICA,99,99,99,99,1,14/02/2022,2
48,Texas,480508,1,1,1,0,201,HARRIS (201),3280,HOUSTON,2,Febrero,25,2022,20,38,FM 1960 RD,8,Otro,Urbano,Arteria Principal,Not Reported,0,Sin jurisdiccion especial,61,29.95845,-95.55013611,Peaton,El primer evento no fue una colision con un vehiculo automotor en transporte,Not an Intersection,No fue interseccion,Sobre calle,Ninguna,Oscuro con iluminacion,Despejado,No,NO APLICA,99,98,99,98,1,25/02/2022,1
48,Texas,480509,1,1,1,0,71,CHAMBERS (71),9997,Other,2,Febrero,20,2022,4,0,I-10/EAST FWY,1,Interestatal,Urbano,Interestatal,State Highway Agency,1,Sin jurisdiccion especial,15,29.82276944,-94.88490278,Peaton,El primer evento no fue una colision con un vehiculo automotor en transporte,Not an Intersection,No fue interseccion,Sobre calle,Ninguna,Oscuro sin iluminacion,Despejado,No,NO APLICA,99,99,99,99,1,20/02/2022,2
48,Texas,480510,0,0,1,0,223,HOPKINS (223),0,NO APLICA,2,Febrero,9,2022,23,37,FM 69,8,Otro,Rural,Colector Mayor,Not Reported,0,Sin jurisdiccion especial,75,32.97196944,-95.43094722,Volcadura,El primer evento no fue una colision con un vehiculo automotor en transporte,T-Intersection,Interseccion de T,Sobre calle,Ninguna,Oscuro sin iluminacion,Nublado,No,NO APLICA,99,99,99,99,1,09/02/2022,2
48,Texas,480511,0,0,2,0,453,TRAVIS (453),0,NO APLICA,2,Febrero,20,2022,20,18,SR-71,3,Highway estatal,Urbano,Arteria Principal,Not Reported,1,Sin jurisdiccion especial,8,30.18679167,-97.60605833,Vehiculo en movimiento,Angulo,Not an Intersection,No fue interseccion,Sobre calle,Construccion,Oscuro sin iluminacion,Despejado,No,NO APLICA,99,98,99,98,1,20/02/2022,2
48,Texas,480512,0,0,2,0,453,TRAVIS (453),330,AUSTIN,2,Febrero,26,2022,6,47,US-183,2,US Highway,Urbano,Arteria Principal,Not Reported,1,Sin jurisdiccion especial,268,30.21765833,-97.68344167,Vehiculo en movimiento,Angulo,T-Intersection,Interseccion de T,Sobre calle,Ninguna,Oscuro con iluminacion,Nublado,No,NO APLICA,99,99,99,99,1,26/02/2022,2
48,Texas,480513,0,1,4,1,3,ANDREWS (3),0,NO APLICA,2,Febrero,18,2022,6,46,FM 1788,8,Otro,Rural,Arteria Menor,Not Reported,0,Sin jurisdiccion especial,101,32.18600833,-102.3555361,Vehiculo en movimiento,Frente a frente,Not an Intersection,No fue interseccion,Sobre calle,Ninguna,Amanecer,Despejado,No,NO APLICA,99,99,99,99,2,18/02/2022,4
48,Texas,480514,0,0,2,0,61,CAMERON (61),940,BROWNSVILLE,2,Febrero,24,2022,20,34,SR-48/SOUTH PADRE ISLAND HWY,3,Highway estatal,Urbano,Arteria Principal,Not Reported,1,Sin jurisdiccion especial,35,25.92515833,-97.45880278,Vehiculo en movimiento,Frente a Detrás,T-Intersection,Interseccion de T,Sobre calle,Ninguna,Oscuro con iluminacion,Nublado,No,NO APLICA,99,99,99,99,1,24/02/2022,5
48,Texas,480515,0,0,2,0,481,WHARTON (481),7410,WHARTON,2,Febrero,17,2022,7,39,US-59,2,US Highway,Rural,Arteria Principal,Not Reported,1,Sin jurisdiccion especial,123,29.30838056,-96.12596667,Vehiculo en movimiento,Golpe Lateral - misma direccion,Not an Intersection,No fue interseccion,Sobre calle,Ninguna,Dia total,Despejado,No,NO APLICA,99,98,99,98,1,17/02/2022,2
48,Texas,480516,0,0,1,0,51,BURLESON (51),0,NO APLICA,2,Febrero,23,2022,21,0,SR-36,3,Highway estatal,Rural,Arteria Principal,Not Reported,1,Sin jurisdiccion especial,49,30.46959722,-96.66585556,Arbol,El primer evento no fue una colision con un vehiculo automotor en transporte,Not an Intersection,No fue interseccion,Sobre el lado de la calle,Ninguna,Oscuro sin iluminacion,lluvia,No,NO APLICA,99,99,99,99,1,23/02/2022,1
48,Texas,480517,0,0,2,0,453,TRAVIS (453),0,NO APLICA,2,Febrero,5,2022,20,23,FM 812,8,Otro,Rural,Arteria Menor,Not Reported,0,Sin jurisdiccion especial,67,30.10336667,-97.61469444,Vehiculo en movimiento,Angulo,Not an Intersection,No fue interseccion,Sobre calle,Ninguna,Oscuro sin iluminacion,Despejado,No,NO APLICA,99,99,99,99,1,05/02/2022,4
48,Texas,480518,0,0,2,0,113,DALLAS (113),2800,GRAND PRAIRIE,2,Febrero,18,2022,0,50,I-30,1,Interestatal,Urbano,Interestatal,State Highway Agency,1,Sin jurisdiccion especial,23,32.75860833,-96.99651667,Vehiculo en movimiento,Frente a frente,Not an Intersection,No fue interseccion,Sobre calle,Ninguna,Oscuro con iluminacion,Nublado,No,NO APLICA,99,99,99,99,3,18/02/2022,3
48,Texas,480519,0,0,2,0,491,WILLIAMSON (491),1242,CEDAR PARK,2,Febrero,6,2022,2,10,US-183,2,US Highway,Urbano,Arteria Principal,Not Reported,1,Sin jurisdiccion especial,0,30.5231,-97.83110278,Vehiculo en movimiento,Angulo,Four-Way Intersection,Interseccion de 4 direcciones,Sobre calle,Ninguna,Oscuro con iluminacion,Despejado,No,NO APLICA,99,99,99,99,1,06/02/2022,2
48,Texas,480520,0,0,2,0,159,FRANKLIN (159),0,NO APLICA,2,Febrero,25,2022,20,39,I-30,1,Interestatal,Rural,Interestatal,State Highway Agency,1,Sin jurisdiccion especial,33,33.16293333,-95.25118889,Vehiculo en movimiento,Frente a frente,Not an Intersection,No fue interseccion,Sobre calle,Ninguna,Oscuro sin iluminacion,Nublado,No,NO APLICA,99,99,99,99,1,25/02/2022,3