Estado,Nombre de Estado,Numero de Caso,Peatones,Personas _no_vehiculos,Vehiculos automotores,Vehiculos estacionados,Condado,Nombre Condado,Ciudad,Nombre Ciudad,Mes,Nombre Mes,Dia,Año,Hora,Minuto,Calle,Ruta,Nombre Ruta,Rural o Urbanoo,Sistema Funcional,Dueño Calle,Sistema Nacional Carreteras,Jurisdiccion Especial,Milla,Latitud,Longitud,Causa del Accidente,Tipo de Accidente,Tipo Interseccion,Columna1,Lugar en la calle,Zona de Trabajo,Luz,Clima,Autobus Escolar,Cruce de Trenes,Hora Notificacion,Minuto Notificacion,Hora Llegada,Minuto Llegada,Decesos,Fecha,PersonaVehiculo
48,Texas,480521,0,0,4,0,201,HARRIS (201),3280,HOUSTON,1,Enero,23,2022,13,4,BINGLE RD,6,Calle Local Municipalidad,Urbano,Arteria Principal,Not Reported,0,Sin jurisdiccion especial,0,29.83320278,-95.49083611,Vehiculo en movimiento,Angulo,Four-Way Intersection,Interseccion de 4 direcciones,Sobre calle,Ninguna,Dia total,Despejado,No,NO APLICA,99,99,99,99,1,23/01/2022,9
48,Texas,480522,0,0,2,0,245,JEFFERSON (245),5430,PORT ARTHUR,2,Febrero,27,2022,3,54,FM 365,8,Otro,Urbano,Arteria Menor,Not Reported,0,Sin jurisdiccion especial,137,29.91429167,-94.032325,Vehiculo en movimiento,Angulo,Four-Way Intersection,Interseccion de 4 direcciones,Sobre calle,Ninguna,Oscuro sin iluminacion,Despejado,No,NO APLICA,99,98,99,98,1,27/02/2022,2
48,Texas,480523,0,0,3,0,209,HAYS (209),0,NO APLICA,2,Febrero,10,2022,17,51,US-290,2,US Highway,Rural,Arteria Principal,Not Reported,1,Sin jurisdiccion especial,13,30.19331944,-98.21506111,Vehiculo en movimiento,Frente a frente,T-Intersection,Interseccion de T,Sobre calle,Ninguna,Dia total,Despejado,No,NO APLICA,99,99,99,99,1,10/02/2022,3
48,Texas,480524,0,0,1,0,271,KINNEY (271),0,NO APLICA,2,Febrero,2,2022,19,15,US-90,2,US Highway,Rural,Arteria Principal,Not Reported,1,Sin jurisdiccion especial,147,29.32619722,-100.479775,Animal vivo,El primer evento no fue una colision con un vehiculo automotor en transporte,Not an Intersection,No fue interseccion,Sobre calle,Ninguna,Oscuro sin iluminacion,Nublado,No,NO APLICA,99,98,99,98,1,02/02/2022,1
48,Texas,480525,0,0,2,0,201,HARRIS (201),0,NO APLICA,2,Febrero,14,2022,2,10,SR-8 LOOP SAM HOUSTON TOLLWAY,3,Highway estatal,Urbano,Arterial Principal -Freeway o ExpressWay,State Toll Road,1,Sin jurisdiccion especial,181,29.87556111,-95.55133056,Vehiculo en movimiento,Frente a frente,Not an Intersection,No fue interseccion,Sobre calle,Ninguna,Oscuro con iluminacion,Despejado,No,NO APLICA,99,99,99,99,1,14/02/2022,3
48,Texas,480526,0,0,2,0,185,GRIMES (185),0,NO APLICA,2,Febrero,16,2022,21,5,SR-105,3,Highway estatal,Rural,Arteria Principal,Not Reported,1,Sin jurisdiccion especial,99,30.35872222,-95.92577778,Vehiculo en movimiento,Frente a frente,Not an Intersection,No fue interseccion,Sobre el lado de la calle,Ninguna,Oscuro sin iluminacion,lluvia,No,NO APLICA,99,98,99,98,1,16/02/2022,2
48,Texas,480527,0,0,5,3,481,WHARTON (481),2045,EAST BERNARD,2,Febrero,3,2022,11,10,US-90 ALT,2,US Highway,Rural,Arteria Menor,Not Reported,0,Sin jurisdiccion especial,119,29.53127778,-96.06972222,Vehiculo en movimiento,Angulo,Not an Intersection,No fue interseccion,Sobre calle,Ninguna,Dia total,Nublado,No,NO APLICA,99,99,99,99,1,03/02/2022,2
48,Texas,480528,0,0,2,0,141,EL PASO (141),0,NO APLICA,2,Febrero,27,2022,10,45,I-10,1,Interestatal,Rural,Interestatal,State Highway Agency,1,Sin jurisdiccion especial,488,31.53801667,-106.1453389,Vehiculo en movimiento,Frente a Detrás,Not an Intersection,No fue interseccion,Sobre calle,Ninguna,Dia total,Despejado,No,NO APLICA,99,98,99,98,1,27/02/2022,2
48,Texas,480529,0,0,2,0,53,BURNET (53),0,NO APLICA,2,Febrero,14,2022,19,17,US-183,2,US Highway,Rural,Arteria Principal,Not Reported,1,Sin jurisdiccion especial,174,30.88676389,-97.926375,Vehiculo en movimiento,Angulo,T-Intersection,Interseccion de T,Sobre calle,Ninguna,Oscuro sin iluminacion,Despejado,No,NO APLICA,99,99,99,99,1,14/02/2022,4
48,Texas,480530,0,0,2,0,147,FANNIN (147),0,NO APLICA,2,Febrero,23,2022,10,58,SR-121,3,Highway estatal,Rural,Arteria Menor,Not Reported,0,Sin jurisdiccion especial,172,33.48503889,-96.25871944,Vehiculo en movimiento,Frente a frente,Not an Intersection,No fue interseccion,Sobre calle,Ninguna,Dia total,Granizo,No,NO APLICA,99,99,99,99,1,23/02/2022,3
48,Texas,480531,0,0,1,0,113,DALLAS (113),1730,DALLAS,2,Febrero,27,2022,5,8,I-35E/RL THORNTON FWY,1,Interestatal,Urbano,Interestatal,State Highway Agency,1,Sin jurisdiccion especial,146,32.75163056,-96.80959722,Barrera de Trafico de Concreto,El primer evento no fue una colision con un vehiculo automotor en transporte,Not an Intersection,No fue interseccion,Separador,Construccion,Oscuro con iluminacion,Despejado,No,NO APLICA,99,99,99,99,1,27/02/2022,2
48,Texas,480532,1,1,1,0,113,DALLAS (113),1730,DALLAS,2,Febrero,25,2022,21,39,CLARK RD,6,Calle Local Municipalidad,Urbano,Arteria Principal,Not Reported,0,Servicio de Parques Nacional,0,32.64937222,-96.94299444,Peaton,El primer evento no fue una colision con un vehiculo automotor en transporte,Not an Intersection,No fue interseccion,Sobre calle,Ninguna,Oscuro con iluminacion,Despejado,No,NO APLICA,99,99,99,99,1,25/02/2022,1
48,Texas,480533,0,0,1,0,113,DALLAS (113),1730,DALLAS,2,Febrero,24,2022,2,20,US-75/CENTRAL EXPY,7,Calle Local,Urbano,Colector Mayor,Not Reported,0,Sin jurisdiccion especial,65,32.90991111,-96.76810833,Otro objeto (fijo),El primer evento no fue una colision con un vehiculo automotor en transporte,Not an Intersection,No fue interseccion,Sobre el lado de la calle,Ninguna,Oscuro con iluminacion,Granizo,No,NO APLICA,99,98,99,98,1,24/02/2022,1
48,Texas,480534,0,0,2,0,165,GAINES (165),0,NO APLICA,2,Febrero,12,2022,11,40,CR-212,4,Calle del Condado,Rural,Local,Not Reported,0,Sin jurisdiccion especial,0,32.81343611,-102.7249028,Vehiculo en movimiento,Angulo,Four-Way Intersection,Interseccion de 4 direcciones,Sobre calle,Ninguna,Dia total,Despejado,No,NO APLICA,99,99,99,99,1,12/02/2022,2
48,Texas,480535,1,1,1,0,29,BEXAR (29),6090,SAN ANTONIO,2,Febrero,21,2022,21,7,CULEBRA RD,6,Calle Local Municipalidad,Urbano,Arteria Menor,Not Reported,0,Sin jurisdiccion especial,0,29.45809167,-98.63745556,Peaton,El primer evento no fue una colision con un vehiculo automotor en transporte,Not an Intersection,No fue interseccion,Sobre calle,Ninguna,Oscuro con iluminacion,Despejado,No,NO APLICA,21,8,21,14,1,21/02/2022,2
48,Texas,480536,0,0,1,0,177,GONZALES (177),2720,GONZALES,2,Febrero,20,2022,1,0,SR-97,3,Highway estatal,Urbano,Colector Mayor,Not Reported,0,Sin jurisdiccion especial,96,29.47219167,-97.44600278,Poste de Señal de trafico,El primer evento no fue una colision con un vehiculo automotor en transporte,Not an Intersection,No fue interseccion,Sobre el lado de la calle,Ninguna,Oscuro con iluminacion,Despejado,No,NO APLICA,99,98,99,98,1,20/02/2022,1
48,Texas,480537,1,1,1,0,439,TARRANT (439),2450,FORT WORTH,1,Enero,28,2022,6,25,US-287P BU/RIVERSIDE DR,2,US Highway,Urbano,Arteria Principal,Not Reported,1,Sin jurisdiccion especial,34,32.73145833,-97.30320833,Peaton,El primer evento no fue una colision con un vehiculo automotor en transporte,Four-Way Intersection,Interseccion de 4 direcciones,Sobre calle,Ninguna,Oscuro con iluminacion,Despejado,No,NO APLICA,99,99,99,99,1,28/01/2022,1
48,Texas,480538,0,0,1,0,353,NOLAN (353),0,NO APLICA,2,Febrero,18,2022,14,20,US-84,2,US Highway,Rural,Arteria Principal,Not Reported,1,Sin jurisdiccion especial,2,32.51801389,-100.6582972,Culvert,El primer evento no fue una colision con un vehiculo automotor en transporte,Not an Intersection,No fue interseccion,En el medio,Ninguna,Dia total,Despejado,No,NO APLICA,99,98,99,98,1,18/02/2022,1
48,Texas,480539,0,0,2,0,135,ECTOR (135),0,NO APLICA,1,Enero,22,2022,23,50,FM 3472/16TH ST,8,Otro,Urbano,Colector Mayor,Not Reported,0,Sin jurisdiccion especial,11,31.84359444,-102.4240167,Vehiculo en movimiento,Frente a frente,Not an Intersection,No fue interseccion,Sobre calle,Ninguna,Oscuro sin iluminacion,Despejado,No,NO APLICA,99,99,99,99,2,22/01/2022,3
48,Texas,480540,1,1,1,0,427,STARR (427),3788,LA GRULLA,1,Enero,1,2022,19,3,US-83,2,US Highway,Urbano,Arteria Principal,Not Reported,1,Sin jurisdiccion especial,443,26.29570556,-98.60958333,Peaton,El primer evento no fue una colision con un vehiculo automotor en transporte,Not an Intersection,No fue interseccion,Sobre calle,Ninguna,Oscuro con iluminacion,Despejado,No,NO APLICA,99,98,99,98,1,01/01/2022,3
48,Texas,480541,0,0,3,2,503,YOUNG (503),5070,OLNEY,2,Febrero,19,2022,13,37,SR-114,3,Highway estatal,Rural,Arteria Principal,Not Reported,1,Sin jurisdiccion especial,51,33.37063611,-98.76425,Vehiculo Aparcado,El primer evento no fue una colision con un vehiculo automotor en transporte,Not an Intersection,No fue interseccion,Sobre Acotamiento,Ninguna,Dia total,Despejado,No,NO APLICA,99,99,99,99,1,19/02/2022,1
48,Texas,480542,1,1,1,0,325,MEDINA (325),9997,Other,2,Febrero,16,2022,5,27,CR-6841/TWIN LAKES DR,4,Calle del Condado,Urbano,Local,Not Reported,0,Sin jurisdiccion especial,0,29.22365833,-98.81150556,Peaton,El primer evento no fue una colision con un vehiculo automotor en transporte,Not an Intersection,No fue interseccion,Sobre calle,Ninguna,Oscuro sin iluminacion,Despejado,No,NO APLICA,99,99,99,99,1,16/02/2022,1
48,Texas,480543,1,1,1,0,29,BEXAR (29),6090,SAN ANTONIO,1,Enero,14,2022,11,20,FM 2696/BLANCO RD,8,Otro,Urbano,Arteria Menor,Not Reported,0,Sin jurisdiccion especial,184,29.522375,-98.50550556,Peaton,El primer evento no fue una colision con un vehiculo automotor en transporte,Not an Intersection,No fue interseccion,Sobre calle,Ninguna,Dia total,Despejado,No,NO APLICA,11,21,11,28,1,14/01/2022,2
48,Texas,480544,0,0,3,0,201,HARRIS (201),3280,HOUSTON,2,Febrero,15,2022,15,55,VETERANS MEMORIAL DR,6,Calle Local Municipalidad,Urbano,Arteria Principal,Not Reported,0,Sin jurisdiccion especial,0,29.88818889,-95.42151667,Vehiculo en movimiento,Frente a Detrás,Not an Intersection,No fue interseccion,Sobre calle,Ninguna,Dia total,Despejado,No,NO APLICA,99,98,99,98,1,15/02/2022,3
48,Texas,480545,0,0,1,0,371,PECOS (371),0,NO APLICA,2,Febrero,19,2022,13,29,I-10,1,Interestatal,Rural,Interestatal,State Highway Agency,1,Sin jurisdiccion especial,698,30.89534167,-102.3529361,Volcadura,El primer evento no fue una colision con un vehiculo automotor en transporte,Not an Intersection,No fue interseccion,Separador,Ninguna,Dia total,Despejado,No,NO APLICA,99,99,99,99,1,19/02/2022,2
48,Texas,480546,0,0,2,0,201,HARRIS (201),3280,HOUSTON,2,Febrero,9,2022,20,44,SR-6,3,Highway estatal,Urbano,Arteria Principal,Not Reported,1,Sin jurisdiccion especial,136,29.74122222,-95.64416944,Vehiculo en movimiento,Angulo,Not an Intersection,No fue interseccion,Sobre calle,Ninguna,Oscuro con iluminacion,Nublado,No,NO APLICA,99,99,99,99,1,09/02/2022,4
48,Texas,480547,1,1,1,0,201,HARRIS (201),3280,HOUSTON,2,Febrero,15,2022,20,3,SR-6,3,Highway estatal,Urbano,Arteria Principal,Not Reported,1,Sin jurisdiccion especial,136,29.74138611,-95.64434167,Peaton,El primer evento no fue una colision con un vehiculo automotor en transporte,Not an Intersection,No fue interseccion,Sobre calle,Ninguna,Oscuro sin iluminacion,Despejado,No,NO APLICA,99,99,99,99,1,15/02/2022,1
48,Texas,480548,1,1,1,0,201,HARRIS (201),3280,HOUSTON,2,Febrero,15,2022,23,25,HARWIN DR,6,Calle Local Municipalidad,Urbano,Arteria Principal,Not Reported,0,Sin jurisdiccion especial,0,29.71515278,-95.57555278,Peaton,El primer evento no fue una colision con un vehiculo automotor en transporte,Four-Way Intersection,Interseccion de 4 direcciones,Sobre calle,Ninguna,Oscuro con iluminacion,Nublado,No,NO APLICA,99,98,99,98,1,15/02/2022,1
48,Texas,480549,0,0,1,0,245,JEFFERSON (245),0,NO APLICA,2,Febrero,26,2022,19,0,SR-326,3,Highway estatal,Rural,Arteria Menor,Not Reported,0,Sin jurisdiccion especial,38,30.04878056,-94.40792778,Culvert,El primer evento no fue una colision con un vehiculo automotor en transporte,Not an Intersection,No fue interseccion,Sobre el lado de la calle,Ninguna,Oscuro sin iluminacion,Nublado,No,NO APLICA,99,99,99,99,1,26/02/2022,2
48,Texas,480550,0,0,2,0,301,LOVING (301),0,NO APLICA,2,Febrero,27,2022,22,50,RM 652,8,Otro,Rural,Colector Mayor,Not Reported,0,Sin jurisdiccion especial,99,31.98231111,-103.7324889,Vehiculo en movimiento,Golpe Lateral - direccion contraria,Not an Intersection,No fue interseccion,Sobre calle,Ninguna,No reportada,Despejado,No,NO APLICA,99,99,99,99,1,27/02/2022,2
48,Texas,480551,0,0,1,0,389,REEVES (389),0,NO APLICA,2,Febrero,18,2022,22,0,I-10,1,Interestatal,Rural,Interestatal,State Highway Agency,1,Sin jurisdiccion especial,20,31.09045,-104.0542917,Fin de valla,El primer evento no fue una colision con un vehiculo automotor en transporte,Not an Intersection,No fue interseccion,Sobre el lado de la calle,Ninguna,Oscuro sin iluminacion,Despejado,No,NO APLICA,99,98,99,98,1,18/02/2022,1
48,Texas,480552,2,2,3,0,257,KAUFMAN (257),9997,Other,2,Febrero,28,2022,23,7,I-20,1,Interestatal,Urbano,Interestatal,State Highway Agency,1,Sin jurisdiccion especial,36,32.69895556,-96.45978611,Vehiculo en movimiento,Golpe Lateral - misma direccion,Not an Intersection,No fue interseccion,Sobre calle,Ninguna,Oscuro sin iluminacion,Despejado,No,NO APLICA,99,98,99,98,2,28/02/2022,2
48,Texas,480554,0,0,1,0,487,WILBARGER (487),0,NO APLICA,2,Febrero,26,2022,7,10,US-70,2,US Highway,Rural,Arteria Principal,Not Reported,1,Sin jurisdiccion especial,217,34.13040556,-99.16050833,Barrera de Cable,El primer evento no fue una colision con un vehiculo automotor en transporte,Not an Intersection,No fue interseccion,En el medio,Ninguna,Dia total,Nublado,No,NO APLICA,99,98,99,98,1,26/02/2022,1
48,Texas,480555,0,0,1,0,439,TARRANT (439),2450,FORT WORTH,2,Febrero,22,2022,9,1,I-20 RAMP,1,Interestatal,Urbano,Interestatal,State Highway Agency,1,Sin jurisdiccion especial,94,32.66670556,-97.32000556,Barrera de Trafico de Concreto,El primer evento no fue una colision con un vehiculo automotor en transporte,Not an Intersection,No fue interseccion,Sobre el lado de la calle,Ninguna,Dia total,Despejado,No,NO APLICA,99,98,99,98,1,22/02/2022,1
48,Texas,480556,0,0,2,0,201,HARRIS (201),0,NO APLICA,2,Febrero,18,2022,10,44,TL 8/SAM HOUSTON PKWY,6,Calle Local Municipalidad,Urbano,Arteria Principal,State Toll Road,0,Sin jurisdiccion especial,0,29.78041667,-95.56315556,Vehiculo en movimiento,Frente a Detrás,Not an Intersection,No fue interseccion,Sobre calle,Ninguna,Dia total,Despejado,No,NO APLICA,99,99,99,99,1,18/02/2022,3
48,Texas,480557,0,0,3,0,453,TRAVIS (453),0,NO APLICA,2,Febrero,27,2022,0,14,FM 1325,8,Otro,Urbano,Arteria Menor,Not Reported,0,Sin jurisdiccion especial,1,30.46059444,-97.69467222,Vehiculo en movimiento,Angulo,Four-Way Intersection,Interseccion de 4 direcciones,Sobre calle,Ninguna,Oscuro sin iluminacion,lluvia,No,NO APLICA,99,99,99,99,1,27/02/2022,4
48,Texas,480558,0,0,3,0,453,TRAVIS (453),0,NO APLICA,2,Febrero,13,2022,22,39,FM 734/PALMER LN,8,Otro,Urbano,Arteria Principal,Not Reported,1,Sin jurisdiccion especial,23,30.38993889,-97.65210556,Vehiculo en movimiento,Golpe Lateral - misma direccion,Not an Intersection,No fue interseccion,Sobre calle,Ninguna,Oscuro - iluminacion desconocida,Despejado,No,NO APLICA,99,99,99,99,1,13/02/2022,4
48,Texas,480559,0,0,2,0,241,JASPER (241),0,NO APLICA,2,Febrero,8,2022,6,0,FM 105,8,Otro,Rural,Arteria Menor,Not Reported,0,Sin jurisdiccion especial,23,30.32579722,-94.06974167,Vehiculo en movimiento,Angulo,Not an Intersection,No fue interseccion,Sobre calle,Ninguna,Amanecer,Despejado,No,NO APLICA,99,99,99,99,1,08/02/2022,2
48,Texas,480560,0,0,2,0,323,MAVERICK (323),0,NO APLICA,2,Febrero,17,2022,19,18,US-277,2,US Highway,Rural,Arteria Principal,Not Reported,1,Sin jurisdiccion especial,355,28.69831944,-100.4009278,Vehiculo en movimiento,Angulo,Not an Intersection,No fue interseccion,Sobre calle,Ninguna,Oscuro sin iluminacion,Despejado,No,NO APLICA,99,99,99,99,2,17/02/2022,3
48,Texas,480561,0,0,1,0,443,TERRELL (443),0,NO APLICA,2,Febrero,21,2022,14,36,US-285,2,US Highway,Rural,Arteria Principal,Not Reported,1,Sin jurisdiccion especial,90,30.18242778,-102.4011083,Arbusto,El primer evento no fue una colision con un vehiculo automotor en transporte,Not an Intersection,No fue interseccion,Sobre el lado de la calle,Ninguna,Dia total,Vientos cruzados pero de los mamalones,No,NO APLICA,99,99,99,99,1,21/02/2022,3
48,Texas,480562,0,0,2,0,113,DALLAS (113),1730,DALLAS,3,Marzo,1,2022,1,44,SR-12 LOOP,3,Highway estatal,Urbano,Arteria Principal,Not Reported,1,Sin jurisdiccion especial,191,32.86338056,-96.89617222,Vehiculo en movimiento,Angulo,Not an Intersection,No fue interseccion,Sobre calle,Ninguna,Oscuro con iluminacion,Despejado,No,NO APLICA,99,99,99,99,1,01/03/2022,2
48,Texas,480563,1,1,1,0,113,DALLAS (113),1730,DALLAS,2,Febrero,17,2022,20,50,FERGUSON RD,6,Calle Local Municipalidad,Urbano,Arteria Menor,Not Reported,0,Sin jurisdiccion especial,0,32.80792222,-96.70637778,Peaton,El primer evento no fue una colision con un vehiculo automotor en transporte,Not an Intersection,No fue interseccion,Sobre calle,Ninguna,Oscuro con iluminacion,Despejado,No,NO APLICA,99,99,99,99,1,17/02/2022,1
48,Texas,480564,1,1,2,0,113,DALLAS (113),1730,DALLAS,2,Febrero,20,2022,0,26,SR-12 LP/NORTHWEST HWY,3,Highway estatal,Urbano,Arteria Principal,Not Reported,1,Sin jurisdiccion especial,190,32.86348056,-96.89730833,Banqueta,El primer evento no fue una colision con un vehiculo automotor en transporte,Four-Way Intersection,Interseccion de 4 direcciones,Isla de trafico para peatones,Ninguna,Oscuro con iluminacion,Despejado,No,NO APLICA,99,99,99,99,1,20/02/2022,4
48,Texas,480565,0,0,2,0,141,EL PASO (141),3276,HORIZON CITY,2,Febrero,27,2022,11,46,HORI,8,Otro,Urbano,Arteria Menor,Not Reported,0,Sin jurisdiccion especial,91,31.68280278,-106.1480278,Vehiculo en movimiento,Angulo,Not an Intersection,No fue interseccion,Sobre calle,Ninguna,Dia total,Despejado,No,NO APLICA,99,99,99,99,1,27/02/2022,2
48,Texas,480566,0,0,2,0,273,KLEBERG (273),0,NO APLICA,2,Febrero,23,2022,18,57,US-77,2,US Highway,Rural,Arteria Principal,Not Reported,1,Sin jurisdiccion especial,110,27.42151111,-97.85138611,Vehiculo en movimiento,Angulo,Four-Way Intersection,Interseccion de 4 direcciones,Sobre calle,Ninguna,Oscuro con iluminacion,lluvia,No,NO APLICA,99,99,99,99,2,23/02/2022,6
48,Texas,480567,0,0,1,0,113,DALLAS (113),2310,FARMERS BRANCH,3,Marzo,1,2022,22,36,I-35E,1,Interestatal,Urbano,Interestatal,State Highway Agency,1,Sin jurisdiccion especial,300,32.934825,-96.90208333,Barrera de Trafico de Concreto,El primer evento no fue una colision con un vehiculo automotor en transporte,Not an Intersection,No fue interseccion,En el medio,Ninguna,Oscuro con iluminacion,Despejado,No,NO APLICA,99,99,99,99,1,01/03/2022,2
48,Texas,480568,0,0,1,0,89,COLORADO (89),0,NO APLICA,3,Marzo,1,2022,20,45,I-10,1,Interestatal,Rural,Interestatal,State Highway Agency,1,Sin jurisdiccion especial,173,29.69346389,-96.56255833,Soporte de Puente,El primer evento no fue una colision con un vehiculo automotor en transporte,Not an Intersection,No fue interseccion,Sobre el lado de la calle,Ninguna,Oscuro sin iluminacion,Despejado,No,NO APLICA,99,98,99,98,1,01/03/2022,1
48,Texas,480569,0,0,2,0,255,KARNES (255),0,NO APLICA,3,Marzo,2,2022,16,4,SR-80,3,Highway estatal,Rural,Colector Mayor,Not Reported,0,Sin jurisdiccion especial,196,28.936775,-97.83526944,Vehiculo en movimiento,Angulo,Y-Intersection,Interseccion de Y,Sobre calle,Ninguna,Dia total,Despejado,No,NO APLICA,99,99,99,99,2,02/03/2022,3
48,Texas,480570,0,0,1,0,407,SAN JACINTO (407),0,NO APLICA,2,Febrero,25,2022,19,35,FM 1725,8,Otro,Rural,Colector Mayor,Not Reported,0,Sin jurisdiccion especial,124,30.41498333,-95.19522222,Arbol,El primer evento no fue una colision con un vehiculo automotor en transporte,Not an Intersection,No fue interseccion,Sobre el lado de la calle,Ninguna,Oscuro sin iluminacion,Despejado,No,NO APLICA,99,98,99,98,1,25/02/2022,1
48,Texas,480571,0,0,2,0,171,GILLESPIE (171),0,NO APLICA,2,Febrero,25,2022,6,15,US-87,2,US Highway,Rural,Arteria Principal,Not Reported,1,Sin jurisdiccion especial,0,30.37838333,-98.95203056,Vehiculo en movimiento,Frente a frente,T-Intersection,Interseccion de T,Sobre calle,Ninguna,Oscuro sin iluminacion,Nublado,No,NO APLICA,99,99,99,99,3,25/02/2022,3
48,Texas,480572,1,1,1,0,201,HARRIS (201),0,NO APLICA,2,Febrero,18,2022,19,15,VETERANS MEMORIAL DR,6,Calle Local Municipalidad,Urbano,Arteria Principal,Not Reported,0,Sin jurisdiccion especial,0,29.97454444,-95.48819167,Peaton,El primer evento no fue una colision con un vehiculo automotor en transporte,Not an Intersection,No fue interseccion,Sobre calle,Ninguna,Oscuro sin iluminacion,Despejado,No,NO APLICA,99,99,99,99,1,18/02/2022,1
48,Texas,480573,1,1,1,0,41,BRAZOS (41),970,BRYAN,2,Febrero,25,2022,1,36,US-190/EARL RUDDER FWY,7,Calle Local,Urbano,Colector Mayor,Not Reported,0,Sin jurisdiccion especial,220,30.71905833,-96.3866,Peaton,El primer evento no fue una colision con un vehiculo automotor en transporte,Not an Intersection,No fue interseccion,Sobre calle,Ninguna,Oscuro sin iluminacion,Despejado,No,NO APLICA,99,99,99,99,1,25/02/2022,1
48,Texas,480574,1,1,1,0,365,PANOLA (365),0,NO APLICA,2,Febrero,9,2022,21,21,US-59,2,US Highway,Rural,Arteria Principal,Not Reported,1,Sin jurisdiccion especial,128,32.10236111,-94.32230278,Peaton,El primer evento no fue una colision con un vehiculo automotor en transporte,Not an Intersection,No fue interseccion,Sobre calle,Ninguna,Oscuro sin iluminacion,Despejado,No,NO APLICA,99,99,99,99,1,09/02/2022,3
48,Texas,480575,0,0,2,0,453,TRAVIS (453),330,AUSTIN,2,Febrero,27,2022,14,43,IH 35 SVRD,7,Calle Local,Urbano,Colector Mayor,Not Reported,0,Sin jurisdiccion especial,180,30.27027778,-97.73250278,Vehiculo en movimiento,Angulo,Four-Way Intersection,Interseccion de 4 direcciones,Sobre calle,Ninguna,Dia total,Despejado,No,NO APLICA,99,99,99,99,1,27/02/2022,8
48,Texas,480576,0,0,1,0,29,BEXAR (29),6090,SAN ANTONIO,3,Marzo,1,2022,21,31,SR-1604 LOOP,3,Highway estatal,Urbano,Arterial Principal -Freeway o ExpressWay,Not Reported,1,Sin jurisdiccion especial,260,29.52831389,-98.68622222,Barrera de Trafico de Concreto,El primer evento no fue una colision con un vehiculo automotor en transporte,Not an Intersection,No fue interseccion,Sobre el lado de la calle,Ninguna,Oscuro con iluminacion,Despejado,No,NO APLICA,99,98,99,98,1,01/03/2022,1
48,Texas,480577,0,0,1,0,375,POTTER (375),0,NO APLICA,3,Marzo,1,2022,7,50,US-287,2,US Highway,Urbano,Arteria Principal,Not Reported,1,Sin jurisdiccion especial,108,35.1876,-101.6479639,Volcadura,El primer evento no fue una colision con un vehiculo automotor en transporte,Not an Intersection,No fue interseccion,Sobre calle,Ninguna,Dia total,Despejado,No,NO APLICA,99,99,99,99,1,01/03/2022,1
48,Texas,480578,1,1,1,0,201,HARRIS (201),3280,HOUSTON,2,Febrero,20,2022,20,40,SR-6/ADDICKS HOWELL RD,3,Highway estatal,Urbano,Arteria Principal,Not Reported,1,Sin jurisdiccion especial,128,29.75304167,-95.64454722,Ciclista,El primer evento no fue una colision con un vehiculo automotor en transporte,Not an Intersection,No fue interseccion,Sobre calle,Ninguna,Oscuro con iluminacion,Nublado,No,NO APLICA,99,99,99,99,1,20/02/2022,1
48,Texas,480579,0,0,1,0,203,HARRISON (203),4360,MARSHALL,2,Febrero,6,2022,11,17,SPRING ST,6,Calle Local Municipalidad,Urbano,Local,Not Reported,0,Sin jurisdiccion especial,0,32.54035833,-94.38093889,Culvert,El primer evento no fue una colision con un vehiculo automotor en transporte,Not an Intersection,No fue interseccion,Sobre el lado de la calle,Ninguna,Dia total,Despejado,No,NO APLICA,11,20,11,22,1,06/02/2022,1
48,Texas,480580,0,0,1,0,195,HANSFORD (195),0,NO APLICA,2,Febrero,28,2022,20,23,SR-15,3,Highway estatal,Rural,Arteria Menor,Not Reported,0,Sin jurisdiccion especial,221,36.19740278,-101.2993472,Volcadura,El primer evento no fue una colision con un vehiculo automotor en transporte,Not an Intersection,No fue interseccion,Sobre el lado de la calle,Ninguna,Oscuro sin iluminacion,Despejado,No,NO APLICA,99,99,99,99,1,28/02/2022,4
48,Texas,480581,0,0,1,0,439,TARRANT (439),2450,FORT WORTH,3,Marzo,6,2022,2,40,LONG AVE,6,Calle Local Municipalidad,Urbano,Arteria Menor,Not Reported,0,Sin jurisdiccion especial,0,32.79489444,-97.3806,Volcadura,El primer evento no fue una colision con un vehiculo automotor en transporte,Four-Way Intersection,Interseccion de 4 direcciones,En el medio,Ninguna,Oscuro con iluminacion,Despejado,No,NO APLICA,99,99,99,99,1,06/03/2022,2
48,Texas,480582,0,0,1,0,39,BRAZORIA (39),1395,CLUTE,3,Marzo,1,2022,4,13,BRAZOSWOOD DR,6,Calle Local Municipalidad,Urbano,Colector Mayor,Not Reported,0,Sin jurisdiccion especial,0,29.03183611,-95.40778056,Otro objeto (fijo),El primer evento no fue una colision con un vehiculo automotor en transporte,Not an Intersection,No fue interseccion,Sobre el lado de la calle,Ninguna,Oscuro sin iluminacion,Despejado,No,NO APLICA,99,99,99,99,1,01/03/2022,2
48,Texas,480583,0,0,1,0,439,TARRANT (439),2450,FORT WORTH,3,Marzo,6,2022,2,23,I-35 SVRD,7,Calle Local,Urbano,Colector Mayor,Not Reported,0,Sin jurisdiccion especial,44,32.60244722,-97.32021111,Volcadura,El primer evento no fue una colision con un vehiculo automotor en transporte,Not an Intersection,No fue interseccion,Gore?,Ninguna,Oscuro con iluminacion,Nublado,No,NO APLICA,99,98,99,98,1,06/03/2022,1
48,Texas,480584,0,0,1,0,453,TRAVIS (453),0,NO APLICA,2,Febrero,6,2022,1,43,RM 620,8,Otro,Urbano,Arteria Principal,Not Reported,1,Sin jurisdiccion especial,125,30.39672222,-97.85866944,Banqueta,El primer evento no fue una colision con un vehiculo automotor en transporte,Not an Intersection,No fue interseccion,Sobre el lado de la calle,Construccion,Oscuro sin iluminacion,Despejado,No,NO APLICA,99,98,99,98,1,06/02/2022,1