Estado,Nombre de Estado,Numero de Caso,Peatones,Personas _no_vehiculos,Vehiculos automotores,Vehiculos estacionados,Condado,Nombre Condado,Ciudad,Nombre Ciudad,Mes,Nombre Mes,Dia,Año,Hora,Minuto,Calle,Ruta,Nombre Ruta,Rural o Urbanoo,Sistema Funcional,Dueño Calle,Sistema Nacional Carreteras,Jurisdiccion Especial,Milla,Latitud,Longitud,Causa del Accidente,Tipo de Accidente,Tipo Interseccion,Columna1,Lugar en la calle,Zona de Trabajo,Luz,Clima,Autobus Escolar,Cruce de Trenes,Hora Notificacion,Minuto Notificacion,Hora Llegada,Minuto Llegada,Decesos,Fecha,PersonaVehiculo
48,Texas,480585,0,0,2,0,167,GALVESTON (167),0,NO APLICA,2,Febrero,22,2022,9,42,SR-6,3,Highway estatal,Urbano,Arteria Principal,Not Reported,1,Sin jurisdiccion especial,0,29.40812778,-95.19206944,Vehiculo en movimiento,Angulo,T-Intersection,Interseccion de T,Sobre calle,Ninguna,Dia total,Despejado,No,NO APLICA,99,99,99,99,1,22/02/2022,2
48,Texas,480586,0,0,2,0,29,BEXAR (29),295,ATASCOSA,3,Marzo,5,2022,19,52,CR-SHEPHERD RD,4,Calle del Condado,Rural,Local,Not Reported,0,Sin jurisdiccion especial,0,29.29506667,-98.7198,Vehiculo en movimiento,Frente a frente,Not an Intersection,No fue interseccion,Sobre calle,Ninguna,Oscuro sin iluminacion,Despejado,No,NO APLICA,99,99,99,99,2,05/03/2022,3
48,Texas,480587,0,0,1,0,293,LIMESTONE (293),0,NO APLICA,2,Febrero,25,2022,16,50,FM 39,8,Otro,Urbano,Colector Mayor,Not Reported,0,Sin jurisdiccion especial,135,31.54095556,-96.36729167,Volcadura,El primer evento no fue una colision con un vehiculo automotor en transporte,Not an Intersection,No fue interseccion,Sobre el lado de la calle,Ninguna,Dia total,Nublado,No,NO APLICA,99,98,99,98,1,25/02/2022,1
48,Texas,480588,0,0,2,0,13,ATASCOSA (13),0,NO APLICA,2,Febrero,21,2022,7,31,SR-16,3,Highway estatal,Rural,Arteria Menor,Not Reported,0,Sin jurisdiccion especial,48,29.12099444,-98.59180556,Vehiculo en movimiento,Angulo,T-Intersection,Interseccion de T,Sobre calle,Ninguna,Amanecer,lluvia,No,NO APLICA,99,99,99,99,1,21/02/2022,6
48,Texas,480589,0,0,1,0,473,WALLER (473),0,NO APLICA,2,Febrero,6,2022,5,54,SR-6,3,Highway estatal,Urbano,Arteria Menor,Not Reported,0,Sin jurisdiccion especial,13,30.21253056,-96.0579,Volcadura,El primer evento no fue una colision con un vehiculo automotor en transporte,Not an Intersection,No fue interseccion,En el medio,Ninguna,Oscuro sin iluminacion,Despejado,No,NO APLICA,99,99,99,99,1,06/02/2022,2
48,Texas,480590,0,0,2,0,111,DALLAM (111),0,NO APLICA,2,Febrero,27,2022,1,38,US-54,2,US Highway,Rural,Arteria Principal,Not Reported,1,Sin jurisdiccion especial,53,36.09036111,-102.4812361,Vehiculo en movimiento,Angulo,Not an Intersection,No fue interseccion,Sobre calle,Ninguna,Oscuro sin iluminacion,Despejado,No,NO APLICA,99,98,99,98,1,27/02/2022,2
48,Texas,480591,0,0,1,0,507,ZAVALA (507),0,NO APLICA,2,Febrero,15,2022,4,48,US-57,2,US Highway,Rural,Arteria Principal,Not Reported,0,Sin jurisdiccion especial,45,28.93408611,-99.780775,Volcadura,El primer evento no fue una colision con un vehiculo automotor en transporte,Not an Intersection,No fue interseccion,Fuera de la calle,Ninguna,Oscuro sin iluminacion,Despejado,No,NO APLICA,99,99,99,99,3,15/02/2022,8
48,Texas,480592,0,0,2,0,239,JACKSON (239),0,NO APLICA,2,Febrero,19,2022,19,41,FM 616,8,Otro,Rural,Colector Mayor,Not Reported,0,Sin jurisdiccion especial,305,28.78019444,-96.692375,Vehiculo en movimiento,Frente a frente,Not an Intersection,No fue interseccion,Sobre calle,Ninguna,Oscuro sin iluminacion,Despejado,No,NO APLICA,99,99,99,99,1,19/02/2022,4
48,Texas,480593,0,0,2,0,297,LIVE OAK (297),0,NO APLICA,2,Febrero,21,2022,23,3,I-37,1,Interestatal,Rural,Interestatal,State Highway Agency,1,Sin jurisdiccion especial,320,28.50901111,-98.16630556,Vehiculo en movimiento,Frente a Detrás,Not an Intersection,No fue interseccion,Sobre calle,Ninguna,Oscuro sin iluminacion,Despejado,No,NO APLICA,99,98,99,98,1,21/02/2022,2
48,Texas,480594,0,0,1,0,387,RED RIVER (387),0,NO APLICA,3,Marzo,5,2022,20,10,FM 44,8,Otro,Rural,Colector Mayor,Not Reported,0,Sin jurisdiccion especial,145,33.52413889,-94.89074722,Volcadura,El primer evento no fue una colision con un vehiculo automotor en transporte,Not an Intersection,No fue interseccion,Fuera de la calle,Ninguna,Oscuro sin iluminacion,Despejado,No,NO APLICA,99,98,99,98,1,05/03/2022,1
48,Texas,480595,0,0,2,0,409,SAN PATRICIO (409),0,NO APLICA,2,Febrero,26,2022,15,0,SR-359,3,Highway estatal,Urbano,Colector Mayor,State Highway Agency,0,Sin jurisdiccion especial,20,28.11346389,-97.81721111,Vehiculo en movimiento,Angulo,Four-Way Intersection,Interseccion de 4 direcciones,Sobre calle,Ninguna,Dia total,lluvia,No,NO APLICA,99,99,99,99,1,26/02/2022,9
48,Texas,480596,0,0,1,0,73,CHEROKEE (73),0,NO APLICA,3,Marzo,3,2022,16,40,US-69,2,US Highway,Rural,Arteria Principal,Not Reported,1,Sin jurisdiccion especial,269,31.7651,-95.12135556,Volcadura,El primer evento no fue una colision con un vehiculo automotor en transporte,Not an Intersection,No fue interseccion,Sobre el lado de la calle,Ninguna,Dia total,Despejado,No,NO APLICA,99,98,99,98,1,03/03/2022,1
48,Texas,480597,0,0,2,0,55,CALDWELL (55),0,NO APLICA,2,Febrero,21,2022,19,35,SR-80,3,Highway estatal,Urbano,Arteria Menor,Not Reported,0,Sin jurisdiccion especial,27,29.86348889,-97.87121389,Vehiculo en movimiento,Angulo,Not an Intersection,No fue interseccion,Sobre calle,Ninguna,Oscuro sin iluminacion,Despejado,No,NO APLICA,99,98,99,98,1,21/02/2022,4
48,Texas,480598,0,0,1,0,201,HARRIS (201),3280,HOUSTON,2,Febrero,14,2022,3,14,SCOTT ST,6,Calle Local Municipalidad,Urbano,Arteria Menor,Not Reported,0,Sin jurisdiccion especial,0,29.72554444,-95.350375,Poste,El primer evento no fue una colision con un vehiculo automotor en transporte,Not an Intersection,No fue interseccion,Sobre el lado de la calle,Ninguna,Oscuro con iluminacion,Despejado,No,NO APLICA,99,99,99,99,1,14/02/2022,2
48,Texas,480599,1,1,1,0,29,BEXAR (29),6090,SAN ANTONIO,3,Marzo,5,2022,20,33,COMMERCE ST,6,Calle Local Municipalidad,Urbano,Arteria Menor,Not Reported,0,Sin jurisdiccion especial,0,29.43313611,-98.579325,Peaton,El primer evento no fue una colision con un vehiculo automotor en transporte,Not an Intersection,No fue interseccion,Sobre calle,Ninguna,Oscuro con iluminacion,Despejado,No,NO APLICA,99,99,99,99,1,05/03/2022,1
48,Texas,480600,0,0,2,0,497,WISE (497),0,NO APLICA,3,Marzo,4,2022,9,3,FM 1810,8,Otro,Rural,Colector Mayor,Not Reported,0,Sin jurisdiccion especial,60,33.24942222,-97.62356667,Vehiculo en movimiento,Angulo,Not an Intersection,No fue interseccion,Sobre calle,Ninguna,Dia total,Nublado,No,NO APLICA,99,99,99,99,1,04/03/2022,2
48,Texas,480601,0,0,1,0,365,PANOLA (365),0,NO APLICA,2,Febrero,27,2022,0,1,FM 2517,8,Otro,Rural,Colector Mayor,Not Reported,0,Sin jurisdiccion especial,64,32.11836111,-94.23901389,Arbol,El primer evento no fue una colision con un vehiculo automotor en transporte,Not an Intersection,No fue interseccion,Fuera de la calle,Ninguna,Oscuro sin iluminacion,Nublado,No,NO APLICA,99,99,99,99,1,27/02/2022,2
48,Texas,480602,0,0,3,0,121,DENTON (121),9997,Other,3,Marzo,2,2022,2,37,SR-156,3,Highway estatal,Urbano,Arteria Menor,Not Reported,0,Sin jurisdiccion especial,246,33.01760556,-97.33111389,Vehiculo en movimiento,Frente a frente,Not an Intersection,No fue interseccion,Sobre calle,Ninguna,Oscuro sin iluminacion,Nublado,No,NO APLICA,99,99,99,99,1,02/03/2022,3
48,Texas,480603,1,1,1,0,251,JOHNSON (251),9997,Other,1,Enero,11,2022,18,23,FM 917/ 2ND AVE,8,Otro,Urbano,Arteria Menor,Not Reported,0,Sin jurisdiccion especial,192,32.52225,-97.14148333,Peaton,El primer evento no fue una colision con un vehiculo automotor en transporte,Not an Intersection,No fue interseccion,Sobre calle,Ninguna,Oscuro sin iluminacion,Despejado,No,NO APLICA,99,98,99,98,1,11/01/2022,2
48,Texas,480604,0,0,1,0,201,HARRIS (201),0,NO APLICA,3,Marzo,6,2022,15,35,SR-8 LOOP,3,Highway estatal,Urbano,Arteria Principal,Not Reported,1,Sin jurisdiccion especial,99998,29.90003611,-95.55011111,Barrera de Trafico de Concreto,El primer evento no fue una colision con un vehiculo automotor en transporte,Not an Intersection,No fue interseccion,En el medio,Ninguna,Dia total,Nublado,No,NO APLICA,99,99,99,99,1,06/03/2022,1
48,Texas,480605,1,1,1,0,201,HARRIS (201),6490,SOUTH HOUSTON,3,Marzo,7,2022,5,43,SR-3/HOUSTON BLVD/GALVESTON RD,3,Highway estatal,Urbano,Arteria Principal,Not Reported,1,Sin jurisdiccion especial,29,29.65744722,-95.23039167,Ciclista,El primer evento no fue una colision con un vehiculo automotor en transporte,Not an Intersection,No fue interseccion,Sobre calle,Ninguna,Oscuro con iluminacion,Nublado,No,NO APLICA,99,99,99,99,1,07/03/2022,1
48,Texas,480606,0,0,2,0,459,UPSHUR (459),0,NO APLICA,2,Febrero,1,2022,17,34,US-271,2,US Highway,Rural,Arteria Principal,Not Reported,1,Sin jurisdiccion especial,159,32.67599722,-94.94099167,Vehiculo en movimiento,Frente a Detrás,Not an Intersection,No fue interseccion,Sobre calle,Ninguna,Atardecer,Nublado,No,NO APLICA,17,41,17,48,1,01/02/2022,2
48,Texas,480607,0,0,1,0,233,HUTCHINSON (233),0,NO APLICA,2,Febrero,26,2022,7,13,FM 281,8,Otro,Rural,Colector Mayor,Not Reported,0,Sin jurisdiccion especial,45,36.0233,-101.565975,Barda,El primer evento no fue una colision con un vehiculo automotor en transporte,Not an Intersection,No fue interseccion,Fuera de la calle,Ninguna,Oscuro sin iluminacion,Despejado,No,NO APLICA,99,98,99,98,1,26/02/2022,1
48,Texas,480608,0,0,1,0,201,HARRIS (201),3280,HOUSTON,2,Febrero,5,2022,2,55,WILCREST DR,6,Calle Local Municipalidad,Urbano,Arteria Menor,Not Reported,0,Sin jurisdiccion especial,0,29.77178889,-95.57605278,Arbol,El primer evento no fue una colision con un vehiculo automotor en transporte,Four-Way Intersection,Interseccion de 4 direcciones,Sobre el lado de la calle,Ninguna,Oscuro con iluminacion,Despejado,No,NO APLICA,99,98,99,98,1,05/02/2022,1
48,Texas,480609,0,0,2,0,147,FANNIN (147),0,NO APLICA,2,Febrero,22,2022,22,12,SR-11,3,Highway estatal,Rural,Colector Mayor,Not Reported,0,Sin jurisdiccion especial,82,33.48236944,-96.24448056,Vehiculo en movimiento,Frente a frente,Not an Intersection,No fue interseccion,Sobre calle,Ninguna,Oscuro con iluminacion,Despejado,No,NO APLICA,99,99,99,99,1,22/02/2022,2
48,Texas,480610,1,1,2,0,113,DALLAS (113),3420,IRVING,2,Febrero,17,2022,4,54,SR-183,3,Highway estatal,Urbano,Arterial Principal -Freeway o ExpressWay,Not Reported,1,Sin jurisdiccion especial,15,32.83693889,-97.02513611,Vehiculo en movimiento,Angulo,Not an Intersection,No fue interseccion,Sobre calle,Ninguna,Oscuro con iluminacion,lluvia,No,NO APLICA,99,98,99,98,1,17/02/2022,2
48,Texas,480611,0,0,3,0,215,HIDALGO (215),4197,MCALLEN,2,Febrero,22,2022,16,23,MCCOLL RD,6,Calle Local Municipalidad,Urbano,Local,Not Reported,0,Sin jurisdiccion especial,0,26.14421667,-98.22261389,Vehiculo en movimiento,Golpe Lateral - misma direccion,Not an Intersection,No fue interseccion,Sobre calle,Ninguna,Dia total,Despejado,No,NO APLICA,99,99,99,99,1,22/02/2022,7
48,Texas,480612,1,1,1,0,355,NUECES (355),1550,CORPUS CHRISTI,3,Marzo,1,2022,20,46,SR-358,3,Highway estatal,Urbano,Arterial Principal -Freeway o ExpressWay,Not Reported,1,Sin jurisdiccion especial,54,27.73843611,-97.43328611,Peaton,El primer evento no fue una colision con un vehiculo automotor en transporte,Not an Intersection,No fue interseccion,Sobre calle,Ninguna,Oscuro con iluminacion,Despejado,No,NO APLICA,99,98,99,98,1,01/03/2022,1
48,Texas,480613,0,0,2,0,29,BEXAR (29),4015,LIVE OAK,3,Marzo,3,2022,5,59,I-35/PURPLE HEART TRL,1,Interestatal,Urbano,Interestatal,State Highway Agency,1,Sin jurisdiccion especial,99998,29.55658889,-98.34625833,Vehiculo en movimiento,Golpe Lateral - misma direccion,Not an Intersection,No fue interseccion,Sobre calle,Ninguna,Oscuro con iluminacion,Despejado,No,NO APLICA,99,99,99,99,1,03/03/2022,2
48,Texas,480614,0,0,1,0,29,BEXAR (29),3095,HELOTES,2,Febrero,27,2022,1,56,SR-211,3,Highway estatal,Urbano,Colector Mayor,Not Reported,0,Sin jurisdiccion especial,32,29.61872778,-98.78505278,Arbol,El primer evento no fue una colision con un vehiculo automotor en transporte,T-Intersection,Interseccion de T,Fuera de la calle,Ninguna,Oscuro sin iluminacion,Despejado,No,NO APLICA,99,98,99,98,1,27/02/2022,1
48,Texas,480615,0,0,4,0,375,POTTER (375),1045,BUSHLAND,2,Febrero,28,2022,16,26,I-40,7,Calle Local,Rural,Colector Mayor,State Highway Agency,0,Sin jurisdiccion especial,69,35.19090278,-102.0639583,Vehiculo en movimiento,Angulo,Four-Way Intersection,Interseccion de 4 direcciones,Sobre calle,Ninguna,Dia total,Despejado,No,NO APLICA,99,99,99,99,2,28/02/2022,8
48,Texas,480616,0,0,2,0,39,BRAZORIA (39),130,ALVIN,3,Marzo,3,2022,22,58,SR-288,3,Highway estatal,Rural,Arteria Principal,Not Reported,1,Sin jurisdiccion especial,186,29.34375,-95.42576667,Vehiculo en movimiento,Frente a frente,Not an Intersection,No fue interseccion,Sobre calle,Ninguna,Oscuro sin iluminacion,Nublado,No,NO APLICA,99,99,99,99,1,03/03/2022,3
48,Texas,480617,0,0,2,0,201,HARRIS (201),3280,HOUSTON,3,Marzo,3,2022,22,8,SR-8 LOOP/SAM HOUSTON PKWY,3,Highway estatal,Urbano,Arterial Principal -Freeway o ExpressWay,State Toll Road,1,Sin jurisdiccion especial,159,29.60024722,-95.29368056,Vehiculo en movimiento,Frente a Detrás,Not an Intersection,No fue interseccion,Sobre calle,Ninguna,Oscuro con iluminacion,Despejado,No,NO APLICA,99,99,99,99,1,03/03/2022,3
48,Texas,480618,0,0,2,0,479,WEBB (479),0,NO APLICA,2,Febrero,26,2022,3,3,US-83,2,US Highway,Rural,Arteria Principal,Not Reported,1,Sin jurisdiccion especial,140,27.328225,-99.44066944,Vehiculo en movimiento,Frente a frente,Not an Intersection,No fue interseccion,Sobre calle,Ninguna,Oscuro sin iluminacion,Otro,No,NO APLICA,99,99,99,99,2,26/02/2022,4
48,Texas,480619,0,1,2,1,29,BEXAR (29),6090,SAN ANTONIO,3,Marzo,7,2022,3,48,I-410,1,Interestatal,Urbano,Interestatal,State Highway Agency,1,Sin jurisdiccion especial,21,29.33484167,-98.62265556,Vehiculo Aparcado,El primer evento no fue una colision con un vehiculo automotor en transporte,Not an Intersection,No fue interseccion,Sobre Acotamiento,Ninguna,Oscuro con iluminacion,Despejado,No,NO APLICA,99,98,99,98,1,07/03/2022,1
48,Texas,480620,1,1,1,0,201,HARRIS (201),0,NO APLICA,3,Marzo,7,2022,20,39,FM 529,8,Otro,Urbano,Arteria Principal,Not Reported,1,Sin jurisdiccion especial,150,29.87964722,-95.60805556,Peaton,El primer evento no fue una colision con un vehiculo automotor en transporte,Not an Intersection,No fue interseccion,Sobre calle,Ninguna,Oscuro con iluminacion,Despejado,No,NO APLICA,99,99,99,99,1,07/03/2022,1
48,Texas,480621,0,0,2,0,491,WILLIAMSON (491),0,NO APLICA,2,Febrero,23,2022,4,35,SR-195,3,Highway estatal,Rural,Arteria Principal,Not Reported,1,Sin jurisdiccion especial,244,30.79369167,-97.76711111,Vehiculo en movimiento,Otro,Not an Intersection,No fue interseccion,Sobre calle,Ninguna,Oscuro sin iluminacion,Despejado,No,NO APLICA,99,98,99,98,2,23/02/2022,4
48,Texas,480622,0,0,2,0,277,LAMAR (277),0,NO APLICA,2,Febrero,22,2022,21,0,US-82,2,US Highway,Rural,Arteria Principal,Not Reported,1,Sin jurisdiccion especial,48,33.62154444,-95.78034167,Vehiculo en movimiento,Frente a Detrás,Not an Intersection,No fue interseccion,Sobre calle,Ninguna,Oscuro sin iluminacion,Despejado,No,NO APLICA,99,98,99,98,1,22/02/2022,2
48,Texas,480623,0,0,2,0,141,EL PASO (141),2190,EL PASO,3,Marzo,5,2022,18,54,MONTWOOD DR,6,Calle Local Municipalidad,Urbano,Arteria Principal,Not Reported,0,Sin jurisdiccion especial,0,31.7691,-106.3134417,Vehiculo en movimiento,Frente a frente,T-Intersection,Interseccion de T,Sobre calle,Ninguna,Oscuro con iluminacion,Despejado,No,NO APLICA,18,54,18,59,1,05/03/2022,3
48,Texas,480624,0,0,2,0,113,DALLAS (113),1730,DALLAS,2,Febrero,22,2022,0,13,SP 244/NORTHWEST HWY,8,Otro,Urbano,Arteria Principal,Not Reported,0,Sin jurisdiccion especial,99998,32.86400833,-96.66578611,Vehiculo en movimiento,Angulo,Four-Way Intersection,Interseccion de 4 direcciones,Sobre calle,Ninguna,Oscuro con iluminacion,Nublado,No,NO APLICA,99,99,99,99,1,22/02/2022,3
48,Texas,480625,1,1,1,0,113,DALLAS (113),1730,DALLAS,2,Febrero,18,2022,18,33,SR-354/HARRY HINES BLVD,3,Highway estatal,Urbano,Arteria Principal,Not Reported,0,Sin jurisdiccion especial,99998,32.86059722,-96.880675,No vehiculo o remolque,El primer evento no fue una colision con un vehiculo automotor en transporte,Not an Intersection,No fue interseccion,Sobre calle,Ninguna,Atardecer,Despejado,No,NO APLICA,99,99,99,99,1,18/02/2022,1
48,Texas,480626,0,0,2,0,183,GREGG (183),0,NO APLICA,3,Marzo,8,2022,4,25,I-20,1,Interestatal,Rural,Interestatal,State Highway Agency,1,Sin jurisdiccion especial,147,32.44004167,-94.73780833,Vehiculo en movimiento,Frente a Detrás,Not an Intersection,No fue interseccion,Sobre calle,Ninguna,Oscuro sin iluminacion,Despejado,No,NO APLICA,99,99,99,99,1,08/03/2022,4
48,Texas,480627,0,0,4,0,113,DALLAS (113),1730,DALLAS,2,Febrero,12,2022,1,20,SR-12,3,Highway estatal,Urbano,Arterial Principal -Freeway o ExpressWay,Not Reported,1,Sin jurisdiccion especial,161,32.78463611,-96.91866389,Vehiculo en movimiento,Golpe Lateral - misma direccion,Not an Intersection,No fue interseccion,Sobre calle,Ninguna,Oscuro con iluminacion,Despejado,No,NO APLICA,99,99,99,99,1,12/02/2022,4
48,Texas,480628,0,0,1,0,37,BOWIE (37),0,NO APLICA,2,Febrero,19,2022,1,50,US-59,2,US Highway,Urbano,Arteria Principal,Not Reported,1,Sin jurisdiccion especial,158,33.35902778,-94.13188611,Volcadura,El primer evento no fue una colision con un vehiculo automotor en transporte,Not an Intersection,No fue interseccion,Sobre el lado de la calle,Ninguna,Oscuro sin iluminacion,Despejado,No,NO APLICA,99,99,99,99,1,19/02/2022,1
48,Texas,480629,0,0,2,0,99,CORYELL (99),0,NO APLICA,2,Febrero,27,2022,4,56,SR-36/36TH DIVISION MEM HWY,3,Highway estatal,Rural,Arteria Menor,Not Reported,0,Sin jurisdiccion especial,102,31.50699444,-97.76506111,Vehiculo en movimiento,Frente a frente,Not an Intersection,No fue interseccion,Sobre calle,Ninguna,Oscuro sin iluminacion,Despejado,No,NO APLICA,99,99,99,99,1,27/02/2022,2
48,Texas,480630,1,1,1,0,113,DALLAS (113),1730,DALLAS,2,Febrero,10,2022,23,36,DALLAS NORTH TOLLWAY,8,Otro,Urbano,No reportado,Not Reported,0,Sin jurisdiccion especial,99998,99.9999,999.9999,Peaton,El primer evento no fue una colision con un vehiculo automotor en transporte,Not an Intersection,No fue interseccion,Sobre calle,Ninguna,Oscuro con iluminacion,Despejado,No,NO APLICA,99,99,99,99,1,10/02/2022,2
48,Texas,480631,0,0,1,0,441,TAYLOR (441),30,ABILENE,3,Marzo,1,2022,19,0,I-20 BUSINESS,1,Interestatal,Urbano,Arteria Principal,Not Reported,1,Sin jurisdiccion especial,101,32.44614167,-99.68349722,Soporte de Puente,El primer evento no fue una colision con un vehiculo automotor en transporte,Not an Intersection,No fue interseccion,En el medio,Ninguna,Oscuro con iluminacion,Nublado,No,NO APLICA,99,98,99,98,1,01/03/2022,1
48,Texas,480632,0,0,2,0,329,MIDLAND (329),4560,MIDLAND,3,Marzo,3,2022,17,5,SR-349 BUSINESS/BIG SPRING ST,3,Highway estatal,Urbano,Arteria Principal,Not Reported,1,Sin jurisdiccion especial,66,32.00779444,-102.0791278,Vehiculo en movimiento,Frente a frente,Four-Way Intersection,Interseccion de 4 direcciones,Sobre calle,Ninguna,Dia total,Despejado,No,NO APLICA,99,99,99,99,1,03/03/2022,2
48,Texas,480633,0,0,2,0,53,BURNET (53),0,NO APLICA,2,Febrero,26,2022,14,13,SR-29,3,Highway estatal,Rural,Arteria Principal,Not Reported,9,Sin jurisdiccion especial,85,30.74812778,-98.09006667,Vehiculo en movimiento,Frente a frente,Not an Intersection,No fue interseccion,Sobre calle,Ninguna,Dia total,lluvia,No,NO APLICA,99,99,99,99,2,26/02/2022,4
48,Texas,480634,0,0,2,0,231,HUNT (231),2860,GREENVILLE,3,Marzo,3,2022,10,2,US-69/JOE RAMSEY BLVD,2,US Highway,Urbano,Arteria Principal,Not Reported,1,Sin jurisdiccion especial,50,33.12402778,-96.12431667,Vehiculo en movimiento,Angulo,Four-Way Intersection,Interseccion de 4 direcciones,Sobre calle,Ninguna,Dia total,Despejado,No,NO APLICA,99,99,99,99,1,03/03/2022,3
48,Texas,480635,0,0,1,0,439,TARRANT (439),260,ARLINGTON,3,Marzo,9,2022,23,36,I-20/RONALD REAGAN MEMORIAL HW,1,Interestatal,Urbano,Interestatal,State Highway Agency,1,Sin jurisdiccion especial,116,32.67709722,-97.06211667,Valla Ferrocarril,El primer evento no fue una colision con un vehiculo automotor en transporte,Not an Intersection,No fue interseccion,Sobre el lado de la calle,Ninguna,Oscuro sin iluminacion,Despejado,No,NO APLICA,99,99,99,99,1,09/03/2022,1
48,Texas,480636,0,0,3,0,201,HARRIS (201),5230,PASADENA,2,Febrero,5,2022,17,26,SPENCER HWY,6,Calle Local Municipalidad,Urbano,Arteria Principal,Not Reported,1,Sin jurisdiccion especial,199,29.66565,-95.15523333,Vehiculo en movimiento,Angulo,Four-Way Intersection,Interseccion de 4 direcciones,Sobre calle,Ninguna,Dia total,Despejado,No,NO APLICA,99,99,99,99,1,05/02/2022,5
48,Texas,480637,1,1,1,0,453,TRAVIS (453),330,AUSTIN,2,Febrero,27,2022,17,37,7TH ST,6,Calle Local Municipalidad,Urbano,Arteria Menor,Not Reported,0,Sin jurisdiccion especial,0,30.25998889,-97.70949167,Peaton,El primer evento no fue una colision con un vehiculo automotor en transporte,Four-Way Intersection,Interseccion de 4 direcciones,Sobre calle,Ninguna,Dia total,Despejado,No,NO APLICA,99,99,99,99,1,27/02/2022,1
48,Texas,480638,0,0,1,0,453,TRAVIS (453),330,AUSTIN,3,Marzo,7,2022,7,15,SR-71/BEN WHITE BLVD,3,Highway estatal,Urbano,Arterial Principal -Freeway o ExpressWay,Not Reported,1,Sin jurisdiccion especial,92,30.22217222,-97.68319167,Valla Ferrocarril,El primer evento no fue una colision con un vehiculo automotor en transporte,Not an Intersection,No fue interseccion,En el medio,Ninguna,Reportada como desconocida,Reportado como desconocido,No,NO APLICA,99,98,99,98,1,07/03/2022,1
48,Texas,480639,0,0,1,0,65,CARSON (65),0,NO APLICA,3,Marzo,5,2022,9,24,I-40/OLD ROUTE 66,1,Interestatal,Rural,Interestatal,State Highway Agency,1,Sin jurisdiccion especial,48,35.22123889,-101.5429778,Valla Ferrocarril,El primer evento no fue una colision con un vehiculo automotor en transporte,Not an Intersection,No fue interseccion,Sobre el lado de la calle,Ninguna,Dia total,Despejado,No,NO APLICA,99,98,99,98,2,05/03/2022,2
48,Texas,480640,0,0,2,0,113,DALLAS (113),1730,DALLAS,2,Febrero,25,2022,1,0,MOCKINGBIRD LN,6,Calle Local Municipalidad,Urbano,Arteria Menor,Not Reported,0,Sin jurisdiccion especial,218,32.819075,-96.86886944,Vehiculo en movimiento,Angulo,T-Intersection,Interseccion de T,Sobre calle,Ninguna,Oscuro con iluminacion,Despejado,No,NO APLICA,99,99,99,99,2,25/02/2022,4
48,Texas,480641,0,1,2,1,329,MIDLAND (329),0,NO APLICA,3,Marzo,6,2022,12,8,I-20,1,Interestatal,Rural,Interestatal,State Highway Agency,1,Sin jurisdiccion especial,259,32.07401944,-101.9229694,Vehiculo Aparcado,El primer evento no fue una colision con un vehiculo automotor en transporte,Not an Intersection,No fue interseccion,Sobre Acotamiento,Ninguna,Dia total,Despejado,No,NO APLICA,99,99,99,99,1,06/03/2022,1
48,Texas,480642,0,0,1,0,71,CHAMBERS (71),0,NO APLICA,2,Febrero,24,2022,11,25,FM 565,8,Otro,Rural,Arteria Menor,Not Reported,0,Sin jurisdiccion especial,54,29.86085556,-94.81719167,Arbol,El primer evento no fue una colision con un vehiculo automotor en transporte,Not an Intersection,No fue interseccion,Sobre el lado de la calle,Ninguna,Dia total,Despejado,No,NO APLICA,99,98,99,98,1,24/02/2022,2
48,Texas,480643,0,0,2,0,411,SAN SABA (411),0,NO APLICA,2,Febrero,28,2022,14,51,US-190,2,US Highway,Rural,Arteria Principal,Not Reported,1,Sin jurisdiccion especial,174,31.2167,-98.82129444,Vehiculo en movimiento,Angulo,Not an Intersection,No fue interseccion,Sobre calle,Ninguna,Dia total,Despejado,No,NO APLICA,99,99,99,99,1,28/02/2022,2
48,Texas,480644,0,0,3,0,441,TAYLOR (441),0,NO APLICA,3,Marzo,3,2022,7,21,I-20,1,Interestatal,Rural,Interestatal,State Highway Agency,1,Sin jurisdiccion especial,135,32.45951667,-99.92947778,Vehiculo en movimiento,Frente a Detrás,Not an Intersection,No fue interseccion,Sobre calle,Ninguna,Dia total,Despejado,No,NO APLICA,99,99,99,99,1,03/03/2022,3
48,Texas,480645,1,1,1,0,303,LUBBOCK (303),0,NO APLICA,2,Febrero,28,2022,20,40,CR-7200,4,Calle del Condado,Urbano,Arteria Menor,Not Reported,0,Sin jurisdiccion especial,0,33.50530833,-101.8427417,Peaton,El primer evento no fue una colision con un vehiculo automotor en transporte,Not an Intersection,No fue interseccion,Sobre calle,Ninguna,Oscuro sin iluminacion,Despejado,No,NO APLICA,99,99,99,99,1,28/02/2022,1
48,Texas,480646,0,0,1,0,49,BROWN (49),0,NO APLICA,3,Marzo,6,2022,9,50,SR-279,3,Highway estatal,Rural,Arteria Menor,Not Reported,0,Sin jurisdiccion especial,10,32.06748611,-99.15504722,Volcadura,El primer evento no fue una colision con un vehiculo automotor en transporte,Not an Intersection,No fue interseccion,Sobre calle,Ninguna,Dia total,Nublado,No,NO APLICA,99,99,99,99,2,06/03/2022,4
48,Texas,480647,1,1,3,0,339,MONTGOMERY (339),3280,HOUSTON,2,Febrero,20,2022,19,7,I-69/US-59/EASTEX FWY,1,Interestatal,Urbano,Interestatal,State Highway Agency,1,Sin jurisdiccion especial,13,30.05853056,-95.25046944,Peaton,El primer evento no fue una colision con un vehiculo automotor en transporte,Not an Intersection,No fue interseccion,Sobre calle,Ninguna,Atardecer,Despejado,No,NO APLICA,99,99,99,99,1,20/02/2022,6
48,Texas,480648,0,0,1,0,201,HARRIS (201),3280,HOUSTON,3,Marzo,5,2022,21,0,HOLMES RD,6,Calle Local Municipalidad,Urbano,Colector Mayor,Not Reported,0,Sin jurisdiccion especial,0,29.68274167,-95.35180833,Arbol,El primer evento no fue una colision con un vehiculo automotor en transporte,Not an Intersection,No fue interseccion,Sobre el lado de la calle,Ninguna,Oscuro sin iluminacion,Nublado,No,NO APLICA,99,98,99,98,1,05/03/2022,1