Estado,Nombre de Estado,Numero de Caso,Peatones,Personas _no_vehiculos,Vehiculos automotores,Vehiculos estacionados,Condado,Nombre Condado,Ciudad,Nombre Ciudad,Mes,Nombre Mes,Dia,Año,Hora,Minuto,Calle,Ruta,Nombre Ruta,Rural o Urbanoo,Sistema Funcional,Dueño Calle,Sistema Nacional Carreteras,Jurisdiccion Especial,Milla,Latitud,Longitud,Causa del Accidente,Tipo de Accidente,Tipo Interseccion,Columna1,Lugar en la calle,Zona de Trabajo,Luz,Clima,Autobus Escolar,Cruce de Trenes,Hora Notificacion,Minuto Notificacion,Hora Llegada,Minuto Llegada,Decesos,Fecha,PersonaVehiculo
48,Texas,480649,0,0,2,0,201,HARRIS (201),3280,HOUSTON,2,Febrero,18,2022,0,50,WILL CLAYTON  PKWY,6,Calle Local Municipalidad,Urbano,Arteria Principal,Not Reported,0,Sin jurisdiccion especial,0,29.98536111,-95.30543333,Vehiculo en movimiento,Golpe Lateral - misma direccion,Not an Intersection,No fue interseccion,Sobre calle,Ninguna,Oscuro con iluminacion,Despejado,No,NO APLICA,99,99,99,99,4,18/02/2022,5
48,Texas,480650,0,0,2,0,201,HARRIS (201),0,NO APLICA,3,Marzo,10,2022,21,31,US-90/CROSBY FWY RAMP,2,US Highway,Urbano,Arterial Principal -Freeway o ExpressWay,Not Reported,1,Sin jurisdiccion especial,172,29.88598056,-95.06103611,Vehiculo en movimiento,Frente a Detrás,Not an Intersection,No fue interseccion,Sobre calle,Ninguna,Oscuro sin iluminacion,Nublado,No,NO APLICA,99,98,99,98,1,10/03/2022,2
48,Texas,480651,1,1,1,0,29,BEXAR (29),6090,SAN ANTONIO,3,Marzo,5,2022,0,53,CULEBRA RD,6,Calle Local Municipalidad,Urbano,Arteria Menor,Not Reported,0,Sin jurisdiccion especial,0,29.46715278,-98.64757778,Peaton,El primer evento no fue una colision con un vehiculo automotor en transporte,Not an Intersection,No fue interseccion,Sobre calle,Ninguna,Oscuro con iluminacion,Despejado,No,NO APLICA,99,99,99,99,1,05/03/2022,2
48,Texas,480652,1,1,1,0,29,BEXAR (29),6090,SAN ANTONIO,3,Marzo,4,2022,1,51,ROOSEVELT AVE,6,Calle Local Municipalidad,Urbano,Arteria Menor,Not Reported,0,Sin jurisdiccion especial,0,29.39681111,-98.48598333,Peaton,El primer evento no fue una colision con un vehiculo automotor en transporte,Four-Way Intersection,Interseccion de 4 direcciones,Sobre calle,Ninguna,Oscuro con iluminacion,Despejado,No,NO APLICA,99,99,99,99,1,04/03/2022,1
48,Texas,480653,0,0,2,0,29,BEXAR (29),6090,SAN ANTONIO,3,Marzo,9,2022,19,5,ZARZAMORA ST,6,Calle Local Municipalidad,Urbano,Arteria Menor,Not Reported,0,Sin jurisdiccion especial,0,29.42600556,-98.52720556,Vehiculo en movimiento,Angulo,Four-Way Intersection,Interseccion de 4 direcciones,Sobre calle,Ninguna,Oscuro con iluminacion,Despejado,No,NO APLICA,99,99,99,99,1,09/03/2022,2
48,Texas,480654,0,0,2,0,215,HIDALGO (215),114,ALTON,3,Marzo,11,2022,1,47,FM 676/MAIN AVE,8,Otro,Urbano,Arteria Menor,Not Reported,0,Sin jurisdiccion especial,54,26.28383056,-98.28961667,Vehiculo en movimiento,Frente a Detrás,Four-Way Intersection,Interseccion de 4 direcciones,Sobre calle,Ninguna,Oscuro con iluminacion,Despejado,No,NO APLICA,99,99,99,99,2,11/03/2022,3
48,Texas,480655,0,0,2,0,29,BEXAR (29),6090,SAN ANTONIO,3,Marzo,10,2022,2,26,FM 78,8,Otro,Urbano,Arteria Principal,Not Reported,1,Sin jurisdiccion especial,126,29.47729167,-98.36756111,Vehiculo en movimiento,Frente a frente,Not an Intersection,No fue interseccion,Sobre calle,Ninguna,Oscuro con iluminacion,Despejado,No,NO APLICA,99,99,99,99,1,10/03/2022,2
48,Texas,480656,0,0,2,0,141,EL PASO (141),2190,EL PASO,2,Febrero,13,2022,13,5,FM 76/NORTH LOOP DR,8,Otro,Urbano,Arteria Principal,Not Reported,1,Sin jurisdiccion especial,99998,31.69184444,-106.3055917,Vehiculo en movimiento,Angulo,T-Intersection,Interseccion de T,Sobre calle,Ninguna,Dia total,Despejado,No,NO APLICA,99,99,99,99,1,13/02/2022,4
48,Texas,480657,0,0,2,0,339,MONTGOMERY (339),1510,CONROE,2,Febrero,26,2022,7,25,SR-336,3,Highway estatal,Urbano,Arteria Principal,Not Reported,1,Sin jurisdiccion especial,173,30.30945,-95.39849444,Vehiculo en movimiento,Frente a Detrás,Not an Intersection,No fue interseccion,Sobre calle,Ninguna,Dia total,Nublado,No,NO APLICA,99,99,99,99,1,26/02/2022,5
48,Texas,480658,0,0,2,0,205,HARTLEY (205),0,NO APLICA,2,Febrero,25,2022,18,11,US-87,2,US Highway,Rural,Arteria Principal,Not Reported,1,Sin jurisdiccion especial,90,35.86679167,-102.2721556,Vehiculo en movimiento,Frente a frente,Not an Intersection,No fue interseccion,Sobre calle,Ninguna,Dia total,Despejado,No,NO APLICA,99,99,99,99,4,25/02/2022,6
48,Texas,480660,0,0,1,0,201,HARRIS (201),3280,HOUSTON,3,Marzo,11,2022,19,22,FOUNTAIN VIEW DR,6,Calle Local Municipalidad,Urbano,Colector Mayor,Not Reported,0,Sin jurisdiccion especial,0,29.73523889,-95.48425833,Poste o otros soportes,El primer evento no fue una colision con un vehiculo automotor en transporte,Not an Intersection,No fue interseccion,En el medio,Ninguna,Oscuro con iluminacion,Nublado,No,NO APLICA,99,99,99,99,1,11/03/2022,2
48,Texas,480661,0,0,2,0,157,FORT BEND (157),4655,MISSOURI CITY,3,Marzo,12,2022,20,50,LAKE OLYMPIA BLVD BLVD,6,Calle Local Municipalidad,Urbano,Colector Mayor,Not Reported,0,Sin jurisdiccion especial,0,29.55530556,-95.52385833,Vehiculo en movimiento,Angulo,T-Intersection,Interseccion de T,Sobre calle,Ninguna,Oscuro con iluminacion,Despejado,No,NO APLICA,99,98,99,98,1,12/03/2022,3
48,Texas,480662,0,0,2,0,329,MIDLAND (329),9997,Other,3,Marzo,13,2022,5,50,BI 35,8,Otro,Urbano,Arteria Principal,State Highway Agency,1,Sin jurisdiccion especial,8,31.89196389,-102.275975,Vehiculo en movimiento,Frente a Detrás,T-Intersection,Interseccion de T,Sobre calle,Ninguna,Oscuro sin iluminacion,Despejado,No,NO APLICA,99,99,99,99,1,13/03/2022,2
48,Texas,480663,0,0,1,0,113,DALLAS (113),1730,DALLAS,3,Marzo,6,2022,22,24,MOUNTAIN CREEK PKWY,6,Calle Local Municipalidad,Urbano,Arteria Principal,Not Reported,0,Sin jurisdiccion especial,0,32.71461944,-96.95124444,Banqueta,El primer evento no fue una colision con un vehiculo automotor en transporte,Not an Intersection,No fue interseccion,En el medio,Ninguna,Oscuro con iluminacion,Nublado,No,NO APLICA,99,99,99,99,1,06/03/2022,1
48,Texas,480664,1,1,1,0,203,HARRISON (203),4360,MARSHALL,2,Febrero,11,2022,19,37,FM 449,8,Otro,Urbano,Colector Mayor,Not Reported,0,Sin jurisdiccion especial,187,32.55141111,-94.40214444,Peaton,El primer evento no fue una colision con un vehiculo automotor en transporte,Not an Intersection,No fue interseccion,Sobre calle,Ninguna,Oscuro sin iluminacion,Despejado,No,NO APLICA,99,98,99,98,1,11/02/2022,1
48,Texas,480665,0,0,1,0,203,HARRISON (203),4360,MARSHALL,2,Febrero,12,2022,23,2,ELYSIAN FIELDS AVE,6,Calle Local Municipalidad,Urbano,Colector Mayor,Not Reported,0,Sin jurisdiccion especial,0,32.53400833,-94.34566111,Arbol,El primer evento no fue una colision con un vehiculo automotor en transporte,Not an Intersection,No fue interseccion,Sobre el lado de la calle,Ninguna,Oscuro sin iluminacion,Despejado,No,NO APLICA,99,99,99,99,1,12/02/2022,1
48,Texas,480666,1,1,1,0,203,HARRISON (203),4360,MARSHALL,2,Febrero,17,2022,18,30,US-80/GRAND AVE,2,US Highway,Urbano,Arteria Principal,Not Reported,1,Sin jurisdiccion especial,193,32.54853889,-94.38598333,Peaton,El primer evento no fue una colision con un vehiculo automotor en transporte,T-Intersection,Interseccion de T,Sobre calle,Ninguna,Oscuro sin iluminacion,Despejado,No,NO APLICA,99,99,99,99,1,17/02/2022,1
48,Texas,480667,0,0,2,0,303,LUBBOCK (303),4140,LUBBOCK,3,Marzo,13,2022,3,38,34TH ST,6,Calle Local Municipalidad,Urbano,Arteria Menor,Not Reported,0,Sin jurisdiccion especial,0,33.56338333,-101.9068333,Vehiculo en movimiento,Frente a Detrás,Not an Intersection,No fue interseccion,Sobre calle,Ninguna,Oscuro con iluminacion,Despejado,No,NO APLICA,99,99,99,99,1,13/03/2022,2
48,Texas,480668,2,2,2,0,29,BEXAR (29),3942,LEON VALLEY,3,Marzo,1,2022,6,5,SR-16,3,Highway estatal,Urbano,Arteria Principal,Not Reported,1,Sin jurisdiccion especial,86,29.49543611,-98.61860556,Peaton,El primer evento no fue una colision con un vehiculo automotor en transporte,Four-Way Intersection,Interseccion de 4 direcciones,Sobre calle,Ninguna,Otra,Despejado,No,NO APLICA,99,99,99,99,1,01/03/2022,3
48,Texas,480669,0,0,1,0,451,TOM GREEN (451),6080,SAN ANGELO,3,Marzo,14,2022,2,45,US-87,2,US Highway,Urbano,Arteria Principal,Not Reported,1,Sin jurisdiccion especial,284,31.43190556,-100.4416917,Soporte de Puente,El primer evento no fue una colision con un vehiculo automotor en transporte,Not an Intersection,No fue interseccion,Sobre el lado de la calle,Ninguna,Oscuro con iluminacion,Despejado,No,NO APLICA,99,98,99,98,1,14/03/2022,1
48,Texas,480670,0,0,2,0,223,HOPKINS (223),0,NO APLICA,3,Marzo,5,2022,21,59,SR-19,3,Highway estatal,Rural,Arteria Principal,Not Reported,0,Sin jurisdiccion especial,207,33.07610278,-95.66276667,Vehiculo en movimiento,Frente a frente,Not an Intersection,No fue interseccion,Sobre calle,Ninguna,Oscuro sin iluminacion,Despejado,No,NO APLICA,99,99,99,99,1,05/03/2022,2
48,Texas,480671,0,0,2,0,61,CAMERON (61),4110,LOS FRESNOS,3,Marzo,5,2022,3,0,SR-100,3,Highway estatal,Urbano,Arteria Principal,Not Reported,1,Sin jurisdiccion especial,50,26.07320833,-97.49890833,Vehiculo en movimiento,Frente a Detrás,Four-Way Intersection,Interseccion de 4 direcciones,Sobre calle,Ninguna,Oscuro sin iluminacion,Despejado,No,NO APLICA,99,99,99,99,1,05/03/2022,4
48,Texas,480672,0,0,1,0,297,LIVE OAK (297),0,NO APLICA,2,Febrero,24,2022,15,45,I-37,1,Interestatal,Rural,Interestatal,State Highway Agency,1,Sin jurisdiccion especial,248,28.43124722,-98.08973889,Volcadura,El primer evento no fue una colision con un vehiculo automotor en transporte,Not an Intersection,No fue interseccion,Separador,Ninguna,Dia total,Nublado,No,NO APLICA,99,99,99,99,1,24/02/2022,4
48,Texas,480673,0,0,2,0,317,MARTIN (317),0,NO APLICA,3,Marzo,2,2022,17,42,SR-176,3,Highway estatal,Rural,Arteria Menor,Not Reported,0,Sin jurisdiccion especial,149,32.30578611,-101.9743917,Vehiculo en movimiento,Angulo,Four-Way Intersection,Interseccion de 4 direcciones,Sobre calle,Ninguna,Dia total,Despejado,No,NO APLICA,99,99,99,99,1,02/03/2022,4
48,Texas,480674,0,0,1,0,51,BURLESON (51),6439,SNOOK,3,Marzo,2,2022,13,29,CR-269 W,4,Calle del Condado,Rural,Colector Menor,Not Reported,0,Sin jurisdiccion especial,0,30.47955278,-96.47448056,Arbol,El primer evento no fue una colision con un vehiculo automotor en transporte,Not an Intersection,No fue interseccion,Sobre el lado de la calle,Ninguna,Dia total,Despejado,No,NO APLICA,99,99,99,99,2,02/03/2022,4
48,Texas,480675,0,0,2,0,29,BEXAR (29),4015,LIVE OAK,3,Marzo,8,2022,23,19,SR-218,3,Highway estatal,Urbano,Arteria Principal,Not Reported,1,Sin jurisdiccion especial,5,29.56313611,-98.33367222,Vehiculo en movimiento,Angulo,Four-Way Intersection,Interseccion de 4 direcciones,Sobre calle,Ninguna,Oscuro con iluminacion,Despejado,No,NO APLICA,99,98,99,98,1,08/03/2022,2
48,Texas,480676,0,0,1,0,31,BLANCO (31),0,NO APLICA,3,Marzo,13,2022,13,0,US-290,2,US Highway,Rural,Arteria Principal,Not Reported,1,Sin jurisdiccion especial,81,30.19633056,-98.25259444,Arbol,El primer evento no fue una colision con un vehiculo automotor en transporte,Not an Intersection,No fue interseccion,Sobre el lado de la calle,Ninguna,Dia total,Despejado,No,NO APLICA,99,99,99,99,1,13/03/2022,2
48,Texas,480677,0,0,2,0,51,BURLESON (51),0,NO APLICA,3,Marzo,4,2022,18,20,SR-36 S,3,Highway estatal,Rural,Arteria Principal,Not Reported,1,Sin jurisdiccion especial,22,30.50687778,-96.68013056,Vehiculo en movimiento,Frente a frente,Not an Intersection,No fue interseccion,Sobre Acotamiento,Ninguna,Dia total,Despejado,No,NO APLICA,99,99,99,99,2,04/03/2022,3
48,Texas,480678,0,0,2,0,365,PANOLA (365),0,NO APLICA,3,Marzo,3,2022,11,5,SR-149,3,Highway estatal,Rural,Arteria Menor,Not Reported,0,Sin jurisdiccion especial,106,32.20225,-94.40280278,Vehiculo en movimiento,Frente a Detrás,Not an Intersection,No fue interseccion,Sobre calle,Ninguna,Dia total,Despejado,No,NO APLICA,99,99,99,99,1,03/03/2022,2
48,Texas,480680,0,0,4,0,439,TARRANT (439),2450,FORT WORTH,3,Marzo,11,2022,10,0,TL 38 CHISHOLM TRAIL PKWY,8,Otro,Urbano,Arterial Principal -Freeway o ExpressWay,State Toll Road,0,Sin jurisdiccion especial,0,32.67658611,-97.40601667,Vehiculo en movimiento,Frente a Detrás,Four-Way Intersection,Interseccion de 4 direcciones,Sobre calle,Ninguna,Dia total,Nublado,No,NO APLICA,99,99,99,99,1,11/03/2022,4
48,Texas,480681,0,0,1,0,451,TOM GREEN (451),0,NO APLICA,3,Marzo,5,2022,16,25,US-87,2,US Highway,Rural,Arteria Principal,Not Reported,1,Sin jurisdiccion especial,214,31.59363889,-100.6241778,Volcadura,El primer evento no fue una colision con un vehiculo automotor en transporte,Not an Intersection,No fue interseccion,Fuera de la calle,Ninguna,Dia total,Despejado,No,NO APLICA,99,98,99,98,1,05/03/2022,1
48,Texas,480683,0,0,2,0,201,HARRIS (201),3280,HOUSTON,2,Febrero,20,2022,2,55,I-610/EAST LP,1,Interestatal,Urbano,Interestatal,State Highway Agency,1,Sin jurisdiccion especial,47,29.71535833,-95.26629167,Vehiculo en movimiento,Frente a Detrás,Not an Intersection,No fue interseccion,Sobre calle,Ninguna,Oscuro con iluminacion,Despejado,No,NO APLICA,99,98,99,98,1,20/02/2022,2
48,Texas,480684,0,0,1,0,39,BRAZORIA (39),190,ANGLETON,3,Marzo,3,2022,7,4,GIFFORD RD,6,Calle Local Municipalidad,Urbano,Local,Not Reported,0,Sin jurisdiccion especial,0,29.145,-95.41842222,Zanja,El primer evento no fue una colision con un vehiculo automotor en transporte,T-Intersection,Interseccion de T,Sobre el lado de la calle,Ninguna,Dia total,Despejado,No,NO APLICA,99,99,99,99,1,03/03/2022,1
48,Texas,480685,1,1,1,0,201,HARRIS (201),3280,HOUSTON,2,Febrero,14,2022,1,37,BEECHNUT ST,6,Calle Local Municipalidad,Urbano,Arteria Menor,Not Reported,0,Sin jurisdiccion especial,0,29.690375,-95.54986667,Barda,El primer evento no fue una colision con un vehiculo automotor en transporte,Not an Intersection,No fue interseccion,Fuera de la calle,Ninguna,Oscuro con iluminacion,Despejado,No,NO APLICA,99,98,99,98,1,14/02/2022,1
48,Texas,480687,0,0,2,0,453,TRAVIS (453),330,AUSTIN,2,Febrero,11,2022,3,18,I-35,1,Interestatal,Urbano,Interestatal,State Highway Agency,1,Sin jurisdiccion especial,193,30.28671389,-97.7248,Vehiculo en movimiento,No reportado,Not an Intersection,No fue interseccion,Sobre calle,Ninguna,Oscuro con iluminacion,Despejado,No,NO APLICA,99,98,99,98,1,11/02/2022,2
48,Texas,480688,0,0,1,0,139,ELLIS (139),4590,MILFORD,2,Febrero,11,2022,9,56,US-77,2,US Highway,Rural,Colector Mayor,Not Reported,0,Sin jurisdiccion especial,451,32.14729167,-96.93097222,Zanja,El primer evento no fue una colision con un vehiculo automotor en transporte,Not an Intersection,No fue interseccion,Sobre el lado de la calle,Ninguna,Dia total,Despejado,No,NO APLICA,99,98,99,98,1,11/02/2022,1
48,Texas,480689,3,3,3,0,309,MCLENNAN (309),7210,WACO,3,Marzo,12,2022,19,20,SR-6,3,Highway estatal,Rural,Arterial Principal -Freeway o ExpressWay,Not Reported,1,Sin jurisdiccion especial,153,31.52956944,-97.23406944,Vehiculo en movimiento,Frente a Detrás,Not an Intersection,No fue interseccion,Sobre calle,Ninguna,Oscuro sin iluminacion,Despejado,No,NO APLICA,99,99,99,99,2,12/03/2022,2
48,Texas,480690,0,0,1,0,113,DALLAS (113),4530,MESQUITE,3,Marzo,13,2022,15,49,CLAY MATHIS  RD,6,Calle Local Municipalidad,Urbano,Arteria Menor,Not Reported,0,Sin jurisdiccion especial,0,32.73646389,-96.54818333,Banqueta,El primer evento no fue una colision con un vehiculo automotor en transporte,Not an Intersection,No fue interseccion,Sobre el lado de la calle,Ninguna,Dia total,Despejado,No,NO APLICA,99,99,99,99,1,13/03/2022,2
48,Texas,480691,1,1,1,0,29,BEXAR (29),6090,SAN ANTONIO,3,Marzo,13,2022,19,10,I-410,1,Interestatal,Urbano,Interestatal,State Highway Agency,1,Sin jurisdiccion especial,67,29.39700833,-98.64935556,Ciclista,El primer evento no fue una colision con un vehiculo automotor en transporte,Not an Intersection,No fue interseccion,Sobre Acotamiento,Ninguna,Dia total,Despejado,No,NO APLICA,99,98,99,98,1,13/03/2022,1
48,Texas,480692,0,0,1,0,83,COLEMAN (83),0,NO APLICA,3,Marzo,13,2022,13,45,FM 1176,8,Otro,Rural,Colector Menor,Not Reported,0,Sin jurisdiccion especial,47,31.84217778,-99.3263,Culvert,El primer evento no fue una colision con un vehiculo automotor en transporte,Not an Intersection,No fue interseccion,Sobre el lado de la calle,Ninguna,Dia total,Despejado,No,NO APLICA,99,98,99,98,1,13/03/2022,1
48,Texas,480693,0,0,1,0,441,TAYLOR (441),30,ABILENE,3,Marzo,12,2022,6,49,BI-20R/US-80,8,Otro,Urbano,Arteria Principal,Not Reported,1,Sin jurisdiccion especial,102,32.44591111,-99.68126111,Otro objeto (fijo),El primer evento no fue una colision con un vehiculo automotor en transporte,Not an Intersection,No fue interseccion,Fuera de la calle,Ninguna,No reportada,Despejado,No,NO APLICA,99,99,99,99,1,12/03/2022,2
48,Texas,480694,1,1,1,0,449,TITUS (449),6750,TALCO,3,Marzo,5,2022,17,8,EIGHTH ST,6,Calle Local Municipalidad,Rural,Local,Not Reported,0,Sin jurisdiccion especial,0,33.363025,-95.10111667,Peaton,El primer evento no fue una colision con un vehiculo automotor en transporte,Not an Intersection,No fue interseccion,Sobre calle,Ninguna,Dia total,Despejado,No,NO APLICA,88,88,88,88,1,05/03/2022,1
48,Texas,480695,0,0,2,0,187,GUADALUPE (187),6290,SEGUIN,3,Marzo,13,2022,3,12,US-90 KINGSBURY ST,2,US Highway,Urbano,Arteria Menor,Not Reported,0,Sin jurisdiccion especial,16,29.57431389,-97.99119444,Vehiculo en movimiento,Frente a frente,Not an Intersection,No fue interseccion,Sobre calle,Ninguna,Oscuro con iluminacion,Despejado,No,NO APLICA,99,99,99,99,1,13/03/2022,3
48,Texas,480696,1,1,1,0,355,NUECES (355),0,NO APLICA,2,Febrero,25,2022,20,30,FM 1889,8,Otro,Rural,Arteria Menor,Not Reported,0,Sin jurisdiccion especial,24,27.82387778,-97.66434167,Peaton,El primer evento no fue una colision con un vehiculo automotor en transporte,Not an Intersection,No fue interseccion,Sobre Acotamiento,Ninguna,Oscuro sin iluminacion,Nublado,No,NO APLICA,99,99,99,99,1,25/02/2022,1
48,Texas,480697,1,1,1,0,479,WEBB (479),3899,LAREDO,3,Marzo,9,2022,16,38,I-35,7,Calle Local,Rural,Colector Mayor,State Highway Agency,0,Sin jurisdiccion especial,18,27.66264167,-99.47324722,Ciclista,El primer evento no fue una colision con un vehiculo automotor en transporte,Not an Intersection,No fue interseccion,Sobre calle,Ninguna,Dia total,Despejado,No,NO APLICA,99,99,99,99,1,09/03/2022,1
48,Texas,480698,0,0,2,0,65,CARSON (65),0,NO APLICA,3,Marzo,6,2022,11,58,I-40,1,Interestatal,Rural,Interestatal,State Highway Agency,1,Sin jurisdiccion especial,13,35.20761389,-101.2397806,Vehiculo en movimiento,Frente a Detrás,Not an Intersection,No fue interseccion,Sobre calle,Ninguna,Dia total,Nublado,No,NO APLICA,99,98,99,98,3,06/03/2022,4
48,Texas,480699,0,0,1,0,477,WASHINGTON (477),0,NO APLICA,3,Marzo,12,2022,3,37,SR-105,3,Highway estatal,Rural,Arteria Principal,Not Reported,1,Sin jurisdiccion especial,197,30.21664167,-96.30920833,Barda,El primer evento no fue una colision con un vehiculo automotor en transporte,Four-Way Intersection,Interseccion de 4 direcciones,Fuera de la calle,Ninguna,Oscuro sin iluminacion,Despejado,No,NO APLICA,99,98,99,98,1,12/03/2022,2
48,Texas,480700,1,1,1,0,439,TARRANT (439),260,ARLINGTON,3,Marzo,12,2022,23,1,FM 157,8,Otro,Urbano,Arteria Principal,Not Reported,1,Sin jurisdiccion especial,134,32.74208056,-97.09734444,Peaton,El primer evento no fue una colision con un vehiculo automotor en transporte,Not an Intersection,No fue interseccion,Sobre calle,Ninguna,Oscuro con iluminacion,Despejado,No,NO APLICA,99,98,99,98,1,12/03/2022,1
48,Texas,480701,0,0,2,0,483,WHEELER (483),0,NO APLICA,3,Marzo,10,2022,21,49,US-83,2,US Highway,Rural,Arteria Menor,Not Reported,0,Sin jurisdiccion especial,119,35.28330556,-100.2363111,Vehiculo en movimiento,Frente a frente,Not an Intersection,No fue interseccion,Sobre calle,Ninguna,Oscuro sin iluminacion,Despejado,No,NO APLICA,99,99,99,99,1,10/03/2022,3
48,Texas,480702,0,0,2,0,85,COLLIN (85),5390,PLANO,3,Marzo,13,2022,13,9,PARKER RD,6,Calle Local Municipalidad,Urbano,Arteria Menor,Not Reported,0,Sin jurisdiccion especial,0,33.03722778,-96.69905833,Vehiculo en movimiento,Frente a frente,Four-Way Intersection,Interseccion de 4 direcciones,Sobre calle,Ninguna,Dia total,Despejado,No,NO APLICA,99,99,99,99,1,13/03/2022,3
48,Texas,480703,0,0,1,0,201,HARRIS (201),3280,HOUSTON,3,Marzo,13,2022,19,41,SR-288 SVRD/SOUTH FWY,7,Calle Local,Urbano,No reportado,Not Reported,0,Sin jurisdiccion especial,25,29.72233333,-95.37763056,Volcadura,El primer evento no fue una colision con un vehiculo automotor en transporte,Four-Way Intersection,Interseccion de 4 direcciones,Sobre calle,Ninguna,Oscuro con iluminacion,Despejado,No,NO APLICA,99,99,99,99,1,13/03/2022,1
48,Texas,480704,0,0,1,0,29,BEXAR (29),0,NO APLICA,3,Marzo,10,2022,23,14,CANYON GOLF,6,Calle Local Municipalidad,Urbano,Arteria Menor,Not Reported,0,Sin jurisdiccion especial,0,29.66465556,-98.47841944,Arbol,El primer evento no fue una colision con un vehiculo automotor en transporte,Not an Intersection,No fue interseccion,Sobre el lado de la calle,Ninguna,Oscuro sin iluminacion,Despejado,No,NO APLICA,99,99,99,99,1,10/03/2022,1
48,Texas,480705,0,0,2,0,401,RUSK (401),0,NO APLICA,3,Marzo,12,2022,15,22,FM 13,8,Otro,Rural,Colector Mayor,Not Reported,0,Sin jurisdiccion especial,86,32.15111667,-94.85075833,Vehiculo en movimiento,Angulo,T-Intersection,Interseccion de T,Sobre calle,Ninguna,Dia total,Despejado,No,NO APLICA,99,99,99,99,1,12/03/2022,5
48,Texas,480706,0,0,1,0,255,KARNES (255),0,NO APLICA,3,Marzo,5,2022,10,57,FM 743,8,Otro,Rural,Colector Menor,Not Reported,0,Sin jurisdiccion especial,76,28.74181944,-97.77908333,Volcadura,El primer evento no fue una colision con un vehiculo automotor en transporte,Not an Intersection,No fue interseccion,Sobre el lado de la calle,Ninguna,Dia total,Nublado,No,NO APLICA,99,99,99,99,1,05/03/2022,1
48,Texas,480707,0,0,1,0,35,BOSQUE (35),0,NO APLICA,3,Marzo,15,2022,6,0,CR-2700,4,Calle del Condado,Rural,Local,Not Reported,0,Sin jurisdiccion especial,0,32.08590556,-97.70961389,Volcadura,El primer evento no fue una colision con un vehiculo automotor en transporte,Not an Intersection,No fue interseccion,Sobre calle,Ninguna,Oscuro sin iluminacion,Despejado,No,NO APLICA,99,98,99,98,1,15/03/2022,1
48,Texas,480708,0,0,2,0,143,ERATH (143),0,NO APLICA,3,Marzo,5,2022,15,0,US-67,2,US Highway,Rural,Arteria Principal,Not Reported,1,Sin jurisdiccion especial,26,32.15091111,-97.94662778,Vehiculo en movimiento,Frente a frente,Not an Intersection,No fue interseccion,Sobre calle,Ninguna,Dia total,Nublado,No,NO APLICA,99,99,99,99,1,05/03/2022,2
48,Texas,480709,0,0,1,0,143,ERATH (143),0,NO APLICA,3,Marzo,2,2022,22,14,US-281,2,US Highway,Rural,Arteria Principal,Not Reported,0,Sin jurisdiccion especial,82,32.41476667,-98.15481944,Culvert,El primer evento no fue una colision con un vehiculo automotor en transporte,Not an Intersection,No fue interseccion,Sobre el lado de la calle,Ninguna,Oscuro sin iluminacion,Despejado,No,NO APLICA,99,98,99,98,1,02/03/2022,1
48,Texas,480710,0,0,1,0,27,BELL (27),0,NO APLICA,3,Marzo,15,2022,2,44,CR-PECAN DR,4,Calle del Condado,Urbano,Local,Not Reported,0,Sin jurisdiccion especial,0,31.04123333,-97.52069722,Poste o otros soportes,El primer evento no fue una colision con un vehiculo automotor en transporte,Not an Intersection,No fue interseccion,Fuera de la calle,Ninguna,Oscuro sin iluminacion,Despejado,No,NO APLICA,99,99,99,99,1,15/03/2022,1
48,Texas,480711,0,0,2,0,251,JOHNSON (251),0,NO APLICA,3,Marzo,16,2022,14,11,I-35/PURPLE HEART TRL,1,Interestatal,Rural,Interestatal,State Highway Agency,1,Sin jurisdiccion especial,74,32.35962222,-97.19298333,Vehiculo en movimiento,Frente a Detrás,Not an Intersection,No fue interseccion,Sobre calle,Ninguna,Dia total,Despejado,No,NO APLICA,99,99,99,99,1,16/03/2022,2
48,Texas,480713,0,0,2,0,245,JEFFERSON (245),490,BEAUMONT,3,Marzo,16,2022,19,22,FM 364,8,Otro,Urbano,Arteria Menor,Not Reported,0,Sin jurisdiccion especial,119,30.11080556,-94.19005,Vehiculo en movimiento,Frente a Detrás,Not an Intersection,No fue interseccion,Sobre calle,Ninguna,Dia total,Despejado,No,NO APLICA,99,99,99,99,1,16/03/2022,3
48,Texas,480714,1,1,1,0,201,HARRIS (201),3280,HOUSTON,3,Marzo,16,2022,19,52,LONG POINT RD,6,Calle Local Municipalidad,Urbano,Arteria Menor,Not Reported,0,Sin jurisdiccion especial,0,29.80303889,-95.49360833,Peaton,El primer evento no fue una colision con un vehiculo automotor en transporte,Not an Intersection,No fue interseccion,Sobre calle,Ninguna,Oscuro con iluminacion,Despejado,No,NO APLICA,99,98,99,98,1,16/03/2022,1
48,Texas,480715,0,0,2,0,441,TAYLOR (441),30,ABILENE,2,Febrero,27,2022,7,54,I-20,1,Interestatal,Urbano,Interestatal,State Highway Agency,1,Sin jurisdiccion especial,27,32.49036944,-99.72394444,Barrera de Cable,El primer evento no fue una colision con un vehiculo automotor en transporte,Not an Intersection,No fue interseccion,En el medio,Ninguna,Dia total,Despejado,No,NO APLICA,99,98,99,98,2,27/02/2022,3
48,Texas,480716,0,0,2,0,469,VICTORIA (469),0,NO APLICA,3,Marzo,14,2022,5,9,FM 616,8,Otro,Rural,Colector Mayor,Not Reported,0,Sin jurisdiccion especial,90,28.65541944,-96.87977222,Vehiculo en movimiento,Frente a frente,Not an Intersection,No fue interseccion,Sobre calle,Ninguna,Oscuro sin iluminacion,Despejado,No,NO APLICA,99,99,99,99,1,14/03/2022,2
48,Texas,480717,0,0,2,0,201,HARRIS (201),3280,HOUSTON,2,Febrero,7,2022,0,12,WILCREST DR,6,Calle Local Municipalidad,Urbano,Arteria Menor,Not Reported,0,Sin jurisdiccion especial,0,29.73303889,-95.57165278,Vehiculo en movimiento,Angulo,Four-Way Intersection,Interseccion de 4 direcciones,Sobre calle,Ninguna,Oscuro con iluminacion,Despejado,No,NO APLICA,99,99,99,99,1,07/02/2022,4