Estado,Nombre de Estado,Numero de Caso,Peatones,Personas _no_vehiculos,Vehiculos automotores,Vehiculos estacionados,Condado,Nombre Condado,Ciudad,Nombre Ciudad,Mes,Nombre Mes,Dia,Año,Hora,Minuto,Calle,Ruta,Nombre Ruta,Rural o Urbanoo,Sistema Funcional,Dueño Calle,Sistema Nacional Carreteras,Jurisdiccion Especial,Milla,Latitud,Longitud,Causa del Accidente,Tipo de Accidente,Tipo Interseccion,Columna1,Lugar en la calle,Zona de Trabajo,Luz,Clima,Autobus Escolar,Cruce de Trenes,Hora Notificacion,Minuto Notificacion,Hora Llegada,Minuto Llegada,Decesos,Fecha,PersonaVehiculo
48,Texas,480718,0,0,2,0,29,BEXAR (29),6090,SAN ANTONIO,3,Marzo,13,2022,1,21,BANDERA RD,6,Calle Local Municipalidad,Urbano,Arteria Principal,Not Reported,1,Sin jurisdiccion especial,56,29.53245278,-98.64529722,Vehiculo en movimiento,Frente a frente,Not an Intersection,No fue interseccion,Sobre calle,Ninguna,Oscuro con iluminacion,Despejado,No,NO APLICA,99,99,99,99,1,13/03/2022,2
48,Texas,480719,0,0,2,0,113,DALLAS (113),4530,MESQUITE,3,Marzo,12,2022,19,37,GUS THOMASSON RD,6,Calle Local Municipalidad,Urbano,Arteria Menor,Not Reported,0,Sin jurisdiccion especial,0,32.81335833,-96.635025,Vehiculo en movimiento,Frente a frente,Not an Intersection,No fue interseccion,Sobre calle,Ninguna,Oscuro con iluminacion,Despejado,No,NO APLICA,99,99,99,99,1,12/03/2022,2
48,Texas,480720,0,0,1,0,245,JEFFERSON (245),490,BEAUMONT,3,Marzo,16,2022,22,31,DELAWARE ST,6,Calle Local Municipalidad,Urbano,Arteria Menor,Not Reported,0,Sin jurisdiccion especial,0,30.10642222,-94.12556944,Poste,El primer evento no fue una colision con un vehiculo automotor en transporte,Not an Intersection,No fue interseccion,Sobre el lado de la calle,Ninguna,Oscuro sin iluminacion,Despejado,No,NO APLICA,99,98,99,98,1,16/03/2022,1
48,Texas,480721,0,0,1,0,5,ANGELINA (5),1021,BURKE,3,Marzo,2,2022,20,30,US-59,2,US Highway,Rural,Arteria Principal,Not Reported,1,Sin jurisdiccion especial,83,31.227475,-94.76895833,Arbol,El primer evento no fue una colision con un vehiculo automotor en transporte,Not an Intersection,No fue interseccion,Sobre el lado de la calle,Ninguna,Oscuro sin iluminacion,Despejado,No,NO APLICA,99,98,99,98,1,02/03/2022,1
48,Texas,480722,0,0,2,0,201,HARRIS (201),0,NO APLICA,3,Marzo,17,2022,12,24,CR-TELGE RD,4,Calle del Condado,Urbano,Arteria Menor,Not Reported,0,Sin jurisdiccion especial,0,30.034975,-95.65961944,Vehiculo en movimiento,Angulo,T-Intersection,Interseccion de T,Sobre calle,Ninguna,Dia total,Nublado,No,NO APLICA,99,99,99,99,1,17/03/2022,2
48,Texas,480723,0,0,2,0,91,COMAL (91),0,NO APLICA,3,Marzo,1,2022,12,35,CR-BLANCO RD,4,Calle del Condado,Urbano,Colector Mayor,Not Reported,0,Sin jurisdiccion especial,0,29.769375,-98.51328889,Poste de Señal de trafico,El primer evento no fue una colision con un vehiculo automotor en transporte,Not an Intersection,No fue interseccion,Sobre el lado de la calle,Ninguna,Dia total,Despejado,No,NO APLICA,99,99,99,99,1,01/03/2022,3
48,Texas,480724,0,0,3,0,85,COLLIN (85),0,NO APLICA,3,Marzo,13,2022,0,43,US-380,2,US Highway,Urbano,Arteria Principal,Not Reported,1,Sin jurisdiccion especial,130,33.19898889,-96.57814444,Vehiculo en movimiento,Frente a Detrás,T-Intersection,Interseccion de T,Sobre calle,Ninguna,Oscuro con iluminacion,Despejado,No,NO APLICA,99,99,99,99,1,13/03/2022,5
48,Texas,480725,0,0,2,0,453,TRAVIS (453),330,AUSTIN,2,Febrero,9,2022,10,38,WILLIAM CANNON DR,6,Calle Local Municipalidad,Urbano,Colector Mayor,Not Reported,0,Sin jurisdiccion especial,210,30.21956111,-97.83636389,Vehiculo en movimiento,Angulo,Four-Way Intersection,Interseccion de 4 direcciones,Sobre calle,Ninguna,Dia total,Despejado,No,NO APLICA,99,98,99,98,1,09/02/2022,3
48,Texas,480726,0,0,2,0,453,TRAVIS (453),330,AUSTIN,3,Marzo,6,2022,2,28,I-35 SVRD/PURPLE HEART TRL,7,Calle Local,Urbano,Colector Mayor,Not Reported,0,Sin jurisdiccion especial,256,30.36935278,-97.68060278,Vehiculo en movimiento,Golpe Lateral - misma direccion,T-Intersection,Interseccion de T,Sobre calle,Ninguna,Oscuro con iluminacion,Despejado,No,NO APLICA,99,98,99,98,1,06/03/2022,2
48,Texas,480727,1,1,1,0,167,GALVESTON (167),2570,GALVESTON,3,Marzo,18,2022,6,38,SEAWALL BLVD,6,Calle Local Municipalidad,Urbano,Colector Mayor,Not Reported,0,Sin jurisdiccion especial,0,29.313575,-94.76534444,Ciclista,El primer evento no fue una colision con un vehiculo automotor en transporte,Not an Intersection,No fue interseccion,Sobre calle,Ninguna,Oscuro con iluminacion,Despejado,No,NO APLICA,99,98,99,98,1,18/03/2022,2
48,Texas,480728,0,0,1,0,201,HARRIS (201),0,NO APLICA,3,Marzo,17,2022,23,41,WESTGREEN BLVD,6,Calle Local Municipalidad,Urbano,Colector Mayor,Not Reported,0,Sin jurisdiccion especial,0,29.77729722,-95.73571944,Banqueta,El primer evento no fue una colision con un vehiculo automotor en transporte,Not an Intersection,No fue interseccion,Sobre el lado de la calle,Ninguna,Oscuro con iluminacion,lluvia,No,NO APLICA,99,99,99,99,1,17/03/2022,1
48,Texas,480729,0,0,2,0,201,HARRIS (201),3280,HOUSTON,2,Febrero,10,2022,23,1,US-290/NORTHWEST FWY,7,Calle Local,Urbano,Colector Mayor,Not Reported,0,Sin jurisdiccion especial,335,29.84870556,-95.50576944,Vehiculo en movimiento,Angulo,Four-Way Intersection,Interseccion de 4 direcciones,Sobre calle,Ninguna,Oscuro con iluminacion,Despejado,No,NO APLICA,99,99,99,99,2,10/02/2022,3
48,Texas,480730,0,0,1,0,29,BEXAR (29),0,NO APLICA,3,Marzo,18,2022,0,54,SR-1604/CHARLES W ANDERSON LP,3,Highway estatal,Urbano,Arterial Principal -Freeway o ExpressWay,Not Reported,1,Sin jurisdiccion especial,172,29.41291944,-98.70955833,Valla Ferrocarril,El primer evento no fue una colision con un vehiculo automotor en transporte,Not an Intersection,No fue interseccion,En el medio,Ninguna,Oscuro con iluminacion,Despejado,No,NO APLICA,99,99,99,99,1,18/03/2022,2
48,Texas,480732,0,0,3,0,201,HARRIS (201),0,NO APLICA,3,Marzo,9,2022,17,29,I-45,7,Calle Local,Urbano,Colector Mayor,State Highway Agency,0,Sin jurisdiccion especial,439,30.03203056,-95.42969444,Vehiculo en movimiento,Frente a Detrás,Not an Intersection,No fue interseccion,Sobre calle,Ninguna,Dia total,Despejado,No,NO APLICA,99,98,99,98,1,09/03/2022,3
48,Texas,480733,0,0,3,0,201,HARRIS (201),3280,HOUSTON,3,Marzo,4,2022,7,14,I-10/US-90/KATY FWY,1,Interestatal,Urbano,Interestatal,State Highway Agency,1,Sin jurisdiccion especial,47,29.78509167,-95.73538611,Vehiculo en movimiento,Frente a Detrás,Not an Intersection,No fue interseccion,Sobre calle,Ninguna,Dia total,Despejado,No,NO APLICA,99,99,99,99,1,04/03/2022,3
48,Texas,480734,0,0,1,0,385,REAL (385),0,NO APLICA,2,Febrero,20,2022,9,10,SR-55,3,Highway estatal,Rural,Colector Mayor,Not Reported,0,Sin jurisdiccion especial,60,29.63676111,-100.0072111,Valla Ferrocarril,El primer evento no fue una colision con un vehiculo automotor en transporte,Not an Intersection,No fue interseccion,Sobre el lado de la calle,Ninguna,Dia total,Nublado,No,NO APLICA,99,99,99,99,1,20/02/2022,1
48,Texas,480735,0,0,2,0,85,COLLIN (85),92,ALLEN,3,Marzo,13,2022,10,26,FM 2551/ANGEL PKWY,8,Otro,Urbano,Arteria Menor,Not Reported,0,Sin jurisdiccion especial,0,33.08561944,-96.6201,Vehiculo en movimiento,Angulo,Four-Way Intersection,Interseccion de 4 direcciones,Sobre calle,Ninguna,Dia total,Despejado,No,NO APLICA,99,99,99,99,1,13/03/2022,5
48,Texas,480736,1,1,1,0,181,GRAYSON (181),7130,VAN ALSTYNE,3,Marzo,5,2022,2,52,US-75,7,Calle Local,Urbano,Colector Mayor,Not Reported,0,Sin jurisdiccion especial,311,33.41021111,-96.58315,Peaton,El primer evento no fue una colision con un vehiculo automotor en transporte,Not an Intersection,No fue interseccion,Sobre calle,Ninguna,Oscuro sin iluminacion,Despejado,No,NO APLICA,99,98,99,98,1,05/03/2022,2
48,Texas,480737,0,0,1,0,251,JOHNSON (251),1030,BURLESON,3,Marzo,8,2022,20,57,I-35,1,Interestatal,Rural,Interestatal,State Highway Agency,1,Sin jurisdiccion especial,155,32.45832222,-97.26184167,Volcadura,El primer evento no fue una colision con un vehiculo automotor en transporte,Not an Intersection,No fue interseccion,Sobre el lado de la calle,Ninguna,Oscuro con iluminacion,Despejado,No,NO APLICA,99,99,99,99,1,08/03/2022,2
48,Texas,480738,1,1,1,0,201,HARRIS (201),0,NO APLICA,3,Marzo,13,2022,21,55,SAM HOUSTON N PKWY,7,Calle Local,Urbano,Arteria Principal,Not Reported,1,Sin jurisdiccion especial,79,29.84915278,-95.19136111,Peaton,El primer evento no fue una colision con un vehiculo automotor en transporte,Four-Way Intersection,Interseccion de 4 direcciones,Sobre calle,Ninguna,Oscuro sin iluminacion,Nublado,No,NO APLICA,99,99,99,99,1,13/03/2022,1
48,Texas,480739,1,1,1,0,157,FORT BEND (157),0,NO APLICA,3,Marzo,14,2022,3,47,SR-6 S,3,Highway estatal,Urbano,Arteria Principal,Not Reported,1,Sin jurisdiccion especial,13,29.68115833,-95.64348889,Peaton,El primer evento no fue una colision con un vehiculo automotor en transporte,Not an Intersection,No fue interseccion,Sobre calle,Ninguna,Oscuro con iluminacion,Nublado,No,NO APLICA,99,98,99,98,1,14/03/2022,1
48,Texas,480740,0,0,1,0,441,TAYLOR (441),30,ABILENE,3,Marzo,16,2022,16,13,SR-322 LP,3,Highway estatal,Urbano,Arterial Principal -Freeway o ExpressWay,Not Reported,1,Sin jurisdiccion especial,69,32.38751111,-99.74231944,Valla Ferrocarril,El primer evento no fue una colision con un vehiculo automotor en transporte,Not an Intersection,No fue interseccion,En el medio,Ninguna,Dia total,Despejado,No,NO APLICA,99,98,99,98,1,16/03/2022,1
48,Texas,480741,1,1,1,0,209,HAYS (209),6170,SAN MARCOS,3,Marzo,5,2022,6,48,I-35 FRONTAGE/PURPLE HEART TRL,7,Calle Local,Urbano,Colector Mayor,Not Reported,0,Sin jurisdiccion especial,131,29.94468056,-97.88211389,Peaton,El primer evento no fue una colision con un vehiculo automotor en transporte,Not an Intersection,No fue interseccion,Sobre calle,Ninguna,Oscuro - iluminacion desconocida,Despejado,No,NO APLICA,99,98,99,98,1,05/03/2022,1
48,Texas,480742,1,1,1,0,347,NACOGDOCHES (347),4810,NACOGDOCHES,3,Marzo,20,2022,1,40,FM 2259/WOODEN RD,8,Otro,Urbano,Arteria Menor,Not Reported,0,Sin jurisdiccion especial,111,31.57532778,-94.63061667,Peaton,El primer evento no fue una colision con un vehiculo automotor en transporte,Not an Intersection,No fue interseccion,Sobre calle,Ninguna,Oscuro sin iluminacion,Despejado,No,NO APLICA,99,98,99,98,1,20/03/2022,1
48,Texas,480743,1,1,1,0,453,TRAVIS (453),330,AUSTIN,2,Febrero,16,2022,5,39,RIVERSIDE DR,6,Calle Local Municipalidad,Urbano,Arteria Principal,Not Reported,0,Sin jurisdiccion especial,0,30.22549167,-97.70456389,Peaton,El primer evento no fue una colision con un vehiculo automotor en transporte,Not an Intersection,No fue interseccion,Sobre calle,Ninguna,Oscuro con iluminacion,Despejado,No,NO APLICA,99,98,99,98,1,16/02/2022,2
48,Texas,480744,0,0,2,0,85,COLLIN (85),1730,DALLAS,1,Enero,6,2022,20,44,HILLCREST RD,6,Calle Local Municipalidad,Urbano,Arteria Menor,Not Reported,0,Sin jurisdiccion especial,0,33.00235278,-96.78495833,Vehiculo en movimiento,Angulo,Four-Way Intersection,Interseccion de 4 direcciones,Sobre calle,Ninguna,Oscuro con iluminacion,Despejado,No,NO APLICA,20,48,20,56,1,06/01/2022,2
48,Texas,480745,0,0,2,0,141,EL PASO (141),2190,EL PASO,3,Marzo,14,2022,18,54,MONTANA AVE,6,Calle Local Municipalidad,Urbano,Arteria Principal,Not Reported,0,Sin jurisdiccion especial,0,31.78357778,-106.4387944,Vehiculo en movimiento,Frente a frente,Not an Intersection,No fue interseccion,Sobre calle,Ninguna,Dia total,Despejado,No,NO APLICA,99,99,99,99,1,14/03/2022,2
48,Texas,480746,0,0,2,0,329,MIDLAND (329),0,NO APLICA,3,Marzo,4,2022,14,54,SR-349,3,Highway estatal,Rural,Arteria Principal,Not Reported,1,Sin jurisdiccion especial,140,31.91635,-102.0560833,Vehiculo en movimiento,Angulo,Not an Intersection,No fue interseccion,Sobre calle,Ninguna,Dia total,Despejado,No,NO APLICA,99,98,99,98,1,04/03/2022,2
48,Texas,480747,0,0,1,0,329,MIDLAND (329),0,NO APLICA,3,Marzo,4,2022,23,55,CR-130,4,Calle del Condado,Urbano,Local,Not Reported,0,Sin jurisdiccion especial,0,31.93882222,-102.0824611,Barda,El primer evento no fue una colision con un vehiculo automotor en transporte,Not an Intersection,No fue interseccion,Fuera de la calle,Ninguna,Oscuro sin iluminacion,Despejado,No,NO APLICA,99,98,99,98,1,04/03/2022,1
48,Texas,480748,0,0,2,0,497,WISE (497),9997,Other,3,Marzo,10,2022,17,29,US-81,2,US Highway,Urbano,Arteria Principal,Not Reported,1,Sin jurisdiccion especial,110,33.11218611,-97.478425,Vehiculo en movimiento,Frente a frente,Not an Intersection,No fue interseccion,Sobre calle,Ninguna,Dia total,Despejado,No,NO APLICA,99,99,99,99,2,10/03/2022,2
48,Texas,480749,1,1,2,0,29,BEXAR (29),6090,SAN ANTONIO,3,Marzo,18,2022,17,43,WALTERS ST,6,Calle Local Municipalidad,Urbano,Arteria Menor,Not Reported,0,Sin jurisdiccion especial,0,29.43788333,-98.45049444,Vehiculo en movimiento,Angulo,Four-Way Intersection,Interseccion de 4 direcciones,Sobre calle,Ninguna,Dia total,Despejado,No,NO APLICA,99,99,99,99,1,18/03/2022,4
48,Texas,480750,0,0,1,0,273,KLEBERG (273),3700,KINGSVILLE,3,Marzo,20,2022,6,49,US-77,2,US Highway,Urbano,Arteria Principal,Not Reported,1,Sin jurisdiccion especial,63,27.49473333,-97.84505278,Poste de Señal de trafico,El primer evento no fue una colision con un vehiculo automotor en transporte,Not an Intersection,No fue interseccion,Gore?,Ninguna,Oscuro con iluminacion,Despejado,No,NO APLICA,99,98,99,98,1,20/03/2022,1
48,Texas,480751,0,0,2,0,339,MONTGOMERY (339),1510,CONROE,3,Marzo,2,2022,22,18,LEXINGTON CT,6,Calle Local Municipalidad,Urbano,Local,Not Reported,0,Sin jurisdiccion especial,0,30.23806667,-95.45433611,Vehiculo en movimiento,Angulo,Not an Intersection,No fue interseccion,Sobre calle,Ninguna,Oscuro sin iluminacion,Despejado,No,NO APLICA,99,99,99,99,1,02/03/2022,2
48,Texas,480752,0,0,2,0,113,DALLAS (113),2590,GARLAND,3,Marzo,13,2022,5,48,I-635/LYNDON B JOHNSON FWY,1,Interestatal,Urbano,Interestatal,State Highway Agency,1,Sin jurisdiccion especial,102,32.84388333,-96.63463611,Vehiculo en movimiento,Frente a frente,Not an Intersection,No fue interseccion,Sobre calle,Construccion,Oscuro - iluminacion desconocida,Despejado,No,NO APLICA,99,98,99,98,2,13/03/2022,2
48,Texas,480753,1,1,1,0,453,TRAVIS (453),330,AUSTIN,3,Marzo,14,2022,23,47,I-35,1,Interestatal,Urbano,Interestatal,State Highway Agency,1,Sin jurisdiccion especial,99998,30.19778611,-97.76443889,Peaton,El primer evento no fue una colision con un vehiculo automotor en transporte,Not an Intersection,No fue interseccion,Sobre calle,Ninguna,Oscuro con iluminacion,Despejado,No,NO APLICA,99,99,99,99,1,14/03/2022,2
48,Texas,480754,0,0,1,0,439,TARRANT (439),502,BEDFORD,3,Marzo,18,2022,0,40,SR-183 SVRD/AIRPORT FWY,7,Calle Local,Urbano,Colector Mayor,Not Reported,0,Sin jurisdiccion especial,2,32.83691389,-97.12258333,Banqueta,El primer evento no fue una colision con un vehiculo automotor en transporte,Not an Intersection,No fue interseccion,Sobre el lado de la calle,Ninguna,Oscuro con iluminacion,Despejado,No,NO APLICA,99,99,99,99,1,18/03/2022,1
48,Texas,480755,0,0,2,0,29,BEXAR (29),6090,SAN ANTONIO,3,Marzo,12,2022,5,12,US-281,2,US Highway,Urbano,Arteria Principal,Not Reported,0,Sin jurisdiccion especial,38,29.28036944,-98.47242222,Vehiculo en movimiento,Frente a Detrás,Not an Intersection,No fue interseccion,Sobre calle,Ninguna,Oscuro con iluminacion,Despejado,No,NO APLICA,99,99,99,99,1,12/03/2022,2
48,Texas,480756,1,1,2,0,201,HARRIS (201),3280,HOUSTON,3,Marzo,14,2022,2,21,I-45,1,Interestatal,Urbano,Interestatal,State Highway Agency,1,Sin jurisdiccion especial,208,29.73126389,-95.34170556,Vehiculo en movimiento,Angulo,Not an Intersection,No fue interseccion,Sobre calle,Ninguna,Oscuro con iluminacion,Despejado,No,NO APLICA,2,24,2,32,1,14/03/2022,1
48,Texas,480757,0,0,2,0,167,GALVESTON (167),0,NO APLICA,3,Marzo,13,2022,19,17,I-45/GULF FWY,1,Interestatal,Urbano,Interestatal,State Highway Agency,1,Sin jurisdiccion especial,144,29.30551111,-94.90544167,Vehiculo en movimiento,Golpe Lateral - misma direccion,Not an Intersection,No fue interseccion,Sobre calle,Ninguna,Atardecer,Despejado,No,NO APLICA,99,99,99,99,1,13/03/2022,7
48,Texas,480758,1,1,1,0,113,DALLAS (113),1730,DALLAS,3,Marzo,17,2022,22,18,I-30 SVRD/RL THORNTON FWY,7,Calle Local,Urbano,Colector Mayor,Not Reported,0,Sin jurisdiccion especial,40,32.77376389,-96.79277222,Peaton,El primer evento no fue una colision con un vehiculo automotor en transporte,Not an Intersection,No fue interseccion,Sobre calle,Ninguna,Oscuro sin iluminacion,Despejado,No,NO APLICA,99,98,99,98,1,17/03/2022,1
48,Texas,480759,1,1,1,0,201,HARRIS (201),3280,HOUSTON,3,Marzo,19,2022,20,52,I-69/US-59/SOUTHWEST FWY,1,Interestatal,Urbano,Interestatal,State Highway Agency,1,Sin jurisdiccion especial,57,29.711575,-95.50470556,Peaton,El primer evento no fue una colision con un vehiculo automotor en transporte,Not an Intersection,No fue interseccion,Sobre Acotamiento,Ninguna,Oscuro - iluminacion desconocida,Despejado,No,NO APLICA,99,98,99,98,1,19/03/2022,1
48,Texas,480760,1,1,2,0,439,TARRANT (439),7353,WESTLAKE,3,Marzo,18,2022,23,35,SR-114,3,Highway estatal,Urbano,Arterial Principal -Freeway o ExpressWay,Not Reported,1,Sin jurisdiccion especial,11,32.98577222,-97.170725,Peaton,El primer evento no fue una colision con un vehiculo automotor en transporte,Not an Intersection,No fue interseccion,Sobre calle,Ninguna,Oscuro sin iluminacion,Despejado,No,NO APLICA,99,98,99,98,1,18/03/2022,4
48,Texas,480761,0,0,2,0,497,WISE (497),0,NO APLICA,3,Marzo,16,2022,15,36,FM 51,8,Otro,Rural,Arteria Menor,Not Reported,0,Sin jurisdiccion especial,338,33.04059444,-97.66316944,Vehiculo en movimiento,Frente a Detrás,Not an Intersection,No fue interseccion,Sobre calle,Ninguna,Dia total,Despejado,No,NO APLICA,99,99,99,99,1,16/03/2022,2
48,Texas,480762,1,1,1,0,141,EL PASO (141),2190,EL PASO,3,Marzo,21,2022,0,39,CHINO DR,6,Calle Local Municipalidad,Urbano,Local,Not Reported,0,Sin jurisdiccion especial,0,31.75901667,-106.3812611,Peaton,El primer evento no fue una colision con un vehiculo automotor en transporte,Not an Intersection,No fue interseccion,Sobre calle,Ninguna,Oscuro sin iluminacion,Despejado,No,NO APLICA,99,99,99,99,1,21/03/2022,1
48,Texas,480763,1,1,1,0,259,KENDALL (259),740,BOERNE,3,Marzo,22,2022,6,46,I-10,1,Interestatal,Rural,Interestatal,State Highway Agency,1,Sin jurisdiccion especial,170,29.82096944,-98.75610556,Peaton,El primer evento no fue una colision con un vehiculo automotor en transporte,Not an Intersection,No fue interseccion,Sobre Acotamiento,Ninguna,Oscuro sin iluminacion,Despejado,No,NO APLICA,99,98,99,98,1,22/03/2022,1
48,Texas,480764,0,0,2,0,223,HOPKINS (223),0,NO APLICA,3,Marzo,9,2022,22,59,I-30,1,Interestatal,Rural,Interestatal,State Highway Agency,1,Sin jurisdiccion especial,257,33.14987222,-95.44239444,Puente de Ferrocarril,El primer evento no fue una colision con un vehiculo automotor en transporte,Not an Intersection,No fue interseccion,En el medio,Ninguna,Oscuro sin iluminacion,Despejado,No,NO APLICA,99,98,99,98,1,09/03/2022,2
48,Texas,480766,0,0,1,0,439,TARRANT (439),2450,FORT WORTH,3,Marzo,8,2022,20,27,I-20,1,Interestatal,Urbano,Interestatal,State Highway Agency,1,Sin jurisdiccion especial,94,32.66871389,-97.31494444,Otro objeto (fijo),El primer evento no fue una colision con un vehiculo automotor en transporte,Not an Intersection,No fue interseccion,Sobre el lado de la calle,Ninguna,Oscuro con iluminacion,Despejado,No,NO APLICA,99,99,99,99,1,08/03/2022,2
48,Texas,480767,0,0,2,0,121,DENTON (121),0,NO APLICA,3,Marzo,14,2022,15,25,US-380,2,US Highway,Rural,Arteria Principal,Not Reported,1,Sin jurisdiccion especial,11,33.24317778,-97.37182778,Vehiculo en movimiento,Frente a Detrás,Not an Intersection,No fue interseccion,Sobre calle,Ninguna,Dia total,Despejado,No,NO APLICA,99,99,99,99,1,14/03/2022,4
48,Texas,480768,0,0,1,0,175,GOLIAD (175),0,NO APLICA,3,Marzo,6,2022,17,37,SR-119,3,Highway estatal,Rural,Colector Mayor,Not Reported,0,Sin jurisdiccion especial,48,28.82835556,-97.42727222,Barda,El primer evento no fue una colision con un vehiculo automotor en transporte,Not an Intersection,No fue interseccion,Fuera de la calle,Construccion,Atardecer,Nublado,No,NO APLICA,99,98,99,98,1,06/03/2022,1
48,Texas,480769,0,0,1,0,113,DALLAS (113),1730,DALLAS,3,Marzo,17,2022,18,42,US-75,2,US Highway,Urbano,Arterial Principal -Freeway o ExpressWay,Not Reported,1,Sin jurisdiccion especial,44,32.93558889,-96.75142778,Barrera de Trafico de Concreto,El primer evento no fue una colision con un vehiculo automotor en transporte,Not an Intersection,No fue interseccion,Separador,Ninguna,Dia total,Nublado,No,NO APLICA,99,99,99,99,1,17/03/2022,1
48,Texas,480770,0,0,2,0,201,HARRIS (201),3280,HOUSTON,3,Marzo,16,2022,14,20,SR-3/GALVESTON RD,3,Highway estatal,Urbano,Arteria Principal,Not Reported,1,Sin jurisdiccion especial,110,29.56618056,-95.14478333,Vehiculo en movimiento,No reportado,Not an Intersection,No fue interseccion,Sobre calle,Ninguna,Dia total,Despejado,No,NO APLICA,99,99,99,99,1,16/03/2022,2
48,Texas,480771,0,0,1,0,281,LAMPASAS (281),0,NO APLICA,3,Marzo,13,2022,11,28,US-281/AMERICAN LEGION MEMORIA,2,US Highway,Rural,Arteria Principal,Not Reported,1,Sin jurisdiccion especial,198,31.16446389,-98.17626389,Acotamiento,El primer evento no fue una colision con un vehiculo automotor en transporte,Not an Intersection,No fue interseccion,Sobre el lado de la calle,Ninguna,Dia total,Despejado,No,NO APLICA,99,98,99,98,1,13/03/2022,1
48,Texas,480772,0,0,1,0,135,ECTOR (135),0,NO APLICA,3,Marzo,13,2022,23,20,BU-20 MURPHY ST,7,Calle Local,Urbano,Colector Mayor,Not Reported,0,Sin jurisdiccion especial,274,31.79433889,-102.4632306,Barrera de Trafico de Concreto,El primer evento no fue una colision con un vehiculo automotor en transporte,Not an Intersection,No fue interseccion,Sobre el lado de la calle,Ninguna,Oscuro sin iluminacion,Despejado,No,NO APLICA,99,99,99,99,1,13/03/2022,1
48,Texas,480773,0,0,2,0,349,NAVARRO (349),1570,CORSICANA,3,Marzo,16,2022,7,30,BI-45F,8,Otro,Urbano,Arteria Principal,Not Reported,1,Sin jurisdiccion especial,112,32.10926667,-96.46374722,Vehiculo en movimiento,Frente a frente,Not an Intersection,No fue interseccion,Sobre calle,Ninguna,Dia total,Despejado,No,NO APLICA,99,99,99,99,1,16/03/2022,2
48,Texas,480774,1,1,1,0,29,BEXAR (29),1315,CHINA GROVE,3,Marzo,15,2022,6,34,US-87 E,2,US Highway,Urbano,Arteria Principal,Not Reported,1,Sin jurisdiccion especial,56,29.39075556,-98.35510833,Peaton,El primer evento no fue una colision con un vehiculo automotor en transporte,Not an Intersection,No fue interseccion,Sobre calle,Ninguna,Oscuro sin iluminacion,Despejado,No,NO APLICA,99,98,99,98,1,15/03/2022,1
48,Texas,480775,0,0,3,0,201,HARRIS (201),0,NO APLICA,3,Marzo,12,2022,22,16,LITTLE YORK RD,6,Calle Local Municipalidad,Urbano,Arteria Menor,Not Reported,0,Sin jurisdiccion especial,0,29.86511667,-95.70814444,Banqueta,El primer evento no fue una colision con un vehiculo automotor en transporte,Not an Intersection,No fue interseccion,En el medio,Ninguna,Oscuro sin iluminacion,Despejado,No,NO APLICA,99,99,99,99,1,12/03/2022,5
48,Texas,480776,0,1,2,1,113,DALLAS (113),5730,RICHARDSON,3,Marzo,19,2022,0,30,US-75/CENTRAL EXPWY,2,US Highway,Urbano,Arterial Principal -Freeway o ExpressWay,Not Reported,1,Sin jurisdiccion especial,38,32.94091944,-96.74470833,Vehiculo Funcionando,El primer evento no fue una colision con un vehiculo automotor en transporte,Not an Intersection,No fue interseccion,Sobre calle,Construccion,Oscuro con iluminacion,Despejado,No,NO APLICA,99,99,99,99,1,19/03/2022,1
48,Texas,480777,2,2,2,0,113,DALLAS (113),1730,DALLAS,3,Marzo,21,2022,2,10,I-30,1,Interestatal,Urbano,Interestatal,State Highway Agency,1,Sin jurisdiccion especial,87,32.79476389,-96.72055278,Peaton,El primer evento no fue una colision con un vehiculo automotor en transporte,Not an Intersection,No fue interseccion,Sobre calle,Ninguna,Oscuro con iluminacion,Despejado,No,NO APLICA,99,99,99,99,2,21/03/2022,2
48,Texas,480778,0,0,2,0,485,WICHITA (485),7490,WICHITA FALLS,3,Marzo,20,2022,20,5,BU-287,8,Otro,Urbano,Arteria Menor,Not Reported,0,Sin jurisdiccion especial,259,33.93000556,-98.53228333,Vehiculo en movimiento,Angulo,Not an Intersection,No fue interseccion,Sobre calle,Ninguna,Oscuro con iluminacion,Despejado,No,NO APLICA,99,99,99,99,1,20/03/2022,2
48,Texas,480779,0,0,2,0,201,HARRIS (201),3320,HUMBLE,3,Marzo,19,2022,15,54,FM 1960,8,Otro,Urbano,Arteria Principal,Not Reported,0,Sin jurisdiccion especial,256,30.00331389,-95.25163333,Vehiculo en movimiento,Angulo,Not an Intersection,No fue interseccion,Sobre calle,Construccion,Dia total,Despejado,No,NO APLICA,99,99,99,99,1,19/03/2022,6
48,Texas,480780,0,0,1,0,209,HAYS (209),0,NO APLICA,3,Marzo,23,2022,3,6,CR-181,4,Calle del Condado,Rural,Local,Not Reported,0,Sin jurisdiccion especial,0,30.01011389,-98.16756111,Poste,El primer evento no fue una colision con un vehiculo automotor en transporte,Not an Intersection,No fue interseccion,Sobre el lado de la calle,Ninguna,Oscuro sin iluminacion,Despejado,No,NO APLICA,99,98,99,98,1,23/03/2022,1
48,Texas,480781,0,0,2,0,439,TARRANT (439),2450,FORT WORTH,3,Marzo,15,2022,23,4,I-20,1,Interestatal,Urbano,Interestatal,State Highway Agency,1,Sin jurisdiccion especial,74,32.668025,-97.35626389,Vehiculo en movimiento,Frente a Detrás,Not an Intersection,No fue interseccion,Sobre calle,Ninguna,Oscuro con iluminacion,Despejado,No,NO APLICA,99,99,99,99,1,15/03/2022,6