Estado,Nombre de Estado,Numero de Caso,Peatones,Personas _no_vehiculos,Vehiculos automotores,Vehiculos estacionados,Condado,Nombre Condado,Ciudad,Nombre Ciudad,Mes,Nombre Mes,Dia,Año,Hora,Minuto,Calle,Ruta,Nombre Ruta,Rural o Urbanoo,Sistema Funcional,Dueño Calle,Sistema Nacional Carreteras,Jurisdiccion Especial,Milla,Latitud,Longitud,Causa del Accidente,Tipo de Accidente,Tipo Interseccion,Columna1,Lugar en la calle,Zona de Trabajo,Luz,Clima,Autobus Escolar,Cruce de Trenes,Hora Notificacion,Minuto Notificacion,Hora Llegada,Minuto Llegada,Decesos,Fecha,PersonaVehiculo
48,Texas,480782,1,1,1,0,201,HARRIS (201),480,BAYTOWN,1,Enero,23,2022,16,38,WARD RD,6,Calle Local Municipalidad,Urbano,Colector Mayor,Not Reported,0,Sin jurisdiccion especial,0,29.739525,-94.95290556,Peaton,El primer evento no fue una colision con un vehiculo automotor en transporte,Not an Intersection,No fue interseccion,Sobre calle,Ninguna,Dia total,Despejado,No,NO APLICA,99,99,99,99,1,23/01/2022,4
48,Texas,480783,1,1,1,0,201,HARRIS (201),0,NO APLICA,3,Marzo,19,2022,2,54,I-45 RAMP,1,Interestatal,Urbano,Interestatal,State Highway Agency,1,Sin jurisdiccion especial,380,29.95265278,-95.41773333,Peaton,El primer evento no fue una colision con un vehiculo automotor en transporte,Not an Intersection,No fue interseccion,Sobre calle,Ninguna,Oscuro con iluminacion,Despejado,No,NO APLICA,99,99,99,99,1,19/03/2022,1
48,Texas,480784,0,0,2,0,449,TITUS (449),0,NO APLICA,3,Marzo,5,2022,7,55,SR-49,3,Highway estatal,Rural,Arteria Menor,Not Reported,0,Sin jurisdiccion especial,40,33.13797222,-94.92018611,Vehiculo en movimiento,Frente a frente,Four-Way Intersection,Interseccion de 4 direcciones,Sobre calle,Ninguna,Dia total,Despejado,No,NO APLICA,99,99,99,99,1,05/03/2022,3
48,Texas,480785,0,0,2,0,215,HIDALGO (215),0,NO APLICA,2,Febrero,26,2022,21,24,FM 2221/MILE 7 RD,8,Otro,Urbano,Arteria Menor,Not Reported,0,Sin jurisdiccion especial,195,26.32845556,-98.39828611,Vehiculo en movimiento,Frente a frente,Not an Intersection,No fue interseccion,Sobre calle,Ninguna,Oscuro sin iluminacion,lluvia,No,NO APLICA,99,99,99,99,1,26/02/2022,3
48,Texas,480786,1,1,1,0,113,DALLAS (113),1730,DALLAS,3,Marzo,17,2022,1,29,HUDNALL ST,6,Calle Local Municipalidad,Urbano,Colector Mayor,Not Reported,0,Sin jurisdiccion especial,0,32.81866944,-96.83251944,Peaton,El primer evento no fue una colision con un vehiculo automotor en transporte,Not an Intersection,No fue interseccion,Sobre calle,Ninguna,Oscuro con iluminacion,Despejado,No,NO APLICA,99,99,99,99,1,17/03/2022,1
48,Texas,480787,1,1,1,0,113,DALLAS (113),1730,DALLAS,3,Marzo,23,2022,8,30,WHEATLAND RD,6,Calle Local Municipalidad,Urbano,Arteria Menor,Not Reported,0,Sin jurisdiccion especial,0,32.64750278,-96.88204167,Peaton,El primer evento no fue una colision con un vehiculo automotor en transporte,Not an Intersection,No fue interseccion,Sobre calle,Ninguna,Dia total,Despejado,No,NO APLICA,99,99,99,99,1,23/03/2022,1
48,Texas,480788,0,0,1,0,395,ROBERTSON (395),0,NO APLICA,3,Marzo,20,2022,2,24,FM 50,8,Otro,Rural,Colector Mayor,Not Reported,0,Sin jurisdiccion especial,108,30.73188333,-96.56029444,Arbusto,El primer evento no fue una colision con un vehiculo automotor en transporte,Not an Intersection,No fue interseccion,Sobre el lado de la calle,Ninguna,Oscuro sin iluminacion,Despejado,No,NO APLICA,99,98,99,98,1,20/03/2022,1
48,Texas,480789,1,1,1,0,29,BEXAR (29),6090,SAN ANTONIO,3,Marzo,17,2022,18,46,I-410,7,Calle Local,Urbano,Colector Mayor,State Highway Agency,0,Sin jurisdiccion especial,242,29.51636389,-98.43676667,Ciclista,El primer evento no fue una colision con un vehiculo automotor en transporte,Not an Intersection,No fue interseccion,Sobre calle,Ninguna,Dia total,Despejado,No,NO APLICA,99,98,99,98,1,17/03/2022,2
48,Texas,480790,0,0,1,0,201,HARRIS (201),0,NO APLICA,3,Marzo,20,2022,3,13,CR-KEITH HARROW BLVD,4,Calle del Condado,Urbano,Arteria Menor,Not Reported,0,Sin jurisdiccion especial,0,29.84851667,-95.68031944,Banqueta,El primer evento no fue una colision con un vehiculo automotor en transporte,Not an Intersection,No fue interseccion,Sobre el lado de la calle,Ninguna,Oscuro con iluminacion,Despejado,No,NO APLICA,99,98,99,98,1,20/03/2022,1
48,Texas,480791,1,1,2,0,201,HARRIS (201),0,NO APLICA,3,Marzo,22,2022,0,49,I-69/EASTEX FWY,1,Interestatal,Urbano,Interestatal,State Highway Agency,1,Sin jurisdiccion especial,21,29.89374444,-95.31658056,Peaton,El primer evento no fue una colision con un vehiculo automotor en transporte,Not an Intersection,No fue interseccion,Sobre calle,Ninguna,Oscuro con iluminacion,lluvia,No,NO APLICA,99,98,99,98,1,22/03/2022,2
48,Texas,480792,1,1,1,0,491,WILLIAMSON (491),3925,LEANDER,3,Marzo,24,2022,0,8,RONALD W REAGAN BLVD,6,Calle Local Municipalidad,Urbano,Arteria Principal,Not Reported,0,Sin jurisdiccion especial,0,30.60668889,-97.81716111,Ciclista,El primer evento no fue una colision con un vehiculo automotor en transporte,Not an Intersection,No fue interseccion,Sobre calle,Ninguna,Oscuro sin iluminacion,Despejado,No,NO APLICA,99,98,99,98,1,24/03/2022,1
48,Texas,480793,0,0,2,0,29,BEXAR (29),6090,SAN ANTONIO,3,Marzo,13,2022,1,55,SR-151,7,Calle Local,Urbano,Colector Mayor,Not Reported,0,Sin jurisdiccion especial,42,29.44332778,-98.66294167,Vehiculo en movimiento,Angulo,Four-Way Intersection,Interseccion de 4 direcciones,Sobre calle,Ninguna,Oscuro con iluminacion,Despejado,No,NO APLICA,99,99,99,99,1,13/03/2022,4
48,Texas,480794,0,0,1,0,201,HARRIS (201),0,NO APLICA,3,Marzo,20,2022,0,34,CYPRESSWOOD DR,6,Calle Local Municipalidad,Urbano,Arteria Menor,Not Reported,0,Sin jurisdiccion especial,0,30.05060833,-95.35073611,Arbol,El primer evento no fue una colision con un vehiculo automotor en transporte,Not an Intersection,No fue interseccion,Sobre el lado de la calle,Ninguna,Oscuro sin iluminacion,Despejado,No,NO APLICA,99,98,99,98,1,20/03/2022,1
48,Texas,480795,0,0,1,0,201,HARRIS (201),0,NO APLICA,3,Marzo,15,2022,0,25,SAM HOUSTON TOLLWAY,8,Otro,Urbano,Arterial Principal -Freeway o ExpressWay,Not Reported,1,Sin jurisdiccion especial,99998,29.9267,-95.55196944,Barrera de Trafico de Concreto,El primer evento no fue una colision con un vehiculo automotor en transporte,Not an Intersection,No fue interseccion,En el medio,Ninguna,Oscuro con iluminacion,lluvia,No,NO APLICA,99,98,99,98,1,15/03/2022,1
48,Texas,480796,0,0,2,0,187,GUADALUPE (187),4870,NEW BRAUNFELS,3,Marzo,14,2022,15,31,FM 725,8,Otro,Urbano,Arteria Menor,Not Reported,0,Sin jurisdiccion especial,15,29.66046111,-98.08898611,Vehiculo en movimiento,Angulo,Four-Way Intersection,Interseccion de 4 direcciones,Sobre calle,Construccion,Dia total,Nublado,No,NO APLICA,99,99,99,99,1,14/03/2022,2
48,Texas,480797,0,0,2,0,209,HAYS (209),6170,SAN MARCOS,3,Marzo,23,2022,16,43,SR-80,3,Highway estatal,Urbano,Arteria Principal,Not Reported,1,Sin jurisdiccion especial,99998,29.88164722,-97.915425,Vehiculo en movimiento,Frente a frente,Not an Intersection,No fue interseccion,Sobre calle,Ninguna,Dia total,Despejado,No,NO APLICA,99,99,99,99,1,23/03/2022,2
48,Texas,480798,0,0,2,0,71,CHAMBERS (71),170,ANAHUAC,3,Marzo,17,2022,8,45,FM 563,8,Otro,Rural,Colector Mayor,Not Reported,0,Sin jurisdiccion especial,192,29.78028333,-94.67031944,Vehiculo en movimiento,Frente a frente,Not an Intersection,No fue interseccion,Sobre calle,Ninguna,Dia total,Despejado,No,NO APLICA,99,99,99,99,1,17/03/2022,3
48,Texas,480799,1,1,1,0,113,DALLAS (113),31,ADDISON,3,Marzo,4,2022,23,12,KELLER SPRINGS RD,6,Calle Local Municipalidad,Urbano,Arteria Menor,Not Reported,0,Sin jurisdiccion especial,0,32.96863056,-96.825575,Peaton,El primer evento no fue una colision con un vehiculo automotor en transporte,Four-Way Intersection,Interseccion de 4 direcciones,Sobre calle,Ninguna,Oscuro sin iluminacion,Despejado,No,NO APLICA,99,99,99,99,1,04/03/2022,1
48,Texas,480800,0,0,3,0,39,BRAZORIA (39),0,NO APLICA,3,Marzo,21,2022,10,11,FM 521,8,Otro,Rural,Colector Mayor,Not Reported,0,Sin jurisdiccion especial,53,29.35401944,-95.46226111,Vehiculo en movimiento,Angulo,Four-Way Intersection,Interseccion de 4 direcciones,Sobre calle,Ninguna,Dia total,lluvia,No,NO APLICA,99,99,99,99,1,21/03/2022,4
48,Texas,480801,0,0,1,0,21,BASTROP (21),0,NO APLICA,3,Marzo,21,2022,8,6,SR-21,3,Highway estatal,Rural,Arteria Principal,Not Reported,1,Sin jurisdiccion especial,26,30.22660833,-97.08706667,Poste de Señal de trafico,El primer evento no fue una colision con un vehiculo automotor en transporte,Not an Intersection,No fue interseccion,Sobre el lado de la calle,Ninguna,Dia total,lluvia,No,NO APLICA,99,98,99,98,1,21/03/2022,1
48,Texas,480802,0,0,2,0,21,BASTROP (21),0,NO APLICA,3,Marzo,17,2022,22,27,FM 812,8,Otro,Rural,Colector Mayor,Not Reported,0,Sin jurisdiccion especial,63,30.03605833,-97.54112778,Vehiculo en movimiento,Angulo,Not an Intersection,No fue interseccion,Sobre calle,Ninguna,Oscuro sin iluminacion,lluvia,No,NO APLICA,99,99,99,99,2,17/03/2022,5
48,Texas,480803,0,0,2,0,451,TOM GREEN (451),0,NO APLICA,3,Marzo,18,2022,1,30,US-67,2,US Highway,Rural,Arteria Principal,Not Reported,1,Sin jurisdiccion especial,55,31.54924167,-100.3020944,Vehiculo en movimiento,Frente a frente,Not an Intersection,No fue interseccion,Sobre calle,Ninguna,Oscuro sin iluminacion,Despejado,No,NO APLICA,99,98,99,98,1,18/03/2022,2
48,Texas,480804,0,0,1,0,37,BOWIE (37),4410,MAUD,3,Marzo,13,2022,15,47,SR-8,3,Highway estatal,Rural,Arteria Menor,Not Reported,0,Sin jurisdiccion especial,24,33.33280556,-94.34509722,Vehiculo Ferrocarril,El primer evento no fue una colision con un vehiculo automotor en transporte,Not an Intersection,No fue interseccion,Sobre calle,Ninguna,Dia total,Despejado,No,789599S,99,98,99,98,1,13/03/2022,1
48,Texas,480805,0,0,1,0,201,HARRIS (201),0,NO APLICA,3,Marzo,25,2022,2,9,CR-TELGE RD,4,Calle del Condado,Urbano,Arteria Menor,Not Reported,0,Sin jurisdiccion especial,0,29.95585278,-95.64939444,Banqueta,El primer evento no fue una colision con un vehiculo automotor en transporte,Not an Intersection,No fue interseccion,Sobre el lado de la calle,Ninguna,Oscuro sin iluminacion,Despejado,No,NO APLICA,99,99,99,99,1,25/03/2022,2
48,Texas,480806,0,0,1,0,113,DALLAS (113),3350,HUTCHINS,3,Marzo,14,2022,18,0,LANCASTER HUTCHINS RD,6,Calle Local Municipalidad,Urbano,Arteria Menor,Not Reported,0,Sin jurisdiccion especial,0,32.64439167,-96.72278889,Poste o otros soportes,El primer evento no fue una colision con un vehiculo automotor en transporte,Not an Intersection,No fue interseccion,Sobre el lado de la calle,Ninguna,Dia total,Nublado,No,NO APLICA,99,98,99,98,1,14/03/2022,1
48,Texas,480807,1,1,1,0,55,CALDWELL (55),4040,LOCKHART,3,Marzo,22,2022,11,45,SR-142,3,Highway estatal,Urbano,Arteria Principal,Not Reported,1,Sin jurisdiccion especial,92,29.88264167,-97.70268889,Peaton,El primer evento no fue una colision con un vehiculo automotor en transporte,Not an Intersection,No fue interseccion,Sobre el lado de la calle,Ninguna,Dia total,Despejado,No,NO APLICA,99,99,99,99,1,22/03/2022,2
48,Texas,480808,1,1,1,0,367,PARKER (367),7280,WEATHERFORD,3,Marzo,20,2022,20,11,SR-171,3,Highway estatal,Urbano,Arteria Principal,Not Reported,0,Sin jurisdiccion especial,15,32.75114722,-97.79749722,No vehiculo o remolque,El primer evento no fue una colision con un vehiculo automotor en transporte,Not an Intersection,No fue interseccion,Sobre calle,Ninguna,Oscuro sin iluminacion,Despejado,No,NO APLICA,99,98,99,98,1,20/03/2022,1
48,Texas,480809,0,0,1,0,53,BURNET (53),2834,GRANITE SHOALS,3,Marzo,26,2022,16,50,RM 1431,8,Otro,Rural,Colector Mayor,Not Reported,0,Sin jurisdiccion especial,33,30.62134167,-98.39706111,Volcadura,El primer evento no fue una colision con un vehiculo automotor en transporte,Not an Intersection,No fue interseccion,Sobre el lado de la calle,Ninguna,Dia total,Despejado,No,NO APLICA,99,99,99,99,1,26/03/2022,2
48,Texas,480810,0,0,2,1,61,CAMERON (61),940,BROWNSVILLE,3,Marzo,22,2022,6,9,EAST AVE,6,Calle Local Municipalidad,Urbano,Colector Mayor,Not Reported,0,Sin jurisdiccion especial,0,25.89869722,-97.46182222,Buzon de correo,El primer evento no fue una colision con un vehiculo automotor en transporte,T-Intersection,Interseccion de T,Sobre el lado de la calle,Ninguna,Oscuro sin iluminacion,Despejado,No,NO APLICA,99,98,99,98,1,22/03/2022,3
48,Texas,480811,0,0,1,0,345,MOTLEY (345),0,NO APLICA,3,Marzo,26,2022,4,17,US-62,2,US Highway,Rural,Arteria Menor,Not Reported,0,Sin jurisdiccion especial,17,33.97230833,-101.01635,Barda,El primer evento no fue una colision con un vehiculo automotor en transporte,Not an Intersection,No fue interseccion,Sobre el lado de la calle,Ninguna,Oscuro sin iluminacion,Despejado,No,NO APLICA,99,99,99,99,2,26/03/2022,3
48,Texas,480813,0,0,2,0,439,TARRANT (439),2450,FORT WORTH,3,Marzo,18,2022,16,40,OAKLAND BLVD,6,Calle Local Municipalidad,Urbano,Arteria Menor,Not Reported,0,Sin jurisdiccion especial,0,32.758725,-97.26175278,Vehiculo en movimiento,Angulo,T-Intersection,Interseccion de T,Sobre calle,Ninguna,Dia total,Despejado,No,NO APLICA,99,99,99,99,1,18/03/2022,3
48,Texas,480814,0,0,2,0,141,EL PASO (141),0,NO APLICA,3,Marzo,23,2022,2,30,SR-6 SPUR/WILDCAT DR,3,Highway estatal,Urbano,Arteria Menor,Not Reported,0,Sin jurisdiccion especial,22,31.99743889,-106.58505,Vehiculo en movimiento,Angulo,Four-Way Intersection,Interseccion de 4 direcciones,Sobre calle,Construccion,Oscuro con iluminacion,Despejado,No,NO APLICA,99,98,99,98,1,23/03/2022,2
48,Texas,480815,0,0,2,0,29,BEXAR (29),6090,SAN ANTONIO,3,Marzo,13,2022,15,4,SR-151/ALAMO RANCH,3,Highway estatal,Urbano,Colector Mayor,Not Reported,0,Sin jurisdiccion especial,221,29.48449444,-98.71109444,Vehiculo en movimiento,Angulo,T-Intersection,Interseccion de T,Sobre calle,Ninguna,Dia total,Despejado,No,NO APLICA,99,98,99,98,1,13/03/2022,2
48,Texas,480816,0,0,2,1,489,WILLACY (489),5670,RAYMONDVILLE,3,Marzo,20,2022,20,55,YTURRIA AVE,6,Calle Local Municipalidad,Urbano,Local,Not Reported,0,Sin jurisdiccion especial,0,26.48594444,-97.78766944,Vehiculo Aparcado,El primer evento no fue una colision con un vehiculo automotor en transporte,Not an Intersection,No fue interseccion,En estacionamiento,Ninguna,Oscuro sin iluminacion,Despejado,No,NO APLICA,99,98,99,98,1,20/03/2022,1
48,Texas,480817,1,1,1,0,273,KLEBERG (273),0,NO APLICA,2,Febrero,8,2022,23,0,SR-285,3,Highway estatal,Rural,Arteria Menor,Not Reported,0,Sin jurisdiccion especial,43,27.25763611,-97.91689722,Peaton,El primer evento no fue una colision con un vehiculo automotor en transporte,Not an Intersection,No fue interseccion,Sobre calle,Ninguna,Oscuro sin iluminacion,Despejado,No,NO APLICA,99,98,99,98,1,08/02/2022,1
48,Texas,480818,0,0,2,0,355,NUECES (355),1550,CORPUS CHRISTI,3,Marzo,26,2022,7,41,SR-357/SARATOGA BLVD,3,Highway estatal,Urbano,Arteria Principal,Not Reported,1,Sin jurisdiccion especial,123,27.68618611,-97.38542222,Vehiculo en movimiento,Frente a frente,Not an Intersection,No fue interseccion,Sobre calle,Ninguna,Dia total,Despejado,No,NO APLICA,99,99,99,99,1,26/03/2022,2
48,Texas,480819,0,0,1,0,217,HILL (217),0,NO APLICA,3,Marzo,20,2022,2,9,FM 2114,8,Otro,Rural,Colector Mayor,Not Reported,0,Sin jurisdiccion especial,9,31.82814722,-96.99662778,Volcadura,El primer evento no fue una colision con un vehiculo automotor en transporte,Not an Intersection,No fue interseccion,Sobre el lado de la calle,Ninguna,Oscuro sin iluminacion,Despejado,No,NO APLICA,99,98,99,98,1,20/03/2022,1
48,Texas,480820,1,1,1,0,135,ECTOR (135),5030,ODESSA,3,Marzo,22,2022,7,7,SR-191,3,Highway estatal,Urbano,Arteria Principal,Not Reported,1,Sin jurisdiccion especial,50,31.88925556,-102.3535917,Peaton,El primer evento no fue una colision con un vehiculo automotor en transporte,Not an Intersection,No fue interseccion,"Izquierda continua, carril de vuelta",Ninguna,Oscuro sin iluminacion,Despejado,No,NO APLICA,99,98,99,98,1,22/03/2022,2
48,Texas,480821,0,0,1,0,201,HARRIS (201),3280,HOUSTON,3,Marzo,20,2022,2,4,VICTORY DR,6,Calle Local Municipalidad,Urbano,Arteria Menor,Not Reported,0,Sin jurisdiccion especial,0,29.86564167,-95.48000278,Banqueta,El primer evento no fue una colision con un vehiculo automotor en transporte,Not an Intersection,No fue interseccion,En el medio,Ninguna,Oscuro con iluminacion,Despejado,No,NO APLICA,99,99,99,99,1,20/03/2022,1
48,Texas,480822,0,0,1,0,71,CHAMBERS (71),0,NO APLICA,3,Marzo,20,2022,5,0,SR-124,3,Highway estatal,Rural,Arteria Principal,Not Reported,1,Sin jurisdiccion especial,11,29.77841667,-94.37759444,Buzon de correo,El primer evento no fue una colision con un vehiculo automotor en transporte,Not an Intersection,No fue interseccion,Sobre el lado de la calle,Ninguna,Oscuro sin iluminacion,Neblina o Humo,No,NO APLICA,99,98,99,98,1,20/03/2022,1
48,Texas,480823,0,0,2,0,113,DALLAS (113),1730,DALLAS,3,Marzo,15,2022,18,31,US-75,2,US Highway,Urbano,Arterial Principal -Freeway o ExpressWay,Not Reported,1,Sin jurisdiccion especial,43,32.93550556,-96.75155556,Valla para choques,El primer evento no fue una colision con un vehiculo automotor en transporte,Not an Intersection,No fue interseccion,Separador,Ninguna,Dia total,Despejado,No,NO APLICA,99,99,99,99,1,15/03/2022,2
48,Texas,480824,0,0,2,0,49,BROWN (49),0,NO APLICA,3,Marzo,20,2022,21,44,US-183,2,US Highway,Rural,Arteria Principal,Not Reported,1,Sin jurisdiccion especial,116,31.92030278,-98.91903889,Vehiculo en movimiento,Angulo,Not an Intersection,No fue interseccion,Sobre calle,Ninguna,Oscuro sin iluminacion,Nublado,No,NO APLICA,99,98,99,98,1,20/03/2022,2
48,Texas,480825,0,0,2,0,453,TRAVIS (453),330,AUSTIN,3,Marzo,21,2022,18,32,US-183,2,US Highway,Urbano,Arterial Principal -Freeway o ExpressWay,Not Reported,1,Sin jurisdiccion especial,98,30.32917778,-97.67940833,Valla Ferrocarril,El primer evento no fue una colision con un vehiculo automotor en transporte,Not an Intersection,No fue interseccion,Separador,Ninguna,Dia total,lluvia,No,NO APLICA,99,99,99,99,1,21/03/2022,2
48,Texas,480826,1,1,1,0,453,TRAVIS (453),330,AUSTIN,3,Marzo,21,2022,23,0,CESAR CHAVEZ ST/1ST,6,Calle Local Municipalidad,Urbano,Arteria Menor,Not Reported,0,Sin jurisdiccion especial,0,30.25215833,-97.71041944,Peaton,El primer evento no fue una colision con un vehiculo automotor en transporte,Not an Intersection,No fue interseccion,Sobre calle,Ninguna,Oscuro con iluminacion,lluvia,No,NO APLICA,99,98,99,98,1,21/03/2022,1
48,Texas,480827,0,0,2,0,497,WISE (497),5710,RHOME,3,Marzo,19,2022,13,11,FM 3433,8,Otro,Urbano,Colector Mayor,Not Reported,0,Sin jurisdiccion especial,12,33.02962222,-97.48125833,Vehiculo en movimiento,Angulo,Not an Intersection,No fue interseccion,Sobre calle,Ninguna,Dia total,Despejado,No,NO APLICA,99,99,99,99,1,19/03/2022,5
48,Texas,480828,1,1,8,0,245,JEFFERSON (245),490,BEAUMONT,3,Marzo,27,2022,6,7,US-69,2,US Highway,Urbano,Arterial Principal -Freeway o ExpressWay,Not Reported,1,Sin jurisdiccion especial,26,30.14522222,-94.17845833,Peaton,El primer evento no fue una colision con un vehiculo automotor en transporte,Not an Intersection,No fue interseccion,Sobre calle,Construccion,Oscuro sin iluminacion,Despejado,No,NO APLICA,99,98,99,98,1,27/03/2022,9
48,Texas,480830,0,0,2,0,173,GLASSCOCK (173),0,NO APLICA,3,Marzo,21,2022,6,30,SR-137,3,Highway estatal,Rural,Colector Mayor,Not Reported,0,Sin jurisdiccion especial,138,31.85874444,-101.7002278,Vehiculo en movimiento,Frente a frente,Not an Intersection,No fue interseccion,Sobre calle,Ninguna,Oscuro sin iluminacion,Despejado,No,NO APLICA,99,99,99,99,1,21/03/2022,2
48,Texas,480831,0,0,2,0,439,TARRANT (439),0,NO APLICA,3,Marzo,27,2022,16,38,FM 730,8,Otro,Urbano,Colector Mayor,Not Reported,0,Sin jurisdiccion especial,5,32.98685833,-97.54347778,Vehiculo en movimiento,Frente a Detrás,Not an Intersection,No fue interseccion,Sobre calle,Ninguna,Dia total,Despejado,No,NO APLICA,99,99,99,99,1,27/03/2022,3
48,Texas,480832,0,0,1,0,215,HIDALGO (215),0,NO APLICA,3,Marzo,18,2022,3,53,Mile 17 North RD,6,Calle Local Municipalidad,Urbano,Local,Not Reported,0,Sin jurisdiccion especial,0,26.30355833,-98.07636944,Volcadura,El primer evento no fue una colision con un vehiculo automotor en transporte,Not an Intersection,No fue interseccion,Sobre el lado de la calle,Ninguna,Oscuro sin iluminacion,Despejado,No,NO APLICA,99,98,99,98,1,18/03/2022,1
48,Texas,480833,0,0,1,0,329,MIDLAND (329),4560,MIDLAND,3,Marzo,28,2022,0,14,I-20,1,Interestatal,Urbano,Interestatal,State Highway Agency,1,Sin jurisdiccion especial,101,31.95042222,-102.1407667,Volcadura,El primer evento no fue una colision con un vehiculo automotor en transporte,Not an Intersection,No fue interseccion,Gore?,Ninguna,Oscuro con iluminacion,Despejado,No,NO APLICA,99,98,99,98,1,28/03/2022,1
48,Texas,480834,0,0,1,0,463,UVALDE (463),0,NO APLICA,2,Febrero,19,2022,2,14,FORT CLARK RD,6,Calle Local Municipalidad,Urbano,Colector Mayor,Not Reported,0,Sin jurisdiccion especial,188,29.2,-99.82365833,Acotamiento,El primer evento no fue una colision con un vehiculo automotor en transporte,Not an Intersection,No fue interseccion,Sobre el lado de la calle,Ninguna,Oscuro sin iluminacion,Despejado,No,NO APLICA,99,99,99,99,1,19/02/2022,2
48,Texas,480835,0,0,2,0,209,HAYS (209),0,NO APLICA,3,Marzo,8,2022,14,27,RM 1826,8,Otro,Rural,Colector Mayor,Not Reported,0,Sin jurisdiccion especial,55,30.13975833,-98.00187222,Vehiculo en movimiento,Frente a frente,Not an Intersection,No fue interseccion,Sobre calle,Ninguna,Dia total,Despejado,No,NO APLICA,99,99,99,99,1,08/03/2022,2
48,Texas,480836,0,0,1,0,475,WARD (475),0,NO APLICA,3,Marzo,24,2022,9,50,RM 2355,8,Otro,Rural,No reportado,Not Reported,0,Sin jurisdiccion especial,151,31.53745,-103.3503194,Volcadura,El primer evento no fue una colision con un vehiculo automotor en transporte,Not an Intersection,No fue interseccion,Sobre el lado de la calle,Ninguna,Dia total,Despejado,No,NO APLICA,99,98,99,98,1,24/03/2022,1
48,Texas,480837,0,0,2,0,13,ATASCOSA (13),0,NO APLICA,3,Marzo,18,2022,16,14,FM 2790,8,Otro,Rural,Colector Mayor,Not Reported,0,Sin jurisdiccion especial,12,29.22710833,-98.74295833,Vehiculo en movimiento,Frente a frente,Not an Intersection,No fue interseccion,Sobre calle,Ninguna,Dia total,Despejado,No,NO APLICA,99,99,99,99,1,18/03/2022,2
48,Texas,480838,0,0,3,0,475,WARD (475),0,NO APLICA,3,Marzo,27,2022,20,55,SR-18,3,Highway estatal,Rural,Arteria Menor,Not Reported,0,Sin jurisdiccion especial,229,31.38971389,-102.8700611,Volcadura,El primer evento no fue una colision con un vehiculo automotor en transporte,Not an Intersection,No fue interseccion,Sobre calle,Ninguna,Oscuro sin iluminacion,Despejado,No,NO APLICA,99,99,99,99,1,27/03/2022,3
48,Texas,480839,0,0,2,0,461,UPTON (461),0,NO APLICA,3,Marzo,28,2022,8,58,SR-349,3,Highway estatal,Rural,Local,Not Reported,0,Sin jurisdiccion especial,232,31.33359167,-101.9429611,Vehiculo en movimiento,Frente a Detrás,Not an Intersection,No fue interseccion,Sobre calle,Ninguna,Dia total,Despejado,No,NO APLICA,99,99,99,99,1,28/03/2022,2
48,Texas,480840,0,0,1,0,113,DALLAS (113),2590,GARLAND,3,Marzo,20,2022,2,7,FOREST LN,6,Calle Local Municipalidad,Urbano,Arteria Principal,Not Reported,0,Sin jurisdiccion especial,0,32.90904167,-96.68583611,Arbol,El primer evento no fue una colision con un vehiculo automotor en transporte,Not an Intersection,No fue interseccion,Sobre el lado de la calle,Ninguna,Oscuro con iluminacion,Despejado,No,NO APLICA,99,99,99,99,1,20/03/2022,3
48,Texas,480841,0,0,2,0,11,ARMSTRONG (11),0,NO APLICA,3,Marzo,20,2022,1,37,US-287,2,US Highway,Rural,Arteria Principal,Not Reported,1,Sin jurisdiccion especial,288,35.03266111,-101.1486167,Vehiculo en movimiento,Angulo,Not an Intersection,No fue interseccion,Sobre calle,Ninguna,Oscuro sin iluminacion,Despejado,No,NO APLICA,99,98,99,98,1,20/03/2022,2
48,Texas,480842,0,0,3,0,201,HARRIS (201),3280,HOUSTON,3,Marzo,18,2022,12,10,RICHEY RD,6,Calle Local Municipalidad,Urbano,Arteria Menor,Not Reported,0,Sin jurisdiccion especial,0,30.00403333,-95.37213889,Vehiculo en movimiento,Otro,Four-Way Intersection,Interseccion de 4 direcciones,Sobre calle,Ninguna,Dia total,Despejado,No,NO APLICA,99,99,99,99,1,18/03/2022,5
48,Texas,480843,0,0,1,0,181,GRAYSON (181),550,BELLS,3,Marzo,19,2022,4,5,US-82,2,US Highway,Rural,Arteria Principal,Not Reported,1,Sin jurisdiccion especial,99998,99.9999,999.9999,Volcadura,El primer evento no fue una colision con un vehiculo automotor en transporte,Not an Intersection,No fue interseccion,Sobre calle,Ninguna,Oscuro sin iluminacion,Despejado,No,NO APLICA,99,99,99,99,1,19/03/2022,1
48,Texas,480844,1,1,1,0,29,BEXAR (29),6090,SAN ANTONIO,3,Marzo,28,2022,15,33,I-37,1,Interestatal,Urbano,Interestatal,State Highway Agency,1,Sin jurisdiccion especial,74,29.37495,-98.45886667,Peaton,El primer evento no fue una colision con un vehiculo automotor en transporte,Not an Intersection,No fue interseccion,Sobre calle,Ninguna,Dia total,Nublado,No,NO APLICA,99,99,99,99,1,28/03/2022,4
48,Texas,480845,0,0,2,0,245,JEFFERSON (245),0,NO APLICA,3,Marzo,27,2022,10,38,SR-73,3,Highway estatal,Rural,Arteria Principal,Not Reported,1,Sin jurisdiccion especial,174,29.85549444,-94.10164444,Vehiculo en movimiento,Frente a Detrás,Not an Intersection,No fue interseccion,Sobre calle,Mantenimiento,Dia total,Despejado,No,NO APLICA,99,99,99,99,1,27/03/2022,4
48,Texas,480846,1,1,3,0,439,TARRANT (439),2450,FORT WORTH,3,Marzo,25,2022,5,9,I-820,1,Interestatal,Urbano,Interestatal,State Highway Agency,1,Sin jurisdiccion especial,93,32.66698889,-97.32081111,Vehiculo en movimiento,Frente a frente,Not an Intersection,No fue interseccion,Sobre calle,Ninguna,Oscuro sin iluminacion,Despejado,No,NO APLICA,99,98,99,98,1,25/03/2022,3
48,Texas,480848,1,1,1,0,493,WILSON (493),0,NO APLICA,3,Marzo,9,2022,19,35,US-181,2,US Highway,Rural,Arteria Principal,Not Reported,1,Sin jurisdiccion especial,6,29.25328333,-98.278425,Peaton,El primer evento no fue una colision con un vehiculo automotor en transporte,Not an Intersection,No fue interseccion,Sobre Acotamiento,Ninguna,Oscuro sin iluminacion,Despejado,No,NO APLICA,99,99,99,99,1,09/03/2022,1