Estado,Nombre de Estado,Numero de Caso,Peatones,Personas _no_vehiculos,Vehiculos automotores,Vehiculos estacionados,Condado,Nombre Condado,Ciudad,Nombre Ciudad,Mes,Nombre Mes,Dia,Año,Hora,Minuto,Calle,Ruta,Nombre Ruta,Rural o Urbanoo,Sistema Funcional,Dueño Calle,Sistema Nacional Carreteras,Jurisdiccion Especial,Milla,Latitud,Longitud,Causa del Accidente,Tipo de Accidente,Tipo Interseccion,Columna1,Lugar en la calle,Zona de Trabajo,Luz,Clima,Autobus Escolar,Cruce de Trenes,Hora Notificacion,Minuto Notificacion,Hora Llegada,Minuto Llegada,Decesos,Fecha,PersonaVehiculo
48,Texas,480849,0,0,2,0,369,PARMER (369),0,NO APLICA,3,Marzo,19,2022,21,38,US-60,2,US Highway,Rural,Arteria Principal,Not Reported,1,Sin jurisdiccion especial,346,34.69830556,-102.5824417,Vehiculo en movimiento,Frente a frente,Not an Intersection,No fue interseccion,Sobre calle,Ninguna,Oscuro sin iluminacion,Despejado,No,NO APLICA,99,99,99,99,3,19/03/2022,6
48,Texas,480850,1,1,1,0,491,WILLIAMSON (491),1242,CEDAR PARK,3,Marzo,23,2022,17,46,LAKELINE BLVD,6,Calle Local Municipalidad,Urbano,Arteria Menor,Not Reported,0,Sin jurisdiccion especial,0,30.52430833,-97.85411944,Barda,El primer evento no fue una colision con un vehiculo automotor en transporte,Not an Intersection,No fue interseccion,Fuera de la calle,Ninguna,Dia total,Nublado,No,NO APLICA,99,99,99,99,1,23/03/2022,1
48,Texas,480851,0,0,2,0,213,HENDERSON (213),0,NO APLICA,3,Marzo,27,2022,14,51,FM 317,8,Otro,Rural,Colector Mayor,Not Reported,0,Sin jurisdiccion especial,52,32.22925,-95.64945,Vehiculo en movimiento,Angulo,Not an Intersection,No fue interseccion,Sobre calle,Ninguna,Dia total,Despejado,No,NO APLICA,99,99,99,99,1,27/03/2022,2
48,Texas,480852,0,0,2,0,329,MIDLAND (329),0,NO APLICA,3,Marzo,29,2022,2,10,SR-349/RANKIN HWY,3,Highway estatal,Urbano,Arteria Principal,Not Reported,1,Sin jurisdiccion especial,111,31.95713333,-102.0689639,Vehiculo en movimiento,Angulo,T-Intersection,Interseccion de T,Sobre calle,Ninguna,Oscuro sin iluminacion,Despejado,No,NO APLICA,99,98,99,98,1,29/03/2022,2
48,Texas,480853,0,0,1,0,113,DALLAS (113),3350,HUTCHINS,3,Marzo,27,2022,5,36,I-20,1,Interestatal,Urbano,Interestatal,State Highway Agency,1,Sin jurisdiccion especial,209,32.67005833,-96.71011944,Poste o otros soportes,El primer evento no fue una colision con un vehiculo automotor en transporte,Not an Intersection,No fue interseccion,En el medio,Ninguna,Oscuro sin iluminacion,Despejado,No,NO APLICA,99,98,99,98,1,27/03/2022,1
48,Texas,480854,0,0,2,0,467,VAN ZANDT (467),0,NO APLICA,3,Marzo,24,2022,11,15,SR-243,3,Highway estatal,Rural,Arteria Menor,Not Reported,0,Sin jurisdiccion especial,28,32.55305,-96.02948333,Vehiculo en movimiento,Angulo,Four-Way Intersection,Interseccion de 4 direcciones,Sobre calle,Ninguna,Dia total,Despejado,No,NO APLICA,99,99,99,99,1,24/03/2022,4
48,Texas,480855,0,0,1,0,439,TARRANT (439),2450,FORT WORTH,3,Marzo,30,2022,13,55,I-820,1,Interestatal,Urbano,Interestatal,State Highway Agency,1,Sin jurisdiccion especial,10,32.68672778,-97.46443056,Poste de Señal de trafico,El primer evento no fue una colision con un vehiculo automotor en transporte,Not an Intersection,No fue interseccion,En el medio,Ninguna,Dia total,Vientos cruzados pero de los mamalones,No,NO APLICA,99,98,99,98,1,30/03/2022,1
48,Texas,480856,2,2,1,0,491,WILLIAMSON (491),1242,CEDAR PARK,3,Marzo,25,2022,18,41,AVERY RANCH BLVD,6,Calle Local Municipalidad,Urbano,Colector Mayor,Not Reported,0,Sin jurisdiccion especial,0,30.48591389,-97.80749167,Peaton,El primer evento no fue una colision con un vehiculo automotor en transporte,Not an Intersection,No fue interseccion,Sobre el lado de la calle,Ninguna,Dia total,Despejado,No,NO APLICA,99,99,99,99,1,25/03/2022,1
48,Texas,480857,0,0,1,0,85,COLLIN (85),5390,PLANO,3,Marzo,26,2022,3,34,TL 161/PGB TURNPIKE TL,6,Calle Local Municipalidad,Rural,Local,State Toll Road,0,Sin jurisdiccion especial,0,33.00379444,-96.74400833,Volcadura,El primer evento no fue una colision con un vehiculo automotor en transporte,Not an Intersection,No fue interseccion,En el medio,Ninguna,Oscuro con iluminacion,Despejado,No,NO APLICA,99,99,99,99,1,26/03/2022,1
48,Texas,480858,0,0,1,0,113,DALLAS (113),6685,SUNNYVALE,4,Abril,1,2022,2,10,US-80 RAMP,2,US Highway,Urbano,Arterial Principal -Freeway o ExpressWay,Not Reported,1,Sin jurisdiccion especial,85,32.78058056,-96.53811667,Otro objeto (fijo),El primer evento no fue una colision con un vehiculo automotor en transporte,Not an Intersection,No fue interseccion,Gore?,Ninguna,Oscuro con iluminacion,Despejado,No,NO APLICA,99,99,99,99,1,01/04/2022,1
48,Texas,480859,0,0,2,0,329,MIDLAND (329),4560,MIDLAND,3,Marzo,5,2022,2,50,SR-250,3,Highway estatal,Urbano,Arterial Principal -Freeway o ExpressWay,Not Reported,1,Sin jurisdiccion especial,200,32.041775,-102.0960806,Vehiculo en movimiento,Frente a Detrás,Not an Intersection,No fue interseccion,Sobre calle,Ninguna,Oscuro con iluminacion,Despejado,No,NO APLICA,99,99,99,99,1,05/03/2022,3
48,Texas,480860,1,1,1,0,355,NUECES (355),1550,CORPUS CHRISTI,3,Marzo,27,2022,20,9,SR-407 SPUR/LEOPARD ST,3,Highway estatal,Urbano,Arteria Menor,Not Reported,0,Sin jurisdiccion especial,32,27.84166944,-97.57920556,Peaton,El primer evento no fue una colision con un vehiculo automotor en transporte,Not an Intersection,No fue interseccion,Sobre calle,Ninguna,Oscuro con iluminacion,Despejado,No,NO APLICA,99,99,99,99,1,27/03/2022,1
48,Texas,480861,0,0,2,0,113,DALLAS (113),3420,IRVING,3,Marzo,18,2022,20,9,SR-183/AIRPORT FWY,7,Calle Local,Urbano,Arterial Principal -Freeway o ExpressWay,Not Reported,1,Sin jurisdiccion especial,20,32.83785833,-97.01418889,Vehiculo en movimiento,Frente a Detrás,Not an Intersection,No fue interseccion,Sobre calle,Ninguna,Oscuro con iluminacion,Nublado,No,NO APLICA,99,99,99,99,1,18/03/2022,2
48,Texas,480862,0,0,1,0,85,COLLIN (85),4445,MELISSA,2,Febrero,15,2022,13,59,SR-121/SAM RAYBURN HWY,3,Highway estatal,Urbano,Arteria Principal,Not Reported,1,Sin jurisdiccion especial,150,33.27227222,-96.57914722,Arbol,El primer evento no fue una colision con un vehiculo automotor en transporte,Not an Intersection,No fue interseccion,Fuera de la calle,Ninguna,Dia total,Despejado,No,NO APLICA,99,99,99,99,1,15/02/2022,2
48,Texas,480863,0,0,1,0,355,NUECES (355),0,NO APLICA,3,Marzo,21,2022,10,22,US-77,2,US Highway,Rural,Arteria Principal,Not Reported,1,Sin jurisdiccion especial,72,27.71179722,-97.72301389,Volcadura,El primer evento no fue una colision con un vehiculo automotor en transporte,Not an Intersection,No fue interseccion,En el medio,Ninguna,Dia total,Despejado,No,NO APLICA,99,99,99,99,1,21/03/2022,3
48,Texas,480864,0,0,1,0,201,HARRIS (201),3280,HOUSTON,3,Marzo,20,2022,3,0,CHIMNEY ROCK RD,6,Calle Local Municipalidad,Urbano,Arteria Menor,Not Reported,0,Sin jurisdiccion especial,0,29.75145,-95.47718611,Arbol,El primer evento no fue una colision con un vehiculo automotor en transporte,Not an Intersection,No fue interseccion,Fuera de la calle,Ninguna,Oscuro con iluminacion,Despejado,No,NO APLICA,99,99,99,99,1,20/03/2022,2
48,Texas,480865,0,0,1,0,177,GONZALES (177),0,NO APLICA,3,Marzo,28,2022,17,37,US-87,2,US Highway,Rural,Arteria Principal,Not Reported,1,Sin jurisdiccion especial,115,29.25725833,-97.5873,Volcadura,El primer evento no fue una colision con un vehiculo automotor en transporte,Not an Intersection,No fue interseccion,Sobre calle,Ninguna,Dia total,Despejado,No,NO APLICA,99,98,99,98,1,28/03/2022,1
48,Texas,480866,0,2,3,1,201,HARRIS (201),3280,HOUSTON,3,Marzo,13,2022,17,36,HILLCROFT AVE,6,Calle Local Municipalidad,Urbano,Arteria Principal,Not Reported,0,Sin jurisdiccion especial,0,29.71298333,-95.49472222,Vehiculo en movimiento,Angulo,Not an Intersection,No fue interseccion,Sobre calle,Ninguna,Dia total,Despejado,No,NO APLICA,99,99,99,99,1,13/03/2022,3
48,Texas,480867,0,0,6,0,491,WILLIAMSON (491),0,NO APLICA,3,Marzo,26,2022,13,40,SR-95,3,Highway estatal,Rural,Arteria Menor,Not Reported,0,Sin jurisdiccion especial,98,30.67043611,-97.45015,Vehiculo en movimiento,Frente a Detrás,T-Intersection,Interseccion de T,Sobre calle,Ninguna,Dia total,Despejado,No,NO APLICA,99,99,99,99,1,26/03/2022,9
48,Texas,480868,0,0,1,0,367,PARKER (367),0,NO APLICA,3,Marzo,25,2022,14,20,CR-BETHEL RD,4,Calle del Condado,Rural,Colector Mayor,Not Reported,0,Sin jurisdiccion especial,0,32.60173056,-97.8185,Arbol,El primer evento no fue una colision con un vehiculo automotor en transporte,Not an Intersection,No fue interseccion,Sobre el lado de la calle,Ninguna,Dia total,Despejado,No,NO APLICA,99,99,99,99,1,25/03/2022,4
48,Texas,480869,0,0,3,0,139,ELLIS (139),0,NO APLICA,3,Marzo,24,2022,12,21,I-45,1,Interestatal,Rural,Interestatal,State Highway Agency,1,Sin jurisdiccion especial,4,32.27043889,-96.51167222,Valla Ferrocarril,El primer evento no fue una colision con un vehiculo automotor en transporte,Not an Intersection,No fue interseccion,En el medio,Ninguna,Dia total,Despejado,No,NO APLICA,99,99,99,99,2,24/03/2022,4
48,Texas,480870,1,1,1,0,29,BEXAR (29),6090,SAN ANTONIO,3,Marzo,22,2022,22,0,BASSE RD,6,Calle Local Municipalidad,Urbano,Arteria Menor,Not Reported,0,Sin jurisdiccion especial,0,29.48808056,-98.49386389,Ciclista,El primer evento no fue una colision con un vehiculo automotor en transporte,Not an Intersection,No fue interseccion,Sobre el lado de la calle,Ninguna,Oscuro con iluminacion,Nublado,No,NO APLICA,99,99,99,99,1,22/03/2022,2
48,Texas,480871,0,0,1,0,29,BEXAR (29),6090,SAN ANTONIO,3,Marzo,27,2022,20,20,HARDY OAK BLVD,6,Calle Local Municipalidad,Urbano,Colector Mayor,Not Reported,0,Sin jurisdiccion especial,0,29.61244444,-98.47855278,Calle mal pavimentada,El primer evento no fue una colision con un vehiculo automotor en transporte,Not an Intersection,No fue interseccion,Fuera de la calle,Ninguna,Oscuro con iluminacion,Despejado,No,NO APLICA,99,98,99,98,1,27/03/2022,1
48,Texas,480872,0,0,1,0,245,JEFFERSON (245),490,BEAUMONT,4,Abril,2,2022,5,23,I-10,7,Calle Local,Urbano,Colector Mayor,State Highway Agency,0,Sin jurisdiccion especial,25,30.09561389,-94.12202778,Arbol,El primer evento no fue una colision con un vehiculo automotor en transporte,Not an Intersection,No fue interseccion,Sobre el lado de la calle,Ninguna,Oscuro con iluminacion,Despejado,No,NO APLICA,99,99,99,99,2,02/04/2022,4
48,Texas,480873,0,0,1,0,435,SUTTON (435),0,NO APLICA,3,Marzo,31,2022,2,24,RM 3130,8,Otro,Rural,Colector Menor,Not Reported,0,Sin jurisdiccion especial,37,30.53435556,-100.4607306,Barda,El primer evento no fue una colision con un vehiculo automotor en transporte,Not an Intersection,No fue interseccion,Fuera de la calle,Ninguna,Oscuro sin iluminacion,Despejado,No,NO APLICA,99,99,99,99,1,31/03/2022,4
48,Texas,480874,0,0,3,0,201,HARRIS (201),0,NO APLICA,3,Marzo,24,2022,10,11,SR-6,3,Highway estatal,Urbano,Arteria Principal,Not Reported,1,Sin jurisdiccion especial,153,29.71567778,-95.64419722,Vehiculo en movimiento,Frente a Detrás,Not an Intersection,No fue interseccion,Sobre calle,Ninguna,Dia total,Despejado,No,NO APLICA,99,98,99,98,1,24/03/2022,3
48,Texas,480875,0,0,2,0,201,HARRIS (201),0,NO APLICA,3,Marzo,26,2022,17,49,CLAY RD,6,Calle Local Municipalidad,Urbano,Arteria Menor,Not Reported,0,Sin jurisdiccion especial,0,29.83105833,-95.670075,Vehiculo en movimiento,Angulo,Not an Intersection,No fue interseccion,Sobre calle,Ninguna,Dia total,Despejado,No,NO APLICA,99,99,99,99,1,26/03/2022,3
48,Texas,480876,1,1,1,0,201,HARRIS (201),0,NO APLICA,3,Marzo,30,2022,20,10,LITTLE YORK RD,6,Calle Local Municipalidad,Urbano,Arteria Menor,Not Reported,0,Sin jurisdiccion especial,0,29.86759722,-95.63583056,Peaton,El primer evento no fue una colision con un vehiculo automotor en transporte,Not an Intersection,No fue interseccion,Sobre calle,Ninguna,Oscuro sin iluminacion,Despejado,No,NO APLICA,99,99,99,99,1,30/03/2022,1
48,Texas,480877,1,1,2,0,361,ORANGE (361),0,NO APLICA,3,Marzo,28,2022,21,16,SR-12,3,Highway estatal,Rural,Arteria Principal,Not Reported,1,Sin jurisdiccion especial,252,30.21561667,-93.86253056,Ciclista,El primer evento no fue una colision con un vehiculo automotor en transporte,Not an Intersection,No fue interseccion,Sobre calle,Ninguna,Oscuro sin iluminacion,Nublado,No,NO APLICA,99,98,99,98,1,28/03/2022,2
48,Texas,480878,0,0,2,0,289,LEON (289),3510,JEWETT,3,Marzo,24,2022,9,10,US-79,2,US Highway,Rural,Arteria Principal,Not Reported,1,Sin jurisdiccion especial,87,31.35586944,-96.14756944,Vehiculo en movimiento,Frente a Detrás,Not an Intersection,No fue interseccion,Sobre calle,Ninguna,Dia total,Despejado,No,NO APLICA,99,99,99,99,1,24/03/2022,6
48,Texas,480879,0,0,3,0,361,ORANGE (361),0,NO APLICA,3,Marzo,25,2022,12,26,SR-73,3,Highway estatal,Urbano,Arteria Principal,Not Reported,1,Sin jurisdiccion especial,62,30.00559167,-93.86215,Vehiculo en movimiento,Frente a Detrás,Not an Intersection,No fue interseccion,Sobre calle,Ninguna,Dia total,Nublado,No,NO APLICA,99,99,99,99,1,25/03/2022,3
48,Texas,480880,0,0,1,0,481,WHARTON (481),0,NO APLICA,3,Marzo,2,2022,3,54,FM 1161,8,Otro,Rural,Colector Menor,Not Reported,0,Sin jurisdiccion especial,121,29.38409167,-96.05290278,Acotamiento,El primer evento no fue una colision con un vehiculo automotor en transporte,Not an Intersection,No fue interseccion,Sobre el lado de la calle,Ninguna,Oscuro sin iluminacion,Despejado,No,NO APLICA,99,98,99,98,1,02/03/2022,1
48,Texas,480881,0,0,2,0,21,BASTROP (21),0,NO APLICA,3,Marzo,20,2022,16,3,SR-21,3,Highway estatal,Rural,Arteria Principal,Not Reported,1,Sin jurisdiccion especial,125,30.11000278,-97.43630833,Vehiculo en movimiento,Angulo,Four-Way Intersection,Interseccion de 4 direcciones,Sobre calle,Ninguna,Dia total,Despejado,No,NO APLICA,99,99,99,99,1,20/03/2022,4
48,Texas,480882,0,0,2,0,91,COMAL (91),0,NO APLICA,3,Marzo,25,2022,17,54,RM 32,8,Otro,Rural,Arteria Menor,Not Reported,0,Sin jurisdiccion especial,126,29.93208889,-98.16948611,Vehiculo en movimiento,Angulo,Not an Intersection,No fue interseccion,Sobre calle,Ninguna,Dia total,Despejado,No,NO APLICA,99,99,99,99,1,25/03/2022,2
48,Texas,480883,0,0,1,0,227,HOWARD (227),0,NO APLICA,3,Marzo,12,2022,21,9,US-87,2,US Highway,Rural,Arteria Principal,Not Reported,1,Sin jurisdiccion especial,86,32.42050556,-101.5897389,Barda,El primer evento no fue una colision con un vehiculo automotor en transporte,Not an Intersection,No fue interseccion,Fuera de la calle,Ninguna,Oscuro sin iluminacion,Despejado,No,NO APLICA,99,98,99,98,1,12/03/2022,1
48,Texas,480885,1,1,1,0,113,DALLAS (113),387,BALCH SPRINGS,3,Marzo,28,2022,23,11,I-20,1,Interestatal,Urbano,Interestatal,State Highway Agency,1,Sin jurisdiccion especial,30,32.70369722,-96.57334167,Peaton,El primer evento no fue una colision con un vehiculo automotor en transporte,Not an Intersection,No fue interseccion,Sobre calle,Ninguna,Oscuro sin iluminacion,Despejado,No,NO APLICA,99,98,99,98,1,28/03/2022,1
48,Texas,480886,0,0,2,0,181,GRAYSON (181),0,NO APLICA,3,Marzo,29,2022,11,15,US-377,2,US Highway,Rural,Arteria Menor,Not Reported,0,Sin jurisdiccion especial,19,33.62580278,-96.89943333,Vehiculo en movimiento,Frente a frente,Not an Intersection,No fue interseccion,Sobre calle,Ninguna,Dia total,Nublado,No,NO APLICA,99,99,99,99,1,29/03/2022,2
48,Texas,480889,0,0,2,0,201,HARRIS (201),3280,HOUSTON,3,Marzo,23,2022,17,29,SR-8 LOOP/SAM HOUSTON PKWY,7,Calle Local,Urbano,Arteria Principal,Not Reported,1,Sin jurisdiccion especial,174,29.60075556,-95.31767778,Vehiculo en movimiento,Angulo,Four-Way Intersection,Interseccion de 4 direcciones,Sobre calle,Ninguna,Dia total,Despejado,No,NO APLICA,99,99,99,99,1,23/03/2022,3
48,Texas,480890,0,0,2,0,29,BEXAR (29),6090,SAN ANTONIO,3,Marzo,10,2022,0,20,I-37,1,Interestatal,Urbano,Interestatal,State Highway Agency,1,Sin jurisdiccion especial,3,29.29475556,-98.39526389,Vehiculo en movimiento,Frente a Detrás,Not an Intersection,No fue interseccion,Sobre calle,Ninguna,Oscuro sin iluminacion,Despejado,No,NO APLICA,99,99,99,99,1,10/03/2022,4
48,Texas,480891,0,0,1,0,439,TARRANT (439),2450,FORT WORTH,3,Marzo,29,2022,15,22,NORMANDALE ST,6,Calle Local Municipalidad,Urbano,Colector Mayor,Not Reported,0,Sin jurisdiccion especial,0,32.733375,-97.47860833,Banqueta,El primer evento no fue una colision con un vehiculo automotor en transporte,Not an Intersection,No fue interseccion,Sobre el lado de la calle,Ninguna,Dia total,Nublado,No,NO APLICA,99,99,99,99,1,29/03/2022,1
48,Texas,480892,0,0,1,0,259,KENDALL (259),740,BOERNE,3,Marzo,28,2022,14,13,I-10,1,Interestatal,Urbano,Interestatal,State Highway Agency,1,Sin jurisdiccion especial,181,29.80789444,-98.75388611,Volcadura,El primer evento no fue una colision con un vehiculo automotor en transporte,Not an Intersection,No fue interseccion,Sobre el lado de la calle,Ninguna,Dia total,Despejado,No,NO APLICA,99,99,99,99,1,28/03/2022,4
48,Texas,480893,1,1,1,0,367,PARKER (367),0,NO APLICA,3,Marzo,31,2022,20,53,US-377,2,US Highway,Rural,Arteria Principal,Not Reported,1,Sin jurisdiccion especial,19,32.60300278,-97.56210556,Peaton,El primer evento no fue una colision con un vehiculo automotor en transporte,Not an Intersection,No fue interseccion,Sobre calle,Ninguna,Oscuro sin iluminacion,Despejado,No,NO APLICA,99,99,99,99,1,31/03/2022,1
48,Texas,480894,0,0,2,0,121,DENTON (121),1840,DENTON,3,Marzo,31,2022,1,48,I-35 E,1,Interestatal,Urbano,Interestatal,State Highway Agency,1,Sin jurisdiccion especial,126,33.20412778,-97.15156111,Vehiculo en movimiento,Frente a Detrás,Not an Intersection,No fue interseccion,Sobre calle,Construccion,Oscuro con iluminacion,Nublado,No,NO APLICA,99,98,99,98,1,31/03/2022,2
48,Texas,480895,0,0,2,0,439,TARRANT (439),2450,FORT WORTH,4,Abril,4,2022,2,20,I-35 RAMP,1,Interestatal,Urbano,Interestatal,State Highway Agency,1,Sin jurisdiccion especial,74,32.75644444,-97.31763889,Vehiculo en movimiento,Frente a Detrás,Not an Intersection,No fue interseccion,Sobre calle,Ninguna,Oscuro con iluminacion,Nublado,No,NO APLICA,99,98,99,98,2,04/04/2022,3
48,Texas,480896,1,1,1,0,55,CALDWELL (55),4372,MARTINDALE,4,Abril,4,2022,7,3,SR-80,3,Highway estatal,Urbano,Arteria Menor,Not Reported,0,Sin jurisdiccion especial,50,29.84528333,-97.840875,Ciclista,El primer evento no fue una colision con un vehiculo automotor en transporte,Not an Intersection,No fue interseccion,Sobre calle,Ninguna,Oscuro sin iluminacion,Despejado,No,NO APLICA,99,98,99,98,1,04/04/2022,4
48,Texas,480897,1,1,3,0,453,TRAVIS (453),330,AUSTIN,2,Febrero,20,2022,4,2,US-183/ANDERSON LN,2,US Highway,Urbano,Arterial Principal -Freeway o ExpressWay,Not Reported,1,Sin jurisdiccion especial,89,30.33507778,-97.69230556,Vehiculo en movimiento,Angulo,Not an Intersection,No fue interseccion,Sobre calle,Ninguna,Oscuro con iluminacion,Despejado,No,NO APLICA,99,98,99,98,1,20/02/2022,2
48,Texas,480898,0,0,1,0,299,LLANO (299),0,NO APLICA,4,Abril,3,2022,10,44,CR-204/CR-ROSALIE DR,4,Calle del Condado,Rural,Local,Not Reported,0,Sin jurisdiccion especial,0,30.74525556,-98.45496944,Volcadura,El primer evento no fue una colision con un vehiculo automotor en transporte,T-Intersection,Interseccion de T,Sobre el lado de la calle,Ninguna,Dia total,Despejado,No,NO APLICA,99,99,99,99,1,03/04/2022,1
48,Texas,480899,1,1,1,0,29,BEXAR (29),0,NO APLICA,3,Marzo,29,2022,22,44,FM 471/CULEBRA RD,8,Otro,Urbano,Arteria Principal,Not Reported,0,Sin jurisdiccion especial,99,29.51731667,-98.76435278,Peaton,El primer evento no fue una colision con un vehiculo automotor en transporte,Not an Intersection,No fue interseccion,Sobre calle,Ninguna,Oscuro sin iluminacion,Despejado,No,NO APLICA,99,98,99,98,1,29/03/2022,1
48,Texas,480900,2,2,2,1,201,HARRIS (201),3280,HOUSTON,3,Marzo,27,2022,21,22,WESTHEIMER RD,6,Calle Local Municipalidad,Urbano,Arteria Principal,Not Reported,0,Sin jurisdiccion especial,124,29.73764167,-95.49034444,Peaton,El primer evento no fue una colision con un vehiculo automotor en transporte,Not an Intersection,No fue interseccion,Sobre calle,Ninguna,Oscuro con iluminacion,Despejado,No,NO APLICA,99,98,99,98,2,27/03/2022,1
48,Texas,480901,1,1,3,0,113,DALLAS (113),387,BALCH SPRINGS,3,Marzo,25,2022,23,19,I-20,1,Interestatal,Urbano,Interestatal,State Highway Agency,1,Sin jurisdiccion especial,31,32.70422778,-96.57593333,Vehiculo en movimiento,Frente a Detrás,Not an Intersection,No fue interseccion,Sobre calle,Ninguna,Oscuro sin iluminacion,Despejado,No,NO APLICA,99,99,99,99,2,25/03/2022,6
48,Texas,480902,0,0,2,0,339,MONTGOMERY (339),1510,CONROE,4,Abril,3,2022,13,15,SR-105,3,Highway estatal,Urbano,Arteria Principal,Not Reported,1,Sin jurisdiccion especial,261,30.3233,-95.40360556,Vehiculo en movimiento,Angulo,Not an Intersection,No fue interseccion,Sobre calle,Ninguna,Dia total,Despejado,No,NO APLICA,99,99,99,99,1,03/04/2022,4
48,Texas,480903,1,1,1,0,491,WILLIAMSON (491),5990,ROUND ROCK,4,Abril,5,2022,22,3,I-35,7,Calle Local,Urbano,Colector Mayor,State Highway Agency,0,Sin jurisdiccion especial,32,30.52420833,-97.69006389,Peaton,El primer evento no fue una colision con un vehiculo automotor en transporte,Not an Intersection,No fue interseccion,Sobre calle,Ninguna,Oscuro sin iluminacion,Despejado,No,NO APLICA,99,98,99,98,1,05/04/2022,2
48,Texas,480904,0,0,1,0,221,HOOD (221),0,NO APLICA,3,Marzo,26,2022,0,32,SR-144/GLEN ROSE HWY,3,Highway estatal,Rural,Colector Mayor,Not Reported,0,Sin jurisdiccion especial,71,32.35664444,-97.77221944,Arbol,El primer evento no fue una colision con un vehiculo automotor en transporte,Not an Intersection,No fue interseccion,Fuera de la calle,Ninguna,Oscuro sin iluminacion,Despejado,No,NO APLICA,99,98,99,98,2,26/03/2022,2
48,Texas,480905,0,0,2,0,421,SHERMAN (421),0,NO APLICA,3,Marzo,29,2022,14,47,US-287,2,US Highway,Rural,Arteria Principal,Not Reported,1,Sin jurisdiccion especial,51,36.27785,-102.0485694,Vehiculo en movimiento,Angulo,Not an Intersection,No fue interseccion,Sobre calle,Ninguna,Dia total,Vientos cruzados pero de los mamalones,No,NO APLICA,99,99,99,99,1,29/03/2022,4
48,Texas,480906,0,0,2,0,257,KAUFMAN (257),0,NO APLICA,4,Abril,4,2022,7,52,US-80,2,US Highway,Urbano,Arteria Principal,Not Reported,0,Sin jurisdiccion especial,129,32.72159444,-96.16503889,Vehiculo en movimiento,Angulo,T-Intersection,Interseccion de T,Sobre calle,Ninguna,Dia total,Despejado,No,NO APLICA,99,99,99,99,1,04/04/2022,3
48,Texas,480907,0,0,2,0,339,MONTGOMERY (339),7500,WILLIS,3,Marzo,26,2022,17,4,SR-75,3,Highway estatal,Urbano,Arteria Menor,Not Reported,0,Sin jurisdiccion especial,36,30.47294722,-95.49586944,Vehiculo en movimiento,Frente a frente,Not an Intersection,No fue interseccion,Sobre calle,Ninguna,Dia total,Despejado,No,NO APLICA,99,98,99,98,1,26/03/2022,2
48,Texas,480908,0,0,2,0,215,HIDALGO (215),0,NO APLICA,3,Marzo,31,2022,18,52,CR-VICTORIA RD,4,Calle del Condado,Urbano,Colector Mayor,Not Reported,0,Sin jurisdiccion especial,0,26.18081111,-98.02793056,Vehiculo en movimiento,Frente a frente,Not an Intersection,No fue interseccion,Sobre calle,Ninguna,Dia total,Despejado,No,NO APLICA,99,99,99,99,1,31/03/2022,2
48,Texas,480909,0,0,1,0,153,FLOYD (153),0,NO APLICA,3,Marzo,1,2022,21,8,US-62/RALLS HWY,2,US Highway,Rural,Arteria Menor,State Highway Agency,0,Sin jurisdiccion especial,68,33.90574444,-101.3588278,Poste de Señal de trafico,El primer evento no fue una colision con un vehiculo automotor en transporte,Not an Intersection,No fue interseccion,Sobre el lado de la calle,Ninguna,Oscuro con iluminacion,Despejado,No,NO APLICA,99,99,99,99,1,01/03/2022,4
48,Texas,480910,0,1,2,1,201,HARRIS (201),0,NO APLICA,4,Abril,2,2022,17,44,SR-8 LP/SAM HOUSTON PKWY TL,3,Highway estatal,Urbano,Arterial Principal -Freeway o ExpressWay,State Toll Road,1,Sin jurisdiccion especial,78,29.62175556,-95.51103056,Vehiculo Aparcado,El primer evento no fue una colision con un vehiculo automotor en transporte,Not an Intersection,No fue interseccion,Gore?,Ninguna,Dia total,Despejado,No,NO APLICA,99,99,99,99,1,02/04/2022,1
48,Texas,480911,0,0,1,0,85,COLLIN (85),4230,MCKINNEY,3,Marzo,30,2022,2,20,TL 27/SAM RAYBURN TOLLWAY,8,Otro,Urbano,Arterial Principal -Freeway o ExpressWay,State Toll Road,1,Sin jurisdiccion especial,0,33.14453056,-96.67965556,Muro,El primer evento no fue una colision con un vehiculo automotor en transporte,Not an Intersection,No fue interseccion,En el medio,Ninguna,Oscuro con iluminacion,lluvia,No,NO APLICA,99,99,99,99,1,30/03/2022,1
48,Texas,480912,0,0,2,0,113,DALLAS (113),1730,DALLAS,3,Marzo,20,2022,18,20,ABRAMS RD,6,Calle Local Municipalidad,Urbano,Arteria Menor,Not Reported,0,Sin jurisdiccion especial,0,32.82818056,-96.75290556,Vehiculo en movimiento,Angulo,Four-Way Intersection,Interseccion de 4 direcciones,Sobre calle,Ninguna,Dia total,Despejado,No,NO APLICA,99,99,99,99,1,20/03/2022,2
48,Texas,480913,0,0,1,0,339,MONTGOMERY (339),0,NO APLICA,3,Marzo,27,2022,18,50,CR-NICHOLS SAWMILL RD,4,Calle del Condado,Urbano,Colector Mayor,Not Reported,0,Sin jurisdiccion especial,0,30.12463333,-95.77123056,Arbol,El primer evento no fue una colision con un vehiculo automotor en transporte,Not an Intersection,No fue interseccion,Sobre el lado de la calle,Ninguna,Dia total,Despejado,No,NO APLICA,99,98,99,98,1,27/03/2022,1
48,Texas,480914,1,1,1,0,291,LIBERTY (291),0,NO APLICA,4,Abril,1,2022,14,57,FM 787,8,Otro,Rural,Colector Mayor,Not Reported,0,Sin jurisdiccion especial,154,30.41459444,-94.86969722,Ciclista,El primer evento no fue una colision con un vehiculo automotor en transporte,Not an Intersection,No fue interseccion,Sobre calle,Ninguna,Dia total,Despejado,No,NO APLICA,99,98,99,98,1,01/04/2022,1