Estado,Nombre de Estado,Numero de Caso,Peatones,Personas _no_vehiculos,Vehiculos automotores,Vehiculos estacionados,Condado,Nombre Condado,Ciudad,Nombre Ciudad,Mes,Nombre Mes,Dia,Año,Hora,Minuto,Calle,Ruta,Nombre Ruta,Rural o Urbanoo,Sistema Funcional,Dueño Calle,Sistema Nacional Carreteras,Jurisdiccion Especial,Milla,Latitud,Longitud,Causa del Accidente,Tipo de Accidente,Tipo Interseccion,Columna1,Lugar en la calle,Zona de Trabajo,Luz,Clima,Autobus Escolar,Cruce de Trenes,Hora Notificacion,Minuto Notificacion,Hora Llegada,Minuto Llegada,Decesos,Fecha,PersonaVehiculo
48,Texas,480915,0,0,1,0,339,MONTGOMERY (339),0,NO APLICA,4,Abril,1,2022,12,41,I-45,1,Interestatal,Urbano,Interestatal,State Highway Agency,1,Sin jurisdiccion especial,207,30.40913056,-95.48846944,Volcadura,El primer evento no fue una colision con un vehiculo automotor en transporte,Not an Intersection,No fue interseccion,Sobre calle,Ninguna,Dia total,Despejado,No,NO APLICA,99,99,99,99,1,01/04/2022,1
48,Texas,480916,0,0,1,0,201,HARRIS (201),3280,HOUSTON,3,Marzo,26,2022,2,38,SR-8 LP SVRD/SAM HOUSTON PKWY,7,Calle Local,Urbano,Arteria Principal,Not Reported,1,Sin jurisdiccion especial,38,29.93893611,-95.36612778,Barrera de Trafico de Concreto,El primer evento no fue una colision con un vehiculo automotor en transporte,Not an Intersection,No fue interseccion,En el medio,Ninguna,Oscuro con iluminacion,Despejado,No,NO APLICA,99,98,99,98,1,26/03/2022,1
48,Texas,480917,0,0,1,0,201,HARRIS (201),3280,HOUSTON,2,Febrero,17,2022,19,10,US-90 ALT/WAYSIDE,2,US Highway,Urbano,Arteria Principal,Not Reported,1,Sin jurisdiccion especial,168,29.71899167,-95.31364444,Barda,El primer evento no fue una colision con un vehiculo automotor en transporte,Not an Intersection,No fue interseccion,Fuera de la calle,Ninguna,Oscuro con iluminacion,Despejado,No,NO APLICA,99,99,99,99,1,17/02/2022,1
48,Texas,480918,0,0,2,0,29,BEXAR (29),6090,SAN ANTONIO,4,Abril,1,2022,2,17,I-410,1,Interestatal,Urbano,Interestatal,State Highway Agency,1,Sin jurisdiccion especial,241,29.51573333,-98.43659444,Vehiculo en movimiento,Frente a frente,Not an Intersection,No fue interseccion,Sobre calle,Ninguna,Oscuro con iluminacion,Despejado,No,NO APLICA,99,99,99,99,1,01/04/2022,2
48,Texas,480919,0,0,1,0,201,HARRIS (201),0,NO APLICA,4,Abril,1,2022,23,53,LITTLE YORK RD,6,Calle Local Municipalidad,Urbano,Local,Not Reported,0,Sin jurisdiccion especial,0,29.85968056,-95.73431667,Banqueta,El primer evento no fue una colision con un vehiculo automotor en transporte,Not an Intersection,No fue interseccion,Sobre el lado de la calle,Ninguna,Oscuro con iluminacion,Despejado,No,NO APLICA,99,99,99,99,1,01/04/2022,1
48,Texas,480920,0,0,2,0,239,JACKSON (239),0,NO APLICA,3,Marzo,27,2022,7,32,FM 616,8,Otro,Rural,Colector Mayor,Not Reported,0,Sin jurisdiccion especial,349,28.81608889,-96.63191667,Vehiculo en movimiento,Frente a frente,Not an Intersection,No fue interseccion,Sobre calle,Ninguna,Amanecer,Neblina o Humo,No,NO APLICA,99,99,99,99,1,27/03/2022,2
48,Texas,480921,0,0,2,0,251,JOHNSON (251),1370,CLEBURNE,3,Marzo,26,2022,21,47,SR-174/MAIN ST,3,Highway estatal,Urbano,Arteria Principal,Not Reported,1,Sin jurisdiccion especial,213,32.39264444,-97.38910278,Vehiculo en movimiento,Angulo,Not an Intersection,No fue interseccion,Sobre calle,Ninguna,Oscuro sin iluminacion,Despejado,No,NO APLICA,99,98,99,98,1,26/03/2022,5
48,Texas,480922,0,0,5,0,139,ELLIS (139),9997,Other,3,Marzo,14,2022,12,2,US-287,2,US Highway,Urbano,Arteria Principal,Not Reported,1,Desconocido,29,32.50824444,-97.06103889,Vehiculo en movimiento,Frente a Detrás,Not an Intersection,No fue interseccion,Sobre calle,Ninguna,Dia total,Despejado,No,NO APLICA,99,99,99,99,2,14/03/2022,6
48,Texas,480923,0,0,2,0,187,GUADALUPE (187),0,NO APLICA,3,Marzo,25,2022,20,40,SR-123,3,Highway estatal,Rural,Arteria Principal,Not Reported,1,Sin jurisdiccion especial,103,29.43842778,-97.94984722,Vehiculo en movimiento,Angulo,Not an Intersection,No fue interseccion,Sobre calle,Ninguna,Oscuro sin iluminacion,Despejado,No,NO APLICA,99,99,99,99,1,25/03/2022,2
48,Texas,480924,0,0,1,0,239,JACKSON (239),0,NO APLICA,3,Marzo,19,2022,20,1,FM 1862,8,Otro,Rural,Colector Mayor,Not Reported,0,Sin jurisdiccion especial,44,28.73893889,-96.35916667,Zanja,El primer evento no fue una colision con un vehiculo automotor en transporte,Not an Intersection,No fue interseccion,Sobre el lado de la calle,Ninguna,Oscuro sin iluminacion,Despejado,No,NO APLICA,99,99,99,99,1,19/03/2022,3
48,Texas,480925,0,0,2,0,201,HARRIS (201),3280,HOUSTON,3,Marzo,15,2022,17,15,ELLA BLVD,6,Calle Local Municipalidad,Urbano,Arteria Menor,Not Reported,0,Sin jurisdiccion especial,0,29.83226111,-95.42965556,Vehiculo en movimiento,Angulo,Four-Way Intersection,Interseccion de 4 direcciones,Sobre calle,Ninguna,Dia total,Despejado,No,NO APLICA,99,99,99,99,1,15/03/2022,2
48,Texas,480926,0,0,1,0,113,DALLAS (113),1730,DALLAS,3,Marzo,23,2022,7,15,I-35E SVRD/STEMMONS FWY,7,Calle Local,Urbano,Colector Mayor,Not Reported,0,Sin jurisdiccion especial,169,32.780725,-96.81244444,Banqueta,El primer evento no fue una colision con un vehiculo automotor en transporte,Not an Intersection,No fue interseccion,Isla de trafico para peatones,Ninguna,Amanecer,Despejado,No,NO APLICA,99,99,99,99,1,23/03/2022,1
48,Texas,480927,0,0,2,0,407,SAN JACINTO (407),6344,SHEPHERD,3,Marzo,27,2022,17,9,SR-150,3,Highway estatal,Rural,Arteria Menor,Not Reported,0,Sin jurisdiccion especial,261,30.497775,-95.016425,Vehiculo en movimiento,Angulo,T-Intersection,Interseccion de T,Sobre calle,Ninguna,Dia total,Despejado,No,NO APLICA,99,99,99,99,1,27/03/2022,3
48,Texas,480928,0,0,2,0,471,WALKER (471),0,NO APLICA,4,Abril,1,2022,17,34,US-190,2,US Highway,Rural,Arteria Principal,Not Reported,1,Sin jurisdiccion especial,73,30.70666944,-95.441,Vehiculo en movimiento,Angulo,Not an Intersection,No fue interseccion,Sobre calle,Ninguna,Dia total,Despejado,No,NO APLICA,99,99,99,99,1,01/04/2022,3
48,Texas,480929,0,0,2,0,29,BEXAR (29),0,NO APLICA,4,Abril,2,2022,18,20,US-281/CONGRESSMAN FMT MEM HWY,2,US Highway,Rural,Arteria Menor,Not Reported,0,Sin jurisdiccion especial,124,29.15514444,-98.48286944,Vehiculo en movimiento,Angulo,T-Intersection,Interseccion de T,Sobre calle,Ninguna,Dia total,Despejado,No,NO APLICA,99,99,99,99,1,02/04/2022,2
48,Texas,480930,0,0,2,0,29,BEXAR (29),6090,SAN ANTONIO,3,Marzo,27,2022,0,3,FLORES ST,6,Calle Local Municipalidad,Urbano,Arteria Menor,Not Reported,0,Sin jurisdiccion especial,0,29.35839722,-98.49171389,Vehiculo en movimiento,Frente a frente,Not an Intersection,No fue interseccion,Sobre calle,Ninguna,Oscuro con iluminacion,Despejado,No,NO APLICA,99,99,99,99,1,27/03/2022,3
48,Texas,480932,0,0,1,0,201,HARRIS (201),3280,HOUSTON,3,Marzo,31,2022,2,18,I-45,1,Interestatal,Urbano,Interestatal,State Highway Agency,1,Sin jurisdiccion especial,234,29.75211667,-95.37450556,Barrera de Trafico de Concreto,El primer evento no fue una colision con un vehiculo automotor en transporte,Not an Intersection,No fue interseccion,Sobre el lado de la calle,Ninguna,Oscuro con iluminacion,Despejado,No,NO APLICA,99,98,99,98,1,31/03/2022,1
48,Texas,480933,1,1,1,0,201,HARRIS (201),0,NO APLICA,4,Abril,6,2022,17,20,VETERANS MEMORIAL DR,6,Calle Local Municipalidad,Urbano,Arteria Principal,Not Reported,0,Sin jurisdiccion especial,0,29.91017222,-95.43865833,Peaton,El primer evento no fue una colision con un vehiculo automotor en transporte,Not an Intersection,No fue interseccion,Sobre calle,Ninguna,Dia total,Despejado,No,NO APLICA,99,98,99,98,1,06/04/2022,1
48,Texas,480934,1,1,1,0,201,HARRIS (201),0,NO APLICA,4,Abril,2,2022,20,27,ELLA BLVD,6,Calle Local Municipalidad,Urbano,Arteria Menor,Not Reported,0,Sin jurisdiccion especial,0,30.00241667,-95.44181667,Peaton,El primer evento no fue una colision con un vehiculo automotor en transporte,Not an Intersection,No fue interseccion,Sobre calle,Ninguna,Oscuro sin iluminacion,Despejado,No,NO APLICA,99,98,99,98,1,02/04/2022,1
48,Texas,480935,0,0,2,0,201,HARRIS (201),0,NO APLICA,3,Marzo,27,2022,3,26,SR-8 LP SVRD/SAM HOUSTON PKY,7,Calle Local,Urbano,Arteria Principal,State Toll Road,1,Sin jurisdiccion especial,0,29.89638056,-95.203625,Vehiculo en movimiento,Angulo,Four-Way Intersection,Interseccion de 4 direcciones,Sobre calle,Ninguna,Oscuro con iluminacion,Despejado,No,NO APLICA,99,99,99,99,1,27/03/2022,2
48,Texas,480936,0,0,1,0,85,COLLIN (85),1730,DALLAS,3,Marzo,31,2022,0,37,DALLAS PKWY,7,Calle Local,Urbano,Colector Mayor,Not Reported,0,Sin jurisdiccion especial,0,33.00173056,-96.82876389,Poste,El primer evento no fue una colision con un vehiculo automotor en transporte,Not an Intersection,No fue interseccion,Sobre el lado de la calle,Ninguna,Oscuro con iluminacion,Despejado,No,NO APLICA,99,98,99,98,1,31/03/2022,1
48,Texas,480937,0,0,2,0,135,ECTOR (135),5030,ODESSA,4,Abril,1,2022,6,59,I-20,1,Interestatal,Urbano,Interestatal,State Highway Agency,1,Sin jurisdiccion especial,301,31.81707222,-102.4248194,Barrera de Trafico de Concreto,El primer evento no fue una colision con un vehiculo automotor en transporte,Not an Intersection,No fue interseccion,En el medio,Ninguna,Oscuro sin iluminacion,Despejado,No,NO APLICA,99,98,99,98,1,01/04/2022,2
48,Texas,480938,1,1,1,0,453,TRAVIS (453),330,AUSTIN,4,Abril,1,2022,22,58,LAMAR BLVD,6,Calle Local Municipalidad,Urbano,Arteria Menor,Not Reported,0,Sin jurisdiccion especial,25,30.39015278,-97.68263333,Peaton,El primer evento no fue una colision con un vehiculo automotor en transporte,Not an Intersection,No fue interseccion,Sobre calle,Ninguna,Oscuro sin iluminacion,Despejado,No,NO APLICA,99,99,99,99,1,01/04/2022,2
48,Texas,480939,0,0,2,0,135,ECTOR (135),5030,ODESSA,4,Abril,2,2022,22,28,FAUDREE RD,6,Calle Local Municipalidad,Urbano,Colector Mayor,Not Reported,0,Sin jurisdiccion especial,0,31.92753889,-102.3085333,Vehiculo en movimiento,Frente a frente,Not an Intersection,No fue interseccion,Sobre calle,Ninguna,Oscuro sin iluminacion,Despejado,No,NO APLICA,99,99,99,99,1,02/04/2022,3
48,Texas,480940,0,0,2,0,423,SMITH (423),0,NO APLICA,4,Abril,6,2022,4,10,SR-135,3,Highway estatal,Rural,Colector Mayor,Not Reported,0,Sin jurisdiccion especial,36,32.23648056,-95.03265,Vehiculo en movimiento,Angulo,Not an Intersection,No fue interseccion,Sobre calle,Ninguna,Oscuro sin iluminacion,Nublado,No,NO APLICA,99,99,99,99,1,06/04/2022,2
48,Texas,480941,0,0,1,0,449,TITUS (449),0,NO APLICA,4,Abril,1,2022,22,55,FM 71,8,Otro,Rural,Colector Mayor,Not Reported,0,Sin jurisdiccion especial,3,33.35973056,-95.12030556,Arbol,El primer evento no fue una colision con un vehiculo automotor en transporte,Not an Intersection,No fue interseccion,Sobre el lado de la calle,Ninguna,Oscuro sin iluminacion,Despejado,No,NO APLICA,99,98,99,98,1,01/04/2022,1
48,Texas,480942,0,0,2,0,133,EASTLAND (133),0,NO APLICA,4,Abril,2,2022,20,36,FM 2214,8,Otro,Rural,Arteria Menor,Not Reported,0,Sin jurisdiccion especial,51,32.34339444,-98.70031389,Vehiculo en movimiento,Frente a frente,Not an Intersection,No fue interseccion,Sobre calle,Ninguna,Oscuro sin iluminacion,Despejado,No,NO APLICA,99,99,99,99,2,02/04/2022,3
48,Texas,480943,0,0,1,0,467,VAN ZANDT (467),1140,CANTON,2,Febrero,24,2022,5,42,I-20,1,Interestatal,Rural,Interestatal,State Highway Agency,1,Sin jurisdiccion especial,97,32.59956389,-95.92159444,Volcadura,El primer evento no fue una colision con un vehiculo automotor en transporte,Not an Intersection,No fue interseccion,Separador,Ninguna,Oscuro con iluminacion,Granizo,No,NO APLICA,99,99,99,99,1,24/02/2022,2
48,Texas,480944,0,0,1,0,455,TRINITY (455),0,NO APLICA,4,Abril,2,2022,1,15,FM 356,8,Otro,Rural,Arteria Menor,Not Reported,0,Sin jurisdiccion especial,70,30.91291111,-95.26953889,Valla Ferrocarril,El primer evento no fue una colision con un vehiculo automotor en transporte,Not an Intersection,No fue interseccion,Sobre el lado de la calle,Ninguna,Oscuro sin iluminacion,Despejado,No,NO APLICA,99,98,99,98,1,02/04/2022,1
48,Texas,480945,0,0,2,0,479,WEBB (479),3899,LAREDO,4,Abril,1,2022,18,2,UNIVERSITY BLVD,6,Calle Local Municipalidad,Urbano,Local,Not Reported,0,Sin jurisdiccion especial,0,27.573225,-99.45290556,Vehiculo en movimiento,Frente a frente,T-Intersection,Interseccion de T,Sobre calle,Ninguna,Dia total,Despejado,No,NO APLICA,99,98,99,98,1,01/04/2022,3
48,Texas,480946,0,0,2,0,43,BREWSTER (43),0,NO APLICA,3,Marzo,31,2022,8,30,US-67,2,US Highway,Rural,Arteria Principal,Not Reported,1,Sin jurisdiccion especial,304,30.37400278,-103.5313111,Vehiculo en movimiento,Frente a frente,T-Intersection,Interseccion de T,Sobre calle,Ninguna,Dia total,Despejado,No,NO APLICA,99,99,99,99,1,31/03/2022,4
48,Texas,480947,1,1,1,0,135,ECTOR (135),0,NO APLICA,3,Marzo,31,2022,6,17,CR-MOSS AVE,4,Calle del Condado,Urbano,Arteria Menor,Not Reported,0,Sin jurisdiccion especial,0,31.81276944,-102.4873056,Peaton,El primer evento no fue una colision con un vehiculo automotor en transporte,Not an Intersection,No fue interseccion,Sobre calle,Ninguna,Oscuro sin iluminacion,Despejado,No,NO APLICA,99,98,99,98,1,31/03/2022,2
48,Texas,480948,0,0,2,0,479,WEBB (479),3899,LAREDO,3,Marzo,30,2022,20,58,I-35,1,Interestatal,Rural,Interestatal,State Highway Agency,1,Sin jurisdiccion especial,21,27.68796389,-99.46093889,Vehiculo en movimiento,Frente a Detrás,Not an Intersection,No fue interseccion,Sobre calle,Ninguna,Oscuro sin iluminacion,Despejado,No,NO APLICA,99,99,99,99,1,30/03/2022,2
48,Texas,480949,0,0,1,0,29,BEXAR (29),6090,SAN ANTONIO,4,Abril,7,2022,5,22,I-410 SVRD,7,Calle Local,Urbano,Colector Mayor,Not Reported,0,Sin jurisdiccion especial,430,29.32188611,-98.44625278,Volcadura,El primer evento no fue una colision con un vehiculo automotor en transporte,Not an Intersection,No fue interseccion,En el medio,Ninguna,Oscuro con iluminacion,Despejado,No,NO APLICA,99,98,99,98,1,07/04/2022,1
48,Texas,480950,1,1,1,0,29,BEXAR (29),6090,SAN ANTONIO,4,Abril,9,2022,12,10,DE ZAVALA RD,6,Calle Local Municipalidad,Urbano,Arteria Principal,Not Reported,0,Sin jurisdiccion especial,0,29.56374444,-98.58930278,Peaton,El primer evento no fue una colision con un vehiculo automotor en transporte,Not an Intersection,No fue interseccion,Sobre calle,Ninguna,Dia total,Despejado,No,NO APLICA,99,99,99,99,1,09/04/2022,1
48,Texas,480951,0,0,1,0,201,HARRIS (201),3280,HOUSTON,4,Abril,4,2022,2,42,POST OAK RD,6,Calle Local Municipalidad,Urbano,Arterial Principal -Freeway o ExpressWay,City or Municipal Highway Agency,1,Sin jurisdiccion especial,0,29.66968611,-95.46247778,Banqueta,El primer evento no fue una colision con un vehiculo automotor en transporte,Not an Intersection,No fue interseccion,Sobre el lado de la calle,Ninguna,Oscuro con iluminacion,Despejado,No,NO APLICA,99,99,99,99,2,04/04/2022,2
48,Texas,480952,0,0,3,0,29,BEXAR (29),6090,SAN ANTONIO,4,Abril,5,2022,17,0,FM 2252/NACOGDOCHES RD,8,Otro,Urbano,Arteria Menor,Not Reported,0,Sin jurisdiccion especial,120,29.59096667,-98.35360278,Vehiculo en movimiento,Frente a frente,Not an Intersection,No fue interseccion,Sobre calle,Ninguna,Dia total,Despejado,No,NO APLICA,99,99,99,99,1,05/04/2022,4
48,Texas,480953,0,0,2,0,201,HARRIS (201),3280,HOUSTON,4,Abril,8,2022,12,33,MIDDLEBROOK DR,6,Calle Local Municipalidad,Urbano,Colector Mayor,Not Reported,0,Sin jurisdiccion especial,0,29.59713611,-95.10722222,Vehiculo en movimiento,Angulo,T-Intersection,Interseccion de T,Sobre calle,Ninguna,Dia total,Despejado,No,NO APLICA,99,99,99,99,1,08/04/2022,4
48,Texas,480954,0,0,2,0,113,DALLAS (113),1730,DALLAS,3,Marzo,25,2022,17,26,ILLINOIS AVE,6,Calle Local Municipalidad,Urbano,Arteria Principal,Not Reported,0,Sin jurisdiccion especial,0,32.7203,-96.87834722,Vehiculo en movimiento,Frente a Detrás,Not an Intersection,No fue interseccion,Sobre calle,Ninguna,Dia total,Despejado,No,NO APLICA,99,99,99,99,1,25/03/2022,4
48,Texas,480955,1,1,1,0,113,DALLAS (113),1730,DALLAS,4,Abril,6,2022,20,18,PRAIRIE CREEK RD,6,Calle Local Municipalidad,Urbano,Arteria Menor,Not Reported,0,Sin jurisdiccion especial,0,32.73121667,-96.66579167,Ciclista,El primer evento no fue una colision con un vehiculo automotor en transporte,Four-Way Intersection,Interseccion de 4 direcciones,Sobre calle,Ninguna,Oscuro con iluminacion,Despejado,No,NO APLICA,99,99,99,99,1,06/04/2022,1
48,Texas,480956,1,1,1,0,29,BEXAR (29),6090,SAN ANTONIO,3,Marzo,13,2022,22,20,NEW BRAUNFELS AVE,6,Calle Local Municipalidad,Urbano,Arteria Menor,Not Reported,0,Sin jurisdiccion especial,0,29.40484722,-98.46121389,Peaton,El primer evento no fue una colision con un vehiculo automotor en transporte,Four-Way Intersection,Interseccion de 4 direcciones,Sobre calle,Ninguna,Oscuro sin iluminacion,Despejado,No,NO APLICA,22,24,22,27,1,13/03/2022,1
48,Texas,480957,0,0,2,0,201,HARRIS (201),0,NO APLICA,4,Abril,5,2022,22,5,JONES RD,6,Calle Local Municipalidad,Urbano,Arteria Menor,Not Reported,0,Sin jurisdiccion especial,0,29.95474722,-95.58492222,Vehiculo en movimiento,Frente a frente,T-Intersection,Interseccion de T,Sobre calle,Ninguna,Oscuro con iluminacion,Nublado,No,NO APLICA,99,99,99,99,1,05/04/2022,2
48,Texas,480958,1,1,1,0,107,CROSBY (107),0,NO APLICA,4,Abril,1,2022,3,54,US-82/TEXAS PLAINS TRL,2,US Highway,Rural,Arteria Principal,Not Reported,1,Sin jurisdiccion especial,255,33.67055278,-101.1186278,Peaton,El primer evento no fue una colision con un vehiculo automotor en transporte,Not an Intersection,No fue interseccion,Sobre calle,Ninguna,Oscuro sin iluminacion,"Soplando arena, polvo o tierra",No,NO APLICA,99,98,99,98,1,01/04/2022,2
48,Texas,480959,0,0,2,0,491,WILLIAMSON (491),3360,HUTTO,4,Abril,2,2022,11,39,FM 1660,8,Otro,Rural,Colector Mayor,Not Reported,0,Sin jurisdiccion especial,30,30.59681111,-97.53718611,Vehiculo en movimiento,Angulo,Four-Way Intersection,Interseccion de 4 direcciones,Sobre calle,Ninguna,Dia total,Despejado,No,NO APLICA,99,99,99,99,1,02/04/2022,4
48,Texas,480960,0,0,3,0,479,WEBB (479),3899,LAREDO,4,Abril,2,2022,6,57,SR-20/BOB BULLOCK LP,3,Highway estatal,Urbano,Arteria Principal,Not Reported,1,Sin jurisdiccion especial,156,27.61019722,-99.45594444,Vehiculo en movimiento,Frente a frente,Not an Intersection,No fue interseccion,Sobre calle,Ninguna,Dia total,Nublado,No,NO APLICA,99,99,99,99,1,02/04/2022,3
48,Texas,480961,0,0,2,1,339,MONTGOMERY (339),0,NO APLICA,4,Abril,4,2022,21,16,SAWDUST RD,6,Calle Local Municipalidad,Urbano,Colector Mayor,Not Reported,0,Sin jurisdiccion especial,0,30.12673333,-95.45508056,Valla Ferrocarril,El primer evento no fue una colision con un vehiculo automotor en transporte,Not an Intersection,No fue interseccion,Sobre el lado de la calle,Ninguna,Oscuro con iluminacion,lluvia,No,NO APLICA,99,98,99,98,1,04/04/2022,1
48,Texas,480962,0,0,1,0,141,EL PASO (141),0,NO APLICA,4,Abril,2,2022,2,53,MISSION RIDGE DR,6,Calle Local Municipalidad,Urbano,Local,Not Reported,0,Sin jurisdiccion especial,0,31.70140833,-106.2501417,Poste,El primer evento no fue una colision con un vehiculo automotor en transporte,Not an Intersection,No fue interseccion,Sobre el lado de la calle,Ninguna,Oscuro con iluminacion,Despejado,No,NO APLICA,99,99,99,99,1,02/04/2022,1
48,Texas,480963,0,0,1,0,113,DALLAS (113),1870,DESOTO,4,Abril,2,2022,0,20,I-35/R L THORNTON FWY,1,Interestatal,Urbano,Interestatal,State Highway Agency,1,Sin jurisdiccion especial,16,32.57378056,-96.82265833,Valla Ferrocarril,El primer evento no fue una colision con un vehiculo automotor en transporte,Not an Intersection,No fue interseccion,Sobre el lado de la calle,Ninguna,Oscuro con iluminacion,Nublado,No,NO APLICA,99,98,99,98,1,02/04/2022,4
48,Texas,480964,0,0,2,0,135,ECTOR (135),0,NO APLICA,3,Marzo,26,2022,20,38,CR-WESTCLIFF RD,4,Calle del Condado,Urbano,Colector Mayor,Not Reported,0,Sin jurisdiccion especial,0,31.82371389,-102.5315111,Vehiculo en movimiento,Angulo,T-Intersection,Interseccion de T,Sobre calle,Ninguna,Oscuro sin iluminacion,Despejado,No,NO APLICA,99,98,99,98,1,26/03/2022,2
48,Texas,480965,0,0,2,0,491,WILLIAMSON (491),0,NO APLICA,4,Abril,2,2022,18,44,SR-29,3,Highway estatal,Rural,Arteria Principal,Not Reported,1,Sin jurisdiccion especial,30,30.69225556,-97.97592222,Vehiculo en movimiento,Angulo,Not an Intersection,No fue interseccion,Sobre calle,Construccion,Dia total,Despejado,No,NO APLICA,99,99,99,99,1,02/04/2022,2
48,Texas,480966,0,0,2,0,113,DALLAS (113),1730,DALLAS,4,Abril,7,2022,1,10,I-635 RAMP/LBJ FWY,1,Interestatal,Urbano,Interestatal,State Highway Agency,1,Sin jurisdiccion especial,42,32.90909167,-96.73100556,Vehiculo en movimiento,Angulo,Four-Way Intersection,Interseccion de 4 direcciones,Sobre calle,Construccion,Oscuro con iluminacion,Despejado,No,NO APLICA,99,99,99,99,1,07/04/2022,2
48,Texas,480967,2,2,1,0,141,EL PASO (141),2190,EL PASO,4,Abril,10,2022,0,36,I-10,1,Interestatal,Urbano,Interestatal,State Highway Agency,1,Sin jurisdiccion especial,196,31.75982778,-106.4950389,Peaton,El primer evento no fue una colision con un vehiculo automotor en transporte,Not an Intersection,No fue interseccion,Sobre calle,Ninguna,Oscuro con iluminacion,Despejado,No,NO APLICA,99,98,99,98,2,10/04/2022,3
48,Texas,480968,0,0,1,0,167,GALVESTON (167),6860,TEXAS CITY,4,Abril,3,2022,13,13,SR-146,3,Highway estatal,Urbano,Arteria Principal,Not Reported,1,Servicio de Parques Nacional,46,29.48880556,-94.98961111,Otro objeto (fijo),El primer evento no fue una colision con un vehiculo automotor en transporte,Not an Intersection,No fue interseccion,Sobre el lado de la calle,Ninguna,Dia total,Despejado,No,NO APLICA,99,99,99,99,1,03/04/2022,1
48,Texas,480969,0,0,2,0,113,DALLAS (113),1730,DALLAS,4,Abril,8,2022,6,16,I-35/STEMMONS FWY,1,Interestatal,Urbano,Interestatal,State Highway Agency,1,Sin jurisdiccion especial,176,32.79361111,-96.81447222,Vehiculo en movimiento,Frente a Detrás,Not an Intersection,No fue interseccion,Sobre calle,Ninguna,Amanecer,Despejado,No,NO APLICA,99,99,99,99,1,08/04/2022,2
48,Texas,480970,0,0,2,0,293,LIMESTONE (293),0,NO APLICA,4,Abril,1,2022,17,50,US-84,2,US Highway,Rural,Arteria Menor,State Highway Agency,0,Sin jurisdiccion especial,5,31.64213333,-96.87707778,Vehiculo en movimiento,Angulo,Not an Intersection,No fue interseccion,Sobre calle,Ninguna,Dia total,Despejado,No,NO APLICA,99,99,99,99,1,01/04/2022,3
48,Texas,480971,0,0,7,0,257,KAUFMAN (257),0,NO APLICA,4,Abril,5,2022,6,24,SR-34,3,Highway estatal,Rural,Arteria Menor,Not Reported,0,Sin jurisdiccion especial,29,32.8106,-96.202675,Vehiculo en movimiento,Angulo,Not an Intersection,No fue interseccion,Sobre calle,Ninguna,Oscuro sin iluminacion,Nublado,No,NO APLICA,99,99,99,99,2,05/04/2022,9
48,Texas,480972,0,0,2,0,453,TRAVIS (453),0,NO APLICA,4,Abril,5,2022,20,23,FM 812,8,Otro,Urbano,Arteria Menor,Not Reported,0,Sin jurisdiccion especial,5,30.16009167,-97.68434444,Vehiculo en movimiento,Frente a Detrás,Not an Intersection,No fue interseccion,Sobre calle,Ninguna,Oscuro con iluminacion,Despejado,No,NO APLICA,99,98,99,98,1,05/04/2022,2
48,Texas,480973,1,1,1,0,113,DALLAS (113),1730,DALLAS,4,Abril,7,2022,22,20,I-30/RL THORNTON HWY,1,Interestatal,Urbano,Interestatal,State Highway Agency,1,Sin jurisdiccion especial,68,32.79127778,-96.75111389,Peaton,El primer evento no fue una colision con un vehiculo automotor en transporte,Not an Intersection,No fue interseccion,Sobre calle,Ninguna,Oscuro con iluminacion,Despejado,No,NO APLICA,99,98,99,98,1,07/04/2022,1
48,Texas,480974,0,0,1,0,201,HARRIS (201),0,NO APLICA,3,Marzo,27,2022,20,15,FM 2920/SPRING CYPRESS RD,8,Otro,Urbano,Colector Mayor,State Highway Agency,0,Sin jurisdiccion especial,469,30.07469167,-95.436375,Banqueta,El primer evento no fue una colision con un vehiculo automotor en transporte,Four-Way Intersection,Interseccion de 4 direcciones,En el medio,Ninguna,Oscuro con iluminacion,Despejado,No,NO APLICA,99,98,99,98,1,27/03/2022,1
48,Texas,480975,0,0,2,0,249,JIM WELLS (249),0,NO APLICA,3,Marzo,19,2022,20,15,FM 624,8,Otro,Rural,Arteria Menor,Not Reported,0,Sin jurisdiccion especial,174,27.93558056,-97.89488056,Vehiculo en movimiento,Frente a frente,Not an Intersection,No fue interseccion,Sobre calle,Ninguna,Oscuro sin iluminacion,Despejado,No,NO APLICA,99,99,99,99,1,19/03/2022,6
48,Texas,480976,0,0,1,0,339,MONTGOMERY (339),0,NO APLICA,3,Marzo,23,2022,0,58,SR-249,7,Calle Local,Urbano,Colector Mayor,Not Reported,0,Sin jurisdiccion especial,331,30.16561667,-95.67320556,Fin de valla,El primer evento no fue una colision con un vehiculo automotor en transporte,Not an Intersection,No fue interseccion,Sobre el lado de la calle,Ninguna,Oscuro sin iluminacion,Despejado,No,NO APLICA,99,98,99,98,1,23/03/2022,1
48,Texas,480977,1,1,1,0,201,HARRIS (201),3280,HOUSTON,4,Abril,10,2022,22,22,KIRKWOOD DR,6,Calle Local Municipalidad,Urbano,Arteria Menor,Not Reported,0,Sin jurisdiccion especial,0,29.71129167,-95.587925,Peaton,El primer evento no fue una colision con un vehiculo automotor en transporte,Not an Intersection,No fue interseccion,Sobre calle,Ninguna,Oscuro con iluminacion,Despejado,No,NO APLICA,99,99,99,99,1,10/04/2022,4
48,Texas,480978,0,0,1,0,201,HARRIS (201),0,NO APLICA,4,Abril,6,2022,2,10,CR-KENNINGS RD,4,Calle del Condado,Rural,Local,Not Reported,0,Sin jurisdiccion especial,0,29.88887778,-95.05450278,Volcadura,El primer evento no fue una colision con un vehiculo automotor en transporte,Not an Intersection,No fue interseccion,Sobre calle,Ninguna,Oscuro con iluminacion,Despejado,No,NO APLICA,99,98,99,98,1,06/04/2022,1
48,Texas,480979,1,1,1,0,331,MILAM (331),1100,CAMERON,4,Abril,2,2022,20,17,US-190,2,US Highway,Urbano,Arteria Principal,Not Reported,1,Sin jurisdiccion especial,152,30.85638889,-96.98783056,Peaton,El primer evento no fue una colision con un vehiculo automotor en transporte,Not an Intersection,No fue interseccion,Sobre calle,Ninguna,Oscuro con iluminacion,Despejado,No,NO APLICA,99,99,99,99,1,02/04/2022,2