Estado,Nombre de Estado,Numero de Caso,Peatones,Personas _no_vehiculos,Vehiculos automotores,Vehiculos estacionados,Condado,Nombre Condado,Ciudad,Nombre Ciudad,Mes,Nombre Mes,Dia,Año,Hora,Minuto,Calle,Ruta,Nombre Ruta,Rural o Urbanoo,Sistema Funcional,Dueño Calle,Sistema Nacional Carreteras,Jurisdiccion Especial,Milla,Latitud,Longitud,Causa del Accidente,Tipo de Accidente,Tipo Interseccion,Columna1,Lugar en la calle,Zona de Trabajo,Luz,Clima,Autobus Escolar,Cruce de Trenes,Hora Notificacion,Minuto Notificacion,Hora Llegada,Minuto Llegada,Decesos,Fecha,PersonaVehiculo
48,Texas,480980,0,0,2,0,303,LUBBOCK (303),4140,LUBBOCK,4,Abril,6,2022,10,9,AVE A,6,Calle Local Municipalidad,Urbano,Arteria Menor,Not Reported,0,Sin jurisdiccion especial,0,33.55406389,-101.8357083,Vehiculo en movimiento,Frente a frente,Not an Intersection,No fue interseccion,Sobre calle,Ninguna,Dia total,Despejado,No,NO APLICA,99,98,99,98,1,06/04/2022,2
48,Texas,480981,0,0,3,0,141,EL PASO (141),2190,EL PASO,4,Abril,10,2022,5,49,I-27,1,Interestatal,Urbano,Interestatal,State Highway Agency,1,Sin jurisdiccion especial,277,31.77037778,-106.375025,Vehiculo en movimiento,Frente a Detrás,Not an Intersection,No fue interseccion,Sobre calle,Ninguna,Oscuro con iluminacion,Despejado,No,NO APLICA,99,98,99,98,1,10/04/2022,5
48,Texas,480982,0,0,1,0,113,DALLAS (113),387,BALCH SPRINGS,1,Enero,9,2022,2,16,I-20 RAMP,1,Interestatal,Urbano,Interestatal,State Highway Agency,1,Sin jurisdiccion especial,85,32.69319722,-96.63550556,Barrera de Trafico de Concreto,El primer evento no fue una colision con un vehiculo automotor en transporte,Not an Intersection,No fue interseccion,En el medio,Ninguna,Oscuro con iluminacion,Despejado,No,NO APLICA,99,99,99,99,1,09/01/2022,1
48,Texas,480983,0,0,2,0,423,SMITH (423),0,NO APLICA,3,Marzo,31,2022,15,42,I-20 RAMP,1,Interestatal,Urbano,Interestatal,State Highway Agency,1,Sin jurisdiccion especial,242,32.44880278,-95.189125,Vehiculo en movimiento,Angulo,Four-Way Intersection,Interseccion de 4 direcciones,Sobre calle,Ninguna,Dia total,Despejado,No,NO APLICA,99,99,99,99,1,31/03/2022,2
48,Texas,480984,0,0,3,0,41,BRAZOS (41),0,NO APLICA,4,Abril,2,2022,21,20,SR-30,3,Highway estatal,Rural,Arteria Principal,Not Reported,1,Sin jurisdiccion especial,122,30.6119,-96.19036944,Vehiculo en movimiento,Golpe Lateral - direccion contraria,Not an Intersection,No fue interseccion,Sobre calle,Ninguna,Oscuro sin iluminacion,Despejado,No,NO APLICA,99,99,99,99,1,02/04/2022,7
48,Texas,480985,0,0,1,0,83,COLEMAN (83),1430,COLEMAN,3,Marzo,31,2022,18,25,US-283 RAMP,2,US Highway,Rural,Arteria Principal,Not Reported,1,Sin jurisdiccion especial,21,31.85475278,-99.42553889,Otro objeto (fijo),El primer evento no fue una colision con un vehiculo automotor en transporte,T-Intersection,Interseccion de T,Gore?,Ninguna,Dia total,Despejado,No,NO APLICA,99,98,99,98,1,31/03/2022,1
48,Texas,480986,0,0,2,0,487,WILBARGER (487),0,NO APLICA,4,Abril,4,2022,16,46,US-70,2,US Highway,Rural,Arteria Principal,Not Reported,1,Sin jurisdiccion especial,235,34.13263056,-99.13787778,Fin de valla,El primer evento no fue una colision con un vehiculo automotor en transporte,Not an Intersection,No fue interseccion,En el medio,Ninguna,Dia total,lluvia,No,NO APLICA,99,98,99,98,1,04/04/2022,2
48,Texas,480987,0,0,2,0,439,TARRANT (439),2450,FORT WORTH,4,Abril,9,2022,21,40,SR-180/LANCASTER AVE,3,Highway estatal,Urbano,Arteria Principal,Not Reported,1,Sin jurisdiccion especial,187,32.73960556,-97.23864167,Vehiculo en movimiento,Angulo,Four-Way Intersection,Interseccion de 4 direcciones,Sobre calle,Ninguna,Oscuro con iluminacion,Despejado,No,NO APLICA,99,98,99,98,1,09/04/2022,2
48,Texas,480988,0,0,2,0,479,WEBB (479),0,NO APLICA,3,Marzo,26,2022,14,7,I-35 SVRD/PURPLE HEART TRL,7,Calle Local,Rural,Colector Mayor,Not Reported,0,Sin jurisdiccion especial,264,28.02677222,-99.35866111,Volcadura,El primer evento no fue una colision con un vehiculo automotor en transporte,Not an Intersection,No fue interseccion,Separador,Ninguna,Dia total,Despejado,No,NO APLICA,99,99,99,99,2,26/03/2022,8
48,Texas,480989,1,1,1,0,85,COLLIN (85),92,ALLEN,4,Abril,11,2022,21,50,RIDGEVIEW DR,6,Calle Local Municipalidad,Urbano,Colector Mayor,Not Reported,0,Sin jurisdiccion especial,0,33.12673333,-96.71339167,Peaton,El primer evento no fue una colision con un vehiculo automotor en transporte,T-Intersection,Interseccion de T,Sobre calle,Ninguna,Oscuro con iluminacion,Despejado,No,NO APLICA,99,99,99,99,1,11/04/2022,1
48,Texas,480991,0,0,1,0,113,DALLAS (113),1730,DALLAS,4,Abril,2,2022,19,50,US-75,2,US Highway,Urbano,Arterial Principal -Freeway o ExpressWay,Not Reported,1,Sin jurisdiccion especial,69,32.90238333,-96.76927222,Valla para choques,El primer evento no fue una colision con un vehiculo automotor en transporte,Not an Intersection,No fue interseccion,Gore?,Ninguna,Oscuro sin iluminacion,Despejado,No,NO APLICA,99,99,99,99,1,02/04/2022,1
48,Texas,480992,0,0,2,0,229,HUDSPETH (229),0,NO APLICA,3,Marzo,29,2022,21,26,I-10,1,Interestatal,Rural,Interestatal,State Highway Agency,1,Sin jurisdiccion especial,400,31.19572778,-105.443475,Vehiculo en movimiento,Frente a Detrás,Not an Intersection,No fue interseccion,Sobre calle,Ninguna,Oscuro con iluminacion,Vientos cruzados pero de los mamalones,No,NO APLICA,99,98,99,98,1,29/03/2022,2
48,Texas,480993,0,0,1,0,303,LUBBOCK (303),4140,LUBBOCK,4,Abril,11,2022,8,18,INDIANA AVE,6,Calle Local Municipalidad,Urbano,Arteria Menor,Not Reported,0,Sin jurisdiccion especial,0,33.54859167,-101.8879333,Soporte de  señalamiento de transito,El primer evento no fue una colision con un vehiculo automotor en transporte,Y-Intersection,Interseccion de Y,Sobre el lado de la calle,Ninguna,Dia total,Despejado,No,NO APLICA,99,99,99,99,1,11/04/2022,1
48,Texas,480994,0,0,3,0,223,HOPKINS (223),1500,COMO,4,Abril,4,2022,17,22,SR-11,3,Highway estatal,Rural,Arteria Menor,Not Reported,0,Sin jurisdiccion especial,204,33.05803889,-95.47296667,Vehiculo en movimiento,Frente a Detrás,Not an Intersection,No fue interseccion,Sobre calle,Ninguna,Dia total,Despejado,No,NO APLICA,99,99,99,99,1,04/04/2022,12
48,Texas,480995,0,0,3,0,201,HARRIS (201),3280,HOUSTON,4,Abril,9,2022,21,45,OVERBROOK LN,6,Calle Local Municipalidad,Urbano,Local,Not Reported,0,Sin jurisdiccion especial,0,29.73790556,-95.59401944,Volcadura,El primer evento no fue una colision con un vehiculo automotor en transporte,Not an Intersection,No fue interseccion,Sobre calle,Ninguna,Oscuro con iluminacion,Despejado,No,NO APLICA,99,99,99,99,1,09/04/2022,2
48,Texas,480996,0,0,2,0,27,BELL (27),3690,KILLEEN,4,Abril,6,2022,0,57,SR-201/CLEAR CREEK RD,3,Highway estatal,Urbano,Arteria Principal,Not Reported,1,Sin jurisdiccion especial,21,31.0934,-97.80730278,Vehiculo en movimiento,Frente a Detrás,Not an Intersection,No fue interseccion,Sobre calle,Ninguna,Oscuro sin iluminacion,Despejado,No,NO APLICA,99,99,99,99,1,06/04/2022,3
48,Texas,480997,1,1,1,0,201,HARRIS (201),5230,PASADENA,4,Abril,8,2022,5,46,SPENCER HWY,6,Calle Local Municipalidad,Urbano,Arteria Principal,Not Reported,0,Sin jurisdiccion especial,0,29.66501667,-95.19491389,Peaton,El primer evento no fue una colision con un vehiculo automotor en transporte,Not an Intersection,No fue interseccion,Sobre calle,Ninguna,Oscuro sin iluminacion,Despejado,No,NO APLICA,99,99,99,99,1,08/04/2022,1
48,Texas,480998,1,1,1,0,29,BEXAR (29),6090,SAN ANTONIO,4,Abril,1,2022,11,48,I-410,7,Calle Local,Urbano,Colector Mayor,State Highway Agency,0,Sin jurisdiccion especial,136,29.48524444,-98.59350833,Poste de Señal de trafico,El primer evento no fue una colision con un vehiculo automotor en transporte,Four-Way Intersection,Interseccion de 4 direcciones,Isla de trafico para peatones,Ninguna,Dia total,Despejado,No,NO APLICA,99,99,99,99,2,01/04/2022,1
48,Texas,480999,0,0,1,0,289,LEON (289),0,NO APLICA,4,Abril,11,2022,16,10,US-79,2,US Highway,Rural,Arteria Principal,Not Reported,1,Sin jurisdiccion especial,103,31.34366111,-96.16753889,Arbol,El primer evento no fue una colision con un vehiculo automotor en transporte,Not an Intersection,No fue interseccion,Fuera de la calle,Ninguna,Dia total,Despejado,No,NO APLICA,99,98,99,98,1,11/04/2022,1
48,Texas,481001,0,0,2,0,383,REAGAN (383),0,NO APLICA,4,Abril,5,2022,19,0,SR-137,3,Highway estatal,Rural,Colector Mayor,Not Reported,0,Sin jurisdiccion especial,62,31.56511944,-101.6072139,Vehiculo en movimiento,Angulo,Four-Way Intersection,Interseccion de 4 direcciones,Sobre calle,Ninguna,Dia total,Despejado,No,NO APLICA,99,99,99,99,2,05/04/2022,5
48,Texas,481002,0,0,2,0,249,JIM WELLS (249),0,NO APLICA,4,Abril,9,2022,19,12,FM 624,8,Otro,Rural,Colector Mayor,Not Reported,0,Sin jurisdiccion especial,83,27.97851111,-98.04022222,Vehiculo en movimiento,Frente a frente,Four-Way Intersection,Interseccion de 4 direcciones,Sobre calle,Ninguna,Atardecer,Despejado,No,NO APLICA,99,99,99,99,1,09/04/2022,5
48,Texas,481003,0,0,2,0,85,COLLIN (85),5540,PROSPER,4,Abril,9,2022,11,39,SR-289/PRESTON RD,3,Highway estatal,Urbano,Arteria Principal,Not Reported,1,Sin jurisdiccion especial,127,33.23606389,-96.78971944,Vehiculo en movimiento,Angulo,Four-Way Intersection,Interseccion de 4 direcciones,Sobre calle,Ninguna,Dia total,Despejado,No,NO APLICA,99,99,99,99,1,09/04/2022,4
48,Texas,481004,0,0,2,0,423,SMITH (423),1010,BULLARD,4,Abril,9,2022,14,52,FM 2493,8,Otro,Urbano,Colector Mayor,Not Reported,0,Sin jurisdiccion especial,146,32.14919722,-95.32750833,Vehiculo en movimiento,Angulo,Not an Intersection,No fue interseccion,Sobre calle,Ninguna,Dia total,Despejado,No,NO APLICA,99,98,99,98,1,09/04/2022,2
48,Texas,481005,0,0,2,0,303,LUBBOCK (303),0,NO APLICA,4,Abril,9,2022,7,25,CR-2500/MLK BLVD,4,Calle del Condado,Urbano,Arteria Menor,Not Reported,0,Sin jurisdiccion especial,0,33.505175,-101.8183194,Vehiculo en movimiento,Angulo,Four-Way Intersection,Interseccion de 4 direcciones,Sobre calle,Ninguna,Oscuro - iluminacion desconocida,Despejado,No,NO APLICA,99,99,99,99,1,09/04/2022,2
48,Texas,481006,0,0,2,0,453,TRAVIS (453),5325,PFLUGERVILLE,4,Abril,9,2022,1,5,SR-130 TL SVRD/FM 685,7,Calle Local,Urbano,Colector Mayor,Not Reported,0,Sin jurisdiccion especial,0,30.47207778,-97.59168056,Vehiculo en movimiento,Angulo,Four-Way Intersection,Interseccion de 4 direcciones,Sobre calle,Ninguna,Oscuro con iluminacion,Despejado,No,NO APLICA,99,98,99,98,1,09/04/2022,2
48,Texas,481007,1,1,1,0,453,TRAVIS (453),330,AUSTIN,4,Abril,10,2022,17,38,MARCUS ABRAMS BLVD,6,Calle Local Municipalidad,Urbano,Local,Not Reported,0,Sin jurisdiccion especial,0,30.15470833,-97.83403056,Peaton,El primer evento no fue una colision con un vehiculo automotor en transporte,Not an Intersection,No fue interseccion,Sobre calle,Ninguna,Dia total,Nublado,No,NO APLICA,99,99,99,99,1,10/04/2022,1
48,Texas,481008,1,1,1,0,309,MCLENNAN (309),7210,WACO,4,Abril,13,2022,16,51,COLUMBUS AVE,6,Calle Local Municipalidad,Urbano,Local,Not Reported,0,Sin jurisdiccion especial,0,31.548975,-97.14446944,Peaton,El primer evento no fue una colision con un vehiculo automotor en transporte,Not an Intersection,No fue interseccion,Sobre calle,Ninguna,Dia total,Despejado,No,NO APLICA,99,99,99,99,1,13/04/2022,1
48,Texas,481009,0,0,1,0,245,JEFFERSON (245),4840,NEDERLAND,4,Abril,9,2022,3,58,US-69,2,US Highway,Urbano,Arterial Principal -Freeway o ExpressWay,Not Reported,1,Sin jurisdiccion especial,128,29.95987222,-94.01248611,Volcadura,El primer evento no fue una colision con un vehiculo automotor en transporte,Not an Intersection,No fue interseccion,Separador,Ninguna,Oscuro con iluminacion,Despejado,No,NO APLICA,99,99,99,99,1,09/04/2022,2
48,Texas,481011,0,0,2,0,423,SMITH (423),7070,TYLER,4,Abril,13,2022,21,58,GRANDE BLVD,6,Calle Local Municipalidad,Urbano,Arteria Menor,Not Reported,0,Sin jurisdiccion especial,0,32.27988611,-95.31690556,Vehiculo en movimiento,Frente a Detrás,Not an Intersection,No fue interseccion,Sobre calle,Ninguna,Oscuro sin iluminacion,Despejado,No,NO APLICA,99,98,99,98,1,13/04/2022,3
48,Texas,481012,0,0,1,0,265,KERR (265),0,NO APLICA,3,Marzo,25,2022,12,55,I-10,1,Interestatal,Rural,Interestatal,State Highway Agency,1,Sin jurisdiccion especial,156,30.18411111,-99.30636111,Barrera de Cable,El primer evento no fue una colision con un vehiculo automotor en transporte,Not an Intersection,No fue interseccion,En el medio,Ninguna,Dia total,Despejado,No,NO APLICA,99,98,99,98,1,25/03/2022,1
48,Texas,481013,0,0,2,0,477,WASHINGTON (477),0,NO APLICA,4,Abril,4,2022,6,35,US-290,2,US Highway,Rural,Arteria Principal,Not Reported,1,Sin jurisdiccion especial,129,30.18131111,-96.47845556,Vehiculo en movimiento,Frente a Detrás,Not an Intersection,No fue interseccion,Sobre calle,Ninguna,Oscuro sin iluminacion,Nublado,Yes,NO APLICA,99,98,99,98,1,04/04/2022,2
48,Texas,481014,0,0,1,0,77,CLAY (77),0,NO APLICA,4,Abril,9,2022,16,5,US-287,2,US Highway,Rural,Arteria Principal,Not Reported,1,Sin jurisdiccion especial,90,33.71880278,-98.10058056,Volcadura,El primer evento no fue una colision con un vehiculo automotor en transporte,Not an Intersection,No fue interseccion,Sobre calle,Ninguna,Dia total,Despejado,No,NO APLICA,99,99,99,99,1,09/04/2022,2
48,Texas,481015,0,0,2,0,303,LUBBOCK (303),4140,LUBBOCK,4,Abril,14,2022,3,37,SR-114/19TH ST,3,Highway estatal,Urbano,Arteria Principal,Not Reported,1,Sin jurisdiccion especial,121,33.57778056,-101.9572889,Vehiculo en movimiento,Angulo,Four-Way Intersection,Interseccion de 4 direcciones,Sobre calle,Ninguna,Oscuro con iluminacion,Despejado,No,NO APLICA,99,99,99,99,1,14/04/2022,4
48,Texas,481016,1,1,2,1,303,LUBBOCK (303),4140,LUBBOCK,4,Abril,10,2022,8,55,UNIVERSITY  AVE,6,Calle Local Municipalidad,Urbano,Arteria Menor,Not Reported,0,Sin jurisdiccion especial,0,33.54184722,-101.8703,Peaton,El primer evento no fue una colision con un vehiculo automotor en transporte,Not an Intersection,No fue interseccion,Separador,Ninguna,Dia total,Despejado,No,NO APLICA,99,99,99,99,1,10/04/2022,1
48,Texas,481017,0,0,2,0,427,STARR (427),5780,RIO GRANDE CITY,4,Abril,8,2022,15,20,US-83,2,US Highway,Urbano,Arteria Principal,Not Reported,1,Sin jurisdiccion especial,263,26.37288333,-98.87377222,Vehiculo en movimiento,Frente a frente,Not an Intersection,No fue interseccion,Sobre calle,Ninguna,Dia total,Despejado,No,NO APLICA,99,99,99,99,1,08/04/2022,2
48,Texas,481018,1,1,1,0,141,EL PASO (141),2190,EL PASO,3,Marzo,5,2022,21,11,SR-20/MESA ST,3,Highway estatal,Urbano,Arteria Principal,Not Reported,0,Sin jurisdiccion especial,181,31.78180556,-106.5053361,Peaton,El primer evento no fue una colision con un vehiculo automotor en transporte,Not an Intersection,No fue interseccion,Sobre calle,Ninguna,Oscuro - iluminacion desconocida,Despejado,No,NO APLICA,99,99,99,99,1,05/03/2022,1
48,Texas,481019,1,1,1,0,29,BEXAR (29),6090,SAN ANTONIO,4,Abril,2,2022,23,29,HUTCHINS PL,6,Calle Local Municipalidad,Urbano,Local,Not Reported,0,Sin jurisdiccion especial,0,29.34562778,-98.54787222,No vehiculo o remolque,El primer evento no fue una colision con un vehiculo automotor en transporte,Not an Intersection,No fue interseccion,Sobre calle,Ninguna,Oscuro sin iluminacion,Despejado,No,NO APLICA,99,99,99,99,1,02/04/2022,2
48,Texas,481020,0,0,1,0,29,BEXAR (29),6090,SAN ANTONIO,3,Marzo,8,2022,7,0,LAUREATE DR,6,Calle Local Municipalidad,Urbano,Local,Not Reported,0,Sin jurisdiccion especial,0,29.54621944,-98.58633056,Alguien se cayo/avento del vehiculo,El primer evento no fue una colision con un vehiculo automotor en transporte,Not an Intersection,No fue interseccion,Sobre calle,Ninguna,Dia total,Nublado,No,NO APLICA,99,99,99,99,1,08/03/2022,2
48,Texas,481022,0,0,2,0,5,ANGELINA (5),0,NO APLICA,3,Marzo,24,2022,16,35,SR-103,3,Highway estatal,Urbano,Arteria Principal,Not Reported,1,Sin jurisdiccion especial,37,31.35113611,-94.66016111,Vehiculo en movimiento,Frente a frente,Not an Intersection,No fue interseccion,Sobre calle,Ninguna,Dia total,Despejado,Yes,NO APLICA,99,98,99,98,2,24/03/2022,2
48,Texas,481023,0,0,1,0,201,HARRIS (201),3280,HOUSTON,4,Abril,1,2022,1,51,SR-8 TL SVRD/SAM HOUSTON PK,7,Calle Local,Urbano,Arteria Principal,State Toll Road,1,Sin jurisdiccion especial,170,29.60095833,-95.31162778,Banqueta,El primer evento no fue una colision con un vehiculo automotor en transporte,Not an Intersection,No fue interseccion,Gore?,Ninguna,Oscuro con iluminacion,Despejado,No,NO APLICA,99,98,99,98,1,01/04/2022,1
48,Texas,481024,0,0,2,0,3,ANDREWS (3),0,NO APLICA,3,Marzo,15,2022,20,15,FM 1788,8,Otro,Rural,Colector Mayor,Not Reported,0,Sin jurisdiccion especial,92,32.41589167,-102.43185,Vehiculo en movimiento,Frente a frente,Not an Intersection,No fue interseccion,Sobre calle,Ninguna,Oscuro sin iluminacion,Despejado,No,NO APLICA,99,99,99,99,9,15/03/2022,11
48,Texas,481026,1,1,1,0,29,BEXAR (29),6090,SAN ANTONIO,4,Abril,11,2022,20,52,SR-368 LOOP/BROADWAY,3,Highway estatal,Urbano,Arteria Menor,Not Reported,0,Sin jurisdiccion especial,169,29.45590556,-98.47038611,Peaton,El primer evento no fue una colision con un vehiculo automotor en transporte,Not an Intersection,No fue interseccion,Sobre calle,Ninguna,Oscuro con iluminacion,Nublado,No,NO APLICA,99,98,99,98,1,11/04/2022,1
48,Texas,481027,0,0,2,0,143,ERATH (143),0,NO APLICA,4,Abril,7,2022,17,13,US-67,2,US Highway,Rural,Arteria Principal,Not Reported,1,Sin jurisdiccion especial,54,32.18732778,-98.26343889,Vehiculo en movimiento,Angulo,T-Intersection,Interseccion de T,Sobre calle,Ninguna,Dia total,Despejado,No,NO APLICA,99,98,99,98,1,07/04/2022,2
48,Texas,481028,0,0,1,0,29,BEXAR (29),6090,SAN ANTONIO,3,Marzo,24,2022,2,36,I-410,1,Interestatal,Urbano,Interestatal,State Highway Agency,1,Sin jurisdiccion especial,530,29.47255,-98.40462222,Barrera de Trafico de Concreto,El primer evento no fue una colision con un vehiculo automotor en transporte,Not an Intersection,No fue interseccion,En el medio,Ninguna,Oscuro con iluminacion,Despejado,No,NO APLICA,99,98,99,98,1,24/03/2022,1
48,Texas,481029,1,1,1,0,181,GRAYSON (181),1830,DENISON,4,Abril,9,2022,0,14,US-75 RAMP,2,US Highway,Urbano,Arterial Principal -Freeway o ExpressWay,Not Reported,1,Sin jurisdiccion especial,99,33.71744167,-96.58525556,Peaton,El primer evento no fue una colision con un vehiculo automotor en transporte,Not an Intersection,No fue interseccion,Sobre calle,Ninguna,Oscuro sin iluminacion,Despejado,No,NO APLICA,99,98,99,98,1,09/04/2022,1
48,Texas,481030,0,0,1,0,113,DALLAS (113),1730,DALLAS,2,Febrero,18,2022,15,27,FOREST LN,6,Calle Local Municipalidad,Urbano,Arteria Principal,Not Reported,0,Sin jurisdiccion especial,0,32.90889444,-96.70615,Poste,El primer evento no fue una colision con un vehiculo automotor en transporte,Y-Intersection,Interseccion de Y,Sobre el lado de la calle,Ninguna,Dia total,Despejado,No,NO APLICA,99,99,99,99,1,18/02/2022,1
48,Texas,481031,0,0,1,0,161,FREESTONE (161),0,NO APLICA,4,Abril,7,2022,9,45,I-45,1,Interestatal,Rural,Interestatal,State Highway Agency,1,Sin jurisdiccion especial,208,31.75979167,-96.20929722,Suelo,El primer evento no fue una colision con un vehiculo automotor en transporte,Not an Intersection,No fue interseccion,Separador,Ninguna,Dia total,Despejado,No,NO APLICA,99,99,99,99,1,07/04/2022,2
48,Texas,481032,1,1,1,0,201,HARRIS (201),3280,HOUSTON,4,Abril,5,2022,6,5,25TH ST,6,Calle Local Municipalidad,Urbano,Local,Not Reported,0,Sin jurisdiccion especial,0,29.808825,-95.41301667,Peaton,El primer evento no fue una colision con un vehiculo automotor en transporte,Not an Intersection,No fue interseccion,Sobre calle,Ninguna,Oscuro con iluminacion,Despejado,No,NO APLICA,99,99,99,99,1,05/04/2022,1
48,Texas,481033,1,1,1,0,339,MONTGOMERY (339),1510,CONROE,4,Abril,9,2022,1,50,I-45 SV RD,7,Calle Local,Urbano,Colector Mayor,Not Reported,0,Sin jurisdiccion especial,142,30.31614444,-95.47235,Peaton,El primer evento no fue una colision con un vehiculo automotor en transporte,Not an Intersection,No fue interseccion,Sobre calle,Ninguna,Oscuro sin iluminacion,Despejado,No,NO APLICA,99,98,99,98,1,09/04/2022,2
48,Texas,481034,1,1,1,0,39,BRAZORIA (39),5249,PEARLAND,4,Abril,17,2022,21,34,FM 518,8,Otro,Urbano,Colector Mayor,Not Reported,0,Sin jurisdiccion especial,18,29.55608056,-95.37516111,Ciclista,El primer evento no fue una colision con un vehiculo automotor en transporte,Not an Intersection,No fue interseccion,Sobre calle,Ninguna,Oscuro sin iluminacion,Nublado,No,NO APLICA,99,98,99,98,1,17/04/2022,1
48,Texas,481035,0,0,1,0,117,DEAF SMITH (117),0,NO APLICA,4,Abril,17,2022,2,52,US-60,2,US Highway,Rural,Arteria Principal,Not Reported,1,Sin jurisdiccion especial,75,34.85914722,-102.3071083,Poste de Señal de trafico,El primer evento no fue una colision con un vehiculo automotor en transporte,Not an Intersection,No fue interseccion,Sobre el lado de la calle,Ninguna,Oscuro sin iluminacion,Despejado,No,NO APLICA,99,99,99,99,1,17/04/2022,2
48,Texas,481037,0,0,2,0,361,ORANGE (361),0,NO APLICA,4,Abril,12,2022,23,35,SR-62,3,Highway estatal,Urbano,Arteria Menor,Not Reported,1,Sin jurisdiccion especial,133,30.08257222,-93.82176944,Vehiculo en movimiento,Frente a frente,Not an Intersection,No fue interseccion,Sobre calle,Ninguna,Oscuro sin iluminacion,Nublado,No,NO APLICA,99,99,99,99,1,12/04/2022,2
48,Texas,481038,0,0,3,0,245,JEFFERSON (245),490,BEAUMONT,4,Abril,11,2022,10,35,I-10,1,Interestatal,Urbano,Interestatal,State Highway Agency,1,Sin jurisdiccion especial,37,30.09569167,-94.10278611,Barrera de Trafico de Concreto,El primer evento no fue una colision con un vehiculo automotor en transporte,Not an Intersection,No fue interseccion,En el medio,Ninguna,Dia total,lluvia,No,NO APLICA,99,99,99,99,1,11/04/2022,4
48,Texas,481039,0,0,2,0,61,CAMERON (61),940,BROWNSVILLE,4,Abril,16,2022,20,52,FM 1847,8,Otro,Urbano,Arteria Principal,Not Reported,1,Sin jurisdiccion especial,101,25.98318611,-97.48407222,Vehiculo en movimiento,Golpe Lateral - misma direccion,Four-Way Intersection,Interseccion de 4 direcciones,Sobre calle,Ninguna,Oscuro con iluminacion,Nublado,No,NO APLICA,99,99,99,99,1,16/04/2022,3
48,Texas,481040,0,0,1,0,499,WOOD (499),0,NO APLICA,4,Abril,10,2022,2,58,FM 2088,8,Otro,Rural,Colector Mayor,Not Reported,0,Sin jurisdiccion especial,16,32.83044167,-95.26995833,Arbol,El primer evento no fue una colision con un vehiculo automotor en transporte,Not an Intersection,No fue interseccion,Sobre el lado de la calle,Ninguna,Oscuro sin iluminacion,Despejado,No,NO APLICA,99,98,99,98,1,10/04/2022,1
48,Texas,481041,0,0,1,0,229,HUDSPETH (229),0,NO APLICA,3,Marzo,20,2022,16,47,FM 1576,8,Otro,Rural,Colector Mayor,Not Reported,0,Sin jurisdiccion especial,56,31.854225,-105.1479861,Alguien se cayo/avento del vehiculo,El primer evento no fue una colision con un vehiculo automotor en transporte,Not an Intersection,No fue interseccion,Sobre calle,Ninguna,Dia total,Vientos cruzados pero de los mamalones,No,NO APLICA,99,99,99,99,1,20/03/2022,1
48,Texas,481042,1,1,1,0,439,TARRANT (439),2450,FORT WORTH,4,Abril,2,2022,20,25,28TH ST,6,Calle Local Municipalidad,Urbano,Arteria Principal,Not Reported,1,Sin jurisdiccion especial,82,32.79523333,-97.35628056,Ciclista,El primer evento no fue una colision con un vehiculo automotor en transporte,T-Intersection,Interseccion de T,Sobre calle,Ninguna,Oscuro sin iluminacion,Despejado,No,NO APLICA,99,99,99,99,1,02/04/2022,1
48,Texas,481043,0,0,1,0,201,HARRIS (201),0,NO APLICA,4,Abril,9,2022,15,44,SR-99 TL SVRD/NORTH GRAND PKWY,7,Calle Local,Urbano,Colector Mayor,Not Reported,0,Sin jurisdiccion especial,134,30.05228611,-95.581175,Volcadura,El primer evento no fue una colision con un vehiculo automotor en transporte,Not an Intersection,No fue interseccion,Fuera de la calle,Ninguna,Dia total,Despejado,No,NO APLICA,99,99,99,99,2,09/04/2022,3
48,Texas,481044,0,0,2,0,439,TARRANT (439),6060,SAGINAW,4,Abril,11,2022,15,13,FM 156/BLUE MOUND RD,8,Otro,Urbano,Arteria Menor,Not Reported,0,Sin jurisdiccion especial,280,32.87950278,-97.34245556,Vehiculo en movimiento,Angulo,T-Intersection,Interseccion de T,Sobre calle,Construccion,Dia total,Despejado,No,NO APLICA,99,99,99,99,1,11/04/2022,4
48,Texas,481045,0,0,2,0,29,BEXAR (29),6090,SAN ANTONIO,3,Marzo,23,2022,7,45,I-35/PAN AM EXPWY,7,Calle Local,Urbano,Colector Mayor,State Highway Agency,0,Sin jurisdiccion especial,257,29.43899167,-98.45253889,Volcadura,El primer evento no fue una colision con un vehiculo automotor en transporte,Not an Intersection,No fue interseccion,Gore?,Ninguna,Dia total,Despejado,No,NO APLICA,99,99,99,99,2,23/03/2022,10
48,Texas,481046,0,0,3,0,29,BEXAR (29),6090,SAN ANTONIO,4,Abril,13,2022,17,3,I-10W/MCDERMOTT FWY,1,Interestatal,Urbano,Interestatal,State Highway Agency,1,Sin jurisdiccion especial,70,29.552675,-98.58632778,Vehiculo en movimiento,Golpe Lateral - misma direccion,Not an Intersection,No fue interseccion,Sobre calle,Ninguna,Dia total,Despejado,No,NO APLICA,99,99,99,99,1,13/04/2022,3
48,Texas,481047,1,1,1,0,113,DALLAS (113),2590,GARLAND,4,Abril,5,2022,7,21,I-30,7,Calle Local,Urbano,Colector Mayor,State Highway Agency,0,Sin jurisdiccion especial,201,32.86273889,-96.547325,Peaton,El primer evento no fue una colision con un vehiculo automotor en transporte,Not an Intersection,No fue interseccion,Sobre calle,Ninguna,Dia total,Despejado,No,NO APLICA,99,99,99,99,1,05/04/2022,1
48,Texas,481048,1,1,1,0,141,EL PASO (141),2190,EL PASO,4,Abril,16,2022,20,4,SR-375,3,Highway estatal,Urbano,Arterial Principal -Freeway o ExpressWay,Not Reported,1,Sin jurisdiccion especial,14,31.76036111,-106.5046111,Peaton,El primer evento no fue una colision con un vehiculo automotor en transporte,Not an Intersection,No fue interseccion,Sobre calle,Ninguna,Oscuro con iluminacion,Despejado,No,NO APLICA,99,99,99,99,1,16/04/2022,2