Estado,Nombre de Estado,Numero de Caso,Peatones,Personas _no_vehiculos,Vehiculos automotores,Vehiculos estacionados,Condado,Nombre Condado,Ciudad,Nombre Ciudad,Mes,Nombre Mes,Dia,Año,Hora,Minuto,Calle,Ruta,Nombre Ruta,Rural o Urbanoo,Sistema Funcional,Dueño Calle,Sistema Nacional Carreteras,Jurisdiccion Especial,Milla,Latitud,Longitud,Causa del Accidente,Tipo de Accidente,Tipo Interseccion,Columna1,Lugar en la calle,Zona de Trabajo,Luz,Clima,Autobus Escolar,Cruce de Trenes,Hora Notificacion,Minuto Notificacion,Hora Llegada,Minuto Llegada,Decesos,Fecha,PersonaVehiculo
48,Texas,481049,1,1,1,0,209,HAYS (209),1986,DRIPPING SPRINGS,4,Abril,2,2022,11,2,HEADWATERS BLVD,6,Calle Local Municipalidad,Rural,Local,Not Reported,0,Sin jurisdiccion especial,0,30.20770278,-98.05155833,Peaton,El primer evento no fue una colision con un vehiculo automotor en transporte,Not an Intersection,No fue interseccion,En estacionamiento,Construccion,Dia total,Despejado,No,NO APLICA,99,99,99,99,1,02/04/2022,1
48,Texas,481050,0,0,2,0,141,EL PASO (141),2190,EL PASO,4,Abril,16,2022,23,52,US-54/PATRIOT FWY,2,US Highway,Urbano,Arterial Principal -Freeway o ExpressWay,Not Reported,1,Sin jurisdiccion especial,131,31.87914444,-106.4408417,Vehiculo en movimiento,Frente a Detrás,Not an Intersection,No fue interseccion,Sobre calle,Ninguna,Oscuro con iluminacion,Despejado,No,NO APLICA,99,98,99,98,1,16/04/2022,2
48,Texas,481051,0,0,3,0,37,BOWIE (37),3270,HOOKS,4,Abril,10,2022,15,39,I-30,1,Interestatal,Rural,Interestatal,State Highway Agency,1,Sin jurisdiccion especial,277,33.47500833,-94.28683611,Vehiculo en movimiento,Frente a Detrás,Not an Intersection,No fue interseccion,Sobre calle,Ninguna,Dia total,Despejado,No,NO APLICA,99,98,99,98,1,10/04/2022,3
48,Texas,481052,1,1,2,0,209,HAYS (209),6170,SAN MARCOS,4,Abril,9,2022,21,22,SR-123/GUADALUPE ST,3,Highway estatal,Urbano,Arteria Principal,Not Reported,1,Sin jurisdiccion especial,111,29.85355278,-97.93986111,Ciclista,El primer evento no fue una colision con un vehiculo automotor en transporte,Not an Intersection,No fue interseccion,Sobre calle,Ninguna,Oscuro sin iluminacion,Nublado,No,NO APLICA,99,98,99,98,1,09/04/2022,3
48,Texas,481053,0,0,1,0,209,HAYS (209),6170,SAN MARCOS,4,Abril,15,2022,23,54,OLD RANCH ROAD 12,6,Calle Local Municipalidad,Urbano,Arteria Menor,Not Reported,0,Sin jurisdiccion especial,0,29.88531944,-97.95175,Arbol,El primer evento no fue una colision con un vehiculo automotor en transporte,Not an Intersection,No fue interseccion,Sobre el lado de la calle,Ninguna,Oscuro sin iluminacion,Despejado,No,NO APLICA,99,98,99,98,1,15/04/2022,1
48,Texas,481054,0,0,1,0,439,TARRANT (439),0,NO APLICA,4,Abril,10,2022,0,51,MCPHERSON RD,6,Calle Local Municipalidad,Urbano,Colector Mayor,Not Reported,0,Sin jurisdiccion especial,0,32.60396111,-97.26905278,Volcadura,El primer evento no fue una colision con un vehiculo automotor en transporte,Not an Intersection,No fue interseccion,Sobre el lado de la calle,Ninguna,Oscuro sin iluminacion,Despejado,No,NO APLICA,99,98,99,98,1,10/04/2022,2
48,Texas,481055,1,1,1,0,121,DENTON (121),3960,LEWISVILLE,4,Abril,18,2022,21,30,I-35/STEMMONS FWY,1,Interestatal,Urbano,Interestatal,State Highway Agency,1,Sin jurisdiccion especial,45,33.0189,-96.98367778,Peaton,El primer evento no fue una colision con un vehiculo automotor en transporte,Not an Intersection,No fue interseccion,Sobre calle,Ninguna,Oscuro con iluminacion,Despejado,No,NO APLICA,99,98,99,98,1,18/04/2022,1
48,Texas,481056,1,1,1,0,453,TRAVIS (453),0,NO APLICA,3,Marzo,18,2022,22,50,FM 620,8,Otro,Urbano,Arteria Principal,Not Reported,1,Sin jurisdiccion especial,68,30.39176389,-97.93723611,Peaton,El primer evento no fue una colision con un vehiculo automotor en transporte,Not an Intersection,No fue interseccion,Sobre calle,Ninguna,Oscuro sin iluminacion,Despejado,No,NO APLICA,99,99,99,99,1,18/03/2022,1
48,Texas,481057,0,0,2,0,121,DENTON (121),1840,DENTON,4,Abril,13,2022,9,55,I-35E/STEMMONS FWY,1,Interestatal,Urbano,Interestatal,State Highway Agency,1,Sin jurisdiccion especial,145,33.15874722,-97.06840278,Vehiculo en movimiento,Frente a Detrás,Not an Intersection,No fue interseccion,Sobre calle,Ninguna,Dia total,Despejado,No,NO APLICA,99,98,99,98,2,13/04/2022,3
48,Texas,481058,0,0,1,0,239,JACKSON (239),0,NO APLICA,4,Abril,3,2022,8,27,US-59,2,US Highway,Rural,Arteria Principal,Not Reported,1,Sin jurisdiccion especial,162,28.93824722,-96.726875,Barrera de Cable,El primer evento no fue una colision con un vehiculo automotor en transporte,Not an Intersection,No fue interseccion,En el medio,Ninguna,Dia total,Despejado,No,NO APLICA,99,99,99,99,1,03/04/2022,1
48,Texas,481059,0,0,1,0,85,COLLIN (85),0,NO APLICA,4,Abril,10,2022,0,49,FM 545,8,Otro,Rural,Colector Mayor,Not Reported,0,Sin jurisdiccion especial,63,33.29520278,-96.49474722,Poste de Señal de trafico,El primer evento no fue una colision con un vehiculo automotor en transporte,Not an Intersection,No fue interseccion,Sobre el lado de la calle,Ninguna,Oscuro sin iluminacion,Despejado,No,NO APLICA,99,98,99,98,1,10/04/2022,1
48,Texas,481060,0,0,2,0,113,DALLAS (113),1730,DALLAS,3,Marzo,27,2022,3,36,SKILLMAN ST,6,Calle Local Municipalidad,Urbano,Arteria Menor,Not Reported,0,Sin jurisdiccion especial,0,32.82106389,-96.76151389,Vehiculo en movimiento,Angulo,Four-Way Intersection,Interseccion de 4 direcciones,Sobre calle,Ninguna,Oscuro con iluminacion,Despejado,No,NO APLICA,99,99,99,99,1,27/03/2022,2
48,Texas,481061,1,1,1,0,113,DALLAS (113),1730,DALLAS,4,Abril,16,2022,22,38,SR-244 SPUR,3,Highway estatal,Urbano,Arteria Principal,Not Reported,1,Sin jurisdiccion especial,377,32.86421389,-96.70499444,Ciclista,El primer evento no fue una colision con un vehiculo automotor en transporte,Not an Intersection,No fue interseccion,Sobre calle,Ninguna,Oscuro con iluminacion,Nublado,No,NO APLICA,99,99,99,99,1,16/04/2022,1
48,Texas,481062,0,0,1,0,29,BEXAR (29),6090,SAN ANTONIO,4,Abril,20,2022,2,10,PECAN VALLEY,6,Calle Local Municipalidad,Urbano,Arteria Menor,Not Reported,0,Sin jurisdiccion especial,0,29.37546389,-98.43394167,Poste,El primer evento no fue una colision con un vehiculo automotor en transporte,Not an Intersection,No fue interseccion,Sobre el lado de la calle,Ninguna,Oscuro con iluminacion,Nublado,No,NO APLICA,99,99,99,99,1,20/04/2022,1
48,Texas,481063,0,0,1,0,29,BEXAR (29),6090,SAN ANTONIO,4,Abril,20,2022,1,28,CALLAGHAN RD,6,Calle Local Municipalidad,Urbano,Arteria Menor,Not Reported,0,Sin jurisdiccion especial,0,29.46338889,-98.602375,Banqueta,El primer evento no fue una colision con un vehiculo automotor en transporte,Not an Intersection,No fue interseccion,Sobre el lado de la calle,Ninguna,Oscuro con iluminacion,Nublado,No,NO APLICA,99,99,99,99,1,20/04/2022,2
48,Texas,481064,1,1,1,0,201,HARRIS (201),3280,HOUSTON,4,Abril,14,2022,20,50,HWY 6,6,Calle Local Municipalidad,Urbano,Arteria Principal,Not Reported,1,Sin jurisdiccion especial,83,29.81870556,-95.645625,Peaton,El primer evento no fue una colision con un vehiculo automotor en transporte,Not an Intersection,No fue interseccion,Sobre calle,Ninguna,Oscuro con iluminacion,Despejado,No,NO APLICA,99,98,99,98,1,14/04/2022,1
48,Texas,481065,0,0,1,0,135,ECTOR (135),5030,ODESSA,4,Abril,13,2022,3,18,SR-338 LP,3,Highway estatal,Urbano,Arteria Principal,Not Reported,1,Sin jurisdiccion especial,245,31.93443611,-102.36085,Soporte de  señalamiento de transito,El primer evento no fue una colision con un vehiculo automotor en transporte,Four-Way Intersection,Interseccion de 4 direcciones,Isla de trafico para peatones,Ninguna,Oscuro con iluminacion,Despejado,No,NO APLICA,99,98,99,98,1,13/04/2022,1
48,Texas,481066,0,0,1,0,113,DALLAS (113),1730,DALLAS,4,Abril,19,2022,0,5,SR-366 SPUR,3,Highway estatal,Urbano,Arterial Principal -Freeway o ExpressWay,Not Reported,1,Sin jurisdiccion especial,184,32.78844722,-96.80323333,Arbol,El primer evento no fue una colision con un vehiculo automotor en transporte,Four-Way Intersection,Interseccion de 4 direcciones,Sobre el lado de la calle,Construccion,Oscuro con iluminacion,Despejado,No,NO APLICA,99,99,99,99,1,19/04/2022,2
48,Texas,481067,0,0,2,0,441,TAYLOR (441),0,NO APLICA,4,Abril,11,2022,6,15,US-84,2,US Highway,Rural,Arteria Principal,Not Reported,1,Sin jurisdiccion especial,17,32.20396944,-99.75097222,Vehiculo en movimiento,Angulo,Four-Way Intersection,Interseccion de 4 direcciones,Sobre calle,Ninguna,Oscuro sin iluminacion,Despejado,No,NO APLICA,99,98,99,98,1,11/04/2022,2
48,Texas,481068,0,0,2,0,29,BEXAR (29),0,NO APLICA,4,Abril,19,2022,21,40,SR-1604 LOOP,3,Highway estatal,Urbano,Arteria Menor,Not Reported,0,Sin jurisdiccion especial,38,29.42595278,-98.26465,Vehiculo en movimiento,Frente a frente,Not an Intersection,No fue interseccion,Sobre calle,Ninguna,Oscuro sin iluminacion,Nublado,No,NO APLICA,99,99,99,99,1,19/04/2022,2
48,Texas,481069,0,0,2,0,373,POLK (373),0,NO APLICA,4,Abril,15,2022,13,42,US-59,2,US Highway,Rural,Arteria Principal,Not Reported,1,Sin jurisdiccion especial,362,30.64237778,-94.94555,Vehiculo en movimiento,Frente a frente,Not an Intersection,No fue interseccion,Sobre calle,Ninguna,Dia total,Nublado,No,NO APLICA,99,99,99,99,1,15/04/2022,3
48,Texas,481070,0,0,1,0,407,SAN JACINTO (407),0,NO APLICA,4,Abril,20,2022,11,48,CR-WATERWOOD PKWY,4,Calle del Condado,Rural,Local,Not Reported,0,Sin jurisdiccion especial,0,30.75420556,-95.28899444,Arbol,El primer evento no fue una colision con un vehiculo automotor en transporte,Not an Intersection,No fue interseccion,Fuera de la calle,Ninguna,Dia total,Nublado,No,NO APLICA,99,98,99,98,1,20/04/2022,1
48,Texas,481071,0,0,1,0,439,TARRANT (439),2450,FORT WORTH,4,Abril,2,2022,18,48,I-820 SVRD,7,Calle Local,Urbano,Colector Mayor,Not Reported,0,Sin jurisdiccion especial,99998,32.66753611,-97.35238889,Valla Ferrocarril,El primer evento no fue una colision con un vehiculo automotor en transporte,Not an Intersection,No fue interseccion,Separador,Ninguna,Dia total,Despejado,No,NO APLICA,99,99,99,99,1,02/04/2022,3
48,Texas,481073,0,0,1,0,85,COLLIN (85),4230,MCKINNEY,4,Abril,17,2022,13,4,SR-121,3,Highway estatal,Urbano,Arteria Menor,Not Reported,0,Sin jurisdiccion especial,99998,33.161525,-96.60393056,Banqueta,El primer evento no fue una colision con un vehiculo automotor en transporte,Not an Intersection,No fue interseccion,Gore?,Ninguna,Dia total,Despejado,No,NO APLICA,99,99,99,99,1,17/04/2022,1
48,Texas,481074,0,0,2,0,113,DALLAS (113),5730,RICHARDSON,4,Abril,13,2022,3,20,US-75/CENTRAL EXPY,2,US Highway,Urbano,Arterial Principal -Freeway o ExpressWay,Not Reported,1,Sin jurisdiccion especial,8,32.97510833,-96.71639444,Vehiculo en movimiento,Frente a Detrás,Not an Intersection,No fue interseccion,Sobre calle,Ninguna,Oscuro con iluminacion,Despejado,No,NO APLICA,99,99,99,99,1,13/04/2022,3
48,Texas,481075,0,0,2,0,85,COLLIN (85),0,NO APLICA,4,Abril,20,2022,18,21,FM 981,8,Otro,Rural,Colector Mayor,Not Reported,0,Sin jurisdiccion especial,24,33.30508889,-96.37966111,Vehiculo en movimiento,Otro,Not an Intersection,No fue interseccion,Sobre calle,Ninguna,Dia total,Nublado,No,NO APLICA,99,98,99,98,1,20/04/2022,2
48,Texas,481076,0,0,1,0,55,CALDWELL (55),4170,LULING,4,Abril,9,2022,22,55,US-90/PIERCE ST,2,US Highway,Rural,Colector Mayor,State Highway Agency,0,Sin jurisdiccion especial,13,29.67775,-97.68304167,Arbol,El primer evento no fue una colision con un vehiculo automotor en transporte,Not an Intersection,No fue interseccion,Sobre el lado de la calle,Ninguna,Oscuro sin iluminacion,Despejado,No,NO APLICA,99,99,99,99,1,09/04/2022,4
48,Texas,481077,0,0,3,0,201,HARRIS (201),480,BAYTOWN,4,Abril,16,2022,16,32,SR-146,3,Highway estatal,Urbano,Arteria Principal,Not Reported,1,Sin jurisdiccion especial,3,29.7667,-94.920275,Banqueta,El primer evento no fue una colision con un vehiculo automotor en transporte,Not an Intersection,No fue interseccion,Sobre el lado de la calle,Ninguna,Dia total,Despejado,No,NO APLICA,99,99,99,99,2,16/04/2022,6
48,Texas,481078,0,0,1,0,283,LA SALLE (283),0,NO APLICA,4,Abril,9,2022,6,57,I-35/PURPLE HEART TRL,1,Interestatal,Rural,Interestatal,State Highway Agency,1,Sin jurisdiccion especial,28,28.46154167,-99.232025,Volcadura,El primer evento no fue una colision con un vehiculo automotor en transporte,Not an Intersection,No fue interseccion,Fuera de la calle,Ninguna,Amanecer,Despejado,No,NO APLICA,99,98,99,98,1,09/04/2022,7
48,Texas,481079,0,0,2,0,201,HARRIS (201),0,NO APLICA,4,Abril,15,2022,0,19,I-45,7,Calle Local,Urbano,Colector Mayor,State Highway Agency,0,Sin jurisdiccion especial,393,29.96521667,-95.418525,Vehiculo en movimiento,Frente a Detrás,Not an Intersection,No fue interseccion,Sobre calle,Ninguna,Oscuro con iluminacion,Despejado,No,NO APLICA,99,99,99,99,1,15/04/2022,3
48,Texas,481081,0,0,1,0,201,HARRIS (201),0,NO APLICA,4,Abril,16,2022,20,0,VAN HUT LN,6,Calle Local Municipalidad,Urbano,Arteria Principal,Not Reported,0,Sin jurisdiccion especial,0,29.83825556,-95.19786111,Vehiculo Ferrocarril,El primer evento no fue una colision con un vehiculo automotor en transporte,Not an Intersection,No fue interseccion,Sobre calle,Ninguna,Oscuro con iluminacion,Despejado,No,762901B,99,98,99,98,2,16/04/2022,2
48,Texas,481082,0,0,1,0,245,JEFFERSON (245),5430,PORT ARTHUR,4,Abril,17,2022,3,39,FM 365/LABELLE AVE,8,Otro,Urbano,Arteria Menor,Not Reported,0,Sin jurisdiccion especial,156,29.93055278,-94.00914722,Fin de valla,El primer evento no fue una colision con un vehiculo automotor en transporte,Not an Intersection,No fue interseccion,Sobre el lado de la calle,Ninguna,Oscuro sin iluminacion,Despejado,No,NO APLICA,99,98,99,98,1,17/04/2022,1
48,Texas,481083,0,0,1,0,415,SCURRY (415),0,NO APLICA,4,Abril,17,2022,15,44,CAVENDER RD,9,Desconocido,Trafficway Not in State Inventory,Via no en inventario estatal,Trafficway Not in State Inventory,0,Sin jurisdiccion especial,99998,32.6733,-100.958275,Barda,El primer evento no fue una colision con un vehiculo automotor en transporte,Not an Intersection,No fue interseccion,Fuera de la calle,Ninguna,Dia total,Despejado,No,NO APLICA,99,98,99,98,1,17/04/2022,1
48,Texas,481084,0,0,1,0,241,JASPER (241),0,NO APLICA,4,Abril,16,2022,9,36,RE 255,8,Otro,Rural,Colector Mayor,Not Reported,0,Sin jurisdiccion especial,30,30.98114444,-94.207325,Arbol,El primer evento no fue una colision con un vehiculo automotor en transporte,Not an Intersection,No fue interseccion,Sobre el lado de la calle,Ninguna,Dia total,Nublado,No,NO APLICA,99,99,99,99,2,16/04/2022,2
48,Texas,481085,0,0,1,0,339,MONTGOMERY (339),1510,CONROE,4,Abril,15,2022,18,35,SR-75,3,Highway estatal,Urbano,Arteria Menor,Not Reported,0,Sin jurisdiccion especial,27,30.40108056,-95.47275556,Poste o otros soportes,El primer evento no fue una colision con un vehiculo automotor en transporte,Not an Intersection,No fue interseccion,Sobre el lado de la calle,Ninguna,Dia total,Nublado,No,NO APLICA,99,98,99,98,1,15/04/2022,1
48,Texas,481086,0,0,5,0,201,HARRIS (201),0,NO APLICA,4,Abril,22,2022,17,44,CR-GREENHOUSE RD,4,Calle del Condado,Urbano,Arteria Menor,Not Reported,0,Sin jurisdiccion especial,0,29.84793889,-95.70280556,Vehiculo en movimiento,Frente a Detrás,Not an Intersection,No fue interseccion,Sobre calle,Ninguna,Dia total,Despejado,No,NO APLICA,99,99,99,99,1,22/04/2022,10
48,Texas,481087,1,1,1,0,201,HARRIS (201),3280,HOUSTON,4,Abril,3,2022,1,25,TELEPHONE RD,6,Calle Local Municipalidad,Urbano,Arteria Principal,Not Reported,1,Sin jurisdiccion especial,56,29.619775,-95.28526111,Peaton,El primer evento no fue una colision con un vehiculo automotor en transporte,T-Intersection,Interseccion de T,Sobre calle,Ninguna,Oscuro con iluminacion,Despejado,No,NO APLICA,99,98,99,98,1,03/04/2022,1
48,Texas,481088,0,0,2,0,201,HARRIS (201),3280,HOUSTON,4,Abril,16,2022,22,55,SR-6,3,Highway estatal,Urbano,Arteria Principal,Not Reported,1,Sin jurisdiccion especial,0,29.74036667,-95.64418611,Vehiculo en movimiento,Frente a Detrás,T-Intersection,Interseccion de T,Sobre calle,Ninguna,Oscuro con iluminacion,Nublado,No,NO APLICA,99,99,99,99,1,16/04/2022,5
48,Texas,481089,0,0,6,4,41,BRAZOS (41),970,BRYAN,4,Abril,23,2022,2,21,SR-6R BUS/TEXAS AVE,3,Highway estatal,Urbano,Arteria Principal,Not Reported,1,Sin jurisdiccion especial,19,30.66056667,-96.37179444,Banqueta,El primer evento no fue una colision con un vehiculo automotor en transporte,Not an Intersection,No fue interseccion,Sobre el lado de la calle,Ninguna,Oscuro sin iluminacion,Nublado,No,NO APLICA,99,99,99,99,1,23/04/2022,2
48,Texas,481090,0,0,1,0,201,HARRIS (201),3280,HOUSTON,4,Abril,23,2022,3,4,ELDRIDGE  PKWY,6,Calle Local Municipalidad,Urbano,Arteria Menor,Not Reported,0,Sin jurisdiccion especial,0,29.77451944,-95.61943056,Arbol,El primer evento no fue una colision con un vehiculo automotor en transporte,Not an Intersection,No fue interseccion,En el medio,Ninguna,Oscuro con iluminacion,Despejado,No,NO APLICA,99,99,99,99,1,23/04/2022,1
48,Texas,481091,0,0,2,0,113,DALLAS (113),1730,DALLAS,4,Abril,13,2022,23,37,SR-12 LP/BUCKNER BLVD,3,Highway estatal,Urbano,Arteria Principal,Not Reported,1,Sin jurisdiccion especial,58,32.78499722,-96.68402778,Vehiculo en movimiento,Angulo,Four-Way Intersection,Interseccion de 4 direcciones,Sobre calle,Ninguna,Oscuro con iluminacion,Nublado,No,NO APLICA,99,99,99,99,1,13/04/2022,2
48,Texas,481092,0,0,2,0,13,ATASCOSA (13),0,NO APLICA,4,Abril,8,2022,17,17,SR-16,3,Highway estatal,Rural,Arteria Menor,Not Reported,0,Sin jurisdiccion especial,0,29.14593333,-98.59053056,Vehiculo en movimiento,Frente a frente,T-Intersection,Interseccion de T,Sobre calle,Ninguna,Dia total,Despejado,No,NO APLICA,99,99,99,99,1,08/04/2022,2
48,Texas,481093,1,1,1,0,121,DENTON (121),6881,THE COLONY,4,Abril,10,2022,2,1,SAM RAYBURN TOLLWAY,6,Calle Local Municipalidad,Urbano,Arterial Principal -Freeway o ExpressWay,Not Reported,1,Sin jurisdiccion especial,0,33.07936389,-96.85900556,Peaton,El primer evento no fue una colision con un vehiculo automotor en transporte,Not an Intersection,No fue interseccion,Sobre calle,Ninguna,Oscuro sin iluminacion,Despejado,No,NO APLICA,99,98,99,98,1,10/04/2022,2
48,Texas,481094,0,0,2,0,91,COMAL (91),9997,Other,4,Abril,23,2022,2,2,I-35,1,Interestatal,Urbano,Interestatal,State Highway Agency,1,Sin jurisdiccion especial,19,29.62871667,-98.23359722,Vehiculo en movimiento,Angulo,Not an Intersection,No fue interseccion,Sobre calle,Construccion,Oscuro sin iluminacion,Nublado,No,NO APLICA,99,99,99,99,1,23/04/2022,3
48,Texas,481096,0,0,1,0,259,KENDALL (259),0,NO APLICA,4,Abril,19,2022,11,15,SR-46,3,Highway estatal,Rural,Arteria Principal,Not Reported,0,Sin jurisdiccion especial,51,29.77022778,-98.76049167,Barda,El primer evento no fue una colision con un vehiculo automotor en transporte,Not an Intersection,No fue interseccion,Fuera de la calle,Ninguna,Dia total,Nublado,No,NO APLICA,99,98,99,98,1,19/04/2022,1
48,Texas,481097,0,0,1,0,439,TARRANT (439),2450,FORT WORTH,4,Abril,19,2022,19,31,I-20 RAMP,1,Interestatal,Urbano,Interestatal,State Highway Agency,1,Sin jurisdiccion especial,90,32.66475278,-97.32915,Valla Ferrocarril,El primer evento no fue una colision con un vehiculo automotor en transporte,Not an Intersection,No fue interseccion,Separador,Ninguna,Oscuro con iluminacion,Despejado,No,NO APLICA,99,99,99,99,1,19/04/2022,1
48,Texas,481098,0,0,2,0,347,NACOGDOCHES (347),0,NO APLICA,4,Abril,21,2022,4,50,SR-7,3,Highway estatal,Rural,Arteria Menor,Not Reported,0,Sin jurisdiccion especial,61,31.54316944,-94.74601667,Vehiculo en movimiento,Frente a frente,Not an Intersection,No fue interseccion,Sobre calle,Ninguna,Oscuro sin iluminacion,Nublado,No,NO APLICA,99,99,99,99,1,21/04/2022,2
48,Texas,481099,0,0,2,0,201,HARRIS (201),3280,HOUSTON,4,Abril,8,2022,6,25,FM 1960,8,Otro,Urbano,Arteria Principal,Not Reported,0,Sin jurisdiccion especial,351,30.020375,-95.10054444,Vehiculo en movimiento,Frente a frente,Not an Intersection,No fue interseccion,Sobre calle,Ninguna,Dia total,Despejado,No,NO APLICA,99,99,99,99,1,08/04/2022,2
48,Texas,481100,0,0,2,0,113,DALLAS (113),1730,DALLAS,4,Abril,23,2022,3,20,I-35E/STEMMONS FWY,1,Interestatal,Urbano,Interestatal,State Highway Agency,1,Sin jurisdiccion especial,257,32.87275833,-96.89786111,Vehiculo en movimiento,Golpe Lateral - misma direccion,Y-Intersection,Interseccion de Y,Sobre calle,Ninguna,Oscuro con iluminacion,Despejado,No,NO APLICA,99,98,99,98,1,23/04/2022,2
48,Texas,481101,0,0,4,0,201,HARRIS (201),3280,HOUSTON,4,Abril,18,2022,11,30,I-10,1,Interestatal,Urbano,Interestatal,State Highway Agency,1,Sin jurisdiccion especial,50,29.77793611,-95.28688333,Vehiculo en movimiento,Frente a Detrás,Not an Intersection,No fue interseccion,Sobre calle,Construccion,Dia total,Despejado,No,NO APLICA,99,98,99,98,1,18/04/2022,4
48,Texas,481102,0,0,1,0,225,HOUSTON (225),0,NO APLICA,4,Abril,15,2022,17,38,SR-21,3,Highway estatal,Rural,Arteria Menor,Not Reported,0,Sin jurisdiccion especial,17,31.42433056,-95.32966111,Volcadura,El primer evento no fue una colision con un vehiculo automotor en transporte,Not an Intersection,No fue interseccion,Sobre calle,Ninguna,Dia total,Nublado,No,NO APLICA,99,99,99,99,1,15/04/2022,1
48,Texas,481103,0,0,2,0,339,MONTGOMERY (339),1692,CUT AND SHOOT,3,Marzo,25,2022,5,56,WILLIS WAUKEGAN RD,6,Calle Local Municipalidad,Urbano,Colector Mayor,Not Reported,0,Sin jurisdiccion especial,0,30.34176111,-95.34595833,Volcadura,El primer evento no fue una colision con un vehiculo automotor en transporte,Four-Way Intersection,Interseccion de 4 direcciones,Sobre calle,Ninguna,Oscuro sin iluminacion,Despejado,No,NO APLICA,99,98,99,98,1,25/03/2022,2
48,Texas,481104,0,0,2,0,135,ECTOR (135),0,NO APLICA,4,Abril,15,2022,20,29,CR-16TH ST,4,Calle del Condado,Urbano,Colector Mayor,Not Reported,0,Sin jurisdiccion especial,0,31.83858333,-102.4458417,Vehiculo en movimiento,Angulo,Not an Intersection,No fue interseccion,Sobre calle,Ninguna,Atardecer,Despejado,No,NO APLICA,99,99,99,99,1,15/04/2022,4
48,Texas,481105,0,0,3,0,453,TRAVIS (453),0,NO APLICA,4,Abril,14,2022,13,20,SR-130 TL SVRD,7,Calle Local,Urbano,Colector Mayor,Not Reported,0,Sin jurisdiccion especial,381,30.28818611,-97.57654722,Vehiculo en movimiento,Frente a frente,Four-Way Intersection,Interseccion de 4 direcciones,Sobre calle,Ninguna,Dia total,Despejado,No,NO APLICA,99,99,99,99,1,14/04/2022,5
48,Texas,481106,1,1,1,0,201,HARRIS (201),0,NO APLICA,4,Abril,10,2022,3,46,SHELDON RD,6,Calle Local Municipalidad,Urbano,Arteria Menor,Not Reported,0,Sin jurisdiccion especial,0,29.86144167,-95.12807778,Ciclista,El primer evento no fue una colision con un vehiculo automotor en transporte,Not an Intersection,No fue interseccion,Sobre calle,Ninguna,Oscuro sin iluminacion,Despejado,No,NO APLICA,99,99,99,99,1,10/04/2022,1
48,Texas,481107,1,1,2,1,453,TRAVIS (453),330,AUSTIN,4,Abril,25,2022,5,16,US-183,2,US Highway,Urbano,Arterial Principal -Freeway o ExpressWay,State Toll Road,1,Sin jurisdiccion especial,164,30.2487,-97.69028333,Peaton,El primer evento no fue una colision con un vehiculo automotor en transporte,Not an Intersection,No fue interseccion,Sobre Acotamiento,Ninguna,Dia total,lluvia,No,NO APLICA,99,99,99,99,1,25/04/2022,3
48,Texas,481108,1,1,1,0,61,CAMERON (61),0,NO APLICA,4,Abril,13,2022,21,20,SR-48/BROWNSVILLE-PORT ISABEL,3,Highway estatal,Urbano,Arteria Principal,Not Reported,1,Sin jurisdiccion especial,29,25.96677222,-97.39003333,Peaton,El primer evento no fue una colision con un vehiculo automotor en transporte,Not an Intersection,No fue interseccion,Sobre calle,Ninguna,Oscuro sin iluminacion,Despejado,No,NO APLICA,99,99,99,99,1,13/04/2022,1
48,Texas,481109,0,0,2,0,291,LIBERTY (291),1770,DAYTON,4,Abril,7,2022,9,20,FM 1960,8,Otro,Rural,Arteria Menor,Not Reported,0,Sin jurisdiccion especial,111,30.04626667,-94.94123611,Vehiculo en movimiento,Frente a frente,Not an Intersection,No fue interseccion,Sobre calle,Construccion,Dia total,Despejado,No,NO APLICA,99,99,99,99,1,07/04/2022,4
48,Texas,481110,0,0,2,0,491,WILLIAMSON (491),0,NO APLICA,4,Abril,13,2022,6,39,SR-195,3,Highway estatal,Rural,Arteria Principal,Not Reported,1,Sin jurisdiccion especial,99998,30.84496667,-97.78573056,Vehiculo en movimiento,Frente a frente,Not an Intersection,No fue interseccion,Sobre calle,Ninguna,Amanecer,Nublado,No,NO APLICA,99,99,99,99,1,13/04/2022,2
48,Texas,481111,0,0,1,0,121,DENTON (121),3157,HICKORY CREEK,4,Abril,26,2022,6,24,I-35/STEMMONS FWY,7,Calle Local,Rural,Colector Mayor,State Highway Agency,0,Sin jurisdiccion especial,113,33.12331111,-97.03537222,Fin de valla,El primer evento no fue una colision con un vehiculo automotor en transporte,Not an Intersection,No fue interseccion,Sobre el lado de la calle,Ninguna,Oscuro con iluminacion,Despejado,No,NO APLICA,99,98,99,98,1,26/04/2022,1
48,Texas,481112,0,0,1,0,171,GILLESPIE (171),0,NO APLICA,4,Abril,18,2022,9,29,SR-16,3,Highway estatal,Rural,Arteria Principal,Not Reported,0,Sin jurisdiccion especial,55,30.22543611,-98.93435,Volcadura,El primer evento no fue una colision con un vehiculo automotor en transporte,Not an Intersection,No fue interseccion,Sobre el lado de la calle,Ninguna,Dia total,Nublado,No,NO APLICA,99,99,99,99,1,18/04/2022,1
48,Texas,481113,1,1,1,0,209,HAYS (209),3760,KYLE,3,Marzo,13,2022,22,3,I-35,7,Calle Local,Urbano,Colector Mayor,State Highway Agency,0,Sin jurisdiccion especial,166,29.99593889,-97.87098333,Ciclista,El primer evento no fue una colision con un vehiculo automotor en transporte,Not an Intersection,No fue interseccion,Sobre calle,Ninguna,Oscuro con iluminacion,Despejado,No,NO APLICA,21,5,21,11,1,13/03/2022,1