Estado,Nombre de Estado,Numero de Caso,Peatones,Personas _no_vehiculos,Vehiculos automotores,Vehiculos estacionados,Condado,Nombre Condado,Ciudad,Nombre Ciudad,Mes,Nombre Mes,Dia,Año,Hora,Minuto,Calle,Ruta,Nombre Ruta,Rural o Urbanoo,Sistema Funcional,Dueño Calle,Sistema Nacional Carreteras,Jurisdiccion Especial,Milla,Latitud,Longitud,Causa del Accidente,Tipo de Accidente,Tipo Interseccion,Columna1,Lugar en la calle,Zona de Trabajo,Luz,Clima,Autobus Escolar,Cruce de Trenes,Hora Notificacion,Minuto Notificacion,Hora Llegada,Minuto Llegada,Decesos,Fecha,PersonaVehiculo
48,Texas,481114,0,0,1,0,171,GILLESPIE (171),0,NO APLICA,4,Abril,17,2022,15,0,CR-UPPER LIVEOAK RD,4,Calle del Condado,Rural,Colector Menor,Not Reported,0,Sin jurisdiccion especial,0,30.27401667,-98.92358889,Arbol,El primer evento no fue una colision con un vehiculo automotor en transporte,Not an Intersection,No fue interseccion,Sobre el lado de la calle,Ninguna,Dia total,Despejado,No,NO APLICA,99,99,99,99,1,17/04/2022,2
48,Texas,481115,0,0,1,0,339,MONTGOMERY (339),0,NO APLICA,4,Abril,14,2022,21,48,SR-99/GRAND PKWY,7,Calle Local,Urbano,Colector Mayor,Not Reported,0,Sin jurisdiccion especial,113,30.13048611,-95.24309167,Volcadura,El primer evento no fue una colision con un vehiculo automotor en transporte,Not an Intersection,No fue interseccion,Sobre el lado de la calle,Ninguna,Oscuro con iluminacion,Despejado,No,NO APLICA,99,98,99,98,1,14/04/2022,1
48,Texas,481116,0,0,2,0,209,HAYS (209),990,BUDA,4,Abril,25,2022,16,0,RM 967,8,Otro,Urbano,Arteria Menor,Not Reported,0,Sin jurisdiccion especial,108,30.10051389,-97.84874444,Vehiculo en movimiento,Angulo,Not an Intersection,No fue interseccion,Sobre calle,Ninguna,Dia total,Despejado,No,NO APLICA,99,99,99,99,1,25/04/2022,5
48,Texas,481117,0,0,2,0,453,TRAVIS (453),0,NO APLICA,4,Abril,15,2022,1,45,US-290,2,US Highway,Urbano,Arteria Principal,Not Reported,1,Sin jurisdiccion especial,10,30.22128056,-97.95676944,Otra barrera de trafico,El primer evento no fue una colision con un vehiculo automotor en transporte,Not an Intersection,No fue interseccion,Sobre el lado de la calle,Construccion,Oscuro sin iluminacion,Despejado,No,NO APLICA,99,98,99,98,1,15/04/2022,2
48,Texas,481118,0,0,1,0,135,ECTOR (135),0,NO APLICA,1,Enero,2,2022,20,48,CR-DAMASCUS AVE,4,Calle del Condado,Urbano,Local,Not Reported,0,Sin jurisdiccion especial,0,31.82447222,-102.5199278,Volcadura,El primer evento no fue una colision con un vehiculo automotor en transporte,Not an Intersection,No fue interseccion,Sobre el lado de la calle,Ninguna,Oscuro sin iluminacion,Despejado,No,NO APLICA,99,99,99,99,1,02/01/2022,1
48,Texas,481119,1,1,1,0,39,BRAZORIA (39),1395,CLUTE,4,Abril,21,2022,5,24,SR-288 BUSINESS/BRAZOSPORT BLV,3,Highway estatal,Rural,Arteria Principal,Not Reported,1,Sin jurisdiccion especial,41,29.02859722,-95.39698611,Ciclista,El primer evento no fue una colision con un vehiculo automotor en transporte,Not an Intersection,No fue interseccion,Sobre calle,Ninguna,Oscuro sin iluminacion,Despejado,No,NO APLICA,99,99,99,99,1,21/04/2022,1
48,Texas,481120,1,1,1,0,201,HARRIS (201),3280,HOUSTON,4,Abril,18,2022,23,31,I-45/NORTH FWY,1,Interestatal,Rural,Interestatal,State Highway Agency,1,Sin jurisdiccion especial,310,29.85484444,-95.39933889,Peaton,El primer evento no fue una colision con un vehiculo automotor en transporte,Not an Intersection,No fue interseccion,Sobre calle,Ninguna,Oscuro con iluminacion,Despejado,No,NO APLICA,99,99,99,99,1,18/04/2022,1
48,Texas,481122,0,0,3,0,453,TRAVIS (453),330,AUSTIN,4,Abril,26,2022,7,50,DESSAU RD RD,6,Calle Local Municipalidad,Urbano,Arteria Menor,Not Reported,0,Sin jurisdiccion especial,0,30.38070556,-97.65287222,Vehiculo en movimiento,Angulo,Not an Intersection,No fue interseccion,Sobre calle,Ninguna,Dia total,lluvia,No,NO APLICA,99,98,99,98,1,26/04/2022,3
48,Texas,481123,0,0,2,0,113,DALLAS (113),2590,GARLAND,4,Abril,18,2022,16,38,I-30,1,Interestatal,Urbano,Interestatal,State Highway Agency,1,Sin jurisdiccion especial,182,32.84853889,-96.57409167,Vehiculo en movimiento,Golpe Lateral - misma direccion,Not an Intersection,No fue interseccion,Gore?,Ninguna,Dia total,Despejado,No,NO APLICA,99,99,99,99,1,18/04/2022,2
48,Texas,481124,0,0,1,0,29,BEXAR (29),0,NO APLICA,4,Abril,2,2022,0,22,FM 3432/NEW SULPHUR SPRINGS RD,8,Otro,Urbano,Colector Mayor,Not Reported,0,Sin jurisdiccion especial,74,29.34785,-98.29391111,Otro objeto (fijo),El primer evento no fue una colision con un vehiculo automotor en transporte,Not an Intersection,No fue interseccion,Sobre el lado de la calle,Ninguna,Oscuro sin iluminacion,Despejado,No,NO APLICA,99,99,99,99,1,02/04/2022,2
48,Texas,481125,0,0,2,0,239,JACKSON (239),0,NO APLICA,4,Abril,8,2022,6,30,FM 1593,8,Otro,Rural,Colector Mayor,Not Reported,0,Sin jurisdiccion especial,55,28.76537778,-96.55458333,Vehiculo en movimiento,Frente a frente,Not an Intersection,No fue interseccion,Sobre calle,Construccion,Oscuro sin iluminacion,Despejado,No,NO APLICA,99,99,99,99,1,08/04/2022,2
48,Texas,481126,1,1,1,0,249,JIM WELLS (249),0,NO APLICA,4,Abril,13,2022,14,56,SR-44,3,Highway estatal,Rural,Arteria Principal,Not Reported,1,Sin jurisdiccion especial,20,27.758025,-98.2107,Peaton,El primer evento no fue una colision con un vehiculo automotor en transporte,Not an Intersection,No fue interseccion,Sobre calle,Ninguna,Dia total,Despejado,No,NO APLICA,99,98,99,98,1,13/04/2022,0
48,Texas,481127,1,1,1,0,355,NUECES (355),1550,CORPUS CHRISTI,4,Abril,11,2022,21,31,MORGAN AVE,6,Calle Local Municipalidad,Urbano,Arteria Principal,Not Reported,0,Sin jurisdiccion especial,0,27.77815,-97.41235,Peaton,El primer evento no fue una colision con un vehiculo automotor en transporte,Not an Intersection,No fue interseccion,Sobre calle,Ninguna,Oscuro con iluminacion,Despejado,No,NO APLICA,99,99,99,99,1,11/04/2022,1
48,Texas,481128,0,0,2,0,467,VAN ZANDT (467),0,NO APLICA,4,Abril,16,2022,10,49,SR-64,3,Highway estatal,Rural,Arteria Menor,Not Reported,0,Sin jurisdiccion especial,318,32.40613889,-95.59479722,Vehiculo en movimiento,Angulo,Four-Way Intersection,Interseccion de 4 direcciones,Sobre calle,Ninguna,Dia total,Nublado,No,NO APLICA,99,99,99,99,1,16/04/2022,3
48,Texas,481129,0,0,1,0,201,HARRIS (201),3280,HOUSTON,4,Abril,20,2022,2,56,T C JESTER BLVD,6,Calle Local Municipalidad,Urbano,Arteria Menor,Not Reported,0,Sin jurisdiccion especial,0,29.77265556,-95.4177,Objeto fijo desconocido,El primer evento no fue una colision con un vehiculo automotor en transporte,Not an Intersection,No fue interseccion,Sobre el lado de la calle,Ninguna,Oscuro con iluminacion,Despejado,No,NO APLICA,99,98,99,98,1,20/04/2022,1
48,Texas,481130,0,0,2,0,113,DALLAS (113),1730,DALLAS,4,Abril,7,2022,17,47,SR-342/LANCASTER RD,3,Highway estatal,Urbano,Arteria Principal,Not Reported,1,Sin jurisdiccion especial,90,32.66266389,-96.78390278,Vehiculo en movimiento,Angulo,Four-Way Intersection,Interseccion de 4 direcciones,Sobre calle,Ninguna,Dia total,Despejado,No,NO APLICA,99,99,99,99,1,07/04/2022,3
48,Texas,481132,0,0,1,0,375,POTTER (375),150,AMARILLO,4,Abril,27,2022,0,23,GRAND ST,6,Calle Local Municipalidad,Urbano,Arteria Menor,Not Reported,0,Sin jurisdiccion especial,0,35.24976111,-101.7955139,Fin de valla,El primer evento no fue una colision con un vehiculo automotor en transporte,Not an Intersection,No fue interseccion,Sobre el lado de la calle,Ninguna,Oscuro sin iluminacion,Despejado,No,NO APLICA,99,98,99,98,1,27/04/2022,1
48,Texas,481133,0,0,3,2,439,TARRANT (439),3594,KELLER,4,Abril,23,2022,11,42,TOWN CENTER LN,6,Calle Local Municipalidad,Urbano,Local,Not Reported,0,Sin jurisdiccion especial,0,32.93123333,-97.22718889,Vehiculo Aparcado,El primer evento no fue una colision con un vehiculo automotor en transporte,Not an Intersection,No fue interseccion,Fuera de la calle,Ninguna,Dia total,Nublado,No,NO APLICA,99,99,99,99,1,23/04/2022,2
48,Texas,481134,0,0,1,0,359,OLDHAM (359),0,NO APLICA,4,Abril,23,2022,8,0,I-40/OLD ROUTE 66,1,Interestatal,Rural,Interestatal,State Highway Agency,1,Sin jurisdiccion especial,72,35.217125,-102.9037139,Volcadura,El primer evento no fue una colision con un vehiculo automotor en transporte,Not an Intersection,No fue interseccion,Sobre calle,Ninguna,Dia total,Vientos cruzados pero de los mamalones,No,NO APLICA,99,98,99,98,1,23/04/2022,1
48,Texas,481135,0,0,5,0,361,ORANGE (361),5952,ROSE CITY,4,Abril,20,2022,12,55,I-10,1,Interestatal,Urbano,Interestatal,State Highway Agency,1,Sin jurisdiccion especial,131,30.10653889,-94.05384167,Vehiculo en movimiento,Frente a Detrás,Not an Intersection,No fue interseccion,Sobre calle,Ninguna,Dia total,Nublado,No,NO APLICA,99,99,99,99,2,20/04/2022,7
48,Texas,481136,0,0,1,0,453,TRAVIS (453),330,AUSTIN,4,Abril,27,2022,9,50,I-35,1,Interestatal,Urbano,Interestatal,State Highway Agency,1,Sin jurisdiccion especial,99998,88.8888,888.8888,Soporte de Puente,El primer evento no fue una colision con un vehiculo automotor en transporte,Not an Intersection,No fue interseccion,Gore?,Construccion,Reportada como desconocida,Reportado como desconocido,No,NO APLICA,99,98,99,98,1,27/04/2022,1
48,Texas,481137,0,0,2,0,365,PANOLA (365),0,NO APLICA,4,Abril,1,2022,11,0,SR-315,3,Highway estatal,Rural,Arteria Menor,Not Reported,0,Sin jurisdiccion especial,140,32.125825,-94.41308056,Vehiculo en movimiento,Angulo,Not an Intersection,No fue interseccion,Sobre calle,Ninguna,Dia total,Despejado,No,NO APLICA,99,99,99,99,1,01/04/2022,2
48,Texas,481138,0,0,1,0,21,BASTROP (21),0,NO APLICA,4,Abril,22,2022,11,12,FM 2104,8,Otro,Rural,Colector Mayor,Not Reported,0,Sin jurisdiccion especial,97,30.07889167,-97.08806944,Arbol,El primer evento no fue una colision con un vehiculo automotor en transporte,Not an Intersection,No fue interseccion,Sobre el lado de la calle,Ninguna,Dia total,Despejado,No,NO APLICA,99,98,99,98,2,22/04/2022,2
48,Texas,481139,0,0,1,0,191,HALL (191),0,NO APLICA,4,Abril,21,2022,19,54,US-287,2,US Highway,Rural,Arteria Principal,State Highway Agency,1,Sin jurisdiccion especial,93,34.63651111,-100.4767778,Volcadura,El primer evento no fue una colision con un vehiculo automotor en transporte,Not an Intersection,No fue interseccion,En el medio,Ninguna,Oscuro sin iluminacion,Despejado,No,NO APLICA,99,98,99,98,1,21/04/2022,1
48,Texas,481140,0,0,1,0,37,BOWIE (37),0,NO APLICA,4,Abril,25,2022,7,57,I-30,1,Interestatal,Rural,Interestatal,State Highway Agency,1,Sin jurisdiccion especial,285,33.47681667,-94.2741,Poste o otros soportes,El primer evento no fue una colision con un vehiculo automotor en transporte,Not an Intersection,No fue interseccion,Sobre el lado de la calle,Ninguna,Dia total,lluvia,No,NO APLICA,99,98,99,98,1,25/04/2022,1
48,Texas,481141,1,1,1,0,201,HARRIS (201),3280,HOUSTON,4,Abril,18,2022,12,20,SOVEREIGN DR,6,Calle Local Municipalidad,Urbano,Local,Not Reported,0,Sin jurisdiccion especial,0,29.70781667,-95.55376389,Peaton,El primer evento no fue una colision con un vehiculo automotor en transporte,T-Intersection,Interseccion de T,Sobre calle,Ninguna,Dia total,Despejado,No,NO APLICA,99,98,99,98,1,18/04/2022,2
48,Texas,481142,0,0,1,0,309,MCLENNAN (309),0,NO APLICA,4,Abril,17,2022,3,10,SR-6,3,Highway estatal,Urbano,Arteria Principal,Not Reported,1,Sin jurisdiccion especial,275,31.53753333,-97.07260278,Volcadura,El primer evento no fue una colision con un vehiculo automotor en transporte,Not an Intersection,No fue interseccion,Sobre el lado de la calle,Ninguna,Oscuro con iluminacion,Despejado,No,NO APLICA,99,99,99,99,1,17/04/2022,1
48,Texas,481143,1,1,1,0,201,HARRIS (201),3280,HOUSTON,1,Enero,14,2022,22,10,OLD SPANISH TRL,6,Calle Local Municipalidad,Urbano,Arteria Principal,Not Reported,1,Sin jurisdiccion especial,0,29.69059444,-95.4175,Peaton,El primer evento no fue una colision con un vehiculo automotor en transporte,Y-Intersection,Interseccion de Y,Sobre calle,Ninguna,Oscuro con iluminacion,Despejado,No,NO APLICA,99,99,99,99,1,14/01/2022,1
48,Texas,481144,1,1,1,0,491,WILLIAMSON (491),5990,ROUND ROCK,4,Abril,2,2022,6,36,SS 379/MAYS ST,8,Otro,Urbano,Arteria Menor,Not Reported,0,Sin jurisdiccion especial,109,30.52436111,-97.685975,Peaton,El primer evento no fue una colision con un vehiculo automotor en transporte,Not an Intersection,No fue interseccion,Sobre calle,Ninguna,Oscuro sin iluminacion,Despejado,No,NO APLICA,99,99,99,99,1,02/04/2022,1
48,Texas,481145,0,0,2,0,453,TRAVIS (453),330,AUSTIN,3,Marzo,31,2022,19,14,SR-275 LP/CONGRESS AVE,3,Highway estatal,Urbano,Arteria Menor,Not Reported,0,Sin jurisdiccion especial,204,30.171325,-97.78588889,Vehiculo en movimiento,Angulo,Not an Intersection,No fue interseccion,Sobre calle,Ninguna,Dia total,Despejado,No,NO APLICA,99,98,99,98,1,31/03/2022,2
48,Texas,481146,1,1,1,0,453,TRAVIS (453),330,AUSTIN,4,Abril,28,2022,2,2,I-35/PURPLE HEART TRL,1,Interestatal,Urbano,Interestatal,State Highway Agency,1,Sin jurisdiccion especial,128,30.20822222,-97.75616944,Peaton,El primer evento no fue una colision con un vehiculo automotor en transporte,Not an Intersection,No fue interseccion,Sobre calle,Ninguna,Oscuro con iluminacion,Nublado,No,NO APLICA,99,98,99,98,1,28/04/2022,1
48,Texas,481147,1,1,1,0,351,NEWTON (351),0,NO APLICA,4,Abril,21,2022,20,30,SR-62,3,Highway estatal,Rural,Arteria Menor,Not Reported,0,Sin jurisdiccion especial,4,30.252225,-93.899,Peaton,El primer evento no fue una colision con un vehiculo automotor en transporte,Not an Intersection,No fue interseccion,Sobre calle,Ninguna,Oscuro sin iluminacion,Despejado,No,NO APLICA,99,98,99,98,1,21/04/2022,2
48,Texas,481148,0,0,3,0,423,SMITH (423),7070,TYLER,4,Abril,21,2022,10,32,US-69 N,2,US Highway,Urbano,Arteria Principal,Not Reported,1,Sin jurisdiccion especial,88,32.41575,-95.35375556,Vehiculo en movimiento,Frente a Detrás,Not an Intersection,No fue interseccion,Sobre calle,Ninguna,Dia total,Despejado,No,NO APLICA,99,99,99,99,1,21/04/2022,3
48,Texas,481149,0,0,2,0,167,GALVESTON (167),0,NO APLICA,4,Abril,26,2022,12,0,SR-3/E AVE,3,Highway estatal,Urbano,Arteria Principal,Not Reported,1,Sin jurisdiccion especial,52,29.471875,-95.06178056,Vehiculo en movimiento,Angulo,Four-Way Intersection,Interseccion de 4 direcciones,Sobre calle,Ninguna,Dia total,Despejado,No,NO APLICA,99,99,99,99,1,26/04/2022,4
48,Texas,481150,0,0,1,0,355,NUECES (355),1550,CORPUS CHRISTI,4,Abril,29,2022,11,6,ALAMEDA ST,6,Calle Local Municipalidad,Urbano,Arteria Menor,Not Reported,0,Sin jurisdiccion especial,0,27.76996111,-97.39901389,Barda,El primer evento no fue una colision con un vehiculo automotor en transporte,Not an Intersection,No fue interseccion,Fuera de la calle,Ninguna,Dia total,Despejado,No,NO APLICA,99,99,99,99,1,29/04/2022,1
48,Texas,481151,0,0,2,0,395,ROBERTSON (395),0,NO APLICA,3,Marzo,16,2022,6,50,US-190,2,US Highway,Rural,Arteria Principal,Not Reported,1,Sin jurisdiccion especial,126,30.75274444,-96.46526944,Vehiculo en movimiento,Angulo,Not an Intersection,No fue interseccion,Sobre calle,Ninguna,Oscuro sin iluminacion,Despejado,No,NO APLICA,99,99,99,99,1,16/03/2022,7
48,Texas,481152,0,0,4,1,201,HARRIS (201),3280,HOUSTON,3,Marzo,26,2022,11,27,SR-6,3,Highway estatal,Urbano,Arteria Principal,Not Reported,1,Sin jurisdiccion especial,126,29.75593889,-95.64454167,Vehiculo en movimiento,Frente a frente,T-Intersection,Interseccion de T,Sobre calle,Ninguna,Dia total,Despejado,No,NO APLICA,99,99,99,99,1,26/03/2022,8
48,Texas,481153,0,0,2,0,113,DALLAS (113),6001,ROWLETT,4,Abril,23,2022,10,49,SR-66/LAKEVIEW PKY,3,Highway estatal,Urbano,Arteria Principal,Not Reported,1,Sin jurisdiccion especial,363,32.91060278,-96.53138056,Vehiculo en movimiento,Angulo,Four-Way Intersection,Interseccion de 4 direcciones,Sobre calle,Ninguna,Dia total,Nublado,No,NO APLICA,99,99,99,99,1,23/04/2022,4
48,Texas,481154,0,0,2,0,339,MONTGOMERY (339),0,NO APLICA,4,Abril,13,2022,14,15,FM 1488,8,Otro,Urbano,Arteria Menor,Not Reported,0,Sin jurisdiccion especial,102,30.22231944,-95.64824444,Valla Ferrocarril,El primer evento no fue una colision con un vehiculo automotor en transporte,Not an Intersection,No fue interseccion,Sobre el lado de la calle,Ninguna,Dia total,Despejado,No,NO APLICA,99,99,99,99,1,13/04/2022,2
48,Texas,481155,0,0,2,0,91,COMAL (91),0,NO APLICA,4,Abril,7,2022,16,6,FM 3159,8,Otro,Rural,Arteria Menor,Not Reported,0,Sin jurisdiccion especial,163,29.80466667,-98.34888333,Vehiculo en movimiento,Frente a Detrás,Four-Way Intersection,Interseccion de 4 direcciones,Sobre calle,Ninguna,Dia total,Despejado,No,NO APLICA,99,99,99,99,1,07/04/2022,2
48,Texas,481156,0,0,1,0,29,BEXAR (29),6090,SAN ANTONIO,4,Abril,30,2022,4,0,I-35,1,Interestatal,Urbano,Interestatal,State Highway Agency,1,Sin jurisdiccion especial,201,29.39401667,-98.51091944,Volcadura,El primer evento no fue una colision con un vehiculo automotor en transporte,Not an Intersection,No fue interseccion,Sobre calle,Ninguna,Oscuro con iluminacion,Nublado,No,NO APLICA,99,98,99,98,1,30/04/2022,1
48,Texas,481157,0,0,3,0,3,ANDREWS (3),0,NO APLICA,4,Abril,10,2022,2,41,SR-176,3,Highway estatal,Rural,Arteria Menor,Not Reported,0,Sin jurisdiccion especial,94,32.39030278,-102.9294361,Vehiculo en movimiento,Golpe Lateral - direccion contraria,Not an Intersection,No fue interseccion,Sobre calle,Ninguna,Oscuro sin iluminacion,Despejado,No,NO APLICA,99,99,99,99,1,10/04/2022,4
48,Texas,481158,0,0,1,0,303,LUBBOCK (303),0,NO APLICA,4,Abril,25,2022,23,22,CR-1800,4,Calle del Condado,Urbano,Colector Mayor,Not Reported,0,Sin jurisdiccion especial,0,33.44695,-101.9396306,Barda,El primer evento no fue una colision con un vehiculo automotor en transporte,T-Intersection,Interseccion de T,Fuera de la calle,Ninguna,Oscuro sin iluminacion,Despejado,No,NO APLICA,99,98,99,98,1,25/04/2022,1
48,Texas,481159,0,0,2,0,5,ANGELINA (5),0,NO APLICA,4,Abril,24,2022,16,4,FM 706,8,Otro,Urbano,Colector Mayor,Not Reported,0,Sin jurisdiccion especial,22,31.354375,-94.82049167,Vehiculo en movimiento,Angulo,T-Intersection,Interseccion de T,Sobre calle,Ninguna,Dia total,Despejado,No,NO APLICA,99,98,99,98,1,24/04/2022,2
48,Texas,481160,0,0,1,0,201,HARRIS (201),3280,HOUSTON,4,Abril,30,2022,23,17,SCOTT ST,6,Calle Local Municipalidad,Urbano,Arteria Menor,Not Reported,0,Sin jurisdiccion especial,0,29.69191111,-95.36235,Banqueta,El primer evento no fue una colision con un vehiculo automotor en transporte,Not an Intersection,No fue interseccion,En el medio,Ninguna,Oscuro con iluminacion,Despejado,No,NO APLICA,99,99,99,99,1,30/04/2022,1
48,Texas,481161,0,0,2,0,11,ARMSTRONG (11),0,NO APLICA,4,Abril,27,2022,16,14,US-287,2,US Highway,Rural,Arteria Principal,Not Reported,1,Servicio de Parques Nacional,89,35.14546389,-101.4656611,Vehiculo en movimiento,Frente a frente,Not an Intersection,No fue interseccion,Sobre calle,Ninguna,Dia total,Despejado,No,NO APLICA,99,98,99,98,5,27/04/2022,5
48,Texas,481162,0,0,1,0,149,FAYETTE (149),0,NO APLICA,4,Abril,18,2022,15,18,SR-71,3,Highway estatal,Rural,Arteria Principal,Not Reported,1,Sin jurisdiccion especial,40,29.90351944,-96.82648889,Acotamiento,El primer evento no fue una colision con un vehiculo automotor en transporte,Not an Intersection,No fue interseccion,En el medio,Ninguna,Dia total,Despejado,No,NO APLICA,99,98,99,98,1,18/04/2022,1
48,Texas,481163,0,0,1,0,337,MONTAGUE (337),0,NO APLICA,4,Abril,10,2022,11,46,FM 677,8,Otro,Rural,Colector Mayor,Not Reported,0,Sin jurisdiccion especial,39,33.66359167,-97.53199444,Barda,El primer evento no fue una colision con un vehiculo automotor en transporte,Not an Intersection,No fue interseccion,Fuera de la calle,Ninguna,Dia total,Despejado,No,NO APLICA,99,99,99,99,1,10/04/2022,1
48,Texas,481164,0,0,1,0,95,CONCHO (95),0,NO APLICA,4,Abril,24,2022,23,3,FM 1929,8,Otro,Rural,Colector Mayor,Not Reported,0,Sin jurisdiccion especial,141,31.55113611,-99.82973056,Volcadura,El primer evento no fue una colision con un vehiculo automotor en transporte,Not an Intersection,No fue interseccion,Sobre el lado de la calle,Ninguna,Oscuro sin iluminacion,Despejado,No,NO APLICA,99,98,99,98,1,24/04/2022,1
48,Texas,481165,0,0,1,0,189,HALE (189),0,NO APLICA,4,Abril,13,2022,0,20,US-70/ALTON RD,2,US Highway,Rural,Arteria Menor,Not Reported,0,Sin jurisdiccion especial,160,34.18933889,-101.7807222,Buzon de correo,El primer evento no fue una colision con un vehiculo automotor en transporte,Not an Intersection,No fue interseccion,Sobre el lado de la calle,Ninguna,Oscuro sin iluminacion,Despejado,No,NO APLICA,99,98,99,98,1,13/04/2022,1
48,Texas,481166,0,0,3,0,113,DALLAS (113),2590,GARLAND,4,Abril,21,2022,23,49,SR-66 E,3,Highway estatal,Urbano,Arteria Principal,Not Reported,1,Sin jurisdiccion especial,315,32.91079167,-96.61190556,Vehiculo en movimiento,Angulo,Four-Way Intersection,Interseccion de 4 direcciones,Sobre calle,Ninguna,Oscuro con iluminacion,Despejado,No,NO APLICA,99,98,99,98,1,21/04/2022,8
48,Texas,481167,0,0,2,0,349,NAVARRO (349),0,NO APLICA,2,Febrero,26,2022,17,21,FM 1603,8,Otro,Rural,Colector Mayor,Not Reported,0,Sin jurisdiccion especial,58,32.25359167,-96.39588889,Vehiculo en movimiento,Angulo,Four-Way Intersection,Interseccion de 4 direcciones,Sobre calle,Ninguna,Oscuro sin iluminacion,lluvia,No,NO APLICA,99,99,99,99,1,26/02/2022,9
48,Texas,481168,0,0,1,0,181,GRAYSON (181),6350,SHERMAN,3,Marzo,28,2022,11,12,SR-91/TEXOMA PKWY,3,Highway estatal,Urbano,Arteria Principal,Not Reported,1,Sin jurisdiccion especial,100,33.695275,-96.575225,Arbol,El primer evento no fue una colision con un vehiculo automotor en transporte,Four-Way Intersection,Interseccion de 4 direcciones,Sobre el lado de la calle,Ninguna,Dia total,Despejado,No,NO APLICA,99,99,99,99,1,28/03/2022,1
48,Texas,481169,0,0,2,0,205,HARTLEY (205),0,NO APLICA,4,Abril,21,2022,4,45,US-54,2,US Highway,Rural,Arteria Principal,Not Reported,1,Sin jurisdiccion especial,159,36.00316111,-102.6003139,Vehiculo en movimiento,Frente a frente,Not an Intersection,No fue interseccion,Sobre Acotamiento,Construccion,Oscuro sin iluminacion,Despejado,No,NO APLICA,99,99,99,99,1,21/04/2022,2
48,Texas,481170,0,0,2,0,111,DALLAM (111),0,NO APLICA,4,Abril,22,2022,7,55,US-87,2,US Highway,Rural,Arteria Principal,Not Reported,1,Sin jurisdiccion especial,227,36.19027778,-102.7197333,Vehiculo en movimiento,Frente a Detrás,Not an Intersection,No fue interseccion,Sobre calle,Ninguna,Dia total,Despejado,No,NO APLICA,99,98,99,98,1,22/04/2022,2
48,Texas,481171,0,0,2,0,205,HARTLEY (205),0,NO APLICA,4,Abril,17,2022,21,31,US-385,2,US Highway,Rural,Arteria Menor,State Highway Agency,0,Sin jurisdiccion especial,173,35.85125,-102.3773583,Vehiculo en movimiento,Frente a frente,Not an Intersection,No fue interseccion,Sobre calle,Ninguna,Oscuro sin iluminacion,Despejado,No,NO APLICA,99,99,99,99,2,17/04/2022,2
48,Texas,481172,0,0,2,0,183,GREGG (183),4080,LONGVIEW,4,Abril,30,2022,19,0,US-259/EASTMAN RD,2,US Highway,Urbano,Arteria Principal,Not Reported,1,Sin jurisdiccion especial,124,32.54682222,-94.727375,Vehiculo en movimiento,Frente a frente,Four-Way Intersection,Interseccion de 4 direcciones,Sobre calle,Ninguna,Dia total,Despejado,No,NO APLICA,99,98,99,98,1,30/04/2022,2
48,Texas,481173,0,0,2,0,453,TRAVIS (453),0,NO APLICA,4,Abril,24,2022,6,31,FM 973,8,Otro,Urbano,Arteria Menor,Not Reported,0,Sin jurisdiccion especial,81,30.25027778,-97.61616944,Vehiculo en movimiento,Frente a frente,Not an Intersection,No fue interseccion,Sobre calle,Ninguna,Amanecer,Nublado,No,NO APLICA,99,99,99,99,1,24/04/2022,2
48,Texas,481174,1,1,1,0,215,HIDALGO (215),3165,HIDALGO,4,Abril,22,2022,21,26,SR-336,3,Highway estatal,Urbano,Arteria Principal,Not Reported,1,Sin jurisdiccion especial,132,26.12309167,-98.24398611,Peaton,El primer evento no fue una colision con un vehiculo automotor en transporte,Not an Intersection,No fue interseccion,Sobre el lado de la calle,Ninguna,Oscuro con iluminacion,Despejado,No,NO APLICA,99,99,99,99,1,22/04/2022,1
48,Texas,481175,0,0,2,0,121,DENTON (121),5350,PILOT POINT,4,Abril,20,2022,12,5,US-377 /CR-TEXAS LAKES TRL,2,US Highway,Rural,Arteria Menor,State Highway Agency,0,Sin jurisdiccion especial,2,33.41401944,-96.940375,Vehiculo en movimiento,Frente a frente,Not an Intersection,No fue interseccion,Sobre calle,Ninguna,Dia total,Despejado,No,NO APLICA,99,99,99,99,1,20/04/2022,2
48,Texas,481176,0,0,1,0,245,JEFFERSON (245),0,NO APLICA,4,Abril,26,2022,0,20,CR-HAMSHIRE RD,4,Calle del Condado,Rural,Local,Not Reported,0,Sin jurisdiccion especial,0,29.87808611,-94.3488,Culvert,El primer evento no fue una colision con un vehiculo automotor en transporte,Not an Intersection,No fue interseccion,Sobre el lado de la calle,Ninguna,Oscuro sin iluminacion,Nublado,No,NO APLICA,99,99,99,99,1,26/04/2022,4
48,Texas,481177,0,0,1,0,225,HOUSTON (225),0,NO APLICA,5,Mayo,1,2022,3,30,SR-19,3,Highway estatal,Rural,Arteria Menor,Not Reported,0,Sin jurisdiccion especial,64,31.22857222,-95.481125,Culvert,El primer evento no fue una colision con un vehiculo automotor en transporte,Not an Intersection,No fue interseccion,Sobre el lado de la calle,Ninguna,Oscuro sin iluminacion,Nublado,No,NO APLICA,99,98,99,98,1,01/05/2022,1
48,Texas,481178,1,1,1,0,167,GALVESTON (167),0,NO APLICA,5,Mayo,2,2022,7,4,SR-87,3,Highway estatal,Rural,Arteria Principal,Not Reported,1,Sin jurisdiccion especial,244,29.39791667,-94.72788611,Peaton,El primer evento no fue una colision con un vehiculo automotor en transporte,Not an Intersection,No fue interseccion,Sobre calle,Ninguna,Amanecer,Nublado,No,NO APLICA,99,98,99,98,1,02/05/2022,0