Estado,Nombre de Estado,Numero de Caso,Peatones,Personas _no_vehiculos,Vehiculos automotores,Vehiculos estacionados,Condado,Nombre Condado,Ciudad,Nombre Ciudad,Mes,Nombre Mes,Dia,Año,Hora,Minuto,Calle,Ruta,Nombre Ruta,Rural o Urbanoo,Sistema Funcional,Dueño Calle,Sistema Nacional Carreteras,Jurisdiccion Especial,Milla,Latitud,Longitud,Causa del Accidente,Tipo de Accidente,Tipo Interseccion,Columna1,Lugar en la calle,Zona de Trabajo,Luz,Clima,Autobus Escolar,Cruce de Trenes,Hora Notificacion,Minuto Notificacion,Hora Llegada,Minuto Llegada,Decesos,Fecha,PersonaVehiculo
48,Texas,481179,0,0,1,0,403,SABINE (403),0,NO APLICA,4,Abril,14,2022,14,30,FM 83/TIMBERLAND HWY,8,Otro,Rural,Colector Mayor,Not Reported,0,Sin jurisdiccion especial,9,31.25189444,-94.01366944,Culvert,El primer evento no fue una colision con un vehiculo automotor en transporte,Not an Intersection,No fue interseccion,Sobre el lado de la calle,Ninguna,Dia total,Despejado,No,NO APLICA,99,99,99,99,1,14/04/2022,1
48,Texas,481180,0,0,3,0,201,HARRIS (201),3280,HOUSTON,3,Marzo,21,2022,15,3,ALDINE BENDER RD,6,Calle Local Municipalidad,Urbano,Arteria Menor,Not Reported,0,Sin jurisdiccion especial,10,29.93185556,-95.39536389,Vehiculo en movimiento,Angulo,Four-Way Intersection,Interseccion de 4 direcciones,Sobre calle,Ninguna,Dia total,lluvia,No,NO APLICA,99,99,99,99,1,21/03/2022,7
48,Texas,481181,0,0,1,0,121,DENTON (121),0,NO APLICA,4,Abril,27,2022,7,44,CR-H LIVELY RD,4,Calle del Condado,Rural,Local,Not Reported,0,Sin jurisdiccion especial,0,33.16770833,-97.22995556,Arbol,El primer evento no fue una colision con un vehiculo automotor en transporte,Not an Intersection,No fue interseccion,Sobre el lado de la calle,Ninguna,Dia total,Despejado,No,NO APLICA,99,98,99,98,1,27/04/2022,1
48,Texas,481182,0,0,2,0,445,TERRY (445),0,NO APLICA,5,Mayo,1,2022,17,12,US-62,2,US Highway,Rural,Arteria Principal,Not Reported,1,Sin jurisdiccion especial,110,33.06587778,-102.40765,Vehiculo en movimiento,Angulo,Not an Intersection,No fue interseccion,Sobre calle,Ninguna,Dia total,lluvia,No,NO APLICA,99,99,99,99,3,01/05/2022,5
48,Texas,481183,0,0,1,0,139,ELLIS (139),0,NO APLICA,4,Abril,14,2022,11,51,CR-ARMSTRONG RD,4,Calle del Condado,Rural,Local,Not Reported,0,Sin jurisdiccion especial,0,32.36787778,-97.02616389,Barda,El primer evento no fue una colision con un vehiculo automotor en transporte,Not an Intersection,No fue interseccion,Fuera de la calle,Ninguna,Dia total,Despejado,No,NO APLICA,99,99,99,99,1,14/04/2022,3
48,Texas,481184,0,0,2,0,69,CASTRO (69),0,NO APLICA,4,Abril,14,2022,6,30,US-60,2,US Highway,Rural,Arteria Principal,Not Reported,1,Sin jurisdiccion especial,8,34.73611111,-102.5128167,Vehiculo en movimiento,Frente a Detrás,Four-Way Intersection,Interseccion de 4 direcciones,Sobre calle,Ninguna,Oscuro sin iluminacion,Despejado,No,Unknown,99,99,99,99,1,14/04/2022,2
48,Texas,481186,0,0,2,0,201,HARRIS (201),3280,HOUSTON,4,Abril,24,2022,22,45,I-10/EAST FWY,7,Calle Local,Urbano,Colector Mayor,State Highway Agency,0,Sin jurisdiccion especial,81,29.77407222,-95.23571944,Vehiculo en movimiento,Golpe Lateral - misma direccion,Not an Intersection,No fue interseccion,Sobre calle,Ninguna,Oscuro con iluminacion,Despejado,No,NO APLICA,99,98,99,98,1,24/04/2022,2
48,Texas,481187,0,0,2,0,427,STARR (427),5780,RIO GRANDE CITY,4,Abril,17,2022,0,20,US-83,2,US Highway,Urbano,Arteria Principal,Not Reported,1,Sin jurisdiccion especial,413,26.31353611,-98.65578333,Vehiculo en movimiento,Angulo,T-Intersection,Interseccion de T,Sobre calle,Ninguna,Oscuro sin iluminacion,Despejado,No,NO APLICA,99,99,99,99,1,17/04/2022,8
48,Texas,481188,0,0,2,0,441,TAYLOR (441),30,ABILENE,4,Abril,26,2022,19,31,US-80,2,US Highway,Urbano,Arteria Principal,Not Reported,1,Sin jurisdiccion especial,100,32.44595556,-99.68256389,Vehiculo en movimiento,Angulo,T-Intersection,Interseccion de T,Sobre calle,Ninguna,Atardecer,Despejado,No,NO APLICA,99,98,99,98,2,26/04/2022,3
48,Texas,481189,1,1,2,0,201,HARRIS (201),3280,HOUSTON,3,Marzo,1,2022,19,39,I-45,1,Interestatal,Urbano,Interestatal,State Highway Agency,1,Sin jurisdiccion especial,17,29.52941389,-95.13112222,Vehiculo en movimiento,Golpe Lateral - misma direccion,Not an Intersection,No fue interseccion,Sobre calle,Ninguna,Oscuro con iluminacion,Despejado,No,NO APLICA,99,98,99,98,1,01/03/2022,2
48,Texas,481190,0,0,1,0,11,ARMSTRONG (11),0,NO APLICA,4,Abril,29,2022,6,15,US-287,2,US Highway,Rural,Arteria Principal,Not Reported,1,Sin jurisdiccion especial,80,35.14992222,-101.4808194,Volcadura,El primer evento no fue una colision con un vehiculo automotor en transporte,Not an Intersection,No fue interseccion,En el medio,Ninguna,Oscuro sin iluminacion,Despejado,No,NO APLICA,99,99,99,99,1,29/04/2022,2
48,Texas,481191,1,1,1,0,423,SMITH (423),0,NO APLICA,4,Abril,24,2022,1,39,SR-64/ERWIN ST,3,Highway estatal,Urbano,Arteria Principal,Not Reported,1,Sin jurisdiccion especial,67,32.35776667,-95.36241111,Peaton,El primer evento no fue una colision con un vehiculo automotor en transporte,Not an Intersection,No fue interseccion,Sobre calle,Ninguna,Oscuro sin iluminacion,Nublado,No,NO APLICA,99,99,99,99,1,24/04/2022,2
48,Texas,481192,0,0,1,0,451,TOM GREEN (451),0,NO APLICA,4,Abril,22,2022,19,5,CR-MIKULIK RD,4,Calle del Condado,Rural,Local,Not Reported,0,Sin jurisdiccion especial,0,31.36006111,-100.3657278,Buzon de correo,El primer evento no fue una colision con un vehiculo automotor en transporte,Not an Intersection,No fue interseccion,Sobre el lado de la calle,Ninguna,Dia total,Despejado,No,NO APLICA,99,98,99,98,1,22/04/2022,1
48,Texas,481193,0,0,1,0,29,BEXAR (29),6090,SAN ANTONIO,4,Abril,20,2022,15,57,HOLMGREEN RD,6,Calle Local Municipalidad,Urbano,Local,Not Reported,0,Sin jurisdiccion especial,0,29.40251944,-98.41593889,Poste de Señal de trafico,El primer evento no fue una colision con un vehiculo automotor en transporte,Not an Intersection,No fue interseccion,Sobre el lado de la calle,Ninguna,Dia total,Despejado,No,NO APLICA,99,98,99,98,1,20/04/2022,1
48,Texas,481194,0,0,1,0,407,SAN JACINTO (407),0,NO APLICA,4,Abril,29,2022,14,57,SR-156,3,Highway estatal,Rural,Arteria Menor,Not Reported,0,Sin jurisdiccion especial,69,30.67192222,-95.19097222,Valla Ferrocarril,El primer evento no fue una colision con un vehiculo automotor en transporte,Not an Intersection,No fue interseccion,Sobre el lado de la calle,Ninguna,Dia total,Despejado,No,NO APLICA,99,98,99,98,1,29/04/2022,1
48,Texas,481195,0,0,1,0,491,WILLIAMSON (491),0,NO APLICA,4,Abril,29,2022,23,41,CR-RONALD REAGAN BLVD,4,Calle del Condado,Rural,Arteria Menor,Not Reported,0,Sin jurisdiccion especial,0,30.76294167,-97.672125,Culvert,El primer evento no fue una colision con un vehiculo automotor en transporte,Not an Intersection,No fue interseccion,Sobre el lado de la calle,Ninguna,Oscuro sin iluminacion,Despejado,No,NO APLICA,99,98,99,98,1,29/04/2022,1
48,Texas,481196,0,0,2,0,469,VICTORIA (469),7190,VICTORIA,4,Abril,21,2022,7,34,US-59 BUSINESS/HOUSTON HWY,2,US Highway,Urbano,Arteria Principal,Not Reported,1,Sin jurisdiccion especial,59,28.81195556,-96.97444722,Vehiculo en movimiento,Angulo,Four-Way Intersection,Interseccion de 4 direcciones,Sobre calle,Ninguna,Dia total,Despejado,No,NO APLICA,99,99,99,99,1,21/04/2022,3
48,Texas,481197,0,0,2,0,223,HOPKINS (223),0,NO APLICA,4,Abril,21,2022,8,33,FM 1567,8,Otro,Rural,Colector Mayor,Not Reported,0,Sin jurisdiccion especial,240,33.01463889,-95.52014444,Vehiculo en movimiento,Angulo,T-Intersection,Interseccion de T,Sobre calle,Ninguna,Dia total,Despejado,No,NO APLICA,99,98,99,98,1,21/04/2022,2
48,Texas,481198,0,0,1,0,257,KAUFMAN (257),0,NO APLICA,4,Abril,28,2022,9,50,FM 2728,8,Otro,Rural,Colector Mayor,Not Reported,0,Sin jurisdiccion especial,23,32.69332778,-96.187275,Barda,El primer evento no fue una colision con un vehiculo automotor en transporte,Not an Intersection,No fue interseccion,Fuera de la calle,Ninguna,Dia total,Despejado,No,NO APLICA,99,98,99,98,1,28/04/2022,1
48,Texas,481199,0,0,2,0,169,GARZA (169),0,NO APLICA,4,Abril,22,2022,8,40,US-84,2,US Highway,Rural,Arteria Principal,Not Reported,1,Sin jurisdiccion especial,47,33.30153056,-101.5110306,Vehiculo en movimiento,Angulo,Four-Way Intersection,Interseccion de 4 direcciones,Sobre calle,Ninguna,Dia total,Despejado,No,NO APLICA,99,99,99,99,1,22/04/2022,3
48,Texas,481200,1,1,1,0,367,PARKER (367),0,NO APLICA,4,Abril,25,2022,16,3,CR-CANYON CREEK CIR,4,Calle del Condado,Rural,Local,Not Reported,0,Sin jurisdiccion especial,0,32.71026111,-97.88779722,Peaton,El primer evento no fue una colision con un vehiculo automotor en transporte,Not an Intersection,No fue interseccion,Sobre calle,Ninguna,Dia total,Nublado,Yes,NO APLICA,99,99,99,99,1,25/04/2022,1
48,Texas,481201,0,0,3,0,409,SAN PATRICIO (409),3380,INGLESIDE,4,Abril,29,2022,21,10,FM 1069/MAIN ST,8,Otro,Urbano,Colector Mayor,Not Reported,0,Sin jurisdiccion especial,28,27.90807778,-97.18939722,Vehiculo en movimiento,Frente a frente,Not an Intersection,No fue interseccion,"Izquierda continua, carril de vuelta",Ninguna,Oscuro sin iluminacion,Nublado,No,NO APLICA,99,99,99,99,1,29/04/2022,4
48,Texas,481202,0,0,1,0,21,BASTROP (21),0,NO APLICA,4,Abril,28,2022,20,28,SR-71,3,Highway estatal,Rural,Arteria Principal,Not Reported,1,Sin jurisdiccion especial,289,29.98956111,-97.12445,Valla Ferrocarril,El primer evento no fue una colision con un vehiculo automotor en transporte,Not an Intersection,No fue interseccion,En el medio,Ninguna,Oscuro sin iluminacion,Despejado,No,NO APLICA,99,98,99,98,1,28/04/2022,1
48,Texas,481203,1,1,1,0,309,MCLENNAN (309),0,NO APLICA,4,Abril,25,2022,22,8,FM 2490,8,Otro,Rural,Colector Mayor,Not Reported,0,Sin jurisdiccion especial,19,31.70715833,-97.29471944,Ciclista,El primer evento no fue una colision con un vehiculo automotor en transporte,Not an Intersection,No fue interseccion,Sobre calle,Ninguna,Oscuro sin iluminacion,Despejado,No,NO APLICA,99,98,99,98,1,25/04/2022,1
48,Texas,481204,0,0,1,0,215,HIDALGO (215),0,NO APLICA,4,Abril,15,2022,19,58,FM 490,8,Otro,Urbano,Colector Mayor,Not Reported,0,Sin jurisdiccion especial,47,26.44155833,-98.05971111,Poste de Señal de trafico,El primer evento no fue una colision con un vehiculo automotor en transporte,Not an Intersection,No fue interseccion,Sobre el lado de la calle,Ninguna,Dia total,Despejado,No,NO APLICA,99,99,99,99,2,15/04/2022,8
48,Texas,481205,0,0,3,1,241,JASPER (241),0,NO APLICA,4,Abril,28,2022,17,25,SR-63,3,Highway estatal,Urbano,Arteria Menor,Not Reported,0,Sin jurisdiccion especial,53,31.02906389,-94.17168056,Vehiculo en movimiento,Frente a Detrás,Not an Intersection,No fue interseccion,Sobre calle,Ninguna,Dia total,Despejado,No,NO APLICA,99,99,99,99,1,28/04/2022,2
48,Texas,481206,0,0,1,0,27,BELL (27),0,NO APLICA,5,Mayo,1,2022,23,30,CR-HUNT HILL RD,4,Calle del Condado,Rural,Local,Not Reported,0,Sin jurisdiccion especial,0,30.9446,-97.22843056,Otra no colicion,El primer evento no fue una colision con un vehiculo automotor en transporte,Not an Intersection,No fue interseccion,Sobre calle,Construccion,Oscuro sin iluminacion,Nublado,No,NO APLICA,99,99,99,99,1,01/05/2022,2
48,Texas,481207,0,0,3,0,215,HIDALGO (215),7330,WESLACO,4,Abril,30,2022,19,16,FM 1015/INTERNATIONAL BLVD,8,Otro,Urbano,Arteria Principal,Not Reported,1,Sin jurisdiccion especial,105,26.14122778,-97.95811944,Vehiculo en movimiento,Frente a Detrás,Four-Way Intersection,Interseccion de 4 direcciones,"Izquierda continua, carril de vuelta",Ninguna,Dia total,Despejado,No,NO APLICA,99,99,99,99,1,30/04/2022,5
48,Texas,481208,0,0,3,0,209,HAYS (209),6170,SAN MARCOS,4,Abril,29,2022,16,18,SR-82 AQUARENA SPRINGS DR,3,Highway estatal,Urbano,Arteria Principal,Not Reported,1,Sin jurisdiccion especial,13,29.88977778,-97.93155,Vehiculo en movimiento,Frente a Detrás,T-Intersection,Interseccion de T,Sobre calle,Ninguna,Dia total,Despejado,Yes,NO APLICA,99,99,99,99,1,29/04/2022,6
48,Texas,481209,0,0,2,0,399,RUNNELS (399),0,NO APLICA,5,Mayo,2,2022,18,9,US-83,2,US Highway,Rural,Arteria Principal,Not Reported,1,Sin jurisdiccion especial,207,31.79256944,-99.93397778,Vehiculo en movimiento,Angulo,Not an Intersection,No fue interseccion,Sobre calle,Ninguna,Dia total,Despejado,No,NO APLICA,99,99,99,99,1,02/05/2022,2
48,Texas,481210,0,0,2,0,61,CAMERON (61),3030,HARLINGEN,4,Abril,30,2022,13,58,SR-499 LP/COLONEL BILL CARD JR,3,Highway estatal,Urbano,Arteria Principal,Not Reported,1,Sin jurisdiccion especial,0,26.19075556,-97.66299167,Vehiculo en movimiento,Angulo,Four-Way Intersection,Interseccion de 4 direcciones,Sobre calle,Ninguna,Dia total,Nublado,No,NO APLICA,99,99,99,99,1,30/04/2022,3
48,Texas,481211,0,0,2,0,441,TAYLOR (441),30,ABILENE,5,Mayo,4,2022,20,4,US-83,2,US Highway,Urbano,Arterial Principal -Freeway o ExpressWay,Not Reported,1,Sin jurisdiccion especial,70,32.36217778,-99.74230278,Vehiculo en movimiento,Frente a frente,Not an Intersection,No fue interseccion,Sobre calle,Ninguna,Dia total,Despejado,No,NO APLICA,99,98,99,98,2,04/05/2022,2
48,Texas,481212,0,0,1,0,439,TARRANT (439),2800,GRAND PRAIRIE,4,Abril,24,2022,20,13,GREAT SOUTHWEST PKWY,6,Calle Local Municipalidad,Urbano,Arteria Menor,Not Reported,0,Sin jurisdiccion especial,0,32.73245278,-97.046025,Arbol,El primer evento no fue una colision con un vehiculo automotor en transporte,Not an Intersection,No fue interseccion,Sobre el lado de la calle,Ninguna,Oscuro con iluminacion,lluvia,No,NO APLICA,99,99,99,99,1,24/04/2022,2
48,Texas,481213,1,1,1,0,249,JIM WELLS (249),0,NO APLICA,4,Abril,24,2022,21,13,FM 3376,8,Otro,Rural,Colector Mayor,Not Reported,0,Sin jurisdiccion especial,20,27.78887222,-98.05434722,Ciclista,El primer evento no fue una colision con un vehiculo automotor en transporte,Not an Intersection,No fue interseccion,Sobre calle,Ninguna,Oscuro con iluminacion,Despejado,No,NO APLICA,99,98,99,98,1,24/04/2022,1
48,Texas,481214,1,1,1,0,215,HIDALGO (215),6160,SAN JUAN,4,Abril,16,2022,1,28,CARROLL RD,6,Calle Local Municipalidad,Urbano,Local,Not Reported,0,Sin jurisdiccion especial,0,26.19180278,-98.14316389,Peaton,El primer evento no fue una colision con un vehiculo automotor en transporte,Not an Intersection,No fue interseccion,Sobre calle,Ninguna,Oscuro sin iluminacion,Despejado,No,NO APLICA,99,98,99,98,1,16/04/2022,1
48,Texas,481215,1,1,1,0,201,HARRIS (201),3280,HOUSTON,3,Marzo,23,2022,3,55,LOOP 494,6,Calle Local Municipalidad,Urbano,Arteria Menor,Not Reported,0,Sin jurisdiccion especial,99998,30.03206667,-95.25546944,Ciclista,El primer evento no fue una colision con un vehiculo automotor en transporte,Not an Intersection,No fue interseccion,Sobre calle,Ninguna,Oscuro sin iluminacion,Despejado,No,NO APLICA,99,98,99,98,1,23/03/2022,1
48,Texas,481216,0,0,2,0,27,BELL (27),3690,KILLEEN,5,Mayo,2,2022,23,6,FM 439,8,Otro,Urbano,Arteria Principal,Not Reported,1,Sin jurisdiccion especial,142,31.115375,-97.66537778,Vehiculo en movimiento,Angulo,Four-Way Intersection,Interseccion de 4 direcciones,Sobre calle,Ninguna,Oscuro con iluminacion,Despejado,No,NO APLICA,99,99,99,99,1,02/05/2022,4
48,Texas,481217,0,0,1,0,69,CASTRO (69),0,NO APLICA,4,Abril,28,2022,10,25,FM 145,8,Otro,Rural,Colector Mayor,Not Reported,0,Sin jurisdiccion especial,75,34.3839,-102.3950694,Culvert,El primer evento no fue una colision con un vehiculo automotor en transporte,Not an Intersection,No fue interseccion,Sobre el lado de la calle,Ninguna,Dia total,Despejado,No,NO APLICA,99,99,99,99,1,28/04/2022,1
48,Texas,481218,1,1,1,0,201,HARRIS (201),3280,HOUSTON,4,Abril,29,2022,5,5,I-45/GULF FWY,1,Interestatal,Urbano,Interestatal,State Highway Agency,1,Sin jurisdiccion especial,206,29.72933889,-95.33876944,Peaton,El primer evento no fue una colision con un vehiculo automotor en transporte,Not an Intersection,No fue interseccion,Sobre calle,Ninguna,Dia total,Despejado,No,NO APLICA,99,98,99,98,1,29/04/2022,1
48,Texas,481219,0,0,1,0,339,MONTGOMERY (339),0,NO APLICA,4,Abril,17,2022,17,53,I-69,1,Interestatal,Urbano,Interestatal,State Highway Agency,1,Sin jurisdiccion especial,108,30.18649722,-95.19461389,Volcadura,El primer evento no fue una colision con un vehiculo automotor en transporte,Not an Intersection,No fue interseccion,Sobre calle,Ninguna,Dia total,Nublado,No,NO APLICA,99,99,99,99,1,17/04/2022,2
48,Texas,481220,1,1,1,0,309,MCLENNAN (309),7210,WACO,5,Mayo,7,2022,1,50,I-35,1,Interestatal,Urbano,Interestatal,State Highway Agency,1,Sin jurisdiccion especial,112,31.49196111,-97.13381667,Peaton,El primer evento no fue una colision con un vehiculo automotor en transporte,Not an Intersection,No fue interseccion,Sobre calle,Ninguna,Oscuro con iluminacion,Despejado,No,NO APLICA,99,98,99,98,1,07/05/2022,1
48,Texas,481221,0,0,2,0,423,SMITH (423),0,NO APLICA,5,Mayo,6,2022,20,40,SR-31,3,Highway estatal,Rural,Arteria Principal,Not Reported,1,Sin jurisdiccion especial,250,32.37279722,-95.04165,Vehiculo en movimiento,Angulo,Not an Intersection,No fue interseccion,Sobre calle,Ninguna,Oscuro sin iluminacion,Despejado,No,NO APLICA,99,99,99,99,2,06/05/2022,3
48,Texas,481222,0,0,2,0,181,GRAYSON (181),1830,DENISON,5,Mayo,1,2022,2,14,SR-503 SPUR/EISENHOWER PKWY,3,Highway estatal,Urbano,Arteria Principal,Not Reported,1,Sin jurisdiccion especial,70,33.72736389,-96.54195833,Vehiculo en movimiento,Frente a frente,Not an Intersection,No fue interseccion,Sobre calle,Ninguna,Oscuro con iluminacion,Despejado,No,NO APLICA,99,99,99,99,1,01/05/2022,3
48,Texas,481223,0,0,2,0,181,GRAYSON (181),6350,SHERMAN,4,Abril,26,2022,18,11,SR-91/TEXOMA PKWY,3,Highway estatal,Urbano,Arteria Principal,Not Reported,1,Sin jurisdiccion especial,98,33.695925,-96.57555833,Vehiculo en movimiento,Angulo,T-Intersection,Interseccion de T,Sobre calle,Ninguna,Dia total,Despejado,No,NO APLICA,99,98,99,98,1,26/04/2022,3
48,Texas,481225,0,0,4,0,209,HAYS (209),6170,SAN MARCOS,4,Abril,25,2022,1,38,I-35,1,Interestatal,Urbano,Interestatal,State Highway Agency,1,Sin jurisdiccion especial,130,29.94551667,-97.88140278,Volcadura,El primer evento no fue una colision con un vehiculo automotor en transporte,Not an Intersection,No fue interseccion,Separador,Ninguna,Oscuro con iluminacion,Despejado,No,NO APLICA,99,98,99,98,1,25/04/2022,4
48,Texas,481226,1,1,1,0,347,NACOGDOCHES (347),0,NO APLICA,5,Mayo,4,2022,23,10,US-259,2,US Highway,Rural,Arteria Principal,Not Reported,1,Sin jurisdiccion especial,110,31.68573611,-94.66888889,Peaton,El primer evento no fue una colision con un vehiculo automotor en transporte,Not an Intersection,No fue interseccion,Sobre calle,Ninguna,Oscuro sin iluminacion,Despejado,No,NO APLICA,99,98,99,98,1,04/05/2022,1
48,Texas,481227,0,0,2,0,305,LYNN (305),0,NO APLICA,5,Mayo,4,2022,2,32,US-87,2,US Highway,Rural,Arteria Principal,Not Reported,1,Sin jurisdiccion especial,182,33.03239167,-101.8066333,Vehiculo en movimiento,Angulo,Not an Intersection,No fue interseccion,Sobre calle,Ninguna,Oscuro sin iluminacion,Nublado,No,NO APLICA,99,98,99,98,1,04/05/2022,2
48,Texas,481228,0,0,4,0,439,TARRANT (439),2450,FORT WORTH,5,Mayo,1,2022,1,42,I-820,1,Interestatal,Urbano,Interestatal,State Highway Agency,1,Sin jurisdiccion especial,101,32.66956667,-97.30888333,Vehiculo en movimiento,Angulo,Not an Intersection,No fue interseccion,Sobre calle,Ninguna,Oscuro sin iluminacion,Despejado,No,NO APLICA,99,98,99,98,1,01/05/2022,6
48,Texas,481229,0,0,2,0,381,RANDALL (381),150,AMARILLO,5,Mayo,6,2022,11,50,34TH AVE,6,Calle Local Municipalidad,Urbano,Arteria Menor,Not Reported,0,Sin jurisdiccion especial,0,35.17840833,-101.850725,Vehiculo en movimiento,Golpe Lateral - misma direccion,Not an Intersection,No fue interseccion,Sobre calle,Ninguna,Dia total,Despejado,No,NO APLICA,99,99,99,99,2,06/05/2022,5
48,Texas,481230,0,0,2,0,201,HARRIS (201),0,NO APLICA,4,Abril,28,2022,19,30,FM 2920,8,Otro,Urbano,Arteria Principal,Not Reported,0,Sin jurisdiccion especial,177,30.07054167,-95.466975,Vehiculo en movimiento,Angulo,T-Intersection,Interseccion de T,Sobre calle,Ninguna,Dia total,Despejado,No,NO APLICA,99,99,99,99,1,28/04/2022,2
48,Texas,481231,1,1,1,0,201,HARRIS (201),0,NO APLICA,5,Mayo,1,2022,23,44,STUEBNER AIRLINE RD,6,Calle Local Municipalidad,Urbano,Arteria Principal,Not Reported,0,Sin jurisdiccion especial,0,30.01461111,-95.517625,Peaton,El primer evento no fue una colision con un vehiculo automotor en transporte,Not an Intersection,No fue interseccion,Fuera de la calle,Ninguna,Oscuro sin iluminacion,Nublado,No,NO APLICA,99,99,99,99,1,01/05/2022,1
48,Texas,481232,0,0,3,0,201,HARRIS (201),3280,HOUSTON,5,Mayo,2,2022,4,45,I-45 RAMP/NORTH FWY,1,Interestatal,Urbano,Interestatal,State Highway Agency,1,Sin jurisdiccion especial,253,29.60975833,-95.20853611,Vehiculo en movimiento,Frente a Detrás,Not an Intersection,No fue interseccion,Sobre calle,Ninguna,Oscuro con iluminacion,Nublado,No,NO APLICA,99,99,99,99,1,02/05/2022,3
48,Texas,481233,0,0,1,0,425,SOMERVELL (425),2680,GLEN ROSE,4,Abril,25,2022,11,41,US-67,2,US Highway,Rural,Arteria Principal,Not Reported,1,Sin jurisdiccion especial,88,32.23889167,-97.75587222,Fuego/Explosion,El primer evento no fue una colision con un vehiculo automotor en transporte,Four-Way Intersection,Interseccion de 4 direcciones,Sobre calle,Ninguna,Dia total,Despejado,No,NO APLICA,99,99,99,99,1,25/04/2022,2
48,Texas,481234,0,0,3,0,241,JASPER (241),0,NO APLICA,4,Abril,28,2022,11,30,US-96,2,US Highway,Rural,Arteria Principal,Not Reported,1,Sin jurisdiccion especial,47,31.07791667,-93.98586667,Vehiculo en movimiento,Golpe Lateral - direccion contraria,Not an Intersection,No fue interseccion,Sobre calle,Ninguna,Dia total,Despejado,No,NO APLICA,99,98,99,98,1,28/04/2022,3
48,Texas,481235,0,0,2,0,135,ECTOR (135),5030,ODESSA,5,Mayo,6,2022,0,55,SR-338,3,Highway estatal,Urbano,Arteria Principal,Not Reported,1,Sin jurisdiccion especial,256,31.92271944,-102.3470472,Vehiculo en movimiento,Frente a Detrás,Not an Intersection,No fue interseccion,Sobre calle,Construccion,Oscuro sin iluminacion,Despejado,No,NO APLICA,99,99,99,99,1,06/05/2022,3
48,Texas,481236,0,0,2,0,491,WILLIAMSON (491),0,NO APLICA,4,Abril,27,2022,11,30,FM 1331,8,Otro,Rural,Colector Mayor,Not Reported,0,Sin jurisdiccion especial,32,30.64778889,-97.4023,Vehiculo en movimiento,Angulo,Not an Intersection,No fue interseccion,Sobre calle,Ninguna,Dia total,Despejado,No,NO APLICA,99,98,99,98,1,27/04/2022,2
48,Texas,481237,0,0,1,0,453,TRAVIS (453),9997,Other,4,Abril,28,2022,14,6,RM 1431/ FM 1431,8,Otro,Urbano,Colector Mayor,Not Reported,0,Sin jurisdiccion especial,91,30.49216111,-97.97963056,Volcadura,El primer evento no fue una colision con un vehiculo automotor en transporte,Not an Intersection,No fue interseccion,Sobre el lado de la calle,Ninguna,Dia total,Despejado,No,NO APLICA,99,99,99,99,1,28/04/2022,1
48,Texas,481238,0,0,1,0,231,HUNT (231),0,NO APLICA,4,Abril,30,2022,21,52,FM 429,8,Otro,Rural,Colector Mayor,Not Reported,0,Sin jurisdiccion especial,17,32.83954444,-96.08494444,Arbol,El primer evento no fue una colision con un vehiculo automotor en transporte,Not an Intersection,No fue interseccion,Sobre el lado de la calle,Ninguna,Oscuro sin iluminacion,Despejado,No,NO APLICA,99,99,99,99,1,30/04/2022,1
48,Texas,481240,0,0,1,0,477,WASHINGTON (477),0,NO APLICA,5,Mayo,3,2022,2,49,US-290,2,US Highway,Rural,Arteria Principal,Not Reported,1,Sin jurisdiccion especial,256,30.141,-96.28175833,Barrera de Cable,El primer evento no fue una colision con un vehiculo automotor en transporte,Not an Intersection,No fue interseccion,En el medio,Ninguna,Oscuro sin iluminacion,Nublado,No,NO APLICA,99,98,99,98,1,03/05/2022,1
48,Texas,481241,0,0,2,0,329,MIDLAND (329),0,NO APLICA,5,Mayo,8,2022,0,10,BI-20E,8,Otro,Urbano,Arteria Principal,Not Reported,1,Sin jurisdiccion especial,24,31.90558333,-102.2495583,Vehiculo en movimiento,Angulo,Not an Intersection,No fue interseccion,Sobre calle,Ninguna,Oscuro sin iluminacion,Despejado,No,NO APLICA,99,99,99,99,1,08/05/2022,3
48,Texas,481242,0,0,1,0,355,NUECES (355),0,NO APLICA,4,Abril,4,2022,18,58,FM 665,8,Otro,Rural,Arteria Menor,Not Reported,0,Sin jurisdiccion especial,55,27.69795556,-97.83254722,Otra no colicion,El primer evento no fue una colision con un vehiculo automotor en transporte,Four-Way Intersection,Interseccion de 4 direcciones,Sobre el lado de la calle,Construccion,Dia total,Despejado,No,NO APLICA,99,98,99,98,1,04/04/2022,4
48,Texas,481243,0,0,1,0,201,HARRIS (201),3280,HOUSTON,4,Abril,26,2022,4,30,I-45/GULF FWY,1,Interestatal,Urbano,Interestatal,State Highway Agency,1,Sin jurisdiccion especial,82,29.60036389,-95.19949722,Barrera de Trafico de Concreto,El primer evento no fue una colision con un vehiculo automotor en transporte,Not an Intersection,No fue interseccion,Separador,Ninguna,Oscuro con iluminacion,Nublado,No,NO APLICA,99,98,99,98,1,26/04/2022,2
48,Texas,481244,1,1,2,0,145,FALLS (145),4340,MARLIN,3,Marzo,20,2022,22,0,SR-6,3,Highway estatal,Urbano,Arteria Principal,Not Reported,1,Sin jurisdiccion especial,130,31.33382778,-96.89075556,Peaton,El primer evento no fue una colision con un vehiculo automotor en transporte,Not an Intersection,No fue interseccion,Sobre calle,Ninguna,Oscuro sin iluminacion,Despejado,No,NO APLICA,99,98,99,98,1,20/03/2022,2
48,Texas,481245,0,0,2,0,183,GREGG (183),4080,LONGVIEW,4,Abril,30,2022,13,29,SR-281 LP,3,Highway estatal,Urbano,Arteria Principal,Not Reported,1,Sin jurisdiccion especial,22,32.53283333,-94.77144167,Vehiculo en movimiento,Angulo,Not an Intersection,No fue interseccion,Sobre calle,Ninguna,Dia total,Despejado,No,NO APLICA,99,99,99,99,1,30/04/2022,4
48,Texas,481246,0,0,1,0,321,MATAGORDA (321),470,BAY CITY,4,Abril,29,2022,23,22,SR-35,3,Highway estatal,Urbano,Arteria Principal,Not Reported,0,Sin jurisdiccion especial,109,28.99263611,-95.92344722,Volcadura,El primer evento no fue una colision con un vehiculo automotor en transporte,Not an Intersection,No fue interseccion,Fuera de la calle,Ninguna,Oscuro con iluminacion,Despejado,No,NO APLICA,99,98,99,98,1,29/04/2022,1