Estado,Nombre de Estado,Numero de Caso,Peatones,Personas _no_vehiculos,Vehiculos automotores,Vehiculos estacionados,Condado,Nombre Condado,Ciudad,Nombre Ciudad,Mes,Nombre Mes,Dia,Año,Hora,Minuto,Calle,Ruta,Nombre Ruta,Rural o Urbanoo,Sistema Funcional,Dueño Calle,Sistema Nacional Carreteras,Jurisdiccion Especial,Milla,Latitud,Longitud,Causa del Accidente,Tipo de Accidente,Tipo Interseccion,Columna1,Lugar en la calle,Zona de Trabajo,Luz,Clima,Autobus Escolar,Cruce de Trenes,Hora Notificacion,Minuto Notificacion,Hora Llegada,Minuto Llegada,Decesos,Fecha,PersonaVehiculo
48,Texas,481247,1,1,1,0,29,BEXAR (29),6090,SAN ANTONIO,5,Mayo,1,2022,1,35,I-10,1,Interestatal,Urbano,Interestatal,State Highway Agency,1,Sin jurisdiccion especial,159,29.53478611,-98.56592222,Peaton,El primer evento no fue una colision con un vehiculo automotor en transporte,Not an Intersection,No fue interseccion,Sobre calle,Ninguna,Oscuro con iluminacion,Despejado,No,NO APLICA,99,99,99,99,1,01/05/2022,2
48,Texas,481248,0,0,2,0,373,POLK (373),4020,LIVINGSTON,5,Mayo,7,2022,5,43,SR-146,3,Highway estatal,Urbano,Arteria Menor,Not Reported,0,Sin jurisdiccion especial,12,30.6969,-94.92085833,Vehiculo en movimiento,Frente a frente,Not an Intersection,No fue interseccion,Sobre calle,Ninguna,Oscuro sin iluminacion,Despejado,No,NO APLICA,99,99,99,99,1,07/05/2022,2
48,Texas,481249,1,1,1,0,201,HARRIS (201),3280,HOUSTON,4,Abril,3,2022,0,4,I-45/NORTH FWY,7,Calle Local,Urbano,Colector Mayor,State Highway Agency,0,Sin jurisdiccion especial,377,29.94831667,-95.41716389,Peaton,El primer evento no fue una colision con un vehiculo automotor en transporte,Not an Intersection,No fue interseccion,Sobre calle,Ninguna,Oscuro con iluminacion,Despejado,No,NO APLICA,99,99,99,99,1,03/04/2022,1
48,Texas,481250,0,0,2,0,439,TARRANT (439),2450,FORT WORTH,5,Mayo,7,2022,18,26,SR-180/LANCASTER AVE,3,Highway estatal,Urbano,Arteria Principal,Not Reported,1,Sin jurisdiccion especial,209,32.72921667,-97.20264167,Vehiculo en movimiento,Angulo,Not an Intersection,No fue interseccion,Sobre calle,Ninguna,Dia total,Despejado,No,NO APLICA,99,99,99,99,2,07/05/2022,3
48,Texas,481251,0,0,2,0,423,SMITH (423),7070,TYLER,5,Mayo,4,2022,8,0,SR-248 SPUR,3,Highway estatal,Urbano,Arteria Menor,Not Reported,0,Sin jurisdiccion especial,11,32.312325,-95.25061111,Vehiculo en movimiento,Frente a Detrás,Not an Intersection,No fue interseccion,Sobre calle,Ninguna,Dia total,Nublado,No,NO APLICA,99,99,99,99,1,04/05/2022,2
48,Texas,481252,0,0,2,0,113,DALLAS (113),2590,GARLAND,5,Mayo,2,2022,21,28,I-635/LBJ FWY,1,Interestatal,Urbano,Interestatal,State Highway Agency,1,Sin jurisdiccion especial,112,32.85409722,-96.64558056,Vehiculo en movimiento,Frente a Detrás,Not an Intersection,No fue interseccion,Sobre calle,Ninguna,Oscuro con iluminacion,Nublado,No,NO APLICA,99,98,99,98,2,02/05/2022,3
48,Texas,481253,0,0,2,0,303,LUBBOCK (303),4140,LUBBOCK,5,Mayo,6,2022,20,43,US-62,2,US Highway,Urbano,Arteria Principal,Not Reported,1,Sin jurisdiccion especial,209,33.58513333,-101.8071722,Vehiculo en movimiento,Angulo,Four-Way Intersection,Interseccion de 4 direcciones,Sobre calle,Ninguna,Oscuro con iluminacion,Despejado,No,NO APLICA,99,99,99,99,1,06/05/2022,3
48,Texas,481254,0,0,2,0,71,CHAMBERS (71),4666,MONT BELVIEU,4,Abril,30,2022,12,44,SR-146,3,Highway estatal,Rural,Arteria Principal,Not Reported,1,Sin jurisdiccion especial,45,29.82373333,-94.89856944,Vehiculo en movimiento,Angulo,Not an Intersection,No fue interseccion,Sobre calle,Ninguna,Dia total,Despejado,No,NO APLICA,99,99,99,99,1,30/04/2022,2
48,Texas,481255,0,0,1,0,109,CULBERSON (109),7140,VAN HORN,4,Abril,20,2022,16,34,I-10,1,Interestatal,Urbano,Interestatal,State Highway Agency,1,Sin jurisdiccion especial,42,31.03567778,-104.8546278,Barrera de Cable,El primer evento no fue una colision con un vehiculo automotor en transporte,Not an Intersection,No fue interseccion,En el medio,Ninguna,Dia total,Despejado,No,NO APLICA,99,99,99,99,1,20/04/2022,1
48,Texas,481256,0,0,2,0,481,WHARTON (481),0,NO APLICA,5,Mayo,3,2022,13,52,FM 1301,8,Otro,Rural,Colector Mayor,Not Reported,0,Sin jurisdiccion especial,71,29.29670278,-95.99096667,Vehiculo en movimiento,Frente a frente,Not an Intersection,No fue interseccion,Sobre calle,Ninguna,Dia total,Despejado,No,NO APLICA,99,99,99,99,1,03/05/2022,2
48,Texas,481257,0,0,2,0,201,HARRIS (201),0,NO APLICA,5,Mayo,7,2022,19,15,WILL CLAYTON PKWY,6,Calle Local Municipalidad,Urbano,Arteria Menor,Not Reported,0,Sin jurisdiccion especial,0,29.97800278,-95.20304167,Vehiculo en movimiento,Angulo,Four-Way Intersection,Interseccion de 4 direcciones,Sobre calle,Ninguna,Dia total,Despejado,No,NO APLICA,99,98,99,98,1,07/05/2022,2
48,Texas,481258,0,0,2,0,273,KLEBERG (273),0,NO APLICA,4,Abril,12,2022,16,4,SR-141,3,Highway estatal,Rural,Arteria Menor,Not Reported,0,Sin jurisdiccion especial,84,27.53094167,-97.92454722,Vehiculo en movimiento,Frente a frente,Not an Intersection,No fue interseccion,Sobre calle,Ninguna,Dia total,Despejado,No,NO APLICA,99,98,99,98,1,12/04/2022,2
48,Texas,481259,0,0,2,0,215,HIDALGO (215),4197,MCALLEN,5,Mayo,5,2022,23,52,SR-336,3,Highway estatal,Urbano,Arteria Principal,Not Reported,1,Sin jurisdiccion especial,13,26.28972778,-98.21531111,Vehiculo en movimiento,Frente a Detrás,Not an Intersection,No fue interseccion,Sobre calle,Ninguna,Oscuro con iluminacion,Despejado,No,NO APLICA,99,98,99,98,1,05/05/2022,2
48,Texas,481260,0,0,1,0,423,SMITH (423),0,NO APLICA,5,Mayo,6,2022,1,30,SR-64,3,Highway estatal,Rural,Arteria Principal,Not Reported,0,Sin jurisdiccion especial,41,32.362725,-95.4063,Culvert,El primer evento no fue una colision con un vehiculo automotor en transporte,Not an Intersection,No fue interseccion,Sobre el lado de la calle,Ninguna,Oscuro sin iluminacion,Nublado,No,NO APLICA,99,98,99,98,1,06/05/2022,1
48,Texas,481261,2,2,1,0,453,TRAVIS (453),330,AUSTIN,3,Marzo,30,2022,8,56,STASSNEY LN,6,Calle Local Municipalidad,Urbano,Arteria Menor,Not Reported,0,Sin jurisdiccion especial,0,30.2043,-97.71732222,Ciclista,El primer evento no fue una colision con un vehiculo automotor en transporte,Not an Intersection,No fue interseccion,Sobre calle,Ninguna,Dia total,Despejado,No,NO APLICA,99,99,99,99,1,30/03/2022,1
48,Texas,481262,1,1,1,0,453,TRAVIS (453),330,AUSTIN,4,Abril,29,2022,2,31,7TH ST,6,Calle Local Municipalidad,Urbano,Arteria Menor,Not Reported,0,Sin jurisdiccion especial,0,30.25775556,-97.70431944,No vehiculo o remolque,El primer evento no fue una colision con un vehiculo automotor en transporte,Four-Way Intersection,Interseccion de 4 direcciones,Sobre calle,Ninguna,Oscuro con iluminacion,Despejado,No,NO APLICA,99,98,99,98,1,29/04/2022,4
48,Texas,481263,1,1,1,0,113,DALLAS (113),1730,DALLAS,5,Mayo,3,2022,11,42,MEADOW ST,6,Calle Local Municipalidad,Urbano,Local,Not Reported,0,Sin jurisdiccion especial,0,32.77226667,-96.76505556,Peaton,El primer evento no fue una colision con un vehiculo automotor en transporte,T-Intersection,Interseccion de T,Sobre calle,Ninguna,Dia total,Nublado,No,NO APLICA,99,99,99,99,1,03/05/2022,1
48,Texas,481264,1,1,1,0,85,COLLIN (85),1730,DALLAS,5,Mayo,2,2022,8,30,FRANKFORD RD,6,Calle Local Municipalidad,Urbano,Arteria Menor,Not Reported,0,Sin jurisdiccion especial,0,32.99784167,-96.78532222,Peaton,El primer evento no fue una colision con un vehiculo automotor en transporte,Not an Intersection,No fue interseccion,Sobre calle,Ninguna,Dia total,Nublado,No,NO APLICA,99,99,99,99,1,02/05/2022,1
48,Texas,481265,1,1,1,0,113,DALLAS (113),1730,DALLAS,4,Abril,20,2022,14,38,GOODNIGHT LN,6,Calle Local Municipalidad,Urbano,Colector Mayor,Not Reported,0,Sin jurisdiccion especial,0,32.89248889,-96.90182222,Peaton,El primer evento no fue una colision con un vehiculo automotor en transporte,Not an Intersection,No fue interseccion,Sobre calle,Ninguna,Dia total,Despejado,No,NO APLICA,99,99,99,99,1,20/04/2022,1
48,Texas,481266,0,0,1,0,453,TRAVIS (453),9997,Other,4,Abril,24,2022,22,49,US-290,2,US Highway,Urbano,Arteria Principal,State Highway Agency,1,Sin jurisdiccion especial,174,30.351975,-97.4267,Zanja,El primer evento no fue una colision con un vehiculo automotor en transporte,Not an Intersection,No fue interseccion,Sobre el lado de la calle,Ninguna,Oscuro sin iluminacion,Nublado,No,NO APLICA,99,98,99,98,1,24/04/2022,1
48,Texas,481267,1,1,1,0,141,EL PASO (141),2190,EL PASO,5,Mayo,8,2022,18,45,RIO GRANDE AVE,6,Calle Local Municipalidad,Urbano,Arteria Menor,Not Reported,0,Sin jurisdiccion especial,0,31.76982222,-106.4842194,Peaton,El primer evento no fue una colision con un vehiculo automotor en transporte,Four-Way Intersection,Interseccion de 4 direcciones,Sobre calle,Ninguna,Dia total,Despejado,No,NO APLICA,99,99,99,99,1,08/05/2022,1
48,Texas,481268,0,0,2,0,201,HARRIS (201),0,NO APLICA,5,Mayo,6,2022,0,59,FM 2100,8,Otro,Rural,Local,Not Reported,0,Sin jurisdiccion especial,106,30.02601667,-95.08889167,Vehiculo en movimiento,Frente a frente,Not an Intersection,No fue interseccion,Sobre calle,Ninguna,Oscuro sin iluminacion,Nublado,No,NO APLICA,99,99,99,99,1,06/05/2022,2
48,Texas,481269,0,0,2,0,439,TARRANT (439),2255,EULESS,4,Abril,12,2022,17,24,FM 157/INDUSTRIAL BLVD,8,Otro,Urbano,Arteria Principal,Not Reported,1,Sin jurisdiccion especial,73,32.83021944,-97.09951389,Vehiculo en movimiento,Angulo,Not an Intersection,No fue interseccion,Sobre calle,Ninguna,Dia total,Nublado,No,NO APLICA,99,99,99,99,1,12/04/2022,2
48,Texas,481270,0,0,1,0,251,JOHNSON (251),1370,CLEBURNE,4,Abril,21,2022,6,50,FM 1718/COUNTRY CLUB,8,Otro,Urbano,Arteria Menor,Not Reported,0,Sin jurisdiccion especial,222,32.32672778,-97.39503611,Arbol,El primer evento no fue una colision con un vehiculo automotor en transporte,Not an Intersection,No fue interseccion,Sobre el lado de la calle,Ninguna,Dia total,Despejado,No,NO APLICA,99,99,99,99,1,21/04/2022,1
48,Texas,481271,0,0,2,0,231,HUNT (231),0,NO APLICA,4,Abril,22,2022,17,53,FM 1564,8,Otro,Rural,Colector Mayor,Not Reported,0,Sin jurisdiccion especial,40,33.01450833,-96.05985833,Vehiculo en movimiento,Angulo,Four-Way Intersection,Interseccion de 4 direcciones,Sobre calle,Ninguna,Dia total,Despejado,No,NO APLICA,99,99,99,99,1,22/04/2022,4
48,Texas,481272,0,0,1,0,91,COMAL (91),0,NO APLICA,5,Mayo,4,2022,3,11,CR-RIVER RD,4,Calle del Condado,Rural,Local,Not Reported,0,Sin jurisdiccion especial,0,29.81429167,-98.17571667,Barda,El primer evento no fue una colision con un vehiculo automotor en transporte,Not an Intersection,No fue interseccion,Fuera de la calle,Ninguna,Oscuro sin iluminacion,Nublado,No,NO APLICA,99,98,99,98,1,04/05/2022,1
48,Texas,481273,1,1,1,0,99,CORYELL (99),0,NO APLICA,5,Mayo,8,2022,0,49,I-14,1,Interestatal,Urbano,Interestatal,State Highway Agency,1,Sin jurisdiccion especial,88,31.12225,-97.80436389,Peaton,El primer evento no fue una colision con un vehiculo automotor en transporte,Not an Intersection,No fue interseccion,Sobre calle,Ninguna,Oscuro sin iluminacion,Despejado,No,NO APLICA,99,99,99,99,1,08/05/2022,1
48,Texas,481274,0,0,1,0,489,WILLACY (489),0,NO APLICA,3,Marzo,12,2022,16,42,CR-200/SIMON GOMEZ RD,4,Calle del Condado,Urbano,Colector Menor,Not Reported,0,Sin jurisdiccion especial,0,26.48760833,-97.79782222,Zanja,El primer evento no fue una colision con un vehiculo automotor en transporte,Not an Intersection,No fue interseccion,Sobre el lado de la calle,Ninguna,Dia total,Despejado,No,NO APLICA,99,98,99,98,1,12/03/2022,1
48,Texas,481275,0,0,1,0,453,TRAVIS (453),330,AUSTIN,5,Mayo,4,2022,19,48,I-35,1,Interestatal,Urbano,Interestatal,State Highway Agency,1,Sin jurisdiccion especial,227,30.33321389,-97.70399722,Desconocido,No reportado,Not an Intersection,No fue interseccion,Sobre calle,Ninguna,Oscuro sin iluminacion,Nublado,No,NO APLICA,99,98,99,98,1,04/05/2022,1
48,Texas,481276,1,1,1,0,15,AUSTIN (15),0,NO APLICA,5,Mayo,9,2022,8,29,SR-36,3,Highway estatal,Rural,Arteria Principal,Not Reported,1,Sin jurisdiccion especial,11,29.85950278,-96.18707778,Peaton,El primer evento no fue una colision con un vehiculo automotor en transporte,Four-Way Intersection,Interseccion de 4 direcciones,Sobre calle,Ninguna,Dia total,Nublado,No,NO APLICA,99,98,99,98,1,09/05/2022,1
48,Texas,481277,0,0,4,0,69,CASTRO (69),0,NO APLICA,5,Mayo,3,2022,13,43,US-385,2,US Highway,Rural,Arteria Menor,Not Reported,0,Sin jurisdiccion especial,86,34.64066944,-102.3116278,Vehiculo en movimiento,Frente a Detrás,Not an Intersection,No fue interseccion,Sobre calle,Construccion,Dia total,Despejado,No,NO APLICA,99,99,99,99,1,03/05/2022,5
48,Texas,481278,0,0,3,0,491,WILLIAMSON (491),5990,ROUND ROCK,5,Mayo,7,2022,10,49,SR-45,3,Highway estatal,Urbano,Arterial Principal -Freeway o ExpressWay,Not Reported,1,Sin jurisdiccion especial,1,30.48085833,-97.67411111,Vehiculo en movimiento,Frente a Detrás,Not an Intersection,No fue interseccion,Sobre calle,Ninguna,Dia total,Despejado,No,NO APLICA,99,99,99,99,1,07/05/2022,3
48,Texas,481279,0,0,2,0,141,EL PASO (141),2190,EL PASO,5,Mayo,10,2022,21,37,MCCOMBS ST,6,Calle Local Municipalidad,Urbano,Arteria Principal,Not Reported,1,Sin jurisdiccion especial,68,31.91828889,-106.4073583,Vehiculo en movimiento,Angulo,T-Intersection,Interseccion de T,Sobre calle,Ninguna,Oscuro con iluminacion,Despejado,No,NO APLICA,99,99,99,99,1,10/05/2022,2
48,Texas,481280,1,1,2,0,29,BEXAR (29),6090,SAN ANTONIO,4,Abril,19,2022,21,10,ZARZAMORA ST,6,Calle Local Municipalidad,Urbano,Arteria Menor,Not Reported,0,Sin jurisdiccion especial,0,29.40163333,-98.53036111,Peaton,El primer evento no fue una colision con un vehiculo automotor en transporte,Not an Intersection,No fue interseccion,Sobre calle,Ninguna,Oscuro con iluminacion,lluvia,No,NO APLICA,99,98,99,98,1,19/04/2022,2
48,Texas,481281,0,0,2,0,201,HARRIS (201),0,NO APLICA,5,Mayo,4,2022,22,35,SHELDON RD,6,Calle Local Municipalidad,Urbano,Arteria Menor,Not Reported,0,Sin jurisdiccion especial,0,29.78898889,-95.12452222,Vehiculo en movimiento,Angulo,T-Intersection,Interseccion de T,Sobre calle,Ninguna,Oscuro con iluminacion,Despejado,No,NO APLICA,99,98,99,98,1,04/05/2022,2
48,Texas,481282,0,0,3,0,201,HARRIS (201),0,NO APLICA,5,Mayo,2,2022,21,18,CR-FRY RD,6,Calle Local Municipalidad,Urbano,Arteria Principal,Not Reported,0,Sin jurisdiccion especial,0,29.79181111,-95.71905,Vehiculo en movimiento,Angulo,Not an Intersection,No fue interseccion,Sobre calle,Ninguna,Oscuro con iluminacion,Despejado,No,NO APLICA,99,99,99,99,1,02/05/2022,5
48,Texas,481283,1,1,1,0,113,DALLAS (113),4530,MESQUITE,5,Mayo,11,2022,19,45,FEATHER CREST LN,6,Calle Local Municipalidad,Urbano,Local,Not Reported,0,Sin jurisdiccion especial,0,32.80262222,-96.60235556,Peaton,El primer evento no fue una colision con un vehiculo automotor en transporte,Not an Intersection,No fue interseccion,Sobre calle,Ninguna,Dia total,Despejado,No,NO APLICA,99,99,99,99,1,11/05/2022,1
48,Texas,481284,1,1,1,0,29,BEXAR (29),6090,SAN ANTONIO,5,Mayo,11,2022,10,41,OAKHILL RD,6,Calle Local Municipalidad,Urbano,Colector Mayor,Not Reported,0,Sin jurisdiccion especial,0,29.45763889,-98.61001389,Peaton,El primer evento no fue una colision con un vehiculo automotor en transporte,Not an Intersection,No fue interseccion,Sobre el lado de la calle,Ninguna,Dia total,Despejado,No,NO APLICA,99,99,99,99,1,11/05/2022,1
48,Texas,481285,0,0,2,0,441,TAYLOR (441),30,ABILENE,5,Mayo,9,2022,16,3,I-20,1,Interestatal,Urbano,Interestatal,State Highway Agency,1,Sin jurisdiccion especial,82,32.44043611,-99.64748333,Vehiculo en movimiento,Otro,Not an Intersection,No fue interseccion,Sobre calle,Ninguna,Dia total,Despejado,No,NO APLICA,99,99,99,99,2,09/05/2022,3
48,Texas,481286,0,0,2,0,409,SAN PATRICIO (409),0,NO APLICA,5,Mayo,2,2022,23,36,US-77,2,US Highway,Rural,Arteria Principal,Not Reported,1,Sin jurisdiccion especial,134,27.98043889,-97.55563333,Vehiculo en movimiento,Frente a Detrás,Not an Intersection,No fue interseccion,Sobre calle,Ninguna,Oscuro sin iluminacion,Nublado,No,NO APLICA,99,98,99,98,1,02/05/2022,2
48,Texas,481287,0,0,2,0,439,TARRANT (439),260,ARLINGTON,5,Mayo,5,2022,16,24,CENTER ST,6,Calle Local Municipalidad,Urbano,Colector Mayor,Not Reported,0,Sin jurisdiccion especial,0,32.75255556,-97.10442778,Vehiculo en movimiento,Angulo,Four-Way Intersection,Interseccion de 4 direcciones,Sobre calle,Ninguna,Dia total,Despejado,No,NO APLICA,99,99,99,99,1,05/05/2022,2
48,Texas,481288,0,0,1,0,497,WISE (497),0,NO APLICA,4,Abril,24,2022,1,0,CR-4757,4,Calle del Condado,Rural,Local,Not Reported,0,Sin jurisdiccion especial,0,33.01157778,-97.53880278,Arbol,El primer evento no fue una colision con un vehiculo automotor en transporte,Not an Intersection,No fue interseccion,Sobre el lado de la calle,Ninguna,Oscuro sin iluminacion,Despejado,No,NO APLICA,99,98,99,98,1,24/04/2022,1
48,Texas,481289,0,0,1,0,497,WISE (497),0,NO APLICA,4,Abril,8,2022,19,55,CR-3336,4,Calle del Condado,Rural,Local,Not Reported,0,Sin jurisdiccion especial,0,33.17278056,-97.74995,Poste,El primer evento no fue una colision con un vehiculo automotor en transporte,Not an Intersection,No fue interseccion,Sobre el lado de la calle,Ninguna,Atardecer,Despejado,No,NO APLICA,99,99,99,99,1,08/04/2022,1
48,Texas,481290,0,0,1,0,1,ANDERSON (1),5170,PALESTINE,5,Mayo,7,2022,6,17,US-287,2,US Highway,Urbano,Arteria Principal,Not Reported,1,Sin jurisdiccion especial,16,31.75615556,-95.62496944,Muro,El primer evento no fue una colision con un vehiculo automotor en transporte,Not an Intersection,No fue interseccion,Sobre el lado de la calle,Ninguna,Amanecer,Despejado,No,NO APLICA,99,99,99,99,1,07/05/2022,1
48,Texas,481291,0,0,2,0,339,MONTGOMERY (339),4667,MONTGOMERY,5,Mayo,7,2022,14,55,FM 1097,8,Otro,Rural,Colector Mayor,Not Reported,0,Sin jurisdiccion especial,108,30.40663889,-95.68656944,Vehiculo en movimiento,Frente a frente,Not an Intersection,No fue interseccion,Sobre calle,Ninguna,Dia total,Despejado,No,NO APLICA,99,98,99,98,1,07/05/2022,2
48,Texas,481292,1,1,2,0,201,HARRIS (201),3580,KATY,4,Abril,26,2022,23,52,I-10,1,Interestatal,Urbano,Interestatal,State Highway Agency,1,Sin jurisdiccion especial,2,29.78275833,-95.81029722,Peaton,El primer evento no fue una colision con un vehiculo automotor en transporte,Not an Intersection,No fue interseccion,Sobre calle,Ninguna,Oscuro sin iluminacion,Despejado,No,NO APLICA,99,99,99,99,1,26/04/2022,3
48,Texas,481293,0,0,2,0,29,BEXAR (29),6090,SAN ANTONIO,5,Mayo,11,2022,18,16,FM 471/CULEBRA RD RD,8,Otro,Urbano,Arteria Principal,Not Reported,0,Sin jurisdiccion especial,75,29.50283056,-98.72726667,Vehiculo en movimiento,Angulo,Not an Intersection,No fue interseccion,Sobre calle,Ninguna,Dia total,Despejado,No,NO APLICA,99,98,99,98,1,11/05/2022,3
48,Texas,481294,0,0,1,0,171,GILLESPIE (171),0,NO APLICA,5,Mayo,9,2022,21,33,I-10,1,Interestatal,Rural,Interestatal,State Highway Agency,1,Sin jurisdiccion especial,54,30.15733056,-99.23767778,Otro objeto (fijo),El primer evento no fue una colision con un vehiculo automotor en transporte,Not an Intersection,No fue interseccion,En el medio,Ninguna,Oscuro sin iluminacion,Despejado,No,NO APLICA,99,98,99,98,1,09/05/2022,1
48,Texas,481295,0,0,2,0,439,TARRANT (439),2450,FORT WORTH,5,Mayo,10,2022,23,56,TRINITY BLVD,6,Calle Local Municipalidad,Urbano,Arteria Menor,Not Reported,0,Sin jurisdiccion especial,0,32.81953333,-97.08239167,Vehiculo en movimiento,Angulo,Four-Way Intersection,Interseccion de 4 direcciones,Sobre calle,Ninguna,Oscuro con iluminacion,Despejado,No,NO APLICA,99,99,99,99,1,10/05/2022,3
48,Texas,481296,0,0,1,0,441,TAYLOR (441),30,ABILENE,5,Mayo,8,2022,17,21,US-83 RAMP,2,US Highway,Urbano,Arterial Principal -Freeway o ExpressWay,Not Reported,1,Sin jurisdiccion especial,60,32.37975556,-99.74197222,Barrera de Trafico de Concreto,El primer evento no fue una colision con un vehiculo automotor en transporte,Not an Intersection,No fue interseccion,Sobre el lado de la calle,Ninguna,Dia total,Despejado,No,NO APLICA,99,98,99,98,1,08/05/2022,1
48,Texas,481297,0,0,2,0,423,SMITH (423),0,NO APLICA,5,Mayo,11,2022,16,9,FM 16,8,Otro,Rural,Colector Mayor,Not Reported,0,Sin jurisdiccion especial,311,32.47646667,-95.06565278,Vehiculo en movimiento,Frente a frente,Not an Intersection,No fue interseccion,Sobre calle,Ninguna,Dia total,Despejado,No,NO APLICA,99,98,99,98,1,11/05/2022,2
48,Texas,481298,0,0,3,0,219,HOCKLEY (219),0,NO APLICA,4,Abril,29,2022,10,29,US-62,2,US Highway,Rural,Arteria Principal,Not Reported,1,Sin jurisdiccion especial,66,33.45645,-102.0976722,Vehiculo en movimiento,Golpe Lateral - direccion contraria,Not an Intersection,No fue interseccion,Sobre calle,Ninguna,Dia total,Despejado,No,NO APLICA,99,99,99,99,1,29/04/2022,4
48,Texas,481299,0,0,2,0,113,DALLAS (113),1730,DALLAS,4,Abril,29,2022,21,4,ESPERANZA RD/MAHAN RD,6,Calle Local Municipalidad,Urbano,Colector Mayor,Not Reported,0,Sin jurisdiccion especial,0,32.9381,-96.76119722,Vehiculo en movimiento,Frente a frente,Not an Intersection,No fue interseccion,Sobre calle,Ninguna,Oscuro con iluminacion,Despejado,No,NO APLICA,99,99,99,99,2,29/04/2022,6
48,Texas,481300,1,1,1,0,201,HARRIS (201),0,NO APLICA,5,Mayo,12,2022,20,25,FM 1960/CYPRESS CREEK PKWY,8,Otro,Urbano,Arteria Principal,Not Reported,0,Sin jurisdiccion especial,151,30.02293333,-95.42295,Peaton,El primer evento no fue una colision con un vehiculo automotor en transporte,Not an Intersection,No fue interseccion,Sobre calle,Ninguna,Oscuro sin iluminacion,Despejado,No,NO APLICA,99,98,99,98,1,12/05/2022,1
48,Texas,481301,0,0,2,0,245,JEFFERSON (245),490,BEAUMONT,3,Marzo,27,2022,19,37,WASHINGTON BLVD,6,Calle Local Municipalidad,Urbano,Arteria Principal,Not Reported,0,Sin jurisdiccion especial,0,30.05591944,-94.10996111,Vehiculo en movimiento,Frente a frente,Not an Intersection,No fue interseccion,Sobre calle,Ninguna,Dia total,Despejado,No,NO APLICA,99,99,99,99,1,27/03/2022,2
48,Texas,481302,0,0,2,0,377,PRESIDIO (377),0,NO APLICA,5,Mayo,8,2022,19,28,US-67,2,US Highway,Rural,Arteria Principal,Not Reported,1,Sin jurisdiccion especial,192,30.08590278,-104.1704139,Vehiculo en movimiento,Frente a frente,Not an Intersection,No fue interseccion,Sobre calle,Ninguna,Dia total,Despejado,No,NO APLICA,19,51,20,12,1,08/05/2022,3
48,Texas,481303,0,0,1,0,265,KERR (265),0,NO APLICA,5,Mayo,10,2022,1,35,I-10,1,Interestatal,Rural,Interestatal,State Highway Agency,1,Sin jurisdiccion especial,253,30.05295833,-99.01392222,Fin de valla,El primer evento no fue una colision con un vehiculo automotor en transporte,Not an Intersection,No fue interseccion,En el medio,Ninguna,Oscuro sin iluminacion,Despejado,No,NO APLICA,99,98,99,98,1,10/05/2022,1
48,Texas,481304,0,0,2,0,167,GALVESTON (167),6860,TEXAS CITY,5,Mayo,13,2022,5,53,SR-197,3,Highway estatal,Urbano,Arteria Principal,Not Reported,1,Sin jurisdiccion especial,36,29.35648056,-94.92256944,Vehiculo en movimiento,Golpe Lateral - direccion contraria,Not an Intersection,No fue interseccion,Sobre calle,Ninguna,Oscuro - iluminacion desconocida,Despejado,No,NO APLICA,99,98,99,98,1,13/05/2022,2
48,Texas,481305,0,0,2,0,329,MIDLAND (329),0,NO APLICA,5,Mayo,2,2022,23,21,I-20,1,Interestatal,Urbano,Interestatal,State Highway Agency,1,Sin jurisdiccion especial,211,32.03307222,-101.9871139,Vehiculo en movimiento,Frente a Detrás,Not an Intersection,No fue interseccion,Sobre calle,Ninguna,Oscuro sin iluminacion,Despejado,No,NO APLICA,99,99,99,99,1,02/05/2022,2
48,Texas,481306,0,0,2,0,135,ECTOR (135),5030,ODESSA,5,Mayo,15,2022,12,52,UNIVERSITY BLVD,6,Calle Local Municipalidad,Urbano,Arteria Menor,Not Reported,0,Sin jurisdiccion especial,0,31.86979444,-102.3739833,Vehiculo en movimiento,Angulo,Four-Way Intersection,Interseccion de 4 direcciones,Sobre calle,Ninguna,Dia total,Despejado,No,NO APLICA,99,98,99,98,1,15/05/2022,2
48,Texas,481307,1,1,1,0,397,ROCKWALL (397),9997,Other,5,Mayo,15,2022,21,44,SR-66,3,Highway estatal,Urbano,Arteria Principal,Not Reported,1,Sin jurisdiccion especial,15,32.92095556,-96.50972778,Peaton,El primer evento no fue una colision con un vehiculo automotor en transporte,T-Intersection,Interseccion de T,Sobre calle,Ninguna,Oscuro con iluminacion,Despejado,No,NO APLICA,99,99,99,99,1,15/05/2022,1
48,Texas,481308,0,0,1,0,329,MIDLAND (329),4560,MIDLAND,5,Mayo,6,2022,1,58,SR-250 LOOP,3,Highway estatal,Urbano,Arteria Principal,Not Reported,1,Sin jurisdiccion especial,228,32.05163611,-102.0533611,Poste de Señal de trafico,El primer evento no fue una colision con un vehiculo automotor en transporte,Not an Intersection,No fue interseccion,Sobre el lado de la calle,Ninguna,Oscuro con iluminacion,Despejado,No,NO APLICA,99,98,99,98,1,06/05/2022,1
48,Texas,481309,1,1,1,0,53,BURNET (53),1040,BURNET,4,Abril,25,2022,2,12,US-281/WATER ST,2,US Highway,Urbano,Arteria Principal,Not Reported,1,Sin jurisdiccion especial,209,30.74311667,-98.23305278,Peaton,El primer evento no fue una colision con un vehiculo automotor en transporte,Not an Intersection,No fue interseccion,Sobre calle,Ninguna,Oscuro sin iluminacion,Despejado,No,NO APLICA,99,98,99,98,1,25/04/2022,2
48,Texas,481310,0,0,2,0,499,WOOD (499),0,NO APLICA,5,Mayo,13,2022,13,20,FM 17,8,Otro,Rural,Colector Mayor,Not Reported,0,Sin jurisdiccion especial,142,32.76952222,-95.62330833,Vehiculo en movimiento,Golpe Lateral - direccion contraria,Not an Intersection,No fue interseccion,Sobre calle,Ninguna,Dia total,Despejado,No,NO APLICA,99,98,99,98,1,13/05/2022,2
48,Texas,481311,0,0,1,0,201,HARRIS (201),3280,HOUSTON,4,Abril,24,2022,7,0,LIBERTY RD,6,Calle Local Municipalidad,Urbano,Arteria Menor,Not Reported,0,Sin jurisdiccion especial,0,29.78769444,-95.31660556,Barrera de Trafico de Concreto,El primer evento no fue una colision con un vehiculo automotor en transporte,Not an Intersection,No fue interseccion,Sobre el lado de la calle,Ninguna,Dia total,Despejado,No,NO APLICA,99,98,99,98,1,24/04/2022,1