Estado,Nombre de Estado,Numero de Caso,Peatones,Personas _no_vehiculos,Vehiculos automotores,Vehiculos estacionados,Condado,Nombre Condado,Ciudad,Nombre Ciudad,Mes,Nombre Mes,Dia,Año,Hora,Minuto,Calle,Ruta,Nombre Ruta,Rural o Urbanoo,Sistema Funcional,Dueño Calle,Sistema Nacional Carreteras,Jurisdiccion Especial,Milla,Latitud,Longitud,Causa del Accidente,Tipo de Accidente,Tipo Interseccion,Columna1,Lugar en la calle,Zona de Trabajo,Luz,Clima,Autobus Escolar,Cruce de Trenes,Hora Notificacion,Minuto Notificacion,Hora Llegada,Minuto Llegada,Decesos,Fecha,PersonaVehiculo
48,Texas,481312,0,0,1,0,375,POTTER (375),150,AMARILLO,5,Mayo,13,2022,12,7,BI 40D/AMARILLO BLVD,8,Otro,Urbano,Arteria Principal,Not Reported,1,Sin jurisdiccion especial,190,35.22234444,-101.8731889,Zanja,El primer evento no fue una colision con un vehiculo automotor en transporte,Not an Intersection,No fue interseccion,Sobre el lado de la calle,Ninguna,Dia total,Despejado,No,NO APLICA,99,99,99,99,2,13/05/2022,3
48,Texas,481313,0,0,1,0,241,JASPER (241),0,NO APLICA,5,Mayo,14,2022,19,15,FM 1408,8,Otro,Rural,Colector Menor,Not Reported,0,Sin jurisdiccion especial,41,30.91263611,-93.88926389,Buzon de correo,El primer evento no fue una colision con un vehiculo automotor en transporte,Not an Intersection,No fue interseccion,Sobre el lado de la calle,Ninguna,Dia total,Despejado,No,NO APLICA,99,99,99,99,1,14/05/2022,2
48,Texas,481314,0,0,2,0,7,ARANSAS (7),5890,ROCKPORT,5,Mayo,13,2022,23,56,SR-35,3,Highway estatal,Urbano,Arteria Menor,Not Reported,0,Sin jurisdiccion especial,87,28.03508889,-97.04303889,Vehiculo en movimiento,Frente a frente,Four-Way Intersection,Interseccion de 4 direcciones,Sobre calle,Ninguna,Oscuro con iluminacion,Despejado,No,NO APLICA,99,99,99,99,1,13/05/2022,2
48,Texas,481315,1,1,1,0,287,LEE (287),2640,GIDDINGS,5,Mayo,14,2022,6,17,US-290/AUSTIN ST,2,US Highway,Urbano,Arteria Principal,Not Reported,1,Sin jurisdiccion especial,79,30.182625,-96.93575833,Peaton,El primer evento no fue una colision con un vehiculo automotor en transporte,Not an Intersection,No fue interseccion,Sobre calle,Ninguna,Amanecer,Despejado,No,NO APLICA,99,99,99,99,1,14/05/2022,2
48,Texas,481316,0,0,1,0,303,LUBBOCK (303),0,NO APLICA,5,Mayo,11,2022,18,7,US-62,2,US Highway,Rural,Arteria Principal,Not Reported,1,Sin jurisdiccion especial,383,33.66715,-101.6289778,Barrera de Cable,El primer evento no fue una colision con un vehiculo automotor en transporte,Not an Intersection,No fue interseccion,En el medio,Ninguna,Dia total,Despejado,No,NO APLICA,99,98,99,98,1,11/05/2022,1
48,Texas,481317,0,0,2,0,85,COLLIN (85),1730,DALLAS,5,Mayo,7,2022,2,37,PRESIDENT GEORGE BUSH TURNPIKE,6,Calle Local Municipalidad,Urbano,Arterial Principal -Freeway o ExpressWay,State Toll Road,1,Sin jurisdiccion especial,13,33.01297778,-96.83926944,Vehiculo en movimiento,Angulo,Not an Intersection,No fue interseccion,Sobre calle,Ninguna,Oscuro con iluminacion,Despejado,No,NO APLICA,99,99,99,99,1,07/05/2022,2
48,Texas,481318,0,0,1,0,209,HAYS (209),0,NO APLICA,5,Mayo,8,2022,0,5,CR-279,4,Calle del Condado,Urbano,Colector Menor,Not Reported,0,Sin jurisdiccion especial,0,29.99728889,-98.11133611,Arbol,El primer evento no fue una colision con un vehiculo automotor en transporte,Not an Intersection,No fue interseccion,Sobre el lado de la calle,Ninguna,Oscuro sin iluminacion,Nublado,No,NO APLICA,99,98,99,98,1,08/05/2022,1
48,Texas,481319,0,0,2,0,201,HARRIS (201),3280,HOUSTON,5,Mayo,4,2022,1,44,GALVESTON RD,6,Calle Local Municipalidad,Urbano,Arteria Principal,Not Reported,1,Sin jurisdiccion especial,58,29.62546944,-95.20026944,Vehiculo en movimiento,Frente a frente,Not an Intersection,No fue interseccion,Sobre calle,Ninguna,Oscuro con iluminacion,Nublado,No,NO APLICA,99,98,99,98,2,04/05/2022,2
48,Texas,481320,0,0,2,0,439,TARRANT (439),2450,FORT WORTH,5,Mayo,15,2022,18,20,US-287/MARTIN L KING FWY,2,US Highway,Urbano,Arterial Principal -Freeway o ExpressWay,Not Reported,1,Sin jurisdiccion especial,236,32.720925,-97.29134167,Vehiculo en movimiento,Frente a Detrás,Not an Intersection,No fue interseccion,Sobre calle,Ninguna,Dia total,Despejado,No,NO APLICA,99,99,99,99,1,15/05/2022,2
48,Texas,481321,1,1,1,0,303,LUBBOCK (303),4140,LUBBOCK,5,Mayo,10,2022,21,18,82ND ST,6,Calle Local Municipalidad,Urbano,Arteria Principal,Not Reported,0,Sin jurisdiccion especial,0,33.51981667,-101.8744278,Peaton,El primer evento no fue una colision con un vehiculo automotor en transporte,Not an Intersection,No fue interseccion,Sobre calle,Ninguna,Oscuro sin iluminacion,Nublado,No,NO APLICA,99,99,99,99,1,10/05/2022,1
48,Texas,481322,0,0,3,0,201,HARRIS (201),0,NO APLICA,5,Mayo,16,2022,8,0,FM 1960,8,Otro,Urbano,Arteria Principal,Not Reported,0,Sin jurisdiccion especial,275,29.99943611,-95.22100278,Vehiculo en movimiento,Frente a Detrás,Not an Intersection,No fue interseccion,Sobre calle,Ninguna,Dia total,Despejado,No,NO APLICA,99,99,99,99,1,16/05/2022,4
48,Texas,481324,1,1,2,0,349,NAVARRO (349),196,ANGUS,4,Abril,30,2022,15,51,I-45,1,Interestatal,Rural,Interestatal,State Highway Agency,1,Sin jurisdiccion especial,98,31.98098333,-96.423575,Peaton,El primer evento no fue una colision con un vehiculo automotor en transporte,Not an Intersection,No fue interseccion,Sobre calle,Ninguna,Dia total,Despejado,No,NO APLICA,99,98,99,98,1,30/04/2022,4
48,Texas,481325,0,0,3,0,113,DALLAS (113),1730,DALLAS,4,Abril,25,2022,1,3,I-635,1,Interestatal,Urbano,Interestatal,State Highway Agency,1,Sin jurisdiccion especial,17,32.88508611,-96.69903611,Barrera de Trafico de Concreto,El primer evento no fue una colision con un vehiculo automotor en transporte,Not an Intersection,No fue interseccion,En el medio,Construccion,Oscuro con iluminacion,lluvia,No,NO APLICA,99,99,99,99,1,25/04/2022,3
48,Texas,481326,0,0,1,0,201,HARRIS (201),3280,HOUSTON,4,Abril,28,2022,22,47,I-45/NORTH FWY RAMP,1,Interestatal,Urbano,Interestatal,State Highway Agency,1,Sin jurisdiccion especial,370,29.93895833,-95.4126,Puente de Ferrocarril,El primer evento no fue una colision con un vehiculo automotor en transporte,Not an Intersection,No fue interseccion,Sobre el lado de la calle,Ninguna,Oscuro sin iluminacion,Despejado,No,NO APLICA,99,98,99,98,1,28/04/2022,1
48,Texas,481327,0,1,2,1,453,TRAVIS (453),330,AUSTIN,4,Abril,15,2022,2,38,I-35/INTERREGIONAL HWY,1,Interestatal,Urbano,Interestatal,State Highway Agency,1,Sin jurisdiccion especial,102,30.169075,-97.78498333,Vehiculo Aparcado,El primer evento no fue una colision con un vehiculo automotor en transporte,Not an Intersection,No fue interseccion,Sobre Acotamiento,Ninguna,Oscuro con iluminacion,Despejado,No,NO APLICA,99,98,99,98,1,15/04/2022,1
48,Texas,481328,0,1,3,1,201,HARRIS (201),0,NO APLICA,5,Mayo,11,2022,13,41,SR-249/TOMBALL PKWY,3,Highway estatal,Urbano,Arterial Principal -Freeway o ExpressWay,Not Reported,1,Sin jurisdiccion especial,91,30.012125,-95.59003889,Vehiculo Aparcado,El primer evento no fue una colision con un vehiculo automotor en transporte,Not an Intersection,No fue interseccion,Sobre Acotamiento,Ninguna,Dia total,Despejado,No,NO APLICA,99,99,99,99,1,11/05/2022,2
48,Texas,481329,0,0,1,0,453,TRAVIS (453),330,AUSTIN,4,Abril,4,2022,17,59,I-35,7,Calle Local,Urbano,Colector Mayor,State Highway Agency,0,Sin jurisdiccion especial,112,30.18217778,-97.77566667,Poste,El primer evento no fue una colision con un vehiculo automotor en transporte,Not an Intersection,No fue interseccion,Separador,Ninguna,Dia total,Despejado,No,NO APLICA,99,99,99,99,1,04/04/2022,4
48,Texas,481330,1,1,1,0,453,TRAVIS (453),330,AUSTIN,4,Abril,30,2022,21,44,SR-275 LOOP/LAMAR BLVD,3,Highway estatal,Urbano,Arteria Menor,Not Reported,0,Sin jurisdiccion especial,52,30.35500833,-97.70333056,Peaton,El primer evento no fue una colision con un vehiculo automotor en transporte,Not an Intersection,No fue interseccion,Sobre calle,Ninguna,Oscuro con iluminacion,Nublado,No,NO APLICA,99,99,99,99,1,30/04/2022,1
48,Texas,481331,0,0,2,0,85,COLLIN (85),4230,MCKINNEY,5,Mayo,11,2022,10,33,FM 2478,8,Otro,Urbano,Arteria Principal,Not Reported,0,Sin jurisdiccion especial,92,33.12881389,-96.73311667,Vehiculo en movimiento,Angulo,Four-Way Intersection,Interseccion de 4 direcciones,Sobre calle,Ninguna,Dia total,Despejado,No,NO APLICA,99,99,99,99,1,11/05/2022,4
48,Texas,481332,0,0,2,0,29,BEXAR (29),1512,CONVERSE,5,Mayo,7,2022,16,0,FM 78,8,Otro,Urbano,Arteria Principal,Not Reported,1,Sin jurisdiccion especial,409,29.53364722,-98.30098611,Vehiculo en movimiento,Angulo,T-Intersection,Interseccion de T,Sobre calle,Ninguna,Dia total,Despejado,No,NO APLICA,99,99,99,99,1,07/05/2022,2
48,Texas,481333,0,0,2,0,481,WHARTON (481),0,NO APLICA,4,Abril,30,2022,2,44,US-59,2,US Highway,Rural,Arteria Principal,Not Reported,1,Sin jurisdiccion especial,332,29.13121111,-96.37266389,Vehiculo en movimiento,Frente a frente,Not an Intersection,No fue interseccion,Sobre calle,Ninguna,Oscuro sin iluminacion,Despejado,No,NO APLICA,99,98,99,98,2,30/04/2022,2
48,Texas,481335,0,0,2,0,325,MEDINA (325),0,NO APLICA,5,Mayo,3,2022,7,45,CR-7421,4,Calle del Condado,Rural,Local,Not Reported,0,Sin jurisdiccion especial,0,29.16355278,-99.16333056,Vehiculo en movimiento,Angulo,Four-Way Intersection,Interseccion de 4 direcciones,Sobre calle,Ninguna,Dia total,Despejado,No,NO APLICA,99,99,99,99,1,03/05/2022,3
48,Texas,481336,0,0,2,0,129,DONLEY (129),0,NO APLICA,5,Mayo,6,2022,16,43,I-40/OLD ROUTE 66,1,Interestatal,Rural,Interestatal,State Highway Agency,1,Sin jurisdiccion especial,15,35.18188611,-100.9974639,Vehiculo en movimiento,Frente a Detrás,Not an Intersection,No fue interseccion,Sobre calle,Ninguna,Dia total,Despejado,No,NO APLICA,99,98,99,98,1,06/05/2022,2
48,Texas,481337,1,1,1,0,183,GREGG (183),0,NO APLICA,5,Mayo,16,2022,3,35,I-20,1,Interestatal,Rural,Interestatal,State Highway Agency,1,Sin jurisdiccion especial,131,32.43098611,-94.76422222,Peaton,El primer evento no fue una colision con un vehiculo automotor en transporte,Not an Intersection,No fue interseccion,Sobre calle,Ninguna,Oscuro sin iluminacion,lluvia,No,NO APLICA,99,98,99,98,1,16/05/2022,1
48,Texas,481338,0,0,2,0,253,JONES (253),0,NO APLICA,5,Mayo,7,2022,7,13,SR-92,3,Highway estatal,Rural,Colector Mayor,Not Reported,0,Sin jurisdiccion especial,35,32.92333056,-99.95200278,Vehiculo en movimiento,Angulo,Four-Way Intersection,Interseccion de 4 direcciones,Sobre calle,Ninguna,Dia total,Neblina o Humo,No,NO APLICA,99,99,99,99,2,07/05/2022,6
48,Texas,481339,0,0,3,0,29,BEXAR (29),6090,SAN ANTONIO,5,Mayo,8,2022,10,45,SR-421 SPUR/BANDERA RD,3,Highway estatal,Urbano,Arteria Principal,Not Reported,1,Sin jurisdiccion especial,137,29.46207222,-98.56124722,Vehiculo en movimiento,Frente a frente,Not an Intersection,No fue interseccion,Sobre calle,Ninguna,Dia total,Despejado,No,NO APLICA,99,99,99,99,1,08/05/2022,3
48,Texas,481340,0,0,1,0,29,BEXAR (29),6090,SAN ANTONIO,5,Mayo,15,2022,1,41,US-281/MCALISTER,2,US Highway,Urbano,Arterial Principal -Freeway o ExpressWay,Not Reported,1,Sin jurisdiccion especial,237,29.46484167,-98.47366944,Muro,El primer evento no fue una colision con un vehiculo automotor en transporte,Not an Intersection,No fue interseccion,Gore?,Ninguna,Oscuro con iluminacion,Despejado,No,NO APLICA,99,99,99,99,1,15/05/2022,1
48,Texas,481341,0,0,1,0,233,HUTCHINSON (233),0,NO APLICA,5,Mayo,15,2022,21,45,SR-152,3,Highway estatal,Rural,Arteria Menor,Not Reported,0,Sin jurisdiccion especial,69,35.63027778,-101.2880139,Volcadura,El primer evento no fue una colision con un vehiculo automotor en transporte,Not an Intersection,No fue interseccion,Sobre calle,Ninguna,Oscuro sin iluminacion,Despejado,No,NO APLICA,99,98,99,98,1,15/05/2022,1
48,Texas,481342,0,0,2,0,209,HAYS (209),0,NO APLICA,5,Mayo,11,2022,12,15,CR-163,4,Calle del Condado,Urbano,Colector Menor,Not Reported,0,Sin jurisdiccion especial,0,30.17714167,-97.96487778,Vehiculo en movimiento,Frente a frente,Not an Intersection,No fue interseccion,Sobre calle,Ninguna,Dia total,Despejado,No,NO APLICA,99,99,99,99,1,11/05/2022,3
48,Texas,481343,0,0,2,0,469,VICTORIA (469),7190,VICTORIA,5,Mayo,5,2022,17,1,US-87,2,US Highway,Urbano,Arteria Principal,Not Reported,1,Sin jurisdiccion especial,137,28.842375,-97.01199444,Vehiculo en movimiento,Angulo,T-Intersection,Interseccion de T,Sobre calle,Ninguna,Dia total,Despejado,No,NO APLICA,99,99,99,99,1,05/05/2022,5
48,Texas,481344,1,1,1,0,29,BEXAR (29),6090,SAN ANTONIO,5,Mayo,7,2022,5,40,36TH ST,6,Calle Local Municipalidad,Urbano,Arteria Menor,Not Reported,0,Sin jurisdiccion especial,0,29.44941944,-98.56891389,Peaton,El primer evento no fue una colision con un vehiculo automotor en transporte,T-Intersection,Interseccion de T,Sobre calle,Ninguna,Oscuro sin iluminacion,Despejado,No,NO APLICA,99,98,99,98,1,07/05/2022,1
48,Texas,481345,1,1,1,0,113,DALLAS (113),1730,DALLAS,4,Abril,23,2022,22,20,SAMUELL BLVD,6,Calle Local Municipalidad,Urbano,Arteria Menor,Not Reported,0,Sin jurisdiccion especial,0,32.79298889,-96.74678056,Peaton,El primer evento no fue una colision con un vehiculo automotor en transporte,Not an Intersection,No fue interseccion,Sobre calle,Ninguna,Oscuro con iluminacion,Despejado,No,NO APLICA,99,99,99,99,1,23/04/2022,1
48,Texas,481346,0,0,2,0,439,TARRANT (439),2450,FORT WORTH,4,Abril,28,2022,8,52,HORNE ST,6,Calle Local Municipalidad,Urbano,Colector Mayor,Not Reported,0,Sin jurisdiccion especial,0,32.71149722,-97.40816389,Vehiculo en movimiento,Frente a frente,T-Intersection,Interseccion de T,Sobre calle,Ninguna,Dia total,Despejado,No,NO APLICA,99,99,99,99,1,28/04/2022,4
48,Texas,481347,0,0,1,0,309,MCLENNAN (309),0,NO APLICA,5,Mayo,11,2022,18,50,FM 2957/CR-LAKE FELTON PKWY,8,Otro,Rural,Colector Mayor,Not Reported,0,Sin jurisdiccion especial,6,31.57896944,-96.97703056,Volcadura,El primer evento no fue una colision con un vehiculo automotor en transporte,Not an Intersection,No fue interseccion,Sobre el lado de la calle,Ninguna,Dia total,Despejado,No,NO APLICA,99,98,99,98,1,11/05/2022,1
48,Texas,481348,0,0,2,0,7,ARANSAS (7),5890,ROCKPORT,5,Mayo,13,2022,16,58,SR-35L BU,3,Highway estatal,Urbano,Arteria Menor,Not Reported,0,Sin jurisdiccion especial,13,28.01183056,-97.06401111,Vehiculo en movimiento,Angulo,T-Intersection,Interseccion de T,Sobre calle,Ninguna,Dia total,Despejado,No,NO APLICA,99,99,99,99,1,13/05/2022,6
48,Texas,481349,0,0,1,0,7,ARANSAS (7),5890,ROCKPORT,5,Mayo,14,2022,23,43,BROADWAY ST,6,Calle Local Municipalidad,Urbano,Colector Mayor,Not Reported,0,Sin jurisdiccion especial,0,28.04686389,-97.03420833,Otro objeto (fijo),El primer evento no fue una colision con un vehiculo automotor en transporte,Not an Intersection,No fue interseccion,Fuera de la calle,Ninguna,Oscuro sin iluminacion,Despejado,No,NO APLICA,99,98,99,98,1,14/05/2022,1
48,Texas,481350,0,0,1,0,183,GREGG (183),4080,LONGVIEW,5,Mayo,18,2022,5,18,3RD ST,6,Calle Local Municipalidad,Urbano,Local,Not Reported,0,Sin jurisdiccion especial,0,32.49666667,-94.73261667,Alguien se cayo/avento del vehiculo,El primer evento no fue una colision con un vehiculo automotor en transporte,Not an Intersection,No fue interseccion,Sobre calle,Ninguna,Amanecer,Despejado,No,NO APLICA,99,99,99,99,1,18/05/2022,1
48,Texas,481351,0,0,1,0,29,BEXAR (29),6090,SAN ANTONIO,5,Mayo,11,2022,22,0,RESEARCH PLAZA,6,Calle Local Municipalidad,Urbano,Colector Mayor,Not Reported,0,Sin jurisdiccion especial,0,29.34266944,-98.43799722,Objeto fijo desconocido,El primer evento no fue una colision con un vehiculo automotor en transporte,Not an Intersection,No fue interseccion,Sobre el lado de la calle,Ninguna,Oscuro con iluminacion,Despejado,No,NO APLICA,99,98,99,98,2,11/05/2022,2
48,Texas,481352,0,0,1,0,215,HIDALGO (215),7330,WESLACO,5,Mayo,18,2022,2,56,BORDER AVE/MILE 5,6,Calle Local Municipalidad,Urbano,Colector Menor,Not Reported,0,Sin jurisdiccion especial,0,26.12574167,-97.99809722,Barda,El primer evento no fue una colision con un vehiculo automotor en transporte,Four-Way Intersection,Interseccion de 4 direcciones,Sobre calle,Ninguna,Oscuro sin iluminacion,Despejado,No,NO APLICA,99,99,99,99,1,18/05/2022,2
48,Texas,481353,1,1,2,0,453,TRAVIS (453),330,AUSTIN,5,Mayo,18,2022,3,9,SR-275 LP/LAMAR BLVD,3,Highway estatal,Urbano,Arteria Menor,Not Reported,0,Sin jurisdiccion especial,45,30.36318056,-97.69690278,Vehiculo en movimiento,Angulo,Four-Way Intersection,Interseccion de 4 direcciones,Sobre calle,Ninguna,Oscuro con iluminacion,Despejado,No,NO APLICA,99,98,99,98,1,18/05/2022,2
48,Texas,481354,0,0,2,0,97,COOKE (97),7112,VALLEY VIEW,5,Mayo,10,2022,1,3,I-35/PURPLE HEART TRL,1,Interestatal,Rural,Interestatal,State Highway Agency,1,Sin jurisdiccion especial,58,33.50529444,-97.16450278,Vehiculo en movimiento,Angulo,Not an Intersection,No fue interseccion,Sobre calle,Ninguna,Oscuro sin iluminacion,Despejado,No,NO APLICA,1,10,1,23,1,10/05/2022,3
48,Texas,481355,0,0,1,0,251,JOHNSON (251),120,ALVARADO,5,Mayo,12,2022,23,42,I-35/PURPLE HEART TRL,1,Interestatal,Urbano,Interestatal,State Highway Agency,1,Sin jurisdiccion especial,120,32.41759167,-97.22786389,Otro objeto (no fijo),El primer evento no fue una colision con un vehiculo automotor en transporte,Not an Intersection,No fue interseccion,Sobre calle,Ninguna,Oscuro sin iluminacion,Despejado,No,NO APLICA,99,98,99,98,1,12/05/2022,1
48,Texas,481356,0,0,1,0,1,ANDERSON (1),0,NO APLICA,5,Mayo,15,2022,18,51,FM 315/CR-TEXAS FOREST TRL,8,Otro,Rural,Colector Mayor,Not Reported,0,Sin jurisdiccion especial,70,31.96955278,-95.61292778,Buzon de correo,El primer evento no fue una colision con un vehiculo automotor en transporte,Not an Intersection,No fue interseccion,Sobre el lado de la calle,Ninguna,Dia total,Despejado,No,NO APLICA,99,99,99,99,1,15/05/2022,3
48,Texas,481357,0,0,2,0,471,WALKER (471),0,NO APLICA,5,Mayo,8,2022,15,48,SR-75,3,Highway estatal,Rural,Arteria Menor,Not Reported,0,Servicio de Parques Nacional,105,30.59379167,-95.477625,Vehiculo en movimiento,Frente a frente,Not an Intersection,No fue interseccion,Sobre calle,Ninguna,Dia total,Despejado,No,NO APLICA,99,99,99,99,2,08/05/2022,8
48,Texas,481358,0,0,2,0,187,GUADALUPE (187),0,NO APLICA,5,Mayo,7,2022,8,27,SR-123,3,Highway estatal,Rural,Arteria Principal,Not Reported,1,Sin jurisdiccion especial,112,29.42571111,-97.95118333,Vehiculo en movimiento,Frente a frente,Not an Intersection,No fue interseccion,Sobre calle,Ninguna,Dia total,Despejado,No,NO APLICA,99,99,99,99,2,07/05/2022,7
48,Texas,481359,0,0,2,0,479,WEBB (479),3899,LAREDO,5,Mayo,8,2022,2,9,US-59/BOB BULLOCK LOOP,2,US Highway,Urbano,Arteria Principal,Not Reported,1,Sin jurisdiccion especial,99998,27.60639167,-99.48978611,Vehiculo en movimiento,Frente a frente,Not an Intersection,No fue interseccion,Sobre calle,Ninguna,Oscuro con iluminacion,Despejado,No,NO APLICA,99,99,99,99,1,08/05/2022,3
48,Texas,481360,0,0,2,0,29,BEXAR (29),6090,SAN ANTONIO,5,Mayo,7,2022,17,38,CULEBRA RD,6,Calle Local Municipalidad,Urbano,Arteria Menor,Not Reported,0,Sin jurisdiccion especial,0,29.45135,-98.61772222,Vehiculo en movimiento,Angulo,T-Intersection,Interseccion de T,Sobre calle,Ninguna,Dia total,Nublado,No,NO APLICA,99,99,99,99,1,07/05/2022,3
48,Texas,481361,0,0,2,0,441,TAYLOR (441),30,ABILENE,5,Mayo,5,2022,10,37,WILLIS ST,6,Calle Local Municipalidad,Urbano,Arteria Menor,Not Reported,0,Sin jurisdiccion especial,0,32.45296667,-99.76388611,Vehiculo en movimiento,Angulo,Four-Way Intersection,Interseccion de 4 direcciones,Sobre calle,Ninguna,Dia total,Despejado,No,NO APLICA,99,99,99,99,1,05/05/2022,2
48,Texas,481362,0,0,2,0,245,JEFFERSON (245),5430,PORT ARTHUR,5,Mayo,14,2022,20,47,SR-82/MARTIN LUTHER KING JR BL,3,Highway estatal,Urbano,Arteria Menor,Not Reported,0,Sin jurisdiccion especial,16,29.86131944,-93.95593889,Vehiculo en movimiento,Angulo,T-Intersection,Interseccion de T,Sobre calle,Ninguna,Oscuro con iluminacion,Despejado,No,NO APLICA,99,99,99,99,1,14/05/2022,3
48,Texas,481363,0,0,2,0,201,HARRIS (201),3280,HOUSTON,5,Mayo,11,2022,10,50,I-10,1,Interestatal,Urbano,Interestatal,State Highway Agency,1,Sin jurisdiccion especial,72,29.773875,-95.25075556,Vehiculo en movimiento,Golpe Lateral - misma direccion,Not an Intersection,No fue interseccion,Sobre calle,Ninguna,Dia total,Despejado,No,NO APLICA,99,98,99,98,1,11/05/2022,2
48,Texas,481364,0,0,2,0,215,HIDALGO (215),5330,PHARR,5,Mayo,19,2022,23,40,FM 1362,8,Otro,Urbano,Arteria Principal,Not Reported,0,Sin jurisdiccion especial,53,26.22887222,-98.19899722,Vehiculo en movimiento,Angulo,T-Intersection,Interseccion de T,Sobre calle,Ninguna,Oscuro con iluminacion,Despejado,No,NO APLICA,99,98,99,98,1,19/05/2022,2
48,Texas,481365,0,0,1,0,423,SMITH (423),3990,LINDALE,5,Mayo,20,2022,0,21,US-69/MAIN ST,2,US Highway,Urbano,Arteria Principal,Not Reported,1,Sin jurisdiccion especial,25,32.49674167,-95.40367222,Volcadura,El primer evento no fue una colision con un vehiculo automotor en transporte,Not an Intersection,No fue interseccion,Sobre el lado de la calle,Ninguna,Oscuro con iluminacion,Despejado,No,NO APLICA,99,98,99,98,1,20/05/2022,1
48,Texas,481366,0,0,1,0,13,ATASCOSA (13),0,NO APLICA,5,Mayo,14,2022,6,21,I-37,1,Interestatal,Rural,Interestatal,State Highway Agency,1,Sin jurisdiccion especial,174,28.81268889,-98.353775,Barrera de Cable,El primer evento no fue una colision con un vehiculo automotor en transporte,Not an Intersection,No fue interseccion,En el medio,Ninguna,Oscuro sin iluminacion,Despejado,No,NO APLICA,99,98,99,98,1,14/05/2022,1
48,Texas,481367,0,0,2,0,481,WHARTON (481),0,NO APLICA,4,Abril,30,2022,21,0,FM 960,8,Otro,Rural,Colector Mayor,Not Reported,0,Sin jurisdiccion especial,90,29.25251944,-96.24911667,Vehiculo en movimiento,Frente a frente,Not an Intersection,No fue interseccion,Sobre calle,Ninguna,Oscuro sin iluminacion,Despejado,No,NO APLICA,99,99,99,99,1,30/04/2022,4
48,Texas,481368,0,0,2,0,453,TRAVIS (453),0,NO APLICA,4,Abril,21,2022,6,45,FM 812,8,Otro,Urbano,Arteria Menor,Not Reported,0,Sin jurisdiccion especial,0,30.14513889,-97.673275,Vehiculo en movimiento,Angulo,Y-Intersection,Interseccion de Y,"Izquierda continua, carril de vuelta",Ninguna,Dia total,Nublado,No,NO APLICA,99,99,99,99,1,21/04/2022,5
48,Texas,481369,0,0,2,0,325,MEDINA (325),0,NO APLICA,5,Mayo,9,2022,21,8,FM 1283,8,Otro,Rural,Colector Mayor,Not Reported,0,Sin jurisdiccion especial,164,29.51893611,-98.81709722,Vehiculo en movimiento,Frente a frente,Y-Intersection,Interseccion de Y,Sobre calle,Ninguna,Oscuro con iluminacion,Despejado,No,NO APLICA,99,99,99,99,1,09/05/2022,2
48,Texas,481370,0,0,2,0,423,SMITH (423),0,NO APLICA,5,Mayo,12,2022,14,20,SR-64/ERWIN ST,3,Highway estatal,Urbano,Arteria Principal,Not Reported,1,Sin jurisdiccion especial,58,32.35916111,-95.37739167,Vehiculo en movimiento,Frente a frente,Not an Intersection,No fue interseccion,Sobre calle,Ninguna,Dia total,Despejado,No,NO APLICA,99,99,99,99,1,12/05/2022,3
48,Texas,481371,0,0,2,0,439,TARRANT (439),2450,FORT WORTH,5,Mayo,15,2022,7,9,US-287,2,US Highway,Urbano,Arterial Principal -Freeway o ExpressWay,Not Reported,1,Sin jurisdiccion especial,217,32.74457778,-97.30560278,Vehiculo en movimiento,Golpe Lateral - direccion contraria,Not an Intersection,No fue interseccion,Sobre calle,Ninguna,Dia total,Despejado,No,NO APLICA,99,99,99,99,1,15/05/2022,2
48,Texas,481372,0,0,2,0,329,MIDLAND (329),0,NO APLICA,5,Mayo,7,2022,19,26,BI 20E SVRD,7,Calle Local,Urbano,Arteria Principal,Not Reported,1,Sin jurisdiccion especial,99998,31.94990833,-102.1644667,Vehiculo en movimiento,Frente a frente,Y-Intersection,Interseccion de Y,Sobre calle,Ninguna,Dia total,Despejado,No,NO APLICA,19,28,19,33,1,07/05/2022,2
48,Texas,481373,0,0,2,0,61,CAMERON (61),0,NO APLICA,4,Abril,29,2022,15,20,SR-48/BROWNSVILLE PORT ISABELL,3,Highway estatal,Urbano,Arteria Principal,Not Reported,1,Sin jurisdiccion especial,28,25.96642222,-97.39157778,Vehiculo en movimiento,Angulo,Not an Intersection,No fue interseccion,Sobre calle,Ninguna,Dia total,Despejado,No,NO APLICA,99,99,99,99,1,29/04/2022,2
48,Texas,481374,0,0,1,0,139,ELLIS (139),0,NO APLICA,5,Mayo,17,2022,16,50,CR-WOLF SPRINGS RD,4,Calle del Condado,Rural,Local,Not Reported,0,Sin jurisdiccion especial,0,32.54226111,-96.64186111,Barda,El primer evento no fue una colision con un vehiculo automotor en transporte,Not an Intersection,No fue interseccion,Fuera de la calle,Ninguna,Dia total,Nublado,No,NO APLICA,99,99,99,99,1,17/05/2022,4
48,Texas,481375,0,0,1,0,135,ECTOR (135),5030,ODESSA,5,Mayo,21,2022,2,26,GOLDER AVE,6,Calle Local Municipalidad,Urbano,Colector Mayor,Not Reported,0,Sin jurisdiccion especial,0,31.88483056,-102.3944417,Fin de valla,El primer evento no fue una colision con un vehiculo automotor en transporte,Not an Intersection,No fue interseccion,Sobre el lado de la calle,Ninguna,Oscuro sin iluminacion,Despejado,No,NO APLICA,99,98,99,98,1,21/05/2022,1
48,Texas,481376,0,0,3,0,201,HARRIS (201),0,NO APLICA,5,Mayo,7,2022,18,8,US-90,2,US Highway,Urbano,Arterial Principal -Freeway o ExpressWay,Not Reported,1,Sin jurisdiccion especial,98,29.87383611,-95.07578333,Vehiculo en movimiento,Frente a Detrás,Not an Intersection,No fue interseccion,Sobre calle,Ninguna,Dia total,Despejado,No,NO APLICA,99,98,99,98,1,07/05/2022,4
48,Texas,481377,0,0,2,0,149,FAYETTE (149),0,NO APLICA,5,Mayo,14,2022,19,21,FM 1291,8,Otro,Rural,Colector Mayor,Not Reported,0,Sin jurisdiccion especial,70,30.05725833,-96.80287222,Vehiculo en movimiento,Angulo,T-Intersection,Interseccion de T,Sobre calle,Construccion,Dia total,Despejado,No,NO APLICA,99,99,99,99,1,14/05/2022,2