Estado,Nombre de Estado,Numero de Caso,Peatones,Personas _no_vehiculos,Vehiculos automotores,Vehiculos estacionados,Condado,Nombre Condado,Ciudad,Nombre Ciudad,Mes,Nombre Mes,Dia,Año,Hora,Minuto,Calle,Ruta,Nombre Ruta,Rural o Urbanoo,Sistema Funcional,Dueño Calle,Sistema Nacional Carreteras,Jurisdiccion Especial,Milla,Latitud,Longitud,Causa del Accidente,Tipo de Accidente,Tipo Interseccion,Columna1,Lugar en la calle,Zona de Trabajo,Luz,Clima,Autobus Escolar,Cruce de Trenes,Hora Notificacion,Minuto Notificacion,Hora Llegada,Minuto Llegada,Decesos,Fecha,PersonaVehiculo
48,Texas,481378,0,0,1,0,201,HARRIS (201),0,NO APLICA,5,Mayo,7,2022,16,34,BAMWOOD DR,6,Calle Local Municipalidad,Urbano,Local,Not Reported,0,Sin jurisdiccion especial,0,30.0299,-95.45992222,Barda,El primer evento no fue una colision con un vehiculo automotor en transporte,Not an Intersection,No fue interseccion,Fuera de la calle,Ninguna,Dia total,Despejado,No,NO APLICA,99,99,99,99,1,07/05/2022,2
48,Texas,481379,0,0,1,0,53,BURNET (53),0,NO APLICA,5,Mayo,15,2022,21,14,US-281,2,US Highway,Rural,Arteria Principal,Not Reported,1,Sin jurisdiccion especial,36,30.98261944,-98.20391944,Fin de valla,El primer evento no fue una colision con un vehiculo automotor en transporte,Not an Intersection,No fue interseccion,Sobre el lado de la calle,Ninguna,Oscuro sin iluminacion,Nublado,No,NO APLICA,99,98,99,98,1,15/05/2022,1
48,Texas,481380,0,0,3,0,201,HARRIS (201),0,NO APLICA,5,Mayo,20,2022,23,46,BARKER CYPRESS RD,6,Calle Local Municipalidad,Urbano,Arteria Menor,Not Reported,0,Sin jurisdiccion especial,0,29.84598333,-95.68315,Vehiculo en movimiento,Frente a Detrás,Not an Intersection,No fue interseccion,Sobre calle,Ninguna,Oscuro sin iluminacion,Despejado,No,NO APLICA,99,99,99,99,1,20/05/2022,3
48,Texas,481381,0,0,1,0,265,KERR (265),0,NO APLICA,5,Mayo,16,2022,13,11,I-10,1,Interestatal,Rural,Interestatal,State Highway Agency,1,Sin jurisdiccion especial,252,30.05236944,-99.01082778,Volcadura,El primer evento no fue una colision con un vehiculo automotor en transporte,Not an Intersection,No fue interseccion,En el medio,Ninguna,Dia total,Despejado,No,NO APLICA,99,99,99,99,1,16/05/2022,1
48,Texas,481382,1,1,1,0,201,HARRIS (201),3280,HOUSTON,5,Mayo,10,2022,5,23,I-610/NORTH LP FWY,1,Interestatal,Urbano,Interestatal,State Highway Agency,1,Sin jurisdiccion especial,105,29.80916111,-95.30488333,Peaton,El primer evento no fue una colision con un vehiculo automotor en transporte,Not an Intersection,No fue interseccion,Sobre calle,Ninguna,Oscuro sin iluminacion,Despejado,No,NO APLICA,99,98,99,98,1,10/05/2022,1
48,Texas,481383,1,1,2,0,201,HARRIS (201),3280,HOUSTON,5,Mayo,12,2022,2,51,FM 1960 RD,6,Calle Local Municipalidad,Urbano,Arteria Principal,Not Reported,0,Sin jurisdiccion especial,337,30.01598333,-95.12223333,Peaton,El primer evento no fue una colision con un vehiculo automotor en transporte,Not an Intersection,No fue interseccion,Sobre calle,Ninguna,Oscuro sin iluminacion,Despejado,No,NO APLICA,99,98,99,98,1,12/05/2022,3
48,Texas,481384,0,0,1,0,5,ANGELINA (5),4160,LUFKIN,5,Mayo,21,2022,22,52,SR-339 SPUR,3,Highway estatal,Urbano,Arteria Menor,Not Reported,0,Sin jurisdiccion especial,124,31.36035,-94.75968611,Otro objeto (fijo),El primer evento no fue una colision con un vehiculo automotor en transporte,Not an Intersection,No fue interseccion,Fuera de la calle,Ninguna,Oscuro con iluminacion,Nublado,No,NO APLICA,99,98,99,98,1,21/05/2022,1
48,Texas,481385,0,0,2,0,61,CAMERON (61),0,NO APLICA,4,Abril,20,2022,17,42,FM 506,8,Otro,Rural,Colector Mayor,Not Reported,0,Sin jurisdiccion especial,1,26.34149444,-97.82068056,Vehiculo en movimiento,Frente a frente,Not an Intersection,No fue interseccion,Sobre calle,Ninguna,Dia total,Despejado,No,NO APLICA,99,99,99,99,3,20/04/2022,5
48,Texas,481386,0,0,1,0,387,RED RIVER (387),0,NO APLICA,5,Mayo,9,2022,15,1,FM 114,8,Otro,Rural,Colector Mayor,Not Reported,0,Sin jurisdiccion especial,46,33.62351667,-94.94751667,Volcadura,El primer evento no fue una colision con un vehiculo automotor en transporte,Not an Intersection,No fue interseccion,Fuera de la calle,Ninguna,Dia total,Despejado,No,NO APLICA,99,99,99,99,1,09/05/2022,3
48,Texas,481387,0,0,2,0,187,GUADALUPE (187),6290,SEGUIN,5,Mayo,15,2022,13,52,SR-123,3,Highway estatal,Urbano,Arteria Menor,Not Reported,0,Sin jurisdiccion especial,53,29.55991667,-97.96947778,Vehiculo en movimiento,Frente a frente,Not an Intersection,No fue interseccion,Sobre calle,Ninguna,Dia total,Despejado,No,NO APLICA,99,99,99,99,1,15/05/2022,3
48,Texas,481388,1,1,1,0,479,WEBB (479),3899,LAREDO,5,Mayo,16,2022,23,58,BU-59 Z SAUNDERS ST,8,Otro,Urbano,Arteria Principal,Not Reported,1,Sin jurisdiccion especial,452,27.53059444,-99.48620278,Peaton,El primer evento no fue una colision con un vehiculo automotor en transporte,Not an Intersection,No fue interseccion,Sobre calle,Ninguna,Oscuro con iluminacion,Despejado,No,NO APLICA,99,98,99,98,1,16/05/2022,1
48,Texas,481389,0,0,2,0,303,LUBBOCK (303),4140,LUBBOCK,5,Mayo,16,2022,0,21,US-82,2,US Highway,Urbano,Arteria Principal,Not Reported,1,Sin jurisdiccion especial,181,33.59089444,-101.8366083,Vehiculo en movimiento,Frente a frente,Not an Intersection,No fue interseccion,Sobre calle,Ninguna,Oscuro sin iluminacion,Despejado,No,NO APLICA,99,99,99,99,1,16/05/2022,6
48,Texas,481390,0,0,2,0,409,SAN PATRICIO (409),0,NO APLICA,5,Mayo,12,2022,7,44,SR-188,3,Highway estatal,Rural,Colector Mayor,Not Reported,0,Sin jurisdiccion especial,62,28.05830556,-97.67195278,Vehiculo en movimiento,Angulo,Four-Way Intersection,Interseccion de 4 direcciones,Sobre calle,Ninguna,Dia total,Despejado,No,NO APLICA,99,99,99,99,2,12/05/2022,3
48,Texas,481391,0,0,2,0,99,CORYELL (99),0,NO APLICA,5,Mayo,22,2022,0,1,US-84,2,US Highway,Rural,Arteria Menor,State Highway Agency,0,Sin jurisdiccion especial,121,31.46392778,-97.94541667,Vehiculo en movimiento,Frente a frente,Not an Intersection,No fue interseccion,Sobre calle,Ninguna,Oscuro sin iluminacion,Despejado,No,NO APLICA,99,99,99,99,1,22/05/2022,2
48,Texas,481392,0,0,2,0,439,TARRANT (439),2450,FORT WORTH,5,Mayo,16,2022,6,10,RIVERSIDE DR,6,Calle Local Municipalidad,Urbano,Colector Mayor,Not Reported,0,Sin jurisdiccion especial,0,32.8421,-97.30036389,Vehiculo en movimiento,Angulo,Four-Way Intersection,Interseccion de 4 direcciones,Sobre calle,Ninguna,Amanecer,Despejado,No,NO APLICA,99,99,99,99,1,16/05/2022,2
48,Texas,481393,0,0,1,0,165,GAINES (165),0,NO APLICA,5,Mayo,14,2022,10,37,US-180,2,US Highway,Rural,Arteria Principal,Not Reported,1,Sin jurisdiccion especial,391,32.71140278,-102.4142639,Zanja,El primer evento no fue una colision con un vehiculo automotor en transporte,Not an Intersection,No fue interseccion,Sobre el lado de la calle,Ninguna,Dia total,Despejado,No,NO APLICA,99,98,99,98,1,14/05/2022,1
48,Texas,481394,0,0,2,0,465,VAL VERDE (465),1820,DEL RIO,5,Mayo,20,2022,12,9,US-277 SPUR/GARFIELD ST,2,US Highway,Urbano,Arteria Principal,Not Reported,1,Sin jurisdiccion especial,136,29.36488056,-100.8927667,Vehiculo en movimiento,Frente a frente,T-Intersection,Interseccion de T,Sobre calle,Ninguna,Dia total,Despejado,No,NO APLICA,99,99,99,99,1,20/05/2022,3
48,Texas,481396,0,0,1,0,401,RUSK (401),0,NO APLICA,5,Mayo,21,2022,19,45,SR-64,3,Highway estatal,Rural,Arteria Menor,Not Reported,0,Sin jurisdiccion especial,78,32.16735556,-94.85845833,Culvert,El primer evento no fue una colision con un vehiculo automotor en transporte,Not an Intersection,No fue interseccion,Sobre el lado de la calle,Ninguna,Dia total,Nublado,No,NO APLICA,99,99,99,99,2,21/05/2022,5
48,Texas,481397,0,0,1,0,29,BEXAR (29),6090,SAN ANTONIO,5,Mayo,19,2022,2,0,I-35 RAMP,1,Interestatal,Urbano,Interestatal,State Highway Agency,1,Sin jurisdiccion especial,297,29.47202778,-98.40480556,Zanja,El primer evento no fue una colision con un vehiculo automotor en transporte,Not an Intersection,No fue interseccion,Sobre el lado de la calle,Ninguna,Oscuro con iluminacion,Despejado,No,NO APLICA,99,99,99,99,1,19/05/2022,1
48,Texas,481398,0,0,1,0,113,DALLAS (113),1730,DALLAS,5,Mayo,21,2022,1,57,FERGUSON RD,6,Calle Local Municipalidad,Urbano,Arteria Menor,Not Reported,0,Sin jurisdiccion especial,0,32.81168611,-96.70180278,Poste,El primer evento no fue una colision con un vehiculo automotor en transporte,Not an Intersection,No fue interseccion,En el medio,Ninguna,Oscuro con iluminacion,Despejado,No,NO APLICA,99,99,99,99,1,21/05/2022,1
48,Texas,481399,0,0,3,0,113,DALLAS (113),1730,DALLAS,5,Mayo,20,2022,11,45,SR-12 WALTON WALKER,3,Highway estatal,Urbano,Arterial Principal -Freeway o ExpressWay,Not Reported,1,Sin jurisdiccion especial,220,32.86845556,-96.89838889,Vehiculo en movimiento,Frente a Detrás,Not an Intersection,No fue interseccion,Sobre calle,Ninguna,Dia total,Despejado,No,NO APLICA,99,99,99,99,1,20/05/2022,5
48,Texas,481400,0,0,1,0,163,FRIO (163),0,NO APLICA,5,Mayo,15,2022,11,44,I-35,1,Interestatal,Rural,Interestatal,State Highway Agency,1,Sin jurisdiccion especial,194,28.76859444,-99.13376944,Acotamiento,El primer evento no fue una colision con un vehiculo automotor en transporte,Not an Intersection,No fue interseccion,En el medio,Ninguna,Dia total,Despejado,No,NO APLICA,99,99,99,99,1,15/05/2022,4
48,Texas,481401,0,0,1,0,141,EL PASO (141),0,NO APLICA,5,Mayo,20,2022,21,41,CR-CURLEY AVE,4,Calle del Condado,Rural,Local,Not Reported,0,Sin jurisdiccion especial,0,31.89879722,-106.0495194,Acotamiento,El primer evento no fue una colision con un vehiculo automotor en transporte,Not an Intersection,No fue interseccion,Sobre el lado de la calle,Ninguna,Oscuro sin iluminacion,Despejado,No,NO APLICA,99,98,99,98,1,20/05/2022,1
48,Texas,481402,1,1,1,0,167,GALVESTON (167),2570,GALVESTON,5,Mayo,23,2022,20,56,FM 3005,8,Otro,Urbano,Arteria Principal,Not Reported,1,Sin jurisdiccion especial,19,29.25138056,-94.85285833,Peaton,El primer evento no fue una colision con un vehiculo automotor en transporte,Not an Intersection,No fue interseccion,Sobre calle,Ninguna,Oscuro sin iluminacion,Despejado,No,NO APLICA,99,99,99,99,1,23/05/2022,3
48,Texas,481403,0,0,1,0,485,WICHITA (485),7490,WICHITA FALLS,5,Mayo,18,2022,6,52,BU-277,8,Otro,Urbano,Arteria Principal,Not Reported,1,Sin jurisdiccion especial,18,33.90945556,-98.51431111,Barda,El primer evento no fue una colision con un vehiculo automotor en transporte,T-Intersection,Interseccion de T,Fuera de la calle,Ninguna,Amanecer,Despejado,No,NO APLICA,99,99,99,99,1,18/05/2022,1
48,Texas,481404,0,0,1,0,329,MIDLAND (329),4560,MIDLAND,5,Mayo,21,2022,5,4,INDUSTRIAL AVE,6,Calle Local Municipalidad,Urbano,Colector Mayor,Not Reported,0,Sin jurisdiccion especial,0,31.987875,-102.0884778,Hidrante,El primer evento no fue una colision con un vehiculo automotor en transporte,Not an Intersection,No fue interseccion,Sobre el lado de la calle,Ninguna,Oscuro sin iluminacion,Despejado,No,NO APLICA,99,98,99,98,1,21/05/2022,1
48,Texas,481405,0,0,3,0,439,TARRANT (439),4300,MANSFIELD,5,Mayo,19,2022,16,56,US-287,2,US Highway,Urbano,Arterial Principal -Freeway o ExpressWay,Not Reported,1,Sin jurisdiccion especial,258,32.61256667,-97.15967778,Vehiculo en movimiento,Frente a Detrás,Not an Intersection,No fue interseccion,Sobre calle,Ninguna,Dia total,Despejado,No,NO APLICA,99,98,99,98,1,19/05/2022,4
48,Texas,481406,1,1,1,0,201,HARRIS (201),3280,HOUSTON,4,Abril,1,2022,23,13,WESTHEIMER RD,6,Calle Local Municipalidad,Urbano,Arteria Principal,Not Reported,0,Sin jurisdiccion especial,0,29.73764444,-95.50995,Peaton,El primer evento no fue una colision con un vehiculo automotor en transporte,T-Intersection,Interseccion de T,Sobre calle,Ninguna,Oscuro con iluminacion,Despejado,No,NO APLICA,99,99,99,99,1,01/04/2022,2
48,Texas,481407,1,1,1,0,439,TARRANT (439),3347,HURST,4,Abril,22,2022,21,27,I-820,1,Interestatal,Urbano,Interestatal,State Highway Agency,1,Sin jurisdiccion especial,245,32.82665278,-97.20571111,Ciclista,El primer evento no fue una colision con un vehiculo automotor en transporte,Not an Intersection,No fue interseccion,En el medio,Ninguna,Oscuro con iluminacion,Despejado,No,NO APLICA,99,99,99,99,1,22/04/2022,1
48,Texas,481408,0,0,2,0,305,LYNN (305),0,NO APLICA,5,Mayo,10,2022,18,10,US-87,2,US Highway,Rural,Arteria Principal,Not Reported,1,Sin jurisdiccion especial,231,32.96429167,-101.8433333,Vehiculo en movimiento,Frente a Detrás,T-Intersection,Interseccion de T,Sobre calle,Ninguna,Dia total,Despejado,No,NO APLICA,18,17,18,32,1,10/05/2022,9
48,Texas,481409,1,1,1,0,141,EL PASO (141),2190,EL PASO,5,Mayo,16,2022,21,42,SHADOW MOUNTAIN,6,Calle Local Municipalidad,Urbano,Arteria Menor,Not Reported,0,Sin jurisdiccion especial,0,31.83111667,-106.5261972,Peaton,El primer evento no fue una colision con un vehiculo automotor en transporte,Not an Intersection,No fue interseccion,Sobre calle,Ninguna,Oscuro con iluminacion,Despejado,No,NO APLICA,99,99,99,99,1,16/05/2022,1
48,Texas,481410,0,0,2,0,241,JASPER (241),0,NO APLICA,5,Mayo,20,2022,10,10,US-96,2,US Highway,Rural,Arteria Principal,Not Reported,1,Sin jurisdiccion especial,94,30.71156389,-93.91534444,Vehiculo en movimiento,Angulo,T-Intersection,Interseccion de T,Sobre calle,Ninguna,Dia total,Despejado,No,NO APLICA,99,99,99,99,1,20/05/2022,3
48,Texas,481411,0,0,2,0,113,DALLAS (113),7520,WILMER,5,Mayo,22,2022,23,45,I-45,1,Interestatal,Urbano,Interestatal,State Highway Agency,1,Sin jurisdiccion especial,17,32.56990833,-96.66883056,Vehiculo en movimiento,Frente a frente,Not an Intersection,No fue interseccion,Sobre calle,Ninguna,Oscuro sin iluminacion,Despejado,No,NO APLICA,99,99,99,99,4,22/05/2022,6
48,Texas,481412,0,0,2,0,453,TRAVIS (453),330,AUSTIN,5,Mayo,23,2022,5,45,SR-1,3,Highway estatal,Urbano,Arterial Principal -Freeway o ExpressWay,Not Reported,1,Sin jurisdiccion especial,136,30.29628056,-97.75866667,Vehiculo en movimiento,Frente a frente,Not an Intersection,No fue interseccion,Sobre calle,Ninguna,Oscuro con iluminacion,Despejado,No,NO APLICA,99,99,99,99,1,23/05/2022,2
48,Texas,481413,0,0,2,0,491,WILLIAMSON (491),3360,HUTTO,5,Mayo,13,2022,22,6,FM 1660,6,Calle Local Municipalidad,Rural,Colector Mayor,Not Reported,0,Sin jurisdiccion especial,23,30.59676944,-97.53725278,Vehiculo en movimiento,Angulo,Four-Way Intersection,Interseccion de 4 direcciones,Sobre calle,Ninguna,Oscuro con iluminacion,Despejado,No,NO APLICA,99,99,99,99,3,13/05/2022,7
48,Texas,481416,0,0,2,0,181,GRAYSON (181),6350,SHERMAN,5,Mayo,21,2022,12,21,HERITAGE PKWY PKWY,6,Calle Local Municipalidad,Urbano,Arteria Menor,Not Reported,0,Sin jurisdiccion especial,54,33.62940278,-96.64518611,Vehiculo en movimiento,Frente a frente,Not an Intersection,No fue interseccion,Sobre calle,Construccion,Dia total,Despejado,No,NO APLICA,99,99,99,99,1,21/05/2022,2
48,Texas,481417,1,1,3,0,113,DALLAS (113),1730,DALLAS,5,Mayo,14,2022,22,0,SR-12 LP/BUCKNER BLVD,3,Highway estatal,Urbano,Arteria Principal,Not Reported,1,Sin jurisdiccion especial,79,32.75233056,-96.683,Vehiculo en movimiento,Angulo,T-Intersection,Interseccion de T,Sobre calle,Ninguna,Oscuro con iluminacion,Despejado,No,NO APLICA,99,99,99,99,1,14/05/2022,9
48,Texas,481418,0,0,1,0,113,DALLAS (113),1730,DALLAS,5,Mayo,22,2022,17,43,I-345 SVRD/CENTRAL EXPY,7,Calle Local,Urbano,Colector Mayor,Not Reported,0,Sin jurisdiccion especial,211,32.79024167,-96.79263056,Soporte de Puente,El primer evento no fue una colision con un vehiculo automotor en transporte,Not an Intersection,No fue interseccion,Sobre el lado de la calle,Ninguna,Dia total,Nublado,No,NO APLICA,99,99,99,99,1,22/05/2022,1
48,Texas,481419,0,0,1,0,321,MATAGORDA (321),0,NO APLICA,5,Mayo,1,2022,20,48,CR-ALLENHURST RD,4,Calle del Condado,Rural,Local,Not Reported,0,Sin jurisdiccion especial,0,29.02675,-95.785175,Vehiculo Ferrocarril,El primer evento no fue una colision con un vehiculo automotor en transporte,Not an Intersection,No fue interseccion,Sobre calle,Ninguna,Oscuro sin iluminacion,Despejado,No,435856J,99,98,99,98,1,01/05/2022,1
48,Texas,481420,0,0,3,0,113,DALLAS (113),1730,DALLAS,5,Mayo,5,2022,9,52,DALLAS PKWY,7,Calle Local,Urbano,Colector Mayor,Not Reported,0,Sin jurisdiccion especial,0,32.93299722,-96.82171667,Vehiculo en movimiento,Angulo,Four-Way Intersection,Interseccion de 4 direcciones,Sobre calle,Ninguna,Dia total,Nublado,No,NO APLICA,99,99,99,99,1,05/05/2022,3
48,Texas,481421,1,1,1,0,201,HARRIS (201),3280,HOUSTON,5,Mayo,13,2022,21,40,BEECHNUT ST,6,Calle Local Municipalidad,Urbano,Arteria Menor,Not Reported,0,Sin jurisdiccion especial,0,29.68992778,-95.55196944,Peaton,El primer evento no fue una colision con un vehiculo automotor en transporte,Not an Intersection,No fue interseccion,Sobre calle,Ninguna,Oscuro con iluminacion,Despejado,No,NO APLICA,99,99,99,99,1,13/05/2022,2
48,Texas,481422,0,0,1,0,41,BRAZOS (41),1440,COLLEGE STATION,5,Mayo,20,2022,0,50,SR-6/EARL RUDDER FWY,7,Calle Local,Urbano,Colector Mayor,Not Reported,0,Sin jurisdiccion especial,106,30.622625,-96.29834722,Fin de valla,El primer evento no fue una colision con un vehiculo automotor en transporte,Not an Intersection,No fue interseccion,Sobre el lado de la calle,Ninguna,Oscuro con iluminacion,Despejado,No,NO APLICA,99,98,99,98,1,20/05/2022,1
48,Texas,481423,1,1,1,0,439,TARRANT (439),2450,FORT WORTH,5,Mayo,21,2022,1,0,MCCART AVE,6,Calle Local Municipalidad,Urbano,Arteria Menor,Not Reported,0,Sin jurisdiccion especial,0,32.69563333,-97.35298056,No vehiculo o remolque,El primer evento no fue una colision con un vehiculo automotor en transporte,Not an Intersection,No fue interseccion,Sobre calle,Ninguna,Oscuro con iluminacion,Despejado,No,NO APLICA,99,99,99,99,1,21/05/2022,1
48,Texas,481424,0,0,1,0,439,TARRANT (439),260,ARLINGTON,5,Mayo,21,2022,12,2,DAVIS DR,6,Calle Local Municipalidad,Urbano,Colector Mayor,Not Reported,0,Sin jurisdiccion especial,0,32.76803889,-97.12285556,Volcadura,El primer evento no fue una colision con un vehiculo automotor en transporte,Not an Intersection,No fue interseccion,Sobre el lado de la calle,Ninguna,Dia total,Despejado,No,NO APLICA,99,99,99,99,1,21/05/2022,3
48,Texas,481425,0,0,1,0,35,BOSQUE (35),0,NO APLICA,5,Mayo,21,2022,21,19,FM 56,8,Otro,Rural,Colector Mayor,Not Reported,0,Sin jurisdiccion especial,20,31.83249722,-97.36237778,Arbol,El primer evento no fue una colision con un vehiculo automotor en transporte,Not an Intersection,No fue interseccion,Sobre el lado de la calle,Ninguna,Oscuro sin iluminacion,lluvia,No,NO APLICA,99,98,99,98,4,21/05/2022,4
48,Texas,481426,1,1,1,0,303,LUBBOCK (303),4140,LUBBOCK,5,Mayo,21,2022,16,57,50TH ST,6,Calle Local Municipalidad,Urbano,Arteria Menor,Not Reported,0,Sin jurisdiccion especial,0,33.54873333,-101.8592222,Peaton,El primer evento no fue una colision con un vehiculo automotor en transporte,Not an Intersection,No fue interseccion,Sobre calle,Ninguna,Dia total,Despejado,No,NO APLICA,99,99,99,99,1,21/05/2022,1
48,Texas,481427,0,0,2,0,453,TRAVIS (453),0,NO APLICA,5,Mayo,19,2022,15,53,JOHNNY MORRIS RD,6,Calle Local Municipalidad,Urbano,Colector Mayor,Not Reported,0,Sin jurisdiccion especial,0,30.32416111,-97.62928611,Vehiculo en movimiento,Angulo,Not an Intersection,No fue interseccion,Sobre calle,Ninguna,Dia total,Despejado,No,NO APLICA,99,98,99,98,1,19/05/2022,2
48,Texas,481428,0,0,2,0,439,TARRANT (439),2450,FORT WORTH,5,Mayo,14,2022,10,6,I-20,7,Calle Local,Urbano,Colector Mayor,State Highway Agency,0,Sin jurisdiccion especial,99998,32.67023889,-97.36631111,Vehiculo en movimiento,Angulo,Four-Way Intersection,Interseccion de 4 direcciones,Sobre calle,Ninguna,Dia total,Despejado,No,NO APLICA,99,99,99,99,1,14/05/2022,2
48,Texas,481429,0,0,1,0,355,NUECES (355),1550,CORPUS CHRISTI,5,Mayo,6,2022,8,28,SR-286/CROSSTOWN EXPWY,7,Calle Local,Urbano,Colector Mayor,Not Reported,0,Sin jurisdiccion especial,34,27.75158889,-97.42129167,Arbol,El primer evento no fue una colision con un vehiculo automotor en transporte,Not an Intersection,No fue interseccion,Sobre el lado de la calle,Ninguna,Dia total,Nublado,No,NO APLICA,99,99,99,99,1,06/05/2022,1
48,Texas,481430,0,0,1,0,201,HARRIS (201),3280,HOUSTON,5,Mayo,20,2022,16,56,I-10/EAST FWY,7,Calle Local,Urbano,Colector Mayor,State Highway Agency,0,Sin jurisdiccion especial,100,29.77100833,-95.20464444,Algún evento nocivo sin detalles,El primer evento no fue una colision con un vehiculo automotor en transporte,Not an Intersection,No fue interseccion,Sobre calle,Ninguna,Dia total,Despejado,No,NO APLICA,99,99,99,99,1,20/05/2022,1
48,Texas,481431,0,0,2,0,201,HARRIS (201),3280,HOUSTON,5,Mayo,13,2022,0,45,I-45/NORTH FWY,1,Interestatal,Urbano,Interestatal,State Highway Agency,1,Sin jurisdiccion especial,342,29.89831111,-95.41212778,Vehiculo en movimiento,Frente a Detrás,Not an Intersection,No fue interseccion,Sobre calle,Ninguna,Oscuro con iluminacion,Nublado,No,NO APLICA,99,98,99,98,1,13/05/2022,3
48,Texas,481432,0,0,2,0,183,GREGG (183),0,NO APLICA,5,Mayo,18,2022,11,16,US-259/CHARLES K DEVALL MEM,2,US Highway,Urbano,Arteria Principal,Not Reported,1,Sin jurisdiccion especial,49,32.37133889,-94.83159167,Vehiculo en movimiento,Golpe Lateral - direccion contraria,Not an Intersection,No fue interseccion,Sobre calle,Ninguna,Dia total,Despejado,No,NO APLICA,99,99,99,99,1,18/05/2022,3
48,Texas,481433,0,0,1,0,183,GREGG (183),0,NO APLICA,5,Mayo,24,2022,16,5,CR-MCCANN RD,4,Calle del Condado,Urbano,Colector Mayor,Not Reported,0,Sin jurisdiccion especial,0,32.57589444,-94.77665833,Volcadura,El primer evento no fue una colision con un vehiculo automotor en transporte,Not an Intersection,No fue interseccion,Sobre el lado de la calle,Ninguna,Dia total,Nublado,No,NO APLICA,99,98,99,98,1,24/05/2022,1
48,Texas,481434,0,0,1,0,113,DALLAS (113),1539,COPPELL,5,Mayo,21,2022,6,30,MACARTHUR BLVD,6,Calle Local Municipalidad,Urbano,Arteria Menor,Not Reported,0,Sin jurisdiccion especial,0,32.95660278,-96.95667222,Banqueta,El primer evento no fue una colision con un vehiculo automotor en transporte,Not an Intersection,No fue interseccion,Sobre el lado de la calle,Ninguna,Amanecer,Nublado,No,NO APLICA,99,99,99,99,1,21/05/2022,1
48,Texas,481435,0,0,1,0,309,MCLENNAN (309),0,NO APLICA,5,Mayo,14,2022,22,20,CR-WARREN RD,4,Calle del Condado,Urbano,Local,Not Reported,0,Sin jurisdiccion especial,0,31.43556111,-97.23838056,Arbol,El primer evento no fue una colision con un vehiculo automotor en transporte,Not an Intersection,No fue interseccion,Sobre el lado de la calle,Ninguna,Oscuro sin iluminacion,Despejado,No,NO APLICA,99,99,99,99,1,14/05/2022,1
48,Texas,481436,0,0,3,0,397,ROCKWALL (397),5910,ROCKWALL,5,Mayo,24,2022,17,0,SR-276,3,Highway estatal,Urbano,Arteria Principal,Not Reported,0,Sin jurisdiccion especial,11,32.90466944,-96.39927778,Vehiculo en movimiento,Angulo,Not an Intersection,No fue interseccion,Sobre calle,Ninguna,Dia total,lluvia,No,NO APLICA,99,99,99,99,1,24/05/2022,4
48,Texas,481437,1,1,1,0,201,HARRIS (201),3280,HOUSTON,5,Mayo,18,2022,9,30,FUQUA ST,6,Calle Local Municipalidad,Urbano,Arteria Menor,Not Reported,0,Sin jurisdiccion especial,0,29.6113,-95.23040278,Peaton,El primer evento no fue una colision con un vehiculo automotor en transporte,Not an Intersection,No fue interseccion,Sobre calle,Ninguna,Dia total,Despejado,No,NO APLICA,99,98,99,98,1,18/05/2022,1
48,Texas,481438,0,0,2,0,201,HARRIS (201),3280,HOUSTON,5,Mayo,23,2022,17,35,SR-8 LOOP/SAM HOUSTON PKWY,7,Calle Local,Urbano,Arteria Principal,Not Reported,1,Sin jurisdiccion especial,61,29.60922222,-95.48566944,Vehiculo en movimiento,Frente a Detrás,Not an Intersection,No fue interseccion,Sobre calle,Ninguna,Dia total,Despejado,No,NO APLICA,99,98,99,98,1,23/05/2022,2
48,Texas,481439,0,0,2,0,491,WILLIAMSON (491),0,NO APLICA,5,Mayo,22,2022,11,20,SR-29,3,Highway estatal,Rural,Arteria Menor,Not Reported,0,Sin jurisdiccion especial,260,30.64385,-97.61051389,Vehiculo en movimiento,Frente a Detrás,T-Intersection,Interseccion de T,Sobre calle,Ninguna,Dia total,Despejado,No,NO APLICA,99,98,99,98,1,22/05/2022,2
48,Texas,481440,0,0,1,0,39,BRAZORIA (39),0,NO APLICA,5,Mayo,20,2022,19,52,FM 521,8,Otro,Rural,Colector Mayor,Not Reported,0,Sin jurisdiccion especial,22,29.30973889,-95.45074167,Suelo,El primer evento no fue una colision con un vehiculo automotor en transporte,Not an Intersection,No fue interseccion,Sobre el lado de la calle,Ninguna,Atardecer,Despejado,No,NO APLICA,99,99,99,99,1,20/05/2022,4
48,Texas,481441,0,0,2,0,39,BRAZORIA (39),0,NO APLICA,5,Mayo,23,2022,6,13,SR-35,3,Highway estatal,Rural,Arteria Menor,Not Reported,1,Sin jurisdiccion especial,502,29.12443333,-95.67067778,Vehiculo en movimiento,Angulo,T-Intersection,Interseccion de T,Sobre calle,Ninguna,Oscuro con iluminacion,Despejado,No,NO APLICA,99,99,99,99,1,23/05/2022,2
48,Texas,481442,1,1,1,0,201,HARRIS (201),5230,PASADENA,5,Mayo,24,2022,9,43,SOUTHMORE AVE,6,Calle Local Municipalidad,Urbano,Arteria Menor,Not Reported,0,Sin jurisdiccion especial,0,29.69083333,-95.20636111,Peaton,El primer evento no fue una colision con un vehiculo automotor en transporte,Not an Intersection,No fue interseccion,Sobre calle,Ninguna,Dia total,Nublado,No,NO APLICA,99,99,99,99,1,24/05/2022,1
48,Texas,481443,1,1,1,0,471,WALKER (471),0,NO APLICA,5,Mayo,26,2022,5,8,I-45,1,Interestatal,Rural,Interestatal,State Highway Agency,1,Sin jurisdiccion especial,51,30.58310556,-95.50388611,Peaton,El primer evento no fue una colision con un vehiculo automotor en transporte,Not an Intersection,No fue interseccion,Sobre calle,Ninguna,Oscuro sin iluminacion,Despejado,No,NO APLICA,99,98,99,98,1,26/05/2022,1
48,Texas,481444,0,0,3,0,113,DALLAS (113),1730,DALLAS,4,Abril,30,2022,2,21,I-635,1,Interestatal,Urbano,Interestatal,State Highway Agency,1,Sin jurisdiccion especial,141,32.90899167,-96.89137222,Vehiculo en movimiento,Golpe Lateral - misma direccion,Not an Intersection,No fue interseccion,Sobre calle,Ninguna,Oscuro con iluminacion,Despejado,No,NO APLICA,99,99,99,99,1,30/04/2022,3