Estado,Nombre de Estado,Numero de Caso,Peatones,Personas _no_vehiculos,Vehiculos automotores,Vehiculos estacionados,Condado,Nombre Condado,Ciudad,Nombre Ciudad,Mes,Nombre Mes,Dia,Año,Hora,Minuto,Calle,Ruta,Nombre Ruta,Rural o Urbanoo,Sistema Funcional,Dueño Calle,Sistema Nacional Carreteras,Jurisdiccion Especial,Milla,Latitud,Longitud,Causa del Accidente,Tipo de Accidente,Tipo Interseccion,Columna1,Lugar en la calle,Zona de Trabajo,Luz,Clima,Autobus Escolar,Cruce de Trenes,Hora Notificacion,Minuto Notificacion,Hora Llegada,Minuto Llegada,Decesos,Fecha,PersonaVehiculo
48,Texas,481445,0,0,4,0,85,COLLIN (85),200,ANNA,5,Mayo,26,2022,5,10,SR-121/SAM RAYBURN HWY,3,Highway estatal,Urbano,Arteria Principal,Not Reported,1,Sin jurisdiccion especial,74,33.33737778,-96.474625,Vehiculo en movimiento,Angulo,Four-Way Intersection,Interseccion de 4 direcciones,Sobre calle,Construccion,Oscuro sin iluminacion,Despejado,No,NO APLICA,99,99,99,99,1,26/05/2022,5
48,Texas,481446,0,0,1,0,167,GALVESTON (167),3220,HITCHCOCK,5,Mayo,22,2022,22,36,FM 519/MAIN ST,8,Otro,Urbano,Arteria Menor,Not Reported,0,Sin jurisdiccion especial,41,29.35736667,-95.00393889,Valla Ferrocarril,El primer evento no fue una colision con un vehiculo automotor en transporte,Not an Intersection,No fue interseccion,Sobre el lado de la calle,Ninguna,Oscuro sin iluminacion,Despejado,No,NO APLICA,99,98,99,98,1,22/05/2022,1
48,Texas,481447,1,1,3,1,161,FREESTONE (161),0,NO APLICA,4,Abril,22,2022,20,5,I-45,1,Interestatal,Rural,Interestatal,State Highway Agency,1,Sin jurisdiccion especial,189,31.73856389,-96.18882222,Vehiculo en movimiento,Frente a Detrás,Not an Intersection,No fue interseccion,Sobre calle,Ninguna,Oscuro sin iluminacion,Despejado,No,NO APLICA,99,99,99,99,1,22/04/2022,3
48,Texas,481448,0,0,1,0,161,FREESTONE (161),0,NO APLICA,5,Mayo,17,2022,3,33,SR-75,3,Highway estatal,Rural,Arteria Menor,Not Reported,0,Sin jurisdiccion especial,169,31.49316389,-96.08431667,Otro objeto (fijo),El primer evento no fue una colision con un vehiculo automotor en transporte,Not an Intersection,No fue interseccion,Sobre el lado de la calle,Ninguna,Oscuro sin iluminacion,Despejado,No,NO APLICA,99,99,99,99,1,17/05/2022,2
48,Texas,481450,0,0,2,0,65,CARSON (65),5200,PANHANDLE,5,Mayo,25,2022,0,35,US-60/TX PLAINS TRL,2,US Highway,Rural,Arteria Principal,Not Reported,1,Sin jurisdiccion especial,155,35.33746389,-101.3818333,Vehiculo en movimiento,Angulo,Four-Way Intersection,Interseccion de 4 direcciones,Sobre calle,Ninguna,Oscuro con iluminacion,Despejado,No,NO APLICA,99,98,99,98,1,25/05/2022,2
48,Texas,481451,1,1,2,0,61,CAMERON (61),940,BROWNSVILLE,5,Mayo,20,2022,21,30,SR-48,3,Highway estatal,Urbano,Arteria Principal,Not Reported,1,Sin jurisdiccion especial,15,25.92213333,-97.48831389,Peaton,El primer evento no fue una colision con un vehiculo automotor en transporte,Four-Way Intersection,Interseccion de 4 direcciones,Sobre calle,Ninguna,Oscuro con iluminacion,Despejado,No,NO APLICA,99,98,99,98,1,20/05/2022,3
48,Texas,481452,0,0,2,0,491,WILLIAMSON (491),3925,LEANDER,5,Mayo,21,2022,0,6,SAN GABRIEL PKWY,6,Calle Local Municipalidad,Urbano,Colector Menor,City or Municipal Highway Agency,0,Sin jurisdiccion especial,99998,30.59631111,-97.85213333,Vehiculo en movimiento,Angulo,Four-Way Intersection,Interseccion de 4 direcciones,Sobre calle,Ninguna,Oscuro con iluminacion,Despejado,No,NO APLICA,99,99,99,99,1,21/05/2022,5
48,Texas,481453,0,0,2,0,157,FORT BEND (157),4655,MISSOURI CITY,5,Mayo,27,2022,22,42,FM 3345/CARTWRIGHT RD,8,Otro,Urbano,Arteria Menor,Not Reported,0,Sin jurisdiccion especial,26,29.58314167,-95.53761667,Vehiculo en movimiento,Angulo,T-Intersection,Interseccion de T,Sobre calle,Ninguna,Oscuro con iluminacion,Despejado,No,NO APLICA,99,98,99,98,1,27/05/2022,2
48,Texas,481454,0,0,1,0,5,ANGELINA (5),0,NO APLICA,5,Mayo,19,2022,15,15,FM 2109,8,Otro,Rural,Colector Mayor,Not Reported,0,Sin jurisdiccion especial,30,31.27569722,-94.52421389,Volcadura,El primer evento no fue una colision con un vehiculo automotor en transporte,Not an Intersection,No fue interseccion,Fuera de la calle,Ninguna,Dia total,Despejado,No,NO APLICA,99,98,99,98,1,19/05/2022,1
48,Texas,481455,0,0,2,0,201,HARRIS (201),480,BAYTOWN,5,Mayo,24,2022,15,17,SR-330 SPUR,3,Highway estatal,Urbano,Arterial Principal -Freeway o ExpressWay,Not Reported,1,Sin jurisdiccion especial,17,29.78049167,-95.02579167,Vehiculo en movimiento,Frente a Detrás,Not an Intersection,No fue interseccion,Sobre calle,Ninguna,Dia total,Nublado,No,NO APLICA,99,98,99,98,1,24/05/2022,2
48,Texas,481456,0,0,1,0,147,FANNIN (147),6805,TELEPHONE,5,Mayo,23,2022,17,8,CR-2615,4,Calle del Condado,Rural,Local,Not Reported,0,Sin jurisdiccion especial,0,33.69060556,-96.06543889,Zanja,El primer evento no fue una colision con un vehiculo automotor en transporte,Not an Intersection,No fue interseccion,Sobre el lado de la calle,Ninguna,Dia total,Despejado,No,NO APLICA,99,99,99,99,1,23/05/2022,1
48,Texas,481457,0,0,1,0,201,HARRIS (201),3280,HOUSTON,5,Mayo,20,2022,3,40,I-45,7,Calle Local,Urbano,Colector Mayor,State Highway Agency,0,Sin jurisdiccion especial,332,29.87601111,-95.41184722,Poste,El primer evento no fue una colision con un vehiculo automotor en transporte,Not an Intersection,No fue interseccion,Sobre el lado de la calle,Ninguna,Oscuro con iluminacion,Despejado,No,NO APLICA,99,99,99,99,1,20/05/2022,1
48,Texas,481458,0,0,1,0,113,DALLAS (113),387,BALCH SPRINGS,4,Abril,22,2022,10,50,I-635/LYNDON B JOHNSON FWY,1,Interestatal,Urbano,Interestatal,State Highway Agency,1,Sin jurisdiccion especial,14,32.71590278,-96.61724722,Barda,El primer evento no fue una colision con un vehiculo automotor en transporte,Not an Intersection,No fue interseccion,Sobre el lado de la calle,Ninguna,Dia total,Despejado,No,NO APLICA,99,98,99,98,1,22/04/2022,1
48,Texas,481460,0,0,1,0,113,DALLAS (113),3420,IRVING,5,Mayo,19,2022,22,22,SR-183 LOOP RAMP/AIRPORT FWY,3,Highway estatal,Urbano,Arterial Principal -Freeway o ExpressWay,Not Reported,1,Sin jurisdiccion especial,78,32.83669167,-96.91535556,Puente de Ferrocarril,El primer evento no fue una colision con un vehiculo automotor en transporte,Not an Intersection,No fue interseccion,Sobre el lado de la calle,Ninguna,Oscuro con iluminacion,Nublado,No,NO APLICA,99,98,99,98,1,19/05/2022,1
48,Texas,481461,0,0,2,0,423,SMITH (423),0,NO APLICA,5,Mayo,25,2022,7,35,TL 49,6,Calle Local Municipalidad,Urbano,Arteria Principal,State Toll Road,0,Sin jurisdiccion especial,0,32.38386667,-95.42410833,Vehiculo en movimiento,Frente a frente,Not an Intersection,No fue interseccion,Sobre calle,Ninguna,Dia total,Despejado,No,NO APLICA,99,99,99,99,2,25/05/2022,3
48,Texas,481463,0,0,1,0,219,HOCKLEY (219),0,NO APLICA,5,Mayo,14,2022,15,0,CR-FILLY RD,4,Calle del Condado,Rural,Local,Not Reported,0,Sin jurisdiccion especial,0,33.52633611,-102.2050861,Volcadura,El primer evento no fue una colision con un vehiculo automotor en transporte,Not an Intersection,No fue interseccion,Sobre el lado de la calle,Ninguna,Dia total,Despejado,No,NO APLICA,99,99,99,99,1,14/05/2022,1
48,Texas,481464,0,0,1,0,309,MCLENNAN (309),0,NO APLICA,5,Mayo,12,2022,21,49,FM 185/CR-CEDAR ROCK PKWY,8,Otro,Rural,Colector Mayor,Not Reported,0,Sin jurisdiccion especial,46,31.54907778,-97.37301111,Culvert,El primer evento no fue una colision con un vehiculo automotor en transporte,Not an Intersection,No fue interseccion,Sobre el lado de la calle,Ninguna,Oscuro sin iluminacion,Despejado,No,NO APLICA,99,98,99,98,1,12/05/2022,1
48,Texas,481465,0,0,2,0,201,HARRIS (201),3280,HOUSTON,5,Mayo,22,2022,3,40,BELLAIRE BLVD,6,Calle Local Municipalidad,Urbano,Arteria Principal,Not Reported,0,Sin jurisdiccion especial,0,29.70505,-95.54531944,Vehiculo en movimiento,Angulo,T-Intersection,Interseccion de T,Sobre calle,Ninguna,Oscuro con iluminacion,lluvia,No,NO APLICA,99,98,99,98,1,22/05/2022,2
48,Texas,481466,1,1,1,0,201,HARRIS (201),3280,HOUSTON,5,Mayo,28,2022,21,5,NAVIGATION BLVD,6,Calle Local Municipalidad,Urbano,Arteria Menor,Not Reported,0,Sin jurisdiccion especial,0,29.7393,-95.28476667,Peaton,El primer evento no fue una colision con un vehiculo automotor en transporte,Not an Intersection,No fue interseccion,Sobre calle,Ninguna,Oscuro con iluminacion,Despejado,No,NO APLICA,99,99,99,99,1,28/05/2022,1
48,Texas,481467,0,0,2,0,113,DALLAS (113),1730,DALLAS,5,Mayo,12,2022,11,9,I-635,1,Interestatal,Urbano,Interestatal,State Highway Agency,1,Sin jurisdiccion especial,81,32.92485,-96.79330556,Vehiculo en movimiento,Frente a Detrás,Not an Intersection,No fue interseccion,Sobre calle,Ninguna,Dia total,Despejado,No,NO APLICA,99,99,99,99,1,12/05/2022,3
48,Texas,481468,0,0,2,0,361,ORANGE (361),0,NO APLICA,5,Mayo,19,2022,6,14,SR-87,3,Highway estatal,Urbano,Arteria Principal,Not Reported,1,Sin jurisdiccion especial,40,30.05453611,-93.81116389,Vehiculo en movimiento,Angulo,T-Intersection,Interseccion de T,Sobre calle,Ninguna,Dia total,Nublado,No,NO APLICA,99,99,99,99,2,19/05/2022,4
48,Texas,481469,0,0,2,0,409,SAN PATRICIO (409),0,NO APLICA,5,Mayo,25,2022,16,1,FM 893,8,Otro,Rural,Colector Mayor,Not Reported,0,Sin jurisdiccion especial,79,27.95664167,-97.408075,Vehiculo en movimiento,Angulo,Not an Intersection,No fue interseccion,Sobre calle,Ninguna,Dia total,Despejado,No,NO APLICA,99,98,99,98,1,25/05/2022,2
48,Texas,481470,0,0,2,0,201,HARRIS (201),2178,EL LAGO,5,Mayo,15,2022,2,19,SH-NASA PARKWAY,6,Calle Local Municipalidad,Urbano,Arteria Principal,Not Reported,1,Sin jurisdiccion especial,89,29.56648611,-95.05636944,Vehiculo en movimiento,Angulo,Not an Intersection,No fue interseccion,Sobre calle,Ninguna,Oscuro sin iluminacion,Nublado,No,NO APLICA,99,99,99,99,1,15/05/2022,4
48,Texas,481471,0,0,1,0,339,MONTGOMERY (339),0,NO APLICA,5,Mayo,29,2022,19,37,CR-MCCALEB RD,4,Calle del Condado,Urbano,Colector Mayor,Not Reported,0,Sin jurisdiccion especial,0,30.33460833,-95.58801111,Zanja,El primer evento no fue una colision con un vehiculo automotor en transporte,Not an Intersection,No fue interseccion,Sobre el lado de la calle,Ninguna,Dia total,Despejado,No,NO APLICA,99,99,99,99,1,29/05/2022,2
48,Texas,481472,0,0,1,0,467,VAN ZANDT (467),1140,CANTON,4,Abril,19,2022,2,0,COLLEGE ST,6,Calle Local Municipalidad,Rural,Colector Menor,Not Reported,0,Sin jurisdiccion especial,0,32.55564167,-95.874975,Arbol,El primer evento no fue una colision con un vehiculo automotor en transporte,Not an Intersection,No fue interseccion,Sobre el lado de la calle,Ninguna,Oscuro con iluminacion,Despejado,No,NO APLICA,99,99,99,99,1,19/04/2022,4
48,Texas,481473,0,0,1,0,107,CROSBY (107),0,NO APLICA,5,Mayo,29,2022,9,3,CR-156,4,Calle del Condado,Rural,Local,Not Reported,0,Sin jurisdiccion especial,0,33.69020833,-101.3739028,Volcadura,El primer evento no fue una colision con un vehiculo automotor en transporte,Not an Intersection,No fue interseccion,Fuera de la calle,Ninguna,Reportada como desconocida,Despejado,No,NO APLICA,99,98,99,98,1,29/05/2022,1
48,Texas,481474,1,1,1,0,77,CLAY (77),0,NO APLICA,5,Mayo,16,2022,22,45,US-82,2,US Highway,Rural,Arteria Principal,Not Reported,1,Sin jurisdiccion especial,59,33.86593889,-98.33796111,Peaton,El primer evento no fue una colision con un vehiculo automotor en transporte,Not an Intersection,No fue interseccion,Sobre calle,Ninguna,Oscuro sin iluminacion,Nublado,No,NO APLICA,99,98,99,98,1,16/05/2022,1
48,Texas,481475,0,0,1,0,339,MONTGOMERY (339),0,NO APLICA,5,Mayo,21,2022,11,18,FM 149,8,Otro,Rural,Colector Mayor,Not Reported,0,Sin jurisdiccion especial,270,30.24162778,-95.69600278,Arbol,El primer evento no fue una colision con un vehiculo automotor en transporte,Not an Intersection,No fue interseccion,Fuera de la calle,Ninguna,Dia total,Despejado,No,NO APLICA,99,98,99,98,1,21/05/2022,1
48,Texas,481476,0,0,2,0,215,HIDALGO (215),0,NO APLICA,4,Abril,22,2022,19,54,CR-EL PINTO RD,4,Calle del Condado,Urbano,Local,Not Reported,0,Sin jurisdiccion especial,0,26.31231667,-98.55593333,Vehiculo en movimiento,Detrás a Lado. ,T-Intersection,Interseccion de T,Sobre calle,Ninguna,Dia total,Despejado,No,NO APLICA,99,99,99,99,1,22/04/2022,3
48,Texas,481477,0,0,2,0,451,TOM GREEN (451),0,NO APLICA,5,Mayo,27,2022,19,50,FM 2105,8,Otro,Rural,Colector Mayor,Not Reported,0,Sin jurisdiccion especial,50,31.526325,-100.4024111,Vehiculo en movimiento,Angulo,T-Intersection,Interseccion de T,Sobre calle,Ninguna,Dia total,Despejado,No,NO APLICA,99,99,99,99,1,27/05/2022,3
48,Texas,481478,0,0,2,0,85,COLLIN (85),0,NO APLICA,5,Mayo,26,2022,19,49,CR-134,4,Calle del Condado,Rural,Local,Not Reported,0,Sin jurisdiccion especial,0,33.3643,-96.74013333,Vehiculo en movimiento,Angulo,Four-Way Intersection,Interseccion de 4 direcciones,Sobre calle,Ninguna,Oscuro sin iluminacion,Despejado,No,NO APLICA,99,98,99,98,1,26/05/2022,2
48,Texas,481479,0,0,1,0,365,PANOLA (365),0,NO APLICA,5,Mayo,23,2022,5,30,FM 124,8,Otro,Rural,Colector Mayor,Not Reported,0,Sin jurisdiccion especial,15,32.16365833,-94.52173056,Volcadura,El primer evento no fue una colision con un vehiculo automotor en transporte,Not an Intersection,No fue interseccion,Sobre calle,Ninguna,Oscuro sin iluminacion,Nublado,No,NO APLICA,99,98,99,98,1,23/05/2022,1
48,Texas,481480,0,0,2,0,201,HARRIS (201),7286,WEBSTER,5,Mayo,31,2022,6,34,NASA BYPASS N FRONTAGE RD,6,Calle Local Municipalidad,Urbano,Arteria Principal,Not Reported,0,Sin jurisdiccion especial,0,29.53093333,-95.12740556,Vehiculo en movimiento,Angulo,Four-Way Intersection,Interseccion de 4 direcciones,Sobre calle,Ninguna,Amanecer,Despejado,No,NO APLICA,99,99,99,99,1,31/05/2022,3
48,Texas,481481,0,0,2,0,113,DALLAS (113),1730,DALLAS,5,Mayo,8,2022,8,15,I-45/JULIUS SCHEPPS FWY,1,Interestatal,Urbano,Interestatal,State Highway Agency,1,Sin jurisdiccion especial,45,32.71238056,-96.75597222,Vehiculo en movimiento,Golpe Lateral - misma direccion,Not an Intersection,No fue interseccion,Sobre calle,Ninguna,Dia total,Nublado,No,NO APLICA,99,99,99,99,1,08/05/2022,2
48,Texas,481482,0,0,1,0,293,LIMESTONE (293),0,NO APLICA,5,Mayo,26,2022,4,30,SR-164,3,Highway estatal,Rural,Colector Mayor,Not Reported,0,Sin jurisdiccion especial,159,31.52385556,-96.55342778,Animal vivo,El primer evento no fue una colision con un vehiculo automotor en transporte,Not an Intersection,No fue interseccion,Sobre calle,Ninguna,Oscuro sin iluminacion,Nublado,No,NO APLICA,99,98,99,98,1,26/05/2022,1
48,Texas,481483,1,1,1,0,209,HAYS (209),0,NO APLICA,5,Mayo,28,2022,5,10,RM 150,8,Otro,Rural,Colector Mayor,Not Reported,0,Sin jurisdiccion especial,50,30.13721111,-98.03243611,Peaton,El primer evento no fue una colision con un vehiculo automotor en transporte,Not an Intersection,No fue interseccion,Sobre calle,Ninguna,Oscuro sin iluminacion,Nublado,No,NO APLICA,99,98,99,98,1,28/05/2022,1
48,Texas,481484,0,0,1,0,481,WHARTON (481),0,NO APLICA,5,Mayo,22,2022,21,30,FM 2546,8,Otro,Rural,Colector Menor,Not Reported,0,Sin jurisdiccion especial,45,29.28203056,-96.37674167,Arbol,El primer evento no fue una colision con un vehiculo automotor en transporte,Not an Intersection,No fue interseccion,Fuera de la calle,Ninguna,Oscuro sin iluminacion,Despejado,No,NO APLICA,99,98,99,98,1,22/05/2022,1
48,Texas,481485,1,1,1,0,113,DALLAS (113),1730,DALLAS,5,Mayo,24,2022,1,16,I-35 /STEMMONS FWY,1,Interestatal,Urbano,Interestatal,State Highway Agency,1,Sin jurisdiccion especial,251,32.86194444,-96.89349167,Peaton,El primer evento no fue una colision con un vehiculo automotor en transporte,Not an Intersection,No fue interseccion,Sobre calle,Ninguna,Oscuro con iluminacion,Despejado,No,NO APLICA,99,98,99,98,1,24/05/2022,1
48,Texas,481486,0,0,2,0,331,MILAM (331),0,NO APLICA,5,Mayo,11,2022,21,0,US-79,2,US Highway,Rural,Arteria Principal,Not Reported,1,Sin jurisdiccion especial,14,30.72200556,-96.83066111,Vehiculo en movimiento,Frente a frente,Not an Intersection,No fue interseccion,Sobre calle,Ninguna,Oscuro sin iluminacion,Nublado,No,NO APLICA,99,98,99,98,1,11/05/2022,2
48,Texas,481487,0,0,1,0,201,HARRIS (201),0,NO APLICA,5,Mayo,24,2022,0,45,TL 8 SAM HOUSTON TOLLWAY,8,Otro,Urbano,Arterial Principal -Freeway o ExpressWay,State Toll Road,1,Sin jurisdiccion especial,166,29.71386944,-95.15317778,Barrera de Trafico de Concreto,El primer evento no fue una colision con un vehiculo automotor en transporte,Not an Intersection,No fue interseccion,Sobre el lado de la calle,Ninguna,Oscuro con iluminacion,Despejado,No,NO APLICA,99,98,99,98,1,24/05/2022,1
48,Texas,481488,0,0,1,0,355,NUECES (355),1550,CORPUS CHRISTI,5,Mayo,31,2022,11,24,PORT AVE,6,Calle Local Municipalidad,Urbano,Arteria Principal,Not Reported,0,Sin jurisdiccion especial,0,27.80596389,-97.40933333,Banqueta,El primer evento no fue una colision con un vehiculo automotor en transporte,Not an Intersection,No fue interseccion,Sobre el lado de la calle,Ninguna,Dia total,Despejado,No,NO APLICA,99,99,99,99,2,31/05/2022,4
48,Texas,481490,0,0,2,0,201,HARRIS (201),3280,HOUSTON,5,Mayo,6,2022,0,39,I-10,7,Calle Local,Urbano,Colector Mayor,State Highway Agency,0,Sin jurisdiccion especial,247,29.77685278,-95.40630278,Vehiculo en movimiento,Angulo,Four-Way Intersection,Interseccion de 4 direcciones,Sobre calle,Ninguna,Oscuro con iluminacion,Despejado,No,NO APLICA,99,98,99,98,1,06/05/2022,3
48,Texas,481491,0,0,5,0,439,TARRANT (439),0,NO APLICA,5,Mayo,25,2022,12,50,I-20,1,Interestatal,Urbano,Interestatal,State Highway Agency,1,Sin jurisdiccion especial,38,32.69280833,-97.50421389,Vehiculo en movimiento,Frente a Detrás,Not an Intersection,No fue interseccion,Sobre calle,Ninguna,Dia total,Despejado,No,NO APLICA,99,99,99,99,1,25/05/2022,7
48,Texas,481492,0,0,2,0,139,ELLIS (139),5685,RED OAK,5,Mayo,25,2022,12,52,US-77,2,US Highway,Urbano,Arteria Principal,Not Reported,1,Sin jurisdiccion especial,60,32.48417222,-96.82650278,Vehiculo en movimiento,Angulo,T-Intersection,Interseccion de T,Sobre calle,Ninguna,Dia total,Despejado,No,NO APLICA,99,99,99,99,2,25/05/2022,3
48,Texas,481493,1,1,1,0,375,POTTER (375),150,AMARILLO,5,Mayo,30,2022,19,25,CENTER AVE,6,Calle Local Municipalidad,Urbano,Local,Not Reported,0,Sin jurisdiccion especial,0,35.21415278,-101.8833778,Ciclista,El primer evento no fue una colision con un vehiculo automotor en transporte,T-Intersection,Interseccion de T,Sobre calle,Ninguna,Dia total,Despejado,No,NO APLICA,99,98,99,98,1,30/05/2022,1
48,Texas,481494,0,0,2,0,37,BOWIE (37),0,NO APLICA,5,Mayo,29,2022,16,55,I-30,1,Interestatal,Rural,Interestatal,State Highway Agency,1,Sin jurisdiccion especial,26,33.33620556,-94.66731389,Vehiculo en movimiento,Frente a Detrás,Not an Intersection,No fue interseccion,Sobre calle,Ninguna,Dia total,Despejado,No,NO APLICA,99,98,99,98,2,29/05/2022,4
48,Texas,481495,0,0,1,0,303,LUBBOCK (303),0,NO APLICA,5,Mayo,24,2022,18,35,US-84,2,US Highway,Urbano,Arteria Menor,State Highway Agency,0,Sin jurisdiccion especial,20,33.73905,-102.0566917,Volcadura,El primer evento no fue una colision con un vehiculo automotor en transporte,Not an Intersection,No fue interseccion,Sobre el lado de la calle,Ninguna,Dia total,lluvia,No,NO APLICA,99,98,99,98,1,24/05/2022,1
48,Texas,481496,0,0,2,0,201,HARRIS (201),3280,HOUSTON,4,Abril,26,2022,8,30,FM 521/ALMEDA RD,8,Otro,Urbano,Arteria Principal,Not Reported,1,Sin jurisdiccion especial,82,29.62736389,-95.41416111,Vehiculo en movimiento,Angulo,Not an Intersection,No fue interseccion,Sobre calle,Ninguna,Dia total,Nublado,No,NO APLICA,8,33,8,38,1,26/04/2022,2
48,Texas,481497,1,1,1,0,231,HUNT (231),0,NO APLICA,5,Mayo,23,2022,21,27,FM 751,8,Otro,Urbano,Arteria Menor,Not Reported,0,Sin jurisdiccion especial,9,32.88988611,-96.10822778,Peaton,El primer evento no fue una colision con un vehiculo automotor en transporte,Not an Intersection,No fue interseccion,Sobre calle,Ninguna,Dia total,Despejado,No,NO APLICA,99,98,99,98,1,23/05/2022,1
48,Texas,481498,0,0,2,0,441,TAYLOR (441),30,ABILENE,5,Mayo,26,2022,5,36,GRAPE ST,6,Calle Local Municipalidad,Urbano,Arteria Menor,Not Reported,0,Sin jurisdiccion especial,0,32.46709722,-99.73992222,Vehiculo en movimiento,Angulo,Four-Way Intersection,Interseccion de 4 direcciones,Sobre calle,Ninguna,Oscuro con iluminacion,Despejado,No,NO APLICA,99,99,99,99,1,26/05/2022,3
48,Texas,481499,0,0,2,0,439,TARRANT (439),2450,FORT WORTH,5,Mayo,30,2022,6,0,I-35,1,Interestatal,Urbano,Interestatal,State Highway Agency,1,Sin jurisdiccion especial,44,32.71314722,-97.32051944,Vehiculo en movimiento,Golpe Lateral - misma direccion,Not an Intersection,No fue interseccion,Sobre calle,Ninguna,Oscuro con iluminacion,Despejado,No,NO APLICA,99,98,99,98,1,30/05/2022,2
48,Texas,481500,1,1,1,0,453,TRAVIS (453),330,AUSTIN,5,Mayo,29,2022,21,48,I-35,7,Calle Local,Urbano,Colector Mayor,State Highway Agency,0,Sin jurisdiccion especial,50,30.21711389,-97.75171667,No vehiculo o remolque,El primer evento no fue una colision con un vehiculo automotor en transporte,Four-Way Intersection,Interseccion de 4 direcciones,Sobre calle,Ninguna,Oscuro con iluminacion,Despejado,No,NO APLICA,99,98,99,98,1,29/05/2022,1
48,Texas,481501,0,0,2,0,201,HARRIS (201),5230,PASADENA,5,Mayo,30,2022,22,2,SPENCER HWY,6,Calle Local Municipalidad,Urbano,Arteria Principal,Not Reported,0,Sin jurisdiccion especial,0,29.6656,-95.15871944,Vehiculo en movimiento,Frente a frente,Four-Way Intersection,Interseccion de 4 direcciones,Sobre calle,Ninguna,Oscuro con iluminacion,Nublado,No,NO APLICA,99,99,99,99,1,30/05/2022,3
48,Texas,481502,0,0,1,0,265,KERR (265),0,NO APLICA,5,Mayo,29,2022,6,27,SR-41,3,Highway estatal,Rural,Colector Mayor,Not Reported,0,Sin jurisdiccion especial,70,30.13038056,-99.59645,Volcadura,El primer evento no fue una colision con un vehiculo automotor en transporte,Not an Intersection,No fue interseccion,Fuera de la calle,Ninguna,Amanecer,Despejado,No,NO APLICA,99,98,99,98,1,29/05/2022,1
48,Texas,481503,0,0,1,0,231,HUNT (231),2860,GREENVILLE,5,Mayo,29,2022,22,46,SR-34,3,Highway estatal,Urbano,Arteria Menor,Not Reported,0,Sin jurisdiccion especial,11,33.15286111,-96.10058889,Valla Ferrocarril,El primer evento no fue una colision con un vehiculo automotor en transporte,Not an Intersection,No fue interseccion,En el medio,Ninguna,Oscuro sin iluminacion,Despejado,No,NO APLICA,99,99,99,99,1,29/05/2022,2
48,Texas,481504,0,0,2,0,113,DALLAS (113),1730,DALLAS,5,Mayo,29,2022,2,7,I-20/LBJ FWY,1,Interestatal,Urbano,Interestatal,State Highway Agency,1,Sin jurisdiccion especial,129,32.64277222,-96.83862778,Vehiculo en movimiento,Frente a Detrás,Not an Intersection,No fue interseccion,Sobre calle,Ninguna,Oscuro sin iluminacion,Despejado,No,NO APLICA,99,98,99,98,1,29/05/2022,3
48,Texas,481505,1,1,1,0,453,TRAVIS (453),330,AUSTIN,5,Mayo,15,2022,2,37,RIVERSIDE DR,6,Calle Local Municipalidad,Urbano,Arteria Principal,Not Reported,0,Sin jurisdiccion especial,0,30.24477222,-97.73052778,Peaton,El primer evento no fue una colision con un vehiculo automotor en transporte,T-Intersection,Interseccion de T,Sobre calle,Ninguna,Oscuro con iluminacion,Despejado,No,NO APLICA,99,99,99,99,1,15/05/2022,6
48,Texas,481506,0,0,2,0,97,COOKE (97),0,NO APLICA,5,Mayo,29,2022,19,59,FM 922,8,Otro,Rural,Colector Mayor,Not Reported,0,Sin jurisdiccion especial,230,33.487875,-97.13137778,Vehiculo en movimiento,Frente a frente,Not an Intersection,No fue interseccion,Sobre calle,Ninguna,Dia total,Despejado,No,NO APLICA,99,99,99,99,1,29/05/2022,3
48,Texas,481507,0,0,1,0,73,CHEROKEE (73),0,NO APLICA,5,Mayo,21,2022,6,20,FM 2962,8,Otro,Rural,Colector Mayor,Not Reported,0,Sin jurisdiccion especial,5,31.84258333,-95.00871667,Arbol,El primer evento no fue una colision con un vehiculo automotor en transporte,Not an Intersection,No fue interseccion,Fuera de la calle,Ninguna,Dia total,Despejado,No,NO APLICA,99,98,99,98,1,21/05/2022,1
48,Texas,481508,0,0,1,0,139,ELLIS (139),4570,MIDLOTHIAN,5,Mayo,27,2022,21,50,US-67 SVC RD,2,US Highway,Rural,Local,State Highway Agency,0,Sin jurisdiccion especial,35,32.45194167,-97.05870833,Alguien se cayo/avento del vehiculo,El primer evento no fue una colision con un vehiculo automotor en transporte,Four-Way Intersection,Interseccion de 4 direcciones,Sobre calle,Ninguna,Oscuro sin iluminacion,Despejado,No,021779R,99,98,99,98,1,27/05/2022,2
48,Texas,481509,0,0,1,0,453,TRAVIS (453),330,AUSTIN,5,Mayo,12,2022,23,58,SR-71/BEN WHITE BLVD,3,Highway estatal,Urbano,Arterial Principal -Freeway o ExpressWay,Not Reported,1,Sin jurisdiccion especial,69,30.21310833,-97.71958333,Barrera de Trafico de Concreto,El primer evento no fue una colision con un vehiculo automotor en transporte,Not an Intersection,No fue interseccion,Sobre el lado de la calle,Ninguna,Oscuro con iluminacion,Despejado,No,NO APLICA,99,99,99,99,1,12/05/2022,1
48,Texas,481510,0,0,2,0,157,FORT BEND (157),0,NO APLICA,5,Mayo,17,2022,19,42,FM 1489/SIMONTON RD,8,Otro,Rural,Colector Mayor,Not Reported,0,Sin jurisdiccion especial,36,29.69367778,-95.97959444,Vehiculo en movimiento,Frente a Detrás,Not an Intersection,No fue interseccion,Sobre calle,Ninguna,Dia total,Despejado,No,NO APLICA,99,98,99,98,1,17/05/2022,2
48,Texas,481511,0,0,2,0,189,HALE (189),0,NO APLICA,5,Mayo,25,2022,21,21,FM 54,8,Otro,Rural,Colector Mayor,Not Reported,0,Sin jurisdiccion especial,134,33.87656667,-101.6214028,Vehiculo en movimiento,Frente a Detrás,Not an Intersection,No fue interseccion,Sobre calle,Ninguna,Atardecer,Despejado,No,NO APLICA,99,98,99,98,1,25/05/2022,2