Estado,Nombre de Estado,Numero de Caso,Peatones,Personas _no_vehiculos,Vehiculos automotores,Vehiculos estacionados,Condado,Nombre Condado,Ciudad,Nombre Ciudad,Mes,Nombre Mes,Dia,Año,Hora,Minuto,Calle,Ruta,Nombre Ruta,Rural o Urbanoo,Sistema Funcional,Dueño Calle,Sistema Nacional Carreteras,Jurisdiccion Especial,Milla,Latitud,Longitud,Causa del Accidente,Tipo de Accidente,Tipo Interseccion,Columna1,Lugar en la calle,Zona de Trabajo,Luz,Clima,Autobus Escolar,Cruce de Trenes,Hora Notificacion,Minuto Notificacion,Hora Llegada,Minuto Llegada,Decesos,Fecha,PersonaVehiculo
48,Texas,481512,0,0,2,1,201,HARRIS (201),3280,HOUSTON,5,Mayo,29,2022,19,29,BARBERRY DR,6,Calle Local Municipalidad,Urbano,Local,Not Reported,0,Sin jurisdiccion especial,0,29.65130833,-95.36924722,Vehiculo Aparcado,El primer evento no fue una colision con un vehiculo automotor en transporte,Not an Intersection,No fue interseccion,En estacionamiento,Ninguna,Oscuro con iluminacion,Despejado,No,NO APLICA,99,99,99,99,1,29/05/2022,1
48,Texas,481513,0,0,2,0,29,BEXAR (29),6090,SAN ANTONIO,5,Mayo,28,2022,20,16,SOUTHCROSS BLVD,6,Calle Local Municipalidad,Urbano,Arteria Menor,Not Reported,0,Sin jurisdiccion especial,0,29.36808889,-98.53393056,Vehiculo en movimiento,Angulo,Four-Way Intersection,Interseccion de 4 direcciones,Sobre calle,Ninguna,Dia total,Despejado,No,NO APLICA,99,99,99,99,1,28/05/2022,4
48,Texas,481514,0,0,2,0,201,HARRIS (201),0,NO APLICA,5,Mayo,31,2022,15,32,US-90,2,US Highway,Urbano,Arterial Principal -Freeway o ExpressWay,Not Reported,1,Sin jurisdiccion especial,108,29.84260278,-95.15310833,Vehiculo en movimiento,Frente a Detrás,Not an Intersection,No fue interseccion,Sobre calle,Ninguna,Dia total,Despejado,No,NO APLICA,99,99,99,99,1,31/05/2022,2
48,Texas,481515,1,1,1,0,113,DALLAS (113),1730,DALLAS,5,Mayo,9,2022,4,45,JEFFERSON BLVD,6,Calle Local Municipalidad,Urbano,Arteria Menor,Not Reported,0,Sin jurisdiccion especial,0,32.741675,-96.90228889,Peaton,El primer evento no fue una colision con un vehiculo automotor en transporte,Not an Intersection,No fue interseccion,Sobre calle,Ninguna,Oscuro sin iluminacion,Despejado,No,NO APLICA,99,99,99,99,1,09/05/2022,1
48,Texas,481516,0,0,2,0,163,FRIO (163),0,NO APLICA,5,Mayo,24,2022,13,48,US-57,2,US Highway,Rural,Arteria Principal,Not Reported,1,Sin jurisdiccion especial,113,28.97455278,-99.24016944,Vehiculo en movimiento,Angulo,Not an Intersection,No fue interseccion,Sobre el lado de la calle,Ninguna,Dia total,Nublado,No,NO APLICA,99,99,99,99,3,24/05/2022,4
48,Texas,481517,0,0,2,0,135,ECTOR (135),0,NO APLICA,5,Mayo,27,2022,1,59,FM 866,8,Otro,Urbano,Arteria Menor,Not Reported,0,Sin jurisdiccion especial,52,31.82664167,-102.5625806,Vehiculo en movimiento,Frente a Detrás,T-Intersection,Interseccion de T,Sobre calle,Ninguna,Oscuro sin iluminacion,Despejado,No,NO APLICA,99,99,99,99,1,27/05/2022,2
48,Texas,481518,0,0,3,0,373,POLK (373),0,NO APLICA,6,Junio,1,2022,15,20,US-190,2,US Highway,Rural,Arteria Principal,State Highway Agency,1,Sin jurisdiccion especial,0,30.70787778,-94.86421667,Vehiculo en movimiento,Frente a Detrás,T-Intersection,Interseccion de T,Sobre calle,Construccion,Dia total,Despejado,No,NO APLICA,99,99,99,99,1,01/06/2022,7
48,Texas,481519,0,0,2,0,201,HARRIS (201),0,NO APLICA,6,Junio,2,2022,13,52,CR-BECKER RD,4,Calle del Condado,Urbano,Colector Mayor,Not Reported,0,Sin jurisdiccion especial,0,30.04735278,-95.79847222,Vehiculo en movimiento,Angulo,Not an Intersection,No fue interseccion,Sobre calle,Ninguna,Dia total,Despejado,No,NO APLICA,99,99,99,99,1,02/06/2022,2
48,Texas,481520,0,0,2,0,329,MIDLAND (329),0,NO APLICA,5,Mayo,27,2022,5,20,BI-35,8,Otro,Urbano,Arteria Principal,Not Reported,1,Sin jurisdiccion especial,186,32.00963889,-102.047525,Vehiculo en movimiento,Frente a frente,Not an Intersection,No fue interseccion,Sobre calle,Ninguna,Oscuro sin iluminacion,Despejado,No,NO APLICA,99,99,99,99,1,27/05/2022,2
48,Texas,481521,0,0,2,0,423,SMITH (423),7070,TYLER,5,Mayo,31,2022,14,45,US-69,2,US Highway,Urbano,Arteria Principal,Not Reported,1,Sin jurisdiccion especial,126,32.36742778,-95.327075,Vehiculo en movimiento,Angulo,Four-Way Intersection,Interseccion de 4 direcciones,Sobre calle,Ninguna,Dia total,Despejado,No,NO APLICA,99,99,99,99,1,31/05/2022,2
48,Texas,481522,0,0,2,0,303,LUBBOCK (303),4140,LUBBOCK,5,Mayo,28,2022,2,9,34TH  ST,6,Calle Local Municipalidad,Urbano,Arteria Menor,Not Reported,0,Sin jurisdiccion especial,0,33.56326944,-101.8900556,Vehiculo en movimiento,Frente a Detrás,Not an Intersection,No fue interseccion,Sobre calle,Ninguna,Oscuro con iluminacion,Despejado,No,NO APLICA,99,99,99,99,1,28/05/2022,2
48,Texas,481523,0,0,1,0,163,FRIO (163),0,NO APLICA,5,Mayo,25,2022,9,16,CR-4515,4,Calle del Condado,Rural,Local,Not Reported,0,Sin jurisdiccion especial,0,28.77848889,-99.22671944,Volcadura,El primer evento no fue una colision con un vehiculo automotor en transporte,Not an Intersection,No fue interseccion,Sobre calle,Ninguna,Reportada como desconocida,Despejado,No,NO APLICA,99,98,99,98,1,25/05/2022,2
48,Texas,481524,0,0,1,0,397,ROCKWALL (397),0,NO APLICA,5,Mayo,28,2022,8,41,FM 548,8,Otro,Rural,Arteria Menor,Not Reported,0,Sin jurisdiccion especial,104,32.81548889,-96.35738333,Otro objeto (fijo),El primer evento no fue una colision con un vehiculo automotor en transporte,Not an Intersection,No fue interseccion,Sobre el lado de la calle,Ninguna,Dia total,Despejado,No,NO APLICA,99,99,99,99,1,28/05/2022,1
48,Texas,481525,0,0,1,0,201,HARRIS (201),0,NO APLICA,6,Junio,4,2022,4,24,KINGSLAND BLVD,6,Calle Local Municipalidad,Urbano,Arteria Menor,Not Reported,0,Sin jurisdiccion especial,0,29.77666944,-95.68809444,Banqueta,El primer evento no fue una colision con un vehiculo automotor en transporte,Not an Intersection,No fue interseccion,Sobre el lado de la calle,Ninguna,Oscuro sin iluminacion,Nublado,No,NO APLICA,99,99,99,99,1,04/06/2022,1
48,Texas,481526,0,0,2,0,213,HENDERSON (213),1284,CHANDLER,5,Mayo,4,2022,9,23,SR-31,3,Highway estatal,Rural,Arteria Principal,Not Reported,1,Sin jurisdiccion especial,411,32.31005833,-95.47021667,Vehiculo en movimiento,Angulo,Four-Way Intersection,Interseccion de 4 direcciones,Sobre calle,Ninguna,Dia total,Nublado,No,NO APLICA,99,99,99,99,1,04/05/2022,3
48,Texas,481527,0,0,1,0,53,BURNET (53),0,NO APLICA,5,Mayo,7,2022,11,8,PR 4,8,Otro,Rural,Colector Mayor,Not Reported,0,Sin jurisdiccion especial,119,30.68160278,-98.31317222,Arbol,El primer evento no fue una colision con un vehiculo automotor en transporte,Not an Intersection,No fue interseccion,Sobre el lado de la calle,Ninguna,Dia total,Despejado,No,NO APLICA,99,99,99,99,1,07/05/2022,1
48,Texas,481528,1,1,1,0,73,CHEROKEE (73),3470,JACKSONVILLE,5,Mayo,12,2022,13,32,US-69/JACKSON ST,2,US Highway,Urbano,Arteria Principal,Not Reported,1,Sin jurisdiccion especial,134,31.94843611,-95.26119722,Peaton,El primer evento no fue una colision con un vehiculo automotor en transporte,Not an Intersection,No fue interseccion,Sobre calle,Ninguna,Dia total,Despejado,No,NO APLICA,99,99,99,99,1,12/05/2022,1
48,Texas,481529,0,0,1,0,381,RANDALL (381),150,AMARILLO,5,Mayo,29,2022,2,5,JANET DR,6,Calle Local Municipalidad,Urbano,Arteria Menor,Not Reported,0,Sin jurisdiccion especial,0,35.17783056,-101.8813306,Alguien se cayo/avento del vehiculo,El primer evento no fue una colision con un vehiculo automotor en transporte,Not an Intersection,No fue interseccion,Sobre calle,Ninguna,Oscuro con iluminacion,Despejado,No,NO APLICA,99,99,99,99,1,29/05/2022,3
48,Texas,481530,0,0,2,0,439,TARRANT (439),4965,NORTH RICHLAND HILLS,5,Mayo,20,2022,14,25,I-820,1,Interestatal,Urbano,Interestatal,State Toll Road,1,Sin jurisdiccion especial,212,32.84018611,-97.25260556,Vehiculo en movimiento,Golpe Lateral - misma direccion,Not an Intersection,No fue interseccion,Sobre calle,Ninguna,Dia total,Despejado,No,NO APLICA,99,99,99,99,1,20/05/2022,3
48,Texas,481531,0,0,2,0,31,BLANCO (31),3530,JOHNSON CITY,5,Mayo,26,2022,15,46,US-281,2,US Highway,Rural,Arteria Principal,Not Reported,1,Sin jurisdiccion especial,147,30.27963611,-98.40543889,Vehiculo en movimiento,Frente a Detrás,T-Intersection,Interseccion de T,Sobre calle,Ninguna,Dia total,Despejado,No,NO APLICA,99,99,99,99,1,26/05/2022,4
48,Texas,481532,1,1,2,0,201,HARRIS (201),3280,HOUSTON,5,Mayo,5,2022,22,27,I-10,1,Interestatal,Urbano,Interestatal,State Highway Agency,1,Sin jurisdiccion especial,74,29.77336111,-95.24998611,Peaton,El primer evento no fue una colision con un vehiculo automotor en transporte,Not an Intersection,No fue interseccion,Sobre calle,Ninguna,Oscuro sin iluminacion,Nublado,No,NO APLICA,99,99,99,99,1,05/05/2022,2
48,Texas,481533,0,0,2,0,329,MIDLAND (329),0,NO APLICA,5,Mayo,16,2022,22,0,FM 307,8,Otro,Rural,Arteria Menor,Not Reported,0,Sin jurisdiccion especial,198,32.02650278,-101.9008833,Vehiculo en movimiento,Angulo,Four-Way Intersection,Interseccion de 4 direcciones,Sobre calle,Ninguna,Oscuro con iluminacion,Despejado,No,NO APLICA,99,99,99,99,3,16/05/2022,4
48,Texas,481534,0,0,2,0,113,DALLAS (113),1730,DALLAS,5,Mayo,29,2022,5,38,JIM MILLER RD,6,Calle Local Municipalidad,Urbano,Arteria Menor,Not Reported,0,Sin jurisdiccion especial,0,32.79169167,-96.69993333,Vehiculo en movimiento,Frente a Detrás,Four-Way Intersection,Interseccion de 4 direcciones,Sobre calle,Ninguna,Oscuro con iluminacion,Nublado,No,NO APLICA,99,99,99,99,1,29/05/2022,2
48,Texas,481535,0,1,3,1,347,NACOGDOCHES (347),0,NO APLICA,6,Junio,1,2022,13,0,SR-7,3,Highway estatal,Rural,Arteria Menor,Not Reported,0,Sin jurisdiccion especial,127,31.63536667,-94.430625,Vehiculo en movimiento,Frente a frente,Not an Intersection,No fue interseccion,Sobre calle,Ninguna,Dia total,Nublado,No,NO APLICA,99,99,99,99,1,01/06/2022,7
48,Texas,481536,0,0,2,0,179,GRAY (179),0,NO APLICA,5,Mayo,30,2022,18,25,SR-152,3,Highway estatal,Rural,Arteria Menor,Not Reported,0,Sin jurisdiccion especial,35,35.53252222,-101.0417028,Vehiculo en movimiento,Frente a frente,Not an Intersection,No fue interseccion,Sobre calle,Ninguna,Dia total,Despejado,No,NO APLICA,99,99,99,99,1,30/05/2022,2
48,Texas,481537,1,1,2,1,215,HIDALGO (215),4197,MCALLEN,5,Mayo,29,2022,2,35,15TH ST,6,Calle Local Municipalidad,Urbano,Colector Mayor,Not Reported,0,Sin jurisdiccion especial,0,26.19925833,-98.23635278,Vehiculo Aparcado,El primer evento no fue una colision con un vehiculo automotor en transporte,Not an Intersection,No fue interseccion,Sobre el lado de la calle,Ninguna,Oscuro con iluminacion,Despejado,No,NO APLICA,99,99,99,99,1,29/05/2022,3
48,Texas,481538,1,1,1,0,201,HARRIS (201),3280,HOUSTON,5,Mayo,31,2022,6,20,KEMPWOOD DR,6,Calle Local Municipalidad,Urbano,Arteria Menor,Not Reported,0,Sin jurisdiccion especial,0,29.82179444,-95.52717778,Arbol,El primer evento no fue una colision con un vehiculo automotor en transporte,Not an Intersection,No fue interseccion,Fuera de la calle,Ninguna,Dia total,Despejado,No,NO APLICA,99,99,99,99,1,31/05/2022,1
48,Texas,481539,0,0,2,0,329,MIDLAND (329),4560,MIDLAND,5,Mayo,30,2022,21,49,SR-191,3,Highway estatal,Urbano,Arterial Principal -Freeway o ExpressWay,Not Reported,1,Sin jurisdiccion especial,46,31.96906944,-102.2517083,Alguien se cayo/avento del vehiculo,El primer evento no fue una colision con un vehiculo automotor en transporte,Not an Intersection,No fue interseccion,Sobre calle,Ninguna,Oscuro con iluminacion,Despejado,No,NO APLICA,99,98,99,98,1,30/05/2022,2
48,Texas,481540,0,0,2,0,245,JEFFERSON (245),490,BEAUMONT,5,Mayo,29,2022,19,25,I-10,1,Interestatal,Urbano,Interestatal,State Highway Agency,1,Sin jurisdiccion especial,37,30.09580556,-94.10308611,Barrera de Trafico de Concreto,El primer evento no fue una colision con un vehiculo automotor en transporte,Not an Intersection,No fue interseccion,En el medio,Ninguna,Dia total,Despejado,No,NO APLICA,99,98,99,98,1,29/05/2022,5
48,Texas,481541,0,0,1,0,51,BURLESON (51),0,NO APLICA,6,Junio,4,2022,20,10,CR-RIDGEWOOD DR,4,Calle del Condado,Rural,Local,Not Reported,0,Sin jurisdiccion especial,0,30.45404722,-96.56119722,Volcadura,El primer evento no fue una colision con un vehiculo automotor en transporte,Not an Intersection,No fue interseccion,Sobre calle,Ninguna,Dia total,Despejado,No,NO APLICA,99,98,99,98,1,04/06/2022,1
48,Texas,481542,0,0,2,0,193,HAMILTON (193),0,NO APLICA,6,Junio,2,2022,14,43,US-281/AMERICAN LEGION MEM HWY,2,US Highway,Rural,Arteria Principal,Not Reported,1,Sin jurisdiccion especial,135,31.80753333,-98.11473333,Vehiculo en movimiento,Frente a frente,Not an Intersection,No fue interseccion,Sobre calle,Ninguna,Dia total,Despejado,No,NO APLICA,99,98,99,98,4,02/06/2022,5
48,Texas,481543,0,0,2,0,381,RANDALL (381),150,AMARILLO,6,Junio,5,2022,15,36,SR-335 LP/SONCY RD,3,Highway estatal,Urbano,Arteria Principal,Not Reported,1,Sin jurisdiccion especial,32,35.14073889,-101.9381667,Vehiculo en movimiento,Angulo,T-Intersection,Interseccion de T,Sobre calle,Ninguna,Dia total,Despejado,No,NO APLICA,99,99,99,99,2,05/06/2022,3
48,Texas,481544,0,0,2,0,201,HARRIS (201),5230,PASADENA,5,Mayo,28,2022,1,41,SR-225,3,Highway estatal,Urbano,Arterial Principal -Freeway o ExpressWay,Not Reported,1,Sin jurisdiccion especial,30,29.70779444,-95.22775556,Vehiculo en movimiento,Frente a frente,Not an Intersection,No fue interseccion,Sobre calle,Ninguna,Oscuro con iluminacion,Nublado,No,NO APLICA,99,99,99,99,2,28/05/2022,4
48,Texas,481545,0,0,2,0,401,RUSK (401),0,NO APLICA,6,Junio,3,2022,19,20,FM 782,8,Otro,Rural,Colector Mayor,Not Reported,0,Sin jurisdiccion especial,159,32.323325,-94.611575,Animal vivo,El primer evento no fue una colision con un vehiculo automotor en transporte,Not an Intersection,No fue interseccion,Sobre calle,Ninguna,Dia total,Despejado,No,NO APLICA,99,99,99,99,1,03/06/2022,3
48,Texas,481546,1,1,2,0,29,BEXAR (29),6090,SAN ANTONIO,6,Junio,4,2022,20,59,FM 2696/BLANCO RD,8,Otro,Urbano,Arteria Menor,Not Reported,0,Sin jurisdiccion especial,166,29.54857778,-98.51044167,Peaton,El primer evento no fue una colision con un vehiculo automotor en transporte,Four-Way Intersection,Interseccion de 4 direcciones,Sobre calle,Ninguna,Oscuro con iluminacion,Nublado,No,NO APLICA,21,0,21,4,1,04/06/2022,3
48,Texas,481547,1,1,1,0,55,CALDWELL (55),0,NO APLICA,5,Mayo,2,2022,22,16,US-183,2,US Highway,Rural,Arteria Principal,Not Reported,1,Sin jurisdiccion especial,196,29.76420278,-97.65584167,Ciclista,El primer evento no fue una colision con un vehiculo automotor en transporte,Not an Intersection,No fue interseccion,Sobre calle,Ninguna,Oscuro sin iluminacion,Despejado,No,NO APLICA,99,98,99,98,1,02/05/2022,1
48,Texas,481548,0,0,2,0,237,JACK (237),980,BRYSON,6,Junio,2,2022,16,40,US-380/DEMPSEY ST,2,US Highway,Rural,Arteria Menor,State Highway Agency,0,Sin jurisdiccion especial,26,33.16170278,-98.38170833,Vehiculo en movimiento,Frente a frente,Not an Intersection,No fue interseccion,Sobre calle,Ninguna,Dia total,Despejado,No,NO APLICA,99,98,99,98,1,02/06/2022,3
48,Texas,481549,0,0,1,0,83,COLEMAN (83),0,NO APLICA,5,Mayo,27,2022,19,15,FM 1026,8,Otro,Rural,Colector Mayor,Not Reported,0,Sin jurisdiccion especial,27,31.73140556,-99.47867778,Volcadura,El primer evento no fue una colision con un vehiculo automotor en transporte,Not an Intersection,No fue interseccion,Sobre calle,Ninguna,Dia total,Despejado,No,NO APLICA,99,98,99,98,1,27/05/2022,1
48,Texas,481550,0,0,4,0,85,COLLIN (85),2320,FARMERSVILLE,5,Mayo,11,2022,12,58,SR-78,3,Highway estatal,Rural,Arteria Principal,Not Reported,0,Sin jurisdiccion especial,191,33.13049167,-96.40597222,Otro objeto (fijo),El primer evento no fue una colision con un vehiculo automotor en transporte,Not an Intersection,No fue interseccion,Sobre el lado de la calle,Ninguna,Dia total,Despejado,No,NO APLICA,99,99,99,99,1,11/05/2022,4
48,Texas,481551,0,0,1,0,147,FANNIN (147),0,NO APLICA,5,Mayo,15,2022,1,55,CR-2230,4,Calle del Condado,Rural,Local,Not Reported,0,Sin jurisdiccion especial,0,33.71051944,-96.13354167,Volcadura,El primer evento no fue una colision con un vehiculo automotor en transporte,Not an Intersection,No fue interseccion,Sobre el lado de la calle,Ninguna,Oscuro sin iluminacion,Nublado,No,NO APLICA,88,88,88,88,2,15/05/2022,4
48,Texas,481552,0,0,1,0,39,BRAZORIA (39),0,NO APLICA,5,Mayo,14,2022,20,5,CR-400,4,Calle del Condado,Rural,Colector Mayor,Not Reported,0,Sin jurisdiccion especial,0,28.99268333,-95.44344722,Zanja,El primer evento no fue una colision con un vehiculo automotor en transporte,Not an Intersection,No fue interseccion,Sobre el lado de la calle,Ninguna,Oscuro sin iluminacion,Despejado,No,NO APLICA,99,99,99,99,1,14/05/2022,1
48,Texas,481553,0,0,1,0,481,WHARTON (481),0,NO APLICA,5,Mayo,25,2022,19,30,CR-312,4,Calle del Condado,Rural,Local,Not Reported,0,Sin jurisdiccion especial,0,29.11452778,-96.37514722,Barda,El primer evento no fue una colision con un vehiculo automotor en transporte,Not an Intersection,No fue interseccion,Fuera de la calle,Ninguna,Dia total,Despejado,No,NO APLICA,99,98,99,98,1,25/05/2022,1
48,Texas,481554,1,1,1,0,215,HIDALGO (215),0,NO APLICA,5,Mayo,7,2022,23,15,CR-MILE 4 1/2 WEST RD,4,Calle del Condado,Urbano,Local,Not Reported,0,Sin jurisdiccion especial,0,26.21762778,-97.98369167,Peaton,El primer evento no fue una colision con un vehiculo automotor en transporte,Not an Intersection,No fue interseccion,Sobre calle,Ninguna,Oscuro sin iluminacion,Despejado,No,NO APLICA,99,98,99,98,1,07/05/2022,1
48,Texas,481555,0,0,1,0,49,BROWN (49),0,NO APLICA,6,Junio,4,2022,16,30,CR-225,4,Calle del Condado,Rural,Colector Menor,Not Reported,0,Sin jurisdiccion especial,0,31.56687778,-99.04364722,Volcadura,El primer evento no fue una colision con un vehiculo automotor en transporte,Not an Intersection,No fue interseccion,Sobre el lado de la calle,Ninguna,Dia total,Despejado,No,NO APLICA,99,99,99,99,1,04/06/2022,1
48,Texas,481556,0,0,2,0,453,TRAVIS (453),0,NO APLICA,5,Mayo,20,2022,0,3,DEE GABRIEL COLLINS RD,6,Calle Local Municipalidad,Urbano,Colector Mayor,Not Reported,0,Sin jurisdiccion especial,0,30.16645,-97.69733056,Vehiculo en movimiento,Frente a frente,Not an Intersection,No fue interseccion,Sobre calle,Ninguna,Oscuro sin iluminacion,Despejado,No,NO APLICA,99,99,99,99,1,20/05/2022,5
48,Texas,481557,0,0,2,0,257,KAUFMAN (257),0,NO APLICA,6,Junio,1,2022,12,41,FM 148,8,Otro,Rural,Colector Mayor,Not Reported,0,Sin jurisdiccion especial,87,32.66212778,-96.40012778,Vehiculo en movimiento,Otro,Not an Intersection,No fue interseccion,Sobre calle,Ninguna,Dia total,Despejado,No,NO APLICA,99,99,99,99,1,01/06/2022,2
48,Texas,481558,0,0,5,3,181,GRAYSON (181),6350,SHERMAN,5,Mayo,26,2022,21,16,SR-91,3,Highway estatal,Urbano,Arteria Principal,Not Reported,1,Sin jurisdiccion especial,123,33.66383889,-96.59761389,Vehiculo en movimiento,Frente a Detrás,Not an Intersection,No fue interseccion,Sobre calle,Ninguna,Oscuro con iluminacion,Despejado,No,NO APLICA,99,99,99,99,1,26/05/2022,3
48,Texas,481559,1,1,1,0,139,ELLIS (139),0,NO APLICA,5,Mayo,20,2022,4,58,FM 660,8,Otro,Rural,Colector Mayor,Not Reported,0,Sin jurisdiccion especial,53,32.50368889,-96.60233056,Peaton,El primer evento no fue una colision con un vehiculo automotor en transporte,Not an Intersection,No fue interseccion,Sobre calle,Ninguna,Oscuro sin iluminacion,Despejado,No,NO APLICA,99,98,99,98,1,20/05/2022,1
48,Texas,481560,1,1,1,0,201,HARRIS (201),3280,HOUSTON,5,Mayo,30,2022,2,15,CESAR CHAVEZ BLVD,6,Calle Local Municipalidad,Urbano,Local,Not Reported,0,Sin jurisdiccion especial,0,29.73614722,-95.30885833,Ciclista,El primer evento no fue una colision con un vehiculo automotor en transporte,Not an Intersection,No fue interseccion,Sobre calle,Ninguna,Oscuro sin iluminacion,Despejado,No,NO APLICA,99,98,99,98,1,30/05/2022,1
48,Texas,481561,0,0,2,0,453,TRAVIS (453),330,AUSTIN,5,Mayo,26,2022,13,35,SR-1,3,Highway estatal,Urbano,Arterial Principal -Freeway o ExpressWay,Not Reported,1,Sin jurisdiccion especial,83,30.37246111,-97.74093333,Volcadura,El primer evento no fue una colision con un vehiculo automotor en transporte,Not an Intersection,No fue interseccion,Sobre calle,Ninguna,Dia total,Despejado,No,NO APLICA,99,98,99,98,1,26/05/2022,2
48,Texas,481562,1,1,1,0,303,LUBBOCK (303),4140,LUBBOCK,5,Mayo,31,2022,13,25,US-82/MARSHA SHARP FWY,2,US Highway,Urbano,Arterial Principal -Freeway o ExpressWay,Not Reported,1,Sin jurisdiccion especial,143,33.5808,-101.8950028,Peaton,El primer evento no fue una colision con un vehiculo automotor en transporte,Not an Intersection,No fue interseccion,Sobre calle,Ninguna,Dia total,Despejado,No,NO APLICA,99,99,99,99,1,31/05/2022,1
48,Texas,481563,0,0,2,0,113,DALLAS (113),1730,DALLAS,5,Mayo,30,2022,2,20,SR- 366 SPUR WOODALL ROGERS,7,Calle Local,Urbano,Colector Mayor,Not Reported,0,Sin jurisdiccion especial,25,32.79471389,-96.79518333,Vehiculo en movimiento,Golpe Lateral - misma direccion,Not an Intersection,No fue interseccion,Sobre calle,Ninguna,Oscuro con iluminacion,Despejado,No,NO APLICA,99,98,99,98,2,30/05/2022,4
48,Texas,481564,0,0,2,0,85,COLLIN (85),5530,PRINCETON,6,Junio,6,2022,23,25,US-380,2,US Highway,Urbano,Arteria Principal,Not Reported,1,Sin jurisdiccion especial,158,33.18516667,-96.53756667,Vehiculo en movimiento,Angulo,T-Intersection,Interseccion de T,Sobre calle,Ninguna,Oscuro con iluminacion,Despejado,No,NO APLICA,99,98,99,98,1,06/06/2022,2
48,Texas,481565,0,0,1,0,113,DALLAS (113),2310,FARMERS BRANCH,6,Junio,5,2022,21,10,DENTON DR,6,Calle Local Municipalidad,Urbano,Colector Mayor,Not Reported,0,Sin jurisdiccion especial,0,32.91989167,-96.89650278,Banqueta,El primer evento no fue una colision con un vehiculo automotor en transporte,Not an Intersection,No fue interseccion,Sobre el lado de la calle,Ninguna,Oscuro con iluminacion,Despejado,No,NO APLICA,99,99,99,99,1,05/06/2022,2
48,Texas,481566,0,0,3,0,113,DALLAS (113),2310,FARMERS BRANCH,6,Junio,6,2022,10,15,I-35,1,Interestatal,Urbano,Interestatal,State Highway Agency,1,Sin jurisdiccion especial,291,32.92152778,-96.89956667,Valla para choques,El primer evento no fue una colision con un vehiculo automotor en transporte,Not an Intersection,No fue interseccion,Gore?,Ninguna,Dia total,Despejado,No,NO APLICA,99,99,99,99,1,06/06/2022,3
48,Texas,481567,0,0,2,0,201,HARRIS (201),0,NO APLICA,5,Mayo,29,2022,21,31,SR-249,3,Highway estatal,Urbano,Arteria Principal,Not Reported,1,Sin jurisdiccion especial,165,29.93128333,-95.50868611,Vehiculo en movimiento,Frente a Detrás,T-Intersection,Interseccion de T,Sobre calle,Ninguna,Oscuro con iluminacion,Despejado,No,NO APLICA,99,99,99,99,1,29/05/2022,4
48,Texas,481568,0,0,5,0,355,NUECES (355),1550,CORPUS CHRISTI,5,Mayo,30,2022,21,55,SR-358/S PADRE ISLAND DR RAMP,3,Highway estatal,Urbano,Arterial Principal -Freeway o ExpressWay,Not Reported,1,Sin jurisdiccion especial,81,27.72010833,-97.39551667,Otra barrera de trafico,El primer evento no fue una colision con un vehiculo automotor en transporte,Not an Intersection,No fue interseccion,En el medio,Ninguna,Oscuro con iluminacion,Despejado,No,NO APLICA,99,99,99,99,1,30/05/2022,9
48,Texas,481569,0,0,1,0,85,COLLIN (85),2520,FRISCO,6,Junio,1,2022,15,42,DALLAS NORTH TWY,8,Otro,Urbano,Arterial Principal -Freeway o ExpressWay,Local Toll Authority,1,Sin jurisdiccion especial,99998,33.19760833,-96.83246389,Valla Ferrocarril,El primer evento no fue una colision con un vehiculo automotor en transporte,Not an Intersection,No fue interseccion,Separador,Ninguna,Dia total,lluvia,No,NO APLICA,99,99,99,99,1,01/06/2022,1
48,Texas,481570,0,0,2,0,303,LUBBOCK (303),4140,LUBBOCK,6,Junio,7,2022,9,2,US-84/AVE Q,2,US Highway,Urbano,Arteria Principal,Not Reported,1,Sin jurisdiccion especial,169,33.592375,-101.8551194,Vehiculo en movimiento,Angulo,Four-Way Intersection,Interseccion de 4 direcciones,Sobre calle,Ninguna,Dia total,Nublado,No,NO APLICA,99,99,99,99,1,07/06/2022,4
48,Texas,481571,0,0,2,0,491,WILLIAMSON (491),0,NO APLICA,5,Mayo,18,2022,1,54,FM 973,8,Otro,Rural,Arteria Menor,Not Reported,0,Sin jurisdiccion especial,0,30.48024722,-97.45893889,Vehiculo en movimiento,Angulo,Four-Way Intersection,Interseccion de 4 direcciones,Sobre calle,Ninguna,Oscuro con iluminacion,Despejado,No,NO APLICA,99,99,99,99,1,18/05/2022,2
48,Texas,481573,0,0,1,0,141,EL PASO (141),3276,HORIZON CITY,6,Junio,6,2022,2,18,EASTLAKE BLVD,6,Calle Local Municipalidad,Urbano,Arteria Menor,Not Reported,0,Sin jurisdiccion especial,0,31.69916944,-106.1967917,Algún evento nocivo sin detalles,El primer evento no fue una colision con un vehiculo automotor en transporte,Not an Intersection,No fue interseccion,Sobre el lado de la calle,Ninguna,Oscuro con iluminacion,Despejado,No,NO APLICA,99,99,99,99,1,06/06/2022,1
48,Texas,481574,0,0,2,0,251,JOHNSON (251),1030,BURLESON,5,Mayo,29,2022,12,1,FM 917,8,Otro,Urbano,Arteria Menor,Not Reported,0,Sin jurisdiccion especial,101,32.46475278,-97.26386111,Vehiculo en movimiento,Angulo,Not an Intersection,No fue interseccion,Sobre calle,Ninguna,Dia total,Nublado,No,NO APLICA,99,99,99,99,1,29/05/2022,3
48,Texas,481575,1,1,1,0,167,GALVESTON (167),0,NO APLICA,6,Junio,5,2022,21,46,FM 646/BAYSHORE DR,8,Otro,Urbano,Arteria Menor,Not Reported,0,Sin jurisdiccion especial,226,29.50120556,-94.94427222,Peaton,El primer evento no fue una colision con un vehiculo automotor en transporte,Not an Intersection,No fue interseccion,Sobre calle,Ninguna,Oscuro con iluminacion,Nublado,No,NO APLICA,99,98,99,98,1,05/06/2022,1
48,Texas,481576,1,1,1,0,293,LIMESTONE (293),0,NO APLICA,6,Junio,2,2022,21,9,US-84,2,US Highway,Rural,Arteria Menor,Not Reported,0,Sin jurisdiccion especial,61,31.67488333,-96.55832778,Peaton,El primer evento no fue una colision con un vehiculo automotor en transporte,Not an Intersection,No fue interseccion,Sobre calle,Ninguna,Oscuro sin iluminacion,Despejado,No,NO APLICA,99,98,99,98,1,02/06/2022,2