Estado,Nombre de Estado,Numero de Caso,Peatones,Personas _no_vehiculos,Vehiculos automotores,Vehiculos estacionados,Condado,Nombre Condado,Ciudad,Nombre Ciudad,Mes,Nombre Mes,Dia,Año,Hora,Minuto,Calle,Ruta,Nombre Ruta,Rural o Urbanoo,Sistema Funcional,Dueño Calle,Sistema Nacional Carreteras,Jurisdiccion Especial,Milla,Latitud,Longitud,Causa del Accidente,Tipo de Accidente,Tipo Interseccion,Columna1,Lugar en la calle,Zona de Trabajo,Luz,Clima,Autobus Escolar,Cruce de Trenes,Hora Notificacion,Minuto Notificacion,Hora Llegada,Minuto Llegada,Decesos,Fecha,PersonaVehiculo
48,Texas,481577,0,0,1,0,201,HARRIS (201),3280,HOUSTON,6,Junio,6,2022,13,5,BROADWAY ST,6,Calle Local Municipalidad,Urbano,Arteria Menor,Not Reported,0,Sin jurisdiccion especial,0,29.72750833,-95.27877222,Puente de Ferrocarril,El primer evento no fue una colision con un vehiculo automotor en transporte,Not an Intersection,No fue interseccion,Sobre el lado de la calle,Ninguna,Dia total,Despejado,No,NO APLICA,99,99,99,99,1,06/06/2022,3
48,Texas,481578,0,0,1,0,193,HAMILTON (193),0,NO APLICA,6,Junio,7,2022,9,0,SR-36,3,Highway estatal,Rural,Arteria Menor,Not Reported,0,Sin jurisdiccion especial,249,31.615925,-97.89353889,Arbol,El primer evento no fue una colision con un vehiculo automotor en transporte,Not an Intersection,No fue interseccion,Sobre el lado de la calle,Ninguna,Oscuro sin iluminacion,Despejado,No,NO APLICA,99,98,99,98,1,07/06/2022,1
48,Texas,481579,0,0,1,0,131,DUVAL (131),0,NO APLICA,4,Abril,13,2022,9,32,SR-44,3,Highway estatal,Rural,Arteria Menor,Not Reported,0,Sin jurisdiccion especial,5,27.93567222,-98.79610833,Volcadura,El primer evento no fue una colision con un vehiculo automotor en transporte,Not an Intersection,No fue interseccion,Fuera de la calle,Construccion,Dia total,Despejado,No,NO APLICA,99,99,99,99,1,13/04/2022,4
48,Texas,481580,1,1,2,0,201,HARRIS (201),0,NO APLICA,6,Junio,5,2022,1,36,KUYKENDAHL RD,6,Calle Local Municipalidad,Urbano,Arteria Principal,Not Reported,0,Sin jurisdiccion especial,0,30.00878611,-95.46498889,Peaton,El primer evento no fue una colision con un vehiculo automotor en transporte,Not an Intersection,No fue interseccion,Sobre calle,Ninguna,Oscuro sin iluminacion,Despejado,No,NO APLICA,99,98,99,98,1,05/06/2022,2
48,Texas,481581,0,0,2,0,277,LAMAR (277),5220,PARIS,6,Junio,7,2022,10,41,US-82/US-281,2,US Highway,Urbano,Arteria Principal,Not Reported,1,Sin jurisdiccion especial,99998,33.674575,-95.52424722,Vehiculo en movimiento,Angulo,Not an Intersection,No fue interseccion,Sobre calle,Ninguna,Dia total,lluvia,No,NO APLICA,99,99,99,99,1,07/06/2022,2
48,Texas,481582,1,1,2,0,439,TARRANT (439),2450,FORT WORTH,5,Mayo,30,2022,2,40,I-30,1,Interestatal,Urbano,Interestatal,State Highway Agency,1,Sin jurisdiccion especial,221,32.75974722,-97.186325,Peaton,El primer evento no fue una colision con un vehiculo automotor en transporte,Not an Intersection,No fue interseccion,Sobre calle,Ninguna,Oscuro sin iluminacion,Despejado,No,NO APLICA,99,98,99,98,1,30/05/2022,2
48,Texas,481583,0,0,1,0,401,RUSK (401),0,NO APLICA,6,Junio,7,2022,19,50,FM 839,8,Otro,Rural,Colector Mayor,Not Reported,0,Sin jurisdiccion especial,61,32.02350833,-94.897375,Arbol,El primer evento no fue una colision con un vehiculo automotor en transporte,Not an Intersection,No fue interseccion,Fuera de la calle,Ninguna,Atardecer,Despejado,No,NO APLICA,99,98,99,98,1,07/06/2022,1
48,Texas,481584,0,0,2,0,301,LOVING (301),0,NO APLICA,5,Mayo,30,2022,6,14,RM 652,8,Otro,Rural,Colector Mayor,Not Reported,0,Sin jurisdiccion especial,88,31.97168611,-103.7444611,Vehiculo en movimiento,Angulo,T-Intersection,Interseccion de T,Sobre calle,Ninguna,Oscuro sin iluminacion,Despejado,No,NO APLICA,99,99,99,99,6,30/05/2022,10
48,Texas,481585,0,0,2,0,15,AUSTIN (15),0,NO APLICA,6,Junio,2,2022,21,45,I-10/US-90,1,Interestatal,Rural,Interestatal,State Highway Agency,1,Sin jurisdiccion especial,26,29.75403889,-96.25587222,Vehiculo en movimiento,Frente a Detrás,Not an Intersection,No fue interseccion,Sobre calle,Construccion,Oscuro sin iluminacion,Despejado,No,NO APLICA,99,98,99,98,1,02/06/2022,2
48,Texas,481586,0,0,2,0,259,KENDALL (259),0,NO APLICA,6,Junio,2,2022,21,49,SR-46,3,Highway estatal,Rural,Arteria Principal,Not Reported,1,Sin jurisdiccion especial,49,29.80566944,-98.65386667,Vehiculo en movimiento,Frente a frente,Not an Intersection,No fue interseccion,Sobre calle,Ninguna,Oscuro sin iluminacion,Despejado,No,NO APLICA,99,99,99,99,1,02/06/2022,2
48,Texas,481587,1,1,1,0,439,TARRANT (439),502,BEDFORD,6,Junio,4,2022,23,40,SR-183 TL/AIRPORT FWY,3,Highway estatal,Urbano,Arterial Principal -Freeway o ExpressWay,State Toll Road,1,Sin jurisdiccion especial,4,32.83764167,-97.11989722,Peaton,El primer evento no fue una colision con un vehiculo automotor en transporte,Not an Intersection,No fue interseccion,Sobre calle,Ninguna,Oscuro con iluminacion,Reportado como desconocido,No,NO APLICA,99,99,99,99,1,04/06/2022,1
48,Texas,481588,1,1,1,0,29,BEXAR (29),6090,SAN ANTONIO,6,Junio,1,2022,20,20,I-10/MCDERMOTT FWY,7,Calle Local,Urbano,Colector Mayor,State Highway Agency,0,Sin jurisdiccion especial,167,29.52613333,-98.55776111,Peaton,El primer evento no fue una colision con un vehiculo automotor en transporte,Not an Intersection,No fue interseccion,Sobre calle,Ninguna,Dia total,Despejado,No,NO APLICA,99,98,99,98,1,01/06/2022,2
48,Texas,481589,0,0,1,0,29,BEXAR (29),6090,SAN ANTONIO,6,Junio,8,2022,2,19,SR-1604W LP SVRD,7,Calle Local,Urbano,Colector Mayor,Not Reported,0,Sin jurisdiccion especial,17,29.57191111,-98.64911667,Banqueta,El primer evento no fue una colision con un vehiculo automotor en transporte,Not an Intersection,No fue interseccion,Sobre el lado de la calle,Construccion,Oscuro con iluminacion,Despejado,No,NO APLICA,2,20,2,37,1,08/06/2022,1
48,Texas,481590,0,0,2,0,61,CAMERON (61),3030,HARLINGEN,6,Junio,7,2022,8,46,I-69,1,Interestatal,Urbano,Interestatal,State Highway Agency,1,Sin jurisdiccion especial,117,26.17741111,-97.70424722,Vehiculo en movimiento,Golpe Lateral - misma direccion,Not an Intersection,No fue interseccion,Sobre calle,Ninguna,Dia total,Despejado,No,NO APLICA,99,99,99,99,1,07/06/2022,3
48,Texas,481591,0,0,1,0,231,HUNT (231),1060,CADDO MILLS,5,Mayo,30,2022,23,30,CR-2716,4,Calle del Condado,Rural,Local,Not Reported,0,Sin jurisdiccion especial,0,33.08778611,-96.27452222,Arbol,El primer evento no fue una colision con un vehiculo automotor en transporte,Not an Intersection,No fue interseccion,Sobre el lado de la calle,Ninguna,Oscuro sin iluminacion,Despejado,No,NO APLICA,99,99,99,99,1,30/05/2022,2
48,Texas,481592,1,1,1,0,225,HOUSTON (225),0,NO APLICA,6,Junio,2,2022,0,15,SR-7,3,Highway estatal,Rural,Arteria Principal,Not Reported,1,Sin jurisdiccion especial,56,31.39335833,-95.12409722,Peaton,El primer evento no fue una colision con un vehiculo automotor en transporte,Not an Intersection,No fue interseccion,Sobre calle,Ninguna,Oscuro sin iluminacion,Nublado,No,NO APLICA,99,99,99,99,1,02/06/2022,2
48,Texas,481593,0,0,2,0,27,BELL (27),6810,TEMPLE,6,Junio,10,2022,21,13,I-35/GENERAL BRUCE DR,1,Interestatal,Urbano,Interestatal,State Highway Agency,1,Sin jurisdiccion especial,194,31.08221389,-97.40995556,Vehiculo en movimiento,Frente a frente,Not an Intersection,No fue interseccion,Sobre calle,Ninguna,Oscuro con iluminacion,Despejado,No,NO APLICA,99,99,99,99,1,10/06/2022,5
48,Texas,481594,1,1,1,0,251,JOHNSON (251),3593,KEENE,6,Junio,2,2022,21,26,US-67,2,US Highway,Rural,Arteria Principal,Not Reported,1,Sin jurisdiccion especial,25,32.40247778,-97.27997778,Peaton,El primer evento no fue una colision con un vehiculo automotor en transporte,Not an Intersection,No fue interseccion,Sobre calle,Ninguna,Oscuro sin iluminacion,Despejado,No,NO APLICA,99,99,99,99,1,02/06/2022,1
48,Texas,481595,0,0,2,0,141,EL PASO (141),2190,EL PASO,6,Junio,9,2022,21,30,US-57/GATEWAY SOUTH,7,Calle Local,Urbano,Colector Mayor,Not Reported,0,Sin jurisdiccion especial,140,31.89883333,-106.4419528,Vehiculo en movimiento,Angulo,Four-Way Intersection,Interseccion de 4 direcciones,Sobre calle,Ninguna,Oscuro con iluminacion,Despejado,No,NO APLICA,99,99,99,99,1,09/06/2022,2
48,Texas,481596,1,1,1,0,347,NACOGDOCHES (347),4810,NACOGDOCHES,6,Junio,7,2022,18,10,FM 1638/OLD TYLER RD,8,Otro,Urbano,Arteria Menor,Not Reported,0,Sin jurisdiccion especial,52,31.63082222,-94.6729,Ciclista,El primer evento no fue una colision con un vehiculo automotor en transporte,Not an Intersection,No fue interseccion,Sobre calle,Ninguna,Dia total,Despejado,No,NO APLICA,99,98,99,98,1,07/06/2022,1
48,Texas,481597,1,1,1,0,309,MCLENNAN (309),3769,LACY LAKEVIEW,6,Junio,5,2022,1,20,SR-77 BU/NEW DALLAS HWY,3,Highway estatal,Urbano,Arteria Menor,Not Reported,0,Sin jurisdiccion especial,63,31.61715556,-97.10870556,Peaton,El primer evento no fue una colision con un vehiculo automotor en transporte,Not an Intersection,No fue interseccion,Sobre calle,Ninguna,Oscuro sin iluminacion,Despejado,No,NO APLICA,99,99,99,99,1,05/06/2022,3
48,Texas,481598,0,0,1,0,477,WASHINGTON (477),0,NO APLICA,5,Mayo,28,2022,15,11,SR-105,3,Highway estatal,Rural,Arteria Principal,Not Reported,1,Sin jurisdiccion especial,174,30.20579167,-96.34398333,Volcadura,El primer evento no fue una colision con un vehiculo automotor en transporte,Not an Intersection,No fue interseccion,Sobre el lado de la calle,Ninguna,Dia total,Despejado,No,NO APLICA,99,99,99,99,1,28/05/2022,2
48,Texas,481599,0,0,4,0,141,EL PASO (141),2190,EL PASO,6,Junio,11,2022,8,34,SR-20/DONIPHAN DR,3,Highway estatal,Urbano,Arteria Principal,Not Reported,1,Sin jurisdiccion especial,146,31.81218056,-106.5610444,Vehiculo en movimiento,Angulo,Four-Way Intersection,Interseccion de 4 direcciones,Sobre calle,Ninguna,Dia total,Despejado,No,NO APLICA,99,99,99,99,1,11/06/2022,5
48,Texas,481600,0,0,2,0,157,FORT BEND (157),0,NO APLICA,5,Mayo,31,2022,15,44,CR-CINCO RANCH BLVD,4,Calle del Condado,Urbano,Colector Mayor,Not Reported,0,Sin jurisdiccion especial,0,29.74149444,-95.77965,Vehiculo en movimiento,Angulo,T-Intersection,Interseccion de T,Sobre calle,Ninguna,Dia total,Despejado,No,NO APLICA,99,98,99,98,1,31/05/2022,4
48,Texas,481601,0,0,1,0,453,TRAVIS (453),330,AUSTIN,6,Junio,11,2022,20,21,SR-360 LOOP,3,Highway estatal,Urbano,Arteria Principal,Not Reported,1,Sin jurisdiccion especial,205,30.28960833,-97.82804167,Alguien se cayo/avento del vehiculo,El primer evento no fue una colision con un vehiculo automotor en transporte,Not an Intersection,No fue interseccion,Sobre calle,Ninguna,Atardecer,Despejado,No,NO APLICA,99,98,99,98,1,11/06/2022,1
48,Texas,481602,0,0,2,0,141,EL PASO (141),0,NO APLICA,6,Junio,9,2022,22,0,FM 1281/HORIZON BLVD,8,Otro,Urbano,Arteria Principal,Not Reported,1,Sin jurisdiccion especial,30,31.66157778,-106.2352667,Vehiculo en movimiento,Frente a Detrás,Not an Intersection,No fue interseccion,Sobre calle,Ninguna,Oscuro con iluminacion,Despejado,No,NO APLICA,99,99,99,99,1,09/06/2022,2
48,Texas,481603,0,0,2,0,485,WICHITA (485),7490,WICHITA FALLS,6,Junio,4,2022,19,31,KEMP BLVD,6,Calle Local Municipalidad,Urbano,Arteria Principal,Not Reported,0,Sin jurisdiccion especial,0,33.888225,-98.52768056,Vehiculo en movimiento,Angulo,Four-Way Intersection,Interseccion de 4 direcciones,Sobre calle,Ninguna,Dia total,Despejado,No,NO APLICA,99,99,99,99,1,04/06/2022,3
48,Texas,481604,0,0,1,0,277,LAMAR (277),0,NO APLICA,3,Marzo,25,2022,12,10,US-82,2,US Highway,Rural,Arteria Principal,Not Reported,1,Sin jurisdiccion especial,174,33.66076389,-95.40063889,Arbol,El primer evento no fue una colision con un vehiculo automotor en transporte,Not an Intersection,No fue interseccion,Sobre el lado de la calle,Ninguna,Dia total,Despejado,No,NO APLICA,99,99,99,99,1,25/03/2022,2
48,Texas,481605,0,0,2,0,113,DALLAS (113),3420,IRVING,6,Junio,5,2022,1,59,SR-161/PRES GEORGE BUSH TPK,3,Highway estatal,Urbano,Arterial Principal -Freeway o ExpressWay,Local Toll Authority,1,Sin jurisdiccion especial,99998,32.88150833,-96.98845,Vehiculo en movimiento,Frente a Detrás,Not an Intersection,No fue interseccion,Sobre calle,Ninguna,Oscuro con iluminacion,Despejado,No,NO APLICA,99,99,99,99,2,05/06/2022,3
48,Texas,481606,0,0,2,0,115,DAWSON (115),0,NO APLICA,6,Junio,4,2022,21,45,US-180,2,US Highway,Rural,Arteria Principal,Not Reported,1,Sin jurisdiccion especial,23,32.70381389,-102.1649,Vehiculo en movimiento,Angulo,Not an Intersection,No fue interseccion,Sobre calle,Construccion,Oscuro sin iluminacion,Despejado,No,NO APLICA,99,98,99,98,4,04/06/2022,5
48,Texas,481607,0,0,1,0,113,DALLAS (113),1730,DALLAS,6,Junio,5,2022,7,15,SR-183/JOHN W CARPENTER FWY,3,Highway estatal,Urbano,Arterial Principal -Freeway o ExpressWay,Not Reported,1,Sin jurisdiccion especial,100,32.82311667,-96.87971389,Valla para choques,El primer evento no fue una colision con un vehiculo automotor en transporte,Not an Intersection,No fue interseccion,Gore?,Ninguna,Dia total,Despejado,No,NO APLICA,99,99,99,99,1,05/06/2022,2
48,Texas,481608,0,0,1,0,113,DALLAS (113),3350,HUTCHINS,6,Junio,11,2022,7,46,I-45,1,Interestatal,Urbano,Interestatal,State Highway Agency,1,Sin jurisdiccion especial,63,32.63245278,-96.69936111,Soporte de Puente,El primer evento no fue una colision con un vehiculo automotor en transporte,Not an Intersection,No fue interseccion,En el medio,Ninguna,Dia total,Despejado,No,NO APLICA,99,98,99,98,1,11/06/2022,1
48,Texas,481609,0,0,1,0,491,WILLIAMSON (491),0,NO APLICA,5,Mayo,31,2022,3,27,FM 3349,8,Otro,Rural,Colector Mayor,Not Reported,0,Sin jurisdiccion especial,54,30.49367778,-97.49382222,Arbol,El primer evento no fue una colision con un vehiculo automotor en transporte,T-Intersection,Interseccion de T,Fuera de la calle,Ninguna,Oscuro sin iluminacion,Nublado,No,NO APLICA,99,98,99,98,1,31/05/2022,1
48,Texas,481610,1,1,1,0,167,GALVESTON (167),2505,FRIENDSWOOD,6,Junio,11,2022,0,35,SANDY LAKES DR,6,Calle Local Municipalidad,Urbano,Local,Not Reported,0,Sin jurisdiccion especial,0,29.4935,-95.19971389,Peaton,El primer evento no fue una colision con un vehiculo automotor en transporte,Not an Intersection,No fue interseccion,Sobre calle,Ninguna,Oscuro con iluminacion,Despejado,No,NO APLICA,99,99,99,99,1,11/06/2022,1
48,Texas,481611,0,0,2,0,113,DALLAS (113),1730,DALLAS,6,Junio,5,2022,2,58,SR-352/ROBERT B CULLUM BLVD,3,Highway estatal,Urbano,Arteria Principal,Not Reported,1,Sin jurisdiccion especial,29,32.76678056,-96.75131111,Vehiculo en movimiento,Angulo,Four-Way Intersection,Interseccion de 4 direcciones,Sobre calle,Ninguna,Oscuro con iluminacion,Despejado,No,NO APLICA,99,99,99,99,1,05/06/2022,2
48,Texas,481612,0,0,2,0,379,RAINS (379),0,NO APLICA,6,Junio,1,2022,12,41,FM 2324,8,Otro,Rural,Colector Mayor,Not Reported,0,Sin jurisdiccion especial,38,32.83798889,-95.817425,Vehiculo en movimiento,Frente a Detrás,Not an Intersection,No fue interseccion,Sobre calle,Ninguna,Dia total,Despejado,No,NO APLICA,99,99,99,99,1,01/06/2022,4
48,Texas,481613,0,0,1,0,29,BEXAR (29),6090,SAN ANTONIO,6,Junio,12,2022,13,55,BABCOCK RD,6,Calle Local Municipalidad,Urbano,Arteria Menor,Not Reported,0,Sin jurisdiccion especial,0,29.56464167,-98.63178611,Poste,El primer evento no fue una colision con un vehiculo automotor en transporte,Not an Intersection,No fue interseccion,Sobre el lado de la calle,Ninguna,Dia total,Despejado,No,NO APLICA,99,99,99,99,1,12/06/2022,1
48,Texas,481614,0,0,2,0,317,MARTIN (317),0,NO APLICA,5,Mayo,16,2022,16,55,SR-176,3,Highway estatal,Rural,Arteria Menor,Not Reported,0,Sin jurisdiccion especial,74,32.314075,-102.1022889,Vehiculo en movimiento,Golpe Lateral - direccion contraria,Not an Intersection,No fue interseccion,Sobre calle,Ninguna,Dia total,Nublado,No,NO APLICA,99,99,99,99,1,16/05/2022,3
48,Texas,481615,0,0,1,0,113,DALLAS (113),1730,DALLAS,6,Junio,7,2022,1,2,LAWTHER DR,6,Calle Local Municipalidad,Urbano,Arteria Menor,Not Reported,0,Sin jurisdiccion especial,0,32.83804167,-96.72349444,Poste o otros soportes,El primer evento no fue una colision con un vehiculo automotor en transporte,Not an Intersection,No fue interseccion,Sobre el lado de la calle,Ninguna,Oscuro sin iluminacion,Despejado,No,NO APLICA,99,98,99,98,2,07/06/2022,2
48,Texas,481616,0,0,2,0,141,EL PASO (141),2190,EL PASO,6,Junio,5,2022,2,58,SR-478 LOOP/COPIA ST,3,Highway estatal,Urbano,Arteria Principal,Not Reported,1,Sin jurisdiccion especial,10,31.78429444,-106.450825,Vehiculo en movimiento,Frente a Detrás,Not an Intersection,No fue interseccion,Sobre calle,Ninguna,Oscuro con iluminacion,Despejado,No,NO APLICA,99,98,99,98,1,05/06/2022,2
48,Texas,481617,0,0,1,0,149,FAYETTE (149),0,NO APLICA,6,Junio,2,2022,8,51,CR-PRAIRIE VALLEY RD,4,Calle del Condado,Rural,Local,Not Reported,0,Sin jurisdiccion especial,0,29.94529167,-96.99635278,Vehiculo Ferrocarril,El primer evento no fue una colision con un vehiculo automotor en transporte,Not an Intersection,No fue interseccion,Sobre calle,Ninguna,Dia total,Nublado,No,416385V,99,98,99,98,1,02/06/2022,1
48,Texas,481619,1,1,1,0,113,DALLAS (113),1730,DALLAS,6,Junio,5,2022,1,12,I-30/US-67/RL THORNTON FWY,1,Interestatal,Urbano,Interestatal,State Highway Agency,1,Sin jurisdiccion especial,49,32.78013333,-96.77938333,Peaton,El primer evento no fue una colision con un vehiculo automotor en transporte,Not an Intersection,No fue interseccion,Sobre calle,Ninguna,Oscuro con iluminacion,Despejado,No,NO APLICA,99,98,99,98,1,05/06/2022,6
48,Texas,481620,0,0,1,0,467,VAN ZANDT (467),0,NO APLICA,6,Junio,6,2022,23,40,I-20,7,Calle Local,Rural,Colector Mayor,State Highway Agency,0,Sin jurisdiccion especial,228,32.52711111,-95.71655,Arbol,El primer evento no fue una colision con un vehiculo automotor en transporte,Not an Intersection,No fue interseccion,Separador,Ninguna,Oscuro sin iluminacion,Nublado,No,NO APLICA,99,98,99,98,1,06/06/2022,1
48,Texas,481621,0,0,1,0,219,HOCKLEY (219),0,NO APLICA,5,Mayo,31,2022,14,58,FM 41,8,Otro,Rural,Colector Mayor,Not Reported,0,Sin jurisdiccion especial,52,33.40574167,-102.3597528,Barda,El primer evento no fue una colision con un vehiculo automotor en transporte,Not an Intersection,No fue interseccion,Fuera de la calle,Ninguna,Dia total,Despejado,No,NO APLICA,99,99,99,99,1,31/05/2022,1
48,Texas,481622,0,0,2,0,1,ANDERSON (1),0,NO APLICA,5,Mayo,25,2022,6,50,US-287,2,US Highway,Rural,Arteria Menor,Not Reported,0,Sin jurisdiccion especial,85,31.66874167,-95.58451111,Vehiculo en movimiento,Angulo,Not an Intersection,No fue interseccion,Sobre Acotamiento,Ninguna,Dia total,Despejado,No,NO APLICA,99,99,99,99,2,25/05/2022,3
48,Texas,481623,0,0,1,0,61,CAMERON (61),0,NO APLICA,5,Mayo,21,2022,14,49,FM 1421,8,Otro,Urbano,Colector Mayor,Not Reported,0,Sin jurisdiccion especial,51,26.00736389,-97.59043056,Barda,El primer evento no fue una colision con un vehiculo automotor en transporte,Not an Intersection,No fue interseccion,Sobre el lado de la calle,Ninguna,Dia total,Despejado,No,NO APLICA,99,98,99,98,1,21/05/2022,1
48,Texas,481624,0,0,2,0,223,HOPKINS (223),6670,SULPHUR SPRINGS,6,Junio,9,2022,13,9,SR-11/HILLCREST DR,3,Highway estatal,Urbano,Arteria Principal,Not Reported,1,Sin jurisdiccion especial,348,33.13881667,-95.62933889,Vehiculo en movimiento,Angulo,Not an Intersection,No fue interseccion,Sobre calle,Ninguna,Dia total,Nublado,No,NO APLICA,99,99,99,99,1,09/06/2022,2
48,Texas,481625,0,0,2,0,39,BRAZORIA (39),4306,MANVEL,6,Junio,8,2022,17,20,SR-6/MORRIS AVE,3,Highway estatal,Urbano,Arteria Principal,Not Reported,1,Sin jurisdiccion especial,31,29.48172222,-95.39905833,Vehiculo en movimiento,Angulo,Not an Intersection,No fue interseccion,Sobre calle,Ninguna,Dia total,Despejado,No,NO APLICA,99,99,99,99,1,08/06/2022,2
48,Texas,481626,0,0,1,0,201,HARRIS (201),0,NO APLICA,6,Junio,5,2022,22,15,BARKER CYPRESS RD,6,Calle Local Municipalidad,Urbano,Arteria Menor,Not Reported,0,Sin jurisdiccion especial,0,29.95370833,-95.67311944,Poste de Señal de trafico,El primer evento no fue una colision con un vehiculo automotor en transporte,Not an Intersection,No fue interseccion,Sobre el lado de la calle,Ninguna,Oscuro con iluminacion,Despejado,No,NO APLICA,99,99,99,99,1,05/06/2022,1
48,Texas,481627,0,0,1,0,5,ANGELINA (5),0,NO APLICA,6,Junio,7,2022,4,15,FM 2109,8,Otro,Urbano,Colector Mayor,Not Reported,0,Sin jurisdiccion especial,19,31.27660833,-94.53959167,Culvert,El primer evento no fue una colision con un vehiculo automotor en transporte,Not an Intersection,No fue interseccion,Sobre el lado de la calle,Ninguna,Oscuro sin iluminacion,Despejado,No,NO APLICA,99,98,99,98,1,07/06/2022,1
48,Texas,481628,0,0,1,0,453,TRAVIS (453),330,AUSTIN,5,Mayo,30,2022,19,40,I-35,7,Calle Local,Urbano,Colector Mayor,State Highway Agency,0,Sin jurisdiccion especial,32,30.14178056,-97.79511667,Arbol,El primer evento no fue una colision con un vehiculo automotor en transporte,T-Intersection,Interseccion de T,Separador,Ninguna,Dia total,Despejado,No,NO APLICA,99,98,99,98,1,30/05/2022,2
48,Texas,481629,1,1,1,0,453,TRAVIS (453),330,AUSTIN,6,Junio,5,2022,7,5,SR-71/BEN WHITE BLVD,3,Highway estatal,Urbano,Arterial Principal -Freeway o ExpressWay,Not Reported,1,Sin jurisdiccion especial,69,30.21351389,-97.72040278,Peaton,El primer evento no fue una colision con un vehiculo automotor en transporte,Not an Intersection,No fue interseccion,Sobre calle,Ninguna,Dia total,Despejado,No,NO APLICA,99,98,99,98,1,05/06/2022,1
48,Texas,481630,1,1,1,0,439,TARRANT (439),2450,FORT WORTH,5,Mayo,27,2022,12,20,RENAISSANCE DR,6,Calle Local Municipalidad,Urbano,Local,Not Reported,0,Sin jurisdiccion especial,0,32.71238056,-97.28497778,Peaton,El primer evento no fue una colision con un vehiculo automotor en transporte,Not an Intersection,No fue interseccion,Sobre calle,Ninguna,Dia total,Despejado,No,NO APLICA,99,99,99,99,1,27/05/2022,2
48,Texas,481632,0,0,1,0,339,MONTGOMERY (339),0,NO APLICA,6,Junio,12,2022,4,45,FM 1774,8,Otro,Rural,Colector Mayor,Not Reported,0,Sin jurisdiccion especial,0,30.22616111,-95.80383056,Poste de Señal de trafico,El primer evento no fue una colision con un vehiculo automotor en transporte,Not an Intersection,No fue interseccion,Sobre el lado de la calle,Ninguna,Oscuro sin iluminacion,Nublado,No,NO APLICA,99,98,99,98,1,12/06/2022,1
48,Texas,481633,0,0,2,0,439,TARRANT (439),2450,FORT WORTH,5,Mayo,18,2022,12,0,LANCASTER AVE,6,Calle Local Municipalidad,Urbano,Arteria Menor,Not Reported,0,Sin jurisdiccion especial,0,32.74740556,-97.35839444,Vehiculo en movimiento,Angulo,Four-Way Intersection,Interseccion de 4 direcciones,Sobre calle,Ninguna,Dia total,Despejado,No,NO APLICA,99,99,99,99,1,18/05/2022,2
48,Texas,481634,0,0,2,0,201,HARRIS (201),0,NO APLICA,5,Mayo,29,2022,19,29,FALLBROOK DR,6,Calle Local Municipalidad,Urbano,Local,Not Reported,0,Sin jurisdiccion especial,0,29.92526944,-95.52523889,Vehiculo en movimiento,Angulo,Four-Way Intersection,Interseccion de 4 direcciones,Sobre calle,Ninguna,Dia total,Despejado,No,NO APLICA,99,99,99,99,2,29/05/2022,7
48,Texas,481635,1,1,1,0,113,DALLAS (113),1730,DALLAS,5,Mayo,19,2022,17,36,STONEWALL ST,6,Calle Local Municipalidad,Urbano,Arteria Principal,Not Reported,0,Sin jurisdiccion especial,0,32.78420556,-96.75956389,Peaton,El primer evento no fue una colision con un vehiculo automotor en transporte,Not an Intersection,No fue interseccion,Sobre calle,Ninguna,Dia total,Despejado,No,NO APLICA,99,99,99,99,1,19/05/2022,1
48,Texas,481636,0,0,2,0,323,MAVERICK (323),0,NO APLICA,6,Junio,5,2022,18,39,FM 1021,8,Otro,Urbano,Arteria Menor,Not Reported,0,Sin jurisdiccion especial,49,28.66136389,-100.4449667,Vehiculo en movimiento,Frente a Detrás,Not an Intersection,No fue interseccion,Sobre calle,Ninguna,Dia total,Despejado,No,NO APLICA,99,99,99,99,1,05/06/2022,3
48,Texas,481637,0,0,2,0,201,HARRIS (201),0,NO APLICA,6,Junio,10,2022,20,34,FM 1960W,8,Otro,Urbano,Arteria Principal,Not Reported,0,Sin jurisdiccion especial,31,29.93028333,-95.5895,Vehiculo en movimiento,Angulo,Not an Intersection,No fue interseccion,Sobre calle,Ninguna,Oscuro con iluminacion,Despejado,No,NO APLICA,99,99,99,99,1,10/06/2022,3
48,Texas,481638,0,0,2,0,201,HARRIS (201),0,NO APLICA,6,Junio,7,2022,4,24,US-90 BUSINESS/BEAUMONT HWY,2,US Highway,Urbano,Arteria Principal,Not Reported,1,Sin jurisdiccion especial,274,29.82548889,-95.226925,Vehiculo en movimiento,Angulo,T-Intersection,Interseccion de T,Sobre calle,Ninguna,Oscuro sin iluminacion,Despejado,No,NO APLICA,99,99,99,99,1,07/06/2022,2
48,Texas,481639,0,0,4,0,121,DENTON (121),3960,LEWISVILLE,6,Junio,5,2022,16,45,I-35 E/US-77/STEMMONS FWY,1,Interestatal,Urbano,Interestatal,State Highway Agency,1,Sin jurisdiccion especial,55,33.030675,-96.99343889,Vehiculo en movimiento,Golpe Lateral - misma direccion,Not an Intersection,No fue interseccion,Sobre calle,Ninguna,Dia total,Despejado,No,NO APLICA,99,98,99,98,1,05/06/2022,4
48,Texas,481640,0,0,2,0,27,BELL (27),3690,KILLEEN,6,Junio,10,2022,21,33,US-190F/VETERANS MEMORIAL BLVD,2,US Highway,Urbano,Arteria Principal,Not Reported,1,Sin jurisdiccion especial,29,31.11932778,-97.73755,Vehiculo en movimiento,Frente a frente,T-Intersection,Interseccion de T,Sobre calle,Ninguna,Oscuro con iluminacion,Despejado,No,NO APLICA,99,99,99,99,1,10/06/2022,3
48,Texas,481641,0,0,1,0,29,BEXAR (29),3705,KIRBY,6,Junio,5,2022,14,45,FM 78,8,Otro,Urbano,Arteria Principal,Not Reported,1,Sin jurisdiccion especial,108,29.467225,-98.39320556,Poste,El primer evento no fue una colision con un vehiculo automotor en transporte,Not an Intersection,No fue interseccion,Sobre el lado de la calle,Ninguna,Dia total,Despejado,No,NO APLICA,99,98,99,98,1,05/06/2022,1
48,Texas,481642,0,0,1,0,399,RUNNELS (399),0,NO APLICA,6,Junio,14,2022,14,31,FM 2111,8,Otro,Rural,Colector Mayor,Not Reported,0,Sin jurisdiccion especial,86,31.84886944,-100.0274444,Volcadura,El primer evento no fue una colision con un vehiculo automotor en transporte,Not an Intersection,No fue interseccion,Sobre el lado de la calle,Ninguna,Dia total,Despejado,No,NO APLICA,99,98,99,98,1,14/06/2022,1