Estado,Nombre de Estado,Numero de Caso,Peatones,Personas _no_vehiculos,Vehiculos automotores,Vehiculos estacionados,Condado,Nombre Condado,Ciudad,Nombre Ciudad,Mes,Nombre Mes,Dia,Año,Hora,Minuto,Calle,Ruta,Nombre Ruta,Rural o Urbanoo,Sistema Funcional,Dueño Calle,Sistema Nacional Carreteras,Jurisdiccion Especial,Milla,Latitud,Longitud,Causa del Accidente,Tipo de Accidente,Tipo Interseccion,Columna1,Lugar en la calle,Zona de Trabajo,Luz,Clima,Autobus Escolar,Cruce de Trenes,Hora Notificacion,Minuto Notificacion,Hora Llegada,Minuto Llegada,Decesos,Fecha,PersonaVehiculo
48,Texas,481643,0,0,2,0,251,JOHNSON (251),0,NO APLICA,6,Junio,11,2022,17,17,FM 917,8,Otro,Urbano,Arteria Menor,Not Reported,0,Sin jurisdiccion especial,148,32.48871389,-97.20020278,Vehiculo en movimiento,Angulo,T-Intersection,Interseccion de T,Sobre calle,Ninguna,Dia total,Despejado,No,NO APLICA,99,99,99,99,1,11/06/2022,4
48,Texas,481644,3,3,3,1,215,HIDALGO (215),0,NO APLICA,5,Mayo,13,2022,2,0,FM 907/ALAMO RD,8,Otro,Urbano,Colector Mayor,Not Reported,0,Sin jurisdiccion especial,20,26.31503889,-98.10293611,Vehiculo en movimiento,Frente a Detrás,Not an Intersection,No fue interseccion,Sobre calle,Ninguna,Oscuro sin iluminacion,Despejado,No,NO APLICA,99,98,99,98,1,13/05/2022,1
48,Texas,481645,0,0,2,0,453,TRAVIS (453),330,AUSTIN,6,Junio,10,2022,0,28,SLAUGHTER LN,6,Calle Local Municipalidad,Urbano,Arteria Menor,Not Reported,0,Sin jurisdiccion especial,0,30.17380833,-97.81441111,Vehiculo en movimiento,Frente a frente,T-Intersection,Interseccion de T,Sobre calle,Ninguna,Oscuro sin iluminacion,Despejado,No,NO APLICA,99,98,99,98,1,10/06/2022,2
48,Texas,481646,1,1,1,0,27,BELL (27),6810,TEMPLE,6,Junio,15,2022,8,59,I-35/PURPLE HEART TRL,1,Interestatal,Urbano,Interestatal,State Highway Agency,1,Sin jurisdiccion especial,238,31.11559167,-97.35456944,Peaton,El primer evento no fue una colision con un vehiculo automotor en transporte,Not an Intersection,No fue interseccion,Sobre calle,Ninguna,Dia total,Nublado,No,NO APLICA,99,99,99,99,1,15/06/2022,2
48,Texas,481647,0,0,1,0,491,WILLIAMSON (491),3925,LEANDER,5,Mayo,21,2022,2,39,US-183,2,US Highway,Urbano,Arteria Principal,Not Reported,1,Sin jurisdiccion especial,173,30.59713333,-97.86156944,Volcadura,El primer evento no fue una colision con un vehiculo automotor en transporte,Not an Intersection,No fue interseccion,Sobre calle,Ninguna,Oscuro sin iluminacion,Despejado,No,NO APLICA,99,98,99,98,1,21/05/2022,1
48,Texas,481648,0,0,2,0,27,BELL (27),570,BELTON,6,Junio,11,2022,5,1,I-14/CENTRAL EXPWY,1,Interestatal,Urbano,Interestatal,State Highway Agency,1,Sin jurisdiccion especial,240,31.05593333,-97.52613611,Vehiculo en movimiento,Frente a frente,Not an Intersection,No fue interseccion,Sobre calle,Construccion,Oscuro sin iluminacion,Nublado,No,NO APLICA,99,99,99,99,1,11/06/2022,4
48,Texas,481649,0,0,2,0,61,CAMERON (61),6110,SAN BENITO,6,Junio,10,2022,7,31,FM 345/SAM HOUSTON,8,Otro,Urbano,Colector Mayor,Not Reported,0,Sin jurisdiccion especial,63,26.161125,-97.60806667,Vehiculo en movimiento,Angulo,Not an Intersection,No fue interseccion,Sobre calle,Ninguna,Dia total,Despejado,No,NO APLICA,99,98,99,98,2,10/06/2022,3
48,Texas,481650,0,0,2,1,439,TARRANT (439),260,ARLINGTON,6,Junio,13,2022,0,6,ABRAM ST,6,Calle Local Municipalidad,Urbano,Arteria Menor,Not Reported,0,Sin jurisdiccion especial,0,32.73607222,-97.058675,Poste,El primer evento no fue una colision con un vehiculo automotor en transporte,Not an Intersection,No fue interseccion,Sobre el lado de la calle,Ninguna,Oscuro con iluminacion,Despejado,No,NO APLICA,99,99,99,99,1,13/06/2022,2
48,Texas,481651,0,0,2,0,183,GREGG (183),0,NO APLICA,6,Junio,7,2022,5,51,SR-31,3,Highway estatal,Rural,Arteria Principal,Not Reported,1,Sin jurisdiccion especial,54,32.43573333,-94.82704722,Vehiculo en movimiento,Angulo,T-Intersection,Interseccion de T,Sobre calle,Ninguna,Amanecer,Despejado,No,NO APLICA,99,98,99,98,1,07/06/2022,3
48,Texas,481652,0,0,2,0,147,FANNIN (147),3260,HONEY GROVE,6,Junio,4,2022,12,15,US-82,2,US Highway,Rural,Arteria Principal,Not Reported,1,Sin jurisdiccion especial,157,33.59656667,-95.90524444,Vehiculo en movimiento,Angulo,Four-Way Intersection,Interseccion de 4 direcciones,Sobre calle,Construccion,Dia total,Despejado,No,NO APLICA,99,99,99,99,1,04/06/2022,2
48,Texas,481653,0,0,1,0,29,BEXAR (29),6090,SAN ANTONIO,6,Junio,15,2022,6,39,ZAZAMORA ST,6,Calle Local Municipalidad,Urbano,Arteria Menor,Not Reported,0,Sin jurisdiccion especial,0,29.31115833,-98.53246667,Barda,El primer evento no fue una colision con un vehiculo automotor en transporte,Not an Intersection,No fue interseccion,Fuera de la calle,Ninguna,Amanecer,Nublado,No,NO APLICA,99,99,99,99,1,15/06/2022,1
48,Texas,481654,0,0,1,0,61,CAMERON (61),0,NO APLICA,6,Junio,12,2022,18,30,FM 800,8,Otro,Rural,Colector Mayor,Not Reported,0,Sin jurisdiccion especial,80,26.13184167,-97.78577778,Volcadura,El primer evento no fue una colision con un vehiculo automotor en transporte,Not an Intersection,No fue interseccion,Sobre el lado de la calle,Ninguna,Dia total,Despejado,No,NO APLICA,99,98,99,98,1,12/06/2022,1
48,Texas,481655,2,4,3,2,289,LEON (289),3939,LEONA,6,Junio,6,2022,15,25,I-45,1,Interestatal,Rural,Interestatal,State Highway Agency,1,Sin jurisdiccion especial,45,31.15450278,-95.98411111,Barrera de Cable,El primer evento no fue una colision con un vehiculo automotor en transporte,Not an Intersection,No fue interseccion,En el medio,Ninguna,Dia total,Despejado,No,NO APLICA,99,99,99,99,1,06/06/2022,1
48,Texas,481656,0,0,1,0,73,CHEROKEE (73),0,NO APLICA,6,Junio,9,2022,6,30,FM 23,8,Otro,Rural,Colector Mayor,Not Reported,0,Sin jurisdiccion especial,64,31.70795833,-95.18545278,Volcadura,El primer evento no fue una colision con un vehiculo automotor en transporte,Not an Intersection,No fue interseccion,Sobre el lado de la calle,Ninguna,Dia total,Despejado,No,NO APLICA,99,98,99,98,1,09/06/2022,1
48,Texas,481657,1,1,1,0,113,DALLAS (113),2800,GRAND PRAIRIE,6,Junio,12,2022,2,23,PRESIDENT GEORGE BUSH TPK,8,Otro,Urbano,Arterial Principal -Freeway o ExpressWay,Local Toll Authority,1,Sin jurisdiccion especial,99998,32.80748889,-97.01849444,Peaton,El primer evento no fue una colision con un vehiculo automotor en transporte,Not an Intersection,No fue interseccion,Sobre calle,Ninguna,Oscuro con iluminacion,Despejado,No,NO APLICA,99,98,99,98,1,12/06/2022,1
48,Texas,481658,0,0,1,0,453,TRAVIS (453),330,AUSTIN,6,Junio,16,2022,11,51,SR-360 LOOP/CAPITAL OF TEXAS J,3,Highway estatal,Urbano,Arteria Principal,Not Reported,1,Sin jurisdiccion especial,129,30.38244167,-97.77151389,Volcadura,El primer evento no fue una colision con un vehiculo automotor en transporte,Not an Intersection,No fue interseccion,Sobre calle,Ninguna,Dia total,Despejado,No,NO APLICA,99,98,99,98,1,16/06/2022,1
48,Texas,481659,0,0,2,0,439,TARRANT (439),260,ARLINGTON,6,Junio,16,2022,10,8,I-20,7,Calle Local,Urbano,Colector Mayor,State Highway Agency,0,Sin jurisdiccion especial,18,32.66763889,-97.22905278,Vehiculo en movimiento,Frente a Detrás,Not an Intersection,No fue interseccion,Sobre calle,Ninguna,Dia total,Despejado,No,NO APLICA,99,99,99,99,1,16/06/2022,2
48,Texas,481660,0,0,1,0,439,TARRANT (439),2450,FORT WORTH,6,Junio,17,2022,1,2,BEACH ST,6,Calle Local Municipalidad,Urbano,Arteria Principal,Not Reported,0,Sin jurisdiccion especial,0,32.74778056,-97.28941389,Soporte de  señalamiento de transito,El primer evento no fue una colision con un vehiculo automotor en transporte,Four-Way Intersection,Interseccion de 4 direcciones,En el medio,Ninguna,Oscuro con iluminacion,Despejado,No,NO APLICA,99,98,99,98,1,17/06/2022,1
48,Texas,481661,0,0,1,0,297,LIVE OAK (297),0,NO APLICA,5,Mayo,20,2022,6,29,US-59,2,US Highway,Rural,Arteria Principal,Not Reported,1,Sin jurisdiccion especial,32,28.34503611,-97.93520833,Arbol,El primer evento no fue una colision con un vehiculo automotor en transporte,Not an Intersection,No fue interseccion,Sobre el lado de la calle,Ninguna,Amanecer,Despejado,No,NO APLICA,99,99,99,99,1,20/05/2022,5
48,Texas,481662,1,1,1,0,29,BEXAR (29),6090,SAN ANTONIO,6,Junio,11,2022,3,5,I-35,7,Calle Local,Urbano,Colector Mayor,State Highway Agency,0,Sin jurisdiccion especial,308,29.48696111,-98.40301667,Ciclista,El primer evento no fue una colision con un vehiculo automotor en transporte,Not an Intersection,No fue interseccion,Sobre calle,Ninguna,Oscuro sin iluminacion,Despejado,No,NO APLICA,99,99,99,99,1,11/06/2022,1
48,Texas,481663,0,0,2,0,157,FORT BEND (157),6568,STAFFORD,6,Junio,14,2022,5,30,US-90 ALT/MAIN ST,2,US Highway,Urbano,Arteria Principal,Not Reported,1,Sin jurisdiccion especial,315,29.62125278,-95.56916111,Vehiculo en movimiento,Golpe Lateral - misma direccion,Not an Intersection,No fue interseccion,Sobre calle,Ninguna,Oscuro con iluminacion,Despejado,No,NO APLICA,99,98,99,98,1,14/06/2022,2
48,Texas,481664,1,1,1,0,141,EL PASO (141),2190,EL PASO,6,Junio,12,2022,0,35,LEE TREVINO DR,6,Calle Local Municipalidad,Urbano,Arteria Principal,Not Reported,0,Sin jurisdiccion especial,0,31.75365,-106.3189889,Peaton,El primer evento no fue una colision con un vehiculo automotor en transporte,Not an Intersection,No fue interseccion,Sobre calle,Ninguna,Oscuro con iluminacion,Despejado,No,NO APLICA,99,99,99,99,1,12/06/2022,1
48,Texas,481665,0,0,2,0,453,TRAVIS (453),330,AUSTIN,6,Junio,11,2022,2,23,I-35/PURPLE HEART TRL,1,Interestatal,Urbano,Interestatal,State Highway Agency,1,Sin jurisdiccion especial,145,30.22318889,-97.74764722,Alguien se cayo/avento del vehiculo,El primer evento no fue una colision con un vehiculo automotor en transporte,Not an Intersection,No fue interseccion,Sobre calle,Ninguna,Oscuro con iluminacion,Despejado,No,NO APLICA,99,98,99,98,1,11/06/2022,3
48,Texas,481666,0,0,2,0,201,HARRIS (201),0,NO APLICA,6,Junio,18,2022,16,50,I-69/EASTEX FWY,1,Interestatal,Urbano,Interestatal,State Highway Agency,1,Sin jurisdiccion especial,8,29.87661111,-95.32651944,Vehiculo en movimiento,Frente a Detrás,Not an Intersection,No fue interseccion,Sobre calle,Ninguna,Dia total,Despejado,No,NO APLICA,99,99,99,99,1,18/06/2022,3
48,Texas,481667,0,0,1,0,113,DALLAS (113),1870,DESOTO,6,Junio,18,2022,16,18,I-35/RL THORNTON HWY,7,Calle Local,Urbano,Colector Mayor,State Highway Agency,0,Sin jurisdiccion especial,38,32.603075,-96.82225278,Volcadura,El primer evento no fue una colision con un vehiculo automotor en transporte,Not an Intersection,No fue interseccion,Sobre calle,Ninguna,Dia total,Despejado,No,NO APLICA,99,99,99,99,1,18/06/2022,1
48,Texas,481668,0,0,2,0,291,LIBERTY (291),0,NO APLICA,6,Junio,8,2022,17,28,FM 770,8,Otro,Rural,Colector Mayor,Not Reported,0,Sin jurisdiccion especial,129,30.18375833,-94.63424444,Vehiculo en movimiento,Angulo,Not an Intersection,No fue interseccion,Sobre calle,Ninguna,Dia total,Despejado,No,NO APLICA,99,99,99,99,2,08/06/2022,4
48,Texas,481669,0,0,3,0,29,BEXAR (29),6090,SAN ANTONIO,6,Junio,5,2022,2,36,I-37,1,Interestatal,Urbano,Interestatal,State Highway Agency,1,Sin jurisdiccion especial,102,29.24965278,-98.39543333,Vehiculo en movimiento,Frente a frente,Not an Intersection,No fue interseccion,Sobre calle,Ninguna,Oscuro sin iluminacion,Despejado,No,NO APLICA,99,98,99,98,2,05/06/2022,3
48,Texas,481670,0,0,1,0,113,DALLAS (113),1730,DALLAS,6,Junio,11,2022,7,5,INWOOD RD,6,Calle Local Municipalidad,Urbano,Arteria Menor,Not Reported,0,Sin jurisdiccion especial,0,32.89248333,-96.81985278,Arbol,El primer evento no fue una colision con un vehiculo automotor en transporte,Not an Intersection,No fue interseccion,En el medio,Ninguna,Amanecer,Despejado,No,NO APLICA,99,99,99,99,1,11/06/2022,2
48,Texas,481671,1,1,1,0,113,DALLAS (113),1730,DALLAS,6,Junio,14,2022,0,41,I-45/JULIUS SCHEPPS FWY,1,Interestatal,Urbano,Interestatal,State Highway Agency,1,Sin jurisdiccion especial,35,32.69882222,-96.75205833,Peaton,El primer evento no fue una colision con un vehiculo automotor en transporte,Not an Intersection,No fue interseccion,Sobre calle,Ninguna,Oscuro sin iluminacion,Despejado,No,NO APLICA,99,99,99,99,1,14/06/2022,1
48,Texas,481672,0,0,1,0,29,BEXAR (29),6090,SAN ANTONIO,6,Junio,14,2022,2,27,PATRICIA DR/BRAESVIEW,6,Calle Local Municipalidad,Urbano,Colector Mayor,Not Reported,0,Sin jurisdiccion especial,0,29.54981944,-98.51998611,Arbol,El primer evento no fue una colision con un vehiculo automotor en transporte,Not an Intersection,No fue interseccion,Sobre el lado de la calle,Ninguna,Oscuro con iluminacion,Nublado,No,NO APLICA,99,98,99,98,1,14/06/2022,1
48,Texas,481673,0,0,1,0,29,BEXAR (29),6090,SAN ANTONIO,6,Junio,13,2022,23,53,SR-122 SPUR/PRESA ST,3,Highway estatal,Urbano,Arteria Principal,Not Reported,1,Sin jurisdiccion especial,69,29.32803333,-98.43795278,Banqueta,El primer evento no fue una colision con un vehiculo automotor en transporte,Not an Intersection,No fue interseccion,En el medio,Ninguna,Oscuro con iluminacion,Despejado,No,NO APLICA,99,98,99,98,1,13/06/2022,1
48,Texas,481674,0,0,1,0,141,EL PASO (141),2190,EL PASO,6,Junio,18,2022,0,36,FM 659/ZARAGOZA RD,8,Otro,Urbano,Arteria Principal,Not Reported,1,Sin jurisdiccion especial,50,31.76085,-106.2694556,Soporte de  señalamiento de transito,El primer evento no fue una colision con un vehiculo automotor en transporte,Four-Way Intersection,Interseccion de 4 direcciones,Sobre el lado de la calle,Ninguna,Oscuro con iluminacion,Despejado,No,NO APLICA,99,99,99,99,1,18/06/2022,2
48,Texas,481675,0,0,1,0,317,MARTIN (317),0,NO APLICA,6,Junio,8,2022,23,47,FM 1208,8,Otro,Rural,Colector Menor,Not Reported,0,Sin jurisdiccion especial,1,32.13689444,-101.94845,Volcadura,El primer evento no fue una colision con un vehiculo automotor en transporte,Not an Intersection,No fue interseccion,Sobre calle,Ninguna,Oscuro sin iluminacion,Despejado,No,NO APLICA,99,99,99,99,1,08/06/2022,1
48,Texas,481676,0,0,2,0,317,MARTIN (317),0,NO APLICA,6,Junio,11,2022,13,30,SR-176,3,Highway estatal,Rural,Arteria Menor,Not Reported,0,Sin jurisdiccion especial,175,32.30682778,-101.9308722,Vehiculo en movimiento,Angulo,Four-Way Intersection,Interseccion de 4 direcciones,Sobre calle,Ninguna,Dia total,Despejado,No,NO APLICA,99,99,99,99,1,11/06/2022,2
48,Texas,481677,0,0,2,0,441,TAYLOR (441),30,ABILENE,6,Junio,16,2022,0,25,FM 3438/ARNOLD BLVD,8,Otro,Urbano,Arteria Menor,Not Reported,1,Sin jurisdiccion especial,8,32.46318889,-99.80886389,Vehiculo en movimiento,Angulo,Not an Intersection,No fue interseccion,Sobre Acotamiento,Ninguna,Oscuro sin iluminacion,Despejado,No,NO APLICA,99,98,99,98,1,16/06/2022,2
48,Texas,481678,0,0,3,0,275,KNOX (275),0,NO APLICA,6,Junio,8,2022,5,54,US-277,2,US Highway,Rural,Arteria Principal,Not Reported,1,Sin jurisdiccion especial,75,33.45633333,-99.58181667,Vehiculo en movimiento,Frente a Detrás,Not an Intersection,No fue interseccion,Sobre calle,Ninguna,Oscuro sin iluminacion,Despejado,No,NO APLICA,99,99,99,99,1,08/06/2022,3
48,Texas,481679,0,0,1,0,201,HARRIS (201),0,NO APLICA,6,Junio,10,2022,17,10,FRICK RD,6,Calle Local Municipalidad,Urbano,Colector Mayor,Not Reported,0,Sin jurisdiccion especial,0,29.92297778,-95.47048889,Zanja,El primer evento no fue una colision con un vehiculo automotor en transporte,Four-Way Intersection,Interseccion de 4 direcciones,Sobre el lado de la calle,Ninguna,Dia total,Despejado,No,NO APLICA,99,99,99,99,1,10/06/2022,2
48,Texas,481680,1,1,1,0,85,COLLIN (85),4230,MCKINNEY,5,Mayo,19,2022,9,24,CORONADO DR,6,Calle Local Municipalidad,Urbano,Colector Mayor,Not Reported,0,Sin jurisdiccion especial,0,33.18816111,-96.72295556,Ciclista,El primer evento no fue una colision con un vehiculo automotor en transporte,T-Intersection,Interseccion de T,Sobre calle,Ninguna,Dia total,Despejado,No,NO APLICA,99,99,99,99,1,19/05/2022,1
48,Texas,481681,0,0,1,0,453,TRAVIS (453),0,NO APLICA,5,Mayo,29,2022,10,10,CR-PARSONS RD,6,Calle Local Municipalidad,Rural,Colector Mayor,Not Reported,0,Sin jurisdiccion especial,0,30.31671389,-97.51481389,Arbol,El primer evento no fue una colision con un vehiculo automotor en transporte,Not an Intersection,No fue interseccion,Sobre el lado de la calle,Ninguna,Dia total,Despejado,No,NO APLICA,99,99,99,99,1,29/05/2022,6
48,Texas,481683,0,0,2,0,201,HARRIS (201),0,NO APLICA,6,Junio,12,2022,14,47,I-69/EASTEX FWY,1,Interestatal,Urbano,Interestatal,State Highway Agency,1,Sin jurisdiccion especial,28,29.90263611,-95.31155,Vehiculo en movimiento,Frente a Detrás,Not an Intersection,No fue interseccion,Sobre calle,Ninguna,Dia total,Despejado,No,NO APLICA,99,99,99,99,2,12/06/2022,4
48,Texas,481684,0,0,1,0,347,NACOGDOCHES (347),0,NO APLICA,6,Junio,17,2022,12,45,US-59,2,US Highway,Rural,Arteria Principal,Not Reported,1,Sin jurisdiccion especial,279,31.52001111,-94.69707778,Volcadura,El primer evento no fue una colision con un vehiculo automotor en transporte,Not an Intersection,No fue interseccion,Fuera de la calle,Ninguna,Dia total,Despejado,No,NO APLICA,99,99,99,99,1,17/06/2022,2
48,Texas,481685,1,1,1,0,329,MIDLAND (329),4560,MIDLAND,6,Junio,15,2022,22,34,LAMESA RD,6,Calle Local Municipalidad,Urbano,Arteria Menor,Not Reported,0,Sin jurisdiccion especial,0,31.99524167,-102.0636167,Peaton,El primer evento no fue una colision con un vehiculo automotor en transporte,Not an Intersection,No fue interseccion,Sobre calle,Ninguna,Oscuro con iluminacion,Despejado,No,NO APLICA,99,98,99,98,1,15/06/2022,4
48,Texas,481686,0,0,1,0,439,TARRANT (439),2450,FORT WORTH,6,Junio,12,2022,1,45,I-35/SOUTH FWY,1,Interestatal,Urbano,Interestatal,State Highway Agency,1,Sin jurisdiccion especial,52,32.72244444,-97.32030278,Otra barrera de trafico,El primer evento no fue una colision con un vehiculo automotor en transporte,Not an Intersection,No fue interseccion,Gore?,Ninguna,Oscuro sin iluminacion,Despejado,No,NO APLICA,99,99,99,99,1,12/06/2022,1
48,Texas,481687,0,0,2,0,395,ROBERTSON (395),0,NO APLICA,6,Junio,11,2022,22,16,US-190,2,US Highway,Rural,Arteria Principal,Not Reported,1,Sin jurisdiccion especial,103,30.77641389,-96.491,Vehiculo en movimiento,Angulo,Not an Intersection,No fue interseccion,Sobre calle,Ninguna,Oscuro sin iluminacion,Despejado,No,NO APLICA,99,99,99,99,1,11/06/2022,4
48,Texas,481688,0,0,1,0,29,BEXAR (29),6090,SAN ANTONIO,6,Junio,19,2022,14,1,US-90,2,US Highway,Urbano,Arterial Principal -Freeway o ExpressWay,Not Reported,1,Sin jurisdiccion especial,85,29.400475,-98.53518333,Fin de valla,El primer evento no fue una colision con un vehiculo automotor en transporte,Not an Intersection,No fue interseccion,Gore?,Ninguna,Dia total,Despejado,No,NO APLICA,99,98,99,98,1,19/06/2022,1
48,Texas,481689,0,0,2,0,177,GONZALES (177),0,NO APLICA,6,Junio,4,2022,11,12,SR-97,3,Highway estatal,Rural,Colector Mayor,Not Reported,0,Sin jurisdiccion especial,114,29.59597778,-97.34998056,Vehiculo en movimiento,Frente a frente,Not an Intersection,No fue interseccion,Sobre calle,Ninguna,Dia total,Despejado,No,NO APLICA,99,99,99,99,2,04/06/2022,4
48,Texas,481690,0,0,3,0,439,TARRANT (439),3347,HURST,6,Junio,20,2022,12,39,I-820,1,Interestatal,Urbano,Interestatal,State Highway Agency,1,Sin jurisdiccion especial,248,32.82080833,-97.2055,Vehiculo en movimiento,Frente a Detrás,Not an Intersection,No fue interseccion,Sobre calle,Ninguna,Dia total,Despejado,No,NO APLICA,99,99,99,99,1,20/06/2022,4
48,Texas,481691,0,0,2,0,29,BEXAR (29),6090,SAN ANTONIO,6,Junio,2,2022,3,53,PROBANDT ST,6,Calle Local Municipalidad,Urbano,Colector Mayor,Not Reported,0,Sin jurisdiccion especial,0,29.39413056,-98.49879167,Vehiculo en movimiento,Angulo,Four-Way Intersection,Interseccion de 4 direcciones,Sobre calle,Ninguna,Oscuro con iluminacion,Despejado,No,NO APLICA,99,99,99,99,1,02/06/2022,2
48,Texas,481692,0,0,2,0,141,EL PASO (141),2190,EL PASO,6,Junio,20,2022,2,37,I-10/CANAM HWY,1,Interestatal,Urbano,Interestatal,State Highway Agency,1,Sin jurisdiccion especial,127,31.82883056,-106.5557639,Vehiculo en movimiento,Frente a Detrás,Not an Intersection,No fue interseccion,Sobre calle,Ninguna,Oscuro con iluminacion,Despejado,No,NO APLICA,99,99,99,99,1,20/06/2022,3
48,Texas,481693,0,0,2,0,113,DALLAS (113),1730,DALLAS,6,Junio,5,2022,4,28,US-75,2,US Highway,Urbano,Arterial Principal -Freeway o ExpressWay,Not Reported,1,Sin jurisdiccion especial,91,32.87069167,-96.77025556,Vehiculo en movimiento,Frente a Detrás,Not an Intersection,No fue interseccion,Sobre calle,Ninguna,Oscuro con iluminacion,Despejado,No,NO APLICA,99,99,99,99,1,05/06/2022,2
48,Texas,481694,0,0,3,0,91,COMAL (91),0,NO APLICA,6,Junio,15,2022,14,55,US-281,2,US Highway,Rural,Arteria Principal,Not Reported,1,Sin jurisdiccion especial,95,29.87560278,-98.40906111,Vehiculo en movimiento,Angulo,T-Intersection,Interseccion de T,Sobre calle,Ninguna,Dia total,Despejado,No,NO APLICA,99,99,99,99,1,15/06/2022,8
48,Texas,481695,1,1,1,0,215,HIDALGO (215),0,NO APLICA,5,Mayo,29,2022,5,21,FM 1015,8,Otro,Urbano,Arteria Principal,Not Reported,1,Sin jurisdiccion especial,109,26.07471944,-97.95000278,Peaton,El primer evento no fue una colision con un vehiculo automotor en transporte,Not an Intersection,No fue interseccion,Sobre calle,Ninguna,Oscuro sin iluminacion,Despejado,No,NO APLICA,99,98,99,98,1,29/05/2022,1
48,Texas,481696,0,0,3,0,299,LLANO (299),985,BUCHANAN DAM,6,Junio,16,2022,15,30,SR-261,3,Highway estatal,Rural,Colector Mayor,Not Reported,0,Sin jurisdiccion especial,165,30.77035278,-98.45482222,Valla Ferrocarril,El primer evento no fue una colision con un vehiculo automotor en transporte,Not an Intersection,No fue interseccion,Sobre el lado de la calle,Ninguna,Dia total,Despejado,No,NO APLICA,99,99,99,99,1,16/06/2022,4
48,Texas,481697,0,0,1,0,381,RANDALL (381),1160,CANYON,6,Junio,19,2022,6,4,US-87,2,US Highway,Rural,Colector Mayor,Not Reported,0,Sin jurisdiccion especial,120,34.95816389,-101.9196639,Arbol,El primer evento no fue una colision con un vehiculo automotor en transporte,Not an Intersection,No fue interseccion,Sobre el lado de la calle,Ninguna,Amanecer,Despejado,No,NO APLICA,99,99,99,99,1,19/06/2022,2
48,Texas,481698,0,0,1,0,371,PECOS (371),0,NO APLICA,6,Junio,14,2022,9,55,US-385,2,US Highway,Rural,Colector Mayor,State Highway Agency,0,Sin jurisdiccion especial,276,30.49160833,-102.9360194,Volcadura,El primer evento no fue una colision con un vehiculo automotor en transporte,Not an Intersection,No fue interseccion,Sobre el lado de la calle,Ninguna,Dia total,Despejado,No,NO APLICA,99,99,99,99,1,14/06/2022,2
48,Texas,481699,1,1,1,0,113,DALLAS (113),5730,RICHARDSON,6,Junio,16,2022,10,30,COIT RD,6,Calle Local Municipalidad,Urbano,Arteria Principal,Not Reported,0,Sin jurisdiccion especial,0,32.94094167,-96.76885833,Peaton,El primer evento no fue una colision con un vehiculo automotor en transporte,Not an Intersection,No fue interseccion,Sobre calle,Ninguna,Dia total,Despejado,No,NO APLICA,99,99,99,99,1,16/06/2022,1
48,Texas,481700,1,1,1,0,289,LEON (289),0,NO APLICA,6,Junio,16,2022,18,47,I-45,1,Interestatal,Rural,Interestatal,State Highway Agency,1,Sin jurisdiccion especial,144,31.29441389,-95.99782778,Peaton,El primer evento no fue una colision con un vehiculo automotor en transporte,Not an Intersection,No fue interseccion,Sobre el lado de la calle,Construccion,Dia total,Despejado,No,NO APLICA,99,99,99,99,1,16/06/2022,2
48,Texas,481701,0,0,1,0,441,TAYLOR (441),0,NO APLICA,6,Junio,18,2022,17,27,SR-153,3,Highway estatal,Rural,Colector Mayor,Not Reported,0,Sin jurisdiccion especial,24,32.094,-100.1381167,Volcadura,El primer evento no fue una colision con un vehiculo automotor en transporte,T-Intersection,Interseccion de T,Sobre calle,Construccion,Dia total,Despejado,No,NO APLICA,99,98,99,98,1,18/06/2022,1
48,Texas,481702,0,0,1,0,171,GILLESPIE (171),0,NO APLICA,6,Junio,15,2022,22,22,RM 1631,8,Otro,Rural,Colector Mayor,Not Reported,0,Sin jurisdiccion especial,46,30.29024444,-98.79151944,Volcadura,El primer evento no fue una colision con un vehiculo automotor en transporte,Not an Intersection,No fue interseccion,Fuera de la calle,Ninguna,Oscuro sin iluminacion,Despejado,No,NO APLICA,99,98,99,98,1,15/06/2022,1
48,Texas,481703,0,0,2,0,39,BRAZORIA (39),0,NO APLICA,6,Junio,10,2022,16,5,SR-35,3,Highway estatal,Rural,Arteria Menor,Not Reported,0,Sin jurisdiccion especial,408,29.14629444,-95.53998889,Vehiculo en movimiento,Angulo,T-Intersection,Interseccion de T,Sobre calle,Ninguna,Dia total,Despejado,No,NO APLICA,99,99,99,99,1,10/06/2022,2
48,Texas,481704,0,0,1,0,485,WICHITA (485),7490,WICHITA FALLS,6,Junio,18,2022,2,15,I-44/US-281/CENTRAL FWY,1,Interestatal,Urbano,Interestatal,State Highway Agency,1,Sin jurisdiccion especial,12,33.90990556,-98.50201389,Valla Ferrocarril,El primer evento no fue una colision con un vehiculo automotor en transporte,Not an Intersection,No fue interseccion,Separador,Ninguna,Oscuro con iluminacion,Despejado,No,NO APLICA,99,99,99,99,1,18/06/2022,1
48,Texas,481705,0,0,1,0,161,FREESTONE (161),0,NO APLICA,6,Junio,18,2022,0,42,FM 2777,8,Otro,Rural,Colector Menor,Not Reported,0,Sin jurisdiccion especial,17,31.64032222,-96.34452222,Arbol,El primer evento no fue una colision con un vehiculo automotor en transporte,Not an Intersection,No fue interseccion,Fuera de la calle,Ninguna,Oscuro sin iluminacion,Despejado,No,NO APLICA,99,99,99,99,1,18/06/2022,2
48,Texas,481706,0,0,2,0,439,TARRANT (439),260,ARLINGTON,4,Abril,26,2022,15,25,FM 157,8,Otro,Urbano,Arteria Principal,Not Reported,1,Sin jurisdiccion especial,230,32.62213333,-97.137,Vehiculo en movimiento,Angulo,T-Intersection,Interseccion de T,Sobre calle,Ninguna,Dia total,Despejado,No,NO APLICA,99,99,99,99,1,26/04/2022,7