Estado,Nombre de Estado,Numero de Caso,Peatones,Personas _no_vehiculos,Vehiculos automotores,Vehiculos estacionados,Condado,Nombre Condado,Ciudad,Nombre Ciudad,Mes,Nombre Mes,Dia,Año,Hora,Minuto,Calle,Ruta,Nombre Ruta,Rural o Urbanoo,Sistema Funcional,Dueño Calle,Sistema Nacional Carreteras,Jurisdiccion Especial,Milla,Latitud,Longitud,Causa del Accidente,Tipo de Accidente,Tipo Interseccion,Columna1,Lugar en la calle,Zona de Trabajo,Luz,Clima,Autobus Escolar,Cruce de Trenes,Hora Notificacion,Minuto Notificacion,Hora Llegada,Minuto Llegada,Decesos,Fecha,PersonaVehiculo
48,Texas,481708,0,0,3,0,215,HIDALGO (215),1970,DONNA,6,Junio,14,2022,11,51,FM 493,8,Otro,Urbano,Arteria Principal,Not Reported,1,Sin jurisdiccion especial,224,26.17823611,-98.04143611,Vehiculo en movimiento,Angulo,Not an Intersection,No fue interseccion,"Izquierda continua, carril de vuelta",Ninguna,Dia total,Despejado,No,NO APLICA,99,99,99,99,1,14/06/2022,4
48,Texas,481709,0,0,2,0,135,ECTOR (135),0,NO APLICA,6,Junio,5,2022,3,15,SR-302,3,Highway estatal,Urbano,Arteria Principal,Not Reported,1,Sin jurisdiccion especial,28,31.83593056,-102.4098583,Vehiculo en movimiento,Angulo,Four-Way Intersection,Interseccion de 4 direcciones,Sobre calle,Ninguna,Oscuro con iluminacion,Despejado,No,NO APLICA,99,98,99,98,1,05/06/2022,2
48,Texas,481710,0,0,2,0,135,ECTOR (135),5030,ODESSA,6,Junio,20,2022,5,42,I-20 SVRD/MURPHY ST,7,Calle Local,Urbano,Colector Mayor,Not Reported,0,Sin jurisdiccion especial,293,31.80863056,-102.435475,Vehiculo en movimiento,Otro,Not an Intersection,No fue interseccion,Sobre calle,Ninguna,Oscuro sin iluminacion,Despejado,No,NO APLICA,99,98,99,98,1,20/06/2022,2
48,Texas,481711,0,0,4,0,439,TARRANT (439),2450,FORT WORTH,5,Mayo,22,2022,3,12,I-30/EAST FWY,1,Interestatal,Urbano,Interestatal,State Highway Agency,1,Sin jurisdiccion especial,215,32.75986944,-97.19696389,Vehiculo en movimiento,Frente a Detrás,Not an Intersection,No fue interseccion,Sobre calle,Ninguna,Oscuro sin iluminacion,Despejado,No,NO APLICA,99,98,99,98,1,22/05/2022,7
48,Texas,481714,0,0,2,0,61,CAMERON (61),940,BROWNSVILLE,6,Junio,17,2022,8,41,FM 1847,8,Otro,Urbano,Colector Mayor,Not Reported,0,Sin jurisdiccion especial,38,26.00217778,-97.48219444,Vehiculo en movimiento,Angulo,T-Intersection,Interseccion de T,Sobre calle,Ninguna,Dia total,Despejado,No,NO APLICA,99,99,99,99,1,17/06/2022,3
48,Texas,481715,0,0,1,0,251,JOHNSON (251),1370,CLEBURNE,6,Junio,21,2022,21,14,US-67/KATHERINE P RAINS RD,7,Calle Local,Urbano,Colector Mayor,Not Reported,0,Sin jurisdiccion especial,34,32.38116944,-97.38598333,Otro objeto (fijo),El primer evento no fue una colision con un vehiculo automotor en transporte,Not an Intersection,No fue interseccion,Sobre el lado de la calle,Ninguna,Oscuro sin iluminacion,Despejado,No,NO APLICA,99,98,99,98,1,21/06/2022,1
48,Texas,481716,0,0,2,0,349,NAVARRO (349),0,NO APLICA,6,Junio,15,2022,5,19,FM 85,8,Otro,Rural,Colector Mayor,Not Reported,0,Sin jurisdiccion especial,216,32.30706944,-96.40524722,Vehiculo en movimiento,Frente a frente,Not an Intersection,No fue interseccion,Sobre calle,Ninguna,Oscuro sin iluminacion,Despejado,No,NO APLICA,99,99,99,99,2,15/06/2022,3
48,Texas,481717,0,0,1,0,139,ELLIS (139),4570,MIDLOTHIAN,6,Junio,19,2022,16,37,US-67,2,US Highway,Urbano,Arterial Principal -Freeway o ExpressWay,Not Reported,1,Sin jurisdiccion especial,13,32.52949444,-96.97594167,Arbol,El primer evento no fue una colision con un vehiculo automotor en transporte,Not an Intersection,No fue interseccion,Fuera de la calle,Ninguna,Dia total,Despejado,No,NO APLICA,99,99,99,99,1,19/06/2022,1
48,Texas,481718,0,1,2,1,103,CRANE (103),0,NO APLICA,6,Junio,7,2022,16,12,SR-329,3,Highway estatal,Rural,Arteria Menor,Not Reported,0,Sin jurisdiccion especial,196,31.39719167,-102.4421861,Vehiculo Aparcado,El primer evento no fue una colision con un vehiculo automotor en transporte,Not an Intersection,No fue interseccion,Sobre Acotamiento,Ninguna,Dia total,Despejado,No,NO APLICA,99,98,99,98,1,07/06/2022,1
48,Texas,481719,0,0,2,0,113,DALLAS (113),1730,DALLAS,6,Junio,13,2022,1,56,I-30/RL THORNTON FWY,1,Interestatal,Urbano,Interestatal,State Highway Agency,1,Sin jurisdiccion especial,76,32.79138889,-96.73795556,Vehiculo en movimiento,Angulo,Not an Intersection,No fue interseccion,Sobre calle,Ninguna,Oscuro sin iluminacion,Despejado,No,NO APLICA,99,98,99,98,1,13/06/2022,2
48,Texas,481720,0,0,2,0,439,TARRANT (439),260,ARLINGTON,6,Junio,18,2022,18,3,GREEN OAKS BLVD,6,Calle Local Municipalidad,Urbano,Arteria Principal,Not Reported,0,Sin jurisdiccion especial,0,32.75756389,-97.15021111,Vehiculo en movimiento,Angulo,T-Intersection,Interseccion de T,Sobre calle,Ninguna,Dia total,Despejado,No,NO APLICA,99,99,99,99,1,18/06/2022,2
48,Texas,481721,0,0,3,0,335,MITCHELL (335),0,NO APLICA,6,Junio,7,2022,17,15,I-20,1,Interestatal,Rural,Interestatal,State Highway Agency,1,Sin jurisdiccion especial,159,32.39016667,-100.9397917,Vehiculo en movimiento,Frente a Detrás,Not an Intersection,No fue interseccion,Sobre calle,Ninguna,Dia total,Despejado,No,NO APLICA,99,99,99,99,1,07/06/2022,5
48,Texas,481722,1,1,2,0,113,DALLAS (113),5730,RICHARDSON,6,Junio,19,2022,2,34,PLANO RD,6,Calle Local Municipalidad,Urbano,Arteria Principal,Not Reported,0,Sin jurisdiccion especial,0,32.93451667,-96.70009722,Ciclista,El primer evento no fue una colision con un vehiculo automotor en transporte,Not an Intersection,No fue interseccion,Sobre calle,Ninguna,Oscuro con iluminacion,Despejado,No,NO APLICA,99,98,99,98,1,19/06/2022,2
48,Texas,481723,0,0,2,0,181,GRAYSON (181),0,NO APLICA,6,Junio,9,2022,12,47,US-377,2,US Highway,Rural,Arteria Menor,State Highway Agency,0,Sin jurisdiccion especial,109,33.721275,-96.904875,Vehiculo en movimiento,Frente a frente,Not an Intersection,No fue interseccion,Sobre calle,Ninguna,Dia total,Despejado,No,NO APLICA,99,99,99,99,2,09/06/2022,3
48,Texas,481724,0,0,1,0,15,AUSTIN (15),0,NO APLICA,6,Junio,18,2022,2,46,I-10,1,Interestatal,Rural,Interestatal,State Highway Agency,1,Sin jurisdiccion especial,109,29.77552222,-96.12620278,Poste de Señal de trafico,El primer evento no fue una colision con un vehiculo automotor en transporte,Not an Intersection,No fue interseccion,Gore?,Construccion,Oscuro sin iluminacion,Despejado,No,NO APLICA,99,98,99,98,1,18/06/2022,1
48,Texas,481725,1,1,6,0,201,HARRIS (201),3280,HOUSTON,5,Mayo,26,2022,23,26,I-45,1,Interestatal,Urbano,Interestatal,State Highway Agency,1,Sin jurisdiccion especial,229,29.75085,-95.37331944,Peaton,El primer evento no fue una colision con un vehiculo automotor en transporte,Not an Intersection,No fue interseccion,Sobre calle,Ninguna,Oscuro con iluminacion,Nublado,No,NO APLICA,99,98,99,98,1,26/05/2022,10
48,Texas,481726,0,0,2,0,481,WHARTON (481),0,NO APLICA,6,Junio,14,2022,7,58,CR-166/CR-CEMETARY RD,4,Calle del Condado,Urbano,Local,Not Reported,0,Sin jurisdiccion especial,0,29.32195833,-96.06000278,Vehiculo en movimiento,Angulo,Four-Way Intersection,Interseccion de 4 direcciones,Sobre calle,Ninguna,Dia total,Despejado,No,NO APLICA,99,99,99,99,1,14/06/2022,2
48,Texas,481727,0,0,1,0,201,HARRIS (201),3280,HOUSTON,6,Junio,2,2022,20,24,I-610 RAMP/NORTH LP,1,Interestatal,Urbano,Interestatal,State Highway Agency,1,Sin jurisdiccion especial,50,29.81384722,-95.37740556,Banqueta,El primer evento no fue una colision con un vehiculo automotor en transporte,Not an Intersection,No fue interseccion,Gore?,Ninguna,Oscuro con iluminacion,Despejado,No,NO APLICA,99,98,99,98,1,02/06/2022,1
48,Texas,481728,0,0,1,0,201,HARRIS (201),3280,HOUSTON,6,Junio,10,2022,0,53,I-10/EAST FWY,1,Interestatal,Urbano,Interestatal,State Highway Agency,1,Sin jurisdiccion especial,100,29.77168056,-95.20281667,Arbol,El primer evento no fue una colision con un vehiculo automotor en transporte,Not an Intersection,No fue interseccion,Gore?,Ninguna,Oscuro con iluminacion,Despejado,No,NO APLICA,99,99,99,99,1,10/06/2022,2
48,Texas,481729,0,0,1,0,201,HARRIS (201),3280,HOUSTON,6,Junio,3,2022,1,0,KELLEY ST,6,Calle Local Municipalidad,Urbano,Local,Not Reported,0,Sin jurisdiccion especial,0,29.81318056,-95.35917222,Alguien se cayo/avento del vehiculo,El primer evento no fue una colision con un vehiculo automotor en transporte,Not an Intersection,No fue interseccion,Sobre calle,Ninguna,Oscuro sin iluminacion,Despejado,No,NO APLICA,99,98,99,98,1,03/06/2022,2
48,Texas,481730,1,1,1,0,141,EL PASO (141),2190,EL PASO,6,Junio,18,2022,22,45,MCCOMBS,6,Calle Local Municipalidad,Urbano,Arteria Principal,Not Reported,0,Sin jurisdiccion especial,0,31.88441389,-106.4065222,Peaton,El primer evento no fue una colision con un vehiculo automotor en transporte,Not an Intersection,No fue interseccion,Sobre calle,Ninguna,Oscuro sin iluminacion,Despejado,No,NO APLICA,99,98,99,98,1,18/06/2022,1
48,Texas,481732,1,1,1,0,309,MCLENNAN (309),545,BELLMEAD,6,Junio,20,2022,22,25,US-84/BELLMEAD DR,2,US Highway,Urbano,Arteria Principal,Not Reported,1,Sin jurisdiccion especial,13,31.59163611,-97.09878889,Peaton,El primer evento no fue una colision con un vehiculo automotor en transporte,Not an Intersection,No fue interseccion,Sobre calle,Ninguna,Oscuro con iluminacion,Despejado,No,NO APLICA,99,99,99,99,1,20/06/2022,1
48,Texas,481734,0,0,1,0,473,WALLER (473),0,NO APLICA,6,Junio,13,2022,15,30,CR-REIDS PRAIRIE RD,4,Calle del Condado,Rural,Local,Not Reported,0,Sin jurisdiccion especial,0,30.22261111,-95.93724167,Barda,El primer evento no fue una colision con un vehiculo automotor en transporte,Not an Intersection,No fue interseccion,Fuera de la calle,Ninguna,Dia total,Despejado,No,NO APLICA,99,98,99,98,1,13/06/2022,1
48,Texas,481735,0,0,1,0,333,MILLS (333),2700,GOLDTHWAITE,6,Junio,19,2022,5,19,US-84,2,US Highway,Rural,Arteria Menor,Not Reported,0,Sin jurisdiccion especial,105,31.45752778,-98.56657222,Fin de valla,El primer evento no fue una colision con un vehiculo automotor en transporte,Not an Intersection,No fue interseccion,Sobre el lado de la calle,Ninguna,Oscuro sin iluminacion,Despejado,No,NO APLICA,99,98,99,98,2,19/06/2022,2
48,Texas,481736,0,0,1,0,121,DENTON (121),3960,LEWISVILLE,6,Junio,20,2022,0,48,I-35E/STEMMONS FWY,1,Interestatal,Urbano,Interestatal,State Highway Agency,1,Sin jurisdiccion especial,31,33.00343333,-96.96582778,Barrera de Trafico de Concreto,El primer evento no fue una colision con un vehiculo automotor en transporte,Not an Intersection,No fue interseccion,En el medio,Ninguna,Oscuro con iluminacion,Despejado,No,NO APLICA,99,98,99,98,1,20/06/2022,1
48,Texas,481737,0,0,2,0,251,JOHNSON (251),0,NO APLICA,6,Junio,15,2022,17,27,FM 1807,8,Otro,Rural,Colector Mayor,Not Reported,0,Sin jurisdiccion especial,40,32.38106111,-97.160175,Vehiculo en movimiento,Frente a Detrás,Not an Intersection,No fue interseccion,Sobre calle,Ninguna,Dia total,Despejado,No,NO APLICA,99,98,99,98,1,15/06/2022,2
48,Texas,481738,0,0,1,0,465,VAL VERDE (465),0,NO APLICA,6,Junio,8,2022,15,44,SR-163,3,Highway estatal,Rural,Colector Mayor,Not Reported,0,Sin jurisdiccion especial,238,30.05408889,-101.1859806,Valla Ferrocarril,El primer evento no fue una colision con un vehiculo automotor en transporte,Not an Intersection,No fue interseccion,Sobre el lado de la calle,Ninguna,Dia total,Despejado,No,NO APLICA,99,98,99,98,1,08/06/2022,1
48,Texas,481741,1,1,1,0,201,HARRIS (201),3280,HOUSTON,6,Junio,8,2022,22,47,BELLAIRE BLVD,6,Calle Local Municipalidad,Rural,Arteria Principal,Not Reported,0,Sin jurisdiccion especial,0,29.70543333,-95.48658333,Peaton,El primer evento no fue una colision con un vehiculo automotor en transporte,Not an Intersection,No fue interseccion,Sobre calle,Ninguna,Oscuro con iluminacion,Despejado,No,NO APLICA,99,99,99,99,1,08/06/2022,1
48,Texas,481742,0,0,1,0,409,SAN PATRICIO (409),0,NO APLICA,6,Junio,11,2022,16,50,US-77,2,US Highway,Rural,Arteria Principal,Not Reported,1,Sin jurisdiccion especial,195,27.91454167,-97.62071667,Arbol,El primer evento no fue una colision con un vehiculo automotor en transporte,Not an Intersection,No fue interseccion,Sobre el lado de la calle,Construccion,Dia total,Despejado,No,NO APLICA,99,99,99,99,1,11/06/2022,1
48,Texas,481743,1,1,1,0,201,HARRIS (201),3280,HOUSTON,6,Junio,23,2022,11,43,WAYSIDE DR,6,Calle Local Municipalidad,Urbano,Arteria Menor,Not Reported,0,Sin jurisdiccion especial,0,29.81545833,-95.28458333,Peaton,El primer evento no fue una colision con un vehiculo automotor en transporte,Not an Intersection,No fue interseccion,Sobre calle,Ninguna,Dia total,Despejado,No,NO APLICA,99,99,99,99,1,23/06/2022,1
48,Texas,481744,0,0,2,0,291,LIBERTY (291),3980,LIBERTY,6,Junio,12,2022,22,57,US-90,2,US Highway,Urbano,Arteria Principal,Not Reported,1,Sin jurisdiccion especial,168,30.055725,-94.75729444,Vehiculo en movimiento,Frente a frente,Not an Intersection,No fue interseccion,Sobre calle,Ninguna,Oscuro sin iluminacion,Despejado,No,NO APLICA,99,99,99,99,1,12/06/2022,2
48,Texas,481745,0,0,1,0,257,KAUFMAN (257),0,NO APLICA,6,Junio,12,2022,5,56,FM 90,8,Otro,Rural,Colector Mayor,Not Reported,0,Sin jurisdiccion especial,49,32.41373056,-96.10176111,Culvert,El primer evento no fue una colision con un vehiculo automotor en transporte,Not an Intersection,No fue interseccion,Sobre el lado de la calle,Ninguna,Oscuro sin iluminacion,Despejado,No,NO APLICA,99,98,99,98,1,12/06/2022,1
48,Texas,481746,0,0,3,0,201,HARRIS (201),0,NO APLICA,6,Junio,22,2022,20,0,FM 529,8,Otro,Urbano,Arteria Principal,Not Reported,1,Sin jurisdiccion especial,79,29.87967778,-95.7271,Vehiculo en movimiento,Frente a Detrás,T-Intersection,Interseccion de T,Sobre calle,Ninguna,Dia total,Despejado,No,NO APLICA,99,99,99,99,1,22/06/2022,5
48,Texas,481747,0,0,1,0,507,ZAVALA (507),0,NO APLICA,5,Mayo,11,2022,6,20,FM 117,8,Otro,Rural,Colector Mayor,Not Reported,0,Sin jurisdiccion especial,0,28.95465833,-99.63173333,Poste,El primer evento no fue una colision con un vehiculo automotor en transporte,Not an Intersection,No fue interseccion,Sobre el lado de la calle,Ninguna,Amanecer,Despejado,No,NO APLICA,99,98,99,98,1,11/05/2022,1
48,Texas,481748,0,0,2,0,237,JACK (237),0,NO APLICA,6,Junio,17,2022,6,44,US-380,2,US Highway,Rural,Arteria Menor,Not Reported,0,Sin jurisdiccion especial,65,33.17063333,-98.31734167,Vehiculo en movimiento,Angulo,Not an Intersection,No fue interseccion,Sobre calle,Construccion,Dia total,Despejado,No,NO APLICA,99,99,99,99,1,17/06/2022,2
48,Texas,481749,1,1,1,0,201,HARRIS (201),3280,HOUSTON,6,Junio,15,2022,5,9,I-45/GULF FWY,1,Interestatal,Urbano,Interestatal,State Highway Agency,1,Sin jurisdiccion especial,189,29.71346111,-95.31261111,Peaton,El primer evento no fue una colision con un vehiculo automotor en transporte,Not an Intersection,No fue interseccion,Sobre calle,Ninguna,Oscuro con iluminacion,Despejado,No,NO APLICA,99,98,99,98,1,15/06/2022,1
48,Texas,481750,1,1,1,0,201,HARRIS (201),5230,PASADENA,6,Junio,19,2022,22,35,SPENCER HWY,6,Calle Local Municipalidad,Urbano,Arteria Principal,Not Reported,0,Sin jurisdiccion especial,0,29.66353889,-95.12722222,Peaton,El primer evento no fue una colision con un vehiculo automotor en transporte,Not an Intersection,No fue interseccion,Sobre calle,Ninguna,Oscuro sin iluminacion,Despejado,No,NO APLICA,99,98,99,98,1,19/06/2022,1
48,Texas,481751,1,1,1,0,201,HARRIS (201),5230,PASADENA,6,Junio,20,2022,21,0,STRAWBERRY RD,6,Calle Local Municipalidad,Urbano,Colector Mayor,Not Reported,0,Sin jurisdiccion especial,0,29.68570833,-95.19316944,Peaton,El primer evento no fue una colision con un vehiculo automotor en transporte,T-Intersection,Interseccion de T,Sobre calle,Ninguna,Oscuro con iluminacion,Despejado,No,NO APLICA,99,98,99,98,1,20/06/2022,2
48,Texas,481752,0,0,2,0,291,LIBERTY (291),0,NO APLICA,6,Junio,16,2022,5,20,FM 787,8,Otro,Rural,Colector Mayor,Not Reported,0,Sin jurisdiccion especial,146,30.4131,-94.88311667,Vehiculo en movimiento,Frente a frente,Not an Intersection,No fue interseccion,Sobre calle,Ninguna,Oscuro sin iluminacion,Despejado,No,NO APLICA,99,99,99,99,1,16/06/2022,3
48,Texas,481753,0,0,2,0,201,HARRIS (201),3280,HOUSTON,6,Junio,17,2022,11,14,CLAY RD,6,Calle Local Municipalidad,Urbano,Arteria Menor,Not Reported,0,Sin jurisdiccion especial,0,29.83598611,-95.61728611,Vehiculo en movimiento,Angulo,T-Intersection,Interseccion de T,Sobre calle,Ninguna,Dia total,Despejado,No,NO APLICA,99,99,99,99,1,17/06/2022,2
48,Texas,481754,1,1,1,0,303,LUBBOCK (303),7585,WOLFFORTH,6,Junio,16,2022,23,10,US-62/82,2,US Highway,Urbano,Arterial Principal -Freeway o ExpressWay,State Highway Agency,1,Sin jurisdiccion especial,99998,88.8888,888.8888,Peaton,El primer evento no fue una colision con un vehiculo automotor en transporte,Not an Intersection,No fue interseccion,Sobre calle,Ninguna,Oscuro con iluminacion,Despejado,No,NO APLICA,99,98,99,98,1,16/06/2022,1
48,Texas,481755,1,1,1,0,113,DALLAS (113),1730,DALLAS,6,Junio,15,2022,21,50,BONNIE VIEW RD,6,Calle Local Municipalidad,Urbano,Arteria Menor,Not Reported,0,Sin jurisdiccion especial,0,32.67210556,-96.76253889,Peaton,El primer evento no fue una colision con un vehiculo automotor en transporte,Not an Intersection,No fue interseccion,Sobre calle,Ninguna,Oscuro con iluminacion,Despejado,No,NO APLICA,99,99,99,99,1,15/06/2022,1
48,Texas,481756,1,1,1,0,201,HARRIS (201),3280,HOUSTON,6,Junio,19,2022,1,40,GALVESTON RD,6,Calle Local Municipalidad,Urbano,Arteria Principal,Not Reported,1,Sin jurisdiccion especial,93,29.58606111,-95.16322778,Peaton,El primer evento no fue una colision con un vehiculo automotor en transporte,Not an Intersection,No fue interseccion,Sobre calle,Ninguna,Oscuro sin iluminacion,Despejado,No,NO APLICA,99,98,99,98,1,19/06/2022,1
48,Texas,481757,0,0,2,0,201,HARRIS (201),3280,HOUSTON,6,Junio,1,2022,22,29,LEE RD,6,Calle Local Municipalidad,Rural,Arteria Menor,Not Reported,0,Sin jurisdiccion especial,0,29.952225,-95.30433611,Vehiculo en movimiento,Frente a frente,Four-Way Intersection,Interseccion de 4 direcciones,Sobre calle,Ninguna,Oscuro con iluminacion,Despejado,No,NO APLICA,99,99,99,99,1,01/06/2022,5
48,Texas,481759,0,0,1,0,355,NUECES (355),0,NO APLICA,6,Junio,15,2022,5,20,FM 665,8,Otro,Rural,Arteria Menor,Not Reported,0,Sin jurisdiccion especial,7,27.71818611,-97.92633889,Volcadura,El primer evento no fue una colision con un vehiculo automotor en transporte,Not an Intersection,No fue interseccion,Fuera de la calle,Ninguna,Oscuro sin iluminacion,Nublado,No,NO APLICA,99,98,99,98,1,15/06/2022,1
48,Texas,481760,0,0,1,0,121,DENTON (121),1840,DENTON,6,Junio,17,2022,14,29,I-35,1,Interestatal,Urbano,Interestatal,State Highway Agency,1,Sin jurisdiccion especial,9,33.27651111,-97.17799167,Barrera de Trafico de Concreto,El primer evento no fue una colision con un vehiculo automotor en transporte,Not an Intersection,No fue interseccion,En el medio,Ninguna,Dia total,Despejado,No,NO APLICA,99,99,99,99,1,17/06/2022,1
48,Texas,481762,0,0,1,0,491,WILLIAMSON (491),3925,LEANDER,6,Junio,25,2022,1,0,HERO WAY LN,6,Calle Local Municipalidad,Urbano,Colector Mayor,Not Reported,0,Sin jurisdiccion especial,0,30.57125833,-97.88907222,Barda,El primer evento no fue una colision con un vehiculo automotor en transporte,Not an Intersection,No fue interseccion,Fuera de la calle,Ninguna,Oscuro sin iluminacion,Despejado,No,NO APLICA,99,98,99,98,1,25/06/2022,1
48,Texas,481763,0,0,1,0,13,ATASCOSA (13),0,NO APLICA,6,Junio,18,2022,10,39,I-37,1,Interestatal,Rural,Interestatal,State Highway Agency,1,Sin jurisdiccion especial,86,28.96424444,-98.43676944,Volcadura,El primer evento no fue una colision con un vehiculo automotor en transporte,Not an Intersection,No fue interseccion,En el medio,Ninguna,Dia total,Despejado,No,NO APLICA,99,99,99,99,1,18/06/2022,5
48,Texas,481764,0,0,1,0,471,WALKER (471),0,NO APLICA,6,Junio,22,2022,21,24,SR-75,3,Highway estatal,Rural,Arteria Menor,Not Reported,0,Sin jurisdiccion especial,114,30.57953333,-95.47898611,Volcadura,El primer evento no fue una colision con un vehiculo automotor en transporte,Not an Intersection,No fue interseccion,Sobre el lado de la calle,Construccion,Oscuro sin iluminacion,Despejado,No,NO APLICA,99,98,99,98,1,22/06/2022,1
48,Texas,481765,0,0,1,0,117,DEAF SMITH (117),0,NO APLICA,6,Junio,19,2022,3,12,FM 2943,8,Otro,Urbano,Colector Mayor,Not Reported,0,Sin jurisdiccion especial,10,34.83579722,-102.3540056,Vehiculo Ferrocarril,El primer evento no fue una colision con un vehiculo automotor en transporte,Not an Intersection,No fue interseccion,Sobre calle,Ninguna,Oscuro sin iluminacion,Despejado,No,014733K,99,98,99,98,1,19/06/2022,1
48,Texas,481766,0,0,2,0,201,HARRIS (201),3280,HOUSTON,6,Junio,13,2022,0,15,I-69/US-59 SVRD/SOUTHWEST FWY,7,Calle Local,Urbano,Colector Mayor,Not Reported,0,Sin jurisdiccion especial,11,29.66184167,-95.55780556,Vehiculo en movimiento,Angulo,Four-Way Intersection,Interseccion de 4 direcciones,Sobre calle,Ninguna,Oscuro con iluminacion,Despejado,No,NO APLICA,99,99,99,99,1,13/06/2022,3
48,Texas,481767,0,0,2,0,135,ECTOR (135),5030,ODESSA,6,Junio,26,2022,17,25,8TH ST,6,Calle Local Municipalidad,Urbano,Arteria Principal,Not Reported,0,Sin jurisdiccion especial,0,31.86452778,-102.3301778,Vehiculo en movimiento,Angulo,Not an Intersection,No fue interseccion,Sobre calle,Ninguna,Dia total,Despejado,No,NO APLICA,99,99,99,99,1,26/06/2022,3
48,Texas,481768,1,1,1,0,375,POTTER (375),0,NO APLICA,6,Junio,23,2022,22,36,I-40,7,Calle Local,Rural,Colector Mayor,State Highway Agency,0,Sin jurisdiccion especial,115,35.18966944,-101.9829333,Peaton,El primer evento no fue una colision con un vehiculo automotor en transporte,Not an Intersection,No fue interseccion,Sobre calle,Ninguna,Oscuro sin iluminacion,Despejado,No,NO APLICA,99,98,99,98,1,23/06/2022,2
48,Texas,481769,0,0,2,0,113,DALLAS (113),1730,DALLAS,6,Junio,13,2022,2,24,US-75 SVRD/CENTRAL EXPY,7,Calle Local,Urbano,Colector Mayor,Not Reported,0,Sin jurisdiccion especial,72,32.89873889,-96.76868333,Vehiculo en movimiento,Angulo,Four-Way Intersection,Interseccion de 4 direcciones,Sobre calle,Ninguna,Oscuro con iluminacion,Despejado,No,NO APLICA,99,99,99,99,1,13/06/2022,4
48,Texas,481770,1,1,1,0,453,TRAVIS (453),330,AUSTIN,5,Mayo,15,2022,0,0,US-183/ANDERSON LN,2,US Highway,Urbano,Arterial Principal -Freeway o ExpressWay,Not Reported,1,Sin jurisdiccion especial,104,30.324725,-97.67231111,Peaton,El primer evento no fue una colision con un vehiculo automotor en transporte,Not an Intersection,No fue interseccion,"Fuera de la calle, ubicacion desconocida",Ninguna,Oscuro sin iluminacion,Despejado,No,NO APLICA,99,98,99,98,1,15/05/2022,1
48,Texas,481771,1,1,1,0,453,TRAVIS (453),330,AUSTIN,5,Mayo,28,2022,1,20,I-35,1,Interestatal,Urbano,Interestatal,State Highway Agency,1,Sin jurisdiccion especial,10,30.11188611,-97.80724722,Peaton,El primer evento no fue una colision con un vehiculo automotor en transporte,Not an Intersection,No fue interseccion,Sobre calle,Ninguna,Oscuro con iluminacion,Despejado,No,NO APLICA,99,98,99,98,1,28/05/2022,1
48,Texas,481772,0,0,1,0,439,TARRANT (439),2850,GRAPEVINE,6,Junio,24,2022,17,24,SR-121,3,Highway estatal,Urbano,Arterial Principal -Freeway o ExpressWay,Not Reported,1,Sin jurisdiccion especial,111,32.89298889,-97.09916389,Soporte de Puente,El primer evento no fue una colision con un vehiculo automotor en transporte,Not an Intersection,No fue interseccion,En el medio,Ninguna,Dia total,Despejado,No,NO APLICA,99,98,99,98,1,24/06/2022,1
48,Texas,481773,1,1,1,0,215,HIDALGO (215),4197,MCALLEN,6,Junio,21,2022,21,40,NOLANA AVE,6,Calle Local Municipalidad,Urbano,Arteria Principal,Not Reported,0,Sin jurisdiccion especial,0,26.23883889,-98.21996111,Peaton,El primer evento no fue una colision con un vehiculo automotor en transporte,Not an Intersection,No fue interseccion,Sobre calle,Ninguna,Oscuro sin iluminacion,Despejado,No,NO APLICA,99,99,99,99,1,21/06/2022,1
48,Texas,481774,0,0,3,2,277,LAMAR (277),6003,ROXTON,6,Junio,13,2022,17,26,LAMAR ST,6,Calle Local Municipalidad,Rural,Local,Not Reported,0,Sin jurisdiccion especial,0,33.547375,-95.72695556,Otro objeto (fijo),El primer evento no fue una colision con un vehiculo automotor en transporte,Not an Intersection,No fue interseccion,Sobre el lado de la calle,Ninguna,Dia total,Despejado,No,NO APLICA,99,99,99,99,1,13/06/2022,1
48,Texas,481775,1,1,1,0,249,JIM WELLS (249),0,NO APLICA,6,Junio,10,2022,9,43,US-281,2,US Highway,Rural,Arteria Principal,Not Reported,1,Sin jurisdiccion especial,361,27.53456667,-98.09973611,Peaton,El primer evento no fue una colision con un vehiculo automotor en transporte,Not an Intersection,No fue interseccion,Sobre calle,Ninguna,Dia total,Despejado,No,NO APLICA,99,98,99,98,1,10/06/2022,1
48,Texas,481776,0,0,2,0,329,MIDLAND (329),4560,MIDLAND,6,Junio,22,2022,21,54,MAGELLAN ST,6,Calle Local Municipalidad,Urbano,Local,Not Reported,0,Sin jurisdiccion especial,0,32.06239722,-102.0781806,Vehiculo en movimiento,Frente a frente,Four-Way Intersection,Interseccion de 4 direcciones,Sobre calle,Ninguna,Oscuro con iluminacion,Despejado,No,NO APLICA,99,99,99,99,1,22/06/2022,2
48,Texas,481777,0,0,3,0,291,LIBERTY (291),0,NO APLICA,6,Junio,16,2022,16,4,SR-105,3,Highway estatal,Rural,Arteria Principal,Not Reported,0,Sin jurisdiccion especial,234,30.25343056,-94.65400556,Vehiculo en movimiento,Golpe Lateral - direccion contraria,Not an Intersection,No fue interseccion,Sobre calle,Ninguna,Dia total,Despejado,No,NO APLICA,99,99,99,99,1,16/06/2022,3
48,Texas,481778,0,0,1,0,469,VICTORIA (469),0,NO APLICA,6,Junio,13,2022,10,32,US-77,2,US Highway,Rural,Arteria Principal,Not Reported,1,Sin jurisdiccion especial,117,28.61566944,-97.04479444,Volcadura,El primer evento no fue una colision con un vehiculo automotor en transporte,Not an Intersection,No fue interseccion,En el medio,Ninguna,Dia total,Despejado,No,NO APLICA,99,99,99,99,1,13/06/2022,2