Estado,Nombre de Estado,Numero de Caso,Peatones,Personas _no_vehiculos,Vehiculos automotores,Vehiculos estacionados,Condado,Nombre Condado,Ciudad,Nombre Ciudad,Mes,Nombre Mes,Dia,Año,Hora,Minuto,Calle,Ruta,Nombre Ruta,Rural o Urbanoo,Sistema Funcional,Dueño Calle,Sistema Nacional Carreteras,Jurisdiccion Especial,Milla,Latitud,Longitud,Causa del Accidente,Tipo de Accidente,Tipo Interseccion,Columna1,Lugar en la calle,Zona de Trabajo,Luz,Clima,Autobus Escolar,Cruce de Trenes,Hora Notificacion,Minuto Notificacion,Hora Llegada,Minuto Llegada,Decesos,Fecha,PersonaVehiculo
48,Texas,481779,0,0,2,0,29,BEXAR (29),6090,SAN ANTONIO,6,Junio,2,2022,12,31,HAUSMAN RD,6,Calle Local Municipalidad,Urbano,Arteria Menor,Not Reported,0,Sin jurisdiccion especial,0,29.57241389,-98.61094444,Vehiculo en movimiento,Angulo,Not an Intersection,No fue interseccion,Sobre calle,Ninguna,Dia total,Nublado,No,NO APLICA,99,99,99,99,1,02/06/2022,7
48,Texas,481780,0,0,1,0,439,TARRANT (439),4965,NORTH RICHLAND HILLS,6,Junio,23,2022,4,10,CR-1938,4,Calle del Condado,Urbano,Arteria Principal,Not Reported,1,Sin jurisdiccion especial,270,32.84229167,-97.21423333,Volcadura,El primer evento no fue una colision con un vehiculo automotor en transporte,Not an Intersection,No fue interseccion,Sobre calle,Ninguna,Oscuro con iluminacion,Despejado,No,NO APLICA,99,99,99,99,1,23/06/2022,1
48,Texas,481781,0,0,2,0,201,HARRIS (201),3280,HOUSTON,6,Junio,25,2022,12,1,ALMEDA GENOA RD,6,Calle Local Municipalidad,Urbano,Arteria Menor,Not Reported,0,Sin jurisdiccion especial,0,29.62650833,-95.26665556,Vehiculo en movimiento,Angulo,Four-Way Intersection,Interseccion de 4 direcciones,Sobre calle,Ninguna,Dia total,Despejado,No,NO APLICA,99,99,99,99,1,25/06/2022,2
48,Texas,481782,0,0,1,0,141,EL PASO (141),0,NO APLICA,3,Marzo,17,2022,3,0,I-10,1,Interestatal,Rural,Interestatal,State Highway Agency,1,Sin jurisdiccion especial,584,31.44428333,-106.0305611,Barda,El primer evento no fue una colision con un vehiculo automotor en transporte,Not an Intersection,No fue interseccion,En el medio,Ninguna,Oscuro sin iluminacion,Despejado,No,NO APLICA,99,99,99,99,1,17/03/2022,2
48,Texas,481783,0,0,1,0,177,GONZALES (177),0,NO APLICA,6,Junio,23,2022,16,35,I-10,1,Interestatal,Rural,Interestatal,State Highway Agency,1,Sin jurisdiccion especial,25,29.66618611,-97.34075,Volcadura,El primer evento no fue una colision con un vehiculo automotor en transporte,Not an Intersection,No fue interseccion,Sobre calle,Ninguna,Dia total,Despejado,No,NO APLICA,99,98,99,98,1,23/06/2022,1
48,Texas,481784,0,0,1,0,13,ATASCOSA (13),0,NO APLICA,6,Junio,14,2022,13,15,I-37,1,Interestatal,Rural,Interestatal,State Highway Agency,1,Sin jurisdiccion especial,83,28.70735278,-98.27982778,Arbol,El primer evento no fue una colision con un vehiculo automotor en transporte,Not an Intersection,No fue interseccion,Sobre el lado de la calle,Ninguna,Dia total,Despejado,No,NO APLICA,99,99,99,99,1,14/06/2022,4
48,Texas,481785,0,0,2,0,355,NUECES (355),1550,CORPUS CHRISTI,6,Junio,24,2022,2,24,SR-286/CROSSTOWN EXPWY,3,Highway estatal,Urbano,Arterial Principal -Freeway o ExpressWay,Not Reported,1,Sin jurisdiccion especial,39,27.74533889,-97.42523611,Vehiculo en movimiento,Frente a frente,Not an Intersection,No fue interseccion,Sobre calle,Ninguna,Oscuro con iluminacion,Despejado,No,NO APLICA,99,98,99,98,2,24/06/2022,2
48,Texas,481786,0,0,1,0,201,HARRIS (201),3280,HOUSTON,6,Junio,21,2022,2,23,ANTOINE DR,6,Calle Local Municipalidad,Urbano,Arteria Menor,Not Reported,0,Sin jurisdiccion especial,0,29.84387778,-95.47315556,Volcadura,El primer evento no fue una colision con un vehiculo automotor en transporte,Not an Intersection,No fue interseccion,Sobre calle,Ninguna,Oscuro con iluminacion,Despejado,No,NO APLICA,99,98,99,98,1,21/06/2022,1
48,Texas,481787,0,0,1,0,441,TAYLOR (441),30,ABILENE,6,Junio,22,2022,4,9,SR-351 AMBLER AVE,3,Highway estatal,Urbano,Arteria Principal,Not Reported,1,Sin jurisdiccion especial,39,32.47468056,-99.72772222,Soporte de  señalamiento de transito,El primer evento no fue una colision con un vehiculo automotor en transporte,Four-Way Intersection,Interseccion de 4 direcciones,Sobre el lado de la calle,Ninguna,Oscuro con iluminacion,Despejado,No,NO APLICA,99,99,99,99,1,22/06/2022,4
48,Texas,481788,0,0,5,0,201,HARRIS (201),3280,HOUSTON,4,Abril,15,2022,18,18,HEMPSTEAD HWY,6,Calle Local Municipalidad,Urbano,Arteria Principal,Not Reported,0,Sin jurisdiccion especial,0,29.867525,-95.55239444,Vehiculo en movimiento,Angulo,Four-Way Intersection,Interseccion de 4 direcciones,Sobre calle,Ninguna,Dia total,Despejado,No,NO APLICA,99,99,99,99,1,15/04/2022,6
48,Texas,481789,0,0,2,0,27,BELL (27),0,NO APLICA,6,Junio,18,2022,18,58,FM 439,8,Otro,Urbano,Arteria Menor,Not Reported,0,Sin jurisdiccion especial,202,31.09051667,-97.57358333,Vehiculo en movimiento,Frente a frente,Not an Intersection,No fue interseccion,Sobre calle,Ninguna,Dia total,Despejado,No,NO APLICA,99,99,99,99,1,18/06/2022,2
48,Texas,481790,0,0,2,0,329,MIDLAND (329),0,NO APLICA,6,Junio,3,2022,16,48,SR-158,3,Highway estatal,Urbano,Arteria Principal,Not Reported,1,Sin jurisdiccion especial,240,32.02921944,-102.2400222,Vehiculo en movimiento,Angulo,Four-Way Intersection,Interseccion de 4 direcciones,Sobre calle,Ninguna,Dia total,Despejado,No,NO APLICA,16,51,17,8,1,03/06/2022,4
48,Texas,481791,0,0,1,0,157,FORT BEND (157),0,NO APLICA,6,Junio,18,2022,2,30,SR-99/GRAND PKWY,3,Highway estatal,Urbano,Arterial Principal -Freeway o ExpressWay,State Toll Road,1,Sin jurisdiccion especial,73,29.65616111,-95.71268333,Otra barrera de trafico,El primer evento no fue una colision con un vehiculo automotor en transporte,Not an Intersection,No fue interseccion,Separador,Ninguna,Oscuro sin iluminacion,Despejado,No,NO APLICA,99,98,99,98,1,18/06/2022,1
48,Texas,481792,0,0,1,0,113,DALLAS (113),1730,DALLAS,6,Junio,27,2022,1,59,I-35/R L THORNTON FWY,1,Interestatal,Urbano,Interestatal,State Highway Agency,1,Sin jurisdiccion especial,150,32.75810833,-96.81005556,Barrera de Trafico de Concreto,El primer evento no fue una colision con un vehiculo automotor en transporte,Not an Intersection,No fue interseccion,En el medio,Construccion,Oscuro con iluminacion,Despejado,No,NO APLICA,99,99,99,99,1,27/06/2022,2
48,Texas,481793,1,1,2,0,439,TARRANT (439),2990,HALTOM CITY,6,Junio,18,2022,1,50,US-377/BELKNAP ST,2,US Highway,Urbano,Arteria Principal,Not Reported,1,Sin jurisdiccion especial,14,32.78654722,-97.28301944,Peaton,El primer evento no fue una colision con un vehiculo automotor en transporte,Not an Intersection,No fue interseccion,Sobre calle,Ninguna,Oscuro con iluminacion,Despejado,No,NO APLICA,99,99,99,99,1,18/06/2022,3
48,Texas,481794,0,0,1,0,21,BASTROP (21),0,NO APLICA,6,Junio,26,2022,22,55,SR-71,3,Highway estatal,Rural,Arteria Principal,Not Reported,1,Sin jurisdiccion especial,235,30.04730278,-97.18442778,Barrera de Cable,El primer evento no fue una colision con un vehiculo automotor en transporte,Not an Intersection,No fue interseccion,En el medio,Ninguna,Oscuro sin iluminacion,Despejado,No,NO APLICA,99,99,99,99,1,26/06/2022,1
48,Texas,481795,0,0,1,0,99,CORYELL (99),0,NO APLICA,6,Junio,9,2022,3,50,US-84,2,US Highway,Rural,Arteria Menor,Not Reported,0,Sin jurisdiccion especial,92,31.46993611,-97.99355833,Animal vivo,El primer evento no fue una colision con un vehiculo automotor en transporte,Not an Intersection,No fue interseccion,Sobre calle,Ninguna,Oscuro sin iluminacion,Despejado,No,NO APLICA,99,99,99,99,1,09/06/2022,1
48,Texas,481796,0,0,1,0,201,HARRIS (201),0,NO APLICA,6,Junio,13,2022,1,25,CR-HUFFMAN EASTGATE RD,4,Calle del Condado,Rural,Colector Menor,Not Reported,0,Sin jurisdiccion especial,0,30.038875,-95.05270833,Valla Ferrocarril,El primer evento no fue una colision con un vehiculo automotor en transporte,Not an Intersection,No fue interseccion,Sobre el lado de la calle,Ninguna,Oscuro sin iluminacion,Despejado,No,NO APLICA,99,98,99,98,1,13/06/2022,1
48,Texas,481797,0,0,2,0,355,NUECES (355),5420,PORT ARANSAS,6,Junio,16,2022,7,34,SR-361,3,Highway estatal,Rural,Arteria Menor,Not Reported,0,Sin jurisdiccion especial,149,27.76998889,-97.11116111,Vehiculo en movimiento,Frente a frente,Not an Intersection,No fue interseccion,Sobre calle,Ninguna,Dia total,Despejado,No,NO APLICA,99,99,99,99,1,16/06/2022,2
48,Texas,481798,0,0,2,0,139,ELLIS (139),3430,ITALY,5,Mayo,28,2022,2,30,I-35E/PURPLE HEART TRL,1,Interestatal,Rural,Interestatal,State Highway Agency,1,Sin jurisdiccion especial,55,32.17275278,-96.91167778,Vehiculo en movimiento,Frente a frente,Not an Intersection,No fue interseccion,Sobre calle,Ninguna,Oscuro sin iluminacion,Despejado,No,NO APLICA,99,99,99,99,1,28/05/2022,3
48,Texas,481799,1,1,1,0,141,EL PASO (141),2190,EL PASO,6,Junio,15,2022,21,40,I-10,1,Interestatal,Urbano,Interestatal,State Highway Agency,1,Sin jurisdiccion especial,296,31.75451667,-106.348575,Peaton,El primer evento no fue una colision con un vehiculo automotor en transporte,Not an Intersection,No fue interseccion,Sobre calle,Ninguna,Oscuro con iluminacion,Despejado,No,NO APLICA,99,98,99,98,1,15/06/2022,3
48,Texas,481800,1,1,1,0,453,TRAVIS (453),330,AUSTIN,6,Junio,25,2022,23,44,I-35,7,Calle Local,Urbano,Colector Mayor,State Highway Agency,0,Sin jurisdiccion especial,106,30.171925,-97.78237778,Peaton,El primer evento no fue una colision con un vehiculo automotor en transporte,Not an Intersection,No fue interseccion,Sobre Acotamiento,Ninguna,Oscuro con iluminacion,Despejado,No,NO APLICA,99,98,99,98,1,25/06/2022,1
48,Texas,481801,1,1,2,0,201,HARRIS (201),3280,HOUSTON,6,Junio,27,2022,1,18,I-45,1,Interestatal,Urbano,Interestatal,State Highway Agency,1,Sin jurisdiccion especial,314,29.86077222,-95.40299444,Peaton,El primer evento no fue una colision con un vehiculo automotor en transporte,Not an Intersection,No fue interseccion,Sobre calle,Ninguna,Oscuro con iluminacion,Despejado,No,NO APLICA,99,99,99,99,1,27/06/2022,2
48,Texas,481802,0,0,2,0,201,HARRIS (201),4655,MISSOURI CITY,6,Junio,13,2022,12,7,SR-8/SAM HOUSTON TLWY,3,Highway estatal,Urbano,Arterial Principal -Freeway o ExpressWay,State Toll Road,1,Sin jurisdiccion especial,2,29.62794722,-95.52004444,Barrera de Trafico de Concreto,El primer evento no fue una colision con un vehiculo automotor en transporte,Not an Intersection,No fue interseccion,Separador,Ninguna,Dia total,Despejado,No,NO APLICA,99,98,99,98,1,13/06/2022,3
48,Texas,481804,1,1,1,0,157,FORT BEND (157),0,NO APLICA,6,Junio,21,2022,13,37,FM 1463,8,Otro,Urbano,Arteria Menor,Not Reported,0,Sin jurisdiccion especial,23,29.76875556,-95.83993056,Peaton,El primer evento no fue una colision con un vehiculo automotor en transporte,Not an Intersection,No fue interseccion,Sobre calle,Construccion,Dia total,Despejado,No,NO APLICA,99,99,99,99,1,21/06/2022,1
48,Texas,481805,1,1,1,0,201,HARRIS (201),3280,HOUSTON,5,Mayo,12,2022,22,49,EMANCIPATION AVEDOWLING ST,6,Calle Local Municipalidad,Urbano,Arteria Menor,Not Reported,0,Sin jurisdiccion especial,0,29.74165833,-95.35930833,Peaton,El primer evento no fue una colision con un vehiculo automotor en transporte,Not an Intersection,No fue interseccion,Sobre calle,Ninguna,Oscuro con iluminacion,Despejado,No,NO APLICA,99,99,99,99,1,12/05/2022,1
48,Texas,481806,0,0,2,1,29,BEXAR (29),6090,SAN ANTONIO,6,Junio,24,2022,3,35,RANKIN ST,6,Calle Local Municipalidad,Urbano,Local,Not Reported,0,Sin jurisdiccion especial,0,29.363875,-98.54755556,Vehiculo Aparcado,El primer evento no fue una colision con un vehiculo automotor en transporte,Not an Intersection,No fue interseccion,En estacionamiento,Ninguna,Oscuro sin iluminacion,Despejado,No,NO APLICA,99,99,99,99,1,24/06/2022,1
48,Texas,481807,0,0,2,0,479,WEBB (479),3899,LAREDO,6,Junio,10,2022,22,38,MARKET ST,6,Calle Local Municipalidad,Urbano,Arteria Menor,Not Reported,0,Sin jurisdiccion especial,0,27.50381944,-99.48560556,Vehiculo en movimiento,Angulo,Four-Way Intersection,Interseccion de 4 direcciones,Sobre calle,Ninguna,Oscuro sin iluminacion,Despejado,No,NO APLICA,99,98,99,98,1,10/06/2022,3
48,Texas,481808,0,0,1,0,467,VAN ZANDT (467),0,NO APLICA,6,Junio,23,2022,2,10,FM 17,8,Otro,Rural,Colector Mayor,Not Reported,0,Sin jurisdiccion especial,63,32.61363889,-95.79474722,Barda,El primer evento no fue una colision con un vehiculo automotor en transporte,Not an Intersection,No fue interseccion,Fuera de la calle,Ninguna,Oscuro sin iluminacion,Despejado,No,NO APLICA,99,99,99,99,1,23/06/2022,2
48,Texas,481809,0,0,2,0,329,MIDLAND (329),4560,MIDLAND,6,Junio,19,2022,17,46,BI-20E/FRONT ST,8,Otro,Urbano,Colector Mayor,Not Reported,0,Sin jurisdiccion especial,13,31.98064167,-102.1044944,Vehiculo en movimiento,Frente a frente,Not an Intersection,No fue interseccion,Sobre calle,Ninguna,Dia total,Despejado,No,NO APLICA,99,98,99,98,1,19/06/2022,3
48,Texas,481810,0,0,1,0,309,MCLENNAN (309),545,BELLMEAD,6,Junio,24,2022,12,57,US-84/BELLMEAD DR,2,US Highway,Urbano,Arteria Principal,Not Reported,1,Sin jurisdiccion especial,27,31.60466944,-97.08097222,Volcadura,El primer evento no fue una colision con un vehiculo automotor en transporte,Not an Intersection,No fue interseccion,Sobre calle,Ninguna,Dia total,Despejado,No,NO APLICA,99,99,99,99,1,24/06/2022,1
48,Texas,481811,0,0,1,0,113,DALLAS (113),2010,DUNCANVILLE,6,Junio,27,2022,1,23,ACTON AVE,6,Calle Local Municipalidad,Urbano,Colector Mayor,Not Reported,0,Sin jurisdiccion especial,0,32.63984722,-96.901025,Arbol,El primer evento no fue una colision con un vehiculo automotor en transporte,Not an Intersection,No fue interseccion,Sobre el lado de la calle,Ninguna,Oscuro con iluminacion,Despejado,No,NO APLICA,99,99,99,99,1,27/06/2022,3
48,Texas,481812,0,0,2,0,3,ANDREWS (3),0,NO APLICA,6,Junio,5,2022,13,18,SR-115,3,Highway estatal,Rural,Arteria Menor,Not Reported,0,Sin jurisdiccion especial,154,32.18201944,-102.7487417,Vehiculo en movimiento,Angulo,T-Intersection,Interseccion de T,Sobre calle,Ninguna,Dia total,Despejado,No,NO APLICA,99,99,99,99,1,05/06/2022,2
48,Texas,481813,0,0,2,0,449,TITUS (449),0,NO APLICA,6,Junio,14,2022,15,22,US-67,2,US Highway,Urbano,Arteria Menor,State Highway Agency,0,Sin jurisdiccion especial,29,33.16376944,-95.01906389,Estructura de puente overhead,El primer evento no fue una colision con un vehiculo automotor en transporte,Not an Intersection,No fue interseccion,Sobre calle,Ninguna,Dia total,Despejado,No,NO APLICA,99,98,99,98,1,14/06/2022,2
48,Texas,481814,1,1,1,0,303,LUBBOCK (303),4140,LUBBOCK,6,Junio,23,2022,22,43,MARTIN LUTHER KING JR BLVD,6,Calle Local Municipalidad,Urbano,Arteria Menor,Not Reported,0,Sin jurisdiccion especial,0,33.52526944,-101.8183694,No vehiculo o remolque,El primer evento no fue una colision con un vehiculo automotor en transporte,Not an Intersection,No fue interseccion,Sobre calle,Ninguna,Oscuro con iluminacion,Despejado,No,NO APLICA,99,98,99,98,1,23/06/2022,1
48,Texas,481815,0,0,2,0,29,BEXAR (29),0,NO APLICA,6,Junio,26,2022,1,55,SR-1604 LP,3,Highway estatal,Urbano,Arteria Menor,Not Reported,0,Sin jurisdiccion especial,412,29.22791667,-98.56092778,Vehiculo en movimiento,Frente a frente,Not an Intersection,No fue interseccion,Sobre calle,Ninguna,Oscuro sin iluminacion,Despejado,No,NO APLICA,99,99,99,99,2,26/06/2022,5
48,Texas,481816,0,0,2,0,453,TRAVIS (453),0,NO APLICA,6,Junio,21,2022,16,47,FM 973,8,Otro,Rural,Arteria Menor,Not Reported,0,Sin jurisdiccion especial,30,30.43489167,-97.49430278,Vehiculo en movimiento,Angulo,T-Intersection,Interseccion de T,Sobre calle,Ninguna,Dia total,Nublado,No,NO APLICA,99,98,99,98,2,21/06/2022,3
48,Texas,481817,0,0,2,0,29,BEXAR (29),7205,VON ORMY,6,Junio,26,2022,4,16,I-35/PURPLE HEART TRL,1,Interestatal,Urbano,Interestatal,State Highway Agency,1,Sin jurisdiccion especial,92,29.285875,-98.65092778,Vehiculo en movimiento,Frente a frente,Not an Intersection,No fue interseccion,Sobre calle,Ninguna,Oscuro sin iluminacion,Despejado,No,NO APLICA,99,99,99,99,1,26/06/2022,2
48,Texas,481818,0,0,2,0,29,BEXAR (29),6090,SAN ANTONIO,6,Junio,25,2022,20,58,FM 1957,8,Otro,Urbano,Arteria Principal,Not Reported,0,Sin jurisdiccion especial,51,29.43203056,-98.72625,Vehiculo en movimiento,Frente a frente,T-Intersection,Interseccion de T,Sobre calle,Ninguna,Oscuro con iluminacion,Despejado,No,NO APLICA,99,99,99,99,1,25/06/2022,3
48,Texas,481819,0,0,2,0,85,COLLIN (85),5390,PLANO,5,Mayo,31,2022,13,4,LEGACY DR,6,Calle Local Municipalidad,Urbano,Arteria Menor,Not Reported,0,Sin jurisdiccion especial,0,33.06810278,-96.69849722,Vehiculo en movimiento,Frente a frente,Four-Way Intersection,Interseccion de 4 direcciones,Sobre calle,Ninguna,Dia total,Despejado,No,NO APLICA,99,99,99,99,1,31/05/2022,2
48,Texas,481820,0,0,2,0,73,CHEROKEE (73),3470,JACKSONVILLE,6,Junio,22,2022,15,45,SR-135/PINE ST,3,Highway estatal,Urbano,Arteria Menor,Not Reported,0,Sin jurisdiccion especial,151,31.97686667,-95.25852222,Vehiculo en movimiento,Angulo,Four-Way Intersection,Interseccion de 4 direcciones,Sobre calle,Ninguna,Dia total,Nublado,No,NO APLICA,99,99,99,99,1,22/06/2022,2
48,Texas,481822,0,0,1,0,113,DALLAS (113),1730,DALLAS,6,Junio,26,2022,14,0,JORDAN VALLEY RD,6,Calle Local Municipalidad,Urbano,Colector Mayor,Not Reported,0,Sin jurisdiccion especial,0,32.65287778,-96.65043056,Volcadura,El primer evento no fue una colision con un vehiculo automotor en transporte,L-Intersection,Interseccion en L,Sobre el lado de la calle,Ninguna,Dia total,Despejado,No,NO APLICA,99,99,99,99,1,26/06/2022,2
48,Texas,481823,0,0,2,0,121,DENTON (121),1840,DENTON,6,Junio,26,2022,19,24,MEADOW ST,6,Calle Local Municipalidad,Urbano,Local,Not Reported,0,Sin jurisdiccion especial,0,33.20058056,-97.1342,Otro objeto (fijo),El primer evento no fue una colision con un vehiculo automotor en transporte,Not an Intersection,No fue interseccion,Fuera de la calle,Ninguna,Dia total,Despejado,No,NO APLICA,99,99,99,99,1,26/06/2022,2
48,Texas,481824,0,0,2,0,113,DALLAS (113),1730,DALLAS,6,Junio,29,2022,16,15,I-35 E,1,Interestatal,Urbano,Interestatal,State Highway Agency,1,Sin jurisdiccion especial,282,32.90721944,-96.89806944,Vehiculo en movimiento,Frente a Detrás,Not an Intersection,No fue interseccion,Sobre calle,Ninguna,Dia total,Despejado,No,NO APLICA,99,99,99,99,2,29/06/2022,3
48,Texas,481825,0,0,1,0,67,CASS (67),0,NO APLICA,6,Junio,26,2022,11,59,SR-77,3,Highway estatal,Rural,Arteria Menor,Not Reported,0,Sin jurisdiccion especial,24,33.20479167,-94.62808611,Arbol,El primer evento no fue una colision con un vehiculo automotor en transporte,Not an Intersection,No fue interseccion,Fuera de la calle,Ninguna,Dia total,Despejado,No,NO APLICA,99,98,99,98,1,26/06/2022,1
48,Texas,481826,0,0,1,0,339,MONTGOMERY (339),0,NO APLICA,6,Junio,25,2022,3,50,SR-99/CR-RILEY FUZZEL RD,7,Calle Local,Urbano,Colector Mayor,Not Reported,0,Sin jurisdiccion especial,99998,30.12803333,-95.36466944,Banqueta,El primer evento no fue una colision con un vehiculo automotor en transporte,Not an Intersection,No fue interseccion,Sobre el lado de la calle,Ninguna,Oscuro sin iluminacion,Nublado,No,NO APLICA,99,99,99,99,1,25/06/2022,1
48,Texas,481827,0,0,1,0,449,TITUS (449),0,NO APLICA,6,Junio,15,2022,16,8,FM 71,8,Otro,Rural,Colector Mayor,Not Reported,0,Sin jurisdiccion especial,92,33.34967222,-94.96929722,Arbol,El primer evento no fue una colision con un vehiculo automotor en transporte,Not an Intersection,No fue interseccion,Fuera de la calle,Ninguna,Dia total,Despejado,No,NO APLICA,99,98,99,98,1,15/06/2022,1
48,Texas,481828,1,1,2,0,61,CAMERON (61),3030,HARLINGEN,6,Junio,23,2022,17,59,I-69,1,Interestatal,Urbano,Interestatal,State Highway Agency,1,Sin jurisdiccion especial,135,26.19865,-97.720925,Peaton,El primer evento no fue una colision con un vehiculo automotor en transporte,Not an Intersection,No fue interseccion,Sobre calle,Ninguna,Dia total,Despejado,No,NO APLICA,99,98,99,98,1,23/06/2022,2
48,Texas,481829,0,0,2,0,303,LUBBOCK (303),4140,LUBBOCK,5,Mayo,16,2022,17,1,BOSTON AVE,6,Calle Local Municipalidad,Urbano,Local,Not Reported,0,Sin jurisdiccion especial,0,33.59505556,-101.8747611,Vehiculo en movimiento,Angulo,Four-Way Intersection,Interseccion de 4 direcciones,Sobre calle,Ninguna,Dia total,Despejado,No,NO APLICA,99,99,99,99,1,16/05/2022,2
48,Texas,481830,0,0,2,0,339,MONTGOMERY (339),0,NO APLICA,6,Junio,16,2022,23,30,I-69,7,Calle Local,Urbano,Colector Mayor,State Highway Agency,0,Sin jurisdiccion especial,49,30.11027222,-95.23515833,Vehiculo en movimiento,Frente a Detrás,Not an Intersection,No fue interseccion,Sobre calle,Ninguna,Oscuro sin iluminacion,Despejado,No,NO APLICA,99,99,99,99,1,16/06/2022,2
48,Texas,481833,1,1,2,0,29,BEXAR (29),6090,SAN ANTONIO,6,Junio,11,2022,3,0,I-35,7,Calle Local,Urbano,Arteria Menor,State Highway Agency,0,Sin jurisdiccion especial,308,29.48749444,-98.4021,Vehiculo en movimiento,Golpe Lateral - misma direccion,Not an Intersection,No fue interseccion,Sobre calle,Ninguna,Oscuro con iluminacion,Despejado,No,NO APLICA,99,99,99,99,1,11/06/2022,3
48,Texas,481834,0,0,3,0,201,HARRIS (201),3280,HOUSTON,5,Mayo,31,2022,23,43,HARWIN DR,6,Calle Local Municipalidad,Urbano,Arteria Principal,Not Reported,0,Sin jurisdiccion especial,0,29.71776944,-95.51991944,Vehiculo en movimiento,Angulo,Four-Way Intersection,Interseccion de 4 direcciones,Sobre calle,Ninguna,Oscuro con iluminacion,Despejado,No,NO APLICA,99,98,99,98,1,31/05/2022,4
48,Texas,481835,1,1,1,0,453,TRAVIS (453),330,AUSTIN,6,Junio,29,2022,3,54,SR-1,3,Highway estatal,Urbano,Arterial Principal -Freeway o ExpressWay,Not Reported,1,Sin jurisdiccion especial,48,30.41270278,-97.70864167,Otro objeto (no fijo),El primer evento no fue una colision con un vehiculo automotor en transporte,Not an Intersection,No fue interseccion,Fuera de la calle,Construccion,Oscuro con iluminacion,Despejado,No,NO APLICA,99,99,99,99,1,29/06/2022,1
48,Texas,481836,0,0,1,0,27,BELL (27),3027,HARKER HEIGHTS,6,Junio,20,2022,1,54,I-14E/US-190,1,Interestatal,Urbano,Interestatal,State Highway Agency,1,Sin jurisdiccion especial,99998,31.08114444,-97.64531667,Poste de Señal de trafico,El primer evento no fue una colision con un vehiculo automotor en transporte,Not an Intersection,No fue interseccion,Gore?,Construccion,Oscuro sin iluminacion,Despejado,No,NO APLICA,99,98,99,98,1,20/06/2022,1
48,Texas,481837,1,1,1,0,409,SAN PATRICIO (409),6400,SINTON,6,Junio,13,2022,9,1,US-181/SINTON ST,2,US Highway,Urbano,Arteria Menor,Not Reported,0,Sin jurisdiccion especial,29,28.03656111,-97.50918611,Ciclista,El primer evento no fue una colision con un vehiculo automotor en transporte,Four-Way Intersection,Interseccion de 4 direcciones,Sobre calle,Ninguna,Dia total,Despejado,No,NO APLICA,99,99,99,99,1,13/06/2022,1
48,Texas,481838,0,0,1,0,121,DENTON (121),0,NO APLICA,6,Junio,21,2022,9,40,FM 428,8,Otro,Rural,Colector Mayor,Not Reported,0,Sin jurisdiccion especial,36,33.29628889,-96.83801944,Volcadura,El primer evento no fue una colision con un vehiculo automotor en transporte,Not an Intersection,No fue interseccion,Fuera de la calle,Ninguna,Dia total,Despejado,No,NO APLICA,99,99,99,99,1,21/06/2022,1
48,Texas,481839,0,0,1,0,395,ROBERTSON (395),0,NO APLICA,6,Junio,28,2022,22,15,FM 46,8,Otro,Rural,Colector Mayor,Not Reported,0,Sin jurisdiccion especial,59,30.96336111,-96.427375,Buzon de correo,El primer evento no fue una colision con un vehiculo automotor en transporte,Not an Intersection,No fue interseccion,Sobre el lado de la calle,Ninguna,Oscuro sin iluminacion,Despejado,No,NO APLICA,99,98,99,98,1,28/06/2022,1
48,Texas,481840,1,1,1,0,485,WICHITA (485),7490,WICHITA FALLS,6,Junio,23,2022,0,25,FM 369,8,Otro,Urbano,Arteria Principal,Not Reported,1,Sin jurisdiccion especial,77,33.85795556,-98.56091389,Peaton,El primer evento no fue una colision con un vehiculo automotor en transporte,Four-Way Intersection,Interseccion de 4 direcciones,Sobre calle,Ninguna,Oscuro con iluminacion,Despejado,No,NO APLICA,99,99,99,99,1,23/06/2022,1
48,Texas,481841,0,0,2,0,485,WICHITA (485),0,NO APLICA,6,Junio,21,2022,10,50,FM 369,8,Otro,Rural,Arteria Menor,Not Reported,0,Sin jurisdiccion especial,156,33.92138611,-98.60323056,Vehiculo en movimiento,Angulo,Four-Way Intersection,Interseccion de 4 direcciones,Sobre calle,Ninguna,Dia total,Despejado,No,NO APLICA,99,98,99,98,1,21/06/2022,3
48,Texas,481843,0,0,2,0,257,KAUFMAN (257),9997,Other,6,Junio,30,2022,8,10,I-20,1,Interestatal,Urbano,Interestatal,State Highway Agency,1,Sin jurisdiccion especial,70,32.69618611,-96.40124722,Vehiculo en movimiento,Frente a Detrás,Not an Intersection,No fue interseccion,Sobre calle,Ninguna,Dia total,Despejado,No,NO APLICA,99,98,99,98,1,30/06/2022,2
48,Texas,481844,0,0,2,0,329,MIDLAND (329),0,NO APLICA,6,Junio,16,2022,15,40,BI 35,8,Otro,Urbano,Arteria Principal,Not Reported,1,Sin jurisdiccion especial,78,31.94396389,-102.1751861,Vehiculo en movimiento,Angulo,Not an Intersection,No fue interseccion,Sobre calle,Ninguna,Dia total,Despejado,No,NO APLICA,99,98,99,98,1,16/06/2022,2
48,Texas,481845,0,0,2,0,51,BURLESON (51),1070,CALDWELL,6,Junio,22,2022,18,3,STATE HWY 36 HWY,6,Calle Local Municipalidad,Rural,Arteria Principal,Not Reported,1,Sin jurisdiccion especial,0,30.52034444,-96.68547778,Soporte de Puente,El primer evento no fue una colision con un vehiculo automotor en transporte,Not an Intersection,No fue interseccion,Sobre el lado de la calle,Ninguna,Dia total,Despejado,No,NO APLICA,99,99,99,99,1,22/06/2022,3
48,Texas,481846,0,0,2,0,29,BEXAR (29),6090,SAN ANTONIO,6,Junio,30,2022,22,19,I-410,1,Interestatal,Urbano,Interestatal,State Highway Agency,1,Sin jurisdiccion especial,378,29.37022778,-98.39534167,Vehiculo en movimiento,Golpe Lateral - misma direccion,Not an Intersection,No fue interseccion,Sobre calle,Ninguna,Oscuro con iluminacion,Despejado,No,NO APLICA,99,98,99,98,1,30/06/2022,2