Estado,Nombre de Estado,Numero de Caso,Peatones,Personas _no_vehiculos,Vehiculos automotores,Vehiculos estacionados,Condado,Nombre Condado,Ciudad,Nombre Ciudad,Mes,Nombre Mes,Dia,Año,Hora,Minuto,Calle,Ruta,Nombre Ruta,Rural o Urbanoo,Sistema Funcional,Dueño Calle,Sistema Nacional Carreteras,Jurisdiccion Especial,Milla,Latitud,Longitud,Causa del Accidente,Tipo de Accidente,Tipo Interseccion,Columna1,Lugar en la calle,Zona de Trabajo,Luz,Clima,Autobus Escolar,Cruce de Trenes,Hora Notificacion,Minuto Notificacion,Hora Llegada,Minuto Llegada,Decesos,Fecha,PersonaVehiculo
48,Texas,481847,0,0,2,0,201,HARRIS (201),3280,HOUSTON,6,Junio,11,2022,22,11,HOMESTEAD RD,6,Calle Local Municipalidad,Urbano,Arteria Menor,Not Reported,0,Sin jurisdiccion especial,0,29.87628333,-95.3007,Vehiculo en movimiento,Angulo,Not an Intersection,No fue interseccion,Sobre calle,Ninguna,Oscuro sin iluminacion,Despejado,No,NO APLICA,99,98,99,98,2,11/06/2022,3
48,Texas,481848,0,0,1,0,201,HARRIS (201),3280,HOUSTON,6,Junio,18,2022,2,15,I-45 SVRD/GULF FWY,7,Calle Local,Urbano,Colector Mayor,Not Reported,0,Sin jurisdiccion especial,75,29.59523889,-95.19333333,Banqueta,El primer evento no fue una colision con un vehiculo automotor en transporte,Not an Intersection,No fue interseccion,Gore?,Ninguna,Oscuro con iluminacion,Despejado,No,NO APLICA,99,99,99,99,1,18/06/2022,1
48,Texas,481849,0,0,3,0,135,ECTOR (135),0,NO APLICA,6,Junio,22,2022,1,37,SR-302,3,Highway estatal,Rural,Arteria Menor,Not Reported,0,Sin jurisdiccion especial,104,31.899175,-102.5863556,Vehiculo en movimiento,Angulo,Four-Way Intersection,Interseccion de 4 direcciones,Sobre calle,Ninguna,Oscuro con iluminacion,Despejado,No,NO APLICA,99,98,99,98,1,22/06/2022,3
48,Texas,481850,0,0,1,0,231,HUNT (231),0,NO APLICA,6,Junio,28,2022,21,20,SR-34,3,Highway estatal,Rural,Colector Mayor,Not Reported,0,Sin jurisdiccion especial,130,33.20538333,-96.10146667,Animal vivo,El primer evento no fue una colision con un vehiculo automotor en transporte,Not an Intersection,No fue interseccion,Sobre calle,Ninguna,Oscuro sin iluminacion,Despejado,No,NO APLICA,99,99,99,99,1,28/06/2022,2
48,Texas,481851,0,0,2,0,135,ECTOR (135),5030,ODESSA,7,Julio,3,2022,7,25,GRANDVIEW AVE,6,Calle Local Municipalidad,Urbano,Arteria Principal,Not Reported,0,Sin jurisdiccion especial,0,31.92039444,-102.3612583,Vehiculo en movimiento,Frente a frente,Not an Intersection,No fue interseccion,Sobre calle,Ninguna,Dia total,Despejado,No,NO APLICA,99,99,99,99,1,03/07/2022,3
48,Texas,481852,1,1,1,0,135,ECTOR (135),0,NO APLICA,6,Junio,18,2022,2,35,SR-338 LOOP,3,Highway estatal,Urbano,Arteria Principal,Not Reported,1,Sin jurisdiccion especial,344,31.81171111,-102.2935083,Peaton,El primer evento no fue una colision con un vehiculo automotor en transporte,Not an Intersection,No fue interseccion,Sobre calle,Ninguna,Oscuro sin iluminacion,Despejado,No,NO APLICA,99,98,99,98,1,18/06/2022,1
48,Texas,481853,1,1,1,0,85,COLLIN (85),200,ANNA,7,Julio,2,2022,10,11,US-75,2,US Highway,Urbano,Interestatal,State Highway Agency,1,Sin jurisdiccion especial,35,33.34857222,-96.58612778,Peaton,El primer evento no fue una colision con un vehiculo automotor en transporte,Not an Intersection,No fue interseccion,Sobre calle,Ninguna,Dia total,Despejado,No,NO APLICA,99,98,99,98,1,02/07/2022,1
48,Texas,481854,0,0,2,0,309,MCLENNAN (309),7210,WACO,6,Junio,30,2022,5,30,FM 3223/ IMPERIAL DR,8,Otro,Urbano,Arteria Menor,Not Reported,0,Sin jurisdiccion especial,64,31.49898889,-97.19323056,Vehiculo en movimiento,Frente a frente,Not an Intersection,No fue interseccion,Sobre calle,Ninguna,Oscuro con iluminacion,Despejado,No,NO APLICA,99,99,99,99,1,30/06/2022,2
48,Texas,481855,0,0,1,0,97,COOKE (97),0,NO APLICA,6,Junio,20,2022,16,53,US-82,2,US Highway,Rural,Arteria Principal,State Highway Agency,1,Sin jurisdiccion especial,292,33.648625,-96.98671667,Arbol,El primer evento no fue una colision con un vehiculo automotor en transporte,Not an Intersection,No fue interseccion,Sobre el lado de la calle,Ninguna,Dia total,Despejado,No,NO APLICA,99,98,99,98,1,20/06/2022,1
48,Texas,481856,0,0,1,0,97,COOKE (97),0,NO APLICA,7,Julio,3,2022,3,15,FM 372,8,Otro,Rural,Colector Mayor,Not Reported,0,Sin jurisdiccion especial,73,33.54358889,-97.070775,Volcadura,El primer evento no fue una colision con un vehiculo automotor en transporte,Not an Intersection,No fue interseccion,Sobre calle,Ninguna,Oscuro sin iluminacion,Despejado,No,NO APLICA,99,98,99,98,1,03/07/2022,1
48,Texas,481857,0,0,1,0,359,OLDHAM (359),0,NO APLICA,6,Junio,25,2022,12,3,I-40,1,Interestatal,Rural,Interestatal,State Highway Agency,1,Sin jurisdiccion especial,133,35.26501944,-102.5371111,Volcadura,El primer evento no fue una colision con un vehiculo automotor en transporte,Not an Intersection,No fue interseccion,Sobre calle,Ninguna,Dia total,Despejado,No,NO APLICA,99,99,99,99,1,25/06/2022,2
48,Texas,481858,0,0,1,0,173,GLASSCOCK (173),0,NO APLICA,6,Junio,23,2022,13,34,SR-158,3,Highway estatal,Rural,Arteria Principal,Not Reported,1,Sin jurisdiccion especial,11,31.90714444,-101.7744528,Volcadura,El primer evento no fue una colision con un vehiculo automotor en transporte,Not an Intersection,No fue interseccion,Sobre el lado de la calle,Ninguna,Dia total,Despejado,No,NO APLICA,99,98,99,98,1,23/06/2022,1
48,Texas,481859,0,0,1,0,201,HARRIS (201),6247,SEABROOK,7,Julio,4,2022,2,44,SR-NASA PKWY,3,Highway estatal,Urbano,Arteria Principal,Not Reported,1,Sin jurisdiccion especial,102,29.55965833,-95.03896944,Banqueta,El primer evento no fue una colision con un vehiculo automotor en transporte,Not an Intersection,No fue interseccion,Sobre el lado de la calle,Ninguna,Oscuro con iluminacion,Despejado,No,NO APLICA,99,99,99,99,1,04/07/2022,1
48,Texas,481860,0,0,2,0,157,FORT BEND (157),4655,MISSOURI CITY,7,Julio,4,2022,0,33,SR-6,3,Highway estatal,Urbano,Arteria Principal,Not Reported,1,Sin jurisdiccion especial,114,29.52526944,-95.49558611,Vehiculo en movimiento,Frente a frente,Four-Way Intersection,Interseccion de 4 direcciones,Sobre calle,Ninguna,Oscuro con iluminacion,Despejado,No,NO APLICA,99,99,99,99,1,04/07/2022,3
48,Texas,481861,0,0,1,0,85,COLLIN (85),1260,CELINA,6,Junio,30,2022,23,29,FM 455,8,Otro,Rural,Arteria Menor,Not Reported,0,Sin jurisdiccion especial,20,33.36639722,-96.832425,Acotamiento,El primer evento no fue una colision con un vehiculo automotor en transporte,Not an Intersection,No fue interseccion,Sobre el lado de la calle,Ninguna,Oscuro sin iluminacion,Despejado,No,NO APLICA,99,99,99,99,1,30/06/2022,1
48,Texas,481862,0,0,1,0,227,HOWARD (227),640,BIG SPRING,6,Junio,25,2022,23,19,BI-20 4TH ST,8,Otro,Urbano,Arteria Principal,Not Reported,1,Sin jurisdiccion especial,147,32.25763611,-101.4595111,Volcadura,El primer evento no fue una colision con un vehiculo automotor en transporte,Not an Intersection,No fue interseccion,Sobre el lado de la calle,Ninguna,Oscuro con iluminacion,Despejado,No,NO APLICA,99,98,99,98,1,25/06/2022,1
48,Texas,481863,0,0,3,0,85,COLLIN (85),4230,MCKINNEY,6,Junio,24,2022,19,0,US-380/UNIVERSITY DR,2,US Highway,Urbano,Arteria Principal,Not Reported,1,Sin jurisdiccion especial,47,33.21895278,-96.72216944,Vehiculo en movimiento,Frente a Detrás,T-Intersection,Interseccion de T,Sobre calle,Ninguna,Dia total,Despejado,No,NO APLICA,99,99,99,99,2,24/06/2022,6
48,Texas,481864,0,0,1,0,223,HOPKINS (223),0,NO APLICA,6,Junio,22,2022,16,32,I-30,1,Interestatal,Rural,Interestatal,State Highway Agency,1,Sin jurisdiccion especial,265,33.15501111,-95.42670556,Fin de valla,El primer evento no fue una colision con un vehiculo automotor en transporte,Not an Intersection,No fue interseccion,En el medio,Construccion,Dia total,Despejado,No,NO APLICA,99,98,99,98,1,22/06/2022,1
48,Texas,481865,0,0,3,0,201,HARRIS (201),0,NO APLICA,6,Junio,17,2022,12,55,LAKE HOUSTON PKWY,6,Calle Local Municipalidad,Urbano,Arteria Menor,Not Reported,0,Sin jurisdiccion especial,0,30.00165278,-95.16334444,Vehiculo en movimiento,Angulo,Not an Intersection,No fue interseccion,Sobre calle,Ninguna,Dia total,Despejado,No,NO APLICA,99,99,99,99,1,17/06/2022,3
48,Texas,481866,1,1,1,0,201,HARRIS (201),3280,HOUSTON,6,Junio,27,2022,4,0,GENOA RED BLUFF RD,6,Calle Local Municipalidad,Urbano,Arteria Menor,Not Reported,0,Sin jurisdiccion especial,0,29.63049722,-95.17379722,Peaton,El primer evento no fue una colision con un vehiculo automotor en transporte,Not an Intersection,No fue interseccion,Sobre calle,Ninguna,Oscuro sin iluminacion,Despejado,No,NO APLICA,99,98,99,98,1,27/06/2022,1
48,Texas,481867,1,1,1,0,29,BEXAR (29),0,NO APLICA,6,Junio,7,2022,0,29,FM-1957POTRANCO RD,8,Otro,Urbano,Arteria Principal,Not Reported,0,Sin jurisdiccion especial,27,29.421525,-98.76339167,Ciclista,El primer evento no fue una colision con un vehiculo automotor en transporte,T-Intersection,Interseccion de T,Sobre el lado de la calle,Ninguna,Oscuro sin iluminacion,Nublado,No,NO APLICA,99,99,99,99,1,07/06/2022,1
48,Texas,481868,0,0,3,0,113,DALLAS (113),5730,RICHARDSON,6,Junio,27,2022,17,44,BOWSER RD,6,Calle Local Municipalidad,Urbano,Arteria Principal,Not Reported,0,Sin jurisdiccion especial,0,32.94841667,-96.71394722,Vehiculo en movimiento,Angulo,Four-Way Intersection,Interseccion de 4 direcciones,Sobre calle,Ninguna,Dia total,Despejado,No,NO APLICA,99,99,99,99,1,27/06/2022,8
48,Texas,481869,0,0,1,0,85,COLLIN (85),0,NO APLICA,6,Junio,19,2022,4,19,CR-WHISPERING MEADOWS DR,4,Calle del Condado,Trafficway Not in State Inventory,Via no en inventario estatal,Trafficway Not in State Inventory,0,Sin jurisdiccion especial,0,33.38049167,-96.737025,Volcadura,El primer evento no fue una colision con un vehiculo automotor en transporte,Not an Intersection,No fue interseccion,Sobre el lado de la calle,Ninguna,Oscuro sin iluminacion,Despejado,No,NO APLICA,99,98,99,98,1,19/06/2022,3
48,Texas,481870,0,0,2,0,439,TARRANT (439),260,ARLINGTON,6,Junio,26,2022,9,49,ARBROOK BLVD,6,Calle Local Municipalidad,Urbano,Arteria Menor,Not Reported,0,Sin jurisdiccion especial,0,32.68446111,-97.09500833,Vehiculo en movimiento,Angulo,Four-Way Intersection,Interseccion de 4 direcciones,Sobre calle,Ninguna,Dia total,Despejado,No,NO APLICA,99,99,99,99,1,26/06/2022,2
48,Texas,481871,0,0,2,0,339,MONTGOMERY (339),0,NO APLICA,6,Junio,18,2022,10,47,FM 1314,8,Otro,Urbano,Arteria Menor,Not Reported,0,Sin jurisdiccion especial,193,30.10810278,-95.25923889,Vehiculo en movimiento,Angulo,Not an Intersection,No fue interseccion,Sobre calle,Ninguna,Dia total,Despejado,No,NO APLICA,99,99,99,99,1,18/06/2022,2
48,Texas,481872,0,0,1,0,485,WICHITA (485),7490,WICHITA FALLS,6,Junio,28,2022,23,19,US-82 RAMP/KELL WEST BLVD,2,US Highway,Urbano,Arteria Menor,State Highway Agency,0,Sin jurisdiccion especial,99998,33.89980833,-98.49544444,Banqueta,El primer evento no fue una colision con un vehiculo automotor en transporte,Not an Intersection,No fue interseccion,Sobre el lado de la calle,Ninguna,Oscuro con iluminacion,Despejado,No,NO APLICA,99,99,99,99,2,28/06/2022,2
48,Texas,481873,0,0,1,0,363,PALO PINTO (363),0,NO APLICA,6,Junio,26,2022,7,43,US-281,2,US Highway,Rural,Arteria Menor,Not Reported,0,Sin jurisdiccion especial,220,32.68784722,-98.11175,Arbol,El primer evento no fue una colision con un vehiculo automotor en transporte,Not an Intersection,No fue interseccion,Fuera de la calle,Construccion,Reportada como desconocida,Despejado,No,NO APLICA,99,98,99,98,1,26/06/2022,1
48,Texas,481874,0,0,1,0,201,HARRIS (201),3280,HOUSTON,6,Junio,15,2022,17,30,SR-225/LA PORTE FWY,3,Highway estatal,Urbano,Arterial Principal -Freeway o ExpressWay,Not Reported,1,Sin jurisdiccion especial,18,29.70670278,-95.25016944,Volcadura,El primer evento no fue una colision con un vehiculo automotor en transporte,Not an Intersection,No fue interseccion,Sobre calle,Ninguna,Dia total,Despejado,No,NO APLICA,99,99,99,99,1,15/06/2022,6
48,Texas,481875,0,0,2,0,317,MARTIN (317),0,NO APLICA,6,Junio,18,2022,1,45,SR-349,3,Highway estatal,Rural,Arteria Principal,Not Reported,1,Sin jurisdiccion especial,34,32.32115833,-102.1711639,Vehiculo en movimiento,Angulo,Four-Way Intersection,Interseccion de 4 direcciones,Sobre calle,Ninguna,Oscuro con iluminacion,Despejado,No,NO APLICA,99,98,99,98,1,18/06/2022,2
48,Texas,481876,0,0,2,0,351,NEWTON (351),0,NO APLICA,6,Junio,28,2022,10,40,SR-87,3,Highway estatal,Rural,Arteria Menor,Not Reported,0,Sin jurisdiccion especial,0,30.34065556,-93.80518333,Vehiculo en movimiento,Detrás a Lado. ,T-Intersection,Interseccion de T,Sobre calle,Ninguna,Dia total,Despejado,No,NO APLICA,99,99,99,99,1,28/06/2022,2
48,Texas,481877,1,1,1,0,201,HARRIS (201),3280,HOUSTON,5,Mayo,30,2022,22,14,FM 1093/WESTHEIMER RD,8,Otro,Urbano,Arteria Principal,Not Reported,0,Sin jurisdiccion especial,123,29.73761389,-95.49113889,Ciclista,El primer evento no fue una colision con un vehiculo automotor en transporte,Not an Intersection,No fue interseccion,Sobre calle,Ninguna,Oscuro con iluminacion,Despejado,No,NO APLICA,99,99,99,99,1,30/05/2022,1
48,Texas,481878,0,0,3,0,201,HARRIS (201),3280,HOUSTON,6,Junio,17,2022,10,23,ALMEDA GENOA RD,6,Calle Local Municipalidad,Urbano,Arteria Menor,Not Reported,0,Sin jurisdiccion especial,0,29.61670556,-95.3726,Vehiculo en movimiento,Frente a frente,Not an Intersection,No fue interseccion,Sobre calle,Ninguna,Dia total,Despejado,No,NO APLICA,99,99,99,99,1,17/06/2022,4
48,Texas,481879,0,0,1,0,439,TARRANT (439),0,NO APLICA,7,Julio,1,2022,23,28,CR-NINE MILE BRIDGE RD,4,Calle del Condado,Urbano,Colector Mayor,Not Reported,0,Sin jurisdiccion especial,0,32.83818056,-97.49728333,Volcadura,El primer evento no fue una colision con un vehiculo automotor en transporte,Not an Intersection,No fue interseccion,Sobre calle,Ninguna,Oscuro sin iluminacion,Despejado,No,NO APLICA,99,98,99,98,1,01/07/2022,1
48,Texas,481880,0,0,2,0,277,LAMAR (277),0,NO APLICA,7,Julio,5,2022,15,20,FM 2820,8,Otro,Rural,Colector Mayor,Not Reported,0,Sin jurisdiccion especial,40,33.702875,-95.64040833,Vehiculo en movimiento,Frente a frente,Not an Intersection,No fue interseccion,Sobre el lado de la calle,Ninguna,Dia total,Despejado,No,NO APLICA,99,99,99,99,1,05/07/2022,2
48,Texas,481881,0,0,2,0,453,TRAVIS (453),330,AUSTIN,6,Junio,24,2022,2,58,I-35/PURPLE HEART TRL,1,Interestatal,Urbano,Interestatal,State Highway Agency,1,Sin jurisdiccion especial,259,30.37368889,-97.67815833,Vehiculo en movimiento,Frente a Detrás,Not an Intersection,No fue interseccion,Sobre calle,Ninguna,Oscuro con iluminacion,Despejado,No,NO APLICA,99,99,99,99,1,24/06/2022,2
48,Texas,481882,0,0,2,0,439,TARRANT (439),0,NO APLICA,6,Junio,28,2022,4,56,FM 1902,8,Otro,Urbano,Colector Mayor,Not Reported,0,Sin jurisdiccion especial,7,32.55677778,-97.42508889,Vehiculo en movimiento,Frente a frente,Not an Intersection,No fue interseccion,Sobre calle,Ninguna,Oscuro sin iluminacion,Despejado,No,NO APLICA,99,99,99,99,1,28/06/2022,2
48,Texas,481883,1,1,1,0,335,MITCHELL (335),0,NO APLICA,6,Junio,27,2022,19,45,I-20,1,Interestatal,Rural,Interestatal,State Highway Agency,1,Sin jurisdiccion especial,88,32.34618889,-101.0472306,Peaton,El primer evento no fue una colision con un vehiculo automotor en transporte,Not an Intersection,No fue interseccion,Fuera de la calle,Construccion,Atardecer,Despejado,No,NO APLICA,99,99,99,99,1,27/06/2022,3
48,Texas,481884,0,2,7,1,201,HARRIS (201),3280,HOUSTON,6,Junio,21,2022,18,15,TL 8 SAM HOUSTON TOLLWAY,8,Otro,Urbano,Arterial Principal -Freeway o ExpressWay,Not Reported,1,Sin jurisdiccion especial,20,29.64746667,-95.54321111,Vehiculo Aparcado,El primer evento no fue una colision con un vehiculo automotor en transporte,Not an Intersection,No fue interseccion,Gore?,Ninguna,Dia total,Despejado,No,NO APLICA,99,99,99,99,1,21/06/2022,11
48,Texas,481885,1,1,1,0,355,NUECES (355),1550,CORPUS CHRISTI,6,Junio,20,2022,23,45,FM 624/NORTHWEST BLVD,8,Otro,Urbano,Arteria Menor,Not Reported,0,Sin jurisdiccion especial,156,27.85656667,-97.63890278,No vehiculo o remolque,El primer evento no fue una colision con un vehiculo automotor en transporte,Not an Intersection,No fue interseccion,Sobre Acotamiento,Ninguna,Oscuro con iluminacion,Despejado,No,NO APLICA,99,98,99,98,1,20/06/2022,2
48,Texas,481886,0,0,3,0,355,NUECES (355),240,ARANSAS PASS,6,Junio,29,2022,23,24,SR-361/PORT ARANSAS CSWY,3,Highway estatal,Rural,Arteria Menor,Not Reported,0,Sin jurisdiccion especial,34,27.875,-97.09426944,Vehiculo en movimiento,Frente a frente,Not an Intersection,No fue interseccion,Sobre calle,Ninguna,Oscuro sin iluminacion,Despejado,No,NO APLICA,99,99,99,99,2,29/06/2022,3
48,Texas,481887,1,1,1,0,29,BEXAR (29),6090,SAN ANTONIO,6,Junio,25,2022,5,8,I-35/PURPLE HEART TRL,1,Interestatal,Urbano,Interestatal,State Highway Agency,1,Sin jurisdiccion especial,192,29.38071111,-98.51275,Peaton,El primer evento no fue una colision con un vehiculo automotor en transporte,Not an Intersection,No fue interseccion,Sobre calle,Ninguna,Oscuro - iluminacion desconocida,Nublado,No,NO APLICA,99,99,99,99,1,25/06/2022,2
48,Texas,481888,0,0,1,0,141,EL PASO (141),0,NO APLICA,7,Julio,4,2022,18,40,TANGERINE AVE,6,Calle Local Municipalidad,Urbano,Local,Not Reported,0,Sin jurisdiccion especial,0,31.82673333,-106.175475,Volcadura,El primer evento no fue una colision con un vehiculo automotor en transporte,Not an Intersection,No fue interseccion,Sobre el lado de la calle,Ninguna,Dia total,Despejado,No,NO APLICA,99,99,99,99,1,04/07/2022,3
48,Texas,481889,0,0,1,0,171,GILLESPIE (171),0,NO APLICA,7,Julio,4,2022,21,25,CR-OLD SAN ANTONIO RD,4,Calle del Condado,Rural,Local,Not Reported,0,Sin jurisdiccion especial,0,30.16852222,-98.82323611,Barda,El primer evento no fue una colision con un vehiculo automotor en transporte,Not an Intersection,No fue interseccion,Fuera de la calle,Ninguna,Oscuro sin iluminacion,Despejado,No,NO APLICA,99,98,99,98,1,04/07/2022,1
48,Texas,481890,1,1,1,0,201,HARRIS (201),3280,HOUSTON,7,Julio,4,2022,13,10,I-10/US-90/KATY FWY,1,Interestatal,Urbano,Interestatal,State Highway Agency,1,Sin jurisdiccion especial,139,29.78448333,-95.579375,Ciclista,El primer evento no fue una colision con un vehiculo automotor en transporte,Not an Intersection,No fue interseccion,Sobre calle,Ninguna,Dia total,Despejado,No,NO APLICA,99,98,99,98,1,04/07/2022,1
48,Texas,481891,0,0,1,0,37,BOWIE (37),0,NO APLICA,7,Julio,1,2022,14,24,US-59,2,US Highway,Rural,Arteria Principal,Not Reported,1,Sin jurisdiccion especial,166,33.34989167,-94.13968333,Valla Ferrocarril,El primer evento no fue una colision con un vehiculo automotor en transporte,Not an Intersection,No fue interseccion,En el medio,Ninguna,Dia total,Despejado,No,NO APLICA,99,98,99,98,1,01/07/2022,2
48,Texas,481892,0,0,2,0,201,HARRIS (201),0,NO APLICA,6,Junio,30,2022,12,20,GREENS RD,6,Calle Local Municipalidad,Urbano,Local,Not Reported,0,Sin jurisdiccion especial,0,29.95531111,-95.53091944,Banqueta,El primer evento no fue una colision con un vehiculo automotor en transporte,Not an Intersection,No fue interseccion,Sobre el lado de la calle,Ninguna,Dia total,Despejado,No,NO APLICA,99,99,99,99,1,30/06/2022,2
48,Texas,481893,1,1,1,0,29,BEXAR (29),6090,SAN ANTONIO,7,Julio,6,2022,21,11,MARTIN LUTHER KING DR,6,Calle Local Municipalidad,Urbano,Local,Not Reported,0,Sin jurisdiccion especial,0,29.41332778,-98.4461,Peaton,El primer evento no fue una colision con un vehiculo automotor en transporte,Not an Intersection,No fue interseccion,Sobre calle,Ninguna,Oscuro sin iluminacion,Despejado,No,NO APLICA,99,99,99,99,1,06/07/2022,1
48,Texas,481894,0,0,1,0,439,TARRANT (439),260,ARLINGTON,7,Julio,1,2022,23,34,I-20 RAMP,1,Interestatal,Urbano,Interestatal,State Highway Agency,1,Sin jurisdiccion especial,0,32.67666111,-97.06390278,Soporte de Puente,El primer evento no fue una colision con un vehiculo automotor en transporte,Not an Intersection,No fue interseccion,Sobre el lado de la calle,Ninguna,Oscuro con iluminacion,Despejado,No,NO APLICA,99,98,99,98,1,01/07/2022,1
48,Texas,481895,1,1,1,0,63,CAMP (63),0,NO APLICA,6,Junio,27,2022,21,25,US-271,2,US Highway,Rural,Arteria Principal,Not Reported,1,Sin jurisdiccion especial,28,33.03170278,-94.96173333,Peaton,El primer evento no fue una colision con un vehiculo automotor en transporte,Not an Intersection,No fue interseccion,Sobre calle,Ninguna,Oscuro - iluminacion desconocida,Despejado,No,NO APLICA,99,98,99,98,1,27/06/2022,2
48,Texas,481896,0,0,1,0,187,GUADALUPE (187),0,NO APLICA,7,Julio,5,2022,6,11,CR-WEIL RD,4,Calle del Condado,Urbano,Colector Mayor,Not Reported,0,Sin jurisdiccion especial,0,29.62785556,-98.14066389,Animal vivo,El primer evento no fue una colision con un vehiculo automotor en transporte,Not an Intersection,No fue interseccion,Sobre calle,Ninguna,Oscuro sin iluminacion,Despejado,No,NO APLICA,99,98,99,98,1,05/07/2022,1
48,Texas,481897,1,1,1,0,453,TRAVIS (453),0,NO APLICA,6,Junio,13,2022,1,0,BLUE BLUFF RD,6,Calle Local Municipalidad,Urbano,Colector Menor,Not Reported,0,Sin jurisdiccion especial,0,30.27488889,-97.61352222,Peaton,El primer evento no fue una colision con un vehiculo automotor en transporte,Not an Intersection,No fue interseccion,Sobre calle,Ninguna,Oscuro sin iluminacion,Despejado,No,NO APLICA,99,98,99,98,1,13/06/2022,1
48,Texas,481898,0,0,2,0,439,TARRANT (439),2450,FORT WORTH,7,Julio,4,2022,23,31,MCCART AVE,6,Calle Local Municipalidad,Urbano,Arteria Menor,Not Reported,0,Sin jurisdiccion especial,0,32.65956389,-97.35759722,Vehiculo en movimiento,Angulo,Four-Way Intersection,Interseccion de 4 direcciones,Sobre calle,Ninguna,Oscuro con iluminacion,Despejado,No,NO APLICA,99,99,99,99,1,04/07/2022,5
48,Texas,481899,0,0,1,0,13,ATASCOSA (13),0,NO APLICA,7,Julio,1,2022,7,6,CR-STRAWBERRY CITY RD,4,Calle del Condado,Rural,Local,Not Reported,0,Sin jurisdiccion especial,0,29.03541667,-98.48470278,Vehiculo Ferrocarril,El primer evento no fue una colision con un vehiculo automotor en transporte,Not an Intersection,No fue interseccion,Sobre calle,Ninguna,Dia total,Despejado,No,435398X,99,99,99,99,2,01/07/2022,5
48,Texas,481900,0,0,1,0,339,MONTGOMERY (339),0,NO APLICA,6,Junio,26,2022,0,23,SR-249,7,Calle Local,Urbano,Colector Mayor,Not Reported,0,Sin jurisdiccion especial,365,30.12194444,-95.64788611,Acotamiento,El primer evento no fue una colision con un vehiculo automotor en transporte,Not an Intersection,No fue interseccion,Sobre el lado de la calle,Ninguna,Oscuro con iluminacion,Despejado,No,NO APLICA,99,98,99,98,1,26/06/2022,1
48,Texas,481901,0,0,1,0,453,TRAVIS (453),330,AUSTIN,6,Junio,29,2022,18,45,SR-1 LOOP/MOPAC EXPY,3,Highway estatal,Urbano,Arterial Principal -Freeway o ExpressWay,Not Reported,1,Sin jurisdiccion especial,31,30.43453611,-97.69925833,Otro objeto (fijo),El primer evento no fue una colision con un vehiculo automotor en transporte,Not an Intersection,No fue interseccion,Separador,Ninguna,Dia total,Despejado,No,NO APLICA,99,99,99,99,1,29/06/2022,1
48,Texas,481902,1,1,1,0,113,DALLAS (113),2590,GARLAND,6,Junio,25,2022,21,39,SR-78/GARLAND AVE,3,Highway estatal,Urbano,Arteria Principal,Not Reported,1,Sin jurisdiccion especial,85,32.88971944,-96.65252222,Peaton,El primer evento no fue una colision con un vehiculo automotor en transporte,Not an Intersection,No fue interseccion,Sobre calle,Ninguna,Oscuro con iluminacion,Despejado,No,NO APLICA,99,99,99,99,1,25/06/2022,2
48,Texas,481903,0,0,4,0,21,BASTROP (21),0,NO APLICA,6,Junio,16,2022,11,59,SR-21,3,Highway estatal,Rural,Arteria Principal,Not Reported,1,Sin jurisdiccion especial,120,30.10695833,-97.44341667,Vehiculo en movimiento,Frente a frente,Not an Intersection,No fue interseccion,Sobre calle,Ninguna,Dia total,Despejado,No,NO APLICA,99,99,99,99,1,16/06/2022,8
48,Texas,481904,0,0,2,0,201,HARRIS (201),3280,HOUSTON,7,Julio,5,2022,18,5,MARTIN LUTHER KING BLVD,6,Calle Local Municipalidad,Urbano,Arteria Menor,Not Reported,0,Sin jurisdiccion especial,0,29.684025,-95.34041389,Vehiculo en movimiento,Angulo,Four-Way Intersection,Interseccion de 4 direcciones,Sobre calle,Ninguna,Dia total,Despejado,No,NO APLICA,99,99,99,99,1,05/07/2022,3
48,Texas,481905,0,0,2,0,29,BEXAR (29),6090,SAN ANTONIO,7,Julio,1,2022,20,57,HACKBERRY ST,6,Calle Local Municipalidad,Urbano,Arteria Menor,Not Reported,0,Sin jurisdiccion especial,0,29.398575,-98.47343333,Vehiculo en movimiento,Frente a Detrás,Not an Intersection,No fue interseccion,Sobre calle,Ninguna,Atardecer,Despejado,No,NO APLICA,99,99,99,99,1,01/07/2022,5
48,Texas,481906,0,0,1,0,185,GRIMES (185),4830,NAVASOTA,6,Junio,25,2022,6,13,SR-6,3,Highway estatal,Urbano,Arterial Principal -Freeway o ExpressWay,Not Reported,1,Sin jurisdiccion especial,2,30.41534444,-96.10282222,Arbol,El primer evento no fue una colision con un vehiculo automotor en transporte,Not an Intersection,No fue interseccion,En el medio,Ninguna,Reportada como desconocida,Despejado,No,NO APLICA,99,98,99,98,1,25/06/2022,1
48,Texas,481907,0,0,2,0,113,DALLAS (113),1730,DALLAS,6,Junio,25,2022,0,23,PEAVY RD,6,Calle Local Municipalidad,Urbano,Colector Mayor,Not Reported,0,Sin jurisdiccion especial,0,32.81341667,-96.68440278,Vehiculo en movimiento,Angulo,Not an Intersection,No fue interseccion,Sobre calle,Construccion,Oscuro con iluminacion,Despejado,No,NO APLICA,99,99,99,99,1,25/06/2022,3
48,Texas,481908,0,0,2,0,113,DALLAS (113),3420,IRVING,6,Junio,6,2022,14,52,SR-183/AIRPORT FWY,3,Highway estatal,Urbano,Arterial Principal -Freeway o ExpressWay,Not Reported,1,Sin jurisdiccion especial,39,32.83707222,-96.97938889,Valla para choques,El primer evento no fue una colision con un vehiculo automotor en transporte,Not an Intersection,No fue interseccion,En el medio,Ninguna,Dia total,Despejado,No,NO APLICA,99,99,99,99,1,06/06/2022,2