Estado,Nombre de Estado,Numero de Caso,Peatones,Personas _no_vehiculos,Vehiculos automotores,Vehiculos estacionados,Condado,Nombre Condado,Ciudad,Nombre Ciudad,Mes,Nombre Mes,Dia,Año,Hora,Minuto,Calle,Ruta,Nombre Ruta,Rural o Urbanoo,Sistema Funcional,Dueño Calle,Sistema Nacional Carreteras,Jurisdiccion Especial,Milla,Latitud,Longitud,Causa del Accidente,Tipo de Accidente,Tipo Interseccion,Columna1,Lugar en la calle,Zona de Trabajo,Luz,Clima,Autobus Escolar,Cruce de Trenes,Hora Notificacion,Minuto Notificacion,Hora Llegada,Minuto Llegada,Decesos,Fecha,PersonaVehiculo
48,Texas,481909,0,0,2,0,29,BEXAR (29),6090,SAN ANTONIO,6,Junio,29,2022,6,10,I-410,7,Calle Local,Urbano,Colector Mayor,State Highway Agency,0,Sin jurisdiccion especial,497,29.32050556,-98.55289167,Volcadura,El primer evento no fue una colision con un vehiculo automotor en transporte,"Five Point, or More",5 Puntos o mas,Sobre calle,Ninguna,Dia total,Despejado,No,NO APLICA,99,98,99,98,1,29/06/2022,3
48,Texas,481910,0,0,2,0,29,BEXAR (29),6090,SAN ANTONIO,6,Junio,16,2022,13,9,MCCULLOUGH AVE,6,Calle Local Municipalidad,Urbano,Arteria Menor,Not Reported,0,Sin jurisdiccion especial,0,29.4432,-98.49184167,Volcadura,El primer evento no fue una colision con un vehiculo automotor en transporte,Not an Intersection,No fue interseccion,Sobre calle,Ninguna,Dia total,Despejado,No,NO APLICA,99,99,99,99,1,16/06/2022,3
48,Texas,481911,1,1,1,0,201,HARRIS (201),0,NO APLICA,6,Junio,26,2022,1,56,FM 1960,8,Otro,Urbano,Arteria Principal,Not Reported,0,Sin jurisdiccion especial,180,30.01970833,-95.37642222,Peaton,El primer evento no fue una colision con un vehiculo automotor en transporte,Not an Intersection,No fue interseccion,Sobre calle,Ninguna,Oscuro sin iluminacion,Despejado,No,NO APLICA,99,99,99,99,1,26/06/2022,4
48,Texas,481912,1,1,1,0,309,MCLENNAN (309),3153,HEWITT,6,Junio,16,2022,23,28,FM 1695,8,Otro,Urbano,Arteria Menor,Not Reported,0,Sin jurisdiccion especial,223,31.47001111,-97.20003889,Peaton,El primer evento no fue una colision con un vehiculo automotor en transporte,Not an Intersection,No fue interseccion,Sobre calle,Ninguna,Oscuro con iluminacion,Despejado,No,NO APLICA,99,99,99,99,1,16/06/2022,1
48,Texas,481913,0,0,1,0,157,FORT BEND (157),5970,ROSENBERG,6,Junio,30,2022,4,0,SR-529 SPUR,3,Highway estatal,Urbano,Arteria Principal,Not Reported,1,Sin jurisdiccion especial,12,29.54977222,-95.83305,Zanja,El primer evento no fue una colision con un vehiculo automotor en transporte,Not an Intersection,No fue interseccion,Sobre el lado de la calle,Ninguna,Oscuro sin iluminacion,Despejado,No,NO APLICA,99,99,99,99,1,30/06/2022,1
48,Texas,481914,0,0,2,0,317,MARTIN (317),0,NO APLICA,6,Junio,6,2022,13,0,SR-176,3,Highway estatal,Rural,Arteria Menor,Not Reported,0,Sin jurisdiccion especial,132,32.307275,-102.0027722,Vehiculo en movimiento,Otro,T-Intersection,Interseccion de T,Sobre calle,Ninguna,Dia total,Despejado,No,NO APLICA,99,99,99,99,1,06/06/2022,2
48,Texas,481915,0,0,2,0,423,SMITH (423),0,NO APLICA,7,Julio,4,2022,2,5,CR-4191/WOODLANDS DR,4,Calle del Condado,Urbano,Local,Not Reported,0,Sin jurisdiccion especial,0,32.49359444,-95.39629722,Vehiculo en movimiento,Frente a frente,Not an Intersection,No fue interseccion,Sobre calle,Ninguna,Oscuro sin iluminacion,Despejado,No,NO APLICA,99,98,99,98,1,04/07/2022,2
48,Texas,481916,0,0,2,0,213,HENDERSON (213),0,NO APLICA,6,Junio,24,2022,10,17,FM 59,8,Otro,Rural,Colector Mayor,Not Reported,0,Sin jurisdiccion especial,60,32.11879167,-95.90474167,Vehiculo en movimiento,Angulo,Four-Way Intersection,Interseccion de 4 direcciones,Sobre calle,Ninguna,Dia total,Despejado,No,NO APLICA,99,99,99,99,1,24/06/2022,3
48,Texas,481917,1,1,1,0,255,KARNES (255),0,NO APLICA,6,Junio,29,2022,4,15,FM 81,8,Otro,Rural,Colector Mayor,Not Reported,0,Sin jurisdiccion especial,6,28.95674444,-97.90004167,Poste,El primer evento no fue una colision con un vehiculo automotor en transporte,Not an Intersection,No fue interseccion,Sobre el lado de la calle,Ninguna,Oscuro sin iluminacion,Despejado,No,NO APLICA,99,99,99,99,1,29/06/2022,1
48,Texas,481918,0,0,1,0,329,MIDLAND (329),0,NO APLICA,6,Junio,22,2022,15,48,I-20,1,Interestatal,Urbano,Interestatal,State Highway Agency,1,Sin jurisdiccion especial,235,32.04802222,-101.9767333,Volcadura,El primer evento no fue una colision con un vehiculo automotor en transporte,Not an Intersection,No fue interseccion,En el medio,Ninguna,Dia total,Despejado,No,NO APLICA,99,98,99,98,1,22/06/2022,1
48,Texas,481919,0,1,2,1,29,BEXAR (29),6090,SAN ANTONIO,7,Julio,7,2022,10,36,I-410,1,Interestatal,Urbano,Interestatal,State Highway Agency,1,Sin jurisdiccion especial,372,29.37983333,-98.39259722,Vehiculo Aparcado,El primer evento no fue una colision con un vehiculo automotor en transporte,Not an Intersection,No fue interseccion,Sobre Acotamiento,Ninguna,Dia total,Despejado,No,NO APLICA,99,98,99,98,1,07/07/2022,1
48,Texas,481920,0,0,1,0,427,STARR (427),0,NO APLICA,5,Mayo,25,2022,0,24,RIVERBEND ST,6,Calle Local Municipalidad,Urbano,Local,Not Reported,0,Sin jurisdiccion especial,0,26.37288056,-98.899525,Banqueta,El primer evento no fue una colision con un vehiculo automotor en transporte,T-Intersection,Interseccion de T,Sobre el lado de la calle,Ninguna,Oscuro con iluminacion,Despejado,No,NO APLICA,99,99,99,99,1,25/05/2022,3
48,Texas,481921,0,0,1,0,113,DALLAS (113),1730,DALLAS,7,Julio,1,2022,15,29,I-35E/RL THORNTON FWY,1,Interestatal,Urbano,Interestatal,State Highway Agency,1,Sin jurisdiccion especial,41,32.66180833,-96.87,Valla para choques,El primer evento no fue una colision con un vehiculo automotor en transporte,Not an Intersection,No fue interseccion,Separador,Ninguna,Dia total,Despejado,No,NO APLICA,99,99,99,99,1,01/07/2022,1
48,Texas,481922,0,0,1,0,113,DALLAS (113),2310,FARMERS BRANCH,7,Julio,6,2022,0,26,I-635 RAMP,1,Interestatal,Urbano,Interestatal,State Highway Agency,1,Sin jurisdiccion especial,14,32.90707778,-96.91589444,Fin de valla,El primer evento no fue una colision con un vehiculo automotor en transporte,Not an Intersection,No fue interseccion,Sobre el lado de la calle,Ninguna,Oscuro con iluminacion,Despejado,No,NO APLICA,99,99,99,99,1,06/07/2022,1
48,Texas,481923,1,1,1,0,201,HARRIS (201),3280,HOUSTON,6,Junio,11,2022,3,42,WESTPARK DR,6,Calle Local Municipalidad,Urbano,Arteria Principal,Not Reported,0,Sin jurisdiccion especial,0,29.72222778,-95.51103889,Peaton,El primer evento no fue una colision con un vehiculo automotor en transporte,Not an Intersection,No fue interseccion,Sobre calle,Ninguna,Oscuro con iluminacion,Despejado,No,NO APLICA,99,98,99,98,1,11/06/2022,1
48,Texas,481924,1,1,2,0,135,ECTOR (135),5030,ODESSA,7,Julio,10,2022,23,27,SR-191,3,Highway estatal,Urbano,Arteria Principal,Not Reported,1,Sin jurisdiccion especial,25,31.88065556,-102.3930556,Peaton,El primer evento no fue una colision con un vehiculo automotor en transporte,Four-Way Intersection,Interseccion de 4 direcciones,Sobre calle,Ninguna,Oscuro sin iluminacion,Despejado,No,NO APLICA,99,98,99,98,1,10/07/2022,5
48,Texas,481925,0,0,1,0,13,ATASCOSA (13),0,NO APLICA,7,Julio,4,2022,0,2,FM 2504,8,Otro,Rural,Colector Menor,Not Reported,0,Sin jurisdiccion especial,53,29.06764722,-98.708275,Barda,El primer evento no fue una colision con un vehiculo automotor en transporte,Not an Intersection,No fue interseccion,Fuera de la calle,Ninguna,Oscuro sin iluminacion,Despejado,No,NO APLICA,99,98,99,98,1,04/07/2022,1
48,Texas,481926,1,1,1,0,121,DENTON (121),3960,LEWISVILLE,7,Julio,1,2022,4,46,I-35E,1,Interestatal,Urbano,Interestatal,State Highway Agency,1,Sin jurisdiccion especial,63,33.03811111,-97.00193056,Peaton,El primer evento no fue una colision con un vehiculo automotor en transporte,Not an Intersection,No fue interseccion,Sobre calle,Ninguna,Oscuro sin iluminacion,Despejado,No,NO APLICA,99,99,99,99,1,01/07/2022,1
48,Texas,481927,0,0,1,0,121,DENTON (121),3960,LEWISVILLE,7,Julio,10,2022,3,6,I-35,1,Interestatal,Urbano,Interestatal,State Highway Agency,1,Sin jurisdiccion especial,19,32.99577222,-96.95200556,Barrera de Trafico de Concreto,El primer evento no fue una colision con un vehiculo automotor en transporte,Not an Intersection,No fue interseccion,En el medio,Ninguna,Oscuro con iluminacion,Despejado,No,NO APLICA,3,6,3,13,1,10/07/2022,1
48,Texas,481928,0,0,5,0,39,BRAZORIA (39),0,NO APLICA,6,Junio,27,2022,0,10,SR-288,3,Highway estatal,Rural,Arteria Principal,Not Reported,1,Sin jurisdiccion especial,239,29.29739722,-95.42688889,Vehiculo en movimiento,Golpe Lateral - misma direccion,Not an Intersection,No fue interseccion,Sobre calle,Ninguna,Oscuro sin iluminacion,Despejado,No,NO APLICA,99,98,99,98,2,27/06/2022,5
48,Texas,481929,0,0,1,0,59,CALLAHAN (59),0,NO APLICA,7,Julio,3,2022,21,20,FM 2047,8,Otro,Rural,Colector Mayor,Not Reported,0,Sin jurisdiccion especial,7,32.4299,-99.43751667,Animal vivo,El primer evento no fue una colision con un vehiculo automotor en transporte,Not an Intersection,No fue interseccion,Sobre calle,Ninguna,Oscuro sin iluminacion,Nublado,No,NO APLICA,99,99,99,99,1,03/07/2022,1
48,Texas,481930,1,1,1,0,485,WICHITA (485),7490,WICHITA FALLS,5,Mayo,19,2022,7,41,FM 369,8,Otro,Urbano,Arteria Principal,Not Reported,1,Sin jurisdiccion especial,49,33.863625,-98.603725,Ciclista,El primer evento no fue una colision con un vehiculo automotor en transporte,T-Intersection,Interseccion de T,Sobre calle,Ninguna,Dia total,Despejado,No,NO APLICA,99,99,99,99,1,19/05/2022,1
48,Texas,481931,0,0,2,0,303,LUBBOCK (303),4140,LUBBOCK,7,Julio,3,2022,2,8,FM 835/50TH  ST,8,Otro,Urbano,Arteria Menor,Not Reported,0,Sin jurisdiccion especial,29,33.54876944,-101.8401722,Vehiculo en movimiento,Angulo,Four-Way Intersection,Interseccion de 4 direcciones,Sobre calle,Ninguna,Oscuro con iluminacion,Despejado,No,NO APLICA,99,99,99,99,1,03/07/2022,3
48,Texas,481932,0,0,2,0,491,WILLIAMSON (491),1242,CEDAR PARK,7,Julio,6,2022,15,31,183A TOLL/TX HILL COUNTRY TRL,6,Calle Local Municipalidad,Urbano,Arterial Principal -Freeway o ExpressWay,State Toll Road,1,Sin jurisdiccion especial,0,30.50508611,-97.80978611,Vehiculo en movimiento,Frente a Detrás,Not an Intersection,No fue interseccion,Sobre calle,Ninguna,Dia total,Despejado,No,NO APLICA,99,99,99,99,1,06/07/2022,2
48,Texas,481933,0,0,2,0,339,MONTGOMERY (339),0,NO APLICA,7,Julio,5,2022,22,35,FM 2978,8,Otro,Urbano,Arteria Menor,Not Reported,0,Sin jurisdiccion especial,55,30.21696111,-95.56803056,Vehiculo en movimiento,Frente a frente,Not an Intersection,No fue interseccion,Sobre calle,Ninguna,Oscuro con iluminacion,Despejado,No,NO APLICA,99,98,99,98,1,05/07/2022,3
48,Texas,481934,0,0,1,0,217,HILL (217),3210,HILLSBORO,7,Julio,10,2022,19,11,I-35,1,Interestatal,Urbano,Interestatal,State Highway Agency,1,Sin jurisdiccion especial,113,31.99161944,-97.10347778,Otro objeto (fijo),El primer evento no fue una colision con un vehiculo automotor en transporte,Not an Intersection,No fue interseccion,Sobre el lado de la calle,Ninguna,Dia total,Despejado,No,NO APLICA,99,99,99,99,1,10/07/2022,3
48,Texas,481935,1,1,2,1,201,HARRIS (201),0,NO APLICA,7,Julio,11,2022,2,50,I-10/KATY FWY,1,Interestatal,Urbano,Interestatal,State Highway Agency,1,Sin jurisdiccion especial,22,29.78508056,-95.77666667,Vehiculo Aparcado,El primer evento no fue una colision con un vehiculo automotor en transporte,Not an Intersection,No fue interseccion,Sobre Acotamiento,Ninguna,Oscuro con iluminacion,Nublado,No,NO APLICA,99,99,99,99,1,11/07/2022,1
48,Texas,481937,0,0,2,0,313,MADISON (313),0,NO APLICA,7,Julio,11,2022,13,8,FM 978,8,Otro,Rural,Colector Mayor,Not Reported,0,Sin jurisdiccion especial,78,30.97203889,-95.98686944,Vehiculo en movimiento,Angulo,Four-Way Intersection,Interseccion de 4 direcciones,Sobre calle,Ninguna,Dia total,Despejado,No,NO APLICA,99,99,99,99,1,11/07/2022,2
48,Texas,481938,0,0,3,0,473,WALLER (473),0,NO APLICA,7,Julio,2,2022,11,35,FM 359,8,Otro,Rural,Colector Mayor,Not Reported,0,Sin jurisdiccion especial,198,29.94311389,-96.03373889,Vehiculo en movimiento,Frente a Detrás,Not an Intersection,No fue interseccion,Sobre calle,Ninguna,Dia total,Despejado,No,NO APLICA,11,40,11,43,1,02/07/2022,4
48,Texas,481939,0,0,1,0,189,HALE (189),0,NO APLICA,6,Junio,30,2022,23,36,CR-95,4,Calle del Condado,Rural,Local,Not Reported,0,Sin jurisdiccion especial,0,34.18416111,-101.6188389,Volcadura,El primer evento no fue una colision con un vehiculo automotor en transporte,Not an Intersection,No fue interseccion,Sobre calle,Ninguna,Oscuro sin iluminacion,Despejado,No,NO APLICA,99,98,99,98,1,30/06/2022,1
48,Texas,481940,0,0,2,0,439,TARRANT (439),3052,HASLET,7,Julio,9,2022,17,44,FM 156/BLUE MOUND RD,8,Otro,Urbano,Arteria Menor,Not Reported,0,Sin jurisdiccion especial,218,32.967,-97.353225,Vehiculo en movimiento,Frente a frente,Not an Intersection,No fue interseccion,Sobre calle,Ninguna,Dia total,Despejado,No,NO APLICA,99,99,99,99,1,09/07/2022,3
48,Texas,481941,1,1,1,0,439,TARRANT (439),2450,FORT WORTH,7,Julio,10,2022,4,26,I-35/SOUTH FWY,1,Interestatal,Urbano,Interestatal,State Highway Agency,1,Sin jurisdiccion especial,73,32.64437222,-97.32154167,Peaton,El primer evento no fue una colision con un vehiculo automotor en transporte,Not an Intersection,No fue interseccion,Sobre calle,Ninguna,Oscuro sin iluminacion,Despejado,No,NO APLICA,99,98,99,98,1,10/07/2022,1
48,Texas,481942,0,0,2,0,497,WISE (497),0,NO APLICA,7,Julio,3,2022,17,15,SR-114 E,3,Highway estatal,Rural,Arteria Principal,Not Reported,0,Sin jurisdiccion especial,0,33.08353333,-97.63627222,Vehiculo en movimiento,Angulo,Four-Way Intersection,Interseccion de 4 direcciones,Sobre calle,Ninguna,Dia total,Despejado,No,NO APLICA,17,15,17,23,1,03/07/2022,3
48,Texas,481943,0,0,2,0,157,FORT BEND (157),0,NO APLICA,6,Junio,11,2022,22,16,CR-RYCADE SCHOOL RD,4,Calle del Condado,Rural,Local,Not Reported,0,Sin jurisdiccion especial,0,29.35133056,-95.65781667,Vehiculo en movimiento,Angulo,Not an Intersection,No fue interseccion,Sobre calle,Ninguna,Oscuro sin iluminacion,Despejado,No,NO APLICA,99,98,99,98,1,11/06/2022,3
48,Texas,481944,0,0,1,0,439,TARRANT (439),2450,FORT WORTH,7,Julio,9,2022,19,40,HULEN ST,6,Calle Local Municipalidad,Urbano,Arteria Principal,Not Reported,0,Sin jurisdiccion especial,0,32.65805,-97.39649444,Soporte de  señalamiento de transito,El primer evento no fue una colision con un vehiculo automotor en transporte,Not an Intersection,No fue interseccion,Sobre el lado de la calle,Ninguna,Dia total,Nublado,No,NO APLICA,19,40,19,47,1,09/07/2022,1
48,Texas,481945,0,0,2,0,249,JIM WELLS (249),0,NO APLICA,6,Junio,10,2022,7,5,US-281R BUS,2,US Highway,Urbano,Arteria Menor,Not Reported,0,Sin jurisdiccion especial,15,27.71002778,-98.07710556,Vehiculo en movimiento,Angulo,Not an Intersection,No fue interseccion,Sobre calle,Ninguna,Dia total,Neblina o Humo,No,NO APLICA,99,99,99,99,1,10/06/2022,2
48,Texas,481946,0,0,2,0,423,SMITH (423),0,NO APLICA,7,Julio,5,2022,17,9,SR-64,3,Highway estatal,Rural,Arteria Menor,Not Reported,0,Sin jurisdiccion especial,26,32.36603889,-95.43211389,Vehiculo en movimiento,Angulo,T-Intersection,Interseccion de T,Sobre calle,Ninguna,Dia total,Nublado,No,NO APLICA,99,99,99,99,2,05/07/2022,8
48,Texas,481947,0,1,2,1,313,MADISON (313),4260,MADISONVILLE,7,Julio,8,2022,2,50,I-45,7,Calle Local,Rural,Colector Mayor,State Highway Agency,0,Sin jurisdiccion especial,86,30.963125,-95.87985556,Vehiculo Aparcado,El primer evento no fue una colision con un vehiculo automotor en transporte,Not an Intersection,No fue interseccion,Sobre Acotamiento,Ninguna,Oscuro sin iluminacion,Despejado,No,NO APLICA,99,98,99,98,1,08/07/2022,1
48,Texas,481948,0,0,1,0,277,LAMAR (277),5220,PARIS,7,Julio,12,2022,5,33,PINE BLUFF ST,6,Calle Local Municipalidad,Urbano,Arteria Menor,Not Reported,0,Sin jurisdiccion especial,0,33.66403889,-95.55275556,Banqueta,El primer evento no fue una colision con un vehiculo automotor en transporte,Not an Intersection,No fue interseccion,Sobre el lado de la calle,Ninguna,Oscuro sin iluminacion,Despejado,No,NO APLICA,99,99,99,99,1,12/07/2022,2
48,Texas,481949,0,0,2,0,431,STERLING (431),0,NO APLICA,6,Junio,20,2022,16,0,SR-158,3,Highway estatal,Rural,Arteria Principal,Not Reported,1,Sin jurisdiccion especial,6,31.80104444,-101.2568194,Vehiculo en movimiento,Frente a frente,Not an Intersection,No fue interseccion,Sobre calle,Ninguna,Dia total,Despejado,No,NO APLICA,99,99,99,99,1,20/06/2022,2
48,Texas,481950,0,0,2,1,439,TARRANT (439),2450,FORT WORTH,7,Julio,2,2022,22,14,AYERS AVE,6,Calle Local Municipalidad,Urbano,Local,Not Reported,0,Sin jurisdiccion especial,0,32.73531389,-97.27095278,Vehiculo Aparcado,El primer evento no fue una colision con un vehiculo automotor en transporte,Not an Intersection,No fue interseccion,En estacionamiento,Ninguna,Oscuro con iluminacion,Despejado,No,NO APLICA,99,99,99,99,1,02/07/2022,4
48,Texas,481951,0,0,1,0,343,MORRIS (343),0,NO APLICA,7,Julio,5,2022,15,50,US-259,2,US Highway,Rural,Arteria Principal,State Highway Agency,0,Sin jurisdiccion especial,225,33.00061944,-94.71921944,Volcadura,El primer evento no fue una colision con un vehiculo automotor en transporte,Not an Intersection,No fue interseccion,Sobre el lado de la calle,Ninguna,Dia total,Despejado,No,NO APLICA,99,98,99,98,1,05/07/2022,1
48,Texas,481952,0,0,2,1,41,BRAZOS (41),1440,COLLEGE STATION,6,Junio,4,2022,2,45,HOLLEMAN DR,6,Calle Local Municipalidad,Urbano,Arteria Menor,Not Reported,0,Sin jurisdiccion especial,0,30.60393333,-96.32482222,Buzon de correo,El primer evento no fue una colision con un vehiculo automotor en transporte,Not an Intersection,No fue interseccion,Sobre el lado de la calle,Ninguna,Oscuro con iluminacion,Despejado,No,NO APLICA,99,98,99,98,1,04/06/2022,1
48,Texas,481953,0,0,1,0,181,GRAYSON (181),1830,DENISON,6,Junio,25,2022,22,25,SR-91,3,Highway estatal,Urbano,Arteria Menor,Not Reported,0,Sin jurisdiccion especial,56,33.76617778,-96.55398333,Volcadura,El primer evento no fue una colision con un vehiculo automotor en transporte,Not an Intersection,No fue interseccion,Sobre el lado de la calle,Ninguna,Oscuro sin iluminacion,Despejado,No,NO APLICA,99,98,99,98,1,25/06/2022,1
48,Texas,481954,1,1,1,0,181,GRAYSON (181),1830,DENISON,7,Julio,9,2022,23,55,US-75,2,US Highway,Urbano,Arterial Principal -Freeway o ExpressWay,Not Reported,1,Sin jurisdiccion especial,98,33.72263889,-96.58526667,Peaton,El primer evento no fue una colision con un vehiculo automotor en transporte,Not an Intersection,No fue interseccion,Sobre calle,Ninguna,Oscuro sin iluminacion,Despejado,No,NO APLICA,99,98,99,98,1,09/07/2022,2
48,Texas,481955,0,0,2,0,441,TAYLOR (441),0,NO APLICA,7,Julio,5,2022,8,11,US-277,2,US Highway,Rural,Arteria Menor,State Highway Agency,0,Sin jurisdiccion especial,82,32.23807778,-100.0211944,Vehiculo en movimiento,Frente a frente,Not an Intersection,No fue interseccion,Sobre calle,Ninguna,Dia total,Despejado,No,NO APLICA,99,99,99,99,1,05/07/2022,2
48,Texas,481957,0,0,2,0,73,CHEROKEE (73),0,NO APLICA,7,Julio,12,2022,9,20,US-69,2,US Highway,Rural,Arteria Principal,Not Reported,1,Sin jurisdiccion especial,199,31.87277222,-95.21416667,Vehiculo en movimiento,Frente a Detrás,Not an Intersection,No fue interseccion,Sobre calle,Ninguna,Dia total,Despejado,No,NO APLICA,99,99,99,99,1,12/07/2022,2
48,Texas,481958,0,0,1,0,251,JOHNSON (251),1370,CLEBURNE,7,Julio,10,2022,6,55,INDUSTRIAL BLVD,6,Calle Local Municipalidad,Urbano,Colector Menor,Not Reported,0,Sin jurisdiccion especial,0,32.38593611,-97.41695556,Arbol,El primer evento no fue una colision con un vehiculo automotor en transporte,Not an Intersection,No fue interseccion,Sobre el lado de la calle,Ninguna,Dia total,Despejado,No,NO APLICA,99,98,99,98,1,10/07/2022,1
48,Texas,481959,0,0,2,0,85,COLLIN (85),92,ALLEN,7,Julio,12,2022,12,2,MCDERMOTT DR,6,Calle Local Municipalidad,Urbano,Arteria Menor,Not Reported,0,Sin jurisdiccion especial,0,33.10074722,-96.6881,Vehiculo en movimiento,Angulo,T-Intersection,Interseccion de T,Sobre calle,Ninguna,Dia total,Despejado,No,NO APLICA,99,99,99,99,1,12/07/2022,5
48,Texas,481960,0,0,1,0,439,TARRANT (439),2990,HALTOM CITY,7,Julio,8,2022,15,18,I-820,1,Interestatal,Urbano,Interestatal,State Highway Agency,1,Sin jurisdiccion especial,195,32.83948889,-97.27662778,Soporte de Puente,El primer evento no fue una colision con un vehiculo automotor en transporte,Not an Intersection,No fue interseccion,En el medio,Ninguna,Dia total,Despejado,No,NO APLICA,99,98,99,98,1,08/07/2022,1
48,Texas,481961,0,0,1,0,291,LIBERTY (291),0,NO APLICA,7,Julio,4,2022,20,8,FM 2830,8,Otro,Rural,Colector Menor,Not Reported,0,Sin jurisdiccion especial,15,30.11345556,-94.71611667,Culvert,El primer evento no fue una colision con un vehiculo automotor en transporte,Not an Intersection,No fue interseccion,Sobre el lado de la calle,Ninguna,Oscuro sin iluminacion,Despejado,No,NO APLICA,99,99,99,99,1,04/07/2022,1
48,Texas,481962,0,0,1,0,215,HIDALGO (215),0,NO APLICA,7,Julio,1,2022,19,43,CR-MOORE RD,4,Calle del Condado,Urbano,Colector Mayor,Not Reported,0,Sin jurisdiccion especial,0,26.16091389,-98.09575278,Barda,El primer evento no fue una colision con un vehiculo automotor en transporte,Not an Intersection,No fue interseccion,Fuera de la calle,Ninguna,Dia total,Despejado,No,NO APLICA,99,98,99,98,1,01/07/2022,1
48,Texas,481963,0,0,1,0,29,BEXAR (29),6090,SAN ANTONIO,7,Julio,10,2022,2,19,VILLAMAIN RD,6,Calle Local Municipalidad,Urbano,Local,Not Reported,0,Sin jurisdiccion especial,0,29.32254444,-98.44670278,Poste o otros soportes,El primer evento no fue una colision con un vehiculo automotor en transporte,Not an Intersection,No fue interseccion,Sobre el lado de la calle,Ninguna,Oscuro sin iluminacion,Despejado,No,NO APLICA,2,20,2,34,1,10/07/2022,2
48,Texas,481964,0,0,1,0,55,CALDWELL (55),9997,Other,7,Julio,10,2022,1,13,SR-21 AIRPORT HWY,3,Highway estatal,Urbano,Arteria Principal,Not Reported,1,Sin jurisdiccion especial,0,29.89330556,-97.88105,Barda,El primer evento no fue una colision con un vehiculo automotor en transporte,T-Intersection,Interseccion de T,Fuera de la calle,Ninguna,Oscuro sin iluminacion,Despejado,No,NO APLICA,99,98,99,98,1,10/07/2022,1
48,Texas,481965,0,0,2,0,1,ANDERSON (1),0,NO APLICA,6,Junio,29,2022,18,0,US-287,2,US Highway,Rural,Arteria Menor,State Highway Agency,0,Sin jurisdiccion especial,48,31.72101667,-95.59418611,Vehiculo en movimiento,Frente a Detrás,Not an Intersection,No fue interseccion,"Izquierda continua, carril de vuelta",Ninguna,Dia total,Despejado,No,NO APLICA,99,98,99,98,1,29/06/2022,2
48,Texas,481966,0,0,6,0,177,GONZALES (177),0,NO APLICA,7,Julio,6,2022,11,21,I-10,1,Interestatal,Rural,Interestatal,State Highway Agency,1,Sin jurisdiccion especial,100,29.69250556,-97.22076667,Vehiculo en movimiento,Frente a Detrás,Not an Intersection,No fue interseccion,Sobre calle,Construccion,Dia total,Despejado,No,NO APLICA,99,99,99,99,4,06/07/2022,9
48,Texas,481967,0,0,1,0,129,DONLEY (129),0,NO APLICA,7,Julio,10,2022,0,49,US-287,2,US Highway,Rural,Arteria Principal,Not Reported,1,Sin jurisdiccion especial,24,34.83632778,-100.6254611,Animal vivo,El primer evento no fue una colision con un vehiculo automotor en transporte,Not an Intersection,No fue interseccion,Sobre calle,Ninguna,Oscuro sin iluminacion,Despejado,No,NO APLICA,99,99,99,99,1,10/07/2022,2
48,Texas,481968,0,0,2,0,453,TRAVIS (453),330,AUSTIN,7,Julio,12,2022,2,14,I-35 SVRD/PURPLE HEART TRL,7,Calle Local,Urbano,Colector Mayor,Not Reported,0,Sin jurisdiccion especial,247,30.35796111,-97.68747222,Vehiculo en movimiento,Angulo,Four-Way Intersection,Interseccion de 4 direcciones,Sobre calle,Construccion,Oscuro sin iluminacion,Despejado,No,NO APLICA,2,17,2,22,1,12/07/2022,3
48,Texas,481969,0,0,1,0,291,LIBERTY (291),0,NO APLICA,7,Julio,10,2022,23,33,SR-146,3,Highway estatal,Rural,Arteria Menor,Not Reported,0,Sin jurisdiccion especial,185,30.22285278,-94.74223889,Culvert,El primer evento no fue una colision con un vehiculo automotor en transporte,Not an Intersection,No fue interseccion,Sobre el lado de la calle,Ninguna,Oscuro sin iluminacion,Nublado,No,NO APLICA,99,98,99,98,1,10/07/2022,1
48,Texas,481970,0,0,1,0,103,CRANE (103),1600,CRANE,7,Julio,3,2022,22,1,US-385,2,US Highway,Rural,Arteria Principal,Not Reported,1,Sin jurisdiccion especial,182,31.39291667,-102.3491028,Edificio,El primer evento no fue una colision con un vehiculo automotor en transporte,Not an Intersection,No fue interseccion,Sobre el lado de la calle,Ninguna,Oscuro con iluminacion,Despejado,No,NO APLICA,99,99,99,99,2,03/07/2022,2
48,Texas,481971,0,1,2,1,491,WILLIAMSON (491),0,NO APLICA,7,Julio,1,2022,2,14,SR-195,3,Highway estatal,Rural,Arteria Principal,Not Reported,1,Sin jurisdiccion especial,234,30.80999722,-97.77259167,Vehiculo Aparcado,El primer evento no fue una colision con un vehiculo automotor en transporte,Not an Intersection,No fue interseccion,Sobre el lado de la calle,Ninguna,Oscuro sin iluminacion,Despejado,No,NO APLICA,99,98,99,98,1,01/07/2022,1
48,Texas,481972,1,1,1,0,29,BEXAR (29),6090,SAN ANTONIO,7,Julio,7,2022,22,6,ROSILLO ST,6,Calle Local Municipalidad,Urbano,Local,Not Reported,0,Sin jurisdiccion especial,0,29.42486944,-98.52621667,Ciclista,El primer evento no fue una colision con un vehiculo automotor en transporte,Four-Way Intersection,Interseccion de 4 direcciones,Sobre calle,Ninguna,Oscuro con iluminacion,Despejado,No,NO APLICA,99,99,99,99,1,07/07/2022,1