Estado,Nombre de Estado,Numero de Caso,Peatones,Personas _no_vehiculos,Vehiculos automotores,Vehiculos estacionados,Condado,Nombre Condado,Ciudad,Nombre Ciudad,Mes,Nombre Mes,Dia,Año,Hora,Minuto,Calle,Ruta,Nombre Ruta,Rural o Urbanoo,Sistema Funcional,Dueño Calle,Sistema Nacional Carreteras,Jurisdiccion Especial,Milla,Latitud,Longitud,Causa del Accidente,Tipo de Accidente,Tipo Interseccion,Columna1,Lugar en la calle,Zona de Trabajo,Luz,Clima,Autobus Escolar,Cruce de Trenes,Hora Notificacion,Minuto Notificacion,Hora Llegada,Minuto Llegada,Decesos,Fecha,PersonaVehiculo
48,Texas,481973,1,1,1,0,201,HARRIS (201),3280,HOUSTON,3,Marzo,23,2022,21,25,SR-8 LOOP SAM HOUSTON PKWY,7,Calle Local,Urbano,Arteria Principal,Not Reported,0,Sin jurisdiccion especial,0,29.59969444,-95.46461944,Peaton,El primer evento no fue una colision con un vehiculo automotor en transporte,Not an Intersection,No fue interseccion,Sobre calle,Ninguna,Oscuro con iluminacion,Despejado,No,NO APLICA,99,98,99,98,1,23/03/2022,1
48,Texas,481974,0,0,1,0,251,JOHNSON (251),0,NO APLICA,7,Julio,3,2022,6,10,FM 157,8,Otro,Urbano,Colector Mayor,Not Reported,0,Sin jurisdiccion especial,38,32.49822222,-97.11637778,Alguien se cayo/avento del vehiculo,El primer evento no fue una colision con un vehiculo automotor en transporte,Not an Intersection,No fue interseccion,Sobre el lado de la calle,Ninguna,Oscuro sin iluminacion,Despejado,No,NO APLICA,99,98,99,98,1,03/07/2022,1
48,Texas,481975,0,0,2,0,387,RED RIVER (387),0,NO APLICA,7,Julio,6,2022,15,53,FM 195,8,Otro,Rural,Colector Mayor,Not Reported,0,Sin jurisdiccion especial,0,33.83631111,-95.16327778,Vehiculo en movimiento,Angulo,T-Intersection,Interseccion de T,Sobre calle,Ninguna,Dia total,Despejado,No,NO APLICA,99,99,99,99,1,06/07/2022,3
48,Texas,481976,1,1,1,0,251,JOHNSON (251),1370,CLEBURNE,7,Julio,14,2022,21,43,SR-174/MAIN ST,3,Highway estatal,Urbano,Arteria Principal,Not Reported,1,Sin jurisdiccion especial,234,32.37487778,-97.39444722,Peaton,El primer evento no fue una colision con un vehiculo automotor en transporte,Not an Intersection,No fue interseccion,Sobre calle,Ninguna,Oscuro sin iluminacion,Despejado,No,NO APLICA,99,99,99,99,1,14/07/2022,1
48,Texas,481977,0,0,1,0,39,BRAZORIA (39),5249,PEARLAND,7,Julio,14,2022,14,24,FM 518/BROADWAY ST,8,Otro,Urbano,Colector Mayor,Not Reported,0,Sin jurisdiccion especial,99998,29.55565278,-95.40098889,Banqueta,El primer evento no fue una colision con un vehiculo automotor en transporte,Not an Intersection,No fue interseccion,En el medio,Ninguna,Dia total,Nublado,No,NO APLICA,99,99,99,99,1,14/07/2022,1
48,Texas,481978,0,0,1,0,187,GUADALUPE (187),4870,NEW BRAUNFELS,7,Julio,8,2022,2,13,SR-46,3,Highway estatal,Urbano,Arteria Principal,Not Reported,1,Sin jurisdiccion especial,6,29.68900278,-98.07078056,Valla Ferrocarril,El primer evento no fue una colision con un vehiculo automotor en transporte,T-Intersection,Interseccion de T,Sobre el lado de la calle,Ninguna,Oscuro con iluminacion,Despejado,No,NO APLICA,99,98,99,98,1,08/07/2022,1
48,Texas,481979,0,0,1,0,355,NUECES (355),0,NO APLICA,7,Julio,6,2022,6,26,FM 666,8,Otro,Rural,Colector Mayor,Not Reported,0,Sin jurisdiccion especial,21,27.90793333,-97.78106667,Suelo,El primer evento no fue una colision con un vehiculo automotor en transporte,Not an Intersection,No fue interseccion,Sobre el lado de la calle,Ninguna,Oscuro sin iluminacion,Despejado,No,NO APLICA,99,99,99,99,1,06/07/2022,2
48,Texas,481980,0,0,2,0,83,COLEMAN (83),0,NO APLICA,7,Julio,7,2022,22,2,SR-206,3,Highway estatal,Rural,Arteria Menor,Not Reported,0,Sin jurisdiccion especial,97,31.9638,-99.27713056,Animal vivo,El primer evento no fue una colision con un vehiculo automotor en transporte,Not an Intersection,No fue interseccion,Sobre calle,Ninguna,Oscuro sin iluminacion,Despejado,No,NO APLICA,99,99,99,99,1,07/07/2022,4
48,Texas,481981,0,0,2,0,29,BEXAR (29),6090,SAN ANTONIO,6,Junio,29,2022,11,1,I-10 W,1,Interestatal,Urbano,Interestatal,State Highway Agency,1,Sin jurisdiccion especial,212,29.47700556,-98.52041389,Vehiculo en movimiento,Angulo,Not an Intersection,No fue interseccion,Sobre calle,Ninguna,Dia total,Despejado,No,NO APLICA,99,98,99,98,1,29/06/2022,3
48,Texas,481982,0,0,1,0,121,DENTON (121),9997,Other,7,Julio,14,2022,22,2,LONE STAR CIRCLE RD,6,Calle Local Municipalidad,Urbano,Local,Not Reported,0,Sin jurisdiccion especial,0,33.03747778,-97.27682222,Volcadura,El primer evento no fue una colision con un vehiculo automotor en transporte,Not an Intersection,No fue interseccion,Fuera de la calle,Ninguna,Oscuro con iluminacion,Despejado,No,NO APLICA,99,98,99,98,1,14/07/2022,1
48,Texas,481983,0,0,1,0,371,PECOS (371),0,NO APLICA,6,Junio,25,2022,13,15,US-67,2,US Highway,Rural,Arteria Principal,Not Reported,1,Sin jurisdiccion especial,213,30.66208056,-103.2453528,Volcadura,El primer evento no fue una colision con un vehiculo automotor en transporte,Not an Intersection,No fue interseccion,Sobre calle,Construccion,Dia total,Despejado,No,NO APLICA,99,99,99,99,1,25/06/2022,3
48,Texas,481984,1,1,1,0,113,DALLAS (113),1730,DALLAS,7,Julio,10,2022,5,23,SR-12 LOOP/WALTON WALKER BLVD,3,Highway estatal,Urbano,Arterial Principal -Freeway o ExpressWay,Not Reported,1,Sin jurisdiccion especial,147,32.76385,-96.91509444,Peaton,El primer evento no fue una colision con un vehiculo automotor en transporte,Not an Intersection,No fue interseccion,Sobre calle,Ninguna,Oscuro con iluminacion,Despejado,No,NO APLICA,99,99,99,99,1,10/07/2022,1
48,Texas,481985,0,0,2,0,361,ORANGE (361),885,BRIDGE CITY,7,Julio,10,2022,19,12,FM 1442,8,Otro,Urbano,Arteria Principal,Not Reported,0,Sin jurisdiccion especial,0,30.04953611,-93.90109167,Vehiculo en movimiento,Angulo,T-Intersection,Interseccion de T,Sobre calle,Ninguna,Dia total,Despejado,No,NO APLICA,99,98,99,98,1,10/07/2022,3
48,Texas,481986,0,0,2,0,141,EL PASO (141),2190,EL PASO,7,Julio,16,2022,2,20,I-10,1,Interestatal,Urbano,Interestatal,State Highway Agency,1,Sin jurisdiccion especial,308,31.74558611,-106.3342611,Arbol,El primer evento no fue una colision con un vehiculo automotor en transporte,Not an Intersection,No fue interseccion,Separador,Ninguna,Oscuro con iluminacion,Despejado,No,NO APLICA,99,98,99,98,2,16/07/2022,3
48,Texas,481987,0,0,2,0,309,MCLENNAN (309),7210,WACO,7,Julio,16,2022,2,15,SR-2 LOOP/18TH ST,3,Highway estatal,Urbano,Arteria Menor,Not Reported,0,Sin jurisdiccion especial,7,31.54224444,-97.1389,Vehiculo en movimiento,Angulo,Four-Way Intersection,Interseccion de 4 direcciones,Sobre calle,Ninguna,Oscuro con iluminacion,Despejado,No,NO APLICA,2,16,2,29,1,16/07/2022,3
48,Texas,481988,0,0,2,0,291,LIBERTY (291),3980,LIBERTY,7,Julio,16,2022,0,19,US-90,2,US Highway,Urbano,Arteria Principal,Not Reported,1,Sin jurisdiccion especial,124,30.05710278,-94.83048611,Vehiculo en movimiento,Frente a frente,Not an Intersection,No fue interseccion,Sobre calle,Ninguna,Oscuro sin iluminacion,Despejado,No,NO APLICA,99,99,99,99,4,16/07/2022,4
48,Texas,481989,0,0,2,0,29,BEXAR (29),6090,SAN ANTONIO,7,Julio,10,2022,2,0,SR-151,3,Highway estatal,Urbano,Arterial Principal -Freeway o ExpressWay,Not Reported,1,Sin jurisdiccion especial,90,29.42344167,-98.59355,Vehiculo en movimiento,Frente a frente,Not an Intersection,No fue interseccion,Sobre calle,Ninguna,Oscuro con iluminacion,Despejado,No,NO APLICA,99,99,99,99,1,10/07/2022,2
48,Texas,481990,0,0,1,0,339,MONTGOMERY (339),0,NO APLICA,7,Julio,3,2022,8,29,FM 1314,8,Otro,Urbano,Arteria Menor,Not Reported,0,Sin jurisdiccion especial,61,30.25265,-95.39596389,Poste,El primer evento no fue una colision con un vehiculo automotor en transporte,Not an Intersection,No fue interseccion,Sobre el lado de la calle,Ninguna,Dia total,Despejado,No,NO APLICA,99,99,99,99,2,03/07/2022,4
48,Texas,481991,0,0,2,0,289,LEON (289),0,NO APLICA,7,Julio,6,2022,12,20,US-79,2,US Highway,Rural,Arteria Principal,Not Reported,1,Sin jurisdiccion especial,101,31.34431389,-96.16438611,Vehiculo en movimiento,Frente a frente,Not an Intersection,No fue interseccion,Sobre calle,Ninguna,Dia total,Despejado,No,NO APLICA,99,99,99,99,1,06/07/2022,6
48,Texas,481992,0,0,2,0,1,ANDERSON (1),5170,PALESTINE,7,Julio,12,2022,20,52,SR-256 LOOP,3,Highway estatal,Urbano,Arteria Principal,Not Reported,1,Sin jurisdiccion especial,45,31.77735833,-95.617625,Vehiculo en movimiento,Frente a Detrás,Four-Way Intersection,Interseccion de 4 direcciones,Sobre calle,Ninguna,Oscuro con iluminacion,Despejado,No,NO APLICA,99,99,99,99,1,12/07/2022,4
48,Texas,481993,0,0,3,0,373,POLK (373),4020,LIVINGSTON,7,Julio,17,2022,13,1,US-59,2,US Highway,Urbano,Arteria Principal,Not Reported,1,Sin jurisdiccion especial,317,30.70675,-94.95328611,Vehiculo en movimiento,Frente a frente,Not an Intersection,No fue interseccion,Sobre calle,Ninguna,Dia total,Despejado,No,NO APLICA,99,99,99,99,1,17/07/2022,3
48,Texas,481994,0,0,2,0,353,NOLAN (353),0,NO APLICA,7,Julio,4,2022,21,45,FM 608,8,Otro,Rural,Colector Mayor,Not Reported,0,Sin jurisdiccion especial,36,32.40837222,-100.5278694,Vehiculo en movimiento,Angulo,Not an Intersection,No fue interseccion,Sobre calle,Ninguna,Oscuro sin iluminacion,Despejado,No,NO APLICA,99,99,99,99,1,04/07/2022,4
48,Texas,481995,0,0,1,0,143,ERATH (143),0,NO APLICA,6,Junio,30,2022,7,19,SR-108,3,Highway estatal,Rural,Colector Mayor,Not Reported,0,Sin jurisdiccion especial,141,32.33984167,-98.28223056,Acotamiento,El primer evento no fue una colision con un vehiculo automotor en transporte,Not an Intersection,No fue interseccion,Sobre el lado de la calle,Ninguna,Dia total,Despejado,No,NO APLICA,99,99,99,99,1,30/06/2022,1
48,Texas,481996,0,0,2,0,439,TARRANT (439),2450,FORT WORTH,7,Julio,6,2022,18,10,SYCAMORE SCHOOL RD,6,Calle Local Municipalidad,Rural,Local,Not Reported,0,Sin jurisdiccion especial,0,32.63518611,-97.33028056,Vehiculo en movimiento,Frente a frente,Not an Intersection,No fue interseccion,Sobre calle,Ninguna,Dia total,Despejado,No,NO APLICA,99,99,99,99,1,06/07/2022,2
48,Texas,481998,0,0,1,0,473,WALLER (473),0,NO APLICA,7,Julio,17,2022,15,42,FM 1488,8,Otro,Rural,Arteria Menor,Not Reported,0,Sin jurisdiccion especial,105,30.16450278,-95.93960833,Arbol,El primer evento no fue una colision con un vehiculo automotor en transporte,Not an Intersection,No fue interseccion,Sobre el lado de la calle,Ninguna,Dia total,Despejado,No,NO APLICA,99,98,99,98,1,17/07/2022,1
48,Texas,481999,0,0,2,0,141,EL PASO (141),2190,EL PASO,5,Mayo,23,2022,16,58,ALABAMA ST,6,Calle Local Municipalidad,Urbano,Arteria Principal,Not Reported,0,Sin jurisdiccion especial,0,31.81829444,-106.4659444,Vehiculo en movimiento,Frente a Detrás,T-Intersection,Interseccion de T,Sobre calle,Ninguna,Dia total,Despejado,No,NO APLICA,99,99,99,99,1,23/05/2022,4
48,Texas,482000,1,1,1,0,215,HIDALGO (215),0,NO APLICA,7,Julio,4,2022,22,11,SR-364/LA HOMA RD,3,Highway estatal,Urbano,Arteria Menor,Not Reported,0,Sin jurisdiccion especial,20,26.29292778,-98.35178889,Peaton,El primer evento no fue una colision con un vehiculo automotor en transporte,Not an Intersection,No fue interseccion,Sobre calle,Ninguna,Oscuro sin iluminacion,Despejado,No,NO APLICA,99,98,99,98,1,04/07/2022,1
48,Texas,482001,0,0,1,0,453,TRAVIS (453),330,AUSTIN,7,Julio,17,2022,1,58,US-183,2,US Highway,Urbano,Arteria Principal,Not Reported,1,Sin jurisdiccion especial,280,30.20018333,-97.68358333,Barda,El primer evento no fue una colision con un vehiculo automotor en transporte,Not an Intersection,No fue interseccion,Fuera de la calle,Ninguna,Oscuro sin iluminacion,Despejado,No,NO APLICA,99,98,99,98,1,17/07/2022,1
48,Texas,482002,0,0,2,1,283,LA SALLE (283),2225,ENCINAL,6,Junio,30,2022,8,41,I-35/PURPLE HEART TRL,1,Interestatal,Urbano,Interestatal,State Highway Agency,1,Sin jurisdiccion especial,213,28.04463056,-99.34924444,Vehiculo Aparcado,El primer evento no fue una colision con un vehiculo automotor en transporte,Not an Intersection,No fue interseccion,Fuera de la calle,Ninguna,Dia total,Despejado,No,NO APLICA,99,99,99,99,5,30/06/2022,7
48,Texas,482003,0,0,1,0,69,CASTRO (69),0,NO APLICA,7,Julio,11,2022,6,0,FM 145,8,Otro,Rural,Colector Mayor,Not Reported,0,Sin jurisdiccion especial,268,34.37875,-102.1851722,Volcadura,El primer evento no fue una colision con un vehiculo automotor en transporte,Not an Intersection,No fue interseccion,Sobre el lado de la calle,Ninguna,Oscuro con iluminacion,Despejado,No,NO APLICA,99,98,99,98,1,11/07/2022,1
48,Texas,482004,0,0,2,0,27,BELL (27),0,NO APLICA,7,Julio,16,2022,1,56,I-14,1,Interestatal,Urbano,Interestatal,State Highway Agency,1,Sin jurisdiccion especial,26,31.12255278,-97.778375,Vehiculo en movimiento,Frente a frente,Not an Intersection,No fue interseccion,Sobre calle,Ninguna,Oscuro con iluminacion,Despejado,No,NO APLICA,1,56,2,4,3,16/07/2022,4
48,Texas,482005,0,0,1,0,329,MIDLAND (329),4560,MIDLAND,7,Julio,10,2022,23,50,SR-250 LP SVRD,7,Calle Local,Urbano,Colector Mayor,Not Reported,0,Sin jurisdiccion especial,19,31.98644167,-102.1496861,Banqueta,El primer evento no fue una colision con un vehiculo automotor en transporte,Not an Intersection,No fue interseccion,Sobre el lado de la calle,Ninguna,Oscuro con iluminacion,Despejado,No,NO APLICA,23,52,23,57,1,10/07/2022,1
48,Texas,482006,0,0,1,0,439,TARRANT (439),2450,FORT WORTH,7,Julio,6,2022,6,35,I-820,7,Calle Local,Urbano,Colector Mayor,State Highway Agency,0,Sin jurisdiccion especial,316,32.72489444,-97.22485278,Volcadura,El primer evento no fue una colision con un vehiculo automotor en transporte,Not an Intersection,No fue interseccion,Separador,Ninguna,Dia total,Despejado,No,NO APLICA,99,99,99,99,1,06/07/2022,1
48,Texas,482007,0,0,2,0,329,MIDLAND (329),4560,MIDLAND,7,Julio,13,2022,7,47,FM 1788,8,Otro,Urbano,Arteria Principal,Not Reported,1,Sin jurisdiccion especial,116,31.92441111,-102.2194806,Vehiculo en movimiento,Angulo,Four-Way Intersection,Interseccion de 4 direcciones,Sobre calle,Ninguna,Dia total,Despejado,No,NO APLICA,99,98,99,98,1,13/07/2022,2
48,Texas,482008,0,0,2,0,471,WALKER (471),4908,NEW WAVERLY,7,Julio,2,2022,20,4,I-45,1,Interestatal,Rural,Interestatal,State Highway Agency,1,Sin jurisdiccion especial,21,30.54011111,-95.49584444,Vehiculo en movimiento,Frente a Detrás,Not an Intersection,No fue interseccion,Sobre calle,Ninguna,Dia total,Despejado,No,NO APLICA,99,99,99,99,3,02/07/2022,7
48,Texas,482009,0,0,2,0,329,MIDLAND (329),0,NO APLICA,7,Julio,9,2022,23,15,SR-158,3,Highway estatal,Rural,Arteria Principal,Not Reported,1,Sin jurisdiccion especial,150,31.95091389,-101.9250778,Vehiculo en movimiento,Angulo,Four-Way Intersection,Interseccion de 4 direcciones,Sobre calle,Ninguna,Oscuro sin iluminacion,Despejado,No,NO APLICA,99,98,99,98,1,09/07/2022,3
48,Texas,482010,0,0,1,0,73,CHEROKEE (73),0,NO APLICA,7,Julio,16,2022,19,50,US-69,2,US Highway,Rural,Arteria Principal,Not Reported,1,Sin jurisdiccion especial,298,31.72610278,-95.10230833,Arbol,El primer evento no fue una colision con un vehiculo automotor en transporte,Not an Intersection,No fue interseccion,Sobre el lado de la calle,Ninguna,Atardecer,Despejado,No,NO APLICA,99,98,99,98,1,16/07/2022,1
48,Texas,482012,1,1,2,1,113,DALLAS (113),1730,DALLAS,7,Julio,17,2022,1,56,US-175,2,US Highway,Urbano,Arterial Principal -Freeway o ExpressWay,Not Reported,1,Sin jurisdiccion especial,40,32.72425,-96.69991111,Barrera de Trafico de Concreto,El primer evento no fue una colision con un vehiculo automotor en transporte,Not an Intersection,No fue interseccion,En el medio,Ninguna,Oscuro con iluminacion,Despejado,No,NO APLICA,99,99,99,99,1,17/07/2022,2
48,Texas,482013,1,1,1,0,201,HARRIS (201),3280,HOUSTON,5,Mayo,4,2022,21,5,KIRKWOOD RD,6,Calle Local Municipalidad,Urbano,Arteria Menor,Not Reported,0,Sin jurisdiccion especial,0,29.73471389,-95.58879167,Ciclista,El primer evento no fue una colision con un vehiculo automotor en transporte,T-Intersection,Interseccion de T,Sobre calle,Ninguna,Oscuro con iluminacion,Despejado,No,NO APLICA,99,99,99,99,1,04/05/2022,1
48,Texas,482014,0,0,1,0,303,LUBBOCK (303),0,NO APLICA,7,Julio,9,2022,10,41,US-62/IDALOU RD,2,US Highway,Rural,Arteria Principal,Not Reported,1,Sin jurisdiccion especial,378,33.66733333,-101.6378861,Volcadura,El primer evento no fue una colision con un vehiculo automotor en transporte,Not an Intersection,No fue interseccion,Sobre el lado de la calle,Ninguna,Dia total,Despejado,No,NO APLICA,99,99,99,99,1,09/07/2022,1
48,Texas,482015,1,1,2,0,29,BEXAR (29),6090,SAN ANTONIO,7,Julio,12,2022,22,15,WALZEM RD,6,Calle Local Municipalidad,Urbano,Arteria Menor,Not Reported,0,Sin jurisdiccion especial,24,29.5072,-98.36911944,Peaton,El primer evento no fue una colision con un vehiculo automotor en transporte,Not an Intersection,No fue interseccion,Sobre calle,Ninguna,Oscuro con iluminacion,Despejado,No,NO APLICA,99,98,99,98,1,12/07/2022,2
48,Texas,482016,0,0,2,0,329,MIDLAND (329),4560,MIDLAND,7,Julio,13,2022,22,42,SR-349 BUSINESS/BIG SPRING,3,Highway estatal,Urbano,Arteria Principal,Not Reported,1,Sin jurisdiccion especial,80,31.98698889,-102.0777667,Vehiculo en movimiento,Angulo,Four-Way Intersection,Interseccion de 4 direcciones,Sobre calle,Ninguna,Oscuro con iluminacion,Despejado,No,NO APLICA,99,99,99,99,1,13/07/2022,2
48,Texas,482017,0,0,1,0,215,HIDALGO (215),0,NO APLICA,6,Junio,29,2022,7,50,ABRAM RD,6,Calle Local Municipalidad,Urbano,Colector Mayor,Not Reported,0,Sin jurisdiccion especial,0,26.34330833,-98.38013333,Volcadura,El primer evento no fue una colision con un vehiculo automotor en transporte,Not an Intersection,No fue interseccion,Sobre calle,Ninguna,Dia total,Despejado,No,NO APLICA,99,99,99,99,3,29/06/2022,4
48,Texas,482018,0,0,1,0,113,DALLAS (113),1730,DALLAS,7,Julio,13,2022,22,23,SYLVAN AVE,6,Calle Local Municipalidad,Urbano,Arteria Menor,Not Reported,0,Sin jurisdiccion especial,0,32.75923056,-96.83548056,Volcadura,El primer evento no fue una colision con un vehiculo automotor en transporte,Not an Intersection,No fue interseccion,Sobre el lado de la calle,Ninguna,Oscuro sin iluminacion,Despejado,No,NO APLICA,99,99,99,99,1,13/07/2022,1
48,Texas,482019,0,0,1,0,113,DALLAS (113),1730,DALLAS,7,Julio,9,2022,23,23,SR-244 SPUR/NORTHWEST HWY,3,Highway estatal,Urbano,Arteria Principal,Not Reported,1,Sin jurisdiccion especial,352,32.86399722,-96.71355833,Banqueta,El primer evento no fue una colision con un vehiculo automotor en transporte,Not an Intersection,No fue interseccion,Sobre el lado de la calle,Ninguna,Oscuro con iluminacion,Despejado,No,NO APLICA,23,23,23,25,1,09/07/2022,1
48,Texas,482020,1,1,1,0,113,DALLAS (113),1730,DALLAS,7,Julio,12,2022,4,25,MOCKINGBIRD LN,6,Calle Local Municipalidad,Urbano,Arteria Menor,Not Reported,0,Sin jurisdiccion especial,0,32.82216944,-96.85791111,Peaton,El primer evento no fue una colision con un vehiculo automotor en transporte,Not an Intersection,No fue interseccion,Sobre calle,Ninguna,Oscuro con iluminacion,Despejado,No,NO APLICA,4,27,4,32,1,12/07/2022,1
48,Texas,482022,0,0,2,0,201,HARRIS (201),3280,HOUSTON,6,Junio,25,2022,3,13,SR-35/REVEILLE ST,3,Highway estatal,Urbano,Arteria Principal,Not Reported,1,Sin jurisdiccion especial,18,29.67536111,-95.28938889,Vehiculo en movimiento,Frente a frente,Four-Way Intersection,Interseccion de 4 direcciones,Sobre calle,Ninguna,Oscuro con iluminacion,Despejado,No,NO APLICA,99,99,99,99,1,25/06/2022,4
48,Texas,482023,0,0,1,0,201,HARRIS (201),3280,HOUSTON,7,Julio,9,2022,1,16,I-69 US-59,1,Interestatal,Urbano,Interestatal,State Highway Agency,1,Sin jurisdiccion especial,12,29.76321944,-95.34967222,Valla para choques,El primer evento no fue una colision con un vehiculo automotor en transporte,Not an Intersection,No fue interseccion,Gore?,Ninguna,Oscuro sin iluminacion,Despejado,No,NO APLICA,99,98,99,98,1,09/07/2022,1
48,Texas,482024,0,0,2,0,147,FANNIN (147),3940,LEONARD,7,Julio,16,2022,21,0,US-69S,2,US Highway,Urbano,Arteria Principal,Not Reported,1,Sin jurisdiccion especial,174,33.37598889,-96.23785833,Vehiculo en movimiento,Angulo,T-Intersection,Interseccion de T,Sobre calle,Ninguna,Atardecer,Despejado,No,NO APLICA,99,99,99,99,1,16/07/2022,4
48,Texas,482025,0,0,1,0,29,BEXAR (29),6090,SAN ANTONIO,7,Julio,16,2022,6,50,SR-1604 LOOP,3,Highway estatal,Urbano,Colector Mayor,Not Reported,0,Sin jurisdiccion especial,92,29.60355556,-98.53371667,Soporte de Puente,El primer evento no fue una colision con un vehiculo automotor en transporte,Not an Intersection,No fue interseccion,Separador,Construccion,Reportada como desconocida,Reportado como desconocido,No,NO APLICA,6,58,7,7,1,16/07/2022,1
48,Texas,482026,0,0,2,0,113,DALLAS (113),2800,GRAND PRAIRIE,7,Julio,12,2022,19,42,I-30,1,Interestatal,Urbano,Interestatal,State Highway Agency,1,Sin jurisdiccion especial,30,32.75885833,-96.98344722,Objeto que se habia caido del vehiculo,El primer evento no fue una colision con un vehiculo automotor en transporte,Not an Intersection,No fue interseccion,Sobre calle,Ninguna,Dia total,Despejado,No,NO APLICA,19,44,19,50,1,12/07/2022,4
48,Texas,482027,0,0,2,0,187,GUADALUPE (187),0,NO APLICA,7,Julio,7,2022,15,43,FM 467,8,Otro,Rural,Colector Mayor,Not Reported,0,Sin jurisdiccion especial,84,29.4779,-98.00911667,Vehiculo en movimiento,Angulo,Not an Intersection,No fue interseccion,Sobre calle,Ninguna,Dia total,Despejado,No,NO APLICA,99,98,99,98,1,07/07/2022,5
48,Texas,482028,0,0,1,0,29,BEXAR (29),6090,SAN ANTONIO,7,Julio,18,2022,6,57,I-410,1,Interestatal,Urbano,Interestatal,State Highway Agency,1,Sin jurisdiccion especial,12,29.32281944,-98.61726389,Fin de valla,El primer evento no fue una colision con un vehiculo automotor en transporte,Not an Intersection,No fue interseccion,Gore?,Ninguna,Oscuro con iluminacion,Despejado,No,NO APLICA,99,99,99,99,1,18/07/2022,1
48,Texas,482029,0,0,1,0,29,BEXAR (29),6090,SAN ANTONIO,7,Julio,18,2022,21,20,US-281 S,2,US Highway,Urbano,Arterial Principal -Freeway o ExpressWay,Not Reported,1,Sin jurisdiccion especial,237,29.46637222,-98.47380833,Barrera de Trafico de Concreto,El primer evento no fue una colision con un vehiculo automotor en transporte,Not an Intersection,No fue interseccion,En el medio,Ninguna,Oscuro con iluminacion,Nublado,No,NO APLICA,99,98,99,98,1,18/07/2022,1
48,Texas,482030,1,1,1,0,167,GALVESTON (167),2570,GALVESTON,7,Julio,10,2022,23,39,SR-87/BROADWAY ST,3,Highway estatal,Urbano,Arteria Principal,Not Reported,1,Sin jurisdiccion especial,55,29.29458056,-94.81336389,Peaton,El primer evento no fue una colision con un vehiculo automotor en transporte,Not an Intersection,No fue interseccion,Sobre calle,Ninguna,Oscuro con iluminacion,Despejado,No,NO APLICA,99,99,99,99,1,10/07/2022,1
48,Texas,482032,0,0,1,0,313,MADISON (313),0,NO APLICA,7,Julio,17,2022,1,12,FM 978,8,Otro,Rural,Colector Menor,Not Reported,0,Sin jurisdiccion especial,52,30.97699722,-96.03037222,Arbol,El primer evento no fue una colision con un vehiculo automotor en transporte,Not an Intersection,No fue interseccion,Fuera de la calle,Ninguna,Oscuro sin iluminacion,Despejado,No,NO APLICA,99,99,99,99,1,17/07/2022,3
48,Texas,482033,0,0,2,0,201,HARRIS (201),0,NO APLICA,6,Junio,2,2022,17,20,I-45,1,Interestatal,Urbano,Interestatal,State Highway Agency,1,Sin jurisdiccion especial,455,30.05546944,-95.43233889,Vehiculo en movimiento,Frente a Detrás,Not an Intersection,No fue interseccion,Sobre calle,Ninguna,Dia total,Despejado,No,NO APLICA,99,99,99,99,1,02/06/2022,3
48,Texas,482034,0,0,3,0,453,TRAVIS (453),0,NO APLICA,7,Julio,13,2022,21,25,FM 734/PARMER LN,8,Otro,Urbano,Arteria Principal,Not Reported,1,Sin jurisdiccion especial,4,30.44419444,-97.74271111,Vehiculo en movimiento,Frente a Detrás,Four-Way Intersection,Interseccion de 4 direcciones,Sobre calle,Ninguna,Oscuro con iluminacion,Nublado,No,NO APLICA,99,98,99,98,1,13/07/2022,3
48,Texas,482035,0,0,5,0,141,EL PASO (141),2190,EL PASO,7,Julio,15,2022,17,16,I-10,1,Interestatal,Urbano,Interestatal,State Highway Agency,1,Sin jurisdiccion especial,339,31.711375,-106.2954333,Vehiculo en movimiento,Frente a Detrás,Not an Intersection,No fue interseccion,Sobre calle,Ninguna,Dia total,Despejado,No,NO APLICA,99,99,99,99,1,15/07/2022,7
48,Texas,482036,0,0,2,0,89,COLORADO (89),0,NO APLICA,7,Julio,17,2022,13,55,US-90,2,US Highway,Rural,Colector Mayor,State Highway Agency,0,Sin jurisdiccion especial,92,29.69179444,-96.655725,Vehiculo en movimiento,Frente a frente,Not an Intersection,No fue interseccion,Sobre calle,Ninguna,Dia total,Despejado,No,NO APLICA,99,99,99,99,1,17/07/2022,3
48,Texas,482038,1,1,1,0,453,TRAVIS (453),330,AUSTIN,3,Marzo,14,2022,0,26,WEST GATE BLVD,6,Calle Local Municipalidad,Urbano,Arteria Menor,Not Reported,0,Sin jurisdiccion especial,0,30.22277778,-97.80579167,Peaton,El primer evento no fue una colision con un vehiculo automotor en transporte,Not an Intersection,No fue interseccion,Sobre calle,Ninguna,Oscuro sin iluminacion,Despejado,No,NO APLICA,99,99,99,99,1,14/03/2022,1
48,Texas,482039,0,0,1,0,39,BRAZORIA (39),0,NO APLICA,7,Julio,20,2022,5,32,SR-36,3,Highway estatal,Rural,Arteria Principal,Not Reported,1,Sin jurisdiccion especial,59,29.24461944,-95.70642778,Volcadura,El primer evento no fue una colision con un vehiculo automotor en transporte,Not an Intersection,No fue interseccion,Sobre el lado de la calle,Construccion,Oscuro sin iluminacion,Despejado,No,NO APLICA,99,98,99,98,1,20/07/2022,1
48,Texas,482040,0,0,2,0,113,DALLAS (113),6053,SACHSE,7,Julio,6,2022,16,57,SR-78/LAVON DR,3,Highway estatal,Urbano,Arteria Principal,Not Reported,1,Sin jurisdiccion especial,28,32.96888056,-96.60716944,Vehiculo en movimiento,Angulo,Four-Way Intersection,Interseccion de 4 direcciones,Sobre calle,Ninguna,Dia total,Despejado,No,NO APLICA,99,98,99,98,1,06/07/2022,2
48,Texas,482041,0,0,1,0,331,MILAM (331),0,NO APLICA,7,Julio,7,2022,20,37,FM 486,8,Otro,Rural,Colector Mayor,Not Reported,0,Sin jurisdiccion especial,127,30.537625,-97.1822,Volcadura,El primer evento no fue una colision con un vehiculo automotor en transporte,Not an Intersection,No fue interseccion,Sobre el lado de la calle,Ninguna,Oscuro sin iluminacion,Despejado,No,NO APLICA,99,98,99,98,1,07/07/2022,1