Estado,Nombre de Estado,Numero de Caso,Peatones,Personas _no_vehiculos,Vehiculos automotores,Vehiculos estacionados,Condado,Nombre Condado,Ciudad,Nombre Ciudad,Mes,Nombre Mes,Dia,Año,Hora,Minuto,Calle,Ruta,Nombre Ruta,Rural o Urbanoo,Sistema Funcional,Dueño Calle,Sistema Nacional Carreteras,Jurisdiccion Especial,Milla,Latitud,Longitud,Causa del Accidente,Tipo de Accidente,Tipo Interseccion,Columna1,Lugar en la calle,Zona de Trabajo,Luz,Clima,Autobus Escolar,Cruce de Trenes,Hora Notificacion,Minuto Notificacion,Hora Llegada,Minuto Llegada,Decesos,Fecha,PersonaVehiculo
48,Texas,482042,0,0,1,0,331,MILAM (331),0,NO APLICA,7,Julio,7,2022,20,12,FM 485,8,Otro,Rural,Colector Mayor,Not Reported,0,Sin jurisdiccion especial,100,30.89304167,-96.83812222,Barda,El primer evento no fue una colision con un vehiculo automotor en transporte,Not an Intersection,No fue interseccion,Fuera de la calle,Ninguna,Dia total,Despejado,No,NO APLICA,99,98,99,98,1,07/07/2022,1
48,Texas,482043,0,0,2,0,99,CORYELL (99),2610,GATESVILLE,7,Julio,7,2022,15,54,SR-36,3,Highway estatal,Rural,Colector Mayor,Not Reported,0,Sin jurisdiccion especial,99998,31.47860833,-97.72571389,Vehiculo en movimiento,Frente a frente,Not an Intersection,No fue interseccion,Sobre calle,Ninguna,Dia total,Despejado,No,NO APLICA,99,99,99,99,1,07/07/2022,3
48,Texas,482044,0,0,1,0,159,FRANKLIN (159),4760,MOUNT VERNON,7,Julio,11,2022,0,39,SP 423/HOLBROOK ST,8,Otro,Rural,Colector Mayor,Not Reported,0,Sin jurisdiccion especial,19,33.16283889,-95.21722222,Soporte de Puente,El primer evento no fue una colision con un vehiculo automotor en transporte,Not an Intersection,No fue interseccion,Sobre el lado de la calle,Ninguna,Oscuro sin iluminacion,Despejado,No,NO APLICA,99,98,99,98,1,11/07/2022,1
48,Texas,482045,0,0,1,0,223,HOPKINS (223),0,NO APLICA,7,Julio,16,2022,23,1,I-30,1,Interestatal,Rural,Interestatal,State Highway Agency,1,Sin jurisdiccion especial,306,33.16689167,-95.36026389,Acotamiento,El primer evento no fue una colision con un vehiculo automotor en transporte,Not an Intersection,No fue interseccion,Separador,Ninguna,Oscuro sin iluminacion,Despejado,No,NO APLICA,99,98,99,98,1,16/07/2022,1
48,Texas,482046,0,0,3,0,113,DALLAS (113),3880,LANCASTER,7,Julio,22,2022,2,58,I-20,1,Interestatal,Urbano,Interestatal,State Highway Agency,1,Sin jurisdiccion especial,158,32.64461389,-96.79155278,Vehiculo en movimiento,Frente a Detrás,Not an Intersection,No fue interseccion,Sobre calle,Ninguna,Oscuro sin iluminacion,Despejado,No,NO APLICA,99,99,99,99,1,22/07/2022,3
48,Texas,482047,0,0,1,0,27,BELL (27),6810,TEMPLE,7,Julio,14,2022,0,20,OLD WACO RD,6,Calle Local Municipalidad,Urbano,Local,Not Reported,0,Sin jurisdiccion especial,0,31.10435556,-97.42126944,Calle mal pavimentada,El primer evento no fue una colision con un vehiculo automotor en transporte,Not an Intersection,No fue interseccion,Sobre el lado de la calle,Ninguna,Oscuro sin iluminacion,Despejado,No,NO APLICA,99,98,99,98,1,14/07/2022,1
48,Texas,482048,1,1,2,0,113,DALLAS (113),1730,DALLAS,7,Julio,19,2022,22,5,I-30/RL THORNTON FWY,1,Interestatal,Urbano,Interestatal,State Highway Agency,1,Sin jurisdiccion especial,99,32.79385278,-96.70041667,Peaton,El primer evento no fue una colision con un vehiculo automotor en transporte,Not an Intersection,No fue interseccion,Sobre calle,Ninguna,Oscuro con iluminacion,Despejado,No,NO APLICA,99,98,99,98,1,19/07/2022,2
48,Texas,482049,0,0,2,0,41,BRAZOS (41),1440,COLLEGE STATION,7,Julio,18,2022,4,55,SR-6 SVRD/EARL RUDDER RD,7,Calle Local,Urbano,Colector Mayor,Not Reported,0,Sin jurisdiccion especial,91,30.64147778,-96.30862222,Vehiculo en movimiento,Angulo,Four-Way Intersection,Interseccion de 4 direcciones,Sobre calle,Ninguna,Oscuro con iluminacion,Despejado,No,NO APLICA,99,98,99,98,1,18/07/2022,2
48,Texas,482050,1,1,1,0,245,JEFFERSON (245),0,NO APLICA,7,Julio,9,2022,20,10,CR-BURRELL WINGATE RD,4,Calle del Condado,Rural,Local,Not Reported,0,Sin jurisdiccion especial,0,29.88694444,-94.21843889,No vehiculo o remolque,El primer evento no fue una colision con un vehiculo automotor en transporte,Not an Intersection,No fue interseccion,Sobre el lado de la calle,Ninguna,Atardecer,Despejado,No,NO APLICA,20,14,20,36,1,09/07/2022,1
48,Texas,482051,0,0,2,0,85,COLLIN (85),5530,PRINCETON,7,Julio,18,2022,13,24,FM 982,8,Otro,Urbano,Colector Mayor,Not Reported,0,Sin jurisdiccion especial,21,33.15491389,-96.49444444,Vehiculo en movimiento,Angulo,Not an Intersection,No fue interseccion,Sobre calle,Ninguna,Dia total,Despejado,No,NO APLICA,99,99,99,99,1,18/07/2022,4
48,Texas,482053,1,1,1,0,99,CORYELL (99),1540,COPPERAS COVE,7,Julio,21,2022,11,54,US-190,2,US Highway,Urbano,Arteria Principal,Not Reported,1,Sin jurisdiccion especial,40,31.12068333,-97.87046667,Peaton,El primer evento no fue una colision con un vehiculo automotor en transporte,Not an Intersection,No fue interseccion,Sobre calle,Construccion,Dia total,Despejado,No,NO APLICA,99,99,99,99,1,21/07/2022,1
48,Texas,482054,0,0,2,0,307,MCCULLOCH (307),830,BRADY,7,Julio,18,2022,1,46,US-87/US-377/BRIDGE ST,2,US Highway,Urbano,Arteria Principal,Not Reported,1,Sin jurisdiccion especial,181,31.12600278,-99.33516111,Vehiculo en movimiento,Frente a frente,Four-Way Intersection,Interseccion de 4 direcciones,Sobre calle,Ninguna,Oscuro con iluminacion,Despejado,No,NO APLICA,99,99,99,99,1,18/07/2022,2
48,Texas,482055,0,0,3,0,85,COLLIN (85),4230,MCKINNEY,6,Junio,26,2022,15,46,SR-121 SVRD,7,Calle Local,Urbano,Colector Mayor,Not Reported,0,Sin jurisdiccion especial,99998,33.14063056,-96.69161389,Vehiculo en movimiento,Angulo,Four-Way Intersection,Interseccion de 4 direcciones,Sobre calle,Ninguna,Dia total,Despejado,No,NO APLICA,99,99,99,99,1,26/06/2022,3
48,Texas,482056,1,1,1,0,85,COLLIN (85),4230,MCKINNEY,7,Julio,3,2022,22,29,ELDORADO PKWY,6,Calle Local Municipalidad,Urbano,Arteria Menor,Not Reported,0,Sin jurisdiccion especial,0,33.17206667,-96.63712778,Peaton,El primer evento no fue una colision con un vehiculo automotor en transporte,Not an Intersection,No fue interseccion,Sobre calle,Ninguna,Oscuro sin iluminacion,Despejado,No,NO APLICA,99,99,99,99,1,03/07/2022,1
48,Texas,482057,1,1,1,0,29,BEXAR (29),6090,SAN ANTONIO,7,Julio,1,2022,22,2,I-35,1,Interestatal,Urbano,Interestatal,State Highway Agency,1,Sin jurisdiccion especial,166,29.34978333,-98.53567778,Peaton,El primer evento no fue una colision con un vehiculo automotor en transporte,Not an Intersection,No fue interseccion,Sobre calle,Ninguna,Oscuro con iluminacion,Despejado,No,NO APLICA,99,98,99,98,1,01/07/2022,1
48,Texas,482058,1,1,1,0,29,BEXAR (29),6090,SAN ANTONIO,7,Julio,13,2022,1,0,LOOP 410,6,Calle Local Municipalidad,Urbano,Colector Mayor,Not Reported,0,Sin jurisdiccion especial,423,29.32325,-98.43564167,Peaton,El primer evento no fue una colision con un vehiculo automotor en transporte,Not an Intersection,No fue interseccion,Sobre calle,Ninguna,Oscuro sin iluminacion,Despejado,No,NO APLICA,99,98,99,98,1,13/07/2022,1
48,Texas,482059,0,0,2,0,55,CALDWELL (55),4040,LOCKHART,6,Junio,20,2022,13,43,FM 20 STATE PARK RD,8,Otro,Urbano,Arteria Menor,Not Reported,0,Sin jurisdiccion especial,110,29.86681667,-97.68026944,Vehiculo en movimiento,Angulo,T-Intersection,Interseccion de T,Sobre calle,Ninguna,Dia total,Despejado,No,NO APLICA,99,98,99,98,2,20/06/2022,3
48,Texas,482060,0,0,1,0,133,EASTLAND (133),0,NO APLICA,7,Julio,18,2022,19,45,CR-141,4,Calle del Condado,Rural,Local,Not Reported,0,Sin jurisdiccion especial,0,32.33576944,-99.04410278,Volcadura,El primer evento no fue una colision con un vehiculo automotor en transporte,Not an Intersection,No fue interseccion,Sobre el lado de la calle,Ninguna,Dia total,Despejado,No,NO APLICA,99,98,99,98,1,18/07/2022,1
48,Texas,482061,0,0,1,0,55,CALDWELL (55),9997,Other,7,Julio,18,2022,0,40,SR-21,3,Highway estatal,Rural,Arteria Principal,Not Reported,1,Sin jurisdiccion especial,19,30.02910278,-97.68212222,Animal vivo,El primer evento no fue una colision con un vehiculo automotor en transporte,Not an Intersection,No fue interseccion,Sobre calle,Ninguna,Oscuro sin iluminacion,Despejado,No,NO APLICA,99,99,99,99,1,18/07/2022,3
48,Texas,482062,0,0,2,0,135,ECTOR (135),0,NO APLICA,7,Julio,11,2022,21,10,SR-302,3,Highway estatal,Urbano,Arteria Menor,Not Reported,0,Sin jurisdiccion especial,182,31.88455833,-102.4570139,Vehiculo en movimiento,Angulo,Four-Way Intersection,Interseccion de 4 direcciones,Sobre calle,Ninguna,Oscuro con iluminacion,Despejado,No,NO APLICA,99,99,99,99,3,11/07/2022,5
48,Texas,482063,0,0,2,0,311,MCMULLEN (311),0,NO APLICA,7,Julio,13,2022,7,28,FM 624,8,Otro,Rural,Colector Mayor,Not Reported,0,Sin jurisdiccion especial,78,28.17095833,-98.681675,Vehiculo en movimiento,Frente a Detrás,Not an Intersection,No fue interseccion,Sobre calle,Ninguna,Dia total,Despejado,No,NO APLICA,99,99,99,99,2,13/07/2022,5
48,Texas,482064,1,1,1,0,113,DALLAS (113),1730,DALLAS,7,Julio,16,2022,12,24,I-635,7,Calle Local,Urbano,Colector Mayor,State Highway Agency,0,Sin jurisdiccion especial,130,32.91342222,-96.87370833,Peaton,El primer evento no fue una colision con un vehiculo automotor en transporte,Not an Intersection,No fue interseccion,Sobre calle,Ninguna,Dia total,Despejado,No,NO APLICA,99,98,99,98,1,16/07/2022,1
48,Texas,482065,0,0,2,0,291,LIBERTY (291),0,NO APLICA,7,Julio,18,2022,13,49,CR-5017,4,Calle del Condado,Trafficway Not in State Inventory,Via no en inventario estatal,Trafficway Not in State Inventory,0,Sin jurisdiccion especial,0,30.202325,-95.06853333,Vehiculo en movimiento,Angulo,Four-Way Intersection,Interseccion de 4 direcciones,Sobre calle,Ninguna,Dia total,Despejado,No,NO APLICA,99,99,99,99,1,18/07/2022,3
48,Texas,482066,0,0,2,0,279,LAMB (279),4010,LITTLEFIELD,7,Julio,20,2022,10,50,US-84,2,US Highway,Urbano,Arteria Principal,Not Reported,1,Sin jurisdiccion especial,257,33.90326944,-102.2977556,Vehiculo en movimiento,Angulo,Four-Way Intersection,Interseccion de 4 direcciones,Sobre calle,Ninguna,Dia total,Despejado,No,NO APLICA,99,99,99,99,2,20/07/2022,5
48,Texas,482067,0,0,2,0,329,MIDLAND (329),9997,Other,7,Julio,7,2022,18,55,SR-191,3,Highway estatal,Urbano,Arterial Principal -Freeway o ExpressWay,Not Reported,1,Sin jurisdiccion especial,23,31.94208611,-102.2740806,Vehiculo en movimiento,Frente a Detrás,Not an Intersection,No fue interseccion,Sobre calle,Construccion,Dia total,Despejado,No,NO APLICA,99,99,99,99,1,07/07/2022,3
48,Texas,482068,0,0,2,0,423,SMITH (423),0,NO APLICA,7,Julio,22,2022,5,17,SR-110,3,Highway estatal,Urbano,Arteria Menor,Not Reported,0,Sin jurisdiccion especial,165,32.40490278,-95.391425,Vehiculo en movimiento,Frente a frente,Not an Intersection,No fue interseccion,Sobre calle,Ninguna,Oscuro sin iluminacion,Nublado,No,NO APLICA,99,98,99,98,5,22/07/2022,5
48,Texas,482070,0,0,1,0,213,HENDERSON (213),0,NO APLICA,7,Julio,20,2022,21,50,RM 2329,8,Otro,Rural,Colector Mayor,Not Reported,0,Sin jurisdiccion especial,53,32.25251111,-95.95076667,Animal vivo,El primer evento no fue una colision con un vehiculo automotor en transporte,Not an Intersection,No fue interseccion,Sobre calle,Ninguna,Oscuro sin iluminacion,Despejado,No,NO APLICA,99,98,99,98,1,20/07/2022,1
48,Texas,482071,0,0,1,0,375,POTTER (375),150,AMARILLO,7,Julio,17,2022,23,57,ROSS ST,6,Calle Local Municipalidad,Urbano,Arteria Menor,Not Reported,0,Sin jurisdiccion especial,0,35.20805,-101.8146,Banqueta,El primer evento no fue una colision con un vehiculo automotor en transporte,Not an Intersection,No fue interseccion,En el medio,Ninguna,Oscuro con iluminacion,Despejado,No,NO APLICA,99,98,99,98,1,17/07/2022,1
48,Texas,482072,0,0,1,0,257,KAUFMAN (257),0,NO APLICA,7,Julio,22,2022,6,26,US-175,2,US Highway,Rural,Arteria Principal,Not Reported,1,Sin jurisdiccion especial,116,32.49678056,-96.25731667,Acotamiento,El primer evento no fue una colision con un vehiculo automotor en transporte,Not an Intersection,No fue interseccion,En el medio,Ninguna,Oscuro sin iluminacion,Despejado,No,NO APLICA,99,98,99,98,1,22/07/2022,1
48,Texas,482073,0,0,2,0,133,EASTLAND (133),0,NO APLICA,7,Julio,5,2022,21,10,SR-36,3,Highway estatal,Rural,Arteria Menor,Not Reported,0,Sin jurisdiccion especial,10,32.11217778,-99.11045,Vehiculo en movimiento,Frente a Detrás,T-Intersection,Interseccion de T,Sobre calle,Ninguna,Oscuro sin iluminacion,Despejado,No,NO APLICA,99,98,99,98,1,05/07/2022,2
48,Texas,482074,0,0,2,0,61,CAMERON (61),0,NO APLICA,7,Julio,16,2022,0,36,I-69 E,1,Interestatal,Urbano,Interestatal,State Highway Agency,1,Sin jurisdiccion especial,189,26.26908889,-97.74561111,Barrera de Trafico de Concreto,El primer evento no fue una colision con un vehiculo automotor en transporte,Not an Intersection,No fue interseccion,Separador,Ninguna,Oscuro sin iluminacion,Despejado,No,NO APLICA,99,99,99,99,1,16/07/2022,3
48,Texas,482075,0,0,2,0,427,STARR (427),0,NO APLICA,7,Julio,5,2022,20,27,CR-WOODS BROTHERS RD,4,Calle del Condado,Rural,Local,Not Reported,0,Sin jurisdiccion especial,0,26.49590278,-98.73885,Vehiculo en movimiento,Frente a frente,Not an Intersection,No fue interseccion,Sobre calle,Ninguna,Atardecer,Despejado,No,NO APLICA,99,99,99,99,1,05/07/2022,3
48,Texas,482076,0,0,2,0,381,RANDALL (381),1160,CANYON,7,Julio,18,2022,7,22,I-27 SVRD,7,Calle Local,Urbano,Colector Mayor,Not Reported,0,Sin jurisdiccion especial,166,34.98199167,-101.8816167,Vehiculo en movimiento,Frente a frente,Y-Intersection,Interseccion de Y,Sobre calle,Ninguna,Dia total,Despejado,No,NO APLICA,99,98,99,98,1,18/07/2022,2
48,Texas,482077,1,1,1,0,201,HARRIS (201),0,NO APLICA,7,Julio,19,2022,22,46,ALIEF CLODINE RD,6,Calle Local Municipalidad,Urbano,Arteria Principal,Not Reported,0,Sin jurisdiccion especial,0,29.71156667,-95.633375,Peaton,El primer evento no fue una colision con un vehiculo automotor en transporte,Not an Intersection,No fue interseccion,Sobre calle,Ninguna,Oscuro sin iluminacion,Despejado,No,NO APLICA,99,99,99,99,1,19/07/2022,1
48,Texas,482078,2,2,2,1,113,DALLAS (113),1730,DALLAS,7,Julio,16,2022,23,56,SR-12 LP/WALTON WALKER BLVD,3,Highway estatal,Urbano,Arteria Principal,Not Reported,1,Sin jurisdiccion especial,118,32.72192222,-96.91715556,Peaton,El primer evento no fue una colision con un vehiculo automotor en transporte,Not an Intersection,No fue interseccion,Sobre Acotamiento,Ninguna,Oscuro sin iluminacion,Despejado,No,NO APLICA,99,98,99,98,1,16/07/2022,1
48,Texas,482079,1,1,1,0,201,HARRIS (201),0,NO APLICA,7,Julio,22,2022,21,53,FM 2100/CROSBY LYNCHBURG RD,8,Otro,Urbano,Arteria Principal,Not Reported,1,Sin jurisdiccion especial,94,29.89203611,-95.06335278,No vehiculo o remolque,El primer evento no fue una colision con un vehiculo automotor en transporte,Not an Intersection,No fue interseccion,"Izquierda continua, carril de vuelta",Ninguna,Oscuro con iluminacion,Nublado,No,NO APLICA,99,99,99,99,1,22/07/2022,1
48,Texas,482080,0,0,2,0,245,JEFFERSON (245),5430,PORT ARTHUR,7,Julio,25,2022,5,49,SR-73,3,Highway estatal,Urbano,Arteria Principal,Not Reported,1,Sin jurisdiccion especial,241,29.88511389,-94.00076389,Vehiculo en movimiento,Angulo,T-Intersection,Interseccion de T,Sobre calle,Ninguna,Amanecer,Nublado,No,NO APLICA,99,98,99,98,1,25/07/2022,3
48,Texas,482081,0,0,2,0,477,WASHINGTON (477),0,NO APLICA,4,Abril,23,2022,12,45,US-290,2,US Highway,Rural,Arteria Principal,Not Reported,1,Sin jurisdiccion especial,307,30.12915556,-96.19884722,Vehiculo en movimiento,Angulo,T-Intersection,Interseccion de T,Sobre calle,Ninguna,Dia total,Despejado,No,NO APLICA,99,98,99,98,1,23/04/2022,5
48,Texas,482082,2,2,1,0,61,CAMERON (61),0,NO APLICA,7,Julio,10,2022,17,22,CR-BEACH ROAD,4,Calle del Condado,Trafficway Not in State Inventory,Via no en inventario estatal,Trafficway Not in State Inventory,0,Sin jurisdiccion especial,99998,26.04504722,-97.35569167,Peaton,El primer evento no fue una colision con un vehiculo automotor en transporte,Not an Intersection,No fue interseccion,Fuera de la calle,Ninguna,Dia total,Despejado,No,NO APLICA,99,99,99,99,1,10/07/2022,1
48,Texas,482083,0,0,1,0,37,BOWIE (37),0,NO APLICA,7,Julio,23,2022,6,1,US-67 7TH ST,2,US Highway,Rural,Arteria Principal,Not Reported,0,Sin jurisdiccion especial,82,33.39652778,-94.17613056,Poste de Señal de trafico,El primer evento no fue una colision con un vehiculo automotor en transporte,Not an Intersection,No fue interseccion,Sobre el lado de la calle,Ninguna,Oscuro sin iluminacion,Despejado,No,NO APLICA,99,99,99,99,1,23/07/2022,1
48,Texas,482084,0,0,3,1,453,TRAVIS (453),330,AUSTIN,7,Julio,25,2022,8,54,I-35 SVRD,7,Calle Local,Urbano,Colector Mayor,Not Reported,0,Sin jurisdiccion especial,123,30.19513056,-97.76749722,Vehiculo en movimiento,Angulo,Not an Intersection,No fue interseccion,Sobre el lado de la calle,Ninguna,Dia total,Despejado,No,NO APLICA,99,99,99,99,1,25/07/2022,2
48,Texas,482085,0,0,2,0,55,CALDWELL (55),0,NO APLICA,7,Julio,1,2022,2,32,I-10,1,Interestatal,Rural,Interestatal,State Highway Agency,1,Sin jurisdiccion especial,25,29.64992778,-97.60901667,Vehiculo en movimiento,Frente a Detrás,Not an Intersection,No fue interseccion,Sobre calle,Ninguna,Oscuro sin iluminacion,Despejado,No,NO APLICA,99,99,99,99,1,01/07/2022,2
48,Texas,482086,0,0,1,0,479,WEBB (479),3899,LAREDO,7,Julio,18,2022,1,33,US-59/SR-20 LP/BOB BULLOCK LP,2,US Highway,Urbano,Arteria Principal,Not Reported,1,Sin jurisdiccion especial,108,27.54358333,-99.45224722,Soporte de  señalamiento de transito,El primer evento no fue una colision con un vehiculo automotor en transporte,Four-Way Intersection,Interseccion de 4 direcciones,Isla de trafico para peatones,Ninguna,Oscuro con iluminacion,Despejado,No,NO APLICA,99,99,99,99,1,18/07/2022,2
48,Texas,482087,0,0,2,0,99,CORYELL (99),0,NO APLICA,7,Julio,22,2022,14,33,FM 929,8,Otro,Urbano,Colector Mayor,Not Reported,0,Sin jurisdiccion especial,26,31.47630556,-97.70785556,Vehiculo en movimiento,Frente a frente,Not an Intersection,No fue interseccion,Sobre calle,Ninguna,Dia total,Despejado,No,NO APLICA,99,99,99,99,1,22/07/2022,2
48,Texas,482088,0,0,1,0,389,REEVES (389),0,NO APLICA,7,Julio,20,2022,7,10,I-20,1,Interestatal,Rural,Interestatal,State Highway Agency,1,Sin jurisdiccion especial,179,31.20262222,-103.9267972,Volcadura,El primer evento no fue una colision con un vehiculo automotor en transporte,Not an Intersection,No fue interseccion,Separador,Ninguna,Oscuro con iluminacion,Despejado,No,NO APLICA,99,99,99,99,1,20/07/2022,4
48,Texas,482089,1,1,1,0,215,HIDALGO (215),4197,MCALLEN,7,Julio,24,2022,21,13,US-83,2,US Highway,Urbano,Arteria Principal,Not Reported,1,Sin jurisdiccion especial,83,26.20149167,-98.21929722,Peaton,El primer evento no fue una colision con un vehiculo automotor en transporte,Four-Way Intersection,Interseccion de 4 direcciones,Sobre calle,Ninguna,Oscuro sin iluminacion,Despejado,No,NO APLICA,99,99,99,99,1,24/07/2022,1
48,Texas,482090,0,0,2,0,257,KAUFMAN (257),0,NO APLICA,7,Julio,17,2022,3,58,I-20,1,Interestatal,Urbano,Interestatal,State Highway Agency,1,Sin jurisdiccion especial,41,32.69971944,-96.44996944,Vehiculo en movimiento,Golpe Lateral - misma direccion,Not an Intersection,No fue interseccion,Sobre calle,Ninguna,Oscuro sin iluminacion,Despejado,No,NO APLICA,99,99,99,99,1,17/07/2022,4
48,Texas,482091,0,0,2,0,321,MATAGORDA (321),4395,MATAGORDA,7,Julio,17,2022,14,14,SR-60,3,Highway estatal,Rural,Colector Mayor,Not Reported,0,Sin jurisdiccion especial,317,28.69880556,-95.95773056,Vehiculo en movimiento,Angulo,Four-Way Intersection,Interseccion de 4 direcciones,Sobre calle,Ninguna,Dia total,Despejado,No,NO APLICA,99,99,99,99,1,17/07/2022,6
48,Texas,482092,0,0,1,0,201,HARRIS (201),0,NO APLICA,4,Abril,9,2022,19,44,PARKFORD MEADOW DR,6,Calle Local Municipalidad,Urbano,Local,Not Reported,0,Sin jurisdiccion especial,0,29.88081667,-95.72856389,Volcadura,El primer evento no fue una colision con un vehiculo automotor en transporte,Not an Intersection,No fue interseccion,Sobre calle,Ninguna,Atardecer,Despejado,No,NO APLICA,99,99,99,99,1,09/04/2022,2
48,Texas,482093,0,0,1,0,339,MONTGOMERY (339),1510,CONROE,7,Julio,23,2022,22,42,I-45 SVRD,7,Calle Local,Urbano,Colector Mayor,Not Reported,0,Sin jurisdiccion especial,89,30.23603056,-95.45924722,Banqueta,El primer evento no fue una colision con un vehiculo automotor en transporte,Not an Intersection,No fue interseccion,Gore?,Ninguna,Oscuro con iluminacion,Despejado,No,NO APLICA,99,98,99,98,1,23/07/2022,1
48,Texas,482094,1,1,1,0,215,HIDALGO (215),2110,EDINBURG,7,Julio,7,2022,21,59,US-281 BUSINESS/CLOSNER BLVD,2,US Highway,Urbano,Arteria Principal,Not Reported,1,Sin jurisdiccion especial,37,26.30875833,-98.16108333,No vehiculo o remolque,El primer evento no fue una colision con un vehiculo automotor en transporte,Not an Intersection,No fue interseccion,Sobre calle,Ninguna,Oscuro con iluminacion,Despejado,No,NO APLICA,99,99,99,99,1,07/07/2022,2
48,Texas,482095,0,0,1,0,113,DALLAS (113),7520,WILMER,7,Julio,20,2022,17,25,I-45,1,Interestatal,Urbano,Interestatal,State Highway Agency,1,Sin jurisdiccion especial,50,32.61713611,-96.69168889,Poste de Señal de trafico,El primer evento no fue una colision con un vehiculo automotor en transporte,Not an Intersection,No fue interseccion,Gore?,Ninguna,Dia total,Despejado,No,NO APLICA,99,98,99,98,1,20/07/2022,1
48,Texas,482096,0,0,1,0,77,CLAY (77),0,NO APLICA,7,Julio,22,2022,19,0,US-82,2,US Highway,Rural,Arteria Principal,Not Reported,1,Sin jurisdiccion especial,118,33.82669167,-98.24018611,Puente de Ferrocarril,El primer evento no fue una colision con un vehiculo automotor en transporte,Not an Intersection,No fue interseccion,En el medio,Ninguna,Dia total,Despejado,No,NO APLICA,99,99,99,99,1,22/07/2022,4
48,Texas,482097,0,0,2,0,225,HOUSTON (225),0,NO APLICA,7,Julio,24,2022,17,3,SR-7,3,Highway estatal,Urbano,Arteria Principal,Not Reported,1,Sin jurisdiccion especial,189,31.38117778,-95.15531667,Vehiculo en movimiento,Angulo,Not an Intersection,No fue interseccion,Sobre calle,Ninguna,Dia total,lluvia,No,NO APLICA,99,99,99,99,2,24/07/2022,4
48,Texas,482098,0,0,1,0,113,DALLAS (113),2590,GARLAND,7,Julio,23,2022,21,50,BROADWAY BLVD,6,Calle Local Municipalidad,Urbano,Arteria Principal,Not Reported,0,Sin jurisdiccion especial,0,32.86341389,-96.60365,Banqueta,El primer evento no fue una colision con un vehiculo automotor en transporte,Not an Intersection,No fue interseccion,Sobre el lado de la calle,Ninguna,Oscuro con iluminacion,Despejado,No,NO APLICA,99,99,99,99,1,23/07/2022,1
48,Texas,482099,0,0,2,0,233,HUTCHINSON (233),0,NO APLICA,7,Julio,13,2022,19,9,SR-136,3,Highway estatal,Rural,Colector Mayor,Not Reported,0,Sin jurisdiccion especial,32,36.02336111,-101.4622694,Vehiculo en movimiento,Angulo,Four-Way Intersection,Interseccion de 4 direcciones,Sobre calle,Ninguna,Dia total,Despejado,No,NO APLICA,99,99,99,99,2,13/07/2022,4
48,Texas,482100,0,0,2,0,67,CASS (67),0,NO APLICA,7,Julio,24,2022,9,55,FM 161,8,Otro,Rural,Colector Mayor,Not Reported,0,Sin jurisdiccion especial,28,33.05947778,-94.62235833,Vehiculo en movimiento,Angulo,Four-Way Intersection,Interseccion de 4 direcciones,Sobre calle,Ninguna,Dia total,Despejado,No,NO APLICA,99,99,99,99,1,24/07/2022,4
48,Texas,482101,0,0,2,0,439,TARRANT (439),2990,HALTOM CITY,7,Julio,24,2022,2,16,US-377/BELKNAP ST,2,US Highway,Urbano,Arteria Principal,Not Reported,1,Sin jurisdiccion especial,14,32.78608333,-97.28360833,Vehiculo en movimiento,Frente a Detrás,Not an Intersection,No fue interseccion,Sobre calle,Ninguna,Oscuro con iluminacion,Despejado,No,NO APLICA,99,98,99,98,1,24/07/2022,2
48,Texas,482102,0,0,2,0,39,BRAZORIA (39),3800,LAKE JACKSON,7,Julio,13,2022,1,31,SR-288,3,Highway estatal,Urbano,Arterial Principal -Freeway o ExpressWay,Not Reported,1,Sin jurisdiccion especial,95,29.02915556,-95.43926389,Vehiculo en movimiento,Frente a frente,Not an Intersection,No fue interseccion,Sobre calle,Ninguna,Oscuro sin iluminacion,Nublado,No,NO APLICA,99,99,99,99,1,13/07/2022,3
48,Texas,482103,0,0,5,3,27,BELL (27),6810,TEMPLE,7,Julio,20,2022,13,32,I-35/PURPLE HEART TRL,1,Interestatal,Urbano,Interestatal,State Highway Agency,1,Sin jurisdiccion especial,190,31.08368889,-97.40841944,Vehiculo en movimiento,Golpe Lateral - misma direccion,Not an Intersection,No fue interseccion,Sobre calle,Ninguna,Dia total,Despejado,No,NO APLICA,99,99,99,99,1,20/07/2022,8
48,Texas,482104,0,0,3,0,39,BRAZORIA (39),130,ALVIN,7,Julio,27,2022,0,57,SR-6,3,Highway estatal,Urbano,Arteria Principal,Not Reported,1,Sin jurisdiccion especial,126,29.43173889,-95.25206944,Vehiculo en movimiento,Frente a frente,Not an Intersection,No fue interseccion,Sobre calle,Ninguna,Oscuro con iluminacion,Nublado,No,NO APLICA,99,99,99,99,1,27/07/2022,3
48,Texas,482105,1,1,1,0,85,COLLIN (85),92,ALLEN,7,Julio,24,2022,0,46,US-75/CENTRAL EXPY,7,Calle Local,Urbano,Colector Mayor,Not Reported,0,Sin jurisdiccion especial,43,33.12706389,-96.66180556,Peaton,El primer evento no fue una colision con un vehiculo automotor en transporte,Not an Intersection,No fue interseccion,Sobre calle,Ninguna,Oscuro sin iluminacion,Despejado,No,NO APLICA,99,99,99,99,1,24/07/2022,2
48,Texas,482106,0,0,2,0,231,HUNT (231),2860,GREENVILLE,7,Julio,6,2022,10,55,SR-34/WESLEY ST,3,Highway estatal,Urbano,Arteria Principal,Not Reported,1,Sin jurisdiccion especial,36,33.08248611,-96.10866944,Vehiculo en movimiento,Angulo,T-Intersection,Interseccion de T,Sobre calle,Ninguna,Dia total,Despejado,No,NO APLICA,99,99,99,99,2,06/07/2022,3