Estado,Nombre de Estado,Numero de Caso,Peatones,Personas _no_vehiculos,Vehiculos automotores,Vehiculos estacionados,Condado,Nombre Condado,Ciudad,Nombre Ciudad,Mes,Nombre Mes,Dia,Año,Hora,Minuto,Calle,Ruta,Nombre Ruta,Rural o Urbanoo,Sistema Funcional,Dueño Calle,Sistema Nacional Carreteras,Jurisdiccion Especial,Milla,Latitud,Longitud,Causa del Accidente,Tipo de Accidente,Tipo Interseccion,Columna1,Lugar en la calle,Zona de Trabajo,Luz,Clima,Autobus Escolar,Cruce de Trenes,Hora Notificacion,Minuto Notificacion,Hora Llegada,Minuto Llegada,Decesos,Fecha,PersonaVehiculo
48,Texas,482108,0,0,5,0,439,TARRANT (439),2255,EULESS,7,Julio,24,2022,19,30,SR-183,3,Highway estatal,Urbano,Arterial Principal -Freeway o ExpressWay,Not Reported,1,Sin jurisdiccion especial,32,32.83708611,-97.07026944,Vehiculo en movimiento,Frente a frente,Not an Intersection,No fue interseccion,Sobre calle,Ninguna,Dia total,Despejado,No,NO APLICA,99,99,99,99,1,24/07/2022,11
48,Texas,482110,0,0,1,0,157,FORT BEND (157),0,NO APLICA,7,Julio,20,2022,17,7,US-59,2,US Highway,Rural,Arteria Principal,Not Reported,1,Sin jurisdiccion especial,99998,29.46873611,-95.96416944,Fin de valla,El primer evento no fue una colision con un vehiculo automotor en transporte,Not an Intersection,No fue interseccion,Separador,Construccion,Dia total,Despejado,No,NO APLICA,99,99,99,99,1,20/07/2022,2
48,Texas,482111,0,0,2,0,439,TARRANT (439),2450,FORT WORTH,7,Julio,25,2022,6,28,SR-180/ROSEDALE ST,3,Highway estatal,Urbano,Arteria Menor,Not Reported,0,Sin jurisdiccion especial,99998,32.73128611,-97.25828611,Vehiculo en movimiento,Angulo,T-Intersection,Interseccion de T,Sobre calle,Ninguna,Amanecer,Despejado,No,NO APLICA,99,99,99,99,1,25/07/2022,2
48,Texas,482112,0,0,2,0,49,BROWN (49),2035,EARLY,7,Julio,22,2022,10,43,US-183,2,US Highway,Urbano,Arteria Principal,State Highway Agency,0,Sin jurisdiccion especial,246,31.73785556,-98.96323611,Vehiculo en movimiento,Angulo,T-Intersection,Interseccion de T,Sobre calle,Ninguna,Dia total,Despejado,No,NO APLICA,99,99,99,99,1,22/07/2022,2
48,Texas,482113,1,1,2,1,113,DALLAS (113),1730,DALLAS,7,Julio,23,2022,2,24,CLARENDON DR,6,Calle Local Municipalidad,Urbano,Colector Mayor,Not Reported,0,Sin jurisdiccion especial,0,32.73444444,-96.86951389,Peaton,El primer evento no fue una colision con un vehiculo automotor en transporte,Not an Intersection,No fue interseccion,Sobre calle,Ninguna,Oscuro sin iluminacion,Despejado,No,NO APLICA,99,99,99,99,1,23/07/2022,1
48,Texas,482114,0,0,1,0,201,HARRIS (201),0,NO APLICA,7,Julio,20,2022,22,30,IMPERIAL VALLEY DR,6,Calle Local Municipalidad,Urbano,Local,Not Reported,0,Sin jurisdiccion especial,0,29.97684444,-95.40873611,Volcadura,El primer evento no fue una colision con un vehiculo automotor en transporte,Not an Intersection,No fue interseccion,Fuera de la calle,Ninguna,Oscuro con iluminacion,Despejado,No,NO APLICA,99,99,99,99,2,20/07/2022,5
48,Texas,482115,0,0,2,0,209,HAYS (209),6170,SAN MARCOS,7,Julio,15,2022,1,15,SR-123,3,Highway estatal,Urbano,Arteria Principal,Not Reported,1,Sin jurisdiccion especial,135,29.81870278,-97.94339167,Vehiculo en movimiento,Frente a Detrás,Not an Intersection,No fue interseccion,Sobre calle,Ninguna,Oscuro sin iluminacion,Despejado,No,NO APLICA,99,99,99,99,1,15/07/2022,2
48,Texas,482116,0,0,2,0,5,ANGELINA (5),0,NO APLICA,7,Julio,9,2022,18,12,US-69,2,US Highway,Urbano,Arteria Principal,Not Reported,1,Sin jurisdiccion especial,31,31.30893333,-94.67936667,Vehiculo en movimiento,Angulo,Not an Intersection,No fue interseccion,Sobre calle,Ninguna,Dia total,Despejado,No,NO APLICA,99,98,99,98,1,09/07/2022,2
48,Texas,482117,0,0,2,0,157,FORT BEND (157),0,NO APLICA,7,Julio,26,2022,9,29,SR-36 W/ TEXAS INDEPENDENT TRL,3,Highway estatal,Rural,Arteria Principal,Not Reported,1,Sin jurisdiccion especial,30,29.60396667,-95.97786944,Vehiculo en movimiento,Angulo,Four-Way Intersection,Interseccion de 4 direcciones,Sobre calle,Ninguna,Dia total,Despejado,No,NO APLICA,99,99,99,99,1,26/07/2022,3
48,Texas,482118,1,1,1,0,47,BROOKS (47),0,NO APLICA,4,Abril,8,2022,20,30,US-281,2,US Highway,Rural,Arteria Principal,Not Reported,1,Sin jurisdiccion especial,118,27.09565556,-98.14721111,Peaton,El primer evento no fue una colision con un vehiculo automotor en transporte,Not an Intersection,No fue interseccion,Sobre calle,Ninguna,Oscuro con iluminacion,Despejado,No,NO APLICA,99,98,99,98,1,08/04/2022,1
48,Texas,482119,0,0,4,0,113,DALLAS (113),1730,DALLAS,7,Julio,21,2022,18,0,US-175,2,US Highway,Urbano,Arterial Principal -Freeway o ExpressWay,Not Reported,1,Sin jurisdiccion especial,82,32.69421944,-96.63781944,Vehiculo en movimiento,Frente a Detrás,Not an Intersection,No fue interseccion,Sobre calle,Ninguna,Dia total,Despejado,No,NO APLICA,99,99,99,99,1,21/07/2022,8
48,Texas,482120,0,0,2,0,215,HIDALGO (215),0,NO APLICA,7,Julio,10,2022,19,48,FM 2221,8,Otro,Urbano,Arteria Menor,Not Reported,0,Sin jurisdiccion especial,209,26.32533889,-98.37669444,Vehiculo en movimiento,Angulo,Four-Way Intersection,Interseccion de 4 direcciones,Sobre calle,Ninguna,Dia total,Despejado,No,NO APLICA,99,99,99,99,1,10/07/2022,2
48,Texas,482121,0,0,2,1,491,WILLIAMSON (491),2620,GEORGETOWN,7,Julio,23,2022,3,43,I-35/PURPLE HEART TRL,1,Interestatal,Urbano,Interestatal,State Highway Agency,1,Sin jurisdiccion especial,73,30.58409722,-97.69301389,Vehiculo Aparcado,El primer evento no fue una colision con un vehiculo automotor en transporte,Not an Intersection,No fue interseccion,Sobre Acotamiento,Ninguna,Oscuro con iluminacion,Despejado,No,NO APLICA,99,99,99,99,1,23/07/2022,2
48,Texas,482122,1,1,1,0,439,TARRANT (439),364,AZLE,5,Mayo,19,2022,8,46,WELLS BURNETT RD,6,Calle Local Municipalidad,Urbano,Colector Mayor,Not Reported,0,Sin jurisdiccion especial,0,32.86813333,-97.51808333,Barda,El primer evento no fue una colision con un vehiculo automotor en transporte,Not an Intersection,No fue interseccion,Fuera de la calle,Ninguna,Oscuro sin iluminacion,Despejado,No,NO APLICA,99,98,99,98,1,19/05/2022,1
48,Texas,482123,0,0,2,0,321,MATAGORDA (321),470,BAY CITY,7,Julio,10,2022,19,44,SR-35,3,Highway estatal,Urbano,Arteria Principal,Not Reported,0,Sin jurisdiccion especial,121,28.98364167,-95.93881389,Vehiculo en movimiento,Angulo,Not an Intersection,No fue interseccion,Sobre calle,Ninguna,Dia total,Despejado,No,NO APLICA,99,99,99,99,1,10/07/2022,2
48,Texas,482124,0,0,2,0,201,HARRIS (201),0,NO APLICA,7,Julio,13,2022,11,40,SR-99/GRAND WEST PKWY,3,Highway estatal,Urbano,Arterial Principal -Freeway o ExpressWay,Not Reported,1,Sin jurisdiccion especial,109,30.05185,-95.62285833,Vehiculo en movimiento,Frente a Detrás,Not an Intersection,No fue interseccion,Sobre calle,Construccion,Dia total,Despejado,No,NO APLICA,11,56,12,14,1,13/07/2022,2
48,Texas,482125,0,0,2,0,341,MOORE (341),0,NO APLICA,7,Julio,15,2022,13,31,FM 722,8,Otro,Rural,Colector Mayor,Not Reported,0,Sin jurisdiccion especial,119,35.819025,-102.0352528,Vehiculo en movimiento,Frente a frente,Y-Intersection,Interseccion de Y,Sobre calle,Ninguna,Dia total,Despejado,No,NO APLICA,99,99,99,99,3,15/07/2022,4
48,Texas,482126,0,0,2,0,341,MOORE (341),0,NO APLICA,7,Julio,18,2022,16,34,FM 281,8,Otro,Rural,Colector Mayor,Not Reported,0,Sin jurisdiccion especial,45,36.02578333,-102.0910194,Vehiculo en movimiento,Frente a frente,Not an Intersection,No fue interseccion,Sobre el lado de la calle,Ninguna,Dia total,Despejado,No,NO APLICA,99,99,99,99,1,18/07/2022,3
48,Texas,482127,0,0,1,0,157,FORT BEND (157),0,NO APLICA,7,Julio,22,2022,22,42,CR-WINNER FOSTER RD,4,Calle del Condado,Rural,Local,Not Reported,0,Sin jurisdiccion especial,0,29.65172222,-95.84698611,Arbol,El primer evento no fue una colision con un vehiculo automotor en transporte,Not an Intersection,No fue interseccion,Fuera de la calle,Ninguna,Oscuro sin iluminacion,Nublado,No,NO APLICA,99,99,99,99,1,22/07/2022,2
48,Texas,482128,0,0,1,0,59,CALLAHAN (59),0,NO APLICA,7,Julio,21,2022,3,4,SR-36,3,Highway estatal,Rural,Arteria Menor,Not Reported,0,Sin jurisdiccion especial,137,32.23644444,-99.44872222,Barda,El primer evento no fue una colision con un vehiculo automotor en transporte,Not an Intersection,No fue interseccion,Fuera de la calle,Ninguna,Oscuro sin iluminacion,Despejado,No,NO APLICA,99,98,99,98,1,21/07/2022,1
48,Texas,482129,0,0,1,0,497,WISE (497),0,NO APLICA,7,Julio,16,2022,22,7,CR-3385,4,Calle del Condado,Rural,Local,Not Reported,0,Sin jurisdiccion especial,0,33.11878611,-97.66858056,Barda,El primer evento no fue una colision con un vehiculo automotor en transporte,Not an Intersection,No fue interseccion,Sobre el lado de la calle,Ninguna,Oscuro sin iluminacion,Despejado,No,NO APLICA,99,99,99,99,1,16/07/2022,1
48,Texas,482130,1,1,1,0,215,HIDALGO (215),4197,MCALLEN,7,Julio,28,2022,7,21,I-2,7,Calle Local,Urbano,Colector Mayor,State Highway Agency,0,Sin jurisdiccion especial,245,26.188525,-98.22285556,Peaton,El primer evento no fue una colision con un vehiculo automotor en transporte,Not an Intersection,No fue interseccion,Sobre calle,Ninguna,Dia total,Despejado,No,NO APLICA,99,98,99,98,1,28/07/2022,1
48,Texas,482131,0,0,2,0,113,DALLAS (113),5730,RICHARDSON,6,Junio,16,2022,22,58,US-75/CENTRAL EXPY,2,US Highway,Urbano,Arterial Principal -Freeway o ExpressWay,Not Reported,1,Sin jurisdiccion especial,38,32.9401,-96.74560278,Volcadura,El primer evento no fue una colision con un vehiculo automotor en transporte,Not an Intersection,No fue interseccion,Sobre calle,Ninguna,Oscuro con iluminacion,Despejado,No,NO APLICA,99,99,99,99,1,16/06/2022,2
48,Texas,482132,0,0,2,0,339,MONTGOMERY (339),0,NO APLICA,7,Julio,22,2022,11,18,FM 149,8,Otro,Urbano,Colector Mayor,Not Reported,0,Sin jurisdiccion especial,298,30.20310556,-95.68028889,Vehiculo en movimiento,Frente a frente,T-Intersection,Interseccion de T,Sobre calle,Ninguna,Dia total,Despejado,No,NO APLICA,99,99,99,99,1,22/07/2022,2
48,Texas,482133,0,0,1,0,339,MONTGOMERY (339),0,NO APLICA,7,Julio,25,2022,16,38,CR-TURTLE CREEK WAY,4,Calle del Condado,Rural,Local,Not Reported,0,Sin jurisdiccion especial,0,30.12063611,-95.7294,Culvert,El primer evento no fue una colision con un vehiculo automotor en transporte,Not an Intersection,No fue interseccion,Sobre el lado de la calle,Ninguna,Dia total,Despejado,No,NO APLICA,99,99,99,99,1,25/07/2022,1
48,Texas,482134,0,0,2,0,245,JEFFERSON (245),5430,PORT ARTHUR,7,Julio,29,2022,23,41,SR-87,3,Highway estatal,Urbano,Arteria Principal,Not Reported,1,Sin jurisdiccion especial,0,29.87655556,-93.949525,Vehiculo en movimiento,Frente a Detrás,Four-Way Intersection,Interseccion de 4 direcciones,Sobre calle,Ninguna,Oscuro con iluminacion,Despejado,No,NO APLICA,99,99,99,99,1,29/07/2022,2
48,Texas,482135,0,0,2,0,163,FRIO (163),0,NO APLICA,7,Julio,26,2022,6,17,FM 140,8,Otro,Rural,Colector Mayor,Not Reported,0,Sin jurisdiccion especial,162,28.94024444,-99.18133333,Volcadura,El primer evento no fue una colision con un vehiculo automotor en transporte,Not an Intersection,No fue interseccion,Sobre calle,Ninguna,Dia total,Despejado,No,NO APLICA,99,99,99,99,1,26/07/2022,8
48,Texas,482136,0,0,1,0,325,MEDINA (325),0,NO APLICA,7,Julio,28,2022,11,38,I-35,1,Interestatal,Urbano,Interestatal,State Highway Agency,1,Sin jurisdiccion especial,27,29.11615833,-98.92244167,Volcadura,El primer evento no fue una colision con un vehiculo automotor en transporte,Not an Intersection,No fue interseccion,Separador,Ninguna,Dia total,Despejado,No,NO APLICA,99,99,99,99,2,28/07/2022,4
48,Texas,482137,0,0,1,0,491,WILLIAMSON (491),1585,COUPLAND,7,Julio,23,2022,13,17,SR-95,3,Highway estatal,Rural,Arteria Menor,Not Reported,1,Sin jurisdiccion especial,79,30.47328333,-97.404175,Fin de valla,El primer evento no fue una colision con un vehiculo automotor en transporte,Not an Intersection,No fue interseccion,Sobre el lado de la calle,Ninguna,Otra,Reportado como desconocido,No,NO APLICA,99,98,99,98,1,23/07/2022,1
48,Texas,482138,0,0,2,0,351,NEWTON (351),0,NO APLICA,7,Julio,22,2022,20,30,SR-87,3,Highway estatal,Rural,Colector Mayor,Not Reported,0,Sin jurisdiccion especial,135,31.01223611,-93.69684444,Vehiculo en movimiento,Frente a frente,Not an Intersection,No fue interseccion,Sobre calle,Ninguna,Atardecer,Despejado,No,NO APLICA,99,99,99,99,3,22/07/2022,3
48,Texas,482139,0,0,2,0,309,MCLENNAN (309),7210,WACO,7,Julio,30,2022,4,27,SR-340,3,Highway estatal,Urbano,Arteria Principal,Not Reported,1,Sin jurisdiccion especial,65,31.547475,-97.06929722,Vehiculo en movimiento,Angulo,Four-Way Intersection,Interseccion de 4 direcciones,Sobre calle,Ninguna,Oscuro con iluminacion,Despejado,No,NO APLICA,99,98,99,98,1,30/07/2022,2
48,Texas,482140,0,0,1,0,201,HARRIS (201),3280,HOUSTON,7,Julio,10,2022,7,55,TELEPHONE RD,6,Calle Local Municipalidad,Urbano,Arteria Menor,Not Reported,0,Sin jurisdiccion especial,0,29.73289722,-95.32839167,Banqueta,El primer evento no fue una colision con un vehiculo automotor en transporte,Not an Intersection,No fue interseccion,Sobre el lado de la calle,Ninguna,Dia total,Despejado,No,NO APLICA,7,54,8,0,1,10/07/2022,1
48,Texas,482141,0,0,2,0,201,HARRIS (201),3280,HOUSTON,7,Julio,23,2022,7,39,I-610 RAMP/SOUTH LP,1,Interestatal,Urbano,Interestatal,State Highway Agency,1,Sin jurisdiccion especial,167,29.69649167,-95.29034722,Vehiculo en movimiento,Detrás a Lado. ,Not an Intersection,No fue interseccion,Sobre calle,Ninguna,Dia total,Despejado,No,NO APLICA,99,98,99,98,1,23/07/2022,2
48,Texas,482142,1,1,1,0,113,DALLAS (113),1730,DALLAS,7,Julio,8,2022,21,34,ESPERANZA RD,6,Calle Local Municipalidad,Urbano,Colector Mayor,Not Reported,0,Sin jurisdiccion especial,0,32.93266111,-96.76117222,Peaton,El primer evento no fue una colision con un vehiculo automotor en transporte,T-Intersection,Interseccion de T,Sobre calle,Ninguna,Oscuro sin iluminacion,Despejado,No,NO APLICA,99,99,99,99,1,08/07/2022,1
48,Texas,482143,1,1,1,0,113,DALLAS (113),1730,DALLAS,7,Julio,16,2022,0,40,MARKET CENTER BLVD,6,Calle Local Municipalidad,Urbano,Arteria Principal,Not Reported,0,Sin jurisdiccion especial,0,32.7996,-96.82590556,Peaton,El primer evento no fue una colision con un vehiculo automotor en transporte,Not an Intersection,No fue interseccion,Sobre calle,Ninguna,Oscuro con iluminacion,Despejado,No,NO APLICA,99,99,99,99,1,16/07/2022,2
48,Texas,482144,0,0,1,0,135,ECTOR (135),5030,ODESSA,7,Julio,31,2022,5,26,SR-191,3,Highway estatal,Urbano,Arteria Principal,Not Reported,1,Sin jurisdiccion especial,39,31.8852,-102.3713167,Buzon de correo,El primer evento no fue una colision con un vehiculo automotor en transporte,Not an Intersection,No fue interseccion,Sobre el lado de la calle,Ninguna,Oscuro con iluminacion,Despejado,No,NO APLICA,99,98,99,98,1,31/07/2022,1
48,Texas,482145,0,0,1,0,201,HARRIS (201),0,NO APLICA,7,Julio,17,2022,6,0,SR-99,3,Highway estatal,Urbano,Arterial Principal -Freeway o ExpressWay,Not Reported,1,Sin jurisdiccion especial,38,30.05333889,-95.73726944,Volcadura,El primer evento no fue una colision con un vehiculo automotor en transporte,Not an Intersection,No fue interseccion,Sobre el lado de la calle,Ninguna,Oscuro sin iluminacion,Neblina o Humo,No,NO APLICA,99,98,99,98,1,17/07/2022,1
48,Texas,482146,0,0,2,0,291,LIBERTY (291),1770,DAYTON,7,Julio,26,2022,9,34,US-90,2,US Highway,Rural,Arteria Principal,Not Reported,1,Sin jurisdiccion especial,96,30.05083333,-94.87429167,Vehiculo en movimiento,Frente a Detrás,Not an Intersection,No fue interseccion,Sobre calle,Ninguna,Dia total,Despejado,No,NO APLICA,99,98,99,98,1,26/07/2022,2
48,Texas,482147,0,0,1,0,29,BEXAR (29),6090,SAN ANTONIO,7,Julio,4,2022,1,44,WOODLAWN AVE,6,Calle Local Municipalidad,Urbano,Local,Not Reported,0,Sin jurisdiccion especial,0,29.45287222,-98.50725833,Acotamiento,El primer evento no fue una colision con un vehiculo automotor en transporte,Not an Intersection,No fue interseccion,Sobre el lado de la calle,Ninguna,Oscuro con iluminacion,Despejado,No,NO APLICA,99,99,99,99,1,04/07/2022,3
48,Texas,482148,0,0,3,0,85,COLLIN (85),200,ANNA,7,Julio,26,2022,21,24,SR-5,3,Highway estatal,Urbano,Arteria Menor,Not Reported,0,Sin jurisdiccion especial,55,33.33641944,-96.55262222,Vehiculo en movimiento,Golpe Lateral - direccion contraria,Not an Intersection,No fue interseccion,Sobre calle,Ninguna,Oscuro con iluminacion,Despejado,No,NO APLICA,99,99,99,99,1,26/07/2022,5
48,Texas,482149,0,0,1,0,11,ARMSTRONG (11),0,NO APLICA,7,Julio,29,2022,9,23,US-287,2,US Highway,Rural,Arteria Principal,Not Reported,1,Sin jurisdiccion especial,222,35.06921944,-101.252825,Volcadura,El primer evento no fue una colision con un vehiculo automotor en transporte,Not an Intersection,No fue interseccion,En el medio,Ninguna,Dia total,Despejado,No,NO APLICA,99,99,99,99,1,29/07/2022,1
48,Texas,482151,0,0,1,0,187,GUADALUPE (187),0,NO APLICA,7,Julio,21,2022,23,33,SR-123,3,Highway estatal,Rural,Arteria Principal,Not Reported,1,Sin jurisdiccion especial,31,29.76001667,-97.94710556,Poste de Señal de trafico,El primer evento no fue una colision con un vehiculo automotor en transporte,Not an Intersection,No fue interseccion,Sobre el lado de la calle,Ninguna,Oscuro sin iluminacion,Despejado,No,NO APLICA,99,98,99,98,1,21/07/2022,1
48,Texas,482152,0,0,3,0,167,GALVESTON (167),2505,FRIENDSWOOD,7,Julio,25,2022,16,42,FM 518/FRIENDSWOOD DR,8,Otro,Urbano,Arteria Principal,Not Reported,0,Sin jurisdiccion especial,152,29.49238056,-95.17258056,Vehiculo en movimiento,Angulo,T-Intersection,Interseccion de T,Sobre calle,Ninguna,Dia total,Despejado,No,NO APLICA,99,99,99,99,1,25/07/2022,3
48,Texas,482153,0,0,1,0,479,WEBB (479),3899,LAREDO,7,Julio,26,2022,15,36,FM 1472,8,Otro,Rural,Arteria Principal,Not Reported,1,Sin jurisdiccion especial,66,27.65213333,-99.62090278,Barda,El primer evento no fue una colision con un vehiculo automotor en transporte,Not an Intersection,No fue interseccion,Fuera de la calle,Ninguna,Dia total,Nublado,No,NO APLICA,99,98,99,98,1,26/07/2022,1
48,Texas,482154,0,0,1,0,463,UVALDE (463),0,NO APLICA,7,Julio,24,2022,12,28,RM 334,8,Otro,Rural,Colector Mayor,Not Reported,0,Sin jurisdiccion especial,0,29.44135,-100.110975,Alguien se cayo/avento del vehiculo,El primer evento no fue una colision con un vehiculo automotor en transporte,Not an Intersection,No fue interseccion,Sobre el lado de la calle,Ninguna,Dia total,Despejado,No,NO APLICA,99,98,99,98,1,24/07/2022,1
48,Texas,482155,0,0,1,0,451,TOM GREEN (451),0,NO APLICA,7,Julio,26,2022,9,14,US-277,2,US Highway,Rural,Arteria Menor,State Highway Agency,0,Sin jurisdiccion especial,18,31.66926389,-100.3267611,Culvert,El primer evento no fue una colision con un vehiculo automotor en transporte,Not an Intersection,No fue interseccion,Sobre el lado de la calle,Ninguna,Dia total,Despejado,No,NO APLICA,99,98,99,98,1,26/07/2022,1
48,Texas,482156,0,0,2,0,291,LIBERTY (291),0,NO APLICA,7,Julio,20,2022,16,22,SR-146,3,Highway estatal,Rural,Arteria Menor,Not Reported,0,Sin jurisdiccion especial,7,30.48046667,-94.779025,Vehiculo en movimiento,Angulo,Not an Intersection,No fue interseccion,Sobre calle,Ninguna,Dia total,Despejado,No,NO APLICA,99,98,99,98,1,20/07/2022,4
48,Texas,482157,0,0,1,0,463,UVALDE (463),7088,UTOPIA,7,Julio,29,2022,7,35,RM 187,8,Otro,Rural,Colector Mayor,Not Reported,0,Sin jurisdiccion especial,14,29.61010556,-99.52584444,Arbol,El primer evento no fue una colision con un vehiculo automotor en transporte,Not an Intersection,No fue interseccion,Sobre el lado de la calle,Ninguna,Dia total,Despejado,No,NO APLICA,99,98,99,98,1,29/07/2022,1
48,Texas,482158,0,0,1,0,113,DALLAS (113),3420,IRVING,7,Julio,2,2022,2,50,SR-183,3,Highway estatal,Urbano,Arterial Principal -Freeway o ExpressWay,Not Reported,1,Sin jurisdiccion especial,52,32.83680556,-96.96210556,Valla para choques,El primer evento no fue una colision con un vehiculo automotor en transporte,Not an Intersection,No fue interseccion,Separador,Ninguna,Oscuro con iluminacion,Despejado,No,NO APLICA,99,98,99,98,1,02/07/2022,1
48,Texas,482159,1,1,1,0,201,HARRIS (201),0,NO APLICA,7,Julio,21,2022,20,50,I-45,7,Calle Local,Urbano,Colector Mayor,State Highway Agency,0,Sin jurisdiccion especial,396,29.97048333,-95.41977778,Peaton,El primer evento no fue una colision con un vehiculo automotor en transporte,Not an Intersection,No fue interseccion,Sobre calle,Ninguna,Atardecer,Despejado,No,NO APLICA,99,98,99,98,1,21/07/2022,1
48,Texas,482160,1,1,2,0,439,TARRANT (439),2450,FORT WORTH,7,Julio,31,2022,0,49,I-20,1,Interestatal,Urbano,Interestatal,State Highway Agency,1,Sin jurisdiccion especial,116,32.66189722,-97.28523611,Peaton,El primer evento no fue una colision con un vehiculo automotor en transporte,Not an Intersection,No fue interseccion,Sobre calle,Ninguna,Oscuro con iluminacion,Despejado,No,NO APLICA,99,98,99,98,1,31/07/2022,3
48,Texas,482161,0,0,3,0,203,HARRISON (203),7260,WASKOM,6,Junio,5,2022,0,20,I-20,1,Interestatal,Rural,Interestatal,State Highway Agency,1,Sin jurisdiccion especial,379,32.47036389,-94.06213056,Vehiculo en movimiento,Golpe Lateral - misma direccion,Not an Intersection,No fue interseccion,Sobre calle,Ninguna,Oscuro sin iluminacion,Despejado,No,NO APLICA,99,98,99,98,2,05/06/2022,7
48,Texas,482162,0,0,1,0,291,LIBERTY (291),0,NO APLICA,7,Julio,22,2022,5,41,SR-99,3,Highway estatal,Rural,Arteria Principal,Not Reported,1,Sin jurisdiccion especial,131,30.01692222,-94.94947778,Poste,El primer evento no fue una colision con un vehiculo automotor en transporte,Not an Intersection,No fue interseccion,Sobre el lado de la calle,Ninguna,Oscuro sin iluminacion,Despejado,No,NO APLICA,99,98,99,98,2,22/07/2022,2
48,Texas,482163,0,0,2,0,201,HARRIS (201),3280,HOUSTON,7,Julio,16,2022,17,45,I-610/SOUTH LOOP,7,Calle Local,Urbano,Colector Mayor,State Highway Agency,0,Sin jurisdiccion especial,80,29.67833889,-95.41221667,Vehiculo en movimiento,Angulo,Four-Way Intersection,Interseccion de 4 direcciones,Sobre calle,Ninguna,Dia total,Nublado,No,NO APLICA,17,49,17,54,1,16/07/2022,5
48,Texas,482164,1,1,2,0,491,WILLIAMSON (491),5990,ROUND ROCK,7,Julio,31,2022,17,18,SR-45 LOUIS HENNA BLVD,7,Calle Local,Urbano,Colector Mayor,Not Reported,0,Sin jurisdiccion especial,36,30.47980833,-97.68505556,Vehiculo en movimiento,Angulo,Four-Way Intersection,Interseccion de 4 direcciones,Sobre calle,Ninguna,Dia total,Despejado,No,NO APLICA,99,99,99,99,1,31/07/2022,4
48,Texas,482165,0,0,1,0,161,FREESTONE (161),0,NO APLICA,7,Julio,22,2022,22,20,I-45,1,Interestatal,Rural,Interestatal,State Highway Agency,1,Sin jurisdiccion especial,15,31.50088889,-96.09750556,Volcadura,El primer evento no fue una colision con un vehiculo automotor en transporte,Not an Intersection,No fue interseccion,En el medio,Ninguna,Oscuro sin iluminacion,Despejado,No,NO APLICA,99,99,99,99,1,22/07/2022,3
48,Texas,482166,0,0,3,0,55,CALDWELL (55),0,NO APLICA,7,Julio,25,2022,5,50,FM 1854,8,Otro,Rural,Colector Mayor,Not Reported,0,Sin jurisdiccion especial,10,30.02035,-97.66256944,Vehiculo en movimiento,Angulo,Not an Intersection,No fue interseccion,Sobre calle,Ninguna,Oscuro sin iluminacion,Despejado,No,NO APLICA,99,98,99,98,1,25/07/2022,3
48,Texas,482167,0,0,1,0,29,BEXAR (29),9997,Other,7,Julio,15,2022,2,15,NEW MATHIS RD,6,Calle Local Municipalidad,Rural,Local,Not Reported,0,Sin jurisdiccion especial,0,29.17703889,-98.41929167,Culvert,El primer evento no fue una colision con un vehiculo automotor en transporte,Not an Intersection,No fue interseccion,Sobre el lado de la calle,Ninguna,Oscuro con iluminacion,Nublado,No,NO APLICA,99,98,99,98,1,15/07/2022,1
48,Texas,482168,0,1,2,1,113,DALLAS (113),1730,DALLAS,8,Agosto,1,2022,11,20,I-20/LYNDON B JOHNSON FWY,1,Interestatal,Urbano,Interestatal,State Highway Agency,1,Sin jurisdiccion especial,117,32.64605,-96.85850833,Vehiculo Funcionando,El primer evento no fue una colision con un vehiculo automotor en transporte,Not an Intersection,No fue interseccion,Sobre Acotamiento,Mantenimiento,Dia total,Despejado,No,NO APLICA,99,99,99,99,1,01/08/2022,1
48,Texas,482169,0,0,1,0,29,BEXAR (29),6090,SAN ANTONIO,8,Agosto,1,2022,12,17,US-281,2,US Highway,Urbano,Arterial Principal -Freeway o ExpressWay,Not Reported,1,Sin jurisdiccion especial,250,29.45361111,-98.48255,Valla Ferrocarril,El primer evento no fue una colision con un vehiculo automotor en transporte,Not an Intersection,No fue interseccion,Separador,Ninguna,Dia total,Despejado,No,NO APLICA,99,99,99,99,1,01/08/2022,2
48,Texas,482170,0,0,2,0,401,RUSK (401),0,NO APLICA,7,Julio,22,2022,5,0,FM 1716,8,Otro,Rural,Local,Not Reported,0,Sin jurisdiccion especial,140,32.34100556,-94.63406389,Vehiculo en movimiento,Angulo,Not an Intersection,No fue interseccion,Sobre calle,Ninguna,Oscuro sin iluminacion,lluvia,No,NO APLICA,99,99,99,99,1,22/07/2022,2
48,Texas,482171,0,0,2,0,67,CASS (67),0,NO APLICA,7,Julio,29,2022,19,15,US-59,2,US Highway,Rural,Arteria Principal,Not Reported,1,Sin jurisdiccion especial,242,33.02886944,-94.330125,Vehiculo en movimiento,Angulo,Not an Intersection,No fue interseccion,Sobre calle,Ninguna,Dia total,lluvia,No,NO APLICA,99,99,99,99,1,29/07/2022,2
48,Texas,482172,0,0,2,0,339,MONTGOMERY (339),0,NO APLICA,7,Julio,22,2022,10,15,I-69,7,Calle Local,Urbano,Colector Mayor,State Highway Agency,0,Sin jurisdiccion especial,57,30.12209167,-95.23161111,Vehiculo en movimiento,Frente a Detrás,Not an Intersection,No fue interseccion,Sobre calle,Ninguna,Dia total,Despejado,No,NO APLICA,99,98,99,98,1,22/07/2022,3
48,Texas,482173,1,1,1,0,439,TARRANT (439),2450,FORT WORTH,8,Agosto,1,2022,19,0,SEMINARY DR,6,Calle Local Municipalidad,Urbano,Arteria Menor,Not Reported,0,Sin jurisdiccion especial,0,32.68434722,-97.31614444,Ciclista,El primer evento no fue una colision con un vehiculo automotor en transporte,Not an Intersection,No fue interseccion,Sobre calle,Ninguna,Dia total,Despejado,No,NO APLICA,99,99,99,99,1,01/08/2022,3