Estado,Nombre de Estado,Numero de Caso,Peatones,Personas _no_vehiculos,Vehiculos automotores,Vehiculos estacionados,Condado,Nombre Condado,Ciudad,Nombre Ciudad,Mes,Nombre Mes,Dia,Año,Hora,Minuto,Calle,Ruta,Nombre Ruta,Rural o Urbanoo,Sistema Funcional,Dueño Calle,Sistema Nacional Carreteras,Jurisdiccion Especial,Milla,Latitud,Longitud,Causa del Accidente,Tipo de Accidente,Tipo Interseccion,Columna1,Lugar en la calle,Zona de Trabajo,Luz,Clima,Autobus Escolar,Cruce de Trenes,Hora Notificacion,Minuto Notificacion,Hora Llegada,Minuto Llegada,Decesos,Fecha,PersonaVehiculo
48,Texas,482174,0,0,1,0,61,CAMERON (61),940,BROWNSVILLE,7,Julio,31,2022,16,25,SR-550,3,Highway estatal,Urbano,Arterial Principal -Freeway o ExpressWay,Not Reported,1,Sin jurisdiccion especial,58,25.99552222,-97.45913333,Volcadura,El primer evento no fue una colision con un vehiculo automotor en transporte,Not an Intersection,No fue interseccion,En el medio,Ninguna,Dia total,Despejado,No,NO APLICA,99,99,99,99,2,31/07/2022,3
48,Texas,482175,0,0,1,0,49,BROWN (49),0,NO APLICA,7,Julio,29,2022,21,29,FM 585,8,Otro,Rural,Colector Mayor,Not Reported,0,Sin jurisdiccion especial,140,31.76288056,-99.16282778,Poste de Señal de trafico,El primer evento no fue una colision con un vehiculo automotor en transporte,Not an Intersection,No fue interseccion,Sobre el lado de la calle,Ninguna,Oscuro sin iluminacion,Despejado,No,NO APLICA,99,98,99,98,1,29/07/2022,1
48,Texas,482176,0,0,1,0,419,SHELBY (419),0,NO APLICA,7,Julio,12,2022,20,30,FM 1970,8,Otro,Rural,Colector Mayor,Not Reported,0,Sin jurisdiccion especial,19,31.94776667,-94.42482778,Culvert,El primer evento no fue una colision con un vehiculo automotor en transporte,Not an Intersection,No fue interseccion,Sobre el lado de la calle,Ninguna,Atardecer,Despejado,No,NO APLICA,99,98,99,98,1,12/07/2022,1
48,Texas,482177,1,1,6,0,439,TARRANT (439),2450,FORT WORTH,5,Mayo,29,2022,4,35,I-35,1,Interestatal,Urbano,Interestatal,State Highway Agency,1,Sin jurisdiccion especial,51,32.72336111,-97.32046389,Vehiculo en movimiento,Frente a Detrás,Not an Intersection,No fue interseccion,Sobre calle,Ninguna,Oscuro sin iluminacion,Despejado,No,NO APLICA,99,99,99,99,1,29/05/2022,5
48,Texas,482178,0,0,1,0,491,WILLIAMSON (491),0,NO APLICA,6,Junio,24,2022,17,58,FM 972,8,Otro,Rural,Colector Mayor,Not Reported,0,Sin jurisdiccion especial,27,30.73150833,-97.61793333,Otro objeto (no fijo),El primer evento no fue una colision con un vehiculo automotor en transporte,Not an Intersection,No fue interseccion,Fuera de la calle,Ninguna,Dia total,Despejado,No,NO APLICA,99,98,99,98,1,24/06/2022,1
48,Texas,482179,1,1,1,0,355,NUECES (355),1550,CORPUS CHRISTI,7,Julio,16,2022,0,17,SHORELINE BLVD,6,Calle Local Municipalidad,Urbano,Arteria Principal,Not Reported,0,Sin jurisdiccion especial,0,27.78589722,-97.39476111,Peaton,El primer evento no fue una colision con un vehiculo automotor en transporte,Not an Intersection,No fue interseccion,Sobre calle,Ninguna,Oscuro con iluminacion,Despejado,No,NO APLICA,99,99,99,99,1,16/07/2022,1
48,Texas,482180,0,0,2,0,201,HARRIS (201),0,NO APLICA,7,Julio,28,2022,13,8,FM 528,8,Otro,Urbano,Arteria Principal,Not Reported,1,Sin jurisdiccion especial,6,29.52144167,-95.16979444,Vehiculo en movimiento,Frente a Detrás,T-Intersection,Interseccion de T,Sobre calle,Ninguna,Dia total,Despejado,No,NO APLICA,99,99,99,99,1,28/07/2022,3
48,Texas,482181,0,0,2,0,29,BEXAR (29),0,NO APLICA,7,Julio,26,2022,8,47,FM 471/CULEBRA RD,8,Otro,Urbano,Arteria Principal,Not Reported,0,Sin jurisdiccion especial,106,29.51899722,-98.77464444,Vehiculo en movimiento,Angulo,Four-Way Intersection,Interseccion de 4 direcciones,Sobre calle,Ninguna,Dia total,Despejado,No,NO APLICA,99,99,99,99,1,26/07/2022,3
48,Texas,482182,0,0,1,0,201,HARRIS (201),3280,HOUSTON,7,Julio,17,2022,20,11,I-610/ NORTH LOOP FWY,1,Interestatal,Urbano,Interestatal,State Highway Agency,1,Sin jurisdiccion especial,117,29.80453611,-95.292875,Soporte de Puente,El primer evento no fue una colision con un vehiculo automotor en transporte,Not an Intersection,No fue interseccion,Separador,Ninguna,Oscuro con iluminacion,Despejado,No,NO APLICA,20,25,20,35,1,17/07/2022,3
48,Texas,482183,0,0,2,0,61,CAMERON (61),3030,HARLINGEN,7,Julio,28,2022,4,47,I-69E SVRD,7,Calle Local,Urbano,Colector Mayor,Not Reported,0,Sin jurisdiccion especial,107,26.16768056,-97.69265,Vehiculo en movimiento,Frente a Detrás,T-Intersection,Interseccion de T,Sobre calle,Ninguna,Oscuro con iluminacion,Nublado,No,NO APLICA,99,99,99,99,1,28/07/2022,2
48,Texas,482184,0,0,2,0,143,ERATH (143),6590,STEPHENVILLE,8,Agosto,1,2022,18,56,FM 8/LINGLEVILLE RD,8,Otro,Urbano,Arteria Menor,Not Reported,0,Sin jurisdiccion especial,193,32.22726389,-98.23575556,Vehiculo en movimiento,Angulo,Not an Intersection,No fue interseccion,Sobre calle,Ninguna,Dia total,Despejado,No,NO APLICA,99,99,99,99,1,01/08/2022,2
48,Texas,482185,0,0,1,0,51,BURLESON (51),0,NO APLICA,7,Julio,19,2022,15,1,SR-36,3,Highway estatal,Rural,Arteria Principal,Not Reported,1,Sin jurisdiccion especial,133,30.39233056,-96.5694,Volcadura,El primer evento no fue una colision con un vehiculo automotor en transporte,Not an Intersection,No fue interseccion,Sobre calle,Ninguna,Dia total,Despejado,No,NO APLICA,99,98,99,98,1,19/07/2022,2
48,Texas,482186,0,0,1,0,367,PARKER (367),0,NO APLICA,7,Julio,29,2022,14,20,CR-OAKRIDGE DR,4,Calle del Condado,Urbano,Colector Mayor,Not Reported,0,Sin jurisdiccion especial,0,32.76955278,-97.712075,Poste,El primer evento no fue una colision con un vehiculo automotor en transporte,Not an Intersection,No fue interseccion,Sobre el lado de la calle,Ninguna,Dia total,Nublado,No,NO APLICA,99,99,99,99,1,29/07/2022,1
48,Texas,482187,0,0,2,0,29,BEXAR (29),6090,SAN ANTONIO,8,Agosto,1,2022,11,26,I-410 SVRD,7,Calle Local,Urbano,Colector Mayor,Not Reported,0,Sin jurisdiccion especial,218,29.51888611,-98.47394167,Vehiculo en movimiento,Frente a Detrás,Not an Intersection,No fue interseccion,Sobre calle,Ninguna,Dia total,Despejado,No,NO APLICA,99,99,99,99,1,01/08/2022,2
48,Texas,482188,0,0,2,0,479,WEBB (479),3899,LAREDO,7,Julio,15,2022,21,6,SR-20,3,Highway estatal,Urbano,Arteria Principal,Not Reported,1,Sin jurisdiccion especial,138,27.44490833,-99.45293056,Vehiculo en movimiento,Angulo,Not an Intersection,No fue interseccion,Sobre calle,Ninguna,Oscuro con iluminacion,Despejado,No,NO APLICA,99,98,99,98,1,15/07/2022,5
48,Texas,482189,0,0,2,0,451,TOM GREEN (451),6080,SAN ANGELO,7,Julio,22,2022,15,57,SR-208/ARMSTRONG ST,3,Highway estatal,Urbano,Arteria Menor,Not Reported,0,Sin jurisdiccion especial,146,31.48211667,-100.4370861,Vehiculo en movimiento,Frente a frente,Four-Way Intersection,Interseccion de 4 direcciones,Sobre calle,Ninguna,Dia total,Despejado,No,NO APLICA,99,99,99,99,1,22/07/2022,2
48,Texas,482190,0,0,2,0,289,LEON (289),0,NO APLICA,7,Julio,25,2022,15,28,I-45,1,Interestatal,Rural,Interestatal,State Highway Agency,1,Sin jurisdiccion especial,169,31.33036667,-96.00785,Vehiculo en movimiento,Frente a Detrás,Not an Intersection,No fue interseccion,Sobre calle,Construccion,Dia total,Despejado,No,NO APLICA,99,99,99,99,1,25/07/2022,9
48,Texas,482191,0,0,1,0,201,HARRIS (201),3280,HOUSTON,4,Abril,15,2022,1,10,WAYSIDE,6,Calle Local Municipalidad,Urbano,Local,Not Reported,0,Sin jurisdiccion especial,0,29.60563889,-95.31781389,Zanja,El primer evento no fue una colision con un vehiculo automotor en transporte,Not an Intersection,No fue interseccion,Sobre el lado de la calle,Ninguna,Oscuro sin iluminacion,Despejado,No,NO APLICA,99,98,99,98,1,15/04/2022,1
48,Texas,482192,1,1,1,0,201,HARRIS (201),0,NO APLICA,7,Julio,26,2022,23,37,FM 1960,8,Otro,Urbano,Arteria Principal,Not Reported,0,Sin jurisdiccion especial,209,30.01084722,-95.32866667,Peaton,El primer evento no fue una colision con un vehiculo automotor en transporte,Not an Intersection,No fue interseccion,Sobre calle,Ninguna,Oscuro con iluminacion,Despejado,No,NO APLICA,99,99,99,99,1,26/07/2022,1
48,Texas,482193,0,0,4,0,29,BEXAR (29),6090,SAN ANTONIO,7,Julio,22,2022,2,24,US-281 N,2,US Highway,Urbano,Arteria Principal,Not Reported,1,Sin jurisdiccion especial,60,29.64694167,-98.45132222,Vehiculo en movimiento,Frente a Detrás,Not an Intersection,No fue interseccion,Sobre calle,Construccion,Oscuro con iluminacion,Despejado,No,NO APLICA,99,99,99,99,1,22/07/2022,4
48,Texas,482194,0,0,3,0,27,BELL (27),6810,TEMPLE,8,Agosto,2,2022,5,0,I-35,1,Interestatal,Urbano,Interestatal,State Highway Agency,1,Sin jurisdiccion especial,192,31.07996944,-97.41256111,Vehiculo en movimiento,Golpe Lateral - misma direccion,Not an Intersection,No fue interseccion,Sobre calle,Construccion,Oscuro con iluminacion,Despejado,No,NO APLICA,99,98,99,98,1,02/08/2022,3
48,Texas,482195,0,0,2,0,97,COOKE (97),9997,Other,7,Julio,30,2022,9,30,US-82,2,US Highway,Rural,Arteria Principal,Not Reported,1,Sin jurisdiccion especial,274,33.65108056,-97.01881111,Vehiculo en movimiento,Angulo,T-Intersection,Interseccion de T,Sobre calle,Ninguna,Dia total,Despejado,No,NO APLICA,99,99,99,99,1,30/07/2022,4
48,Texas,482196,0,0,2,0,201,HARRIS (201),0,NO APLICA,7,Julio,28,2022,12,5,ALDINE WESTFIELD RD,6,Calle Local Municipalidad,Urbano,Arteria Menor,Not Reported,0,Sin jurisdiccion especial,0,29.94570278,-95.35716667,Vehiculo en movimiento,Angulo,Not an Intersection,No fue interseccion,Sobre calle,Construccion,Dia total,Despejado,No,NO APLICA,99,99,99,99,1,28/07/2022,2
48,Texas,482197,0,0,1,0,287,LEE (287),0,NO APLICA,7,Julio,22,2022,5,34,US-290,2,US Highway,Rural,Arteria Principal,Not Reported,1,Sin jurisdiccion especial,105,30.17565,-96.89223889,Otro objeto (no fijo),El primer evento no fue una colision con un vehiculo automotor en transporte,Not an Intersection,No fue interseccion,Sobre Acotamiento,Ninguna,Oscuro sin iluminacion,Despejado,No,NO APLICA,99,98,99,98,1,22/07/2022,1
48,Texas,482198,2,2,1,0,113,DALLAS (113),1730,DALLAS,7,Julio,24,2022,21,43,FOREST LN,6,Calle Local Municipalidad,Urbano,Arteria Principal,Not Reported,0,Sin jurisdiccion especial,0,32.90955833,-96.86413611,Peaton,El primer evento no fue una colision con un vehiculo automotor en transporte,Not an Intersection,No fue interseccion,Sobre calle,Ninguna,Oscuro con iluminacion,Despejado,No,NO APLICA,99,99,99,99,1,24/07/2022,1
48,Texas,482200,1,1,1,0,71,CHAMBERS (71),0,NO APLICA,7,Julio,29,2022,5,25,I-10,7,Calle Local,Rural,Colector Mayor,State Highway Agency,0,Sin jurisdiccion especial,146,29.82883056,-94.46791667,Peaton,El primer evento no fue una colision con un vehiculo automotor en transporte,Not an Intersection,No fue interseccion,Sobre calle,Ninguna,Oscuro sin iluminacion,Despejado,No,NO APLICA,99,98,99,98,1,29/07/2022,1
48,Texas,482201,0,0,1,0,371,PECOS (371),0,NO APLICA,7,Julio,29,2022,7,30,SR-18,3,Highway estatal,Rural,Arteria Menor,Not Reported,0,Sin jurisdiccion especial,181,31.04368333,-102.88735,Fin de valla,El primer evento no fue una colision con un vehiculo automotor en transporte,Not an Intersection,No fue interseccion,Sobre el lado de la calle,Ninguna,Oscuro con iluminacion,Despejado,No,NO APLICA,99,98,99,98,1,29/07/2022,1
48,Texas,482202,0,0,3,0,289,LEON (289),0,NO APLICA,8,Agosto,1,2022,14,41,I-45,1,Interestatal,Rural,Interestatal,State Highway Agency,1,Sin jurisdiccion especial,214,31.39287222,-96.03010278,Vehiculo en movimiento,Frente a Detrás,Not an Intersection,No fue interseccion,Sobre calle,Construccion,Dia total,Despejado,No,NO APLICA,99,98,99,98,1,01/08/2022,3
48,Texas,482203,0,0,2,0,55,CALDWELL (55),0,NO APLICA,7,Julio,23,2022,23,11,FM 1322,8,Otro,Rural,Colector Mayor,Not Reported,0,Sin jurisdiccion especial,128,29.71895,-97.58417778,Vehiculo en movimiento,Angulo,Not an Intersection,No fue interseccion,Sobre calle,Ninguna,Oscuro sin iluminacion,Despejado,No,NO APLICA,99,98,99,98,1,23/07/2022,1
48,Texas,482204,0,0,2,0,55,CALDWELL (55),0,NO APLICA,7,Julio,24,2022,3,54,I-10,1,Interestatal,Rural,Interestatal,State Highway Agency,1,Sin jurisdiccion especial,55,29.65350556,-97.55951667,Vehiculo en movimiento,Frente a frente,Not an Intersection,No fue interseccion,Sobre calle,Ninguna,Oscuro sin iluminacion,Despejado,No,NO APLICA,99,99,99,99,1,24/07/2022,3
48,Texas,482205,0,0,2,0,453,TRAVIS (453),330,AUSTIN,7,Julio,26,2022,23,55,FM 973,8,Otro,Urbano,Arteria Menor,Not Reported,0,Sin jurisdiccion especial,148,30.16730278,-97.65937778,Vehiculo en movimiento,Angulo,Four-Way Intersection,Interseccion de 4 direcciones,Sobre calle,Ninguna,Oscuro sin iluminacion,Despejado,No,NO APLICA,99,99,99,99,1,26/07/2022,5
48,Texas,482206,0,0,2,0,131,DUVAL (131),0,NO APLICA,7,Julio,27,2022,14,6,SR-16,3,Highway estatal,Rural,Arteria Menor,Not Reported,0,Sin jurisdiccion especial,30,28.01348333,-98.59308056,Vehiculo en movimiento,Angulo,Not an Intersection,No fue interseccion,Sobre calle,Ninguna,Dia total,Despejado,No,NO APLICA,99,99,99,99,1,27/07/2022,6
48,Texas,482207,0,0,1,0,95,CONCHO (95),0,NO APLICA,8,Agosto,3,2022,6,58,US-83,2,US Highway,Rural,Arteria Menor,State Highway Agency,0,Sin jurisdiccion especial,66,31.49350278,-99.91803611,Volcadura,El primer evento no fue una colision con un vehiculo automotor en transporte,Not an Intersection,No fue interseccion,Fuera de la calle,Ninguna,Dia total,Despejado,No,NO APLICA,99,98,99,98,1,03/08/2022,1
48,Texas,482208,0,0,2,0,339,MONTGOMERY (339),0,NO APLICA,8,Agosto,3,2022,11,56,CR-NICHOLS SAWMILL RD,4,Calle del Condado,Urbano,Colector Mayor,Not Reported,0,Sin jurisdiccion especial,0,30.1265,-95.76185833,Vehiculo en movimiento,Frente a frente,Not an Intersection,No fue interseccion,Sobre calle,Ninguna,Dia total,Despejado,No,NO APLICA,99,99,99,99,1,03/08/2022,2
48,Texas,482209,1,1,1,0,383,REAGAN (383),0,NO APLICA,7,Julio,14,2022,17,1,US-67,2,US Highway,Rural,Arteria Principal,Not Reported,1,Sin jurisdiccion especial,102,31.14699722,-101.2740194,Peaton,El primer evento no fue una colision con un vehiculo automotor en transporte,Not an Intersection,No fue interseccion,Sobre calle,Ninguna,Dia total,lluvia,No,NO APLICA,99,98,99,98,1,14/07/2022,1
48,Texas,482210,0,0,1,0,213,HENDERSON (213),0,NO APLICA,8,Agosto,3,2022,19,58,FM 315,8,Otro,Rural,Colector Mayor,Not Reported,0,Sin jurisdiccion especial,84,32.24161944,-95.51031667,Barda,El primer evento no fue una colision con un vehiculo automotor en transporte,Not an Intersection,No fue interseccion,Fuera de la calle,Ninguna,Atardecer,Despejado,No,NO APLICA,99,99,99,99,1,03/08/2022,1
48,Texas,482211,0,0,1,0,329,MIDLAND (329),0,NO APLICA,7,Julio,30,2022,18,35,CR-127,4,Calle del Condado,Rural,Local,Not Reported,0,Sin jurisdiccion especial,0,31.91421944,-102.2221972,Poste,El primer evento no fue una colision con un vehiculo automotor en transporte,Not an Intersection,No fue interseccion,Sobre el lado de la calle,Ninguna,Dia total,Despejado,No,NO APLICA,99,98,99,98,1,30/07/2022,1
48,Texas,482212,0,0,2,0,439,TARRANT (439),6485,SOUTH LAKE,8,Agosto,5,2022,17,53,FM 1709,8,Otro,Urbano,Arteria Principal,Not Reported,1,Sin jurisdiccion especial,131,32.94083056,-97.11613611,Vehiculo en movimiento,Angulo,Four-Way Intersection,Interseccion de 4 direcciones,Sobre calle,Ninguna,Dia total,Despejado,No,NO APLICA,17,53,17,57,1,05/08/2022,3
48,Texas,482214,0,0,2,0,323,MAVERICK (323),2030,EAGLE PASS,8,Agosto,3,2022,21,56,US-277 BUSINESS/CEYLON ST/2 ND,2,US Highway,Urbano,Arteria Principal,Not Reported,1,Sin jurisdiccion especial,15,28.71830833,-100.5022917,Vehiculo en movimiento,Frente a frente,Not an Intersection,No fue interseccion,Sobre calle,Ninguna,Oscuro con iluminacion,Despejado,No,NO APLICA,99,99,99,99,1,03/08/2022,3
48,Texas,482215,0,0,1,0,113,DALLAS (113),1730,DALLAS,8,Agosto,4,2022,21,36,I-635,7,Calle Local,Urbano,Colector Mayor,State Highway Agency,0,Sin jurisdiccion especial,60,32.92378889,-96.75731944,Soporte de Puente,El primer evento no fue una colision con un vehiculo automotor en transporte,Not an Intersection,No fue interseccion,Separador,Ninguna,Oscuro con iluminacion,Despejado,No,NO APLICA,99,99,99,99,1,04/08/2022,1
48,Texas,482216,0,0,2,0,113,DALLAS (113),1730,DALLAS,7,Julio,28,2022,22,57,SR-12 LP/GREAT TRINITY FOREST,3,Highway estatal,Urbano,Arteria Principal,Not Reported,1,Sin jurisdiccion especial,156,32.69784167,-96.76179167,Vehiculo en movimiento,Angulo,Four-Way Intersection,Interseccion de 4 direcciones,Sobre calle,Ninguna,Oscuro con iluminacion,Despejado,No,NO APLICA,99,99,99,99,1,28/07/2022,3
48,Texas,482217,0,0,2,0,29,BEXAR (29),6090,SAN ANTONIO,7,Julio,30,2022,3,23,NEW SULPHUR SPRINGS,6,Calle Local Municipalidad,Urbano,Arteria Menor,Not Reported,0,Sin jurisdiccion especial,0,29.35386667,-98.31963056,Vehiculo en movimiento,Frente a frente,Not an Intersection,No fue interseccion,Sobre calle,Ninguna,Oscuro sin iluminacion,Despejado,No,NO APLICA,99,99,99,99,1,30/07/2022,5
48,Texas,482218,0,0,2,0,201,HARRIS (201),0,NO APLICA,7,Julio,31,2022,2,41,I-45 N,1,Interestatal,Urbano,Interestatal,State Highway Agency,1,Sin jurisdiccion especial,383,29.95612778,-95.41844444,Vehiculo en movimiento,Frente a Detrás,Not an Intersection,No fue interseccion,Sobre calle,Ninguna,Oscuro sin iluminacion,Despejado,No,NO APLICA,99,99,99,99,1,31/07/2022,3
48,Texas,482219,0,0,1,0,201,HARRIS (201),0,NO APLICA,8,Agosto,2,2022,22,40,US-59,7,Calle Local,Urbano,Colector Mayor,Not Reported,0,Sin jurisdiccion especial,24,29.89801667,-95.31436389,Banqueta,El primer evento no fue una colision con un vehiculo automotor en transporte,Not an Intersection,No fue interseccion,Separador,Ninguna,Oscuro sin iluminacion,Despejado,No,NO APLICA,99,99,99,99,1,02/08/2022,1
48,Texas,482220,0,0,2,0,201,HARRIS (201),0,NO APLICA,8,Agosto,6,2022,22,21,US-90,2,US Highway,Urbano,Arteria Principal,Not Reported,1,Sin jurisdiccion especial,203,29.92791389,-95.03835278,Vehiculo en movimiento,Frente a Detrás,Not an Intersection,No fue interseccion,Sobre calle,Ninguna,Oscuro sin iluminacion,Despejado,No,NO APLICA,99,99,99,99,1,06/08/2022,3
48,Texas,482222,0,0,1,0,41,BRAZOS (41),1440,COLLEGE STATION,7,Julio,25,2022,1,11,SR-6R BU/TEXAS AVE,3,Highway estatal,Urbano,Arteria Principal,Not Reported,1,Sin jurisdiccion especial,54,30.62460556,-96.33083333,Otro objeto (fijo),El primer evento no fue una colision con un vehiculo automotor en transporte,Not an Intersection,No fue interseccion,Sobre el lado de la calle,Ninguna,Oscuro con iluminacion,Despejado,No,NO APLICA,99,99,99,99,1,25/07/2022,3
48,Texas,482223,0,0,4,1,167,GALVESTON (167),2570,GALVESTON,8,Agosto,6,2022,23,35,33RD ST,6,Calle Local Municipalidad,Urbano,Colector Mayor,Not Reported,0,Sin jurisdiccion especial,0,29.28566667,-94.79965278,Vehiculo en movimiento,Angulo,Four-Way Intersection,Interseccion de 4 direcciones,Sobre calle,Ninguna,Oscuro con iluminacion,Despejado,No,NO APLICA,99,99,99,99,4,06/08/2022,11
48,Texas,482224,1,1,2,0,423,SMITH (423),0,NO APLICA,7,Julio,29,2022,0,11,SR-155,3,Highway estatal,Urbano,Arteria Principal,Not Reported,1,Sin jurisdiccion especial,156,32.27262222,-95.37264444,Peaton,El primer evento no fue una colision con un vehiculo automotor en transporte,Not an Intersection,No fue interseccion,Sobre calle,Ninguna,Oscuro sin iluminacion,Despejado,No,NO APLICA,99,99,99,99,1,29/07/2022,5
48,Texas,482225,0,0,1,0,227,HOWARD (227),0,NO APLICA,7,Julio,12,2022,14,15,CR-48,4,Calle del Condado,Rural,Local,Not Reported,0,Sin jurisdiccion especial,0,32.46716111,-101.4821222,Volcadura,El primer evento no fue una colision con un vehiculo automotor en transporte,Four-Way Intersection,Interseccion de 4 direcciones,Sobre el lado de la calle,Ninguna,Dia total,Despejado,No,NO APLICA,99,99,99,99,1,12/07/2022,1
48,Texas,482226,0,0,1,0,387,RED RIVER (387),0,NO APLICA,8,Agosto,1,2022,16,45,SR-37,3,Highway estatal,Rural,Arteria Menor,Not Reported,0,Sin jurisdiccion especial,99,33.72158611,-95.05638611,Volcadura,El primer evento no fue una colision con un vehiculo automotor en transporte,Not an Intersection,No fue interseccion,Sobre el lado de la calle,Ninguna,Dia total,Despejado,No,NO APLICA,99,98,99,98,1,01/08/2022,1
48,Texas,482227,1,1,1,0,373,POLK (373),0,NO APLICA,8,Agosto,1,2022,20,55,US-59,2,US Highway,Rural,Arteria Principal,Not Reported,1,Sin jurisdiccion especial,358,30.64868333,-94.945225,Peaton,El primer evento no fue una colision con un vehiculo automotor en transporte,Not an Intersection,No fue interseccion,Sobre calle,Ninguna,Oscuro sin iluminacion,Nublado,No,NO APLICA,99,98,99,98,1,01/08/2022,1
48,Texas,482228,0,0,1,0,281,LAMPASAS (281),0,NO APLICA,7,Julio,27,2022,0,38,FM 580,8,Otro,Rural,Colector Mayor,Not Reported,0,Sin jurisdiccion especial,101,31.10916944,-98.39069444,Barda,El primer evento no fue una colision con un vehiculo automotor en transporte,Not an Intersection,No fue interseccion,Sobre el lado de la calle,Ninguna,Oscuro sin iluminacion,Despejado,No,NO APLICA,99,98,99,98,1,27/07/2022,1
48,Texas,482229,0,0,1,0,491,WILLIAMSON (491),0,NO APLICA,8,Agosto,6,2022,0,40,CR-CHANDLER RD,4,Calle del Condado,Rural,Arteria Menor,Not Reported,0,Sin jurisdiccion especial,0,30.60736944,-97.46168611,Zanja,El primer evento no fue una colision con un vehiculo automotor en transporte,Not an Intersection,No fue interseccion,Sobre el lado de la calle,Ninguna,Oscuro sin iluminacion,Despejado,No,NO APLICA,99,98,99,98,1,06/08/2022,1
48,Texas,482230,0,0,1,0,231,HUNT (231),0,NO APLICA,5,Mayo,29,2022,16,57,US-69,2,US Highway,Rural,Arteria Principal,Not Reported,1,Sin jurisdiccion especial,5,33.17401667,-96.13024167,Volcadura,El primer evento no fue una colision con un vehiculo automotor en transporte,Not an Intersection,No fue interseccion,Sobre calle,Ninguna,Dia total,Despejado,No,NO APLICA,99,99,99,99,1,29/05/2022,1
48,Texas,482231,0,0,2,0,113,DALLAS (113),1730,DALLAS,5,Mayo,24,2022,10,48,SR-352,3,Highway estatal,Urbano,Arteria Principal,Not Reported,1,Sin jurisdiccion especial,20,32.76580556,-96.71770833,Vehiculo en movimiento,Angulo,T-Intersection,Interseccion de T,Sobre calle,Ninguna,Dia total,Despejado,No,NO APLICA,99,98,99,98,1,24/05/2022,2
48,Texas,482232,0,0,1,0,141,EL PASO (141),2190,EL PASO,6,Junio,6,2022,0,12,I-10,1,Interestatal,Urbano,Interestatal,State Highway Agency,1,Sin jurisdiccion especial,367,31.68164167,-106.2621167,Otra barrera de trafico,El primer evento no fue una colision con un vehiculo automotor en transporte,Not an Intersection,No fue interseccion,En el medio,Construccion,Oscuro con iluminacion,Despejado,No,NO APLICA,99,99,99,99,1,06/06/2022,1
48,Texas,482233,0,0,4,0,61,CAMERON (61),3030,HARLINGEN,7,Julio,15,2022,13,8,SR-499 LP/COLONEL BILL CARD JR,3,Highway estatal,Urbano,Arteria Principal,Not Reported,1,Sin jurisdiccion especial,26,26.22378056,-97.69760556,Vehiculo en movimiento,Angulo,Four-Way Intersection,Interseccion de 4 direcciones,Sobre calle,Ninguna,Dia total,Nublado,No,NO APLICA,99,99,99,99,1,15/07/2022,6
48,Texas,482234,0,0,2,0,485,WICHITA (485),7490,WICHITA FALLS,7,Julio,22,2022,18,56,US-287 BUS/OLD IOWA PARK,2,US Highway,Urbano,Arteria Menor,State Highway Agency,0,Sin jurisdiccion especial,264,33.92876389,-98.52446389,Vehiculo en movimiento,Frente a frente,Not an Intersection,No fue interseccion,Sobre calle,Ninguna,Dia total,Despejado,No,NO APLICA,99,99,99,99,1,22/07/2022,3
48,Texas,482235,1,1,1,0,213,HENDERSON (213),2938,GUN BARREL CITY,7,Julio,27,2022,2,8,SR-198/GUN BARREL LN,3,Highway estatal,Urbano,Arteria Menor,Not Reported,0,Sin jurisdiccion especial,73,32.31940833,-96.11223611,Peaton,El primer evento no fue una colision con un vehiculo automotor en transporte,Not an Intersection,No fue interseccion,Sobre el lado de la calle,Ninguna,Oscuro con iluminacion,Despejado,No,NO APLICA,99,98,99,98,1,27/07/2022,2
48,Texas,482236,0,0,2,0,85,COLLIN (85),4230,MCKINNEY,7,Julio,28,2022,20,7,US-380/UNIVERSITY DR,2,US Highway,Rural,Arteria Principal,Not Reported,1,Sin jurisdiccion especial,47,33.21884444,-96.72181111,Vehiculo en movimiento,Angulo,T-Intersection,Interseccion de T,Sobre calle,Ninguna,Atardecer,Despejado,No,NO APLICA,99,99,99,99,1,28/07/2022,3
48,Texas,482237,1,1,1,0,201,HARRIS (201),0,NO APLICA,7,Julio,24,2022,0,33,I-10,7,Calle Local,Urbano,Colector Mayor,State Highway Agency,0,Sin jurisdiccion especial,40,29.784575,-95.748625,Banqueta,El primer evento no fue una colision con un vehiculo automotor en transporte,Not an Intersection,No fue interseccion,Sobre el lado de la calle,Ninguna,Oscuro con iluminacion,Despejado,No,NO APLICA,99,99,99,99,1,24/07/2022,1
48,Texas,482238,0,0,3,0,61,CAMERON (61),6110,SAN BENITO,7,Julio,30,2022,22,39,US-77X BU,2,US Highway,Urbano,Arteria Principal,Not Reported,1,Sin jurisdiccion especial,177,26.14582222,-97.63694444,Vehiculo en movimiento,Frente a Detrás,Not an Intersection,No fue interseccion,Sobre calle,Ninguna,Oscuro con iluminacion,Despejado,No,NO APLICA,99,99,99,99,1,30/07/2022,4
48,Texas,482239,0,0,1,0,215,HIDALGO (215),3165,HIDALGO,8,Agosto,1,2022,2,54,SR-336,3,Highway estatal,Urbano,Arteria Principal,Not Reported,1,Sin jurisdiccion especial,143,26.10858889,-98.24618056,Arbol,El primer evento no fue una colision con un vehiculo automotor en transporte,Not an Intersection,No fue interseccion,Gore?,Ninguna,Oscuro sin iluminacion,Despejado,No,NO APLICA,99,99,99,99,1,01/08/2022,4
48,Texas,482240,1,1,1,0,375,POTTER (375),150,AMARILLO,8,Agosto,7,2022,22,35,US-60/AMARILLO BLVD,2,US Highway,Urbano,Arteria Principal,Not Reported,1,Sin jurisdiccion especial,3,35.22210278,-101.8249778,Peaton,El primer evento no fue una colision con un vehiculo automotor en transporte,Not an Intersection,No fue interseccion,Sobre calle,Ninguna,Oscuro - iluminacion desconocida,Despejado,No,NO APLICA,99,98,99,98,1,07/08/2022,3