Estado,Nombre de Estado,Numero de Caso,Peatones,Personas _no_vehiculos,Vehiculos automotores,Vehiculos estacionados,Condado,Nombre Condado,Ciudad,Nombre Ciudad,Mes,Nombre Mes,Dia,Año,Hora,Minuto,Calle,Ruta,Nombre Ruta,Rural o Urbanoo,Sistema Funcional,Dueño Calle,Sistema Nacional Carreteras,Jurisdiccion Especial,Milla,Latitud,Longitud,Causa del Accidente,Tipo de Accidente,Tipo Interseccion,Columna1,Lugar en la calle,Zona de Trabajo,Luz,Clima,Autobus Escolar,Cruce de Trenes,Hora Notificacion,Minuto Notificacion,Hora Llegada,Minuto Llegada,Decesos,Fecha,PersonaVehiculo
48,Texas,482241,0,0,3,1,161,FREESTONE (161),0,NO APLICA,7,Julio,17,2022,0,9,I-45,1,Interestatal,Rural,Interestatal,State Highway Agency,1,Sin jurisdiccion especial,100,31.61125278,-96.15650833,Vehiculo en movimiento,Angulo,Not an Intersection,No fue interseccion,Sobre calle,Ninguna,Oscuro sin iluminacion,Despejado,No,NO APLICA,99,99,99,99,1,17/07/2022,3
48,Texas,482242,0,0,3,0,257,KAUFMAN (257),9997,Other,8,Agosto,7,2022,1,3,US-175,2,US Highway,Rural,Arterial Principal -Freeway o ExpressWay,Not Reported,1,Sin jurisdiccion especial,123,32.64119444,-96.501,Vehiculo en movimiento,Frente a frente,Not an Intersection,No fue interseccion,Sobre calle,Ninguna,Oscuro sin iluminacion,Despejado,No,NO APLICA,99,99,99,99,3,07/08/2022,5
48,Texas,482243,0,0,1,0,439,TARRANT (439),2450,FORT WORTH,5,Mayo,17,2022,2,54,MITCHELL BLVD,6,Calle Local Municipalidad,Urbano,Arteria Principal,Not Reported,0,Sin jurisdiccion especial,0,32.70055278,-97.28193333,Poste,El primer evento no fue una colision con un vehiculo automotor en transporte,Not an Intersection,No fue interseccion,Sobre el lado de la calle,Ninguna,Oscuro con iluminacion,Despejado,No,NO APLICA,99,98,99,98,1,17/05/2022,1
48,Texas,482244,0,0,1,0,85,COLLIN (85),5730,RICHARDSON,7,Julio,23,2022,23,57,TL 161/PRES GEORGE BUSH TPK,6,Calle Local Municipalidad,Urbano,Arterial Principal -Freeway o ExpressWay,State Toll Road,1,Sin jurisdiccion especial,0,32.98826667,-96.66676389,Barrera de Trafico de Concreto,El primer evento no fue una colision con un vehiculo automotor en transporte,Not an Intersection,No fue interseccion,Separador,Ninguna,Oscuro con iluminacion,Despejado,No,NO APLICA,99,99,99,99,1,23/07/2022,1
48,Texas,482245,0,0,1,0,269,KING (269),0,NO APLICA,7,Julio,31,2022,18,5,US-82,2,US Highway,Rural,Arteria Principal,Not Reported,1,Sin jurisdiccion especial,59,33.57362778,-100.2223306,Volcadura,El primer evento no fue una colision con un vehiculo automotor en transporte,Not an Intersection,No fue interseccion,Sobre calle,Ninguna,Dia total,Despejado,No,NO APLICA,99,99,99,99,1,31/07/2022,3
48,Texas,482246,0,0,1,0,201,HARRIS (201),5230,PASADENA,7,Julio,29,2022,3,50,TL 8 SAM HOUSTON PKWY,8,Otro,Urbano,Arterial Principal -Freeway o ExpressWay,State Toll Road,1,Sin jurisdiccion especial,237,29.62052222,-95.18420556,Otra barrera de trafico,El primer evento no fue una colision con un vehiculo automotor en transporte,Not an Intersection,No fue interseccion,En el medio,Ninguna,Oscuro con iluminacion,Despejado,No,NO APLICA,99,98,99,98,1,29/07/2022,1
48,Texas,482247,0,0,1,0,137,EDWARDS (137),0,NO APLICA,6,Junio,30,2022,7,38,RM 674,8,Otro,Rural,Colector Mayor,Not Reported,0,Sin jurisdiccion especial,171,29.82825278,-100.4003694,Acotamiento,El primer evento no fue una colision con un vehiculo automotor en transporte,Not an Intersection,No fue interseccion,Sobre el lado de la calle,Ninguna,Dia total,Despejado,No,NO APLICA,99,99,99,99,1,30/06/2022,8
48,Texas,482248,0,0,1,0,423,SMITH (423),0,NO APLICA,8,Agosto,8,2022,12,12,49 TOLLWAY RAMP,8,Otro,Rural,Arteria Principal,State Toll Road,0,Sin jurisdiccion especial,99998,32.44654722,-95.43667778,Volcadura,El primer evento no fue una colision con un vehiculo automotor en transporte,Not an Intersection,No fue interseccion,Sobre el lado de la calle,Ninguna,Dia total,Despejado,No,NO APLICA,99,98,99,98,2,08/08/2022,2
48,Texas,482249,0,0,1,0,15,AUSTIN (15),0,NO APLICA,7,Julio,24,2022,4,33,I-10,1,Interestatal,Rural,Interestatal,State Highway Agency,1,Sin jurisdiccion especial,1,29.74846389,-96.29633056,Soporte de Puente,El primer evento no fue una colision con un vehiculo automotor en transporte,Not an Intersection,No fue interseccion,En el medio,Construccion,Oscuro sin iluminacion,Despejado,No,NO APLICA,99,99,99,99,1,24/07/2022,2
48,Texas,482250,1,1,1,0,29,BEXAR (29),6090,SAN ANTONIO,5,Mayo,31,2022,21,30,MILITARY DR,6,Calle Local Municipalidad,Urbano,Arteria Principal,Not Reported,1,Sin jurisdiccion especial,30,29.35663611,-98.50973333,Peaton,El primer evento no fue una colision con un vehiculo automotor en transporte,Not an Intersection,No fue interseccion,Sobre calle,Ninguna,Oscuro con iluminacion,Despejado,No,NO APLICA,99,99,99,99,1,31/05/2022,1
48,Texas,482251,0,0,1,0,85,COLLIN (85),0,NO APLICA,7,Julio,9,2022,22,20,SR-78,3,Highway estatal,Urbano,Arteria Principal,Not Reported,1,Sin jurisdiccion especial,299,33.02159444,-96.46918611,Banqueta,El primer evento no fue una colision con un vehiculo automotor en transporte,Not an Intersection,No fue interseccion,Sobre el lado de la calle,Ninguna,Oscuro sin iluminacion,Despejado,No,NO APLICA,99,99,99,99,1,09/07/2022,1
48,Texas,482252,0,0,2,0,85,COLLIN (85),5390,PLANO,8,Agosto,8,2022,19,0,SPRING CREEK PKWY,6,Calle Local Municipalidad,Urbano,Arteria Menor,Not Reported,0,Sin jurisdiccion especial,0,33.05313889,-96.67503889,Vehiculo en movimiento,Angulo,Not an Intersection,No fue interseccion,Sobre calle,Ninguna,Dia total,Despejado,No,NO APLICA,99,98,99,98,1,08/08/2022,2
48,Texas,482253,0,0,2,0,245,JEFFERSON (245),0,NO APLICA,8,Agosto,3,2022,6,45,I-10,1,Interestatal,Rural,Interestatal,State Highway Agency,1,Sin jurisdiccion especial,88,29.94581944,-94.25112778,Vehiculo en movimiento,Golpe Lateral - misma direccion,Not an Intersection,No fue interseccion,Sobre calle,Construccion,Dia total,Despejado,No,NO APLICA,99,98,99,98,1,03/08/2022,2
48,Texas,482254,0,0,3,0,53,BURNET (53),0,NO APLICA,7,Julio,29,2022,7,35,FM 2657,8,Otro,Rural,Colector Mayor,Not Reported,0,Sin jurisdiccion especial,32,30.993875,-97.91921111,Vehiculo en movimiento,Frente a frente,Not an Intersection,No fue interseccion,Sobre calle,Ninguna,Dia total,Despejado,No,NO APLICA,99,98,99,98,1,29/07/2022,3
48,Texas,482255,0,0,1,0,203,HARRISON (203),0,NO APLICA,8,Agosto,7,2022,16,4,SR-43,3,Highway estatal,Rural,Arteria Menor,Not Reported,0,Sin jurisdiccion especial,55,32.61786944,-94.21434722,Arbol,El primer evento no fue una colision con un vehiculo automotor en transporte,Not an Intersection,No fue interseccion,Fuera de la calle,Ninguna,Dia total,Despejado,No,NO APLICA,99,98,99,98,1,07/08/2022,1
48,Texas,482256,0,0,1,0,53,BURNET (53),0,NO APLICA,7,Julio,22,2022,22,29,PR 4,8,Otro,Rural,Colector Mayor,Not Reported,0,Sin jurisdiccion especial,138,30.68732778,-98.28312778,Volcadura,El primer evento no fue una colision con un vehiculo automotor en transporte,Not an Intersection,No fue interseccion,Sobre el lado de la calle,Ninguna,Oscuro sin iluminacion,Despejado,No,NO APLICA,99,99,99,99,1,22/07/2022,2
48,Texas,482257,0,0,1,0,149,FAYETTE (149),0,NO APLICA,7,Julio,27,2022,19,8,FM 153,8,Otro,Rural,Colector Mayor,Not Reported,0,Sin jurisdiccion especial,4,30.01811667,-97.05858889,Volcadura,El primer evento no fue una colision con un vehiculo automotor en transporte,Not an Intersection,No fue interseccion,Sobre el lado de la calle,Ninguna,Dia total,Nublado,No,NO APLICA,99,98,99,98,1,27/07/2022,1
48,Texas,482258,0,0,1,0,479,WEBB (479),3899,LAREDO,7,Julio,30,2022,20,19,SR-359,3,Highway estatal,Urbano,Arteria Menor,Not Reported,0,Sin jurisdiccion especial,85,27.48511944,-99.36988889,Volcadura,El primer evento no fue una colision con un vehiculo automotor en transporte,Not an Intersection,No fue interseccion,Sobre el lado de la calle,Ninguna,Dia total,Despejado,No,NO APLICA,99,99,99,99,1,30/07/2022,4
48,Texas,482259,0,0,3,0,201,HARRIS (201),0,NO APLICA,8,Agosto,4,2022,13,20,I-45 NORTH FWY,1,Interestatal,Urbano,Interestatal,State Highway Agency,1,Sin jurisdiccion especial,463,29.88604167,-95.32139167,Final Destination ( Vehiculo es golpeado por carga o otro objeto puesto en movimiento por otro vehiculo en movimiento),Otro,Not an Intersection,No fue interseccion,Sobre calle,Ninguna,Dia total,Despejado,No,NO APLICA,99,98,99,98,1,04/08/2022,4
48,Texas,482260,0,0,1,0,201,HARRIS (201),3280,HOUSTON,8,Agosto,6,2022,13,9,I-69 RAMP/EASTEX FWY,1,Interestatal,Urbano,Arterial Principal -Freeway o ExpressWay,Not Reported,1,Sin jurisdiccion especial,99998,29.80311667,-95.33964167,Puente de Ferrocarril,El primer evento no fue una colision con un vehiculo automotor en transporte,Not an Intersection,No fue interseccion,Sobre el lado de la calle,Ninguna,Dia total,Despejado,No,NO APLICA,99,99,99,99,1,06/08/2022,1
48,Texas,482261,1,1,1,0,439,TARRANT (439),260,ARLINGTON,8,Agosto,7,2022,4,11,I-20/US-287/RONALD REAGAN HWY,1,Interestatal,Urbano,Interestatal,State Highway Agency,1,Sin jurisdiccion especial,26,32.66894167,-97.21656667,Peaton,El primer evento no fue una colision con un vehiculo automotor en transporte,Not an Intersection,No fue interseccion,Sobre calle,Ninguna,Oscuro sin iluminacion,Despejado,No,NO APLICA,99,98,99,98,1,07/08/2022,1
48,Texas,482262,0,0,2,0,353,NOLAN (353),0,NO APLICA,7,Julio,17,2022,6,29,US-84,2,US Highway,Rural,Arteria Principal,Not Reported,1,Sin jurisdiccion especial,73,32.45569444,-100.5617167,Vehiculo en movimiento,Frente a Detrás,Not an Intersection,No fue interseccion,Sobre calle,Ninguna,Amanecer,Despejado,No,NO APLICA,6,25,6,42,1,17/07/2022,2
48,Texas,482263,0,0,1,0,245,JEFFERSON (245),490,BEAUMONT,8,Agosto,7,2022,23,54,SR-347 RAMP,3,Highway estatal,Urbano,Arteria Principal,Not Reported,1,Sin jurisdiccion especial,73,30.02852222,-94.05597222,Volcadura,El primer evento no fue una colision con un vehiculo automotor en transporte,Not an Intersection,No fue interseccion,Gore?,Ninguna,Oscuro sin iluminacion,Despejado,No,NO APLICA,99,99,99,99,1,07/08/2022,2
48,Texas,482264,1,1,1,0,201,HARRIS (201),0,NO APLICA,8,Agosto,5,2022,2,23,VETERANS MEMORIAL DR,6,Calle Local Municipalidad,Urbano,Arteria Principal,Not Reported,0,Sin jurisdiccion especial,0,29.92113056,-95.44726667,Peaton,El primer evento no fue una colision con un vehiculo automotor en transporte,Not an Intersection,No fue interseccion,Sobre calle,Ninguna,Oscuro sin iluminacion,Despejado,No,NO APLICA,99,99,99,99,1,05/08/2022,1
48,Texas,482265,0,0,2,0,29,BEXAR (29),6090,SAN ANTONIO,8,Agosto,4,2022,19,36,FM 471 GRISSOM RD,8,Otro,Urbano,Arteria Principal,Not Reported,1,Sin jurisdiccion especial,50,29.47705556,-98.64901389,Vehiculo en movimiento,Angulo,Y-Intersection,Interseccion de Y,Sobre calle,Ninguna,Dia total,Despejado,No,NO APLICA,99,99,99,99,1,04/08/2022,2
48,Texas,482266,0,0,2,0,123,DE WITT (123),0,NO APLICA,8,Agosto,6,2022,6,8,US-87,2,US Highway,Rural,Arteria Principal,Not Reported,1,Sin jurisdiccion especial,112,29.09259444,-97.36696389,Vehiculo en movimiento,Angulo,T-Intersection,Interseccion de T,Sobre calle,Ninguna,Oscuro sin iluminacion,Despejado,No,NO APLICA,99,98,99,98,1,06/08/2022,2
48,Texas,482267,0,0,2,0,251,JOHNSON (251),0,NO APLICA,8,Agosto,7,2022,11,0,FM 917,8,Otro,Urbano,Arteria Menor,Not Reported,0,Sin jurisdiccion especial,0,32.45279722,-97.29337222,Vehiculo en movimiento,Frente a frente,T-Intersection,Interseccion de T,Sobre calle,Ninguna,Dia total,Despejado,No,NO APLICA,99,99,99,99,1,07/08/2022,3
48,Texas,482268,0,0,3,0,199,HARDIN (199),0,NO APLICA,8,Agosto,6,2022,12,45,US-96,2,US Highway,Rural,Arteria Principal,Not Reported,1,Sin jurisdiccion especial,99,30.28886111,-94.18830833,Vehiculo en movimiento,Frente a Detrás,Not an Intersection,No fue interseccion,Sobre calle,Ninguna,Dia total,Nublado,No,NO APLICA,99,99,99,99,1,06/08/2022,5
48,Texas,482269,0,0,1,0,485,WICHITA (485),7490,WICHITA FALLS,7,Julio,24,2022,17,50,I-44 RAMP,1,Interestatal,Urbano,Interestatal,State Highway Agency,1,Sin jurisdiccion especial,11,33.90853333,-98.50017222,Valla Ferrocarril,El primer evento no fue una colision con un vehiculo automotor en transporte,Not an Intersection,No fue interseccion,Sobre el lado de la calle,Ninguna,Dia total,Despejado,No,NO APLICA,99,99,99,99,1,24/07/2022,6
48,Texas,482270,0,0,1,0,121,DENTON (121),0,NO APLICA,8,Agosto,7,2022,8,41,FM 1173,8,Otro,Rural,Colector Mayor,Not Reported,0,Sin jurisdiccion especial,39,33.29379167,-97.34145556,Volcadura,El primer evento no fue una colision con un vehiculo automotor en transporte,Not an Intersection,No fue interseccion,Sobre calle,Ninguna,Dia total,Despejado,No,NO APLICA,99,98,99,98,1,07/08/2022,1
48,Texas,482271,0,0,2,0,185,GRIMES (185),4830,NAVASOTA,8,Agosto,6,2022,21,34,FM 379,8,Otro,Urbano,Colector Mayor,Not Reported,0,Sin jurisdiccion especial,13,30.38118333,-96.09267778,Vehiculo en movimiento,Angulo,T-Intersection,Interseccion de T,Sobre calle,Ninguna,Oscuro sin iluminacion,Despejado,No,NO APLICA,99,98,99,98,1,06/08/2022,3
48,Texas,482272,0,0,2,0,215,HIDALGO (215),4197,MCALLEN,8,Agosto,9,2022,19,23,I-2 SVRD,7,Calle Local,Urbano,Colector Mayor,Not Reported,0,Sin jurisdiccion especial,83,26.18913056,-98.23253889,Vehiculo en movimiento,Angulo,Four-Way Intersection,Interseccion de 4 direcciones,Sobre calle,Ninguna,Dia total,Despejado,No,NO APLICA,99,98,99,98,1,09/08/2022,3
48,Texas,482274,1,1,4,2,201,HARRIS (201),3280,HOUSTON,7,Julio,16,2022,3,27,BEECHNUT ST,6,Calle Local Municipalidad,Urbano,Arteria Menor,Not Reported,0,Sin jurisdiccion especial,0,29.69120278,-95.513925,Peaton,El primer evento no fue una colision con un vehiculo automotor en transporte,Four-Way Intersection,Interseccion de 4 direcciones,Sobre calle,Ninguna,Oscuro con iluminacion,Despejado,No,NO APLICA,99,99,99,99,1,16/07/2022,4
48,Texas,482275,0,0,4,0,113,DALLAS (113),6001,ROWLETT,8,Agosto,3,2022,7,5,SR-66,3,Highway estatal,Urbano,Arteria Principal,Not Reported,1,Sin jurisdiccion especial,332,32.90871944,-96.58535556,Vehiculo en movimiento,Golpe Lateral - direccion contraria,Not an Intersection,No fue interseccion,Sobre calle,Ninguna,Dia total,Despejado,No,NO APLICA,99,99,99,99,2,03/08/2022,4
48,Texas,482276,0,0,1,0,439,TARRANT (439),590,BENBROOK,8,Agosto,10,2022,8,47,VICKERY BLVD,6,Calle Local Municipalidad,Urbano,Arteria Principal,Not Reported,0,Sin jurisdiccion especial,0,32.69641111,-97.4453,Otro objeto (fijo),El primer evento no fue una colision con un vehiculo automotor en transporte,Not an Intersection,No fue interseccion,Sobre el lado de la calle,Ninguna,Dia total,Despejado,No,NO APLICA,99,99,99,99,1,10/08/2022,2
48,Texas,482277,0,0,3,0,171,GILLESPIE (171),0,NO APLICA,8,Agosto,11,2022,6,35,SR-16,3,Highway estatal,Rural,Arteria Principal,Not Reported,1,Sin jurisdiccion especial,36,30.231075,-98.90718889,Vehiculo en movimiento,Golpe Lateral - direccion contraria,Not an Intersection,No fue interseccion,Sobre calle,Ninguna,Oscuro sin iluminacion,Despejado,No,NO APLICA,6,54,6,58,2,11/08/2022,4
48,Texas,482278,1,1,1,0,29,BEXAR (29),6090,SAN ANTONIO,8,Agosto,5,2022,21,21,SR-13 LP/W W WHITE RD,3,Highway estatal,Urbano,Arteria Principal,Not Reported,1,Sin jurisdiccion especial,82,29.411275,-98.40552778,Peaton,El primer evento no fue una colision con un vehiculo automotor en transporte,Not an Intersection,No fue interseccion,Sobre calle,Ninguna,Oscuro con iluminacion,Despejado,No,NO APLICA,99,98,99,98,1,05/08/2022,2
48,Texas,482279,1,1,1,0,29,BEXAR (29),6090,SAN ANTONIO,7,Julio,22,2022,0,37,NEWELL AVE,6,Calle Local Municipalidad,Urbano,Local,Not Reported,0,Sin jurisdiccion especial,238,29.44135,-98.4838,Ciclista,El primer evento no fue una colision con un vehiculo automotor en transporte,Not an Intersection,No fue interseccion,Sobre calle,Ninguna,Oscuro sin iluminacion,Despejado,No,NO APLICA,99,99,99,99,1,22/07/2022,1
48,Texas,482280,0,0,1,0,267,KIMBLE (267),0,NO APLICA,8,Agosto,7,2022,13,29,US-377 N,2,US Highway,Rural,Colector Mayor,Not Reported,0,Sin jurisdiccion especial,44,30.45543333,-99.80395556,Arbol,El primer evento no fue una colision con un vehiculo automotor en transporte,Not an Intersection,No fue interseccion,Sobre el lado de la calle,Ninguna,Dia total,Despejado,No,NO APLICA,99,98,99,98,3,07/08/2022,3
48,Texas,482281,0,0,2,0,113,DALLAS (113),3420,IRVING,6,Junio,25,2022,1,36,BELT LINE RD,6,Calle Local Municipalidad,Urbano,Colector Mayor,Not Reported,0,Sin jurisdiccion especial,0,32.82131667,-96.99388611,Vehiculo en movimiento,Golpe Lateral - misma direccion,Not an Intersection,No fue interseccion,Sobre calle,Ninguna,Oscuro con iluminacion,Despejado,No,NO APLICA,99,99,99,99,1,25/06/2022,4
48,Texas,482282,0,0,1,0,29,BEXAR (29),0,NO APLICA,4,Abril,24,2022,8,2,I-35,7,Calle Local,Rural,Colector Mayor,State Highway Agency,0,Sin jurisdiccion especial,67,29.26981389,-98.68766389,Volcadura,El primer evento no fue una colision con un vehiculo automotor en transporte,Not an Intersection,No fue interseccion,Separador,Ninguna,Dia total,Despejado,No,NO APLICA,99,99,99,99,2,24/04/2022,14
48,Texas,482283,0,0,2,0,113,DALLAS (113),3880,LANCASTER,8,Agosto,9,2022,11,13,BELTLINE RD,6,Calle Local Municipalidad,Urbano,Arteria Principal,Not Reported,0,Sin jurisdiccion especial,0,32.59213056,-96.77548056,Vehiculo en movimiento,Frente a frente,Not an Intersection,No fue interseccion,Sobre calle,Ninguna,Dia total,Despejado,No,NO APLICA,99,99,99,99,1,09/08/2022,2
48,Texas,482284,0,0,1,0,141,EL PASO (141),2190,EL PASO,8,Agosto,10,2022,8,27,SIETE LEGUAS RD,6,Calle Local Municipalidad,Urbano,Local,Not Reported,0,Sin jurisdiccion especial,0,31.81323889,-106.5768111,Arbol,El primer evento no fue una colision con un vehiculo automotor en transporte,Not an Intersection,No fue interseccion,Sobre el lado de la calle,Ninguna,Dia total,Despejado,No,NO APLICA,99,99,99,99,1,10/08/2022,1
48,Texas,482285,1,1,1,0,439,TARRANT (439),2450,FORT WORTH,8,Agosto,12,2022,21,48,VAUGHN BLVD,6,Calle Local Municipalidad,Urbano,Local,Not Reported,0,Sin jurisdiccion especial,0,32.72895278,-97.27958889,Peaton,El primer evento no fue una colision con un vehiculo automotor en transporte,T-Intersection,Interseccion de T,Sobre calle,Ninguna,Oscuro con iluminacion,Despejado,No,NO APLICA,99,99,99,99,1,12/08/2022,1
48,Texas,482286,0,0,3,0,167,GALVESTON (167),2570,GALVESTON,8,Agosto,14,2022,19,10,53RD ST,6,Calle Local Municipalidad,Urbano,Arteria Menor,Not Reported,0,Sin jurisdiccion especial,0,29.27445556,-94.82066389,Vehiculo en movimiento,Angulo,Four-Way Intersection,Interseccion de 4 direcciones,Sobre calle,Ninguna,Dia total,Despejado,No,NO APLICA,99,99,99,99,1,14/08/2022,4
48,Texas,482287,0,0,1,0,27,BELL (27),6810,TEMPLE,8,Agosto,14,2022,1,44,I-35,1,Interestatal,Urbano,Interestatal,State Highway Agency,1,Sin jurisdiccion especial,217,31.09291667,-97.37998333,Poste de Señal de trafico,El primer evento no fue una colision con un vehiculo automotor en transporte,Not an Intersection,No fue interseccion,Gore?,Ninguna,Oscuro - iluminacion desconocida,Despejado,No,NO APLICA,99,98,99,98,1,14/08/2022,1
48,Texas,482288,0,0,1,0,113,DALLAS (113),1730,DALLAS,8,Agosto,5,2022,21,57,SR-78/GRAND AVE,3,Highway estatal,Urbano,Arteria Principal,Not Reported,1,Sin jurisdiccion especial,161,32.80346389,-96.73571944,Banqueta,El primer evento no fue una colision con un vehiculo automotor en transporte,Not an Intersection,No fue interseccion,En el medio,Ninguna,Oscuro con iluminacion,Despejado,No,NO APLICA,99,99,99,99,1,05/08/2022,1
48,Texas,482289,0,0,2,0,113,DALLAS (113),2590,GARLAND,7,Julio,27,2022,23,34,SR-190 TL/PRES GEORGE BUSH TPK,3,Highway estatal,Urbano,Arterial Principal -Freeway o ExpressWay,State Toll Road,1,Sin jurisdiccion especial,42,32.94740833,-96.60846667,Vehiculo en movimiento,Frente a frente,Not an Intersection,No fue interseccion,Sobre calle,Ninguna,Oscuro con iluminacion,Despejado,No,NO APLICA,99,99,99,99,2,27/07/2022,3
48,Texas,482290,0,0,1,0,141,EL PASO (141),9997,Other,8,Agosto,14,2022,14,10,SR-20,3,Highway estatal,Urbano,Arteria Principal,Not Reported,1,Sin jurisdiccion especial,380,31.62548056,-106.2656417,Soporte de  señalamiento de transito,El primer evento no fue una colision con un vehiculo automotor en transporte,Not an Intersection,No fue interseccion,Sobre el lado de la calle,Ninguna,Dia total,Despejado,No,NO APLICA,99,99,99,99,1,14/08/2022,1
48,Texas,482291,0,0,2,0,27,BELL (27),4924,NOLANVILLE,7,Julio,10,2022,1,53,I-14 E,1,Interestatal,Urbano,Interestatal,State Highway Agency,1,Sin jurisdiccion especial,152,31.06878611,-97.58288333,Vehiculo en movimiento,Frente a Detrás,Not an Intersection,No fue interseccion,Sobre calle,Construccion,Oscuro con iluminacion,Despejado,No,NO APLICA,99,99,99,99,1,10/07/2022,5
48,Texas,482292,0,0,1,0,439,TARRANT (439),2450,FORT WORTH,8,Agosto,5,2022,23,49,ELLIOT REEDER RD,6,Calle Local Municipalidad,Urbano,Colector Mayor,Not Reported,0,Sin jurisdiccion especial,0,32.780425,-97.26830833,Vehiculo Ferrocarril,El primer evento no fue una colision con un vehiculo automotor en transporte,Not an Intersection,No fue interseccion,Sobre calle,Ninguna,Oscuro con iluminacion,Despejado,No,Unknown,99,98,99,98,2,05/08/2022,2
48,Texas,482293,1,1,1,0,159,FRANKLIN (159),4760,MOUNT VERNON,7,Julio,27,2022,0,10,I-30,7,Calle Local,Rural,Colector Mayor,State Highway Agency,0,Sin jurisdiccion especial,56,33.16290833,-95.21163889,Ciclista,El primer evento no fue una colision con un vehiculo automotor en transporte,Not an Intersection,No fue interseccion,Sobre calle,Ninguna,Oscuro sin iluminacion,Despejado,No,NO APLICA,99,98,99,98,1,27/07/2022,1
48,Texas,482294,0,0,1,0,27,BELL (27),0,NO APLICA,8,Agosto,10,2022,3,0,I-35,1,Interestatal,Rural,Interestatal,State Highway Agency,1,Sin jurisdiccion especial,13,30.87544167,-97.58154722,Poste,El primer evento no fue una colision con un vehiculo automotor en transporte,Not an Intersection,No fue interseccion,Sobre el lado de la calle,Ninguna,Oscuro con iluminacion,Despejado,No,NO APLICA,99,98,99,98,1,10/08/2022,1
48,Texas,482295,0,0,1,0,29,BEXAR (29),0,NO APLICA,8,Agosto,13,2022,6,55,I-10 W,1,Interestatal,Urbano,Interestatal,State Highway Agency,1,Sin jurisdiccion especial,53,29.6771,-98.63700556,Otro objeto (fijo),El primer evento no fue una colision con un vehiculo automotor en transporte,Not an Intersection,No fue interseccion,Separador,Ninguna,Dia total,Despejado,No,NO APLICA,99,99,99,99,1,13/08/2022,1
48,Texas,482296,0,0,1,0,181,GRAYSON (181),0,NO APLICA,8,Agosto,6,2022,11,17,FM 1753,8,Otro,Urbano,Colector Mayor,Not Reported,0,Sin jurisdiccion especial,13,33.74384722,-96.49523889,Arbol,El primer evento no fue una colision con un vehiculo automotor en transporte,Not an Intersection,No fue interseccion,Sobre el lado de la calle,Ninguna,Dia total,Despejado,No,NO APLICA,99,99,99,99,1,06/08/2022,2
48,Texas,482297,0,0,2,0,113,DALLAS (113),1730,DALLAS,8,Agosto,11,2022,3,26,I-635/LBJ FWY,1,Interestatal,Urbano,Interestatal,State Highway Agency,1,Sin jurisdiccion especial,44,32.91061389,-96.73453333,Vehiculo en movimiento,Frente a Detrás,Not an Intersection,No fue interseccion,Sobre calle,Ninguna,Oscuro con iluminacion,Despejado,No,NO APLICA,99,99,99,99,1,11/08/2022,2
48,Texas,482298,0,0,1,0,113,DALLAS (113),1730,DALLAS,8,Agosto,2,2022,2,50,US-75/CENTRAL EXPY,2,US Highway,Urbano,Arterial Principal -Freeway o ExpressWay,Not Reported,1,Sin jurisdiccion especial,136,32.80866667,-96.79316944,Otra barrera de trafico,El primer evento no fue una colision con un vehiculo automotor en transporte,Not an Intersection,No fue interseccion,Separador,Ninguna,Oscuro con iluminacion,Despejado,No,NO APLICA,99,99,99,99,1,02/08/2022,1
48,Texas,482299,0,0,1,0,423,SMITH (423),0,NO APLICA,8,Agosto,14,2022,13,35,CR-334,4,Calle del Condado,Rural,Local,Not Reported,0,Sin jurisdiccion especial,0,32.438575,-95.22324722,Arbol,El primer evento no fue una colision con un vehiculo automotor en transporte,Not an Intersection,No fue interseccion,Sobre el lado de la calle,Ninguna,Dia total,Despejado,No,NO APLICA,99,98,99,98,1,14/08/2022,1
48,Texas,482300,0,0,2,0,111,DALLAM (111),0,NO APLICA,7,Julio,30,2022,22,17,US-54,2,US Highway,Rural,Arteria Principal,Not Reported,1,Sin jurisdiccion especial,149,36.26050278,-102.1943417,Vehiculo en movimiento,Frente a frente,Not an Intersection,No fue interseccion,Sobre calle,Ninguna,Oscuro sin iluminacion,lluvia,No,NO APLICA,99,99,99,99,2,30/07/2022,3
48,Texas,482301,1,1,1,0,463,UVALDE (463),0,NO APLICA,7,Julio,26,2022,23,49,US-90,2,US Highway,Rural,Arteria Principal,Not Reported,1,Sin jurisdiccion especial,68,29.23257222,-100.0174861,Peaton,El primer evento no fue una colision con un vehiculo automotor en transporte,Not an Intersection,No fue interseccion,Sobre calle,Ninguna,Oscuro sin iluminacion,Despejado,No,NO APLICA,99,98,99,98,1,26/07/2022,1
48,Texas,482302,0,0,2,0,441,TAYLOR (441),30,ABILENE,8,Agosto,10,2022,21,3,FM 3438/ARNOLD BLVD,8,Otro,Urbano,Arteria Menor,Not Reported,1,Sin jurisdiccion especial,11,32.45795,-99.80855,Vehiculo en movimiento,Frente a frente,T-Intersection,Interseccion de T,Sobre calle,Ninguna,Oscuro sin iluminacion,Despejado,No,NO APLICA,99,98,99,98,1,10/08/2022,2
48,Texas,482303,0,0,2,0,183,GREGG (183),4080,LONGVIEW,8,Agosto,5,2022,7,50,I-20,1,Interestatal,Rural,Interestatal,State Highway Agency,1,Sin jurisdiccion especial,144,32.43846667,-94.74230556,Vehiculo en movimiento,Frente a Detrás,Not an Intersection,No fue interseccion,Sobre calle,Ninguna,Dia total,Despejado,No,NO APLICA,99,98,99,98,1,05/08/2022,2
48,Texas,482304,0,0,2,0,257,KAUFMAN (257),0,NO APLICA,8,Agosto,8,2022,2,57,SR-34,3,Highway estatal,Rural,Arteria Menor,Not Reported,0,Sin jurisdiccion especial,67,32.69056111,-96.26848889,Vehiculo en movimiento,Frente a frente,Not an Intersection,No fue interseccion,Sobre calle,Construccion,Oscuro sin iluminacion,Despejado,No,NO APLICA,99,99,99,99,1,08/08/2022,2