Estado,Nombre de Estado,Numero de Caso,Peatones,Personas _no_vehiculos,Vehiculos automotores,Vehiculos estacionados,Condado,Nombre Condado,Ciudad,Nombre Ciudad,Mes,Nombre Mes,Dia,Año,Hora,Minuto,Calle,Ruta,Nombre Ruta,Rural o Urbanoo,Sistema Funcional,Dueño Calle,Sistema Nacional Carreteras,Jurisdiccion Especial,Milla,Latitud,Longitud,Causa del Accidente,Tipo de Accidente,Tipo Interseccion,Columna1,Lugar en la calle,Zona de Trabajo,Luz,Clima,Autobus Escolar,Cruce de Trenes,Hora Notificacion,Minuto Notificacion,Hora Llegada,Minuto Llegada,Decesos,Fecha,PersonaVehiculo
48,Texas,482305,0,0,2,0,143,ERATH (143),0,NO APLICA,7,Julio,29,2022,10,15,US-67,2,US Highway,Rural,Arteria Principal,Not Reported,1,Sin jurisdiccion especial,36,32.15386944,-97.9633,Vehiculo en movimiento,Frente a Detrás,Not an Intersection,No fue interseccion,Sobre calle,Ninguna,Dia total,Despejado,No,NO APLICA,99,98,99,98,1,29/07/2022,2
48,Texas,482306,0,0,2,0,181,GRAYSON (181),0,NO APLICA,7,Julio,22,2022,22,8,US-82,2,US Highway,Rural,Arteria Principal,Not Reported,1,Sin jurisdiccion especial,235,33.65663889,-96.545325,Vehiculo en movimiento,Angulo,Not an Intersection,No fue interseccion,Sobre calle,Ninguna,Oscuro sin iluminacion,Despejado,No,NO APLICA,99,99,99,99,1,22/07/2022,5
48,Texas,482307,1,1,3,2,439,TARRANT (439),2450,FORT WORTH,7,Julio,31,2022,2,41,BESSIE ST,6,Calle Local Municipalidad,Urbano,Arteria Principal,Not Reported,0,Sin jurisdiccion especial,0,32.74012222,-97.30313056,Peaton,El primer evento no fue una colision con un vehiculo automotor en transporte,Not an Intersection,No fue interseccion,Sobre el lado de la calle,Ninguna,Oscuro con iluminacion,Despejado,No,NO APLICA,99,99,99,99,1,31/07/2022,1
48,Texas,482309,0,0,1,0,201,HARRIS (201),3280,HOUSTON,6,Junio,25,2022,22,45,I-10,7,Calle Local,Urbano,Colector Mayor,State Highway Agency,0,Sin jurisdiccion especial,204,29.78455,-95.47549167,Banqueta,El primer evento no fue una colision con un vehiculo automotor en transporte,Four-Way Intersection,Interseccion de 4 direcciones,En el medio,Ninguna,Oscuro con iluminacion,Nublado,No,NO APLICA,99,99,99,99,1,25/06/2022,4
48,Texas,482310,0,0,2,0,251,JOHNSON (251),2690,GODLEY,8,Agosto,12,2022,11,50,FM 917,8,Otro,Rural,Colector Mayor,Not Reported,0,Sin jurisdiccion especial,24,32.45335556,-97.49429167,Vehiculo en movimiento,Frente a frente,Not an Intersection,No fue interseccion,Sobre calle,Ninguna,Dia total,Despejado,No,NO APLICA,99,99,99,99,1,12/08/2022,2
48,Texas,482311,0,0,1,0,165,GAINES (165),6300,SEMINOLE,8,Agosto,14,2022,3,18,8TH ST,6,Calle Local Municipalidad,Urbano,Colector Menor,Not Reported,0,Sin jurisdiccion especial,0,32.7269,-102.6536722,Arbol,El primer evento no fue una colision con un vehiculo automotor en transporte,Not an Intersection,No fue interseccion,Sobre el lado de la calle,Ninguna,Oscuro con iluminacion,Despejado,No,NO APLICA,99,99,99,99,1,14/08/2022,1
48,Texas,482312,0,0,1,0,485,WICHITA (485),7490,WICHITA FALLS,8,Agosto,7,2022,6,44,US-281,2,US Highway,Urbano,Arterial Principal -Freeway o ExpressWay,Not Reported,1,Sin jurisdiccion especial,29,33.85274444,-98.48811111,Volcadura,El primer evento no fue una colision con un vehiculo automotor en transporte,Not an Intersection,No fue interseccion,En el medio,Ninguna,Amanecer,Despejado,No,NO APLICA,99,98,99,98,1,07/08/2022,1
48,Texas,482313,0,0,3,0,443,TERRELL (443),0,NO APLICA,8,Agosto,12,2022,19,15,US-285,2,US Highway,Rural,Arteria Principal,Not Reported,1,Sin jurisdiccion especial,53,30.22749444,-102.4307861,Vehiculo en movimiento,Frente a frente,Not an Intersection,No fue interseccion,Sobre calle,Ninguna,Dia total,Despejado,No,NO APLICA,99,99,99,99,4,12/08/2022,6
48,Texas,482314,0,0,1,0,439,TARRANT (439),2450,FORT WORTH,8,Agosto,8,2022,3,53,I-820,1,Interestatal,Urbano,Interestatal,State Highway Agency,1,Sin jurisdiccion especial,354,32.67856667,-97.240425,Algún evento nocivo sin detalles,El primer evento no fue una colision con un vehiculo automotor en transporte,Not an Intersection,No fue interseccion,No reportado,Ninguna,Oscuro sin iluminacion,Despejado,No,NO APLICA,99,98,99,98,1,08/08/2022,1
48,Texas,482315,1,1,1,0,113,DALLAS (113),3420,IRVING,8,Agosto,12,2022,3,33,SR-183/AIRPORT FWY,3,Highway estatal,Urbano,Arterial Principal -Freeway o ExpressWay,Not Reported,1,Sin jurisdiccion especial,31,32.83710556,-97.00111389,Peaton,El primer evento no fue una colision con un vehiculo automotor en transporte,Not an Intersection,No fue interseccion,Sobre calle,Ninguna,Oscuro con iluminacion,Despejado,No,NO APLICA,99,99,99,99,1,12/08/2022,1
48,Texas,482316,0,0,2,0,495,WINKLER (495),0,NO APLICA,7,Julio,31,2022,1,35,SR-302,3,Highway estatal,Rural,Arteria Menor,Not Reported,0,Sin jurisdiccion especial,263,31.90133333,-102.8213167,Vehiculo en movimiento,Frente a frente,Not an Intersection,No fue interseccion,Sobre calle,Ninguna,Oscuro sin iluminacion,Despejado,No,NO APLICA,99,98,99,98,1,31/07/2022,2
48,Texas,482318,1,1,1,0,201,HARRIS (201),3280,HOUSTON,7,Julio,31,2022,9,25,REED RD,6,Calle Local Municipalidad,Urbano,Arteria Menor,Not Reported,0,Sin jurisdiccion especial,0,29.65854167,-95.34345556,Peaton,El primer evento no fue una colision con un vehiculo automotor en transporte,Not an Intersection,No fue interseccion,Sobre calle,Ninguna,Dia total,Despejado,No,NO APLICA,99,99,99,99,1,31/07/2022,1
48,Texas,482319,0,0,2,1,41,BRAZOS (41),970,BRYAN,8,Agosto,10,2022,22,5,TOWERING OAKS DR,6,Calle Local Municipalidad,Urbano,Local,Not Reported,0,Sin jurisdiccion especial,0,30.65965833,-96.34225,Banqueta,El primer evento no fue una colision con un vehiculo automotor en transporte,Not an Intersection,No fue interseccion,Sobre el lado de la calle,Ninguna,Oscuro con iluminacion,Despejado,No,NO APLICA,99,98,99,98,1,10/08/2022,1
48,Texas,482320,0,0,2,0,27,BELL (27),3690,KILLEEN,8,Agosto,13,2022,0,34,SR-201/CLEAR CREEK RD,3,Highway estatal,Urbano,Arteria Principal,Not Reported,1,Sin jurisdiccion especial,32,31.07624167,-97.81393056,Alguien se cayo/avento del vehiculo,El primer evento no fue una colision con un vehiculo automotor en transporte,Not an Intersection,No fue interseccion,En el medio,Ninguna,Oscuro sin iluminacion,Despejado,No,NO APLICA,99,98,99,98,1,13/08/2022,2
48,Texas,482321,1,1,1,0,201,HARRIS (201),480,BAYTOWN,8,Agosto,11,2022,6,12,MAIN ST,6,Calle Local Municipalidad,Urbano,Arteria Menor,Not Reported,0,Sin jurisdiccion especial,0,29.72281111,-94.989175,Ciclista,El primer evento no fue una colision con un vehiculo automotor en transporte,Not an Intersection,No fue interseccion,Sobre calle,Ninguna,Oscuro con iluminacion,Despejado,No,NO APLICA,99,99,99,99,1,11/08/2022,1
48,Texas,482322,0,0,2,0,15,AUSTIN (15),0,NO APLICA,7,Julio,17,2022,2,28,SR-159,3,Highway estatal,Rural,Colector Mayor,Not Reported,0,Sin jurisdiccion especial,23,29.96919444,-96.22549167,Vehiculo en movimiento,Frente a frente,Not an Intersection,No fue interseccion,Sobre calle,Ninguna,Oscuro sin iluminacion,Despejado,No,NO APLICA,99,99,99,99,1,17/07/2022,5
48,Texas,482323,0,0,1,0,181,GRAYSON (181),0,NO APLICA,8,Agosto,2,2022,18,20,CR-PRESTON RD,4,Calle del Condado,Urbano,Local,Not Reported,0,Sin jurisdiccion especial,0,33.72286667,-96.621125,Arbol,El primer evento no fue una colision con un vehiculo automotor en transporte,Not an Intersection,No fue interseccion,Sobre el lado de la calle,Ninguna,Dia total,Despejado,No,NO APLICA,99,99,99,99,1,02/08/2022,5
48,Texas,482324,0,0,3,0,31,BLANCO (31),0,NO APLICA,8,Agosto,2,2022,17,59,US-281,2,US Highway,Rural,Arteria Principal,Not Reported,1,Sin jurisdiccion especial,114,30.32453611,-98.38795278,Vehiculo en movimiento,Frente a frente,Not an Intersection,No fue interseccion,Sobre calle,Ninguna,Dia total,Nublado,No,NO APLICA,99,99,99,99,1,02/08/2022,3
48,Texas,482325,0,0,1,0,215,HIDALGO (215),0,NO APLICA,7,Julio,31,2022,20,10,BORDER RD,6,Calle Local Municipalidad,Urbano,Local,Not Reported,0,Sin jurisdiccion especial,0,26.198775,-98.09163611,Volcadura,El primer evento no fue una colision con un vehiculo automotor en transporte,Not an Intersection,No fue interseccion,Sobre el lado de la calle,Ninguna,Dia total,Despejado,No,NO APLICA,99,99,99,99,1,31/07/2022,2
48,Texas,482326,0,0,2,0,407,SAN JACINTO (407),0,NO APLICA,8,Agosto,6,2022,14,28,US-190,2,US Highway,Rural,Arteria Principal,Not Reported,1,Sin jurisdiccion especial,32,30.74406667,-95.30358333,Vehiculo en movimiento,Angulo,T-Intersection,Interseccion de T,Sobre calle,Ninguna,Dia total,Despejado,No,NO APLICA,99,98,99,98,1,06/08/2022,3
48,Texas,482327,0,0,2,0,331,MILAM (331),0,NO APLICA,8,Agosto,9,2022,14,10,US-77,2,US Highway,Rural,Arteria Principal,Not Reported,1,Sin jurisdiccion especial,28,31.002925,-96.99456111,Vehiculo en movimiento,Frente a frente,Not an Intersection,No fue interseccion,Sobre calle,Ninguna,Dia total,Nublado,No,NO APLICA,99,99,99,99,3,09/08/2022,4
48,Texas,482328,0,0,3,0,29,BEXAR (29),6090,SAN ANTONIO,8,Agosto,12,2022,6,28,WETMORE RD,6,Calle Local Municipalidad,Urbano,Arteria Menor,Not Reported,0,Sin jurisdiccion especial,0,29.56149167,-98.42185556,Vehiculo en movimiento,Angulo,Four-Way Intersection,Interseccion de 4 direcciones,Sobre calle,Ninguna,Oscuro con iluminacion,Despejado,Yes,NO APLICA,99,99,99,99,1,12/08/2022,3
48,Texas,482329,0,0,2,0,85,COLLIN (85),5540,PROSPER,7,Julio,21,2022,14,13,FM 1461/FRONTIER RD,8,Otro,Urbano,Colector Mayor,Not Reported,0,Sin jurisdiccion especial,20,33.26255,-96.76729722,Vehiculo en movimiento,Angulo,Four-Way Intersection,Interseccion de 4 direcciones,Sobre calle,Ninguna,Dia total,Despejado,No,NO APLICA,99,99,99,99,1,21/07/2022,2
48,Texas,482330,1,1,1,0,7,ARANSAS (7),0,NO APLICA,8,Agosto,16,2022,23,11,SR-35,3,Highway estatal,Rural,Arteria Menor,Not Reported,0,Sin jurisdiccion especial,199,27.94071111,-97.14539167,Peaton,El primer evento no fue una colision con un vehiculo automotor en transporte,Not an Intersection,No fue interseccion,Sobre calle,Ninguna,Oscuro sin iluminacion,Despejado,No,NO APLICA,99,98,99,98,1,16/08/2022,1
48,Texas,482331,0,0,3,0,375,POTTER (375),0,NO APLICA,8,Agosto,11,2022,9,40,RM 1061,8,Otro,Rural,Colector Mayor,Not Reported,0,Sin jurisdiccion especial,68,35.42208611,-102.0956583,Vehiculo en movimiento,Frente a frente,Not an Intersection,No fue interseccion,Sobre calle,Ninguna,Dia total,Despejado,No,NO APLICA,99,99,99,99,1,11/08/2022,3
48,Texas,482332,0,0,2,0,29,BEXAR (29),6090,SAN ANTONIO,7,Julio,27,2022,14,25,SR-151 LOOP,3,Highway estatal,Urbano,Arterial Principal -Freeway o ExpressWay,Not Reported,1,Sin jurisdiccion especial,0,29.48276111,-98.71015,Vehiculo en movimiento,Angulo,T-Intersection,Interseccion de T,Sobre calle,Ninguna,Dia total,Despejado,No,NO APLICA,99,99,99,99,1,27/07/2022,4
48,Texas,482333,1,1,1,0,145,FALLS (145),0,NO APLICA,8,Agosto,12,2022,22,21,US-77,2,US Highway,Rural,Arteria Principal,Not Reported,1,Sin jurisdiccion especial,23,31.34418333,-97.08431944,Peaton,El primer evento no fue una colision con un vehiculo automotor en transporte,Not an Intersection,No fue interseccion,Sobre calle,Ninguna,Oscuro sin iluminacion,Despejado,No,NO APLICA,99,98,99,98,1,12/08/2022,2
48,Texas,482334,0,0,1,0,389,REEVES (389),0,NO APLICA,8,Agosto,8,2022,4,4,I-10,1,Interestatal,Rural,Interestatal,State Highway Agency,1,Sin jurisdiccion especial,314,30.98026389,-103.5875194,Volcadura,El primer evento no fue una colision con un vehiculo automotor en transporte,Not an Intersection,No fue interseccion,Separador,Ninguna,Oscuro sin iluminacion,Despejado,No,NO APLICA,99,99,99,99,1,08/08/2022,2
48,Texas,482335,0,0,2,0,389,REEVES (389),0,NO APLICA,7,Julio,31,2022,1,5,US-285,2,US Highway,Rural,Arteria Principal,Not Reported,1,Sin jurisdiccion especial,170,31.78943333,-103.8779667,Vehiculo en movimiento,Frente a Detrás,T-Intersection,Interseccion de T,Sobre calle,Ninguna,Oscuro sin iluminacion,Despejado,No,NO APLICA,99,98,99,98,1,31/07/2022,2
48,Texas,482336,0,0,1,0,85,COLLIN (85),5390,PLANO,8,Agosto,17,2022,11,12,SR-289/PRESTON RD,7,Calle Local,Urbano,Colector Mayor,Not Reported,0,Sin jurisdiccion especial,234,33.09566944,-96.80528889,Barrera de Trafico de Concreto,El primer evento no fue una colision con un vehiculo automotor en transporte,Not an Intersection,No fue interseccion,Sobre el lado de la calle,Ninguna,Dia total,Despejado,No,NO APLICA,99,99,99,99,1,17/08/2022,1
48,Texas,482337,1,1,1,0,321,MATAGORDA (321),0,NO APLICA,8,Agosto,10,2022,21,30,SR-35,3,Highway estatal,Rural,Arteria Menor,Not Reported,0,Sin jurisdiccion especial,268,28.89756111,-96.14607778,Peaton,El primer evento no fue una colision con un vehiculo automotor en transporte,Not an Intersection,No fue interseccion,Sobre calle,Ninguna,Oscuro sin iluminacion,lluvia,No,NO APLICA,99,99,99,99,1,10/08/2022,1
48,Texas,482338,0,0,3,0,339,MONTGOMERY (339),0,NO APLICA,7,Julio,19,2022,9,50,FM 1314,8,Otro,Urbano,Arteria Menor,Not Reported,0,Sin jurisdiccion especial,87,30.22590278,-95.36253056,Vehiculo en movimiento,Frente a Detrás,Not an Intersection,No fue interseccion,Sobre calle,Ninguna,Dia total,Despejado,No,NO APLICA,99,99,99,99,1,19/07/2022,3
48,Texas,482339,0,0,2,0,85,COLLIN (85),5730,RICHARDSON,8,Agosto,13,2022,4,30,SR-190 TL/PRES GEORGE BUSH,3,Highway estatal,Urbano,Arterial Principal -Freeway o ExpressWay,State Toll Road,1,Sin jurisdiccion especial,158,33.00195833,-96.67948611,Vehiculo en movimiento,Frente a frente,Not an Intersection,No fue interseccion,Sobre calle,Ninguna,Oscuro con iluminacion,Despejado,No,NO APLICA,99,98,99,98,2,13/08/2022,2
48,Texas,482340,0,0,1,0,457,TYLER (457),0,NO APLICA,8,Agosto,14,2022,19,46,US-69/US-287,2,US Highway,Rural,Arteria Principal,Not Reported,1,Sin jurisdiccion especial,18,30.64894167,-94.39837222,Arbol,El primer evento no fue una colision con un vehiculo automotor en transporte,Not an Intersection,No fue interseccion,Sobre el lado de la calle,Ninguna,Dia total,Despejado,No,NO APLICA,99,99,99,99,1,14/08/2022,2
48,Texas,482341,0,0,3,0,201,HARRIS (201),0,NO APLICA,8,Agosto,5,2022,14,23,SR-8 LP/SAM HOUSTON PKWY,3,Highway estatal,Urbano,Arterial Principal -Freeway o ExpressWay,Not Reported,1,Sin jurisdiccion especial,110,29.79087222,-95.16158611,Barrera de Trafico de Concreto,El primer evento no fue una colision con un vehiculo automotor en transporte,Not an Intersection,No fue interseccion,Separador,Ninguna,Dia total,lluvia,No,NO APLICA,99,99,99,99,1,05/08/2022,6
48,Texas,482342,0,0,1,0,435,SUTTON (435),0,NO APLICA,8,Agosto,14,2022,4,39,I-10,1,Interestatal,Rural,Interestatal,State Highway Agency,1,Sin jurisdiccion especial,76,30.6225,-100.8410917,Otro objeto (fijo),El primer evento no fue una colision con un vehiculo automotor en transporte,Not an Intersection,No fue interseccion,Sobre el lado de la calle,Ninguna,Oscuro sin iluminacion,Despejado,No,NO APLICA,99,98,99,98,1,14/08/2022,1
48,Texas,482343,0,0,1,0,417,SHACKELFORD (417),0,NO APLICA,8,Agosto,13,2022,13,0,US-283,2,US Highway,Rural,Colector Mayor,Not Reported,0,Sin jurisdiccion especial,113,32.88710556,-99.24246667,Volcadura,El primer evento no fue una colision con un vehiculo automotor en transporte,Not an Intersection,No fue interseccion,Sobre el lado de la calle,Ninguna,Dia total,Despejado,No,NO APLICA,99,98,99,98,1,13/08/2022,1
48,Texas,482344,0,0,1,0,497,WISE (497),0,NO APLICA,8,Agosto,6,2022,10,48,SR-101,3,Highway estatal,Rural,Colector Mayor,Not Reported,0,Sin jurisdiccion especial,0,33.309125,-97.80212222,Volcadura,El primer evento no fue una colision con un vehiculo automotor en transporte,Not an Intersection,No fue interseccion,Sobre el lado de la calle,Ninguna,Dia total,Despejado,No,NO APLICA,99,98,99,98,1,06/08/2022,1
48,Texas,482345,0,0,1,0,491,WILLIAMSON (491),0,NO APLICA,7,Julio,30,2022,16,18,TERAVISTA XING,6,Calle Local Municipalidad,Rural,Local,Not Reported,0,Sin jurisdiccion especial,0,30.58746111,-97.66832778,Acotamiento,El primer evento no fue una colision con un vehiculo automotor en transporte,Traffic Circle,Circulo de Trafico,Sobre el lado de la calle,Ninguna,Dia total,Despejado,No,NO APLICA,99,98,99,98,1,30/07/2022,1
48,Texas,482346,2,2,1,0,439,TARRANT (439),2450,FORT WORTH,8,Agosto,12,2022,22,42,BU 287 MAIN ST,8,Otro,Urbano,Arteria Principal,Not Reported,1,Sin jurisdiccion especial,154,32.78895556,-97.349125,Peaton,El primer evento no fue una colision con un vehiculo automotor en transporte,Four-Way Intersection,Interseccion de 4 direcciones,Sobre calle,Ninguna,Oscuro con iluminacion,Despejado,No,NO APLICA,99,99,99,99,1,12/08/2022,1
48,Texas,482347,0,0,1,0,83,COLEMAN (83),0,NO APLICA,8,Agosto,7,2022,4,30,US-84,2,US Highway,Rural,Arteria Principal,Not Reported,1,Sin jurisdiccion especial,127,31.9604,-99.54473056,Culvert,El primer evento no fue una colision con un vehiculo automotor en transporte,Not an Intersection,No fue interseccion,Sobre el lado de la calle,Ninguna,Oscuro sin iluminacion,Despejado,No,NO APLICA,99,99,99,99,1,07/08/2022,2
48,Texas,482348,0,0,5,0,267,KIMBLE (267),0,NO APLICA,8,Agosto,10,2022,16,44,I-10 W,1,Interestatal,Rural,Interestatal,State Highway Agency,1,Sin jurisdiccion especial,207,30.51776667,-99.80431389,Vehiculo en movimiento,Frente a Detrás,Not an Intersection,No fue interseccion,Sobre calle,Ninguna,Dia total,"Soplando arena, polvo o tierra",No,NO APLICA,99,99,99,99,2,10/08/2022,6
48,Texas,482349,0,0,3,0,215,HIDALGO (215),5183,PALMVIEW,7,Julio,31,2022,22,5,US-83 BUSINESS,2,US Highway,Urbano,Arteria Menor,Not Reported,0,Sin jurisdiccion especial,157,26.22071944,-98.364725,Vehiculo en movimiento,Angulo,Four-Way Intersection,Interseccion de 4 direcciones,Sobre calle,Ninguna,Oscuro con iluminacion,Despejado,No,NO APLICA,99,99,99,99,1,31/07/2022,6
48,Texas,482350,0,0,2,0,53,BURNET (53),0,NO APLICA,8,Agosto,10,2022,21,30,US-281,2,US Highway,Rural,Arteria Principal,Not Reported,1,Sin jurisdiccion especial,281,30.64127778,-98.26028333,Vehiculo en movimiento,Frente a Detrás,T-Intersection,Interseccion de T,Sobre calle,Ninguna,Oscuro sin iluminacion,Despejado,No,NO APLICA,99,99,99,99,1,10/08/2022,4
48,Texas,482351,0,0,2,0,329,MIDLAND (329),0,NO APLICA,8,Agosto,3,2022,0,5,SR-349,3,Highway estatal,Urbano,Arteria Principal,Not Reported,1,Sin jurisdiccion especial,131,31.92906944,-102.0601056,Vehiculo en movimiento,Angulo,Four-Way Intersection,Interseccion de 4 direcciones,Sobre calle,Ninguna,Oscuro con iluminacion,Despejado,No,NO APLICA,99,98,99,98,2,03/08/2022,2
48,Texas,482352,0,0,2,0,201,HARRIS (201),0,NO APLICA,8,Agosto,13,2022,19,35,US-90 BUSINESS/BEAUMONT HWY,2,US Highway,Urbano,Arteria Principal,Not Reported,1,Sin jurisdiccion especial,364,29.87717222,-95.09032222,Vehiculo en movimiento,Frente a frente,Not an Intersection,No fue interseccion,Sobre calle,Ninguna,Dia total,Despejado,No,NO APLICA,99,98,99,98,1,13/08/2022,3
48,Texas,482353,1,1,1,0,141,EL PASO (141),0,NO APLICA,8,Agosto,9,2022,21,10,FM 76,8,Otro,Urbano,Arteria Principal,Not Reported,1,Sin jurisdiccion especial,113,31.65310556,-106.2686889,No vehiculo o remolque,El primer evento no fue una colision con un vehiculo automotor en transporte,Not an Intersection,No fue interseccion,Sobre calle,Ninguna,Oscuro con iluminacion,Despejado,No,NO APLICA,99,99,99,99,1,09/08/2022,1
48,Texas,482354,0,0,1,0,309,MCLENNAN (309),0,NO APLICA,8,Agosto,7,2022,3,25,CR-COUGAR LN,4,Calle del Condado,Rural,Local,Not Reported,0,Sin jurisdiccion especial,0,31.64863333,-97.31374722,Volcadura,El primer evento no fue una colision con un vehiculo automotor en transporte,Not an Intersection,No fue interseccion,Sobre el lado de la calle,Ninguna,Oscuro sin iluminacion,Despejado,No,NO APLICA,99,98,99,98,1,07/08/2022,2
48,Texas,482355,0,0,2,0,309,MCLENNAN (309),7210,WACO,8,Agosto,13,2022,4,40,I-35N SVRD/JACK KULTGEN EXPY,7,Calle Local,Urbano,Colector Mayor,Not Reported,0,Sin jurisdiccion especial,141,31.53437222,-97.12955278,Vehiculo en movimiento,Frente a frente,Four-Way Intersection,Interseccion de 4 direcciones,Sobre calle,Construccion,Oscuro con iluminacion,Despejado,No,NO APLICA,99,99,99,99,1,13/08/2022,7
48,Texas,482356,0,0,2,0,167,GALVESTON (167),6860,TEXAS CITY,8,Agosto,15,2022,22,9,FM 646,8,Otro,Urbano,Arteria Principal,Not Reported,1,Sin jurisdiccion especial,280,29.493375,-95.00738333,Vehiculo en movimiento,Frente a frente,T-Intersection,Interseccion de T,Sobre calle,Ninguna,Oscuro con iluminacion,Despejado,No,NO APLICA,99,98,99,98,1,15/08/2022,2
48,Texas,482357,1,1,1,0,201,HARRIS (201),3280,HOUSTON,8,Agosto,16,2022,6,43,ELDRIDGE N PKWY,6,Calle Local Municipalidad,Urbano,Arteria Menor,Not Reported,0,Sin jurisdiccion especial,0,29.78761111,-95.61773056,Peaton,El primer evento no fue una colision con un vehiculo automotor en transporte,Four-Way Intersection,Interseccion de 4 direcciones,Sobre calle,Ninguna,Dia total,Despejado,No,NO APLICA,99,99,99,99,1,16/08/2022,1
48,Texas,482358,0,0,2,0,265,KERR (265),0,NO APLICA,8,Agosto,19,2022,15,17,US-87,2,US Highway,Rural,Arteria Principal,Not Reported,1,Sin jurisdiccion especial,12,30.08525278,-98.92448611,Vehiculo en movimiento,Frente a Detrás,Not an Intersection,No fue interseccion,Sobre calle,Ninguna,Dia total,lluvia,No,NO APLICA,99,99,99,99,1,19/08/2022,6
48,Texas,482359,1,1,1,0,201,HARRIS (201),3280,HOUSTON,8,Agosto,14,2022,21,17,I-10/EAST FWY,1,Interestatal,Urbano,Interestatal,State Highway Agency,1,Sin jurisdiccion especial,6,29.767775,-95.35685,Peaton,El primer evento no fue una colision con un vehiculo automotor en transporte,Not an Intersection,No fue interseccion,Sobre calle,Ninguna,Oscuro con iluminacion,Despejado,No,NO APLICA,99,99,99,99,1,14/08/2022,1
48,Texas,482360,1,1,1,0,201,HARRIS (201),0,NO APLICA,8,Agosto,20,2022,0,10,AIRLINE DR,6,Calle Local Municipalidad,Urbano,Arteria Menor,Not Reported,0,Sin jurisdiccion especial,0,29.89931111,-95.39943333,Peaton,El primer evento no fue una colision con un vehiculo automotor en transporte,Not an Intersection,No fue interseccion,Sobre calle,Construccion,Oscuro con iluminacion,Despejado,No,NO APLICA,99,99,99,99,1,20/08/2022,1
48,Texas,482361,1,1,1,0,1,ANDERSON (1),0,NO APLICA,8,Agosto,18,2022,15,8,US-79,2,US Highway,Rural,Arteria Principal,Not Reported,1,Sin jurisdiccion especial,86,31.78856944,-95.60426944,Ciclista,El primer evento no fue una colision con un vehiculo automotor en transporte,T-Intersection,Interseccion de T,Sobre calle,Ninguna,Dia total,Nublado,No,NO APLICA,99,99,99,99,1,18/08/2022,1
48,Texas,482362,1,1,1,0,339,MONTGOMERY (339),1510,CONROE,8,Agosto,12,2022,23,43,I-45,1,Interestatal,Urbano,Interestatal,State Highway Agency,1,Sin jurisdiccion especial,166,30.34939167,-95.48385278,Peaton,El primer evento no fue una colision con un vehiculo automotor en transporte,Not an Intersection,No fue interseccion,Sobre calle,Ninguna,Oscuro sin iluminacion,Despejado,No,NO APLICA,99,99,99,99,1,12/08/2022,1
48,Texas,482363,1,1,1,0,309,MCLENNAN (309),0,NO APLICA,8,Agosto,12,2022,22,36,SR-6,3,Highway estatal,Rural,Arterial Principal -Freeway o ExpressWay,Not Reported,1,Sin jurisdiccion especial,144,31.53845278,-97.25765833,Peaton,El primer evento no fue una colision con un vehiculo automotor en transporte,Not an Intersection,No fue interseccion,Sobre calle,Ninguna,Oscuro sin iluminacion,Despejado,No,NO APLICA,99,98,99,98,1,12/08/2022,1
48,Texas,482364,0,0,3,1,201,HARRIS (201),3280,HOUSTON,8,Agosto,9,2022,6,40,MONROE RD,6,Calle Local Municipalidad,Urbano,Arteria Menor,Not Reported,0,Sin jurisdiccion especial,0,29.60400556,-95.26637222,Vehiculo en movimiento,Angulo,T-Intersection,Interseccion de T,Sobre calle,Ninguna,Dia total,Despejado,No,NO APLICA,99,99,99,99,1,09/08/2022,2
48,Texas,482365,0,0,1,0,419,SHELBY (419),0,NO APLICA,8,Agosto,14,2022,20,50,FM 139,8,Otro,Rural,Colector Mayor,Not Reported,0,Servicio de Parques Nacional,229,31.82518333,-93.92023333,Poste de Señal de trafico,El primer evento no fue una colision con un vehiculo automotor en transporte,Not an Intersection,No fue interseccion,Sobre el lado de la calle,Ninguna,Oscuro sin iluminacion,Despejado,No,NO APLICA,99,98,99,98,1,14/08/2022,1
48,Texas,482366,0,0,4,0,495,WINKLER (495),0,NO APLICA,8,Agosto,2,2022,14,5,SR-302,3,Highway estatal,Rural,Colector Mayor,Not Reported,0,Sin jurisdiccion especial,120,31.79061111,-103.2956333,Vehiculo en movimiento,Golpe Lateral - direccion contraria,Not an Intersection,No fue interseccion,Sobre calle,Construccion,Dia total,Despejado,No,NO APLICA,99,98,99,98,1,02/08/2022,4
48,Texas,482367,0,0,1,0,407,SAN JACINTO (407),0,NO APLICA,8,Agosto,17,2022,5,54,FM 946,8,Otro,Rural,Colector Menor,Not Reported,0,Servicio de Parques Nacional,79,30.67981944,-95.24364722,Culvert,El primer evento no fue una colision con un vehiculo automotor en transporte,Not an Intersection,No fue interseccion,Sobre el lado de la calle,Ninguna,Oscuro sin iluminacion,Despejado,No,NO APLICA,99,99,99,99,1,17/08/2022,1
48,Texas,482368,0,0,2,0,289,LEON (289),1000,BUFFALO,8,Agosto,9,2022,13,50,I-45,1,Interestatal,Rural,Interestatal,State Highway Agency,1,Sin jurisdiccion especial,263,31.45091111,-96.07585833,Vehiculo en movimiento,Frente a Detrás,Not an Intersection,No fue interseccion,Sobre calle,Construccion,Dia total,Despejado,No,NO APLICA,99,98,99,98,1,09/08/2022,4
48,Texas,482369,0,0,1,0,265,KERR (265),0,NO APLICA,8,Agosto,9,2022,21,45,I-10,1,Interestatal,Rural,Interestatal,State Highway Agency,1,Sin jurisdiccion especial,144,30.09871944,-99.17032778,Acotamiento,El primer evento no fue una colision con un vehiculo automotor en transporte,Not an Intersection,No fue interseccion,Sobre el lado de la calle,Ninguna,Oscuro sin iluminacion,Despejado,No,NO APLICA,99,99,99,99,1,09/08/2022,1