Estado,Nombre de Estado,Numero de Caso,Peatones,Personas _no_vehiculos,Vehiculos automotores,Vehiculos estacionados,Condado,Nombre Condado,Ciudad,Nombre Ciudad,Mes,Nombre Mes,Dia,Año,Hora,Minuto,Calle,Ruta,Nombre Ruta,Rural o Urbanoo,Sistema Funcional,Dueño Calle,Sistema Nacional Carreteras,Jurisdiccion Especial,Milla,Latitud,Longitud,Causa del Accidente,Tipo de Accidente,Tipo Interseccion,Columna1,Lugar en la calle,Zona de Trabajo,Luz,Clima,Autobus Escolar,Cruce de Trenes,Hora Notificacion,Minuto Notificacion,Hora Llegada,Minuto Llegada,Decesos,Fecha,PersonaVehiculo
48,Texas,482370,0,0,1,0,309,MCLENNAN (309),3153,HEWITT,7,Julio,30,2022,22,43,I-35,7,Calle Local,Urbano,Colector Mayor,State Highway Agency,0,Sin jurisdiccion especial,54,31.422375,-97.19493056,Banqueta,El primer evento no fue una colision con un vehiculo automotor en transporte,Not an Intersection,No fue interseccion,Isla de trafico para peatones,Ninguna,Oscuro con iluminacion,Despejado,No,NO APLICA,99,98,99,98,1,30/07/2022,1
48,Texas,482372,0,0,1,0,153,FLOYD (153),0,NO APLICA,8,Agosto,1,2022,6,55,SR-207,3,Highway estatal,Rural,Arteria Menor,Not Reported,0,Sin jurisdiccion especial,26,34.28915,-101.3117944,Volcadura,El primer evento no fue una colision con un vehiculo automotor en transporte,Not an Intersection,No fue interseccion,Sobre el lado de la calle,Ninguna,Oscuro sin iluminacion,Despejado,No,NO APLICA,99,98,99,98,1,01/08/2022,1
48,Texas,482373,1,1,1,0,29,BEXAR (29),6090,SAN ANTONIO,8,Agosto,16,2022,6,20,EVERS RD,6,Calle Local Municipalidad,Urbano,Arteria Menor,Not Reported,0,Sin jurisdiccion especial,0,29.48588889,-98.59398056,Peaton,El primer evento no fue una colision con un vehiculo automotor en transporte,Not an Intersection,No fue interseccion,Sobre calle,Ninguna,Oscuro con iluminacion,Despejado,No,NO APLICA,99,99,99,99,1,16/08/2022,1
48,Texas,482374,0,0,2,0,213,HENDERSON (213),0,NO APLICA,8,Agosto,8,2022,17,54,FM 315,8,Otro,Rural,Colector Mayor,Not Reported,0,Sin jurisdiccion especial,65,32.26741944,-95.50464444,Vehiculo en movimiento,Golpe Lateral - direccion contraria,Not an Intersection,No fue interseccion,Sobre calle,Ninguna,Dia total,Despejado,No,NO APLICA,99,99,99,99,1,08/08/2022,2
48,Texas,482375,1,1,1,0,309,MCLENNAN (309),0,NO APLICA,8,Agosto,16,2022,22,39,FM 308,8,Otro,Rural,Colector Mayor,Not Reported,0,Sin jurisdiccion especial,82,31.68993611,-97.06570278,Peaton,El primer evento no fue una colision con un vehiculo automotor en transporte,Not an Intersection,No fue interseccion,Sobre calle,Ninguna,Oscuro sin iluminacion,Despejado,No,NO APLICA,99,98,99,98,1,16/08/2022,1
48,Texas,482376,0,0,1,0,85,COLLIN (85),1730,DALLAS,8,Agosto,19,2022,2,26,TL 0005 DALLAS NORTH TOLLWAY,8,Otro,Urbano,Arterial Principal -Freeway o ExpressWay,State Toll Road,1,Sin jurisdiccion especial,0,33.01511944,-96.82917778,Banqueta,El primer evento no fue una colision con un vehiculo automotor en transporte,Not an Intersection,No fue interseccion,Sobre el lado de la calle,Ninguna,Oscuro con iluminacion,Despejado,No,NO APLICA,99,98,99,98,1,19/08/2022,1
48,Texas,482377,0,0,2,0,289,LEON (289),0,NO APLICA,8,Agosto,13,2022,13,25,FM 39,8,Otro,Rural,Colector Mayor,Not Reported,0,Sin jurisdiccion especial,0,31.37071111,-96.17432222,Vehiculo en movimiento,Angulo,T-Intersection,Interseccion de T,Sobre calle,Ninguna,Dia total,Despejado,No,NO APLICA,99,99,99,99,1,13/08/2022,3
48,Texas,482378,1,1,2,0,29,BEXAR (29),6090,SAN ANTONIO,7,Julio,25,2022,21,37,I-10 E,1,Interestatal,Urbano,Interestatal,State Highway Agency,1,Sin jurisdiccion especial,25,29.39824167,-98.47471111,Peaton,El primer evento no fue una colision con un vehiculo automotor en transporte,Not an Intersection,No fue interseccion,Sobre calle,Ninguna,Oscuro sin iluminacion,Despejado,No,NO APLICA,99,98,99,98,1,25/07/2022,2
48,Texas,482379,1,1,1,0,201,HARRIS (201),3280,HOUSTON,8,Agosto,6,2022,23,8,FM 1093/WESTHEIMER RD,8,Otro,Urbano,Arteria Principal,Not Reported,0,Sin jurisdiccion especial,120,29.73758889,-95.49581111,Peaton,El primer evento no fue una colision con un vehiculo automotor en transporte,Not an Intersection,No fue interseccion,Sobre calle,Ninguna,Oscuro con iluminacion,Despejado,No,NO APLICA,99,98,99,98,1,06/08/2022,1
48,Texas,482380,0,0,2,0,215,HIDALGO (215),0,NO APLICA,8,Agosto,7,2022,0,11,FM 2061/ JACKSON RD,8,Otro,Urbano,Arteria Principal,Not Reported,1,Sin jurisdiccion especial,99998,26.14603056,-98.21300278,Vehiculo en movimiento,Frente a frente,Not an Intersection,No fue interseccion,"Izquierda continua, carril de vuelta",Ninguna,Oscuro sin iluminacion,Despejado,No,NO APLICA,99,99,99,99,2,07/08/2022,2
48,Texas,482381,1,1,1,0,29,BEXAR (29),6090,SAN ANTONIO,8,Agosto,17,2022,21,32,I-410,1,Interestatal,Urbano,Interestatal,State Highway Agency,1,Sin jurisdiccion especial,27,29.34266111,-98.62568611,Peaton,El primer evento no fue una colision con un vehiculo automotor en transporte,Not an Intersection,No fue interseccion,Sobre calle,Ninguna,Oscuro con iluminacion,Despejado,No,NO APLICA,99,99,99,99,1,17/08/2022,1
48,Texas,482382,0,0,2,0,113,DALLAS (113),1730,DALLAS,7,Julio,31,2022,2,0,I-635,1,Interestatal,Urbano,Interestatal,State Highway Agency,1,Sin jurisdiccion especial,101,32.92585,-96.82600278,Volcadura,El primer evento no fue una colision con un vehiculo automotor en transporte,Not an Intersection,No fue interseccion,Sobre calle,Ninguna,Oscuro con iluminacion,Despejado,No,NO APLICA,99,99,99,99,1,31/07/2022,2
48,Texas,482383,1,1,1,0,113,DALLAS (113),1730,DALLAS,8,Agosto,21,2022,5,9,LAKE JUNE RD,6,Calle Local Municipalidad,Urbano,Arteria Principal,Not Reported,0,Sin jurisdiccion especial,0,32.73426111,-96.70200556,Peaton,El primer evento no fue una colision con un vehiculo automotor en transporte,Not an Intersection,No fue interseccion,Sobre calle,Ninguna,Oscuro con iluminacion,Nublado,No,NO APLICA,99,98,99,98,1,21/08/2022,1
48,Texas,482384,0,0,3,0,453,TRAVIS (453),0,NO APLICA,8,Agosto,14,2022,12,50,SR-130,3,Highway estatal,Urbano,Arterial Principal -Freeway o ExpressWay,Not Reported,1,Sin jurisdiccion especial,395,30.27289444,-97.59193056,Poste,El primer evento no fue una colision con un vehiculo automotor en transporte,Not an Intersection,No fue interseccion,En el medio,Ninguna,Dia total,Nublado,No,NO APLICA,99,98,99,98,2,14/08/2022,3
48,Texas,482386,0,0,1,0,157,FORT BEND (157),0,NO APLICA,8,Agosto,21,2022,20,43,US-59 RAMP,2,US Highway,Rural,Arteria Principal,Not Reported,1,Sin jurisdiccion especial,265,29.48642222,-95.93597778,Poste,El primer evento no fue una colision con un vehiculo automotor en transporte,T-Intersection,Interseccion de T,Sobre el lado de la calle,Ninguna,Oscuro con iluminacion,Despejado,No,NO APLICA,99,99,99,99,1,21/08/2022,1
48,Texas,482387,0,0,1,0,481,WHARTON (481),0,NO APLICA,8,Agosto,13,2022,5,49,FM 1160,8,Otro,Rural,Colector Mayor,Not Reported,0,Sin jurisdiccion especial,100,29.23000833,-96.39550556,Acotamiento,El primer evento no fue una colision con un vehiculo automotor en transporte,Not an Intersection,No fue interseccion,Sobre el lado de la calle,Ninguna,Oscuro sin iluminacion,Despejado,No,NO APLICA,99,98,99,98,1,13/08/2022,1
48,Texas,482388,1,1,1,0,355,NUECES (355),1550,CORPUS CHRISTI,7,Julio,29,2022,23,22,SS 407/LEOPARD ST,8,Otro,Urbano,Arteria Menor,Not Reported,0,Sin jurisdiccion especial,27,27.84626667,-97.58711111,Peaton,El primer evento no fue una colision con un vehiculo automotor en transporte,Not an Intersection,No fue interseccion,Sobre calle,Ninguna,Oscuro con iluminacion,Despejado,No,NO APLICA,99,99,99,99,1,29/07/2022,1
48,Texas,482389,0,0,2,0,181,GRAYSON (181),0,NO APLICA,8,Agosto,12,2022,4,34,FM 1897,8,Otro,Rural,Colector Mayor,Not Reported,0,Sin jurisdiccion especial,20,33.66386667,-96.39259167,Vehiculo en movimiento,Frente a frente,Not an Intersection,No fue interseccion,Sobre calle,Ninguna,Oscuro sin iluminacion,Despejado,No,NO APLICA,99,99,99,99,1,12/08/2022,2
48,Texas,482390,0,0,2,0,491,WILLIAMSON (491),3360,HUTTO,8,Agosto,20,2022,15,18,US-79,2,US Highway,Urbano,Arteria Principal,Not Reported,1,Sin jurisdiccion especial,125,30.54662222,-97.52593889,Vehiculo en movimiento,Angulo,Four-Way Intersection,Interseccion de 4 direcciones,Sobre calle,Ninguna,Dia total,Nublado,No,NO APLICA,99,99,99,99,1,20/08/2022,5
48,Texas,482391,0,0,2,0,113,DALLAS (113),1730,DALLAS,7,Julio,31,2022,3,52,SR-366 SPUR,3,Highway estatal,Urbano,Arterial Principal -Freeway o ExpressWay,Not Reported,1,Sin jurisdiccion especial,12,32.78267222,-96.81045556,Vehiculo en movimiento,Frente a frente,Not an Intersection,No fue interseccion,Sobre calle,Ninguna,Oscuro con iluminacion,Despejado,No,NO APLICA,99,99,99,99,1,31/07/2022,4
48,Texas,482392,0,0,1,0,201,HARRIS (201),3280,HOUSTON,8,Agosto,12,2022,19,0,I-10 RAMP/EAST FWY,1,Interestatal,Urbano,Interestatal,State Highway Agency,1,Sin jurisdiccion especial,17,29.76984167,-95.33995278,Barrera de Trafico de Concreto,El primer evento no fue una colision con un vehiculo automotor en transporte,Not an Intersection,No fue interseccion,Sobre el lado de la calle,Ninguna,Oscuro con iluminacion,Despejado,No,NO APLICA,99,99,99,99,1,12/08/2022,1
48,Texas,482393,1,1,1,0,201,HARRIS (201),3280,HOUSTON,8,Agosto,6,2022,0,49,JENSEN DR,6,Calle Local Municipalidad,Urbano,Arteria Menor,Not Reported,0,Sin jurisdiccion especial,0,29.86468056,-95.33325556,Soporte de Puente,El primer evento no fue una colision con un vehiculo automotor en transporte,Y-Intersection,Interseccion de Y,Separador,Ninguna,Oscuro con iluminacion,Nublado,No,NO APLICA,99,99,99,99,1,06/08/2022,1
48,Texas,482394,0,0,1,0,201,HARRIS (201),3280,HOUSTON,7,Julio,21,2022,9,32,I-45 SVRD/NORTH FWY,7,Calle Local,Urbano,Colector Mayor,Not Reported,0,Sin jurisdiccion especial,372,29.94081667,-95.41464444,Soporte de Puente,El primer evento no fue una colision con un vehiculo automotor en transporte,Not an Intersection,No fue interseccion,Sobre el lado de la calle,Ninguna,Dia total,Nublado,No,NO APLICA,99,99,99,99,1,21/07/2022,1
48,Texas,482395,0,0,2,0,201,HARRIS (201),3280,HOUSTON,8,Agosto,7,2022,22,25,I-69/US-59/SOUTHWEST FWY,1,Interestatal,Urbano,Interestatal,State Highway Agency,1,Sin jurisdiccion especial,45,29.69785556,-95.52069444,Vehiculo en movimiento,Angulo,Not an Intersection,No fue interseccion,Sobre calle,Ninguna,Oscuro con iluminacion,Despejado,No,NO APLICA,99,99,99,99,1,07/08/2022,2
48,Texas,482396,0,0,1,0,141,EL PASO (141),2190,EL PASO,8,Agosto,15,2022,5,35,UPPER VALLEY RD,6,Calle Local Municipalidad,Urbano,Colector Mayor,Not Reported,0,Sin jurisdiccion especial,0,31.87539167,-106.6104,Acotamiento,El primer evento no fue una colision con un vehiculo automotor en transporte,Not an Intersection,No fue interseccion,Sobre el lado de la calle,Ninguna,Oscuro sin iluminacion,Despejado,No,NO APLICA,99,99,99,99,1,15/08/2022,8
48,Texas,482398,0,0,2,0,479,WEBB (479),3899,LAREDO,8,Agosto,13,2022,7,36,SR-20,3,Highway estatal,Urbano,Arteria Principal,Not Reported,1,Sin jurisdiccion especial,188,27.56196389,-99.44304444,Vehiculo en movimiento,Frente a frente,Not an Intersection,No fue interseccion,Sobre calle,Ninguna,Dia total,Despejado,No,NO APLICA,99,99,99,99,1,13/08/2022,3
48,Texas,482399,1,1,1,0,113,DALLAS (113),1730,DALLAS,8,Agosto,20,2022,1,28,SR-12 LOOP/WALTON WALKER BLVD,3,Highway estatal,Urbano,Arterial Principal -Freeway o ExpressWay,Not Reported,1,Sin jurisdiccion especial,210,32.85703056,-96.90399444,Peaton,El primer evento no fue una colision con un vehiculo automotor en transporte,Not an Intersection,No fue interseccion,Sobre calle,Ninguna,Oscuro sin iluminacion,Despejado,No,NO APLICA,99,99,99,99,1,20/08/2022,1
48,Texas,482400,0,0,1,0,209,HAYS (209),0,NO APLICA,8,Agosto,20,2022,21,2,GREEN PASTURES RD,6,Calle Local Municipalidad,Urbano,Local,Not Reported,0,Sin jurisdiccion especial,0,30.00100833,-97.81559444,Volcadura,El primer evento no fue una colision con un vehiculo automotor en transporte,Not an Intersection,No fue interseccion,Sobre calle,Ninguna,Oscuro sin iluminacion,Despejado,No,NO APLICA,99,98,99,98,1,20/08/2022,1
48,Texas,482401,0,0,2,0,157,FORT BEND (157),6660,SUGAR LAND,8,Agosto,16,2022,19,53,SR-6,3,Highway estatal,Urbano,Arteria Principal,Not Reported,1,Sin jurisdiccion especial,60,29.61491667,-95.64983333,Vehiculo en movimiento,Frente a frente,Not an Intersection,No fue interseccion,Sobre calle,Ninguna,Atardecer,Despejado,No,NO APLICA,99,99,99,99,1,16/08/2022,5
48,Texas,482402,0,0,2,0,201,HARRIS (201),3280,HOUSTON,7,Julio,30,2022,6,25,I-45,1,Interestatal,Urbano,Interestatal,State Highway Agency,1,Sin jurisdiccion especial,54,29.57016944,-95.16949444,Vehiculo en movimiento,Frente a Detrás,Not an Intersection,No fue interseccion,Sobre calle,Ninguna,Dia total,Despejado,No,NO APLICA,99,99,99,99,1,30/07/2022,3
48,Texas,482403,0,0,2,0,113,DALLAS (113),3350,HUTCHINS,8,Agosto,23,2022,2,10,I-45,1,Interestatal,Urbano,Interestatal,State Highway Agency,1,Sin jurisdiccion especial,75,32.64825556,-96.70708611,Vehiculo en movimiento,Frente a Detrás,Not an Intersection,No fue interseccion,Sobre calle,Ninguna,Oscuro sin iluminacion,Nublado,No,NO APLICA,99,98,99,98,1,23/08/2022,2
48,Texas,482404,0,0,2,0,355,NUECES (355),1550,CORPUS CHRISTI,8,Agosto,13,2022,23,56,SR-361,3,Highway estatal,Rural,Arteria Menor,Not Reported,0,Sin jurisdiccion especial,201,27.704325,-97.15537778,Vehiculo en movimiento,Golpe Lateral - direccion contraria,Not an Intersection,No fue interseccion,Sobre calle,Ninguna,Oscuro sin iluminacion,Despejado,No,NO APLICA,99,98,99,98,2,13/08/2022,3
48,Texas,482405,0,0,1,0,307,MCCULLOCH (307),0,NO APLICA,8,Agosto,8,2022,14,39,SR-71,3,Highway estatal,Rural,Arteria Menor,Not Reported,0,Sin jurisdiccion especial,23,31.08364722,-99.29157778,Jackknife (harmful to this vehicle),El primer evento no fue una colision con un vehiculo automotor en transporte,Not an Intersection,No fue interseccion,Sobre el lado de la calle,Ninguna,Dia total,Despejado,No,NO APLICA,99,98,99,98,1,08/08/2022,1
48,Texas,482406,1,1,1,0,209,HAYS (209),0,NO APLICA,8,Agosto,22,2022,6,24,RM 12,8,Otro,Rural,Arteria Menor,Not Reported,0,Sin jurisdiccion especial,191,29.93422778,-98.07797778,Peaton,El primer evento no fue una colision con un vehiculo automotor en transporte,Four-Way Intersection,Interseccion de 4 direcciones,Sobre calle,Ninguna,Oscuro sin iluminacion,Despejado,No,NO APLICA,99,98,99,98,1,22/08/2022,1
48,Texas,482408,0,0,1,0,181,GRAYSON (181),1830,DENISON,8,Agosto,19,2022,22,2,SR-91/TEXOMA PARKWAY,3,Highway estatal,Urbano,Arteria Principal,Not Reported,1,Sin jurisdiccion especial,92,33.7035,-96.57074444,Culvert,El primer evento no fue una colision con un vehiculo automotor en transporte,Not an Intersection,No fue interseccion,Sobre el lado de la calle,Ninguna,Oscuro con iluminacion,Despejado,No,NO APLICA,22,3,22,9,1,19/08/2022,2
48,Texas,482409,0,0,2,0,439,TARRANT (439),2450,FORT WORTH,8,Agosto,16,2022,0,20,28TH ST,6,Calle Local Municipalidad,Urbano,Arteria Principal,Not Reported,1,Sin jurisdiccion especial,101,32.79513611,-97.32586944,Vehiculo en movimiento,Angulo,Four-Way Intersection,Interseccion de 4 direcciones,Sobre calle,Ninguna,Oscuro con iluminacion,Despejado,No,NO APLICA,99,98,99,98,1,16/08/2022,2
48,Texas,482411,0,0,2,0,423,SMITH (423),0,NO APLICA,8,Agosto,17,2022,16,40,FM 346,8,Otro,Urbano,Colector Mayor,Not Reported,0,Sin jurisdiccion especial,27,32.20951111,-95.30511111,Vehiculo en movimiento,Frente a frente,Not an Intersection,No fue interseccion,Sobre calle,Ninguna,Dia total,Nublado,No,NO APLICA,99,99,99,99,1,17/08/2022,2
48,Texas,482412,0,0,1,0,485,WICHITA (485),7490,WICHITA FALLS,8,Agosto,13,2022,22,36,MIDWESTERN PKWY,6,Calle Local Municipalidad,Urbano,Arteria Menor,Not Reported,0,Sin jurisdiccion especial,0,33.87018889,-98.51573889,Banqueta,El primer evento no fue una colision con un vehiculo automotor en transporte,Not an Intersection,No fue interseccion,Sobre el lado de la calle,Ninguna,Oscuro con iluminacion,Despejado,No,NO APLICA,99,99,99,99,1,13/08/2022,1
48,Texas,482413,0,0,3,1,453,TRAVIS (453),330,AUSTIN,4,Abril,21,2022,9,16,METRIC BLVD,6,Calle Local Municipalidad,Urbano,Arteria Menor,Not Reported,0,Sin jurisdiccion especial,0,30.40829444,-97.69703333,Vehiculo en movimiento,Angulo,Four-Way Intersection,Interseccion de 4 direcciones,Sobre calle,Ninguna,Dia total,Despejado,No,NO APLICA,99,99,99,99,1,21/04/2022,2
48,Texas,482414,0,0,2,0,339,MONTGOMERY (339),1510,CONROE,8,Agosto,13,2022,14,21,GLADSTELL ST,6,Calle Local Municipalidad,Urbano,Arteria Menor,Not Reported,0,Sin jurisdiccion especial,0,30.29558611,-95.45366111,Vehiculo en movimiento,Angulo,Four-Way Intersection,Interseccion de 4 direcciones,Sobre calle,Ninguna,Dia total,Despejado,No,NO APLICA,99,99,99,99,1,13/08/2022,6
48,Texas,482415,0,0,1,0,21,BASTROP (21),0,NO APLICA,8,Agosto,22,2022,10,29,CR-LEAGUE LINE RD,4,Calle del Condado,Rural,Local,Not Reported,0,Sin jurisdiccion especial,0,30.08090556,-97.06133333,Arbol,El primer evento no fue una colision con un vehiculo automotor en transporte,Not an Intersection,No fue interseccion,Sobre el lado de la calle,Ninguna,Dia total,Despejado,No,NO APLICA,99,98,99,98,1,22/08/2022,1
48,Texas,482416,0,0,1,0,215,HIDALGO (215),50,ALAMO,8,Agosto,4,2022,2,21,I-2,7,Calle Local,Urbano,Colector Mayor,State Highway Agency,0,Sin jurisdiccion especial,331,26.18715278,-98.094675,Animal vivo,El primer evento no fue una colision con un vehiculo automotor en transporte,Not an Intersection,No fue interseccion,Sobre calle,Ninguna,Oscuro sin iluminacion,Despejado,No,NO APLICA,99,98,99,98,1,04/08/2022,1
48,Texas,482417,2,2,1,0,215,HIDALGO (215),6160,SAN JUAN,8,Agosto,22,2022,20,37,FM 1426/RAUL LONGORIA RD,8,Otro,Urbano,Arteria Principal,Not Reported,1,Sin jurisdiccion especial,64,26.20569444,-98.15278333,Peaton,El primer evento no fue una colision con un vehiculo automotor en transporte,Not an Intersection,No fue interseccion,Sobre calle,Ninguna,Oscuro sin iluminacion,Despejado,No,NO APLICA,99,99,99,99,1,22/08/2022,1
48,Texas,482418,1,1,1,0,201,HARRIS (201),0,NO APLICA,8,Agosto,16,2022,2,25,I-45,7,Calle Local,Urbano,Colector Mayor,State Highway Agency,0,Sin jurisdiccion especial,471,30.07724167,-95.43600556,Peaton,El primer evento no fue una colision con un vehiculo automotor en transporte,Not an Intersection,No fue interseccion,Sobre calle,Ninguna,Oscuro con iluminacion,Despejado,No,NO APLICA,99,98,99,98,1,16/08/2022,1
48,Texas,482419,0,0,2,0,361,ORANGE (361),0,NO APLICA,8,Agosto,22,2022,21,40,SR-62,3,Highway estatal,Urbano,Arteria Menor,Not Reported,1,Sin jurisdiccion especial,128,30.0899,-93.82057778,Vehiculo en movimiento,Frente a frente,Not an Intersection,No fue interseccion,Sobre calle,Ninguna,Oscuro sin iluminacion,Nublado,No,NO APLICA,99,99,99,99,2,22/08/2022,2
48,Texas,482420,0,0,1,0,329,MIDLAND (329),0,NO APLICA,8,Agosto,12,2022,23,57,FM 1787,8,Otro,Rural,Colector Mayor,Not Reported,0,Sin jurisdiccion especial,47,31.65519722,-102.2564472,Volcadura,El primer evento no fue una colision con un vehiculo automotor en transporte,Not an Intersection,No fue interseccion,Sobre el lado de la calle,Ninguna,Oscuro sin iluminacion,Despejado,No,NO APLICA,99,98,99,98,1,12/08/2022,1
48,Texas,482421,0,0,3,0,329,MIDLAND (329),0,NO APLICA,8,Agosto,12,2022,15,50,I-20,1,Interestatal,Urbano,Interestatal,State Highway Agency,1,Sin jurisdiccion especial,188,32.00621944,-102.0114083,Barrera de Cable,El primer evento no fue una colision con un vehiculo automotor en transporte,Not an Intersection,No fue interseccion,En el medio,Ninguna,Dia total,Despejado,No,NO APLICA,99,99,99,99,1,12/08/2022,3
48,Texas,482422,0,0,1,0,127,DIMMIT (127),0,NO APLICA,8,Agosto,8,2022,23,0,FM 186,8,Otro,Rural,Arteria Menor,Not Reported,0,Sin jurisdiccion especial,142,28.35879167,-99.95915278,Muro,El primer evento no fue una colision con un vehiculo automotor en transporte,Y-Intersection,Interseccion de Y,Fuera de la calle,Ninguna,Oscuro sin iluminacion,Despejado,No,NO APLICA,99,98,99,98,1,08/08/2022,1
48,Texas,482423,0,0,2,0,445,TERRY (445),920,BROWNFIELD,8,Agosto,13,2022,23,32,US-62/SEAGRAVES HWY,2,US Highway,Urbano,Arteria Principal,Not Reported,1,Sin jurisdiccion especial,218,33.17428889,-102.2751611,Volcadura,El primer evento no fue una colision con un vehiculo automotor en transporte,Not an Intersection,No fue interseccion,Sobre calle,Ninguna,Oscuro con iluminacion,Despejado,No,NO APLICA,99,98,99,98,1,13/08/2022,2
48,Texas,482424,0,0,1,0,221,HOOD (221),0,NO APLICA,8,Agosto,5,2022,2,50,FM 4,8,Otro,Rural,Colector Mayor,Not Reported,0,Sin jurisdiccion especial,64,32.52238611,-97.98541944,Barda,El primer evento no fue una colision con un vehiculo automotor en transporte,Not an Intersection,No fue interseccion,Fuera de la calle,Ninguna,Oscuro sin iluminacion,Despejado,No,NO APLICA,99,98,99,98,1,05/08/2022,1
48,Texas,482425,0,0,2,0,147,FANNIN (147),7010,TRENTON,5,Mayo,30,2022,21,57,SR-121,3,Highway estatal,Rural,Arteria Principal,Not Reported,1,Sin jurisdiccion especial,0,33.41122778,-96.37039444,Vehiculo en movimiento,Frente a frente,Not an Intersection,No fue interseccion,Sobre calle,Ninguna,Oscuro sin iluminacion,Despejado,No,NO APLICA,99,99,99,99,1,30/05/2022,2
48,Texas,482426,1,1,1,0,113,DALLAS (113),1730,DALLAS,8,Agosto,20,2022,3,10,BOTHAM JEAN BLVD/LAMAR,6,Calle Local Municipalidad,Urbano,Arteria Menor,Not Reported,0,Sin jurisdiccion especial,0,32.73731667,-96.75818889,Peaton,El primer evento no fue una colision con un vehiculo automotor en transporte,Not an Intersection,No fue interseccion,Sobre calle,Ninguna,Oscuro sin iluminacion,Despejado,No,NO APLICA,99,99,99,99,1,20/08/2022,1
48,Texas,482427,0,0,2,0,183,GREGG (183),2670,GLADEWATER,8,Agosto,23,2022,7,21,SR-485 LOOP,3,Highway estatal,Urbano,Arteria Principal,Not Reported,1,Sin jurisdiccion especial,62,32.53194444,-94.92892222,Vehiculo en movimiento,Angulo,T-Intersection,Interseccion de T,Sobre calle,Ninguna,Dia total,Nublado,No,NO APLICA,99,99,99,99,1,23/08/2022,2
48,Texas,482428,0,0,1,0,441,TAYLOR (441),30,ABILENE,8,Agosto,19,2022,19,6,I-20 RAMP,1,Interestatal,Urbano,Interestatal,State Highway Agency,1,Sin jurisdiccion especial,90,32.43791944,-99.63519167,Barrera de Cable,El primer evento no fue una colision con un vehiculo automotor en transporte,Not an Intersection,No fue interseccion,En el medio,Ninguna,Dia total,Despejado,No,NO APLICA,99,98,99,98,2,19/08/2022,2
48,Texas,482430,0,0,1,0,91,COMAL (91),0,NO APLICA,8,Agosto,21,2022,14,18,CR-PURGATORY RD,4,Calle del Condado,Rural,Local,Not Reported,0,Sin jurisdiccion especial,0,29.84882778,-98.118625,Culvert,El primer evento no fue una colision con un vehiculo automotor en transporte,Not an Intersection,No fue interseccion,Sobre el lado de la calle,Ninguna,Dia total,Nublado,No,NO APLICA,99,98,99,98,1,21/08/2022,1
48,Texas,482431,0,0,2,0,499,WOOD (499),0,NO APLICA,8,Agosto,18,2022,21,15,US-69,2,US Highway,Rural,Arteria Principal,Not Reported,1,Sin jurisdiccion especial,27,32.77311944,-95.60963889,Vehiculo en movimiento,Frente a frente,Not an Intersection,No fue interseccion,Sobre calle,Ninguna,Oscuro sin iluminacion,Nublado,No,NO APLICA,99,99,99,99,2,18/08/2022,3
48,Texas,482432,0,0,2,0,497,WISE (497),890,BRIDGEPORT,8,Agosto,16,2022,22,30,US-380,2,US Highway,Rural,Arteria Principal,Not Reported,1,Sin jurisdiccion especial,93,33.19111389,-97.81893889,Vehiculo en movimiento,Angulo,Four-Way Intersection,Interseccion de 4 direcciones,Sobre calle,Ninguna,Oscuro sin iluminacion,Despejado,No,NO APLICA,99,99,99,99,1,16/08/2022,3
48,Texas,482433,0,0,1,0,25,BEE (25),0,NO APLICA,8,Agosto,6,2022,0,21,US-181,2,US Highway,Rural,Arteria Principal,Not Reported,1,Sin jurisdiccion especial,23,28.32290278,-97.70505278,Volcadura,El primer evento no fue una colision con un vehiculo automotor en transporte,Not an Intersection,No fue interseccion,Sobre el lado de la calle,Ninguna,Oscuro sin iluminacion,Despejado,No,NO APLICA,99,98,99,98,1,06/08/2022,1
48,Texas,482434,0,0,2,0,21,BASTROP (21),0,NO APLICA,8,Agosto,21,2022,0,59,SR-21,3,Highway estatal,Rural,Arteria Principal,Not Reported,1,Sin jurisdiccion especial,94,30.09031944,-97.481925,Vehiculo en movimiento,Frente a frente,Not an Intersection,No fue interseccion,Sobre calle,Ninguna,Oscuro sin iluminacion,Despejado,No,NO APLICA,99,99,99,99,1,21/08/2022,3
48,Texas,482435,1,1,1,0,439,TARRANT (439),2420,FOREST HILL,8,Agosto,13,2022,4,38,US-287 BU/MANSFIELD HWY,2,US Highway,Urbano,Arteria Principal,Not Reported,1,Sin jurisdiccion especial,90,32.67246389,-97.25661944,Peaton,El primer evento no fue una colision con un vehiculo automotor en transporte,Not an Intersection,No fue interseccion,Sobre calle,Ninguna,Oscuro con iluminacion,Despejado,No,NO APLICA,99,98,99,98,1,13/08/2022,2
48,Texas,482436,0,0,2,0,453,TRAVIS (453),330,AUSTIN,7,Julio,29,2022,4,51,I-35,7,Calle Local,Urbano,Colector Mayor,State Highway Agency,0,Sin jurisdiccion especial,7,30.44499722,-97.66722778,Vehiculo en movimiento,Frente a Detrás,Not an Intersection,No fue interseccion,Sobre calle,Ninguna,Oscuro con iluminacion,Despejado,No,NO APLICA,99,98,99,98,1,29/07/2022,2
48,Texas,482437,1,1,1,0,453,TRAVIS (453),330,AUSTIN,8,Agosto,9,2022,23,58,BRAKER,6,Calle Local Municipalidad,Urbano,Arteria Menor,State Highway Agency,0,Sin jurisdiccion especial,2,30.40780556,-97.67395833,Peaton,El primer evento no fue una colision con un vehiculo automotor en transporte,T-Intersection,Interseccion de T,Sobre calle,Ninguna,Oscuro con iluminacion,Despejado,No,NO APLICA,99,99,99,99,1,09/08/2022,1
48,Texas,482438,0,0,6,0,453,TRAVIS (453),330,AUSTIN,8,Agosto,22,2022,5,2,SR-71,3,Highway estatal,Urbano,Arteria Principal,Not Reported,1,Sin jurisdiccion especial,199,30.25005,-97.89478056,Vehiculo en movimiento,Frente a Detrás,Four-Way Intersection,Interseccion de 4 direcciones,Sobre calle,Ninguna,Oscuro con iluminacion,Nublado,No,NO APLICA,99,99,99,99,1,22/08/2022,7