Estado,Nombre de Estado,Numero de Caso,Peatones,Personas _no_vehiculos,Vehiculos automotores,Vehiculos estacionados,Condado,Nombre Condado,Ciudad,Nombre Ciudad,Mes,Nombre Mes,Dia,Año,Hora,Minuto,Calle,Ruta,Nombre Ruta,Rural o Urbanoo,Sistema Funcional,Dueño Calle,Sistema Nacional Carreteras,Jurisdiccion Especial,Milla,Latitud,Longitud,Causa del Accidente,Tipo de Accidente,Tipo Interseccion,Columna1,Lugar en la calle,Zona de Trabajo,Luz,Clima,Autobus Escolar,Cruce de Trenes,Hora Notificacion,Minuto Notificacion,Hora Llegada,Minuto Llegada,Decesos,Fecha,PersonaVehiculo
48,Texas,482439,0,0,1,0,135,ECTOR (135),5030,ODESSA,8,Agosto,25,2022,22,53,EAST RIDGE RD,6,Calle Local Municipalidad,Urbano,Colector Mayor,Not Reported,0,Sin jurisdiccion especial,0,31.90056667,-102.2939111,Poste de Señal de trafico,El primer evento no fue una colision con un vehiculo automotor en transporte,Not an Intersection,No fue interseccion,Sobre el lado de la calle,Ninguna,Oscuro con iluminacion,Despejado,No,NO APLICA,99,98,99,98,1,25/08/2022,1
48,Texas,482440,0,0,1,0,201,HARRIS (201),3280,HOUSTON,8,Agosto,18,2022,13,24,SR-288/SOUTH FWY,3,Highway estatal,Urbano,Arterial Principal -Freeway o ExpressWay,Not Reported,1,Sin jurisdiccion especial,36,29.70534722,-95.37479722,Acotamiento,El primer evento no fue una colision con un vehiculo automotor en transporte,Not an Intersection,No fue interseccion,Sobre el lado de la calle,Ninguna,Dia total,Nublado,No,NO APLICA,99,99,99,99,1,18/08/2022,1
48,Texas,482441,0,0,1,0,299,LLANO (299),0,NO APLICA,8,Agosto,6,2022,14,21,FM 1431,8,Otro,Urbano,Colector Mayor,Not Reported,0,Sin jurisdiccion especial,70,30.70400833,-98.46558333,Volcadura,El primer evento no fue una colision con un vehiculo automotor en transporte,Not an Intersection,No fue interseccion,Sobre calle,Ninguna,Dia total,Despejado,No,NO APLICA,99,98,99,98,1,06/08/2022,1
48,Texas,482442,0,0,5,0,201,HARRIS (201),0,NO APLICA,8,Agosto,27,2022,18,9,FM 2100,8,Otro,Urbano,Colector Mayor,Not Reported,0,Sin jurisdiccion especial,104,30.02889444,-95.08828333,Vehiculo en movimiento,Frente a Detrás,Not an Intersection,No fue interseccion,Sobre calle,Ninguna,Dia total,Despejado,No,NO APLICA,99,99,99,99,1,27/08/2022,10
48,Texas,482443,0,0,1,0,303,LUBBOCK (303),4140,LUBBOCK,8,Agosto,21,2022,1,16,I-27,7,Calle Local,Urbano,Colector Mayor,State Highway Agency,0,Sin jurisdiccion especial,48,33.56348056,-101.8457306,Soporte de  señalamiento de transito,El primer evento no fue una colision con un vehiculo automotor en transporte,Four-Way Intersection,Interseccion de 4 direcciones,Isla de trafico para peatones,Construccion,Oscuro con iluminacion,lluvia,No,NO APLICA,99,98,99,98,1,21/08/2022,1
48,Texas,482444,0,0,4,0,41,BRAZOS (41),0,NO APLICA,8,Agosto,22,2022,15,11,SR-6,3,Highway estatal,Rural,Arterial Principal -Freeway o ExpressWay,Not Reported,1,Sin jurisdiccion especial,246,30.43116389,-96.11805833,Vehiculo en movimiento,Golpe Lateral - misma direccion,Not an Intersection,No fue interseccion,Sobre calle,Construccion,Dia total,Nublado,No,NO APLICA,99,99,99,99,1,22/08/2022,4
48,Texas,482445,0,0,1,0,141,EL PASO (141),2190,EL PASO,8,Agosto,28,2022,9,41,I-10/GATEWAY,1,Interestatal,Urbano,Interestatal,State Highway Agency,1,Sin jurisdiccion especial,293,31.75693056,-106.3530778,Muro,El primer evento no fue una colision con un vehiculo automotor en transporte,Not an Intersection,No fue interseccion,Sobre el lado de la calle,Ninguna,Dia total,Despejado,No,NO APLICA,99,99,99,99,1,28/08/2022,1
48,Texas,482446,0,0,1,0,439,TARRANT (439),2450,FORT WORTH,8,Agosto,27,2022,23,37,STALCUP RD,6,Calle Local Municipalidad,Urbano,Colector Mayor,Not Reported,0,Sin jurisdiccion especial,0,32.70919722,-97.237825,Arbol,El primer evento no fue una colision con un vehiculo automotor en transporte,Four-Way Intersection,Interseccion de 4 direcciones,Sobre el lado de la calle,Ninguna,Oscuro sin iluminacion,Despejado,No,NO APLICA,99,99,99,99,1,27/08/2022,3
48,Texas,482447,0,0,2,0,341,MOORE (341),0,NO APLICA,8,Agosto,15,2022,0,34,US-87,2,US Highway,Rural,Arteria Principal,Not Reported,1,Sin jurisdiccion especial,82,35.86575,-102.034875,Vehiculo en movimiento,Angulo,Four-Way Intersection,Interseccion de 4 direcciones,Sobre calle,Ninguna,Oscuro sin iluminacion,Despejado,No,NO APLICA,99,99,99,99,1,15/08/2022,2
48,Texas,482448,0,0,2,0,161,FREESTONE (161),0,NO APLICA,8,Agosto,21,2022,10,29,US-84,2,US Highway,Rural,Arteria Menor,Not Reported,0,Sin jurisdiccion especial,329,31.67103333,-95.95534167,Vehiculo en movimiento,Frente a frente,Four-Way Intersection,Interseccion de 4 direcciones,Sobre calle,Ninguna,Dia total,Despejado,No,NO APLICA,99,99,99,99,1,21/08/2022,3
48,Texas,482449,0,0,1,0,141,EL PASO (141),2190,EL PASO,4,Abril,18,2022,3,11,PIEDRAS ST,6,Calle Local Municipalidad,Urbano,Arteria Menor,Not Reported,0,Sin jurisdiccion especial,0,31.77627222,-106.461275,Barrera de Trafico de Concreto,El primer evento no fue una colision con un vehiculo automotor en transporte,Not an Intersection,No fue interseccion,En el medio,Ninguna,Oscuro con iluminacion,Despejado,No,NO APLICA,99,99,99,99,1,18/04/2022,1
48,Texas,482450,0,0,2,0,85,COLLIN (85),200,ANNA,7,Julio,11,2022,19,26,SR-121/SAM RAYBURN HWY,3,Highway estatal,Rural,Arteria Principal,Not Reported,1,Sin jurisdiccion especial,76,33.33489444,-96.47837222,Vehiculo en movimiento,Angulo,Not an Intersection,No fue interseccion,Sobre calle,Construccion,Dia total,Despejado,No,NO APLICA,99,99,99,99,1,11/07/2022,3
48,Texas,482451,0,0,2,0,113,DALLAS (113),1730,DALLAS,8,Agosto,23,2022,15,59,BELT LINE RD,6,Calle Local Municipalidad,Urbano,Arteria Principal,Not Reported,0,Sin jurisdiccion especial,0,32.95048056,-96.77861111,Vehiculo en movimiento,Frente a frente,Four-Way Intersection,Interseccion de 4 direcciones,Sobre calle,Ninguna,Dia total,Despejado,No,NO APLICA,99,99,99,99,1,23/08/2022,3
48,Texas,482452,0,0,1,0,215,HIDALGO (215),0,NO APLICA,8,Agosto,28,2022,0,5,CR-ABRAM RD,4,Calle del Condado,Urbano,Local,Not Reported,0,Sin jurisdiccion especial,0,26.30869722,-98.38617778,Volcadura,El primer evento no fue una colision con un vehiculo automotor en transporte,Not an Intersection,No fue interseccion,Sobre calle,Ninguna,Oscuro sin iluminacion,Despejado,No,NO APLICA,99,99,99,99,1,28/08/2022,2
48,Texas,482453,1,1,2,0,201,HARRIS (201),0,NO APLICA,8,Agosto,28,2022,16,4,US-290,2,US Highway,Rural,Arterial Principal -Freeway o ExpressWay,Not Reported,1,Sin jurisdiccion especial,0,30.04470556,-95.86946111,Vehiculo en movimiento,Frente a Detrás,Not an Intersection,No fue interseccion,Sobre calle,Ninguna,Dia total,Despejado,No,NO APLICA,99,99,99,99,1,28/08/2022,2
48,Texas,482454,1,1,1,0,163,FRIO (163),0,NO APLICA,8,Agosto,23,2022,22,24,I-35/PURPLE HEART TRAIL,1,Interestatal,Rural,Interestatal,State Highway Agency,1,Sin jurisdiccion especial,264,29.00149722,-99.06114167,Peaton,El primer evento no fue una colision con un vehiculo automotor en transporte,Not an Intersection,No fue interseccion,Sobre calle,Ninguna,Oscuro sin iluminacion,Despejado,No,NO APLICA,99,98,99,98,1,23/08/2022,1
48,Texas,482455,0,0,1,0,1,ANDERSON (1),0,NO APLICA,8,Agosto,28,2022,2,46,FM 323,8,Otro,Rural,Colector Mayor,Not Reported,0,Sin jurisdiccion especial,99998,31.740925,-95.58849444,Arbol,El primer evento no fue una colision con un vehiculo automotor en transporte,Not an Intersection,No fue interseccion,Fuera de la calle,Ninguna,Oscuro sin iluminacion,Nublado,No,NO APLICA,99,98,99,98,1,28/08/2022,1
48,Texas,482456,0,0,2,0,121,DENTON (121),1840,DENTON,8,Agosto,27,2022,15,45,US-77/DALLAS DR,2,US Highway,Urbano,Arteria Menor,State Highway Agency,0,Sin jurisdiccion especial,266,33.19445,-97.118275,Vehiculo en movimiento,Angulo,T-Intersection,Interseccion de T,Sobre calle,Ninguna,Dia total,Despejado,No,NO APLICA,99,99,99,99,1,27/08/2022,2
48,Texas,482457,0,0,2,0,113,DALLAS (113),7520,WILMER,8,Agosto,28,2022,3,15,I-45,1,Interestatal,Urbano,Interestatal,State Highway Agency,1,Sin jurisdiccion especial,6,32.55432778,-96.66243611,Vehiculo en movimiento,Frente a frente,Not an Intersection,No fue interseccion,Sobre calle,Ninguna,Oscuro sin iluminacion,Despejado,No,NO APLICA,99,99,99,99,1,28/08/2022,2
48,Texas,482458,0,0,2,0,201,HARRIS (201),0,NO APLICA,8,Agosto,11,2022,10,35,CR-SMITH RD,4,Calle del Condado,Urbano,Colector Mayor,Not Reported,0,Sin jurisdiccion especial,0,29.93321389,-95.28764444,Vehiculo en movimiento,Angulo,Not an Intersection,No fue interseccion,Sobre calle,"Infraestructura (luz, agua, etc)",Dia total,Despejado,No,NO APLICA,10,40,10,44,1,11/08/2022,3
48,Texas,482459,0,0,1,0,293,LIMESTONE (293),0,NO APLICA,8,Agosto,27,2022,20,44,FM 1245,8,Otro,Rural,Colector Menor,Not Reported,0,Sin jurisdiccion especial,220,31.53371111,-96.50185,Culvert,El primer evento no fue una colision con un vehiculo automotor en transporte,Not an Intersection,No fue interseccion,Sobre el lado de la calle,Ninguna,Oscuro sin iluminacion,Despejado,No,NO APLICA,99,98,99,98,1,27/08/2022,1
48,Texas,482460,1,1,1,0,375,POTTER (375),150,AMARILLO,8,Agosto,26,2022,9,35,I-40 SVRD,7,Calle Local,Urbano,Colector Mayor,Not Reported,0,Sin jurisdiccion especial,169,35.19555833,-101.8661111,Peaton,El primer evento no fue una colision con un vehiculo automotor en transporte,Four-Way Intersection,Interseccion de 4 direcciones,Isla de trafico para peatones,Ninguna,Dia total,Despejado,No,NO APLICA,99,98,99,98,1,26/08/2022,1
48,Texas,482461,1,1,1,0,139,ELLIS (139),7270,WAXAHACHIE,8,Agosto,22,2022,9,10,US-287,2,US Highway,Urbano,Colector Mayor,Not Reported,0,Sin jurisdiccion especial,417,32.42069444,-96.84563333,Peaton,El primer evento no fue una colision con un vehiculo automotor en transporte,Not an Intersection,No fue interseccion,Sobre calle,Ninguna,No reportada,Despejado,No,NO APLICA,99,99,99,99,1,22/08/2022,1
48,Texas,482462,0,0,1,0,67,CASS (67),0,NO APLICA,8,Agosto,19,2022,19,25,US-59,2,US Highway,Rural,Arteria Principal,Not Reported,1,Sin jurisdiccion especial,24,33.26409722,-94.15269722,Volcadura,El primer evento no fue una colision con un vehiculo automotor en transporte,Not an Intersection,No fue interseccion,Sobre calle,Ninguna,Oscuro sin iluminacion,Despejado,No,NO APLICA,99,99,99,99,1,19/08/2022,1
48,Texas,482463,1,3,2,1,419,SHELBY (419),0,NO APLICA,8,Agosto,18,2022,8,34,SR-7,3,Highway estatal,Rural,Arteria Menor,Not Reported,0,Sin jurisdiccion especial,52,31.85441111,-94.1218,Vehiculo Aparcado,El primer evento no fue una colision con un vehiculo automotor en transporte,Not an Intersection,No fue interseccion,Sobre Acotamiento,Ninguna,Dia total,Nublado,No,NO APLICA,99,98,99,98,1,18/08/2022,1
48,Texas,482464,0,0,2,0,355,NUECES (355),1550,CORPUS CHRISTI,8,Agosto,13,2022,2,45,ALAMEDA ST,6,Calle Local Municipalidad,Urbano,Arteria Menor,Not Reported,0,Sin jurisdiccion especial,0,27.73182222,-97.37320278,Vehiculo en movimiento,Frente a frente,Not an Intersection,No fue interseccion,Sobre calle,Ninguna,Oscuro con iluminacion,Despejado,No,NO APLICA,99,99,99,99,1,13/08/2022,3
48,Texas,482465,1,1,1,0,201,HARRIS (201),3280,HOUSTON,8,Agosto,3,2022,23,37,FM 1960,8,Otro,Urbano,Arteria Principal,Not Reported,0,Sin jurisdiccion especial,254,30.00458889,-95.25430278,Peaton,El primer evento no fue una colision con un vehiculo automotor en transporte,Not an Intersection,No fue interseccion,Sobre calle,Ninguna,Oscuro sin iluminacion,Nublado,No,NO APLICA,99,99,99,99,1,03/08/2022,1
48,Texas,482466,0,0,1,0,121,DENTON (121),5350,PILOT POINT,8,Agosto,15,2022,8,10,FM 455,8,Otro,Rural,Arteria Menor,Not Reported,0,Sin jurisdiccion especial,47,33.38766944,-96.88403611,Volcadura,El primer evento no fue una colision con un vehiculo automotor en transporte,Not an Intersection,No fue interseccion,Sobre el lado de la calle,Construccion,Dia total,Despejado,No,NO APLICA,99,98,99,98,1,15/08/2022,1
48,Texas,482467,0,0,1,0,453,TRAVIS (453),330,AUSTIN,7,Julio,18,2022,2,26,FM 3177/DECKER LN,8,Otro,Urbano,Colector Mayor,Not Reported,0,Sin jurisdiccion especial,159,30.27633056,-97.63773611,Arbol,El primer evento no fue una colision con un vehiculo automotor en transporte,T-Intersection,Interseccion de T,Sobre el lado de la calle,Ninguna,Oscuro con iluminacion,Despejado,No,NO APLICA,99,99,99,99,1,18/07/2022,3
48,Texas,482468,0,0,2,0,303,LUBBOCK (303),4140,LUBBOCK,8,Agosto,25,2022,19,53,US-62/IDALOU RD,2,US Highway,Urbano,Arteria Principal,Not Reported,1,Sin jurisdiccion especial,204,33.58101111,-101.814825,Vehiculo en movimiento,Frente a frente,"Five Point, or More",5 Puntos o mas,Sobre calle,Ninguna,Atardecer,Despejado,No,NO APLICA,99,99,99,99,1,25/08/2022,2
48,Texas,482469,1,1,1,0,113,DALLAS (113),1730,DALLAS,8,Agosto,23,2022,6,30,BUTLER ST,6,Calle Local Municipalidad,Urbano,Local,Not Reported,0,Sin jurisdiccion especial,0,32.81720278,-96.83523056,No vehiculo o remolque,El primer evento no fue una colision con un vehiculo automotor en transporte,Not an Intersection,No fue interseccion,Sobre calle,Ninguna,Dia total,Nublado,No,NO APLICA,99,99,99,99,1,23/08/2022,1
48,Texas,482470,0,0,1,0,245,JEFFERSON (245),2905,GROVES,8,Agosto,28,2022,6,38,SR-73,3,Highway estatal,Urbano,Arterial Principal -Freeway o ExpressWay,Not Reported,1,Sin jurisdiccion especial,302,29.94101944,-93.92389167,Alguien se cayo/avento del vehiculo,El primer evento no fue una colision con un vehiculo automotor en transporte,Not an Intersection,No fue interseccion,Sobre el lado de la calle,Ninguna,Amanecer,Despejado,No,NO APLICA,99,99,99,99,1,28/08/2022,1
48,Texas,482471,1,1,1,0,113,DALLAS (113),1730,DALLAS,8,Agosto,22,2022,2,14,COCKRELL HILL RD,6,Calle Local Municipalidad,Urbano,Arteria Menor,Not Reported,0,Sin jurisdiccion especial,0,32.67288611,-96.89132222,Peaton,El primer evento no fue una colision con un vehiculo automotor en transporte,Not an Intersection,No fue interseccion,Sobre calle,Ninguna,Oscuro con iluminacion,lluvia,No,NO APLICA,99,99,99,99,1,22/08/2022,2
48,Texas,482472,1,1,1,0,201,HARRIS (201),3280,HOUSTON,4,Abril,16,2022,11,52,MARTIN LUTHER KING BLVD,6,Calle Local Municipalidad,Urbano,Arteria Menor,Not Reported,0,Sin jurisdiccion especial,0,29.65851944,-95.33665833,Peaton,El primer evento no fue una colision con un vehiculo automotor en transporte,Four-Way Intersection,Interseccion de 4 direcciones,Sobre calle,Ninguna,Dia total,Nublado,No,NO APLICA,99,99,99,99,1,16/04/2022,2
48,Texas,482473,0,0,2,0,201,HARRIS (201),3280,HOUSTON,8,Agosto,4,2022,5,35,I-10,1,Interestatal,Urbano,Interestatal,State Highway Agency,1,Sin jurisdiccion especial,207,29.78385,-95.47051667,Vehiculo en movimiento,Frente a Detrás,Not an Intersection,No fue interseccion,Sobre calle,Ninguna,Oscuro con iluminacion,Nublado,No,NO APLICA,99,98,99,98,1,04/08/2022,2
48,Texas,482474,0,0,3,0,387,RED RIVER (387),0,NO APLICA,8,Agosto,26,2022,11,29,US-271,2,US Highway,Rural,Arteria Principal,Not Reported,1,Sin jurisdiccion especial,27,33.49961111,-95.27097778,Vehiculo en movimiento,Angulo,Not an Intersection,No fue interseccion,Sobre calle,Ninguna,Dia total,Despejado,No,NO APLICA,99,98,99,98,1,26/08/2022,3
48,Texas,482475,1,1,1,0,113,DALLAS (113),1730,DALLAS,8,Agosto,10,2022,21,12,COLORADO BLVD,6,Calle Local Municipalidad,Urbano,Colector Mayor,Not Reported,0,Sin jurisdiccion especial,0,32.75866111,-96.81771111,Peaton,El primer evento no fue una colision con un vehiculo automotor en transporte,Not an Intersection,No fue interseccion,Sobre el lado de la calle,Ninguna,Oscuro con iluminacion,Despejado,No,NO APLICA,99,99,99,99,1,10/08/2022,1
48,Texas,482476,2,2,3,2,439,TARRANT (439),2450,FORT WORTH,8,Agosto,27,2022,21,23,I-30 RAMP,1,Interestatal,Urbano,Interestatal,State Highway Agency,1,Sin jurisdiccion especial,212,32.748725,-97.30988611,Vehiculo Aparcado,El primer evento no fue una colision con un vehiculo automotor en transporte,Not an Intersection,No fue interseccion,Sobre Acotamiento,Ninguna,Oscuro sin iluminacion,Despejado,No,NO APLICA,99,99,99,99,1,27/08/2022,1
48,Texas,482477,0,0,2,0,27,BELL (27),4924,NOLANVILLE,8,Agosto,26,2022,5,10,I-14/CENTRAL EXPWY,1,Interestatal,Urbano,Interestatal,State Highway Agency,1,Sin jurisdiccion especial,202,31.06944444,-97.58591111,Vehiculo en movimiento,Frente a Detrás,Not an Intersection,No fue interseccion,Sobre calle,Construccion,Oscuro - iluminacion desconocida,Despejado,No,NO APLICA,99,99,99,99,2,26/08/2022,4
48,Texas,482478,0,0,2,0,439,TARRANT (439),2450,FORT WORTH,8,Agosto,28,2022,2,9,STALCUP RD,6,Calle Local Municipalidad,Urbano,Colector Mayor,Not Reported,0,Sin jurisdiccion especial,0,32.71053611,-97.23796667,Vehiculo en movimiento,Frente a Detrás,Not an Intersection,No fue interseccion,Sobre calle,Ninguna,Oscuro con iluminacion,Despejado,No,NO APLICA,99,99,99,99,1,28/08/2022,4
48,Texas,482479,0,0,1,0,221,HOOD (221),2780,GRANBURY,8,Agosto,28,2022,21,19,US-377,2,US Highway,Rural,Arteria Principal,Not Reported,1,Sin jurisdiccion especial,65,32.48030833,-97.68656111,Zanja,El primer evento no fue una colision con un vehiculo automotor en transporte,Not an Intersection,No fue interseccion,Sobre el lado de la calle,Ninguna,Oscuro sin iluminacion,Despejado,No,NO APLICA,99,99,99,99,1,28/08/2022,3
48,Texas,482480,0,0,3,0,291,LIBERTY (291),0,NO APLICA,8,Agosto,22,2022,6,11,FM 787,8,Otro,Rural,Colector Mayor,Not Reported,0,Sin jurisdiccion especial,61,30.36536111,-95.00864167,Vehiculo en movimiento,Angulo,Not an Intersection,No fue interseccion,Sobre calle,Ninguna,Oscuro sin iluminacion,Despejado,No,NO APLICA,99,99,99,99,1,22/08/2022,5
48,Texas,482481,0,0,3,0,491,WILLIAMSON (491),5990,ROUND ROCK,8,Agosto,29,2022,9,42,SR-45/LOUIS HENNA BLVD,7,Calle Local,Urbano,Colector Mayor,Not Reported,0,Sin jurisdiccion especial,57,30.48503611,-97.65001389,Vehiculo en movimiento,Angulo,Four-Way Intersection,Interseccion de 4 direcciones,Sobre calle,Ninguna,Dia total,Despejado,No,NO APLICA,99,99,99,99,1,29/08/2022,3
48,Texas,482482,0,0,1,0,29,BEXAR (29),6090,SAN ANTONIO,8,Agosto,6,2022,2,30,US-90 SVRD,7,Calle Local,Urbano,Colector Mayor,Not Reported,0,Sin jurisdiccion especial,25,29.40295278,-98.62115,Poste,El primer evento no fue una colision con un vehiculo automotor en transporte,Not an Intersection,No fue interseccion,Separador,Ninguna,Oscuro con iluminacion,Despejado,No,NO APLICA,99,99,99,99,1,06/08/2022,1
48,Texas,482483,0,0,1,0,13,ATASCOSA (13),0,NO APLICA,8,Agosto,4,2022,21,26,I-37,1,Interestatal,Rural,Interestatal,State Highway Agency,1,Sin jurisdiccion especial,175,29.09329722,-98.43263889,Arbol,El primer evento no fue una colision con un vehiculo automotor en transporte,Not an Intersection,No fue interseccion,Sobre el lado de la calle,Ninguna,Oscuro sin iluminacion,Despejado,No,NO APLICA,99,99,99,99,1,04/08/2022,1
48,Texas,482484,0,0,2,0,363,PALO PINTO (363),0,NO APLICA,8,Agosto,25,2022,13,30,I-20,1,Interestatal,Rural,Interestatal,State Highway Agency,1,Sin jurisdiccion especial,156,32.59359444,-98.13328611,Barrera de Cable,El primer evento no fue una colision con un vehiculo automotor en transporte,Not an Intersection,No fue interseccion,En el medio,Ninguna,Dia total,Despejado,No,NO APLICA,99,99,99,99,1,25/08/2022,2
48,Texas,482485,1,1,1,0,141,EL PASO (141),2190,EL PASO,8,Agosto,30,2022,21,49,NORTH LOOP DR,6,Calle Local Municipalidad,Urbano,Arteria Principal,Not Reported,1,Sin jurisdiccion especial,39,31.73123333,-106.3526556,Peaton,El primer evento no fue una colision con un vehiculo automotor en transporte,Not an Intersection,No fue interseccion,Sobre calle,Ninguna,Oscuro con iluminacion,Despejado,No,NO APLICA,99,98,99,98,1,30/08/2022,1
48,Texas,482486,0,0,2,0,157,FORT BEND (157),0,NO APLICA,8,Agosto,8,2022,0,1,FM 1994,8,Otro,Rural,Colector Mayor,Not Reported,0,Sin jurisdiccion especial,151,29.43253333,-95.68870833,Vehiculo en movimiento,Frente a frente,Not an Intersection,No fue interseccion,Sobre calle,Ninguna,Oscuro sin iluminacion,Despejado,No,NO APLICA,99,99,99,99,1,08/08/2022,3
48,Texas,482487,1,1,1,0,439,TARRANT (439),260,ARLINGTON,8,Agosto,24,2022,23,0,FM 157/COLLINS ST,8,Otro,Urbano,Arteria Principal,Not Reported,0,Sin jurisdiccion especial,128,32.72349444,-97.09758611,Ciclista,El primer evento no fue una colision con un vehiculo automotor en transporte,Not an Intersection,No fue interseccion,Sobre calle,Ninguna,Oscuro con iluminacion,Despejado,No,NO APLICA,99,99,99,99,1,24/08/2022,1
48,Texas,482488,0,0,6,0,439,TARRANT (439),260,ARLINGTON,8,Agosto,27,2022,19,13,NEW YORK AVE,6,Calle Local Municipalidad,Urbano,Arteria Menor,Not Reported,0,Sin jurisdiccion especial,0,32.70599444,-97.08032222,Vehiculo en movimiento,Frente a Detrás,Four-Way Intersection,Interseccion de 4 direcciones,Sobre calle,Ninguna,Dia total,Despejado,No,NO APLICA,99,99,99,99,1,27/08/2022,17
48,Texas,482489,0,0,2,0,151,FISHER (151),0,NO APLICA,8,Agosto,27,2022,6,6,US-180,2,US Highway,Rural,Arteria Menor,Not Reported,0,Sin jurisdiccion especial,99,32.74006389,-100.5074222,Vehiculo en movimiento,Frente a frente,Not an Intersection,No fue interseccion,Sobre calle,Ninguna,Oscuro sin iluminacion,Despejado,No,NO APLICA,99,99,99,99,2,27/08/2022,3
48,Texas,482490,0,0,2,0,37,BOWIE (37),0,NO APLICA,8,Agosto,25,2022,17,19,I-30,1,Interestatal,Rural,Interestatal,State Highway Agency,1,Sin jurisdiccion especial,328,33.46550833,-94.202125,Vehiculo en movimiento,Frente a Detrás,Not an Intersection,No fue interseccion,Sobre calle,Ninguna,Dia total,Despejado,No,NO APLICA,99,98,99,98,1,25/08/2022,2
48,Texas,482491,0,0,1,0,365,PANOLA (365),1200,CARTHAGE,8,Agosto,12,2022,1,58,SR-149,3,Highway estatal,Urbano,Arteria Principal,Not Reported,0,Sin jurisdiccion especial,49,32.14203889,-94.36430556,Volcadura,El primer evento no fue una colision con un vehiculo automotor en transporte,Not an Intersection,No fue interseccion,Sobre calle,Ninguna,Oscuro con iluminacion,Despejado,No,NO APLICA,99,99,99,99,1,12/08/2022,1
48,Texas,482493,0,0,3,0,391,REFUGIO (391),0,NO APLICA,8,Agosto,27,2022,15,15,US-77,2,US Highway,Rural,Arteria Principal,Not Reported,1,Sin jurisdiccion especial,347,28.15906111,-97.40181667,Vehiculo en movimiento,Angulo,Not an Intersection,No fue interseccion,Sobre calle,Ninguna,Dia total,lluvia,No,NO APLICA,99,99,99,99,1,27/08/2022,5
48,Texas,482494,0,0,2,0,291,LIBERTY (291),0,NO APLICA,8,Agosto,25,2022,12,23,US-90,2,US Highway,Rural,Arteria Principal,Not Reported,1,Sin jurisdiccion especial,254,30.03294444,-94.61766389,Vehiculo en movimiento,Frente a frente,Not an Intersection,No fue interseccion,Sobre calle,Ninguna,Dia total,Despejado,No,NO APLICA,99,99,99,99,2,25/08/2022,3
48,Texas,482495,0,0,2,0,141,EL PASO (141),2190,EL PASO,8,Agosto,29,2022,14,14,HUNTER DR,6,Calle Local Municipalidad,Urbano,Arteria Menor,Not Reported,0,Sin jurisdiccion especial,0,31.76346944,-106.3651,Vehiculo en movimiento,Angulo,Not an Intersection,No fue interseccion,Sobre calle,Ninguna,Dia total,Despejado,No,NO APLICA,99,99,99,99,1,29/08/2022,2
48,Texas,482496,0,0,2,0,215,HIDALGO (215),0,NO APLICA,8,Agosto,10,2022,12,30,FM 1015,8,Otro,Urbano,Arteria Menor,Not Reported,0,Sin jurisdiccion especial,50,26.221275,-97.95962222,Vehiculo en movimiento,Angulo,Y-Intersection,Interseccion de Y,Sobre calle,Ninguna,Dia total,Despejado,No,NO APLICA,99,99,99,99,1,10/08/2022,3
48,Texas,482497,0,0,1,0,453,TRAVIS (453),330,AUSTIN,5,Mayo,18,2022,2,43,I-35,7,Calle Local,Urbano,Local,State Highway Agency,0,Sin jurisdiccion especial,266,30.38346944,-97.67318889,Barda,El primer evento no fue una colision con un vehiculo automotor en transporte,Not an Intersection,No fue interseccion,Fuera de la calle,Ninguna,Oscuro sin iluminacion,Nublado,No,NO APLICA,99,99,99,99,1,18/05/2022,1
48,Texas,482498,0,0,2,0,41,BRAZOS (41),1440,COLLEGE STATION,8,Agosto,16,2022,21,21,SR-6R BU/TEXAS AVE,3,Highway estatal,Urbano,Arteria Principal,Not Reported,1,Sin jurisdiccion especial,72,30.60726111,-96.30922778,Vehiculo en movimiento,Frente a frente,Four-Way Intersection,Interseccion de 4 direcciones,Sobre calle,Ninguna,Oscuro con iluminacion,Despejado,No,NO APLICA,99,99,99,99,1,16/08/2022,2
48,Texas,482499,0,0,2,0,201,HARRIS (201),0,NO APLICA,8,Agosto,13,2022,18,7,SR-99/GRAND PKWY,3,Highway estatal,Urbano,Arterial Principal -Freeway o ExpressWay,Not Reported,1,Sin jurisdiccion especial,94,30.05183889,-95.64716389,Vehiculo en movimiento,Frente a Detrás,Not an Intersection,No fue interseccion,Sobre calle,Ninguna,Dia total,Despejado,No,NO APLICA,99,99,99,99,1,13/08/2022,6
48,Texas,482500,1,1,1,0,329,MIDLAND (329),0,NO APLICA,8,Agosto,15,2022,21,47,FM 307,8,Otro,Rural,Arteria Menor,Not Reported,0,Sin jurisdiccion especial,194,32.02518889,-101.9066167,Peaton,El primer evento no fue una colision con un vehiculo automotor en transporte,Not an Intersection,No fue interseccion,Sobre calle,Ninguna,Oscuro sin iluminacion,Despejado,No,NO APLICA,99,99,99,99,1,15/08/2022,1
48,Texas,482501,0,0,2,0,369,PARMER (369),0,NO APLICA,8,Agosto,25,2022,0,39,US-60,2,US Highway,Rural,Arteria Principal,Not Reported,1,Sin jurisdiccion especial,333,34.68766389,-102.6023917,Vehiculo en movimiento,Frente a Detrás,T-Intersection,Interseccion de T,Sobre calle,Ninguna,Oscuro sin iluminacion,Despejado,No,NO APLICA,99,98,99,98,1,25/08/2022,2
48,Texas,482502,0,0,1,0,71,CHAMBERS (71),0,NO APLICA,8,Agosto,23,2022,5,30,CR-MCCULLEN PARK RD,4,Calle del Condado,Rural,Local,Not Reported,0,Sin jurisdiccion especial,0,29.74673333,-94.82755556,Arbol,El primer evento no fue una colision con un vehiculo automotor en transporte,Not an Intersection,No fue interseccion,Sobre el lado de la calle,Ninguna,Oscuro con iluminacion,lluvia,No,NO APLICA,99,98,99,98,1,23/08/2022,1