Estado,Nombre de Estado,Numero de Caso,Peatones,Personas _no_vehiculos,Vehiculos automotores,Vehiculos estacionados,Condado,Nombre Condado,Ciudad,Nombre Ciudad,Mes,Nombre Mes,Dia,Año,Hora,Minuto,Calle,Ruta,Nombre Ruta,Rural o Urbanoo,Sistema Funcional,Dueño Calle,Sistema Nacional Carreteras,Jurisdiccion Especial,Milla,Latitud,Longitud,Causa del Accidente,Tipo de Accidente,Tipo Interseccion,Columna1,Lugar en la calle,Zona de Trabajo,Luz,Clima,Autobus Escolar,Cruce de Trenes,Hora Notificacion,Minuto Notificacion,Hora Llegada,Minuto Llegada,Decesos,Fecha,PersonaVehiculo
48,Texas,482503,1,1,1,0,63,CAMP (63),5370,PITTSBURG,8,Agosto,25,2022,22,1,US-271N/GREER BLVD,2,US Highway,Rural,Arteria Principal,Not Reported,1,Sin jurisdiccion especial,53,32.99744722,-94.95854167,Poste,El primer evento no fue una colision con un vehiculo automotor en transporte,Not an Intersection,No fue interseccion,Sobre el lado de la calle,Ninguna,Oscuro con iluminacion,Despejado,No,NO APLICA,99,99,99,99,1,25/08/2022,1
48,Texas,482504,0,0,2,0,451,TOM GREEN (451),6080,SAN ANGELO,9,Septiembre,1,2022,12,2,US-67 BUS/SHERWOOD WAY,2,US Highway,Urbano,Arteria Menor,State Highway Agency,0,Sin jurisdiccion especial,61,31.43381389,-100.5009111,Vehiculo en movimiento,Angulo,Four-Way Intersection,Interseccion de 4 direcciones,Sobre calle,Ninguna,Dia total,lluvia,No,NO APLICA,99,99,99,99,1,01/09/2022,2
48,Texas,482505,0,0,1,0,439,TARRANT (439),2450,FORT WORTH,9,Septiembre,2,2022,2,18,RIPY ST,6,Calle Local Municipalidad,Urbano,Colector Mayor,Not Reported,0,Sin jurisdiccion especial,0,32.697025,-97.32238056,Arbol,El primer evento no fue una colision con un vehiculo automotor en transporte,Not an Intersection,No fue interseccion,Sobre el lado de la calle,Ninguna,Oscuro con iluminacion,Despejado,No,NO APLICA,99,98,99,98,1,02/09/2022,1
48,Texas,482506,1,1,3,0,37,BOWIE (37),6850,TEXARKANA,8,Agosto,30,2022,17,38,US-67/7TH ST,2,US Highway,Urbano,Arteria Principal,Not Reported,0,Sin jurisdiccion especial,35,33.41788333,-94.10195,Vehiculo en movimiento,Frente a frente,Not an Intersection,No fue interseccion,Sobre calle,Ninguna,Dia total,Nublado,No,NO APLICA,99,99,99,99,1,30/08/2022,4
48,Texas,482507,0,0,1,0,55,CALDWELL (55),0,NO APLICA,8,Agosto,21,2022,22,1,FM 20/TEXAS INDEPENDENCE TRL,8,Otro,Rural,Arteria Menor,Not Reported,0,Sin jurisdiccion especial,111,29.93909722,-97.50843333,Volcadura,El primer evento no fue una colision con un vehiculo automotor en transporte,Not an Intersection,No fue interseccion,Sobre el lado de la calle,Ninguna,Oscuro sin iluminacion,Despejado,No,NO APLICA,99,98,99,98,1,21/08/2022,1
48,Texas,482508,0,0,2,0,453,TRAVIS (453),4290,MANOR,8,Agosto,25,2022,18,24,US-290,2,US Highway,Urbano,Arteria Principal,Not Reported,1,Sin jurisdiccion especial,101,30.34925278,-97.54656111,Vehiculo en movimiento,Frente a frente,T-Intersection,Interseccion de T,Sobre calle,Ninguna,Dia total,Despejado,No,NO APLICA,99,98,99,98,1,25/08/2022,2
48,Texas,482509,0,0,2,0,293,LIMESTONE (293),0,NO APLICA,9,Septiembre,2,2022,10,0,US-84,2,US Highway,Rural,Arteria Menor,Not Reported,0,Sin jurisdiccion especial,263,31.68554444,-96.44210833,Vehiculo en movimiento,Frente a frente,Not an Intersection,No fue interseccion,Sobre calle,Ninguna,Dia total,Nublado,No,NO APLICA,99,98,99,98,1,02/09/2022,2
48,Texas,482510,0,0,1,0,29,BEXAR (29),6090,SAN ANTONIO,9,Septiembre,2,2022,2,44,SR-1604 LP/CHARLES W ANDERSON,3,Highway estatal,Urbano,Arterial Principal -Freeway o ExpressWay,Not Reported,1,Sin jurisdiccion especial,194,29.43841944,-98.71137778,Volcadura,El primer evento no fue una colision con un vehiculo automotor en transporte,Not an Intersection,No fue interseccion,Gore?,Ninguna,Oscuro con iluminacion,Despejado,No,NO APLICA,99,99,99,99,1,02/09/2022,1
48,Texas,482511,0,0,2,0,201,HARRIS (201),0,NO APLICA,9,Septiembre,2,2022,1,9,I-69/US-59/EASTEX FWY,1,Interestatal,Urbano,Interestatal,State Highway Agency,1,Sin jurisdiccion especial,4,29.87196111,-95.32886389,Vehiculo en movimiento,Frente a Detrás,Not an Intersection,No fue interseccion,Sobre calle,Ninguna,Oscuro con iluminacion,Despejado,No,NO APLICA,99,99,99,99,1,02/09/2022,2
48,Texas,482512,0,0,2,0,255,KARNES (255),0,NO APLICA,8,Agosto,29,2022,16,25,US-181,2,US Highway,Rural,Arteria Principal,Not Reported,1,Sin jurisdiccion especial,72,28.93487222,-97.96373056,Vehiculo en movimiento,Angulo,Not an Intersection,No fue interseccion,Sobre calle,Ninguna,Dia total,lluvia,No,NO APLICA,99,99,99,99,3,29/08/2022,3
48,Texas,482513,1,1,1,0,85,COLLIN (85),4230,MCKINNEY,8,Agosto,10,2022,2,53,US-380,2,US Highway,Urbano,Arteria Principal,Not Reported,1,Sin jurisdiccion especial,76,33.21778333,-96.67194444,Ciclista,El primer evento no fue una colision con un vehiculo automotor en transporte,Not an Intersection,No fue interseccion,Sobre calle,Ninguna,Oscuro sin iluminacion,Despejado,No,NO APLICA,99,99,99,99,1,10/08/2022,1
48,Texas,482514,1,1,2,1,439,TARRANT (439),2450,FORT WORTH,9,Septiembre,3,2022,23,50,AZLE AVE,6,Calle Local Municipalidad,Urbano,Arteria Menor,Not Reported,0,Sin jurisdiccion especial,131,32.79564722,-97.37544167,Peaton,El primer evento no fue una colision con un vehiculo automotor en transporte,Not an Intersection,No fue interseccion,En estacionamiento,Ninguna,Oscuro sin iluminacion,Despejado,No,NO APLICA,99,99,99,99,1,03/09/2022,1
48,Texas,482515,0,0,1,0,113,DALLAS (113),1730,DALLAS,5,Mayo,11,2022,18,55,I-635 RAMP,1,Interestatal,Urbano,Interestatal,State Highway Agency,1,Sin jurisdiccion especial,66,32.92453333,-96.76822778,Valla para choques,El primer evento no fue una colision con un vehiculo automotor en transporte,Not an Intersection,No fue interseccion,Gore?,Ninguna,Dia total,Despejado,No,NO APLICA,99,99,99,99,1,11/05/2022,1
48,Texas,482516,0,0,2,0,439,TARRANT (439),2255,EULESS,8,Agosto,30,2022,14,30,SR-10/EULESS BLVD,3,Highway estatal,Urbano,Arteria Principal,Not Reported,1,Sin jurisdiccion especial,77,32.82203611,-97.11884167,Vehiculo en movimiento,Angulo,Four-Way Intersection,Interseccion de 4 direcciones,Sobre calle,Ninguna,Dia total,Nublado,No,NO APLICA,14,30,14,35,1,30/08/2022,2
48,Texas,482517,1,1,1,0,339,MONTGOMERY (339),0,NO APLICA,8,Agosto,27,2022,0,25,I-45/NORTH FWY,1,Interestatal,Urbano,Interestatal,State Highway Agency,1,Sin jurisdiccion especial,26,30.14645833,-95.44745833,Peaton,El primer evento no fue una colision con un vehiculo automotor en transporte,Not an Intersection,No fue interseccion,Sobre calle,Ninguna,Oscuro sin iluminacion,Despejado,No,NO APLICA,99,98,99,98,1,27/08/2022,1
48,Texas,482518,0,0,1,0,401,RUSK (401),0,NO APLICA,8,Agosto,19,2022,22,57,FM 13,8,Otro,Rural,Colector Mayor,Not Reported,0,Sin jurisdiccion especial,90,32.15169722,-94.84493611,Volcadura,El primer evento no fue una colision con un vehiculo automotor en transporte,Not an Intersection,No fue interseccion,Sobre el lado de la calle,Ninguna,Oscuro sin iluminacion,Despejado,No,NO APLICA,99,98,99,98,1,19/08/2022,1
48,Texas,482519,0,0,2,0,181,GRAYSON (181),0,NO APLICA,8,Agosto,20,2022,12,55,FM 121,8,Otro,Rural,Colector Mayor,Not Reported,0,Sin jurisdiccion especial,67,33.46005,-96.81975278,Vehiculo en movimiento,Frente a frente,Not an Intersection,No fue interseccion,Sobre calle,Ninguna,Dia total,Nublado,No,NO APLICA,99,98,99,98,1,20/08/2022,3
48,Texas,482520,0,0,2,0,483,WHEELER (483),0,NO APLICA,9,Septiembre,4,2022,6,47,I-40,1,Interestatal,Rural,Interestatal,State Highway Agency,1,Sin jurisdiccion especial,47,35.22677222,-100.1883361,Vehiculo en movimiento,Angulo,Not an Intersection,No fue interseccion,Sobre calle,Ninguna,Oscuro sin iluminacion,Despejado,No,NO APLICA,99,99,99,99,1,04/09/2022,3
48,Texas,482521,0,0,3,0,185,GRIMES (185),0,NO APLICA,8,Agosto,10,2022,13,5,SR-105,3,Highway estatal,Rural,Arteria Principal,Not Reported,0,Sin jurisdiccion especial,0,30.36752778,-96.02008333,Vehiculo en movimiento,Detrás a Lado. ,T-Intersection,Interseccion de T,Sobre calle,Ninguna,Dia total,Despejado,No,NO APLICA,99,99,99,99,1,10/08/2022,3
48,Texas,482522,0,0,2,0,85,COLLIN (85),2320,FARMERSVILLE,9,Septiembre,1,2022,18,32,US-380/AUDIE MURPHY PKWY,2,US Highway,Rural,Arteria Principal,Not Reported,1,Sin jurisdiccion especial,89,33.15828889,-96.37950556,Vehiculo en movimiento,Angulo,Not an Intersection,No fue interseccion,Sobre calle,Ninguna,Dia total,lluvia,No,NO APLICA,99,99,99,99,1,01/09/2022,2
48,Texas,482523,0,0,2,0,309,MCLENNAN (309),7210,WACO,9,Septiembre,3,2022,16,49,VALLEY MILLS DR,6,Calle Local Municipalidad,Urbano,Arteria Menor,Not Reported,0,Sin jurisdiccion especial,0,31.53191667,-97.19655278,Vehiculo en movimiento,Angulo,Not an Intersection,No fue interseccion,Sobre calle,Ninguna,Dia total,Nublado,No,NO APLICA,99,99,99,99,1,03/09/2022,2
48,Texas,482524,0,0,2,0,29,BEXAR (29),0,NO APLICA,9,Septiembre,5,2022,19,27,FM 1604,8,Otro,Urbano,Arteria Menor,Not Reported,0,Sin jurisdiccion especial,162,29.26511944,-98.30915556,Vehiculo en movimiento,Frente a frente,T-Intersection,Interseccion de T,Sobre calle,Ninguna,Dia total,Despejado,No,NO APLICA,99,99,99,99,1,05/09/2022,6
48,Texas,482525,0,0,1,0,167,GALVESTON (167),0,NO APLICA,8,Agosto,30,2022,18,41,PATRICIA LEIGH AVE/BEACH,8,Otro,Not Reported,No reportado,Not Reported,0,Sin jurisdiccion especial,0,29.43456667,-94.666125,Poste de Señal de trafico,El primer evento no fue una colision con un vehiculo automotor en transporte,Not an Intersection,No fue interseccion,Sobre el lado de la calle,Ninguna,Dia total,Despejado,No,NO APLICA,99,99,99,99,1,30/08/2022,1
48,Texas,482526,0,0,1,0,201,HARRIS (201),0,NO APLICA,8,Agosto,13,2022,21,19,HILL RD,6,Calle Local Municipalidad,Urbano,Colector Mayor,Not Reported,0,Sin jurisdiccion especial,0,29.89564722,-95.37149444,Otra barrera de trafico,El primer evento no fue una colision con un vehiculo automotor en transporte,Not an Intersection,No fue interseccion,Sobre el lado de la calle,Ninguna,Oscuro sin iluminacion,Nublado,No,NO APLICA,99,98,99,98,1,13/08/2022,1
48,Texas,482527,1,1,1,0,201,HARRIS (201),3280,HOUSTON,8,Agosto,27,2022,7,22,I-45/GULF FWY,7,Calle Local,Urbano,Colector Mayor,State Highway Agency,0,Sin jurisdiccion especial,120,29.64099444,-95.24383333,Peaton,El primer evento no fue una colision con un vehiculo automotor en transporte,Not an Intersection,No fue interseccion,Sobre calle,Ninguna,Dia total,Despejado,No,NO APLICA,99,99,99,99,1,27/08/2022,1
48,Texas,482528,1,1,1,0,121,DENTON (121),1840,DENTON,8,Agosto,28,2022,6,27,US-77/DALLAS DR,2,US Highway,Urbano,Arteria Menor,Not Reported,0,Sin jurisdiccion especial,270,33.19311667,-97.11640556,Peaton,El primer evento no fue una colision con un vehiculo automotor en transporte,Not an Intersection,No fue interseccion,Sobre calle,Ninguna,Amanecer,Despejado,No,NO APLICA,99,99,99,99,1,28/08/2022,1
48,Texas,482529,0,0,2,0,113,DALLAS (113),4530,MESQUITE,8,Agosto,30,2022,21,10,I-635/LBJ FWY,1,Interestatal,Urbano,Interestatal,State Highway Agency,1,Sin jurisdiccion especial,37,32.74839444,-96.61393333,Vehiculo en movimiento,Frente a Detrás,Not an Intersection,No fue interseccion,Sobre calle,Ninguna,Oscuro sin iluminacion,Nublado,No,NO APLICA,99,99,99,99,1,30/08/2022,2
48,Texas,482531,0,0,1,0,381,RANDALL (381),0,NO APLICA,8,Agosto,30,2022,17,14,CR-RUNNING WATER RD,4,Calle del Condado,Rural,Local,Not Reported,0,Sin jurisdiccion especial,0,34.88001111,-101.92015,Volcadura,El primer evento no fue una colision con un vehiculo automotor en transporte,Not an Intersection,No fue interseccion,Sobre el lado de la calle,Ninguna,Dia total,Nublado,No,NO APLICA,99,98,99,98,1,30/08/2022,1
48,Texas,482532,0,0,1,0,491,WILLIAMSON (491),0,NO APLICA,8,Agosto,28,2022,0,24,CR-245,4,Calle del Condado,Urbano,Local,Not Reported,0,Sin jurisdiccion especial,0,30.72868889,-97.77055556,Arbol,El primer evento no fue una colision con un vehiculo automotor en transporte,Not an Intersection,No fue interseccion,Sobre el lado de la calle,Ninguna,Oscuro sin iluminacion,Nublado,No,NO APLICA,99,99,99,99,1,28/08/2022,3
48,Texas,482533,0,0,1,0,343,MORRIS (343),0,NO APLICA,8,Agosto,23,2022,23,26,US-259/CR-TEXAS FOREST TRL,2,US Highway,Rural,Arteria Principal,Not Reported,0,Sin jurisdiccion especial,241,32.9765,-94.71891944,Poste de Señal de trafico,El primer evento no fue una colision con un vehiculo automotor en transporte,Not an Intersection,No fue interseccion,Sobre el lado de la calle,Ninguna,Oscuro con iluminacion,Nublado,No,NO APLICA,99,98,99,98,1,23/08/2022,1
48,Texas,482534,0,0,3,0,215,HIDALGO (215),2110,EDINBURG,8,Agosto,21,2022,5,43,I-69 C,1,Interestatal,Urbano,Interestatal,State Highway Agency,1,Sin jurisdiccion especial,50,26.26187778,-98.16355833,Vehiculo en movimiento,Angulo,Not an Intersection,No fue interseccion,Sobre calle,Ninguna,Oscuro - iluminacion desconocida,Despejado,No,NO APLICA,99,98,99,98,2,21/08/2022,4
48,Texas,482535,1,1,1,0,439,TARRANT (439),2450,FORT WORTH,8,Agosto,14,2022,21,41,CALMONT AVE,6,Calle Local Municipalidad,Urbano,Colector Mayor,Not Reported,0,Sin jurisdiccion especial,0,32.73573889,-97.46653333,Peaton,El primer evento no fue una colision con un vehiculo automotor en transporte,Not an Intersection,No fue interseccion,Sobre calle,Ninguna,Oscuro sin iluminacion,Nublado,No,NO APLICA,99,99,99,99,1,14/08/2022,1
48,Texas,482536,0,0,1,0,453,TRAVIS (453),330,AUSTIN,8,Agosto,4,2022,19,59,SR-1,3,Highway estatal,Urbano,Arterial Principal -Freeway o ExpressWay,Not Reported,1,Sin jurisdiccion especial,55,30.40834722,-97.71843611,Fin de valla,El primer evento no fue una colision con un vehiculo automotor en transporte,Not an Intersection,No fue interseccion,Sobre el lado de la calle,Ninguna,Dia total,Despejado,No,NO APLICA,99,98,99,98,1,04/08/2022,1
48,Texas,482537,0,0,1,0,181,GRAYSON (181),7130,VAN ALSTYNE,8,Agosto,24,2022,8,41,SR-5/WACO ST,3,Highway estatal,Urbano,Arteria Menor,Not Reported,0,Sin jurisdiccion especial,83,33.41796111,-96.57546667,Poste,El primer evento no fue una colision con un vehiculo automotor en transporte,Not an Intersection,No fue interseccion,Sobre el lado de la calle,Ninguna,Dia total,Nublado,No,NO APLICA,99,99,99,99,1,24/08/2022,1
48,Texas,482538,2,2,2,1,409,SAN PATRICIO (409),0,NO APLICA,8,Agosto,23,2022,21,34,US-77,2,US Highway,Rural,Arteria Principal,Not Reported,1,Sin jurisdiccion especial,17,28.12486111,-97.44032778,Vehiculo Aparcado,El primer evento no fue una colision con un vehiculo automotor en transporte,Not an Intersection,No fue interseccion,Sobre Acotamiento,Ninguna,Oscuro sin iluminacion,Despejado,No,NO APLICA,99,99,99,99,1,23/08/2022,2
48,Texas,482539,0,0,2,0,121,DENTON (121),1190,CARROLLTON,8,Agosto,21,2022,23,56,TL-27/SAM RAYBURN TOLLWAY,6,Calle Local Municipalidad,Urbano,Arterial Principal -Freeway o ExpressWay,State Toll Road,1,Sin jurisdiccion especial,0,33.02536111,-96.93196389,Vehiculo en movimiento,Angulo,Not an Intersection,No fue interseccion,Sobre calle,Ninguna,Oscuro sin iluminacion,lluvia,No,NO APLICA,99,99,99,99,1,21/08/2022,2
48,Texas,482540,0,0,1,0,113,DALLAS (113),1730,DALLAS,8,Agosto,28,2022,2,21,SR-78,3,Highway estatal,Urbano,Arteria Principal,Not Reported,0,Sin jurisdiccion especial,171,32.79510833,-96.74601111,Banqueta,El primer evento no fue una colision con un vehiculo automotor en transporte,Y-Intersection,Interseccion de Y,Isla de trafico para peatones,Ninguna,Oscuro con iluminacion,Despejado,No,NO APLICA,99,99,99,99,1,28/08/2022,1
48,Texas,482541,0,0,2,0,77,CLAY (77),0,NO APLICA,8,Agosto,15,2022,13,0,FM 174,8,Otro,Rural,Colector Mayor,Not Reported,0,Sin jurisdiccion especial,38,33.55632222,-98.15151944,Vehiculo en movimiento,Frente a frente,Not an Intersection,No fue interseccion,Sobre calle,Ninguna,Dia total,Despejado,No,NO APLICA,99,99,99,99,2,15/08/2022,3
48,Texas,482542,1,1,1,0,27,BELL (27),6810,TEMPLE,8,Agosto,31,2022,0,11,SR-290 SPUR,3,Highway estatal,Urbano,Arteria Principal,Not Reported,1,Sin jurisdiccion especial,10,31.08137778,-97.34804167,Peaton,El primer evento no fue una colision con un vehiculo automotor en transporte,Not an Intersection,No fue interseccion,Sobre calle,Ninguna,Oscuro con iluminacion,No reportado,No,NO APLICA,99,99,99,99,1,31/08/2022,2
48,Texas,482543,1,1,1,0,201,HARRIS (201),3280,HOUSTON,9,Septiembre,1,2022,1,32,I-610/TX INDEPENDENCE HWY,1,Interestatal,Urbano,Interestatal,State Highway Agency,1,Sin jurisdiccion especial,101,29.67912778,-95.44695833,Peaton,El primer evento no fue una colision con un vehiculo automotor en transporte,Not an Intersection,No fue interseccion,Sobre calle,Ninguna,Oscuro sin iluminacion,Nublado,No,NO APLICA,99,98,99,98,1,01/09/2022,1
48,Texas,482544,1,1,1,0,201,HARRIS (201),3280,HOUSTON,8,Agosto,30,2022,0,6,I-45/GULF FWY,1,Interestatal,Urbano,Interestatal,State Highway Agency,1,Sin jurisdiccion especial,202,29.725775,-95.33298056,Peaton,El primer evento no fue una colision con un vehiculo automotor en transporte,Not an Intersection,No fue interseccion,Sobre calle,Ninguna,Oscuro sin iluminacion,Nublado,No,NO APLICA,99,98,99,98,1,30/08/2022,2
48,Texas,482545,0,0,1,0,201,HARRIS (201),3280,HOUSTON,8,Agosto,26,2022,23,12,I-45 RAMP,1,Interestatal,Urbano,Interestatal,State Highway Agency,1,Sin jurisdiccion especial,372,29.94059167,-95.41298056,Barrera de Trafico de Concreto,El primer evento no fue una colision con un vehiculo automotor en transporte,Not an Intersection,No fue interseccion,Sobre el lado de la calle,Ninguna,Oscuro sin iluminacion,Despejado,No,NO APLICA,99,98,99,98,1,26/08/2022,1
48,Texas,482546,0,2,3,1,167,GALVESTON (167),3850,LA MARQUE,9,Septiembre,3,2022,16,12,FM 1765,8,Otro,Urbano,Arteria Principal,Not Reported,1,Sin jurisdiccion especial,27,29.37818889,-95.00428611,Vehiculo en movimiento,Golpe Lateral - misma direccion,Not an Intersection,No fue interseccion,Sobre calle,Ninguna,Dia total,lluvia,No,NO APLICA,99,99,99,99,2,03/09/2022,4
48,Texas,482547,0,0,2,0,27,BELL (27),570,BELTON,8,Agosto,30,2022,15,16,FM 439,8,Otro,Urbano,Arteria Menor,Not Reported,0,Sin jurisdiccion especial,254,31.10246111,-97.49555278,Vehiculo en movimiento,Frente a frente,Not an Intersection,No fue interseccion,Sobre calle,Ninguna,Dia total,lluvia,No,NO APLICA,99,99,99,99,1,30/08/2022,3
48,Texas,482548,0,0,1,0,29,BEXAR (29),6090,SAN ANTONIO,9,Septiembre,5,2022,2,5,US-90 W,2,US Highway,Urbano,Arterial Principal -Freeway o ExpressWay,Not Reported,1,Sin jurisdiccion especial,12,29.39920278,-98.64202222,Valla Ferrocarril,El primer evento no fue una colision con un vehiculo automotor en transporte,Not an Intersection,No fue interseccion,En el medio,Ninguna,Oscuro con iluminacion,Nublado,No,NO APLICA,99,98,99,98,1,05/09/2022,1
48,Texas,482549,0,0,1,0,195,HANSFORD (195),0,NO APLICA,8,Agosto,26,2022,21,9,SR-15,3,Highway estatal,Rural,Arteria Menor,Not Reported,0,Sin jurisdiccion especial,220,36.19741111,-101.2992417,Barda,El primer evento no fue una colision con un vehiculo automotor en transporte,Not an Intersection,No fue interseccion,Fuera de la calle,Ninguna,Oscuro sin iluminacion,Despejado,No,NO APLICA,99,98,99,98,1,26/08/2022,1
48,Texas,482550,0,0,4,0,201,HARRIS (201),5230,PASADENA,9,Septiembre,4,2022,0,23,SR-8 LOOP SAM HOUSTON TOLLWAY,3,Highway estatal,Urbano,Arteria Principal,State Toll Road,1,Sin jurisdiccion especial,199,29.66567778,-95.15534167,Vehiculo en movimiento,Angulo,Four-Way Intersection,Interseccion de 4 direcciones,Sobre calle,Ninguna,Oscuro con iluminacion,Despejado,No,NO APLICA,99,99,99,99,1,04/09/2022,8
48,Texas,482551,0,0,2,0,477,WASHINGTON (477),880,BRENHAM,9,Septiembre,1,2022,21,21,US-290,2,US Highway,Urbano,Arteria Principal,Not Reported,1,Sin jurisdiccion especial,272,30.14675278,-96.40541667,Vehiculo en movimiento,Angulo,Not an Intersection,No fue interseccion,Sobre calle,Ninguna,Oscuro sin iluminacion,lluvia,No,NO APLICA,99,98,99,98,1,01/09/2022,3
48,Texas,482552,0,0,4,0,423,SMITH (423),0,NO APLICA,8,Agosto,29,2022,9,35,SR-110,3,Highway estatal,Urbano,Arteria Principal,Not Reported,1,Sin jurisdiccion especial,50,32.28477222,-95.25013333,Vehiculo en movimiento,Golpe Lateral - misma direccion,T-Intersection,Interseccion de T,Sobre calle,Ninguna,Dia total,Nublado,No,NO APLICA,99,99,99,99,1,29/08/2022,4
48,Texas,482553,0,0,2,0,113,DALLAS (113),1730,DALLAS,8,Agosto,24,2022,2,40,I-35E/US-77/STEMMONS FWY,1,Interestatal,Urbano,Interestatal,State Highway Agency,1,Sin jurisdiccion especial,196,32.80706667,-96.84103333,Vehiculo en movimiento,Frente a Detrás,Not an Intersection,No fue interseccion,Sobre calle,Ninguna,Oscuro sin iluminacion,Despejado,No,NO APLICA,99,99,99,99,1,24/08/2022,1
48,Texas,482554,0,0,2,0,475,WARD (475),0,NO APLICA,8,Agosto,25,2022,3,30,FM 1927,8,Otro,Rural,Colector Mayor,Not Reported,0,Sin jurisdiccion especial,64,31.43741389,-103.0932111,Vehiculo en movimiento,Golpe Lateral - direccion contraria,Not an Intersection,No fue interseccion,Sobre calle,Ninguna,Oscuro sin iluminacion,Despejado,No,NO APLICA,99,98,99,98,2,25/08/2022,4
48,Texas,482555,0,0,2,0,325,MEDINA (325),3250,HONDO,9,Septiembre,1,2022,17,12,US-90,2,US Highway,Urbano,Arteria Principal,Not Reported,1,Sin jurisdiccion especial,41,29.34676667,-99.15038611,Vehiculo en movimiento,Angulo,Four-Way Intersection,Interseccion de 4 direcciones,Sobre calle,Ninguna,Dia total,Despejado,No,NO APLICA,99,99,99,99,2,01/09/2022,8
48,Texas,482556,0,0,1,0,29,BEXAR (29),0,NO APLICA,8,Agosto,24,2022,15,11,SR-1604/CHARLES W ANDERSON LP,3,Highway estatal,Urbano,Arteria Menor,Not Reported,0,Sin jurisdiccion especial,149,29.37862222,-98.70025,Valla Ferrocarril,El primer evento no fue una colision con un vehiculo automotor en transporte,Not an Intersection,No fue interseccion,En el medio,Ninguna,Dia total,lluvia,No,NO APLICA,99,99,99,99,1,24/08/2022,1
48,Texas,482557,0,0,1,0,187,GUADALUPE (187),9997,Other,8,Agosto,25,2022,16,5,US-90,2,US Highway,Rural,Colector Mayor,Not Reported,0,Sin jurisdiccion especial,200,29.66631389,-97.70340833,Volcadura,El primer evento no fue una colision con un vehiculo automotor en transporte,Not an Intersection,No fue interseccion,Sobre el lado de la calle,Ninguna,Dia total,Despejado,No,NO APLICA,99,99,99,99,1,25/08/2022,3
48,Texas,482558,0,0,2,0,479,WEBB (479),3899,LAREDO,8,Agosto,23,2022,11,44,KILLAM INDUSTRIAL,6,Calle Local Municipalidad,Urbano,Arteria Principal,Not Reported,0,Sin jurisdiccion especial,0,27.61665556,-99.51661944,Vehiculo en movimiento,Angulo,Not an Intersection,No fue interseccion,Sobre calle,Ninguna,Dia total,Despejado,No,NO APLICA,99,99,99,99,1,23/08/2022,2
48,Texas,482560,0,0,2,0,355,NUECES (355),0,NO APLICA,8,Agosto,25,2022,14,52,FM 665,8,Otro,Rural,Arteria Menor,Not Reported,0,Sin jurisdiccion especial,25,27.66421667,-97.71107222,Vehiculo en movimiento,Frente a frente,T-Intersection,Interseccion de T,Sobre calle,Ninguna,Dia total,Despejado,No,NO APLICA,99,99,99,99,1,25/08/2022,3
48,Texas,482561,0,0,1,0,441,TAYLOR (441),30,ABILENE,9,Septiembre,4,2022,21,19,FM 1750,8,Otro,Urbano,Arteria Menor,Not Reported,0,Sin jurisdiccion especial,19,32.42273333,-99.70827222,Volcadura,El primer evento no fue una colision con un vehiculo automotor en transporte,Not an Intersection,No fue interseccion,Sobre el lado de la calle,Ninguna,Oscuro con iluminacion,Nublado,No,NO APLICA,99,98,99,98,1,04/09/2022,1
48,Texas,482563,0,0,1,0,371,PECOS (371),0,NO APLICA,8,Agosto,23,2022,1,31,US-67,2,US Highway,Rural,Arteria Principal,Not Reported,0,Sin jurisdiccion especial,117,30.77428333,-103.1538472,Volcadura,El primer evento no fue una colision con un vehiculo automotor en transporte,Not an Intersection,No fue interseccion,Sobre el lado de la calle,Construccion,Oscuro sin iluminacion,Despejado,No,NO APLICA,99,98,99,98,1,23/08/2022,1
48,Texas,482564,0,0,4,0,491,WILLIAMSON (491),6780,TAYLOR,9,Septiembre,5,2022,18,16,US-79,2,US Highway,Urbano,Arteria Principal,Not Reported,1,Sin jurisdiccion especial,85,30.55361944,-97.42681667,Vehiculo en movimiento,Angulo,T-Intersection,Interseccion de T,Sobre calle,Ninguna,Dia total,Despejado,No,NO APLICA,99,98,99,98,2,05/09/2022,9
48,Texas,482565,0,0,2,0,113,DALLAS (113),1730,DALLAS,9,Septiembre,3,2022,12,35,SR-12 LOOP/WALTON WALKER BLVD,3,Highway estatal,Urbano,Arteria Principal,Not Reported,1,Sin jurisdiccion especial,99,32.69840833,-96.89760278,Vehiculo en movimiento,Angulo,Four-Way Intersection,Interseccion de 4 direcciones,Sobre calle,Ninguna,Dia total,Nublado,No,NO APLICA,99,99,99,99,1,03/09/2022,3
48,Texas,482566,1,1,1,0,29,BEXAR (29),6090,SAN ANTONIO,9,Septiembre,3,2022,1,34,I-410,1,Interestatal,Urbano,Interestatal,State Highway Agency,1,Sin jurisdiccion especial,267,29.51653889,-98.40262222,Peaton,El primer evento no fue una colision con un vehiculo automotor en transporte,Not an Intersection,No fue interseccion,Sobre calle,Ninguna,Oscuro con iluminacion,Despejado,No,NO APLICA,99,98,99,98,1,03/09/2022,1
48,Texas,482567,0,0,2,0,189,HALE (189),0,NO APLICA,9,Septiembre,2,2022,20,57,FM 3183,8,Otro,Rural,Colector Mayor,Not Reported,0,Sin jurisdiccion especial,0,34.249325,-101.6734722,Vehiculo en movimiento,Angulo,T-Intersection,Interseccion de T,Sobre calle,Ninguna,Oscuro sin iluminacion,Despejado,No,NO APLICA,99,99,99,99,1,02/09/2022,3
48,Texas,482568,0,0,2,0,201,HARRIS (201),0,NO APLICA,9,Septiembre,8,2022,0,36,AIRLINE DR,6,Calle Local Municipalidad,Urbano,Arteria Menor,Not Reported,0,Sin jurisdiccion especial,0,29.89346667,-95.39717778,Vehiculo en movimiento,Frente a Detrás,Not an Intersection,No fue interseccion,Sobre calle,Ninguna,Oscuro sin iluminacion,Despejado,No,NO APLICA,99,99,99,99,1,08/09/2022,2