Estado,Nombre de Estado,Numero de Caso,Peatones,Personas _no_vehiculos,Vehiculos automotores,Vehiculos estacionados,Condado,Nombre Condado,Ciudad,Nombre Ciudad,Mes,Nombre Mes,Dia,Año,Hora,Minuto,Calle,Ruta,Nombre Ruta,Rural o Urbanoo,Sistema Funcional,Dueño Calle,Sistema Nacional Carreteras,Jurisdiccion Especial,Milla,Latitud,Longitud,Causa del Accidente,Tipo de Accidente,Tipo Interseccion,Columna1,Lugar en la calle,Zona de Trabajo,Luz,Clima,Autobus Escolar,Cruce de Trenes,Hora Notificacion,Minuto Notificacion,Hora Llegada,Minuto Llegada,Decesos,Fecha,PersonaVehiculo
48,Texas,482569,0,0,2,0,303,LUBBOCK (303),4140,LUBBOCK,8,Agosto,31,2022,16,54,INDIANA AVE,6,Calle Local Municipalidad,Urbano,Arteria Menor,Not Reported,0,Sin jurisdiccion especial,0,33.49080556,-101.8876889,Vehiculo en movimiento,Angulo,Four-Way Intersection,Interseccion de 4 direcciones,Sobre calle,Ninguna,Dia total,lluvia,No,NO APLICA,99,99,99,99,2,31/08/2022,5
48,Texas,482570,1,1,1,0,29,BEXAR (29),6090,SAN ANTONIO,8,Agosto,29,2022,6,22,I-410/LOOP 410,1,Interestatal,Urbano,Interestatal,State Highway Agency,1,Sin jurisdiccion especial,80,29.42657778,-98.64971389,Peaton,El primer evento no fue una colision con un vehiculo automotor en transporte,Not an Intersection,No fue interseccion,Sobre calle,Ninguna,Oscuro con iluminacion,Despejado,No,NO APLICA,99,99,99,99,1,29/08/2022,1
48,Texas,482571,0,0,1,0,27,BELL (27),4924,NOLANVILLE,9,Septiembre,4,2022,0,45,I-14,1,Interestatal,Urbano,Interestatal,State Highway Agency,1,Sin jurisdiccion especial,200,31.07013056,-97.58792222,Valla Ferrocarril,El primer evento no fue una colision con un vehiculo automotor en transporte,Not an Intersection,No fue interseccion,Sobre el lado de la calle,Construccion,Oscuro con iluminacion,Despejado,No,NO APLICA,99,98,99,98,1,04/09/2022,1
48,Texas,482572,0,0,1,0,5,ANGELINA (5),0,NO APLICA,8,Agosto,26,2022,4,0,FM 58,8,Otro,Rural,Colector Mayor,Not Reported,0,Sin jurisdiccion especial,107,31.18228611,-94.66755833,Barda,El primer evento no fue una colision con un vehiculo automotor en transporte,Not an Intersection,No fue interseccion,Fuera de la calle,Ninguna,Oscuro sin iluminacion,Despejado,No,NO APLICA,99,98,99,98,1,26/08/2022,1
48,Texas,482573,1,1,1,0,479,WEBB (479),3899,LAREDO,8,Agosto,5,2022,23,2,FM 1472/MINES RD,8,Otro,Urbano,Arteria Principal,Not Reported,1,Sin jurisdiccion especial,150,27.60713056,-99.51940278,Peaton,El primer evento no fue una colision con un vehiculo automotor en transporte,Not an Intersection,No fue interseccion,Sobre calle,Ninguna,Oscuro sin iluminacion,Despejado,No,NO APLICA,99,99,99,99,1,05/08/2022,6
48,Texas,482574,0,0,2,0,329,MIDLAND (329),4560,MIDLAND,9,Septiembre,2,2022,7,48,I-20 SVRD,7,Calle Local,Urbano,Colector Mayor,State Highway Agency,0,Sin jurisdiccion especial,150,31.97558333,-102.0616389,Vehiculo en movimiento,Frente a frente,Y-Intersection,Interseccion de Y,Sobre calle,Ninguna,Dia total,Nublado,No,NO APLICA,99,99,99,99,1,02/09/2022,2
48,Texas,482575,0,0,1,0,329,MIDLAND (329),4560,MIDLAND,9,Septiembre,4,2022,18,12,TRADEWINDS BLVD,6,Calle Local Municipalidad,Urbano,Colector Mayor,Not Reported,0,Sin jurisdiccion especial,0,31.98388333,-102.154025,Otro objeto (fijo),El primer evento no fue una colision con un vehiculo automotor en transporte,Not an Intersection,No fue interseccion,Sobre el lado de la calle,Ninguna,Dia total,Despejado,No,NO APLICA,99,99,99,99,1,04/09/2022,1
48,Texas,482576,1,1,2,0,453,TRAVIS (453),330,AUSTIN,8,Agosto,31,2022,5,23,I-35,1,Interestatal,Urbano,Interestatal,State Highway Agency,1,Sin jurisdiccion especial,173,30.26109444,-97.73659167,Peaton,El primer evento no fue una colision con un vehiculo automotor en transporte,Not an Intersection,No fue interseccion,Sobre calle,Ninguna,Oscuro sin iluminacion,Nublado,No,NO APLICA,99,98,99,98,1,31/08/2022,2
48,Texas,482577,0,0,1,0,363,PALO PINTO (363),0,NO APLICA,9,Septiembre,1,2022,0,37,SR-16,3,Highway estatal,Rural,Colector Mayor,Not Reported,0,Sin jurisdiccion especial,13,32.9204,-98.394225,Barda,El primer evento no fue una colision con un vehiculo automotor en transporte,Not an Intersection,No fue interseccion,Fuera de la calle,Ninguna,Oscuro sin iluminacion,Nublado,No,NO APLICA,99,98,99,98,1,01/09/2022,1
48,Texas,482578,1,1,1,0,91,COMAL (91),0,NO APLICA,8,Agosto,25,2022,10,13,FM 306,8,Otro,Rural,Arteria Principal,Not Reported,1,Sin jurisdiccion especial,52,29.92870556,-98.22744167,Peaton,El primer evento no fue una colision con un vehiculo automotor en transporte,Four-Way Intersection,Interseccion de 4 direcciones,Sobre calle,Ninguna,Dia total,Nublado,No,NO APLICA,99,98,99,98,1,25/08/2022,1
48,Texas,482579,0,0,1,0,361,ORANGE (361),7200,VIDOR,9,Septiembre,4,2022,19,0,LAKESIDE ST,6,Calle Local Municipalidad,Urbano,Local,Not Reported,0,Sin jurisdiccion especial,0,30.12707778,-93.9767,Volcadura,El primer evento no fue una colision con un vehiculo automotor en transporte,Four-Way Intersection,Interseccion de 4 direcciones,Sobre calle,Ninguna,Dia total,Despejado,No,NO APLICA,99,98,99,98,1,04/09/2022,3
48,Texas,482580,0,0,1,0,201,HARRIS (201),3280,HOUSTON,9,Septiembre,4,2022,15,22,I-69 US-59,1,Interestatal,Urbano,Interestatal,State Highway Agency,1,Sin jurisdiccion especial,53,29.93709444,-95.29703056,Barrera de Trafico de Concreto,El primer evento no fue una colision con un vehiculo automotor en transporte,Not an Intersection,No fue interseccion,En el medio,Ninguna,Dia total,Despejado,No,NO APLICA,99,99,99,99,1,04/09/2022,1
48,Texas,482581,0,0,1,0,361,ORANGE (361),5100,ORANGE,8,Agosto,25,2022,21,2,SR-62,3,Highway estatal,Rural,Arteria Menor,Not Reported,0,Sin jurisdiccion especial,70,30.16830556,-93.844575,Volcadura,El primer evento no fue una colision con un vehiculo automotor en transporte,Not an Intersection,No fue interseccion,Sobre el lado de la calle,Ninguna,Oscuro sin iluminacion,lluvia,No,NO APLICA,99,99,99,99,1,25/08/2022,3
48,Texas,482582,0,0,4,0,201,HARRIS (201),3280,HOUSTON,8,Agosto,7,2022,23,0,HOMESTEAD RD,6,Calle Local Municipalidad,Urbano,Arteria Menor,Not Reported,0,Sin jurisdiccion especial,0,29.87106944,-95.30053333,Vehiculo en movimiento,Frente a Detrás,Four-Way Intersection,Interseccion de 4 direcciones,Sobre calle,Ninguna,Oscuro con iluminacion,Nublado,No,NO APLICA,99,99,99,99,1,07/08/2022,5
48,Texas,482583,0,0,1,0,201,HARRIS (201),3280,HOUSTON,8,Agosto,27,2022,0,17,I-45 RAMP/GULF FWY,1,Interestatal,Urbano,Interestatal,State Highway Agency,1,Sin jurisdiccion especial,35,29.55146389,-95.1516,Valla Ferrocarril,El primer evento no fue una colision con un vehiculo automotor en transporte,Not an Intersection,No fue interseccion,Gore?,Ninguna,Oscuro sin iluminacion,Despejado,No,NO APLICA,99,99,99,99,1,27/08/2022,2
48,Texas,482584,1,1,1,0,201,HARRIS (201),3280,HOUSTON,8,Agosto,14,2022,20,25,WINDSWEPT LN,6,Calle Local Municipalidad,Urbano,Colector Mayor,Not Reported,0,Sin jurisdiccion especial,0,29.72579444,-95.50005278,Peaton,El primer evento no fue una colision con un vehiculo automotor en transporte,Not an Intersection,No fue interseccion,Sobre calle,Ninguna,Oscuro con iluminacion,Despejado,No,NO APLICA,99,99,99,99,1,14/08/2022,2
48,Texas,482585,0,0,2,1,113,DALLAS (113),2590,GARLAND,9,Septiembre,1,2022,10,51,I-30,1,Interestatal,Urbano,Interestatal,State Highway Agency,1,Sin jurisdiccion especial,160,32.83488056,-96.60855,Otro objeto (no fijo),El primer evento no fue una colision con un vehiculo automotor en transporte,Not an Intersection,No fue interseccion,En el medio,Construccion,Dia total,Nublado,No,NO APLICA,99,99,99,99,1,01/09/2022,1
48,Texas,482586,0,0,2,0,325,MEDINA (325),0,NO APLICA,9,Septiembre,3,2022,6,27,US-90,2,US Highway,Rural,Arteria Principal,Not Reported,1,Sin jurisdiccion especial,139,29.33624444,-99.20058889,Vehiculo en movimiento,Angulo,Four-Way Intersection,Interseccion de 4 direcciones,Sobre calle,Ninguna,Oscuro sin iluminacion,Despejado,No,NO APLICA,99,99,99,99,1,03/09/2022,5
48,Texas,482587,0,0,2,0,27,BELL (27),0,NO APLICA,8,Agosto,30,2022,16,23,SR-95,3,Highway estatal,Rural,Arteria Menor,Not Reported,0,Sin jurisdiccion especial,42,30.91340278,-97.36603056,Vehiculo en movimiento,Angulo,Not an Intersection,No fue interseccion,Sobre calle,Ninguna,Dia total,lluvia,No,NO APLICA,99,99,99,99,1,30/08/2022,2
48,Texas,482588,0,0,2,0,1,ANDERSON (1),0,NO APLICA,8,Agosto,25,2022,5,10,US-79,2,US Highway,Rural,Arteria Principal,Not Reported,1,Sin jurisdiccion especial,71,31.80345556,-95.58480278,Vehiculo en movimiento,Angulo,T-Intersection,Interseccion de T,Sobre calle,Ninguna,Oscuro sin iluminacion,Despejado,No,NO APLICA,99,99,99,99,1,25/08/2022,2
48,Texas,482589,0,0,2,0,201,HARRIS (201),0,NO APLICA,8,Agosto,30,2022,12,19,FM 1960/CYPRESS CREEK PKWY,8,Otro,Urbano,Arteria Principal,Not Reported,0,Sin jurisdiccion especial,94,29.98419722,-95.50527222,Vehiculo en movimiento,Angulo,Four-Way Intersection,Interseccion de 4 direcciones,Sobre calle,Ninguna,Dia total,Nublado,No,NO APLICA,99,99,99,99,1,30/08/2022,2
48,Texas,482590,0,0,3,0,135,ECTOR (135),0,NO APLICA,8,Agosto,7,2022,15,42,FM 2020/UNIVERSITY BLVD,8,Otro,Urbano,Arteria Menor,Not Reported,0,Sin jurisdiccion especial,52,31.84654722,-102.476975,Vehiculo en movimiento,Angulo,T-Intersection,Interseccion de T,Sobre calle,Ninguna,Dia total,Despejado,No,NO APLICA,99,99,99,99,1,07/08/2022,7
48,Texas,482591,0,0,2,0,503,YOUNG (503),0,NO APLICA,9,Septiembre,7,2022,7,47,SR-16,3,Highway estatal,Rural,Arteria Menor,Not Reported,0,Sin jurisdiccion especial,72,33.03966111,-98.52677778,Vehiculo en movimiento,Frente a frente,Not an Intersection,No fue interseccion,Sobre calle,Ninguna,Dia total,Despejado,No,NO APLICA,99,99,99,99,1,07/09/2022,2
48,Texas,482592,0,0,2,0,477,WASHINGTON (477),880,BRENHAM,9,Septiembre,8,2022,7,7,SR-105,3,Highway estatal,Urbano,Arteria Principal,Not Reported,1,Sin jurisdiccion especial,142,30.178925,-96.38408889,Vehiculo en movimiento,Frente a frente,Not an Intersection,No fue interseccion,Sobre calle,Ninguna,Dia total,Despejado,No,NO APLICA,99,99,99,99,2,08/09/2022,2
48,Texas,482593,0,0,2,0,37,BOWIE (37),6850,TEXARKANA,9,Septiembre,2,2022,22,1,US-71,2,US Highway,Urbano,Arteria Principal,Not Reported,1,Sin jurisdiccion especial,49,33.43655278,-94.04316389,Vehiculo en movimiento,Frente a frente,Not an Intersection,No fue interseccion,Sobre calle,Ninguna,Oscuro con iluminacion,Nublado,No,NO APLICA,99,99,99,99,1,02/09/2022,3
48,Texas,482594,0,0,2,0,113,DALLAS (113),1730,DALLAS,9,Septiembre,8,2022,1,39,I-35/ STEMMONS FWY,1,Interestatal,Urbano,Interestatal,State Highway Agency,1,Sin jurisdiccion especial,268,32.88715278,-96.89799444,Vehiculo en movimiento,Frente a Detrás,Not an Intersection,No fue interseccion,Sobre calle,Ninguna,Oscuro con iluminacion,Despejado,No,NO APLICA,99,99,99,99,1,08/09/2022,3
48,Texas,482595,0,0,2,0,183,GREGG (183),4080,LONGVIEW,9,Septiembre,1,2022,18,34,FM 2208/ALPINE RD,8,Otro,Urbano,Arteria Menor,Not Reported,0,Sin jurisdiccion especial,17,32.51424167,-94.71129167,Vehiculo en movimiento,Angulo,Four-Way Intersection,Interseccion de 4 direcciones,Sobre calle,Ninguna,Dia total,lluvia,No,NO APLICA,99,99,99,99,1,01/09/2022,4
48,Texas,482596,0,0,1,0,201,HARRIS (201),3280,HOUSTON,9,Septiembre,8,2022,21,3,MONTGOMERY RD,6,Calle Local Municipalidad,Urbano,Arteria Menor,Not Reported,0,Sin jurisdiccion especial,0,29.88102222,-95.447,Alguien se cayo/avento del vehiculo,El primer evento no fue una colision con un vehiculo automotor en transporte,Not an Intersection,No fue interseccion,Sobre calle,Ninguna,Oscuro con iluminacion,Despejado,No,NO APLICA,99,99,99,99,1,08/09/2022,2
48,Texas,482597,1,1,4,0,135,ECTOR (135),0,NO APLICA,8,Agosto,21,2022,20,53,FM 2020/UNIVERSITY BLVD,8,Otro,Urbano,Arteria Menor,Not Reported,0,Sin jurisdiccion especial,75,31.855225,-102.4396222,Peaton,El primer evento no fue una colision con un vehiculo automotor en transporte,Not an Intersection,No fue interseccion,Sobre calle,Ninguna,Atardecer,Despejado,No,NO APLICA,99,98,99,98,1,21/08/2022,5
48,Texas,482598,0,0,1,0,141,EL PASO (141),0,NO APLICA,9,Septiembre,4,2022,4,11,I-10 RAMP,1,Interestatal,Urbano,Interestatal,State Highway Agency,1,Sin jurisdiccion especial,30,31.95464167,-106.5830194,Volcadura,El primer evento no fue una colision con un vehiculo automotor en transporte,Not an Intersection,No fue interseccion,Gore?,Construccion,Oscuro sin iluminacion,Despejado,No,NO APLICA,99,98,99,98,1,04/09/2022,1
48,Texas,482599,0,0,2,0,201,HARRIS (201),3280,HOUSTON,9,Septiembre,4,2022,17,5,BRITTMOORE RD,6,Calle Local Municipalidad,Urbano,Arteria Menor,Not Reported,0,Sin jurisdiccion especial,0,29.823025,-95.56996944,Vehiculo en movimiento,Frente a frente,Not an Intersection,No fue interseccion,Sobre calle,Ninguna,Dia total,Despejado,No,NO APLICA,99,99,99,99,1,04/09/2022,2
48,Texas,482600,1,1,1,0,323,MAVERICK (323),2030,EAGLE PASS,9,Septiembre,7,2022,5,50,BIBB AVE,6,Calle Local Municipalidad,Urbano,Arteria Menor,Not Reported,0,Sin jurisdiccion especial,0,28.70933333,-100.4833583,Peaton,El primer evento no fue una colision con un vehiculo automotor en transporte,Not an Intersection,No fue interseccion,Sobre calle,Ninguna,Amanecer,Nublado,No,NO APLICA,99,98,99,98,1,07/09/2022,1
48,Texas,482601,1,1,1,0,279,LAMB (279),0,NO APLICA,9,Septiembre,2,2022,6,8,FM 1055,8,Otro,Rural,Colector Mayor,Not Reported,0,Sin jurisdiccion especial,297,34.313175,-102.4095917,Peaton,El primer evento no fue una colision con un vehiculo automotor en transporte,Not an Intersection,No fue interseccion,Sobre Acotamiento,Ninguna,Oscuro sin iluminacion,Despejado,No,NO APLICA,99,98,99,98,1,02/09/2022,0
48,Texas,482602,0,0,1,0,29,BEXAR (29),6090,SAN ANTONIO,8,Agosto,14,2022,13,53,US-90/CLETO RODRIGUEZ FWY,2,US Highway,Urbano,Arterial Principal -Freeway o ExpressWay,Not Reported,1,Sin jurisdiccion especial,77,29.405425,-98.56641389,Poste de Señal de trafico,El primer evento no fue una colision con un vehiculo automotor en transporte,Not an Intersection,No fue interseccion,Sobre el lado de la calle,Ninguna,Dia total,Despejado,No,NO APLICA,99,99,99,99,1,14/08/2022,2
48,Texas,482603,1,1,2,0,309,MCLENNAN (309),4095,LORENA,8,Agosto,22,2022,3,44,I-35/PURPLE HEART TRL,1,Interestatal,Urbano,Interestatal,State Highway Agency,1,Sin jurisdiccion especial,42,31.40648611,-97.20274444,Vehiculo en movimiento,Angulo,Not an Intersection,No fue interseccion,Sobre calle,Ninguna,Oscuro sin iluminacion,Despejado,No,NO APLICA,99,99,99,99,2,22/08/2022,3
48,Texas,482604,0,0,2,0,233,HUTCHINSON (233),0,NO APLICA,9,Septiembre,1,2022,12,30,SR-136,3,Highway estatal,Rural,Arteria Menor,Not Reported,0,Sin jurisdiccion especial,218,35.78314167,-101.4274639,Vehiculo en movimiento,Angulo,Not an Intersection,No fue interseccion,Sobre calle,Ninguna,Dia total,Despejado,No,NO APLICA,99,99,99,99,1,01/09/2022,2
48,Texas,482605,1,1,2,0,113,DALLAS (113),1730,DALLAS,8,Agosto,29,2022,22,58,I-635 SVRD/LBJ FWY,7,Calle Local,Urbano,Colector Mayor,Not Reported,0,Sin jurisdiccion especial,91,32.92633611,-96.80913056,Peaton,El primer evento no fue una colision con un vehiculo automotor en transporte,Not an Intersection,No fue interseccion,Sobre calle,Ninguna,Oscuro con iluminacion,lluvia,No,NO APLICA,99,99,99,99,1,29/08/2022,2
48,Texas,482606,0,0,1,0,487,WILBARGER (487),0,NO APLICA,9,Septiembre,3,2022,17,21,US-70,2,US Highway,Rural,Arteria Principal,Not Reported,1,Sin jurisdiccion especial,217,34.13025833,-99.15968889,Barrera de Cable,El primer evento no fue una colision con un vehiculo automotor en transporte,Not an Intersection,No fue interseccion,En el medio,Ninguna,Dia total,Despejado,No,NO APLICA,99,98,99,98,1,03/09/2022,1
48,Texas,482607,0,0,1,0,59,CALLAHAN (59),0,NO APLICA,9,Septiembre,4,2022,12,49,I-20,1,Interestatal,Rural,Interestatal,State Highway Agency,1,Sin jurisdiccion especial,15,32.43218333,-99.60561111,Fin de valla,El primer evento no fue una colision con un vehiculo automotor en transporte,Not an Intersection,No fue interseccion,Sobre el lado de la calle,Ninguna,Dia total,Despejado,No,NO APLICA,99,98,99,98,1,04/09/2022,4
48,Texas,482608,0,0,2,0,41,BRAZOS (41),0,NO APLICA,9,Septiembre,3,2022,6,8,SR-OSR,3,Highway estatal,Rural,Colector Mayor,Not Reported,0,Sin jurisdiccion especial,88,30.86518889,-96.38649444,Vehiculo en movimiento,Frente a frente,Not an Intersection,No fue interseccion,Sobre calle,Ninguna,Oscuro sin iluminacion,Nublado,No,NO APLICA,99,99,99,99,1,03/09/2022,2
48,Texas,482609,0,0,1,0,499,WOOD (499),0,NO APLICA,9,Septiembre,10,2022,20,45,FM 2659,8,Otro,Urbano,Colector Menor,Not Reported,0,Sin jurisdiccion especial,30,32.62832778,-95.16701111,Otro objeto (no fijo),El primer evento no fue una colision con un vehiculo automotor en transporte,Not an Intersection,No fue interseccion,Sobre calle,Ninguna,Oscuro sin iluminacion,Despejado,No,NO APLICA,99,99,99,99,1,10/09/2022,3
48,Texas,482610,0,0,2,0,167,GALVESTON (167),2570,GALVESTON,9,Septiembre,2,2022,18,9,AVENUE O,6,Calle Local Municipalidad,Urbano,Colector Mayor,Not Reported,0,Sin jurisdiccion especial,0,29.28851667,-94.81051667,Vehiculo en movimiento,Angulo,Four-Way Intersection,Interseccion de 4 direcciones,Sobre calle,Ninguna,Dia total,Despejado,No,NO APLICA,99,99,99,99,2,02/09/2022,7
48,Texas,482611,0,0,1,0,179,GRAY (179),0,NO APLICA,8,Agosto,24,2022,16,20,US-60,2,US Highway,Rural,Arteria Principal,Not Reported,1,Sin jurisdiccion especial,78,35.54045556,-100.8595028,Otro objeto (no fijo),El primer evento no fue una colision con un vehiculo automotor en transporte,Not an Intersection,No fue interseccion,Fuera de la calle,Construccion,Dia total,Despejado,No,NO APLICA,99,99,99,99,1,24/08/2022,2
48,Texas,482612,0,0,1,0,27,BELL (27),0,NO APLICA,9,Septiembre,9,2022,20,38,SR-53,3,Highway estatal,Rural,Colector Mayor,Not Reported,0,Sin jurisdiccion especial,140,31.076975,-97.28033333,Arbol,El primer evento no fue una colision con un vehiculo automotor en transporte,Not an Intersection,No fue interseccion,Fuera de la calle,Ninguna,Oscuro sin iluminacion,Despejado,No,NO APLICA,99,98,99,98,1,09/09/2022,1
48,Texas,482613,0,0,2,0,453,TRAVIS (453),330,AUSTIN,9,Septiembre,11,2022,16,49,FM 3177/DECKER LN,8,Otro,Urbano,Colector Mayor,Not Reported,0,Sin jurisdiccion especial,46,30.29130278,-97.62798333,Vehiculo en movimiento,Angulo,Four-Way Intersection,Interseccion de 4 direcciones,Sobre calle,Ninguna,Dia total,Despejado,No,NO APLICA,99,99,99,99,1,11/09/2022,5
48,Texas,482614,1,1,2,0,183,GREGG (183),0,NO APLICA,9,Septiembre,3,2022,22,30,I-20,1,Interestatal,Rural,Interestatal,State Highway Agency,1,Sin jurisdiccion especial,17,32.43522778,-94.95719167,Vehiculo en movimiento,Golpe Lateral - misma direccion,Not an Intersection,No fue interseccion,Sobre calle,Ninguna,Oscuro sin iluminacion,Nublado,No,NO APLICA,99,99,99,99,1,03/09/2022,2
48,Texas,482615,0,0,2,0,201,HARRIS (201),0,NO APLICA,8,Agosto,29,2022,5,32,SR-99/GRAND PKWY,3,Highway estatal,Urbano,Arterial Principal -Freeway o ExpressWay,Not Reported,1,Sin jurisdiccion especial,67,30.05055833,-95.69058889,Vehiculo en movimiento,Frente a Detrás,Not an Intersection,No fue interseccion,Sobre calle,Ninguna,Oscuro sin iluminacion,Nublado,No,NO APLICA,99,99,99,99,1,29/08/2022,2
48,Texas,482616,2,2,2,0,113,DALLAS (113),1730,DALLAS,9,Septiembre,6,2022,2,52,I-20/LBJ FWY,1,Interestatal,Urbano,Interestatal,State Highway Agency,1,Sin jurisdiccion especial,243,32.68365833,-96.65301111,Vehiculo en movimiento,Frente a Detrás,Not an Intersection,No fue interseccion,Sobre calle,Ninguna,Oscuro sin iluminacion,Despejado,No,NO APLICA,99,98,99,98,2,06/09/2022,1
48,Texas,482617,0,0,1,0,297,LIVE OAK (297),0,NO APLICA,8,Agosto,16,2022,12,47,I-37,1,Interestatal,Rural,Interestatal,State Highway Agency,1,Sin jurisdiccion especial,198,28.36868056,-98.04777778,Volcadura,El primer evento no fue una colision con un vehiculo automotor en transporte,Not an Intersection,No fue interseccion,En el medio,Ninguna,Dia total,Despejado,No,NO APLICA,99,99,99,99,3,16/08/2022,8
48,Texas,482618,0,0,2,0,141,EL PASO (141),2190,EL PASO,9,Septiembre,11,2022,1,24,I-10 W,1,Interestatal,Urbano,Interestatal,State Highway Agency,1,Sin jurisdiccion especial,251,31.78178333,-106.4131,Vehiculo en movimiento,Frente a Detrás,Not an Intersection,No fue interseccion,Sobre calle,Ninguna,Oscuro con iluminacion,Despejado,No,NO APLICA,99,98,99,98,1,11/09/2022,5
48,Texas,482619,0,0,1,0,201,HARRIS (201),3280,HOUSTON,9,Septiembre,5,2022,1,11,I-10/KATY FWY,1,Interestatal,Urbano,Interestatal,State Highway Agency,1,Sin jurisdiccion especial,244,29.77750278,-95.41166389,Barrera de Trafico de Concreto,El primer evento no fue una colision con un vehiculo automotor en transporte,Not an Intersection,No fue interseccion,En el medio,Ninguna,Oscuro con iluminacion,Despejado,No,NO APLICA,99,99,99,99,1,05/09/2022,1
48,Texas,482620,0,0,2,0,91,COMAL (91),0,NO APLICA,8,Agosto,28,2022,17,3,RM 32,8,Otro,Rural,Arteria Menor,Not Reported,0,Sin jurisdiccion especial,74,29.96963889,-98.23646944,Vehiculo en movimiento,Frente a Detrás,Not an Intersection,No fue interseccion,Sobre calle,Ninguna,Dia total,Despejado,No,NO APLICA,99,99,99,99,1,28/08/2022,2
48,Texas,482621,0,0,1,0,317,MARTIN (317),0,NO APLICA,8,Agosto,28,2022,11,7,SR-349,3,Highway estatal,Rural,Arteria Principal,Not Reported,1,Sin jurisdiccion especial,142,32.125675,-102.1058639,Culvert,El primer evento no fue una colision con un vehiculo automotor en transporte,Not an Intersection,No fue interseccion,Sobre el lado de la calle,Ninguna,Dia total,Despejado,No,NO APLICA,99,98,99,98,1,28/08/2022,1
48,Texas,482622,0,0,2,0,423,SMITH (423),0,NO APLICA,8,Agosto,30,2022,11,59,TL 49,6,Calle Local Municipalidad,Urbano,Arteria Principal,Not Reported,0,Sin jurisdiccion especial,0,32.50866667,-95.44101389,Vehiculo en movimiento,Frente a frente,Not an Intersection,No fue interseccion,Sobre calle,Ninguna,Dia total,lluvia,No,NO APLICA,99,99,99,99,1,30/08/2022,3
48,Texas,482623,0,0,1,0,351,NEWTON (351),0,NO APLICA,9,Septiembre,10,2022,18,30,FM 2829,8,Otro,Rural,Colector Menor,Not Reported,0,Sin jurisdiccion especial,18,30.54441389,-93.77134167,Arbol,El primer evento no fue una colision con un vehiculo automotor en transporte,Not an Intersection,No fue interseccion,Sobre el lado de la calle,Ninguna,Dia total,Nublado,No,NO APLICA,99,98,99,98,1,10/09/2022,1
48,Texas,482624,1,1,1,0,265,KERR (265),0,NO APLICA,8,Agosto,26,2022,15,50,SR-27/MAIN HWY,3,Highway estatal,Rural,Arteria Principal,Not Reported,0,Sin jurisdiccion especial,118,29.94257778,-99.0087,Ciclista,El primer evento no fue una colision con un vehiculo automotor en transporte,Not an Intersection,No fue interseccion,Sobre calle,Construccion,Dia total,Despejado,No,NO APLICA,99,99,99,99,1,26/08/2022,1
48,Texas,482625,0,4,2,1,107,CROSBY (107),0,NO APLICA,9,Septiembre,5,2022,14,31,US-62,2,US Highway,Rural,Arteria Principal,Not Reported,1,Sin jurisdiccion especial,33,33.667025,-101.5215111,Vehiculo Aparcado,El primer evento no fue una colision con un vehiculo automotor en transporte,Not an Intersection,No fue interseccion,Sobre Acotamiento,Ninguna,Dia total,Despejado,No,NO APLICA,99,99,99,99,1,05/09/2022,1
48,Texas,482626,0,0,1,0,143,ERATH (143),0,NO APLICA,9,Septiembre,11,2022,16,35,US-281,2,US Highway,Rural,Arteria Principal,Not Reported,1,Sin jurisdiccion especial,387,32.00983333,-98.06071944,Arbol,El primer evento no fue una colision con un vehiculo automotor en transporte,Not an Intersection,No fue interseccion,Fuera de la calle,Ninguna,Dia total,Despejado,No,NO APLICA,99,99,99,99,1,11/09/2022,1
48,Texas,482627,0,0,2,0,201,HARRIS (201),0,NO APLICA,8,Agosto,19,2022,1,15,HARDY RD,6,Calle Local Municipalidad,Urbano,Arteria Menor,Not Reported,0,Sin jurisdiccion especial,0,29.88385556,-95.36785556,Vehiculo en movimiento,Frente a Detrás,Not an Intersection,No fue interseccion,Sobre calle,Ninguna,Oscuro con iluminacion,Despejado,No,NO APLICA,99,99,99,99,1,19/08/2022,2
48,Texas,482628,0,0,2,0,141,EL PASO (141),2190,EL PASO,9,Septiembre,12,2022,6,16,US-54/GATEWAY NORTH,2,US Highway,Urbano,Arteria Principal,Not Reported,1,Sin jurisdiccion especial,230,31.98684722,-106.3451833,Vehiculo en movimiento,Angulo,Four-Way Intersection,Interseccion de 4 direcciones,Sobre calle,Ninguna,Oscuro sin iluminacion,Despejado,No,NO APLICA,99,99,99,99,1,12/09/2022,3
48,Texas,482629,0,0,1,0,147,FANNIN (147),0,NO APLICA,9,Septiembre,11,2022,1,46,FM 2077,8,Otro,Rural,Colector Menor,Not Reported,0,Sin jurisdiccion especial,35,33.530225,-96.07713333,Volcadura,El primer evento no fue una colision con un vehiculo automotor en transporte,Not an Intersection,No fue interseccion,Sobre calle,Ninguna,Oscuro sin iluminacion,Despejado,No,NO APLICA,99,98,99,98,1,11/09/2022,1
48,Texas,482630,0,0,1,0,453,TRAVIS (453),0,NO APLICA,9,Septiembre,3,2022,16,18,SPICEWOOD SPRINGS DR,6,Calle Local Municipalidad,Urbano,Colector Mayor,Not Reported,0,Sin jurisdiccion especial,0,30.39149444,-97.77857778,Volcadura,El primer evento no fue una colision con un vehiculo automotor en transporte,Not an Intersection,No fue interseccion,Sobre el lado de la calle,Ninguna,Dia total,Nublado,No,NO APLICA,99,98,99,98,1,03/09/2022,1
48,Texas,482631,0,0,3,0,453,TRAVIS (453),330,AUSTIN,9,Septiembre,6,2022,8,15,I-35/PURPLE HEART TRL,1,Interestatal,Urbano,Interestatal,State Highway Agency,1,Sin jurisdiccion especial,176,30.26523611,-97.73495,Vehiculo en movimiento,Frente a Detrás,Not an Intersection,No fue interseccion,Sobre calle,Ninguna,Dia total,Despejado,No,NO APLICA,99,99,99,99,2,06/09/2022,4
48,Texas,482632,5,5,1,0,323,MAVERICK (323),0,NO APLICA,9,Septiembre,3,2022,22,45,US-277,2,US Highway,Rural,Arteria Principal,Not Reported,1,Sin jurisdiccion especial,199,28.83183889,-100.5233167,Poste de Señal de trafico,El primer evento no fue una colision con un vehiculo automotor en transporte,Not an Intersection,No fue interseccion,Sobre el lado de la calle,Construccion,Oscuro sin iluminacion,lluvia,No,NO APLICA,99,99,99,99,1,03/09/2022,1