Estado,Nombre de Estado,Numero de Caso,Peatones,Personas _no_vehiculos,Vehiculos automotores,Vehiculos estacionados,Condado,Nombre Condado,Ciudad,Nombre Ciudad,Mes,Nombre Mes,Dia,Año,Hora,Minuto,Calle,Ruta,Nombre Ruta,Rural o Urbanoo,Sistema Funcional,Dueño Calle,Sistema Nacional Carreteras,Jurisdiccion Especial,Milla,Latitud,Longitud,Causa del Accidente,Tipo de Accidente,Tipo Interseccion,Columna1,Lugar en la calle,Zona de Trabajo,Luz,Clima,Autobus Escolar,Cruce de Trenes,Hora Notificacion,Minuto Notificacion,Hora Llegada,Minuto Llegada,Decesos,Fecha,PersonaVehiculo
48,Texas,482633,1,1,1,0,141,EL PASO (141),2190,EL PASO,7,Julio,22,2022,11,37,PIEDRAS,6,Calle Local Municipalidad,Urbano,Arteria Menor,Not Reported,0,Sin jurisdiccion especial,0,31.80602778,-106.4613361,Peaton,El primer evento no fue una colision con un vehiculo automotor en transporte,Four-Way Intersection,Interseccion de 4 direcciones,Sobre calle,Ninguna,Dia total,Despejado,No,NO APLICA,99,99,99,99,1,22/07/2022,1
48,Texas,482634,1,1,1,0,453,TRAVIS (453),330,AUSTIN,8,Agosto,17,2022,8,35,WAY LN,6,Calle Local Municipalidad,Urbano,Local,Not Reported,0,Sin jurisdiccion especial,0,30.18845833,-97.89689722,Peaton,El primer evento no fue una colision con un vehiculo automotor en transporte,T-Intersection,Interseccion de T,Sobre calle,Ninguna,Dia total,Despejado,No,NO APLICA,99,99,99,99,1,17/08/2022,1
48,Texas,482635,0,0,2,0,135,ECTOR (135),5030,ODESSA,8,Agosto,23,2022,22,51,US-385/GRANT AVE,2,US Highway,Urbano,Arteria Principal,Not Reported,1,Sin jurisdiccion especial,11,31.83213056,-102.3579556,Vehiculo en movimiento,Angulo,T-Intersection,Interseccion de T,Sobre calle,Ninguna,Oscuro con iluminacion,Despejado,No,NO APLICA,99,99,99,99,1,23/08/2022,2
48,Texas,482636,1,1,2,0,113,DALLAS (113),1730,DALLAS,9,Septiembre,11,2022,20,50,I-30,1,Interestatal,Urbano,Interestatal,State Highway Agency,1,Sin jurisdiccion especial,110,32.79774167,-96.68362778,Peaton,El primer evento no fue una colision con un vehiculo automotor en transporte,Not an Intersection,No fue interseccion,Sobre calle,Ninguna,Oscuro con iluminacion,Despejado,No,NO APLICA,99,98,99,98,1,11/09/2022,3
48,Texas,482637,0,0,1,0,157,FORT BEND (157),0,NO APLICA,8,Agosto,27,2022,23,50,FM 762,8,Otro,Rural,Colector Mayor,Not Reported,0,Sin jurisdiccion especial,120,29.46407222,-95.69391111,Poste,El primer evento no fue una colision con un vehiculo automotor en transporte,Not an Intersection,No fue interseccion,Sobre el lado de la calle,Ninguna,Oscuro sin iluminacion,Despejado,No,NO APLICA,99,98,99,98,1,27/08/2022,1
48,Texas,482638,0,0,2,0,283,LA SALLE (283),0,NO APLICA,9,Septiembre,1,2022,8,14,I-35,1,Interestatal,Rural,Interestatal,State Highway Agency,1,Sin jurisdiccion especial,279,28.13699167,-99.32542778,Final Destination ( Vehiculo es golpeado por carga o otro objeto puesto en movimiento por otro vehiculo en movimiento),Otro,Not an Intersection,No fue interseccion,Sobre calle,Ninguna,Dia total,Despejado,No,NO APLICA,99,98,99,98,1,01/09/2022,2
48,Texas,482639,1,1,1,0,495,WINKLER (495),3660,KERMIT,8,Agosto,30,2022,8,2,CAMPBELL ST,6,Calle Local Municipalidad,Urbano,Colector Mayor,Not Reported,0,Sin jurisdiccion especial,0,31.85264444,-103.0959667,Peaton,El primer evento no fue una colision con un vehiculo automotor en transporte,Not an Intersection,No fue interseccion,Sobre calle,Ninguna,Dia total,Despejado,No,NO APLICA,99,99,99,99,1,30/08/2022,1
48,Texas,482640,0,0,2,0,389,REEVES (389),0,NO APLICA,8,Agosto,30,2022,5,30,SR-302,3,Highway estatal,Rural,Colector Mayor,Not Reported,0,Sin jurisdiccion especial,27,31.66116111,-103.6317667,Vehiculo en movimiento,Golpe Lateral - direccion contraria,Not an Intersection,No fue interseccion,Sobre calle,Ninguna,Oscuro sin iluminacion,Despejado,No,NO APLICA,99,99,99,99,1,30/08/2022,2
48,Texas,482641,0,0,2,0,209,HAYS (209),6170,SAN MARCOS,8,Agosto,11,2022,16,47,FM 2439/HUNTER RD,8,Otro,Urbano,Colector Mayor,Not Reported,0,Sin jurisdiccion especial,17,29.84663333,-97.98013333,Vehiculo en movimiento,Angulo,Four-Way Intersection,Interseccion de 4 direcciones,Sobre calle,Ninguna,Dia total,Nublado,No,NO APLICA,99,99,99,99,1,11/08/2022,2
48,Texas,482642,0,0,1,0,353,NOLAN (353),0,NO APLICA,9,Septiembre,5,2022,12,5,US-84,2,US Highway,Rural,Arteria Principal,Not Reported,1,Sin jurisdiccion especial,90,32.45585833,-100.5338667,Alguien se cayo/avento del vehiculo,El primer evento no fue una colision con un vehiculo automotor en transporte,Not an Intersection,No fue interseccion,En el medio,Ninguna,Dia total,Despejado,No,NO APLICA,99,99,99,99,1,05/09/2022,1
48,Texas,482643,0,0,2,0,123,DE WITT (123),0,NO APLICA,8,Agosto,25,2022,1,10,US-87,2,US Highway,Rural,Arteria Principal,Not Reported,1,Sin jurisdiccion especial,27,29.18278056,-97.45771944,Vehiculo en movimiento,Angulo,Not an Intersection,No fue interseccion,Sobre calle,Ninguna,Oscuro sin iluminacion,Nublado,No,NO APLICA,99,99,99,99,1,25/08/2022,2
48,Texas,482644,0,0,2,0,1,ANDERSON (1),0,NO APLICA,9,Septiembre,6,2022,4,35,US-79,2,US Highway,Rural,Arteria Principal,Not Reported,1,Sin jurisdiccion especial,5,31.86025833,-95.497175,Vehiculo en movimiento,Frente a frente,Not an Intersection,No fue interseccion,Sobre calle,Ninguna,Oscuro sin iluminacion,Nublado,No,NO APLICA,99,98,99,98,1,06/09/2022,2
48,Texas,482645,0,0,1,0,229,HUDSPETH (229),0,NO APLICA,9,Septiembre,2,2022,21,30,I-10,1,Interestatal,Urbano,Interestatal,State Highway Agency,1,Sin jurisdiccion especial,64,31.34649722,-105.8947444,Acotamiento,El primer evento no fue una colision con un vehiculo automotor en transporte,Not an Intersection,No fue interseccion,Separador,Ninguna,Oscuro con iluminacion,Nublado,No,NO APLICA,99,99,99,99,1,02/09/2022,1
48,Texas,482646,0,0,2,0,113,DALLAS (113),2590,GARLAND,9,Septiembre,9,2022,16,49,CASTLE DR,6,Calle Local Municipalidad,Urbano,Colector Mayor,Not Reported,0,Sin jurisdiccion especial,0,32.93745,-96.57416111,Vehiculo en movimiento,Frente a frente,Not an Intersection,No fue interseccion,Sobre calle,Ninguna,Dia total,Despejado,No,NO APLICA,99,99,99,99,1,09/09/2022,4
48,Texas,482647,0,0,2,0,177,GONZALES (177),0,NO APLICA,8,Agosto,26,2022,10,39,US-183,2,US Highway,Rural,Arteria Principal,Not Reported,1,Sin jurisdiccion especial,251,29.36338333,-97.34708333,Vehiculo en movimiento,Angulo,T-Intersection,Interseccion de T,Sobre calle,Ninguna,Dia total,Despejado,No,NO APLICA,99,99,99,99,1,26/08/2022,3
48,Texas,482648,0,0,1,0,451,TOM GREEN (451),6080,SAN ANGELO,9,Septiembre,14,2022,12,0,SR-306 LP,3,Highway estatal,Urbano,Arterial Principal -Freeway o ExpressWay,Not Reported,1,Sin jurisdiccion especial,83,31.41075833,-100.4567361,Soporte de Puente,El primer evento no fue una colision con un vehiculo automotor en transporte,Not an Intersection,No fue interseccion,Separador,Ninguna,Dia total,Despejado,No,NO APLICA,99,99,99,99,1,14/09/2022,1
48,Texas,482649,0,0,2,0,177,GONZALES (177),0,NO APLICA,9,Septiembre,5,2022,16,25,I-10,1,Interestatal,Rural,Interestatal,State Highway Agency,1,Sin jurisdiccion especial,22,29.66586944,-97.34503333,Vehiculo en movimiento,Golpe Lateral - misma direccion,Not an Intersection,No fue interseccion,Sobre calle,Ninguna,Dia total,Despejado,No,NO APLICA,99,99,99,99,1,05/09/2022,5
48,Texas,482650,0,0,1,0,477,WASHINGTON (477),0,NO APLICA,9,Septiembre,7,2022,22,48,SR-105,3,Highway estatal,Rural,Arteria Principal,Not Reported,1,Sin jurisdiccion especial,16,30.23883056,-96.282025,Culvert,El primer evento no fue una colision con un vehiculo automotor en transporte,Not an Intersection,No fue interseccion,Sobre el lado de la calle,Ninguna,Oscuro sin iluminacion,Despejado,No,NO APLICA,99,98,99,98,1,07/09/2022,1
48,Texas,482651,0,0,1,0,373,POLK (373),0,NO APLICA,9,Septiembre,2,2022,16,34,FM 942,8,Otro,Rural,Colector Menor,Not Reported,0,Sin jurisdiccion especial,16,30.90775,-94.71276389,Volcadura,El primer evento no fue una colision con un vehiculo automotor en transporte,Not an Intersection,No fue interseccion,Fuera de la calle,Ninguna,Dia total,lluvia,No,NO APLICA,99,98,99,98,1,02/09/2022,1
48,Texas,482652,0,0,1,0,291,LIBERTY (291),0,NO APLICA,9,Septiembre,3,2022,23,53,CR-5102/CR-JARAMILLO RD,4,Calle del Condado,Rural,Local,Not Reported,0,Sin jurisdiccion especial,0,30.15964722,-95.07435556,Culvert,El primer evento no fue una colision con un vehiculo automotor en transporte,Not an Intersection,No fue interseccion,Sobre el lado de la calle,Ninguna,Oscuro con iluminacion,Nublado,No,NO APLICA,99,99,99,99,1,03/09/2022,2
48,Texas,482653,0,0,2,0,227,HOWARD (227),0,NO APLICA,9,Septiembre,12,2022,22,0,I-20,1,Interestatal,Urbano,Interestatal,State Highway Agency,1,Sin jurisdiccion especial,279,32.26523889,-101.4281333,Vehiculo en movimiento,Frente a frente,Not an Intersection,No fue interseccion,Sobre calle,Ninguna,Oscuro con iluminacion,Despejado,No,NO APLICA,99,98,99,98,1,12/09/2022,2
48,Texas,482654,1,1,1,0,439,TARRANT (439),1740,DALWORTHINGTON GDNS,9,Septiembre,9,2022,0,34,ARKANSAS LN,6,Calle Local Municipalidad,Urbano,Arteria Menor,Not Reported,0,Sin jurisdiccion especial,0,32.70686667,-97.15638611,Peaton,El primer evento no fue una colision con un vehiculo automotor en transporte,Not an Intersection,No fue interseccion,Sobre calle,Ninguna,Oscuro sin iluminacion,Despejado,No,NO APLICA,99,98,99,98,1,09/09/2022,1
48,Texas,482655,0,0,2,0,29,BEXAR (29),6090,SAN ANTONIO,9,Septiembre,9,2022,2,21,I-35,7,Calle Local,Urbano,Colector Mayor,Not Reported,0,Sin jurisdiccion especial,348,29.54026111,-98.37918056,Vehiculo en movimiento,Angulo,Four-Way Intersection,Interseccion de 4 direcciones,Sobre calle,Ninguna,Oscuro sin iluminacion,Despejado,No,NO APLICA,99,99,99,99,1,09/09/2022,2
48,Texas,482656,1,1,1,0,29,BEXAR (29),6090,SAN ANTONIO,9,Septiembre,14,2022,2,32,I-410,1,Interestatal,Urbano,Interestatal,State Highway Agency,1,Sin jurisdiccion especial,117,29.46815278,-98.6173,Peaton,El primer evento no fue una colision con un vehiculo automotor en transporte,Not an Intersection,No fue interseccion,Sobre calle,Ninguna,Oscuro con iluminacion,Despejado,No,NO APLICA,99,98,99,98,1,14/09/2022,1
48,Texas,482657,0,0,2,0,29,BEXAR (29),6090,SAN ANTONIO,9,Septiembre,8,2022,23,6,PA 1502 SVRD/WURZBACH PKWY,7,Calle Local,Urbano,Arteria Principal,Not Reported,1,Sin jurisdiccion especial,330,29.53613056,-98.39425278,Vehiculo en movimiento,Angulo,Four-Way Intersection,Interseccion de 4 direcciones,Sobre calle,Ninguna,Oscuro con iluminacion,Despejado,No,NO APLICA,99,99,99,99,1,08/09/2022,3
48,Texas,482658,1,1,1,0,439,TARRANT (439),260,ARLINGTON,9,Septiembre,11,2022,23,17,SR-360/ANGUS G WYNNE JR FWY,3,Highway estatal,Urbano,Arterial Principal -Freeway o ExpressWay,Not Reported,1,Sin jurisdiccion especial,152,32.70551667,-97.06296667,Peaton,El primer evento no fue una colision con un vehiculo automotor en transporte,Not an Intersection,No fue interseccion,Sobre calle,Ninguna,Oscuro con iluminacion,Despejado,No,NO APLICA,99,99,99,99,1,11/09/2022,2
48,Texas,482659,0,0,2,0,339,MONTGOMERY (339),0,NO APLICA,8,Agosto,28,2022,13,50,SR-249,7,Calle Local,Urbano,Arterial Principal -Freeway o ExpressWay,Not Reported,1,Sin jurisdiccion especial,340,30.15481667,-95.66646111,Vehiculo en movimiento,Angulo,T-Intersection,Interseccion de T,Sobre calle,Ninguna,Dia total,Despejado,No,NO APLICA,99,99,99,99,1,28/08/2022,4
48,Texas,482660,0,0,2,0,493,WILSON (493),2390,FLORESVILLE,9,Septiembre,12,2022,18,0,US-181/10TH ST,2,US Highway,Urbano,Arteria Principal,Not Reported,1,Sin jurisdiccion especial,111,29.14536667,-98.15696944,Vehiculo en movimiento,Angulo,Four-Way Intersection,Interseccion de 4 direcciones,Sobre calle,Ninguna,Dia total,Despejado,No,NO APLICA,99,99,99,99,1,12/09/2022,4
48,Texas,482661,0,0,2,0,85,COLLIN (85),92,ALLEN,9,Septiembre,14,2022,11,34,US-75/CENTRAL EXPY,2,US Highway,Urbano,Arterial Principal -Freeway o ExpressWay,Not Reported,1,Sin jurisdiccion especial,70,33.09144722,-96.68096111,Vehiculo en movimiento,Golpe Lateral - misma direccion,Not an Intersection,No fue interseccion,Sobre calle,Ninguna,Dia total,Despejado,No,NO APLICA,99,98,99,98,1,14/09/2022,2
48,Texas,482662,1,1,1,0,113,DALLAS (113),3420,IRVING,9,Septiembre,7,2022,21,57,SR-12 LOOP/WALTON WALKER BLVD,3,Highway estatal,Urbano,Arterial Principal -Freeway o ExpressWay,Not Reported,1,Sin jurisdiccion especial,191,32.83048333,-96.91706667,Peaton,El primer evento no fue una colision con un vehiculo automotor en transporte,Not an Intersection,No fue interseccion,Sobre calle,Construccion,Oscuro sin iluminacion,Despejado,No,NO APLICA,99,98,99,98,1,07/09/2022,1
48,Texas,482663,0,0,2,0,141,EL PASO (141),2190,EL PASO,5,Mayo,14,2022,10,7,SR-20,3,Highway estatal,Urbano,Arteria Principal,Not Reported,1,Sin jurisdiccion especial,44,31.77333333,-106.4446583,Vehiculo en movimiento,Angulo,T-Intersection,Interseccion de T,Sobre calle,Ninguna,Dia total,Despejado,No,NO APLICA,99,99,99,99,1,14/05/2022,2
48,Texas,482664,1,1,2,0,141,EL PASO (141),2190,EL PASO,5,Mayo,10,2022,21,57,SR-375 LOOP AMERICAS AVE,7,Calle Local,Urbano,Colector Mayor,Not Reported,0,Sin jurisdiccion especial,118,31.70715556,-106.2791333,Peaton,El primer evento no fue una colision con un vehiculo automotor en transporte,Not an Intersection,No fue interseccion,Sobre calle,Ninguna,Oscuro con iluminacion,Despejado,No,NO APLICA,99,99,99,99,1,10/05/2022,2
48,Texas,482665,1,1,1,0,113,DALLAS (113),2590,GARLAND,9,Septiembre,1,2022,5,21,WALNUT ST,6,Calle Local Municipalidad,Urbano,Arteria Menor,Not Reported,0,Sin jurisdiccion especial,0,32.91665833,-96.63516667,Peaton,El primer evento no fue una colision con un vehiculo automotor en transporte,Not an Intersection,No fue interseccion,Sobre calle,Ninguna,Oscuro con iluminacion,Despejado,No,NO APLICA,99,99,99,99,1,01/09/2022,1
48,Texas,482666,2,2,1,0,201,HARRIS (201),0,NO APLICA,9,Septiembre,8,2022,15,52,KINGSLAND BLVD,6,Calle Local Municipalidad,Urbano,Arteria Menor,Not Reported,0,Sin jurisdiccion especial,0,29.77540556,-95.70186667,Peaton,El primer evento no fue una colision con un vehiculo automotor en transporte,Four-Way Intersection,Interseccion de 4 direcciones,Sobre calle,Ninguna,Dia total,Despejado,No,NO APLICA,99,99,99,99,1,08/09/2022,1
48,Texas,482667,1,1,1,0,201,HARRIS (201),0,NO APLICA,9,Septiembre,9,2022,22,32,SR-6/OLD ADDICKS-HOWELL RD,3,Highway estatal,Urbano,Arteria Principal,Not Reported,1,Sin jurisdiccion especial,163,29.70083611,-95.64402778,Peaton,El primer evento no fue una colision con un vehiculo automotor en transporte,Not an Intersection,No fue interseccion,Sobre Acotamiento,Ninguna,Oscuro sin iluminacion,Despejado,No,NO APLICA,99,99,99,99,1,09/09/2022,1
48,Texas,482668,0,0,1,0,473,WALLER (473),0,NO APLICA,9,Septiembre,3,2022,20,35,FM 1774,8,Otro,Rural,Colector Mayor,Not Reported,0,Sin jurisdiccion especial,16,30.22730556,-95.80502222,Otra barrera de trafico,El primer evento no fue una colision con un vehiculo automotor en transporte,Not an Intersection,No fue interseccion,En el medio,Ninguna,Oscuro sin iluminacion,Nublado,No,NO APLICA,99,98,99,98,1,03/09/2022,1
48,Texas,482669,0,0,2,0,37,BOWIE (37),0,NO APLICA,9,Septiembre,9,2022,14,34,US-59,2,US Highway,Urbano,Arteria Principal,Not Reported,1,Sin jurisdiccion especial,33,33.51511111,-94.04388889,Vehiculo en movimiento,Angulo,Four-Way Intersection,Interseccion de 4 direcciones,Sobre calle,Ninguna,Dia total,Despejado,No,NO APLICA,99,99,99,99,1,09/09/2022,2
48,Texas,482670,0,0,2,0,401,RUSK (401),0,NO APLICA,9,Septiembre,11,2022,2,48,US-259,2,US Highway,Rural,Arteria Principal,Not Reported,1,Sin jurisdiccion especial,99998,32.26900278,-94.86230833,Vehiculo en movimiento,Frente a frente,Not an Intersection,No fue interseccion,Sobre calle,Ninguna,Oscuro sin iluminacion,Despejado,No,NO APLICA,99,99,99,99,4,11/09/2022,7
48,Texas,482671,1,1,2,0,113,DALLAS (113),3420,IRVING,9,Septiembre,7,2022,1,30,SR-183/AIRPORT FWY,3,Highway estatal,Urbano,Arterial Principal -Freeway o ExpressWay,Not Reported,1,Sin jurisdiccion especial,70,32.83691389,-96.93201667,Peaton,El primer evento no fue una colision con un vehiculo automotor en transporte,Not an Intersection,No fue interseccion,Sobre calle,Construccion,Oscuro con iluminacion,Despejado,No,NO APLICA,99,99,99,99,1,07/09/2022,1
48,Texas,482672,1,1,1,0,41,BRAZOS (41),970,BRYAN,9,Septiembre,1,2022,5,49,SHILOH AVE,6,Calle Local Municipalidad,Urbano,Local,Not Reported,0,Sin jurisdiccion especial,0,30.65437778,-96.40703611,Ciclista,El primer evento no fue una colision con un vehiculo automotor en transporte,T-Intersection,Interseccion de T,Sobre calle,Ninguna,Oscuro sin iluminacion,Despejado,No,NO APLICA,99,99,99,99,1,01/09/2022,1
48,Texas,482673,0,0,1,0,329,MIDLAND (329),4560,MIDLAND,9,Septiembre,9,2022,23,27,TRADEWINDS BLVD,6,Calle Local Municipalidad,Urbano,Colector Mayor,Not Reported,0,Sin jurisdiccion especial,0,31.96911111,-102.1489139,Poste de Señal de trafico,El primer evento no fue una colision con un vehiculo automotor en transporte,Roundabout,Glorieta,Sobre el lado de la calle,Ninguna,Oscuro con iluminacion,Despejado,No,NO APLICA,99,98,99,98,1,09/09/2022,1
48,Texas,482674,1,1,1,0,309,MCLENNAN (309),545,BELLMEAD,9,Septiembre,6,2022,0,25,SR-340 LP,3,Highway estatal,Urbano,Arteria Principal,Not Reported,0,Sin jurisdiccion especial,71,31.60450833,-97.10833611,Peaton,El primer evento no fue una colision con un vehiculo automotor en transporte,Not an Intersection,No fue interseccion,Sobre calle,Ninguna,Oscuro con iluminacion,Despejado,No,NO APLICA,99,99,99,99,1,06/09/2022,1
48,Texas,482675,0,0,1,0,141,EL PASO (141),0,NO APLICA,9,Septiembre,14,2022,11,43,SR-20/ALAMEDA AVE,3,Highway estatal,Rural,Colector Mayor,Not Reported,0,Sin jurisdiccion especial,543,31.44486667,-106.0881167,Barda,El primer evento no fue una colision con un vehiculo automotor en transporte,Not an Intersection,No fue interseccion,Fuera de la calle,Ninguna,Dia total,Despejado,No,NO APLICA,99,98,99,98,1,14/09/2022,1
48,Texas,482676,0,0,2,0,181,GRAYSON (181),6501,SOUTHMAYD,9,Septiembre,8,2022,12,45,SR-56 RAMP,3,Highway estatal,Urbano,Arteria Principal,Not Reported,1,Sin jurisdiccion especial,146,33.62038611,-96.6987,Vehiculo en movimiento,Angulo,Four-Way Intersection,Interseccion de 4 direcciones,Sobre calle,Ninguna,Dia total,Despejado,No,NO APLICA,99,99,99,99,1,08/09/2022,4
48,Texas,482677,0,0,1,0,467,VAN ZANDT (467),0,NO APLICA,9,Septiembre,13,2022,13,52,FM 1861,8,Otro,Rural,Colector Mayor,Not Reported,0,Sin jurisdiccion especial,13,32.36319167,-95.92867222,Volcadura,El primer evento no fue una colision con un vehiculo automotor en transporte,Not an Intersection,No fue interseccion,Sobre el lado de la calle,Ninguna,Dia total,Despejado,No,NO APLICA,99,99,99,99,1,13/09/2022,1
48,Texas,482678,0,0,2,0,439,TARRANT (439),2450,FORT WORTH,9,Septiembre,16,2022,2,29,I-820,1,Interestatal,Urbano,Interestatal,State Highway Agency,1,Sin jurisdiccion especial,307,32.73753889,-97.22525,Vehiculo en movimiento,Frente a Detrás,Not an Intersection,No fue interseccion,Sobre calle,Ninguna,Oscuro con iluminacion,Despejado,No,NO APLICA,99,98,99,98,1,16/09/2022,2
48,Texas,482679,1,1,1,0,113,DALLAS (113),1730,DALLAS,9,Septiembre,11,2022,7,0,KLEBERG RD,6,Calle Local Municipalidad,Urbano,Colector Mayor,Not Reported,0,Sin jurisdiccion especial,0,32.67269722,-96.61654444,Ciclista,El primer evento no fue una colision con un vehiculo automotor en transporte,Not an Intersection,No fue interseccion,Sobre calle,Ninguna,Amanecer,Despejado,No,NO APLICA,99,99,99,99,1,11/09/2022,1
48,Texas,482680,0,0,3,0,201,HARRIS (201),3280,HOUSTON,8,Agosto,11,2022,4,30,I-45/NORTH FWY,1,Interestatal,Urbano,Interestatal,State Highway Agency,1,Sin jurisdiccion especial,383,29.95675556,-95.41828889,Vehiculo en movimiento,Angulo,Not an Intersection,No fue interseccion,Sobre calle,Ninguna,Oscuro sin iluminacion,Despejado,No,NO APLICA,99,99,99,99,1,11/08/2022,3
48,Texas,482681,0,0,1,0,401,RUSK (401),0,NO APLICA,9,Septiembre,8,2022,18,50,CR-3227,4,Calle del Condado,Rural,Local,Not Reported,0,Sin jurisdiccion especial,0,31.89575,-94.76697222,Arbol,El primer evento no fue una colision con un vehiculo automotor en transporte,Not an Intersection,No fue interseccion,Sobre el lado de la calle,Ninguna,Dia total,Despejado,No,NO APLICA,99,98,99,98,1,08/09/2022,1
48,Texas,482682,1,1,1,0,89,COLORADO (89),1470,COLUMBUS,9,Septiembre,9,2022,20,14,SR-71,3,Highway estatal,Rural,Arteria Menor,Not Reported,0,Sin jurisdiccion especial,24,29.68918611,-96.53819722,Peaton,El primer evento no fue una colision con un vehiculo automotor en transporte,Not an Intersection,No fue interseccion,Sobre calle,Ninguna,Oscuro con iluminacion,Despejado,No,NO APLICA,99,99,99,99,1,09/09/2022,2
48,Texas,482683,0,0,2,0,209,HAYS (209),0,NO APLICA,9,Septiembre,3,2022,14,0,CR-FITZHUGH RD,4,Calle del Condado,Rural,Colector Mayor,Not Reported,0,Sin jurisdiccion especial,0,30.25228611,-98.07039167,Vehiculo en movimiento,Angulo,Not an Intersection,No fue interseccion,Sobre calle,Ninguna,Dia total,Nublado,No,NO APLICA,99,99,99,99,1,03/09/2022,5
48,Texas,482684,0,0,2,0,487,WILBARGER (487),0,NO APLICA,9,Septiembre,1,2022,7,35,US-287,2,US Highway,Rural,Arteria Principal,Not Reported,1,Sin jurisdiccion especial,110,34.243825,-99.45945556,Vehiculo en movimiento,Angulo,Not an Intersection,No fue interseccion,Sobre calle,Ninguna,Dia total,Nublado,No,NO APLICA,99,99,99,99,2,01/09/2022,4
48,Texas,482685,0,0,1,0,103,CRANE (103),0,NO APLICA,9,Septiembre,2,2022,15,55,FM 1053,8,Otro,Rural,Colector Mayor,Not Reported,0,Sin jurisdiccion especial,82,31.60669167,-102.6880361,Poste de Señal de trafico,El primer evento no fue una colision con un vehiculo automotor en transporte,Not an Intersection,No fue interseccion,Sobre el lado de la calle,Ninguna,Dia total,Despejado,No,NO APLICA,99,98,99,98,1,02/09/2022,1
48,Texas,482686,0,0,3,0,5,ANGELINA (5),0,NO APLICA,9,Septiembre,9,2022,7,49,US-69,2,US Highway,Urbano,Arteria Principal,Not Reported,1,Sin jurisdiccion especial,217,31.384425,-94.77343056,Vehiculo en movimiento,Golpe Lateral - misma direccion,Not an Intersection,No fue interseccion,Sobre calle,Ninguna,Dia total,Despejado,No,NO APLICA,99,98,99,98,1,09/09/2022,4
48,Texas,482687,0,0,2,0,189,HALE (189),5380,PLAINVIEW,9,Septiembre,11,2022,1,34,I-27,1,Interestatal,Urbano,Interestatal,State Highway Agency,1,Sin jurisdiccion especial,275,34.18143611,-101.7504556,Volcadura,El primer evento no fue una colision con un vehiculo automotor en transporte,Not an Intersection,No fue interseccion,Separador,Ninguna,Oscuro con iluminacion,Nublado,No,NO APLICA,99,99,99,99,1,11/09/2022,4
48,Texas,482688,0,0,2,0,27,BELL (27),6810,TEMPLE,9,Septiembre,7,2022,15,9,SR-36/AIRPORT RD,3,Highway estatal,Urbano,Arteria Principal,Not Reported,0,Servicio de Parques Nacional,20,31.12934444,-97.39976944,Vehiculo en movimiento,Angulo,Four-Way Intersection,Interseccion de 4 direcciones,Sobre calle,Ninguna,Dia total,Despejado,No,NO APLICA,99,99,99,99,1,07/09/2022,3
48,Texas,482689,0,0,3,0,29,BEXAR (29),6090,SAN ANTONIO,9,Septiembre,15,2022,18,31,COMMERCE ST,6,Calle Local Municipalidad,Urbano,Arteria Menor,Not Reported,0,Sin jurisdiccion especial,0,29.43478333,-98.59699722,Vehiculo en movimiento,Frente a frente,Not an Intersection,No fue interseccion,Sobre calle,Ninguna,Dia total,Despejado,No,NO APLICA,99,99,99,99,2,15/09/2022,6
48,Texas,482690,0,0,2,1,309,MCLENNAN (309),7210,WACO,9,Septiembre,17,2022,2,25,3RD ST,6,Calle Local Municipalidad,Urbano,Local,Not Reported,0,Sin jurisdiccion especial,0,31.53383889,-97.10064722,Buzon de correo,El primer evento no fue una colision con un vehiculo automotor en transporte,Not an Intersection,No fue interseccion,Sobre el lado de la calle,Ninguna,Oscuro sin iluminacion,Despejado,No,NO APLICA,99,99,99,99,1,17/09/2022,2
48,Texas,482691,0,0,2,0,39,BRAZORIA (39),130,ALVIN,9,Septiembre,17,2022,11,43,SR-35/ALVIN BYP,3,Highway estatal,Urbano,Arteria Principal,Not Reported,1,Sin jurisdiccion especial,305,29.43485556,-95.22921389,Vehiculo en movimiento,Angulo,Four-Way Intersection,Interseccion de 4 direcciones,Sobre calle,Ninguna,Dia total,Despejado,No,NO APLICA,99,99,99,99,1,17/09/2022,3
48,Texas,482692,0,0,2,0,201,HARRIS (201),5230,PASADENA,9,Septiembre,15,2022,13,9,RED BLUFF RD,6,Calle Local Municipalidad,Urbano,Arteria Principal,Not Reported,0,Sin jurisdiccion especial,0,29.61680556,-95.08794722,Vehiculo en movimiento,Angulo,Four-Way Intersection,Interseccion de 4 direcciones,Sobre calle,Ninguna,Dia total,Despejado,No,NO APLICA,99,99,99,99,1,15/09/2022,2
48,Texas,482693,1,1,1,0,187,GUADALUPE (187),4870,NEW BRAUNFELS,9,Septiembre,7,2022,20,49,SR-46 S,3,Highway estatal,Urbano,Arteria Principal,Not Reported,1,Sin jurisdiccion especial,37,29.65144167,-98.04255833,Peaton,El primer evento no fue una colision con un vehiculo automotor en transporte,Not an Intersection,No fue interseccion,Sobre calle,Ninguna,Oscuro sin iluminacion,Despejado,No,NO APLICA,99,98,99,98,1,07/09/2022,1
48,Texas,482694,1,1,1,0,89,COLORADO (89),0,NO APLICA,8,Agosto,27,2022,5,18,I-10,1,Interestatal,Rural,Interestatal,State Highway Agency,1,Sin jurisdiccion especial,185,29.69186389,-96.54236111,Peaton,El primer evento no fue una colision con un vehiculo automotor en transporte,Not an Intersection,No fue interseccion,Sobre calle,Ninguna,Oscuro sin iluminacion,Despejado,No,NO APLICA,99,98,99,98,1,27/08/2022,1