Estado,Nombre de Estado,Numero de Caso,Peatones,Personas _no_vehiculos,Vehiculos automotores,Vehiculos estacionados,Condado,Nombre Condado,Ciudad,Nombre Ciudad,Mes,Nombre Mes,Dia,Año,Hora,Minuto,Calle,Ruta,Nombre Ruta,Rural o Urbanoo,Sistema Funcional,Dueño Calle,Sistema Nacional Carreteras,Jurisdiccion Especial,Milla,Latitud,Longitud,Causa del Accidente,Tipo de Accidente,Tipo Interseccion,Columna1,Lugar en la calle,Zona de Trabajo,Luz,Clima,Autobus Escolar,Cruce de Trenes,Hora Notificacion,Minuto Notificacion,Hora Llegada,Minuto Llegada,Decesos,Fecha,PersonaVehiculo
48,Texas,482695,0,0,1,0,53,BURNET (53),0,NO APLICA,9,Septiembre,14,2022,16,58,PR 4,8,Otro,Rural,Colector Mayor,Not Reported,0,otro,35,30.73624722,-98.36961667,Otro objeto (no fijo),El primer evento no fue una colision con un vehiculo automotor en transporte,Not an Intersection,No fue interseccion,Fuera de la calle,Ninguna,Dia total,Despejado,No,NO APLICA,99,98,99,98,1,14/09/2022,1
48,Texas,482696,1,1,1,0,339,MONTGOMERY (339),0,NO APLICA,8,Agosto,30,2022,21,50,FM 1485,8,Otro,Urbano,Colector Mayor,Not Reported,0,Sin jurisdiccion especial,208,30.21795833,-95.28293056,Peaton,El primer evento no fue una colision con un vehiculo automotor en transporte,Not an Intersection,No fue interseccion,Sobre Acotamiento,Ninguna,Oscuro sin iluminacion,Despejado,No,NO APLICA,99,99,99,99,1,30/08/2022,1
48,Texas,482697,1,1,1,0,113,DALLAS (113),1730,DALLAS,9,Septiembre,3,2022,2,0,SR-12,3,Highway estatal,Urbano,Arteria Principal,Not Reported,1,Sin jurisdiccion especial,107,32.71233056,-96.68855556,Ciclista,El primer evento no fue una colision con un vehiculo automotor en transporte,T-Intersection,Interseccion de T,Sobre calle,Ninguna,Oscuro con iluminacion,Nublado,No,NO APLICA,99,98,99,98,1,03/09/2022,2
48,Texas,482698,0,0,1,0,339,MONTGOMERY (339),0,NO APLICA,9,Septiembre,8,2022,22,30,FM 1097,8,Otro,Rural,Colector Mayor,Not Reported,0,Servicio de Parques Nacional,81,30.50440278,-95.38505,Culvert,El primer evento no fue una colision con un vehiculo automotor en transporte,Not an Intersection,No fue interseccion,Sobre el lado de la calle,Ninguna,Oscuro con iluminacion,Despejado,No,NO APLICA,99,98,99,98,1,08/09/2022,1
48,Texas,482699,0,0,2,0,453,TRAVIS (453),0,NO APLICA,9,Septiembre,8,2022,21,37,FM 2304,8,Otro,Urbano,Arteria Menor,Not Reported,0,Sin jurisdiccion especial,71,30.14627778,-97.83307778,Vehiculo en movimiento,Angulo,Not an Intersection,No fue interseccion,Sobre calle,Ninguna,Oscuro con iluminacion,Despejado,No,NO APLICA,99,98,99,98,1,08/09/2022,2
48,Texas,482700,0,0,3,0,337,MONTAGUE (337),6701,SUNSET,9,Septiembre,11,2022,21,40,US-81,2,US Highway,Rural,Arteria Principal,Not Reported,1,Sin jurisdiccion especial,113,33.4397,-97.76424722,Vehiculo en movimiento,Golpe Lateral - direccion contraria,Not an Intersection,No fue interseccion,Sobre calle,Ninguna,Oscuro con iluminacion,Despejado,No,NO APLICA,99,99,99,99,1,11/09/2022,5
48,Texas,482701,0,0,1,0,317,MARTIN (317),0,NO APLICA,9,Septiembre,11,2022,14,33,I-20,1,Interestatal,Rural,Interestatal,State Highway Agency,1,Sin jurisdiccion especial,91,32.14026111,-101.762075,Volcadura,El primer evento no fue una colision con un vehiculo automotor en transporte,Not an Intersection,No fue interseccion,Sobre el lado de la calle,Ninguna,Dia total,Despejado,No,NO APLICA,99,99,99,99,2,11/09/2022,3
48,Texas,482702,0,0,1,0,183,GREGG (183),0,NO APLICA,9,Septiembre,14,2022,10,43,FM 2087,8,Otro,Rural,Colector Mayor,Not Reported,0,Sin jurisdiccion especial,29,32.44164167,-94.77806111,Barda,El primer evento no fue una colision con un vehiculo automotor en transporte,Not an Intersection,No fue interseccion,Fuera de la calle,Ninguna,Dia total,Despejado,No,NO APLICA,99,98,99,98,1,14/09/2022,1
48,Texas,482703,0,0,2,0,55,CALDWELL (55),0,NO APLICA,9,Septiembre,17,2022,1,35,SR-21,3,Highway estatal,Rural,Arteria Principal,Not Reported,1,Sin jurisdiccion especial,4,30.02361667,-97.70583611,Vehiculo en movimiento,Frente a frente,Not an Intersection,No fue interseccion,Sobre calle,Ninguna,Oscuro sin iluminacion,Despejado,No,NO APLICA,99,99,99,99,1,17/09/2022,3
48,Texas,482704,0,0,2,0,453,TRAVIS (453),0,NO APLICA,9,Septiembre,16,2022,23,53,HUDSON BEND RD,6,Calle Local Municipalidad,Urbano,Colector Menor,Not Reported,0,Sin jurisdiccion especial,0,30.41784722,-97.92984167,Vehiculo en movimiento,Frente a frente,Not an Intersection,No fue interseccion,Sobre calle,Ninguna,Oscuro sin iluminacion,Despejado,No,NO APLICA,99,98,99,98,1,16/09/2022,2
48,Texas,482705,0,0,2,0,51,BURLESON (51),0,NO APLICA,9,Septiembre,17,2022,22,55,FM 60,8,Otro,Rural,Arteria Menor,Not Reported,0,Sin jurisdiccion especial,26,30.41669167,-96.54231667,Vehiculo en movimiento,Angulo,Not an Intersection,No fue interseccion,Sobre calle,Ninguna,Oscuro sin iluminacion,Despejado,No,NO APLICA,99,99,99,99,1,17/09/2022,3
48,Texas,482706,0,0,1,0,201,HARRIS (201),0,NO APLICA,8,Agosto,3,2022,13,49,I-69/EASTEX FWY,7,Calle Local,Urbano,Colector Mayor,State Highway Agency,0,Sin jurisdiccion especial,15,29.8858,-95.32171389,Banqueta,El primer evento no fue una colision con un vehiculo automotor en transporte,Not an Intersection,No fue interseccion,Sobre el lado de la calle,Ninguna,Dia total,Nublado,No,NO APLICA,99,99,99,99,1,03/08/2022,1
48,Texas,482707,0,0,1,0,201,HARRIS (201),3280,HOUSTON,8,Agosto,31,2022,14,57,TL 8 SAM HOUSTON TOLLWAY,8,Otro,Urbano,Arterial Principal -Freeway o ExpressWay,State Toll Road,1,Sin jurisdiccion especial,43,29.59709722,-95.45733611,Banqueta,El primer evento no fue una colision con un vehiculo automotor en transporte,Not an Intersection,No fue interseccion,En el medio,Ninguna,Dia total,Despejado,No,NO APLICA,99,99,99,99,1,31/08/2022,2
48,Texas,482708,1,1,1,0,441,TAYLOR (441),30,ABILENE,9,Septiembre,8,2022,7,45,7TH ST,6,Calle Local Municipalidad,Urbano,Arteria Menor,Not Reported,0,Sin jurisdiccion especial,0,32.44373611,-99.75811389,Ciclista,El primer evento no fue una colision con un vehiculo automotor en transporte,Four-Way Intersection,Interseccion de 4 direcciones,Sobre calle,Construccion,Dia total,Despejado,No,NO APLICA,99,99,99,99,1,08/09/2022,1
48,Texas,482709,0,0,1,0,91,COMAL (91),0,NO APLICA,9,Septiembre,17,2022,1,0,US-281,2,US Highway,Rural,Arteria Principal,Not Reported,1,Sin jurisdiccion especial,106,29.85950556,-98.40672778,Volcadura,El primer evento no fue una colision con un vehiculo automotor en transporte,Not an Intersection,No fue interseccion,Sobre el lado de la calle,Ninguna,Oscuro sin iluminacion,Despejado,No,NO APLICA,99,98,99,98,1,17/09/2022,1
48,Texas,482710,0,0,1,0,113,DALLAS (113),387,BALCH SPRINGS,9,Septiembre,5,2022,0,14,I-20,7,Calle Local,Urbano,Colector Mayor,State Highway Agency,0,Sin jurisdiccion especial,25,32.70510278,-96.58547222,Banqueta,El primer evento no fue una colision con un vehiculo automotor en transporte,Not an Intersection,No fue interseccion,Sobre el lado de la calle,Ninguna,Oscuro sin iluminacion,Despejado,No,NO APLICA,99,98,99,98,1,05/09/2022,1
48,Texas,482711,0,0,2,0,395,ROBERTSON (395),0,NO APLICA,9,Septiembre,7,2022,20,30,US-79,2,US Highway,Rural,Arteria Principal,Not Reported,1,Sin jurisdiccion especial,66,30.91981944,-96.59640833,Vehiculo en movimiento,Frente a frente,Not an Intersection,No fue interseccion,Sobre calle,Ninguna,Oscuro sin iluminacion,Despejado,No,NO APLICA,99,99,99,99,4,07/09/2022,4
48,Texas,482712,1,1,1,0,245,JEFFERSON (245),490,BEAUMONT,9,Septiembre,14,2022,4,2,I-10,1,Interestatal,Urbano,Interestatal,State Highway Agency,1,Sin jurisdiccion especial,34,30.09618889,-94.10776111,Peaton,El primer evento no fue una colision con un vehiculo automotor en transporte,Not an Intersection,No fue interseccion,Sobre calle,Ninguna,Oscuro con iluminacion,Despejado,No,NO APLICA,99,98,99,98,1,14/09/2022,1
48,Texas,482713,1,1,1,0,201,HARRIS (201),3280,HOUSTON,9,Septiembre,16,2022,5,15,FM 1093/WESTHEIMER RD,8,Otro,Urbano,Arteria Principal,Not Reported,0,Sin jurisdiccion especial,108,29.73731944,-95.51722222,Peaton,El primer evento no fue una colision con un vehiculo automotor en transporte,Four-Way Intersection,Interseccion de 4 direcciones,Sobre calle,Ninguna,Oscuro con iluminacion,Nublado,No,NO APLICA,99,98,99,98,1,16/09/2022,1
48,Texas,482714,0,0,2,0,157,FORT BEND (157),0,NO APLICA,9,Septiembre,7,2022,23,4,FM 521,8,Otro,Urbano,Arteria Principal,Not Reported,1,Sin jurisdiccion especial,97,29.56046944,-95.44003333,Vehiculo en movimiento,Frente a frente,Not an Intersection,No fue interseccion,Sobre calle,Ninguna,Oscuro sin iluminacion,Despejado,No,NO APLICA,99,99,99,99,1,07/09/2022,2
48,Texas,482716,0,0,2,0,303,LUBBOCK (303),0,NO APLICA,9,Septiembre,8,2022,20,40,FM 1585,8,Otro,Rural,Arteria Menor,Not Reported,0,Sin jurisdiccion especial,221,33.47654722,-101.7731861,Vehiculo en movimiento,Angulo,Not an Intersection,No fue interseccion,Sobre calle,Ninguna,Oscuro sin iluminacion,Despejado,No,NO APLICA,99,99,99,99,1,08/09/2022,3
48,Texas,482717,0,0,2,0,27,BELL (27),0,NO APLICA,9,Septiembre,14,2022,17,34,SR-53,3,Highway estatal,Rural,Colector Mayor,Not Reported,0,Sin jurisdiccion especial,138,31.07889722,-97.28430278,Vehiculo en movimiento,Frente a Detrás,Four-Way Intersection,Interseccion de 4 direcciones,Sobre calle,Ninguna,Dia total,Despejado,No,NO APLICA,99,99,99,99,1,14/09/2022,2
48,Texas,482718,0,0,1,0,389,REEVES (389),5280,PECOS,9,Septiembre,8,2022,2,30,I-20,1,Interestatal,Rural,Interestatal,State Highway Agency,1,Sin jurisdiccion especial,515,31.40749444,-103.4667111,Volcadura,El primer evento no fue una colision con un vehiculo automotor en transporte,Not an Intersection,No fue interseccion,En el medio,Ninguna,Oscuro sin iluminacion,Despejado,No,NO APLICA,99,98,99,98,1,08/09/2022,1
48,Texas,482719,0,0,2,0,389,REEVES (389),5280,PECOS,9,Septiembre,13,2022,3,9,I-20,1,Interestatal,Rural,Interestatal,State Highway Agency,1,Sin jurisdiccion especial,504,31.40803611,-103.4586167,Vehiculo en movimiento,Frente a frente,Not an Intersection,No fue interseccion,Sobre calle,Ninguna,Oscuro sin iluminacion,Despejado,No,NO APLICA,99,98,99,98,2,13/09/2022,2
48,Texas,482720,0,0,2,0,441,TAYLOR (441),30,ABILENE,9,Septiembre,15,2022,17,19,FM 18,8,Otro,Urbano,Arteria Menor,Not Reported,0,Sin jurisdiccion especial,25,32.43070278,-99.63960833,Vehiculo en movimiento,Angulo,Four-Way Intersection,Interseccion de 4 direcciones,Sobre calle,Ninguna,Dia total,Despejado,No,NO APLICA,99,99,99,99,1,15/09/2022,3
48,Texas,482721,0,0,1,0,143,ERATH (143),0,NO APLICA,9,Septiembre,9,2022,3,12,US-377,2,US Highway,Rural,Arteria Principal,Not Reported,1,Sin jurisdiccion especial,90,32.30294167,-98.11273611,Culvert,El primer evento no fue una colision con un vehiculo automotor en transporte,Not an Intersection,No fue interseccion,Sobre el lado de la calle,Ninguna,Oscuro sin iluminacion,Despejado,No,NO APLICA,99,98,99,98,1,09/09/2022,1
48,Texas,482722,1,1,1,0,201,HARRIS (201),3280,HOUSTON,8,Agosto,28,2022,3,25,BROADWAY ST,6,Calle Local Municipalidad,Urbano,Arteria Menor,Not Reported,0,Sin jurisdiccion especial,0,29.72638889,-95.27875278,Peaton,El primer evento no fue una colision con un vehiculo automotor en transporte,Not an Intersection,No fue interseccion,Sobre calle,Ninguna,Oscuro con iluminacion,Despejado,No,NO APLICA,99,99,99,99,1,28/08/2022,1
48,Texas,482723,0,0,2,0,113,DALLAS (113),5730,RICHARDSON,9,Septiembre,5,2022,21,39,COIT RD/PROMENADE CTR,6,Calle Local Municipalidad,Urbano,Arteria Principal,Not Reported,0,Sin jurisdiccion especial,0,32.95773333,-96.76882222,Vehiculo en movimiento,Angulo,Not an Intersection,No fue interseccion,Sobre calle,Ninguna,Oscuro con iluminacion,Despejado,No,NO APLICA,99,99,99,99,1,05/09/2022,2
48,Texas,482725,1,1,1,0,375,POTTER (375),150,AMARILLO,9,Septiembre,16,2022,0,12,I-40 I,7,Calle Local,Urbano,Colector Mayor,State Highway Agency,0,Sin jurisdiccion especial,207,35.19369444,-101.8009,No vehiculo o remolque,El primer evento no fue una colision con un vehiculo automotor en transporte,Not an Intersection,No fue interseccion,Sobre calle,Ninguna,Oscuro sin iluminacion,Despejado,No,NO APLICA,99,99,99,99,1,16/09/2022,1
48,Texas,482726,0,0,2,0,201,HARRIS (201),3280,HOUSTON,9,Septiembre,13,2022,11,47,I-10,1,Interestatal,Urbano,Interestatal,State Highway Agency,1,Sin jurisdiccion especial,122,29.78468056,-95.61095,Otro objeto (fijo),El primer evento no fue una colision con un vehiculo automotor en transporte,Not an Intersection,No fue interseccion,Separador,Ninguna,Dia total,Nublado,No,NO APLICA,99,98,99,98,1,13/09/2022,2
48,Texas,482727,0,0,2,0,153,FLOYD (153),0,NO APLICA,9,Septiembre,1,2022,20,50,SR-207,3,Highway estatal,Rural,Arteria Menor,Not Reported,0,Sin jurisdiccion especial,28,33.870125,-101.3688667,Vehiculo en movimiento,Angulo,T-Intersection,Interseccion de T,Sobre calle,Ninguna,Oscuro sin iluminacion,Despejado,No,NO APLICA,99,99,99,99,2,01/09/2022,3
48,Texas,482728,0,0,4,0,201,HARRIS (201),0,NO APLICA,9,Septiembre,8,2022,6,26,I-10,1,Interestatal,Urbano,Interestatal,State Highway Agency,1,Sin jurisdiccion especial,188,29.79347778,-95.06355278,Vehiculo en movimiento,Golpe Lateral - misma direccion,Not an Intersection,No fue interseccion,Sobre calle,Ninguna,Dia total,Despejado,No,NO APLICA,99,98,99,98,1,08/09/2022,4
48,Texas,482729,0,0,2,0,201,HARRIS (201),0,NO APLICA,9,Septiembre,8,2022,21,28,TL 15/HARDY TOLL RD,6,Calle Local Municipalidad,Urbano,Arterial Principal -Freeway o ExpressWay,State Toll Road,1,Sin jurisdiccion especial,0,30.08665833,-95.41263056,Vehiculo en movimiento,Angulo,Not an Intersection,No fue interseccion,Sobre calle,Ninguna,Oscuro con iluminacion,Despejado,No,NO APLICA,99,99,99,99,1,08/09/2022,2
48,Texas,482730,0,0,1,0,201,HARRIS (201),3280,HOUSTON,5,Mayo,23,2022,10,41,US-59,2,US Highway,Urbano,Colector Mayor,Not Reported,0,Sin jurisdiccion especial,5,29.65376944,-95.565275,Volcadura,El primer evento no fue una colision con un vehiculo automotor en transporte,Four-Way Intersection,Interseccion de 4 direcciones,Sobre calle,Ninguna,Dia total,Despejado,No,NO APLICA,99,99,99,99,1,23/05/2022,1
48,Texas,482731,0,0,2,0,209,HAYS (209),6170,SAN MARCOS,9,Septiembre,11,2022,2,58,I-35 RAMP/PURPLE HEART TRL,1,Interestatal,Urbano,Interestatal,State Highway Agency,1,Sin jurisdiccion especial,117,29.92636111,-97.89121944,Vehiculo en movimiento,Frente a Detrás,Not an Intersection,No fue interseccion,Sobre calle,Ninguna,Oscuro sin iluminacion,Despejado,No,NO APLICA,99,98,99,98,1,11/09/2022,1
48,Texas,482732,0,0,2,0,215,HIDALGO (215),4197,MCALLEN,9,Septiembre,15,2022,7,15,FM 1925,8,Otro,Urbano,Arteria Principal,Not Reported,0,Sin jurisdiccion especial,0,26.34983333,-98.24371944,Vehiculo en movimiento,Angulo,T-Intersection,Interseccion de T,Sobre calle,Ninguna,Amanecer,Nublado,No,NO APLICA,99,99,99,99,1,15/09/2022,3
48,Texas,482733,0,0,2,0,265,KERR (265),3670,KERRVILLE,9,Septiembre,15,2022,7,35,SR-16/MEDINA HWY,3,Highway estatal,Rural,Arteria Menor,Not Reported,0,Sin jurisdiccion especial,49,29.99285,-99.14741389,Vehiculo en movimiento,Frente a frente,Not an Intersection,No fue interseccion,Sobre calle,Ninguna,Dia total,Despejado,No,NO APLICA,99,99,99,99,1,15/09/2022,4
48,Texas,482734,0,0,2,0,121,DENTON (121),3960,LEWISVILLE,9,Septiembre,17,2022,23,28,FM 3040/ROUND GROVE RD,8,Otro,Urbano,Arteria Menor,Not Reported,0,Sin jurisdiccion especial,114,33.00489444,-97.00644444,Vehiculo en movimiento,Frente a frente,Four-Way Intersection,Interseccion de 4 direcciones,Sobre calle,Ninguna,Oscuro con iluminacion,Despejado,No,NO APLICA,99,99,99,99,1,17/09/2022,2
48,Texas,482735,0,0,1,0,215,HIDALGO (215),4197,MCALLEN,9,Septiembre,18,2022,5,59,SR-107,3,Highway estatal,Urbano,Arteria Principal,Not Reported,1,Sin jurisdiccion especial,111,26.31480278,-98.2538,Arbol,El primer evento no fue una colision con un vehiculo automotor en transporte,Not an Intersection,No fue interseccion,Sobre el lado de la calle,Ninguna,Oscuro sin iluminacion,Despejado,No,NO APLICA,99,99,99,99,1,18/09/2022,2
48,Texas,482736,0,0,1,0,201,HARRIS (201),3280,HOUSTON,8,Agosto,16,2022,0,43,MONTGOMERY RD,6,Calle Local Municipalidad,Rural,Local,Not Reported,0,Sin jurisdiccion especial,0,29.89069167,-95.45667778,Banqueta,El primer evento no fue una colision con un vehiculo automotor en transporte,Four-Way Intersection,Interseccion de 4 direcciones,Sobre el lado de la calle,Ninguna,Oscuro sin iluminacion,Despejado,No,NO APLICA,99,98,99,98,1,16/08/2022,1
48,Texas,482737,0,0,1,0,201,HARRIS (201),0,NO APLICA,9,Septiembre,18,2022,2,21,FM 1093/WESTHEIMER RD,8,Otro,Urbano,Arteria Principal,Not Reported,0,Sin jurisdiccion especial,14,29.72223333,-95.66778611,Banqueta,El primer evento no fue una colision con un vehiculo automotor en transporte,Not an Intersection,No fue interseccion,Sobre el lado de la calle,Ninguna,Oscuro con iluminacion,Despejado,No,NO APLICA,99,98,99,98,1,18/09/2022,1
48,Texas,482738,1,1,1,0,201,HARRIS (201),0,NO APLICA,9,Septiembre,15,2022,2,22,FM 2100,8,Otro,Urbano,Colector Mayor,Not Reported,0,Sin jurisdiccion especial,100,30.03523056,-95.08981667,Peaton,El primer evento no fue una colision con un vehiculo automotor en transporte,T-Intersection,Interseccion de T,Sobre calle,Construccion,Oscuro sin iluminacion,Despejado,No,NO APLICA,99,98,99,98,1,15/09/2022,1
48,Texas,482739,0,0,2,0,309,MCLENNAN (309),4220,MCGREGOR,9,Septiembre,20,2022,7,23,SR-317/LONESTAR PKWY,3,Highway estatal,Rural,Arteria Menor,Not Reported,0,Sin jurisdiccion especial,186,31.39863611,-97.38344167,Vehiculo en movimiento,Frente a frente,Not an Intersection,No fue interseccion,Sobre calle,Ninguna,Dia total,Despejado,No,NO APLICA,99,99,99,99,1,20/09/2022,2
48,Texas,482740,0,0,1,0,61,CAMERON (61),3030,HARLINGEN,9,Septiembre,19,2022,2,22,I-69 E,7,Calle Local,Urbano,Colector Mayor,State Highway Agency,0,Sin jurisdiccion especial,99,26.16096944,-97.68341944,Poste,El primer evento no fue una colision con un vehiculo automotor en transporte,T-Intersection,Interseccion de T,Sobre el lado de la calle,Ninguna,Oscuro con iluminacion,Nublado,No,NO APLICA,99,98,99,98,1,19/09/2022,2
48,Texas,482741,0,0,3,0,221,HOOD (221),2780,GRANBURY,9,Septiembre,16,2022,9,57,US-377,2,US Highway,Urbano,Arteria Principal,Not Reported,1,Sin jurisdiccion especial,73,32.46384167,-97.71441111,Vehiculo en movimiento,Frente a frente,Four-Way Intersection,Interseccion de 4 direcciones,Sobre calle,Ninguna,Dia total,Despejado,No,NO APLICA,99,99,99,99,1,16/09/2022,3
48,Texas,482742,0,0,2,0,85,COLLIN (85),92,ALLEN,9,Septiembre,21,2022,9,16,EXCHANGE PKWY,6,Calle Local Municipalidad,Urbano,Arteria Menor,Not Reported,0,Sin jurisdiccion especial,0,33.11509444,-96.64195,Vehiculo en movimiento,Angulo,Four-Way Intersection,Interseccion de 4 direcciones,Sobre calle,Ninguna,Dia total,Despejado,No,NO APLICA,99,99,99,99,2,21/09/2022,3
48,Texas,482744,1,1,1,0,215,HIDALGO (215),0,NO APLICA,7,Julio,30,2022,19,9,CR-BRAZOS AVE,4,Calle del Condado,Urbano,Local,Not Reported,0,Sin jurisdiccion especial,0,26.30916111,-98.29419444,Peaton,El primer evento no fue una colision con un vehiculo automotor en transporte,Not an Intersection,No fue interseccion,Sobre calle,Ninguna,Dia total,Despejado,No,NO APLICA,99,99,99,99,1,30/07/2022,5
48,Texas,482745,0,0,5,0,331,MILAM (331),0,NO APLICA,9,Septiembre,5,2022,15,12,US-77,2,US Highway,Rural,Arteria Principal,Not Reported,1,Sin jurisdiccion especial,35,30.78340833,-96.97688889,Vehiculo en movimiento,Frente a Detrás,Not an Intersection,No fue interseccion,Sobre calle,Ninguna,Dia total,Despejado,No,NO APLICA,99,99,99,99,2,05/09/2022,14
48,Texas,482746,0,0,2,0,329,MIDLAND (329),9997,Other,9,Septiembre,21,2022,7,2,I-20,7,Calle Local,Urbano,Colector Mayor,State Highway Agency,0,Sin jurisdiccion especial,16,31.88731667,-102.2631,Vehiculo en movimiento,Frente a frente,T-Intersection,Interseccion de T,Sobre calle,Ninguna,Amanecer,Despejado,No,NO APLICA,99,99,99,99,1,21/09/2022,2
48,Texas,482747,0,0,1,0,201,HARRIS (201),3280,HOUSTON,8,Agosto,17,2022,2,10,I-10 SVRD/EAST FWY,7,Calle Local,Urbano,Colector Mayor,Not Reported,0,Sin jurisdiccion especial,90,29.77080833,-95.221225,Soporte de Puente,El primer evento no fue una colision con un vehiculo automotor en transporte,Not an Intersection,No fue interseccion,Separador,Ninguna,Oscuro sin iluminacion,Despejado,No,NO APLICA,99,99,99,99,1,17/08/2022,1
48,Texas,482748,0,0,2,0,407,SAN JACINTO (407),0,NO APLICA,9,Septiembre,14,2022,6,5,FM 1725,8,Otro,Rural,Colector Mayor,Not Reported,0,Servicio de Parques Nacional,167,30.37802778,-95.14168056,Vehiculo en movimiento,Frente a frente,Not an Intersection,No fue interseccion,Sobre el lado de la calle,Ninguna,Oscuro sin iluminacion,Despejado,No,NO APLICA,99,98,99,98,2,14/09/2022,2
48,Texas,482749,0,0,1,0,387,RED RIVER (387),0,NO APLICA,9,Septiembre,17,2022,17,40,FM 412,8,Otro,Rural,Colector Mayor,Not Reported,0,Sin jurisdiccion especial,109,33.47510556,-94.95108333,Acotamiento,El primer evento no fue una colision con un vehiculo automotor en transporte,Not an Intersection,No fue interseccion,Sobre el lado de la calle,Ninguna,Dia total,Despejado,No,NO APLICA,99,98,99,98,2,17/09/2022,2
48,Texas,482750,0,0,1,0,97,COOKE (97),7112,VALLEY VIEW,9,Septiembre,18,2022,18,35,I-35/US-77,1,Interestatal,Rural,Interestatal,State Highway Agency,1,Sin jurisdiccion especial,51,33.49305278,-97.16308611,Poste,El primer evento no fue una colision con un vehiculo automotor en transporte,Not an Intersection,No fue interseccion,Gore?,Ninguna,Dia total,Despejado,No,NO APLICA,18,44,18,53,1,18/09/2022,2
48,Texas,482751,0,0,1,0,199,HARDIN (199),0,NO APLICA,9,Septiembre,21,2022,17,35,CR-DEER FIELD LN,4,Calle del Condado,Rural,Local,Not Reported,0,Sin jurisdiccion especial,0,30.29361944,-94.18140556,Poste de Señal de trafico,El primer evento no fue una colision con un vehiculo automotor en transporte,Not an Intersection,No fue interseccion,Sobre el lado de la calle,Ninguna,Dia total,Despejado,No,NO APLICA,99,99,99,99,1,21/09/2022,2
48,Texas,482752,0,0,1,0,209,HAYS (209),990,BUDA,9,Septiembre,19,2022,6,28,RM 967,8,Otro,Urbano,Colector Mayor,Not Reported,0,Sin jurisdiccion especial,83,30.09628056,-97.88671111,Arbol,El primer evento no fue una colision con un vehiculo automotor en transporte,Not an Intersection,No fue interseccion,Sobre el lado de la calle,Construccion,Oscuro sin iluminacion,Despejado,No,NO APLICA,99,98,99,98,1,19/09/2022,1
48,Texas,482753,0,0,2,0,53,BURNET (53),1040,BURNET,8,Agosto,25,2022,14,6,SR-29,3,Highway estatal,Urbano,Arteria Principal,Not Reported,0,Sin jurisdiccion especial,3,30.75924167,-98.22345556,Vehiculo en movimiento,Angulo,T-Intersection,Interseccion de T,Sobre calle,Ninguna,Dia total,Despejado,No,NO APLICA,99,99,99,99,1,25/08/2022,2
48,Texas,482754,0,0,1,0,201,HARRIS (201),0,NO APLICA,9,Septiembre,18,2022,15,40,SR-99,7,Calle Local,Urbano,Colector Mayor,Not Reported,0,Sin jurisdiccion especial,138,30.05664722,-95.57661667,Poste de Señal de trafico,El primer evento no fue una colision con un vehiculo automotor en transporte,T-Intersection,Interseccion de T,Sobre el lado de la calle,Ninguna,Dia total,Nublado,No,NO APLICA,99,99,99,99,1,18/09/2022,1
48,Texas,482755,1,1,1,0,201,HARRIS (201),0,NO APLICA,9,Septiembre,17,2022,22,5,SR-6,3,Highway estatal,Urbano,Arteria Principal,Not Reported,1,Sin jurisdiccion especial,17,29.90984444,-95.62859167,Peaton,El primer evento no fue una colision con un vehiculo automotor en transporte,Not an Intersection,No fue interseccion,Sobre calle,Ninguna,Oscuro sin iluminacion,Despejado,No,NO APLICA,99,99,99,99,1,17/09/2022,1
48,Texas,482756,0,0,1,0,185,GRIMES (185),0,NO APLICA,9,Septiembre,21,2022,20,15,FM 39,8,Otro,Rural,Colector Mayor,Not Reported,0,Sin jurisdiccion especial,40,30.79000278,-96.08453611,Volcadura,El primer evento no fue una colision con un vehiculo automotor en transporte,Not an Intersection,No fue interseccion,Sobre el lado de la calle,Ninguna,Oscuro sin iluminacion,Despejado,No,NO APLICA,99,99,99,99,1,21/09/2022,3
48,Texas,482757,0,0,2,0,201,HARRIS (201),0,NO APLICA,9,Septiembre,16,2022,7,45,CR-LOUETTA RD,4,Calle del Condado,Urbano,Arteria Menor,Not Reported,0,Sin jurisdiccion especial,0,29.99672778,-95.58759167,Vehiculo en movimiento,Angulo,T-Intersection,Interseccion de T,Sobre calle,Ninguna,Dia total,Despejado,No,NO APLICA,99,99,99,99,1,16/09/2022,2
48,Texas,482758,0,0,1,0,75,CHILDRESS (75),0,NO APLICA,9,Septiembre,18,2022,12,14,US-287,2,US Highway,Urbano,Arteria Principal,Not Reported,1,Sin jurisdiccion especial,27,34.50425556,-100.3791611,Volcadura,El primer evento no fue una colision con un vehiculo automotor en transporte,Not an Intersection,No fue interseccion,En el medio,Ninguna,Dia total,Despejado,No,NO APLICA,99,99,99,99,1,18/09/2022,2
48,Texas,482759,1,1,1,0,201,HARRIS (201),3280,HOUSTON,9,Septiembre,10,2022,5,38,FM 1960,8,Otro,Urbano,Arteria Principal,Not Reported,0,Sin jurisdiccion especial,347,30.01958889,-95.10635,Peaton,El primer evento no fue una colision con un vehiculo automotor en transporte,Not an Intersection,No fue interseccion,Sobre calle,Ninguna,Oscuro con iluminacion,Despejado,No,NO APLICA,99,99,99,99,1,10/09/2022,1
48,Texas,482760,0,0,1,0,187,GUADALUPE (187),6290,SEGUIN,7,Julio,10,2022,18,9,I-10,1,Interestatal,Urbano,Interestatal,State Highway Agency,1,Sin jurisdiccion especial,89,29.54815278,-98.04889444,Arbol,El primer evento no fue una colision con un vehiculo automotor en transporte,Not an Intersection,No fue interseccion,En el medio,Ninguna,Dia total,Despejado,No,NO APLICA,99,98,99,98,2,10/07/2022,2
48,Texas,482761,0,0,1,0,265,KERR (265),0,NO APLICA,9,Septiembre,14,2022,12,46,SR-39,3,Highway estatal,Rural,Colector Mayor,Not Reported,0,Sin jurisdiccion especial,96,29.94838333,-99.54480833,Animal vivo,El primer evento no fue una colision con un vehiculo automotor en transporte,Not an Intersection,No fue interseccion,Sobre calle,Ninguna,Dia total,Despejado,No,NO APLICA,99,98,99,98,1,14/09/2022,1