Estado,Nombre de Estado,Numero de Caso,Peatones,Personas _no_vehiculos,Vehiculos automotores,Vehiculos estacionados,Condado,Nombre Condado,Ciudad,Nombre Ciudad,Mes,Nombre Mes,Dia,Año,Hora,Minuto,Calle,Ruta,Nombre Ruta,Rural o Urbanoo,Sistema Funcional,Dueño Calle,Sistema Nacional Carreteras,Jurisdiccion Especial,Milla,Latitud,Longitud,Causa del Accidente,Tipo de Accidente,Tipo Interseccion,Columna1,Lugar en la calle,Zona de Trabajo,Luz,Clima,Autobus Escolar,Cruce de Trenes,Hora Notificacion,Minuto Notificacion,Hora Llegada,Minuto Llegada,Decesos,Fecha,PersonaVehiculo
48,Texas,482762,1,1,1,0,39,BRAZORIA (39),190,ANGLETON,9,Septiembre,23,2022,2,10,SR-288 B,3,Highway estatal,Urbano,Arteria Principal,Not Reported,1,Sin jurisdiccion especial,10,29.15024722,-95.43002778,Peaton,El primer evento no fue una colision con un vehiculo automotor en transporte,Four-Way Intersection,Interseccion de 4 direcciones,Sobre Acotamiento,Ninguna,Oscuro sin iluminacion,Despejado,No,NO APLICA,99,98,99,98,1,23/09/2022,1
48,Texas,482763,0,0,1,0,259,KENDALL (259),0,NO APLICA,9,Septiembre,16,2022,6,0,RM 1376/SISTERDALE RD,8,Otro,Rural,Colector Mayor,Not Reported,0,Sin jurisdiccion especial,120,29.97987222,-98.722275,Volcadura,El primer evento no fue una colision con un vehiculo automotor en transporte,T-Intersection,Interseccion de T,Sobre el lado de la calle,Ninguna,Oscuro sin iluminacion,Nublado,No,NO APLICA,99,98,99,98,1,16/09/2022,1
48,Texas,482764,0,0,2,0,91,COMAL (91),0,NO APLICA,9,Septiembre,21,2022,9,43,FM 306,8,Otro,Rural,Arteria Principal,Not Reported,1,Sin jurisdiccion especial,54,29.85696389,-98.14949444,Vehiculo en movimiento,Frente a frente,Not an Intersection,No fue interseccion,Sobre calle,Ninguna,Dia total,Despejado,No,NO APLICA,99,99,99,99,1,21/09/2022,2
48,Texas,482765,1,1,1,0,329,MIDLAND (329),4560,MIDLAND,9,Septiembre,13,2022,21,58,SR-250 LP RAMP,3,Highway estatal,Urbano,Arterial Principal -Freeway o ExpressWay,Not Reported,1,Sin jurisdiccion especial,171,32.03003889,-102.1425472,Peaton,El primer evento no fue una colision con un vehiculo automotor en transporte,Not an Intersection,No fue interseccion,Sobre calle,Ninguna,Oscuro con iluminacion,Despejado,No,NO APLICA,99,98,99,98,1,13/09/2022,3
48,Texas,482766,1,1,1,0,189,HALE (189),0,NO APLICA,8,Agosto,25,2022,1,35,FM 1767/34TH ST,8,Otro,Urbano,Arteria Menor,Not Reported,0,Sin jurisdiccion especial,7,34.21989722,-101.6951306,Peaton,El primer evento no fue una colision con un vehiculo automotor en transporte,Not an Intersection,No fue interseccion,Sobre calle,Ninguna,Oscuro sin iluminacion,Despejado,No,NO APLICA,99,99,99,99,1,25/08/2022,1
48,Texas,482767,1,1,1,0,201,HARRIS (201),3280,HOUSTON,9,Septiembre,12,2022,0,12,HOMESTEAD RD,6,Calle Local Municipalidad,Urbano,Arteria Menor,Not Reported,0,Sin jurisdiccion especial,0,29.874,-95.30073056,Peaton,El primer evento no fue una colision con un vehiculo automotor en transporte,Not an Intersection,No fue interseccion,Sobre calle,Ninguna,Oscuro sin iluminacion,Despejado,No,NO APLICA,99,98,99,98,1,12/09/2022,1
48,Texas,482768,1,1,1,0,29,BEXAR (29),6090,SAN ANTONIO,9,Septiembre,21,2022,21,43,CULEBRA RD,6,Calle Local Municipalidad,Urbano,Arteria Menor,Not Reported,0,Sin jurisdiccion especial,0,29.47626667,-98.66053611,Ciclista,El primer evento no fue una colision con un vehiculo automotor en transporte,Not an Intersection,No fue interseccion,Sobre calle,Ninguna,Oscuro sin iluminacion,Despejado,No,NO APLICA,99,98,99,98,1,21/09/2022,1
48,Texas,482769,0,0,4,0,201,HARRIS (201),3280,HOUSTON,9,Septiembre,19,2022,2,19,I-10,1,Interestatal,Urbano,Interestatal,State Highway Agency,1,Sin jurisdiccion especial,249,29.77662778,-95.40156389,Vehiculo en movimiento,Frente a Detrás,Not an Intersection,No fue interseccion,Sobre calle,Ninguna,Oscuro con iluminacion,Despejado,No,NO APLICA,99,98,99,98,1,19/09/2022,7
48,Texas,482770,0,0,2,0,29,BEXAR (29),6090,SAN ANTONIO,9,Septiembre,23,2022,2,55,US-90,2,US Highway,Urbano,Arterial Principal -Freeway o ExpressWay,Not Reported,1,Sin jurisdiccion especial,71,29.40376944,-98.54586111,Vehiculo en movimiento,Frente a frente,Not an Intersection,No fue interseccion,Sobre calle,Ninguna,Oscuro con iluminacion,Despejado,No,NO APLICA,99,99,99,99,2,23/09/2022,3
48,Texas,482771,1,1,1,0,29,BEXAR (29),6090,SAN ANTONIO,9,Septiembre,21,2022,23,58,RAMSGATE,6,Calle Local Municipalidad,Urbano,Local,Not Reported,0,Sin jurisdiccion especial,0,29.54072778,-98.56961111,Peaton,El primer evento no fue una colision con un vehiculo automotor en transporte,Four-Way Intersection,Interseccion de 4 direcciones,Sobre calle,Ninguna,Oscuro con iluminacion,Despejado,No,NO APLICA,99,98,99,98,1,21/09/2022,2
48,Texas,482772,0,0,2,0,201,HARRIS (201),480,BAYTOWN,9,Septiembre,19,2022,5,42,I-10/EAST FWY,1,Interestatal,Urbano,Interestatal,State Highway Agency,1,Sin jurisdiccion especial,207,29.79688333,-95.03335833,Vehiculo en movimiento,Detrás a Lado. ,Not an Intersection,No fue interseccion,Sobre calle,Ninguna,Oscuro con iluminacion,Despejado,No,NO APLICA,99,99,99,99,1,19/09/2022,5
48,Texas,482773,1,1,1,0,183,GREGG (183),4080,LONGVIEW,9,Septiembre,23,2022,5,45,US-259,2,US Highway,Urbano,Arteria Principal,Not Reported,1,Sin jurisdiccion especial,231,32.45893889,-94.70726944,Peaton,El primer evento no fue una colision con un vehiculo automotor en transporte,Not an Intersection,No fue interseccion,Sobre calle,Ninguna,Oscuro sin iluminacion,Despejado,No,NO APLICA,99,98,99,98,1,23/09/2022,1
48,Texas,482774,0,0,1,0,439,TARRANT (439),590,BENBROOK,9,Septiembre,25,2022,0,51,I-20,1,Interestatal,Urbano,Interestatal,State Highway Agency,1,Sin jurisdiccion especial,67,32.68435,-97.45914722,Valla Ferrocarril,El primer evento no fue una colision con un vehiculo automotor en transporte,Not an Intersection,No fue interseccion,En el medio,Ninguna,Oscuro con iluminacion,Despejado,No,NO APLICA,99,98,99,98,1,25/09/2022,2
48,Texas,482775,0,0,2,0,201,HARRIS (201),0,NO APLICA,9,Septiembre,17,2022,2,36,SAM HOUSTON PKWY,7,Calle Local,Urbano,Arteria Principal,Not Reported,1,Sin jurisdiccion especial,63,29.85323611,-95.18757222,Vehiculo en movimiento,Angulo,Four-Way Intersection,Interseccion de 4 direcciones,Sobre calle,Ninguna,Oscuro con iluminacion,Despejado,No,NO APLICA,99,99,99,99,1,17/09/2022,2
48,Texas,482776,0,0,1,0,201,HARRIS (201),3280,HOUSTON,8,Agosto,20,2022,12,26,RAMEY ST,6,Calle Local Municipalidad,Urbano,Local,Not Reported,0,Sin jurisdiccion especial,0,29.61196389,-95.24231944,Arbol,El primer evento no fue una colision con un vehiculo automotor en transporte,T-Intersection,Interseccion de T,Sobre el lado de la calle,Ninguna,Dia total,Despejado,No,NO APLICA,99,99,99,99,1,20/08/2022,1
48,Texas,482777,1,1,1,0,113,DALLAS (113),1730,DALLAS,9,Septiembre,13,2022,1,37,DENLEY DR,6,Calle Local Municipalidad,Urbano,Colector Mayor,Not Reported,0,Sin jurisdiccion especial,0,32.73955,-96.80551667,Peaton,El primer evento no fue una colision con un vehiculo automotor en transporte,Not an Intersection,No fue interseccion,Sobre el lado de la calle,Ninguna,Oscuro con iluminacion,Despejado,No,NO APLICA,99,99,99,99,1,13/09/2022,1
48,Texas,482778,0,0,1,0,325,MEDINA (325),0,NO APLICA,9,Septiembre,20,2022,23,0,CR-211,4,Calle del Condado,Rural,Local,Not Reported,0,Sin jurisdiccion especial,0,29.58306389,-99.27825,Arbol,El primer evento no fue una colision con un vehiculo automotor en transporte,Not an Intersection,No fue interseccion,Sobre el lado de la calle,Ninguna,Oscuro sin iluminacion,Despejado,No,NO APLICA,99,98,99,98,1,20/09/2022,1
48,Texas,482779,1,1,1,0,167,GALVESTON (167),2570,GALVESTON,9,Septiembre,14,2022,17,44,SEAWALL BLVD,6,Calle Local Municipalidad,Urbano,Arteria Principal,Not Reported,0,Sin jurisdiccion especial,0,29.26855556,-94.82317222,Peaton,El primer evento no fue una colision con un vehiculo automotor en transporte,Not an Intersection,No fue interseccion,Sobre calle,Ninguna,Dia total,Despejado,No,NO APLICA,17,46,17,50,1,14/09/2022,1
48,Texas,482780,0,0,2,0,481,WHARTON (481),7410,WHARTON,9,Septiembre,16,2022,3,15,US-59 RAMP,2,US Highway,Rural,Arteria Principal,Not Reported,1,Sin jurisdiccion especial,56,29.39193333,-96.07395833,Vehiculo en movimiento,Angulo,Not an Intersection,No fue interseccion,Sobre calle,Construccion,Oscuro sin iluminacion,Despejado,No,NO APLICA,99,99,99,99,1,16/09/2022,2
48,Texas,482781,1,1,1,0,215,HIDALGO (215),4197,MCALLEN,9,Septiembre,25,2022,6,39,FM 2220,8,Otro,Urbano,Colector Mayor,Not Reported,0,Sin jurisdiccion especial,24,26.31546389,-98.24732222,Peaton,El primer evento no fue una colision con un vehiculo automotor en transporte,Not an Intersection,No fue interseccion,Sobre calle,Ninguna,Oscuro sin iluminacion,Despejado,No,NO APLICA,99,98,99,98,1,25/09/2022,2
48,Texas,482782,0,0,2,0,485,WICHITA (485),7490,WICHITA FALLS,9,Septiembre,13,2022,17,13,US-82 SVRD/KELL BLVD,7,Calle Local,Urbano,Colector Mayor,Not Reported,0,Sin jurisdiccion especial,60,33.89714167,-98.49291944,Vehiculo en movimiento,Angulo,Four-Way Intersection,Interseccion de 4 direcciones,Sobre calle,Ninguna,Dia total,Despejado,No,NO APLICA,99,99,99,99,1,13/09/2022,2
48,Texas,482783,0,0,1,0,121,DENTON (121),6881,THE COLONY,9,Septiembre,19,2022,21,29,SR-121 RAMP,3,Highway estatal,Urbano,Colector Mayor,Not Reported,0,Sin jurisdiccion especial,215,33.07663333,-96.86541667,Banqueta,El primer evento no fue una colision con un vehiculo automotor en transporte,Y-Intersection,Interseccion de Y,Isla de trafico para peatones,Ninguna,Oscuro con iluminacion,Despejado,No,NO APLICA,99,99,99,99,1,19/09/2022,1
48,Texas,482784,0,0,2,0,217,HILL (217),0,NO APLICA,9,Septiembre,8,2022,19,33,SR-22,3,Highway estatal,Rural,Arteria Menor,Not Reported,0,Sin jurisdiccion especial,159,32.02591111,-97.03530556,Vehiculo en movimiento,Frente a frente,Not an Intersection,No fue interseccion,Sobre calle,Ninguna,Dia total,Despejado,No,NO APLICA,99,99,99,99,1,08/09/2022,4
48,Texas,482785,0,0,1,0,217,HILL (217),0,NO APLICA,9,Septiembre,12,2022,18,40,FM 310,8,Otro,Rural,Colector Mayor,Not Reported,0,Sin jurisdiccion especial,82,31.941175,-97.14718611,Volcadura,El primer evento no fue una colision con un vehiculo automotor en transporte,Not an Intersection,No fue interseccion,Sobre calle,Ninguna,Dia total,Despejado,No,NO APLICA,99,99,99,99,1,12/09/2022,2
48,Texas,482786,1,1,1,0,303,LUBBOCK (303),4140,LUBBOCK,9,Septiembre,21,2022,15,12,BROADWAY  ST,6,Calle Local Municipalidad,Urbano,Arteria Principal,Not Reported,0,Sin jurisdiccion especial,0,33.58441389,-101.8456722,Peaton,El primer evento no fue una colision con un vehiculo automotor en transporte,Four-Way Intersection,Interseccion de 4 direcciones,Sobre calle,Ninguna,Dia total,Despejado,No,NO APLICA,99,99,99,99,1,21/09/2022,2
48,Texas,482787,0,0,1,0,51,BURLESON (51),0,NO APLICA,9,Septiembre,18,2022,5,55,PR57,8,Otro,Rural,Colector Menor,Not Reported,0,Sin jurisdiccion especial,41,30.31033611,-96.63550278,Poste,El primer evento no fue una colision con un vehiculo automotor en transporte,Not an Intersection,No fue interseccion,Sobre el lado de la calle,Ninguna,Oscuro con iluminacion,Despejado,No,NO APLICA,99,99,99,99,1,18/09/2022,2
48,Texas,482788,0,0,4,0,277,LAMAR (277),0,NO APLICA,9,Septiembre,20,2022,17,19,US-82,2,US Highway,Rural,Arteria Principal,Not Reported,1,Sin jurisdiccion especial,22,33.60283889,-95.81845833,Vehiculo en movimiento,Golpe Lateral - direccion contraria,Not an Intersection,No fue interseccion,Sobre calle,Ninguna,Dia total,Despejado,No,NO APLICA,99,98,99,98,1,20/09/2022,4
48,Texas,482789,1,1,1,0,143,ERATH (143),0,NO APLICA,9,Septiembre,9,2022,23,44,BU 377,8,Otro,Rural,Arteria Menor,Not Reported,0,Sin jurisdiccion especial,34,32.23187222,-98.18198056,No vehiculo o remolque,El primer evento no fue una colision con un vehiculo automotor en transporte,Not an Intersection,No fue interseccion,Sobre Acotamiento,Ninguna,Oscuro sin iluminacion,Despejado,No,NO APLICA,99,98,99,98,1,09/09/2022,2
48,Texas,482790,0,0,2,0,497,WISE (497),0,NO APLICA,8,Agosto,27,2022,10,33,FM 51,8,Otro,Rural,Arteria Menor,Not Reported,0,Sin jurisdiccion especial,313,33.07530278,-97.64942222,Vehiculo en movimiento,Angulo,Four-Way Intersection,Interseccion de 4 direcciones,Sobre calle,Ninguna,Dia total,Despejado,No,NO APLICA,99,99,99,99,1,27/08/2022,3
48,Texas,482791,0,0,1,0,497,WISE (497),5219,PARADISE,9,Septiembre,10,2022,22,52,SR-114,3,Highway estatal,Rural,Arteria Principal,Not Reported,0,Sin jurisdiccion especial,228,33.15503056,-97.69039444,Culvert,El primer evento no fue una colision con un vehiculo automotor en transporte,Not an Intersection,No fue interseccion,Sobre el lado de la calle,Ninguna,Oscuro sin iluminacion,Despejado,No,NO APLICA,99,99,99,99,1,10/09/2022,3
48,Texas,482792,1,1,1,0,439,TARRANT (439),260,ARLINGTON,9,Septiembre,17,2022,23,58,NEW YORK AVE,6,Calle Local Municipalidad,Urbano,Arteria Menor,Not Reported,0,Sin jurisdiccion especial,0,32.70981389,-97.08044167,Peaton,El primer evento no fue una colision con un vehiculo automotor en transporte,Not an Intersection,No fue interseccion,Sobre calle,Ninguna,Oscuro con iluminacion,Despejado,No,NO APLICA,99,99,99,99,1,17/09/2022,2
48,Texas,482793,1,1,1,0,201,HARRIS (201),0,NO APLICA,9,Septiembre,14,2022,4,48,CR-HARDY RD,4,Calle del Condado,Urbano,Arteria Menor,Not Reported,0,Sin jurisdiccion especial,0,30.04059444,-95.407575,Peaton,El primer evento no fue una colision con un vehiculo automotor en transporte,Not an Intersection,No fue interseccion,Sobre calle,Ninguna,Oscuro sin iluminacion,Despejado,No,NO APLICA,99,99,99,99,1,14/09/2022,1
48,Texas,482794,0,0,2,0,201,HARRIS (201),0,NO APLICA,9,Septiembre,14,2022,22,0,I-45/NORTH FWY,7,Calle Local,Urbano,Colector Mayor,State Highway Agency,0,Sin jurisdiccion especial,490,30.105075,-95.435125,Vehiculo en movimiento,Frente a Detrás,Four-Way Intersection,Interseccion de 4 direcciones,Sobre calle,Ninguna,Oscuro con iluminacion,Despejado,No,NO APLICA,99,99,99,99,1,14/09/2022,3
48,Texas,482795,1,1,1,0,29,BEXAR (29),6090,SAN ANTONIO,9,Septiembre,26,2022,1,23,ENRIQUE M BARRERA PKWY,6,Calle Local Municipalidad,Urbano,Arteria Menor,Not Reported,0,Sin jurisdiccion especial,0,29.41135833,-98.60883333,Ciclista,El primer evento no fue una colision con un vehiculo automotor en transporte,Not an Intersection,No fue interseccion,Sobre calle,Ninguna,Oscuro con iluminacion,Despejado,No,NO APLICA,99,98,99,98,1,26/09/2022,1
48,Texas,482796,0,0,3,0,183,GREGG (183),4080,LONGVIEW,9,Septiembre,11,2022,0,48,SR-281,3,Highway estatal,Urbano,Arteria Principal,Not Reported,1,Sin jurisdiccion especial,37,32.46518056,-94.75621389,Volcadura,El primer evento no fue una colision con un vehiculo automotor en transporte,Not an Intersection,No fue interseccion,Sobre calle,Ninguna,Oscuro sin iluminacion,Despejado,No,NO APLICA,99,99,99,99,1,11/09/2022,6
48,Texas,482797,0,0,2,0,251,JOHNSON (251),0,NO APLICA,9,Septiembre,21,2022,10,15,SR-171,3,Highway estatal,Rural,Colector Mayor,Not Reported,0,Sin jurisdiccion especial,46,32.29234167,-97.35181667,Vehiculo en movimiento,Angulo,Four-Way Intersection,Interseccion de 4 direcciones,Sobre calle,Ninguna,Dia total,Despejado,No,NO APLICA,99,99,99,99,2,21/09/2022,6
48,Texas,482798,0,0,1,0,29,BEXAR (29),6090,SAN ANTONIO,9,Septiembre,3,2022,15,35,I-37,1,Interestatal,Urbano,Interestatal,State Highway Agency,1,Sin jurisdiccion especial,124,29.28296667,-98.39593889,Volcadura,El primer evento no fue una colision con un vehiculo automotor en transporte,Not an Intersection,No fue interseccion,Separador,Ninguna,Dia total,Nublado,No,NO APLICA,99,99,99,99,1,03/09/2022,2
48,Texas,482799,1,1,2,0,113,DALLAS (113),1730,DALLAS,9,Septiembre,4,2022,20,4,US-67/MARVIN D LOVE FWY,2,US Highway,Urbano,Arterial Principal -Freeway o ExpressWay,Not Reported,1,Sin jurisdiccion especial,54,32.64779444,-96.88418333,Peaton,El primer evento no fue una colision con un vehiculo automotor en transporte,Not an Intersection,No fue interseccion,Sobre calle,Ninguna,Oscuro sin iluminacion,Despejado,No,NO APLICA,99,99,99,99,1,04/09/2022,5
48,Texas,482800,0,0,3,0,173,GLASSCOCK (173),0,NO APLICA,9,Septiembre,7,2022,7,41,SR-137,3,Highway estatal,Rural,Colector Mayor,Not Reported,0,Sin jurisdiccion especial,130,31.86972778,-101.7037667,Vehiculo en movimiento,Golpe Lateral - direccion contraria,Not an Intersection,No fue interseccion,Sobre calle,Ninguna,Dia total,Despejado,No,NO APLICA,99,99,99,99,2,07/09/2022,5
48,Texas,482801,0,0,2,0,329,MIDLAND (329),0,NO APLICA,9,Septiembre,15,2022,6,30,SR-158,3,Highway estatal,Rural,Arteria Principal,Not Reported,1,Sin jurisdiccion especial,114,31.96730556,-101.9833,Vehiculo en movimiento,Frente a Detrás,Four-Way Intersection,Interseccion de 4 direcciones,Sobre calle,Ninguna,Oscuro sin iluminacion,Despejado,No,NO APLICA,99,98,99,98,1,15/09/2022,2
48,Texas,482802,0,0,2,0,449,TITUS (449),0,NO APLICA,9,Septiembre,17,2022,2,41,I-30,1,Interestatal,Rural,Interestatal,State Highway Agency,1,Sin jurisdiccion especial,141,33.21215278,-94.90115,Barrera de Cable,El primer evento no fue una colision con un vehiculo automotor en transporte,Not an Intersection,No fue interseccion,En el medio,Ninguna,Oscuro sin iluminacion,Despejado,No,NO APLICA,99,99,99,99,1,17/09/2022,5
48,Texas,482803,0,0,2,0,423,SMITH (423),0,NO APLICA,9,Septiembre,21,2022,21,25,SR-110,3,Highway estatal,Rural,Arteria Menor,Not Reported,0,Sin jurisdiccion especial,128,32.18005833,-95.19440556,Vehiculo en movimiento,Angulo,Y-Intersection,Interseccion de Y,Sobre calle,Ninguna,Oscuro sin iluminacion,Despejado,No,NO APLICA,99,99,99,99,1,21/09/2022,4
48,Texas,482804,0,0,2,0,329,MIDLAND (329),4560,MIDLAND,9,Septiembre,10,2022,20,47,SR-349,3,Highway estatal,Rural,Arteria Principal,Not Reported,1,Sin jurisdiccion especial,262,32.00405833,-102.2619472,Vehiculo en movimiento,Angulo,T-Intersection,Interseccion de T,Sobre calle,Ninguna,Oscuro con iluminacion,Despejado,No,NO APLICA,99,99,99,99,1,10/09/2022,6
48,Texas,482805,0,0,1,0,201,HARRIS (201),0,NO APLICA,9,Septiembre,17,2022,20,45,CR-WOODLAND HILLS DR,4,Calle del Condado,Urbano,Local,Not Reported,0,Sin jurisdiccion especial,0,30.00720556,-95.21500278,Arbol,El primer evento no fue una colision con un vehiculo automotor en transporte,Not an Intersection,No fue interseccion,Sobre el lado de la calle,Ninguna,Oscuro sin iluminacion,Despejado,No,NO APLICA,99,98,99,98,1,17/09/2022,1
48,Texas,482806,1,1,1,0,439,TARRANT (439),2450,FORT WORTH,9,Septiembre,17,2022,0,8,US-377/BELKNAP ST,2,US Highway,Urbano,Arteria Principal,Not Reported,1,Sin jurisdiccion especial,31,32.77125833,-97.30549444,Ciclista,El primer evento no fue una colision con un vehiculo automotor en transporte,Not an Intersection,No fue interseccion,Sobre calle,Ninguna,Oscuro sin iluminacion,Despejado,No,NO APLICA,99,99,99,99,1,17/09/2022,1
48,Texas,482807,0,0,1,0,307,MCCULLOCH (307),830,BRADY,1,Enero,17,2022,17,45,FM 3022,8,Otro,Rural,Colector Menor,Not Reported,0,Sin jurisdiccion especial,111,31.14315556,-99.388825,Alguien se cayo/avento del vehiculo,El primer evento no fue una colision con un vehiculo automotor en transporte,Not an Intersection,No fue interseccion,Sobre calle,Ninguna,Dia total,Despejado,No,NO APLICA,99,99,99,99,1,17/01/2022,1
48,Texas,482808,1,1,1,0,113,DALLAS (113),1730,DALLAS,9,Septiembre,17,2022,20,58,ILLINOIS AVE,6,Calle Local Municipalidad,Rural,Arteria Principal,Not Reported,0,Sin jurisdiccion especial,0,32.713675,-96.75903889,Peaton,El primer evento no fue una colision con un vehiculo automotor en transporte,Four-Way Intersection,Interseccion de 4 direcciones,Sobre calle,Ninguna,Oscuro con iluminacion,Despejado,No,NO APLICA,99,99,99,99,1,17/09/2022,1
48,Texas,482809,1,1,1,0,201,HARRIS (201),3280,HOUSTON,9,Septiembre,24,2022,5,22,US-90 ALT/MAIN ST,2,US Highway,Urbano,Arteria Principal,Not Reported,1,Sin jurisdiccion especial,83,29.68223889,-95.42385556,Peaton,El primer evento no fue una colision con un vehiculo automotor en transporte,T-Intersection,Interseccion de T,Sobre calle,Ninguna,Oscuro con iluminacion,Despejado,No,NO APLICA,99,99,99,99,1,24/09/2022,1
48,Texas,482810,0,0,2,0,453,TRAVIS (453),330,AUSTIN,9,Septiembre,27,2022,19,56,CRYSTALBROOK DR,6,Calle Local Municipalidad,Urbano,Arteria Menor,Not Reported,0,Sin jurisdiccion especial,0,30.30297222,-97.65393056,Vehiculo en movimiento,Angulo,T-Intersection,Interseccion de T,Sobre calle,Ninguna,Oscuro con iluminacion,Despejado,No,NO APLICA,99,99,99,99,1,27/09/2022,2
48,Texas,482811,1,1,2,1,439,TARRANT (439),2800,GRAND PRAIRIE,9,Septiembre,10,2022,19,53,REGENCY DR,6,Calle Local Municipalidad,Urbano,Local,Not Reported,0,Sin jurisdiccion especial,0,32.79870556,-97.05324444,Peaton,El primer evento no fue una colision con un vehiculo automotor en transporte,Not an Intersection,No fue interseccion,Sobre calle,Ninguna,Atardecer,Despejado,No,NO APLICA,99,99,99,99,1,10/09/2022,1
48,Texas,482812,0,0,2,0,401,RUSK (401),4740,MOUNT ENTERPRISE,9,Septiembre,24,2022,9,21,US-259/RAILROAD AVE,2,US Highway,Rural,Arteria Principal,Not Reported,1,Sin jurisdiccion especial,176,31.92521389,-94.68303889,Vehiculo en movimiento,Angulo,T-Intersection,Interseccion de T,Sobre calle,Ninguna,Dia total,Despejado,No,NO APLICA,99,99,99,99,1,24/09/2022,2
48,Texas,482813,0,0,2,0,201,HARRIS (201),3280,HOUSTON,9,Septiembre,4,2022,7,0,I-45/GULF FWY,1,Interestatal,Urbano,Interestatal,State Highway Agency,1,Sin jurisdiccion especial,148,29.67542222,-95.26752778,Vehiculo en movimiento,Frente a Detrás,Not an Intersection,No fue interseccion,Sobre calle,Ninguna,Dia total,Despejado,No,NO APLICA,99,99,99,99,1,04/09/2022,3
48,Texas,482815,0,0,2,0,457,TYLER (457),0,NO APLICA,9,Septiembre,27,2022,10,5,US-190,2,US Highway,Rural,Arteria Principal,Not Reported,1,Sin jurisdiccion especial,86,30.83564167,-94.29201944,Vehiculo en movimiento,Frente a frente,Not an Intersection,No fue interseccion,Sobre calle,Ninguna,Dia total,Despejado,No,NO APLICA,99,99,99,99,1,27/09/2022,3
48,Texas,482816,0,0,2,0,309,MCLENNAN (309),5845,ROBINSON,9,Septiembre,25,2022,14,10,SR-6,3,Highway estatal,Urbano,Arterial Principal -Freeway o ExpressWay,Not Reported,1,Sin jurisdiccion especial,241,31.50377222,-97.11440278,Vehiculo en movimiento,Angulo,Not an Intersection,No fue interseccion,Sobre calle,Ninguna,Dia total,Despejado,No,NO APLICA,99,99,99,99,2,25/09/2022,4
48,Texas,482817,0,0,2,0,491,WILLIAMSON (491),3981,LIBERTY HILL,9,Septiembre,23,2022,5,56,SR-29,3,Highway estatal,Rural,Arteria Principal,Not Reported,0,Sin jurisdiccion especial,73,30.66811389,-97.91151389,Vehiculo en movimiento,Frente a frente,Four-Way Intersection,Interseccion de 4 direcciones,Sobre calle,Ninguna,Oscuro con iluminacion,Despejado,No,NO APLICA,99,98,99,98,1,23/09/2022,2
48,Texas,482818,1,1,1,0,201,HARRIS (201),3280,HOUSTON,9,Septiembre,19,2022,2,12,REED RD,6,Calle Local Municipalidad,Urbano,Arteria Menor,Not Reported,0,Sin jurisdiccion especial,0,29.65801389,-95.37725,Peaton,El primer evento no fue una colision con un vehiculo automotor en transporte,Not an Intersection,No fue interseccion,Sobre calle,Ninguna,Oscuro con iluminacion,Despejado,No,NO APLICA,99,98,99,98,1,19/09/2022,1
48,Texas,482820,0,0,1,0,167,GALVESTON (167),1920,DICKINSON,9,Septiembre,26,2022,2,21,I-45,7,Calle Local,Urbano,Colector Mayor,State Highway Agency,0,Sin jurisdiccion especial,122,29.45167778,-95.07866389,Suelo,El primer evento no fue una colision con un vehiculo automotor en transporte,Not an Intersection,No fue interseccion,Separador,Construccion,Oscuro sin iluminacion,Nublado,No,NO APLICA,99,98,99,98,1,26/09/2022,1
48,Texas,482821,1,1,1,0,409,SAN PATRICIO (409),5450,PORTLAND,9,Septiembre,22,2022,21,41,CR-893,4,Calle del Condado,Rural,Colector Mayor,Not Reported,0,Sin jurisdiccion especial,76,27.88749167,-97.37392778,Peaton,El primer evento no fue una colision con un vehiculo automotor en transporte,Not an Intersection,No fue interseccion,Sobre calle,Ninguna,Oscuro sin iluminacion,Despejado,No,NO APLICA,99,98,99,98,1,22/09/2022,1
48,Texas,482822,1,1,1,0,491,WILLIAMSON (491),5990,ROUND ROCK,9,Septiembre,25,2022,2,28,IH 35 EAST FRONTAGE,7,Calle Local,Urbano,Colector Mayor,Not Reported,0,Sin jurisdiccion especial,37,30.53129444,-97.69100278,Peaton,El primer evento no fue una colision con un vehiculo automotor en transporte,Not an Intersection,No fue interseccion,Sobre calle,Ninguna,Oscuro con iluminacion,Despejado,No,NO APLICA,99,98,99,98,1,25/09/2022,2
48,Texas,482823,0,0,2,0,215,HIDALGO (215),1970,DONNA,9,Septiembre,19,2022,9,34,I-2 SVRD,7,Calle Local,Urbano,Colector Mayor,Not Reported,0,Sin jurisdiccion especial,349,26.18333889,-98.06700278,Vehiculo en movimiento,Frente a Detrás,Not an Intersection,No fue interseccion,Sobre calle,Ninguna,Dia total,Despejado,No,NO APLICA,99,98,99,98,1,19/09/2022,2
48,Texas,482824,0,0,3,0,27,BELL (27),570,BELTON,9,Septiembre,27,2022,6,4,I-35,1,Interestatal,Urbano,Interestatal,State Highway Agency,1,Sin jurisdiccion especial,159,31.05453611,-97.45261667,Vehiculo en movimiento,No reportado,Not an Intersection,No fue interseccion,Sobre calle,Ninguna,Oscuro con iluminacion,Despejado,No,NO APLICA,99,98,99,98,1,27/09/2022,4
48,Texas,482825,0,0,1,0,419,SHELBY (419),0,NO APLICA,9,Septiembre,18,2022,19,45,CR-2865,4,Calle del Condado,Rural,Local,Not Reported,0,Sin jurisdiccion especial,0,31.62843056,-94.03648611,Otro objeto (fijo),El primer evento no fue una colision con un vehiculo automotor en transporte,Not an Intersection,No fue interseccion,Sobre el lado de la calle,Ninguna,Oscuro sin iluminacion,Despejado,No,NO APLICA,88,88,88,88,1,18/09/2022,1