Estado,Nombre de Estado,Numero de Caso,Peatones,Personas _no_vehiculos,Vehiculos automotores,Vehiculos estacionados,Condado,Nombre Condado,Ciudad,Nombre Ciudad,Mes,Nombre Mes,Dia,Año,Hora,Minuto,Calle,Ruta,Nombre Ruta,Rural o Urbanoo,Sistema Funcional,Dueño Calle,Sistema Nacional Carreteras,Jurisdiccion Especial,Milla,Latitud,Longitud,Causa del Accidente,Tipo de Accidente,Tipo Interseccion,Columna1,Lugar en la calle,Zona de Trabajo,Luz,Clima,Autobus Escolar,Cruce de Trenes,Hora Notificacion,Minuto Notificacion,Hora Llegada,Minuto Llegada,Decesos,Fecha,PersonaVehiculo
48,Texas,482826,0,0,2,0,157,FORT BEND (157),5970,ROSENBERG,9,Septiembre,26,2022,6,24,SP 10,8,Otro,Urbano,Arteria Principal,Not Reported,1,Sin jurisdiccion especial,179,29.534325,-95.88569722,Vehiculo en movimiento,Frente a frente,Not an Intersection,No fue interseccion,Sobre calle,Ninguna,Dia total,Despejado,No,NO APLICA,99,99,99,99,1,26/09/2022,2
48,Texas,482827,0,0,2,0,121,DENTON (121),4007,LITTLE ELM,9,Septiembre,12,2022,8,14,FM 423,8,Otro,Urbano,Arteria Principal,Not Reported,0,Sin jurisdiccion especial,29,33.17843056,-96.88725278,Vehiculo en movimiento,Angulo,Four-Way Intersection,Interseccion de 4 direcciones,Sobre calle,Ninguna,Dia total,Despejado,No,NO APLICA,8,14,8,20,1,12/09/2022,2
48,Texas,482828,1,1,2,0,71,CHAMBERS (71),0,NO APLICA,8,Agosto,7,2022,2,42,I-10,1,Interestatal,Rural,Interestatal,State Highway Agency,1,Sin jurisdiccion especial,141,29.83100833,-94.47691667,Vehiculo en movimiento,Frente a Detrás,Not an Intersection,No fue interseccion,Sobre calle,Ninguna,Oscuro sin iluminacion,Despejado,No,NO APLICA,99,98,99,98,1,07/08/2022,1
48,Texas,482829,0,0,2,0,367,PARKER (367),0,NO APLICA,9,Septiembre,2,2022,19,4,CR-SANDLIN LN,4,Calle del Condado,Rural,Local,Not Reported,0,Sin jurisdiccion especial,0,32.93811944,-97.69611944,Vehiculo en movimiento,Frente a frente,Not an Intersection,No fue interseccion,Sobre calle,Ninguna,Dia total,Nublado,No,NO APLICA,99,98,99,98,1,02/09/2022,4
48,Texas,482830,0,0,1,0,223,HOPKINS (223),0,NO APLICA,9,Septiembre,17,2022,7,39,I-30,1,Interestatal,Rural,Interestatal,State Highway Agency,1,Sin jurisdiccion especial,283,33.16478333,-95.39751667,Arbol,El primer evento no fue una colision con un vehiculo automotor en transporte,Not an Intersection,No fue interseccion,Sobre el lado de la calle,Ninguna,Dia total,Despejado,No,NO APLICA,99,98,99,98,2,17/09/2022,2
48,Texas,482831,0,0,2,0,39,BRAZORIA (39),0,NO APLICA,9,Septiembre,19,2022,12,9,SR-35,3,Highway estatal,Rural,Arteria Menor,Not Reported,0,Sin jurisdiccion especial,117,29.28114444,-95.33161389,Vehiculo en movimiento,Frente a frente,Not an Intersection,No fue interseccion,Sobre calle,Ninguna,Dia total,Nublado,No,NO APLICA,99,98,99,98,1,19/09/2022,2
48,Texas,482832,0,0,1,0,355,NUECES (355),0,NO APLICA,9,Septiembre,22,2022,0,15,US-77,2,US Highway,Rural,Arteria Principal,Not Reported,1,Sin jurisdiccion especial,55,27.73158333,-97.70705556,Volcadura,El primer evento no fue una colision con un vehiculo automotor en transporte,Not an Intersection,No fue interseccion,En el medio,Construccion,Oscuro sin iluminacion,Despejado,No,NO APLICA,99,98,99,98,1,22/09/2022,1
48,Texas,482833,0,0,2,0,209,HAYS (209),0,NO APLICA,9,Septiembre,20,2022,21,58,RM12,8,Otro,Rural,Arteria Menor,Not Reported,0,Sin jurisdiccion especial,214,29.91664722,-98.04703333,Vehiculo en movimiento,Angulo,Not an Intersection,No fue interseccion,Sobre calle,Ninguna,Oscuro sin iluminacion,Despejado,No,NO APLICA,99,99,99,99,1,20/09/2022,2
48,Texas,482834,0,0,3,0,113,DALLAS (113),1730,DALLAS,9,Septiembre,22,2022,11,57,SR-310,3,Highway estatal,Urbano,Arterial Principal -Freeway o ExpressWay,Not Reported,1,Sin jurisdiccion especial,140,32.68207778,-96.73391389,Vehiculo en movimiento,Frente a Detrás,Not an Intersection,No fue interseccion,Sobre calle,Ninguna,Dia total,Nublado,No,NO APLICA,99,99,99,99,1,22/09/2022,3
48,Texas,482835,0,0,1,0,113,DALLAS (113),2590,GARLAND,9,Septiembre,21,2022,3,45,JUPITER RD,6,Calle Local Municipalidad,Urbano,Arteria Menor,Not Reported,0,Sin jurisdiccion especial,6,32.87586944,-96.68326389,Banqueta,El primer evento no fue una colision con un vehiculo automotor en transporte,T-Intersection,Interseccion de T,Isla de trafico para peatones,Construccion,Oscuro con iluminacion,Despejado,No,NO APLICA,99,98,99,98,1,21/09/2022,1
48,Texas,482836,0,0,1,0,49,BROWN (49),0,NO APLICA,9,Septiembre,21,2022,0,2,CR-257,4,Calle del Condado,Rural,Local,Not Reported,0,Sin jurisdiccion especial,0,31.68154722,-98.88131111,Arbol,El primer evento no fue una colision con un vehiculo automotor en transporte,Not an Intersection,No fue interseccion,Sobre el lado de la calle,Ninguna,Oscuro sin iluminacion,Despejado,No,NO APLICA,99,99,99,99,1,21/09/2022,2
48,Texas,482837,1,1,1,0,439,TARRANT (439),2800,GRAND PRAIRIE,9,Septiembre,16,2022,21,31,JEFFERSON ST,6,Calle Local Municipalidad,Urbano,Arteria Menor,Not Reported,0,Sin jurisdiccion especial,0,32.73820278,-97.04409167,Ciclista,El primer evento no fue una colision con un vehiculo automotor en transporte,Not an Intersection,No fue interseccion,Sobre calle,Ninguna,Oscuro sin iluminacion,Despejado,No,NO APLICA,99,99,99,99,1,16/09/2022,1
48,Texas,482838,0,0,2,0,39,BRAZORIA (39),130,ALVIN,9,Septiembre,25,2022,15,21,DICKINSON RD,6,Calle Local Municipalidad,Urbano,Arteria Menor,Not Reported,0,Sin jurisdiccion especial,0,29.42927222,-95.23565,Vehiculo en movimiento,Golpe Lateral - direccion contraria,Not an Intersection,No fue interseccion,Sobre calle,Ninguna,Dia total,Despejado,No,NO APLICA,99,99,99,99,1,25/09/2022,2
48,Texas,482839,0,0,1,0,485,WICHITA (485),0,NO APLICA,9,Septiembre,28,2022,21,31,FM 171,8,Otro,Rural,Colector Mayor,Not Reported,0,Sin jurisdiccion especial,72,34.01029722,-98.44409444,Barda,El primer evento no fue una colision con un vehiculo automotor en transporte,Not an Intersection,No fue interseccion,Fuera de la calle,Ninguna,Oscuro sin iluminacion,Despejado,No,NO APLICA,99,99,99,99,1,28/09/2022,1
48,Texas,482840,1,1,2,0,339,MONTGOMERY (339),1510,CONROE,9,Septiembre,23,2022,21,57,I-45/NORTH FWY,1,Interestatal,Urbano,Interestatal,State Highway Agency,1,Sin jurisdiccion especial,88,30.23528056,-95.45880833,Peaton,El primer evento no fue una colision con un vehiculo automotor en transporte,Not an Intersection,No fue interseccion,Sobre calle,Ninguna,Oscuro sin iluminacion,Despejado,No,NO APLICA,99,99,99,99,1,23/09/2022,3
48,Texas,482841,0,1,4,1,215,HIDALGO (215),1970,DONNA,9,Septiembre,1,2022,12,21,FM 493,8,Otro,Urbano,Arteria Principal,Not Reported,1,Sin jurisdiccion especial,240,26.15441389,-98.04556389,Vehiculo en movimiento,Angulo,Not an Intersection,No fue interseccion,Sobre calle,Ninguna,Dia total,Despejado,No,NO APLICA,99,99,99,99,1,01/09/2022,6
48,Texas,482842,0,0,2,0,491,WILLIAMSON (491),0,NO APLICA,9,Septiembre,24,2022,11,46,FM 1325,8,Otro,Urbano,Arteria Menor,Not Reported,0,Sin jurisdiccion especial,12,30.47233333,-97.69063333,Vehiculo en movimiento,Frente a frente,Four-Way Intersection,Interseccion de 4 direcciones,Sobre calle,Ninguna,Dia total,Despejado,No,NO APLICA,99,99,99,99,1,24/09/2022,3
48,Texas,482843,1,1,2,0,201,HARRIS (201),3280,HOUSTON,9,Septiembre,28,2022,23,12,I-69/US-59/SOUTHWEST FWY,1,Interestatal,Urbano,Interestatal,State Highway Agency,1,Sin jurisdiccion especial,99998,29.72560278,-95.48398889,Peaton,El primer evento no fue una colision con un vehiculo automotor en transporte,Not an Intersection,No fue interseccion,Sobre calle,Ninguna,Oscuro sin iluminacion,Despejado,No,NO APLICA,99,98,99,98,1,28/09/2022,3
48,Texas,482844,0,0,1,0,161,FREESTONE (161),0,NO APLICA,9,Septiembre,29,2022,1,30,CR-381,4,Calle del Condado,Rural,Local,Not Reported,0,Sin jurisdiccion especial,0,31.58625833,-95.99171111,Arbol,El primer evento no fue una colision con un vehiculo automotor en transporte,Not an Intersection,No fue interseccion,Sobre el lado de la calle,Ninguna,Oscuro sin iluminacion,Despejado,No,NO APLICA,99,98,99,98,1,29/09/2022,1
48,Texas,482845,0,0,2,0,245,JEFFERSON (245),5430,PORT ARTHUR,9,Septiembre,27,2022,9,57,SR-73/HENRY O MILLS HWY,3,Highway estatal,Urbano,Arterial Principal -Freeway o ExpressWay,Not Reported,1,Sin jurisdiccion especial,244,29.88452222,-93.99407222,Vehiculo en movimiento,Angulo,Not an Intersection,No fue interseccion,Sobre calle,Ninguna,Dia total,Despejado,No,NO APLICA,99,99,99,99,1,27/09/2022,3
48,Texas,482846,0,0,2,0,139,ELLIS (139),0,NO APLICA,9,Septiembre,5,2022,19,42,FM 157,8,Otro,Rural,Colector Mayor,Not Reported,0,Sin jurisdiccion especial,49,32.34999444,-97.04733056,Vehiculo en movimiento,Frente a frente,Not an Intersection,No fue interseccion,Sobre calle,Ninguna,Atardecer,Despejado,No,NO APLICA,99,99,99,99,1,05/09/2022,3
48,Texas,482847,0,0,1,0,435,SUTTON (435),0,NO APLICA,9,Septiembre,27,2022,15,10,I-10,1,Interestatal,Rural,Interestatal,State Highway Agency,1,Sin jurisdiccion especial,400,30.451425,-100.1749472,Fin de valla,El primer evento no fue una colision con un vehiculo automotor en transporte,Not an Intersection,No fue interseccion,Sobre el lado de la calle,Ninguna,Dia total,Despejado,No,NO APLICA,99,98,99,98,1,27/09/2022,1
48,Texas,482848,1,1,1,0,29,BEXAR (29),6090,SAN ANTONIO,9,Septiembre,30,2022,3,40,I-37,1,Interestatal,Urbano,Interestatal,State Highway Agency,1,Sin jurisdiccion especial,35,29.335225,-98.41885,Peaton,El primer evento no fue una colision con un vehiculo automotor en transporte,Not an Intersection,No fue interseccion,Sobre Acotamiento,Ninguna,Oscuro sin iluminacion,Despejado,No,NO APLICA,99,99,99,99,1,30/09/2022,1
48,Texas,482849,1,1,1,0,141,EL PASO (141),2190,EL PASO,9,Septiembre,25,2022,0,42,US-62 MONTANA,2,US Highway,Urbano,Arteria Principal,Not Reported,1,Sin jurisdiccion especial,157,31.79367778,-106.3655417,Peaton,El primer evento no fue una colision con un vehiculo automotor en transporte,T-Intersection,Interseccion de T,Sobre calle,Ninguna,Oscuro sin iluminacion,Despejado,No,NO APLICA,99,98,99,98,1,25/09/2022,4
48,Texas,482850,0,0,1,0,451,TOM GREEN (451),6080,SAN ANGELO,8,Agosto,18,2022,10,33,US-67 RAMP,2,US Highway,Urbano,Arterial Principal -Freeway o ExpressWay,Not Reported,1,Sin jurisdiccion especial,49,31.44391389,-100.4976194,Arbol,El primer evento no fue una colision con un vehiculo automotor en transporte,Not an Intersection,No fue interseccion,Sobre el lado de la calle,Ninguna,Dia total,Despejado,No,NO APLICA,99,99,99,99,1,18/08/2022,2
48,Texas,482851,0,0,1,0,201,HARRIS (201),3280,HOUSTON,8,Agosto,21,2022,2,50,WASHINGTON AVE,6,Calle Local Municipalidad,Urbano,Arteria Menor,Not Reported,0,Sin jurisdiccion especial,0,29.7699,-95.39953889,Arbol,El primer evento no fue una colision con un vehiculo automotor en transporte,Not an Intersection,No fue interseccion,Sobre el lado de la calle,Ninguna,Oscuro con iluminacion,Despejado,No,NO APLICA,99,99,99,99,1,21/08/2022,1
48,Texas,482852,0,0,1,0,231,HUNT (231),0,NO APLICA,8,Agosto,29,2022,9,0,SR-24,3,Highway estatal,Rural,Arteria Principal,Not Reported,1,Sin jurisdiccion especial,88,33.14538333,-95.96560278,Volcadura,El primer evento no fue una colision con un vehiculo automotor en transporte,Not an Intersection,No fue interseccion,Sobre calle,Ninguna,Dia total,Despejado,No,NO APLICA,99,99,99,99,1,29/08/2022,1
48,Texas,482853,0,0,1,0,339,MONTGOMERY (339),0,NO APLICA,9,Septiembre,17,2022,2,13,FM1485,8,Otro,Rural,Colector Mayor,Not Reported,0,Sin jurisdiccion especial,50,30.14588056,-95.12961944,Alguien se cayo/avento del vehiculo,El primer evento no fue una colision con un vehiculo automotor en transporte,Not an Intersection,No fue interseccion,Sobre calle,Ninguna,Oscuro sin iluminacion,Despejado,No,NO APLICA,99,98,99,98,1,17/09/2022,2
48,Texas,482854,0,0,2,0,423,SMITH (423),0,NO APLICA,9,Septiembre,21,2022,17,57,SR-64,3,Highway estatal,Urbano,Arteria Principal,Not Reported,0,Sin jurisdiccion especial,249,32.32313056,-95.22198889,Vehiculo en movimiento,Angulo,Four-Way Intersection,Interseccion de 4 direcciones,Sobre calle,Ninguna,Dia total,Despejado,No,NO APLICA,99,99,99,99,1,21/09/2022,2
48,Texas,482855,1,1,1,0,347,NACOGDOCHES (347),0,NO APLICA,9,Septiembre,27,2022,20,5,US-59 N,2,US Highway,Rural,Arteria Principal,Not Reported,1,Sin jurisdiccion especial,93,31.75106667,-94.58452222,Peaton,El primer evento no fue una colision con un vehiculo automotor en transporte,Not an Intersection,No fue interseccion,Sobre calle,Ninguna,Oscuro sin iluminacion,Despejado,No,NO APLICA,99,98,99,98,1,27/09/2022,1
48,Texas,482856,0,0,1,0,201,HARRIS (201),3280,HOUSTON,9,Septiembre,24,2022,2,20,I-45,1,Interestatal,Urbano,Interestatal,State Highway Agency,1,Sin jurisdiccion especial,289,29.83048611,-95.38248333,Soporte de Puente,El primer evento no fue una colision con un vehiculo automotor en transporte,Not an Intersection,No fue interseccion,Gore?,Ninguna,Oscuro con iluminacion,Despejado,No,NO APLICA,99,98,99,98,1,24/09/2022,1
48,Texas,482857,1,1,2,0,201,HARRIS (201),3280,HOUSTON,9,Septiembre,25,2022,14,21,SR-3 GALVESTON RD,3,Highway estatal,Urbano,Arteria Principal,Not Reported,1,Sin jurisdiccion especial,60,29.62266944,-95.19768611,Vehiculo en movimiento,Golpe Lateral - direccion contraria,Four-Way Intersection,Interseccion de 4 direcciones,Sobre calle,Ninguna,Dia total,Despejado,No,NO APLICA,99,99,99,99,1,25/09/2022,4
48,Texas,482858,0,0,2,0,215,HIDALGO (215),0,NO APLICA,9,Septiembre,23,2022,23,58,MOOREFIELD RD,6,Calle Local Municipalidad,Urbano,Local,Not Reported,0,Sin jurisdiccion especial,0,26.31705,-98.33931667,Vehiculo en movimiento,Frente a frente,Not an Intersection,No fue interseccion,Sobre calle,Ninguna,Oscuro sin iluminacion,Despejado,No,NO APLICA,99,99,99,99,1,23/09/2022,5
48,Texas,482859,0,0,1,0,439,TARRANT (439),6060,SAGINAW,9,Septiembre,9,2022,4,2,FM 156/BLUE MOUND RD,8,Otro,Urbano,Arteria Menor,Not Reported,0,Sin jurisdiccion especial,301,32.84815,-97.34280556,Banqueta,El primer evento no fue una colision con un vehiculo automotor en transporte,Four-Way Intersection,Interseccion de 4 direcciones,Sobre el lado de la calle,Ninguna,Oscuro con iluminacion,Despejado,No,NO APLICA,99,99,99,99,1,09/09/2022,1
48,Texas,482860,1,1,2,0,201,HARRIS (201),0,NO APLICA,10,Octubre,1,2022,23,56,I-45,7,Calle Local,Urbano,Colector Mayor,State Highway Agency,0,Sin jurisdiccion especial,463,30.06625833,-95.43392778,Peaton,El primer evento no fue una colision con un vehiculo automotor en transporte,Not an Intersection,No fue interseccion,Sobre calle,Ninguna,Oscuro sin iluminacion,Despejado,No,NO APLICA,99,98,99,98,1,01/10/2022,2
48,Texas,482861,1,1,1,0,181,GRAYSON (181),6350,SHERMAN,9,Septiembre,22,2022,18,57,TAYLOR ST,6,Calle Local Municipalidad,Urbano,Arteria Menor,Not Reported,0,Sin jurisdiccion especial,0,33.65652222,-96.60904444,Ciclista,El primer evento no fue una colision con un vehiculo automotor en transporte,Not an Intersection,No fue interseccion,Sobre calle,Ninguna,Dia total,Despejado,No,NO APLICA,99,98,99,98,1,22/09/2022,1
48,Texas,482862,2,2,1,0,121,DENTON (121),3960,LEWISVILLE,9,Septiembre,27,2022,6,12,FM 3040,8,Otro,Urbano,Arteria Principal,Not Reported,0,Sin jurisdiccion especial,128,33.00460278,-96.98269722,Peaton,El primer evento no fue una colision con un vehiculo automotor en transporte,Four-Way Intersection,Interseccion de 4 direcciones,Sobre calle,Ninguna,Oscuro con iluminacion,Despejado,No,NO APLICA,99,99,99,99,2,27/09/2022,1
48,Texas,482863,0,0,2,0,251,JOHNSON (251),0,NO APLICA,9,Septiembre,17,2022,5,21,FM 157,8,Otro,Rural,Colector Mayor,Not Reported,0,Sin jurisdiccion especial,15,32.52597778,-97.113875,Vehiculo en movimiento,Frente a frente,Not an Intersection,No fue interseccion,Sobre calle,Ninguna,Oscuro sin iluminacion,Despejado,No,NO APLICA,99,99,99,99,1,17/09/2022,2
48,Texas,482864,0,0,2,0,113,DALLAS (113),1730,DALLAS,9,Septiembre,19,2022,18,22,SR-12 LP/GREAT TRINITY FOREST,3,Highway estatal,Urbano,Arteria Principal,Not Reported,1,Sin jurisdiccion especial,154,32.69847778,-96.75968056,Vehiculo en movimiento,Frente a Detrás,Not an Intersection,No fue interseccion,Sobre calle,Ninguna,Dia total,Nublado,No,NO APLICA,99,99,99,99,1,19/09/2022,2
48,Texas,482865,1,1,1,0,113,DALLAS (113),2010,DUNCANVILLE,9,Septiembre,30,2022,22,28,US-67,2,US Highway,Urbano,Colector Mayor,Not Reported,0,Sin jurisdiccion especial,110,32.63551111,-96.89689444,Peaton,El primer evento no fue una colision con un vehiculo automotor en transporte,Not an Intersection,No fue interseccion,Sobre calle,Ninguna,Oscuro sin iluminacion,Despejado,No,NO APLICA,99,99,99,99,1,30/09/2022,1
48,Texas,482866,1,1,1,0,61,CAMERON (61),0,NO APLICA,9,Septiembre,25,2022,5,21,I-69 E,1,Interestatal,Rural,Interestatal,State Highway Agency,1,Sin jurisdiccion especial,23,26.32298056,-97.78097778,Peaton,El primer evento no fue una colision con un vehiculo automotor en transporte,Not an Intersection,No fue interseccion,Sobre calle,Ninguna,Oscuro sin iluminacion,Despejado,No,NO APLICA,99,99,99,99,1,25/09/2022,1
48,Texas,482867,0,0,1,0,113,DALLAS (113),4530,MESQUITE,9,Septiembre,24,2022,19,8,LAWSON RD,6,Calle Local Municipalidad,Urbano,Arteria Menor,Not Reported,0,Sin jurisdiccion especial,0,32.70991389,-96.55593056,Arbol,El primer evento no fue una colision con un vehiculo automotor en transporte,Not an Intersection,No fue interseccion,Sobre el lado de la calle,Ninguna,Dia total,Despejado,No,NO APLICA,99,99,99,99,1,24/09/2022,5
48,Texas,482868,1,1,1,0,439,TARRANT (439),2450,FORT WORTH,10,Octubre,1,2022,23,43,I-30,1,Interestatal,Urbano,Interestatal,State Highway Agency,1,Sin jurisdiccion especial,207,32.73258889,-97.37333333,Peaton,El primer evento no fue una colision con un vehiculo automotor en transporte,Not an Intersection,No fue interseccion,Sobre calle,Ninguna,Oscuro sin iluminacion,Despejado,No,NO APLICA,99,99,99,99,1,01/10/2022,2
48,Texas,482869,1,1,2,0,201,HARRIS (201),3280,HOUSTON,9,Septiembre,23,2022,18,29,GESSNER RD,6,Calle Local Municipalidad,Urbano,Arteria Principal,Not Reported,0,Sin jurisdiccion especial,0,29.72240278,-95.5393,Peaton,El primer evento no fue una colision con un vehiculo automotor en transporte,Not an Intersection,No fue interseccion,Sobre el lado de la calle,Ninguna,Dia total,Despejado,No,NO APLICA,99,99,99,99,1,23/09/2022,2
48,Texas,482870,1,1,1,0,453,TRAVIS (453),330,AUSTIN,10,Octubre,1,2022,20,0,SR-275 LP/LAMAR BLVD,3,Highway estatal,Urbano,Arteria Menor,Not Reported,0,Sin jurisdiccion especial,53,30.35432222,-97.70435556,Peaton,El primer evento no fue una colision con un vehiculo automotor en transporte,Not an Intersection,No fue interseccion,Sobre calle,Ninguna,Dia total,Despejado,No,NO APLICA,99,98,99,98,1,01/10/2022,5
48,Texas,482871,0,0,1,0,367,PARKER (367),0,NO APLICA,9,Septiembre,9,2022,21,15,CR-ADVANCE RD,4,Calle del Condado,Rural,Local,Not Reported,0,Sin jurisdiccion especial,0,32.96195,-97.92719444,Arbol,El primer evento no fue una colision con un vehiculo automotor en transporte,Not an Intersection,No fue interseccion,Sobre el lado de la calle,Ninguna,Oscuro sin iluminacion,Despejado,No,NO APLICA,99,98,99,98,1,09/09/2022,1
48,Texas,482872,0,0,2,0,361,ORANGE (361),885,BRIDGE CITY,9,Septiembre,30,2022,17,13,FM 1442,8,Otro,Urbano,Arteria Principal,Not Reported,0,Sin jurisdiccion especial,10,30.055275,-93.90370556,Vehiculo en movimiento,Angulo,Four-Way Intersection,Interseccion de 4 direcciones,Sobre calle,Construccion,Dia total,Despejado,No,NO APLICA,99,98,99,98,1,30/09/2022,3
48,Texas,482873,0,0,1,0,201,HARRIS (201),7286,WEBSTER,9,Septiembre,24,2022,20,30,FM 528,8,Otro,Urbano,Arteria Principal,Not Reported,1,Sin jurisdiccion especial,29,29.52683056,-95.13331111,Banqueta,El primer evento no fue una colision con un vehiculo automotor en transporte,Not an Intersection,No fue interseccion,Gore?,Ninguna,Oscuro con iluminacion,Despejado,No,NO APLICA,99,99,99,99,1,24/09/2022,1
48,Texas,482874,0,0,2,0,141,EL PASO (141),2190,EL PASO,10,Octubre,2,2022,20,1,I-10,1,Interestatal,Urbano,Interestatal,State Highway Agency,1,Sin jurisdiccion especial,312,31.73693889,-106.321275,Barrera de Trafico de Concreto,El primer evento no fue una colision con un vehiculo automotor en transporte,Not an Intersection,No fue interseccion,En el medio,Ninguna,Dia total,Despejado,No,NO APLICA,99,98,99,98,1,02/10/2022,2
48,Texas,482875,0,0,1,0,225,HOUSTON (225),0,NO APLICA,9,Septiembre,23,2022,14,19,CR-2300,4,Calle del Condado,Rural,Colector Menor,Not Reported,0,Sin jurisdiccion especial,0,31.53049444,-95.517075,Valla Ferrocarril,El primer evento no fue una colision con un vehiculo automotor en transporte,Not an Intersection,No fue interseccion,Sobre el lado de la calle,Ninguna,Dia total,Despejado,No,NO APLICA,99,98,99,98,1,23/09/2022,1
48,Texas,482876,0,0,1,0,67,CASS (67),0,NO APLICA,9,Septiembre,25,2022,1,28,SR-77,3,Highway estatal,Urbano,Arteria Menor,Not Reported,0,Sin jurisdiccion especial,266,33.13311944,-94.24522778,Culvert,El primer evento no fue una colision con un vehiculo automotor en transporte,Not an Intersection,No fue interseccion,Sobre el lado de la calle,Ninguna,Oscuro sin iluminacion,Despejado,No,NO APLICA,99,98,99,98,1,25/09/2022,1
48,Texas,482877,0,0,1,0,71,CHAMBERS (71),0,NO APLICA,10,Octubre,2,2022,0,10,FM 565,8,Otro,Urbano,Colector Mayor,Not Reported,0,Sin jurisdiccion especial,129,29.78445556,-94.87349167,Banqueta,El primer evento no fue una colision con un vehiculo automotor en transporte,Not an Intersection,No fue interseccion,Sobre el lado de la calle,Ninguna,Oscuro sin iluminacion,Despejado,No,NO APLICA,99,99,99,99,1,02/10/2022,2
48,Texas,482878,0,0,2,0,1,ANDERSON (1),0,NO APLICA,10,Octubre,2,2022,6,8,US-84,2,US Highway,Rural,Arteria Menor,Not Reported,0,Sin jurisdiccion especial,0,31.75316111,-95.58869722,Vehiculo en movimiento,Frente a frente,T-Intersection,Interseccion de T,Sobre calle,Ninguna,Oscuro sin iluminacion,Despejado,No,NO APLICA,99,99,99,99,1,02/10/2022,2
48,Texas,482879,0,0,3,0,201,HARRIS (201),3280,HOUSTON,9,Septiembre,29,2022,18,53,WESTPARK DR,6,Calle Local Municipalidad,Urbano,Arteria Principal,Not Reported,0,Sin jurisdiccion especial,0,29.72148611,-95.52044167,Vehiculo en movimiento,Angulo,Four-Way Intersection,Interseccion de 4 direcciones,Sobre calle,Ninguna,Dia total,Nublado,No,NO APLICA,99,99,99,99,1,29/09/2022,7
48,Texas,482880,1,1,2,0,113,DALLAS (113),3420,IRVING,9,Septiembre,24,2022,20,54,SR-183,3,Highway estatal,Urbano,Arterial Principal -Freeway o ExpressWay,Not Reported,1,Sin jurisdiccion especial,39,32.83704167,-96.98415833,Peaton,El primer evento no fue una colision con un vehiculo automotor en transporte,Not an Intersection,No fue interseccion,Sobre calle,Ninguna,Oscuro con iluminacion,Despejado,No,NO APLICA,99,98,99,98,1,24/09/2022,2
48,Texas,482881,1,1,3,0,113,DALLAS (113),2010,DUNCANVILLE,9,Septiembre,14,2022,21,40,I-20,1,Interestatal,Urbano,Interestatal,State Highway Agency,1,Sin jurisdiccion especial,79,32.66751111,-96.91903056,Vehiculo en movimiento,Angulo,Not an Intersection,No fue interseccion,Sobre calle,Ninguna,Oscuro sin iluminacion,Despejado,No,NO APLICA,99,99,99,99,1,14/09/2022,2
48,Texas,482882,1,1,1,0,453,TRAVIS (453),330,AUSTIN,9,Septiembre,30,2022,22,54,S CONGRESS AVE,6,Calle Local Municipalidad,Urbano,Arteria Menor,Not Reported,0,Sin jurisdiccion especial,0,30.2203,-97.76551944,Peaton,El primer evento no fue una colision con un vehiculo automotor en transporte,T-Intersection,Interseccion de T,Sobre calle,Ninguna,Oscuro sin iluminacion,Despejado,No,NO APLICA,99,98,99,98,1,30/09/2022,2
48,Texas,482883,0,0,2,0,303,LUBBOCK (303),0,NO APLICA,9,Septiembre,25,2022,12,51,FM 1585,8,Otro,Urbano,Arteria Menor,Not Reported,0,Sin jurisdiccion especial,162,33.4763,-101.8531556,Vehiculo en movimiento,Angulo,Four-Way Intersection,Interseccion de 4 direcciones,Sobre calle,Construccion,Dia total,Despejado,No,NO APLICA,99,99,99,99,1,25/09/2022,3
48,Texas,482884,0,0,2,0,59,CALLAHAN (59),0,NO APLICA,9,Septiembre,26,2022,5,27,SR-36,3,Highway estatal,Rural,Arteria Menor,Not Reported,0,Sin jurisdiccion especial,142,32.23427222,-99.43680278,Vehiculo en movimiento,Frente a frente,Not an Intersection,No fue interseccion,Sobre calle,Ninguna,Oscuro sin iluminacion,Despejado,No,NO APLICA,99,99,99,99,1,26/09/2022,2
48,Texas,482885,0,0,1,0,459,UPSHUR (459),0,NO APLICA,9,Septiembre,21,2022,18,31,FM 2685,8,Otro,Rural,Colector Mayor,Not Reported,0,Sin jurisdiccion especial,37,32.64601667,-94.96376667,Arbol,El primer evento no fue una colision con un vehiculo automotor en transporte,Not an Intersection,No fue interseccion,Sobre el lado de la calle,Ninguna,Dia total,Despejado,No,NO APLICA,99,99,99,99,1,21/09/2022,1
48,Texas,482886,0,0,1,0,465,VAL VERDE (465),0,NO APLICA,9,Septiembre,26,2022,4,26,US-277/DR FERMIN CALDERON BLVD,2,US Highway,Rural,Arteria Principal,Not Reported,1,Sin jurisdiccion especial,110,29.27223333,-100.7659861,Volcadura,El primer evento no fue una colision con un vehiculo automotor en transporte,Not an Intersection,No fue interseccion,Sobre el lado de la calle,Ninguna,Oscuro sin iluminacion,Despejado,No,NO APLICA,99,99,99,99,1,26/09/2022,8
48,Texas,482887,1,1,1,0,463,UVALDE (463),0,NO APLICA,9,Septiembre,25,2022,6,35,US-90,2,US Highway,Rural,Arteria Principal,Not Reported,1,Sin jurisdiccion especial,51,29.31208611,-99.58425278,Peaton,El primer evento no fue una colision con un vehiculo automotor en transporte,Not an Intersection,No fue interseccion,Sobre calle,Ninguna,Oscuro sin iluminacion,Despejado,No,NO APLICA,99,98,99,98,1,25/09/2022,2
48,Texas,482888,0,0,1,0,201,HARRIS (201),3280,HOUSTON,9,Septiembre,3,2022,14,20,MARTIN LUTHER KING BLVD,6,Calle Local Municipalidad,Urbano,Arteria Menor,Not Reported,0,Sin jurisdiccion especial,0,29.70501389,-95.33411667,Soporte de  señalamiento de transito,El primer evento no fue una colision con un vehiculo automotor en transporte,Not an Intersection,No fue interseccion,Sobre el lado de la calle,Ninguna,Dia total,lluvia,No,NO APLICA,99,98,99,98,1,03/09/2022,1