Estado,Nombre de Estado,Numero de Caso,Peatones,Personas _no_vehiculos,Vehiculos automotores,Vehiculos estacionados,Condado,Nombre Condado,Ciudad,Nombre Ciudad,Mes,Nombre Mes,Dia,Año,Hora,Minuto,Calle,Ruta,Nombre Ruta,Rural o Urbanoo,Sistema Funcional,Dueño Calle,Sistema Nacional Carreteras,Jurisdiccion Especial,Milla,Latitud,Longitud,Causa del Accidente,Tipo de Accidente,Tipo Interseccion,Columna1,Lugar en la calle,Zona de Trabajo,Luz,Clima,Autobus Escolar,Cruce de Trenes,Hora Notificacion,Minuto Notificacion,Hora Llegada,Minuto Llegada,Decesos,Fecha,PersonaVehiculo
48,Texas,482889,0,0,3,2,29,BEXAR (29),6090,SAN ANTONIO,10,Octubre,3,2022,0,32,PINE ST,6,Calle Local Municipalidad,Urbano,Colector Mayor,Not Reported,0,Sin jurisdiccion especial,0,29.41418611,-98.47031111,Vehiculo Aparcado,El primer evento no fue una colision con un vehiculo automotor en transporte,Not an Intersection,No fue interseccion,En estacionamiento,Ninguna,Oscuro con iluminacion,Despejado,No,NO APLICA,99,98,99,98,1,03/10/2022,1
48,Texas,482890,0,0,2,0,113,DALLAS (113),4530,MESQUITE,9,Septiembre,18,2022,21,45,BIG TOWN BLVD,6,Calle Local Municipalidad,Urbano,Arteria Menor,Not Reported,0,Sin jurisdiccion especial,0,32.79235556,-96.66842222,Vehiculo en movimiento,Angulo,Four-Way Intersection,Interseccion de 4 direcciones,Sobre calle,Ninguna,Oscuro con iluminacion,Despejado,No,NO APLICA,99,99,99,99,1,18/09/2022,4
48,Texas,482891,0,0,1,0,439,TARRANT (439),2450,FORT WORTH,9,Septiembre,11,2022,22,3,US-81,7,Calle Local,Urbano,Arteria Menor,Not Reported,0,Sin jurisdiccion especial,147,32.92417778,-97.356825,Banqueta,El primer evento no fue una colision con un vehiculo automotor en transporte,Roundabout,Glorieta,Sobre el lado de la calle,Ninguna,Oscuro sin iluminacion,Despejado,No,NO APLICA,99,99,99,99,1,11/09/2022,1
48,Texas,482892,1,1,1,0,113,DALLAS (113),1730,DALLAS,10,Octubre,2,2022,2,55,I-30/ RL THORNTON FWY,1,Interestatal,Urbano,Interestatal,State Highway Agency,1,Sin jurisdiccion especial,63,32.79073611,-96.76011667,Peaton,El primer evento no fue una colision con un vehiculo automotor en transporte,Not an Intersection,No fue interseccion,Sobre calle,Ninguna,Oscuro con iluminacion,Despejado,No,NO APLICA,99,98,99,98,1,02/10/2022,1
48,Texas,482893,1,1,2,0,299,LLANO (299),0,NO APLICA,9,Septiembre,17,2022,2,38,RM 1431,8,Otro,Rural,Colector Mayor,Not Reported,0,Sin jurisdiccion especial,66,30.709425,-98.46757778,Peaton,El primer evento no fue una colision con un vehiculo automotor en transporte,Not an Intersection,No fue interseccion,Sobre calle,Ninguna,Oscuro sin iluminacion,Despejado,No,NO APLICA,99,98,99,98,1,17/09/2022,4
48,Texas,482894,0,0,2,0,309,MCLENNAN (309),0,NO APLICA,9,Septiembre,29,2022,10,27,US-84,2,US Highway,Rural,Arteria Principal,Not Reported,1,Sin jurisdiccion especial,46,31.61714444,-97.05255278,Vehiculo en movimiento,Frente a Detrás,T-Intersection,Interseccion de T,Sobre calle,Ninguna,Dia total,Despejado,No,NO APLICA,99,98,99,98,1,29/09/2022,2
48,Texas,482895,1,1,1,0,427,STARR (427),5780,RIO GRANDE CITY,9,Septiembre,20,2022,21,33,US-83,2,US Highway,Urbano,Arteria Principal,Not Reported,1,Sin jurisdiccion especial,277,26.37151389,-98.85151667,Peaton,El primer evento no fue una colision con un vehiculo automotor en transporte,Not an Intersection,No fue interseccion,Sobre calle,Ninguna,Oscuro sin iluminacion,Despejado,No,NO APLICA,99,99,99,99,1,20/09/2022,2
48,Texas,482896,0,0,2,0,355,NUECES (355),1550,CORPUS CHRISTI,10,Octubre,1,2022,0,45,SR-358/PADRE ISLAND DR,3,Highway estatal,Urbano,Arterial Principal -Freeway o ExpressWay,Not Reported,1,Sin jurisdiccion especial,127,27.688825,-97.33109167,Vehiculo en movimiento,Frente a frente,Not an Intersection,No fue interseccion,Sobre calle,Ninguna,Oscuro con iluminacion,Despejado,No,NO APLICA,99,99,99,99,1,01/10/2022,2
48,Texas,482897,1,1,1,0,29,BEXAR (29),6090,SAN ANTONIO,10,Octubre,3,2022,7,55,AUSTIN HWY RD,6,Calle Local Municipalidad,Urbano,Arteria Menor,Not Reported,0,Sin jurisdiccion especial,0,29.50366389,-98.41662778,Peaton,El primer evento no fue una colision con un vehiculo automotor en transporte,T-Intersection,Interseccion de T,Sobre calle,Ninguna,Dia total,Despejado,No,NO APLICA,99,99,99,99,1,03/10/2022,1
48,Texas,482898,0,0,1,0,145,FALLS (145),0,NO APLICA,9,Septiembre,11,2022,1,40,CR-159,4,Calle del Condado,Rural,Local,Not Reported,0,Sin jurisdiccion especial,0,31.412675,-96.75799444,Valla Ferrocarril,El primer evento no fue una colision con un vehiculo automotor en transporte,Not an Intersection,No fue interseccion,Sobre el lado de la calle,Ninguna,Oscuro sin iluminacion,Despejado,No,NO APLICA,99,99,99,99,1,11/09/2022,3
48,Texas,482899,0,0,5,0,439,TARRANT (439),502,BEDFORD,9,Septiembre,24,2022,14,31,SR-121,3,Highway estatal,Urbano,Arterial Principal -Freeway o ExpressWay,Not Reported,1,Sin jurisdiccion especial,129,32.8649,-97.10190278,Vehiculo en movimiento,Frente a Detrás,Not an Intersection,No fue interseccion,Sobre calle,Ninguna,Dia total,Despejado,No,NO APLICA,99,99,99,99,1,24/09/2022,7
48,Texas,482900,1,1,1,0,453,TRAVIS (453),5325,PFLUGERVILLE,9,Septiembre,28,2022,21,20,FM 1825/PECAN ST,8,Otro,Urbano,Arteria Menor,Not Reported,0,Sin jurisdiccion especial,4,30.44838889,-97.65511111,Peaton,El primer evento no fue una colision con un vehiculo automotor en transporte,Not an Intersection,No fue interseccion,Sobre calle,Ninguna,Oscuro sin iluminacion,Despejado,No,NO APLICA,99,99,99,99,1,28/09/2022,4
48,Texas,482901,0,0,2,0,355,NUECES (355),1550,CORPUS CHRISTI,10,Octubre,1,2022,17,18,FM 665/OLD BROWNSVILLE RD,8,Otro,Urbano,Arteria Menor,Not Reported,0,Sin jurisdiccion especial,213,27.75213333,-97.46598056,Vehiculo en movimiento,Angulo,Not an Intersection,No fue interseccion,Sobre calle,Ninguna,Dia total,Despejado,No,NO APLICA,99,99,99,99,1,01/10/2022,3
48,Texas,482902,1,1,2,0,13,ATASCOSA (13),0,NO APLICA,9,Septiembre,21,2022,5,8,I-37,1,Interestatal,Rural,Interestatal,State Highway Agency,1,Sin jurisdiccion especial,190,29.11550556,-98.43173333,Vehiculo en movimiento,Golpe Lateral - misma direccion,Not an Intersection,No fue interseccion,Sobre calle,Ninguna,Oscuro sin iluminacion,Despejado,No,NO APLICA,99,98,99,98,1,21/09/2022,1
48,Texas,482903,0,0,2,0,85,COLLIN (85),92,ALLEN,9,Septiembre,11,2022,23,59,SAM RAYBURN TOLLWAY,8,Otro,Urbano,Arterial Principal -Freeway o ExpressWay,Not Reported,0,Sin jurisdiccion especial,99998,33.127925,-96.72426667,Vehiculo en movimiento,Frente a Detrás,Not an Intersection,No fue interseccion,Sobre calle,Ninguna,Oscuro con iluminacion,Despejado,No,NO APLICA,99,99,99,99,1,11/09/2022,2
48,Texas,482904,1,1,1,0,161,FREESTONE (161),0,NO APLICA,9,Septiembre,9,2022,15,47,I-45,1,Interestatal,Rural,Interestatal,State Highway Agency,1,Sin jurisdiccion especial,119,31.639375,-96.15835,Peaton,El primer evento no fue una colision con un vehiculo automotor en transporte,Not an Intersection,No fue interseccion,Sobre Acotamiento,Ninguna,Dia total,Despejado,No,NO APLICA,99,98,99,98,1,09/09/2022,1
48,Texas,482905,1,1,3,0,439,TARRANT (439),2450,FORT WORTH,9,Septiembre,30,2022,20,1,SYCAMORE SCHOOL RD,6,Calle Local Municipalidad,Urbano,Colector Mayor,Not Reported,0,Sin jurisdiccion especial,0,32.63519444,-97.3325,Ciclista,El primer evento no fue una colision con un vehiculo automotor en transporte,Not an Intersection,No fue interseccion,Sobre calle,Ninguna,Oscuro sin iluminacion,Despejado,No,NO APLICA,99,98,99,98,1,30/09/2022,3
48,Texas,482906,0,0,3,0,201,HARRIS (201),480,BAYTOWN,9,Septiembre,18,2022,2,48,I-10,1,Interestatal,Urbano,Interestatal,State Highway Agency,1,Sin jurisdiccion especial,249,29.80793611,-94.96564167,Vehiculo en movimiento,Frente a frente,Not an Intersection,No fue interseccion,Sobre calle,Ninguna,Oscuro sin iluminacion,Despejado,No,NO APLICA,99,99,99,99,1,18/09/2022,4
48,Texas,482907,0,0,1,0,145,FALLS (145),0,NO APLICA,9,Septiembre,11,2022,6,19,FM 147,8,Otro,Rural,Colector Mayor,Not Reported,0,Sin jurisdiccion especial,101,31.38437222,-96.76187222,Barda,El primer evento no fue una colision con un vehiculo automotor en transporte,Not an Intersection,No fue interseccion,Fuera de la calle,Ninguna,Oscuro sin iluminacion,Despejado,No,NO APLICA,99,98,99,98,1,11/09/2022,1
48,Texas,482908,0,0,2,0,85,COLLIN (85),5390,PLANO,10,Octubre,3,2022,5,11,SR-289,7,Calle Local,Urbano,Colector Mayor,Not Reported,0,Sin jurisdiccion especial,234,33.09628611,-96.80593333,Vehiculo en movimiento,Angulo,Four-Way Intersection,Interseccion de 4 direcciones,Sobre calle,Ninguna,Oscuro sin iluminacion,Despejado,No,NO APLICA,99,99,99,99,1,03/10/2022,2
48,Texas,482909,0,0,1,0,201,HARRIS (201),0,NO APLICA,10,Octubre,2,2022,19,17,I-45/NORTH FWY RAMP,1,Interestatal,Urbano,Interestatal,State Highway Agency,1,Sin jurisdiccion especial,380,29.95321111,-95.41759167,Otro objeto (fijo),El primer evento no fue una colision con un vehiculo automotor en transporte,Not an Intersection,No fue interseccion,Gore?,Ninguna,Dia total,Despejado,No,NO APLICA,99,98,99,98,1,02/10/2022,1
48,Texas,482910,1,1,1,0,183,GREGG (183),4080,LONGVIEW,10,Octubre,4,2022,4,45,COTTON ST,6,Calle Local Municipalidad,Urbano,Arteria Menor,Not Reported,0,Sin jurisdiccion especial,0,32.492,-94.70273889,No vehiculo o remolque,El primer evento no fue una colision con un vehiculo automotor en transporte,Not an Intersection,No fue interseccion,Sobre calle,Ninguna,Oscuro sin iluminacion,Despejado,No,NO APLICA,99,98,99,98,1,04/10/2022,1
48,Texas,482911,0,0,2,0,209,HAYS (209),0,NO APLICA,9,Septiembre,20,2022,10,16,FM 621,8,Otro,Urbano,Colector Mayor,Not Reported,0,Sin jurisdiccion especial,145,29.83566944,-97.90515556,Vehiculo en movimiento,Angulo,Four-Way Intersection,Interseccion de 4 direcciones,Sobre calle,Ninguna,Dia total,Despejado,No,NO APLICA,99,99,99,99,1,20/09/2022,6
48,Texas,482912,0,0,2,0,423,SMITH (423),0,NO APLICA,9,Septiembre,24,2022,2,29,SR-155,3,Highway estatal,Rural,Arteria Menor,Not Reported,0,Sin jurisdiccion especial,43,32.50626389,-95.16785278,Vehiculo en movimiento,Frente a frente,Not an Intersection,No fue interseccion,Sobre calle,Ninguna,Oscuro sin iluminacion,Despejado,No,NO APLICA,99,99,99,99,1,24/09/2022,2
48,Texas,482913,0,0,2,0,201,HARRIS (201),0,NO APLICA,9,Septiembre,25,2022,11,4,FM 2920,8,Otro,Rural,Arteria Principal,Not Reported,0,Sin jurisdiccion especial,29,30.06563333,-95.87442222,Vehiculo en movimiento,Angulo,Four-Way Intersection,Interseccion de 4 direcciones,Sobre calle,Ninguna,Dia total,Despejado,No,NO APLICA,99,99,99,99,3,25/09/2022,6
48,Texas,482914,0,0,1,0,467,VAN ZANDT (467),0,NO APLICA,9,Septiembre,24,2022,17,51,FM 1255,8,Otro,Rural,Colector Mayor,Not Reported,0,Sin jurisdiccion especial,22,32.547475,-95.83299722,Barda,El primer evento no fue una colision con un vehiculo automotor en transporte,Not an Intersection,No fue interseccion,Fuera de la calle,Ninguna,Dia total,Despejado,No,NO APLICA,99,99,99,99,1,24/09/2022,1
48,Texas,482915,0,0,1,0,271,KINNEY (271),0,NO APLICA,10,Octubre,2,2022,12,28,SR-131,3,Highway estatal,Rural,Colector Mayor,Not Reported,0,Sin jurisdiccion especial,36,29.25409444,-100.4074306,Volcadura,El primer evento no fue una colision con un vehiculo automotor en transporte,Not an Intersection,No fue interseccion,Sobre el lado de la calle,Ninguna,Dia total,Despejado,No,NO APLICA,99,99,99,99,3,02/10/2022,6
48,Texas,482916,1,1,1,0,201,HARRIS (201),3280,HOUSTON,9,Septiembre,26,2022,1,25,CLEARWOOD DR,6,Calle Local Municipalidad,Urbano,Arteria Menor,Not Reported,0,Sin jurisdiccion especial,0,29.63457222,-95.24636667,Peaton,El primer evento no fue una colision con un vehiculo automotor en transporte,T-Intersection,Interseccion de T,Sobre calle,Ninguna,Oscuro con iluminacion,Despejado,No,NO APLICA,99,98,99,98,1,26/09/2022,4
48,Texas,482917,0,0,2,0,27,BELL (27),3027,HARKER HEIGHTS,9,Septiembre,23,2022,21,12,I-14/CENTRAL TEXAS EXPY,1,Interestatal,Urbano,Interestatal,State Highway Agency,1,Sin jurisdiccion especial,113,31.07791389,-97.65102778,Vehiculo en movimiento,Frente a Detrás,Not an Intersection,No fue interseccion,Sobre calle,Construccion,Oscuro con iluminacion,Despejado,No,NO APLICA,99,99,99,99,1,23/09/2022,2
48,Texas,482918,0,0,2,1,215,HIDALGO (215),0,NO APLICA,7,Julio,2,2022,3,30,CR-TOWER RD,4,Calle del Condado,Urbano,Local,Not Reported,0,Sin jurisdiccion especial,0,26.25487222,-98.09891111,Barda,El primer evento no fue una colision con un vehiculo automotor en transporte,Not an Intersection,No fue interseccion,Fuera de la calle,Ninguna,Oscuro con iluminacion,Despejado,No,NO APLICA,99,98,99,98,1,02/07/2022,1
48,Texas,482919,0,0,3,0,423,SMITH (423),7070,TYLER,10,Octubre,2,2022,20,24,SR-64/ERWIN ST,3,Highway estatal,Urbano,Arteria Principal,Not Reported,1,Sin jurisdiccion especial,75,32.35503333,-95.34990556,Vehiculo en movimiento,Frente a frente,Not an Intersection,No fue interseccion,Sobre calle,Ninguna,Oscuro sin iluminacion,Despejado,No,NO APLICA,99,99,99,99,1,02/10/2022,5
48,Texas,482920,0,0,3,0,83,COLEMAN (83),0,NO APLICA,9,Septiembre,24,2022,16,35,US-84,2,US Highway,Rural,Arteria Principal,Not Reported,1,Sin jurisdiccion especial,61,31.80771944,-99.39444444,Vehiculo en movimiento,Frente a frente,Not an Intersection,No fue interseccion,Sobre calle,Ninguna,Dia total,Despejado,No,NO APLICA,99,99,99,99,2,24/09/2022,3
48,Texas,482921,0,0,2,0,279,LAMB (279),0,NO APLICA,9,Septiembre,28,2022,6,38,FM 54,8,Otro,Rural,Colector Mayor,Not Reported,0,Sin jurisdiccion especial,31,33.91712222,-102.2655111,Vehiculo en movimiento,Angulo,Not an Intersection,No fue interseccion,Sobre calle,Ninguna,Oscuro sin iluminacion,Despejado,No,NO APLICA,99,99,99,99,1,28/09/2022,2
48,Texas,482922,1,1,1,0,303,LUBBOCK (303),0,NO APLICA,9,Septiembre,29,2022,21,58,SR-114/LEVELLAND HWY,3,Highway estatal,Urbano,Arteria Menor,Not Reported,0,Sin jurisdiccion especial,75,33.57781667,-102.0383139,Peaton,El primer evento no fue una colision con un vehiculo automotor en transporte,Not an Intersection,No fue interseccion,Sobre calle,Ninguna,Oscuro sin iluminacion,Despejado,No,NO APLICA,99,98,99,98,1,29/09/2022,1
48,Texas,482923,1,1,1,0,65,CARSON (65),0,NO APLICA,8,Agosto,28,2022,19,38,FM 2575,8,Otro,Rural,Colector Mayor,Not Reported,0,Sin jurisdiccion especial,13,35.22120833,-101.59925,Peaton,El primer evento no fue una colision con un vehiculo automotor en transporte,Not an Intersection,No fue interseccion,Sobre calle,Ninguna,Dia total,Despejado,No,NO APLICA,99,99,99,99,1,28/08/2022,2
48,Texas,482924,0,0,2,0,177,GONZALES (177),0,NO APLICA,9,Septiembre,24,2022,1,8,FM 1117,8,Otro,Rural,Colector Mayor,Not Reported,0,Sin jurisdiccion especial,52,29.3281,-97.78796667,Vehiculo en movimiento,Frente a frente,Not an Intersection,No fue interseccion,Sobre calle,Ninguna,Oscuro sin iluminacion,Despejado,No,NO APLICA,99,99,99,99,1,24/09/2022,2
48,Texas,482926,0,0,2,0,27,BELL (27),3027,HARKER HEIGHTS,10,Octubre,2,2022,8,57,US-190,2,US Highway,Urbano,Arteria Principal,Not Reported,1,Sin jurisdiccion especial,81,31.08774444,-97.65763333,Vehiculo en movimiento,Angulo,Not an Intersection,No fue interseccion,Sobre calle,Ninguna,Dia total,Despejado,No,NO APLICA,99,98,99,98,1,02/10/2022,2
48,Texas,482927,1,1,1,0,453,TRAVIS (453),330,AUSTIN,9,Septiembre,23,2022,6,44,I-35 SVRD SB,7,Calle Local,Urbano,Colector Mayor,Not Reported,0,Sin jurisdiccion especial,263,30.37856111,-97.67569444,Peaton,El primer evento no fue una colision con un vehiculo automotor en transporte,Not an Intersection,No fue interseccion,Sobre calle,Ninguna,Oscuro sin iluminacion,Despejado,No,NO APLICA,99,98,99,98,1,23/09/2022,1
48,Texas,482929,1,1,1,0,347,NACOGDOCHES (347),4810,NACOGDOCHES,10,Octubre,4,2022,2,58,MARTIN LUTHER KING JR BLVD,6,Calle Local Municipalidad,Urbano,Colector Mayor,Not Reported,0,Sin jurisdiccion especial,0,31.59250833,-94.65137222,Peaton,El primer evento no fue una colision con un vehiculo automotor en transporte,Not an Intersection,No fue interseccion,Sobre calle,Ninguna,Oscuro sin iluminacion,Despejado,No,NO APLICA,99,98,99,98,1,04/10/2022,1
48,Texas,482930,0,0,2,0,85,COLLIN (85),92,ALLEN,9,Septiembre,20,2022,14,57,US-75/CENTRAL EXPY,2,US Highway,Urbano,Arterial Principal -Freeway o ExpressWay,Not Reported,1,Sin jurisdiccion especial,41,33.12951111,-96.66000833,Vehiculo en movimiento,Golpe Lateral - misma direccion,Not an Intersection,No fue interseccion,Sobre calle,Ninguna,Dia total,Despejado,No,NO APLICA,99,98,99,98,1,20/09/2022,2
48,Texas,482931,0,0,1,0,85,COLLIN (85),0,NO APLICA,9,Septiembre,21,2022,22,35,FM 982,8,Otro,Rural,Colector Mayor,Not Reported,0,Sin jurisdiccion especial,88,33.06718333,-96.50412778,Arbol,El primer evento no fue una colision con un vehiculo automotor en transporte,Not an Intersection,No fue interseccion,Sobre el lado de la calle,Ninguna,Oscuro sin iluminacion,Despejado,No,NO APLICA,99,98,99,98,1,21/09/2022,1
48,Texas,482932,0,0,2,0,99,CORYELL (99),2610,GATESVILLE,9,Septiembre,23,2022,7,20,SR-36,3,Highway estatal,Urbano,Colector Mayor,Not Reported,0,Sin jurisdiccion especial,140,31.47178333,-97.71896667,Vehiculo en movimiento,Angulo,Four-Way Intersection,Interseccion de 4 direcciones,Sobre calle,Ninguna,Dia total,Despejado,No,NO APLICA,99,99,99,99,1,23/09/2022,3
48,Texas,482933,2,2,2,1,229,HUDSPETH (229),0,NO APLICA,9,Septiembre,7,2022,20,25,US-62,2,US Highway,Rural,Colector Mayor,Not Reported,0,Sin jurisdiccion especial,137,31.84624167,-105.7811778,Peaton,El primer evento no fue una colision con un vehiculo automotor en transporte,Not an Intersection,No fue interseccion,Sobre Acotamiento,Ninguna,Oscuro sin iluminacion,Despejado,No,NO APLICA,99,99,99,99,1,07/09/2022,1
48,Texas,482934,0,0,1,0,453,TRAVIS (453),330,AUSTIN,8,Agosto,28,2022,22,20,N LAMAR BLVD,6,Calle Local Municipalidad,Urbano,Arteria Menor,Not Reported,0,Sin jurisdiccion especial,17,30.40176667,-97.67931389,Soporte de  señalamiento de transito,El primer evento no fue una colision con un vehiculo automotor en transporte,T-Intersection,Interseccion de T,Sobre el lado de la calle,Ninguna,Oscuro sin iluminacion,Despejado,No,NO APLICA,99,99,99,99,1,28/08/2022,1
48,Texas,482935,0,0,3,0,171,GILLESPIE (171),0,NO APLICA,9,Septiembre,27,2022,15,6,US-87,2,US Highway,Rural,Arteria Principal,Not Reported,1,Sin jurisdiccion especial,222,30.21871944,-98.86996667,Vehiculo en movimiento,Frente a Detrás,T-Intersection,Interseccion de T,Sobre calle,Ninguna,Dia total,Despejado,No,NO APLICA,99,99,99,99,2,27/09/2022,5
48,Texas,482936,0,0,1,0,29,BEXAR (29),6090,SAN ANTONIO,9,Septiembre,24,2022,5,20,SR-1604 LOOP,3,Highway estatal,Urbano,Arterial Principal -Freeway o ExpressWay,Not Reported,1,Sin jurisdiccion especial,302,29.60064722,-98.43684444,Volcadura,El primer evento no fue una colision con un vehiculo automotor en transporte,Not an Intersection,No fue interseccion,Sobre Acotamiento,Ninguna,Oscuro sin iluminacion,Despejado,No,NO APLICA,99,98,99,98,1,24/09/2022,1
48,Texas,482937,0,0,1,0,291,LIBERTY (291),0,NO APLICA,9,Septiembre,27,2022,19,2,FM 787,8,Otro,Rural,Colector Mayor,Not Reported,0,Sin jurisdiccion especial,255,30.44423611,-94.73546389,Volcadura,El primer evento no fue una colision con un vehiculo automotor en transporte,Not an Intersection,No fue interseccion,Sobre calle,Ninguna,Atardecer,Despejado,No,NO APLICA,99,98,99,98,1,27/09/2022,1
48,Texas,482938,0,0,2,0,329,MIDLAND (329),0,NO APLICA,9,Septiembre,27,2022,5,50,I-20,7,Calle Local,Urbano,Colector Mayor,State Highway Agency,0,Sin jurisdiccion especial,85,31.95001111,-102.1640778,Vehiculo en movimiento,Angulo,Not an Intersection,No fue interseccion,Sobre calle,Ninguna,Oscuro sin iluminacion,Despejado,No,NO APLICA,99,98,99,98,1,27/09/2022,2
48,Texas,482939,0,0,2,0,409,SAN PATRICIO (409),0,NO APLICA,10,Octubre,4,2022,7,22,SR-89,3,Highway estatal,Rural,Arteria Principal,Not Reported,1,Sin jurisdiccion especial,80,28.05766111,-97.50905278,Vehiculo en movimiento,Angulo,Four-Way Intersection,Interseccion de 4 direcciones,Sobre calle,Ninguna,Dia total,Despejado,No,NO APLICA,99,99,99,99,1,04/10/2022,2
48,Texas,482940,0,0,2,0,495,WINKLER (495),0,NO APLICA,9,Septiembre,1,2022,18,45,SR-115,3,Highway estatal,Rural,Arteria Menor,Not Reported,0,Sin jurisdiccion especial,144,31.80773333,-103.1327778,Vehiculo en movimiento,Angulo,Not an Intersection,No fue interseccion,Sobre calle,Ninguna,Dia total,lluvia,No,NO APLICA,99,99,99,99,4,01/09/2022,9
48,Texas,482941,0,0,2,0,29,BEXAR (29),6090,SAN ANTONIO,9,Septiembre,18,2022,4,12,US-90,2,US Highway,Urbano,Arterial Principal -Freeway o ExpressWay,Not Reported,1,Sin jurisdiccion especial,6,29.39654444,-98.65279444,Vehiculo en movimiento,Frente a frente,Not an Intersection,No fue interseccion,Sobre calle,Ninguna,Oscuro con iluminacion,Despejado,No,NO APLICA,99,99,99,99,1,18/09/2022,3
48,Texas,482942,0,0,1,0,29,BEXAR (29),6090,SAN ANTONIO,9,Septiembre,25,2022,1,55,US-281,2,US Highway,Urbano,Arteria Principal,Not Reported,1,Sin jurisdiccion especial,59,29.64813333,-98.45104444,Barrera de Trafico de Concreto,El primer evento no fue una colision con un vehiculo automotor en transporte,Not an Intersection,No fue interseccion,En el medio,Construccion,Oscuro con iluminacion,Despejado,No,NO APLICA,99,99,99,99,1,25/09/2022,2
48,Texas,482943,0,0,1,0,201,HARRIS (201),0,NO APLICA,9,Septiembre,26,2022,22,40,LOUETTA RD,6,Calle Local Municipalidad,Urbano,Arteria Menor,Not Reported,0,Sin jurisdiccion especial,0,30.03070833,-95.50600556,Volcadura,El primer evento no fue una colision con un vehiculo automotor en transporte,Not an Intersection,No fue interseccion,Sobre el lado de la calle,Ninguna,Oscuro con iluminacion,Despejado,No,NO APLICA,99,99,99,99,1,26/09/2022,1
48,Texas,482944,1,1,1,0,27,BELL (27),0,NO APLICA,10,Octubre,2,2022,0,40,FM 439,8,Otro,Urbano,Arteria Menor,Not Reported,0,Sin jurisdiccion especial,220,31.09159722,-97.54487778,Peaton,El primer evento no fue una colision con un vehiculo automotor en transporte,Not an Intersection,No fue interseccion,Sobre calle,Ninguna,Oscuro sin iluminacion,Despejado,No,NO APLICA,99,98,99,98,1,02/10/2022,1
48,Texas,482945,0,0,2,0,251,JOHNSON (251),0,NO APLICA,10,Octubre,1,2022,17,47,US-67,2,US Highway,Rural,Arteria Principal,Not Reported,1,Sin jurisdiccion especial,34,32.30808333,-97.53438333,Vehiculo en movimiento,Frente a frente,Not an Intersection,No fue interseccion,Sobre calle,Ninguna,Atardecer,Despejado,No,NO APLICA,99,99,99,99,1,01/10/2022,2
48,Texas,482946,1,1,2,0,133,EASTLAND (133),0,NO APLICA,9,Septiembre,25,2022,2,54,I-20,1,Interestatal,Rural,Interestatal,State Highway Agency,1,Sin jurisdiccion especial,162,32.37550278,-98.83450278,Vehiculo en movimiento,Frente a frente,Not an Intersection,No fue interseccion,Sobre calle,Ninguna,Oscuro sin iluminacion,Despejado,No,NO APLICA,99,99,99,99,1,25/09/2022,4
48,Texas,482947,0,0,2,0,39,BRAZORIA (39),3537,JONES CREEK,9,Septiembre,22,2022,6,55,SR-36,3,Highway estatal,Rural,Arteria Principal,Not Reported,1,Sin jurisdiccion especial,290,28.98513333,-95.49189167,Vehiculo en movimiento,Frente a frente,Not an Intersection,No fue interseccion,Sobre calle,Ninguna,Dia total,Despejado,No,NO APLICA,99,99,99,99,2,22/09/2022,2
48,Texas,482948,0,0,2,0,251,JOHNSON (251),1030,BURLESON,9,Septiembre,28,2022,1,4,I-35,1,Interestatal,Rural,Interestatal,State Highway Agency,1,Sin jurisdiccion especial,156,32.46109167,-97.2641,Vehiculo en movimiento,Frente a Detrás,Not an Intersection,No fue interseccion,Sobre calle,Ninguna,Oscuro sin iluminacion,Despejado,No,NO APLICA,99,98,99,98,1,28/09/2022,2
48,Texas,482949,0,0,2,0,491,WILLIAMSON (491),3925,LEANDER,9,Septiembre,30,2022,19,32,SR-183 A,7,Calle Local,Urbano,Colector Mayor,State Toll Road,0,Sin jurisdiccion especial,0,30.58261111,-97.83656944,Vehiculo en movimiento,Frente a Detrás,Four-Way Intersection,Interseccion de 4 direcciones,Sobre calle,Ninguna,Atardecer,Despejado,No,NO APLICA,99,98,99,98,2,30/09/2022,3
48,Texas,482950,1,1,1,0,323,MAVERICK (323),2030,EAGLE PASS,9,Septiembre,30,2022,22,26,US-57,2,US Highway,Urbano,Arteria Principal,Not Reported,1,Sin jurisdiccion especial,11,28.70626111,-100.4960167,Peaton,El primer evento no fue una colision con un vehiculo automotor en transporte,Not an Intersection,No fue interseccion,Sobre calle,Ninguna,Oscuro con iluminacion,Despejado,No,NO APLICA,99,99,99,99,1,30/09/2022,1
48,Texas,482951,0,0,2,0,5,ANGELINA (5),4160,LUFKIN,10,Octubre,6,2022,5,27,FM 1271/OLD UNION RD,8,Otro,Urbano,Colector Mayor,Not Reported,0,Sin jurisdiccion especial,27,31.32032778,-94.76679167,Vehiculo en movimiento,Frente a frente,Not an Intersection,No fue interseccion,Sobre calle,Ninguna,Oscuro con iluminacion,Despejado,No,NO APLICA,99,98,99,98,1,06/10/2022,2
48,Texas,482952,1,1,1,0,201,HARRIS (201),3280,HOUSTON,9,Septiembre,24,2022,8,26,I-45/NORTH FWY RAMP,1,Interestatal,Urbano,Interestatal,State Highway Agency,1,Sin jurisdiccion especial,346,29.89619444,-95.41244444,Peaton,El primer evento no fue una colision con un vehiculo automotor en transporte,Not an Intersection,No fue interseccion,Sobre calle,Ninguna,Dia total,Despejado,No,NO APLICA,99,99,99,99,1,24/09/2022,1
48,Texas,482953,1,1,1,0,439,TARRANT (439),2450,FORT WORTH,10,Octubre,3,2022,5,56,BELKNAP ST,6,Calle Local Municipalidad,Urbano,Arteria Principal,Not Reported,1,Sin jurisdiccion especial,28,32.773125,-97.30166389,Ciclista,El primer evento no fue una colision con un vehiculo automotor en transporte,Four-Way Intersection,Interseccion de 4 direcciones,Sobre calle,Ninguna,Oscuro con iluminacion,Despejado,No,NO APLICA,99,99,99,99,1,03/10/2022,1