Estado,Nombre de Estado,Numero de Caso,Peatones,Personas _no_vehiculos,Vehiculos automotores,Vehiculos estacionados,Condado,Nombre Condado,Ciudad,Nombre Ciudad,Mes,Nombre Mes,Dia,Año,Hora,Minuto,Calle,Ruta,Nombre Ruta,Rural o Urbanoo,Sistema Funcional,Dueño Calle,Sistema Nacional Carreteras,Jurisdiccion Especial,Milla,Latitud,Longitud,Causa del Accidente,Tipo de Accidente,Tipo Interseccion,Columna1,Lugar en la calle,Zona de Trabajo,Luz,Clima,Autobus Escolar,Cruce de Trenes,Hora Notificacion,Minuto Notificacion,Hora Llegada,Minuto Llegada,Decesos,Fecha,PersonaVehiculo
48,Texas,482954,0,0,1,0,85,COLLIN (85),5730,RICHARDSON,9,Septiembre,24,2022,16,2,PRESIDENT GEORGE BUSH TURNPIKE,8,Otro,Urbano,Arterial Principal -Freeway o ExpressWay,State Toll Road,0,Sin jurisdiccion especial,119,33.00349444,-96.74496944,Puente de Ferrocarril,El primer evento no fue una colision con un vehiculo automotor en transporte,Not an Intersection,No fue interseccion,Sobre el lado de la calle,Ninguna,Dia total,Despejado,No,NO APLICA,99,98,99,98,1,24/09/2022,1
48,Texas,482955,1,1,1,0,201,HARRIS (201),2560,GALENA PARK,8,Agosto,27,2022,20,38,HOLLAND AVE,6,Calle Local Municipalidad,Urbano,Arteria Menor,Not Reported,0,Sin jurisdiccion especial,0,29.75721111,-95.23353611,Ciclista,El primer evento no fue una colision con un vehiculo automotor en transporte,Not an Intersection,No fue interseccion,Sobre calle,Ninguna,Oscuro sin iluminacion,Despejado,No,NO APLICA,99,99,99,99,1,27/08/2022,2
48,Texas,482956,1,1,1,0,113,DALLAS (113),5730,RICHARDSON,9,Septiembre,27,2022,18,19,JACKSON ST,6,Calle Local Municipalidad,Urbano,Local,Not Reported,0,Sin jurisdiccion especial,0,32.95385,-96.72911944,Vehiculo Ferrocarril,El primer evento no fue una colision con un vehiculo automotor en transporte,Not an Intersection,No fue interseccion,Sobre calle,Ninguna,Dia total,Despejado,No,971219F,99,99,99,99,1,27/09/2022,1
48,Texas,482957,0,0,2,0,251,JOHNSON (251),1370,CLEBURNE,10,Octubre,5,2022,13,14,FM 4/SECOND ST,8,Otro,Urbano,Arteria Menor,Not Reported,0,Sin jurisdiccion especial,16,32.34597222,-97.35838333,Vehiculo en movimiento,Angulo,Not an Intersection,No fue interseccion,Sobre calle,Ninguna,Dia total,Despejado,No,NO APLICA,99,98,99,98,1,05/10/2022,3
48,Texas,482958,0,0,2,0,167,GALVESTON (167),6860,TEXAS CITY,9,Septiembre,24,2022,0,9,MONTICELLO DR,6,Calle Local Municipalidad,Urbano,Colector Mayor,Not Reported,0,Sin jurisdiccion especial,0,29.3928,-95.00520278,Vehiculo en movimiento,Frente a frente,T-Intersection,Interseccion de T,Sobre calle,Ninguna,Oscuro sin iluminacion,Despejado,No,NO APLICA,99,99,99,99,1,24/09/2022,2
48,Texas,482959,1,1,2,0,27,BELL (27),3690,KILLEEN,10,Octubre,2,2022,21,12,SR-195/FORT HOOD ST,3,Highway estatal,Urbano,Arteria Principal,Not Reported,1,Sin jurisdiccion especial,31,31.08703056,-97.75543889,Peaton,El primer evento no fue una colision con un vehiculo automotor en transporte,Not an Intersection,No fue interseccion,Sobre calle,Ninguna,Oscuro con iluminacion,Despejado,No,NO APLICA,99,98,99,98,1,02/10/2022,2
48,Texas,482960,0,0,2,0,351,NEWTON (351),0,NO APLICA,9,Septiembre,26,2022,6,55,SR-62,3,Highway estatal,Rural,Arteria Menor,Not Reported,0,Sin jurisdiccion especial,10,30.24344444,-93.89566667,Vehiculo en movimiento,Frente a frente,Not an Intersection,No fue interseccion,Sobre calle,Ninguna,Amanecer,Despejado,No,NO APLICA,99,99,99,99,1,26/09/2022,2
48,Texas,482961,0,0,1,0,339,MONTGOMERY (339),0,NO APLICA,9,Septiembre,29,2022,17,36,FM 149,8,Otro,Rural,Colector Mayor,Not Reported,0,Sin jurisdiccion especial,137,30.43180278,-95.69294444,Volcadura,El primer evento no fue una colision con un vehiculo automotor en transporte,Not an Intersection,No fue interseccion,Sobre el lado de la calle,Ninguna,Dia total,Despejado,No,NO APLICA,99,98,99,98,1,29/09/2022,1
48,Texas,482962,1,1,1,0,223,HOPKINS (223),0,NO APLICA,9,Septiembre,30,2022,15,13,FM 71,8,Otro,Rural,Colector Mayor,Not Reported,0,Sin jurisdiccion especial,141,33.27081667,-95.61676944,Peaton,El primer evento no fue una colision con un vehiculo automotor en transporte,Not an Intersection,No fue interseccion,Sobre calle,Ninguna,Dia total,Despejado,No,NO APLICA,99,98,99,98,1,30/09/2022,1
48,Texas,482963,0,0,2,0,439,TARRANT (439),2450,FORT WORTH,10,Octubre,3,2022,13,2,BRYANT IRVIN RD,6,Calle Local Municipalidad,Urbano,Arteria Principal,Not Reported,0,Sin jurisdiccion especial,0,32.73025556,-97.41339167,Vehiculo en movimiento,Angulo,Four-Way Intersection,Interseccion de 4 direcciones,Sobre calle,Ninguna,Dia total,Despejado,No,NO APLICA,99,99,99,99,1,03/10/2022,3
48,Texas,482964,1,1,2,0,113,DALLAS (113),1730,DALLAS,9,Septiembre,18,2022,23,42,SR-12,3,Highway estatal,Urbano,Arterial Principal -Freeway o ExpressWay,Not Reported,1,Sin jurisdiccion especial,134,32.74470556,-96.91903889,Peaton,El primer evento no fue una colision con un vehiculo automotor en transporte,Not an Intersection,No fue interseccion,Sobre calle,Ninguna,Oscuro con iluminacion,Despejado,No,NO APLICA,99,99,99,99,1,18/09/2022,2
48,Texas,482965,1,1,1,0,113,DALLAS (113),1730,DALLAS,9,Septiembre,18,2022,20,42,HAMPTON RD,6,Calle Local Municipalidad,Urbano,Arteria Principal,Not Reported,0,Sin jurisdiccion especial,0,32.77978333,-96.85641944,Peaton,El primer evento no fue una colision con un vehiculo automotor en transporte,Not an Intersection,No fue interseccion,Sobre calle,Ninguna,Oscuro con iluminacion,Despejado,No,NO APLICA,99,99,99,99,1,18/09/2022,1
48,Texas,482966,0,0,2,0,201,HARRIS (201),3280,HOUSTON,9,Septiembre,30,2022,0,1,PINEMONT DR,6,Calle Local Municipalidad,Urbano,Arteria Menor,Not Reported,0,Sin jurisdiccion especial,0,29.84096944,-95.42878611,Vehiculo en movimiento,Angulo,Four-Way Intersection,Interseccion de 4 direcciones,Sobre calle,Ninguna,Oscuro con iluminacion,Nublado,No,NO APLICA,99,98,99,98,1,30/09/2022,2
48,Texas,482967,0,0,3,0,157,FORT BEND (157),0,NO APLICA,9,Septiembre,27,2022,14,16,FM 723,8,Otro,Urbano,Arteria Menor,Not Reported,0,Sin jurisdiccion especial,127,29.65758611,-95.81224444,Vehiculo en movimiento,Frente a Detrás,T-Intersection,Interseccion de T,Sobre calle,Ninguna,Dia total,Despejado,No,NO APLICA,14,23,14,31,1,27/09/2022,3
48,Texas,482968,0,0,2,1,141,EL PASO (141),2190,EL PASO,10,Octubre,7,2022,10,22,PIEDRAS ST,6,Calle Local Municipalidad,Urbano,Arteria Menor,Not Reported,0,Sin jurisdiccion especial,0,31.79513056,-106.4613944,Volcadura,El primer evento no fue una colision con un vehiculo automotor en transporte,Not an Intersection,No fue interseccion,Sobre calle,Ninguna,Dia total,Nublado,No,NO APLICA,99,99,99,99,1,07/10/2022,1
48,Texas,482969,0,0,2,0,61,CAMERON (61),0,NO APLICA,9,Septiembre,23,2022,23,13,FM 106,8,Otro,Urbano,Colector Mayor,Not Reported,0,Sin jurisdiccion especial,215,26.22666667,-97.53351389,Vehiculo en movimiento,Angulo,Four-Way Intersection,Interseccion de 4 direcciones,Sobre calle,Ninguna,Oscuro - iluminacion desconocida,Despejado,No,NO APLICA,99,99,99,99,1,23/09/2022,2
48,Texas,482972,0,0,1,0,453,TRAVIS (453),330,AUSTIN,9,Septiembre,28,2022,21,16,I-35,7,Calle Local,Urbano,Colector Mayor,State Highway Agency,0,Sin jurisdiccion especial,283,30.40670556,-97.67445278,Fin de valla,El primer evento no fue una colision con un vehiculo automotor en transporte,Not an Intersection,No fue interseccion,Sobre el lado de la calle,Ninguna,Oscuro sin iluminacion,Despejado,No,NO APLICA,99,98,99,98,1,28/09/2022,1
48,Texas,482973,0,0,2,0,439,TARRANT (439),2450,FORT WORTH,10,Octubre,7,2022,18,50,BERRY ST,6,Calle Local Municipalidad,Urbano,Arteria Menor,Not Reported,0,Sin jurisdiccion especial,0,32.71315556,-97.25813056,Alguien se cayo/avento del vehiculo,El primer evento no fue una colision con un vehiculo automotor en transporte,Four-Way Intersection,Interseccion de 4 direcciones,Sobre calle,Ninguna,Dia total,Despejado,No,NO APLICA,99,99,99,99,1,07/10/2022,2
48,Texas,482974,0,0,3,0,201,HARRIS (201),0,NO APLICA,9,Septiembre,26,2022,17,39,HUFFMEISTER RD,6,Calle Local Municipalidad,Urbano,Arteria Menor,Not Reported,0,Sin jurisdiccion especial,0,29.99711389,-95.70343611,Vehiculo en movimiento,Angulo,Four-Way Intersection,Interseccion de 4 direcciones,Sobre calle,Ninguna,Dia total,Despejado,No,NO APLICA,99,99,99,99,1,26/09/2022,4
48,Texas,482975,0,0,2,0,149,FAYETTE (149),0,NO APLICA,10,Octubre,7,2022,6,18,SR-71,3,Highway estatal,Rural,Arteria Principal,Not Reported,1,Sin jurisdiccion especial,176,29.93855556,-96.99714722,Vehiculo en movimiento,Frente a Detrás,Not an Intersection,No fue interseccion,Sobre calle,Ninguna,Oscuro sin iluminacion,Despejado,No,NO APLICA,99,98,99,98,1,07/10/2022,2
48,Texas,482976,0,0,2,0,201,HARRIS (201),0,NO APLICA,9,Septiembre,30,2022,12,22,FM 529,8,Otro,Urbano,Arteria Principal,Not Reported,1,Sin jurisdiccion especial,81,29.87975556,-95.72305,Vehiculo en movimiento,Angulo,Not an Intersection,No fue interseccion,Sobre calle,Ninguna,Dia total,Despejado,No,NO APLICA,99,99,99,99,1,30/09/2022,2
48,Texas,482977,1,1,1,0,339,MONTGOMERY (339),0,NO APLICA,10,Octubre,2,2022,20,21,FM 2978,8,Otro,Urbano,Arteria Menor,Not Reported,0,Sin jurisdiccion especial,75,30.19591667,-95.58794722,Peaton,El primer evento no fue una colision con un vehiculo automotor en transporte,Not an Intersection,No fue interseccion,Sobre calle,Construccion,Oscuro sin iluminacion,Despejado,No,NO APLICA,99,98,99,98,1,02/10/2022,1
48,Texas,482978,0,0,1,0,167,GALVESTON (167),2570,GALVESTON,9,Septiembre,29,2022,10,57,I-45/BROADWAY/AVE J,1,Interestatal,Urbano,Interestatal,State Highway Agency,1,Sin jurisdiccion especial,101,29.28879444,-94.83668889,Volcadura,El primer evento no fue una colision con un vehiculo automotor en transporte,Not an Intersection,No fue interseccion,Gore?,Ninguna,Dia total,Despejado,No,NO APLICA,99,98,99,98,1,29/09/2022,1
48,Texas,482979,0,0,2,0,215,HIDALGO (215),7330,WESLACO,9,Septiembre,29,2022,23,26,FM 1015/INTERNATIONAL BLVD,8,Otro,Urbano,Arteria Principal,Not Reported,1,Sin jurisdiccion especial,101,26.147475,-97.95827778,Vehiculo en movimiento,Angulo,Not an Intersection,No fue interseccion,Sobre calle,Ninguna,Oscuro con iluminacion,Despejado,No,NO APLICA,99,98,99,98,1,29/09/2022,2
48,Texas,482980,0,0,2,0,201,HARRIS (201),0,NO APLICA,8,Agosto,26,2022,16,10,FM 529,8,Otro,Urbano,Arteria Principal,Not Reported,1,Sin jurisdiccion especial,151,29.87951389,-95.60605556,Vehiculo en movimiento,Angulo,Four-Way Intersection,Interseccion de 4 direcciones,Sobre calle,Ninguna,Dia total,Despejado,No,NO APLICA,99,99,99,99,1,26/08/2022,4
48,Texas,482981,1,1,2,1,445,TERRY (445),920,BROWNFIELD,9,Septiembre,18,2022,19,28,ROSS ST,6,Calle Local Municipalidad,Urbano,Colector Mayor,Not Reported,0,Sin jurisdiccion especial,0,33.18876389,-102.2771278,Peaton,El primer evento no fue una colision con un vehiculo automotor en transporte,Not an Intersection,No fue interseccion,En estacionamiento,Ninguna,Dia total,Despejado,No,NO APLICA,99,99,99,99,1,18/09/2022,1
48,Texas,482982,0,0,1,0,453,TRAVIS (453),330,AUSTIN,10,Octubre,9,2022,4,31,MOPAC EXPY,8,Otro,Urbano,Arteria Principal,Not Reported,1,Sin jurisdiccion especial,99998,30.17559722,-97.88736111,Fin de valla,El primer evento no fue una colision con un vehiculo automotor en transporte,Not an Intersection,No fue interseccion,Gore?,Ninguna,Oscuro con iluminacion,Despejado,No,NO APLICA,99,98,99,98,1,09/10/2022,1
48,Texas,482983,0,0,1,0,251,JOHNSON (251),1030,BURLESON,10,Octubre,9,2022,19,44,I-35W SVRD/BURLESON RD,7,Calle Local,Urbano,Colector Mayor,Not Reported,0,Sin jurisdiccion especial,197,32.50960556,-97.30062222,Acotamiento,El primer evento no fue una colision con un vehiculo automotor en transporte,Not an Intersection,No fue interseccion,Sobre el lado de la calle,Ninguna,Oscuro sin iluminacion,Despejado,No,NO APLICA,99,99,99,99,1,09/10/2022,1
48,Texas,482984,0,0,1,0,15,AUSTIN (15),0,NO APLICA,9,Septiembre,24,2022,0,0,CR-CHEW RD,4,Calle del Condado,Rural,Local,Not Reported,0,Sin jurisdiccion especial,0,29.76025833,-96.044,Barda,El primer evento no fue una colision con un vehiculo automotor en transporte,Not an Intersection,No fue interseccion,Fuera de la calle,Ninguna,Oscuro sin iluminacion,Despejado,No,NO APLICA,99,98,99,98,1,24/09/2022,1
48,Texas,482985,0,0,1,0,291,LIBERTY (291),1770,DAYTON,10,Octubre,9,2022,2,35,US-90,2,US Highway,Rural,Arteria Principal,Not Reported,1,Sin jurisdiccion especial,46,30.00630278,-94.94079444,Arbol,El primer evento no fue una colision con un vehiculo automotor en transporte,Not an Intersection,No fue interseccion,Sobre el lado de la calle,Ninguna,Oscuro sin iluminacion,Despejado,No,NO APLICA,99,99,99,99,1,09/10/2022,1
48,Texas,482986,0,0,2,0,291,LIBERTY (291),1770,DAYTON,10,Octubre,6,2022,15,37,FM 1960,8,Otro,Rural,Arteria Menor,Not Reported,0,Sin jurisdiccion especial,0,30.04577778,-94.99278611,Vehiculo en movimiento,Angulo,Four-Way Intersection,Interseccion de 4 direcciones,Sobre calle,Ninguna,Dia total,Despejado,No,NO APLICA,99,98,99,98,1,06/10/2022,2
48,Texas,482987,0,0,1,0,113,DALLAS (113),1870,DESOTO,10,Octubre,7,2022,16,26,HAMPTON RD,6,Calle Local Municipalidad,Urbano,Local,Not Reported,0,Sin jurisdiccion especial,0,32.56771389,-96.856975,Otro objeto (no fijo),El primer evento no fue una colision con un vehiculo automotor en transporte,T-Intersection,Interseccion de T,Sobre el lado de la calle,Ninguna,Dia total,Despejado,No,NO APLICA,99,99,99,99,1,07/10/2022,2
48,Texas,482989,1,1,2,0,201,HARRIS (201),0,NO APLICA,10,Octubre,8,2022,22,45,FM 529/SPENCER RD,8,Otro,Urbano,Arteria Principal,Not Reported,1,Sin jurisdiccion especial,119,29.87898889,-95.66019722,Peaton,El primer evento no fue una colision con un vehiculo automotor en transporte,Not an Intersection,No fue interseccion,Sobre calle,Ninguna,Oscuro con iluminacion,Nublado,No,NO APLICA,99,98,99,98,1,08/10/2022,2
48,Texas,482990,1,1,1,0,29,BEXAR (29),6090,SAN ANTONIO,10,Octubre,7,2022,6,23,I-10,7,Calle Local,Urbano,Colector Mayor,State Highway Agency,0,Sin jurisdiccion especial,162,29.53126389,-98.56181389,Soporte de Puente,El primer evento no fue una colision con un vehiculo automotor en transporte,Not an Intersection,No fue interseccion,Isla de trafico para peatones,Ninguna,Oscuro con iluminacion,Despejado,No,NO APLICA,99,98,99,98,1,07/10/2022,1
48,Texas,482991,0,0,4,0,177,GONZALES (177),0,NO APLICA,9,Septiembre,23,2022,20,13,I-10,1,Interestatal,Rural,Interestatal,State Highway Agency,1,Sin jurisdiccion especial,2,29.66311389,-97.37839722,Vehiculo en movimiento,Frente a Detrás,Not an Intersection,No fue interseccion,Sobre calle,Ninguna,Dia total,Despejado,No,NO APLICA,99,99,99,99,1,23/09/2022,5
48,Texas,482992,0,0,2,0,441,TAYLOR (441),0,NO APLICA,10,Octubre,2,2022,20,53,US-84,2,US Highway,Rural,Arteria Principal,Not Reported,1,Sin jurisdiccion especial,55,32.14761667,-99.74870833,Vehiculo en movimiento,Frente a Detrás,Not an Intersection,No fue interseccion,Sobre calle,Ninguna,Oscuro sin iluminacion,Despejado,No,NO APLICA,99,99,99,99,1,02/10/2022,2
48,Texas,482993,0,0,1,0,29,BEXAR (29),0,NO APLICA,9,Septiembre,25,2022,7,35,US-90,2,US Highway,Rural,Arteria Principal,Not Reported,1,Sin jurisdiccion especial,4,29.36759444,-98.79787778,Soporte de  señalamiento de transito,El primer evento no fue una colision con un vehiculo automotor en transporte,Four-Way Intersection,Interseccion de 4 direcciones,En el medio,Ninguna,Amanecer,Despejado,No,NO APLICA,99,98,99,98,1,25/09/2022,1
48,Texas,482994,0,0,2,0,113,DALLAS (113),2590,GARLAND,10,Octubre,8,2022,2,49,I-30,1,Interestatal,Urbano,Interestatal,State Highway Agency,1,Sin jurisdiccion especial,182,32.84853333,-96.57436389,Vehiculo en movimiento,Frente a Detrás,Not an Intersection,No fue interseccion,Sobre calle,Ninguna,Oscuro con iluminacion,Despejado,No,NO APLICA,99,99,99,99,1,08/10/2022,2
48,Texas,482995,0,0,2,0,201,HARRIS (201),480,BAYTOWN,8,Agosto,16,2022,14,11,GARTH RD,6,Calle Local Municipalidad,Urbano,Arteria Menor,Not Reported,0,Sin jurisdiccion especial,0,29.76916667,-94.97766667,Vehiculo en movimiento,Angulo,Not an Intersection,No fue interseccion,Sobre calle,Ninguna,Dia total,Despejado,No,NO APLICA,99,99,99,99,1,16/08/2022,2
48,Texas,482996,0,0,1,0,457,TYLER (457),0,NO APLICA,10,Octubre,2,2022,14,15,CR-4350,4,Calle del Condado,Rural,Local,Not Reported,0,Sin jurisdiccion especial,0,30.75318333,-94.24655,Barda,El primer evento no fue una colision con un vehiculo automotor en transporte,Not an Intersection,No fue interseccion,Sobre el lado de la calle,Ninguna,Dia total,Despejado,No,NO APLICA,99,99,99,99,1,02/10/2022,3
48,Texas,482997,0,0,1,0,439,TARRANT (439),2450,FORT WORTH,10,Octubre,10,2022,6,10,I-35,1,Interestatal,Urbano,Interestatal,State Highway Agency,1,Sin jurisdiccion especial,101,32.79519167,-97.32143056,Soporte de Puente,El primer evento no fue una colision con un vehiculo automotor en transporte,Not an Intersection,No fue interseccion,Sobre el lado de la calle,Ninguna,Amanecer,Despejado,No,NO APLICA,99,99,99,99,1,10/10/2022,1
48,Texas,482998,0,0,1,0,335,MITCHELL (335),1460,COLORADO CITY,9,Septiembre,20,2022,6,30,I-20,1,Interestatal,Urbano,Interestatal,State Highway Agency,1,Sin jurisdiccion especial,198,32.40813889,-100.877375,Fin de valla,El primer evento no fue una colision con un vehiculo automotor en transporte,Not an Intersection,No fue interseccion,En el medio,Ninguna,Oscuro sin iluminacion,Despejado,No,NO APLICA,99,98,99,98,1,20/09/2022,1
48,Texas,482999,0,0,2,0,141,EL PASO (141),0,NO APLICA,10,Octubre,9,2022,23,50,CR-ASCENCION ST,4,Calle del Condado,Rural,Colector Mayor,Not Reported,0,Sin jurisdiccion especial,0,31.73598333,-106.1481417,Vehiculo en movimiento,Frente a frente,Not an Intersection,No fue interseccion,Sobre calle,Ninguna,Oscuro sin iluminacion,lluvia,No,NO APLICA,23,57,0,6,3,09/10/2022,4
48,Texas,483000,1,1,1,0,201,HARRIS (201),3280,HOUSTON,10,Octubre,9,2022,21,28,BOONE RD,6,Calle Local Municipalidad,Urbano,Colector Mayor,Not Reported,0,Sin jurisdiccion especial,0,29.70381389,-95.57527222,Peaton,El primer evento no fue una colision con un vehiculo automotor en transporte,Four-Way Intersection,Interseccion de 4 direcciones,Sobre calle,Ninguna,Oscuro con iluminacion,Despejado,No,NO APLICA,99,99,99,99,1,09/10/2022,1
48,Texas,483001,0,0,2,0,201,HARRIS (201),3280,HOUSTON,10,Octubre,1,2022,0,51,BEECHNUT ST,6,Calle Local Municipalidad,Urbano,Arteria Menor,Not Reported,0,Sin jurisdiccion especial,0,29.688825,-95.58728611,Vehiculo en movimiento,Frente a Detrás,Not an Intersection,No fue interseccion,Sobre calle,Ninguna,Oscuro sin iluminacion,Despejado,No,NO APLICA,99,98,99,98,1,01/10/2022,3
48,Texas,483002,0,0,2,0,279,LAMB (279),0,NO APLICA,9,Septiembre,18,2022,17,24,US-70/TX PLAINS DR,2,US Highway,Rural,Arteria Menor,Not Reported,0,Sin jurisdiccion especial,7,34.23393611,-102.6118694,Vehiculo en movimiento,Frente a frente,Not an Intersection,No fue interseccion,Sobre calle,Ninguna,Dia total,Despejado,No,NO APLICA,99,99,99,99,1,18/09/2022,4
48,Texas,483003,1,1,1,0,245,JEFFERSON (245),0,NO APLICA,10,Octubre,9,2022,23,15,SR-347,3,Highway estatal,Urbano,Arteria Principal,Not Reported,1,Sin jurisdiccion especial,105,29.92724167,-93.92129722,Peaton,El primer evento no fue una colision con un vehiculo automotor en transporte,Not an Intersection,No fue interseccion,Sobre calle,Ninguna,Oscuro con iluminacion,Despejado,No,NO APLICA,99,99,99,99,1,09/10/2022,1
48,Texas,483004,0,0,2,0,491,WILLIAMSON (491),6780,TAYLOR,9,Septiembre,28,2022,6,20,CR-CHANDLER RD,6,Calle Local Municipalidad,Rural,Arteria Menor,Not Reported,0,Sin jurisdiccion especial,0,30.60275278,-97.50568889,Vehiculo en movimiento,Angulo,Four-Way Intersection,Interseccion de 4 direcciones,Sobre calle,Ninguna,Oscuro sin iluminacion,Despejado,No,NO APLICA,99,98,99,98,1,28/09/2022,2
48,Texas,483005,0,0,3,0,421,SHERMAN (421),0,NO APLICA,10,Octubre,4,2022,17,40,US-54,2,US Highway,Rural,Arteria Principal,Not Reported,1,Sin jurisdiccion especial,47,36.38101667,-101.9902944,Vehiculo en movimiento,Frente a Detrás,T-Intersection,Interseccion de T,Sobre calle,Ninguna,Dia total,lluvia,No,NO APLICA,99,98,99,98,1,04/10/2022,3
48,Texas,483006,0,0,2,0,399,RUNNELS (399),0,NO APLICA,9,Septiembre,26,2022,19,15,US-67,2,US Highway,Rural,Arteria Principal,Not Reported,1,Sin jurisdiccion especial,91,31.76835278,-99.85864444,Vehiculo en movimiento,Frente a frente,Not an Intersection,No fue interseccion,Sobre el lado de la calle,Ninguna,Oscuro sin iluminacion,Despejado,No,NO APLICA,99,99,99,99,1,26/09/2022,3
48,Texas,483007,0,0,2,0,355,NUECES (355),1550,CORPUS CHRISTI,10,Octubre,9,2022,22,31,SR-358 S PADRE ISLAND DR,7,Calle Local,Urbano,Colector Mayor,Not Reported,0,Sin jurisdiccion especial,12,27.66866389,-97.282525,Vehiculo en movimiento,Frente a frente,Four-Way Intersection,Interseccion de 4 direcciones,Sobre calle,Ninguna,Oscuro con iluminacion,Despejado,No,NO APLICA,99,99,99,99,1,09/10/2022,2
48,Texas,483008,0,0,3,0,399,RUNNELS (399),0,NO APLICA,9,Septiembre,27,2022,13,30,US-83,2,US Highway,Rural,Arteria Principal,Not Reported,1,Sin jurisdiccion especial,141,31.88706111,-99.959625,Vehiculo en movimiento,Golpe Lateral - direccion contraria,Not an Intersection,No fue interseccion,Sobre calle,Construccion,Dia total,Despejado,No,NO APLICA,99,99,99,99,2,27/09/2022,6
48,Texas,483009,0,0,3,0,183,GREGG (183),4080,LONGVIEW,10,Octubre,5,2022,18,30,US-80/MARSHALL AVE,2,US Highway,Urbano,Arteria Principal,Not Reported,1,Sin jurisdiccion especial,120,32.50283333,-94.76149167,Vehiculo en movimiento,Angulo,Not an Intersection,No fue interseccion,Sobre calle,Ninguna,Dia total,Despejado,No,NO APLICA,99,98,99,98,1,05/10/2022,3
48,Texas,483010,0,0,2,0,485,WICHITA (485),7490,WICHITA FALLS,10,Octubre,2,2022,1,46,I-44/CENTRAL FWY,1,Interestatal,Urbano,Interestatal,State Highway Agency,1,Sin jurisdiccion especial,10,33.90915,-98.50181389,Vehiculo en movimiento,Frente a frente,Not an Intersection,No fue interseccion,Sobre calle,Ninguna,Oscuro con iluminacion,Despejado,No,NO APLICA,99,99,99,99,1,02/10/2022,2
48,Texas,483011,1,1,3,0,439,TARRANT (439),2450,FORT WORTH,10,Octubre,7,2022,6,0,RIVERSIDE DR,6,Calle Local Municipalidad,Urbano,Arteria Principal,Not Reported,1,Sin jurisdiccion especial,53,32.700825,-97.30496389,Peaton,El primer evento no fue una colision con un vehiculo automotor en transporte,Not an Intersection,No fue interseccion,Sobre calle,Ninguna,Oscuro con iluminacion,Despejado,No,NO APLICA,99,98,99,98,1,07/10/2022,3
48,Texas,483012,0,0,1,0,491,WILLIAMSON (491),0,NO APLICA,10,Octubre,2,2022,18,0,RM 1431,8,Otro,Rural,Arteria Principal,Not Reported,1,Sin jurisdiccion especial,70,30.54688889,-97.74980833,Animal vivo,El primer evento no fue una colision con un vehiculo automotor en transporte,Not an Intersection,No fue interseccion,Sobre calle,Ninguna,Dia total,Despejado,No,NO APLICA,99,99,99,99,2,02/10/2022,2
48,Texas,483013,1,1,1,0,167,GALVESTON (167),2570,GALVESTON,7,Julio,24,2022,20,54,SEAWALL BLVD,6,Calle Local Municipalidad,Urbano,Arteria Principal,Not Reported,1,Sin jurisdiccion especial,59,29.27471944,-94.81216389,Peaton,El primer evento no fue una colision con un vehiculo automotor en transporte,Not an Intersection,No fue interseccion,Sobre calle,Ninguna,Oscuro con iluminacion,Despejado,No,NO APLICA,99,99,99,99,1,24/07/2022,1
48,Texas,483014,0,0,1,0,167,GALVESTON (167),3850,LA MARQUE,8,Agosto,26,2022,2,15,FM 519/MAIN ST,8,Otro,Urbano,Arteria Menor,Not Reported,0,Sin jurisdiccion especial,54,29.35753333,-95.00360833,Fin de valla,El primer evento no fue una colision con un vehiculo automotor en transporte,Not an Intersection,No fue interseccion,Sobre el lado de la calle,Ninguna,Oscuro sin iluminacion,Nublado,No,NO APLICA,99,99,99,99,1,26/08/2022,1
48,Texas,483015,1,1,1,0,339,MONTGOMERY (339),0,NO APLICA,9,Septiembre,26,2022,16,34,CR-KINGS MILL LN,4,Calle del Condado,Urbano,Local,Not Reported,0,Sin jurisdiccion especial,0,30.06358056,-95.23655278,Ciclista,El primer evento no fue una colision con un vehiculo automotor en transporte,T-Intersection,Interseccion de T,Sobre calle,Ninguna,Dia total,Despejado,No,NO APLICA,99,99,99,99,1,26/09/2022,2
48,Texas,483016,0,0,2,0,423,SMITH (423),0,NO APLICA,10,Octubre,2,2022,4,29,SR-110,3,Highway estatal,Urbano,Arteria Menor,Not Reported,0,Sin jurisdiccion especial,179,32.39681111,-95.37132778,Vehiculo en movimiento,Angulo,Not an Intersection,No fue interseccion,Sobre calle,Ninguna,Oscuro sin iluminacion,Despejado,No,NO APLICA,99,99,99,99,1,02/10/2022,3
48,Texas,483017,0,0,2,0,201,HARRIS (201),0,NO APLICA,10,Octubre,2,2022,19,35,CYPRESS N HOUSTON RD,6,Calle Local Municipalidad,Urbano,Arteria Menor,Not Reported,0,Sin jurisdiccion especial,0,29.94735,-95.63081389,Vehiculo en movimiento,Angulo,T-Intersection,Interseccion de T,Sobre calle,Ninguna,Atardecer,Despejado,No,NO APLICA,99,99,99,99,1,02/10/2022,7
48,Texas,483018,0,0,1,0,201,HARRIS (201),3280,HOUSTON,10,Octubre,2,2022,16,6,BELLAIRE BLVD,6,Calle Local Municipalidad,Urbano,Arteria Principal,Not Reported,0,Sin jurisdiccion especial,0,29.70478889,-95.54243611,Soporte de  señalamiento de transito,El primer evento no fue una colision con un vehiculo automotor en transporte,Four-Way Intersection,Interseccion de 4 direcciones,Sobre el lado de la calle,Ninguna,Dia total,Despejado,No,NO APLICA,99,99,99,99,1,02/10/2022,2
48,Texas,483019,0,0,2,0,29,BEXAR (29),6090,SAN ANTONIO,10,Octubre,9,2022,3,20,WURZBACH PKWY,6,Calle Local Municipalidad,Urbano,Arteria Principal,Not Reported,1,Sin jurisdiccion especial,242,29.55954167,-98.527725,Vehiculo en movimiento,Frente a frente,Not an Intersection,No fue interseccion,Sobre calle,Construccion,Oscuro con iluminacion,Despejado,No,NO APLICA,99,99,99,99,2,09/10/2022,3