Estado,Nombre de Estado,Numero de Caso,Peatones,Personas _no_vehiculos,Vehiculos automotores,Vehiculos estacionados,Condado,Nombre Condado,Ciudad,Nombre Ciudad,Mes,Nombre Mes,Dia,Año,Hora,Minuto,Calle,Ruta,Nombre Ruta,Rural o Urbanoo,Sistema Funcional,Dueño Calle,Sistema Nacional Carreteras,Jurisdiccion Especial,Milla,Latitud,Longitud,Causa del Accidente,Tipo de Accidente,Tipo Interseccion,Columna1,Lugar en la calle,Zona de Trabajo,Luz,Clima,Autobus Escolar,Cruce de Trenes,Hora Notificacion,Minuto Notificacion,Hora Llegada,Minuto Llegada,Decesos,Fecha,PersonaVehiculo
48,Texas,483020,1,1,1,0,245,JEFFERSON (245),5430,PORT ARTHUR,10,Octubre,8,2022,21,15,US-69/MEMORIAL BLVD,2,US Highway,Urbano,Arterial Principal -Freeway o ExpressWay,Not Reported,1,Sin jurisdiccion especial,144,29.94421944,-93.99155,Peaton,El primer evento no fue una colision con un vehiculo automotor en transporte,Not an Intersection,No fue interseccion,Sobre calle,Ninguna,Oscuro con iluminacion,Despejado,No,NO APLICA,99,98,99,98,1,08/10/2022,1
48,Texas,483021,0,0,2,0,355,NUECES (355),1550,CORPUS CHRISTI,10,Octubre,12,2022,15,33,SR-358,3,Highway estatal,Urbano,Arterial Principal -Freeway o ExpressWay,Not Reported,1,Sin jurisdiccion especial,19,27.77473056,-97.46893611,Vehiculo en movimiento,Frente a Detrás,Not an Intersection,No fue interseccion,Sobre calle,Ninguna,Dia total,Despejado,No,NO APLICA,99,98,99,98,1,12/10/2022,1
48,Texas,483022,0,0,1,0,439,TARRANT (439),260,ARLINGTON,10,Octubre,8,2022,16,0,GREEN OAKS BLVD,6,Calle Local Municipalidad,Urbano,Arteria Principal,Not Reported,0,Sin jurisdiccion especial,0,32.75861389,-97.14934167,Banqueta,El primer evento no fue una colision con un vehiculo automotor en transporte,Not an Intersection,No fue interseccion,En el medio,Ninguna,Dia total,Despejado,No,NO APLICA,99,98,99,98,1,08/10/2022,1
48,Texas,483023,1,1,2,0,29,BEXAR (29),6090,SAN ANTONIO,9,Septiembre,29,2022,5,53,US-281/MCALLISTER FWY,2,US Highway,Urbano,Arterial Principal -Freeway o ExpressWay,Not Reported,1,Sin jurisdiccion especial,207,29.50741389,-98.47811389,Peaton,El primer evento no fue una colision con un vehiculo automotor en transporte,Not an Intersection,No fue interseccion,Sobre calle,Ninguna,Oscuro con iluminacion,Despejado,No,NO APLICA,99,98,99,98,1,29/09/2022,2
48,Texas,483024,1,1,1,0,201,HARRIS (201),3450,JACINTO CITY,10,Octubre,12,2022,15,8,PILLOT ST,6,Calle Local Municipalidad,Urbano,Local,Not Reported,0,Sin jurisdiccion especial,0,29.76381111,-95.24217778,Peaton,El primer evento no fue una colision con un vehiculo automotor en transporte,Not an Intersection,No fue interseccion,Sobre calle,Ninguna,Dia total,Despejado,No,NO APLICA,99,98,99,98,1,12/10/2022,16
48,Texas,483025,0,0,1,0,201,HARRIS (201),3280,HOUSTON,4,Abril,1,2022,17,32,LOCKCREST ST,6,Calle Local Municipalidad,Urbano,Local,Not Reported,0,Sin jurisdiccion especial,0,29.61666667,-95.38014722,Zanja,El primer evento no fue una colision con un vehiculo automotor en transporte,Not an Intersection,No fue interseccion,Sobre el lado de la calle,Ninguna,Dia total,Despejado,No,NO APLICA,99,99,99,99,1,01/04/2022,1
48,Texas,483026,0,0,2,0,253,JONES (253),3062,HAWLEY,10,Octubre,4,2022,20,32,US-277,2,US Highway,Rural,Arteria Principal,Not Reported,1,Sin jurisdiccion especial,345,32.58137778,-99.80331389,Vehiculo en movimiento,Frente a Detrás,Not an Intersection,No fue interseccion,Sobre calle,Ninguna,Oscuro sin iluminacion,Despejado,No,NO APLICA,99,99,99,99,1,04/10/2022,2
48,Texas,483027,1,1,1,0,239,JACKSON (239),2120,EDNA,10,Octubre,8,2022,19,37,FM 1822,8,Otro,Urbano,Colector Mayor,Not Reported,0,Sin jurisdiccion especial,19,28.961,-96.651025,Peaton,El primer evento no fue una colision con un vehiculo automotor en transporte,Not an Intersection,No fue interseccion,Sobre calle,Ninguna,Atardecer,Despejado,No,NO APLICA,99,99,99,99,1,08/10/2022,1
48,Texas,483028,0,0,2,0,453,TRAVIS (453),0,NO APLICA,10,Octubre,4,2022,12,14,SR-71,3,Highway estatal,Urbano,Arteria Principal,Not Reported,1,Sin jurisdiccion especial,13,30.41115556,-98.11133056,Vehiculo en movimiento,Frente a frente,Not an Intersection,No fue interseccion,Sobre calle,Construccion,Dia total,Despejado,No,NO APLICA,99,99,99,99,1,04/10/2022,2
48,Texas,483029,0,0,1,0,453,TRAVIS (453),0,NO APLICA,10,Octubre,5,2022,12,36,US-183,2,US Highway,Urbano,Arteria Principal,Not Reported,1,Sin jurisdiccion especial,351,30.09769167,-97.69388056,Volcadura,El primer evento no fue una colision con un vehiculo automotor en transporte,Not an Intersection,No fue interseccion,Fuera de la calle,Ninguna,Dia total,Despejado,No,NO APLICA,99,99,99,99,1,05/10/2022,3
48,Texas,483030,0,0,2,0,395,ROBERTSON (395),0,NO APLICA,10,Octubre,11,2022,1,13,US-79,2,US Highway,Rural,Arteria Principal,Not Reported,1,Sin jurisdiccion especial,40,30.83598333,-96.63796944,Vehiculo en movimiento,Frente a frente,Not an Intersection,No fue interseccion,Sobre calle,Ninguna,Oscuro sin iluminacion,Despejado,No,NO APLICA,99,99,99,99,2,11/10/2022,3
48,Texas,483031,0,0,2,0,111,DALLAM (111),0,NO APLICA,10,Octubre,4,2022,20,7,US-54,2,US Highway,Rural,Arteria Principal,Not Reported,1,Sin jurisdiccion especial,14,36.14474722,-102.3900806,Vehiculo en movimiento,Frente a frente,Not an Intersection,No fue interseccion,Sobre Acotamiento,Ninguna,Oscuro sin iluminacion,lluvia,No,NO APLICA,99,99,99,99,2,04/10/2022,3
48,Texas,483032,1,1,1,0,215,HIDALGO (215),4197,MCALLEN,10,Octubre,12,2022,21,16,I-2,1,Interestatal,Urbano,Interestatal,State Highway Agency,1,Sin jurisdiccion especial,244,26.18835,-98.22450278,Peaton,El primer evento no fue una colision con un vehiculo automotor en transporte,Not an Intersection,No fue interseccion,Sobre calle,Construccion,Oscuro con iluminacion,Despejado,No,NO APLICA,99,98,99,98,1,12/10/2022,1
48,Texas,483033,0,0,1,0,329,MIDLAND (329),4560,MIDLAND,9,Septiembre,30,2022,23,51,I-20 SVRD,7,Calle Local,Urbano,Colector Mayor,Not Reported,0,Sin jurisdiccion especial,132,31.96879722,-102.0906111,Fin de valla,El primer evento no fue una colision con un vehiculo automotor en transporte,Not an Intersection,No fue interseccion,Sobre el lado de la calle,Construccion,Oscuro sin iluminacion,Despejado,No,NO APLICA,99,98,99,98,1,30/09/2022,1
48,Texas,483034,0,0,1,0,201,HARRIS (201),3280,HOUSTON,10,Octubre,5,2022,3,28,RICHMOND AVE,6,Calle Local Municipalidad,Urbano,Arteria Menor,Not Reported,0,Sin jurisdiccion especial,0,29.72909167,-95.53385,Banqueta,El primer evento no fue una colision con un vehiculo automotor en transporte,Not an Intersection,No fue interseccion,Sobre el lado de la calle,Ninguna,Oscuro con iluminacion,Nublado,No,NO APLICA,99,98,99,98,1,05/10/2022,1
48,Texas,483035,0,0,1,0,167,GALVESTON (167),0,NO APLICA,10,Octubre,8,2022,23,46,FM 517,8,Otro,Urbano,Arteria Menor,Not Reported,0,Sin jurisdiccion especial,174,29.49087778,-94.96617222,Arbol,El primer evento no fue una colision con un vehiculo automotor en transporte,Not an Intersection,No fue interseccion,Gore?,Ninguna,Oscuro con iluminacion,Despejado,No,NO APLICA,99,98,99,98,1,08/10/2022,1
48,Texas,483036,1,1,2,0,113,DALLAS (113),1730,DALLAS,9,Septiembre,24,2022,1,38,FORT WORTH AVE,6,Calle Local Municipalidad,Urbano,Arteria Principal,Not Reported,0,Sin jurisdiccion especial,0,32.75525278,-96.87077222,Peaton,El primer evento no fue una colision con un vehiculo automotor en transporte,Not an Intersection,No fue interseccion,Sobre calle,Ninguna,Oscuro con iluminacion,Despejado,No,NO APLICA,99,98,99,98,1,24/09/2022,2
48,Texas,483037,0,0,1,0,201,HARRIS (201),0,NO APLICA,10,Octubre,2,2022,3,19,I-45/NORTH FWY,7,Calle Local,Urbano,Colector Mayor,State Highway Agency,0,Sin jurisdiccion especial,473,30.08102778,-95.43746667,Piedrotototota,El primer evento no fue una colision con un vehiculo automotor en transporte,Not an Intersection,No fue interseccion,Sobre el lado de la calle,Ninguna,Oscuro sin iluminacion,Despejado,No,NO APLICA,99,98,99,98,1,02/10/2022,1
48,Texas,483038,1,1,1,0,201,HARRIS (201),0,NO APLICA,10,Octubre,4,2022,23,46,FM 1960/CYPRESS CREEK PKWY,8,Otro,Urbano,Arteria Principal,Not Reported,0,Sin jurisdiccion especial,170,30.02395833,-95.39166389,Peaton,El primer evento no fue una colision con un vehiculo automotor en transporte,Not an Intersection,No fue interseccion,Sobre calle,Ninguna,Oscuro con iluminacion,Despejado,No,NO APLICA,99,98,99,98,1,04/10/2022,1
48,Texas,483039,0,0,2,0,415,SCURRY (415),0,NO APLICA,10,Octubre,4,2022,6,9,SR-208,3,Highway estatal,Rural,Arteria Menor,Not Reported,0,Sin jurisdiccion especial,58,32.6328,-100.8852861,Vehiculo en movimiento,Angulo,Not an Intersection,No fue interseccion,Sobre calle,Ninguna,Oscuro sin iluminacion,Nublado,No,NO APLICA,99,99,99,99,1,04/10/2022,2
48,Texas,483040,0,0,1,0,501,YOAKUM (501),0,NO APLICA,9,Septiembre,22,2022,5,8,US-380,2,US Highway,Rural,Arteria Menor,Not Reported,0,Sin jurisdiccion especial,84,33.24083056,-102.9206167,Volcadura,El primer evento no fue una colision con un vehiculo automotor en transporte,Not an Intersection,No fue interseccion,Sobre el lado de la calle,Ninguna,Oscuro sin iluminacion,Despejado,No,NO APLICA,99,99,99,99,1,22/09/2022,1
48,Texas,483041,0,0,1,0,331,MILAM (331),0,NO APLICA,9,Septiembre,26,2022,13,56,FM 485,8,Otro,Rural,Colector Mayor,Not Reported,0,Sin jurisdiccion especial,14,30.95405278,-97.08835278,Valla Ferrocarril,El primer evento no fue una colision con un vehiculo automotor en transporte,Not an Intersection,No fue interseccion,Sobre el lado de la calle,Ninguna,Dia total,Despejado,No,NO APLICA,99,98,99,98,1,26/09/2022,1
48,Texas,483042,0,0,2,0,331,MILAM (331),0,NO APLICA,9,Septiembre,30,2022,15,35,US-79,2,US Highway,Rural,Arteria Principal,Not Reported,1,Sin jurisdiccion especial,6,30.72452778,-96.81754167,Vehiculo en movimiento,Angulo,Not an Intersection,No fue interseccion,Sobre calle,Ninguna,Dia total,Despejado,No,NO APLICA,99,99,99,99,1,30/09/2022,2
48,Texas,483043,0,0,2,0,167,GALVESTON (167),3220,HITCHCOCK,9,Septiembre,27,2022,17,16,SR-6,3,Highway estatal,Urbano,Arteria Principal,Not Reported,1,Sin jurisdiccion especial,164,29.33094444,-94.94010556,Vehiculo en movimiento,Angulo,T-Intersection,Interseccion de T,Sobre calle,Ninguna,Dia total,Despejado,No,NO APLICA,99,99,99,99,1,27/09/2022,2
48,Texas,483044,0,0,2,0,309,MCLENNAN (309),0,NO APLICA,9,Septiembre,24,2022,11,0,FM 933,8,Otro,Urbano,Arteria Menor,Not Reported,0,Sin jurisdiccion especial,134,31.633025,-97.13432222,Vehiculo en movimiento,Angulo,T-Intersection,Interseccion de T,Sobre calle,Ninguna,Dia total,Despejado,No,NO APLICA,99,98,99,98,1,24/09/2022,2
48,Texas,483045,1,1,2,0,309,MCLENNAN (309),0,NO APLICA,9,Septiembre,26,2022,1,10,I-35,1,Interestatal,Rural,Interestatal,State Highway Agency,1,Sin jurisdiccion especial,19,31.71534722,-97.10253611,Vehiculo en movimiento,Frente a frente,Not an Intersection,No fue interseccion,Sobre calle,Ninguna,Oscuro con iluminacion,Despejado,No,NO APLICA,99,98,99,98,1,26/09/2022,2
48,Texas,483046,1,1,1,0,245,JEFFERSON (245),5470,PORT NECHES,10,Octubre,12,2022,19,28,FM 366,8,Otro,Urbano,Arteria Principal,Not Reported,1,Sin jurisdiccion especial,67,29.96676944,-93.924775,Ciclista,El primer evento no fue una colision con un vehiculo automotor en transporte,Not an Intersection,No fue interseccion,Sobre calle,Ninguna,Oscuro con iluminacion,Despejado,No,NO APLICA,99,98,99,98,1,12/10/2022,1
48,Texas,483047,0,0,1,0,201,HARRIS (201),480,BAYTOWN,10,Octubre,14,2022,0,44,TRI CITY BEACH RD,6,Calle Local Municipalidad,Urbano,Colector Mayor,Not Reported,0,Sin jurisdiccion especial,0,29.7249,-94.95476944,Fin de valla,El primer evento no fue una colision con un vehiculo automotor en transporte,Not an Intersection,No fue interseccion,Sobre el lado de la calle,Ninguna,Oscuro sin iluminacion,Despejado,No,NO APLICA,99,99,99,99,1,14/10/2022,1
48,Texas,483048,0,0,1,0,71,CHAMBERS (71),9997,Other,10,Octubre,8,2022,2,16,SR-146,3,Highway estatal,Urbano,Arteria Principal,Not Reported,1,Sin jurisdiccion especial,51,29.81506944,-94.90091389,Banqueta,El primer evento no fue una colision con un vehiculo automotor en transporte,Not an Intersection,No fue interseccion,Sobre el lado de la calle,Ninguna,Oscuro con iluminacion,Despejado,No,NO APLICA,99,98,99,98,1,08/10/2022,1
48,Texas,483049,1,1,1,0,201,HARRIS (201),3280,HOUSTON,9,Septiembre,30,2022,21,44,WILCREST DR,6,Calle Local Municipalidad,Urbano,Arteria Menor,Not Reported,0,Sin jurisdiccion especial,0,29.77643611,-95.57555278,Peaton,El primer evento no fue una colision con un vehiculo automotor en transporte,Not an Intersection,No fue interseccion,Sobre calle,Ninguna,Oscuro sin iluminacion,Despejado,No,NO APLICA,99,99,99,99,1,30/09/2022,1
48,Texas,483050,1,1,1,0,29,BEXAR (29),6090,SAN ANTONIO,10,Octubre,14,2022,18,16,GERALD AVE,6,Calle Local Municipalidad,Urbano,Local,Not Reported,0,Sin jurisdiccion especial,0,29.36562222,-98.52930833,Peaton,El primer evento no fue una colision con un vehiculo automotor en transporte,Not an Intersection,No fue interseccion,Sobre calle,Ninguna,Dia total,Despejado,No,NO APLICA,99,99,99,99,1,14/10/2022,3
48,Texas,483051,0,0,2,0,185,GRIMES (185),0,NO APLICA,10,Octubre,11,2022,8,34,SR-105,3,Highway estatal,Rural,Arteria Principal,Not Reported,1,Sin jurisdiccion especial,173,30.35252222,-95.81601944,Vehiculo en movimiento,Frente a Detrás,Not an Intersection,No fue interseccion,Sobre calle,Ninguna,Dia total,Nublado,No,NO APLICA,99,99,99,99,1,11/10/2022,2
48,Texas,483052,0,0,1,0,1,ANDERSON (1),0,NO APLICA,10,Octubre,14,2022,5,34,FM 19,8,Otro,Rural,Colector Mayor,Not Reported,0,Sin jurisdiccion especial,195,31.92434167,-95.47758056,Acotamiento,El primer evento no fue una colision con un vehiculo automotor en transporte,Not an Intersection,No fue interseccion,Sobre el lado de la calle,Ninguna,Oscuro sin iluminacion,Despejado,No,NO APLICA,99,98,99,98,1,14/10/2022,1
48,Texas,483053,0,0,1,0,215,HIDALGO (215),50,ALAMO,10,Octubre,3,2022,2,18,I-2,1,Interestatal,Urbano,Interestatal,State Highway Agency,1,Sin jurisdiccion especial,332,26.18729444,-98.09355833,Barrera de Trafico de Concreto,El primer evento no fue una colision con un vehiculo automotor en transporte,T-Intersection,Interseccion de T,En el medio,Ninguna,Oscuro sin iluminacion,Despejado,No,NO APLICA,99,98,99,98,1,03/10/2022,1
48,Texas,483054,0,0,1,0,267,KIMBLE (267),0,NO APLICA,10,Octubre,13,2022,2,27,US-377,2,US Highway,Rural,Colector Mayor,Not Reported,0,Sin jurisdiccion especial,27,30.36321389,-99.88761944,Volcadura,El primer evento no fue una colision con un vehiculo automotor en transporte,Not an Intersection,No fue interseccion,Sobre el lado de la calle,Ninguna,Oscuro sin iluminacion,Despejado,No,NO APLICA,99,99,99,99,1,13/10/2022,6
48,Texas,483055,0,0,1,0,475,WARD (475),0,NO APLICA,10,Octubre,10,2022,10,0,I-20,1,Interestatal,Rural,Interestatal,State Highway Agency,1,Sin jurisdiccion especial,378,31.61827778,-102.8048861,Volcadura,El primer evento no fue una colision con un vehiculo automotor en transporte,Not an Intersection,No fue interseccion,Separador,Ninguna,Dia total,Nublado,No,NO APLICA,99,99,99,99,1,10/10/2022,2
48,Texas,483056,0,0,1,0,19,BANDERA (19),0,NO APLICA,10,Octubre,4,2022,19,15,FM 3240,8,Otro,Rural,Colector Menor,Not Reported,0,Sin jurisdiccion especial,68,29.741075,-99.08245278,Arbol,El primer evento no fue una colision con un vehiculo automotor en transporte,Not an Intersection,No fue interseccion,Sobre el lado de la calle,Ninguna,Dia total,Despejado,No,NO APLICA,99,98,99,98,1,04/10/2022,1
48,Texas,483057,0,0,1,0,19,BANDERA (19),0,NO APLICA,10,Octubre,9,2022,16,10,PR 37,8,Otro,Rural,Colector Mayor,Not Reported,0,Sin jurisdiccion especial,0,29.61889167,-98.874,Volcadura,El primer evento no fue una colision con un vehiculo automotor en transporte,Not an Intersection,No fue interseccion,Sobre el lado de la calle,Ninguna,Dia total,Despejado,No,NO APLICA,99,98,99,98,1,09/10/2022,1
48,Texas,483058,1,1,1,0,201,HARRIS (201),3280,HOUSTON,10,Octubre,8,2022,6,37,MORLEY ST,6,Calle Local Municipalidad,Urbano,Local,Not Reported,0,Sin jurisdiccion especial,0,29.66133889,-95.27663611,Ciclista,El primer evento no fue una colision con un vehiculo automotor en transporte,Four-Way Intersection,Interseccion de 4 direcciones,Sobre calle,Ninguna,Oscuro con iluminacion,Despejado,No,NO APLICA,99,99,99,99,1,08/10/2022,1
48,Texas,483059,0,0,2,0,113,DALLAS (113),6053,SACHSE,10,Octubre,6,2022,14,0,MERRITT RD,6,Calle Local Municipalidad,Urbano,Colector Mayor,Not Reported,0,Sin jurisdiccion especial,0,32.95427778,-96.57067222,Vehiculo en movimiento,Frente a frente,Not an Intersection,No fue interseccion,Sobre calle,Ninguna,Dia total,Despejado,No,NO APLICA,99,99,99,99,1,06/10/2022,2
48,Texas,483060,0,0,1,0,367,PARKER (367),0,NO APLICA,9,Septiembre,23,2022,17,50,FM 920,8,Otro,Rural,Colector Mayor,Not Reported,0,Sin jurisdiccion especial,162,32.79225833,-97.82814444,Volcadura,El primer evento no fue una colision con un vehiculo automotor en transporte,Not an Intersection,No fue interseccion,Sobre el lado de la calle,Ninguna,Dia total,Despejado,No,NO APLICA,99,98,99,98,1,23/09/2022,1
48,Texas,483061,1,1,1,0,245,JEFFERSON (245),490,BEAUMONT,10,Octubre,11,2022,19,47,US-90/COLLEGE ST,2,US Highway,Urbano,Arteria Principal,Not Reported,1,Sin jurisdiccion especial,28,30.06810833,-94.14228056,Peaton,El primer evento no fue una colision con un vehiculo automotor en transporte,Not an Intersection,No fue interseccion,Sobre calle,Ninguna,Oscuro sin iluminacion,Despejado,No,NO APLICA,99,99,99,99,1,11/10/2022,1
48,Texas,483062,1,1,1,0,201,HARRIS (201),0,NO APLICA,10,Octubre,13,2022,6,11,CR-WALLISVILLE RD,4,Calle del Condado,Urbano,Arteria Menor,Not Reported,0,Sin jurisdiccion especial,0,29.81024167,-95.15773611,Peaton,El primer evento no fue una colision con un vehiculo automotor en transporte,Not an Intersection,No fue interseccion,Sobre calle,Ninguna,Oscuro - iluminacion desconocida,Despejado,No,NO APLICA,99,98,99,98,1,13/10/2022,2
48,Texas,483063,0,0,2,0,39,BRAZORIA (39),5249,PEARLAND,10,Octubre,15,2022,19,28,SR-288/SOUTH FWY,7,Calle Local,Urbano,Colector Mayor,Not Reported,0,Sin jurisdiccion especial,11,29.58413056,-95.38683333,Vehiculo en movimiento,Frente a Detrás,Not an Intersection,No fue interseccion,Sobre calle,Ninguna,Dia total,Nublado,No,NO APLICA,99,99,99,99,5,15/10/2022,8
48,Texas,483064,0,0,1,0,371,PECOS (371),2440,FORT STOCKTON,10,Octubre,14,2022,19,46,I-10,1,Interestatal,Urbano,Interestatal,State Highway Agency,1,Sin jurisdiccion especial,49,30.89633056,-102.9188333,Puente de Ferrocarril,El primer evento no fue una colision con un vehiculo automotor en transporte,Not an Intersection,No fue interseccion,Sobre el lado de la calle,Ninguna,Atardecer,Despejado,No,NO APLICA,99,98,99,98,2,14/10/2022,2
48,Texas,483065,0,0,1,0,329,MIDLAND (329),0,NO APLICA,9,Septiembre,16,2022,5,54,I-20 SVRD,7,Calle Local,Rural,Colector Mayor,Not Reported,0,Sin jurisdiccion especial,238,32.05768056,-101.9530139,Volcadura,El primer evento no fue una colision con un vehiculo automotor en transporte,Not an Intersection,No fue interseccion,Sobre el lado de la calle,Ninguna,Oscuro sin iluminacion,Despejado,No,NO APLICA,99,98,99,98,1,16/09/2022,1
48,Texas,483066,0,0,4,0,463,UVALDE (463),7090,UVALDE,9,Septiembre,28,2022,18,4,US-90,2,US Highway,Urbano,Arteria Principal,Not Reported,1,Sin jurisdiccion especial,332,29.20960556,-99.7861,Vehiculo en movimiento,Angulo,Four-Way Intersection,Interseccion de 4 direcciones,Sobre calle,Ninguna,Dia total,Despejado,No,NO APLICA,99,99,99,99,2,28/09/2022,13
48,Texas,483067,0,0,3,0,329,MIDLAND (329),0,NO APLICA,9,Septiembre,27,2022,17,27,SR-158,3,Highway estatal,Rural,Arteria Principal,Not Reported,1,Sin jurisdiccion especial,176,31.93940278,-101.884075,Vehiculo en movimiento,Frente a Detrás,T-Intersection,Interseccion de T,Sobre calle,Ninguna,Dia total,Despejado,No,NO APLICA,99,99,99,99,1,27/09/2022,6
48,Texas,483068,1,1,1,0,455,TRINITY (455),0,NO APLICA,10,Octubre,4,2022,0,35,SR-19,3,Highway estatal,Rural,Arteria Menor,Not Reported,0,Sin jurisdiccion especial,61,30.97895,-95.40920833,Peaton,El primer evento no fue una colision con un vehiculo automotor en transporte,Not an Intersection,No fue interseccion,Sobre calle,Ninguna,Oscuro sin iluminacion,Despejado,No,NO APLICA,99,98,99,98,1,04/10/2022,1
48,Texas,483069,0,0,1,0,423,SMITH (423),0,NO APLICA,10,Octubre,8,2022,4,55,SR-31,3,Highway estatal,Rural,Arteria Principal,Not Reported,1,Sin jurisdiccion especial,199,32.36362778,-95.12374444,Volcadura,El primer evento no fue una colision con un vehiculo automotor en transporte,Not an Intersection,No fue interseccion,Sobre el lado de la calle,Ninguna,Oscuro sin iluminacion,Despejado,No,NO APLICA,99,99,99,99,1,08/10/2022,1
48,Texas,483070,0,0,2,0,201,HARRIS (201),0,NO APLICA,9,Septiembre,27,2022,9,20,JONES RD,6,Calle Local Municipalidad,Urbano,Arteria Menor,Not Reported,0,Sin jurisdiccion especial,0,29.93934444,-95.58483056,Vehiculo en movimiento,Angulo,Four-Way Intersection,Interseccion de 4 direcciones,Sobre calle,Ninguna,Dia total,Despejado,No,NO APLICA,99,99,99,99,1,27/09/2022,3
48,Texas,483071,0,0,2,0,497,WISE (497),0,NO APLICA,9,Septiembre,21,2022,10,55,FM 51,8,Otro,Rural,Arteria Menor,Not Reported,0,Sin jurisdiccion especial,12,33.38412222,-97.39974167,Vehiculo en movimiento,Frente a frente,Not an Intersection,No fue interseccion,Sobre calle,Ninguna,Dia total,Despejado,No,NO APLICA,99,99,99,99,1,21/09/2022,4
48,Texas,483072,0,0,4,0,213,HENDERSON (213),2938,GUN BARREL CITY,9,Septiembre,20,2022,7,28,SR-334,3,Highway estatal,Urbano,Arteria Menor,Not Reported,0,Sin jurisdiccion especial,154,32.33104444,-96.15649167,Vehiculo en movimiento,Golpe Lateral - direccion contraria,Not an Intersection,No fue interseccion,Sobre calle,Ninguna,Otra,Despejado,No,NO APLICA,99,99,99,99,1,20/09/2022,4
48,Texas,483073,0,0,3,0,29,BEXAR (29),6090,SAN ANTONIO,10,Octubre,16,2022,7,25,I-10,1,Interestatal,Urbano,Interestatal,State Highway Agency,1,Sin jurisdiccion especial,29,29.40068056,-98.47075833,Valla Ferrocarril,El primer evento no fue una colision con un vehiculo automotor en transporte,Not an Intersection,No fue interseccion,Separador,Ninguna,Dia total,Despejado,No,NO APLICA,99,99,99,99,1,16/10/2022,6
48,Texas,483074,1,1,1,0,201,HARRIS (201),480,BAYTOWN,10,Octubre,11,2022,1,23,I-10 SVRD,7,Calle Local,Urbano,Colector Mayor,Not Reported,0,Sin jurisdiccion especial,213,29.80035556,-95.02041111,No vehiculo o remolque,El primer evento no fue una colision con un vehiculo automotor en transporte,Not an Intersection,No fue interseccion,Sobre calle,Ninguna,Oscuro sin iluminacion,Despejado,No,NO APLICA,99,99,99,99,1,11/10/2022,1
48,Texas,483075,0,0,2,0,303,LUBBOCK (303),4140,LUBBOCK,10,Octubre,9,2022,18,0,SR-114/19TH ST,3,Highway estatal,Urbano,Arteria Principal,Not Reported,1,Sin jurisdiccion especial,152,33.577925,-101.9034778,Vehiculo en movimiento,Angulo,Not an Intersection,No fue interseccion,Sobre calle,Ninguna,Dia total,Nublado,No,NO APLICA,99,99,99,99,1,09/10/2022,2
48,Texas,483076,0,0,1,0,439,TARRANT (439),2450,FORT WORTH,9,Septiembre,25,2022,0,12,AVONDALE HASLET RD,6,Calle Local Municipalidad,Urbano,Colector Mayor,Not Reported,0,Sin jurisdiccion especial,0,32.96782778,-97.41456944,Poste,El primer evento no fue una colision con un vehiculo automotor en transporte,Not an Intersection,No fue interseccion,Sobre el lado de la calle,Ninguna,Oscuro con iluminacion,Despejado,No,NO APLICA,99,99,99,99,1,25/09/2022,1
48,Texas,483077,0,0,2,0,27,BELL (27),3690,KILLEEN,10,Octubre,9,2022,6,5,SR-195/FORT HOOD ST,3,Highway estatal,Urbano,Arteria Principal,Not Reported,1,Sin jurisdiccion especial,40,31.07386111,-97.75983889,Vehiculo en movimiento,Frente a frente,Not an Intersection,No fue interseccion,Sobre calle,Ninguna,Oscuro sin iluminacion,Nublado,No,NO APLICA,99,99,99,99,1,09/10/2022,3
48,Texas,483078,0,0,1,0,181,GRAYSON (181),7450,WHITESBORO,10,Octubre,6,2022,9,52,US-82,2,US Highway,Rural,Arteria Principal,Not Reported,1,Sin jurisdiccion especial,32,33.67506389,-96.893825,Volcadura,El primer evento no fue una colision con un vehiculo automotor en transporte,Four-Way Intersection,Interseccion de 4 direcciones,Sobre el lado de la calle,Ninguna,Dia total,Despejado,No,NO APLICA,99,98,99,98,1,06/10/2022,2
48,Texas,483079,0,0,2,0,257,KAUFMAN (257),0,NO APLICA,10,Octubre,1,2022,16,24,FM 1390,8,Otro,Rural,Colector Mayor,Not Reported,0,Sin jurisdiccion especial,31,32.56878333,-96.38825556,Vehiculo en movimiento,Angulo,T-Intersection,Interseccion de T,Sobre calle,Ninguna,Dia total,Despejado,No,NO APLICA,99,99,99,99,1,01/10/2022,2
48,Texas,483080,1,1,1,0,29,BEXAR (29),6090,SAN ANTONIO,10,Octubre,3,2022,4,56,RANDOLPH BLVD,6,Calle Local Municipalidad,Urbano,Arteria Menor,Not Reported,0,Sin jurisdiccion especial,0,29.54983889,-98.35808333,Peaton,El primer evento no fue una colision con un vehiculo automotor en transporte,Not an Intersection,No fue interseccion,Sobre calle,Ninguna,Oscuro sin iluminacion,Despejado,No,NO APLICA,99,99,99,99,1,03/10/2022,1
48,Texas,483081,0,0,2,0,381,RANDALL (381),0,NO APLICA,10,Octubre,10,2022,15,37,FM 2186,8,Otro,Rural,Colector Mayor,Not Reported,0,Sin jurisdiccion especial,0,35.11722222,-101.9863,Vehiculo en movimiento,Frente a frente,T-Intersection,Interseccion de T,Sobre calle,Ninguna,Dia total,Nublado,No,NO APLICA,99,99,99,99,1,10/10/2022,2
48,Texas,483082,0,0,1,0,355,NUECES (355),1550,CORPUS CHRISTI,3,Marzo,4,2022,14,2,I-37,1,Interestatal,Urbano,Interestatal,State Highway Agency,1,Sin jurisdiccion especial,158,27.87798333,-97.62390278,Volcadura,El primer evento no fue una colision con un vehiculo automotor en transporte,Not an Intersection,No fue interseccion,Sobre calle,Construccion,Dia total,Despejado,No,NO APLICA,99,99,99,99,1,04/03/2022,2