Estado,Nombre de Estado,Numero de Caso,Peatones,Personas _no_vehiculos,Vehiculos automotores,Vehiculos estacionados,Condado,Nombre Condado,Ciudad,Nombre Ciudad,Mes,Nombre Mes,Dia,Año,Hora,Minuto,Calle,Ruta,Nombre Ruta,Rural o Urbanoo,Sistema Funcional,Dueño Calle,Sistema Nacional Carreteras,Jurisdiccion Especial,Milla,Latitud,Longitud,Causa del Accidente,Tipo de Accidente,Tipo Interseccion,Columna1,Lugar en la calle,Zona de Trabajo,Luz,Clima,Autobus Escolar,Cruce de Trenes,Hora Notificacion,Minuto Notificacion,Hora Llegada,Minuto Llegada,Decesos,Fecha,PersonaVehiculo
48,Texas,483083,0,0,1,0,249,JIM WELLS (249),90,ALICE,5,Mayo,12,2022,1,52,COMMERCE RD,6,Calle Local Municipalidad,Urbano,Arteria Menor,Not Reported,0,Sin jurisdiccion especial,8,27.77758889,-98.06947778,Volcadura,El primer evento no fue una colision con un vehiculo automotor en transporte,Not an Intersection,No fue interseccion,Sobre el lado de la calle,Ninguna,Oscuro sin iluminacion,Despejado,No,NO APLICA,99,99,99,99,1,12/05/2022,1
48,Texas,483084,0,0,2,0,89,COLORADO (89),0,NO APLICA,9,Septiembre,23,2022,18,3,US-90A,2,US Highway,Rural,Arteria Menor,Not Reported,0,Sin jurisdiccion especial,248,29.58981944,-96.39159444,Vehiculo en movimiento,Golpe Lateral - direccion contraria,Not an Intersection,No fue interseccion,Sobre calle,Ninguna,Dia total,Despejado,No,NO APLICA,99,98,99,98,1,23/09/2022,3
48,Texas,483085,0,0,1,0,131,DUVAL (131),0,NO APLICA,9,Septiembre,28,2022,7,26,SR-359,3,Highway estatal,Rural,Colector Mayor,Not Reported,0,Sin jurisdiccion especial,222,27.55728333,-98.46388056,Barda,El primer evento no fue una colision con un vehiculo automotor en transporte,Not an Intersection,No fue interseccion,Fuera de la calle,Ninguna,Oscuro sin iluminacion,Despejado,No,NO APLICA,99,99,99,99,1,28/09/2022,1
48,Texas,483086,0,0,3,0,223,HOPKINS (223),0,NO APLICA,10,Octubre,14,2022,14,30,SR-19,3,Highway estatal,Rural,Arteria Principal,Not Reported,0,Sin jurisdiccion especial,268,32.99612222,-95.71160833,Vehiculo en movimiento,Angulo,Not an Intersection,No fue interseccion,Sobre calle,Ninguna,Dia total,Despejado,No,NO APLICA,99,99,99,99,1,14/10/2022,3
48,Texas,483087,0,0,2,0,183,GREGG (183),0,NO APLICA,10,Octubre,13,2022,13,37,US-259,2,US Highway,Rural,Arteria Principal,Not Reported,0,Sin jurisdiccion especial,80,32.60372222,-94.75361111,Vehiculo en movimiento,Angulo,T-Intersection,Interseccion de T,Sobre calle,Ninguna,Dia total,Despejado,No,NO APLICA,99,99,99,99,1,13/10/2022,2
48,Texas,483088,1,1,2,1,303,LUBBOCK (303),0,NO APLICA,10,Octubre,14,2022,16,2,FM 2641,8,Otro,Urbano,Arteria Menor,Not Reported,0,Sin jurisdiccion especial,114,33.65045556,-101.8846778,Vehiculo Aparcado,El primer evento no fue una colision con un vehiculo automotor en transporte,Not an Intersection,No fue interseccion,Sobre el lado de la calle,Ninguna,Dia total,Despejado,No,NO APLICA,99,98,99,98,1,14/10/2022,1
48,Texas,483089,0,0,2,0,5,ANGELINA (5),4160,LUFKIN,9,Septiembre,22,2022,12,39,SR-103/ATKINSON DR,3,Highway estatal,Urbano,Arteria Menor,Not Reported,0,Sin jurisdiccion especial,0,31.34558611,-94.71943333,Vehiculo en movimiento,Angulo,Four-Way Intersection,Interseccion de 4 direcciones,Sobre calle,Ninguna,Dia total,Despejado,No,NO APLICA,99,99,99,99,1,22/09/2022,3
48,Texas,483091,1,1,1,0,139,ELLIS (139),7270,WAXAHACHIE,10,Octubre,16,2022,20,57,US-287,2,US Highway,Urbano,Arterial Principal -Freeway o ExpressWay,Not Reported,1,Sin jurisdiccion especial,421,32.41898611,-96.83760278,Peaton,El primer evento no fue una colision con un vehiculo automotor en transporte,Not an Intersection,No fue interseccion,Sobre calle,Ninguna,Oscuro sin iluminacion,Despejado,No,NO APLICA,99,99,99,99,1,16/10/2022,1
48,Texas,483092,0,0,2,0,29,BEXAR (29),6090,SAN ANTONIO,10,Octubre,14,2022,11,48,BROADWAY,6,Calle Local Municipalidad,Urbano,Arteria Menor,Not Reported,0,Sin jurisdiccion especial,0,29.52769167,-98.45362222,Vehiculo en movimiento,Angulo,T-Intersection,Interseccion de T,Sobre calle,Ninguna,Dia total,Nublado,No,NO APLICA,99,98,99,98,1,14/10/2022,2
48,Texas,483093,0,0,1,0,109,CULBERSON (109),0,NO APLICA,9,Septiembre,16,2022,15,15,I-10,1,Interestatal,Rural,Interestatal,State Highway Agency,1,Sin jurisdiccion especial,102,31.07139722,-104.4372611,Volcadura,El primer evento no fue una colision con un vehiculo automotor en transporte,Not an Intersection,No fue interseccion,En el medio,Ninguna,Dia total,Despejado,No,NO APLICA,99,99,99,99,1,16/09/2022,1
48,Texas,483094,0,0,2,0,157,FORT BEND (157),0,NO APLICA,10,Octubre,11,2022,16,59,FM 762,8,Otro,Rural,Colector Mayor,Not Reported,0,Sin jurisdiccion especial,125,29.4597,-95.68860833,Vehiculo en movimiento,Angulo,Not an Intersection,No fue interseccion,Sobre calle,Ninguna,Dia total,Despejado,No,NO APLICA,99,98,99,98,1,11/10/2022,3
48,Texas,483095,0,0,1,0,453,TRAVIS (453),0,NO APLICA,10,Octubre,9,2022,2,25,CR-PEARCE LN,4,Calle del Condado,Rural,Local,Not Reported,0,Sin jurisdiccion especial,0,30.16172222,-97.60711667,Volcadura,El primer evento no fue una colision con un vehiculo automotor en transporte,Not an Intersection,No fue interseccion,Sobre el lado de la calle,Ninguna,Oscuro sin iluminacion,Despejado,No,NO APLICA,99,99,99,99,2,09/10/2022,3
48,Texas,483096,0,0,2,0,397,ROCKWALL (397),2330,FATE,10,Octubre,17,2022,15,28,I-30,7,Calle Local,Urbano,Colector Mayor,State Highway Agency,0,Sin jurisdiccion especial,98,32.93081944,-96.38378611,Vehiculo en movimiento,Golpe Lateral - misma direccion,Not an Intersection,No fue interseccion,Sobre calle,Construccion,Dia total,Despejado,No,NO APLICA,99,99,99,99,1,17/10/2022,2
48,Texas,483097,0,0,2,0,439,TARRANT (439),7258,WATAUGA,10,Octubre,12,2022,15,52,US-377/DENTON HWY,2,US Highway,Urbano,Arteria Principal,Not Reported,1,Sin jurisdiccion especial,274,32.88493611,-97.26026111,Volcadura,El primer evento no fue una colision con un vehiculo automotor en transporte,Not an Intersection,No fue interseccion,Sobre calle,Ninguna,Dia total,Despejado,No,NO APLICA,99,99,99,99,1,12/10/2022,2
48,Texas,483098,0,0,2,0,27,BELL (27),7031,TROY,10,Octubre,15,2022,4,29,I-35/PURPLE HEART TRL,1,Interestatal,Urbano,Interestatal,State Highway Agency,1,Sin jurisdiccion especial,303,31.19689444,-97.30730278,Vehiculo en movimiento,Frente a frente,Not an Intersection,No fue interseccion,Sobre calle,Ninguna,Oscuro sin iluminacion,Despejado,No,NO APLICA,99,99,99,99,1,15/10/2022,4
48,Texas,483100,1,1,2,0,201,HARRIS (201),0,NO APLICA,10,Octubre,17,2022,21,28,FM 1960,8,Otro,Urbano,Arteria Principal,Not Reported,0,Sin jurisdiccion especial,155,30.02440833,-95.41616389,Peaton,El primer evento no fue una colision con un vehiculo automotor en transporte,Not an Intersection,No fue interseccion,Sobre calle,Ninguna,Oscuro sin iluminacion,Despejado,No,NO APLICA,99,98,99,98,1,17/10/2022,3
48,Texas,483101,1,1,1,0,303,LUBBOCK (303),4140,LUBBOCK,10,Octubre,12,2022,6,51,I-27 SVRD,7,Calle Local,Urbano,Colector Mayor,Not Reported,0,Sin jurisdiccion especial,34,33.51996944,-101.8446083,Ciclista,El primer evento no fue una colision con un vehiculo automotor en transporte,Four-Way Intersection,Interseccion de 4 direcciones,Sobre calle,Ninguna,Oscuro con iluminacion,Despejado,No,NO APLICA,99,99,99,99,1,12/10/2022,1
48,Texas,483102,0,0,3,0,201,HARRIS (201),3280,HOUSTON,9,Septiembre,25,2022,10,58,HARDY RD,6,Calle Local Municipalidad,Urbano,Arteria Menor,Not Reported,0,Sin jurisdiccion especial,0,29.84563611,-95.35824444,Vehiculo en movimiento,Golpe Lateral - misma direccion,Not an Intersection,No fue interseccion,Sobre calle,Ninguna,Dia total,Despejado,No,NO APLICA,99,99,99,99,1,25/09/2022,5
48,Texas,483103,0,0,2,0,303,LUBBOCK (303),4140,LUBBOCK,10,Octubre,12,2022,16,17,INDIANA AVE,6,Calle Local Municipalidad,Urbano,Arteria Menor,Not Reported,0,Sin jurisdiccion especial,0,33.53423611,-101.8876278,Vehiculo en movimiento,Angulo,Four-Way Intersection,Interseccion de 4 direcciones,Sobre calle,Ninguna,Dia total,Despejado,No,NO APLICA,99,98,99,98,1,12/10/2022,2
48,Texas,483104,0,0,1,0,309,MCLENNAN (309),0,NO APLICA,10,Octubre,9,2022,3,45,SR-317,3,Highway estatal,Rural,Arteria Menor,Not Reported,0,Sin jurisdiccion especial,229,31.34171389,-97.36470833,Volcadura,El primer evento no fue una colision con un vehiculo automotor en transporte,Not an Intersection,No fue interseccion,Sobre calle,Ninguna,Oscuro sin iluminacion,Despejado,No,NO APLICA,99,98,99,98,1,09/10/2022,1
48,Texas,483105,2,2,1,0,13,ATASCOSA (13),0,NO APLICA,10,Octubre,5,2022,22,9,I-37,1,Interestatal,Rural,Interestatal,State Highway Agency,1,Sin jurisdiccion especial,202,28.845425,-98.37807778,Peaton,El primer evento no fue una colision con un vehiculo automotor en transporte,Not an Intersection,No fue interseccion,En el medio,Ninguna,Oscuro sin iluminacion,Despejado,No,NO APLICA,99,99,99,99,1,05/10/2022,3
48,Texas,483106,0,0,2,0,73,CHEROKEE (73),3470,JACKSONVILLE,10,Octubre,10,2022,10,13,US-79,2,US Highway,Urbano,Arteria Principal,Not Reported,1,Sin jurisdiccion especial,44,31.97069722,-95.22304444,Vehiculo en movimiento,Angulo,Four-Way Intersection,Interseccion de 4 direcciones,Sobre calle,Ninguna,Dia total,Despejado,No,NO APLICA,99,99,99,99,1,10/10/2022,3
48,Texas,483107,1,2,3,2,453,TRAVIS (453),330,AUSTIN,9,Septiembre,24,2022,22,56,I-35,1,Interestatal,Urbano,Interestatal,State Highway Agency,1,Sin jurisdiccion especial,215,30.31455833,-97.70745556,Peaton,El primer evento no fue una colision con un vehiculo automotor en transporte,Not an Intersection,No fue interseccion,Fuera de la calle,Ninguna,Oscuro con iluminacion,Despejado,No,NO APLICA,99,99,99,99,1,24/09/2022,1
48,Texas,483108,0,0,2,0,201,HARRIS (201),3280,HOUSTON,10,Octubre,1,2022,5,59,SR-225/LA PORTE FWY,3,Highway estatal,Urbano,Arterial Principal -Freeway o ExpressWay,Not Reported,1,Sin jurisdiccion especial,29,29.70691389,-95.23431111,Vehiculo en movimiento,Frente a Detrás,Not an Intersection,No fue interseccion,Sobre calle,Ninguna,Oscuro con iluminacion,Despejado,No,NO APLICA,99,99,99,99,1,01/10/2022,2
48,Texas,483109,3,8,3,2,453,TRAVIS (453),330,AUSTIN,8,Agosto,27,2022,0,54,I-35,1,Interestatal,Urbano,Interestatal,State Highway Agency,1,Sin jurisdiccion especial,199,30.29436389,-97.71969722,Vehiculo Aparcado,El primer evento no fue una colision con un vehiculo automotor en transporte,Not an Intersection,No fue interseccion,Sobre Acotamiento,Ninguna,Oscuro sin iluminacion,Despejado,No,NO APLICA,99,99,99,99,1,27/08/2022,1
48,Texas,483110,0,0,2,0,467,VAN ZANDT (467),0,NO APLICA,9,Septiembre,27,2022,7,30,SR-243,3,Highway estatal,Rural,Arteria Menor,Not Reported,0,Sin jurisdiccion especial,92,32.54613611,-95.92086667,Vehiculo en movimiento,Frente a Detrás,Not an Intersection,No fue interseccion,Sobre calle,Ninguna,Dia total,Despejado,No,NO APLICA,99,99,99,99,1,27/09/2022,6
48,Texas,483111,0,0,1,0,89,COLORADO (89),0,NO APLICA,10,Octubre,9,2022,16,2,I-10/US-90,1,Interestatal,Rural,Interestatal,State Highway Agency,1,Sin jurisdiccion especial,299,29.73526389,-96.36038056,Volcadura,El primer evento no fue una colision con un vehiculo automotor en transporte,Not an Intersection,No fue interseccion,Separador,Ninguna,Dia total,Despejado,No,NO APLICA,99,98,99,98,2,09/10/2022,2
48,Texas,483112,0,0,3,0,97,COOKE (97),0,NO APLICA,10,Octubre,12,2022,7,42,FM 371,8,Otro,Rural,Colector Mayor,Not Reported,0,Sin jurisdiccion especial,90,33.65778333,-97.08149722,Vehiculo en movimiento,Frente a Detrás,T-Intersection,Interseccion de T,Sobre calle,Ninguna,Dia total,Despejado,No,NO APLICA,99,99,99,99,1,12/10/2022,3
48,Texas,483113,0,0,2,0,365,PANOLA (365),0,NO APLICA,10,Octubre,13,2022,16,54,US-59,2,US Highway,Rural,Arteria Principal,Not Reported,1,Sin jurisdiccion especial,121,32.21673333,-94.34817778,Vehiculo en movimiento,Angulo,T-Intersection,Interseccion de T,Sobre calle,Construccion,Dia total,Despejado,No,NO APLICA,99,99,99,99,1,13/10/2022,3
48,Texas,483114,0,0,1,0,497,WISE (497),0,NO APLICA,10,Octubre,1,2022,20,19,CR-1308,4,Calle del Condado,Rural,Local,Not Reported,0,Propiedad Federal,0,33.24034722,-97.75036667,Arbol,El primer evento no fue una colision con un vehiculo automotor en transporte,Not an Intersection,No fue interseccion,Sobre el lado de la calle,Ninguna,Oscuro sin iluminacion,Despejado,No,NO APLICA,99,99,99,99,1,01/10/2022,3
48,Texas,483115,0,0,1,0,347,NACOGDOCHES (347),4810,NACOGDOCHES,10,Octubre,11,2022,1,15,MARTIN LUTHER KING JR BLVD,6,Calle Local Municipalidad,Urbano,Local,Not Reported,0,Sin jurisdiccion especial,0,31.59180556,-94.64440278,Alguien se cayo/avento del vehiculo,El primer evento no fue una colision con un vehiculo automotor en transporte,Four-Way Intersection,Interseccion de 4 direcciones,Sobre calle,Ninguna,Oscuro con iluminacion,Despejado,No,NO APLICA,99,99,99,99,1,11/10/2022,2
48,Texas,483116,0,0,2,0,381,RANDALL (381),0,NO APLICA,10,Octubre,13,2022,2,29,I-27,1,Interestatal,Rural,Interestatal,State Highway Agency,1,Sin jurisdiccion especial,54,35.07278056,-101.91895,Vehiculo en movimiento,Frente a frente,Not an Intersection,No fue interseccion,Sobre calle,Ninguna,Oscuro sin iluminacion,Despejado,No,NO APLICA,99,99,99,99,2,13/10/2022,3
48,Texas,483117,0,0,2,0,167,GALVESTON (167),0,NO APLICA,10,Octubre,16,2022,20,34,FM 646/BAYSHORE DR,8,Otro,Urbano,Arteria Menor,Not Reported,0,Sin jurisdiccion especial,229,29.50240278,-94.94971111,Vehiculo en movimiento,Angulo,Four-Way Intersection,Interseccion de 4 direcciones,Sobre calle,Ninguna,Oscuro con iluminacion,Despejado,No,NO APLICA,99,99,99,99,1,16/10/2022,10
48,Texas,483118,0,0,2,0,367,PARKER (367),364,AZLE,10,Octubre,19,2022,7,59,SR-199/PKWY ST,3,Highway estatal,Urbano,Arteria Principal,Not Reported,1,Sin jurisdiccion especial,182,32.90599444,-97.56586389,Vehiculo en movimiento,Frente a Detrás,Not an Intersection,No fue interseccion,Sobre calle,Ninguna,Dia total,Despejado,No,NO APLICA,99,99,99,99,1,19/10/2022,2
48,Texas,483119,0,0,1,0,407,SAN JACINTO (407),0,NO APLICA,9,Septiembre,15,2022,18,24,FM 1725,8,Otro,Rural,Colector Mayor,Not Reported,0,Sin jurisdiccion especial,113,30.42596389,-95.20824722,Barda,El primer evento no fue una colision con un vehiculo automotor en transporte,Not an Intersection,No fue interseccion,Fuera de la calle,Ninguna,Dia total,Despejado,No,NO APLICA,99,99,99,99,1,15/09/2022,2
48,Texas,483120,0,0,1,0,387,RED RIVER (387),0,NO APLICA,10,Octubre,10,2022,21,27,FM 909,8,Otro,Rural,Colector Mayor,Not Reported,0,Sin jurisdiccion especial,116,33.49069444,-95.14421944,Otro objeto (fijo),El primer evento no fue una colision con un vehiculo automotor en transporte,Not an Intersection,No fue interseccion,Sobre el lado de la calle,Ninguna,Oscuro sin iluminacion,Despejado,No,NO APLICA,99,98,99,98,1,10/10/2022,1
48,Texas,483122,1,1,1,0,453,TRAVIS (453),330,AUSTIN,10,Octubre,19,2022,21,21,OLTORF ST,6,Calle Local Municipalidad,Urbano,Arteria Menor,Not Reported,0,Sin jurisdiccion especial,0,30.23331667,-97.73946667,Peaton,El primer evento no fue una colision con un vehiculo automotor en transporte,Not an Intersection,No fue interseccion,Sobre calle,Ninguna,Oscuro sin iluminacion,Despejado,No,NO APLICA,99,99,99,99,1,19/10/2022,1
48,Texas,483123,0,0,3,0,245,JEFFERSON (245),5430,PORT ARTHUR,10,Octubre,14,2022,23,4,SR-93 SPUR/PORT ARTHUR RD,3,Highway estatal,Urbano,Arteria Menor,Not Reported,0,Sin jurisdiccion especial,72,29.94096389,-94.03375,Vehiculo en movimiento,Frente a frente,Not an Intersection,No fue interseccion,Sobre calle,Ninguna,Oscuro sin iluminacion,Despejado,No,NO APLICA,99,99,99,99,1,14/10/2022,5
48,Texas,483124,1,1,1,0,113,DALLAS (113),3420,IRVING,10,Octubre,8,2022,21,49,SR-114/JOHN CARPENTER FWY,3,Highway estatal,Urbano,Arterial Principal -Freeway o ExpressWay,Not Reported,1,Sin jurisdiccion especial,99,32.92129722,-97.02057778,Peaton,El primer evento no fue una colision con un vehiculo automotor en transporte,Not an Intersection,No fue interseccion,Sobre calle,Ninguna,Oscuro sin iluminacion,Despejado,No,NO APLICA,99,98,99,98,1,08/10/2022,1
48,Texas,483125,0,0,2,0,165,GAINES (165),6270,SEAGRAVES,10,Octubre,9,2022,5,33,US-62,2,US Highway,Rural,Arteria Principal,Not Reported,1,Sin jurisdiccion especial,181,32.94656944,-102.5540583,Vehiculo en movimiento,Frente a frente,Not an Intersection,No fue interseccion,Sobre calle,Ninguna,Oscuro con iluminacion,lluvia,No,NO APLICA,99,99,99,99,1,09/10/2022,2
48,Texas,483126,2,2,2,1,201,HARRIS (201),3280,HOUSTON,10,Octubre,15,2022,2,28,WESTPARK TOLLWAY,6,Calle Local Municipalidad,Urbano,Arteria Menor,Not Reported,0,Sin jurisdiccion especial,0,29.70993056,-95.65839722,Vehiculo Aparcado,El primer evento no fue una colision con un vehiculo automotor en transporte,Not an Intersection,No fue interseccion,Sobre Acotamiento,Ninguna,Oscuro con iluminacion,Despejado,No,NO APLICA,99,99,99,99,1,15/10/2022,1
48,Texas,483127,0,0,4,0,453,TRAVIS (453),0,NO APLICA,10,Octubre,13,2022,15,13,SR-71,3,Highway estatal,Rural,Arteria Principal,Not Reported,1,Sin jurisdiccion especial,60,30.32622778,-98.01527222,Vehiculo en movimiento,Angulo,Not an Intersection,No fue interseccion,Sobre calle,Ninguna,Dia total,Nublado,No,NO APLICA,99,99,99,99,1,13/10/2022,5
48,Texas,483128,0,0,1,0,35,BOSQUE (35),0,NO APLICA,10,Octubre,16,2022,20,54,FM 2602,8,Otro,Rural,Colector Menor,Not Reported,0,Sin jurisdiccion especial,63,31.67341111,-97.59697778,Volcadura,El primer evento no fue una colision con un vehiculo automotor en transporte,Not an Intersection,No fue interseccion,Sobre el lado de la calle,Mantenimiento,Oscuro sin iluminacion,Nublado,No,NO APLICA,99,98,99,98,1,16/10/2022,1
48,Texas,483129,0,0,2,0,213,HENDERSON (213),6314,SEVEN POINTS,10,Octubre,6,2022,10,38,SR-334/CEDAR CREEK PKY,3,Highway estatal,Urbano,Arteria Menor,Not Reported,0,Sin jurisdiccion especial,122,32.32186111,-96.20970278,Vehiculo en movimiento,Angulo,T-Intersection,Interseccion de T,Sobre calle,Ninguna,Dia total,Despejado,No,NO APLICA,99,99,99,99,1,06/10/2022,4
48,Texas,483130,1,1,1,0,113,DALLAS (113),1730,DALLAS,10,Octubre,18,2022,20,9,GOOD LATIMER EXPY,6,Calle Local Municipalidad,Urbano,Arteria Principal,Not Reported,1,Sin jurisdiccion especial,0,32.77174444,-96.77827222,Ciclista,El primer evento no fue una colision con un vehiculo automotor en transporte,Not an Intersection,No fue interseccion,Sobre calle,Ninguna,Oscuro sin iluminacion,Despejado,No,NO APLICA,99,99,99,99,1,18/10/2022,1
48,Texas,483131,0,0,2,0,89,COLORADO (89),0,NO APLICA,10,Octubre,13,2022,6,45,FM 109,8,Otro,Rural,Colector Mayor,Not Reported,0,Sin jurisdiccion especial,57,29.83093056,-96.54135556,Vehiculo en movimiento,Frente a frente,Not an Intersection,No fue interseccion,Sobre calle,Ninguna,Oscuro sin iluminacion,Despejado,No,NO APLICA,99,99,99,99,1,13/10/2022,2
48,Texas,483132,0,0,2,0,203,HARRISON (203),0,NO APLICA,10,Octubre,15,2022,20,15,US-80,2,US Highway,Rural,Arteria Principal,Not Reported,0,Sin jurisdiccion especial,153,32.52483611,-94.44610833,Vehiculo en movimiento,Frente a Detrás,Not an Intersection,No fue interseccion,Sobre calle,Ninguna,Oscuro sin iluminacion,Despejado,No,NO APLICA,99,98,99,98,1,15/10/2022,2
48,Texas,483133,0,0,1,0,203,HARRISON (203),0,NO APLICA,10,Octubre,16,2022,22,0,SR-43,3,Highway estatal,Rural,Arteria Menor,Not Reported,0,Sin jurisdiccion especial,96,32.57941944,-94.26836667,Culvert,El primer evento no fue una colision con un vehiculo automotor en transporte,Not an Intersection,No fue interseccion,Sobre el lado de la calle,Ninguna,Oscuro sin iluminacion,Nublado,No,NO APLICA,99,99,99,99,1,16/10/2022,2
48,Texas,483134,0,0,2,0,199,HARDIN (199),0,NO APLICA,10,Octubre,18,2022,14,43,SR-326,3,Highway estatal,Rural,Arteria Menor,Not Reported,0,Sin jurisdiccion especial,138,30.18833611,-94.38945833,Vehiculo en movimiento,Angulo,Not an Intersection,No fue interseccion,Sobre calle,Ninguna,Dia total,Despejado,No,NO APLICA,99,99,99,99,1,18/10/2022,2
48,Texas,483135,0,0,2,0,7,ARANSAS (7),0,NO APLICA,10,Octubre,21,2022,9,27,SR-188,3,Highway estatal,Rural,Colector Mayor,Not Reported,0,Sin jurisdiccion especial,14,27.96615278,-97.12131111,Vehiculo en movimiento,Frente a frente,Not an Intersection,No fue interseccion,Sobre calle,Ninguna,Dia total,Despejado,No,NO APLICA,99,99,99,99,1,21/10/2022,2
48,Texas,483136,1,1,1,0,29,BEXAR (29),6090,SAN ANTONIO,10,Octubre,13,2022,10,21,LORD RD,6,Calle Local Municipalidad,Urbano,Arteria Principal,Not Reported,1,Sin jurisdiccion especial,0,29.41356667,-98.40536667,Peaton,El primer evento no fue una colision con un vehiculo automotor en transporte,Four-Way Intersection,Interseccion de 4 direcciones,Sobre calle,Ninguna,Dia total,Despejado,No,NO APLICA,99,99,99,99,1,13/10/2022,1
48,Texas,483137,1,1,1,0,453,TRAVIS (453),330,AUSTIN,10,Octubre,12,2022,6,59,US-183/ANDERSON LN,2,US Highway,Urbano,Arterial Principal -Freeway o ExpressWay,Not Reported,1,Sin jurisdiccion especial,76,30.34668056,-97.71047778,Peaton,El primer evento no fue una colision con un vehiculo automotor en transporte,Not an Intersection,No fue interseccion,Sobre calle,Construccion,Oscuro con iluminacion,Despejado,No,NO APLICA,99,98,99,98,1,12/10/2022,1
48,Texas,483138,0,0,3,0,453,TRAVIS (453),330,AUSTIN,10,Octubre,20,2022,15,17,SR-360,3,Highway estatal,Urbano,Arteria Principal,Not Reported,1,Sin jurisdiccion especial,224,30.26365278,-97.81664722,Vehiculo en movimiento,Golpe Lateral - misma direccion,T-Intersection,Interseccion de T,Sobre calle,Ninguna,Dia total,Despejado,No,NO APLICA,99,99,99,99,1,20/10/2022,4
48,Texas,483139,0,0,2,0,113,DALLAS (113),1730,DALLAS,10,Octubre,19,2022,4,35,MAPLE AVE,6,Calle Local Municipalidad,Urbano,Colector Mayor,Not Reported,0,Sin jurisdiccion especial,0,32.81347778,-96.82501111,Vehiculo en movimiento,Frente a Detrás,Four-Way Intersection,Interseccion de 4 direcciones,Sobre calle,Ninguna,Oscuro con iluminacion,Despejado,No,NO APLICA,99,98,99,98,1,19/10/2022,2
48,Texas,483140,2,2,1,0,201,HARRIS (201),3280,HOUSTON,10,Octubre,21,2022,2,3,AIRLINE DR,6,Calle Local Municipalidad,Urbano,Arteria Menor,Not Reported,0,Sin jurisdiccion especial,0,29.84578056,-95.38457222,Otro objeto (fijo),El primer evento no fue una colision con un vehiculo automotor en transporte,Not an Intersection,No fue interseccion,Sobre el lado de la calle,Ninguna,Oscuro con iluminacion,Despejado,No,NO APLICA,99,99,99,99,1,21/10/2022,1
48,Texas,483141,0,0,2,0,467,VAN ZANDT (467),0,NO APLICA,10,Octubre,20,2022,16,54,FM 1255,8,Otro,Rural,Colector Mayor,Not Reported,0,Sin jurisdiccion especial,0,32.60260556,-95.69073889,Vehiculo en movimiento,Angulo,Four-Way Intersection,Interseccion de 4 direcciones,Sobre calle,Ninguna,Dia total,Despejado,No,NO APLICA,99,99,99,99,1,20/10/2022,3
48,Texas,483142,0,0,3,0,347,NACOGDOCHES (347),4810,NACOGDOCHES,10,Octubre,19,2022,8,50,US-59/STALLINGS DR,2,US Highway,Urbano,Arteria Principal,Not Reported,1,Sin jurisdiccion especial,239,31.58932222,-94.68075556,Vehiculo en movimiento,Angulo,Not an Intersection,No fue interseccion,Sobre calle,Ninguna,Dia total,Despejado,No,NO APLICA,99,98,99,98,1,19/10/2022,5
48,Texas,483143,0,0,2,0,141,EL PASO (141),2190,EL PASO,10,Octubre,18,2022,8,54,ARTCRAFT DR,6,Calle Local Municipalidad,Urbano,Arteria Principal,Not Reported,1,Sin jurisdiccion especial,12,31.87984167,-106.6108556,Vehiculo en movimiento,Angulo,Four-Way Intersection,Interseccion de 4 direcciones,Sobre calle,Ninguna,Dia total,Nublado,No,NO APLICA,99,98,99,98,2,18/10/2022,3
48,Texas,483144,0,0,1,0,149,FAYETTE (149),0,NO APLICA,10,Octubre,4,2022,12,24,I-10,1,Interestatal,Rural,Interestatal,State Highway Agency,1,Sin jurisdiccion especial,179,29.69069722,-96.920075,Volcadura,El primer evento no fue una colision con un vehiculo automotor en transporte,Not an Intersection,No fue interseccion,Sobre calle,Ninguna,Dia total,Despejado,No,NO APLICA,99,99,99,99,1,04/10/2022,2
48,Texas,483145,0,1,2,1,229,HUDSPETH (229),0,NO APLICA,10,Octubre,10,2022,18,56,I-10,1,Interestatal,Rural,Interestatal,State Highway Agency,1,Sin jurisdiccion especial,546,31.13183611,-105.2099389,Vehiculo Aparcado,El primer evento no fue una colision con un vehiculo automotor en transporte,Not an Intersection,No fue interseccion,Sobre Acotamiento,Ninguna,Oscuro sin iluminacion,Despejado,No,NO APLICA,99,98,99,98,1,10/10/2022,1
48,Texas,483147,1,1,1,0,201,HARRIS (201),480,BAYTOWN,10,Octubre,13,2022,23,30,I-10 RAMP,1,Interestatal,Urbano,Interestatal,State Highway Agency,1,Sin jurisdiccion especial,262,29.81101667,-94.94346389,Peaton,El primer evento no fue una colision con un vehiculo automotor en transporte,Not an Intersection,No fue interseccion,Sobre calle,Ninguna,Oscuro sin iluminacion,Despejado,No,NO APLICA,99,99,99,99,1,13/10/2022,1
48,Texas,483148,1,1,1,0,339,MONTGOMERY (339),1510,CONROE,10,Octubre,16,2022,3,9,3RD ST,6,Calle Local Municipalidad,Urbano,Local,Not Reported,0,Sin jurisdiccion especial,0,30.31936389,-95.45462222,Ciclista,El primer evento no fue una colision con un vehiculo automotor en transporte,Four-Way Intersection,Interseccion de 4 direcciones,Sobre calle,Ninguna,Oscuro con iluminacion,Despejado,No,NO APLICA,99,98,99,98,1,16/10/2022,1
48,Texas,483149,1,1,1,0,29,BEXAR (29),6090,SAN ANTONIO,10,Octubre,16,2022,21,33,SR-151,3,Highway estatal,Urbano,Arterial Principal -Freeway o ExpressWay,Not Reported,1,Sin jurisdiccion especial,51,29.43603889,-98.65155,Peaton,El primer evento no fue una colision con un vehiculo automotor en transporte,Not an Intersection,No fue interseccion,Sobre calle,Ninguna,Oscuro con iluminacion,Despejado,No,NO APLICA,99,98,99,98,1,16/10/2022,1