Estado,Nombre de Estado,Numero de Caso,Peatones,Personas _no_vehiculos,Vehiculos automotores,Vehiculos estacionados,Condado,Nombre Condado,Ciudad,Nombre Ciudad,Mes,Nombre Mes,Dia,Año,Hora,Minuto,Calle,Ruta,Nombre Ruta,Rural o Urbanoo,Sistema Funcional,Dueño Calle,Sistema Nacional Carreteras,Jurisdiccion Especial,Milla,Latitud,Longitud,Causa del Accidente,Tipo de Accidente,Tipo Interseccion,Columna1,Lugar en la calle,Zona de Trabajo,Luz,Clima,Autobus Escolar,Cruce de Trenes,Hora Notificacion,Minuto Notificacion,Hora Llegada,Minuto Llegada,Decesos,Fecha,PersonaVehiculo
48,Texas,483150,0,0,2,0,29,BEXAR (29),6090,SAN ANTONIO,10,Octubre,23,2022,23,47,FM 2696/BLANCO RD,8,Otro,Urbano,Arteria Menor,Not Reported,0,Militar,94,29.64276667,-98.518875,Vehiculo en movimiento,Angulo,Not an Intersection,No fue interseccion,Sobre calle,Ninguna,Oscuro con iluminacion,Despejado,No,NO APLICA,99,99,99,99,1,23/10/2022,2
48,Texas,483151,0,0,2,0,237,JACK (237),0,NO APLICA,10,Octubre,15,2022,21,10,SR-199,3,Highway estatal,Rural,Arteria Principal,Not Reported,1,Sin jurisdiccion especial,103,33.0643,-97.9398,Vehiculo en movimiento,Angulo,Four-Way Intersection,Interseccion de 4 direcciones,Sobre calle,Ninguna,Oscuro sin iluminacion,Despejado,No,NO APLICA,99,99,99,99,1,15/10/2022,3
48,Texas,483152,0,0,2,0,85,COLLIN (85),2520,FRISCO,10,Octubre,4,2022,22,2,SR-289/PRESTON RD,3,Highway estatal,Urbano,Arteria Principal,Not Reported,1,Sin jurisdiccion especial,228,33.10475278,-96.80555278,Vehiculo en movimiento,Angulo,Four-Way Intersection,Interseccion de 4 direcciones,Sobre calle,Ninguna,Oscuro con iluminacion,Despejado,No,NO APLICA,99,99,99,99,1,04/10/2022,2
48,Texas,483153,1,1,3,0,113,DALLAS (113),3350,HUTCHINS,10,Octubre,21,2022,0,20,I-45,1,Interestatal,Urbano,Interestatal,State Highway Agency,1,Sin jurisdiccion especial,86,32.65764722,-96.72011111,Peaton,El primer evento no fue una colision con un vehiculo automotor en transporte,Not an Intersection,No fue interseccion,Sobre calle,Ninguna,Oscuro sin iluminacion,Despejado,No,NO APLICA,99,98,99,98,1,21/10/2022,3
48,Texas,483154,0,0,2,0,5,ANGELINA (5),0,NO APLICA,10,Octubre,7,2022,6,0,SR-94,3,Highway estatal,Rural,Arteria Menor,Not Reported,0,Sin jurisdiccion especial,18,31.29176944,-94.87295556,Vehiculo en movimiento,Frente a frente,T-Intersection,Interseccion de T,Sobre calle,Ninguna,Oscuro sin iluminacion,Despejado,No,NO APLICA,99,99,99,99,1,07/10/2022,3
48,Texas,483155,0,0,2,0,289,LEON (289),0,NO APLICA,10,Octubre,17,2022,13,24,I-45,1,Interestatal,Rural,Interestatal,State Highway Agency,1,Sin jurisdiccion especial,138,31.28619444,-95.99381944,Vehiculo en movimiento,Frente a Detrás,Not an Intersection,No fue interseccion,Sobre calle,Construccion,Dia total,Despejado,No,NO APLICA,99,99,99,99,1,17/10/2022,2
48,Texas,483156,1,1,2,0,5,ANGELINA (5),0,NO APLICA,10,Octubre,19,2022,22,10,US-69,2,US Highway,Rural,Arteria Principal,Not Reported,1,Sin jurisdiccion especial,186,31.42086944,-94.80533056,Peaton,El primer evento no fue una colision con un vehiculo automotor en transporte,Not an Intersection,No fue interseccion,Sobre calle,Ninguna,Oscuro sin iluminacion,Despejado,No,NO APLICA,99,98,99,98,1,19/10/2022,3
48,Texas,483157,0,0,2,0,181,GRAYSON (181),6056,SADLER,10,Octubre,23,2022,11,45,FM 901,8,Otro,Rural,Colector Mayor,Not Reported,0,Sin jurisdiccion especial,58,33.67238333,-96.84741389,Vehiculo en movimiento,Angulo,Four-Way Intersection,Interseccion de 4 direcciones,Sobre calle,Ninguna,Dia total,Despejado,No,NO APLICA,99,99,99,99,1,23/10/2022,4
48,Texas,483158,0,0,2,0,113,DALLAS (113),1240,CEDAR HILL,10,Octubre,12,2022,20,46,FM 1382,8,Otro,Urbano,Arteria Principal,Not Reported,1,Sin jurisdiccion especial,104,32.61338056,-96.96724444,Banqueta,El primer evento no fue una colision con un vehiculo automotor en transporte,Four-Way Intersection,Interseccion de 4 direcciones,En el medio,Ninguna,Oscuro con iluminacion,Despejado,No,NO APLICA,99,99,99,99,1,12/10/2022,3
48,Texas,483159,1,1,1,0,29,BEXAR (29),6090,SAN ANTONIO,10,Octubre,18,2022,20,41,US-90,2,US Highway,Urbano,Arterial Principal -Freeway o ExpressWay,Not Reported,1,Sin jurisdiccion especial,69,29.40408889,-98.54983333,Peaton,El primer evento no fue una colision con un vehiculo automotor en transporte,Not an Intersection,No fue interseccion,Sobre calle,Ninguna,Oscuro con iluminacion,Nublado,No,NO APLICA,99,99,99,99,1,18/10/2022,1
48,Texas,483160,1,1,1,0,453,TRAVIS (453),330,AUSTIN,5,Mayo,21,2022,3,46,E US 290 SVRD EB,6,Calle Local Municipalidad,Urbano,Colector Mayor,Not Reported,0,Sin jurisdiccion especial,36,30.32140556,-97.68517778,Peaton,El primer evento no fue una colision con un vehiculo automotor en transporte,Not an Intersection,No fue interseccion,Sobre calle,Ninguna,Oscuro sin iluminacion,Despejado,No,NO APLICA,99,99,99,99,1,21/05/2022,1
48,Texas,483161,0,0,2,1,113,DALLAS (113),2800,GRAND PRAIRIE,10,Octubre,18,2022,20,4,FM 1382,8,Otro,Urbano,Arteria Principal,Not Reported,1,Sin jurisdiccion especial,51,32.682075,-96.98528889,Banqueta,El primer evento no fue una colision con un vehiculo automotor en transporte,Four-Way Intersection,Interseccion de 4 direcciones,Sobre el lado de la calle,Ninguna,Oscuro con iluminacion,Despejado,No,NO APLICA,99,99,99,99,1,18/10/2022,3
48,Texas,483162,0,0,2,0,475,WARD (475),0,NO APLICA,9,Septiembre,29,2022,18,15,RM 2355,8,Otro,Rural,No reportado,Not Reported,0,Sin jurisdiccion especial,306,31.53246667,-103.135425,Vehiculo en movimiento,Angulo,Not an Intersection,No fue interseccion,Sobre calle,Ninguna,Dia total,Despejado,No,NO APLICA,99,99,99,99,1,29/09/2022,2
48,Texas,483163,1,1,1,0,29,BEXAR (29),6090,SAN ANTONIO,10,Octubre,19,2022,21,8,COMMERCE RD,6,Calle Local Municipalidad,Urbano,Arteria Principal,Not Reported,0,Sin jurisdiccion especial,0,29.42986389,-98.54594722,Peaton,El primer evento no fue una colision con un vehiculo automotor en transporte,Not an Intersection,No fue interseccion,Sobre calle,Ninguna,Oscuro con iluminacion,Despejado,No,NO APLICA,99,99,99,99,1,19/10/2022,1
48,Texas,483164,0,0,1,0,29,BEXAR (29),6090,SAN ANTONIO,10,Octubre,19,2022,2,32,RICE RD,6,Calle Local Municipalidad,Urbano,Arteria Menor,Not Reported,0,Sin jurisdiccion especial,0,29.40915278,-98.40696111,Otro objeto (fijo),El primer evento no fue una colision con un vehiculo automotor en transporte,Not an Intersection,No fue interseccion,Sobre el lado de la calle,Ninguna,Oscuro con iluminacion,Despejado,No,NO APLICA,99,99,99,99,1,19/10/2022,1
48,Texas,483165,1,1,1,0,29,BEXAR (29),6090,SAN ANTONIO,10,Octubre,17,2022,19,31,I-410 LOOP,1,Interestatal,Urbano,Interestatal,State Highway Agency,1,Sin jurisdiccion especial,158,29.49098611,-98.55920556,Peaton,El primer evento no fue una colision con un vehiculo automotor en transporte,Not an Intersection,No fue interseccion,Sobre calle,Ninguna,Oscuro con iluminacion,Despejado,No,NO APLICA,99,99,99,99,1,17/10/2022,1
48,Texas,483167,1,1,1,0,201,HARRIS (201),3280,HOUSTON,10,Octubre,15,2022,2,30,WESTHEIMER RD,6,Calle Local Municipalidad,Urbano,Arteria Principal,Not Reported,0,Sin jurisdiccion especial,120,29.73771389,-95.49660556,Peaton,El primer evento no fue una colision con un vehiculo automotor en transporte,Four-Way Intersection,Interseccion de 4 direcciones,Sobre calle,Ninguna,Oscuro con iluminacion,Despejado,No,NO APLICA,99,98,99,98,1,15/10/2022,2
48,Texas,483168,0,0,2,0,201,HARRIS (201),3280,HOUSTON,10,Octubre,20,2022,22,34,I-10/KATY FWY,1,Interestatal,Urbano,Interestatal,State Highway Agency,1,Sin jurisdiccion especial,274,29.77886667,-95.37695833,Alguien se cayo/avento del vehiculo,El primer evento no fue una colision con un vehiculo automotor en transporte,Not an Intersection,No fue interseccion,Sobre calle,Ninguna,Oscuro sin iluminacion,Despejado,No,NO APLICA,99,98,99,98,1,20/10/2022,2
48,Texas,483169,1,1,1,0,201,HARRIS (201),3280,HOUSTON,10,Octubre,11,2022,19,50,DALLAS ST,6,Calle Local Municipalidad,Urbano,Arteria Menor,Not Reported,0,Sin jurisdiccion especial,0,29.75751111,-95.39122222,Ciclista,El primer evento no fue una colision con un vehiculo automotor en transporte,Not an Intersection,No fue interseccion,Sobre calle,Ninguna,Oscuro con iluminacion,Despejado,No,NO APLICA,99,99,99,99,1,11/10/2022,1
48,Texas,483170,1,1,1,0,201,HARRIS (201),3280,HOUSTON,9,Septiembre,30,2022,1,55,NORWOOD ST,6,Calle Local Municipalidad,Urbano,Local,Not Reported,0,Sin jurisdiccion especial,0,29.74125278,-95.31733333,No vehiculo o remolque,El primer evento no fue una colision con un vehiculo automotor en transporte,Not an Intersection,No fue interseccion,Sobre calle,Ninguna,Oscuro con iluminacion,Despejado,No,NO APLICA,99,98,99,98,1,30/09/2022,1
48,Texas,483171,0,0,3,0,113,DALLAS (113),1190,CARROLLTON,10,Octubre,24,2022,17,39,MARSH LN,6,Calle Local Municipalidad,Urbano,Local,Not Reported,0,Sin jurisdiccion especial,0,32.98113889,-96.85556944,Vehiculo en movimiento,Golpe Lateral - direccion contraria,Not an Intersection,No fue interseccion,Sobre calle,Ninguna,Dia total,Nublado,No,NO APLICA,99,99,99,99,1,24/10/2022,9
48,Texas,483172,0,0,1,0,361,ORANGE (361),0,NO APLICA,10,Octubre,25,2022,3,0,FM 1136,8,Otro,Rural,Colector Mayor,Not Reported,0,Sin jurisdiccion especial,21,30.16994722,-93.87466389,Arbol,El primer evento no fue una colision con un vehiculo automotor en transporte,Not an Intersection,No fue interseccion,Sobre el lado de la calle,Ninguna,Oscuro sin iluminacion,lluvia,No,NO APLICA,99,98,99,98,1,25/10/2022,1
48,Texas,483173,0,0,2,0,439,TARRANT (439),2800,GRAND PRAIRIE,10,Octubre,6,2022,16,46,CARRIER PKWY,6,Calle Local Municipalidad,Urbano,Arteria Principal,Not Reported,0,Sin jurisdiccion especial,0,32.78531944,-97.04522778,Vehiculo en movimiento,Otro,Not an Intersection,No fue interseccion,Sobre calle,Ninguna,Dia total,Despejado,No,NO APLICA,99,99,99,99,1,06/10/2022,2
48,Texas,483174,1,1,1,0,201,HARRIS (201),0,NO APLICA,10,Octubre,20,2022,6,15,CR-CYPRESSWOOD DR,4,Calle del Condado,Urbano,Arteria Menor,Not Reported,0,Sin jurisdiccion especial,0,30.02435833,-95.33003611,Peaton,El primer evento no fue una colision con un vehiculo automotor en transporte,Not an Intersection,No fue interseccion,Sobre calle,Ninguna,Oscuro sin iluminacion,Despejado,No,NO APLICA,99,99,99,99,1,20/10/2022,1
48,Texas,483175,1,1,1,0,251,JOHNSON (251),1370,CLEBURNE,10,Octubre,23,2022,19,18,US-67,2,US Highway,Urbano,Arteria Principal,Not Reported,1,Sin jurisdiccion especial,118,32.33464444,-97.42385,Peaton,El primer evento no fue una colision con un vehiculo automotor en transporte,Not an Intersection,No fue interseccion,Sobre calle,Ninguna,Oscuro sin iluminacion,Despejado,No,NO APLICA,99,99,99,99,1,23/10/2022,2
48,Texas,483176,0,0,1,0,143,ERATH (143),0,NO APLICA,10,Octubre,23,2022,6,10,US-281,2,US Highway,Rural,Arteria Principal,Not Reported,0,Sin jurisdiccion especial,183,32.27313333,-98.19471944,Arbol,El primer evento no fue una colision con un vehiculo automotor en transporte,Not an Intersection,No fue interseccion,Sobre el lado de la calle,Ninguna,Oscuro sin iluminacion,Despejado,No,NO APLICA,99,98,99,98,1,23/10/2022,1
48,Texas,483177,0,0,1,0,143,ERATH (143),0,NO APLICA,10,Octubre,20,2022,23,30,SR-108,3,Highway estatal,Rural,Colector Mayor,Not Reported,0,Sin jurisdiccion especial,170,32.30141944,-98.25757222,Culvert,El primer evento no fue una colision con un vehiculo automotor en transporte,Not an Intersection,No fue interseccion,Sobre el lado de la calle,Ninguna,Oscuro sin iluminacion,Despejado,No,NO APLICA,99,98,99,98,1,20/10/2022,1
48,Texas,483178,1,1,1,0,37,BOWIE (37),4831,NASH,10,Octubre,23,2022,19,17,US-82 NEW BOSTON RD,2,US Highway,Urbano,Arteria Menor,Not Reported,0,Sin jurisdiccion especial,76,33.44423056,-94.14928056,Ciclista,El primer evento no fue una colision con un vehiculo automotor en transporte,Not an Intersection,No fue interseccion,Sobre calle,Ninguna,Oscuro sin iluminacion,Despejado,No,NO APLICA,99,99,99,99,1,23/10/2022,1
48,Texas,483179,0,0,1,0,27,BELL (27),0,NO APLICA,10,Octubre,21,2022,8,10,CR-LAKEVIEW DR,4,Calle del Condado,Urbano,Local,Not Reported,0,Sin jurisdiccion especial,0,31.00498333,-97.68096111,Volcadura,El primer evento no fue una colision con un vehiculo automotor en transporte,Not an Intersection,No fue interseccion,Sobre el lado de la calle,Ninguna,Dia total,Nublado,No,NO APLICA,99,98,99,98,1,21/10/2022,1
48,Texas,483180,0,0,2,0,453,TRAVIS (453),9997,Other,10,Octubre,22,2022,4,25,US-183,7,Calle Local,Rural,Arteria Principal,Not Reported,0,Sin jurisdiccion especial,574,30.04413333,-97.68875,Vehiculo en movimiento,Angulo,Four-Way Intersection,Interseccion de 4 direcciones,Sobre calle,Ninguna,Oscuro con iluminacion,Despejado,No,NO APLICA,99,98,99,98,1,22/10/2022,2
48,Texas,483181,0,0,2,0,29,BEXAR (29),6090,SAN ANTONIO,3,Marzo,30,2022,23,47,I-410,1,Interestatal,Urbano,Interestatal,State Highway Agency,1,Sin jurisdiccion especial,157,29.4896,-98.55360833,Vehiculo en movimiento,Frente a Detrás,Not an Intersection,No fue interseccion,Sobre calle,Ninguna,Oscuro con iluminacion,Despejado,No,NO APLICA,99,99,99,99,1,30/03/2022,2
48,Texas,483182,0,0,1,0,29,BEXAR (29),390,BALCONES HEIGHTS,4,Abril,8,2022,2,34,I-10,1,Interestatal,Urbano,Interestatal,State Highway Agency,1,Sin jurisdiccion especial,250,29.49043889,-98.54616667,Barrera de Trafico de Concreto,El primer evento no fue una colision con un vehiculo automotor en transporte,Not an Intersection,No fue interseccion,En el medio,Ninguna,Oscuro con iluminacion,Despejado,No,NO APLICA,99,99,99,99,1,08/04/2022,1
48,Texas,483183,0,0,2,0,29,BEXAR (29),6090,SAN ANTONIO,5,Mayo,16,2022,7,54,CALLAGHAN RD,6,Calle Local Municipalidad,Urbano,Arteria Menor,Not Reported,0,Sin jurisdiccion especial,0,29.47634722,-98.59535833,Vehiculo en movimiento,Frente a frente,T-Intersection,Interseccion de T,Sobre calle,Ninguna,Dia total,Despejado,No,NO APLICA,99,99,99,99,1,16/05/2022,2
48,Texas,483184,1,1,1,0,321,MATAGORDA (321),0,NO APLICA,10,Octubre,20,2022,20,19,FM 521,8,Otro,Rural,Colector Mayor,Not Reported,0,Sin jurisdiccion especial,31,28.95612222,-95.70436944,Peaton,El primer evento no fue una colision con un vehiculo automotor en transporte,Not an Intersection,No fue interseccion,Sobre calle,Ninguna,Oscuro sin iluminacion,Despejado,No,NO APLICA,99,98,99,98,1,20/10/2022,2
48,Texas,483185,0,0,2,0,103,CRANE (103),0,NO APLICA,10,Octubre,22,2022,7,0,FM 1053,8,Otro,Rural,Colector Mayor,Not Reported,0,Sin jurisdiccion especial,230,31.38348611,-102.6219667,Vehiculo en movimiento,Frente a frente,Not an Intersection,No fue interseccion,Sobre calle,Ninguna,Amanecer,Despejado,No,NO APLICA,99,99,99,99,1,22/10/2022,5
48,Texas,483186,0,0,1,0,113,DALLAS (113),1730,DALLAS,10,Octubre,13,2022,0,0,US-75,2,US Highway,Urbano,Arterial Principal -Freeway o ExpressWay,Not Reported,1,Sin jurisdiccion especial,94,32.86579722,-96.770275,Fuego/Explosion,El primer evento no fue una colision con un vehiculo automotor en transporte,Not an Intersection,No fue interseccion,Sobre calle,Ninguna,Oscuro con iluminacion,Despejado,No,NO APLICA,99,99,99,99,1,13/10/2022,1
48,Texas,483187,0,0,3,0,113,DALLAS (113),1730,DALLAS,10,Octubre,9,2022,23,29,WESTMORELAND RD,6,Calle Local Municipalidad,Urbano,Arteria Menor,Not Reported,0,Sin jurisdiccion especial,0,32.72638333,-96.87437222,Vehiculo en movimiento,Angulo,Four-Way Intersection,Interseccion de 4 direcciones,Sobre calle,Ninguna,Oscuro con iluminacion,Despejado,No,NO APLICA,99,99,99,99,1,09/10/2022,7
48,Texas,483188,0,0,1,0,29,BEXAR (29),6090,SAN ANTONIO,10,Octubre,26,2022,0,10,COMMERCE ST,6,Calle Local Municipalidad,Urbano,Arteria Menor,Not Reported,0,Sin jurisdiccion especial,0,29.43180278,-98.56508333,Poste,El primer evento no fue una colision con un vehiculo automotor en transporte,Not an Intersection,No fue interseccion,Sobre el lado de la calle,Ninguna,Oscuro con iluminacion,Despejado,No,NO APLICA,99,99,99,99,1,26/10/2022,2
48,Texas,483189,0,0,3,0,121,DENTON (121),3960,LEWISVILLE,10,Octubre,25,2022,3,51,I-35/STEMMONS FWY,1,Interestatal,Urbano,Interestatal,State Highway Agency,1,Sin jurisdiccion especial,100,33.09011111,-97.02766111,Vehiculo en movimiento,Frente a Detrás,Not an Intersection,No fue interseccion,Sobre calle,Ninguna,Oscuro con iluminacion,Nublado,No,NO APLICA,99,99,99,99,1,25/10/2022,3
48,Texas,483190,0,0,2,0,341,MOORE (341),0,NO APLICA,10,Octubre,26,2022,10,8,FM 119,8,Otro,Rural,No reportado,Not Reported,0,Sin jurisdiccion especial,88,35.96253056,-101.8725917,Vehiculo en movimiento,Frente a frente,Not an Intersection,No fue interseccion,Sobre calle,Ninguna,Dia total,Despejado,No,NO APLICA,99,99,99,99,1,26/10/2022,2
48,Texas,483191,0,0,3,0,245,JEFFERSON (245),490,BEAUMONT,10,Octubre,25,2022,5,51,I-10,1,Interestatal,Urbano,Interestatal,State Highway Agency,1,Sin jurisdiccion especial,8,30.08149167,-94.13583611,Barrera de Trafico de Concreto,El primer evento no fue una colision con un vehiculo automotor en transporte,Not an Intersection,No fue interseccion,En el medio,Ninguna,Oscuro con iluminacion,Despejado,No,NO APLICA,99,99,99,99,1,25/10/2022,3
48,Texas,483192,0,0,3,0,121,DENTON (121),3960,LEWISVILLE,10,Octubre,20,2022,17,21,FM 407/JUSTIN RD,8,Otro,Urbano,Arteria Menor,Not Reported,0,Sin jurisdiccion especial,99998,33.07144167,-97.03589444,Vehiculo en movimiento,Angulo,Four-Way Intersection,Interseccion de 4 direcciones,Sobre calle,Ninguna,Dia total,Despejado,No,NO APLICA,17,21,17,26,1,20/10/2022,4
48,Texas,483193,0,0,2,0,181,GRAYSON (181),6950,TIOGA,10,Octubre,13,2022,1,51,US-377/RAY ROBERTS PKWY,2,US Highway,Rural,Arteria Menor,Not Reported,0,Sin jurisdiccion especial,141,33.45262778,-96.92146111,Vehiculo en movimiento,Frente a frente,Not an Intersection,No fue interseccion,Sobre calle,Ninguna,Oscuro sin iluminacion,Despejado,No,NO APLICA,99,99,99,99,1,13/10/2022,2
48,Texas,483194,1,1,1,0,453,TRAVIS (453),330,AUSTIN,10,Octubre,26,2022,19,24,I-35,1,Interestatal,Urbano,Interestatal,State Highway Agency,1,Sin jurisdiccion especial,218,30.31931944,-97.7071,Peaton,El primer evento no fue una colision con un vehiculo automotor en transporte,Not an Intersection,No fue interseccion,Sobre calle,Ninguna,Oscuro con iluminacion,Despejado,No,NO APLICA,99,98,99,98,1,26/10/2022,1
48,Texas,483195,1,1,1,0,439,TARRANT (439),260,ARLINGTON,10,Octubre,22,2022,2,49,SR-180/DIVISION ST,3,Highway estatal,Urbano,Arteria Principal,Not Reported,1,Sin jurisdiccion especial,255,32.73819722,-97.12592778,Peaton,El primer evento no fue una colision con un vehiculo automotor en transporte,Not an Intersection,No fue interseccion,Sobre calle,Ninguna,Oscuro sin iluminacion,Despejado,No,NO APLICA,99,99,99,99,1,22/10/2022,1
48,Texas,483196,0,0,1,0,21,BASTROP (21),0,NO APLICA,10,Octubre,19,2022,17,44,SR-71,3,Highway estatal,Rural,Arteria Principal,Not Reported,1,Sin jurisdiccion especial,61,30.13555833,-97.45791667,Zanja,El primer evento no fue una colision con un vehiculo automotor en transporte,Not an Intersection,No fue interseccion,Sobre el lado de la calle,Ninguna,Dia total,Despejado,No,NO APLICA,99,99,99,99,1,19/10/2022,1
48,Texas,483197,0,0,3,0,85,COLLIN (85),92,ALLEN,10,Octubre,26,2022,12,26,BETHANY DR,6,Calle Local Municipalidad,Urbano,Local,Not Reported,0,Sin jurisdiccion especial,0,33.08575833,-96.66123333,Vehiculo en movimiento,Frente a frente,Four-Way Intersection,Interseccion de 4 direcciones,Sobre calle,Ninguna,Dia total,Despejado,No,NO APLICA,99,99,99,99,1,26/10/2022,4
48,Texas,483198,0,0,1,0,245,JEFFERSON (245),0,NO APLICA,10,Octubre,9,2022,5,45,I-10,1,Interestatal,Rural,Interestatal,State Highway Agency,1,Sin jurisdiccion especial,128,29.98867778,-94.20710556,Barrera de Trafico de Concreto,El primer evento no fue una colision con un vehiculo automotor en transporte,Not an Intersection,No fue interseccion,En el medio,Construccion,Oscuro sin iluminacion,Despejado,No,NO APLICA,99,99,99,99,1,09/10/2022,11
48,Texas,483199,1,1,1,0,309,MCLENNAN (309),7210,WACO,10,Octubre,26,2022,21,8,SR-2 LP/18TH ST,3,Highway estatal,Urbano,Arteria Menor,Not Reported,0,Sin jurisdiccion especial,12,31.53704444,-97.13279444,Ciclista,El primer evento no fue una colision con un vehiculo automotor en transporte,Four-Way Intersection,Interseccion de 4 direcciones,Sobre calle,Ninguna,Oscuro con iluminacion,Despejado,No,NO APLICA,99,99,99,99,1,26/10/2022,2
48,Texas,483200,1,1,1,0,29,BEXAR (29),6090,SAN ANTONIO,10,Octubre,20,2022,19,33,I-410,1,Interestatal,Urbano,Interestatal,State Highway Agency,1,Sin jurisdiccion especial,64,29.39360833,-98.64854722,Peaton,El primer evento no fue una colision con un vehiculo automotor en transporte,Not an Intersection,No fue interseccion,Sobre calle,Ninguna,Oscuro con iluminacion,Despejado,No,NO APLICA,99,99,99,99,1,20/10/2022,2
48,Texas,483201,0,0,2,0,399,RUNNELS (399),0,NO APLICA,10,Octubre,6,2022,10,0,US-67,2,US Highway,Rural,Arteria Principal,Not Reported,1,Sin jurisdiccion especial,47,31.79898889,-99.78989444,Vehiculo en movimiento,Frente a frente,Not an Intersection,No fue interseccion,Sobre calle,Ninguna,Dia total,Despejado,No,NO APLICA,99,99,99,99,3,06/10/2022,5
48,Texas,483202,0,0,1,0,353,NOLAN (353),0,NO APLICA,10,Octubre,14,2022,23,24,CR-124,4,Calle del Condado,Rural,Local,Not Reported,0,Sin jurisdiccion especial,0,32.50449722,-100.1816111,Otro objeto (no fijo),El primer evento no fue una colision con un vehiculo automotor en transporte,Not an Intersection,No fue interseccion,Sobre el lado de la calle,Ninguna,Oscuro sin iluminacion,Despejado,No,NO APLICA,99,98,99,98,1,14/10/2022,1
48,Texas,483203,0,0,1,0,439,TARRANT (439),2450,FORT WORTH,10,Octubre,24,2022,12,26,US-287/MARTIN LUTHER KING FWY,2,US Highway,Urbano,Arterial Principal -Freeway o ExpressWay,Not Reported,1,Sin jurisdiccion especial,224,32.73615,-97.29924167,Poste,El primer evento no fue una colision con un vehiculo automotor en transporte,Not an Intersection,No fue interseccion,Separador,Ninguna,Dia total,lluvia,No,NO APLICA,99,99,99,99,1,24/10/2022,2
48,Texas,483204,0,0,1,0,157,FORT BEND (157),0,NO APLICA,10,Octubre,21,2022,17,28,CR-COUNTY LINE RD,4,Calle del Condado,Rural,Local,Not Reported,0,Sin jurisdiccion especial,0,29.72803889,-96.00940556,Volcadura,El primer evento no fue una colision con un vehiculo automotor en transporte,Not an Intersection,No fue interseccion,Sobre el lado de la calle,Ninguna,Dia total,Despejado,No,NO APLICA,99,99,99,99,1,21/10/2022,1
48,Texas,483205,0,0,1,0,123,DE WITT (123),0,NO APLICA,10,Octubre,16,2022,19,10,FM 237,8,Otro,Rural,Colector Mayor,Not Reported,0,Sin jurisdiccion especial,7,28.98681944,-97.48017222,Otro objeto (fijo),El primer evento no fue una colision con un vehiculo automotor en transporte,Not an Intersection,No fue interseccion,Sobre el lado de la calle,Ninguna,Atardecer,Despejado,No,NO APLICA,99,99,99,99,1,16/10/2022,4
48,Texas,483206,0,0,2,0,143,ERATH (143),0,NO APLICA,10,Octubre,23,2022,21,40,US-281,2,US Highway,Rural,Arteria Principal,Not Reported,1,Sin jurisdiccion especial,146,32.3256,-98.17997222,Vehiculo en movimiento,Frente a frente,Not an Intersection,No fue interseccion,Sobre calle,Ninguna,Oscuro sin iluminacion,Despejado,No,NO APLICA,99,98,99,98,1,23/10/2022,2
48,Texas,483207,1,1,1,0,187,GUADALUPE (187),6290,SEGUIN,10,Octubre,26,2022,20,18,SR-46,3,Highway estatal,Urbano,Arteria Principal,Not Reported,1,Sin jurisdiccion especial,70,29.61044722,-98.01477222,Peaton,El primer evento no fue una colision con un vehiculo automotor en transporte,Not an Intersection,No fue interseccion,Sobre calle,Ninguna,Oscuro sin iluminacion,Despejado,No,NO APLICA,99,99,99,99,1,26/10/2022,1
48,Texas,483208,0,0,2,0,453,TRAVIS (453),330,AUSTIN,10,Octubre,12,2022,16,59,CENTER LAKE DR,6,Calle Local Municipalidad,Urbano,Local,Not Reported,0,Sin jurisdiccion especial,0,30.40920556,-97.66334444,Vehiculo en movimiento,Angulo,Four-Way Intersection,Interseccion de 4 direcciones,Sobre calle,Ninguna,Dia total,Despejado,No,NO APLICA,99,99,99,99,1,12/10/2022,2
48,Texas,483209,0,0,2,0,255,KARNES (255),0,NO APLICA,10,Octubre,17,2022,12,1,US-181/FRONT ST,2,US Highway,Rural,Arteria Principal,Not Reported,1,Sin jurisdiccion especial,21,28.98518611,-98.02315556,Vehiculo en movimiento,Frente a frente,Not an Intersection,No fue interseccion,Sobre calle,Ninguna,Dia total,lluvia,No,NO APLICA,99,99,99,99,1,17/10/2022,2
48,Texas,483211,2,2,2,0,201,HARRIS (201),0,NO APLICA,10,Octubre,28,2022,4,19,US-290,2,US Highway,Urbano,Arterial Principal -Freeway o ExpressWay,Not Reported,1,Sin jurisdiccion especial,141,29.98209722,-95.72478611,Peaton,El primer evento no fue una colision con un vehiculo automotor en transporte,Not an Intersection,No fue interseccion,Sobre calle,Ninguna,Oscuro con iluminacion,Nublado,No,NO APLICA,99,99,99,99,2,28/10/2022,2
48,Texas,483212,0,0,1,0,351,NEWTON (351),0,NO APLICA,10,Octubre,4,2022,17,35,CR-4001,4,Calle del Condado,Rural,Local,Not Reported,0,Sin jurisdiccion especial,0,30.80968333,-93.73735,Arbusto,El primer evento no fue una colision con un vehiculo automotor en transporte,Not an Intersection,No fue interseccion,Sobre el lado de la calle,Ninguna,Dia total,Despejado,No,NO APLICA,99,98,99,98,1,04/10/2022,1
48,Texas,483213,0,0,1,0,441,TAYLOR (441),30,ABILENE,10,Octubre,1,2022,16,40,BARROW PARKING LOT,6,Calle Local Municipalidad,Trafficway Not in State Inventory,Via no en inventario estatal,Trafficway Not in State Inventory,0,Sin jurisdiccion especial,0,32.41943333,-99.76066667,Alguien se cayo/avento del vehiculo,El primer evento no fue una colision con un vehiculo automotor en transporte,Not an Intersection,No fue interseccion,Sobre calle,Ninguna,Dia total,Despejado,No,NO APLICA,99,99,99,99,1,01/10/2022,2