Estado,Nombre de Estado,Numero de Caso,Peatones,Personas _no_vehiculos,Vehiculos automotores,Vehiculos estacionados,Condado,Nombre Condado,Ciudad,Nombre Ciudad,Mes,Nombre Mes,Dia,Año,Hora,Minuto,Calle,Ruta,Nombre Ruta,Rural o Urbanoo,Sistema Funcional,Dueño Calle,Sistema Nacional Carreteras,Jurisdiccion Especial,Milla,Latitud,Longitud,Causa del Accidente,Tipo de Accidente,Tipo Interseccion,Columna1,Lugar en la calle,Zona de Trabajo,Luz,Clima,Autobus Escolar,Cruce de Trenes,Hora Notificacion,Minuto Notificacion,Hora Llegada,Minuto Llegada,Decesos,Fecha,PersonaVehiculo
48,Texas,483214,0,0,2,0,467,VAN ZANDT (467),0,NO APLICA,10,Octubre,18,2022,12,5,SR-64,3,Highway estatal,Rural,Arteria Menor,Not Reported,0,Sin jurisdiccion especial,88,32.59370278,-95.91421944,Vehiculo en movimiento,Frente a frente,Not an Intersection,No fue interseccion,Sobre Acotamiento,Ninguna,Dia total,Despejado,No,NO APLICA,99,99,99,99,2,18/10/2022,2
48,Texas,483215,0,0,3,0,423,SMITH (423),0,NO APLICA,10,Octubre,17,2022,21,30,I-20,1,Interestatal,Rural,Interestatal,State Highway Agency,1,Sin jurisdiccion especial,151,32.46757222,-95.34086111,Barrera de Trafico de Concreto,El primer evento no fue una colision con un vehiculo automotor en transporte,Not an Intersection,No fue interseccion,En el medio,Ninguna,Oscuro sin iluminacion,Despejado,No,NO APLICA,99,99,99,99,1,17/10/2022,5
48,Texas,483216,0,1,3,1,453,TRAVIS (453),4290,MANOR,10,Octubre,15,2022,23,46,US-290 E,2,US Highway,Rural,Arteria Principal,Not Reported,0,Sin jurisdiccion especial,142,30.35108333,-97.47988056,Vehiculo en movimiento,Frente a Detrás,Not an Intersection,No fue interseccion,Sobre calle,Ninguna,Oscuro sin iluminacion,Despejado,No,NO APLICA,99,99,99,99,1,15/10/2022,4
48,Texas,483217,0,0,1,0,113,DALLAS (113),3420,IRVING,10,Octubre,9,2022,1,17,SR-482 SPUR,3,Highway estatal,Urbano,Arterial Principal -Freeway o ExpressWay,Not Reported,1,Sin jurisdiccion especial,97,32.84395556,-96.89811667,Volcadura,El primer evento no fue una colision con un vehiculo automotor en transporte,Not an Intersection,No fue interseccion,Gore?,Construccion,Oscuro con iluminacion,Despejado,No,NO APLICA,99,99,99,99,1,09/10/2022,2
48,Texas,483218,0,0,1,0,495,WINKLER (495),0,NO APLICA,10,Octubre,16,2022,11,0,SR-115,3,Highway estatal,Rural,Arteria Menor,Not Reported,0,Sin jurisdiccion especial,167,31.77598333,-103.1462139,Volcadura,El primer evento no fue una colision con un vehiculo automotor en transporte,Not an Intersection,No fue interseccion,Sobre el lado de la calle,Ninguna,Dia total,lluvia,No,NO APLICA,99,98,99,98,1,16/10/2022,2
48,Texas,483219,1,1,1,0,423,SMITH (423),7070,TYLER,10,Octubre,25,2022,0,13,SR-110/TROUP HWY,3,Highway estatal,Urbano,Arteria Principal,Not Reported,1,Sin jurisdiccion especial,74,32.30973611,-95.27311944,Peaton,El primer evento no fue una colision con un vehiculo automotor en transporte,T-Intersection,Interseccion de T,Sobre calle,Ninguna,Oscuro sin iluminacion,Despejado,No,NO APLICA,99,98,99,98,1,25/10/2022,1
48,Texas,483220,0,0,2,0,113,DALLAS (113),1730,DALLAS,10,Octubre,27,2022,16,38,WESTMORLAND RD,6,Calle Local Municipalidad,Urbano,Arteria Menor,Not Reported,0,Sin jurisdiccion especial,0,32.67629444,-96.88288333,Vehiculo en movimiento,Frente a Detrás,Not an Intersection,No fue interseccion,Sobre calle,Ninguna,Dia total,Despejado,No,NO APLICA,99,99,99,99,1,27/10/2022,7
48,Texas,483221,0,0,3,0,143,ERATH (143),6590,STEPHENVILLE,10,Octubre,25,2022,7,29,FM 8,8,Otro,Urbano,Arteria Menor,Not Reported,0,Sin jurisdiccion especial,201,32.22593889,-98.22249722,Vehiculo en movimiento,Angulo,Four-Way Intersection,Interseccion de 4 direcciones,Sobre calle,Ninguna,Amanecer,Despejado,No,NO APLICA,99,99,99,99,1,25/10/2022,5
48,Texas,483222,0,0,2,0,231,HUNT (231),0,NO APLICA,10,Octubre,16,2022,14,38,SR-24,3,Highway estatal,Rural,Arteria Principal,Not Reported,1,Sin jurisdiccion especial,104,33.13473611,-95.98854722,Vehiculo en movimiento,Angulo,Not an Intersection,No fue interseccion,Sobre calle,Ninguna,Dia total,lluvia,No,NO APLICA,99,99,99,99,1,16/10/2022,4
48,Texas,483223,1,1,3,2,117,DEAF SMITH (117),0,NO APLICA,10,Octubre,21,2022,5,18,I-40/OLD ROUTE 66,1,Interestatal,Rural,Interestatal,State Highway Agency,1,Sin jurisdiccion especial,25,35.18214444,-103.0158722,Vehiculo Aparcado,El primer evento no fue una colision con un vehiculo automotor en transporte,Not an Intersection,No fue interseccion,Sobre Acotamiento,Ninguna,Oscuro sin iluminacion,Despejado,No,NO APLICA,99,98,99,98,2,21/10/2022,1
48,Texas,483224,1,1,1,0,121,DENTON (121),1730,DALLAS,10,Octubre,13,2022,23,49,MARSH LN,6,Calle Local Municipalidad,Urbano,Arteria Menor,Not Reported,0,Sin jurisdiccion especial,0,33.01148889,-96.85734444,Peaton,El primer evento no fue una colision con un vehiculo automotor en transporte,Not an Intersection,No fue interseccion,Sobre calle,Ninguna,Oscuro con iluminacion,Despejado,No,NO APLICA,99,99,99,99,1,13/10/2022,1
48,Texas,483226,0,0,2,0,367,PARKER (367),0,NO APLICA,10,Octubre,14,2022,15,35,FM 730/AZLE HWY,8,Otro,Rural,Colector Mayor,Not Reported,0,Sin jurisdiccion especial,118,32.80462778,-97.70293056,Buzon de correo,El primer evento no fue una colision con un vehiculo automotor en transporte,Not an Intersection,No fue interseccion,Sobre el lado de la calle,Ninguna,Dia total,Nublado,No,NO APLICA,99,99,99,99,1,14/10/2022,2
48,Texas,483227,0,0,1,0,209,HAYS (209),6170,SAN MARCOS,10,Octubre,29,2022,0,18,CRADDOCK AVE,6,Calle Local Municipalidad,Urbano,Local,Not Reported,0,Sin jurisdiccion especial,0,29.88042778,-97.97225556,Volcadura,El primer evento no fue una colision con un vehiculo automotor en transporte,Not an Intersection,No fue interseccion,Sobre el lado de la calle,Ninguna,Oscuro sin iluminacion,Nublado,No,NO APLICA,99,99,99,99,1,29/10/2022,2
48,Texas,483228,0,0,2,0,213,HENDERSON (213),300,ATHENS,10,Octubre,24,2022,13,34,US-175/SR-7/JED ROBINSON LP,2,US Highway,Urbano,Arteria Principal,Not Reported,1,Sin jurisdiccion especial,261,32.22805833,-95.82425,Vehiculo en movimiento,Angulo,Four-Way Intersection,Interseccion de 4 direcciones,Sobre calle,Ninguna,Dia total,lluvia,No,NO APLICA,99,99,99,99,1,24/10/2022,5
48,Texas,483229,0,0,1,0,289,LEON (289),0,NO APLICA,10,Octubre,25,2022,4,50,I-45,1,Interestatal,Rural,Interestatal,State Highway Agency,1,Sin jurisdiccion especial,212,31.39113889,-96.02918889,Barrera de Cable,El primer evento no fue una colision con un vehiculo automotor en transporte,Not an Intersection,No fue interseccion,En el medio,Construccion,Oscuro sin iluminacion,Despejado,No,NO APLICA,99,99,99,99,1,25/10/2022,6
48,Texas,483230,0,0,2,0,307,MCCULLOCH (307),0,NO APLICA,10,Octubre,23,2022,3,5,US-190,2,US Highway,Rural,Arteria Menor,Not Reported,0,Sin jurisdiccion especial,25,31.03449722,-99.42557778,Vehiculo en movimiento,Frente a frente,Not an Intersection,No fue interseccion,Sobre calle,Ninguna,Oscuro sin iluminacion,Despejado,No,NO APLICA,99,98,99,98,1,23/10/2022,2
48,Texas,483231,1,1,2,0,113,DALLAS (113),5730,RICHARDSON,10,Octubre,20,2022,9,5,COLLINS BLVD,6,Calle Local Municipalidad,Urbano,Colector Mayor,Not Reported,0,Sin jurisdiccion especial,0,32.97397778,-96.72365556,Vehiculo en movimiento,Angulo,Four-Way Intersection,Interseccion de 4 direcciones,Sobre calle,Ninguna,Dia total,Despejado,No,NO APLICA,99,99,99,99,1,20/10/2022,2
48,Texas,483232,1,1,1,0,371,PECOS (371),0,NO APLICA,10,Octubre,26,2022,8,0,FM 1776,8,Otro,Rural,Arteria Principal,Not Reported,0,Sin jurisdiccion especial,24,31.35299722,-103.0220444,Peaton,El primer evento no fue una colision con un vehiculo automotor en transporte,Not an Intersection,No fue interseccion,Sobre calle,Ninguna,Amanecer,Despejado,No,NO APLICA,99,98,99,98,1,26/10/2022,1
48,Texas,483233,0,0,1,0,27,BELL (27),570,BELTON,10,Octubre,30,2022,3,55,I-35/PURPLE HEART TRL,1,Interestatal,Rural,Interestatal,State Highway Agency,1,Sin jurisdiccion especial,94,30.97454444,-97.51618611,Poste,El primer evento no fue una colision con un vehiculo automotor en transporte,Not an Intersection,No fue interseccion,Sobre el lado de la calle,Ninguna,Oscuro con iluminacion,Despejado,No,NO APLICA,99,99,99,99,1,30/10/2022,3
48,Texas,483234,0,0,2,0,201,HARRIS (201),0,NO APLICA,10,Octubre,24,2022,8,53,FM 1960/CYPRESS CREEK PKWY,8,Otro,Urbano,Arteria Principal,Not Reported,0,Sin jurisdiccion especial,113,29.99931944,-95.47796111,Vehiculo en movimiento,Angulo,T-Intersection,Interseccion de T,Sobre calle,Ninguna,Dia total,Nublado,No,NO APLICA,99,99,99,99,1,24/10/2022,3
48,Texas,483235,0,0,1,0,201,HARRIS (201),3280,HOUSTON,8,Agosto,8,2022,19,5,SR-8,7,Calle Local,Urbano,Arteria Principal,Not Reported,1,Sin jurisdiccion especial,73,29.61715833,-95.50139167,Banqueta,El primer evento no fue una colision con un vehiculo automotor en transporte,Not an Intersection,No fue interseccion,Sobre el lado de la calle,Ninguna,Dia total,Despejado,No,NO APLICA,99,99,99,99,1,08/08/2022,2
48,Texas,483236,0,0,2,0,157,FORT BEND (157),0,NO APLICA,10,Octubre,26,2022,18,47,SR-36,3,Highway estatal,Rural,Arteria Principal,Not Reported,1,Sin jurisdiccion especial,83,29.45410556,-95.82265556,Vehiculo en movimiento,Frente a frente,Not an Intersection,No fue interseccion,Sobre calle,Ninguna,Dia total,Despejado,No,NO APLICA,99,99,99,99,1,26/10/2022,3
48,Texas,483237,0,0,2,0,201,HARRIS (201),3280,HOUSTON,10,Octubre,25,2022,17,49,SR-6,3,Highway estatal,Urbano,Arteria Principal,Not Reported,1,Sin jurisdiccion especial,85,29.81480556,-95.64566667,Vehiculo en movimiento,Frente a Detrás,T-Intersection,Interseccion de T,Sobre calle,Ninguna,Dia total,Despejado,No,NO APLICA,99,99,99,99,1,25/10/2022,2
48,Texas,483238,1,1,1,0,441,TAYLOR (441),30,ABILENE,10,Octubre,23,2022,21,4,14TH ST,6,Calle Local Municipalidad,Urbano,Arteria Principal,Not Reported,0,Sin jurisdiccion especial,0,32.43235833,-99.76688889,Peaton,El primer evento no fue una colision con un vehiculo automotor en transporte,Not an Intersection,No fue interseccion,Sobre calle,Ninguna,Oscuro sin iluminacion,Despejado,No,NO APLICA,99,98,99,98,1,23/10/2022,1
48,Texas,483239,0,0,4,0,381,RANDALL (381),150,AMARILLO,10,Octubre,30,2022,16,19,I-27,7,Calle Local,Urbano,Colector Mayor,Not Reported,0,Sin jurisdiccion especial,10,35.17641667,-101.8485944,Vehiculo en movimiento,Angulo,Four-Way Intersection,Interseccion de 4 direcciones,Sobre calle,Ninguna,Dia total,Despejado,No,NO APLICA,99,99,99,99,1,30/10/2022,9
48,Texas,483240,0,0,2,0,285,LAVACA (285),0,NO APLICA,10,Octubre,15,2022,11,30,SR-111,3,Highway estatal,Rural,Colector Mayor,Not Reported,0,Sin jurisdiccion especial,49,29.24912222,-97.07589444,Vehiculo en movimiento,Angulo,Not an Intersection,No fue interseccion,Sobre calle,Ninguna,Dia total,Despejado,No,NO APLICA,99,99,99,99,2,15/10/2022,3
48,Texas,483241,0,0,2,0,423,SMITH (423),0,NO APLICA,10,Octubre,27,2022,7,54,I-20,1,Interestatal,Rural,Interestatal,State Highway Agency,1,Sin jurisdiccion especial,21,32.49279722,-95.55943611,Vehiculo en movimiento,Frente a Detrás,Not an Intersection,No fue interseccion,Sobre calle,Ninguna,Dia total,Despejado,No,NO APLICA,99,98,99,98,1,27/10/2022,3
48,Texas,483243,0,0,1,0,313,MADISON (313),0,NO APLICA,10,Octubre,31,2022,11,5,I-45,1,Interestatal,Rural,Interestatal,State Highway Agency,1,Sin jurisdiccion especial,24,30.91375833,-95.79796389,Acotamiento,El primer evento no fue una colision con un vehiculo automotor en transporte,Not an Intersection,No fue interseccion,Sobre el lado de la calle,Ninguna,Dia total,Despejado,No,NO APLICA,99,99,99,99,1,31/10/2022,1
48,Texas,483244,0,0,2,0,289,LEON (289),0,NO APLICA,10,Octubre,31,2022,16,50,US-79,2,US Highway,Rural,Arteria Principal,Not Reported,1,Sin jurisdiccion especial,123,31.17745556,-96.28706667,Vehiculo en movimiento,Golpe Lateral - direccion contraria,Not an Intersection,No fue interseccion,Sobre calle,Ninguna,Dia total,Despejado,No,NO APLICA,99,98,99,98,1,31/10/2022,3
48,Texas,483245,0,0,5,0,113,DALLAS (113),1730,DALLAS,10,Octubre,30,2022,2,21,I-35/ STEMMONS FWY,1,Interestatal,Urbano,Interestatal,State Highway Agency,1,Sin jurisdiccion especial,231,32.83821944,-96.87550278,Vehiculo en movimiento,Frente a Detrás,Not an Intersection,No fue interseccion,Sobre calle,Ninguna,Oscuro con iluminacion,Despejado,No,NO APLICA,99,99,99,99,1,30/10/2022,11
48,Texas,483246,0,0,2,0,219,HOCKLEY (219),0,NO APLICA,10,Octubre,13,2022,10,0,US-385,2,US Highway,Rural,Arteria Menor,Not Reported,0,Sin jurisdiccion especial,145,33.62286944,-102.3663972,Vehiculo en movimiento,Frente a Detrás,Not an Intersection,No fue interseccion,Sobre Acotamiento,Ninguna,Dia total,Despejado,No,NO APLICA,99,99,99,99,2,13/10/2022,3
48,Texas,483248,0,0,1,0,55,CALDWELL (55),4040,LOCKHART,10,Octubre,10,2022,14,52,US-183,2,US Highway,Rural,Arterial Principal -Freeway o ExpressWay,Not Reported,1,Sin jurisdiccion especial,87,29.91629444,-97.67935556,Soporte de Puente,El primer evento no fue una colision con un vehiculo automotor en transporte,Not an Intersection,No fue interseccion,Sobre el lado de la calle,Ninguna,Dia total,Despejado,No,NO APLICA,99,98,99,98,1,10/10/2022,1
48,Texas,483249,0,0,3,0,439,TARRANT (439),2450,FORT WORTH,10,Octubre,21,2022,12,55,US-287P BU/MAIN ST,2,US Highway,Urbano,Arteria Principal,Not Reported,1,Sin jurisdiccion especial,158,32.78268611,-97.34918056,Vehiculo en movimiento,Angulo,Four-Way Intersection,Interseccion de 4 direcciones,Sobre calle,Ninguna,Dia total,Despejado,No,NO APLICA,99,99,99,99,1,21/10/2022,5
48,Texas,483250,1,1,1,0,167,GALVESTON (167),2570,GALVESTON,10,Octubre,15,2022,21,30,FM 3005,8,Otro,Rural,Arteria Principal,Not Reported,0,Sin jurisdiccion especial,115,29.17655,-94.98362778,Peaton,El primer evento no fue una colision con un vehiculo automotor en transporte,Four-Way Intersection,Interseccion de 4 direcciones,Sobre calle,Construccion,Oscuro sin iluminacion,Despejado,No,NO APLICA,99,99,99,99,1,15/10/2022,2
48,Texas,483251,1,1,1,0,135,ECTOR (135),5030,ODESSA,10,Octubre,27,2022,1,12,I-20,1,Interestatal,Urbano,Interestatal,State Highway Agency,1,Sin jurisdiccion especial,321,31.81620556,-102.3922722,Peaton,El primer evento no fue una colision con un vehiculo automotor en transporte,Not an Intersection,No fue interseccion,Sobre calle,Ninguna,Oscuro sin iluminacion,Despejado,No,NO APLICA,99,98,99,98,1,27/10/2022,1
48,Texas,483252,0,0,1,0,141,EL PASO (141),0,NO APLICA,10,Octubre,29,2022,9,27,SR-375 LP/WOODROW TRANSMOUNT,3,Highway estatal,Rural,Arteria Principal,Not Reported,1,Militar,89,31.89398611,-106.4742361,Volcadura,El primer evento no fue una colision con un vehiculo automotor en transporte,Not an Intersection,No fue interseccion,Sobre el lado de la calle,Construccion,Dia total,Despejado,No,NO APLICA,99,98,99,98,1,29/10/2022,1
48,Texas,483253,1,1,2,1,255,KARNES (255),0,NO APLICA,10,Octubre,20,2022,23,14,SR-72,3,Highway estatal,Rural,Arteria Menor,Not Reported,0,Sin jurisdiccion especial,107,28.79981944,-97.87441667,Vehiculo Aparcado,El primer evento no fue una colision con un vehiculo automotor en transporte,Not an Intersection,No fue interseccion,Sobre Acotamiento,Ninguna,Oscuro sin iluminacion,Despejado,No,NO APLICA,99,99,99,99,1,20/10/2022,1
48,Texas,483254,1,1,2,0,453,TRAVIS (453),330,AUSTIN,10,Octubre,15,2022,23,24,US-183/RESEARCH BLVD,2,US Highway,Urbano,Arterial Principal -Freeway o ExpressWay,Not Reported,1,Sin jurisdiccion especial,57,30.37028056,-97.72058889,Vehiculo en movimiento,Frente a Detrás,Not an Intersection,No fue interseccion,Sobre calle,Ninguna,Oscuro sin iluminacion,Despejado,No,NO APLICA,99,98,99,98,1,15/10/2022,1
48,Texas,483255,0,0,1,0,453,TRAVIS (453),330,AUSTIN,10,Octubre,20,2022,1,13,I-35,1,Interestatal,Urbano,Interestatal,State Highway Agency,1,Sin jurisdiccion especial,139,30.21583611,-97.75078056,Barrera de Trafico de Concreto,El primer evento no fue una colision con un vehiculo automotor en transporte,Not an Intersection,No fue interseccion,Sobre el lado de la calle,Ninguna,Oscuro con iluminacion,Despejado,No,NO APLICA,99,98,99,98,1,20/10/2022,1
48,Texas,483256,0,1,2,1,473,WALLER (473),0,NO APLICA,10,Octubre,16,2022,3,10,I-10,1,Interestatal,Rural,Interestatal,State Highway Agency,1,Sin jurisdiccion especial,66,29.777775,-95.92911389,Vehiculo Aparcado,El primer evento no fue una colision con un vehiculo automotor en transporte,Not an Intersection,No fue interseccion,Sobre Acotamiento,Ninguna,Oscuro sin iluminacion,Despejado,No,NO APLICA,99,99,99,99,2,16/10/2022,3
48,Texas,483257,1,1,1,0,453,TRAVIS (453),0,NO APLICA,10,Octubre,17,2022,22,29,SR-130,3,Highway estatal,Urbano,Arterial Principal -Freeway o ExpressWay,Not Reported,1,Sin jurisdiccion especial,429,30.23058889,-97.618525,Peaton,El primer evento no fue una colision con un vehiculo automotor en transporte,Not an Intersection,No fue interseccion,Sobre calle,Ninguna,Oscuro sin iluminacion,Nublado,No,NO APLICA,99,98,99,98,1,17/10/2022,1
48,Texas,483258,0,0,2,0,407,SAN JACINTO (407),0,NO APLICA,10,Octubre,21,2022,19,41,SR-150,3,Highway estatal,Rural,Arteria Menor,Not Reported,0,Servicio de Parques Nacional,87,30.56110278,-95.23881944,Vehiculo en movimiento,Angulo,T-Intersection,Interseccion de T,Sobre calle,Construccion,Oscuro sin iluminacion,Despejado,No,NO APLICA,99,99,99,99,1,21/10/2022,4
48,Texas,483259,0,0,2,0,39,BRAZORIA (39),0,NO APLICA,10,Octubre,25,2022,5,25,SR-288 BUSINESS,3,Highway estatal,Rural,Arteria Principal,Not Reported,1,Sin jurisdiccion especial,135,29.24808611,-95.446825,Vehiculo en movimiento,Angulo,Four-Way Intersection,Interseccion de 4 direcciones,Sobre calle,Ninguna,Oscuro sin iluminacion,Nublado,No,NO APLICA,99,98,99,98,1,25/10/2022,2
48,Texas,483260,0,1,2,1,203,HARRISON (203),0,NO APLICA,10,Octubre,30,2022,3,18,I-20,1,Interestatal,Urbano,Interestatal,State Highway Agency,1,Sin jurisdiccion especial,31,32.46226944,-94.65124722,Vehiculo Aparcado,El primer evento no fue una colision con un vehiculo automotor en transporte,Not an Intersection,No fue interseccion,Sobre Acotamiento,Ninguna,Oscuro sin iluminacion,Nublado,No,NO APLICA,99,99,99,99,1,30/10/2022,1
48,Texas,483261,0,0,3,0,491,WILLIAMSON (491),0,NO APLICA,10,Octubre,29,2022,19,49,SR-95,3,Highway estatal,Rural,Arteria Menor,Not Reported,0,Sin jurisdiccion especial,39,30.75439167,-97.43825278,Vehiculo en movimiento,Angulo,T-Intersection,Interseccion de T,Sobre calle,Ninguna,Oscuro sin iluminacion,Despejado,No,NO APLICA,99,99,99,99,1,29/10/2022,4
48,Texas,483262,0,0,2,0,113,DALLAS (113),1190,CARROLLTON,10,Octubre,18,2022,22,24,SR-190/PRESIDENT GEORGE BUSH T,3,Highway estatal,Urbano,Arterial Principal -Freeway o ExpressWay,Not Reported,1,Sin jurisdiccion especial,26,32.98587778,-96.8853,Vehiculo en movimiento,Angulo,Not an Intersection,No fue interseccion,Sobre calle,Ninguna,Oscuro con iluminacion,Despejado,No,NO APLICA,99,99,99,99,2,18/10/2022,2
48,Texas,483263,0,0,2,0,113,DALLAS (113),1730,DALLAS,10,Octubre,29,2022,3,8,SR-12 SVRD/WALTON WALKER BLVD,7,Calle Local,Urbano,Colector Mayor,Not Reported,0,Sin jurisdiccion especial,213,32.85906111,-96.90223611,Vehiculo en movimiento,Frente a Detrás,Not an Intersection,No fue interseccion,Sobre calle,Ninguna,Oscuro sin iluminacion,lluvia,No,NO APLICA,99,99,99,99,1,29/10/2022,4
48,Texas,483264,0,0,2,0,27,BELL (27),6810,TEMPLE,11,Noviembre,2,2022,8,23,H AVE,6,Calle Local Municipalidad,Urbano,Arteria Menor,Not Reported,0,Sin jurisdiccion especial,0,31.08178611,-97.31308056,Vehiculo en movimiento,Frente a frente,Not an Intersection,No fue interseccion,Sobre calle,Ninguna,Dia total,Neblina o Humo,No,NO APLICA,99,98,99,98,1,02/11/2022,2
48,Texas,483265,1,1,1,0,29,BEXAR (29),6090,SAN ANTONIO,10,Octubre,22,2022,2,38,I-10,1,Interestatal,Urbano,Interestatal,State Highway Agency,1,Sin jurisdiccion especial,235,29.44671389,-98.51466389,Peaton,El primer evento no fue una colision con un vehiculo automotor en transporte,Not an Intersection,No fue interseccion,Sobre calle,Ninguna,Oscuro con iluminacion,Despejado,No,NO APLICA,99,99,99,99,1,22/10/2022,1
48,Texas,483266,0,0,1,0,201,HARRIS (201),3280,HOUSTON,10,Octubre,22,2022,3,46,AIRLINE DR,6,Calle Local Municipalidad,Urbano,Arteria Menor,Not Reported,0,Sin jurisdiccion especial,0,29.92197222,-95.40735,Banqueta,El primer evento no fue una colision con un vehiculo automotor en transporte,Not an Intersection,No fue interseccion,Sobre el lado de la calle,Ninguna,Oscuro con iluminacion,Nublado,No,NO APLICA,99,98,99,98,2,22/10/2022,2
48,Texas,483267,0,0,2,0,201,HARRIS (201),3280,HOUSTON,10,Octubre,15,2022,0,45,LITTLE YORK RD,6,Calle Local Municipalidad,Urbano,Arteria Principal,Not Reported,0,Sin jurisdiccion especial,0,29.86993611,-95.38860556,Vehiculo en movimiento,Angulo,T-Intersection,Interseccion de T,Sobre calle,Ninguna,Oscuro con iluminacion,Despejado,No,NO APLICA,99,99,99,99,1,15/10/2022,5
48,Texas,483268,0,0,1,0,113,DALLAS (113),1730,DALLAS,10,Octubre,7,2022,19,43,HILLCREST RD,6,Calle Local Municipalidad,Urbano,Arteria Menor,Not Reported,0,Sin jurisdiccion especial,0,32.90342778,-96.78822222,Barrera de Trafico de Concreto,El primer evento no fue una colision con un vehiculo automotor en transporte,Not an Intersection,No fue interseccion,En el medio,Ninguna,Oscuro con iluminacion,Despejado,No,NO APLICA,99,99,99,99,1,07/10/2022,1
48,Texas,483269,0,0,1,0,99,CORYELL (99),0,NO APLICA,10,Octubre,22,2022,2,2,CR-STRAWS MILL RD,6,Calle Local Municipalidad,Rural,Colector Menor,Not Reported,0,Sin jurisdiccion especial,0,31.38084167,-97.72211667,Volcadura,El primer evento no fue una colision con un vehiculo automotor en transporte,Not an Intersection,No fue interseccion,Sobre el lado de la calle,Ninguna,Oscuro sin iluminacion,Despejado,No,NO APLICA,99,98,99,98,1,22/10/2022,5
48,Texas,483270,0,0,2,0,157,FORT BEND (157),0,NO APLICA,10,Octubre,14,2022,5,51,SR-540 LP/SOUTHWEST FWY,3,Highway estatal,Rural,Colector Mayor,Not Reported,0,Sin jurisdiccion especial,91,29.48529167,-95.93773056,Vehiculo en movimiento,Angulo,T-Intersection,Interseccion de T,Sobre calle,Ninguna,Oscuro con iluminacion,Despejado,No,NO APLICA,99,98,99,98,1,14/10/2022,2
48,Texas,483271,1,1,1,0,43,BREWSTER (43),100,ALPINE,9,Septiembre,15,2022,1,45,US-67,2,US Highway,Urbano,Arteria Principal,Not Reported,1,Sin jurisdiccion especial,294,30.35453611,-103.6873639,Peaton,El primer evento no fue una colision con un vehiculo automotor en transporte,Not an Intersection,No fue interseccion,Sobre calle,Ninguna,Oscuro con iluminacion,Despejado,No,NO APLICA,99,99,99,99,1,15/09/2022,1
48,Texas,483272,0,0,3,0,217,HILL (217),0,NO APLICA,10,Octubre,20,2022,17,30,I-35E,1,Interestatal,Rural,Interestatal,State Highway Agency,1,Sin jurisdiccion especial,173,32.06783611,-97.07216667,Vehiculo en movimiento,Frente a Detrás,Not an Intersection,No fue interseccion,Sobre calle,Construccion,Dia total,Despejado,No,NO APLICA,99,98,99,98,1,20/10/2022,3
48,Texas,483273,1,1,1,0,439,TARRANT (439),2450,FORT WORTH,11,Noviembre,2,2022,17,30,SR-183,3,Highway estatal,Urbano,Arteria Principal,Not Reported,1,Sin jurisdiccion especial,67,32.78958056,-97.37804722,Peaton,El primer evento no fue una colision con un vehiculo automotor en transporte,T-Intersection,Interseccion de T,Sobre calle,Ninguna,Dia total,Despejado,No,NO APLICA,99,98,99,98,1,02/11/2022,1
48,Texas,483274,2,2,1,0,133,EASTLAND (133),0,NO APLICA,10,Octubre,28,2022,20,22,I-20 SVRD,7,Calle Local,Rural,Colector Mayor,Not Reported,0,Sin jurisdiccion especial,24,32.376,-99.07593333,Peaton,El primer evento no fue una colision con un vehiculo automotor en transporte,Not an Intersection,No fue interseccion,Sobre calle,Ninguna,Oscuro sin iluminacion,lluvia,No,NO APLICA,99,99,99,99,1,28/10/2022,1
48,Texas,483275,0,0,2,0,55,CALDWELL (55),0,NO APLICA,10,Octubre,30,2022,8,45,FM 86,8,Otro,Rural,Colector Mayor,Not Reported,0,Sin jurisdiccion especial,69,29.85254722,-97.52630556,Vehiculo en movimiento,Angulo,Four-Way Intersection,Interseccion de 4 direcciones,Sobre calle,Ninguna,Dia total,Despejado,No,NO APLICA,99,98,99,98,2,30/10/2022,2
48,Texas,483276,1,1,2,0,453,TRAVIS (453),330,AUSTIN,8,Agosto,23,2022,22,47,SLAUGHTER LN,6,Calle Local Municipalidad,Urbano,Arteria Menor,Not Reported,0,Sin jurisdiccion especial,0,30.16032778,-97.7768,Peaton,El primer evento no fue una colision con un vehiculo automotor en transporte,Four-Way Intersection,Interseccion de 4 direcciones,Sobre calle,Ninguna,Oscuro sin iluminacion,Despejado,No,NO APLICA,99,99,99,99,1,23/08/2022,2
48,Texas,483277,0,0,3,0,459,UPSHUR (459),0,NO APLICA,10,Octubre,28,2022,9,55,US-271,2,US Highway,Rural,Arteria Principal,Not Reported,1,Sin jurisdiccion especial,64,32.823475,-94.9522,Vehiculo en movimiento,Angulo,Not an Intersection,No fue interseccion,Sobre calle,Construccion,Dia total,lluvia,No,NO APLICA,99,98,99,98,1,28/10/2022,3
48,Texas,483278,1,1,2,0,423,SMITH (423),0,NO APLICA,10,Octubre,29,2022,5,51,SR-31,3,Highway estatal,Rural,Arteria Principal,Not Reported,1,Sin jurisdiccion especial,179,32.36183056,-95.15708611,Peaton,El primer evento no fue una colision con un vehiculo automotor en transporte,Not an Intersection,No fue interseccion,Sobre calle,Ninguna,Oscuro sin iluminacion,Nublado,No,NO APLICA,99,99,99,99,1,29/10/2022,2
48,Texas,483279,0,0,2,0,497,WISE (497),5710,RHOME,10,Octubre,22,2022,21,20,SR-114,3,Highway estatal,Urbano,Arteria Principal,Not Reported,1,Sin jurisdiccion especial,21,33.03780278,-97.44136111,Vehiculo en movimiento,Frente a Detrás,Not an Intersection,No fue interseccion,Sobre calle,Ninguna,Oscuro sin iluminacion,Despejado,No,NO APLICA,99,98,99,98,1,22/10/2022,2
48,Texas,483280,0,0,2,0,39,BRAZORIA (39),3388,IOWA COLONY,11,Noviembre,2,2022,5,53,SR-288,3,Highway estatal,Urbano,Arteria Principal,Not Reported,1,Sin jurisdiccion especial,95,29.46904444,-95.41174722,Vehiculo en movimiento,Angulo,Not an Intersection,No fue interseccion,Sobre calle,Ninguna,Oscuro sin iluminacion,Despejado,No,NO APLICA,99,98,99,98,1,02/11/2022,2