Estado,Nombre de Estado,Numero de Caso,Peatones,Personas _no_vehiculos,Vehiculos automotores,Vehiculos estacionados,Condado,Nombre Condado,Ciudad,Nombre Ciudad,Mes,Nombre Mes,Dia,Año,Hora,Minuto,Calle,Ruta,Nombre Ruta,Rural o Urbanoo,Sistema Funcional,Dueño Calle,Sistema Nacional Carreteras,Jurisdiccion Especial,Milla,Latitud,Longitud,Causa del Accidente,Tipo de Accidente,Tipo Interseccion,Columna1,Lugar en la calle,Zona de Trabajo,Luz,Clima,Autobus Escolar,Cruce de Trenes,Hora Notificacion,Minuto Notificacion,Hora Llegada,Minuto Llegada,Decesos,Fecha,PersonaVehiculo
48,Texas,483281,0,0,1,0,149,FAYETTE (149),0,NO APLICA,10,Octubre,29,2022,12,13,SR-71,7,Calle Local,Rural,Colector Mayor,Not Reported,0,Sin jurisdiccion especial,99998,29.90774167,-96.90496944,Otro objeto (fijo),El primer evento no fue una colision con un vehiculo automotor en transporte,Y-Intersection,Interseccion de Y,Fuera de la calle,Ninguna,Dia total,Nublado,No,NO APLICA,99,99,99,99,1,29/10/2022,2
48,Texas,483282,0,0,2,0,215,HIDALGO (215),0,NO APLICA,10,Octubre,20,2022,17,30,SR-107,3,Highway estatal,Urbano,Arteria Principal,Not Reported,1,Sin jurisdiccion especial,188,26.29576389,-98.07355556,Vehiculo en movimiento,Angulo,T-Intersection,Interseccion de T,Sobre calle,Construccion,Dia total,Despejado,No,NO APLICA,99,98,99,98,1,20/10/2022,3
48,Texas,483283,1,1,1,0,441,TAYLOR (441),30,ABILENE,10,Octubre,29,2022,19,18,BI-20,8,Otro,Urbano,Arteria Principal,Not Reported,1,Sin jurisdiccion especial,58,32.45011667,-99.75367778,Peaton,El primer evento no fue una colision con un vehiculo automotor en transporte,T-Intersection,Interseccion de T,Sobre calle,Ninguna,Oscuro con iluminacion,Despejado,No,NO APLICA,99,98,99,98,1,29/10/2022,6
48,Texas,483284,1,1,1,0,29,BEXAR (29),3942,LEON VALLEY,10,Octubre,31,2022,6,31,SR-16,7,Calle Local,Urbano,Arteria Principal,Not Reported,1,Sin jurisdiccion especial,98,29.48398056,-98.60405556,Peaton,El primer evento no fue una colision con un vehiculo automotor en transporte,Not an Intersection,No fue interseccion,Sobre calle,Ninguna,Oscuro - iluminacion desconocida,Despejado,No,NO APLICA,99,99,99,99,1,31/10/2022,1
48,Texas,483285,0,0,2,0,389,REEVES (389),5280,PECOS,10,Octubre,14,2022,2,4,I-20 SVRD,7,Calle Local,Urbano,Colector Mayor,Not Reported,0,Sin jurisdiccion especial,465,31.39827222,-103.5219083,Vehiculo en movimiento,Angulo,T-Intersection,Interseccion de T,Sobre calle,Construccion,Oscuro con iluminacion,Despejado,No,NO APLICA,99,99,99,99,1,14/10/2022,3
48,Texas,483286,0,0,2,0,201,HARRIS (201),3280,HOUSTON,10,Octubre,15,2022,2,0,ALLEN  PKWY,6,Calle Local Municipalidad,Urbano,Arteria Menor,Not Reported,0,Sin jurisdiccion especial,0,29.76083611,-95.38818611,Vehiculo en movimiento,Frente a frente,Not an Intersection,No fue interseccion,Sobre calle,Ninguna,Oscuro con iluminacion,Nublado,No,NO APLICA,99,98,99,98,1,15/10/2022,2
48,Texas,483287,1,1,1,0,157,FORT BEND (157),4655,MISSOURI CITY,11,Noviembre,4,2022,2,25,SR-6,3,Highway estatal,Urbano,Arteria Principal,Not Reported,1,Sin jurisdiccion especial,58,29.56979167,-95.56798333,Peaton,El primer evento no fue una colision con un vehiculo automotor en transporte,Not an Intersection,No fue interseccion,Sobre calle,Ninguna,Oscuro sin iluminacion,Despejado,No,NO APLICA,99,98,99,98,1,04/11/2022,1
48,Texas,483288,0,0,1,0,201,HARRIS (201),3280,HOUSTON,10,Octubre,15,2022,19,59,I-10/KATY FWY,7,Calle Local,Urbano,Colector Mayor,State Highway Agency,0,Sin jurisdiccion especial,33,29.78571111,-95.76314722,Barrera de Trafico de Concreto,El primer evento no fue una colision con un vehiculo automotor en transporte,Not an Intersection,No fue interseccion,Gore?,Ninguna,Oscuro con iluminacion,Despejado,No,NO APLICA,99,99,99,99,1,15/10/2022,1
48,Texas,483289,1,1,1,0,25,BEE (25),510,BEEVILLE,7,Julio,22,2022,21,30,US-59,2,US Highway,Urbano,Arteria Principal,Not Reported,1,Sin jurisdiccion especial,122,28.40210278,-97.74565,Peaton,El primer evento no fue una colision con un vehiculo automotor en transporte,T-Intersection,Interseccion de T,Sobre calle,Ninguna,Oscuro sin iluminacion,Nublado,No,NO APLICA,99,99,99,99,1,22/07/2022,1
48,Texas,483290,0,0,1,0,121,DENTON (121),1190,CARROLLTON,8,Agosto,31,2022,13,49,PARKER RD,6,Calle Local Municipalidad,Urbano,Arteria Menor,Not Reported,0,Sin jurisdiccion especial,26,33.04463611,-96.89032778,Barrera de Trafico de Concreto,El primer evento no fue una colision con un vehiculo automotor en transporte,Not an Intersection,No fue interseccion,En el medio,Ninguna,Dia total,Despejado,No,NO APLICA,99,99,99,99,1,31/08/2022,5
48,Texas,483291,0,0,1,0,273,KLEBERG (273),3700,KINGSVILLE,10,Octubre,6,2022,21,0,US-77,2,US Highway,Rural,Arterial Principal -Freeway o ExpressWay,Not Reported,1,Sin jurisdiccion especial,27,27.53697778,-97.83348889,Volcadura,El primer evento no fue una colision con un vehiculo automotor en transporte,Not an Intersection,No fue interseccion,Sobre el lado de la calle,Ninguna,Oscuro sin iluminacion,Despejado,No,NO APLICA,99,99,99,99,1,06/10/2022,3
48,Texas,483292,0,0,2,0,121,DENTON (121),250,FRISCO,9,Septiembre,2,2022,12,44,LEGACY DR,6,Calle Local Municipalidad,Urbano,Arteria Menor,Not Reported,0,Sin jurisdiccion especial,0,33.12295556,-96.84667222,Vehiculo en movimiento,Angulo,T-Intersection,Interseccion de T,Sobre calle,Ninguna,Dia total,lluvia,No,NO APLICA,99,99,99,99,1,02/09/2022,2
48,Texas,483293,0,0,2,0,315,MARION (315),0,NO APLICA,11,Noviembre,3,2022,5,50,SR-49,3,Highway estatal,Rural,Arteria Menor,Not Reported,0,Sin jurisdiccion especial,62,32.81971111,-94.48354444,Vehiculo en movimiento,Angulo,Four-Way Intersection,Interseccion de 4 direcciones,Sobre calle,Ninguna,Oscuro sin iluminacion,Nublado,No,NO APLICA,99,98,99,98,1,03/11/2022,2
48,Texas,483294,1,1,1,0,423,SMITH (423),7443,WHITEHOUSE,11,Noviembre,4,2022,23,4,SR-110,3,Highway estatal,Urbano,Arteria Principal,Not Reported,1,Sin jurisdiccion especial,79,32.244875,-95.23305,Ciclista,El primer evento no fue una colision con un vehiculo automotor en transporte,Not an Intersection,No fue interseccion,Sobre calle,Ninguna,Oscuro sin iluminacion,lluvia,No,NO APLICA,99,98,99,98,1,04/11/2022,1
48,Texas,483295,0,0,2,0,167,GALVESTON (167),1920,DICKINSON,11,Noviembre,4,2022,22,50,I-45/GULF FWY,1,Interestatal,Urbano,Interestatal,State Highway Agency,1,Sin jurisdiccion especial,117,29.44318333,-95.07213056,Vehiculo en movimiento,Frente a Detrás,Not an Intersection,No fue interseccion,Sobre calle,Construccion,Oscuro sin iluminacion,Nublado,No,NO APLICA,99,98,99,98,1,04/11/2022,2
48,Texas,483296,0,0,3,0,291,LIBERTY (291),1770,DAYTON,10,Octubre,31,2022,19,20,SR-146,3,Highway estatal,Rural,Arteria Principal,Not Reported,1,Sin jurisdiccion especial,34,29.99409722,-94.90309444,Vehiculo en movimiento,Frente a frente,Not an Intersection,No fue interseccion,Sobre calle,Ninguna,Oscuro sin iluminacion,Despejado,No,NO APLICA,99,99,99,99,1,31/10/2022,3
48,Texas,483297,0,0,1,0,107,CROSBY (107),0,NO APLICA,11,Noviembre,1,2022,22,55,FM 193,8,Otro,Rural,Colector Mayor,Not Reported,0,Sin jurisdiccion especial,33,33.80090556,-101.2005556,Otro objeto (fijo),El primer evento no fue una colision con un vehiculo automotor en transporte,Not an Intersection,No fue interseccion,Sobre el lado de la calle,Ninguna,Oscuro sin iluminacion,Despejado,No,NO APLICA,99,98,99,98,1,01/11/2022,1
48,Texas,483298,0,0,1,0,439,TARRANT (439),2450,FORT WORTH,11,Noviembre,3,2022,12,3,I-30/WEST FWY,1,Interestatal,Urbano,Interestatal,State Highway Agency,1,Sin jurisdiccion especial,195,32.73296667,-97.39280833,Poste o otros soportes,El primer evento no fue una colision con un vehiculo automotor en transporte,Not an Intersection,No fue interseccion,En el medio,Ninguna,Dia total,Nublado,No,NO APLICA,99,99,99,99,1,03/11/2022,2
48,Texas,483299,0,0,2,0,277,LAMAR (277),710,BLOSSOM,8,Agosto,30,2022,16,27,US-82,2,US Highway,Rural,Arteria Principal,Not Reported,1,Sin jurisdiccion especial,183,33.66085,-95.38559722,Vehiculo en movimiento,Angulo,Four-Way Intersection,Interseccion de 4 direcciones,Sobre calle,Ninguna,Dia total,Despejado,No,NO APLICA,99,99,99,99,1,30/08/2022,3
48,Texas,483300,0,0,1,0,47,BROOKS (47),0,NO APLICA,10,Octubre,30,2022,11,7,CR-401,4,Calle del Condado,Rural,Colector Mayor,Not Reported,0,Sin jurisdiccion especial,0,27.21505,-98.17518889,Barda,El primer evento no fue una colision con un vehiculo automotor en transporte,Not an Intersection,No fue interseccion,Fuera de la calle,Ninguna,Dia total,Despejado,No,NO APLICA,99,98,99,98,1,30/10/2022,1
48,Texas,483301,0,0,2,0,387,RED RIVER (387),0,NO APLICA,10,Octubre,31,2022,14,47,US-82,2,US Highway,Rural,Arteria Principal,Not Reported,1,Sin jurisdiccion especial,38,33.66015556,-95.24918056,Vehiculo en movimiento,Frente a frente,Not an Intersection,No fue interseccion,Sobre calle,Ninguna,Dia total,Despejado,No,NO APLICA,99,99,99,99,1,31/10/2022,3
48,Texas,483302,0,0,2,0,113,DALLAS (113),1730,DALLAS,10,Octubre,23,2022,11,5,I-635/LYNDON B JOHNSON FWY,1,Interestatal,Urbano,Interestatal,State Toll Road,1,Sin jurisdiccion especial,102,32.92610833,-96.82766944,Vehiculo en movimiento,Frente a Detrás,Not an Intersection,No fue interseccion,Sobre calle,Ninguna,Dia total,Despejado,No,NO APLICA,99,99,99,99,1,23/10/2022,2
48,Texas,483303,0,0,3,0,113,DALLAS (113),1730,DALLAS,10,Octubre,11,2022,23,49,SP 408/PATRIOT PKWY,8,Otro,Urbano,Arterial Principal -Freeway o ExpressWay,Not Reported,1,Sin jurisdiccion especial,27,32.70605,-96.93254167,Vehiculo en movimiento,Frente a frente,Not an Intersection,No fue interseccion,Sobre calle,Ninguna,Oscuro con iluminacion,Despejado,No,NO APLICA,99,99,99,99,1,11/10/2022,3
48,Texas,483304,0,0,1,0,113,DALLAS (113),1730,DALLAS,10,Octubre,24,2022,17,15,LAWTHER DR,6,Calle Local Municipalidad,Urbano,Colector Menor,Not Reported,0,Sin jurisdiccion especial,0,32.83851389,-96.72810278,Barda,El primer evento no fue una colision con un vehiculo automotor en transporte,Not an Intersection,No fue interseccion,Sobre el lado de la calle,Ninguna,Dia total,lluvia,No,NO APLICA,99,98,99,98,2,24/10/2022,2
48,Texas,483305,0,0,2,0,485,WICHITA (485),7490,WICHITA FALLS,10,Octubre,23,2022,16,5,FM 368/SOUTHWEST PKWY,8,Otro,Urbano,Arteria Principal,Not Reported,0,Sin jurisdiccion especial,102,33.85715556,-98.52095,Vehiculo en movimiento,Angulo,Four-Way Intersection,Interseccion de 4 direcciones,Sobre calle,Construccion,Dia total,Despejado,No,NO APLICA,99,99,99,99,1,23/10/2022,2
48,Texas,483306,1,1,1,0,439,TARRANT (439),2450,FORT WORTH,11,Noviembre,3,2022,19,17,BERRY ST,6,Calle Local Municipalidad,Urbano,Arteria Menor,Not Reported,0,Sin jurisdiccion especial,0,32.70984722,-97.29407222,Peaton,El primer evento no fue una colision con un vehiculo automotor en transporte,Not an Intersection,No fue interseccion,Sobre calle,Ninguna,Oscuro con iluminacion,Despejado,No,NO APLICA,99,98,99,98,1,03/11/2022,1
48,Texas,483307,0,0,1,0,185,GRIMES (185),0,NO APLICA,10,Octubre,25,2022,15,51,CR-EVERGREEN FOREST RD,4,Calle del Condado,Rural,Local,Not Reported,0,Sin jurisdiccion especial,0,30.28551944,-95.91831111,Volcadura,El primer evento no fue una colision con un vehiculo automotor en transporte,Not an Intersection,No fue interseccion,Sobre el lado de la calle,Ninguna,Dia total,Despejado,No,NO APLICA,99,99,99,99,1,25/10/2022,1
48,Texas,483308,0,0,2,0,215,HIDALGO (215),5330,PHARR,9,Septiembre,25,2022,1,57,FM 3461 NOLANA LOOP,8,Otro,Urbano,Arteria Principal,Not Reported,0,Sin jurisdiccion especial,29,26.23100833,-98.16110278,Vehiculo en movimiento,Angulo,Four-Way Intersection,Interseccion de 4 direcciones,Sobre calle,Ninguna,Oscuro con iluminacion,Despejado,No,NO APLICA,99,99,99,99,1,25/09/2022,3
48,Texas,483309,1,1,1,0,439,TARRANT (439),2450,FORT WORTH,11,Noviembre,5,2022,19,5,MARTIN ST,6,Calle Local Municipalidad,Urbano,Colector Mayor,Not Reported,0,Sin jurisdiccion especial,0,32.69214167,-97.26149444,Peaton,El primer evento no fue una colision con un vehiculo automotor en transporte,Not an Intersection,No fue interseccion,Sobre calle,Ninguna,Oscuro sin iluminacion,Despejado,No,NO APLICA,99,99,99,99,1,05/11/2022,1
48,Texas,483310,0,0,1,0,139,ELLIS (139),0,NO APLICA,10,Octubre,14,2022,18,0,FM 660,8,Otro,Rural,Colector Mayor,Not Reported,0,Sin jurisdiccion especial,66,32.49182778,-96.58483889,Volcadura,El primer evento no fue una colision con un vehiculo automotor en transporte,Not an Intersection,No fue interseccion,Sobre el lado de la calle,Ninguna,Dia total,Despejado,No,NO APLICA,99,98,99,98,1,14/10/2022,1
48,Texas,483311,0,0,1,0,41,BRAZOS (41),0,NO APLICA,10,Octubre,23,2022,7,13,CR-ELMO WEEDON RD,4,Calle del Condado,Rural,Colector Menor,Not Reported,0,Sin jurisdiccion especial,0,30.67098611,-96.258325,Suelo,El primer evento no fue una colision con un vehiculo automotor en transporte,Not an Intersection,No fue interseccion,Fuera de la calle,Ninguna,Oscuro sin iluminacion,Despejado,No,NO APLICA,99,98,99,98,1,23/10/2022,1
48,Texas,483312,2,2,1,0,453,TRAVIS (453),330,AUSTIN,11,Noviembre,4,2022,17,22,RIVERSIDE DR,6,Calle Local Municipalidad,Urbano,Arteria Menor,Not Reported,0,Sin jurisdiccion especial,0,30.25143611,-97.74081944,Barrera de Trafico de Concreto,El primer evento no fue una colision con un vehiculo automotor en transporte,Not an Intersection,No fue interseccion,Sobre el lado de la calle,Ninguna,Dia total,Despejado,No,NO APLICA,99,99,99,99,1,04/11/2022,1
48,Texas,483313,1,1,2,0,215,HIDALGO (215),6160,SAN JUAN,10,Octubre,16,2022,2,3,I-2,1,Interestatal,Urbano,Interestatal,State Highway Agency,1,Sin jurisdiccion especial,287,26.20432222,-98.16344167,Vehiculo en movimiento,Golpe Lateral - misma direccion,Not an Intersection,No fue interseccion,Sobre calle,Construccion,Oscuro sin iluminacion,Despejado,No,NO APLICA,99,99,99,99,1,16/10/2022,2
48,Texas,483314,0,0,3,0,117,DEAF SMITH (117),0,NO APLICA,11,Noviembre,3,2022,6,49,US-385/TEXAS PLAINS TRL,2,US Highway,Rural,Arteria Menor,Not Reported,0,Sin jurisdiccion especial,279,34.79294167,-102.4056833,Vehiculo en movimiento,Frente a Detrás,Four-Way Intersection,Interseccion de 4 direcciones,Sobre calle,Ninguna,Oscuro sin iluminacion,Despejado,No,NO APLICA,99,99,99,99,1,03/11/2022,5
48,Texas,483315,1,1,1,0,167,GALVESTON (167),2570,GALVESTON,10,Octubre,16,2022,19,56,FM 3005/TERMINI-SAN LUIS PASS,8,Otro,Urbano,Arteria Principal,Not Reported,1,Sin jurisdiccion especial,69,29.214475,-94.92243333,Peaton,El primer evento no fue una colision con un vehiculo automotor en transporte,Not an Intersection,No fue interseccion,Sobre el lado de la calle,Ninguna,Oscuro sin iluminacion,Despejado,No,NO APLICA,99,99,99,99,1,16/10/2022,2
48,Texas,483317,0,0,2,0,113,DALLAS (113),2590,GARLAND,11,Noviembre,1,2022,4,46,I-30,1,Interestatal,Urbano,Interestatal,State Highway Agency,1,Sin jurisdiccion especial,195,32.85723056,-96.55428056,Vehiculo en movimiento,Frente a Detrás,Not an Intersection,No fue interseccion,Sobre calle,Ninguna,Oscuro sin iluminacion,Despejado,No,NO APLICA,99,99,99,99,1,01/11/2022,3
48,Texas,483318,0,0,1,0,313,MADISON (313),0,NO APLICA,10,Octubre,29,2022,8,0,FM 39,8,Otro,Rural,Colector Mayor,Not Reported,0,Sin jurisdiccion especial,84,30.90468889,-96.108525,Volcadura,El primer evento no fue una colision con un vehiculo automotor en transporte,Not an Intersection,No fue interseccion,Sobre el lado de la calle,Ninguna,Dia total,lluvia,No,NO APLICA,99,98,99,98,1,29/10/2022,1
48,Texas,483319,0,0,2,0,409,SAN PATRICIO (409),240,ARANSAS PASS,10,Octubre,29,2022,22,44,SR-35,3,Highway estatal,Urbano,Arteria Menor,Not Reported,0,Sin jurisdiccion especial,37,27.92380278,-97.16074722,Vehiculo en movimiento,Angulo,Four-Way Intersection,Interseccion de 4 direcciones,Sobre calle,Construccion,Oscuro con iluminacion,Despejado,No,NO APLICA,99,99,99,99,2,29/10/2022,4
48,Texas,483320,0,0,2,0,29,BEXAR (29),6090,SAN ANTONIO,10,Octubre,19,2022,18,42,CASTROVILLE RD,6,Calle Local Municipalidad,Urbano,Arteria Menor,Not Reported,0,Sin jurisdiccion especial,0,29.41245833,-98.57196111,Vehiculo en movimiento,Angulo,Four-Way Intersection,Interseccion de 4 direcciones,Sobre calle,Ninguna,Atardecer,Despejado,No,NO APLICA,99,99,99,99,1,19/10/2022,2
48,Texas,483321,0,0,2,1,113,DALLAS (113),1730,DALLAS,10,Octubre,30,2022,19,10,SR-78,3,Highway estatal,Urbano,Arteria Principal,Not Reported,1,Sin jurisdiccion especial,116,32.850725,-96.68166389,Poste de Señal de trafico,El primer evento no fue una colision con un vehiculo automotor en transporte,Not an Intersection,No fue interseccion,Sobre el lado de la calle,Ninguna,Dia total,Despejado,No,NO APLICA,99,99,99,99,1,30/10/2022,2
48,Texas,483322,0,0,2,0,135,ECTOR (135),5030,ODESSA,11,Noviembre,1,2022,23,50,I-20,1,Interestatal,Urbano,Interestatal,State Highway Agency,1,Sin jurisdiccion especial,390,31.86644167,-102.3016806,Vehiculo en movimiento,Frente a Detrás,Not an Intersection,No fue interseccion,Sobre calle,Ninguna,Oscuro con iluminacion,Despejado,No,NO APLICA,99,99,99,99,1,01/11/2022,6
48,Texas,483323,0,0,2,0,209,HAYS (209),0,NO APLICA,10,Octubre,23,2022,5,19,SR-21,3,Highway estatal,Rural,Arteria Principal,Not Reported,1,Sin jurisdiccion especial,1,30.02014722,-97.71316944,Vehiculo en movimiento,Frente a frente,Not an Intersection,No fue interseccion,Sobre calle,Ninguna,Oscuro sin iluminacion,Despejado,No,NO APLICA,99,98,99,98,1,23/10/2022,2
48,Texas,483324,0,0,2,0,167,GALVESTON (167),3920,LEAGUE CITY,11,Noviembre,7,2022,21,22,SR-96,3,Highway estatal,Urbano,Arteria Principal,Not Reported,1,Sin jurisdiccion especial,44,29.50709722,-95.03901389,Vehiculo en movimiento,Angulo,Not an Intersection,No fue interseccion,Sobre calle,Ninguna,Oscuro sin iluminacion,Despejado,No,NO APLICA,99,98,99,98,1,07/11/2022,2
48,Texas,483325,1,1,1,0,453,TRAVIS (453),330,AUSTIN,9,Septiembre,27,2022,20,55,LOYOLA LN,6,Calle Local Municipalidad,Urbano,Arteria Menor,Not Reported,0,Sin jurisdiccion especial,0,30.29280278,-97.63133056,Peaton,El primer evento no fue una colision con un vehiculo automotor en transporte,Not an Intersection,No fue interseccion,Sobre calle,Ninguna,Oscuro con iluminacion,Despejado,No,NO APLICA,99,99,99,99,1,27/09/2022,1
48,Texas,483326,0,0,6,0,205,HARTLEY (205),0,NO APLICA,11,Noviembre,4,2022,11,31,US-54,2,US Highway,Rural,Arteria Principal,Not Reported,1,Sin jurisdiccion especial,166,36.00951944,-102.5943861,Vehiculo en movimiento,Frente a Detrás,Not an Intersection,No fue interseccion,Sobre calle,Construccion,Dia total,Nublado,No,NO APLICA,99,99,99,99,3,04/11/2022,9
48,Texas,483327,0,0,1,0,29,BEXAR (29),6090,SAN ANTONIO,11,Noviembre,3,2022,12,25,I-410,1,Interestatal,Urbano,Interestatal,State Highway Agency,1,Sin jurisdiccion especial,67,29.39768333,-98.64980556,Fin de valla,El primer evento no fue una colision con un vehiculo automotor en transporte,Not an Intersection,No fue interseccion,Gore?,Ninguna,Dia total,Nublado,No,NO APLICA,99,99,99,99,1,03/11/2022,1
48,Texas,483328,0,0,2,0,355,NUECES (355),1550,CORPUS CHRISTI,10,Octubre,30,2022,21,33,SHORELINE BLVD,6,Calle Local Municipalidad,Urbano,Arteria Principal,Not Reported,0,Sin jurisdiccion especial,0,27.79101667,-97.39330833,Volcadura,El primer evento no fue una colision con un vehiculo automotor en transporte,Not an Intersection,No fue interseccion,Sobre calle,Ninguna,Oscuro con iluminacion,Despejado,No,NO APLICA,99,99,99,99,1,30/10/2022,3
48,Texas,483329,0,0,1,0,13,ATASCOSA (13),0,NO APLICA,10,Octubre,30,2022,19,47,SR-97,3,Highway estatal,Rural,Arteria Principal,Not Reported,0,Sin jurisdiccion especial,195,29.02983333,-98.340125,Barda,El primer evento no fue una colision con un vehiculo automotor en transporte,Not an Intersection,No fue interseccion,Fuera de la calle,Ninguna,Oscuro sin iluminacion,Despejado,No,NO APLICA,99,98,99,98,1,30/10/2022,1
48,Texas,483330,0,0,2,0,473,WALLER (473),0,NO APLICA,10,Octubre,3,2022,21,32,I-10,1,Interestatal,Rural,Interestatal,State Highway Agency,1,Sin jurisdiccion especial,69,29.77745556,-95.92472778,Vehiculo en movimiento,Frente a Detrás,Not an Intersection,No fue interseccion,Sobre calle,Construccion,Oscuro sin iluminacion,Despejado,No,NO APLICA,99,99,99,99,1,03/10/2022,2
48,Texas,483331,1,1,2,0,183,GREGG (183),0,NO APLICA,11,Noviembre,3,2022,19,20,CR-3501,4,Calle del Condado,Urbano,Colector Mayor,Not Reported,0,Sin jurisdiccion especial,0,32.41427778,-94.89054444,Vehiculo en movimiento,Angulo,Not an Intersection,No fue interseccion,Sobre el lado de la calle,Ninguna,Oscuro sin iluminacion,Despejado,No,NO APLICA,99,98,99,98,1,03/11/2022,1
48,Texas,483332,0,0,1,0,485,WICHITA (485),0,NO APLICA,11,Noviembre,2,2022,19,8,SR-240/CR-3RD ST,3,Highway estatal,Rural,Colector Mayor,Not Reported,0,Sin jurisdiccion especial,173,34.09660833,-98.66963611,Volcadura,El primer evento no fue una colision con un vehiculo automotor en transporte,Not an Intersection,No fue interseccion,Sobre el lado de la calle,Ninguna,Oscuro sin iluminacion,Despejado,No,NO APLICA,99,99,99,99,1,02/11/2022,1
48,Texas,483333,0,0,2,0,317,MARTIN (317),0,NO APLICA,10,Octubre,21,2022,21,10,SR-349,3,Highway estatal,Rural,Arteria Menor,Not Reported,0,Sin jurisdiccion especial,34,32.31961944,-102.1707972,Vehiculo en movimiento,Angulo,Four-Way Intersection,Interseccion de 4 direcciones,Sobre calle,Ninguna,Oscuro con iluminacion,Despejado,No,NO APLICA,99,99,99,99,1,21/10/2022,2
48,Texas,483334,1,1,1,0,401,RUSK (401),0,NO APLICA,11,Noviembre,2,2022,18,55,FM 1716,8,Otro,Rural,Colector Mayor,Not Reported,0,Sin jurisdiccion especial,1,32.20423056,-94.73431944,Peaton,El primer evento no fue una colision con un vehiculo automotor en transporte,Not an Intersection,No fue interseccion,Sobre calle,Ninguna,Oscuro sin iluminacion,Despejado,No,NO APLICA,99,99,99,99,1,02/11/2022,1
48,Texas,483335,0,0,2,0,201,HARRIS (201),0,NO APLICA,11,Noviembre,5,2022,20,53,I-69,1,Interestatal,Urbano,Interestatal,State Highway Agency,1,Sin jurisdiccion especial,14,29.88396111,-95.321925,Vehiculo en movimiento,Frente a Detrás,Not an Intersection,No fue interseccion,Sobre calle,Ninguna,Oscuro con iluminacion,Despejado,No,NO APLICA,99,99,99,99,1,05/11/2022,3
48,Texas,483336,1,1,2,0,113,DALLAS (113),3420,IRVING,10,Octubre,19,2022,21,28,SR-356,3,Highway estatal,Urbano,Arteria Principal,Not Reported,1,Sin jurisdiccion especial,106,32.83200833,-96.98520278,Peaton,El primer evento no fue una colision con un vehiculo automotor en transporte,Not an Intersection,No fue interseccion,Sobre calle,Ninguna,Oscuro sin iluminacion,Despejado,No,NO APLICA,99,98,99,98,1,19/10/2022,2
48,Texas,483337,0,0,2,0,27,BELL (27),3690,KILLEEN,11,Noviembre,3,2022,20,43,FM 3470,8,Otro,Urbano,Arteria Principal,Not Reported,1,Sin jurisdiccion especial,30,31.08830556,-97.79432222,Vehiculo en movimiento,Frente a frente,T-Intersection,Interseccion de T,Sobre calle,Ninguna,Oscuro sin iluminacion,Despejado,No,NO APLICA,99,98,99,98,1,03/11/2022,3
48,Texas,483338,1,1,1,0,27,BELL (27),3690,KILLEEN,11,Noviembre,4,2022,19,39,FLORENCE RD,6,Calle Local Municipalidad,Urbano,Colector Mayor,Not Reported,0,Sin jurisdiccion especial,0,31.09441667,-97.74343611,Ciclista,El primer evento no fue una colision con un vehiculo automotor en transporte,Not an Intersection,No fue interseccion,Sobre calle,Ninguna,Oscuro sin iluminacion,Despejado,No,NO APLICA,99,99,99,99,1,04/11/2022,1
48,Texas,483339,0,0,1,0,187,GUADALUPE (187),6290,SEGUIN,11,Noviembre,4,2022,6,36,I-10,1,Interestatal,Urbano,Interestatal,State Highway Agency,1,Sin jurisdiccion especial,102,29.56073333,-98.03226944,Valla Ferrocarril,El primer evento no fue una colision con un vehiculo automotor en transporte,Not an Intersection,No fue interseccion,Sobre el lado de la calle,Ninguna,Oscuro con iluminacion,lluvia,No,NO APLICA,99,98,99,98,1,04/11/2022,1
48,Texas,483340,1,1,1,0,439,TARRANT (439),2450,FORT WORTH,6,Junio,12,2022,1,18,I-35,7,Calle Local,Urbano,Colector Mayor,State Highway Agency,0,Sin jurisdiccion especial,21,32.68040278,-97.32077778,Peaton,El primer evento no fue una colision con un vehiculo automotor en transporte,Not an Intersection,No fue interseccion,Sobre calle,Ninguna,Oscuro con iluminacion,Despejado,No,NO APLICA,99,99,99,99,1,12/06/2022,1
48,Texas,483341,0,0,1,0,53,BURNET (53),0,NO APLICA,11,Noviembre,6,2022,8,22,FM 2657,8,Otro,Rural,Colector Mayor,Not Reported,0,Sin jurisdiccion especial,131,30.91392778,-97.89580833,Barda,El primer evento no fue una colision con un vehiculo automotor en transporte,Not an Intersection,No fue interseccion,Fuera de la calle,Ninguna,Dia total,Nublado,No,NO APLICA,99,98,99,98,1,06/11/2022,1
48,Texas,483342,0,0,1,0,201,HARRIS (201),3890,LA PORTE,11,Noviembre,8,2022,16,4,SR-225,3,Highway estatal,Urbano,Arterial Principal -Freeway o ExpressWay,Not Reported,1,Sin jurisdiccion especial,98,29.68712222,-95.03132778,Otra barrera de trafico,El primer evento no fue una colision con un vehiculo automotor en transporte,Not an Intersection,No fue interseccion,En el medio,Ninguna,Dia total,Despejado,No,NO APLICA,99,98,99,98,1,08/11/2022,1
48,Texas,483343,0,0,2,0,439,TARRANT (439),2450,FORT WORTH,11,Noviembre,3,2022,7,15,MCCART AVE,6,Calle Local Municipalidad,Urbano,Arteria Menor,Not Reported,0,Sin jurisdiccion especial,0,32.63110278,-97.36998611,Vehiculo en movimiento,Frente a Detrás,Not an Intersection,No fue interseccion,Sobre calle,Ninguna,Oscuro con iluminacion,Despejado,No,NO APLICA,99,99,99,99,1,03/11/2022,2