Estado,Nombre de Estado,Numero de Caso,Peatones,Personas _no_vehiculos,Vehiculos automotores,Vehiculos estacionados,Condado,Nombre Condado,Ciudad,Nombre Ciudad,Mes,Nombre Mes,Dia,Año,Hora,Minuto,Calle,Ruta,Nombre Ruta,Rural o Urbanoo,Sistema Funcional,Dueño Calle,Sistema Nacional Carreteras,Jurisdiccion Especial,Milla,Latitud,Longitud,Causa del Accidente,Tipo de Accidente,Tipo Interseccion,Columna1,Lugar en la calle,Zona de Trabajo,Luz,Clima,Autobus Escolar,Cruce de Trenes,Hora Notificacion,Minuto Notificacion,Hora Llegada,Minuto Llegada,Decesos,Fecha,PersonaVehiculo
48,Texas,483344,0,0,1,0,201,HARRIS (201),0,NO APLICA,11,Noviembre,9,2022,11,10,GRANT RD,6,Calle Local Municipalidad,Urbano,Arteria Menor,Not Reported,0,Sin jurisdiccion especial,0,29.96705,-95.59054444,Banqueta,El primer evento no fue una colision con un vehiculo automotor en transporte,Not an Intersection,No fue interseccion,En el medio,Ninguna,Dia total,Despejado,No,NO APLICA,99,99,99,99,1,09/11/2022,1
48,Texas,483345,1,1,2,0,141,EL PASO (141),2190,EL PASO,11,Noviembre,6,2022,4,56,FM 3255/MARTIN LUTHER KING JR,8,Otro,Rural,Arteria Principal,Not Reported,1,Sin jurisdiccion especial,43,31.976125,-106.4428444,Peaton,El primer evento no fue una colision con un vehiculo automotor en transporte,Not an Intersection,No fue interseccion,Sobre calle,Ninguna,Oscuro sin iluminacion,Despejado,No,NO APLICA,99,98,99,98,1,06/11/2022,2
48,Texas,483346,0,0,2,0,423,SMITH (423),0,NO APLICA,11,Noviembre,9,2022,13,35,SR-155/FRANKSTON HWY,3,Highway estatal,Rural,Arteria Principal,Not Reported,1,Sin jurisdiccion especial,225,32.18899722,-95.43598611,Vehiculo en movimiento,Golpe Lateral - misma direccion,Not an Intersection,No fue interseccion,Sobre calle,Ninguna,Dia total,Despejado,No,NO APLICA,99,99,99,99,1,09/11/2022,2
48,Texas,483347,2,2,2,1,303,LUBBOCK (303),4140,LUBBOCK,11,Noviembre,7,2022,7,54,SR-289,3,Highway estatal,Urbano,Arterial Principal -Freeway o ExpressWay,Not Reported,1,Sin jurisdiccion especial,160,33.56806667,-101.9444056,Vehiculo Aparcado,El primer evento no fue una colision con un vehiculo automotor en transporte,Not an Intersection,No fue interseccion,Gore?,Ninguna,Dia total,Despejado,No,NO APLICA,99,99,99,99,1,07/11/2022,1
48,Texas,483348,0,0,2,0,167,GALVESTON (167),2570,GALVESTON,11,Noviembre,8,2022,11,28,SR-275/HARBORSIDE DR,3,Highway estatal,Urbano,Arteria Principal,Not Reported,1,Sin jurisdiccion especial,24,29.29812778,-94.83256111,Vehiculo en movimiento,Frente a Detrás,Not an Intersection,No fue interseccion,"Izquierda continua, carril de vuelta",Ninguna,Dia total,Despejado,No,NO APLICA,99,99,99,99,1,08/11/2022,2
48,Texas,483349,0,0,1,0,141,EL PASO (141),2190,EL PASO,11,Noviembre,6,2022,2,51,I-10,1,Interestatal,Urbano,Interestatal,State Highway Agency,1,Sin jurisdiccion especial,185,31.76759167,-106.5084417,Valla Ferrocarril,El primer evento no fue una colision con un vehiculo automotor en transporte,Not an Intersection,No fue interseccion,Sobre el lado de la calle,Ninguna,Oscuro con iluminacion,Despejado,No,NO APLICA,99,99,99,99,1,06/11/2022,2
48,Texas,483350,0,0,1,0,363,PALO PINTO (363),0,NO APLICA,10,Octubre,12,2022,18,0,SR-16,3,Highway estatal,Rural,Colector Mayor,Not Reported,0,Sin jurisdiccion especial,79,32.83831667,-98.42756944,Animal vivo,El primer evento no fue una colision con un vehiculo automotor en transporte,Not an Intersection,No fue interseccion,Sobre calle,Ninguna,Dia total,Despejado,No,NO APLICA,99,99,99,99,1,12/10/2022,2
48,Texas,483351,1,1,1,0,491,WILLIAMSON (491),0,NO APLICA,11,Noviembre,4,2022,5,35,US-183,2,US Highway,Rural,Arteria Principal,Not Reported,1,Sin jurisdiccion especial,15,30.81783611,-97.89451944,Peaton,El primer evento no fue una colision con un vehiculo automotor en transporte,Not an Intersection,No fue interseccion,Sobre calle,Ninguna,Oscuro sin iluminacion,Nublado,No,NO APLICA,99,98,99,98,1,04/11/2022,1
48,Texas,483352,1,1,1,0,491,WILLIAMSON (491),0,NO APLICA,11,Noviembre,2,2022,6,37,FM 734,8,Otro,Urbano,Arteria Principal,Not Reported,1,Sin jurisdiccion especial,104,30.47166667,-97.76268333,Peaton,El primer evento no fue una colision con un vehiculo automotor en transporte,T-Intersection,Interseccion de T,Sobre calle,Ninguna,Oscuro sin iluminacion,Neblina o Humo,No,NO APLICA,99,98,99,98,1,02/11/2022,1
48,Texas,483354,1,1,1,0,439,TARRANT (439),2450,FORT WORTH,11,Noviembre,7,2022,11,14,4TH ST,6,Calle Local Municipalidad,Urbano,Local,Not Reported,0,Sin jurisdiccion especial,0,32.75368611,-97.33281389,Peaton,El primer evento no fue una colision con un vehiculo automotor en transporte,Four-Way Intersection,Interseccion de 4 direcciones,Sobre calle,Ninguna,Dia total,Despejado,No,NO APLICA,99,99,99,99,1,07/11/2022,1
48,Texas,483355,0,0,2,0,201,HARRIS (201),3280,HOUSTON,10,Octubre,11,2022,3,7,I-10/EAST FWY,1,Interestatal,Urbano,Interestatal,State Highway Agency,1,Sin jurisdiccion especial,10,29.77013333,-95.35091667,Vehiculo en movimiento,Golpe Lateral - misma direccion,Not an Intersection,No fue interseccion,Sobre calle,Ninguna,Oscuro con iluminacion,Despejado,No,NO APLICA,99,99,99,99,1,11/10/2022,3
48,Texas,483356,0,0,1,0,113,DALLAS (113),1730,DALLAS,10,Octubre,30,2022,3,20,BONNIE VIEW RD,6,Calle Local Municipalidad,Urbano,Colector Mayor,Not Reported,0,Sin jurisdiccion especial,0,32.70323056,-96.77169722,Banqueta,El primer evento no fue una colision con un vehiculo automotor en transporte,Not an Intersection,No fue interseccion,Sobre el lado de la calle,Ninguna,Oscuro sin iluminacion,Despejado,No,NO APLICA,99,98,99,98,1,30/10/2022,1
48,Texas,483357,0,0,2,0,201,HARRIS (201),3280,HOUSTON,10,Octubre,15,2022,21,20,HARDY TOLL RD,8,Otro,Urbano,Arterial Principal -Freeway o ExpressWay,Local Toll Authority,0,Sin jurisdiccion especial,0,29.84010556,-95.35745278,Vehiculo en movimiento,Frente a Detrás,Not an Intersection,No fue interseccion,Sobre calle,Ninguna,Oscuro con iluminacion,Despejado,No,NO APLICA,99,99,99,99,1,15/10/2022,2
48,Texas,483358,0,0,1,0,431,STERLING (431),0,NO APLICA,11,Noviembre,1,2022,13,33,CR-OLD BIG LAKE RD,4,Calle del Condado,Rural,Local,Not Reported,0,Sin jurisdiccion especial,0,31.63729722,-101.2535639,Volcadura,El primer evento no fue una colision con un vehiculo automotor en transporte,T-Intersection,Interseccion de T,Sobre calle,Ninguna,Dia total,Despejado,No,NO APLICA,99,98,99,98,1,01/11/2022,1
48,Texas,483359,0,0,2,0,329,MIDLAND (329),0,NO APLICA,11,Noviembre,9,2022,12,21,FM 1788,8,Otro,Rural,Colector Mayor,Not Reported,0,Sin jurisdiccion especial,155,31.88817222,-102.2079333,Vehiculo en movimiento,Frente a frente,Not an Intersection,No fue interseccion,Sobre calle,Ninguna,Dia total,Despejado,No,NO APLICA,99,99,99,99,1,09/11/2022,2
48,Texas,483360,1,1,1,0,201,HARRIS (201),3280,HOUSTON,10,Octubre,15,2022,2,32,RAMPART ST,6,Calle Local Municipalidad,Urbano,Colector Mayor,Not Reported,0,Sin jurisdiccion especial,0,29.71255278,-95.48891111,Peaton,El primer evento no fue una colision con un vehiculo automotor en transporte,Not an Intersection,No fue interseccion,Sobre calle,Ninguna,Oscuro sin iluminacion,Despejado,No,NO APLICA,99,98,99,98,1,15/10/2022,1
48,Texas,483361,0,0,2,0,201,HARRIS (201),0,NO APLICA,11,Noviembre,6,2022,1,52,SHELDON RD,6,Calle Local Municipalidad,Urbano,Arteria Menor,Not Reported,0,Sin jurisdiccion especial,0,29.81381944,-95.12599444,Vehiculo en movimiento,Frente a frente,Not an Intersection,No fue interseccion,Sobre calle,Ninguna,Oscuro sin iluminacion,Despejado,No,NO APLICA,99,99,99,99,1,06/11/2022,4
48,Texas,483362,1,1,1,0,201,HARRIS (201),0,NO APLICA,11,Noviembre,8,2022,19,25,NADOLNEY ST,6,Calle Local Municipalidad,Urbano,Local,Not Reported,0,Sin jurisdiccion especial,0,29.77553889,-95.18014167,Peaton,El primer evento no fue una colision con un vehiculo automotor en transporte,Not an Intersection,No fue interseccion,Sobre calle,Ninguna,Oscuro sin iluminacion,Despejado,No,NO APLICA,99,98,99,98,1,08/11/2022,1
48,Texas,483363,0,0,1,0,29,BEXAR (29),6090,SAN ANTONIO,11,Noviembre,10,2022,1,8,I-410 SVRD,7,Calle Local,Urbano,Colector Mayor,Not Reported,0,Sin jurisdiccion especial,89,29.43357778,-98.64783611,Otro objeto (fijo),El primer evento no fue una colision con un vehiculo automotor en transporte,Not an Intersection,No fue interseccion,Isla de trafico para peatones,Ninguna,Oscuro con iluminacion,Despejado,No,NO APLICA,99,99,99,99,2,10/11/2022,2
48,Texas,483364,0,0,1,0,309,MCLENNAN (309),0,NO APLICA,10,Octubre,30,2022,4,36,FM 107,8,Otro,Rural,Colector Mayor,Not Reported,0,Sin jurisdiccion especial,26,31.29622222,-97.31766111,Barda,El primer evento no fue una colision con un vehiculo automotor en transporte,Not an Intersection,No fue interseccion,Fuera de la calle,Ninguna,Oscuro sin iluminacion,Despejado,No,NO APLICA,99,98,99,98,1,30/10/2022,1
48,Texas,483365,0,0,1,0,113,DALLAS (113),1730,DALLAS,10,Octubre,30,2022,2,32,US-67/MARVIN D LOVE FWYU,2,US Highway,Urbano,Arterial Principal -Freeway o ExpressWay,Not Reported,1,Sin jurisdiccion especial,3,32.70665278,-96.83103889,Fin de valla,El primer evento no fue una colision con un vehiculo automotor en transporte,Not an Intersection,No fue interseccion,Sobre el lado de la calle,Ninguna,Oscuro con iluminacion,Despejado,No,NO APLICA,99,99,99,99,1,30/10/2022,2
48,Texas,483366,0,0,2,0,113,DALLAS (113),1730,DALLAS,10,Octubre,25,2022,23,54,ILLINOIS AVE,6,Calle Local Municipalidad,Urbano,Arteria Principal,Not Reported,0,Sin jurisdiccion especial,0,32.72036667,-96.86781667,Banqueta,El primer evento no fue una colision con un vehiculo automotor en transporte,Not an Intersection,No fue interseccion,En el medio,Ninguna,Oscuro con iluminacion,Despejado,No,NO APLICA,99,99,99,99,1,25/10/2022,2
48,Texas,483367,0,0,1,0,183,GREGG (183),4080,LONGVIEW,11,Noviembre,9,2022,7,20,SR-281 LOOP,3,Highway estatal,Urbano,Arteria Principal,Not Reported,1,Sin jurisdiccion especial,67,32.52901944,-94.70291667,Soporte de Puente,El primer evento no fue una colision con un vehiculo automotor en transporte,Not an Intersection,No fue interseccion,En el medio,Ninguna,Dia total,Nublado,No,NO APLICA,99,98,99,98,1,09/11/2022,1
48,Texas,483368,1,1,1,0,29,BEXAR (29),6090,SAN ANTONIO,11,Noviembre,7,2022,21,14,I-35/PURPLE HEART TRL,1,Interestatal,Urbano,Interestatal,State Highway Agency,1,Sin jurisdiccion especial,217,29.41851667,-98.50202222,Peaton,El primer evento no fue una colision con un vehiculo automotor en transporte,Not an Intersection,No fue interseccion,Sobre calle,Ninguna,Oscuro con iluminacion,Despejado,No,NO APLICA,99,99,99,99,1,07/11/2022,4
48,Texas,483369,0,0,1,0,47,BROOKS (47),0,NO APLICA,10,Octubre,16,2022,1,30,FM 754,8,Otro,Rural,Colector Mayor,Not Reported,0,Sin jurisdiccion especial,3,27.259875,-98.17123333,Barda,El primer evento no fue una colision con un vehiculo automotor en transporte,Not an Intersection,No fue interseccion,Sobre el lado de la calle,Ninguna,Oscuro sin iluminacion,Neblina o Humo,No,NO APLICA,99,99,99,99,2,16/10/2022,15
48,Texas,483370,0,0,2,0,209,HAYS (209),0,NO APLICA,11,Noviembre,6,2022,8,55,RM 967,8,Otro,Rural,Colector Mayor,Not Reported,0,Sin jurisdiccion especial,51,30.10162778,-97.93808056,Vehiculo en movimiento,Frente a frente,Not an Intersection,No fue interseccion,Sobre calle,Construccion,Dia total,Nublado,No,NO APLICA,99,99,99,99,1,06/11/2022,2
48,Texas,483371,0,0,1,0,213,HENDERSON (213),0,NO APLICA,11,Noviembre,9,2022,20,40,FM 1616,8,Otro,Rural,Colector Mayor,Not Reported,0,Sin jurisdiccion especial,35,32.26338056,-95.80428056,Arbol,El primer evento no fue una colision con un vehiculo automotor en transporte,Not an Intersection,No fue interseccion,Sobre el lado de la calle,Ninguna,Oscuro sin iluminacion,Despejado,No,NO APLICA,99,98,99,98,1,09/11/2022,1
48,Texas,483372,0,0,2,0,499,WOOD (499),0,NO APLICA,11,Noviembre,9,2022,18,11,FM 515,8,Otro,Rural,Colector Mayor,Not Reported,0,Sin jurisdiccion especial,85,32.92048333,-95.46789167,Vehiculo en movimiento,Angulo,Four-Way Intersection,Interseccion de 4 direcciones,Sobre calle,Ninguna,Oscuro sin iluminacion,Despejado,No,NO APLICA,99,99,99,99,4,09/11/2022,5
48,Texas,483373,0,0,2,0,303,LUBBOCK (303),4140,LUBBOCK,11,Noviembre,3,2022,9,6,US-82 SVRD/MARSHA SHARP FWY,7,Calle Local,Urbano,Colector Mayor,Not Reported,0,Sin jurisdiccion especial,99998,33.59201389,-101.8445944,Vehiculo en movimiento,Angulo,Four-Way Intersection,Interseccion de 4 direcciones,Sobre calle,Ninguna,Dia total,Nublado,No,NO APLICA,99,99,99,99,1,03/11/2022,7
48,Texas,483375,1,1,1,0,113,DALLAS (113),1730,DALLAS,11,Noviembre,5,2022,20,30,I-20/LYNDON B JOHNSON FWY,1,Interestatal,Urbano,Interestatal,State Highway Agency,1,Sin jurisdiccion especial,129,32.64278889,-96.83960556,Peaton,El primer evento no fue una colision con un vehiculo automotor en transporte,Not an Intersection,No fue interseccion,Sobre calle,Ninguna,Oscuro sin iluminacion,Despejado,No,NO APLICA,99,98,99,98,1,05/11/2022,1
48,Texas,483376,0,0,1,0,291,LIBERTY (291),0,NO APLICA,10,Octubre,20,2022,7,15,FM 163,8,Otro,Rural,Colector Mayor,Not Reported,0,Sin jurisdiccion especial,230,30.3033,-94.94616944,Volcadura,El primer evento no fue una colision con un vehiculo automotor en transporte,Not an Intersection,No fue interseccion,Sobre el lado de la calle,Ninguna,Dia total,Despejado,No,NO APLICA,99,98,99,98,1,20/10/2022,1
48,Texas,483377,0,0,2,0,491,WILLIAMSON (491),0,NO APLICA,11,Noviembre,6,2022,1,30,CR-CHANDLER RD,4,Calle del Condado,Rural,Arteria Menor,Not Reported,0,Sin jurisdiccion especial,0,30.59229722,-97.54631944,Vehiculo en movimiento,Frente a frente,Not an Intersection,No fue interseccion,Sobre calle,Ninguna,Oscuro sin iluminacion,Despejado,No,NO APLICA,99,98,99,98,1,06/11/2022,2
48,Texas,483378,0,0,2,0,497,WISE (497),1780,DECATUR,11,Noviembre,10,2022,19,16,US-380,2,US Highway,Urbano,Arteria Principal,Not Reported,1,Sin jurisdiccion especial,88,33.23168889,-97.61552778,Vehiculo en movimiento,Angulo,T-Intersection,Interseccion de T,Sobre calle,Ninguna,Oscuro con iluminacion,Despejado,No,NO APLICA,99,99,99,99,1,10/11/2022,3
48,Texas,483379,1,1,1,0,141,EL PASO (141),2190,EL PASO,10,Octubre,28,2022,20,41,SR-20/MESA ST,3,Highway estatal,Urbano,Arteria Principal,Not Reported,1,Sin jurisdiccion especial,155,31.81836389,-106.5162667,Peaton,El primer evento no fue una colision con un vehiculo automotor en transporte,Not an Intersection,No fue interseccion,Sobre calle,Ninguna,Oscuro con iluminacion,Despejado,No,NO APLICA,99,99,99,99,1,28/10/2022,1
48,Texas,483380,0,0,1,0,29,BEXAR (29),6090,SAN ANTONIO,11,Noviembre,13,2022,5,22,SR-13 LP/MILITARY DR,3,Highway estatal,Urbano,Arteria Principal,Not Reported,1,Servicio de Parques Nacional,36,29.36580833,-98.58896944,Soporte de  señalamiento de transito,El primer evento no fue una colision con un vehiculo automotor en transporte,T-Intersection,Interseccion de T,Sobre el lado de la calle,Ninguna,Oscuro con iluminacion,Despejado,No,NO APLICA,99,99,99,99,1,13/11/2022,1
48,Texas,483381,0,0,1,0,387,RED RIVER (387),0,NO APLICA,11,Noviembre,5,2022,15,30,FM 909,8,Otro,Rural,Colector Mayor,Not Reported,0,Sin jurisdiccion especial,137,33.47706944,-95.17462778,Acotamiento,El primer evento no fue una colision con un vehiculo automotor en transporte,Not an Intersection,No fue interseccion,Fuera de la calle,Ninguna,Dia total,Despejado,No,NO APLICA,99,98,99,98,1,05/11/2022,1
48,Texas,483382,0,0,2,0,451,TOM GREEN (451),0,NO APLICA,10,Octubre,26,2022,8,6,US-87,2,US Highway,Rural,Arteria Principal,Not Reported,1,Sin jurisdiccion especial,252,31.56698333,-100.5695389,Vehiculo en movimiento,Frente a Detrás,Not an Intersection,No fue interseccion,Sobre calle,Ninguna,Amanecer,Despejado,No,NO APLICA,99,99,99,99,1,26/10/2022,4
48,Texas,483383,1,1,1,0,187,GUADALUPE (187),6290,SEGUIN,11,Noviembre,13,2022,22,24,SR-46,3,Highway estatal,Urbano,Arteria Principal,Not Reported,1,Sin jurisdiccion especial,57,29.62675556,-98.02342222,Peaton,El primer evento no fue una colision con un vehiculo automotor en transporte,Not an Intersection,No fue interseccion,Sobre calle,Ninguna,Oscuro sin iluminacion,Despejado,No,NO APLICA,99,98,99,98,1,13/11/2022,1
48,Texas,483384,1,1,1,0,201,HARRIS (201),3280,HOUSTON,11,Noviembre,13,2022,9,24,I-69/US-59 RAMP SOUTHWEST FWY,1,Interestatal,Urbano,Interestatal,State Highway Agency,1,Sin jurisdiccion especial,71,29.72584167,-95.48836944,Peaton,El primer evento no fue una colision con un vehiculo automotor en transporte,Not an Intersection,No fue interseccion,Sobre calle,Ninguna,No reportada,Despejado,No,NO APLICA,99,99,99,99,1,13/11/2022,5
48,Texas,483386,0,0,2,0,27,BELL (27),0,NO APLICA,11,Noviembre,11,2022,9,56,SR-95,3,Highway estatal,Rural,Arteria Menor,Not Reported,0,Sin jurisdiccion especial,28,30.93241944,-97.35825,Valla Ferrocarril,El primer evento no fue una colision con un vehiculo automotor en transporte,Not an Intersection,No fue interseccion,Sobre el lado de la calle,Ninguna,Dia total,lluvia,No,NO APLICA,99,99,99,99,1,11/11/2022,3
48,Texas,483387,1,1,1,0,201,HARRIS (201),3280,HOUSTON,10,Octubre,13,2022,11,54,FM 1093 WESTHEIMER RD,8,Otro,Urbano,Arteria Principal,Not Reported,0,Sin jurisdiccion especial,51,29.73606667,-95.61085278,Peaton,El primer evento no fue una colision con un vehiculo automotor en transporte,Not an Intersection,No fue interseccion,Sobre calle,Ninguna,Dia total,Nublado,No,NO APLICA,99,99,99,99,1,13/10/2022,1
48,Texas,483388,1,1,1,0,201,HARRIS (201),3280,HOUSTON,11,Noviembre,2,2022,6,52,SR-35/TELEPHONE RD,3,Highway estatal,Urbano,Arteria Principal,Not Reported,1,Sin jurisdiccion especial,36,29.64788333,-95.28880556,Peaton,El primer evento no fue una colision con un vehiculo automotor en transporte,Not an Intersection,No fue interseccion,Sobre calle,Ninguna,Amanecer,Nublado,No,NO APLICA,99,98,99,98,1,02/11/2022,1
48,Texas,483389,0,0,1,0,339,MONTGOMERY (339),0,NO APLICA,10,Octubre,27,2022,15,37,RAYFORD RD,6,Calle Local Municipalidad,Urbano,Local,Not Reported,0,Sin jurisdiccion especial,0,30.11417778,-95.39134722,Suelo,El primer evento no fue una colision con un vehiculo automotor en transporte,Not an Intersection,No fue interseccion,Sobre el lado de la calle,Ninguna,Dia total,Despejado,No,NO APLICA,99,99,99,99,1,27/10/2022,1
48,Texas,483390,0,0,1,0,339,MONTGOMERY (339),0,NO APLICA,11,Noviembre,1,2022,2,13,SR-99,3,Highway estatal,Urbano,Arterial Principal -Freeway o ExpressWay,Not Reported,1,Sin jurisdiccion especial,3,30.09480833,-95.40556389,Puente de Ferrocarril,El primer evento no fue una colision con un vehiculo automotor en transporte,Not an Intersection,No fue interseccion,Sobre el lado de la calle,Ninguna,Oscuro sin iluminacion,Nublado,No,NO APLICA,99,98,99,98,1,01/11/2022,1
48,Texas,483391,1,1,1,0,453,TRAVIS (453),0,NO APLICA,11,Noviembre,6,2022,0,22,I-35,7,Calle Local,Urbano,Colector Mayor,Not Reported,0,Sin jurisdiccion especial,14,30.45456944,-97.66559444,Peaton,El primer evento no fue una colision con un vehiculo automotor en transporte,Not an Intersection,No fue interseccion,Sobre calle,Ninguna,Oscuro con iluminacion,Despejado,No,NO APLICA,99,98,99,98,1,06/11/2022,2
48,Texas,483393,0,0,1,0,223,HOPKINS (223),0,NO APLICA,11,Noviembre,4,2022,22,2,FM 1567,8,Otro,Rural,Colector Mayor,Not Reported,0,Sin jurisdiccion especial,223,33.009025,-95.547175,Volcadura,El primer evento no fue una colision con un vehiculo automotor en transporte,Not an Intersection,No fue interseccion,Sobre el lado de la calle,Ninguna,Oscuro sin iluminacion,Nublado,No,NO APLICA,99,99,99,99,1,04/11/2022,2
48,Texas,483394,1,1,1,0,201,HARRIS (201),3280,HOUSTON,10,Octubre,16,2022,22,52,I-10 RAMP,7,Calle Local,Urbano,Colector Mayor,Not Reported,0,Sin jurisdiccion especial,31,29.77462222,-95.31758889,Peaton,El primer evento no fue una colision con un vehiculo automotor en transporte,Not an Intersection,No fue interseccion,Sobre calle,Ninguna,Oscuro con iluminacion,Despejado,No,NO APLICA,99,99,99,99,1,16/10/2022,2
48,Texas,483395,1,1,1,0,485,WICHITA (485),7490,WICHITA FALLS,10,Octubre,24,2022,5,15,SR-240/MARTIN LUTHER KING JR,3,Highway estatal,Urbano,Arteria Principal,Not Reported,1,Sin jurisdiccion especial,455,33.91538056,-98.48660556,Ciclista,El primer evento no fue una colision con un vehiculo automotor en transporte,Not an Intersection,No fue interseccion,Sobre calle,Ninguna,Oscuro con iluminacion,lluvia,No,NO APLICA,99,99,99,99,1,24/10/2022,1
48,Texas,483396,1,1,1,0,183,GREGG (183),4080,LONGVIEW,11,Noviembre,10,2022,20,7,HIGH ST,6,Calle Local Municipalidad,Urbano,Arteria Principal,Not Reported,0,Sin jurisdiccion especial,0,32.48885556,-94.74415,Peaton,El primer evento no fue una colision con un vehiculo automotor en transporte,Not an Intersection,No fue interseccion,Sobre calle,Ninguna,Oscuro sin iluminacion,Despejado,No,NO APLICA,99,99,99,99,1,10/11/2022,2
48,Texas,483397,1,1,1,0,245,JEFFERSON (245),5430,PORT ARTHUR,11,Noviembre,13,2022,1,20,SR-73,3,Highway estatal,Urbano,Arterial Principal -Freeway o ExpressWay,Not Reported,1,Sin jurisdiccion especial,243,29.88453333,-93.99695,Peaton,El primer evento no fue una colision con un vehiculo automotor en transporte,Not an Intersection,No fue interseccion,Sobre calle,Ninguna,Oscuro sin iluminacion,Despejado,No,NO APLICA,99,99,99,99,1,13/11/2022,1
48,Texas,483398,1,1,1,0,201,HARRIS (201),3280,HOUSTON,11,Noviembre,7,2022,16,44,LITTLE YORK RD,6,Calle Local Municipalidad,Urbano,Arteria Principal,Not Reported,0,Sin jurisdiccion especial,0,29.87089167,-95.34911389,Peaton,El primer evento no fue una colision con un vehiculo automotor en transporte,Four-Way Intersection,Interseccion de 4 direcciones,Sobre calle,Ninguna,Dia total,Despejado,No,NO APLICA,99,99,99,99,1,07/11/2022,2
48,Texas,483399,1,1,1,0,201,HARRIS (201),0,NO APLICA,11,Noviembre,13,2022,19,24,RANKIN RD,6,Calle Local Municipalidad,Urbano,Arteria Menor,Not Reported,0,Sin jurisdiccion especial,0,29.965925,-95.40244722,Peaton,El primer evento no fue una colision con un vehiculo automotor en transporte,Four-Way Intersection,Interseccion de 4 direcciones,Sobre calle,Ninguna,Oscuro con iluminacion,Despejado,No,NO APLICA,99,99,99,99,1,13/11/2022,2
48,Texas,483400,0,0,3,0,201,HARRIS (201),0,NO APLICA,10,Octubre,6,2022,14,50,FM 1960,8,Otro,Urbano,Arteria Principal,Not Reported,0,Sin jurisdiccion especial,188,30.01715,-95.36239722,Vehiculo en movimiento,Angulo,Four-Way Intersection,Interseccion de 4 direcciones,Sobre calle,Ninguna,Dia total,Despejado,No,NO APLICA,99,99,99,99,1,06/10/2022,6
48,Texas,483401,0,0,2,0,491,WILLIAMSON (491),6780,TAYLOR,10,Octubre,13,2022,0,22,2ND ST,6,Calle Local Municipalidad,Urbano,Arteria Menor,Not Reported,0,Sin jurisdiccion especial,0,30.56805833,-97.43129444,Vehiculo en movimiento,Frente a frente,Not an Intersection,No fue interseccion,Sobre calle,Ninguna,Oscuro con iluminacion,Despejado,No,NO APLICA,99,98,99,98,1,13/10/2022,2
48,Texas,483402,0,0,1,0,29,BEXAR (29),6090,SAN ANTONIO,10,Octubre,29,2022,18,2,MEDINA BASE RD,6,Calle Local Municipalidad,Urbano,Arteria Menor,Not Reported,0,Sin jurisdiccion especial,0,29.36828056,-98.63126667,Otro objeto (fijo),El primer evento no fue una colision con un vehiculo automotor en transporte,Not an Intersection,No fue interseccion,Sobre el lado de la calle,Ninguna,Dia total,Despejado,No,NO APLICA,99,98,99,98,1,29/10/2022,1
48,Texas,483403,1,1,2,0,29,BEXAR (29),6090,SAN ANTONIO,11,Noviembre,14,2022,18,33,ZARZAMORA ST,6,Calle Local Municipalidad,Urbano,Arteria Menor,Not Reported,0,Sin jurisdiccion especial,0,29.40781389,-98.52957778,No vehiculo o remolque,El primer evento no fue una colision con un vehiculo automotor en transporte,T-Intersection,Interseccion de T,Sobre calle,Ninguna,Oscuro con iluminacion,Despejado,No,NO APLICA,99,99,99,99,1,14/11/2022,3
48,Texas,483404,0,0,2,0,113,DALLAS (113),1730,DALLAS,10,Octubre,30,2022,17,35,SR-12 LP/BUCKNER BLVD,3,Highway estatal,Urbano,Arteria Principal,Not Reported,1,Sin jurisdiccion especial,65,32.77505,-96.68273056,Banqueta,El primer evento no fue una colision con un vehiculo automotor en transporte,Not an Intersection,No fue interseccion,En el medio,Ninguna,Dia total,Nublado,No,NO APLICA,99,99,99,99,1,30/10/2022,2
48,Texas,483405,0,0,1,0,469,VICTORIA (469),7190,VICTORIA,11,Noviembre,7,2022,17,45,US-87,2,US Highway,Urbano,Arteria Principal,Not Reported,1,Sin jurisdiccion especial,146,28.82952222,-97.00831389,Banqueta,El primer evento no fue una colision con un vehiculo automotor en transporte,Not an Intersection,No fue interseccion,Sobre el lado de la calle,Ninguna,Oscuro con iluminacion,Despejado,No,NO APLICA,99,99,99,99,1,07/11/2022,1
48,Texas,483407,1,1,1,0,143,ERATH (143),6590,STEPHENVILLE,11,Noviembre,14,2022,18,24,US-377,2,US Highway,Urbano,Arteria Principal,Not Reported,1,Sin jurisdiccion especial,73,32.21792222,-98.18592778,Peaton,El primer evento no fue una colision con un vehiculo automotor en transporte,Not an Intersection,No fue interseccion,Sobre calle,Ninguna,Oscuro sin iluminacion,lluvia,No,NO APLICA,99,98,99,98,1,14/11/2022,2
48,Texas,483408,0,0,2,0,439,TARRANT (439),2450,FORT WORTH,11,Noviembre,13,2022,2,0,FM 1220/BOAT CLUB RD,8,Otro,Urbano,Arteria Menor,Not Reported,0,Sin jurisdiccion especial,58,32.877025,-97.42582778,Vehiculo en movimiento,Frente a Detrás,Not an Intersection,No fue interseccion,Sobre calle,Ninguna,Oscuro con iluminacion,Despejado,No,NO APLICA,99,99,99,99,1,13/11/2022,2
48,Texas,483409,2,2,1,0,257,KAUFMAN (257),0,NO APLICA,11,Noviembre,7,2022,18,8,FM 741,8,Otro,Rural,Arteria Menor,Not Reported,0,Sin jurisdiccion especial,62,32.678425,-96.44324722,Ciclista,El primer evento no fue una colision con un vehiculo automotor en transporte,Not an Intersection,No fue interseccion,Sobre calle,Ninguna,Oscuro sin iluminacion,Nublado,No,NO APLICA,99,99,99,99,1,07/11/2022,1