Estado,Nombre de Estado,Numero de Caso,Peatones,Personas _no_vehiculos,Vehiculos automotores,Vehiculos estacionados,Condado,Nombre Condado,Ciudad,Nombre Ciudad,Mes,Nombre Mes,Dia,Año,Hora,Minuto,Calle,Ruta,Nombre Ruta,Rural o Urbanoo,Sistema Funcional,Dueño Calle,Sistema Nacional Carreteras,Jurisdiccion Especial,Milla,Latitud,Longitud,Causa del Accidente,Tipo de Accidente,Tipo Interseccion,Columna1,Lugar en la calle,Zona de Trabajo,Luz,Clima,Autobus Escolar,Cruce de Trenes,Hora Notificacion,Minuto Notificacion,Hora Llegada,Minuto Llegada,Decesos,Fecha,PersonaVehiculo
48,Texas,483410,0,0,1,0,193,HAMILTON (193),0,NO APLICA,11,Noviembre,6,2022,11,48,US-281/AMERICAN LEGION MMRL,2,US Highway,Rural,Arteria Principal,Not Reported,1,Sin jurisdiccion especial,257,31.64348889,-98.14865,Valla Ferrocarril,El primer evento no fue una colision con un vehiculo automotor en transporte,Not an Intersection,No fue interseccion,Sobre el lado de la calle,Ninguna,Dia total,Despejado,No,NO APLICA,99,99,99,99,1,06/11/2022,1
48,Texas,483411,0,0,2,0,453,TRAVIS (453),0,NO APLICA,11,Noviembre,13,2022,18,33,US-290,7,Calle Local,Urbano,Colector Mayor,Not Reported,0,Sin jurisdiccion especial,40,30.32918333,-97.64614444,Vehiculo en movimiento,Golpe Lateral - misma direccion,Not an Intersection,No fue interseccion,Sobre calle,Ninguna,Atardecer,Despejado,No,NO APLICA,99,99,99,99,1,13/11/2022,4
48,Texas,483412,0,0,1,0,467,VAN ZANDT (467),0,NO APLICA,11,Noviembre,9,2022,14,0,FM 1651,8,Otro,Rural,Arteria Menor,Not Reported,0,Sin jurisdiccion especial,29,32.48231944,-95.99303611,Barda,El primer evento no fue una colision con un vehiculo automotor en transporte,Not an Intersection,No fue interseccion,Fuera de la calle,Ninguna,Dia total,Despejado,No,NO APLICA,99,98,99,98,1,09/11/2022,1
48,Texas,483413,0,0,2,0,167,GALVESTON (167),3850,LA MARQUE,11,Noviembre,6,2022,19,9,I-45/GULF FWY,1,Interestatal,Urbano,Interestatal,State Highway Agency,1,Sin jurisdiccion especial,171,29.33032222,-94.93283889,Fin de valla,El primer evento no fue una colision con un vehiculo automotor en transporte,Not an Intersection,No fue interseccion,En el medio,Construccion,Oscuro sin iluminacion,Despejado,No,NO APLICA,99,99,99,99,1,06/11/2022,6
48,Texas,483415,1,1,1,0,215,HIDALGO (215),7330,WESLACO,11,Noviembre,11,2022,21,0,FM 88/TEXAS BLVD,8,Otro,Urbano,Arteria Principal,Not Reported,1,Sin jurisdiccion especial,185,26.18142778,-97.99103056,Peaton,El primer evento no fue una colision con un vehiculo automotor en transporte,Not an Intersection,No fue interseccion,Sobre calle,Ninguna,Oscuro con iluminacion,Despejado,No,NO APLICA,99,99,99,99,1,11/11/2022,1
48,Texas,483416,0,0,2,0,29,BEXAR (29),6090,SAN ANTONIO,11,Noviembre,11,2022,4,54,I-410,1,Interestatal,Urbano,Interestatal,State Highway Agency,1,Sin jurisdiccion especial,529,29.31584444,-98.60234167,Vehiculo en movimiento,Detrás a Lado. ,Not an Intersection,No fue interseccion,Sobre calle,Ninguna,Oscuro con iluminacion,Nublado,No,NO APLICA,99,99,99,99,1,11/11/2022,4
48,Texas,483417,0,0,2,0,11,ARMSTRONG (11),0,NO APLICA,11,Noviembre,4,2022,4,15,US-287,2,US Highway,Rural,Arteria Principal,Not Reported,1,Sin jurisdiccion especial,318,35.03078611,-101.0957111,Vehiculo en movimiento,Frente a frente,T-Intersection,Interseccion de T,Sobre calle,Ninguna,Oscuro sin iluminacion,Nublado,No,NO APLICA,99,98,99,98,4,04/11/2022,5
48,Texas,483418,0,0,1,0,507,ZAVALA (507),0,NO APLICA,10,Octubre,15,2022,5,30,US-57,2,US Highway,Rural,Arteria Principal,Not Reported,0,Sin jurisdiccion especial,221,28.94231944,-99.49961111,Volcadura,El primer evento no fue una colision con un vehiculo automotor en transporte,Not an Intersection,No fue interseccion,Sobre Acotamiento,Ninguna,Oscuro sin iluminacion,Neblina o Humo,No,NO APLICA,99,99,99,99,1,15/10/2022,2
48,Texas,483419,0,0,1,0,389,REEVES (389),0,NO APLICA,11,Noviembre,4,2022,12,40,I-20,7,Calle Local,Rural,Colector Menor,State Highway Agency,0,Sin jurisdiccion especial,537,31.41713056,-103.405425,Volcadura,El primer evento no fue una colision con un vehiculo automotor en transporte,Not an Intersection,No fue interseccion,Sobre calle,Ninguna,Dia total,Vientos cruzados pero de los mamalones,No,NO APLICA,99,98,99,98,1,04/11/2022,1
48,Texas,483420,0,0,1,0,113,DALLAS (113),1730,DALLAS,11,Noviembre,10,2022,23,15,ANN ARBOR AVE,6,Calle Local Municipalidad,Urbano,Colector Mayor,Not Reported,0,Sin jurisdiccion especial,0,32.69752778,-96.78699444,Banqueta,El primer evento no fue una colision con un vehiculo automotor en transporte,Not an Intersection,No fue interseccion,Sobre el lado de la calle,Ninguna,Oscuro con iluminacion,Despejado,No,NO APLICA,23,22,23,28,1,10/11/2022,2
48,Texas,483421,0,0,3,0,221,HOOD (221),0,NO APLICA,11,Noviembre,9,2022,6,58,SR-171,3,Highway estatal,Rural,Arteria Menor,Not Reported,0,Sin jurisdiccion especial,21,32.54852778,-97.65026667,Vehiculo en movimiento,Angulo,Not an Intersection,No fue interseccion,Sobre calle,Ninguna,Dia total,Nublado,No,NO APLICA,99,98,99,98,2,09/11/2022,3
48,Texas,483422,0,0,1,0,201,HARRIS (201),3280,HOUSTON,11,Noviembre,5,2022,17,36,PAUL QUINN ST,6,Calle Local Municipalidad,Urbano,Local,Not Reported,0,Sin jurisdiccion especial,0,29.848,-95.45485556,Banqueta,El primer evento no fue una colision con un vehiculo automotor en transporte,Not an Intersection,No fue interseccion,Sobre el lado de la calle,Ninguna,Dia total,Despejado,No,NO APLICA,99,99,99,99,1,05/11/2022,1
48,Texas,483423,0,0,2,0,201,HARRIS (201),3280,HOUSTON,11,Noviembre,14,2022,13,3,YALE ST,6,Calle Local Municipalidad,Urbano,Arteria Menor,Not Reported,0,Sin jurisdiccion especial,0,29.79801667,-95.39911111,Vehiculo en movimiento,Angulo,Four-Way Intersection,Interseccion de 4 direcciones,Sobre calle,Ninguna,Dia total,Nublado,No,NO APLICA,13,21,13,26,1,14/11/2022,2
48,Texas,483424,0,0,1,0,57,CALHOUN (57),0,NO APLICA,11,Noviembre,6,2022,1,44,SR-238,3,Highway estatal,Rural,Colector Mayor,Not Reported,0,Sin jurisdiccion especial,52,28.58324444,-96.65296667,Culvert,El primer evento no fue una colision con un vehiculo automotor en transporte,Not an Intersection,No fue interseccion,Sobre el lado de la calle,Ninguna,Oscuro sin iluminacion,Despejado,No,NO APLICA,99,99,99,99,1,06/11/2022,1
48,Texas,483425,0,0,2,0,473,WALLER (473),0,NO APLICA,11,Noviembre,7,2022,5,50,FM 2855,8,Otro,Rural,Colector Mayor,Not Reported,0,Sin jurisdiccion especial,40,29.81621944,-95.89003333,Vehiculo en movimiento,Angulo,Four-Way Intersection,Interseccion de 4 direcciones,Sobre calle,Ninguna,Amanecer,Despejado,No,NO APLICA,99,98,99,98,1,07/11/2022,2
48,Texas,483426,0,0,2,0,339,MONTGOMERY (339),0,NO APLICA,11,Noviembre,9,2022,18,5,CR-CROCKETT MARTIN RD,4,Calle del Condado,Rural,Local,Not Reported,0,Sin jurisdiccion especial,0,30.26803056,-95.30495833,Vehiculo en movimiento,Angulo,Not an Intersection,No fue interseccion,Sobre calle,Ninguna,Oscuro sin iluminacion,Nublado,No,NO APLICA,99,99,99,99,1,09/11/2022,3
48,Texas,483427,0,0,1,0,183,GREGG (183),0,NO APLICA,11,Noviembre,16,2022,18,58,FM 1252,8,Otro,Rural,Colector Mayor,Not Reported,0,Sin jurisdiccion especial,10,32.45029167,-94.97260556,Buzon de correo,El primer evento no fue una colision con un vehiculo automotor en transporte,Not an Intersection,No fue interseccion,Sobre el lado de la calle,Ninguna,Oscuro sin iluminacion,Despejado,No,NO APLICA,99,99,99,99,1,16/11/2022,1
48,Texas,483428,0,0,2,0,485,WICHITA (485),7490,WICHITA FALLS,10,Octubre,14,2022,6,35,FM 369/SOUTHWEST FWY,8,Otro,Urbano,Arteria Principal,Not Reported,1,Sin jurisdiccion especial,98,33.85768333,-98.52921667,Vehiculo en movimiento,Frente a Detrás,Not an Intersection,No fue interseccion,Sobre calle,Ninguna,Dia total,Despejado,No,NO APLICA,99,99,99,99,1,14/10/2022,4
48,Texas,483429,1,1,1,0,141,EL PASO (141),2190,EL PASO,11,Noviembre,8,2022,3,30,I-10,1,Interestatal,Urbano,Interestatal,State Highway Agency,1,Sin jurisdiccion especial,208,31.76947778,-106.4769083,Ciclista,El primer evento no fue una colision con un vehiculo automotor en transporte,Not an Intersection,No fue interseccion,Sobre calle,Ninguna,Oscuro sin iluminacion,Despejado,No,NO APLICA,99,98,99,98,1,08/11/2022,1
48,Texas,483430,0,0,1,0,201,HARRIS (201),3280,HOUSTON,11,Noviembre,10,2022,11,35,I-69/US-59/EASTEX FWY,1,Interestatal,Urbano,Interestatal,State Highway Agency,1,Sin jurisdiccion especial,148,29.73865278,-95.36732778,Otra no colicion,El primer evento no fue una colision con un vehiculo automotor en transporte,Not an Intersection,No fue interseccion,Sobre calle,Ninguna,Dia total,Despejado,No,NO APLICA,99,99,99,99,1,10/11/2022,2
48,Texas,483431,0,0,1,0,113,DALLAS (113),3420,IRVING,11,Noviembre,6,2022,23,4,SR-183/AIRPORT FWY,3,Highway estatal,Urbano,Arterial Principal -Freeway o ExpressWay,Not Reported,1,Sin jurisdiccion especial,27,32.83678611,-97.00429167,Otro objeto (fijo),El primer evento no fue una colision con un vehiculo automotor en transporte,Not an Intersection,No fue interseccion,Separador,Ninguna,Oscuro con iluminacion,Despejado,No,NO APLICA,99,98,99,98,1,06/11/2022,1
48,Texas,483432,0,0,1,0,429,STEPHENS (429),0,NO APLICA,11,Noviembre,4,2022,13,49,US-183,2,US Highway,Rural,Arteria Menor,Not Reported,0,Sin jurisdiccion especial,28,32.92078056,-99.01003611,Volcadura,El primer evento no fue una colision con un vehiculo automotor en transporte,Not an Intersection,No fue interseccion,Sobre el lado de la calle,Ninguna,Dia total,Nublado,No,NO APLICA,99,99,99,99,1,04/11/2022,1
48,Texas,483433,0,0,2,0,291,LIBERTY (291),1770,DAYTON,11,Noviembre,12,2022,19,25,FM 1960,8,Otro,Rural,Arteria Menor,Not Reported,0,Sin jurisdiccion especial,82,30.04578056,-94.98855833,Vehiculo en movimiento,Angulo,Not an Intersection,No fue interseccion,Sobre calle,Ninguna,Oscuro sin iluminacion,Despejado,No,NO APLICA,99,99,99,99,1,12/11/2022,3
48,Texas,483434,2,2,2,0,191,HALL (191),0,NO APLICA,11,Noviembre,15,2022,4,3,SR-256,3,Highway estatal,Rural,Arteria Menor,Not Reported,0,Sin jurisdiccion especial,44,34.72540556,-100.4662806,Vehiculo en movimiento,Golpe Lateral - misma direccion,Not an Intersection,No fue interseccion,Sobre calle,Ninguna,Oscuro sin iluminacion,Despejado,No,NO APLICA,99,99,99,99,1,15/11/2022,2
48,Texas,483435,0,0,2,0,121,DENTON (121),3960,LEWISVILLE,11,Noviembre,10,2022,17,22,VALLEY PKWY,6,Calle Local Municipalidad,Urbano,Arteria Menor,Not Reported,0,Sin jurisdiccion especial,0,33.01200556,-97.01913056,Vehiculo en movimiento,Otro,Four-Way Intersection,Interseccion de 4 direcciones,Sobre calle,Ninguna,Atardecer,Nublado,No,NO APLICA,99,99,99,99,1,10/11/2022,3
48,Texas,483436,1,1,1,0,439,TARRANT (439),260,ARLINGTON,11,Noviembre,16,2022,20,29,SR-303 SPUR/PIONEER PKWY,3,Highway estatal,Urbano,Arteria Principal,Not Reported,1,Sin jurisdiccion especial,142,32.71552778,-97.16816667,Peaton,El primer evento no fue una colision con un vehiculo automotor en transporte,Not an Intersection,No fue interseccion,Sobre calle,Ninguna,Oscuro sin iluminacion,Despejado,No,NO APLICA,99,98,99,98,1,16/11/2022,1
48,Texas,483438,0,0,2,0,3,ANDREWS (3),0,NO APLICA,11,Noviembre,9,2022,12,32,SR-176,3,Highway estatal,Rural,Arteria Menor,Not Reported,0,Sin jurisdiccion especial,481,32.32480556,-102.2647278,Vehiculo en movimiento,Golpe Lateral - misma direccion,Not an Intersection,No fue interseccion,Sobre calle,Ninguna,Dia total,Despejado,No,NO APLICA,99,98,99,98,1,09/11/2022,4
48,Texas,483439,0,0,2,0,259,KENDALL (259),740,BOERNE,11,Noviembre,5,2022,10,54,RM 473,8,Otro,Rural,Arteria Menor,Not Reported,0,Sin jurisdiccion especial,110,29.98319167,-98.76184722,Vehiculo en movimiento,Angulo,T-Intersection,Interseccion de T,Sobre calle,Ninguna,Dia total,Despejado,No,NO APLICA,99,99,99,99,1,05/11/2022,3
48,Texas,483440,1,1,1,0,113,DALLAS (113),1730,DALLAS,11,Noviembre,5,2022,0,7,FOREST LN,6,Calle Local Municipalidad,Urbano,Arteria Principal,Not Reported,0,Sin jurisdiccion especial,0,32.90921667,-96.71419722,Peaton,El primer evento no fue una colision con un vehiculo automotor en transporte,Not an Intersection,No fue interseccion,Sobre calle,Ninguna,Oscuro sin iluminacion,Despejado,No,NO APLICA,99,99,99,99,1,05/11/2022,1
48,Texas,483441,0,0,1,0,201,HARRIS (201),0,NO APLICA,11,Noviembre,13,2022,1,7,CR-RUNNEBURG RD,6,Calle Local Municipalidad,Rural,Colector Menor,Not Reported,0,Sin jurisdiccion especial,0,29.9114,-95.02752778,Zanja,El primer evento no fue una colision con un vehiculo automotor en transporte,T-Intersection,Interseccion de T,Sobre el lado de la calle,Ninguna,Oscuro sin iluminacion,Despejado,No,NO APLICA,99,98,99,98,1,13/11/2022,1
48,Texas,483442,0,4,3,1,21,BASTROP (21),0,NO APLICA,11,Noviembre,14,2022,14,54,SR-21,3,Highway estatal,Rural,Arteria Principal,Not Reported,1,Sin jurisdiccion especial,98,30.09229722,-97.47575,Vehiculo en movimiento,Angulo,Not an Intersection,No fue interseccion,Sobre calle,Ninguna,Dia total,lluvia,No,NO APLICA,99,99,99,99,3,14/11/2022,4
48,Texas,483443,0,0,2,0,21,BASTROP (21),460,BASTROP,11,Noviembre,8,2022,2,22,SR-21,3,Highway estatal,Urbano,Arterial Principal -Freeway o ExpressWay,Not Reported,1,Sin jurisdiccion especial,117,30.11087778,-97.37303056,Vehiculo en movimiento,Frente a frente,Not an Intersection,No fue interseccion,Sobre calle,Ninguna,Oscuro con iluminacion,Despejado,No,NO APLICA,99,99,99,99,1,08/11/2022,2
48,Texas,483444,0,0,1,0,29,BEXAR (29),6090,SAN ANTONIO,11,Noviembre,4,2022,18,12,I-37,1,Interestatal,Urbano,Interestatal,State Highway Agency,1,Sin jurisdiccion especial,129,29.28876389,-98.39529722,Fin de valla,El primer evento no fue una colision con un vehiculo automotor en transporte,Not an Intersection,No fue interseccion,En el medio,Ninguna,Dia total,Despejado,No,NO APLICA,99,98,99,98,2,04/11/2022,2
48,Texas,483445,0,0,2,0,245,JEFFERSON (245),0,NO APLICA,10,Octubre,29,2022,19,41,SR-73,3,Highway estatal,Rural,Arteria Principal,Not Reported,1,Sin jurisdiccion especial,16,29.82563889,-94.35663889,Vehiculo en movimiento,Frente a frente,Not an Intersection,No fue interseccion,Sobre calle,Ninguna,Oscuro con iluminacion,Despejado,No,NO APLICA,99,99,99,99,1,29/10/2022,2
48,Texas,483446,0,0,2,0,167,GALVESTON (167),2570,GALVESTON,10,Octubre,17,2022,18,0,SR-87,3,Highway estatal,Urbano,Arteria Principal,Not Reported,1,Sin jurisdiccion especial,45,29.29897778,-94.79670278,Vehiculo en movimiento,Angulo,Four-Way Intersection,Interseccion de 4 direcciones,Sobre calle,Ninguna,Dia total,Despejado,No,NO APLICA,99,99,99,99,1,17/10/2022,3
48,Texas,483447,0,0,2,0,215,HIDALGO (215),0,NO APLICA,10,Octubre,24,2022,17,48,SR-107,3,Highway estatal,Urbano,Arteria Principal,Not Reported,1,Sin jurisdiccion especial,225,26.29289722,-98.04566389,Vehiculo en movimiento,Angulo,Four-Way Intersection,Interseccion de 4 direcciones,Sobre calle,Construccion,Dia total,Despejado,No,NO APLICA,99,99,99,99,1,24/10/2022,5
48,Texas,483448,1,1,1,0,215,HIDALGO (215),50,ALAMO,10,Octubre,7,2022,22,16,FM 907/ALAMO RD,8,Otro,Urbano,Arteria Menor,Not Reported,0,Sin jurisdiccion especial,105,26.1934,-98.12157222,Peaton,El primer evento no fue una colision con un vehiculo automotor en transporte,Not an Intersection,No fue interseccion,Sobre calle,Ninguna,Oscuro sin iluminacion,Despejado,No,NO APLICA,99,99,99,99,1,07/10/2022,2
48,Texas,483449,1,1,2,0,113,DALLAS (113),1730,DALLAS,10,Octubre,29,2022,2,32,I-635/LYNDON B JOHNSON FWY,1,Interestatal,Urbano,Interestatal,State Highway Agency,1,Sin jurisdiccion especial,130,32.91308611,-96.87244722,Peaton,El primer evento no fue una colision con un vehiculo automotor en transporte,Not an Intersection,No fue interseccion,Sobre calle,Ninguna,Oscuro con iluminacion,lluvia,No,NO APLICA,99,99,99,99,1,29/10/2022,2
48,Texas,483450,1,1,1,0,113,DALLAS (113),1730,DALLAS,11,Noviembre,4,2022,12,40,SR-180/DAVIS ST,3,Highway estatal,Urbano,Arteria Principal,Not Reported,1,Sin jurisdiccion especial,69,32.74965,-96.92253333,Peaton,El primer evento no fue una colision con un vehiculo automotor en transporte,Not an Intersection,No fue interseccion,Sobre calle,Ninguna,Dia total,Despejado,No,NO APLICA,99,99,99,99,1,04/11/2022,1
48,Texas,483451,0,0,1,0,201,HARRIS (201),3280,HOUSTON,10,Octubre,16,2022,23,27,I-45 RAMP,1,Interestatal,Urbano,Interestatal,State Highway Agency,1,Sin jurisdiccion especial,80,29.60028333,-95.19943056,Banqueta,El primer evento no fue una colision con un vehiculo automotor en transporte,Not an Intersection,No fue interseccion,Gore?,Ninguna,Oscuro con iluminacion,Despejado,No,NO APLICA,99,99,99,99,1,16/10/2022,1
48,Texas,483452,1,1,1,0,113,DALLAS (113),1730,DALLAS,11,Noviembre,16,2022,15,15,SR-180/DAVIS ST,3,Highway estatal,Urbano,Colector Mayor,Not Reported,0,Sin jurisdiccion especial,69,32.74954444,-96.920625,Peaton,El primer evento no fue una colision con un vehiculo automotor en transporte,Four-Way Intersection,Interseccion de 4 direcciones,Sobre calle,Ninguna,Dia total,Despejado,No,NO APLICA,99,98,99,98,1,16/11/2022,1
48,Texas,483453,1,1,1,0,201,HARRIS (201),3280,HOUSTON,11,Noviembre,19,2022,23,14,I-10,7,Calle Local,Urbano,Colector Mayor,State Highway Agency,0,Sin jurisdiccion especial,103,29.77195278,-95.20142222,Ciclista,El primer evento no fue una colision con un vehiculo automotor en transporte,Not an Intersection,No fue interseccion,Sobre calle,Ninguna,Oscuro sin iluminacion,lluvia,No,NO APLICA,99,99,99,99,1,19/11/2022,1
48,Texas,483454,0,0,4,0,39,BRAZORIA (39),0,NO APLICA,11,Noviembre,12,2022,11,49,SR-332,3,Highway estatal,Urbano,Arteria Menor,Not Reported,0,Sin jurisdiccion especial,63,29.04836944,-95.47338333,Vehiculo en movimiento,Frente a Detrás,Not an Intersection,No fue interseccion,Sobre calle,Ninguna,Dia total,Despejado,No,NO APLICA,99,99,99,99,1,12/11/2022,5
48,Texas,483455,0,0,3,0,167,GALVESTON (167),2570,GALVESTON,11,Noviembre,5,2022,22,53,SR-87,3,Highway estatal,Urbano,Arteria Principal,Not Reported,1,Sin jurisdiccion especial,52,29.29600556,-94.808125,Vehiculo en movimiento,Angulo,"Five Point, or More",5 Puntos o mas,Sobre calle,Ninguna,Oscuro con iluminacion,Despejado,No,NO APLICA,99,99,99,99,1,05/11/2022,5
48,Texas,483456,0,0,2,0,497,WISE (497),0,NO APLICA,11,Noviembre,12,2022,19,0,US-81,2,US Highway,Urbano,Arteria Principal,Not Reported,1,Sin jurisdiccion especial,94,33.34128056,-97.67865278,Vehiculo en movimiento,Angulo,Not an Intersection,No fue interseccion,Sobre calle,Ninguna,Oscuro sin iluminacion,Despejado,No,NO APLICA,99,99,99,99,1,12/11/2022,3
48,Texas,483457,0,0,2,0,439,TARRANT (439),2450,FORT WORTH,11,Noviembre,14,2022,14,38,US-287 BUSINESS/KENNDALE PKWY,2,US Highway,Urbano,Arteria Principal,Not Reported,1,Sin jurisdiccion especial,107,32.65488889,-97.23009167,Vehiculo en movimiento,Angulo,Four-Way Intersection,Interseccion de 4 direcciones,Sobre calle,Ninguna,Dia total,Despejado,No,NO APLICA,99,99,99,99,2,14/11/2022,4
48,Texas,483458,1,1,1,0,497,WISE (497),0,NO APLICA,11,Noviembre,14,2022,17,12,FM 920,8,Otro,Rural,Colector Mayor,Not Reported,0,Sin jurisdiccion especial,25,33.18942778,-97.78748889,Ciclista,El primer evento no fue una colision con un vehiculo automotor en transporte,Not an Intersection,No fue interseccion,Sobre calle,Ninguna,Atardecer,lluvia,No,NO APLICA,99,98,99,98,1,14/11/2022,1
48,Texas,483459,0,0,1,0,215,HIDALGO (215),0,NO APLICA,10,Octubre,30,2022,16,49,FM 490,8,Otro,Rural,Colector Mayor,Not Reported,0,Sin jurisdiccion especial,14,26.47613611,-98.33322222,Barda,El primer evento no fue una colision con un vehiculo automotor en transporte,Not an Intersection,No fue interseccion,Fuera de la calle,Ninguna,Dia total,Despejado,No,NO APLICA,99,98,99,98,1,30/10/2022,1
48,Texas,483460,0,0,2,0,215,HIDALGO (215),0,NO APLICA,10,Octubre,15,2022,0,59,FM 1925,8,Otro,Urbano,Arteria Menor,Not Reported,0,Sin jurisdiccion especial,111,26.31450556,-97.97985556,Vehiculo en movimiento,Golpe Lateral - direccion contraria,Not an Intersection,No fue interseccion,Sobre calle,Ninguna,Oscuro sin iluminacion,Despejado,No,NO APLICA,99,99,99,99,1,15/10/2022,1
48,Texas,483461,0,0,2,0,281,LAMPASAS (281),0,NO APLICA,11,Noviembre,19,2022,15,46,US-281/AMERICAN LEGION MEMORIA,2,US Highway,Rural,Arteria Principal,Not Reported,1,Sin jurisdiccion especial,124,31.27158056,-98.17373056,Vehiculo en movimiento,Angulo,Not an Intersection,No fue interseccion,Sobre calle,Ninguna,Dia total,Granizo,No,NO APLICA,99,99,99,99,1,19/11/2022,3
48,Texas,483462,0,0,2,0,337,MONTAGUE (337),0,NO APLICA,11,Noviembre,15,2022,20,53,US-81/US-287,2,US Highway,Rural,Arteria Principal,Not Reported,1,Sin jurisdiccion especial,47,33.52404722,-97.82303333,Vehiculo en movimiento,Frente a Detrás,Not an Intersection,No fue interseccion,Sobre calle,Ninguna,Oscuro sin iluminacion,Nublado,No,NO APLICA,99,99,99,99,1,15/11/2022,2
48,Texas,483463,0,0,1,0,29,BEXAR (29),0,NO APLICA,11,Noviembre,7,2022,11,20,FM 2790/SOMERSET RD,8,Otro,Urbano,Colector Mayor,Not Reported,0,Sin jurisdiccion especial,99998,29.25545556,-98.63923611,Fin de valla,El primer evento no fue una colision con un vehiculo automotor en transporte,Not an Intersection,No fue interseccion,Sobre el lado de la calle,Ninguna,Dia total,Nublado,No,NO APLICA,99,98,99,98,1,07/11/2022,1
48,Texas,483464,0,0,1,0,29,BEXAR (29),6090,SAN ANTONIO,11,Noviembre,17,2022,2,51,I-35 S,1,Interestatal,Urbano,Interestatal,State Highway Agency,1,Sin jurisdiccion especial,218,29.42115,-98.5022,Barrera de Trafico de Concreto,El primer evento no fue una colision con un vehiculo automotor en transporte,Not an Intersection,No fue interseccion,Sobre el lado de la calle,Ninguna,Oscuro con iluminacion,Nublado,No,NO APLICA,99,99,99,99,1,17/11/2022,2
48,Texas,483465,0,0,2,0,3,ANDREWS (3),0,NO APLICA,11,Noviembre,14,2022,17,13,SR-115,3,Highway estatal,Rural,Arteria Menor,Not Reported,0,Sin jurisdiccion especial,278,32.18202222,-102.7487639,Vehiculo en movimiento,Angulo,Four-Way Intersection,Interseccion de 4 direcciones,Sobre calle,Ninguna,Atardecer,Despejado,No,NO APLICA,99,98,99,98,1,14/11/2022,2
48,Texas,483466,0,0,1,0,165,GAINES (165),0,NO APLICA,11,Noviembre,18,2022,19,25,FM 2055,8,Otro,Rural,Colector Mayor,Not Reported,0,Sin jurisdiccion especial,36,32.91663056,-102.8297167,Volcadura,El primer evento no fue una colision con un vehiculo automotor en transporte,Not an Intersection,No fue interseccion,Sobre el lado de la calle,Ninguna,Oscuro sin iluminacion,Nublado,No,NO APLICA,19,27,19,42,1,18/11/2022,1
48,Texas,483467,0,0,4,0,257,KAUFMAN (257),6830,TERRELL,11,Noviembre,16,2022,15,42,SR-205,3,Highway estatal,Urbano,Arteria Menor,Not Reported,0,Sin jurisdiccion especial,48,32.75805833,-96.30803056,Vehiculo en movimiento,Frente a Detrás,T-Intersection,Interseccion de T,Sobre calle,Ninguna,Dia total,Despejado,No,NO APLICA,15,48,15,53,1,16/11/2022,5
48,Texas,483468,0,0,3,0,149,FAYETTE (149),3790,LA GRANGE,11,Noviembre,7,2022,8,40,SR-159,3,Highway estatal,Urbano,Colector Mayor,Not Reported,0,Sin jurisdiccion especial,16,29.91859444,-96.85721389,Vehiculo en movimiento,Angulo,Four-Way Intersection,Interseccion de 4 direcciones,Sobre calle,Ninguna,Dia total,Despejado,No,NO APLICA,99,99,99,99,1,07/11/2022,5
48,Texas,483469,0,0,2,0,471,WALKER (471),4908,NEW WAVERLY,11,Noviembre,15,2022,1,51,I-45,1,Interestatal,Rural,Interestatal,State Highway Agency,1,Sin jurisdiccion especial,18,30.53476111,-95.49456944,Vehiculo en movimiento,Frente a frente,Not an Intersection,No fue interseccion,Sobre calle,Ninguna,Oscuro sin iluminacion,Nublado,No,NO APLICA,99,99,99,99,1,15/11/2022,3
48,Texas,483470,0,0,2,0,397,ROCKWALL (397),3076,HEATH,11,Noviembre,16,2022,11,37,FM 740,8,Otro,Urbano,Arteria Menor,Not Reported,0,Sin jurisdiccion especial,57,32.82661389,-96.46379722,Volcadura,El primer evento no fue una colision con un vehiculo automotor en transporte,Not an Intersection,No fue interseccion,Sobre calle,Ninguna,Dia total,Despejado,No,NO APLICA,99,99,99,99,1,16/11/2022,3
48,Texas,483471,0,0,1,0,29,BEXAR (29),6090,SAN ANTONIO,11,Noviembre,15,2022,21,2,US-87/RIGSBY AVE,2,US Highway,Urbano,Arteria Principal,Not Reported,1,Sin jurisdiccion especial,36,29.39815,-98.38587778,Otra no colicion,El primer evento no fue una colision con un vehiculo automotor en transporte,Not an Intersection,No fue interseccion,Sobre calle,Ninguna,Oscuro con iluminacion,Despejado,No,NO APLICA,99,99,99,99,1,15/11/2022,2
48,Texas,483472,0,0,1,0,141,EL PASO (141),2190,EL PASO,11,Noviembre,19,2022,23,35,US-54/PATRIOT FWY,2,US Highway,Urbano,Arterial Principal -Freeway o ExpressWay,Not Reported,1,Sin jurisdiccion especial,122,31.87083056,-106.4405944,Volcadura,El primer evento no fue una colision con un vehiculo automotor en transporte,Not an Intersection,No fue interseccion,Gore?,Ninguna,Oscuro con iluminacion,Despejado,No,NO APLICA,99,99,99,99,1,19/11/2022,1
48,Texas,483473,0,0,2,0,139,ELLIS (139),2360,FERRIS,11,Noviembre,13,2022,20,15,I-45,1,Interestatal,Urbano,Interestatal,State Highway Agency,1,Sin jurisdiccion especial,225,32.544775,-96.65888056,Vehiculo en movimiento,Frente a Detrás,Not an Intersection,No fue interseccion,Sobre calle,Ninguna,Oscuro sin iluminacion,Despejado,No,NO APLICA,99,99,99,99,1,13/11/2022,2
48,Texas,483474,0,0,2,0,139,ELLIS (139),2360,FERRIS,11,Noviembre,20,2022,2,2,I-45,1,Interestatal,Urbano,Interestatal,State Highway Agency,1,Sin jurisdiccion especial,218,32.53507222,-96.65911667,Vehiculo en movimiento,Frente a frente,Not an Intersection,No fue interseccion,Sobre calle,Ninguna,Oscuro sin iluminacion,Despejado,No,NO APLICA,2,5,2,22,1,20/11/2022,2
48,Texas,483475,0,0,1,0,113,DALLAS (113),4530,MESQUITE,11,Noviembre,21,2022,2,25,I-635/LYNDON B JOHNSON HWY,1,Interestatal,Urbano,Interestatal,State Highway Agency,1,Sin jurisdiccion especial,72,32.79825278,-96.62561389,Poste de Señal de trafico,El primer evento no fue una colision con un vehiculo automotor en transporte,Not an Intersection,No fue interseccion,Separador,Ninguna,Oscuro con iluminacion,Nublado,No,NO APLICA,99,99,99,99,1,21/11/2022,1