Estado,Nombre de Estado,Numero de Caso,Peatones,Personas _no_vehiculos,Vehiculos automotores,Vehiculos estacionados,Condado,Nombre Condado,Ciudad,Nombre Ciudad,Mes,Nombre Mes,Dia,Año,Hora,Minuto,Calle,Ruta,Nombre Ruta,Rural o Urbanoo,Sistema Funcional,Dueño Calle,Sistema Nacional Carreteras,Jurisdiccion Especial,Milla,Latitud,Longitud,Causa del Accidente,Tipo de Accidente,Tipo Interseccion,Columna1,Lugar en la calle,Zona de Trabajo,Luz,Clima,Autobus Escolar,Cruce de Trenes,Hora Notificacion,Minuto Notificacion,Hora Llegada,Minuto Llegada,Decesos,Fecha,PersonaVehiculo
48,Texas,483476,0,0,1,0,37,BOWIE (37),6850,TEXARKANA,11,Noviembre,11,2022,23,31,US-82/NEW BOSTON RD,2,US Highway,Urbano,Arteria Principal,Not Reported,1,Sin jurisdiccion especial,123,33.43508056,-94.07190833,Poste,El primer evento no fue una colision con un vehiculo automotor en transporte,Not an Intersection,No fue interseccion,Sobre el lado de la calle,Ninguna,Oscuro con iluminacion,lluvia,No,NO APLICA,99,98,99,98,1,11/11/2022,1
48,Texas,483477,0,0,1,0,453,TRAVIS (453),330,AUSTIN,9,Septiembre,17,2022,20,33,I-35,1,Interestatal,Urbano,Interestatal,State Highway Agency,1,Sin jurisdiccion especial,118,30.18974444,-97.77078333,Poste,El primer evento no fue una colision con un vehiculo automotor en transporte,Not an Intersection,No fue interseccion,Sobre el lado de la calle,Ninguna,Oscuro con iluminacion,Despejado,No,NO APLICA,99,98,99,98,1,17/09/2022,1
48,Texas,483478,0,0,1,0,493,WILSON (493),0,NO APLICA,11,Noviembre,12,2022,2,56,CR-427,4,Calle del Condado,Rural,Colector Mayor,Not Reported,0,Sin jurisdiccion especial,0,29.27935556,-97.94495,Barda,El primer evento no fue una colision con un vehiculo automotor en transporte,Y-Intersection,Interseccion de Y,Fuera de la calle,Ninguna,Oscuro sin iluminacion,Despejado,No,NO APLICA,99,99,99,99,2,12/11/2022,2
48,Texas,483479,0,0,1,0,493,WILSON (493),0,NO APLICA,11,Noviembre,12,2022,6,45,FM 775,8,Otro,Rural,Colector Mayor,Not Reported,0,Sin jurisdiccion especial,31,29.25885556,-98.18851944,Arbol,El primer evento no fue una colision con un vehiculo automotor en transporte,Not an Intersection,No fue interseccion,Sobre el lado de la calle,Ninguna,Dia total,Despejado,No,NO APLICA,99,98,99,98,1,12/11/2022,1
48,Texas,483480,0,0,3,0,201,HARRIS (201),3280,HOUSTON,11,Noviembre,16,2022,15,21,SR-8 LOOP/SAM HOUSTON PKWY,7,Calle Local,Urbano,Arteria Principal,Not Reported,1,Sin jurisdiccion especial,99998,29.63433611,-95.52790556,Vehiculo en movimiento,Frente a Detrás,Not an Intersection,No fue interseccion,Sobre calle,Ninguna,Dia total,Despejado,No,NO APLICA,99,99,99,99,1,16/11/2022,5
48,Texas,483481,0,0,1,0,113,DALLAS (113),2590,GARLAND,10,Octubre,23,2022,10,55,PLEASANT VALLEY RD,6,Calle Local Municipalidad,Urbano,Arteria Menor,Not Reported,0,Sin jurisdiccion especial,0,32.937425,-96.60363611,Arbol,El primer evento no fue una colision con un vehiculo automotor en transporte,Not an Intersection,No fue interseccion,Sobre el lado de la calle,Construccion,Dia total,Despejado,No,NO APLICA,99,99,99,99,1,23/10/2022,1
48,Texas,483482,0,0,1,0,201,HARRIS (201),3280,HOUSTON,11,Noviembre,4,2022,13,14,I-45,1,Interestatal,Urbano,Interestatal,State Highway Agency,1,Sin jurisdiccion especial,242,29.76258333,-95.37185,Barrera de Trafico de Concreto,El primer evento no fue una colision con un vehiculo automotor en transporte,Not an Intersection,No fue interseccion,Sobre el lado de la calle,Ninguna,Dia total,Despejado,No,NO APLICA,99,99,99,99,1,04/11/2022,1
48,Texas,483483,1,1,1,0,201,HARRIS (201),0,NO APLICA,11,Noviembre,4,2022,15,50,CR-WOODFOREST BLVD,4,Calle del Condado,Urbano,Arteria Menor,Not Reported,0,Sin jurisdiccion especial,0,29.79050278,-95.15982778,Ciclista,El primer evento no fue una colision con un vehiculo automotor en transporte,Not an Intersection,No fue interseccion,Sobre calle,Ninguna,Dia total,Nublado,No,NO APLICA,99,99,99,99,1,04/11/2022,1
48,Texas,483484,0,0,1,0,113,DALLAS (113),1730,DALLAS,10,Octubre,21,2022,7,22,BELTLINE RD,6,Calle Local Municipalidad,Urbano,Arteria Principal,Not Reported,0,Sin jurisdiccion especial,0,32.95089167,-96.7761,Arbol,El primer evento no fue una colision con un vehiculo automotor en transporte,Not an Intersection,No fue interseccion,En el medio,Ninguna,Dia total,Despejado,No,NO APLICA,99,99,99,99,1,21/10/2022,1
48,Texas,483485,0,0,1,0,201,HARRIS (201),3280,HOUSTON,10,Octubre,20,2022,15,40,CULLEN BLVD,6,Calle Local Municipalidad,Urbano,Arteria Menor,Not Reported,0,Sin jurisdiccion especial,0,29.72044722,-95.34764444,Volcadura,El primer evento no fue una colision con un vehiculo automotor en transporte,Not an Intersection,No fue interseccion,Sobre calle,Ninguna,Dia total,Despejado,No,NO APLICA,99,99,99,99,1,20/10/2022,1
48,Texas,483486,0,0,2,0,113,DALLAS (113),1730,DALLAS,11,Noviembre,7,2022,11,10,ROYAL LN,6,Calle Local Municipalidad,Urbano,Arteria Menor,Not Reported,0,Sin jurisdiccion especial,0,32.89500833,-96.84680556,Vehiculo en movimiento,Angulo,Four-Way Intersection,Interseccion de 4 direcciones,Sobre calle,Ninguna,Dia total,Nublado,No,NO APLICA,99,99,99,99,1,07/11/2022,5
48,Texas,483487,0,0,1,0,229,HUDSPETH (229),0,NO APLICA,10,Octubre,19,2022,3,12,I-10/TEXAS MOUNTAIN TRL,1,Interestatal,Rural,Interestatal,State Highway Agency,1,Sin jurisdiccion especial,398,31.19773611,-105.4498,Otro objeto (fijo),El primer evento no fue una colision con un vehiculo automotor en transporte,Not an Intersection,No fue interseccion,En el medio,Ninguna,Oscuro sin iluminacion,Despejado,No,NO APLICA,99,98,99,98,1,19/10/2022,1
48,Texas,483488,1,1,1,0,113,DALLAS (113),1730,DALLAS,11,Noviembre,9,2022,6,30,HAMPTON RD,6,Calle Local Municipalidad,Urbano,Arteria Principal,Not Reported,0,Sin jurisdiccion especial,0,32.72166944,-96.85698333,Peaton,El primer evento no fue una colision con un vehiculo automotor en transporte,Not an Intersection,No fue interseccion,Sobre calle,Ninguna,Oscuro con iluminacion,Nublado,No,NO APLICA,99,99,99,99,1,09/11/2022,1
48,Texas,483489,1,1,1,0,113,DALLAS (113),1730,DALLAS,10,Octubre,31,2022,22,30,SR-352/SCYENE RD,3,Highway estatal,Urbano,Arteria Principal,Not Reported,1,Sin jurisdiccion especial,2,32.76681111,-96.74871111,Peaton,El primer evento no fue una colision con un vehiculo automotor en transporte,Not an Intersection,No fue interseccion,Sobre calle,Ninguna,Oscuro con iluminacion,Nublado,No,NO APLICA,99,99,99,99,1,31/10/2022,1
48,Texas,483491,0,0,2,1,139,ELLIS (139),0,NO APLICA,11,Noviembre,13,2022,3,55,CR-GOODWYN RD,4,Calle del Condado,Rural,Local,Not Reported,0,Sin jurisdiccion especial,0,32.19721667,-96.77395278,Vehiculo Aparcado,El primer evento no fue una colision con un vehiculo automotor en transporte,Not an Intersection,No fue interseccion,Sobre el lado de la calle,Ninguna,Oscuro sin iluminacion,Despejado,No,NO APLICA,99,99,99,99,1,13/11/2022,4
48,Texas,483492,1,1,1,0,439,TARRANT (439),2450,FORT WORTH,11,Noviembre,16,2022,8,30,I-30/WEST FWY,1,Interestatal,Urbano,Interestatal,State Highway Agency,1,Sin jurisdiccion especial,136,32.73631944,-97.48833333,Peaton,El primer evento no fue una colision con un vehiculo automotor en transporte,Not an Intersection,No fue interseccion,Sobre calle,Ninguna,Oscuro con iluminacion,Despejado,No,NO APLICA,99,98,99,98,1,16/11/2022,1
48,Texas,483493,0,0,2,1,453,TRAVIS (453),330,AUSTIN,11,Noviembre,22,2022,11,34,MEARNS MEADOW BLVD,6,Calle Local Municipalidad,Urbano,Colector Mayor,Not Reported,0,Sin jurisdiccion especial,0,30.38154722,-97.709225,Vehiculo Aparcado,El primer evento no fue una colision con un vehiculo automotor en transporte,Not an Intersection,No fue interseccion,En estacionamiento,Ninguna,Dia total,Nublado,No,NO APLICA,99,99,99,99,1,22/11/2022,1
48,Texas,483494,0,0,1,0,327,MENARD (327),0,NO APLICA,11,Noviembre,21,2022,11,36,US-190,2,US Highway,Rural,Arteria Menor,Not Reported,0,Sin jurisdiccion especial,32,30.95716111,-99.73098611,Arbol,El primer evento no fue una colision con un vehiculo automotor en transporte,Not an Intersection,No fue interseccion,Sobre el lado de la calle,Ninguna,Dia total,lluvia,No,NO APLICA,99,98,99,98,1,21/11/2022,1
48,Texas,483495,2,2,1,0,439,TARRANT (439),260,ARLINGTON,11,Noviembre,20,2022,22,17,PARK ROW DR,6,Calle Local Municipalidad,Urbano,Arteria Menor,Not Reported,0,Sin jurisdiccion especial,0,32.72079444,-97.05706389,Peaton,El primer evento no fue una colision con un vehiculo automotor en transporte,Four-Way Intersection,Interseccion de 4 direcciones,Sobre calle,Ninguna,Oscuro sin iluminacion,lluvia,No,NO APLICA,99,99,99,99,1,20/11/2022,2
48,Texas,483496,0,0,2,0,201,HARRIS (201),0,NO APLICA,11,Noviembre,19,2022,0,50,ROTHWOOD RD,6,Calle Local Municipalidad,Urbano,Local,Not Reported,0,Sin jurisdiccion especial,0,30.08713889,-95.49300278,Volcadura,El primer evento no fue una colision con un vehiculo automotor en transporte,Not an Intersection,No fue interseccion,Sobre calle,Ninguna,Oscuro sin iluminacion,Nublado,No,NO APLICA,99,98,99,98,1,19/11/2022,2
48,Texas,483497,1,1,2,0,99,CORYELL (99),0,NO APLICA,11,Noviembre,17,2022,3,57,I-14,1,Interestatal,Urbano,Interestatal,State Highway Agency,1,Sin jurisdiccion especial,80,31.12206667,-97.81792222,Peaton,El primer evento no fue una colision con un vehiculo automotor en transporte,Not an Intersection,No fue interseccion,Sobre calle,Ninguna,Oscuro sin iluminacion,Nublado,No,NO APLICA,99,98,99,98,1,17/11/2022,2
48,Texas,483498,2,2,1,0,245,JEFFERSON (245),0,NO APLICA,11,Noviembre,13,2022,21,40,I-10,1,Interestatal,Urbano,Interestatal,State Highway Agency,1,Sin jurisdiccion especial,128,29.98985556,-94.20577778,Peaton,El primer evento no fue una colision con un vehiculo automotor en transporte,Not an Intersection,No fue interseccion,Sobre calle,Construccion,Oscuro sin iluminacion,Despejado,No,NO APLICA,99,98,99,98,2,13/11/2022,1
48,Texas,483499,0,0,1,0,139,ELLIS (139),0,NO APLICA,10,Octubre,23,2022,3,15,I-35E,1,Interestatal,Rural,Interestatal,State Highway Agency,1,Sin jurisdiccion especial,97,32.22028056,-96.88815556,Suelo,El primer evento no fue una colision con un vehiculo automotor en transporte,Not an Intersection,No fue interseccion,Separador,Ninguna,Oscuro sin iluminacion,Nublado,No,NO APLICA,99,99,99,99,1,23/10/2022,6
48,Texas,483500,0,0,1,0,329,MIDLAND (329),4560,MIDLAND,11,Noviembre,13,2022,3,33,BI-20/FRONT ST,8,Otro,Urbano,Colector Mayor,Not Reported,0,Sin jurisdiccion especial,33,31.995325,-102.0758639,Barda,El primer evento no fue una colision con un vehiculo automotor en transporte,Not an Intersection,No fue interseccion,Fuera de la calle,Ninguna,Oscuro con iluminacion,Nublado,No,NO APLICA,99,99,99,99,2,13/11/2022,2
48,Texas,483501,0,0,1,0,113,DALLAS (113),1730,DALLAS,11,Noviembre,9,2022,3,33,PARK LN,6,Calle Local Municipalidad,Urbano,Colector Mayor,Not Reported,0,Sin jurisdiccion especial,0,32.87186944,-96.77129167,Arbol,El primer evento no fue una colision con un vehiculo automotor en transporte,Not an Intersection,No fue interseccion,En el medio,Ninguna,Oscuro con iluminacion,Nublado,No,NO APLICA,99,99,99,99,1,09/11/2022,1
48,Texas,483502,0,0,1,0,27,BELL (27),0,NO APLICA,11,Noviembre,10,2022,16,12,SR-95,3,Highway estatal,Rural,Arteria Menor,Not Reported,0,Sin jurisdiccion especial,13,30.95369444,-97.35083333,Culvert,El primer evento no fue una colision con un vehiculo automotor en transporte,Not an Intersection,No fue interseccion,Sobre el lado de la calle,Ninguna,Dia total,Despejado,No,NO APLICA,99,99,99,99,1,10/11/2022,1
48,Texas,483503,0,0,2,0,215,HIDALGO (215),3165,HIDALGO,11,Noviembre,17,2022,7,32,SR-336,3,Highway estatal,Urbano,Arteria Principal,Not Reported,1,Sin jurisdiccion especial,0,26.116075,-98.24510833,Vehiculo en movimiento,Frente a frente,T-Intersection,Interseccion de T,Sobre calle,Ninguna,Amanecer,lluvia,No,NO APLICA,99,99,99,99,1,17/11/2022,2
48,Texas,483504,0,0,3,0,171,GILLESPIE (171),0,NO APLICA,11,Noviembre,17,2022,7,52,US-87,2,US Highway,Rural,Arteria Principal,Not Reported,1,Sin jurisdiccion especial,227,30.21211389,-98.87001389,Vehiculo en movimiento,Frente a Detrás,Not an Intersection,No fue interseccion,Sobre calle,Ninguna,Dia total,Nublado,No,NO APLICA,99,99,99,99,1,17/11/2022,4
48,Texas,483505,1,1,2,0,215,HIDALGO (215),5330,PHARR,11,Noviembre,24,2022,22,14,CAGE BLVD,6,Calle Local Municipalidad,Urbano,Arteria Principal,Not Reported,1,Sin jurisdiccion especial,423,26.1813,-98.18614722,Peaton,El primer evento no fue una colision con un vehiculo automotor en transporte,Not an Intersection,No fue interseccion,Sobre Acotamiento,Ninguna,Oscuro con iluminacion,lluvia,No,NO APLICA,99,99,99,99,1,24/11/2022,3
48,Texas,483507,0,0,1,0,245,JEFFERSON (245),490,BEAUMONT,11,Noviembre,20,2022,3,43,FM 364,8,Otro,Urbano,Arteria Menor,Not Reported,0,Sin jurisdiccion especial,189,30.00797778,-94.18798333,Soporte de Puente,El primer evento no fue una colision con un vehiculo automotor en transporte,Four-Way Intersection,Interseccion de 4 direcciones,Sobre el lado de la calle,Construccion,Oscuro sin iluminacion,Despejado,No,NO APLICA,99,99,99,99,1,20/11/2022,5
48,Texas,483508,1,1,1,0,141,EL PASO (141),2190,EL PASO,11,Noviembre,20,2022,0,34,MESA ST,6,Calle Local Municipalidad,Urbano,Arteria Principal,Not Reported,1,Sin jurisdiccion especial,181,31.78214722,-106.5051972,Peaton,El primer evento no fue una colision con un vehiculo automotor en transporte,Not an Intersection,No fue interseccion,Sobre calle,Ninguna,Oscuro con iluminacion,Despejado,No,NO APLICA,99,98,99,98,1,20/11/2022,3
48,Texas,483509,0,0,3,0,113,DALLAS (113),1730,DALLAS,11,Noviembre,5,2022,20,17,HAMPTON RD,6,Calle Local Municipalidad,Urbano,Arteria Principal,Not Reported,0,Sin jurisdiccion especial,0,32.72661944,-96.857125,Vehiculo en movimiento,Golpe Lateral - misma direccion,Not an Intersection,No fue interseccion,Sobre calle,Ninguna,Oscuro sin iluminacion,Despejado,No,NO APLICA,99,99,99,99,2,05/11/2022,8
48,Texas,483510,1,1,1,0,113,DALLAS (113),1730,DALLAS,11,Noviembre,23,2022,6,13,SR-12 LP/BUCKNER BLVD,3,Highway estatal,Urbano,Arteria Principal,Not Reported,1,Sin jurisdiccion especial,43,32.80778611,-96.68293889,Peaton,El primer evento no fue una colision con un vehiculo automotor en transporte,Not an Intersection,No fue interseccion,Sobre calle,Ninguna,Oscuro con iluminacion,Nublado,No,NO APLICA,99,99,99,99,1,23/11/2022,1
48,Texas,483511,0,0,2,0,201,HARRIS (201),3280,HOUSTON,11,Noviembre,13,2022,2,15,DALLAS ST,6,Calle Local Municipalidad,Urbano,Arteria Menor,Not Reported,0,Sin jurisdiccion especial,0,29.75736111,-95.39554444,Vehiculo en movimiento,Golpe Lateral - misma direccion,Not an Intersection,No fue interseccion,Sobre calle,Ninguna,Oscuro con iluminacion,Despejado,No,NO APLICA,99,99,99,99,2,13/11/2022,8
48,Texas,483512,1,1,1,0,29,BEXAR (29),6090,SAN ANTONIO,11,Noviembre,19,2022,23,53,I-410,1,Interestatal,Urbano,Interestatal,State Highway Agency,1,Sin jurisdiccion especial,125,29.47729167,-98.60824167,Peaton,El primer evento no fue una colision con un vehiculo automotor en transporte,Not an Intersection,No fue interseccion,Sobre calle,Ninguna,Oscuro con iluminacion,Despejado,No,NO APLICA,99,98,99,98,1,19/11/2022,1
48,Texas,483513,0,0,3,0,201,HARRIS (201),3280,HOUSTON,11,Noviembre,19,2022,6,16,I-45,1,Interestatal,Urbano,Interestatal,State Highway Agency,1,Sin jurisdiccion especial,233,29.75044167,-95.37298889,Vehiculo en movimiento,Frente a frente,Not an Intersection,No fue interseccion,Sobre calle,Ninguna,Oscuro con iluminacion,lluvia,No,NO APLICA,99,99,99,99,1,19/11/2022,3
48,Texas,483514,0,0,2,0,29,BEXAR (29),6090,SAN ANTONIO,11,Noviembre,23,2022,2,51,I-410,1,Interestatal,Urbano,Interestatal,State Highway Agency,1,Sin jurisdiccion especial,230,29.51606944,-98.4568,Vehiculo en movimiento,Frente a frente,Not an Intersection,No fue interseccion,Sobre calle,Ninguna,Oscuro con iluminacion,lluvia,No,NO APLICA,99,99,99,99,1,23/11/2022,2
48,Texas,483515,0,0,2,0,251,JOHNSON (251),120,ALVARADO,11,Noviembre,23,2022,1,51,I-35W SVRD/PURPLE HEART TRL,7,Calle Local,Urbano,Colector Mayor,Not Reported,0,Sin jurisdiccion especial,119,32.41623889,-97.22673889,Vehiculo en movimiento,Frente a Detrás,Four-Way Intersection,Interseccion de 4 direcciones,Sobre calle,Ninguna,Oscuro con iluminacion,Despejado,No,NO APLICA,99,98,99,98,1,23/11/2022,2
48,Texas,483516,0,0,1,0,471,WALKER (471),0,NO APLICA,11,Noviembre,6,2022,3,26,I-45,1,Interestatal,Rural,Interestatal,State Highway Agency,1,Sin jurisdiccion especial,293,30.847575,-95.73273056,Arbol,El primer evento no fue una colision con un vehiculo automotor en transporte,Not an Intersection,No fue interseccion,Sobre el lado de la calle,Ninguna,Oscuro sin iluminacion,Nublado,No,NO APLICA,99,99,99,99,1,06/11/2022,1
48,Texas,483517,0,0,2,0,149,FAYETTE (149),0,NO APLICA,11,Noviembre,19,2022,19,5,SR-159,3,Highway estatal,Rural,Colector Mayor,Not Reported,0,Sin jurisdiccion especial,73,29.94339167,-96.80309167,Vehiculo en movimiento,Frente a frente,Not an Intersection,No fue interseccion,Sobre calle,Ninguna,Oscuro sin iluminacion,lluvia,No,NO APLICA,19,7,19,14,1,19/11/2022,2
48,Texas,483518,0,0,2,0,201,HARRIS (201),0,NO APLICA,11,Noviembre,25,2022,18,20,KUYKENDAHL RD,6,Calle Local Municipalidad,Urbano,Arteria Menor,Not Reported,0,Sin jurisdiccion especial,0,30.12114722,-95.55420833,Vehiculo en movimiento,Angulo,Not an Intersection,No fue interseccion,Sobre calle,Ninguna,Oscuro con iluminacion,lluvia,No,NO APLICA,99,99,99,99,1,25/11/2022,6
48,Texas,483519,1,1,2,0,31,BLANCO (31),3530,JOHNSON CITY,11,Noviembre,27,2022,18,9,US-281,2,US Highway,Rural,Arteria Principal,Not Reported,1,Sin jurisdiccion especial,18,30.26681944,-98.39636111,Peaton,El primer evento no fue una colision con un vehiculo automotor en transporte,Not an Intersection,No fue interseccion,"Izquierda continua, carril de vuelta",Ninguna,Oscuro sin iluminacion,Despejado,No,NO APLICA,99,98,99,98,1,27/11/2022,2
48,Texas,483520,0,0,2,0,317,MARTIN (317),0,NO APLICA,11,Noviembre,12,2022,1,28,SR-176,3,Highway estatal,Rural,Arteria Menor,Not Reported,0,Sin jurisdiccion especial,205,32.30368889,-101.8790806,Vehiculo en movimiento,Angulo,T-Intersection,Interseccion de T,Sobre calle,Ninguna,Oscuro con iluminacion,Despejado,No,NO APLICA,99,98,99,98,1,12/11/2022,2
48,Texas,483521,1,1,4,0,141,EL PASO (141),2190,EL PASO,11,Noviembre,8,2022,2,50,I-10,1,Interestatal,Urbano,Interestatal,State Highway Agency,1,Sin jurisdiccion especial,220,31.77835556,-106.4608833,Peaton,El primer evento no fue una colision con un vehiculo automotor en transporte,Not an Intersection,No fue interseccion,Sobre calle,Ninguna,Oscuro sin iluminacion,Despejado,No,NO APLICA,99,99,99,99,1,08/11/2022,4
48,Texas,483522,0,0,1,0,453,TRAVIS (453),330,AUSTIN,11,Noviembre,27,2022,1,26,SR-275 LOOP/CONGRESS AVE,3,Highway estatal,Urbano,Arteria Menor,Not Reported,0,Sin jurisdiccion especial,204,30.17138333,-97.785925,Banqueta,El primer evento no fue una colision con un vehiculo automotor en transporte,Not an Intersection,No fue interseccion,Sobre el lado de la calle,Ninguna,Oscuro con iluminacion,Despejado,No,NO APLICA,99,98,99,98,1,27/11/2022,1
48,Texas,483523,0,0,1,0,85,COLLIN (85),0,NO APLICA,11,Noviembre,23,2022,13,7,CR-491,4,Calle del Condado,Rural,Local,Not Reported,0,Sin jurisdiccion especial,0,33.15368056,-96.46543889,Arbol,El primer evento no fue una colision con un vehiculo automotor en transporte,Not an Intersection,No fue interseccion,Sobre el lado de la calle,Ninguna,Dia total,Nublado,No,NO APLICA,99,98,99,98,1,23/11/2022,1
48,Texas,483524,0,0,2,0,201,HARRIS (201),0,NO APLICA,11,Noviembre,19,2022,3,46,CYPRESS ROSEHILL RD,6,Calle Local Municipalidad,Urbano,Colector Mayor,Not Reported,0,Sin jurisdiccion especial,0,29.99591944,-95.69927778,Vehiculo en movimiento,Frente a frente,Not an Intersection,No fue interseccion,Sobre calle,Ninguna,Oscuro sin iluminacion,Nublado,No,NO APLICA,99,99,99,99,1,19/11/2022,3
48,Texas,483525,1,1,1,0,439,TARRANT (439),3840,LAKE WORTH VILLAGE,11,Noviembre,19,2022,2,0,FM 1220/BOAT CLUB RD,8,Otro,Urbano,Arteria Menor,Not Reported,0,Sin jurisdiccion especial,96,32.82091111,-97.42005556,Peaton,El primer evento no fue una colision con un vehiculo automotor en transporte,Not an Intersection,No fue interseccion,Sobre calle,Ninguna,Oscuro sin iluminacion,Despejado,No,NO APLICA,2,16,2,22,1,19/11/2022,1
48,Texas,483526,0,0,1,0,39,BRAZORIA (39),0,NO APLICA,11,Noviembre,21,2022,12,2,CR-353,4,Calle del Condado,Rural,Colector Mayor,Not Reported,0,Sin jurisdiccion especial,0,29.07685556,-95.61206111,Culvert,El primer evento no fue una colision con un vehiculo automotor en transporte,Not an Intersection,No fue interseccion,Sobre el lado de la calle,Ninguna,Dia total,lluvia,No,NO APLICA,99,99,99,99,1,21/11/2022,2
48,Texas,483527,0,0,3,0,251,JOHNSON (251),120,ALVARADO,11,Noviembre,16,2022,14,18,US-67 E,2,US Highway,Rural,Arteria Principal,Not Reported,1,Sin jurisdiccion especial,0,32.407875,-97.26226944,Vehiculo en movimiento,Angulo,Four-Way Intersection,Interseccion de 4 direcciones,Sobre calle,Ninguna,Dia total,Despejado,No,NO APLICA,99,98,99,98,2,16/11/2022,4
48,Texas,483528,0,0,1,0,231,HUNT (231),0,NO APLICA,11,Noviembre,20,2022,3,40,SR-276,3,Highway estatal,Rural,Arteria Principal,Not Reported,0,Sin jurisdiccion especial,11,32.90665833,-96.28166389,Barrera de Trafico de Concreto,El primer evento no fue una colision con un vehiculo automotor en transporte,Not an Intersection,No fue interseccion,Separador,Ninguna,Oscuro sin iluminacion,Despejado,No,NO APLICA,99,98,99,98,1,20/11/2022,1
48,Texas,483529,0,0,1,0,187,GUADALUPE (187),0,NO APLICA,11,Noviembre,21,2022,17,5,CR-ILKA SWITCH,4,Calle del Condado,Rural,Local,Not Reported,0,Sin jurisdiccion especial,0,29.61866667,-97.92431667,Volcadura,El primer evento no fue una colision con un vehiculo automotor en transporte,Not an Intersection,No fue interseccion,Sobre el lado de la calle,Ninguna,Dia total,lluvia,No,NO APLICA,99,98,99,98,1,21/11/2022,1
48,Texas,483530,0,0,2,0,39,BRAZORIA (39),0,NO APLICA,11,Noviembre,5,2022,20,34,FM 2004,8,Otro,Rural,Arteria Menor,Not Reported,0,Sin jurisdiccion especial,31,29.26133889,-95.15398056,Vehiculo en movimiento,Frente a frente,Not an Intersection,No fue interseccion,Sobre calle,Construccion,Oscuro sin iluminacion,Nublado,No,NO APLICA,99,99,99,99,2,05/11/2022,3
48,Texas,483531,0,0,2,0,209,HAYS (209),1986,DRIPPING SPRINGS,11,Noviembre,9,2022,18,6,US-290,2,US Highway,Rural,Arteria Principal,Not Reported,1,Sin jurisdiccion especial,99,30.19150556,-98.08177222,Vehiculo en movimiento,Angulo,Not an Intersection,No fue interseccion,Sobre calle,Ninguna,Oscuro sin iluminacion,Despejado,No,NO APLICA,99,98,99,98,1,09/11/2022,3
48,Texas,483532,1,1,3,1,467,VAN ZANDT (467),0,NO APLICA,11,Noviembre,10,2022,6,9,I-20,1,Interestatal,Rural,Interestatal,State Highway Agency,1,Sin jurisdiccion especial,51,32.623225,-95.99449167,Peaton,El primer evento no fue una colision con un vehiculo automotor en transporte,Not an Intersection,No fue interseccion,Sobre Acotamiento,Ninguna,Oscuro sin iluminacion,Despejado,No,NO APLICA,99,98,99,98,1,10/11/2022,2
48,Texas,483533,1,1,1,0,5,ANGELINA (5),0,NO APLICA,11,Noviembre,10,2022,18,20,US-59,2,US Highway,Rural,Arteria Principal,Not Reported,1,Sin jurisdiccion especial,30,31.41223611,-94.72150556,Peaton,El primer evento no fue una colision con un vehiculo automotor en transporte,Not an Intersection,No fue interseccion,Sobre calle,Ninguna,Oscuro sin iluminacion,Despejado,No,NO APLICA,99,98,99,98,1,10/11/2022,1
48,Texas,483534,2,2,1,0,141,EL PASO (141),2190,EL PASO,11,Noviembre,26,2022,17,52,SR-375,3,Highway estatal,Urbano,Arterial Principal -Freeway o ExpressWay,Not Reported,1,Sin jurisdiccion especial,70,31.73938333,-106.4350972,Peaton,El primer evento no fue una colision con un vehiculo automotor en transporte,Not an Intersection,No fue interseccion,Sobre calle,Ninguna,Oscuro con iluminacion,Despejado,No,NO APLICA,99,99,99,99,1,26/11/2022,2
48,Texas,483535,0,0,1,0,215,HIDALGO (215),7330,WESLACO,11,Noviembre,26,2022,2,4,I-2 SVRD,7,Calle Local,Urbano,Colector Mayor,Not Reported,0,Sin jurisdiccion especial,392,26.17329167,-97.99877778,Poste o otros soportes,El primer evento no fue una colision con un vehiculo automotor en transporte,Not an Intersection,No fue interseccion,Sobre el lado de la calle,Ninguna,Oscuro con iluminacion,Nublado,No,NO APLICA,99,98,99,98,1,26/11/2022,1
48,Texas,483536,0,0,1,0,499,WOOD (499),0,NO APLICA,11,Noviembre,23,2022,8,23,FM 514,8,Otro,Rural,Colector Mayor,Not Reported,0,Sin jurisdiccion especial,12,32.92955556,-95.657175,Arbol,El primer evento no fue una colision con un vehiculo automotor en transporte,Not an Intersection,No fue interseccion,Sobre el lado de la calle,Ninguna,Dia total,lluvia,No,NO APLICA,99,98,99,98,1,23/11/2022,1
48,Texas,483537,0,0,2,0,347,NACOGDOCHES (347),0,NO APLICA,11,Noviembre,27,2022,18,46,FM 1638,8,Otro,Rural,Colector Mayor,Not Reported,0,Sin jurisdiccion especial,35,31.65144167,-94.68985556,Vehiculo en movimiento,Frente a Detrás,T-Intersection,Interseccion de T,Sobre calle,Ninguna,Oscuro con iluminacion,Despejado,No,NO APLICA,99,98,99,98,1,27/11/2022,2
48,Texas,483538,0,0,1,0,409,SAN PATRICIO (409),0,NO APLICA,11,Noviembre,22,2022,14,22,SR-361,3,Highway estatal,Rural,Arteria Menor,Not Reported,0,Sin jurisdiccion especial,20,27.90088333,-97.25118333,Barda,El primer evento no fue una colision con un vehiculo automotor en transporte,Not an Intersection,No fue interseccion,Fuera de la calle,Ninguna,Dia total,Nublado,No,NO APLICA,99,99,99,99,1,22/11/2022,2