Estado,Nombre de Estado,Numero de Caso,Peatones,Personas _no_vehiculos,Vehiculos automotores,Vehiculos estacionados,Condado,Nombre Condado,Ciudad,Nombre Ciudad,Mes,Nombre Mes,Dia,Año,Hora,Minuto,Calle,Ruta,Nombre Ruta,Rural o Urbanoo,Sistema Funcional,Dueño Calle,Sistema Nacional Carreteras,Jurisdiccion Especial,Milla,Latitud,Longitud,Causa del Accidente,Tipo de Accidente,Tipo Interseccion,Columna1,Lugar en la calle,Zona de Trabajo,Luz,Clima,Autobus Escolar,Cruce de Trenes,Hora Notificacion,Minuto Notificacion,Hora Llegada,Minuto Llegada,Decesos,Fecha,PersonaVehiculo
48,Texas,483539,0,0,3,0,113,DALLAS (113),2590,GARLAND,11,Noviembre,18,2022,11,45,I-30,1,Interestatal,Urbano,Interestatal,State Highway Agency,1,Sin jurisdiccion especial,171,32.84205556,-96.59085,Vehiculo en movimiento,Frente a Detrás,Not an Intersection,No fue interseccion,Sobre calle,Ninguna,Dia total,Despejado,No,NO APLICA,99,99,99,99,1,18/11/2022,4
48,Texas,483540,0,0,1,0,29,BEXAR (29),4015,LIVE OAK,11,Noviembre,12,2022,9,4,AGORA PARKWAY,6,Calle Local Municipalidad,Urbano,Local,Not Reported,0,Sin jurisdiccion especial,0,29.56252778,-98.32785556,Muro,El primer evento no fue una colision con un vehiculo automotor en transporte,Not an Intersection,No fue interseccion,Sobre el lado de la calle,Construccion,Dia total,Despejado,No,NO APLICA,99,99,99,99,1,12/11/2022,2
48,Texas,483541,1,1,1,0,453,TRAVIS (453),330,AUSTIN,11,Noviembre,17,2022,19,17,WELLS BRANCH PKWY,6,Calle Local Municipalidad,Urbano,Arteria Menor,Not Reported,0,Sin jurisdiccion especial,0,30.44105556,-97.66445556,Peaton,El primer evento no fue una colision con un vehiculo automotor en transporte,Not an Intersection,No fue interseccion,Sobre calle,Ninguna,Oscuro sin iluminacion,Despejado,No,NO APLICA,99,99,99,99,1,17/11/2022,2
48,Texas,483542,0,0,1,0,113,DALLAS (113),1482,COMBINE,11,Noviembre,23,2022,9,15,HAINES RD,6,Calle Local Municipalidad,Rural,Local,Not Reported,0,Sin jurisdiccion especial,0,32.59825,-96.53616389,Buzon de correo,El primer evento no fue una colision con un vehiculo automotor en transporte,Not an Intersection,No fue interseccion,Sobre el lado de la calle,Ninguna,Dia total,Nublado,No,NO APLICA,99,98,99,98,1,23/11/2022,1
48,Texas,483543,0,0,1,0,85,COLLIN (85),5390,PLANO,11,Noviembre,25,2022,23,6,PARK BLVD,6,Calle Local Municipalidad,Urbano,Arteria Menor,Not Reported,0,Sin jurisdiccion especial,0,33.03090833,-96.663625,Poste o otros soportes,El primer evento no fue una colision con un vehiculo automotor en transporte,Not an Intersection,No fue interseccion,Sobre el lado de la calle,Ninguna,Oscuro sin iluminacion,Nublado,No,NO APLICA,23,7,23,11,1,25/11/2022,2
48,Texas,483544,0,0,4,0,257,KAUFMAN (257),0,NO APLICA,11,Noviembre,19,2022,14,34,I-20,1,Interestatal,Urbano,Interestatal,State Highway Agency,1,Sin jurisdiccion especial,51,32.69714444,-96.43384167,Vehiculo en movimiento,Frente a Detrás,Not an Intersection,No fue interseccion,Sobre calle,Ninguna,Dia total,Despejado,No,NO APLICA,99,99,99,99,1,19/11/2022,5
48,Texas,483545,1,1,5,0,201,HARRIS (201),3280,HOUSTON,11,Noviembre,13,2022,1,45,SR-8 LP/SAM HOUSTON PKWY,3,Highway estatal,Urbano,Arterial Principal -Freeway o ExpressWay,State Toll Road,0,Sin jurisdiccion especial,79,29.72771667,-95.55762222,Vehiculo en movimiento,Frente a frente,Not an Intersection,No fue interseccion,Sobre calle,Ninguna,Oscuro con iluminacion,Despejado,No,NO APLICA,99,99,99,99,2,13/11/2022,8
48,Texas,483546,0,0,2,0,485,WICHITA (485),7490,WICHITA FALLS,11,Noviembre,10,2022,16,38,SR-11 LOOP,3,Highway estatal,Urbano,Arteria Menor,Not Reported,0,Sin jurisdiccion especial,70,33.92031111,-98.53843333,Vehiculo en movimiento,Angulo,Four-Way Intersection,Interseccion de 4 direcciones,Sobre calle,Ninguna,Dia total,Nublado,No,NO APLICA,99,99,99,99,1,10/11/2022,4
48,Texas,483547,0,0,2,0,439,TARRANT (439),2990,HALTOM CITY,11,Noviembre,22,2022,16,28,US-377,2,US Highway,Urbano,Arteria Principal,Not Reported,1,Sin jurisdiccion especial,311,32.83075833,-97.26428889,Vehiculo en movimiento,Angulo,Not an Intersection,No fue interseccion,Sobre calle,Ninguna,Dia total,Despejado,No,NO APLICA,99,99,99,99,1,22/11/2022,2
48,Texas,483548,1,1,2,0,439,TARRANT (439),2990,HALTOM CITY,11,Noviembre,23,2022,20,31,US-377,2,US Highway,Urbano,Arteria Principal,Not Reported,1,Sin jurisdiccion especial,301,32.84645278,-97.26399167,Peaton,El primer evento no fue una colision con un vehiculo automotor en transporte,Not an Intersection,No fue interseccion,Sobre calle,Ninguna,Oscuro sin iluminacion,lluvia,No,NO APLICA,99,98,99,98,1,23/11/2022,2
48,Texas,483549,1,1,1,0,329,MIDLAND (329),0,NO APLICA,11,Noviembre,4,2022,19,35,FM 715,8,Otro,Urbano,Arteria Menor,Not Reported,0,Sin jurisdiccion especial,11,31.96494444,-102.0362778,Peaton,El primer evento no fue una colision con un vehiculo automotor en transporte,Four-Way Intersection,Interseccion de 4 direcciones,Sobre calle,Ninguna,Oscuro sin iluminacion,Despejado,No,NO APLICA,99,99,99,99,1,04/11/2022,1
48,Texas,483550,0,0,2,0,453,TRAVIS (453),330,AUSTIN,11,Noviembre,14,2022,1,48,US-183,2,US Highway,Urbano,Arteria Principal,Not Reported,1,Sin jurisdiccion especial,267,30.21994167,-97.68308333,Vehiculo en movimiento,Frente a Detrás,Not an Intersection,No fue interseccion,Sobre calle,Ninguna,Oscuro con iluminacion,Despejado,No,NO APLICA,99,99,99,99,2,14/11/2022,3
48,Texas,483551,1,1,2,0,439,TARRANT (439),2450,FORT WORTH,11,Noviembre,23,2022,1,26,I-20/RONALD REAGAN MEMORIAL,1,Interestatal,Urbano,Interestatal,State Highway Agency,1,Sin jurisdiccion especial,60,32.673475,-97.37794167,Peaton,El primer evento no fue una colision con un vehiculo automotor en transporte,Not an Intersection,No fue interseccion,Sobre calle,Ninguna,Oscuro con iluminacion,Nublado,No,NO APLICA,99,99,99,99,1,23/11/2022,2
48,Texas,483552,0,0,1,0,439,TARRANT (439),2450,FORT WORTH,11,Noviembre,22,2022,16,44,RIDGMAR BLVD,6,Calle Local Municipalidad,Urbano,Colector Mayor,Not Reported,0,Sin jurisdiccion especial,0,32.74329722,-97.42500833,Algún evento nocivo sin detalles,El primer evento no fue una colision con un vehiculo automotor en transporte,Not an Intersection,No fue interseccion,Sobre el lado de la calle,Ninguna,Atardecer,Despejado,No,NO APLICA,16,48,16,53,1,22/11/2022,1
48,Texas,483553,0,0,3,2,355,NUECES (355),1550,CORPUS CHRISTI,11,Noviembre,17,2022,22,40,SR-358/SOUTH PADRE ISLAND DR,3,Highway estatal,Urbano,Arterial Principal -Freeway o ExpressWay,Not Reported,1,Sin jurisdiccion especial,65,27.73039167,-97.41579722,Valla Ferrocarril,El primer evento no fue una colision con un vehiculo automotor en transporte,Not an Intersection,No fue interseccion,Sobre el lado de la calle,Ninguna,Oscuro con iluminacion,Despejado,No,NO APLICA,99,99,99,99,1,17/11/2022,2
48,Texas,483554,0,0,2,0,481,WHARTON (481),0,NO APLICA,10,Octubre,23,2022,21,11,US-59,2,US Highway,Rural,Arteria Principal,Not Reported,1,Sin jurisdiccion especial,298,29.15934444,-96.32675556,Vehiculo en movimiento,Angulo,T-Intersection,Interseccion de T,Sobre calle,Ninguna,Oscuro con iluminacion,Despejado,No,NO APLICA,99,99,99,99,4,23/10/2022,5
48,Texas,483555,2,2,1,0,439,TARRANT (439),2450,FORT WORTH,10,Octubre,8,2022,3,45,I-820/JIM WRIGHT FWY,1,Interestatal,Urbano,Interestatal,State Highway Agency,1,Sin jurisdiccion especial,135,32.83009444,-97.37875556,Peaton,El primer evento no fue una colision con un vehiculo automotor en transporte,Not an Intersection,No fue interseccion,Sobre calle,Ninguna,Oscuro sin iluminacion,Despejado,No,NO APLICA,99,99,99,99,2,08/10/2022,1
48,Texas,483556,0,0,2,0,201,HARRIS (201),3280,HOUSTON,10,Octubre,27,2022,22,57,I-45,1,Interestatal,Urbano,Interestatal,State Highway Agency,1,Sin jurisdiccion especial,262,29.78978889,-95.3718,Vehiculo en movimiento,Frente a Detrás,Not an Intersection,No fue interseccion,Sobre calle,Ninguna,Oscuro con iluminacion,lluvia,No,NO APLICA,99,98,99,98,1,27/10/2022,2
48,Texas,483557,0,0,2,0,245,JEFFERSON (245),2905,GROVES,11,Noviembre,20,2022,13,50,FM 366/PURE ATLANTIC RD,8,Otro,Urbano,Arteria Principal,Not Reported,1,Sin jurisdiccion especial,80,29.96143611,-93.90470833,Vehiculo en movimiento,Angulo,Four-Way Intersection,Interseccion de 4 direcciones,Sobre calle,Ninguna,Dia total,Despejado,No,NO APLICA,99,99,99,99,1,20/11/2022,2
48,Texas,483558,0,0,2,0,249,JIM WELLS (249),0,NO APLICA,11,Noviembre,20,2022,18,44,FM 624,8,Otro,Rural,Colector Mayor,Not Reported,0,Sin jurisdiccion especial,45,28.01436944,-98.08810556,Vehiculo en movimiento,Frente a frente,Not an Intersection,No fue interseccion,Sobre calle,Ninguna,Oscuro sin iluminacion,Nublado,No,NO APLICA,99,99,99,99,1,20/11/2022,2
48,Texas,483559,0,0,1,0,201,HARRIS (201),0,NO APLICA,11,Noviembre,24,2022,3,3,PEEK RD,6,Calle Local Municipalidad,Urbano,Local,Not Reported,0,Sin jurisdiccion especial,0,29.82011389,-95.76958889,Banqueta,El primer evento no fue una colision con un vehiculo automotor en transporte,T-Intersection,Interseccion de T,En el medio,Ninguna,Oscuro sin iluminacion,Neblina o Humo,No,NO APLICA,99,99,99,99,1,24/11/2022,1
48,Texas,483560,0,0,2,0,27,BELL (27),6810,TEMPLE,11,Noviembre,24,2022,20,49,FM 2305/ADAMS AVE,8,Otro,Urbano,Arteria Principal,Not Reported,0,Sin jurisdiccion especial,37,31.10857222,-97.38318889,Vehiculo en movimiento,Angulo,T-Intersection,Interseccion de T,Sobre calle,Ninguna,Oscuro con iluminacion,lluvia,No,NO APLICA,99,99,99,99,1,24/11/2022,2
48,Texas,483561,0,0,2,0,493,WILSON (493),0,NO APLICA,11,Noviembre,26,2022,14,8,FM 775,8,Otro,Rural,Colector Mayor,Not Reported,0,Sin jurisdiccion especial,27,29.26455556,-98.18470556,Vehiculo en movimiento,Frente a frente,Not an Intersection,No fue interseccion,Sobre calle,Ninguna,Dia total,Despejado,No,NO APLICA,99,99,99,99,1,26/11/2022,3
48,Texas,483562,0,0,1,0,201,HARRIS (201),0,NO APLICA,11,Noviembre,27,2022,22,30,CR-BOHEMIAN HALL RD,4,Calle del Condado,Rural,Colector Menor,Not Reported,0,Sin jurisdiccion especial,0,29.89615556,-95.02411111,Culvert,El primer evento no fue una colision con un vehiculo automotor en transporte,Not an Intersection,No fue interseccion,Sobre el lado de la calle,Ninguna,Oscuro con iluminacion,Despejado,No,NO APLICA,99,99,99,99,1,27/11/2022,1
48,Texas,483563,0,0,3,0,325,MEDINA (325),0,NO APLICA,11,Noviembre,22,2022,12,52,SR-173,3,Highway estatal,Rural,Arteria Principal,Not Reported,0,Sin jurisdiccion especial,0,29.34594444,-99.11706389,Vehiculo en movimiento,Angulo,Four-Way Intersection,Interseccion de 4 direcciones,Sobre calle,Ninguna,Dia total,lluvia,No,NO APLICA,99,99,99,99,1,22/11/2022,3
48,Texas,483564,0,0,1,0,479,WEBB (479),3899,LAREDO,11,Noviembre,19,2022,1,10,SAN ISIDRO PKWY,6,Calle Local Municipalidad,Urbano,Colector Mayor,Not Reported,0,Sin jurisdiccion especial,0,27.60424167,-99.47733611,Otro objeto (fijo),El primer evento no fue una colision con un vehiculo automotor en transporte,Not an Intersection,No fue interseccion,En el medio,Ninguna,Oscuro con iluminacion,lluvia,No,NO APLICA,1,1,1,7,1,19/11/2022,1
48,Texas,483565,0,0,2,0,251,JOHNSON (251),0,NO APLICA,11,Noviembre,19,2022,1,55,I-35,1,Interestatal,Rural,Interestatal,State Highway Agency,1,Sin jurisdiccion especial,36,32.29765278,-97.18055,Vehiculo en movimiento,Frente a Detrás,Not an Intersection,No fue interseccion,Sobre calle,Ninguna,Oscuro sin iluminacion,Nublado,No,NO APLICA,2,2,2,35,1,19/11/2022,3
48,Texas,483566,0,0,1,0,201,HARRIS (201),3280,HOUSTON,11,Noviembre,7,2022,4,45,HIRSCH RD,6,Calle Local Municipalidad,Urbano,Arteria Menor,Not Reported,0,Sin jurisdiccion especial,0,29.86708056,-95.316025,Poste,El primer evento no fue una colision con un vehiculo automotor en transporte,Four-Way Intersection,Interseccion de 4 direcciones,Sobre el lado de la calle,Ninguna,Oscuro sin iluminacion,Neblina o Humo,No,NO APLICA,99,99,99,99,1,07/11/2022,2
48,Texas,483567,1,1,1,0,439,TARRANT (439),260,ARLINGTON,11,Noviembre,29,2022,22,56,FM 157/COLLINS ST,8,Otro,Urbano,Arteria Principal,Not Reported,1,Sin jurisdiccion especial,97,32.79507778,-97.09747222,Peaton,El primer evento no fue una colision con un vehiculo automotor en transporte,Not an Intersection,No fue interseccion,Sobre calle,Ninguna,Oscuro sin iluminacion,Despejado,No,NO APLICA,99,99,99,99,1,29/11/2022,1
48,Texas,483568,0,0,1,0,113,DALLAS (113),1730,DALLAS,11,Noviembre,13,2022,2,15,COCKRELL HILL RD,6,Calle Local Municipalidad,Urbano,Arteria Menor,Not Reported,0,Sin jurisdiccion especial,0,32.71581111,-96.89144444,Poste,El primer evento no fue una colision con un vehiculo automotor en transporte,Not an Intersection,No fue interseccion,En el medio,Ninguna,Oscuro con iluminacion,Despejado,No,NO APLICA,99,99,99,99,1,13/11/2022,2
48,Texas,483569,1,1,1,0,145,FALLS (145),0,NO APLICA,11,Noviembre,9,2022,18,0,SR-7,3,Highway estatal,Rural,Arteria Menor,Not Reported,0,Sin jurisdiccion especial,134,31.30800278,-96.85890556,Peaton,El primer evento no fue una colision con un vehiculo automotor en transporte,Not an Intersection,No fue interseccion,Sobre calle,Ninguna,Oscuro sin iluminacion,Despejado,No,NO APLICA,99,98,99,98,1,09/11/2022,1
48,Texas,483570,0,0,1,0,453,TRAVIS (453),330,AUSTIN,11,Noviembre,25,2022,4,59,I-35,7,Calle Local,Urbano,Colector Mayor,State Highway Agency,0,Sin jurisdiccion especial,284,30.40791389,-97.67465278,Muro,El primer evento no fue una colision con un vehiculo automotor en transporte,Not an Intersection,No fue interseccion,Sobre el lado de la calle,Ninguna,Oscuro con iluminacion,lluvia,No,NO APLICA,99,98,99,98,1,25/11/2022,2
48,Texas,483571,0,0,2,0,451,TOM GREEN (451),0,NO APLICA,11,Noviembre,19,2022,4,6,US-87,2,US Highway,Rural,Arteria Principal,Not Reported,1,Sin jurisdiccion especial,388,31.36991944,-100.3067306,Vehiculo en movimiento,Angulo,Not an Intersection,No fue interseccion,En el medio,Construccion,Oscuro sin iluminacion,Nublado,No,NO APLICA,4,15,4,32,1,19/11/2022,2
48,Texas,483572,0,0,3,0,355,NUECES (355),1550,CORPUS CHRISTI,11,Noviembre,2,2022,19,23,US-181,2,US Highway,Urbano,Arterial Principal -Freeway o ExpressWay,Not Reported,1,Sin jurisdiccion especial,38,27.81114167,-97.39618611,Vehiculo en movimiento,Frente a frente,Not an Intersection,No fue interseccion,Sobre calle,Ninguna,Oscuro con iluminacion,Nublado,No,NO APLICA,99,99,99,99,2,02/11/2022,4
48,Texas,483573,0,0,2,0,113,DALLAS (113),5730,RICHARDSON,11,Noviembre,21,2022,12,55,CAMPBELL RD,6,Calle Local Municipalidad,Urbano,Arteria Principal,Not Reported,0,Sin jurisdiccion especial,0,32.97808611,-96.74054167,Volcadura,El primer evento no fue una colision con un vehiculo automotor en transporte,Four-Way Intersection,Interseccion de 4 direcciones,Sobre calle,Ninguna,Dia total,Despejado,No,NO APLICA,99,99,99,99,1,21/11/2022,2
48,Texas,483574,0,0,8,6,29,BEXAR (29),6090,SAN ANTONIO,11,Noviembre,23,2022,14,18,SR-13 LP/MILITARY DR,3,Highway estatal,Urbano,Arteria Principal,Not Reported,1,Sin jurisdiccion especial,52,29.35329167,-98.47488889,Vehiculo en movimiento,Frente a frente,Y-Intersection,Interseccion de Y,Sobre calle,Ninguna,Dia total,Nublado,No,NO APLICA,99,99,99,99,1,23/11/2022,5
48,Texas,483575,1,1,1,0,85,COLLIN (85),5390,PLANO,8,Agosto,28,2022,21,15,CLOVERHAVEN WAY,6,Calle Local Municipalidad,Urbano,Colector Menor,Not Reported,0,Sin jurisdiccion especial,0,33.06771389,-96.66395278,Peaton,El primer evento no fue una colision con un vehiculo automotor en transporte,Four-Way Intersection,Interseccion de 4 direcciones,Sobre calle,Ninguna,Oscuro - iluminacion desconocida,Nublado,No,NO APLICA,99,99,99,99,1,28/08/2022,1
48,Texas,483576,1,1,1,0,303,LUBBOCK (303),4140,LUBBOCK,11,Noviembre,17,2022,0,2,SR-289,3,Highway estatal,Urbano,Colector Mayor,Not Reported,0,Sin jurisdiccion especial,188,33.60141111,-101.916125,Peaton,El primer evento no fue una colision con un vehiculo automotor en transporte,Not an Intersection,No fue interseccion,Sobre calle,Ninguna,Oscuro sin iluminacion,Despejado,No,NO APLICA,99,99,99,99,1,17/11/2022,2
48,Texas,483577,0,0,2,0,481,WHARTON (481),0,NO APLICA,11,Noviembre,22,2022,8,0,SR-60,3,Highway estatal,Urbano,Colector Mayor,Not Reported,0,Sin jurisdiccion especial,82,29.23143056,-96.03641667,Vehiculo en movimiento,Frente a frente,Not an Intersection,No fue interseccion,Sobre calle,Ninguna,Dia total,lluvia,No,NO APLICA,99,99,99,99,1,22/11/2022,2
48,Texas,483578,0,0,2,0,273,KLEBERG (273),0,NO APLICA,11,Noviembre,21,2022,11,1,US-77,2,US Highway,Rural,Arteria Principal,Not Reported,1,Sin jurisdiccion especial,206,27.29076944,-97.81098333,Vehiculo en movimiento,Angulo,Not an Intersection,No fue interseccion,Sobre calle,Ninguna,Dia total,lluvia,No,NO APLICA,99,99,99,99,1,21/11/2022,7
48,Texas,483579,1,1,1,0,113,DALLAS (113),1730,DALLAS,11,Noviembre,19,2022,2,24,PARK ROW AVE,6,Calle Local Municipalidad,Urbano,Local,Not Reported,0,Sin jurisdiccion especial,0,32.77059444,-96.77085556,Peaton,El primer evento no fue una colision con un vehiculo automotor en transporte,Not an Intersection,No fue interseccion,Sobre calle,Ninguna,Oscuro sin iluminacion,Despejado,No,NO APLICA,99,99,99,99,1,19/11/2022,1
48,Texas,483580,0,0,3,0,53,BURNET (53),0,NO APLICA,11,Noviembre,8,2022,18,43,RM 1431,8,Otro,Urbano,Colector Mayor,Not Reported,0,Sin jurisdiccion especial,38,30.61729444,-98.39089722,Vehiculo en movimiento,Angulo,Four-Way Intersection,Interseccion de 4 direcciones,Sobre calle,Ninguna,Oscuro sin iluminacion,Despejado,No,NO APLICA,99,99,99,99,1,08/11/2022,6
48,Texas,483581,0,0,1,0,121,DENTON (121),2395,FLOWER MOUND,11,Noviembre,25,2022,1,10,FM 1171/CROSS TIMBERS RD,8,Otro,Urbano,Arteria Principal,Not Reported,1,Sin jurisdiccion especial,123,33.043575,-97.16535278,Banqueta,El primer evento no fue una colision con un vehiculo automotor en transporte,Not an Intersection,No fue interseccion,En el medio,Ninguna,Oscuro sin iluminacion,lluvia,No,NO APLICA,99,98,99,98,1,25/11/2022,1
48,Texas,483582,0,0,2,0,29,BEXAR (29),6090,SAN ANTONIO,11,Noviembre,18,2022,18,43,I-35/PAN AM EXPY,1,Interestatal,Urbano,Interestatal,State Highway Agency,1,Sin jurisdiccion especial,146,29.33779167,-98.56547778,Vehiculo en movimiento,Frente a Detrás,Not an Intersection,No fue interseccion,Sobre calle,Ninguna,Oscuro con iluminacion,Despejado,No,NO APLICA,99,98,99,98,1,18/11/2022,2
48,Texas,483583,0,0,2,0,121,DENTON (121),3960,LEWISVILLE,12,Diciembre,2,2022,18,11,FM 1171,8,Otro,Urbano,Arteria Principal,Not Reported,1,Sin jurisdiccion especial,218,33.04424722,-97.01460556,Vehiculo en movimiento,Frente a frente,Not an Intersection,No fue interseccion,Sobre calle,Ninguna,Oscuro con iluminacion,Nublado,No,NO APLICA,99,99,99,99,1,02/12/2022,2
48,Texas,483584,0,0,1,0,113,DALLAS (113),1730,DALLAS,11,Noviembre,24,2022,6,10,SR-12,3,Highway estatal,Urbano,Arterial Principal -Freeway o ExpressWay,Not Reported,1,Sin jurisdiccion especial,147,32.76471111,-96.91473056,Banqueta,El primer evento no fue una colision con un vehiculo automotor en transporte,Not an Intersection,No fue interseccion,En el medio,Ninguna,Oscuro con iluminacion,lluvia,No,NO APLICA,99,98,99,98,1,24/11/2022,1
48,Texas,483585,1,1,1,0,29,BEXAR (29),6090,SAN ANTONIO,11,Noviembre,27,2022,8,0,EVANS RD,6,Calle Local Municipalidad,Urbano,Arteria Menor,Not Reported,0,Sin jurisdiccion especial,0,29.61684167,-98.34551389,Peaton,El primer evento no fue una colision con un vehiculo automotor en transporte,Not an Intersection,No fue interseccion,Sobre el lado de la calle,Ninguna,Reportada como desconocida,Reportado como desconocido,No,NO APLICA,99,98,99,98,1,27/11/2022,1
48,Texas,483586,0,0,2,0,291,LIBERTY (291),0,NO APLICA,11,Noviembre,27,2022,19,36,US-90,2,US Highway,Rural,Arteria Principal,Not Reported,1,Sin jurisdiccion especial,241,30.03682778,-94.63818056,Vehiculo en movimiento,Frente a Detrás,T-Intersection,Interseccion de T,Sobre calle,Ninguna,Oscuro sin iluminacion,Despejado,No,NO APLICA,99,99,99,99,1,27/11/2022,2
48,Texas,483587,1,1,1,0,121,DENTON (121),1840,DENTON,11,Noviembre,24,2022,21,0,US-377/UNIVERSITY DR,2,US Highway,Urbano,Arteria Principal,Not Reported,1,Sin jurisdiccion especial,68,33.23081389,-97.12759722,Peaton,El primer evento no fue una colision con un vehiculo automotor en transporte,Not an Intersection,No fue interseccion,Sobre calle,Ninguna,Oscuro sin iluminacion,lluvia,No,NO APLICA,99,99,99,99,1,24/11/2022,2
48,Texas,483588,1,1,1,0,157,FORT BEND (157),0,NO APLICA,11,Noviembre,14,2022,18,48,SPRING GREEN BLVD,6,Calle Local Municipalidad,Urbano,Local,Not Reported,0,Sin jurisdiccion especial,0,29.73689444,-95.82970278,Ciclista,El primer evento no fue una colision con un vehiculo automotor en transporte,T-Intersection,Interseccion de T,Sobre calle,Ninguna,Oscuro con iluminacion,Despejado,No,NO APLICA,99,99,99,99,1,14/11/2022,1
48,Texas,483589,1,1,1,0,201,HARRIS (201),3280,HOUSTON,11,Noviembre,27,2022,18,23,I-69 SVRD/US-59/CHARTRES ST,7,Calle Local,Urbano,Colector Mayor,Not Reported,0,Sin jurisdiccion especial,99998,29.76123611,-95.34949444,Peaton,El primer evento no fue una colision con un vehiculo automotor en transporte,Four-Way Intersection,Interseccion de 4 direcciones,Sobre calle,Ninguna,Oscuro con iluminacion,Despejado,No,NO APLICA,99,99,99,99,1,27/11/2022,1
48,Texas,483590,0,0,2,0,325,MEDINA (325),0,NO APLICA,11,Noviembre,29,2022,17,9,FM 1343,8,Otro,Rural,Colector Mayor,Not Reported,0,Sin jurisdiccion especial,28,29.31176389,-98.91559167,Vehiculo en movimiento,Angulo,Not an Intersection,No fue interseccion,Sobre calle,Ninguna,Dia total,Despejado,No,NO APLICA,99,99,99,99,1,29/11/2022,4
48,Texas,483591,1,1,1,0,453,TRAVIS (453),0,NO APLICA,11,Noviembre,23,2022,16,38,BEACON DR,6,Calle Local Municipalidad,Urbano,Local,Not Reported,0,Sin jurisdiccion especial,0,30.41236111,-97.92623889,Peaton,El primer evento no fue una colision con un vehiculo automotor en transporte,Not an Intersection,No fue interseccion,Sobre calle,Ninguna,Dia total,Nublado,No,NO APLICA,99,99,99,99,1,23/11/2022,2
48,Texas,483592,0,0,1,0,453,TRAVIS (453),0,NO APLICA,11,Noviembre,23,2022,20,39,HOWARD LN,6,Calle Local Municipalidad,Urbano,Colector Mayor,Not Reported,0,Sin jurisdiccion especial,0,30.39557222,-97.63150278,Volcadura,El primer evento no fue una colision con un vehiculo automotor en transporte,Not an Intersection,No fue interseccion,Sobre el lado de la calle,Ninguna,Oscuro sin iluminacion,lluvia,No,NO APLICA,99,99,99,99,1,23/11/2022,2
48,Texas,483593,0,0,3,0,21,BASTROP (21),0,NO APLICA,11,Noviembre,21,2022,14,16,SR-21,3,Highway estatal,Rural,Arteria Principal,Not Reported,1,Sin jurisdiccion especial,12,30.05795278,-97.61131667,Vehiculo en movimiento,Golpe Lateral - direccion contraria,Not an Intersection,No fue interseccion,Sobre calle,Ninguna,Dia total,lluvia,No,NO APLICA,99,99,99,99,1,21/11/2022,5
48,Texas,483594,0,0,1,0,209,HAYS (209),990,BUDA,11,Noviembre,22,2022,6,24,FM 2770/JACK C HAYS TRL,8,Otro,Urbano,Colector Mayor,Not Reported,0,Sin jurisdiccion especial,4,30.07675556,-97.85066667,Culvert,El primer evento no fue una colision con un vehiculo automotor en transporte,Not an Intersection,No fue interseccion,Sobre el lado de la calle,Ninguna,Oscuro sin iluminacion,Nublado,No,NO APLICA,99,98,99,98,1,22/11/2022,1
48,Texas,483595,0,0,1,0,139,ELLIS (139),0,NO APLICA,12,Diciembre,1,2022,23,0,CR-BAUCUM RD,4,Calle del Condado,Rural,Local,Not Reported,0,Sin jurisdiccion especial,0,32.37143611,-96.98878333,Barda,El primer evento no fue una colision con un vehiculo automotor en transporte,T-Intersection,Interseccion de T,Fuera de la calle,Ninguna,Oscuro sin iluminacion,lluvia,No,NO APLICA,99,98,99,98,1,01/12/2022,1
48,Texas,483596,0,0,1,0,3,ANDREWS (3),0,NO APLICA,12,Diciembre,2,2022,7,20,US-385,2,US Highway,Rural,Arteria Principal,Not Reported,1,Sin jurisdiccion especial,201,32.24085833,-102.5206167,Volcadura,El primer evento no fue una colision con un vehiculo automotor en transporte,Not an Intersection,No fue interseccion,Sobre el lado de la calle,Ninguna,Dia total,Despejado,No,NO APLICA,99,99,99,99,1,02/12/2022,2
48,Texas,483597,1,1,1,0,113,DALLAS (113),1730,DALLAS,11,Noviembre,24,2022,3,12,US-75,2,US Highway,Urbano,Arterial Principal -Freeway o ExpressWay,Not Reported,1,Sin jurisdiccion especial,66,32.90845278,-96.76884444,Peaton,El primer evento no fue una colision con un vehiculo automotor en transporte,Not an Intersection,No fue interseccion,Sobre calle,Ninguna,Oscuro con iluminacion,lluvia,No,NO APLICA,99,98,99,98,1,24/11/2022,1
48,Texas,483598,0,0,2,0,41,BRAZOS (41),1440,COLLEGE STATION,11,Noviembre,20,2022,0,24,SR-6/EARL RUDDER FWY,3,Highway estatal,Urbano,Arterial Principal -Freeway o ExpressWay,Not Reported,1,Sin jurisdiccion especial,116,30.60853056,-96.29023889,Volcadura,El primer evento no fue una colision con un vehiculo automotor en transporte,Not an Intersection,No fue interseccion,En el medio,Ninguna,Oscuro con iluminacion,lluvia,No,NO APLICA,0,22,0,33,1,20/11/2022,3
48,Texas,483599,1,1,1,0,303,LUBBOCK (303),4140,LUBBOCK,11,Noviembre,29,2022,0,30,US-82/MARSHA SHARP FWY,2,US Highway,Urbano,Arterial Principal -Freeway o ExpressWay,Not Reported,1,Sin jurisdiccion especial,99998,33.592625,-101.8641722,Peaton,El primer evento no fue una colision con un vehiculo automotor en transporte,Not an Intersection,No fue interseccion,Sobre calle,Ninguna,Oscuro sin iluminacion,Despejado,No,NO APLICA,99,99,99,99,1,29/11/2022,2
48,Texas,483600,0,0,2,0,121,DENTON (121),6881,THE COLONY,11,Noviembre,20,2022,1,57,FM 423/MAIN ST,8,Otro,Urbano,Arteria Principal,Not Reported,1,Sin jurisdiccion especial,50,33.08046111,-96.89275556,Vehiculo en movimiento,Frente a Detrás,Four-Way Intersection,Interseccion de 4 direcciones,Sobre calle,Ninguna,Oscuro con iluminacion,Despejado,No,NO APLICA,1,57,2,1,1,20/11/2022,3