Estado,Nombre de Estado,Numero de Caso,Peatones,Personas _no_vehiculos,Vehiculos automotores,Vehiculos estacionados,Condado,Nombre Condado,Ciudad,Nombre Ciudad,Mes,Nombre Mes,Dia,Año,Hora,Minuto,Calle,Ruta,Nombre Ruta,Rural o Urbanoo,Sistema Funcional,Dueño Calle,Sistema Nacional Carreteras,Jurisdiccion Especial,Milla,Latitud,Longitud,Causa del Accidente,Tipo de Accidente,Tipo Interseccion,Columna1,Lugar en la calle,Zona de Trabajo,Luz,Clima,Autobus Escolar,Cruce de Trenes,Hora Notificacion,Minuto Notificacion,Hora Llegada,Minuto Llegada,Decesos,Fecha,PersonaVehiculo
48,Texas,483601,0,0,1,0,39,BRAZORIA (39),5249,PEARLAND,12,Diciembre,3,2022,1,9,SOUTHMERE LN,6,Calle Local Municipalidad,Urbano,Local,Not Reported,0,Sin jurisdiccion especial,0,29.57206667,-95.36950556,Arbol,El primer evento no fue una colision con un vehiculo automotor en transporte,L-Intersection,Interseccion en L,Sobre el lado de la calle,Ninguna,Oscuro con iluminacion,Despejado,No,NO APLICA,99,99,99,99,1,03/12/2022,1
48,Texas,483602,1,1,2,0,439,TARRANT (439),2450,FORT WORTH,12,Diciembre,4,2022,3,40,SR-183,3,Highway estatal,Urbano,Arterial Principal -Freeway o ExpressWay,Not Reported,1,Sin jurisdiccion especial,119,32.83844722,-97.05251111,Peaton,El primer evento no fue una colision con un vehiculo automotor en transporte,Not an Intersection,No fue interseccion,Sobre calle,Ninguna,Oscuro con iluminacion,Despejado,No,NO APLICA,99,98,99,98,1,04/12/2022,2
48,Texas,483603,0,0,2,0,163,FRIO (163),5260,PEARSALL,11,Noviembre,28,2022,20,54,BI-35,8,Otro,Urbano,Colector Mayor,Not Reported,0,Sin jurisdiccion especial,20,28.91562778,-99.08824722,Vehiculo en movimiento,Frente a frente,Not an Intersection,No fue interseccion,Sobre calle,Ninguna,Oscuro sin iluminacion,Despejado,No,NO APLICA,99,99,99,99,2,28/11/2022,2
48,Texas,483604,0,0,1,0,453,TRAVIS (453),330,AUSTIN,12,Diciembre,3,2022,20,51,51ST ST,6,Calle Local Municipalidad,Urbano,Arteria Menor,Not Reported,0,Sin jurisdiccion especial,0,30.31401389,-97.71951389,Otra no colicion,El primer evento no fue una colision con un vehiculo automotor en transporte,Four-Way Intersection,Interseccion de 4 direcciones,Sobre calle,Ninguna,Oscuro con iluminacion,Despejado,No,NO APLICA,99,99,99,99,1,03/12/2022,2
48,Texas,483605,0,0,1,0,305,LYNN (305),0,NO APLICA,11,Noviembre,25,2022,10,12,US-380,2,US Highway,Rural,Arteria Menor,Not Reported,0,Sin jurisdiccion especial,18,33.16676111,-102.046125,Volcadura,El primer evento no fue una colision con un vehiculo automotor en transporte,Not an Intersection,No fue interseccion,Sobre el lado de la calle,Ninguna,Dia total,lluvia,No,NO APLICA,99,98,99,98,1,25/11/2022,3
48,Texas,483606,2,2,1,0,181,GRAYSON (181),1830,DENISON,12,Diciembre,1,2022,19,48,US-75,2,US Highway,Urbano,Arterial Principal -Freeway o ExpressWay,Not Reported,1,Sin jurisdiccion especial,112,33.70398333,-96.59289722,Peaton,El primer evento no fue una colision con un vehiculo automotor en transporte,Not an Intersection,No fue interseccion,Sobre calle,Ninguna,Oscuro con iluminacion,Despejado,No,NO APLICA,99,98,99,98,2,01/12/2022,1
48,Texas,483607,0,0,2,0,495,WINKLER (495),0,NO APLICA,11,Noviembre,16,2022,16,30,SR-115,3,Highway estatal,Rural,Arteria Menor,Not Reported,0,Sin jurisdiccion especial,272,31.8903,-103.0449472,Vehiculo en movimiento,Angulo,T-Intersection,Interseccion de T,Sobre calle,Ninguna,Atardecer,Despejado,No,NO APLICA,99,99,99,99,1,16/11/2022,8
48,Texas,483608,0,0,1,0,475,WARD (475),0,NO APLICA,12,Diciembre,2,2022,22,15,I-20/TEXAS PECOS TRL,1,Interestatal,Urbano,Interestatal,State Highway Agency,1,Sin jurisdiccion especial,59,31.48005556,-103.3099139,Volcadura,El primer evento no fue una colision con un vehiculo automotor en transporte,Not an Intersection,No fue interseccion,En el medio,Ninguna,Oscuro sin iluminacion,Despejado,No,NO APLICA,99,98,99,98,1,02/12/2022,1
48,Texas,483609,0,0,1,0,53,BURNET (53),0,NO APLICA,11,Noviembre,28,2022,18,25,CR-330,4,Calle del Condado,Rural,Local,Not Reported,0,Sin jurisdiccion especial,0,30.73347778,-98.15726111,Arbol,El primer evento no fue una colision con un vehiculo automotor en transporte,Not an Intersection,No fue interseccion,Sobre el lado de la calle,Ninguna,Oscuro sin iluminacion,Despejado,No,NO APLICA,99,99,99,99,1,28/11/2022,2
48,Texas,483610,0,0,1,0,121,DENTON (121),0,NO APLICA,11,Noviembre,24,2022,21,0,FM 2931,8,Otro,Rural,Colector Mayor,Not Reported,0,Sin jurisdiccion especial,51,33.26933889,-96.93985278,Barda,El primer evento no fue una colision con un vehiculo automotor en transporte,Not an Intersection,No fue interseccion,Fuera de la calle,Ninguna,Oscuro sin iluminacion,lluvia,No,NO APLICA,99,99,99,99,1,24/11/2022,1
48,Texas,483611,0,0,4,0,201,HARRIS (201),480,BAYTOWN,12,Diciembre,4,2022,10,57,I-10,1,Interestatal,Urbano,Interestatal,State Highway Agency,1,Sin jurisdiccion especial,208,29.79715556,-95.031975,Vehiculo en movimiento,Angulo,Four-Way Intersection,Interseccion de 4 direcciones,Sobre calle,Ninguna,Dia total,Nublado,No,NO APLICA,99,99,99,99,1,04/12/2022,5
48,Texas,483612,0,0,1,0,113,DALLAS (113),1730,DALLAS,11,Noviembre,19,2022,22,17,GREENVILLE AVE,6,Calle Local Municipalidad,Urbano,Arteria Menor,Not Reported,0,Sin jurisdiccion especial,0,32.91398889,-96.74483056,Banqueta,El primer evento no fue una colision con un vehiculo automotor en transporte,Not an Intersection,No fue interseccion,En el medio,Ninguna,Oscuro con iluminacion,Despejado,No,NO APLICA,99,99,99,99,1,19/11/2022,5
48,Texas,483613,0,0,3,0,113,DALLAS (113),1730,DALLAS,11,Noviembre,12,2022,14,27,SR-289,3,Highway estatal,Urbano,Arteria Principal,Not Reported,1,Sin jurisdiccion especial,85,32.87793611,-96.80409444,Vehiculo en movimiento,Angulo,Not an Intersection,No fue interseccion,Sobre calle,Ninguna,Dia total,Despejado,No,NO APLICA,99,99,99,99,1,12/11/2022,4
48,Texas,483614,0,0,2,0,187,GUADALUPE (187),0,NO APLICA,11,Noviembre,22,2022,9,3,SR-123,3,Highway estatal,Rural,Arteria Principal,Not Reported,0,Sin jurisdiccion especial,10,29.79195833,-97.94601111,Vehiculo en movimiento,Angulo,Not an Intersection,No fue interseccion,Sobre calle,Ninguna,Dia total,Nublado,No,NO APLICA,99,98,99,98,1,22/11/2022,3
48,Texas,483615,0,0,1,0,113,DALLAS (113),3880,LANCASTER,11,Noviembre,22,2022,20,6,I-35,7,Calle Local,Urbano,Colector Mayor,State Highway Agency,0,Sin jurisdiccion especial,5,32.55873056,-96.82198056,Poste de Señal de trafico,El primer evento no fue una colision con un vehiculo automotor en transporte,Not an Intersection,No fue interseccion,Sobre el lado de la calle,Ninguna,Oscuro - iluminacion desconocida,Despejado,No,NO APLICA,99,99,99,99,1,22/11/2022,1
48,Texas,483616,0,0,1,0,201,HARRIS (201),3280,HOUSTON,11,Noviembre,20,2022,4,34,GESSNER DR,6,Calle Local Municipalidad,Urbano,Arteria Principal,Not Reported,0,Sin jurisdiccion especial,0,29.69056667,-95.53475278,Banqueta,El primer evento no fue una colision con un vehiculo automotor en transporte,Not an Intersection,No fue interseccion,Sobre el lado de la calle,Ninguna,Oscuro - iluminacion desconocida,Despejado,No,NO APLICA,4,45,4,51,1,20/11/2022,4
48,Texas,483617,0,0,2,0,285,LAVACA (285),0,NO APLICA,11,Noviembre,22,2022,4,27,SR-111,3,Highway estatal,Rural,Colector Mayor,Not Reported,0,Sin jurisdiccion especial,142,29.17535556,-96.94538056,Vehiculo en movimiento,Frente a frente,Not an Intersection,No fue interseccion,Sobre calle,Ninguna,Oscuro sin iluminacion,lluvia,No,NO APLICA,99,99,99,99,2,22/11/2022,3
48,Texas,483618,0,0,2,0,97,COOKE (97),0,NO APLICA,11,Noviembre,21,2022,4,58,FM 51,8,Otro,Rural,Arteria Menor,Not Reported,0,Sin jurisdiccion especial,168,33.45251944,-97.29016667,Vehiculo en movimiento,Angulo,Not an Intersection,No fue interseccion,Sobre Acotamiento,Ninguna,Oscuro sin iluminacion,lluvia,No,NO APLICA,99,98,99,98,1,21/11/2022,2
48,Texas,483619,0,0,5,0,27,BELL (27),7031,TROY,11,Noviembre,23,2022,18,24,I-35,1,Interestatal,Urbano,Interestatal,State Highway Agency,1,Sin jurisdiccion especial,297,31.18865833,-97.31054167,Vehiculo en movimiento,Frente a Detrás,Not an Intersection,No fue interseccion,Sobre calle,Ninguna,Oscuro sin iluminacion,Nublado,No,NO APLICA,99,99,99,99,2,23/11/2022,14
48,Texas,483620,0,0,2,0,201,HARRIS (201),0,NO APLICA,11,Noviembre,24,2022,17,43,WESTFIELD VILLAGE DR,6,Calle Local Municipalidad,Urbano,Local,Not Reported,0,Sin jurisdiccion especial,0,29.84035833,-95.72950833,Vehiculo en movimiento,Angulo,T-Intersection,Interseccion de T,Sobre calle,Ninguna,Oscuro con iluminacion,lluvia,No,NO APLICA,99,99,99,99,1,24/11/2022,3
48,Texas,483621,0,0,2,0,185,GRIMES (185),0,NO APLICA,12,Diciembre,1,2022,16,9,SR-105,3,Highway estatal,Rural,Arteria Principal,Not Reported,1,Sin jurisdiccion especial,160,30.34866944,-95.83410278,Vehiculo en movimiento,Angulo,Four-Way Intersection,Interseccion de 4 direcciones,Sobre calle,Ninguna,Dia total,Despejado,No,NO APLICA,99,99,99,99,1,01/12/2022,2
48,Texas,483622,0,0,2,0,439,TARRANT (439),5810,RIVER OAKS,11,Noviembre,30,2022,21,20,SR-183/RIVER OAKS BLVD,7,Calle Local,Urbano,No reportado,Not Reported,0,Sin jurisdiccion especial,59,32.782275,-97.38798333,Vehiculo en movimiento,Angulo,T-Intersection,Interseccion de T,Sobre calle,Ninguna,Oscuro con iluminacion,Despejado,No,NO APLICA,99,99,99,99,2,30/11/2022,4
48,Texas,483623,0,0,1,0,29,BEXAR (29),6090,SAN ANTONIO,11,Noviembre,12,2022,0,30,I-35 SVRD/PURPLE HEART TRL,7,Calle Local,Urbano,Colector Mayor,Not Reported,0,Sin jurisdiccion especial,152,29.34156389,-98.55707778,Barda,El primer evento no fue una colision con un vehiculo automotor en transporte,Not an Intersection,No fue interseccion,Sobre el lado de la calle,Ninguna,Oscuro con iluminacion,Despejado,No,NO APLICA,99,99,99,99,2,12/11/2022,4
48,Texas,483624,1,1,1,0,373,POLK (373),0,NO APLICA,12,Diciembre,6,2022,6,20,FM 3126,8,Otro,Rural,Colector Mayor,Not Reported,0,Sin jurisdiccion especial,46,30.687575,-95.03366389,Peaton,El primer evento no fue una colision con un vehiculo automotor en transporte,Not an Intersection,No fue interseccion,Sobre calle,Ninguna,Oscuro sin iluminacion,Despejado,No,NO APLICA,99,98,99,98,1,06/12/2022,1
48,Texas,483625,1,1,1,0,201,HARRIS (201),3280,HOUSTON,10,Octubre,30,2022,0,20,I-610/WEST LOOP FWY,7,Calle Local,Rural,Colector Mayor,State Highway Agency,0,Sin jurisdiccion especial,363,29.75874722,-95.45596111,Peaton,El primer evento no fue una colision con un vehiculo automotor en transporte,Not an Intersection,No fue interseccion,Sobre calle,Ninguna,Oscuro sin iluminacion,Despejado,No,NO APLICA,99,98,99,98,1,30/10/2022,1
48,Texas,483626,0,0,1,0,147,FANNIN (147),0,NO APLICA,12,Diciembre,6,2022,1,30,SR-34,3,Highway estatal,Rural,Colector Mayor,Not Reported,0,Sin jurisdiccion especial,362,33.49969167,-95.94205833,Volcadura,El primer evento no fue una colision con un vehiculo automotor en transporte,Not an Intersection,No fue interseccion,Sobre el lado de la calle,Ninguna,Oscuro sin iluminacion,Nublado,No,NO APLICA,99,98,99,98,1,06/12/2022,1
48,Texas,483627,1,1,2,0,221,HOOD (221),0,NO APLICA,11,Noviembre,28,2022,5,49,FM 2580,8,Otro,Urbano,Colector Mayor,Not Reported,0,Sin jurisdiccion especial,54,32.50636667,-97.84921667,Vehiculo en movimiento,Detrás a Lado. ,Not an Intersection,No fue interseccion,Sobre calle,Ninguna,Oscuro sin iluminacion,Despejado,No,NO APLICA,99,99,99,99,1,28/11/2022,2
48,Texas,483628,1,1,1,0,221,HOOD (221),0,NO APLICA,11,Noviembre,30,2022,6,23,FM 2580,8,Otro,Rural,Colector Mayor,Not Reported,0,Sin jurisdiccion especial,47,32.51717222,-97.84925556,Peaton,El primer evento no fue una colision con un vehiculo automotor en transporte,Not an Intersection,No fue interseccion,Sobre calle,Ninguna,Oscuro sin iluminacion,Despejado,No,NO APLICA,99,98,99,98,1,30/11/2022,1
48,Texas,483629,0,0,2,0,479,WEBB (479),3899,LAREDO,11,Noviembre,23,2022,22,51,US-59 BUSINESS/SAUNDERS ST,2,US Highway,Urbano,Arteria Principal,Not Reported,1,Sin jurisdiccion especial,11,27.53053889,-99.48451944,Vehiculo en movimiento,Angulo,Four-Way Intersection,Interseccion de 4 direcciones,Sobre calle,Ninguna,Oscuro con iluminacion,lluvia,No,NO APLICA,22,40,22,46,1,23/11/2022,2
48,Texas,483630,0,0,2,0,389,REEVES (389),0,NO APLICA,11,Noviembre,17,2022,20,35,I-20,1,Interestatal,Rural,Interestatal,State Highway Agency,1,Sin jurisdiccion especial,357,31.36029167,-103.6900417,Vehiculo en movimiento,Frente a Detrás,Not an Intersection,No fue interseccion,Sobre calle,Ninguna,Oscuro sin iluminacion,Despejado,No,NO APLICA,99,98,99,98,1,17/11/2022,2
48,Texas,483631,0,0,2,0,389,REEVES (389),0,NO APLICA,11,Noviembre,19,2022,3,16,I-20,1,Interestatal,Rural,Interestatal,State Highway Agency,1,Sin jurisdiccion especial,256,31.28339167,-103.8346861,Vehiculo en movimiento,Frente a frente,Not an Intersection,No fue interseccion,Sobre calle,Ninguna,Oscuro sin iluminacion,lluvia,No,NO APLICA,99,99,99,99,3,19/11/2022,4
48,Texas,483632,0,0,2,0,113,DALLAS (113),1730,DALLAS,11,Noviembre,24,2022,5,48,TL 5/DALLAS NORTH TOLLWAY,8,Otro,Urbano,Arterial Principal -Freeway o ExpressWay,State Toll Road,0,Sin jurisdiccion especial,0,32.83796389,-96.81485278,Vehiculo en movimiento,Detrás a Lado. ,Not an Intersection,No fue interseccion,Sobre calle,Ninguna,Oscuro con iluminacion,lluvia,No,NO APLICA,99,99,99,99,1,24/11/2022,1
48,Texas,483633,0,0,2,0,349,NAVARRO (349),196,ANGUS,12,Diciembre,5,2022,10,29,I-45/SR-220,1,Interestatal,Rural,Interestatal,State Highway Agency,1,Sin jurisdiccion especial,79,31.95246944,-96.42118333,Vehiculo en movimiento,Frente a Detrás,Not an Intersection,No fue interseccion,Sobre calle,Ninguna,Dia total,Despejado,No,NO APLICA,99,99,99,99,1,05/12/2022,2
48,Texas,483634,0,0,2,0,39,BRAZORIA (39),130,ALVIN,11,Noviembre,29,2022,5,9,SR-35/ALVIN BYPASS,3,Highway estatal,Urbano,Arteria Principal,Not Reported,0,Sin jurisdiccion especial,11,29.40678056,-95.23368889,Vehiculo en movimiento,Angulo,Four-Way Intersection,Interseccion de 4 direcciones,Sobre calle,Ninguna,Oscuro con iluminacion,Nublado,No,NO APLICA,99,99,99,99,1,29/11/2022,3
48,Texas,483635,0,0,2,0,329,MIDLAND (329),0,NO APLICA,11,Noviembre,24,2022,20,34,FM 307,8,Otro,Rural,Arteria Menor,Not Reported,0,Sin jurisdiccion especial,171,32.01604722,-101.9456667,Vehiculo en movimiento,Angulo,Four-Way Intersection,Interseccion de 4 direcciones,Sobre calle,Ninguna,Oscuro sin iluminacion,lluvia,No,NO APLICA,20,32,20,45,1,24/11/2022,3
48,Texas,483636,0,0,2,0,467,VAN ZANDT (467),0,NO APLICA,11,Noviembre,30,2022,20,5,US-80,2,US Highway,Rural,Arteria Principal,Not Reported,0,Sin jurisdiccion especial,80,32.69858333,-95.94181667,Vehiculo en movimiento,Angulo,Not an Intersection,No fue interseccion,Sobre calle,Ninguna,Oscuro sin iluminacion,Despejado,No,NO APLICA,99,99,99,99,1,30/11/2022,2
48,Texas,483637,0,0,5,0,223,HOPKINS (223),0,NO APLICA,12,Diciembre,4,2022,17,43,SR-19,3,Highway estatal,Rural,Arteria Principal,Not Reported,1,Sin jurisdiccion especial,79,33.24245278,-95.58484444,Vehiculo en movimiento,Frente a Detrás,T-Intersection,Interseccion de T,Sobre calle,Ninguna,Oscuro sin iluminacion,Nublado,No,NO APLICA,99,99,99,99,4,04/12/2022,14
48,Texas,483638,0,0,1,0,185,GRIMES (185),0,NO APLICA,12,Diciembre,4,2022,11,28,FM 3090,8,Otro,Rural,Colector Mayor,Not Reported,0,Sin jurisdiccion especial,138,30.48068611,-96.05756389,Poste de Señal de trafico,El primer evento no fue una colision con un vehiculo automotor en transporte,Not an Intersection,No fue interseccion,Sobre el lado de la calle,Ninguna,Dia total,Nublado,No,NO APLICA,99,98,99,98,1,04/12/2022,1
48,Texas,483639,0,0,2,0,113,DALLAS (113),2800,GRAND PRAIRIE,11,Noviembre,14,2022,22,51,SR-161 SVRD/ ROBINSON RD,7,Calle Local,Urbano,Colector Mayor,Not Reported,0,Sin jurisdiccion especial,99998,32.72950556,-97.02006389,Vehiculo en movimiento,Frente a Detrás,Four-Way Intersection,Interseccion de 4 direcciones,Sobre calle,Ninguna,Oscuro con iluminacion,Reportado como desconocido,No,NO APLICA,99,99,99,99,1,14/11/2022,3
48,Texas,483640,0,0,2,0,113,DALLAS (113),1730,DALLAS,11,Noviembre,24,2022,8,52,I-35E/STEMMON FWY,1,Interestatal,Urbano,Interestatal,State Highway Agency,1,Sin jurisdiccion especial,181,32.79716111,-96.81629167,Vehiculo en movimiento,Angulo,Not an Intersection,No fue interseccion,Sobre calle,Ninguna,Dia total,lluvia,No,NO APLICA,99,99,99,99,1,24/11/2022,3
48,Texas,483641,0,0,1,0,453,TRAVIS (453),330,AUSTIN,11,Noviembre,25,2022,14,36,ASA DR,6,Calle Local Municipalidad,Urbano,Local,Not Reported,0,Sin jurisdiccion especial,0,30.16648611,-97.74353889,Banqueta,El primer evento no fue una colision con un vehiculo automotor en transporte,Not an Intersection,No fue interseccion,Sobre el lado de la calle,Ninguna,Dia total,lluvia,No,NO APLICA,99,99,99,99,1,25/11/2022,1
48,Texas,483642,0,0,1,0,309,MCLENNAN (309),4095,LORENA,11,Noviembre,8,2022,9,14,I-35 SVRD,7,Calle Local,Urbano,Colector Mayor,Not Reported,0,Sin jurisdiccion especial,33,31.39437778,-97.21000278,Poste de Señal de trafico,El primer evento no fue una colision con un vehiculo automotor en transporte,Not an Intersection,No fue interseccion,Sobre el lado de la calle,Ninguna,Dia total,Nublado,No,NO APLICA,99,99,99,99,1,08/11/2022,1
48,Texas,483643,0,0,4,0,21,BASTROP (21),0,NO APLICA,11,Noviembre,28,2022,5,28,US-290,2,US Highway,Rural,Arteria Principal,Not Reported,1,Sin jurisdiccion especial,108,30.29169722,-97.25457222,Animal vivo,El primer evento no fue una colision con un vehiculo automotor en transporte,Not an Intersection,No fue interseccion,Sobre calle,Ninguna,Oscuro sin iluminacion,Nublado,No,NO APLICA,99,98,99,98,1,28/11/2022,4
48,Texas,483644,0,0,1,0,423,SMITH (423),7070,TYLER,12,Diciembre,4,2022,0,8,SR-323 LP,3,Highway estatal,Urbano,Arteria Principal,Not Reported,1,Sin jurisdiccion especial,203,32.39208056,-95.30800278,Otro objeto (fijo),El primer evento no fue una colision con un vehiculo automotor en transporte,Not an Intersection,No fue interseccion,Sobre el lado de la calle,Ninguna,Oscuro sin iluminacion,Despejado,No,NO APLICA,99,99,99,99,1,04/12/2022,1
48,Texas,483645,0,0,1,0,133,EASTLAND (133),0,NO APLICA,11,Noviembre,24,2022,10,0,I-20,1,Interestatal,Rural,Interestatal,State Highway Agency,1,Sin jurisdiccion especial,37,32.45823056,-98.64466389,Volcadura,El primer evento no fue una colision con un vehiculo automotor en transporte,Not an Intersection,No fue interseccion,En el medio,Ninguna,Dia total,lluvia,No,NO APLICA,99,99,99,99,1,24/11/2022,2
48,Texas,483647,0,0,2,0,161,FREESTONE (161),0,NO APLICA,11,Noviembre,30,2022,5,59,I-45,1,Interestatal,Rural,Interestatal,State Highway Agency,1,Sin jurisdiccion especial,96,31.60468333,-96.15602778,Vehiculo en movimiento,Golpe Lateral - misma direccion,Not an Intersection,No fue interseccion,Sobre calle,Ninguna,Oscuro sin iluminacion,Despejado,No,NO APLICA,99,99,99,99,1,30/11/2022,3
48,Texas,483648,0,0,2,0,453,TRAVIS (453),330,AUSTIN,10,Octubre,20,2022,19,30,STASSNEY LN,6,Calle Local Municipalidad,Urbano,Arteria Menor,Not Reported,0,Sin jurisdiccion especial,0,30.19153056,-97.73056389,Vehiculo en movimiento,Frente a frente,Not an Intersection,No fue interseccion,Sobre calle,Construccion,Oscuro sin iluminacion,Despejado,No,NO APLICA,99,99,99,99,2,20/10/2022,7
48,Texas,483649,0,0,2,0,277,LAMAR (277),5220,PARIS,11,Noviembre,16,2022,13,31,US-82/LAMAR AVE,2,US Highway,Urbano,Arteria Principal,Not Reported,1,Sin jurisdiccion especial,118,33.66185,-95.49650833,Vehiculo en movimiento,Angulo,T-Intersection,Interseccion de T,Sobre calle,Ninguna,Dia total,Despejado,No,NO APLICA,99,99,99,99,1,16/11/2022,4
48,Texas,483650,0,0,2,0,1,ANDERSON (1),0,NO APLICA,11,Noviembre,29,2022,22,11,US-175,2,US Highway,Rural,Arteria Principal,Not Reported,1,Sin jurisdiccion especial,51,32.05340278,-95.48410278,Vehiculo en movimiento,Angulo,Four-Way Intersection,Interseccion de 4 direcciones,Sobre calle,Construccion,Oscuro sin iluminacion,Despejado,No,NO APLICA,99,99,99,99,1,29/11/2022,5
48,Texas,483651,0,0,2,0,245,JEFFERSON (245),5430,PORT ARTHUR,12,Diciembre,5,2022,17,55,SR-82/MARTIN LUTHER KING JR DR,3,Highway estatal,Rural,Colector Mayor,Not Reported,0,Sin jurisdiccion especial,34,29.84645556,-93.94661944,Vehiculo en movimiento,Angulo,T-Intersection,Interseccion de T,Sobre calle,Ninguna,Oscuro con iluminacion,Despejado,No,NO APLICA,99,99,99,99,1,05/12/2022,6
48,Texas,483652,0,0,2,0,29,BEXAR (29),6090,SAN ANTONIO,12,Diciembre,7,2022,18,23,I-10,1,Interestatal,Urbano,Interestatal,State Highway Agency,1,Sin jurisdiccion especial,65,29.42536389,-98.42074444,Vehiculo en movimiento,Angulo,Not an Intersection,No fue interseccion,Sobre calle,Ninguna,Oscuro con iluminacion,Despejado,No,NO APLICA,99,99,99,99,1,07/12/2022,2
48,Texas,483653,0,0,2,0,113,DALLAS (113),6001,ROWLETT,11,Noviembre,29,2022,0,19,TL 121/  PRESIDENT GEORGE BUSH,8,Otro,Urbano,Arterial Principal -Freeway o ExpressWay,Not Reported,0,Sin jurisdiccion especial,99,32.90715,-96.55584444,Vehiculo en movimiento,Frente a frente,Not an Intersection,No fue interseccion,Sobre calle,Ninguna,Oscuro con iluminacion,Nublado,No,NO APLICA,99,98,99,98,2,29/11/2022,2
48,Texas,483654,1,1,1,0,201,HARRIS (201),0,NO APLICA,12,Diciembre,5,2022,22,33,CR-DELL DALE ST,4,Calle del Condado,Urbano,Arteria Menor,Not Reported,0,Sin jurisdiccion especial,0,29.80408333,-95.14215833,Peaton,El primer evento no fue una colision con un vehiculo automotor en transporte,Not an Intersection,No fue interseccion,Sobre calle,Ninguna,Oscuro sin iluminacion,Despejado,No,NO APLICA,99,99,99,99,1,05/12/2022,1
48,Texas,483655,1,1,1,0,201,HARRIS (201),480,BAYTOWN,12,Diciembre,6,2022,21,55,GARTH RD,6,Calle Local Municipalidad,Urbano,Local,Not Reported,0,Sin jurisdiccion especial,0,29.80926111,-94.98264444,Peaton,El primer evento no fue una colision con un vehiculo automotor en transporte,T-Intersection,Interseccion de T,Sobre calle,Ninguna,Oscuro con iluminacion,Neblina o Humo,No,NO APLICA,99,99,99,99,1,06/12/2022,1
48,Texas,483656,1,1,1,0,201,HARRIS (201),0,NO APLICA,12,Diciembre,5,2022,4,40,SR-249/TOMBALL PKWY,3,Highway estatal,Urbano,Arteria Principal,Not Reported,1,Sin jurisdiccion especial,178,29.91943333,-95.493125,Peaton,El primer evento no fue una colision con un vehiculo automotor en transporte,Not an Intersection,No fue interseccion,"Izquierda continua, carril de vuelta",Ninguna,Oscuro con iluminacion,Despejado,No,NO APLICA,99,99,99,99,1,05/12/2022,1
48,Texas,483657,0,0,2,0,113,DALLAS (113),5730,RICHARDSON,11,Noviembre,30,2022,22,18,CENTENNIAL BLVD,6,Calle Local Municipalidad,Urbano,Arteria Menor,Not Reported,0,Sin jurisdiccion especial,0,32.93899722,-96.73370833,Vehiculo en movimiento,Angulo,Four-Way Intersection,Interseccion de 4 direcciones,Sobre calle,Ninguna,Oscuro con iluminacion,Despejado,No,NO APLICA,22,18,22,35,1,30/11/2022,4
48,Texas,483658,0,0,3,0,29,BEXAR (29),6090,SAN ANTONIO,12,Diciembre,8,2022,17,3,I-35,1,Interestatal,Urbano,Interestatal,State Highway Agency,1,Sin jurisdiccion especial,314,29.49624167,-98.40061389,Vehiculo en movimiento,Angulo,Not an Intersection,No fue interseccion,Sobre calle,Ninguna,Dia total,Despejado,No,NO APLICA,99,99,99,99,1,08/12/2022,3
48,Texas,483659,0,0,1,0,367,PARKER (367),0,NO APLICA,11,Noviembre,28,2022,22,55,FM 51,8,Otro,Rural,Arteria Menor,Not Reported,0,Sin jurisdiccion especial,107,32.5673,-97.75785833,Barda,El primer evento no fue una colision con un vehiculo automotor en transporte,Not an Intersection,No fue interseccion,Fuera de la calle,Ninguna,Oscuro sin iluminacion,Despejado,No,NO APLICA,99,99,99,99,1,28/11/2022,1
48,Texas,483660,0,0,2,0,165,GAINES (165),0,NO APLICA,12,Diciembre,1,2022,14,11,SR-214,3,Highway estatal,Rural,Arteria Menor,Not Reported,0,Sin jurisdiccion especial,161,32.76937778,-102.6997944,Vehiculo en movimiento,Angulo,Four-Way Intersection,Interseccion de 4 direcciones,Sobre calle,Ninguna,Dia total,Despejado,No,NO APLICA,99,99,99,99,1,01/12/2022,2
48,Texas,483661,0,0,2,0,113,DALLAS (113),3420,IRVING,11,Noviembre,18,2022,2,7,TL-161/PRES GEORGE BUSH TNPK,8,Otro,Urbano,Arterial Principal -Freeway o ExpressWay,State Toll Road,0,Sin jurisdiccion especial,0,32.896225,-96.97096667,Vehiculo en movimiento,Frente a frente,Not an Intersection,No fue interseccion,Sobre calle,Ninguna,Oscuro con iluminacion,Despejado,No,NO APLICA,99,99,99,99,1,18/11/2022,2
48,Texas,483662,0,0,1,0,245,JEFFERSON (245),0,NO APLICA,12,Diciembre,2,2022,23,0,CR-WALDEN RD,4,Calle del Condado,Rural,Colector Mayor,Not Reported,0,Sin jurisdiccion especial,0,30.03816667,-94.22244444,Volcadura,El primer evento no fue una colision con un vehiculo automotor en transporte,T-Intersection,Interseccion de T,Sobre el lado de la calle,Ninguna,Oscuro sin iluminacion,Neblina o Humo,No,NO APLICA,99,98,99,98,1,02/12/2022,1
48,Texas,483663,0,0,2,0,91,COMAL (91),0,NO APLICA,12,Diciembre,5,2022,13,54,RM 32,8,Otro,Rural,Arteria Menor,Not Reported,0,Sin jurisdiccion especial,56,29.97484444,-98.26356389,Vehiculo en movimiento,Angulo,T-Intersection,Interseccion de T,Sobre calle,Ninguna,Dia total,Nublado,No,NO APLICA,99,98,99,98,2,05/12/2022,3
48,Texas,483664,0,0,2,0,467,VAN ZANDT (467),0,NO APLICA,12,Diciembre,7,2022,16,20,SR-19,3,Highway estatal,Rural,Arteria Menor,Not Reported,0,Sin jurisdiccion especial,71,32.59913333,-95.85145556,Vehiculo en movimiento,Frente a frente,Not an Intersection,No fue interseccion,Sobre calle,Ninguna,Dia total,Nublado,No,NO APLICA,99,98,99,98,2,07/12/2022,2
48,Texas,483665,0,0,2,0,83,COLEMAN (83),0,NO APLICA,12,Diciembre,6,2022,4,12,US-67,2,US Highway,Rural,Arteria Principal,Not Reported,1,Sin jurisdiccion especial,57,31.77537222,-99.69037778,Vehiculo en movimiento,Frente a frente,Not an Intersection,No fue interseccion,Sobre calle,Ninguna,Oscuro sin iluminacion,Despejado,No,NO APLICA,99,98,99,98,2,06/12/2022,3