Estado,Nombre de Estado,Numero de Caso,Peatones,Personas _no_vehiculos,Vehiculos automotores,Vehiculos estacionados,Condado,Nombre Condado,Ciudad,Nombre Ciudad,Mes,Nombre Mes,Dia,Año,Hora,Minuto,Calle,Ruta,Nombre Ruta,Rural o Urbanoo,Sistema Funcional,Dueño Calle,Sistema Nacional Carreteras,Jurisdiccion Especial,Milla,Latitud,Longitud,Causa del Accidente,Tipo de Accidente,Tipo Interseccion,Columna1,Lugar en la calle,Zona de Trabajo,Luz,Clima,Autobus Escolar,Cruce de Trenes,Hora Notificacion,Minuto Notificacion,Hora Llegada,Minuto Llegada,Decesos,Fecha,PersonaVehiculo
48,Texas,483666,0,0,2,0,479,WEBB (479),3899,LAREDO,11,Noviembre,18,2022,1,53,I-35/US-83,1,Interestatal,Urbano,Interestatal,State Highway Agency,1,Sin jurisdiccion especial,44,27.55652778,-99.50393611,Vehiculo en movimiento,Angulo,Not an Intersection,No fue interseccion,Sobre calle,Ninguna,Oscuro con iluminacion,lluvia,No,NO APLICA,99,98,99,98,1,18/11/2022,2
48,Texas,483667,1,1,2,0,201,HARRIS (201),3280,HOUSTON,11,Noviembre,12,2022,18,47,WESTHEIMER RD,6,Calle Local Municipalidad,Urbano,Arteria Principal,Not Reported,0,Sin jurisdiccion especial,127,29.73773056,-95.48541667,Peaton,El primer evento no fue una colision con un vehiculo automotor en transporte,Not an Intersection,No fue interseccion,Sobre calle,Ninguna,Oscuro con iluminacion,Despejado,No,NO APLICA,99,98,99,98,1,12/11/2022,3
48,Texas,483668,0,0,1,0,201,HARRIS (201),3280,HOUSTON,11,Noviembre,25,2022,16,33,KINGS FOREST DR,6,Calle Local Municipalidad,Urbano,Colector Mayor,Not Reported,0,Sin jurisdiccion especial,0,30.048825,-95.21186389,Arbol,El primer evento no fue una colision con un vehiculo automotor en transporte,Not an Intersection,No fue interseccion,Sobre el lado de la calle,Ninguna,Dia total,lluvia,No,NO APLICA,99,99,99,99,1,25/11/2022,1
48,Texas,483669,0,0,1,0,201,HARRIS (201),3280,HOUSTON,11,Noviembre,14,2022,12,35,RICHMOND AVE,6,Calle Local Municipalidad,Urbano,Arteria Menor,Not Reported,0,Sin jurisdiccion especial,0,29.72774167,-95.576975,Algún evento nocivo sin detalles,El primer evento no fue una colision con un vehiculo automotor en transporte,Not an Intersection,No fue interseccion,Sobre el lado de la calle,Ninguna,Dia total,lluvia,No,NO APLICA,99,99,99,99,1,14/11/2022,3
48,Texas,483670,0,0,2,0,201,HARRIS (201),3280,HOUSTON,12,Diciembre,7,2022,16,16,SCOTT ST,6,Calle Local Municipalidad,Urbano,Arteria Menor,Not Reported,0,Sin jurisdiccion especial,0,29.62111944,-95.36820278,Vehiculo en movimiento,Angulo,T-Intersection,Interseccion de T,Sobre calle,Ninguna,Dia total,Despejado,No,NO APLICA,99,99,99,99,2,07/12/2022,2
48,Texas,483671,0,0,2,0,389,REEVES (389),0,NO APLICA,11,Noviembre,19,2022,15,8,I-20,1,Interestatal,Urbano,Interestatal,State Highway Agency,1,Sin jurisdiccion especial,48,31.13554722,-104.016525,Vehiculo en movimiento,Frente a Detrás,Not an Intersection,No fue interseccion,Sobre calle,Ninguna,Dia total,lluvia,No,NO APLICA,99,98,99,98,1,19/11/2022,2
48,Texas,483672,0,0,2,0,229,HUDSPETH (229),0,NO APLICA,11,Noviembre,23,2022,16,54,US-62,2,US Highway,Rural,Arteria Principal,Not Reported,1,Sin jurisdiccion especial,14,31.84200278,-105.9802083,Vehiculo en movimiento,Frente a frente,Not an Intersection,No fue interseccion,Sobre calle,Ninguna,Dia total,Despejado,No,NO APLICA,99,99,99,99,1,23/11/2022,2
48,Texas,483673,1,1,2,0,201,HARRIS (201),3280,HOUSTON,9,Septiembre,23,2022,20,38,BELLFORT AVE,6,Calle Local Municipalidad,Urbano,Arteria Menor,Not Reported,0,Sin jurisdiccion especial,0,29.66950556,-95.35865833,Peaton,El primer evento no fue una colision con un vehiculo automotor en transporte,Not an Intersection,No fue interseccion,Sobre calle,Ninguna,Oscuro sin iluminacion,Despejado,No,NO APLICA,99,99,99,99,1,23/09/2022,2
48,Texas,483674,0,0,1,0,39,BRAZORIA (39),0,NO APLICA,12,Diciembre,8,2022,7,21,CR-244,4,Calle del Condado,Rural,Local,Not Reported,0,Sin jurisdiccion especial,0,29.05225833,-95.61917778,Barda,El primer evento no fue una colision con un vehiculo automotor en transporte,Not an Intersection,No fue interseccion,Fuera de la calle,Ninguna,Dia total,Despejado,No,NO APLICA,99,98,99,98,1,08/12/2022,1
48,Texas,483675,0,0,1,0,499,WOOD (499),5610,QUITMAN,11,Noviembre,26,2022,14,10,CR-GOLDSMITH ST,4,Calle del Condado,Rural,Colector Menor,Not Reported,0,Sin jurisdiccion especial,0,32.79180278,-95.44774444,Arbol,El primer evento no fue una colision con un vehiculo automotor en transporte,Not an Intersection,No fue interseccion,Sobre el lado de la calle,Ninguna,Dia total,Nublado,No,NO APLICA,99,99,99,99,1,26/11/2022,3
48,Texas,483676,0,0,3,0,339,MONTGOMERY (339),0,NO APLICA,12,Diciembre,5,2022,17,40,SR-249,3,Highway estatal,Rural,Arteria Principal,Not Reported,1,Sin jurisdiccion especial,99,30.20182222,-95.70188333,Barrera de Cable,El primer evento no fue una colision con un vehiculo automotor en transporte,Not an Intersection,No fue interseccion,En el medio,Ninguna,Dia total,Despejado,No,NO APLICA,99,99,99,99,1,05/12/2022,4
48,Texas,483677,0,0,4,0,201,HARRIS (201),530,BELLAIRE,10,Octubre,3,2022,18,12,I-610,1,Interestatal,Urbano,Interestatal,State Highway Agency,1,Sin jurisdiccion especial,321,29.69716944,-95.45899167,Vehiculo en movimiento,Angulo,Not an Intersection,No fue interseccion,Sobre calle,Ninguna,Dia total,Despejado,No,NO APLICA,99,98,99,98,1,03/10/2022,5
48,Texas,483678,1,1,1,0,113,DALLAS (113),1730,DALLAS,12,Diciembre,4,2022,5,35,I-35 E,7,Calle Local,Urbano,Colector Mayor,State Highway Agency,0,Sin jurisdiccion especial,217,32.817,-96.86781667,No vehiculo o remolque,El primer evento no fue una colision con un vehiculo automotor en transporte,Not an Intersection,No fue interseccion,Sobre calle,Ninguna,Oscuro con iluminacion,Despejado,No,NO APLICA,99,99,99,99,1,04/12/2022,1
48,Texas,483679,1,1,1,0,113,DALLAS (113),3420,IRVING,11,Noviembre,22,2022,21,57,US-183/AIRPORT FWY,2,US Highway,Urbano,Arterial Principal -Freeway o ExpressWay,Not Reported,1,Sin jurisdiccion especial,65,32.83715278,-96.94018056,Peaton,El primer evento no fue una colision con un vehiculo automotor en transporte,Not an Intersection,No fue interseccion,Sobre calle,Ninguna,Oscuro con iluminacion,Nublado,No,NO APLICA,99,98,99,98,1,22/11/2022,1
48,Texas,483680,0,0,2,0,113,DALLAS (113),5730,RICHARDSON,11,Noviembre,26,2022,8,30,US-75,2,US Highway,Urbano,Arterial Principal -Freeway o ExpressWay,Not Reported,1,Sin jurisdiccion especial,32,32.94575278,-96.73828333,Vehiculo en movimiento,Frente a Detrás,Not an Intersection,No fue interseccion,Sobre calle,Ninguna,Dia total,lluvia,No,NO APLICA,99,99,99,99,1,26/11/2022,2
48,Texas,483682,1,1,1,0,309,MCLENNAN (309),7210,WACO,10,Octubre,31,2022,20,45,US-84/WACO DR,2,US Highway,Urbano,Arteria Principal,Not Reported,1,Sin jurisdiccion especial,231,31.55071111,-97.14531389,No vehiculo o remolque,El primer evento no fue una colision con un vehiculo automotor en transporte,Four-Way Intersection,Interseccion de 4 direcciones,Sobre calle,Ninguna,Oscuro con iluminacion,Despejado,No,NO APLICA,99,99,99,99,1,31/10/2022,1
48,Texas,483683,0,0,2,0,113,DALLAS (113),1730,DALLAS,11,Noviembre,10,2022,9,28,SR-78/GARLAND RD,3,Highway estatal,Urbano,Arteria Principal,Not Reported,1,Sin jurisdiccion especial,134,32.83267222,-96.7037,Volcadura,El primer evento no fue una colision con un vehiculo automotor en transporte,Not an Intersection,No fue interseccion,Sobre calle,Ninguna,Dia total,Despejado,No,NO APLICA,99,99,99,99,1,10/11/2022,2
48,Texas,483684,0,0,2,0,113,DALLAS (113),2590,GARLAND,12,Diciembre,3,2022,19,12,I-30/US-67 SVRD,7,Calle Local,Urbano,Colector Mayor,Not Reported,0,Sin jurisdiccion especial,176,32.84540556,-96.58329722,Vehiculo en movimiento,Angulo,Not an Intersection,No fue interseccion,Sobre calle,Ninguna,Oscuro con iluminacion,Despejado,No,NO APLICA,99,99,99,99,1,03/12/2022,2
48,Texas,483685,0,0,1,0,29,BEXAR (29),6090,SAN ANTONIO,12,Diciembre,8,2022,19,32,I-37,1,Interestatal,Urbano,Interestatal,State Highway Agency,1,Sin jurisdiccion especial,51,29.35523611,-98.43013056,Volcadura,El primer evento no fue una colision con un vehiculo automotor en transporte,Not an Intersection,No fue interseccion,Sobre el lado de la calle,Ninguna,Oscuro con iluminacion,Despejado,No,NO APLICA,99,99,99,99,1,08/12/2022,1
48,Texas,483686,0,0,1,0,201,HARRIS (201),3280,HOUSTON,11,Noviembre,29,2022,6,0,HARDY RD,6,Calle Local Municipalidad,Urbano,Arteria Menor,Not Reported,0,Sin jurisdiccion especial,0,29.94184722,-95.38395833,Banqueta,El primer evento no fue una colision con un vehiculo automotor en transporte,Not an Intersection,No fue interseccion,En el medio,Ninguna,Oscuro - iluminacion desconocida,Nublado,No,NO APLICA,99,98,99,98,1,29/11/2022,1
48,Texas,483687,1,1,1,0,201,HARRIS (201),0,NO APLICA,12,Diciembre,10,2022,18,15,FM 1960/CYPRESS CREEK PKWY,8,Otro,Urbano,Arteria Principal,Not Reported,0,Sin jurisdiccion especial,126,30.00950833,-95.45938333,Peaton,El primer evento no fue una colision con un vehiculo automotor en transporte,Not an Intersection,No fue interseccion,Sobre calle,Ninguna,Oscuro sin iluminacion,Nublado,No,NO APLICA,99,99,99,99,1,10/12/2022,2
48,Texas,483688,0,0,1,0,201,HARRIS (201),0,NO APLICA,12,Diciembre,7,2022,18,40,DALLAS RD,6,Calle Local Municipalidad,Urbano,Local,Not Reported,0,Sin jurisdiccion especial,0,29.95585278,-95.10293611,Acotamiento,El primer evento no fue una colision con un vehiculo automotor en transporte,Not an Intersection,No fue interseccion,Sobre el lado de la calle,Ninguna,Oscuro sin iluminacion,Despejado,No,NO APLICA,99,99,99,99,1,07/12/2022,1
48,Texas,483689,0,0,1,0,375,POTTER (375),150,AMARILLO,11,Noviembre,2,2022,1,40,US-287TAYLOR ST,2,US Highway,Urbano,Arterial Principal -Freeway o ExpressWay,Not Reported,1,Sin jurisdiccion especial,99998,35.20042778,-101.8366833,Fin de valla,El primer evento no fue una colision con un vehiculo automotor en transporte,Not an Intersection,No fue interseccion,Sobre el lado de la calle,Ninguna,Oscuro con iluminacion,Despejado,No,NO APLICA,99,98,99,98,1,02/11/2022,1
48,Texas,483690,0,0,2,0,39,BRAZORIA (39),0,NO APLICA,11,Noviembre,28,2022,21,45,FM 1462,8,Otro,Rural,Colector Mayor,Not Reported,0,Sin jurisdiccion especial,16,29.35201111,-95.43755,Vehiculo en movimiento,Frente a frente,Not an Intersection,No fue interseccion,Sobre calle,Ninguna,Oscuro sin iluminacion,Despejado,No,NO APLICA,99,99,99,99,2,28/11/2022,4
48,Texas,483691,0,0,2,0,317,MARTIN (317),0,NO APLICA,12,Diciembre,1,2022,18,34,SR-137,3,Highway estatal,Rural,Arteria Menor,Not Reported,0,Sin jurisdiccion especial,251,32.17306944,-101.8168694,Vehiculo en movimiento,Frente a Detrás,Not an Intersection,No fue interseccion,Sobre calle,Ninguna,Oscuro sin iluminacion,Despejado,No,NO APLICA,99,98,99,98,1,01/12/2022,3
48,Texas,483692,1,1,1,0,113,DALLAS (113),1730,DALLAS,12,Diciembre,7,2022,19,10,CAPITOL AVE,6,Calle Local Municipalidad,Urbano,Local,Not Reported,0,Sin jurisdiccion especial,0,32.81126667,-96.78209722,Peaton,El primer evento no fue una colision con un vehiculo automotor en transporte,Four-Way Intersection,Interseccion de 4 direcciones,Sobre calle,Ninguna,Oscuro con iluminacion,Despejado,No,NO APLICA,99,98,99,98,1,07/12/2022,1
48,Texas,483693,1,1,1,0,283,LA SALLE (283),0,NO APLICA,11,Noviembre,22,2022,20,10,I-35,1,Interestatal,Rural,Interestatal,State Highway Agency,1,Sin jurisdiccion especial,180,28.38944444,-99.26188333,Peaton,El primer evento no fue una colision con un vehiculo automotor en transporte,Not an Intersection,No fue interseccion,Sobre calle,Ninguna,Oscuro sin iluminacion,lluvia,No,NO APLICA,99,98,99,98,1,22/11/2022,1
48,Texas,483694,0,0,1,0,215,HIDALGO (215),4650,MISSION,12,Diciembre,7,2022,1,18,SCHUERBACH RD,6,Calle Local Municipalidad,Urbano,Local,Not Reported,0,Sin jurisdiccion especial,0,26.18520278,-98.36666667,Otro objeto (fijo),El primer evento no fue una colision con un vehiculo automotor en transporte,Not an Intersection,No fue interseccion,Fuera de la calle,Ninguna,Oscuro sin iluminacion,Nublado,No,NO APLICA,99,99,99,99,1,07/12/2022,1
48,Texas,483695,0,0,1,0,41,BRAZOS (41),0,NO APLICA,11,Noviembre,26,2022,7,17,SR-30,3,Highway estatal,Rural,Arteria Principal,Not Reported,1,Sin jurisdiccion especial,81,30.63737222,-96.24685556,Poste de Señal de trafico,El primer evento no fue una colision con un vehiculo automotor en transporte,Not an Intersection,No fue interseccion,Sobre el lado de la calle,Ninguna,Dia total,lluvia,No,NO APLICA,99,99,99,99,1,26/11/2022,1
48,Texas,483696,0,0,3,0,313,MADISON (313),0,NO APLICA,12,Diciembre,5,2022,14,4,US-190,2,US Highway,Rural,Arteria Principal,Not Reported,1,Sin jurisdiccion especial,138,30.90046667,-96.13980833,Vehiculo en movimiento,Frente a frente,Not an Intersection,No fue interseccion,Sobre calle,Ninguna,Dia total,Despejado,No,NO APLICA,99,98,99,98,2,05/12/2022,3
48,Texas,483697,0,0,1,0,289,LEON (289),0,NO APLICA,12,Diciembre,7,2022,13,0,FM 542,8,Otro,Rural,Colector Mayor,Not Reported,0,Sin jurisdiccion especial,168,31.37259167,-95.76207778,Volcadura,El primer evento no fue una colision con un vehiculo automotor en transporte,Not an Intersection,No fue interseccion,Sobre calle,Ninguna,Dia total,Despejado,No,NO APLICA,99,99,99,99,1,07/12/2022,2
48,Texas,483698,0,0,1,0,201,HARRIS (201),3280,HOUSTON,10,Octubre,23,2022,23,32,I-45/GULF FWY,1,Interestatal,Urbano,Interestatal,State Highway Agency,1,Sin jurisdiccion especial,120,29.64125556,-95.24341111,Volcadura,El primer evento no fue una colision con un vehiculo automotor en transporte,Not an Intersection,No fue interseccion,Sobre calle,Ninguna,Oscuro con iluminacion,Despejado,No,NO APLICA,99,99,99,99,1,23/10/2022,1
48,Texas,483699,0,0,2,0,201,HARRIS (201),0,NO APLICA,12,Diciembre,8,2022,13,19,CYPRESSWOOD DR,6,Calle Local Municipalidad,Urbano,Arteria Menor,Not Reported,0,Sin jurisdiccion especial,0,30.03710556,-95.33510278,Vehiculo en movimiento,Angulo,T-Intersection,Interseccion de T,Sobre calle,Ninguna,Dia total,Despejado,No,NO APLICA,99,99,99,99,1,08/12/2022,2
48,Texas,483700,0,0,1,0,439,TARRANT (439),2450,FORT WORTH,12,Diciembre,11,2022,7,5,I-35/SOUTH FWY,1,Interestatal,Urbano,Interestatal,State Highway Agency,1,Sin jurisdiccion especial,64,32.742575,-97.31955,Soporte de Puente,El primer evento no fue una colision con un vehiculo automotor en transporte,Not an Intersection,No fue interseccion,Separador,Ninguna,Oscuro sin iluminacion,Nublado,No,NO APLICA,99,98,99,98,1,11/12/2022,1
48,Texas,483701,0,0,1,0,257,KAUFMAN (257),0,NO APLICA,12,Diciembre,5,2022,16,58,I-20,1,Interestatal,Rural,Interestatal,State Highway Agency,1,Sin jurisdiccion especial,122,32.67932778,-96.18874167,Arbol,El primer evento no fue una colision con un vehiculo automotor en transporte,Not an Intersection,No fue interseccion,En el medio,Ninguna,Dia total,Despejado,No,NO APLICA,99,98,99,98,1,05/12/2022,1
48,Texas,483702,0,0,3,0,85,COLLIN (85),720,BLUE RIDGE,11,Noviembre,29,2022,7,37,SR-78,3,Highway estatal,Rural,Arteria Menor,Not Reported,0,Sin jurisdiccion especial,68,33.30543611,-96.39681667,Vehiculo en movimiento,Angulo,Four-Way Intersection,Interseccion de 4 direcciones,Sobre calle,Ninguna,Dia total,Nublado,No,NO APLICA,99,99,99,99,1,29/11/2022,3
48,Texas,483703,1,1,1,0,113,DALLAS (113),1730,DALLAS,11,Noviembre,19,2022,17,56,ROSS AVE,6,Calle Local Municipalidad,Urbano,Colector Mayor,Not Reported,0,Sin jurisdiccion especial,0,32.804825,-96.77795833,Peaton,El primer evento no fue una colision con un vehiculo automotor en transporte,Not an Intersection,No fue interseccion,Sobre calle,Ninguna,Oscuro sin iluminacion,Despejado,No,NO APLICA,99,99,99,99,1,19/11/2022,1
48,Texas,483704,1,1,1,0,113,DALLAS (113),1730,DALLAS,12,Diciembre,6,2022,20,4,MAIN ST,6,Calle Local Municipalidad,Urbano,Arteria Menor,Not Reported,0,Sin jurisdiccion especial,0,32.789425,-96.7698,Peaton,El primer evento no fue una colision con un vehiculo automotor en transporte,Not an Intersection,No fue interseccion,Sobre calle,Ninguna,Oscuro con iluminacion,Despejado,No,NO APLICA,99,99,99,99,1,06/12/2022,1
48,Texas,483705,1,1,3,0,141,EL PASO (141),2190,EL PASO,12,Diciembre,10,2022,18,41,I-10,1,Interestatal,Urbano,Interestatal,State Highway Agency,1,Sin jurisdiccion especial,205,31.7658,-106.4826361,Peaton,El primer evento no fue una colision con un vehiculo automotor en transporte,Not an Intersection,No fue interseccion,Sobre calle,Ninguna,Oscuro con iluminacion,Despejado,No,NO APLICA,99,98,99,98,1,10/12/2022,9
48,Texas,483706,0,0,2,0,15,AUSTIN (15),6280,SEALY,12,Diciembre,7,2022,18,16,FM 3013,8,Otro,Rural,Colector Mayor,Not Reported,0,Sin jurisdiccion especial,34,29.72467222,-96.17474722,Vehiculo en movimiento,Angulo,Four-Way Intersection,Interseccion de 4 direcciones,Sobre calle,Ninguna,Oscuro con iluminacion,Despejado,No,NO APLICA,99,99,99,99,2,07/12/2022,6
48,Texas,483707,0,0,2,0,113,DALLAS (113),1730,DALLAS,12,Diciembre,4,2022,17,42,KIEST BLVD,6,Calle Local Municipalidad,Urbano,Arteria Menor,Not Reported,0,Sin jurisdiccion especial,0,32.705325,-96.83514167,Vehiculo en movimiento,Angulo,T-Intersection,Interseccion de T,Sobre calle,Ninguna,Oscuro con iluminacion,Nublado,No,NO APLICA,99,99,99,99,2,04/12/2022,2
48,Texas,483708,0,0,2,0,201,HARRIS (201),3280,HOUSTON,12,Diciembre,11,2022,0,55,US-290,7,Calle Local,Urbano,Colector Mayor,Not Reported,0,Sin jurisdiccion especial,99998,29.80767222,-95.45541944,Vehiculo en movimiento,Frente a Detrás,Four-Way Intersection,Interseccion de 4 direcciones,Sobre calle,Ninguna,Oscuro con iluminacion,Despejado,No,NO APLICA,99,99,99,99,1,11/12/2022,4
48,Texas,483709,0,0,2,0,453,TRAVIS (453),4290,MANOR,12,Diciembre,7,2022,22,21,US-290,2,US Highway,Urbano,Arteria Principal,Not Reported,1,Sin jurisdiccion especial,106,30.34918056,-97.53865556,Vehiculo en movimiento,Angulo,Four-Way Intersection,Interseccion de 4 direcciones,Sobre calle,Ninguna,Oscuro con iluminacion,Despejado,No,NO APLICA,99,99,99,99,1,07/12/2022,2
48,Texas,483710,1,1,1,0,201,HARRIS (201),3280,HOUSTON,12,Diciembre,10,2022,21,0,FM 1093/WESTHEIMER RD,8,Otro,Urbano,Arteria Principal,Not Reported,0,Sin jurisdiccion especial,114,29.73760556,-95.50705278,Peaton,El primer evento no fue una colision con un vehiculo automotor en transporte,Not an Intersection,No fue interseccion,Sobre calle,Ninguna,Oscuro con iluminacion,Nublado,No,NO APLICA,99,99,99,99,1,10/12/2022,2
48,Texas,483711,1,1,1,0,245,JEFFERSON (245),0,NO APLICA,12,Diciembre,5,2022,22,16,SR-347,3,Highway estatal,Urbano,Arteria Principal,Not Reported,1,Sin jurisdiccion especial,17,30.00969444,-94.033475,Peaton,El primer evento no fue una colision con un vehiculo automotor en transporte,Not an Intersection,No fue interseccion,Sobre calle,Ninguna,Oscuro sin iluminacion,Despejado,No,NO APLICA,99,99,99,99,1,05/12/2022,1
48,Texas,483712,0,0,2,1,201,HARRIS (201),0,NO APLICA,11,Noviembre,17,2022,8,37,US-90/CROSBY FWY,2,US Highway,Urbano,Arterial Principal -Freeway o ExpressWay,Not Reported,1,Sin jurisdiccion especial,143,29.86251667,-95.10146389,Vehiculo Aparcado,El primer evento no fue una colision con un vehiculo automotor en transporte,Not an Intersection,No fue interseccion,Sobre Acotamiento,Ninguna,Dia total,Nublado,No,NO APLICA,99,98,99,98,1,17/11/2022,1
48,Texas,483713,0,0,2,0,371,PECOS (371),0,NO APLICA,12,Diciembre,1,2022,13,30,FM 1053,8,Otro,Rural,Arteria Menor,Not Reported,0,Sin jurisdiccion especial,313,30.91865833,-102.8672778,Vehiculo en movimiento,Frente a frente,Not an Intersection,No fue interseccion,Sobre calle,Ninguna,Dia total,Despejado,No,NO APLICA,99,98,99,98,1,01/12/2022,2
48,Texas,483714,0,0,1,0,99,CORYELL (99),1540,COPPERAS COVE,12,Diciembre,4,2022,18,30,SUMMERS RD,6,Calle Local Municipalidad,Urbano,Colector Mayor,Not Reported,0,Sin jurisdiccion especial,0,31.15067778,-97.93044444,Poste,El primer evento no fue una colision con un vehiculo automotor en transporte,Not an Intersection,No fue interseccion,Sobre el lado de la calle,Ninguna,Atardecer,Despejado,No,NO APLICA,99,98,99,98,1,04/12/2022,1
48,Texas,483715,1,1,1,0,27,BELL (27),3690,KILLEEN,12,Diciembre,5,2022,19,23,ELMS RD,6,Calle Local Municipalidad,Urbano,Arteria Menor,Not Reported,0,Sin jurisdiccion especial,0,31.08479167,-97.75025833,Peaton,El primer evento no fue una colision con un vehiculo automotor en transporte,Not an Intersection,No fue interseccion,Sobre calle,Ninguna,Oscuro sin iluminacion,Despejado,No,NO APLICA,99,99,99,99,1,05/12/2022,1
48,Texas,483716,0,0,2,0,149,FAYETTE (149),0,NO APLICA,12,Diciembre,10,2022,15,44,SR-95,3,Highway estatal,Rural,Colector Mayor,Not Reported,0,Sin jurisdiccion especial,61,29.82845,-97.21459167,Vehiculo en movimiento,Angulo,Not an Intersection,No fue interseccion,Sobre calle,Ninguna,Dia total,Nublado,No,NO APLICA,99,99,99,99,1,10/12/2022,4
48,Texas,483717,0,0,3,0,201,HARRIS (201),0,NO APLICA,11,Noviembre,29,2022,6,35,CR-BOUDREAUX RD,4,Calle del Condado,Urbano,Colector Mayor,Not Reported,0,Sin jurisdiccion especial,0,30.04585278,-95.63049722,Vehiculo en movimiento,Frente a frente,Four-Way Intersection,Interseccion de 4 direcciones,Sobre calle,Ninguna,Oscuro sin iluminacion,Nublado,No,NO APLICA,99,99,99,99,1,29/11/2022,6
48,Texas,483718,0,0,2,0,453,TRAVIS (453),330,AUSTIN,10,Octubre,30,2022,21,32,YAGER LN,6,Calle Local Municipalidad,Urbano,Colector Mayor,Not Reported,0,Sin jurisdiccion especial,0,30.39116667,-97.65981944,Vehiculo en movimiento,Frente a frente,Not an Intersection,No fue interseccion,Sobre calle,Ninguna,Oscuro con iluminacion,Despejado,No,NO APLICA,99,99,99,99,1,30/10/2022,2
48,Texas,483720,0,0,1,0,439,TARRANT (439),2450,FORT WORTH,12,Diciembre,9,2022,4,51,I-35/NORTH FWY,1,Interestatal,Urbano,Interestatal,State Highway Agency,1,Sin jurisdiccion especial,131,32.83866944,-97.31413611,Muro,El primer evento no fue una colision con un vehiculo automotor en transporte,Not an Intersection,No fue interseccion,Sobre el lado de la calle,Ninguna,Oscuro con iluminacion,lluvia,No,NO APLICA,99,99,99,99,1,09/12/2022,1
48,Texas,483721,1,1,1,0,113,DALLAS (113),1730,DALLAS,9,Septiembre,13,2022,20,31,I-35 E,7,Calle Local,Urbano,Colector Mayor,State Highway Agency,0,Sin jurisdiccion especial,183,32.78363056,-96.82118611,Peaton,El primer evento no fue una colision con un vehiculo automotor en transporte,Not an Intersection,No fue interseccion,Sobre calle,Ninguna,Oscuro con iluminacion,Despejado,No,NO APLICA,99,99,99,99,1,13/09/2022,2
48,Texas,483722,1,1,1,0,183,GREGG (183),4080,LONGVIEW,11,Noviembre,9,2022,18,17,HIGH ST,6,Calle Local Municipalidad,Urbano,Arteria Principal,Not Reported,0,Sin jurisdiccion especial,0,32.48834167,-94.74423611,Peaton,El primer evento no fue una colision con un vehiculo automotor en transporte,Not an Intersection,No fue interseccion,Sobre calle,Ninguna,Oscuro sin iluminacion,Despejado,No,NO APLICA,99,99,99,99,1,09/11/2022,1
48,Texas,483723,0,0,2,0,185,GRIMES (185),5391,PLANTERSVILLE,12,Diciembre,5,2022,14,57,SR-105,3,Highway estatal,Rural,Arteria Principal,Not Reported,1,Sin jurisdiccion especial,139,30.33807778,-95.86629167,Vehiculo en movimiento,Angulo,Four-Way Intersection,Interseccion de 4 direcciones,Sobre calle,Ninguna,Dia total,Despejado,No,NO APLICA,99,99,99,99,1,05/12/2022,5
48,Texas,483724,0,0,2,0,453,TRAVIS (453),330,AUSTIN,12,Diciembre,6,2022,17,35,SR-111 LOOP AIRPORT BLVD,3,Highway estatal,Urbano,Arteria Principal,Not Reported,1,Sin jurisdiccion especial,141,30.24988611,-97.69135833,Vehiculo en movimiento,Golpe Lateral - misma direccion,Not an Intersection,No fue interseccion,Sobre calle,Ninguna,Oscuro con iluminacion,Despejado,No,NO APLICA,99,99,99,99,1,06/12/2022,2
48,Texas,483725,0,0,2,0,277,LAMAR (277),0,NO APLICA,11,Noviembre,25,2022,16,25,US-82,2,US Highway,Rural,Arteria Principal,Not Reported,1,Sin jurisdiccion especial,19,33.60251111,-95.82463889,Vehiculo en movimiento,Angulo,Four-Way Intersection,Interseccion de 4 direcciones,Sobre calle,Ninguna,Dia total,Nublado,No,NO APLICA,99,99,99,99,1,25/11/2022,5
48,Texas,483726,0,0,1,0,391,REFUGIO (391),0,NO APLICA,12,Diciembre,12,2022,20,6,FM 774,8,Otro,Rural,Colector Mayor,Not Reported,0,Sin jurisdiccion especial,38,28.28892222,-97.21703333,Volcadura,El primer evento no fue una colision con un vehiculo automotor en transporte,Not an Intersection,No fue interseccion,Sobre el lado de la calle,Ninguna,Oscuro sin iluminacion,Despejado,No,NO APLICA,99,98,99,98,1,12/12/2022,1
48,Texas,483727,0,0,1,0,289,LEON (289),1280,CENTERVILLE,12,Diciembre,10,2022,0,34,FM 1119/CR-CASS ST,8,Otro,Rural,Colector Mayor,Not Reported,0,Sin jurisdiccion especial,14,31.25261667,-95.97611667,Poste de Señal de trafico,El primer evento no fue una colision con un vehiculo automotor en transporte,Not an Intersection,No fue interseccion,Sobre el lado de la calle,Ninguna,Oscuro con iluminacion,Despejado,No,NO APLICA,99,99,99,99,4,10/12/2022,4
48,Texas,483728,0,0,1,0,451,TOM GREEN (451),6080,SAN ANGELO,12,Diciembre,12,2022,1,22,US-306 LOOP,2,US Highway,Urbano,Arteria Principal,Not Reported,1,Sin jurisdiccion especial,99998,31.47828611,-100.3864389,Valla Ferrocarril,El primer evento no fue una colision con un vehiculo automotor en transporte,Not an Intersection,No fue interseccion,Sobre el lado de la calle,Ninguna,Oscuro - iluminacion desconocida,Despejado,No,NO APLICA,99,99,99,99,1,12/12/2022,1
48,Texas,483729,1,1,1,0,29,BEXAR (29),6090,SAN ANTONIO,11,Noviembre,19,2022,17,34,FLORES ST,6,Calle Local Municipalidad,Urbano,Arteria Menor,Not Reported,0,Sin jurisdiccion especial,0,29.36476944,-98.49441667,Peaton,El primer evento no fue una colision con un vehiculo automotor en transporte,T-Intersection,Interseccion de T,Sobre calle,Ninguna,Atardecer,Despejado,No,NO APLICA,99,99,99,99,1,19/11/2022,1