Estado,Nombre de Estado,Numero de Caso,Peatones,Personas _no_vehiculos,Vehiculos automotores,Vehiculos estacionados,Condado,Nombre Condado,Ciudad,Nombre Ciudad,Mes,Nombre Mes,Dia,Año,Hora,Minuto,Calle,Ruta,Nombre Ruta,Rural o Urbanoo,Sistema Funcional,Dueño Calle,Sistema Nacional Carreteras,Jurisdiccion Especial,Milla,Latitud,Longitud,Causa del Accidente,Tipo de Accidente,Tipo Interseccion,Columna1,Lugar en la calle,Zona de Trabajo,Luz,Clima,Autobus Escolar,Cruce de Trenes,Hora Notificacion,Minuto Notificacion,Hora Llegada,Minuto Llegada,Decesos,Fecha,PersonaVehiculo
48,Texas,483730,0,0,3,0,99,CORYELL (99),0,NO APLICA,11,Noviembre,28,2022,16,15,SR-9,3,Highway estatal,Urbano,Arteria Principal,Not Reported,1,Sin jurisdiccion especial,62,31.12164722,-97.85029722,Vehiculo en movimiento,Angulo,Not an Intersection,No fue interseccion,Sobre calle,Ninguna,Dia total,Despejado,No,NO APLICA,99,99,99,99,1,28/11/2022,3
48,Texas,483731,0,0,1,0,99,CORYELL (99),0,NO APLICA,12,Diciembre,5,2022,18,8,FM 1829,8,Otro,Rural,Colector Mayor,Not Reported,0,Sin jurisdiccion especial,39,31.37108333,-97.62878056,Otro objeto (fijo),El primer evento no fue una colision con un vehiculo automotor en transporte,Not an Intersection,No fue interseccion,Sobre el lado de la calle,Ninguna,Oscuro sin iluminacion,Nublado,No,NO APLICA,99,98,99,98,1,05/12/2022,1
48,Texas,483732,0,0,1,0,501,YOAKUM (501),0,NO APLICA,12,Diciembre,7,2022,6,39,US-380,2,US Highway,Rural,Arteria Menor,Not Reported,0,Sin jurisdiccion especial,66,33.24080833,-102.9516111,Volcadura,El primer evento no fue una colision con un vehiculo automotor en transporte,Not an Intersection,No fue interseccion,Fuera de la calle,Ninguna,Oscuro sin iluminacion,lluvia,No,NO APLICA,99,99,99,99,1,07/12/2022,2
48,Texas,483733,0,0,1,0,331,MILAM (331),0,NO APLICA,11,Noviembre,26,2022,14,45,FM 908,8,Otro,Rural,Colector Mayor,Not Reported,0,Sin jurisdiccion especial,56,30.69075,-97.1007,Volcadura,El primer evento no fue una colision con un vehiculo automotor en transporte,Not an Intersection,No fue interseccion,Sobre el lado de la calle,Ninguna,Dia total,Despejado,No,NO APLICA,99,99,99,99,1,26/11/2022,1
48,Texas,483734,0,0,1,0,199,HARDIN (199),6380,SILSBEE,12,Diciembre,8,2022,15,24,US-96,2,US Highway,Rural,Arteria Principal,Not Reported,1,Sin jurisdiccion especial,63,30.329025,-94.158425,Barrera de Cable,El primer evento no fue una colision con un vehiculo automotor en transporte,Not an Intersection,No fue interseccion,En el medio,Ninguna,No reportada,Despejado,No,NO APLICA,99,99,99,99,1,08/12/2022,1
48,Texas,483735,1,1,1,0,453,TRAVIS (453),330,AUSTIN,11,Noviembre,10,2022,23,26,I-35,1,Interestatal,Urbano,Interestatal,State Highway Agency,1,Sin jurisdiccion especial,283,30.40699444,-97.67477778,Peaton,El primer evento no fue una colision con un vehiculo automotor en transporte,Not an Intersection,No fue interseccion,Sobre calle,Ninguna,Oscuro con iluminacion,Despejado,No,NO APLICA,99,98,99,98,1,10/11/2022,1
48,Texas,483736,0,0,2,0,157,FORT BEND (157),0,NO APLICA,12,Diciembre,6,2022,17,35,HARLEM RD,6,Calle Local Municipalidad,Urbano,Colector Mayor,Not Reported,0,Sin jurisdiccion especial,0,29.67100278,-95.715225,Vehiculo en movimiento,Frente a Detrás,Not an Intersection,No fue interseccion,Sobre calle,Ninguna,Oscuro sin iluminacion,Despejado,No,NO APLICA,99,98,99,98,1,06/12/2022,2
48,Texas,483738,0,0,2,0,209,HAYS (209),6170,SAN MARCOS,12,Diciembre,2,2022,20,7,SR-123,3,Highway estatal,Urbano,Arteria Principal,Not Reported,1,Sin jurisdiccion especial,125,29.83282778,-97.94189722,Vehiculo en movimiento,Angulo,Four-Way Intersection,Interseccion de 4 direcciones,Sobre calle,Ninguna,Oscuro sin iluminacion,Despejado,No,NO APLICA,99,99,99,99,1,02/12/2022,5
48,Texas,483739,0,0,1,0,329,MIDLAND (329),4560,MIDLAND,12,Diciembre,8,2022,6,26,SR-191,3,Highway estatal,Urbano,Arterial Principal -Freeway o ExpressWay,Not Reported,1,Sin jurisdiccion especial,96,31.99649722,-102.1585333,Volcadura,El primer evento no fue una colision con un vehiculo automotor en transporte,Not an Intersection,No fue interseccion,Gore?,Construccion,Oscuro sin iluminacion,Neblina o Humo,No,NO APLICA,99,98,99,98,1,08/12/2022,1
48,Texas,483740,0,0,2,0,329,MIDLAND (329),4560,MIDLAND,12,Diciembre,13,2022,17,24,NEELY AVE,6,Calle Local Municipalidad,Urbano,Colector Mayor,Not Reported,0,Sin jurisdiccion especial,0,32.01319444,-102.1205417,Vehiculo en movimiento,Angulo,Four-Way Intersection,Interseccion de 4 direcciones,Sobre calle,Ninguna,Dia total,Despejado,No,NO APLICA,99,99,99,99,1,13/12/2022,2
48,Texas,483741,0,0,2,0,303,LUBBOCK (303),6328,SHALLOWATER,12,Diciembre,10,2022,0,31,US-84,2,US Highway,Rural,Arteria Principal,Not Reported,1,Sin jurisdiccion especial,81,33.67565278,-101.9844778,Vehiculo en movimiento,Angulo,Not an Intersection,No fue interseccion,Sobre calle,Ninguna,Oscuro con iluminacion,Neblina o Humo,No,NO APLICA,99,99,99,99,1,10/12/2022,2
48,Texas,483742,0,0,1,0,355,NUECES (355),1550,CORPUS CHRISTI,12,Diciembre,4,2022,22,31,I-37,1,Interestatal,Urbano,Interestatal,State Highway Agency,1,Sin jurisdiccion especial,80,27.82136944,-97.52029444,Soporte de Puente,El primer evento no fue una colision con un vehiculo automotor en transporte,Not an Intersection,No fue interseccion,Sobre el lado de la calle,Ninguna,Oscuro con iluminacion,Neblina o Humo,No,NO APLICA,99,98,99,98,1,04/12/2022,1
48,Texas,483743,0,0,3,0,397,ROCKWALL (397),9997,Other,12,Diciembre,3,2022,15,38,I-30,1,Interestatal,Urbano,Interestatal,State Highway Agency,1,Sin jurisdiccion especial,28,32.88891389,-96.49136389,Vehiculo en movimiento,Angulo,Not an Intersection,No fue interseccion,Sobre calle,Ninguna,Dia total,Nublado,No,NO APLICA,99,99,99,99,1,03/12/2022,5
48,Texas,483744,1,1,2,0,201,HARRIS (201),3280,HOUSTON,12,Diciembre,11,2022,4,37,I-69 RAMP,1,Interestatal,Urbano,Arterial Principal -Freeway o ExpressWay,Not Reported,1,Sin jurisdiccion especial,146,29.73529444,-95.36982222,Peaton,El primer evento no fue una colision con un vehiculo automotor en transporte,Not an Intersection,No fue interseccion,Sobre calle,Ninguna,Oscuro sin iluminacion,Nublado,No,NO APLICA,99,99,99,99,1,11/12/2022,2
48,Texas,483745,0,0,3,0,221,HOOD (221),2780,GRANBURY,12,Diciembre,10,2022,15,8,FM 4,8,Otro,Urbano,Colector Mayor,Not Reported,0,Sin jurisdiccion especial,82,32.46303056,-97.80962778,Vehiculo en movimiento,Angulo,Not an Intersection,No fue interseccion,Sobre calle,Ninguna,Dia total,Nublado,No,NO APLICA,99,99,99,99,1,10/12/2022,6
48,Texas,483747,1,1,1,0,355,NUECES (355),1550,CORPUS CHRISTI,12,Diciembre,9,2022,18,24,MCARDLE RD,6,Calle Local Municipalidad,Urbano,Colector Mayor,Not Reported,0,Sin jurisdiccion especial,0,27.72229167,-97.3911,Peaton,El primer evento no fue una colision con un vehiculo automotor en transporte,Not an Intersection,No fue interseccion,Sobre calle,Ninguna,Oscuro con iluminacion,Despejado,No,NO APLICA,99,99,99,99,1,09/12/2022,1
48,Texas,483748,1,1,1,0,453,TRAVIS (453),330,AUSTIN,10,Octubre,30,2022,4,34,I-35,1,Interestatal,Urbano,Interestatal,State Highway Agency,1,Sin jurisdiccion especial,224,30.32881111,-97.70561111,Peaton,El primer evento no fue una colision con un vehiculo automotor en transporte,Not an Intersection,No fue interseccion,Sobre calle,Ninguna,Oscuro con iluminacion,Despejado,No,NO APLICA,99,98,99,98,1,30/10/2022,1
48,Texas,483749,1,1,2,1,201,HARRIS (201),3280,HOUSTON,11,Noviembre,19,2022,7,27,I-610,1,Interestatal,Urbano,Interestatal,State Highway Agency,1,Sin jurisdiccion especial,35,29.73265278,-95.26590278,Vehiculo Aparcado,El primer evento no fue una colision con un vehiculo automotor en transporte,Not an Intersection,No fue interseccion,Sobre Acotamiento,Ninguna,Amanecer,lluvia,No,NO APLICA,99,99,99,99,1,19/11/2022,1
48,Texas,483750,1,1,1,0,47,BROOKS (47),2290,FALFURRIAS,12,Diciembre,6,2022,16,52,COMMUNITY RD,6,Calle Local Municipalidad,Rural,Local,Not Reported,0,Sin jurisdiccion especial,0,27.21732222,-98.14498056,Peaton,El primer evento no fue una colision con un vehiculo automotor en transporte,Not an Intersection,No fue interseccion,Fuera de la calle,Ninguna,Dia total,Despejado,No,NO APLICA,99,99,99,99,1,06/12/2022,1
48,Texas,483751,0,0,2,0,453,TRAVIS (453),0,NO APLICA,12,Diciembre,4,2022,13,36,FM 1626,8,Otro,Urbano,Arteria Menor,Not Reported,0,Sin jurisdiccion especial,120,30.13467222,-97.85310556,Vehiculo en movimiento,Angulo,T-Intersection,Interseccion de T,Sobre calle,Ninguna,Dia total,Nublado,No,NO APLICA,99,99,99,99,1,04/12/2022,3
48,Texas,483752,0,0,2,0,365,PANOLA (365),0,NO APLICA,12,Diciembre,8,2022,2,15,US-79,2,US Highway,Rural,Arteria Principal,Not Reported,1,Sin jurisdiccion especial,24,32.36753889,-94.065225,Vehiculo en movimiento,Frente a frente,Not an Intersection,No fue interseccion,Sobre calle,Ninguna,Oscuro sin iluminacion,Nublado,No,NO APLICA,99,99,99,99,1,08/12/2022,2
48,Texas,483753,0,0,2,0,277,LAMAR (277),1860,DEPORT,12,Diciembre,11,2022,5,20,US-271,2,US Highway,Rural,Arteria Principal,Not Reported,1,Sin jurisdiccion especial,167,33.52631667,-95.32224444,Vehiculo en movimiento,Frente a frente,Not an Intersection,No fue interseccion,Sobre calle,Ninguna,Oscuro sin iluminacion,Neblina o Humo,No,NO APLICA,99,99,99,99,1,11/12/2022,2
48,Texas,483754,1,1,1,0,99,CORYELL (99),1540,COPPERAS COVE,12,Diciembre,13,2022,15,9,LINDA LN,6,Calle Local Municipalidad,Urbano,Local,Not Reported,0,Sin jurisdiccion especial,0,31.13765,-97.91120278,Peaton,El primer evento no fue una colision con un vehiculo automotor en transporte,Not an Intersection,No fue interseccion,Sobre calle,Ninguna,Dia total,Nublado,No,NO APLICA,99,98,99,98,1,13/12/2022,0
48,Texas,483755,1,1,1,0,439,TARRANT (439),364,AZLE,12,Diciembre,14,2022,18,50,SANDY BEACH RD,6,Calle Local Municipalidad,Urbano,Colector Mayor,Not Reported,0,Sin jurisdiccion especial,0,32.92780556,-97.53350556,Peaton,El primer evento no fue una colision con un vehiculo automotor en transporte,Not an Intersection,No fue interseccion,Sobre calle,Ninguna,Oscuro sin iluminacion,Despejado,No,NO APLICA,99,98,99,98,1,14/12/2022,1
48,Texas,483756,0,0,2,0,303,LUBBOCK (303),4140,LUBBOCK,12,Diciembre,13,2022,1,35,MARTIN LUTHER KING JR BLVD,6,Calle Local Municipalidad,Urbano,Arteria Menor,Not Reported,0,Sin jurisdiccion especial,0,33.61351389,-101.8183917,Vehiculo en movimiento,Angulo,Four-Way Intersection,Interseccion de 4 direcciones,Sobre calle,Ninguna,Oscuro con iluminacion,Despejado,No,NO APLICA,99,99,99,99,1,13/12/2022,5
48,Texas,483757,0,0,2,0,291,LIBERTY (291),0,NO APLICA,11,Noviembre,29,2022,23,18,US-90,2,US Highway,Rural,Arteria Principal,Not Reported,1,Sin jurisdiccion especial,345,30.02945556,-94.46829444,Vehiculo en movimiento,Golpe Lateral - direccion contraria,Not an Intersection,No fue interseccion,Sobre calle,Ninguna,Oscuro sin iluminacion,Despejado,No,NO APLICA,99,99,99,99,1,29/11/2022,2
48,Texas,483758,0,0,1,0,439,TARRANT (439),2450,FORT WORTH,12,Diciembre,11,2022,8,49,CAMPUS DR,6,Calle Local Municipalidad,Urbano,Arteria Menor,Not Reported,0,Sin jurisdiccion especial,0,32.66836944,-97.29297778,Arbusto,El primer evento no fue una colision con un vehiculo automotor en transporte,Not an Intersection,No fue interseccion,Sobre el lado de la calle,Ninguna,Dia total,Nublado,No,NO APLICA,99,99,99,99,1,11/12/2022,2
48,Texas,483759,0,0,3,0,491,WILLIAMSON (491),1242,CEDAR PARK,12,Diciembre,8,2022,13,46,RM 1431/WHITESTONE BLVD,8,Otro,Urbano,Arteria Menor,Not Reported,0,Sin jurisdiccion especial,2,30.51273333,-97.85661944,Vehiculo en movimiento,Angulo,Not an Intersection,No fue interseccion,Sobre calle,Ninguna,Dia total,Despejado,No,NO APLICA,99,98,99,98,1,08/12/2022,4
48,Texas,483760,1,1,1,0,141,EL PASO (141),2190,EL PASO,11,Noviembre,17,2022,18,0,SR-375 LP/CESAR CHAVEZ HWY,3,Highway estatal,Urbano,Arterial Principal -Freeway o ExpressWay,Not Reported,1,Sin jurisdiccion especial,82,31.75440556,-106.4242333,Peaton,El primer evento no fue una colision con un vehiculo automotor en transporte,Not an Intersection,No fue interseccion,Sobre calle,Ninguna,Oscuro con iluminacion,Despejado,No,NO APLICA,99,99,99,99,1,17/11/2022,1
48,Texas,483761,0,0,2,0,213,HENDERSON (213),300,ATHENS,12,Diciembre,8,2022,15,20,US-175 BUS/DALLAS HWY,2,US Highway,Urbano,Arteria Principal,Not Reported,1,Sin jurisdiccion especial,229,32.22016944,-95.87899167,Vehiculo en movimiento,Frente a frente,Four-Way Intersection,Interseccion de 4 direcciones,Sobre calle,Ninguna,Dia total,Despejado,No,NO APLICA,99,99,99,99,1,08/12/2022,2
48,Texas,483762,0,0,1,0,51,BURLESON (51),0,NO APLICA,12,Diciembre,5,2022,6,41,SR-36,3,Highway estatal,Rural,Arteria Principal,Not Reported,1,Sin jurisdiccion especial,27,30.49908611,-96.67570556,Arbol,El primer evento no fue una colision con un vehiculo automotor en transporte,Not an Intersection,No fue interseccion,Fuera de la calle,Ninguna,Oscuro sin iluminacion,Neblina o Humo,No,NO APLICA,99,98,99,98,1,05/12/2022,1
48,Texas,483763,0,0,2,0,313,MADISON (313),0,NO APLICA,12,Diciembre,11,2022,17,48,I-45,7,Calle Local,Rural,Colector Mayor,State Highway Agency,0,Sin jurisdiccion especial,108,30.98763333,-95.902775,Vehiculo en movimiento,Frente a frente,Not an Intersection,No fue interseccion,Sobre calle,Ninguna,Oscuro sin iluminacion,Nublado,No,NO APLICA,99,99,99,99,1,11/12/2022,3
48,Texas,483764,0,0,1,0,423,SMITH (423),0,NO APLICA,12,Diciembre,14,2022,5,40,CR-OLD LONGVIEW RD,4,Calle del Condado,Rural,Local,Not Reported,0,Sin jurisdiccion especial,0,32.41755833,-95.15763611,Arbol,El primer evento no fue una colision con un vehiculo automotor en transporte,Not an Intersection,No fue interseccion,Sobre el lado de la calle,Ninguna,Oscuro sin iluminacion,lluvia,No,NO APLICA,99,99,99,99,1,14/12/2022,2
48,Texas,483765,1,1,1,0,309,MCLENNAN (309),7210,WACO,12,Diciembre,12,2022,18,40,I-35,1,Interestatal,Urbano,Interestatal,State Highway Agency,1,Sin jurisdiccion especial,166,31.56835,-97.11648889,Peaton,El primer evento no fue una colision con un vehiculo automotor en transporte,Not an Intersection,No fue interseccion,Sobre calle,Construccion,Oscuro sin iluminacion,Nublado,No,NO APLICA,99,98,99,98,1,12/12/2022,3
48,Texas,483766,1,1,1,0,453,TRAVIS (453),0,NO APLICA,12,Diciembre,6,2022,21,30,FM 973,8,Otro,Urbano,Arteria Menor,Not Reported,0,Sin jurisdiccion especial,95,30.23355833,-97.62669444,Peaton,El primer evento no fue una colision con un vehiculo automotor en transporte,Not an Intersection,No fue interseccion,Sobre calle,Construccion,Oscuro sin iluminacion,Despejado,No,NO APLICA,99,98,99,98,1,06/12/2022,1
48,Texas,483767,0,0,1,0,491,WILLIAMSON (491),2620,GEORGETOWN,12,Diciembre,15,2022,6,53,I-35,1,Interestatal,Urbano,Interestatal,State Highway Agency,1,Sin jurisdiccion especial,105,30.62922778,-97.69184167,Barrera de Trafico de Concreto,El primer evento no fue una colision con un vehiculo automotor en transporte,Not an Intersection,No fue interseccion,En el medio,Ninguna,Amanecer,Despejado,No,NO APLICA,99,98,99,98,1,15/12/2022,1
48,Texas,483768,0,0,2,0,139,ELLIS (139),4570,MIDLOTHIAN,12,Diciembre,9,2022,20,59,US-287,2,US Highway,Urbano,Arteria Principal,Not Reported,1,Sin jurisdiccion especial,371,32.43822778,-96.91448056,Vehiculo en movimiento,Angulo,Not an Intersection,No fue interseccion,Sobre calle,Ninguna,Oscuro sin iluminacion,Neblina o Humo,No,NO APLICA,99,99,99,99,2,09/12/2022,4
48,Texas,483769,1,1,1,0,141,EL PASO (141),2190,EL PASO,12,Diciembre,13,2022,0,1,GEORGE DIETER,6,Calle Local Municipalidad,Urbano,Arteria Principal,Not Reported,1,Sin jurisdiccion especial,86,31.72145833,-106.3042389,Ciclista,El primer evento no fue una colision con un vehiculo automotor en transporte,Not an Intersection,No fue interseccion,Sobre calle,Ninguna,Oscuro con iluminacion,Despejado,No,NO APLICA,99,99,99,99,1,13/12/2022,1
48,Texas,483770,0,0,2,0,245,JEFFERSON (245),490,BEAUMONT,12,Diciembre,16,2022,1,28,DOWLEN RD,6,Calle Local Municipalidad,Urbano,Arteria Menor,Not Reported,0,Sin jurisdiccion especial,0,30.071525,-94.17228889,Vehiculo en movimiento,Frente a frente,Not an Intersection,No fue interseccion,Sobre calle,Ninguna,Oscuro con iluminacion,Despejado,No,NO APLICA,99,99,99,99,1,16/12/2022,3
48,Texas,483771,0,0,1,0,355,NUECES (355),1550,CORPUS CHRISTI,12,Diciembre,9,2022,2,35,YORKTOWN BLVD,6,Calle Local Municipalidad,Urbano,Arteria Menor,Not Reported,0,Sin jurisdiccion especial,0,27.62953611,-97.321275,Barda,El primer evento no fue una colision con un vehiculo automotor en transporte,Not an Intersection,No fue interseccion,Fuera de la calle,Ninguna,Oscuro sin iluminacion,Neblina o Humo,No,NO APLICA,99,98,99,98,1,09/12/2022,1
48,Texas,483772,0,0,2,0,13,ATASCOSA (13),0,NO APLICA,12,Diciembre,9,2022,3,5,SR-16,3,Highway estatal,Rural,Arteria Menor,Not Reported,0,Sin jurisdiccion especial,124,29.01628333,-98.57654167,Vehiculo en movimiento,Angulo,Not an Intersection,No fue interseccion,Sobre calle,Ninguna,Oscuro sin iluminacion,Neblina o Humo,No,NO APLICA,99,99,99,99,1,09/12/2022,3
48,Texas,483773,0,0,2,0,453,TRAVIS (453),0,NO APLICA,12,Diciembre,8,2022,6,26,SR-130,3,Highway estatal,Urbano,Arterial Principal -Freeway o ExpressWay,Not Reported,1,Sin jurisdiccion especial,381,30.28815,-97.576575,Vehiculo en movimiento,Frente a frente,Four-Way Intersection,Interseccion de 4 direcciones,Sobre calle,Ninguna,Dia total,Nublado,No,NO APLICA,99,99,99,99,1,08/12/2022,2
48,Texas,483774,0,0,1,0,201,HARRIS (201),3280,HOUSTON,12,Diciembre,7,2022,6,50,FULTON ST,6,Calle Local Municipalidad,Urbano,Arteria Menor,Not Reported,0,Sin jurisdiccion especial,0,29.81946944,-95.37470833,Vehiculo Ferrocarril,El primer evento no fue una colision con un vehiculo automotor en transporte,Not an Intersection,No fue interseccion,Sobre calle,Ninguna,Amanecer,Nublado,No,287965D,99,99,99,99,1,07/12/2022,1
48,Texas,483775,1,1,1,0,201,HARRIS (201),3280,HOUSTON,10,Octubre,15,2022,19,18,LOCKWOOD DR,6,Calle Local Municipalidad,Urbano,Arteria Menor,Not Reported,0,Sin jurisdiccion especial,0,29.81213889,-95.3171,Peaton,El primer evento no fue una colision con un vehiculo automotor en transporte,Not an Intersection,No fue interseccion,Sobre calle,Ninguna,Oscuro con iluminacion,Despejado,No,NO APLICA,99,98,99,98,1,15/10/2022,1
48,Texas,483776,0,0,1,0,201,HARRIS (201),3280,HOUSTON,11,Noviembre,30,2022,23,18,T C JESTER BLVD,6,Calle Local Municipalidad,Urbano,Arteria Menor,Not Reported,0,Sin jurisdiccion especial,0,29.81253333,-95.44534444,Banqueta,El primer evento no fue una colision con un vehiculo automotor en transporte,Not an Intersection,No fue interseccion,En el medio,Ninguna,Oscuro con iluminacion,Despejado,No,NO APLICA,99,99,99,99,1,30/11/2022,1
48,Texas,483777,0,0,1,0,265,KERR (265),0,NO APLICA,12,Diciembre,7,2022,21,18,CR-HERMANN SON RD,4,Calle del Condado,Rural,Local,Not Reported,0,Sin jurisdiccion especial,0,29.945425,-98.9356,Arbol,El primer evento no fue una colision con un vehiculo automotor en transporte,Not an Intersection,No fue interseccion,Sobre el lado de la calle,Ninguna,Oscuro sin iluminacion,Nublado,No,NO APLICA,99,98,99,98,1,07/12/2022,1
48,Texas,483778,0,0,2,0,201,HARRIS (201),3280,HOUSTON,12,Diciembre,11,2022,0,15,CLEARWOOD ST,6,Calle Local Municipalidad,Urbano,Arteria Menor,Not Reported,0,Sin jurisdiccion especial,0,29.63090833,-95.247375,Vehiculo en movimiento,Angulo,Four-Way Intersection,Interseccion de 4 direcciones,Sobre calle,Ninguna,Oscuro con iluminacion,Despejado,No,NO APLICA,99,98,99,98,1,11/12/2022,4
48,Texas,483779,0,0,2,0,121,DENTON (121),1840,DENTON,12,Diciembre,12,2022,19,41,I-35,1,Interestatal,Rural,Interestatal,State Highway Agency,1,Sin jurisdiccion especial,12,33.28141389,-97.17791944,Vehiculo en movimiento,Frente a Detrás,Not an Intersection,No fue interseccion,Sobre calle,Ninguna,Oscuro sin iluminacion,lluvia,No,NO APLICA,99,98,99,98,1,12/12/2022,2
48,Texas,483780,1,1,1,0,29,BEXAR (29),6090,SAN ANTONIO,12,Diciembre,16,2022,1,50,SR-1604,3,Highway estatal,Urbano,Colector Mayor,Not Reported,0,Sin jurisdiccion especial,232,29.49794444,-98.70356111,Peaton,El primer evento no fue una colision con un vehiculo automotor en transporte,Not an Intersection,No fue interseccion,Sobre calle,Ninguna,Oscuro con iluminacion,Despejado,No,NO APLICA,99,99,99,99,1,16/12/2022,1
48,Texas,483781,0,0,2,0,279,LAMB (279),0,NO APLICA,11,Noviembre,24,2022,19,20,US-385,2,US Highway,Rural,Arteria Menor,Not Reported,0,Sin jurisdiccion especial,139,34.11298889,-102.3210194,Vehiculo en movimiento,Frente a frente,Not an Intersection,No fue interseccion,Sobre calle,Ninguna,Oscuro sin iluminacion,Granizo,No,NO APLICA,99,99,99,99,2,24/11/2022,6
48,Texas,483782,0,0,2,0,339,MONTGOMERY (339),6341,SHENANDOAH,12,Diciembre,6,2022,23,15,I-45 SVRD/NORTH FWY,7,Calle Local,Urbano,Colector Mayor,Not Reported,0,Sin jurisdiccion especial,61,30.19529444,-95.4537,Vehiculo en movimiento,Angulo,T-Intersection,Interseccion de T,Sobre calle,Ninguna,Oscuro con iluminacion,Despejado,No,NO APLICA,99,98,99,98,1,06/12/2022,2
48,Texas,483783,0,0,2,0,407,SAN JACINTO (407),0,NO APLICA,12,Diciembre,10,2022,18,52,US-59,2,US Highway,Rural,Arteria Principal,Not Reported,1,Sin jurisdiccion especial,30,30.52984167,-94.97643333,Vehiculo en movimiento,Angulo,Not an Intersection,No fue interseccion,Sobre calle,Ninguna,Oscuro sin iluminacion,lluvia,No,NO APLICA,99,99,99,99,1,10/12/2022,3
48,Texas,483784,0,0,1,0,113,DALLAS (113),1730,DALLAS,12,Diciembre,4,2022,2,29,MOCKINGBIRD LN,6,Calle Local Municipalidad,Urbano,Arteria Menor,Not Reported,0,Sin jurisdiccion especial,0,32.837425,-96.74724444,Suelo,El primer evento no fue una colision con un vehiculo automotor en transporte,Not an Intersection,No fue interseccion,Sobre el lado de la calle,Ninguna,Oscuro con iluminacion,Despejado,No,NO APLICA,99,99,99,99,1,04/12/2022,1
48,Texas,483785,2,2,1,0,113,DALLAS (113),1730,DALLAS,12,Diciembre,6,2022,5,8,JIM MILLER RD,6,Calle Local Municipalidad,Urbano,Arteria Menor,Not Reported,0,Sin jurisdiccion especial,0,32.73810833,-96.70022222,Peaton,El primer evento no fue una colision con un vehiculo automotor en transporte,Four-Way Intersection,Interseccion de 4 direcciones,Sobre calle,Ninguna,Oscuro con iluminacion,Despejado,No,NO APLICA,99,99,99,99,1,06/12/2022,1
48,Texas,483786,0,0,1,0,161,FREESTONE (161),0,NO APLICA,12,Diciembre,13,2022,4,40,I-45,1,Interestatal,Rural,Interestatal,State Highway Agency,1,Sin jurisdiccion especial,44,31.53694167,-96.12029444,Volcadura,El primer evento no fue una colision con un vehiculo automotor en transporte,Not an Intersection,No fue interseccion,Sobre el lado de la calle,Ninguna,Oscuro sin iluminacion,Nublado,No,NO APLICA,99,99,99,99,1,13/12/2022,2
48,Texas,483787,1,1,1,0,29,BEXAR (29),6090,SAN ANTONIO,12,Diciembre,15,2022,5,0,I-35,1,Interestatal,Urbano,Interestatal,State Highway Agency,1,Sin jurisdiccion especial,186,29.37067778,-98.51659167,Peaton,El primer evento no fue una colision con un vehiculo automotor en transporte,Not an Intersection,No fue interseccion,Sobre calle,Ninguna,Oscuro con iluminacion,Despejado,No,NO APLICA,99,98,99,98,1,15/12/2022,1
48,Texas,483788,0,0,1,0,471,WALKER (471),3340,HUNTSVILLE,12,Diciembre,17,2022,17,29,SR-19,3,Highway estatal,Urbano,Arteria Principal,Not Reported,1,Sin jurisdiccion especial,128,30.72437778,-95.525625,Volcadura,El primer evento no fue una colision con un vehiculo automotor en transporte,Not an Intersection,No fue interseccion,En el medio,Ninguna,Atardecer,Despejado,No,NO APLICA,99,99,99,99,1,17/12/2022,1
48,Texas,483789,0,0,2,0,5,ANGELINA (5),4160,LUFKIN,12,Diciembre,17,2022,0,2,US-59,2,US Highway,Urbano,Arteria Principal,Not Reported,1,Sin jurisdiccion especial,36,31.28953333,-94.72969722,Vehiculo en movimiento,Frente a Detrás,Not an Intersection,No fue interseccion,Sobre calle,Ninguna,Oscuro con iluminacion,Despejado,No,NO APLICA,99,99,99,99,3,17/12/2022,8
48,Texas,483790,0,0,2,0,201,HARRIS (201),3280,HOUSTON,12,Diciembre,11,2022,4,56,SR-8 LOOP/SAM HOUSTON PKWY,3,Highway estatal,Urbano,Arterial Principal -Freeway o ExpressWay,Not Reported,1,Sin jurisdiccion especial,143,29.82393889,-95.56376111,Barrera de Trafico de Concreto,El primer evento no fue una colision con un vehiculo automotor en transporte,Not an Intersection,No fue interseccion,En el medio,Ninguna,Oscuro con iluminacion,lluvia,No,NO APLICA,99,99,99,99,1,11/12/2022,3
48,Texas,483791,0,0,1,0,479,WEBB (479),3899,LAREDO,12,Diciembre,18,2022,4,0,BU-59Z SAUNDERS ST,8,Otro,Urbano,Arteria Principal,Not Reported,1,Sin jurisdiccion especial,477,27.52816111,-99.44581111,Soporte de  señalamiento de transito,El primer evento no fue una colision con un vehiculo automotor en transporte,Four-Way Intersection,Interseccion de 4 direcciones,Isla de trafico para peatones,Ninguna,Oscuro con iluminacion,Despejado,No,NO APLICA,99,99,99,99,1,18/12/2022,3
48,Texas,483792,2,2,1,0,201,HARRIS (201),0,NO APLICA,12,Diciembre,9,2022,23,42,RANKIN RD,6,Calle Local Municipalidad,Urbano,Arteria Menor,Not Reported,0,Sin jurisdiccion especial,0,29.96593333,-95.40975278,Peaton,El primer evento no fue una colision con un vehiculo automotor en transporte,T-Intersection,Interseccion de T,Sobre calle,Ninguna,Oscuro sin iluminacion,Despejado,No,NO APLICA,99,99,99,99,1,09/12/2022,1
48,Texas,483793,1,1,1,0,201,HARRIS (201),0,NO APLICA,12,Diciembre,12,2022,21,20,CR-LITTLE YORK RD,4,Calle del Condado,Urbano,Arteria Principal,Not Reported,0,Sin jurisdiccion especial,0,29.86565833,-95.51033056,Peaton,El primer evento no fue una colision con un vehiculo automotor en transporte,Not an Intersection,No fue interseccion,Sobre calle,Ninguna,Oscuro sin iluminacion,Nublado,No,NO APLICA,99,98,99,98,1,12/12/2022,1