Estado,Nombre de Estado,Numero de Caso,Peatones,Personas _no_vehiculos,Vehiculos automotores,Vehiculos estacionados,Condado,Nombre Condado,Ciudad,Nombre Ciudad,Mes,Nombre Mes,Dia,Año,Hora,Minuto,Calle,Ruta,Nombre Ruta,Rural o Urbanoo,Sistema Funcional,Dueño Calle,Sistema Nacional Carreteras,Jurisdiccion Especial,Milla,Latitud,Longitud,Causa del Accidente,Tipo de Accidente,Tipo Interseccion,Columna1,Lugar en la calle,Zona de Trabajo,Luz,Clima,Autobus Escolar,Cruce de Trenes,Hora Notificacion,Minuto Notificacion,Hora Llegada,Minuto Llegada,Decesos,Fecha,PersonaVehiculo
48,Texas,483794,0,0,1,0,303,LUBBOCK (303),4140,LUBBOCK,12,Diciembre,16,2022,18,20,34TH ST,6,Calle Local Municipalidad,Urbano,Arteria Menor,Not Reported,0,Sin jurisdiccion especial,0,33.56342222,-101.9171778,Poste,El primer evento no fue una colision con un vehiculo automotor en transporte,T-Intersection,Interseccion de T,Isla de trafico para peatones,Ninguna,Oscuro con iluminacion,Despejado,No,NO APLICA,99,99,99,99,1,16/12/2022,1
48,Texas,483795,0,0,1,0,327,MENARD (327),0,NO APLICA,12,Diciembre,14,2022,0,19,FM 2092,8,Otro,Rural,Colector Menor,Not Reported,0,Sin jurisdiccion especial,202,30.88456389,-99.63266667,Volcadura,El primer evento no fue una colision con un vehiculo automotor en transporte,Not an Intersection,No fue interseccion,Sobre el lado de la calle,Ninguna,Oscuro sin iluminacion,Despejado,No,NO APLICA,99,98,99,98,1,14/12/2022,1
48,Texas,483796,1,1,1,0,453,TRAVIS (453),330,AUSTIN,12,Diciembre,18,2022,19,41,US-290,7,Calle Local,Urbano,Colector Mayor,Not Reported,0,Sin jurisdiccion especial,9,30.22936111,-97.78793889,Peaton,El primer evento no fue una colision con un vehiculo automotor en transporte,Not an Intersection,No fue interseccion,Sobre calle,Ninguna,Oscuro sin iluminacion,Despejado,No,NO APLICA,99,99,99,99,1,18/12/2022,1
48,Texas,483797,0,0,1,0,169,GARZA (169),0,NO APLICA,12,Diciembre,13,2022,2,25,US-84,2,US Highway,Rural,Arteria Principal,Not Reported,1,Sin jurisdiccion especial,187,33.16622778,-101.3513361,Acotamiento,El primer evento no fue una colision con un vehiculo automotor en transporte,Not an Intersection,No fue interseccion,En el medio,Ninguna,Oscuro sin iluminacion,Despejado,No,NO APLICA,99,98,99,98,2,13/12/2022,2
48,Texas,483798,0,0,2,0,219,HOCKLEY (219),0,NO APLICA,12,Diciembre,3,2022,10,37,FM 1585,8,Otro,Rural,Colector Mayor,Not Reported,0,Sin jurisdiccion especial,151,33.49293056,-102.2918306,Vehiculo en movimiento,Angulo,Four-Way Intersection,Interseccion de 4 direcciones,Sobre calle,Ninguna,Dia total,Despejado,No,NO APLICA,99,99,99,99,1,03/12/2022,2
48,Texas,483799,0,0,2,0,113,DALLAS (113),1730,DALLAS,12,Diciembre,17,2022,3,38,I-30,1,Interestatal,Urbano,Interestatal,State Highway Agency,1,Sin jurisdiccion especial,109,32.76448611,-96.85003611,Vehiculo en movimiento,Frente a Detrás,Not an Intersection,No fue interseccion,Sobre calle,Ninguna,Oscuro con iluminacion,Despejado,No,NO APLICA,99,98,99,98,1,17/12/2022,3
48,Texas,483800,0,0,1,0,361,ORANGE (361),0,NO APLICA,12,Diciembre,18,2022,2,2,CR-CONCORD ST,4,Calle del Condado,Urbano,Colector Mayor,Not Reported,0,Sin jurisdiccion especial,0,30.11223333,-93.98566389,Poste,El primer evento no fue una colision con un vehiculo automotor en transporte,Not an Intersection,No fue interseccion,Sobre el lado de la calle,Ninguna,Oscuro sin iluminacion,Despejado,No,NO APLICA,99,98,99,98,2,18/12/2022,2
48,Texas,483801,0,0,1,0,135,ECTOR (135),0,NO APLICA,12,Diciembre,9,2022,8,4,CR-COTTONWOOD RD,4,Calle del Condado,Rural,Local,Not Reported,0,Sin jurisdiccion especial,0,32.00709722,-102.3695722,Barda,El primer evento no fue una colision con un vehiculo automotor en transporte,Not an Intersection,No fue interseccion,Fuera de la calle,Construccion,Oscuro sin iluminacion,Despejado,No,NO APLICA,99,98,99,98,1,09/12/2022,1
48,Texas,483802,0,0,2,0,249,JIM WELLS (249),0,NO APLICA,12,Diciembre,10,2022,11,12,SR-44,3,Highway estatal,Rural,Arteria Principal,Not Reported,1,Sin jurisdiccion especial,126,27.776275,-98.02827222,Vehiculo en movimiento,Angulo,T-Intersection,Interseccion de T,Sobre calle,Ninguna,Dia total,Nublado,No,NO APLICA,99,99,99,99,1,10/12/2022,5
48,Texas,483803,0,0,2,0,355,NUECES (355),0,NO APLICA,12,Diciembre,11,2022,0,44,FM 665,8,Otro,Rural,Arteria Menor,Not Reported,0,Sin jurisdiccion especial,102,27.68745833,-97.60208056,Vehiculo en movimiento,Frente a frente,Not an Intersection,No fue interseccion,Sobre calle,Ninguna,Oscuro sin iluminacion,Despejado,No,NO APLICA,99,99,99,99,1,11/12/2022,2
48,Texas,483804,0,0,1,0,463,UVALDE (463),0,NO APLICA,12,Diciembre,1,2022,4,11,US-90,2,US Highway,Rural,Arteria Principal,Not Reported,1,Sin jurisdiccion especial,63,29.31768056,-99.5651,Poste de Señal de trafico,El primer evento no fue una colision con un vehiculo automotor en transporte,Not an Intersection,No fue interseccion,Gore?,Ninguna,Oscuro sin iluminacion,Despejado,No,NO APLICA,99,99,99,99,1,01/12/2022,1
48,Texas,483805,0,0,1,0,467,VAN ZANDT (467),0,NO APLICA,12,Diciembre,13,2022,8,30,I-20,1,Interestatal,Rural,Interestatal,State Highway Agency,1,Sin jurisdiccion especial,50,32.62342222,-95.99508889,Arbol,El primer evento no fue una colision con un vehiculo automotor en transporte,Not an Intersection,No fue interseccion,Sobre el lado de la calle,Ninguna,Dia total,Nublado,No,NO APLICA,99,98,99,98,1,13/12/2022,1
48,Texas,483806,1,1,1,0,253,JONES (253),0,NO APLICA,12,Diciembre,6,2022,18,17,US-83,2,US Highway,Rural,Arteria Principal,Not Reported,1,Sin jurisdiccion especial,306,32.63283333,-99.83382222,Peaton,El primer evento no fue una colision con un vehiculo automotor en transporte,Not an Intersection,No fue interseccion,Sobre calle,Ninguna,Oscuro sin iluminacion,Despejado,No,NO APLICA,99,99,99,99,1,06/12/2022,1
48,Texas,483807,0,0,2,0,219,HOCKLEY (219),0,NO APLICA,12,Diciembre,14,2022,19,0,US-385,2,US Highway,Urbano,Arteria Menor,Not Reported,0,Sin jurisdiccion especial,233,33.50162222,-102.3755583,Vehiculo en movimiento,Angulo,Four-Way Intersection,Interseccion de 4 direcciones,Sobre calle,Ninguna,Oscuro sin iluminacion,Despejado,No,NO APLICA,99,99,99,99,1,14/12/2022,2
48,Texas,483808,0,0,2,0,439,TARRANT (439),2450,FORT WORTH,12,Diciembre,17,2022,7,41,SR-199,3,Highway estatal,Urbano,Arterial Principal -Freeway o ExpressWay,Not Reported,1,Sin jurisdiccion especial,45,32.84705278,-97.50115833,Vehiculo en movimiento,Frente a Detrás,Not an Intersection,No fue interseccion,Sobre calle,Ninguna,Amanecer,Despejado,No,NO APLICA,99,99,99,99,1,17/12/2022,2
48,Texas,483809,0,0,1,0,233,HUTCHINSON (233),0,NO APLICA,12,Diciembre,7,2022,19,4,RM 1319,8,Otro,Rural,Colector Mayor,Not Reported,0,Sin jurisdiccion especial,181,35.66983889,-101.4730944,Volcadura,El primer evento no fue una colision con un vehiculo automotor en transporte,Not an Intersection,No fue interseccion,Sobre calle,Ninguna,Oscuro sin iluminacion,Despejado,No,NO APLICA,99,98,99,98,3,07/12/2022,3
48,Texas,483810,0,0,1,0,485,WICHITA (485),0,NO APLICA,12,Diciembre,2,2022,20,0,CR-THRIFT RD,4,Calle del Condado,Rural,Local,Not Reported,0,Sin jurisdiccion especial,0,34.12418056,-98.60088333,Volcadura,El primer evento no fue una colision con un vehiculo automotor en transporte,Not an Intersection,No fue interseccion,Sobre calle,Ninguna,Oscuro sin iluminacion,Despejado,No,NO APLICA,99,98,99,98,1,02/12/2022,1
48,Texas,483811,0,0,2,0,135,ECTOR (135),0,NO APLICA,12,Diciembre,9,2022,9,4,US-385,2,US Highway,Urbano,Arteria Principal,Not Reported,1,Sin jurisdiccion especial,61,31.76398333,-102.3646944,Vehiculo en movimiento,Angulo,Four-Way Intersection,Interseccion de 4 direcciones,Sobre calle,Ninguna,Dia total,Despejado,No,NO APLICA,99,99,99,99,1,09/12/2022,2
48,Texas,483812,1,1,1,0,323,MAVERICK (323),2030,EAGLE PASS,12,Diciembre,11,2022,20,30,US-277 BUSINESS/MAIN ST,2,US Highway,Urbano,Arteria Principal,Not Reported,1,Sin jurisdiccion especial,30,28.70878611,-100.4864861,Peaton,El primer evento no fue una colision con un vehiculo automotor en transporte,Four-Way Intersection,Interseccion de 4 direcciones,Sobre calle,Ninguna,Oscuro sin iluminacion,Despejado,No,NO APLICA,99,99,99,99,1,11/12/2022,1
48,Texas,483813,0,0,1,0,201,HARRIS (201),3505,JERSEY VILLAGE,12,Diciembre,19,2022,15,45,US-290,2,US Highway,Urbano,Arterial Principal -Freeway o ExpressWay,Not Reported,1,Sin jurisdiccion especial,224,29.89879444,-95.59613611,Otro objeto (no fijo),El primer evento no fue una colision con un vehiculo automotor en transporte,Not an Intersection,No fue interseccion,Sobre el lado de la calle,Construccion,Atardecer,lluvia,No,NO APLICA,99,99,99,99,1,19/12/2022,2
48,Texas,483814,0,0,2,0,77,CLAY (77),540,BELLEVUE,11,Noviembre,29,2022,16,11,US-287,2,US Highway,Rural,Arteria Principal,Not Reported,1,Sin jurisdiccion especial,166,33.63660556,-98.01448333,Vehiculo en movimiento,Angulo,Four-Way Intersection,Interseccion de 4 direcciones,Sobre calle,Ninguna,Dia total,Despejado,No,NO APLICA,99,99,99,99,2,29/11/2022,3
48,Texas,483815,0,0,2,0,365,PANOLA (365),0,NO APLICA,12,Diciembre,11,2022,3,58,SR-315,3,Highway estatal,Rural,Arteria Menor,Not Reported,0,Sin jurisdiccion especial,70,32.07966111,-94.51860278,Vehiculo en movimiento,Frente a frente,Not an Intersection,No fue interseccion,Sobre calle,Ninguna,Oscuro sin iluminacion,Despejado,No,NO APLICA,99,98,99,98,1,11/12/2022,2
48,Texas,483816,1,1,2,0,29,BEXAR (29),6090,SAN ANTONIO,12,Diciembre,13,2022,5,50,US-90,2,US Highway,Urbano,Arterial Principal -Freeway o ExpressWay,Not Reported,1,Sin jurisdiccion especial,30,29.40471667,-98.61575,Peaton,El primer evento no fue una colision con un vehiculo automotor en transporte,Not an Intersection,No fue interseccion,Sobre calle,Ninguna,Oscuro con iluminacion,Despejado,No,NO APLICA,99,98,99,98,1,13/12/2022,4
48,Texas,483817,0,0,2,0,201,HARRIS (201),3280,HOUSTON,11,Noviembre,26,2022,1,44,I-610/NORTH LP,1,Interestatal,Urbano,Interestatal,State Highway Agency,1,Sin jurisdiccion especial,120,29.803225,-95.28089722,Vehiculo en movimiento,Frente a frente,Not an Intersection,No fue interseccion,Sobre calle,Ninguna,Oscuro con iluminacion,lluvia,No,NO APLICA,99,99,99,99,1,26/11/2022,2
48,Texas,483818,0,0,1,0,453,TRAVIS (453),330,AUSTIN,12,Diciembre,15,2022,22,57,CESAR CHAVEZ ST,6,Calle Local Municipalidad,Urbano,Arteria Menor,Not Reported,0,Sin jurisdiccion especial,0,30.26930833,-97.76153333,Arbol,El primer evento no fue una colision con un vehiculo automotor en transporte,Not an Intersection,No fue interseccion,Sobre el lado de la calle,Ninguna,Oscuro con iluminacion,Despejado,No,NO APLICA,99,98,99,98,1,15/12/2022,1
48,Texas,483819,0,0,2,0,453,TRAVIS (453),330,AUSTIN,12,Diciembre,17,2022,16,46,FM 734/PALMER LN,8,Otro,Urbano,Arteria Principal,Not Reported,1,Sin jurisdiccion especial,66,30.35378611,-97.59540278,Vehiculo en movimiento,Angulo,Not an Intersection,No fue interseccion,Sobre calle,Ninguna,Dia total,Despejado,No,NO APLICA,99,99,99,99,2,17/12/2022,6
48,Texas,483820,0,0,1,0,259,KENDALL (259),740,BOERNE,12,Diciembre,16,2022,15,33,I-10,1,Interestatal,Urbano,Interestatal,State Highway Agency,1,Sin jurisdiccion especial,189,29.78798611,-98.74813889,Barrera de Trafico de Concreto,El primer evento no fue una colision con un vehiculo automotor en transporte,Not an Intersection,No fue interseccion,Separador,Construccion,Dia total,Despejado,No,NO APLICA,99,98,99,98,1,16/12/2022,1
48,Texas,483821,0,0,1,0,215,HIDALGO (215),50,ALAMO,12,Diciembre,14,2022,13,27,I-2/US-83,1,Interestatal,Urbano,Interestatal,State Highway Agency,1,Sin jurisdiccion especial,325,26.18796111,-98.10198889,Barda,El primer evento no fue una colision con un vehiculo automotor en transporte,Not an Intersection,No fue interseccion,Sobre el lado de la calle,Ninguna,Dia total,Despejado,No,NO APLICA,99,99,99,99,1,14/12/2022,1
48,Texas,483822,1,1,1,0,201,HARRIS (201),0,NO APLICA,12,Diciembre,8,2022,1,53,FM 1960,8,Otro,Urbano,Arteria Principal,Not Reported,0,Sin jurisdiccion especial,132,30.01404722,-95.45079722,Peaton,El primer evento no fue una colision con un vehiculo automotor en transporte,Not an Intersection,No fue interseccion,Sobre calle,Ninguna,Oscuro con iluminacion,Despejado,No,NO APLICA,99,99,99,99,1,08/12/2022,1
48,Texas,483823,1,1,1,0,201,HARRIS (201),0,NO APLICA,12,Diciembre,13,2022,18,21,SR-6,3,Highway estatal,Urbano,Arteria Principal,Not Reported,1,Sin jurisdiccion especial,72,29.833975,-95.64578889,Peaton,El primer evento no fue una colision con un vehiculo automotor en transporte,T-Intersection,Interseccion de T,Sobre calle,Ninguna,Oscuro sin iluminacion,Nublado,No,NO APLICA,99,99,99,99,1,13/12/2022,1
48,Texas,483824,0,0,1,0,201,HARRIS (201),3280,HOUSTON,12,Diciembre,16,2022,1,13,BEECHNUT ST,6,Calle Local Municipalidad,Urbano,Arteria Menor,Not Reported,0,Sin jurisdiccion especial,0,29.68911389,-95.59495556,Poste de Señal de trafico,El primer evento no fue una colision con un vehiculo automotor en transporte,Not an Intersection,No fue interseccion,En el medio,Ninguna,Oscuro con iluminacion,Nublado,No,NO APLICA,99,99,99,99,1,16/12/2022,2
48,Texas,483825,1,1,1,0,201,HARRIS (201),3280,HOUSTON,12,Diciembre,15,2022,22,27,SR-6,3,Highway estatal,Urbano,Arteria Principal,Not Reported,1,Sin jurisdiccion especial,143,29.73115833,-95.64400278,Peaton,El primer evento no fue una colision con un vehiculo automotor en transporte,Not an Intersection,No fue interseccion,Sobre calle,Ninguna,Oscuro sin iluminacion,Despejado,No,NO APLICA,99,98,99,98,1,15/12/2022,1
48,Texas,483826,0,0,3,0,201,HARRIS (201),3280,HOUSTON,12,Diciembre,8,2022,2,0,I-610,1,Interestatal,Urbano,Interestatal,State Highway Agency,1,Sin jurisdiccion especial,351,29.74088889,-95.45835278,Vehiculo en movimiento,Frente a Detrás,Not an Intersection,No fue interseccion,Sobre calle,Ninguna,Oscuro con iluminacion,Despejado,No,NO APLICA,99,98,99,98,1,08/12/2022,1
48,Texas,483827,0,0,1,0,201,HARRIS (201),3280,HOUSTON,11,Noviembre,30,2022,23,55,LONG DR,6,Calle Local Municipalidad,Urbano,Arteria Menor,Not Reported,0,Sin jurisdiccion especial,0,29.69163889,-95.31643333,Arbol,El primer evento no fue una colision con un vehiculo automotor en transporte,Not an Intersection,No fue interseccion,En el medio,Ninguna,Oscuro con iluminacion,Despejado,No,NO APLICA,99,99,99,99,1,30/11/2022,1
48,Texas,483828,0,0,1,0,27,BELL (27),0,NO APLICA,12,Diciembre,20,2022,6,3,SR-95,3,Highway estatal,Rural,Arteria Menor,Not Reported,0,Sin jurisdiccion especial,18,30.94691389,-97.35357222,Suelo,El primer evento no fue una colision con un vehiculo automotor en transporte,Not an Intersection,No fue interseccion,Sobre el lado de la calle,Ninguna,Oscuro sin iluminacion,Nublado,No,NO APLICA,99,98,99,98,1,20/12/2022,1
48,Texas,483829,0,0,1,0,183,GREGG (183),2670,GLADEWATER,12,Diciembre,16,2022,22,6,SHELL CAMP RD,6,Calle Local Municipalidad,Urbano,Colector Mayor,Not Reported,0,Sin jurisdiccion especial,0,32.53986389,-94.92612778,Arbol,El primer evento no fue una colision con un vehiculo automotor en transporte,Not an Intersection,No fue interseccion,Sobre el lado de la calle,Ninguna,Oscuro con iluminacion,Despejado,No,NO APLICA,99,99,99,99,1,16/12/2022,1
48,Texas,483830,1,1,1,0,479,WEBB (479),3899,LAREDO,12,Diciembre,9,2022,20,23,GUADALUPE ST,6,Calle Local Municipalidad,Urbano,Colector Menor,Not Reported,0,Sin jurisdiccion especial,0,27.50656111,-99.46591944,Peaton,El primer evento no fue una colision con un vehiculo automotor en transporte,T-Intersection,Interseccion de T,Sobre calle,Ninguna,Oscuro con iluminacion,Despejado,No,NO APLICA,99,99,99,99,1,09/12/2022,1
48,Texas,483831,0,0,3,0,85,COLLIN (85),2520,FRISCO,12,Diciembre,19,2022,16,17,FM 3537,8,Otro,Urbano,Arteria Menor,Not Reported,0,Sin jurisdiccion especial,102,33.15295833,-96.80125556,Vehiculo en movimiento,Angulo,Not an Intersection,No fue interseccion,Sobre calle,Ninguna,Dia total,Despejado,No,NO APLICA,99,98,99,98,1,19/12/2022,5
48,Texas,483832,1,1,1,0,201,HARRIS (201),5230,PASADENA,12,Diciembre,3,2022,23,19,SR-225/PASADENA FWY,3,Highway estatal,Urbano,Arterial Principal -Freeway o ExpressWay,Not Reported,1,Sin jurisdiccion especial,30,29.70815833,-95.22698056,Peaton,El primer evento no fue una colision con un vehiculo automotor en transporte,Not an Intersection,No fue interseccion,Sobre calle,Ninguna,Oscuro sin iluminacion,Despejado,No,NO APLICA,99,98,99,98,1,03/12/2022,1
48,Texas,483833,1,1,1,0,141,EL PASO (141),2190,EL PASO,12,Diciembre,18,2022,19,3,NORTH LOOP DR,6,Calle Local Municipalidad,Urbano,Arteria Principal,Not Reported,1,Sin jurisdiccion especial,0,31.69623889,-106.311525,Peaton,El primer evento no fue una colision con un vehiculo automotor en transporte,Not an Intersection,No fue interseccion,Sobre calle,Ninguna,Oscuro con iluminacion,Despejado,No,NO APLICA,99,99,99,99,1,18/12/2022,2
48,Texas,483834,1,1,2,1,333,MILLS (333),0,NO APLICA,12,Diciembre,10,2022,18,9,US-183,2,US Highway,Rural,Arteria Principal,Not Reported,1,Sin jurisdiccion especial,88,31.36163333,-98.51309167,Peaton,El primer evento no fue una colision con un vehiculo automotor en transporte,Not an Intersection,No fue interseccion,Sobre Acotamiento,Ninguna,Oscuro sin iluminacion,Despejado,No,NO APLICA,99,98,99,98,1,10/12/2022,2
48,Texas,483835,1,1,2,0,29,BEXAR (29),0,NO APLICA,12,Diciembre,3,2022,18,22,I-35 SVRD/MONARCH HWY,7,Calle Local,Urbano,Colector Mayor,Not Reported,0,Sin jurisdiccion especial,378,29.56249722,-98.33898611,Peaton,El primer evento no fue una colision con un vehiculo automotor en transporte,Not an Intersection,No fue interseccion,Sobre calle,Ninguna,Oscuro sin iluminacion,Nublado,No,NO APLICA,99,98,99,98,1,03/12/2022,2
48,Texas,483836,1,1,1,0,453,TRAVIS (453),330,AUSTIN,12,Diciembre,14,2022,2,2,SR-71,7,Calle Local,Urbano,Colector Mayor,Not Reported,0,Sin jurisdiccion especial,18,30.22726944,-97.77364444,No vehiculo o remolque,El primer evento no fue una colision con un vehiculo automotor en transporte,T-Intersection,Interseccion de T,Sobre el lado de la calle,Ninguna,Oscuro sin iluminacion,Despejado,No,NO APLICA,99,99,99,99,1,14/12/2022,1
48,Texas,483837,0,0,1,0,419,SHELBY (419),0,NO APLICA,11,Noviembre,30,2022,15,40,FM 3172,8,Otro,Rural,Colector Mayor,Not Reported,0,Sin jurisdiccion especial,35,31.78159722,-93.88515278,Volcadura,El primer evento no fue una colision con un vehiculo automotor en transporte,Not an Intersection,No fue interseccion,Sobre el lado de la calle,Ninguna,Dia total,Despejado,No,NO APLICA,99,98,99,98,1,30/11/2022,1
48,Texas,483838,0,0,2,0,21,BASTROP (21),0,NO APLICA,12,Diciembre,8,2022,14,59,FM 969,8,Otro,Rural,Colector Mayor,Not Reported,0,Sin jurisdiccion especial,99998,30.17889167,-97.41960556,Vehiculo en movimiento,Frente a frente,T-Intersection,Interseccion de T,Sobre calle,Ninguna,Dia total,Despejado,No,NO APLICA,99,99,99,99,1,08/12/2022,3
48,Texas,483839,0,0,3,0,21,BASTROP (21),0,NO APLICA,12,Diciembre,14,2022,19,42,FM 969,8,Otro,Rural,Colector Mayor,Not Reported,0,Sin jurisdiccion especial,112,30.12667222,-97.36504722,Vehiculo en movimiento,Golpe Lateral - direccion contraria,Not an Intersection,No fue interseccion,Sobre calle,Ninguna,Oscuro sin iluminacion,Despejado,No,NO APLICA,99,99,99,99,1,14/12/2022,7
48,Texas,483842,1,1,1,0,113,DALLAS (113),31,ADDISON,12,Diciembre,15,2022,8,54,MARSH LN,6,Calle Local Municipalidad,Urbano,Arteria Menor,Not Reported,0,Sin jurisdiccion especial,0,32.94951389,-96.85553611,Ciclista,El primer evento no fue una colision con un vehiculo automotor en transporte,Four-Way Intersection,Interseccion de 4 direcciones,Sobre calle,Ninguna,Dia total,Despejado,No,NO APLICA,99,99,99,99,1,15/12/2022,1
48,Texas,483843,0,0,2,0,29,BEXAR (29),0,NO APLICA,12,Diciembre,1,2022,7,0,US-281S /CONGRESSMAN FMT MEM,2,US Highway,Rural,Arteria Menor,Not Reported,0,Sin jurisdiccion especial,124,29.15515278,-98.48292222,Vehiculo en movimiento,Angulo,Four-Way Intersection,Interseccion de 4 direcciones,Sobre calle,Ninguna,Amanecer,Nublado,No,NO APLICA,99,99,99,99,1,01/12/2022,2
48,Texas,483844,0,0,3,0,317,MARTIN (317),0,NO APLICA,12,Diciembre,11,2022,19,37,SR-349,3,Highway estatal,Rural,Arteria Principal,Not Reported,1,Sin jurisdiccion especial,101,32.39804444,-102.1249722,Vehiculo en movimiento,Frente a Detrás,Not an Intersection,No fue interseccion,Sobre calle,Ninguna,Oscuro sin iluminacion,Neblina o Humo,No,NO APLICA,99,98,99,98,1,11/12/2022,3
48,Texas,483845,0,0,2,1,251,JOHNSON (251),1370,CLEBURNE,12,Diciembre,13,2022,10,53,WOODARD AVE,6,Calle Local Municipalidad,Urbano,Colector Mayor,Not Reported,0,Sin jurisdiccion especial,0,32.34331389,-97.42189167,Vehiculo Aparcado,El primer evento no fue una colision con un vehiculo automotor en transporte,Not an Intersection,No fue interseccion,En estacionamiento,Ninguna,Dia total,Nublado,No,NO APLICA,99,99,99,99,1,13/12/2022,2
48,Texas,483846,0,0,2,0,439,TARRANT (439),0,NO APLICA,12,Diciembre,15,2022,19,59,FM 1187,8,Otro,Urbano,Arteria Principal,Not Reported,1,Sin jurisdiccion especial,38,32.576175,-97.48891111,Vehiculo en movimiento,Angulo,Four-Way Intersection,Interseccion de 4 direcciones,Sobre calle,Ninguna,Oscuro sin iluminacion,Despejado,No,NO APLICA,99,99,99,99,1,15/12/2022,4
48,Texas,483848,0,0,1,0,209,HAYS (209),6170,SAN MARCOS,12,Diciembre,15,2022,12,1,I-35,1,Interestatal,Urbano,Interestatal,State Highway Agency,1,Sin jurisdiccion especial,62,29.86565556,-97.94305278,Valla para choques,El primer evento no fue una colision con un vehiculo automotor en transporte,Not an Intersection,No fue interseccion,Gore?,Construccion,Dia total,Despejado,No,NO APLICA,99,98,99,98,1,15/12/2022,1
48,Texas,483849,1,1,1,0,135,ECTOR (135),5030,ODESSA,12,Diciembre,20,2022,7,3,FM 1882,8,Otro,Urbano,Arteria Menor,Not Reported,0,Sin jurisdiccion especial,80,31.91341667,-102.4122944,Peaton,El primer evento no fue una colision con un vehiculo automotor en transporte,Not an Intersection,No fue interseccion,Sobre Acotamiento,Ninguna,Oscuro sin iluminacion,Despejado,No,NO APLICA,99,98,99,98,1,20/12/2022,1
48,Texas,483850,0,0,2,0,135,ECTOR (135),5030,ODESSA,12,Diciembre,10,2022,1,15,SR-191,3,Highway estatal,Urbano,Arteria Principal,Not Reported,1,Sin jurisdiccion especial,62,31.89352778,-102.3340306,Vehiculo en movimiento,Frente a Detrás,Four-Way Intersection,Interseccion de 4 direcciones,Sobre calle,Ninguna,Oscuro con iluminacion,Despejado,No,NO APLICA,99,99,99,99,2,10/12/2022,3
48,Texas,483851,0,0,2,0,317,MARTIN (317),0,NO APLICA,12,Diciembre,14,2022,9,30,SR-349,3,Highway estatal,Rural,Arteria Principal,Not Reported,1,Sin jurisdiccion especial,89,32.19990556,-102.1301556,Vehiculo en movimiento,Frente a Detrás,Not an Intersection,No fue interseccion,Sobre calle,Ninguna,Dia total,Despejado,No,NO APLICA,99,99,99,99,1,14/12/2022,2
48,Texas,483852,0,0,2,0,317,MARTIN (317),0,NO APLICA,12,Diciembre,20,2022,5,58,I-20,1,Interestatal,Urbano,Interestatal,State Highway Agency,1,Sin jurisdiccion especial,132,32.16271667,-101.69835,Vehiculo en movimiento,Frente a Detrás,Not an Intersection,No fue interseccion,Sobre calle,Ninguna,Oscuro sin iluminacion,Despejado,No,NO APLICA,99,99,99,99,1,20/12/2022,2
48,Texas,483853,1,1,1,0,21,BASTROP (21),0,NO APLICA,12,Diciembre,15,2022,18,2,FM 1441,8,Otro,Urbano,Colector Mayor,Not Reported,0,Sin jurisdiccion especial,2,30.15878611,-97.31589167,No vehiculo o remolque,El primer evento no fue una colision con un vehiculo automotor en transporte,Not an Intersection,No fue interseccion,Sobre calle,Ninguna,Oscuro sin iluminacion,Despejado,No,NO APLICA,99,98,99,98,1,15/12/2022,2
48,Texas,483854,0,0,1,0,463,UVALDE (463),0,NO APLICA,12,Diciembre,14,2022,14,41,FM 481,8,Otro,Rural,Colector Mayor,Not Reported,0,Sin jurisdiccion especial,162,29.10255833,-99.93902222,Volcadura,El primer evento no fue una colision con un vehiculo automotor en transporte,Not an Intersection,No fue interseccion,Sobre el lado de la calle,Ninguna,Dia total,Despejado,No,NO APLICA,99,99,99,99,1,14/12/2022,4
48,Texas,483855,0,0,3,0,201,HARRIS (201),0,NO APLICA,3,Marzo,26,2022,21,32,CR-FRY RD,4,Calle del Condado,Urbano,Local,Not Reported,0,Sin jurisdiccion especial,0,29.93003333,-95.72828611,Banqueta,El primer evento no fue una colision con un vehiculo automotor en transporte,Not an Intersection,No fue interseccion,En el medio,Ninguna,Oscuro sin iluminacion,Despejado,No,NO APLICA,99,99,99,99,1,26/03/2022,5
48,Texas,483856,1,1,1,0,201,HARRIS (201),0,NO APLICA,12,Diciembre,15,2022,5,49,CR-PARK ROW DR,4,Calle del Condado,Urbano,Arteria Menor,Not Reported,0,Sin jurisdiccion especial,0,29.79039444,-95.70620278,Ciclista,El primer evento no fue una colision con un vehiculo automotor en transporte,Four-Way Intersection,Interseccion de 4 direcciones,Sobre calle,Ninguna,Oscuro sin iluminacion,Despejado,No,NO APLICA,99,99,99,99,1,15/12/2022,1
48,Texas,483857,0,0,2,0,19,BANDERA (19),0,NO APLICA,12,Diciembre,21,2022,8,33,FM 1283,8,Otro,Rural,Colector Mayor,Not Reported,0,Sin jurisdiccion especial,87,29.61110278,-98.932375,Vehiculo en movimiento,Frente a frente,Not an Intersection,No fue interseccion,Sobre calle,Ninguna,Dia total,Nublado,No,NO APLICA,99,99,99,99,2,21/12/2022,3
48,Texas,483858,0,0,2,0,367,PARKER (367),0,NO APLICA,12,Diciembre,15,2022,14,16,FM 51,8,Otro,Rural,Arteria Menor,Not Reported,0,Sin jurisdiccion especial,86,32.90035278,-97.72708056,Vehiculo en movimiento,Frente a frente,T-Intersection,Interseccion de T,Sobre calle,Ninguna,Dia total,Despejado,No,NO APLICA,99,99,99,99,1,15/12/2022,2
48,Texas,483859,0,0,2,0,491,WILLIAMSON (491),0,NO APLICA,12,Diciembre,16,2022,8,55,US-79,2,US Highway,Rural,Arteria Principal,Not Reported,1,Sin jurisdiccion especial,115,30.54988889,-97.50800278,Vehiculo en movimiento,Angulo,T-Intersection,Interseccion de T,Sobre calle,Ninguna,Dia total,Nublado,No,NO APLICA,99,98,99,98,1,16/12/2022,2