Estado,Nombre de Estado,Numero de Caso,Peatones,Personas _no_vehiculos,Vehiculos automotores,Vehiculos estacionados,Condado,Nombre Condado,Ciudad,Nombre Ciudad,Mes,Nombre Mes,Dia,Año,Hora,Minuto,Calle,Ruta,Nombre Ruta,Rural o Urbanoo,Sistema Funcional,Dueño Calle,Sistema Nacional Carreteras,Jurisdiccion Especial,Milla,Latitud,Longitud,Causa del Accidente,Tipo de Accidente,Tipo Interseccion,Columna1,Lugar en la calle,Zona de Trabajo,Luz,Clima,Autobus Escolar,Cruce de Trenes,Hora Notificacion,Minuto Notificacion,Hora Llegada,Minuto Llegada,Decesos,Fecha,PersonaVehiculo
48,Texas,483860,0,0,2,1,439,TARRANT (439),2450,FORT WORTH,12,Diciembre,21,2022,19,29,MILLER AVE,6,Calle Local Municipalidad,Urbano,Arteria Menor,Not Reported,0,Sin jurisdiccion especial,0,32.70340833,-97.2631,Vehiculo Aparcado,El primer evento no fue una colision con un vehiculo automotor en transporte,Not an Intersection,No fue interseccion,Fuera de la calle,Ninguna,Oscuro con iluminacion,Despejado,No,NO APLICA,99,99,99,99,1,21/12/2022,1
48,Texas,483861,1,1,1,0,85,COLLIN (85),3913,LAVON,12,Diciembre,13,2022,6,9,SR-78,3,Highway estatal,Urbano,Arteria Principal,Not Reported,1,Sin jurisdiccion especial,289,33.02239722,-96.45323889,Peaton,El primer evento no fue una colision con un vehiculo automotor en transporte,Not an Intersection,No fue interseccion,Sobre calle,Ninguna,Oscuro sin iluminacion,Nublado,No,NO APLICA,99,99,99,99,1,13/12/2022,1
48,Texas,483863,0,0,2,1,463,UVALDE (463),7090,UVALDE,12,Diciembre,8,2022,6,51,GARDEN ST,6,Calle Local Municipalidad,Urbano,Local,Not Reported,0,Sin jurisdiccion especial,0,29.20685278,-99.78959167,Arbol,El primer evento no fue una colision con un vehiculo automotor en transporte,Four-Way Intersection,Interseccion de 4 direcciones,Isla de trafico para peatones,Ninguna,Oscuro sin iluminacion,Despejado,No,NO APLICA,99,98,99,98,1,08/12/2022,1
48,Texas,483864,0,0,1,0,27,BELL (27),0,NO APLICA,12,Diciembre,15,2022,14,25,FM 2843,8,Otro,Rural,Colector Mayor,Not Reported,0,Sin jurisdiccion especial,109,30.91138889,-97.66036944,Arbol,El primer evento no fue una colision con un vehiculo automotor en transporte,Not an Intersection,No fue interseccion,Sobre el lado de la calle,Ninguna,Dia total,Despejado,No,NO APLICA,99,99,99,99,1,15/12/2022,1
48,Texas,483865,0,0,1,0,333,MILLS (333),0,NO APLICA,12,Diciembre,14,2022,16,48,FM 573,8,Otro,Rural,Colector Mayor,Not Reported,0,Sin jurisdiccion especial,76,31.59511944,-98.65225556,Arbol,El primer evento no fue una colision con un vehiculo automotor en transporte,Not an Intersection,No fue interseccion,Sobre el lado de la calle,Ninguna,Dia total,Despejado,No,NO APLICA,99,98,99,98,1,14/12/2022,1
48,Texas,483866,1,1,3,0,201,HARRIS (201),0,NO APLICA,12,Diciembre,17,2022,22,38,I-45,7,Calle Local,Urbano,Colector Mayor,State Highway Agency,0,Sin jurisdiccion especial,408,29.98749167,-95.42414722,Peaton,El primer evento no fue una colision con un vehiculo automotor en transporte,Not an Intersection,No fue interseccion,Sobre calle,Ninguna,Oscuro sin iluminacion,Despejado,No,NO APLICA,99,98,99,98,1,17/12/2022,3
48,Texas,483867,1,1,1,0,201,HARRIS (201),3280,HOUSTON,12,Diciembre,11,2022,5,0,I-10/KATY FWY,1,Interestatal,Urbano,Interestatal,State Toll Road,1,Sin jurisdiccion especial,208,29.78411944,-95.46865,Peaton,El primer evento no fue una colision con un vehiculo automotor en transporte,Not an Intersection,No fue interseccion,Sobre calle,Ninguna,Oscuro con iluminacion,lluvia,No,NO APLICA,99,99,99,99,1,11/12/2022,1
48,Texas,483868,0,0,3,0,113,DALLAS (113),1730,DALLAS,12,Diciembre,22,2022,13,43,TL 5/DALLAS NORTH TOLLWAY,8,Otro,Urbano,Arterial Principal -Freeway o ExpressWay,State Toll Road,0,Sin jurisdiccion especial,0,32.80190556,-96.81654722,Vehiculo en movimiento,Frente a Detrás,Not an Intersection,No fue interseccion,Sobre calle,Ninguna,Dia total,Nieve,No,NO APLICA,99,99,99,99,2,22/12/2022,5
48,Texas,483869,0,0,1,0,281,LAMPASAS (281),0,NO APLICA,12,Diciembre,20,2022,12,54,FM 580,8,Otro,Rural,Colector Mayor,Not Reported,0,Sin jurisdiccion especial,112,31.10853611,-98.37186111,Culvert,El primer evento no fue una colision con un vehiculo automotor en transporte,Not an Intersection,No fue interseccion,Sobre el lado de la calle,Ninguna,Dia total,lluvia,No,NO APLICA,99,99,99,99,1,20/12/2022,1
48,Texas,483870,0,0,2,0,453,TRAVIS (453),0,NO APLICA,12,Diciembre,16,2022,19,46,FM 812,8,Otro,Urbano,Arteria Menor,Not Reported,0,Sin jurisdiccion especial,21,30.14536944,-97.67338333,Vehiculo en movimiento,Angulo,Y-Intersection,Interseccion de Y,Sobre calle,Ninguna,Oscuro sin iluminacion,Nublado,No,NO APLICA,99,98,99,98,1,16/12/2022,2
48,Texas,483871,0,0,2,0,273,KLEBERG (273),0,NO APLICA,12,Diciembre,6,2022,17,54,SR-285,3,Highway estatal,Rural,Arteria Menor,Not Reported,0,Sin jurisdiccion especial,105,27.28261389,-97.82820556,Vehiculo en movimiento,Frente a frente,Not an Intersection,No fue interseccion,Sobre calle,Ninguna,Oscuro sin iluminacion,Nublado,No,NO APLICA,99,99,99,99,1,06/12/2022,3
48,Texas,483872,0,0,1,0,175,GOLIAD (175),0,NO APLICA,12,Diciembre,15,2022,0,30,US-59,2,US Highway,Rural,Arteria Principal,Not Reported,1,Sin jurisdiccion especial,115,28.67503889,-97.34460556,Volcadura,El primer evento no fue una colision con un vehiculo automotor en transporte,Not an Intersection,No fue interseccion,En el medio,Ninguna,Oscuro sin iluminacion,Nublado,No,NO APLICA,99,99,99,99,1,15/12/2022,4
48,Texas,483873,0,0,1,0,409,SAN PATRICIO (409),0,NO APLICA,12,Diciembre,16,2022,16,40,CR-2249,4,Calle del Condado,Rural,Local,Not Reported,0,Sin jurisdiccion especial,0,28.05737778,-97.57273056,Culvert,El primer evento no fue una colision con un vehiculo automotor en transporte,Not an Intersection,No fue interseccion,Sobre el lado de la calle,Ninguna,Dia total,Despejado,No,NO APLICA,99,98,99,98,1,16/12/2022,1
48,Texas,483874,0,0,2,0,239,JACKSON (239),0,NO APLICA,12,Diciembre,21,2022,15,37,SR-172,3,Highway estatal,Rural,Colector Mayor,Not Reported,0,Sin jurisdiccion especial,158,28.81987778,-96.463725,Vehiculo en movimiento,Frente a frente,Not an Intersection,No fue interseccion,Sobre calle,Ninguna,Dia total,Despejado,No,NO APLICA,99,99,99,99,2,21/12/2022,3
48,Texas,483875,0,0,1,0,409,SAN PATRICIO (409),0,NO APLICA,12,Diciembre,18,2022,17,55,CR-1196,4,Calle del Condado,Rural,Local,Not Reported,0,Sin jurisdiccion especial,0,28.02856111,-97.52593056,Arbol,El primer evento no fue una colision con un vehiculo automotor en transporte,Not an Intersection,No fue interseccion,Sobre el lado de la calle,Ninguna,Oscuro sin iluminacion,Despejado,No,NO APLICA,99,99,99,99,1,18/12/2022,1
48,Texas,483876,1,1,2,0,339,MONTGOMERY (339),0,NO APLICA,12,Diciembre,13,2022,18,30,FM 1485,8,Otro,Urbano,Colector Mayor,Not Reported,0,Sin jurisdiccion especial,260,30.16176667,-95.23039167,Peaton,El primer evento no fue una colision con un vehiculo automotor en transporte,Not an Intersection,No fue interseccion,Sobre calle,Ninguna,Oscuro sin iluminacion,lluvia,No,NO APLICA,99,98,99,98,1,13/12/2022,4
48,Texas,483877,0,0,1,0,61,CAMERON (61),940,BROWNSVILLE,12,Diciembre,24,2022,19,22,14TH ST,6,Calle Local Municipalidad,Urbano,Arteria Menor,Not Reported,0,Sin jurisdiccion especial,0,25.90414444,-97.49152222,Barda,El primer evento no fue una colision con un vehiculo automotor en transporte,Not an Intersection,No fue interseccion,Fuera de la calle,Ninguna,Oscuro con iluminacion,Despejado,No,NO APLICA,99,98,99,98,1,24/12/2022,1
48,Texas,483878,0,0,2,1,39,BRAZORIA (39),5249,PEARLAND,12,Diciembre,25,2022,18,42,SOUTHDOWN DR,6,Calle Local Municipalidad,Urbano,Colector Menor,Not Reported,0,Sin jurisdiccion especial,0,29.57504722,-95.36985278,Vehiculo Aparcado,El primer evento no fue una colision con un vehiculo automotor en transporte,Not an Intersection,No fue interseccion,En estacionamiento,Ninguna,Oscuro con iluminacion,Despejado,No,NO APLICA,18,44,18,58,1,25/12/2022,3
48,Texas,483879,0,0,2,0,29,BEXAR (29),6090,SAN ANTONIO,12,Diciembre,26,2022,10,45,BULVERDE RD,6,Calle Local Municipalidad,Urbano,Arteria Menor,Not Reported,0,Sin jurisdiccion especial,0,29.62170833,-98.42323056,Vehiculo en movimiento,Angulo,Not an Intersection,No fue interseccion,Sobre calle,Ninguna,Dia total,Despejado,No,NO APLICA,10,52,11,0,1,26/12/2022,2
48,Texas,483880,0,0,2,0,201,HARRIS (201),0,NO APLICA,12,Diciembre,15,2022,23,19,SR-249/MOUNT HOUSTON RD,3,Highway estatal,Urbano,Arteria Principal,Not Reported,1,Sin jurisdiccion especial,99998,29.89796389,-95.42933611,Vehiculo en movimiento,Angulo,Four-Way Intersection,Interseccion de 4 direcciones,Sobre calle,Ninguna,Oscuro con iluminacion,Despejado,No,NO APLICA,99,99,99,99,1,15/12/2022,2
48,Texas,483881,0,0,1,0,439,TARRANT (439),2450,FORT WORTH,12,Diciembre,23,2022,1,40,MCCART AVE,6,Calle Local Municipalidad,Urbano,Colector Mayor,Not Reported,0,Sin jurisdiccion especial,0,32.61305278,-97.3725,Zanja,El primer evento no fue una colision con un vehiculo automotor en transporte,Not an Intersection,No fue interseccion,Fuera de la calle,Ninguna,Oscuro sin iluminacion,Despejado,No,NO APLICA,99,99,99,99,2,23/12/2022,2
48,Texas,483882,1,1,1,0,97,COOKE (97),9997,Other,12,Diciembre,21,2022,19,56,US-82,2,US Highway,Rural,Arteria Principal,Not Reported,1,Sin jurisdiccion especial,261,33.65029167,-97.04108056,Peaton,El primer evento no fue una colision con un vehiculo automotor en transporte,Not an Intersection,No fue interseccion,Sobre calle,Ninguna,Oscuro sin iluminacion,Despejado,No,NO APLICA,99,98,99,98,1,21/12/2022,2
48,Texas,483883,0,0,1,0,215,HIDALGO (215),0,NO APLICA,11,Noviembre,2,2022,9,55,CR-7 MILE LINE RD,4,Calle del Condado,Rural,Local,Not Reported,0,Sin jurisdiccion especial,0,26.33976389,-98.47905278,Volcadura,El primer evento no fue una colision con un vehiculo automotor en transporte,Not an Intersection,No fue interseccion,Sobre el lado de la calle,Ninguna,Dia total,Despejado,No,NO APLICA,99,99,99,99,1,02/11/2022,12
48,Texas,483884,1,1,1,0,245,JEFFERSON (245),490,BEAUMONT,12,Diciembre,8,2022,17,52,I-10,1,Interestatal,Urbano,Interestatal,State Highway Agency,1,Sin jurisdiccion especial,25,30.09591389,-94.1231,Peaton,El primer evento no fue una colision con un vehiculo automotor en transporte,Not an Intersection,No fue interseccion,Sobre calle,Ninguna,Atardecer,Despejado,No,NO APLICA,99,98,99,98,1,08/12/2022,1
48,Texas,483885,0,0,2,0,147,FANNIN (147),0,NO APLICA,12,Diciembre,27,2022,12,39,SR-11,3,Highway estatal,Rural,Colector Mayor,Not Reported,0,Sin jurisdiccion especial,167,33.41911111,-96.12988333,Vehiculo en movimiento,Frente a Detrás,T-Intersection,Interseccion de T,Sobre calle,Ninguna,Dia total,Despejado,No,NO APLICA,99,98,99,98,1,27/12/2022,3
48,Texas,483886,0,0,3,0,201,HARRIS (201),3280,HOUSTON,11,Noviembre,20,2022,1,40,BEECHNUT ST,6,Calle Local Municipalidad,Urbano,Arteria Menor,Not Reported,0,Sin jurisdiccion especial,0,29.68945,-95.55792778,Vehiculo en movimiento,Angulo,T-Intersection,Interseccion de T,Sobre calle,Ninguna,Oscuro con iluminacion,lluvia,No,NO APLICA,99,99,99,99,1,20/11/2022,3
48,Texas,483887,0,0,1,0,29,BEXAR (29),6090,SAN ANTONIO,12,Diciembre,21,2022,2,34,I-410/CONNALLY LOOP,1,Interestatal,Urbano,Interestatal,State Highway Agency,1,Sin jurisdiccion especial,94,29.44118056,-98.64010833,Valla para choques,El primer evento no fue una colision con un vehiculo automotor en transporte,Not an Intersection,No fue interseccion,Gore?,Ninguna,Oscuro con iluminacion,Despejado,No,NO APLICA,99,99,99,99,1,21/12/2022,2
48,Texas,483888,0,0,2,0,201,HARRIS (201),0,NO APLICA,12,Diciembre,6,2022,4,53,FM 529,8,Otro,Urbano,Arteria Principal,Not Reported,1,Sin jurisdiccion especial,153,29.879775,-95.60244722,Vehiculo en movimiento,Angulo,Four-Way Intersection,Interseccion de 4 direcciones,Sobre calle,Ninguna,Oscuro con iluminacion,Despejado,No,NO APLICA,99,98,99,98,1,06/12/2022,2
48,Texas,483889,0,0,2,0,113,DALLAS (113),1730,DALLAS,12,Diciembre,17,2022,20,49,SR-352/SCYENE RD,3,Highway estatal,Urbano,Arteria Principal,Not Reported,1,Sin jurisdiccion especial,19,32.7658,-96.71941111,Vehiculo en movimiento,Frente a frente,Four-Way Intersection,Interseccion de 4 direcciones,Sobre calle,Ninguna,Oscuro con iluminacion,Despejado,No,NO APLICA,99,99,99,99,1,17/12/2022,3
48,Texas,483890,1,1,2,0,209,HAYS (209),6170,SAN MARCOS,12,Diciembre,4,2022,19,22,I-35/PURPLE HEART TRL,1,Interestatal,Urbano,Interestatal,State Highway Agency,1,Sin jurisdiccion especial,97,29.90101111,-97.90502778,Peaton,El primer evento no fue una colision con un vehiculo automotor en transporte,Not an Intersection,No fue interseccion,Sobre calle,Ninguna,Oscuro con iluminacion,Despejado,No,NO APLICA,99,98,99,98,1,04/12/2022,4
48,Texas,483891,0,0,1,0,305,LYNN (305),0,NO APLICA,12,Diciembre,14,2022,20,0,FM 2053,8,Otro,Rural,Colector Mayor,Not Reported,0,Sin jurisdiccion especial,18,32.97664722,-101.800825,Volcadura,El primer evento no fue una colision con un vehiculo automotor en transporte,Not an Intersection,No fue interseccion,Sobre el lado de la calle,Ninguna,Oscuro sin iluminacion,Despejado,No,NO APLICA,99,99,99,99,2,14/12/2022,3
48,Texas,483892,0,0,1,0,481,WHARTON (481),2675,GLEN FLORA,12,Diciembre,22,2022,20,2,CR-247,4,Calle del Condado,Rural,Local,Not Reported,0,Sin jurisdiccion especial,0,29.34934167,-96.19243889,Poste,El primer evento no fue una colision con un vehiculo automotor en transporte,Not an Intersection,No fue interseccion,Sobre el lado de la calle,Ninguna,Oscuro sin iluminacion,Despejado,No,NO APLICA,99,99,99,99,1,22/12/2022,1
48,Texas,483893,0,0,1,0,491,WILLIAMSON (491),0,NO APLICA,12,Diciembre,12,2022,18,25,SR-138,3,Highway estatal,Rural,Colector Mayor,Not Reported,0,Sin jurisdiccion especial,38,30.84146111,-97.86569444,Volcadura,El primer evento no fue una colision con un vehiculo automotor en transporte,Not an Intersection,No fue interseccion,Sobre el lado de la calle,Ninguna,Oscuro sin iluminacion,lluvia,No,NO APLICA,99,99,99,99,1,12/12/2022,2
48,Texas,483894,0,0,2,0,143,ERATH (143),0,NO APLICA,12,Diciembre,22,2022,20,30,US-67,2,US Highway,Rural,Arteria Principal,Not Reported,1,Sin jurisdiccion especial,75,32.16269444,-98.28429167,Vehiculo en movimiento,Frente a frente,Not an Intersection,No fue interseccion,Sobre calle,Ninguna,Oscuro sin iluminacion,Despejado,No,NO APLICA,99,98,99,98,2,22/12/2022,2
48,Texas,483895,0,0,1,0,121,DENTON (121),0,NO APLICA,12,Diciembre,18,2022,2,24,CR-INDIAN TRL,4,Calle del Condado,Rural,Local,Not Reported,0,Sin jurisdiccion especial,0,33.32749167,-97.2644,Zanja,El primer evento no fue una colision con un vehiculo automotor en transporte,Not an Intersection,No fue interseccion,Sobre el lado de la calle,Construccion,Oscuro sin iluminacion,Despejado,No,NO APLICA,99,99,99,99,1,18/12/2022,1
48,Texas,483896,0,0,3,0,113,DALLAS (113),1190,CARROLLTON,12,Diciembre,13,2022,16,26,SR-190/PRESIDENT GEORGE BUSH,3,Highway estatal,Urbano,Arterial Principal -Freeway o ExpressWay,State Toll Road,0,Sin jurisdiccion especial,5,32.98339722,-96.92185833,Vehiculo en movimiento,Frente a Detrás,Not an Intersection,No fue interseccion,Sobre calle,Ninguna,Dia total,Despejado,No,NO APLICA,99,98,99,98,1,13/12/2022,3
48,Texas,483897,1,1,1,0,453,TRAVIS (453),330,AUSTIN,11,Noviembre,30,2022,8,37,SR-71/BEN WHITE BLVD,7,Calle Local,Urbano,Colector Mayor,Not Reported,0,Sin jurisdiccion especial,87,30.21828056,-97.69035556,Peaton,El primer evento no fue una colision con un vehiculo automotor en transporte,Four-Way Intersection,Interseccion de 4 direcciones,Sobre calle,Ninguna,Dia total,Despejado,No,NO APLICA,99,99,99,99,1,30/11/2022,4
48,Texas,483898,0,0,3,0,491,WILLIAMSON (491),5990,ROUND ROCK,12,Diciembre,21,2022,12,34,RM 1431,8,Otro,Urbano,Arteria Principal,Not Reported,1,Sin jurisdiccion especial,79,30.55143611,-97.73438889,Valla Ferrocarril,El primer evento no fue una colision con un vehiculo automotor en transporte,Not an Intersection,No fue interseccion,Sobre el lado de la calle,Ninguna,Dia total,Nublado,No,NO APLICA,99,99,99,99,1,21/12/2022,3
48,Texas,483899,1,1,1,0,259,KENDALL (259),740,BOERNE,12,Diciembre,27,2022,18,51,US-87/MAIN ST,2,US Highway,Urbano,Arteria Principal,Not Reported,1,Sin jurisdiccion especial,251,29.78539722,-98.72899167,Peaton,El primer evento no fue una colision con un vehiculo automotor en transporte,Four-Way Intersection,Interseccion de 4 direcciones,Sobre calle,Ninguna,Oscuro con iluminacion,Despejado,No,NO APLICA,99,99,99,99,1,27/12/2022,1
48,Texas,483900,0,0,3,0,439,TARRANT (439),2450,FORT WORTH,12,Diciembre,26,2022,4,56,I-35,1,Interestatal,Urbano,Interestatal,State Highway Agency,1,Sin jurisdiccion especial,41,32.59710278,-97.31935833,Vehiculo en movimiento,Frente a Detrás,Not an Intersection,No fue interseccion,Sobre calle,Ninguna,Oscuro con iluminacion,Despejado,No,NO APLICA,99,99,99,99,1,26/12/2022,3
48,Texas,483901,0,0,6,0,491,WILLIAMSON (491),2620,GEORGETOWN,12,Diciembre,17,2022,17,0,SR-29,3,Highway estatal,Rural,Arteria Principal,Not Reported,1,Sin jurisdiccion especial,91,30.63455278,-97.72738333,Vehiculo en movimiento,Golpe Lateral - direccion contraria,Not an Intersection,No fue interseccion,Sobre calle,Ninguna,Dia total,Despejado,No,NO APLICA,99,99,99,99,2,17/12/2022,12
48,Texas,483902,0,0,1,0,389,REEVES (389),0,NO APLICA,12,Diciembre,7,2022,10,6,I-10,1,Interestatal,Rural,Interestatal,State Highway Agency,1,Sin jurisdiccion especial,231,31.00530278,-103.7239389,Valla Ferrocarril,El primer evento no fue una colision con un vehiculo automotor en transporte,Not an Intersection,No fue interseccion,Separador,Ninguna,Dia total,Despejado,No,NO APLICA,99,98,99,98,1,07/12/2022,1
48,Texas,483903,0,0,2,0,439,TARRANT (439),260,ARLINGTON,12,Diciembre,21,2022,7,57,OAK ST,6,Calle Local Municipalidad,Urbano,Local,Not Reported,0,Sin jurisdiccion especial,0,32.74046667,-97.10933333,Vehiculo en movimiento,Angulo,Four-Way Intersection,Interseccion de 4 direcciones,Sobre calle,Ninguna,Dia total,Despejado,No,NO APLICA,99,99,99,99,1,21/12/2022,2
48,Texas,483904,0,0,1,0,163,FRIO (163),0,NO APLICA,12,Diciembre,16,2022,7,51,I-35,1,Interestatal,Rural,Interestatal,State Highway Agency,1,Sin jurisdiccion especial,319,29.05867778,-99.00408056,Volcadura,El primer evento no fue una colision con un vehiculo automotor en transporte,Not an Intersection,No fue interseccion,Sobre el lado de la calle,Ninguna,Dia total,Despejado,No,NO APLICA,99,99,99,99,2,16/12/2022,8
48,Texas,483905,0,2,2,1,113,DALLAS (113),1730,DALLAS,12,Diciembre,13,2022,9,45,SR-408 SPUR/PATRIOT PKWY,3,Highway estatal,Urbano,Arterial Principal -Freeway o ExpressWay,Not Reported,1,Sin jurisdiccion especial,28,32.70379722,-96.93364167,Vehiculo Aparcado,El primer evento no fue una colision con un vehiculo automotor en transporte,Not an Intersection,No fue interseccion,En el medio,Ninguna,Dia total,lluvia,No,NO APLICA,99,99,99,99,1,13/12/2022,1
48,Texas,483906,0,0,2,0,113,DALLAS (113),1730,DALLAS,12,Diciembre,18,2022,1,16,US-75/CENTRAL EXPWY,2,US Highway,Urbano,Arterial Principal -Freeway o ExpressWay,Not Reported,1,Sin jurisdiccion especial,100,32.85637778,-96.77031389,Barrera de Trafico de Concreto,El primer evento no fue una colision con un vehiculo automotor en transporte,Not an Intersection,No fue interseccion,En el medio,Ninguna,Oscuro con iluminacion,Despejado,No,NO APLICA,99,99,99,99,1,18/12/2022,2
48,Texas,483907,0,0,2,0,113,DALLAS (113),1730,DALLAS,12,Diciembre,17,2022,16,33,I-45,1,Interestatal,Urbano,Interestatal,State Highway Agency,1,Sin jurisdiccion especial,44,32.71083611,-96.75570556,Vehiculo en movimiento,Frente a Detrás,Not an Intersection,No fue interseccion,Sobre calle,Ninguna,Dia total,Despejado,No,NO APLICA,99,99,99,99,1,17/12/2022,3
48,Texas,483908,1,1,1,0,453,TRAVIS (453),330,AUSTIN,12,Diciembre,22,2022,19,49,SR-343 LOOP/LAMAR BLVD,3,Highway estatal,Urbano,Arteria Menor,Not Reported,0,Sin jurisdiccion especial,54,30.23478611,-97.79560833,Peaton,El primer evento no fue una colision con un vehiculo automotor en transporte,Not an Intersection,No fue interseccion,Sobre calle,Ninguna,Oscuro - iluminacion desconocida,Despejado,No,NO APLICA,99,99,99,99,1,22/12/2022,1
48,Texas,483909,1,1,1,0,51,BURLESON (51),0,NO APLICA,12,Diciembre,20,2022,19,44,SR-21,3,Highway estatal,Rural,Arteria Principal,Not Reported,1,Sin jurisdiccion especial,85,30.50674722,-96.73568333,Peaton,El primer evento no fue una colision con un vehiculo automotor en transporte,Not an Intersection,No fue interseccion,Sobre calle,Ninguna,Oscuro sin iluminacion,Nublado,No,NO APLICA,99,98,99,98,1,20/12/2022,1
48,Texas,483910,0,0,2,0,257,KAUFMAN (257),0,NO APLICA,12,Diciembre,23,2022,23,33,US-80,2,US Highway,Rural,Arteria Principal,Not Reported,0,Sin jurisdiccion especial,201,32.72650833,-96.1919,Vehiculo en movimiento,Frente a frente,Not an Intersection,No fue interseccion,Sobre calle,Ninguna,Oscuro sin iluminacion,Despejado,No,NO APLICA,99,99,99,99,2,23/12/2022,3
48,Texas,483911,0,0,1,0,201,HARRIS (201),3280,HOUSTON,12,Diciembre,19,2022,11,25,SHEPHERD DR,6,Calle Local Municipalidad,Urbano,Arteria Principal,Not Reported,0,Sin jurisdiccion especial,33,29.82959444,-95.41038889,Arbol,El primer evento no fue una colision con un vehiculo automotor en transporte,Not an Intersection,No fue interseccion,Fuera de la calle,Ninguna,Dia total,lluvia,No,NO APLICA,99,99,99,99,1,19/12/2022,1
48,Texas,483912,0,0,1,0,73,CHEROKEE (73),0,NO APLICA,12,Diciembre,19,2022,16,15,FM 241,8,Otro,Rural,Colector Mayor,Not Reported,0,Sin jurisdiccion especial,60,31.71497222,-95.08449444,Culvert,El primer evento no fue una colision con un vehiculo automotor en transporte,Not an Intersection,No fue interseccion,Sobre el lado de la calle,Ninguna,Dia total,lluvia,No,NO APLICA,99,99,99,99,2,19/12/2022,4
48,Texas,483913,0,0,2,0,29,BEXAR (29),6090,SAN ANTONIO,12,Diciembre,25,2022,0,51,SR-13 LOOP/WW WHITE RD,3,Highway estatal,Urbano,Arteria Principal,Not Reported,1,Sin jurisdiccion especial,58,29.37495278,-98.40453333,Vehiculo en movimiento,Angulo,Four-Way Intersection,Interseccion de 4 direcciones,Sobre calle,Ninguna,Oscuro con iluminacion,Despejado,No,NO APLICA,0,52,1,10,1,25/12/2022,3
48,Texas,483914,1,1,2,1,491,WILLIAMSON (491),330,AUSTIN,12,Diciembre,22,2022,8,0,US-183 SVRD/RESEARCH BLVD,7,Calle Local,Urbano,Colector Mayor,Not Reported,0,Sin jurisdiccion especial,297,30.44427222,-97.78760833,Peaton,El primer evento no fue una colision con un vehiculo automotor en transporte,Not an Intersection,No fue interseccion,Sobre calle,Mantenimiento,Dia total,Nublado,No,NO APLICA,99,98,99,98,1,22/12/2022,1
48,Texas,483915,0,0,2,0,29,BEXAR (29),6090,SAN ANTONIO,12,Diciembre,22,2022,18,56,GENERAL MCMULLEN DR,6,Calle Local Municipalidad,Urbano,Arteria Principal,Not Reported,0,Sin jurisdiccion especial,0,29.43204722,-98.55409722,Vehiculo en movimiento,Angulo,Not an Intersection,No fue interseccion,Sobre calle,Ninguna,Atardecer,Nublado,No,NO APLICA,99,99,99,99,1,22/12/2022,7
48,Texas,483916,0,0,2,0,29,BEXAR (29),6090,SAN ANTONIO,12,Diciembre,9,2022,0,53,I-10,1,Interestatal,Urbano,Interestatal,State Highway Agency,1,Sin jurisdiccion especial,43,29.40175278,-98.44824444,Vehiculo en movimiento,Frente a Detrás,Not an Intersection,No fue interseccion,Sobre calle,Ninguna,Oscuro con iluminacion,Despejado,No,NO APLICA,99,98,99,98,1,09/12/2022,2
48,Texas,483917,1,1,1,0,201,HARRIS (201),480,BAYTOWN,12,Diciembre,28,2022,18,14,BAKER RD,6,Calle Local Municipalidad,Urbano,Arteria Menor,Not Reported,0,Sin jurisdiccion especial,0,29.770725,-95.01011389,Peaton,El primer evento no fue una colision con un vehiculo automotor en transporte,T-Intersection,Interseccion de T,Sobre calle,Ninguna,Oscuro con iluminacion,Despejado,No,NO APLICA,99,98,99,98,1,28/12/2022,1
48,Texas,483918,0,0,1,0,113,DALLAS (113),1190,CARROLLTON,12,Diciembre,28,2022,18,52,MARSH LN,6,Calle Local Municipalidad,Urbano,Arteria Menor,Not Reported,0,Sin jurisdiccion especial,0,32.96891667,-96.85356111,Banqueta,El primer evento no fue una colision con un vehiculo automotor en transporte,Four-Way Intersection,Interseccion de 4 direcciones,Sobre el lado de la calle,Ninguna,Oscuro con iluminacion,Despejado,No,NO APLICA,99,99,99,99,1,28/12/2022,1
48,Texas,483919,0,0,3,0,113,DALLAS (113),1730,DALLAS,12,Diciembre,18,2022,17,52,I-35 E,1,Interestatal,Urbano,Interestatal,State Highway Agency,1,Sin jurisdiccion especial,156,32.76437222,-96.80534444,Vehiculo en movimiento,Frente a Detrás,Not an Intersection,No fue interseccion,Sobre calle,Ninguna,Oscuro con iluminacion,Despejado,No,NO APLICA,99,99,99,99,1,18/12/2022,5
48,Texas,483920,0,0,1,0,201,HARRIS (201),3280,HOUSTON,11,Noviembre,7,2022,10,50,LAKE HOUSTON PKWY,6,Calle Local Municipalidad,Urbano,Local,Not Reported,0,Sin jurisdiccion especial,0,30.08931389,-95.19008611,Arbol,El primer evento no fue una colision con un vehiculo automotor en transporte,Not an Intersection,No fue interseccion,En el medio,Ninguna,Dia total,Despejado,No,NO APLICA,99,99,99,99,1,07/11/2022,1
48,Texas,483921,0,0,2,0,439,TARRANT (439),2450,FORT WORTH,12,Diciembre,27,2022,21,33,US-287P BU/RIVERSIDE DR,2,US Highway,Urbano,Arteria Principal,Not Reported,1,Sin jurisdiccion especial,39,32.72398333,-97.30417222,Vehiculo en movimiento,Frente a frente,Not an Intersection,No fue interseccion,Sobre calle,Ninguna,Oscuro con iluminacion,Despejado,No,NO APLICA,99,99,99,99,1,27/12/2022,4
48,Texas,483922,0,0,2,0,439,TARRANT (439),2450,FORT WORTH,12,Diciembre,14,2022,5,13,SAMUELS AVE,6,Calle Local Municipalidad,Urbano,Arteria Menor,Not Reported,0,Sin jurisdiccion especial,0,32.76990556,-97.33075278,Vehiculo en movimiento,Angulo,Four-Way Intersection,Interseccion de 4 direcciones,Sobre calle,Ninguna,Oscuro con iluminacion,Despejado,No,NO APLICA,99,98,99,98,1,14/12/2022,5