Estado,Nombre de Estado,Numero de Caso,Peatones,Personas _no_vehiculos,Vehiculos automotores,Vehiculos estacionados,Condado,Nombre Condado,Ciudad,Nombre Ciudad,Mes,Nombre Mes,Dia,Año,Hora,Minuto,Calle,Ruta,Nombre Ruta,Rural o Urbanoo,Sistema Funcional,Dueño Calle,Sistema Nacional Carreteras,Jurisdiccion Especial,Milla,Latitud,Longitud,Causa del Accidente,Tipo de Accidente,Tipo Interseccion,Columna1,Lugar en la calle,Zona de Trabajo,Luz,Clima,Autobus Escolar,Cruce de Trenes,Hora Notificacion,Minuto Notificacion,Hora Llegada,Minuto Llegada,Decesos,Fecha,PersonaVehiculo
48,Texas,483923,1,1,1,0,375,POTTER (375),150,AMARILLO,12,Diciembre,29,2022,7,39,US-60/AMARILLO BLVD,2,US Highway,Urbano,Arteria Principal,Not Reported,1,Sin jurisdiccion especial,122,35.22198333,-101.7937111,No vehiculo o remolque,El primer evento no fue una colision con un vehiculo automotor en transporte,Not an Intersection,No fue interseccion,Sobre calle,Ninguna,Dia total,Despejado,No,NO APLICA,99,99,99,99,1,29/12/2022,1
48,Texas,483924,0,0,5,0,367,PARKER (367),0,NO APLICA,12,Diciembre,9,2022,17,15,I-20,1,Interestatal,Rural,Interestatal,State Highway Agency,1,Sin jurisdiccion especial,7,32.64613889,-98.05642778,Vehiculo en movimiento,Frente a Detrás,Not an Intersection,No fue interseccion,Sobre calle,Ninguna,Dia total,Nublado,No,NO APLICA,99,99,99,99,1,09/12/2022,7
48,Texas,483925,1,1,3,0,61,CAMERON (61),0,NO APLICA,10,Octubre,23,2022,22,15,SR-48,3,Highway estatal,Urbano,Arteria Principal,Not Reported,1,Sin jurisdiccion especial,32,25.96772778,-97.385275,Vehiculo en movimiento,Frente a frente,Not an Intersection,No fue interseccion,Sobre calle,Ninguna,Oscuro sin iluminacion,Despejado,No,NO APLICA,99,99,99,99,1,23/10/2022,2
48,Texas,483926,0,0,2,0,113,DALLAS (113),3420,IRVING,12,Diciembre,10,2022,10,0,FIFTH DR,6,Calle Local Municipalidad,Urbano,Colector Mayor,Not Reported,0,Sin jurisdiccion especial,0,32.80964722,-96.97358333,Vehiculo en movimiento,Golpe Lateral - misma direccion,T-Intersection,Interseccion de T,Sobre calle,Ninguna,Dia total,Despejado,No,NO APLICA,99,99,99,99,1,10/12/2022,2
48,Texas,483927,0,0,2,0,3,ANDREWS (3),0,NO APLICA,12,Diciembre,19,2022,17,0,US-385,2,US Highway,Urbano,Arteria Principal,Not Reported,1,Sin jurisdiccion especial,0,32.29609167,-102.5390361,Vehiculo en movimiento,Angulo,T-Intersection,Interseccion de T,Sobre calle,Ninguna,Dia total,Despejado,No,NO APLICA,99,99,99,99,1,19/12/2022,3
48,Texas,483928,0,0,2,0,347,NACOGDOCHES (347),0,NO APLICA,12,Diciembre,10,2022,19,1,US-59,2,US Highway,Rural,Arteria Principal,Not Reported,1,Sin jurisdiccion especial,271,31.533125,-94.69418333,Vehiculo en movimiento,Angulo,Not an Intersection,No fue interseccion,Sobre calle,Construccion,Oscuro sin iluminacion,Nublado,No,NO APLICA,99,99,99,99,1,10/12/2022,6
48,Texas,483929,1,1,1,0,201,HARRIS (201),0,NO APLICA,12,Diciembre,25,2022,3,43,FM 529,8,Otro,Urbano,Arteria Principal,Not Reported,1,Sin jurisdiccion especial,105,29.88003333,-95.68366389,Banqueta,El primer evento no fue una colision con un vehiculo automotor en transporte,Not an Intersection,No fue interseccion,Sobre el lado de la calle,Ninguna,Oscuro sin iluminacion,Despejado,No,NO APLICA,99,99,99,99,1,25/12/2022,1
48,Texas,483931,0,0,1,0,199,HARDIN (199),0,NO APLICA,12,Diciembre,27,2022,21,19,FM 1122,8,Otro,Urbano,Colector Mayor,Not Reported,0,Sin jurisdiccion especial,2,30.39903611,-94.22263889,Culvert,El primer evento no fue una colision con un vehiculo automotor en transporte,Not an Intersection,No fue interseccion,Sobre el lado de la calle,Ninguna,Oscuro sin iluminacion,Despejado,No,NO APLICA,99,98,99,98,1,27/12/2022,1
48,Texas,483932,0,0,2,0,29,BEXAR (29),6090,SAN ANTONIO,12,Diciembre,21,2022,14,29,FM 2696/BLANCO RD,8,Otro,Urbano,Arteria Menor,Not Reported,0,Sin jurisdiccion especial,146,29.57334167,-98.51498611,Vehiculo en movimiento,Angulo,Four-Way Intersection,Interseccion de 4 direcciones,Sobre calle,Ninguna,Dia total,Despejado,No,NO APLICA,99,98,99,98,1,21/12/2022,2
48,Texas,483933,0,0,11,10,303,LUBBOCK (303),4140,LUBBOCK,12,Diciembre,23,2022,23,27,US-84/AVE Q,2,US Highway,Urbano,Arteria Principal,Not Reported,1,Sin jurisdiccion especial,35,33.55296111,-101.8551972,Barda,El primer evento no fue una colision con un vehiculo automotor en transporte,Not an Intersection,No fue interseccion,Fuera de la calle,Ninguna,Oscuro con iluminacion,Nublado,No,NO APLICA,99,99,99,99,1,23/12/2022,3
48,Texas,483934,1,1,1,0,439,TARRANT (439),2450,FORT WORTH,12,Diciembre,30,2022,2,45,I-30 SVRD,7,Calle Local,Urbano,Colector Mayor,Not Reported,0,Sin jurisdiccion especial,167,32.73646667,-97.43781944,Peaton,El primer evento no fue una colision con un vehiculo automotor en transporte,Not an Intersection,No fue interseccion,Sobre calle,Ninguna,Oscuro sin iluminacion,Despejado,No,NO APLICA,99,98,99,98,1,30/12/2022,1
48,Texas,483935,0,0,1,0,113,DALLAS (113),1730,DALLAS,12,Diciembre,12,2022,22,48,I-35 E,1,Interestatal,Urbano,Interestatal,State Highway Agency,1,Sin jurisdiccion especial,98,32.69001111,-96.82340278,Arbol,El primer evento no fue una colision con un vehiculo automotor en transporte,Not an Intersection,No fue interseccion,Separador,Ninguna,Oscuro con iluminacion,lluvia,No,NO APLICA,99,99,99,99,1,12/12/2022,1
48,Texas,483936,0,0,2,0,491,WILLIAMSON (491),1585,COUPLAND,12,Diciembre,27,2022,16,3,SR-95,3,Highway estatal,Rural,Arteria Menor,Not Reported,1,Sin jurisdiccion especial,85,30.46348333,-97.39708333,Vehiculo en movimiento,Angulo,Not an Intersection,No fue interseccion,"Izquierda continua, carril de vuelta",Ninguna,Dia total,Despejado,No,NO APLICA,99,99,99,99,1,27/12/2022,3
48,Texas,483937,0,0,2,0,135,ECTOR (135),0,NO APLICA,12,Diciembre,25,2022,19,5,SR-338 LOOP,3,Highway estatal,Urbano,Arteria Principal,Not Reported,1,Sin jurisdiccion especial,80,31.78976389,-102.399775,Vehiculo en movimiento,Frente a frente,Not an Intersection,No fue interseccion,Sobre calle,Ninguna,Oscuro sin iluminacion,Despejado,No,NO APLICA,99,99,99,99,1,25/12/2022,3
48,Texas,483938,0,0,2,0,165,GAINES (165),0,NO APLICA,12,Diciembre,12,2022,7,0,US-62,2,US Highway,Rural,Arteria Principal,Not Reported,1,Sin jurisdiccion especial,63,32.72805,-102.973075,Vehiculo en movimiento,Frente a Detrás,Not an Intersection,No fue interseccion,Sobre calle,Ninguna,Amanecer,Despejado,No,NO APLICA,99,99,99,99,1,12/12/2022,4
48,Texas,483939,0,0,2,0,303,LUBBOCK (303),0,NO APLICA,12,Diciembre,21,2022,18,41,FM 2378,8,Otro,Rural,Colector Menor,Not Reported,0,Sin jurisdiccion especial,182,33.60821667,-102.0786139,Vehiculo en movimiento,Frente a frente,Not an Intersection,No fue interseccion,Sobre calle,Ninguna,Oscuro sin iluminacion,Despejado,No,NO APLICA,99,98,99,98,1,21/12/2022,2
48,Texas,483940,0,0,4,0,317,MARTIN (317),0,NO APLICA,12,Diciembre,21,2022,16,44,SR-349,3,Highway estatal,Rural,Arteria Principal,Not Reported,1,Sin jurisdiccion especial,81,32.21100278,-102.1335806,Vehiculo en movimiento,Frente a Detrás,Not an Intersection,No fue interseccion,Sobre calle,Ninguna,Dia total,Despejado,No,NO APLICA,99,99,99,99,1,21/12/2022,5
48,Texas,483941,0,0,1,0,141,EL PASO (141),2190,EL PASO,12,Diciembre,30,2022,0,36,ALABAMA ST,6,Calle Local Municipalidad,Urbano,Arteria Menor,Not Reported,0,Sin jurisdiccion especial,0,31.84155278,-106.4561444,Banqueta,El primer evento no fue una colision con un vehiculo automotor en transporte,Not an Intersection,No fue interseccion,Sobre el lado de la calle,Ninguna,Oscuro con iluminacion,lluvia,No,NO APLICA,99,99,99,99,1,30/12/2022,1
48,Texas,483942,1,1,1,0,325,MEDINA (325),0,NO APLICA,12,Diciembre,22,2022,18,52,FM 471,8,Otro,Rural,Colector Mayor,Not Reported,0,Sin jurisdiccion especial,135,29.39165833,-98.890375,Peaton,El primer evento no fue una colision con un vehiculo automotor en transporte,Not an Intersection,No fue interseccion,Sobre calle,Ninguna,Oscuro sin iluminacion,Despejado,No,NO APLICA,99,98,99,98,1,22/12/2022,2
48,Texas,483943,1,1,1,0,245,JEFFERSON (245),490,BEAUMONT,12,Diciembre,29,2022,21,32,US-90/COLLEGE ST,2,US Highway,Urbano,Arteria Principal,Not Reported,1,Sin jurisdiccion especial,18,30.067825,-94.15945833,Peaton,El primer evento no fue una colision con un vehiculo automotor en transporte,Not an Intersection,No fue interseccion,Sobre calle,Ninguna,Oscuro sin iluminacion,lluvia,No,NO APLICA,99,98,99,98,1,29/12/2022,1
48,Texas,483944,0,0,2,0,139,ELLIS (139),2360,FERRIS,12,Diciembre,28,2022,21,51,I-45,1,Interestatal,Urbano,Interestatal,State Highway Agency,1,Sin jurisdiccion especial,221,32.53905278,-96.65890556,Barrera de Cable,El primer evento no fue una colision con un vehiculo automotor en transporte,Not an Intersection,No fue interseccion,En el medio,Ninguna,Oscuro sin iluminacion,Despejado,No,NO APLICA,21,54,22,1,1,28/12/2022,7
48,Texas,483945,0,0,1,0,299,LLANO (299),985,BUCHANAN DAM,12,Diciembre,14,2022,7,10,SR-29,3,Highway estatal,Rural,Arteria Menor,Not Reported,0,Sin jurisdiccion especial,170,30.74603056,-98.41220556,Volcadura,El primer evento no fue una colision con un vehiculo automotor en transporte,Not an Intersection,No fue interseccion,Sobre el lado de la calle,Ninguna,Amanecer,lluvia,No,NO APLICA,99,98,99,98,1,14/12/2022,1
48,Texas,483946,0,0,1,0,497,WISE (497),0,NO APLICA,12,Diciembre,15,2022,12,45,CR-OLD DECATUR RD,4,Calle del Condado,Rural,Arteria Menor,Not Reported,0,Sin jurisdiccion especial,0,33.34717222,-97.63366944,Arbol,El primer evento no fue una colision con un vehiculo automotor en transporte,Not an Intersection,No fue interseccion,Sobre el lado de la calle,Ninguna,Dia total,Despejado,No,NO APLICA,99,98,99,98,1,15/12/2022,1
48,Texas,483947,1,1,4,0,339,MONTGOMERY (339),6341,SHENANDOAH,12,Diciembre,6,2022,23,17,I-45,1,Interestatal,Urbano,Interestatal,State Highway Agency,1,Sin jurisdiccion especial,63,30.19889444,-95.45482778,Vehiculo en movimiento,No reportado,Not an Intersection,No fue interseccion,Sobre calle,Ninguna,Oscuro con iluminacion,Despejado,No,NO APLICA,99,99,99,99,1,06/12/2022,2
48,Texas,483948,0,0,4,0,181,GRAYSON (181),0,NO APLICA,12,Diciembre,6,2022,17,47,US-377,2,US Highway,Rural,Arteria Menor,Not Reported,0,Sin jurisdiccion especial,151,33.43801667,-96.92801389,Vehiculo en movimiento,Frente a Detrás,T-Intersection,Interseccion de T,Sobre calle,Ninguna,Oscuro sin iluminacion,Nublado,No,NO APLICA,17,55,18,5,1,06/12/2022,6
48,Texas,483949,0,0,2,0,477,WASHINGTON (477),0,NO APLICA,12,Diciembre,20,2022,19,53,US-290,2,US Highway,Rural,Arteria Principal,Not Reported,1,Sin jurisdiccion especial,120,30.18538056,-96.492625,Vehiculo en movimiento,Frente a frente,Not an Intersection,No fue interseccion,Sobre calle,Ninguna,Oscuro sin iluminacion,Despejado,No,NO APLICA,99,99,99,99,1,20/12/2022,2
48,Texas,483950,0,0,1,0,409,SAN PATRICIO (409),0,NO APLICA,12,Diciembre,24,2022,19,31,I-37,1,Interestatal,Rural,Interestatal,State Highway Agency,1,Sin jurisdiccion especial,56,27.96684167,-97.66760833,Volcadura,El primer evento no fue una colision con un vehiculo automotor en transporte,Not an Intersection,No fue interseccion,Separador,Ninguna,Oscuro sin iluminacion,Despejado,No,NO APLICA,99,98,99,98,1,24/12/2022,1
48,Texas,483951,0,0,1,0,167,GALVESTON (167),2505,FRIENDSWOOD,12,Diciembre,18,2022,3,35,FM 528,8,Otro,Urbano,Arteria Principal,Not Reported,1,Sin jurisdiccion especial,3,29.46384167,-95.22763611,Otro objeto (no fijo),El primer evento no fue una colision con un vehiculo automotor en transporte,Not an Intersection,No fue interseccion,Fuera de la calle,Construccion,Oscuro sin iluminacion,Despejado,No,NO APLICA,99,98,99,98,1,18/12/2022,1
48,Texas,483952,0,0,1,0,19,BANDERA (19),0,NO APLICA,12,Diciembre,4,2022,12,10,RM 2828,8,Otro,Rural,Colector Mayor,Not Reported,0,Sin jurisdiccion especial,60,29.82428611,-99.13533056,Culvert,El primer evento no fue una colision con un vehiculo automotor en transporte,Not an Intersection,No fue interseccion,Sobre el lado de la calle,Ninguna,Dia total,lluvia,No,NO APLICA,99,99,99,99,1,04/12/2022,1
48,Texas,483953,0,0,2,0,453,TRAVIS (453),5325,PFLUGERVILLE,12,Diciembre,28,2022,18,22,PECAN ST/PFLUGERVILLE,6,Calle Local Municipalidad,Rural,Colector Mayor,Not Reported,0,Sin jurisdiccion especial,0,30.41945556,-97.57919167,Vehiculo en movimiento,Frente a frente,T-Intersection,Interseccion de T,Sobre calle,Ninguna,Oscuro con iluminacion,Despejado,No,NO APLICA,99,99,99,99,1,28/12/2022,2
48,Texas,483954,0,0,1,0,139,ELLIS (139),4570,MIDLOTHIAN,12,Diciembre,24,2022,20,40,MIDLOTHIAN PKWY,6,Calle Local Municipalidad,Urbano,Colector Mayor,Not Reported,0,Sin jurisdiccion especial,0,32.47463611,-96.97490278,Volcadura,El primer evento no fue una colision con un vehiculo automotor en transporte,Not an Intersection,No fue interseccion,Sobre el lado de la calle,Ninguna,Oscuro con iluminacion,Despejado,No,NO APLICA,99,99,99,99,1,24/12/2022,1
48,Texas,483955,1,1,1,0,181,GRAYSON (181),1830,DENISON,12,Diciembre,16,2022,9,0,SR-503 BUSINESS,3,Highway estatal,Urbano,Arteria Principal,Not Reported,1,Sin jurisdiccion especial,62,33.72261111,-96.55342222,Peaton,El primer evento no fue una colision con un vehiculo automotor en transporte,Not an Intersection,No fue interseccion,Sobre calle,Ninguna,Dia total,Despejado,No,NO APLICA,99,98,99,98,1,16/12/2022,1
48,Texas,483956,0,0,1,0,229,HUDSPETH (229),0,NO APLICA,12,Diciembre,19,2022,7,38,I-10,1,Interestatal,Rural,Interestatal,State Highway Agency,1,Sin jurisdiccion especial,408,31.19188889,-105.4287972,Volcadura,El primer evento no fue una colision con un vehiculo automotor en transporte,Not an Intersection,No fue interseccion,Sobre el lado de la calle,Ninguna,Dia total,Despejado,No,NO APLICA,99,98,99,98,1,19/12/2022,1
48,Texas,483957,1,1,1,0,201,HARRIS (201),3280,HOUSTON,11,Noviembre,30,2022,18,20,YELLOWSTONE BLVD,6,Calle Local Municipalidad,Urbano,Arteria Menor,Not Reported,0,Sin jurisdiccion especial,0,29.6927,-95.35850278,Peaton,El primer evento no fue una colision con un vehiculo automotor en transporte,Four-Way Intersection,Interseccion de 4 direcciones,Sobre calle,Ninguna,Oscuro con iluminacion,Despejado,No,NO APLICA,99,99,99,99,1,30/11/2022,1
48,Texas,483958,0,0,1,0,201,HARRIS (201),3280,HOUSTON,12,Diciembre,14,2022,10,30,ALABAMA ST,6,Calle Local Municipalidad,Urbano,Arteria Menor,Not Reported,0,Sin jurisdiccion especial,0,29.73800278,-95.45891667,Barrera de Trafico de Concreto,El primer evento no fue una colision con un vehiculo automotor en transporte,T-Intersection,Interseccion de T,Separador,Ninguna,Dia total,Nublado,No,NO APLICA,99,99,99,99,1,14/12/2022,2
48,Texas,483959,0,0,2,0,329,MIDLAND (329),0,NO APLICA,12,Diciembre,19,2022,8,36,SR-349,3,Highway estatal,Urbano,Arteria Principal,Not Reported,1,Sin jurisdiccion especial,121,31.94307778,-102.0646417,Vehiculo en movimiento,Angulo,Four-Way Intersection,Interseccion de 4 direcciones,Sobre calle,Ninguna,Dia total,Despejado,No,NO APLICA,99,99,99,99,1,19/12/2022,2
48,Texas,483960,0,0,1,0,39,BRAZORIA (39),2490,FREEPORT,12,Diciembre,25,2022,19,16,FM 1459/PINE ST,8,Otro,Urbano,Arteria Menor,Not Reported,1,Sin jurisdiccion especial,30,28.94150278,-95.34727222,Vehiculo Ferrocarril,El primer evento no fue una colision con un vehiculo automotor en transporte,Not an Intersection,No fue interseccion,Sobre calle,Ninguna,Oscuro con iluminacion,Despejado,No,435894T,99,99,99,99,2,25/12/2022,2
48,Texas,483961,0,0,1,0,349,NAVARRO (349),0,NO APLICA,12,Diciembre,22,2022,19,17,FM 3383,8,Otro,Rural,Colector Mayor,Not Reported,0,Sin jurisdiccion especial,99,32.13110278,-96.50300833,Volcadura,El primer evento no fue una colision con un vehiculo automotor en transporte,Not an Intersection,No fue interseccion,Sobre el lado de la calle,Ninguna,Oscuro sin iluminacion,Despejado,No,NO APLICA,99,99,99,99,1,22/12/2022,1
48,Texas,483962,1,1,1,0,201,HARRIS (201),0,NO APLICA,12,Diciembre,31,2022,23,18,CR-SWEETWATER LN,4,Calle del Condado,Urbano,Colector Mayor,Not Reported,0,Sin jurisdiccion especial,0,29.89185556,-95.408575,Peaton,El primer evento no fue una colision con un vehiculo automotor en transporte,Not an Intersection,No fue interseccion,Sobre calle,Ninguna,Oscuro con iluminacion,Neblina o Humo,No,NO APLICA,99,98,99,98,1,31/12/2022,1
48,Texas,483963,0,0,8,0,113,DALLAS (113),3880,LANCASTER,12,Diciembre,24,2022,3,38,I-20,1,Interestatal,Urbano,Interestatal,State Highway Agency,1,Sin jurisdiccion especial,132,32.64203333,-96.83403889,Vehiculo en movimiento,Frente a frente,Not an Intersection,No fue interseccion,Sobre calle,Ninguna,Oscuro sin iluminacion,Despejado,No,NO APLICA,99,99,99,99,1,24/12/2022,16
48,Texas,483964,0,0,2,0,251,JOHNSON (251),2690,GODLEY,12,Diciembre,29,2022,16,22,SR-171,3,Highway estatal,Rural,Arteria Menor,Not Reported,0,Sin jurisdiccion especial,14,32.52771111,-97.61315556,Vehiculo en movimiento,Angulo,Not an Intersection,No fue interseccion,Sobre calle,Ninguna,Dia total,Despejado,No,NO APLICA,99,98,99,98,3,29/12/2022,3
48,Texas,483965,1,1,1,0,113,DALLAS (113),1730,DALLAS,12,Diciembre,11,2022,14,45,US-175/CF HAWN FWY,2,US Highway,Urbano,Arterial Principal -Freeway o ExpressWay,Not Reported,1,Sin jurisdiccion especial,98,32.681625,-96.61368333,Peaton,El primer evento no fue una colision con un vehiculo automotor en transporte,Not an Intersection,No fue interseccion,Sobre calle,Ninguna,Dia total,lluvia,No,NO APLICA,99,98,99,98,1,11/12/2022,1
48,Texas,483966,1,1,1,0,113,DALLAS (113),1730,DALLAS,12,Diciembre,12,2022,4,55,I-20/LYNDON B JOHNSON FWY,1,Interestatal,Urbano,Interestatal,State Highway Agency,1,Sin jurisdiccion especial,90,32.66384167,-96.901075,Peaton,El primer evento no fue una colision con un vehiculo automotor en transporte,Not an Intersection,No fue interseccion,Sobre calle,Ninguna,Oscuro con iluminacion,Despejado,No,NO APLICA,99,98,99,98,1,12/12/2022,1
48,Texas,483967,0,0,2,0,367,PARKER (367),7503,WILLOW PARK,12,Diciembre,2,2022,13,59,IH-20,7,Calle Local,Urbano,Colector Mayor,State Highway Agency,0,Sin jurisdiccion especial,99998,32.73999722,-97.65055,Vehiculo en movimiento,Frente a Detrás,Not an Intersection,No fue interseccion,Sobre calle,Ninguna,Dia total,Despejado,No,NO APLICA,99,99,99,99,1,02/12/2022,2
48,Texas,483968,1,1,2,0,201,HARRIS (201),3280,HOUSTON,12,Diciembre,30,2022,3,0,I-10/EAST FWY,1,Interestatal,Urbano,Interestatal,State Highway Agency,1,Sin jurisdiccion especial,54,29.77798611,-95.27953333,Peaton,El primer evento no fue una colision con un vehiculo automotor en transporte,Not an Intersection,No fue interseccion,Sobre calle,Ninguna,Oscuro con iluminacion,Despejado,No,NO APLICA,99,99,99,99,1,30/12/2022,4
48,Texas,483969,0,0,1,0,29,BEXAR (29),6090,SAN ANTONIO,12,Diciembre,29,2022,2,17,BRAUN RD,6,Calle Local Municipalidad,Urbano,Arteria Menor,Not Reported,0,Sin jurisdiccion especial,0,29.53508611,-98.67878056,Barda,El primer evento no fue una colision con un vehiculo automotor en transporte,T-Intersection,Interseccion de T,Fuera de la calle,Ninguna,Oscuro con iluminacion,Despejado,No,NO APLICA,99,98,99,98,2,29/12/2022,2
48,Texas,483970,0,0,5,0,201,HARRIS (201),3280,HOUSTON,12,Diciembre,15,2022,11,10,BAY AREA BLVD,6,Calle Local Municipalidad,Urbano,Arteria Principal,Not Reported,0,Sin jurisdiccion especial,0,29.57189722,-95.10965556,Vehiculo en movimiento,Frente a Detrás,Not an Intersection,No fue interseccion,Sobre calle,Ninguna,Dia total,Despejado,No,NO APLICA,99,99,99,99,1,15/12/2022,6
48,Texas,483971,0,0,2,0,303,LUBBOCK (303),4140,LUBBOCK,12,Diciembre,30,2022,13,4,INDIANA AVE,6,Calle Local Municipalidad,Urbano,Arteria Menor,Not Reported,0,Sin jurisdiccion especial,0,33.51850556,-101.8875972,Vehiculo en movimiento,Angulo,T-Intersection,Interseccion de T,Sobre calle,Ninguna,Dia total,Despejado,No,NO APLICA,99,99,99,99,1,30/12/2022,3
48,Texas,483972,1,1,1,0,215,HIDALGO (215),0,NO APLICA,12,Diciembre,27,2022,18,33,FM 88/TX BLVD,8,Otro,Rural,Arteria Menor,Not Reported,0,Sin jurisdiccion especial,8,26.21641667,-97.99169722,Peaton,El primer evento no fue una colision con un vehiculo automotor en transporte,Not an Intersection,No fue interseccion,Sobre calle,Ninguna,Oscuro sin iluminacion,Despejado,No,NO APLICA,99,99,99,99,1,27/12/2022,2
48,Texas,483973,1,1,1,0,113,DALLAS (113),2590,GARLAND,12,Diciembre,25,2022,21,31,JUPITER RD,6,Calle Local Municipalidad,Urbano,Arteria Menor,Not Reported,0,Sin jurisdiccion especial,0,32.91378611,-96.68301944,Peaton,El primer evento no fue una colision con un vehiculo automotor en transporte,Not an Intersection,No fue interseccion,Sobre calle,Ninguna,Dia total,Despejado,No,NO APLICA,9,31,9,34,1,25/12/2022,1
48,Texas,483974,0,0,1,0,175,GOLIAD (175),0,NO APLICA,12,Diciembre,31,2022,13,24,CR-BERGER RD,4,Calle del Condado,Rural,Local,Not Reported,0,Sin jurisdiccion especial,0,28.83568333,-97.23648333,Volcadura,El primer evento no fue una colision con un vehiculo automotor en transporte,Not an Intersection,No fue interseccion,Sobre el lado de la calle,Ninguna,Dia total,Despejado,No,NO APLICA,99,98,99,98,1,31/12/2022,1
48,Texas,483975,2,2,1,0,29,BEXAR (29),6090,SAN ANTONIO,12,Diciembre,16,2022,19,49,US-287/RIGSBY AVE,2,US Highway,Urbano,Arteria Principal,Not Reported,1,Sin jurisdiccion especial,22,29.39831667,-98.40978889,Peaton,El primer evento no fue una colision con un vehiculo automotor en transporte,T-Intersection,Interseccion de T,Sobre calle,Ninguna,Oscuro con iluminacion,Despejado,No,NO APLICA,99,99,99,99,2,16/12/2022,1
48,Texas,483976,0,0,4,0,113,DALLAS (113),1730,DALLAS,12,Diciembre,15,2022,20,0,COCKRELL HILL RD,6,Calle Local Municipalidad,Urbano,Arteria Menor,Not Reported,0,Sin jurisdiccion especial,0,32.70173333,-96.89131667,Banqueta,El primer evento no fue una colision con un vehiculo automotor en transporte,Not an Intersection,No fue interseccion,Sobre el lado de la calle,Ninguna,Oscuro con iluminacion,Despejado,No,NO APLICA,99,99,99,99,3,15/12/2022,8
48,Texas,483977,0,0,2,0,139,ELLIS (139),4570,MIDLOTHIAN,12,Diciembre,29,2022,7,5,US-67,2,US Highway,Urbano,Arterial Principal -Freeway o ExpressWay,Not Reported,1,Sin jurisdiccion especial,14,32.53386111,-96.97589722,Vehiculo en movimiento,Frente a Detrás,Not an Intersection,No fue interseccion,Sobre calle,Ninguna,Amanecer,Despejado,No,NO APLICA,99,98,99,98,1,29/12/2022,4
48,Texas,483978,0,0,2,0,113,DALLAS (113),1539,COPPELL,12,Diciembre,29,2022,19,19,FREEPORT PKWY,6,Calle Local Municipalidad,Urbano,Arteria Menor,Not Reported,0,Sin jurisdiccion especial,0,32.95466944,-97.01073333,Vehiculo en movimiento,Angulo,Four-Way Intersection,Interseccion de 4 direcciones,Sobre calle,Ninguna,Oscuro con iluminacion,Despejado,No,NO APLICA,99,99,99,99,2,29/12/2022,6
48,Texas,483979,0,0,2,0,49,BROWN (49),0,NO APLICA,12,Diciembre,28,2022,18,41,US-183,2,US Highway,Rural,Arteria Principal,Not Reported,0,Sin jurisdiccion especial,153,31.86776111,-98.92063889,Vehiculo en movimiento,Frente a Detrás,Not an Intersection,No fue interseccion,Sobre calle,Ninguna,Oscuro sin iluminacion,Despejado,No,NO APLICA,99,99,99,99,1,28/12/2022,3
48,Texas,483980,0,0,4,0,201,HARRIS (201),3280,HOUSTON,11,Noviembre,23,2022,15,6,US-290 SVRD/NORTHWEST FWY,7,Calle Local,Urbano,Colector Mayor,Not Reported,0,Sin jurisdiccion especial,365,29.81936111,-95.46810833,Vehiculo en movimiento,Angulo,Four-Way Intersection,Interseccion de 4 direcciones,Sobre calle,Ninguna,Dia total,Despejado,No,NO APLICA,99,99,99,99,1,23/11/2022,7
48,Texas,483982,1,1,1,0,201,HARRIS (201),3280,HOUSTON,11,Noviembre,13,2022,18,20,BF 1960A/HUMBLE WESTFIELD RD,8,Otro,Urbano,Arteria Menor,Not Reported,0,Sin jurisdiccion especial,28,30.00156111,-95.27965278,Peaton,El primer evento no fue una colision con un vehiculo automotor en transporte,Not an Intersection,No fue interseccion,"Izquierda continua, carril de vuelta",Ninguna,Oscuro con iluminacion,Despejado,No,NO APLICA,99,99,99,99,1,13/11/2022,1
48,Texas,483983,0,0,2,0,453,TRAVIS (453),330,AUSTIN,12,Diciembre,18,2022,2,44,BEN WHITE BLVD SVRD WB BLVD,7,Calle Local,Urbano,Colector Mayor,Not Reported,0,Sin jurisdiccion especial,28,30.22013611,-97.75756667,Vehiculo en movimiento,Angulo,Not an Intersection,No fue interseccion,Sobre calle,Ninguna,Oscuro con iluminacion,Despejado,No,NO APLICA,99,98,99,98,2,18/12/2022,3
48,Texas,483984,1,1,1,0,73,CHEROKEE (73),3470,JACKSONVILLE,12,Diciembre,16,2022,5,28,FM 347 BOLTON ST,8,Otro,Urbano,Arteria Menor,Not Reported,0,Sin jurisdiccion especial,104,31.95574444,-95.27221944,Peaton,El primer evento no fue una colision con un vehiculo automotor en transporte,Not an Intersection,No fue interseccion,Sobre calle,Ninguna,Oscuro sin iluminacion,Despejado,No,NO APLICA,99,98,99,98,1,16/12/2022,1
48,Texas,483985,0,0,2,0,329,MIDLAND (329),0,NO APLICA,12,Diciembre,6,2022,8,38,FM 307,8,Otro,Rural,Colector Mayor,Not Reported,0,Sin jurisdiccion especial,0,32.03927222,-101.8459,Vehiculo en movimiento,Angulo,Four-Way Intersection,Interseccion de 4 direcciones,Sobre calle,Ninguna,Dia total,Nublado,No,NO APLICA,99,99,99,99,1,06/12/2022,2
48,Texas,483986,1,1,3,0,201,HARRIS (201),3280,HOUSTON,12,Diciembre,18,2022,2,34,I-45/GULF FWY,1,Interestatal,Urbano,Interestatal,State Highway Agency,1,Sin jurisdiccion especial,84,29.60380833,-95.20285278,Vehiculo en movimiento,Frente a Detrás,Not an Intersection,No fue interseccion,Sobre calle,Ninguna,Oscuro con iluminacion,Despejado,No,NO APLICA,99,99,99,99,1,18/12/2022,5
48,Texas,483987,1,1,1,0,61,CAMERON (61),0,NO APLICA,12,Diciembre,8,2022,4,30,FM 511,8,Otro,Urbano,Arteria Principal,Not Reported,0,Sin jurisdiccion especial,133,25.90085,-97.40748889,Peaton,El primer evento no fue una colision con un vehiculo automotor en transporte,Not an Intersection,No fue interseccion,Sobre calle,Ninguna,Oscuro con iluminacion,Despejado,No,NO APLICA,99,98,99,98,1,08/12/2022,1