Estado,Nombre de Estado,Numero de Caso,Peatones,Personas _no_vehiculos,Vehiculos automotores,Vehiculos estacionados,Condado,Nombre Condado,Ciudad,Nombre Ciudad,Mes,Nombre Mes,Dia,Año,Hora,Minuto,Calle,Ruta,Nombre Ruta,Rural o Urbanoo,Sistema Funcional,Dueño Calle,Sistema Nacional Carreteras,Jurisdiccion Especial,Milla,Latitud,Longitud,Causa del Accidente,Tipo de Accidente,Tipo Interseccion,Columna1,Lugar en la calle,Zona de Trabajo,Luz,Clima,Autobus Escolar,Cruce de Trenes,Hora Notificacion,Minuto Notificacion,Hora Llegada,Minuto Llegada,Decesos,Fecha,PersonaVehiculo
48,Texas,483988,0,0,2,0,265,KERR (265),0,NO APLICA,12,Diciembre,25,2022,16,35,US-83,2,US Highway,Rural,Arteria Menor,Not Reported,0,Sin jurisdiccion especial,142,30.128625,-99.70267222,Vehiculo en movimiento,Frente a frente,Not an Intersection,No fue interseccion,Sobre calle,Ninguna,Dia total,Despejado,No,NO APLICA,16,39,17,22,1,25/12/2022,2
48,Texas,483989,0,0,2,0,309,MCLENNAN (309),4220,MCGREGOR,12,Diciembre,30,2022,18,17,US-84,2,US Highway,Rural,Arteria Principal,Not Reported,1,Sin jurisdiccion especial,99,31.46868611,-97.33825,Vehiculo en movimiento,Frente a frente,Not an Intersection,No fue interseccion,Sobre calle,Ninguna,Oscuro sin iluminacion,Despejado,No,NO APLICA,99,99,99,99,1,30/12/2022,2
48,Texas,483990,1,1,1,0,183,GREGG (183),4080,LONGVIEW,11,Noviembre,10,2022,18,25,US-259/EASTMAN RD,2,US Highway,Urbano,Arteria Principal,Not Reported,1,Sin jurisdiccion especial,149,32.51331111,-94.71103611,Peaton,El primer evento no fue una colision con un vehiculo automotor en transporte,Not an Intersection,No fue interseccion,Sobre calle,Ninguna,Oscuro sin iluminacion,Despejado,No,NO APLICA,99,99,99,99,1,10/11/2022,1
48,Texas,483991,1,1,1,0,453,TRAVIS (453),330,AUSTIN,12,Diciembre,16,2022,3,11,I-35,1,Interestatal,Urbano,Interestatal,State Highway Agency,1,Sin jurisdiccion especial,200,30.29676944,-97.71831944,Peaton,El primer evento no fue una colision con un vehiculo automotor en transporte,Not an Intersection,No fue interseccion,Sobre calle,Ninguna,Oscuro con iluminacion,Despejado,No,NO APLICA,99,99,99,99,1,16/12/2022,1
48,Texas,483992,1,1,1,0,121,DENTON (121),6881,THE COLONY,12,Diciembre,16,2022,22,2,FM 423/MAIN ST,8,Otro,Urbano,Arteria Principal,Not Reported,1,Sin jurisdiccion especial,60,33.06643611,-96.8894,Peaton,El primer evento no fue una colision con un vehiculo automotor en transporte,Not an Intersection,No fue interseccion,Sobre calle,Ninguna,Oscuro con iluminacion,Despejado,No,NO APLICA,99,99,99,99,1,16/12/2022,1
48,Texas,483993,0,0,1,0,497,WISE (497),0,NO APLICA,12,Diciembre,18,2022,0,49,FM 455,8,Otro,Rural,Colector Mayor,Not Reported,0,Sin jurisdiccion especial,53,33.373875,-97.414475,Arbol,El primer evento no fue una colision con un vehiculo automotor en transporte,Not an Intersection,No fue interseccion,Sobre el lado de la calle,Ninguna,Oscuro sin iluminacion,Despejado,No,NO APLICA,99,98,99,98,1,18/12/2022,1
48,Texas,483994,1,1,1,0,201,HARRIS (201),3280,HOUSTON,11,Noviembre,5,2022,12,56,OAK SHADOWS DR,6,Calle Local Municipalidad,Urbano,Local,Not Reported,0,Sin jurisdiccion especial,0,29.84366667,-95.45275,Peaton,El primer evento no fue una colision con un vehiculo automotor en transporte,Not an Intersection,No fue interseccion,Sobre calle,Ninguna,Dia total,Despejado,No,NO APLICA,99,99,99,99,1,05/11/2022,1
48,Texas,483995,1,1,1,0,201,HARRIS (201),3280,HOUSTON,9,Septiembre,1,2022,14,42,CANAL ST,6,Calle Local Municipalidad,Urbano,Colector Mayor,Not Reported,0,Sin jurisdiccion especial,0,29.75261667,-95.33800556,Peaton,El primer evento no fue una colision con un vehiculo automotor en transporte,Four-Way Intersection,Interseccion de 4 direcciones,Sobre calle,Ninguna,Dia total,Nublado,No,NO APLICA,99,99,99,99,1,01/09/2022,1
48,Texas,483996,0,0,1,0,201,HARRIS (201),3280,HOUSTON,12,Diciembre,23,2022,2,45,GESSNER DR,6,Calle Local Municipalidad,Urbano,Arteria Principal,Not Reported,0,Sin jurisdiccion especial,0,29.69927222,-95.53792222,Banqueta,El primer evento no fue una colision con un vehiculo automotor en transporte,Not an Intersection,No fue interseccion,En el medio,Ninguna,Oscuro sin iluminacion,Despejado,No,NO APLICA,99,99,99,99,1,23/12/2022,1
48,Texas,483997,0,0,2,0,113,DALLAS (113),1730,DALLAS,12,Diciembre,29,2022,0,57,ILLINIOS AVE,6,Calle Local Municipalidad,Urbano,Arteria Principal,Not Reported,0,Sin jurisdiccion especial,0,32.72046944,-96.89147778,Vehiculo en movimiento,Angulo,Four-Way Intersection,Interseccion de 4 direcciones,Sobre calle,Ninguna,Oscuro con iluminacion,Despejado,No,NO APLICA,99,99,99,99,1,29/12/2022,3
48,Texas,483998,0,0,4,0,167,GALVESTON (167),3850,LA MARQUE,12,Diciembre,28,2022,18,7,FM 519/TEXAS AVE,8,Otro,Urbano,Arteria Menor,Not Reported,0,Sin jurisdiccion especial,62,29.35791944,-94.98514444,Vehiculo en movimiento,Frente a Detrás,Not an Intersection,No fue interseccion,Sobre calle,Ninguna,Atardecer,Despejado,No,NO APLICA,18,8,18,12,1,28/12/2022,4
48,Texas,483999,1,1,1,0,141,EL PASO (141),2190,EL PASO,12,Diciembre,16,2022,22,56,SR-20/DONIPHAN DR,3,Highway estatal,Urbano,Arteria Principal,Not Reported,1,Sin jurisdiccion especial,97,31.86041111,-106.5871722,Peaton,El primer evento no fue una colision con un vehiculo automotor en transporte,Four-Way Intersection,Interseccion de 4 direcciones,Sobre calle,Ninguna,Oscuro sin iluminacion,Despejado,No,NO APLICA,99,99,99,99,1,16/12/2022,1
48,Texas,484000,0,0,1,0,325,MEDINA (325),0,NO APLICA,11,Noviembre,8,2022,22,0,US-90,2,US Highway,Rural,Arteria Principal,Not Reported,1,Sin jurisdiccion especial,91,29.35514444,-98.84119722,Volcadura,El primer evento no fue una colision con un vehiculo automotor en transporte,Not an Intersection,No fue interseccion,Sobre el lado de la calle,Ninguna,Oscuro sin iluminacion,Despejado,No,NO APLICA,99,99,99,99,1,08/11/2022,2
48,Texas,484001,0,0,1,0,281,LAMPASAS (281),0,NO APLICA,12,Diciembre,29,2022,23,17,US-281,2,US Highway,Rural,Arteria Principal,Not Reported,1,Sin jurisdiccion especial,196,31.16820278,-98.17479444,Suelo,El primer evento no fue una colision con un vehiculo automotor en transporte,Not an Intersection,No fue interseccion,Sobre el lado de la calle,Ninguna,Oscuro sin iluminacion,Despejado,No,NO APLICA,99,98,99,98,1,29/12/2022,1
48,Texas,484002,0,0,2,0,339,MONTGOMERY (339),0,NO APLICA,12,Diciembre,11,2022,1,18,SR-105,3,Highway estatal,Rural,Arteria Principal,Not Reported,1,Sin jurisdiccion especial,331,30.33041111,-95.288425,Vehiculo en movimiento,Frente a frente,Not an Intersection,No fue interseccion,Sobre calle,Ninguna,Oscuro sin iluminacion,lluvia,No,NO APLICA,99,99,99,99,2,11/12/2022,3
48,Texas,484003,1,1,3,0,113,DALLAS (113),1730,DALLAS,12,Diciembre,24,2022,19,4,SR-310,3,Highway estatal,Urbano,Arterial Principal -Freeway o ExpressWay,Not Reported,1,Sin jurisdiccion especial,41,32.741225,-96.75763333,Peaton,El primer evento no fue una colision con un vehiculo automotor en transporte,Not an Intersection,No fue interseccion,Sobre calle,Construccion,Oscuro sin iluminacion,Despejado,No,NO APLICA,99,99,99,99,1,24/12/2022,3
48,Texas,484004,1,1,1,0,29,BEXAR (29),6090,SAN ANTONIO,12,Diciembre,26,2022,17,10,BUENA VISTA ST,6,Calle Local Municipalidad,Urbano,Arteria Principal,Not Reported,0,Sin jurisdiccion especial,0,29.42572222,-98.51244722,Peaton,El primer evento no fue una colision con un vehiculo automotor en transporte,Four-Way Intersection,Interseccion de 4 direcciones,Sobre calle,Ninguna,Oscuro sin iluminacion,Despejado,No,NO APLICA,99,98,99,98,1,26/12/2022,1
48,Texas,484005,0,0,1,0,455,TRINITY (455),7020,TRINITY,12,Diciembre,24,2022,3,54,SR-94,3,Highway estatal,Rural,Arteria Menor,Not Reported,0,Sin jurisdiccion especial,206,30.94751111,-95.36580556,Arbol,El primer evento no fue una colision con un vehiculo automotor en transporte,Not an Intersection,No fue interseccion,Sobre el lado de la calle,Ninguna,Oscuro con iluminacion,Despejado,No,NO APLICA,4,15,4,52,2,24/12/2022,3
48,Texas,484006,1,1,1,0,499,WOOD (499),0,NO APLICA,12,Diciembre,28,2022,18,35,US-80/BROAD ST,2,US Highway,Urbano,Arteria Principal,Not Reported,0,Sin jurisdiccion especial,71,32.66036389,-95.46022222,Peaton,El primer evento no fue una colision con un vehiculo automotor en transporte,Not an Intersection,No fue interseccion,Sobre calle,Ninguna,Oscuro sin iluminacion,Despejado,No,NO APLICA,18,36,18,45,1,28/12/2022,2
48,Texas,484007,0,0,2,0,317,MARTIN (317),0,NO APLICA,12,Diciembre,29,2022,23,14,SR-349,3,Highway estatal,Rural,Arteria Principal,Not Reported,1,Sin jurisdiccion especial,23,32.29081389,-102.1617139,Vehiculo en movimiento,Frente a Detrás,Not an Intersection,No fue interseccion,Sobre calle,Ninguna,Oscuro sin iluminacion,Despejado,No,NO APLICA,99,99,99,99,1,29/12/2022,2
48,Texas,484008,1,1,2,0,201,HARRIS (201),3280,HOUSTON,12,Diciembre,18,2022,0,3,SR-249/TOMBALL PKWY,3,Highway estatal,Urbano,Arterial Principal -Freeway o ExpressWay,Not Reported,1,Sin jurisdiccion especial,143,29.95256389,-95.53666667,Vehiculo en movimiento,Frente a Detrás,Not an Intersection,No fue interseccion,Sobre calle,Ninguna,Oscuro sin iluminacion,Despejado,No,NO APLICA,99,99,99,99,1,18/12/2022,1
48,Texas,484009,0,0,2,0,183,GREGG (183),0,NO APLICA,12,Diciembre,29,2022,9,23,SR-31,3,Highway estatal,Rural,Arteria Principal,Not Reported,1,Sin jurisdiccion especial,11,32.378275,-94.96783611,Vehiculo en movimiento,Frente a frente,Not an Intersection,No fue interseccion,Sobre calle,Ninguna,Dia total,Despejado,No,NO APLICA,99,99,99,99,1,29/12/2022,3
48,Texas,484010,0,0,3,0,113,DALLAS (113),1730,DALLAS,9,Septiembre,20,2022,21,46,I-30,1,Interestatal,Urbano,Interestatal,State Highway Agency,1,Sin jurisdiccion especial,0,32.76891944,-96.82491944,Valla para choques,El primer evento no fue una colision con un vehiculo automotor en transporte,Y-Intersection,Interseccion de Y,Gore?,Ninguna,Oscuro sin iluminacion,Despejado,No,NO APLICA,99,99,99,99,1,20/09/2022,3
48,Texas,484011,0,0,1,0,369,PARMER (369),0,NO APLICA,11,Noviembre,30,2022,16,22,FM 2013,8,Otro,Rural,Colector Menor,Not Reported,0,Sin jurisdiccion especial,105,34.64361944,-102.9492083,Poste de Señal de trafico,El primer evento no fue una colision con un vehiculo automotor en transporte,Not an Intersection,No fue interseccion,Sobre el lado de la calle,Ninguna,Dia total,Despejado,No,NO APLICA,99,99,99,99,1,30/11/2022,1
48,Texas,484012,0,0,1,0,85,COLLIN (85),4230,MCKINNEY,12,Diciembre,2,2022,23,51,ELDORADO PKWY,6,Calle Local Municipalidad,Urbano,Arteria Menor,Not Reported,0,Sin jurisdiccion especial,0,33.17526111,-96.72208889,Banqueta,El primer evento no fue una colision con un vehiculo automotor en transporte,Four-Way Intersection,Interseccion de 4 direcciones,Isla de trafico para peatones,Ninguna,Oscuro con iluminacion,Nublado,No,NO APLICA,99,98,99,98,1,02/12/2022,1
48,Texas,484013,0,0,1,0,497,WISE (497),0,NO APLICA,12,Diciembre,30,2022,9,17,FM 718,8,Otro,Urbano,Colector Mayor,Not Reported,0,Sin jurisdiccion especial,26,33.04118889,-97.52071389,Barda,El primer evento no fue una colision con un vehiculo automotor en transporte,Not an Intersection,No fue interseccion,Sobre el lado de la calle,Ninguna,Dia total,Despejado,No,NO APLICA,99,99,99,99,1,30/12/2022,2
48,Texas,484014,1,1,1,0,141,EL PASO (141),2190,EL PASO,12,Diciembre,31,2022,18,47,SR-20,3,Highway estatal,Urbano,Arteria Principal,Not Reported,1,Sin jurisdiccion especial,143,31.83110833,-106.5314861,Peaton,El primer evento no fue una colision con un vehiculo automotor en transporte,Not an Intersection,No fue interseccion,Sobre calle,Ninguna,Oscuro con iluminacion,Despejado,No,NO APLICA,99,99,99,99,1,31/12/2022,2
48,Texas,484015,0,0,1,0,271,KINNEY (271),0,NO APLICA,12,Diciembre,6,2022,12,38,US-90,2,US Highway,Rural,Arteria Principal,Not Reported,1,Sin jurisdiccion especial,135,29.32880278,-100.4972694,Volcadura,El primer evento no fue una colision con un vehiculo automotor en transporte,Not an Intersection,No fue interseccion,Sobre el lado de la calle,Ninguna,Dia total,Nublado,No,NO APLICA,99,99,99,99,5,06/12/2022,8
48,Texas,484016,0,0,2,0,89,COLORADO (89),0,NO APLICA,12,Diciembre,29,2022,3,22,I-10,1,Interestatal,Rural,Interestatal,State Highway Agency,1,Sin jurisdiccion especial,101,29.68944722,-96.68136389,Vehiculo en movimiento,Angulo,Not an Intersection,No fue interseccion,Sobre calle,Ninguna,Oscuro sin iluminacion,lluvia,No,NO APLICA,99,98,99,98,1,29/12/2022,2
48,Texas,484017,0,0,3,0,339,MONTGOMERY (339),0,NO APLICA,12,Diciembre,31,2022,14,38,CR-DOBBIN HUFFSMITH RD,4,Calle del Condado,Urbano,Colector Mayor,Not Reported,0,Sin jurisdiccion especial,0,30.18988333,-95.64588333,Vehiculo en movimiento,Angulo,T-Intersection,Interseccion de T,Sobre calle,Ninguna,Dia total,Despejado,No,NO APLICA,99,99,99,99,1,31/12/2022,3
48,Texas,484018,0,0,4,0,113,DALLAS (113),1730,DALLAS,12,Diciembre,22,2022,6,59,I-30/RL THORNTON FWY,1,Interestatal,Urbano,Interestatal,State Highway Agency,1,Sin jurisdiccion especial,46,32.77827778,-96.78260556,Vehiculo en movimiento,Golpe Lateral - misma direccion,Not an Intersection,No fue interseccion,Sobre calle,Ninguna,Oscuro con iluminacion,Despejado,No,NO APLICA,99,99,99,99,1,22/12/2022,5
48,Texas,484019,1,1,2,0,201,HARRIS (201),3280,HOUSTON,12,Diciembre,16,2022,22,40,I-69 US-59,1,Interestatal,Urbano,Interestatal,State Highway Agency,1,Sin jurisdiccion especial,40,29.69281944,-95.52599722,Peaton,El primer evento no fue una colision con un vehiculo automotor en transporte,Not an Intersection,No fue interseccion,Sobre calle,Ninguna,Oscuro con iluminacion,Despejado,No,NO APLICA,99,99,99,99,1,16/12/2022,2
48,Texas,484020,0,0,1,0,201,HARRIS (201),3280,HOUSTON,12,Diciembre,9,2022,14,28,I-610,1,Interestatal,Urbano,Interestatal,State Highway Agency,1,Sin jurisdiccion especial,36,29.81301111,-95.41303056,Barrera de Trafico de Concreto,El primer evento no fue una colision con un vehiculo automotor en transporte,Not an Intersection,No fue interseccion,Separador,Ninguna,Dia total,Nublado,No,NO APLICA,99,98,99,98,1,09/12/2022,1
48,Texas,484021,0,0,2,0,113,DALLAS (113),1730,DALLAS,12,Diciembre,22,2022,22,37,I-35,1,Interestatal,Urbano,Interestatal,State Highway Agency,1,Sin jurisdiccion especial,195,32.80608056,-96.83936389,Vehiculo en movimiento,Frente a Detrás,Not an Intersection,No fue interseccion,Sobre calle,Ninguna,Oscuro con iluminacion,Despejado,No,NO APLICA,99,98,99,98,1,22/12/2022,3
48,Texas,484022,0,0,2,0,213,HENDERSON (213),300,ATHENS,12,Diciembre,16,2022,10,56,US-175,2,US Highway,Urbano,Arteria Principal,Not Reported,1,Sin jurisdiccion especial,229,32.22013056,-95.87899167,Vehiculo en movimiento,Angulo,Four-Way Intersection,Interseccion de 4 direcciones,Sobre calle,Ninguna,Dia total,lluvia,No,NO APLICA,99,99,99,99,1,16/12/2022,3
48,Texas,484023,0,0,1,0,71,CHAMBERS (71),0,NO APLICA,12,Diciembre,7,2022,22,28,FM 565,8,Otro,Rural,Arteria Menor,Not Reported,0,Sin jurisdiccion especial,49,29.86573333,-94.82074444,Volcadura,El primer evento no fue una colision con un vehiculo automotor en transporte,Not an Intersection,No fue interseccion,Sobre calle,Ninguna,Oscuro sin iluminacion,Despejado,No,NO APLICA,99,99,99,99,1,07/12/2022,1
48,Texas,484024,0,0,1,0,201,HARRIS (201),3280,HOUSTON,12,Diciembre,25,2022,23,35,JACKSON ST,6,Calle Local Municipalidad,Urbano,Local,Not Reported,0,Sin jurisdiccion especial,0,29.73895833,-95.37038333,Banqueta,El primer evento no fue una colision con un vehiculo automotor en transporte,T-Intersection,Interseccion de T,Sobre el lado de la calle,Ninguna,Oscuro con iluminacion,Despejado,No,NO APLICA,23,42,23,46,2,25/12/2022,2
48,Texas,484025,0,0,2,0,51,BURLESON (51),0,NO APLICA,12,Diciembre,31,2022,14,29,FM 60,8,Otro,Rural,Arteria Menor,Not Reported,0,Sin jurisdiccion especial,43,30.43852778,-96.52870556,Vehiculo en movimiento,Frente a frente,Not an Intersection,No fue interseccion,Sobre calle,Ninguna,Dia total,Despejado,No,NO APLICA,99,99,99,99,2,31/12/2022,4
48,Texas,484026,0,0,1,0,485,WICHITA (485),7490,WICHITA FALLS,12,Diciembre,23,2022,0,54,US-287J BU/IOWA PARK RD/SCOTT,2,US Highway,Urbano,Arteria Principal,Not Reported,1,Sin jurisdiccion especial,99998,33.92708611,-98.50864444,Barrera de Trafico de Concreto,El primer evento no fue una colision con un vehiculo automotor en transporte,T-Intersection,Interseccion de T,Sobre el lado de la calle,Ninguna,Oscuro con iluminacion,Nublado,No,NO APLICA,99,99,99,99,1,23/12/2022,3
48,Texas,484027,0,0,1,0,485,WICHITA (485),7490,WICHITA FALLS,12,Diciembre,30,2022,7,35,US-287 BU,2,US Highway,Urbano,Arteria Principal,Not Reported,1,Sin jurisdiccion especial,311,33.90173611,-98.45764167,Acotamiento,El primer evento no fue una colision con un vehiculo automotor en transporte,Not an Intersection,No fue interseccion,Fuera de la calle,Ninguna,Dia total,Despejado,No,NO APLICA,99,98,99,98,1,30/12/2022,1
48,Texas,484028,0,0,2,0,53,BURNET (53),4310,MARBLE FALLS,12,Diciembre,27,2022,13,21,RM 1431,8,Otro,Rural,Colector Mayor,Not Reported,0,Sin jurisdiccion especial,99,30.59168889,-98.29670556,Vehiculo en movimiento,Frente a Detrás,T-Intersection,Interseccion de T,Sobre calle,Ninguna,Dia total,Despejado,No,NO APLICA,99,99,99,99,1,27/12/2022,7
48,Texas,484029,1,1,1,0,453,TRAVIS (453),330,AUSTIN,9,Septiembre,17,2022,21,53,AIRPORT BLVD BLVD,6,Calle Local Municipalidad,Urbano,Arteria Principal,Not Reported,1,Sin jurisdiccion especial,0,30.27225833,-97.69759167,Peaton,El primer evento no fue una colision con un vehiculo automotor en transporte,Not an Intersection,No fue interseccion,Sobre calle,Ninguna,Oscuro con iluminacion,Despejado,No,NO APLICA,99,98,99,98,1,17/09/2022,1
48,Texas,484030,0,0,2,0,21,BASTROP (21),0,NO APLICA,12,Diciembre,31,2022,22,39,FM 969,8,Otro,Rural,Colector Mayor,Not Reported,0,Sin jurisdiccion especial,98,30.14455278,-97.37495556,Vehiculo en movimiento,Frente a frente,Not an Intersection,No fue interseccion,Sobre calle,Ninguna,Oscuro sin iluminacion,Despejado,No,NO APLICA,99,99,99,99,1,31/12/2022,4
48,Texas,484032,0,0,2,0,209,HAYS (209),3760,KYLE,12,Diciembre,25,2022,1,53,CR-131/WINDY HILL RD,6,Calle Local Municipalidad,Urbano,Colector Mayor,Not Reported,0,Sin jurisdiccion especial,0,30.03533611,-97.84288889,Vehiculo en movimiento,Frente a frente,Not an Intersection,No fue interseccion,Sobre calle,Ninguna,Oscuro sin iluminacion,Despejado,No,NO APLICA,99,99,99,99,1,25/12/2022,3
48,Texas,484033,0,0,3,0,85,COLLIN (85),0,NO APLICA,12,Diciembre,24,2022,18,15,SR-78,3,Highway estatal,Rural,Arteria Menor,Not Reported,0,Sin jurisdiccion especial,82,33.28698056,-96.38926111,Vehiculo en movimiento,Angulo,Not an Intersection,No fue interseccion,Sobre calle,Ninguna,Oscuro sin iluminacion,Despejado,No,NO APLICA,99,99,99,99,1,24/12/2022,9
48,Texas,484034,1,1,1,0,453,TRAVIS (453),330,AUSTIN,12,Diciembre,16,2022,2,25,US-183,7,Calle Local,Urbano,Colector Mayor,Not Reported,0,Sin jurisdiccion especial,102,30.24264444,-97.69093611,Peaton,El primer evento no fue una colision con un vehiculo automotor en transporte,T-Intersection,Interseccion de T,En el medio,Ninguna,Oscuro con iluminacion,Despejado,No,NO APLICA,99,98,99,98,1,16/12/2022,1
48,Texas,484035,0,0,1,0,453,TRAVIS (453),330,AUSTIN,12,Diciembre,17,2022,1,14,US-290 E BEN WHITE BLVD,7,Calle Local,Urbano,Colector Mayor,Not Reported,0,Sin jurisdiccion especial,24,30.22317222,-97.76345,Barrera de Trafico de Concreto,El primer evento no fue una colision con un vehiculo automotor en transporte,Not an Intersection,No fue interseccion,Sobre el lado de la calle,Ninguna,Oscuro sin iluminacion,Despejado,No,NO APLICA,99,99,99,99,1,17/12/2022,2
48,Texas,484036,0,0,2,0,329,MIDLAND (329),0,NO APLICA,12,Diciembre,17,2022,11,18,BI-20,8,Otro,Urbano,Arteria Principal,State Highway Agency,1,Sin jurisdiccion especial,224,32.03819167,-101.9925944,Vehiculo en movimiento,Angulo,Four-Way Intersection,Interseccion de 4 direcciones,Sobre calle,Ninguna,Dia total,Despejado,No,NO APLICA,99,99,99,99,1,17/12/2022,5
48,Texas,484037,0,0,2,0,85,COLLIN (85),0,NO APLICA,12,Diciembre,7,2022,0,18,SR-121,3,Highway estatal,Rural,Arteria Principal,Not Reported,1,Sin jurisdiccion especial,43,33.36585,-96.432475,Vehiculo en movimiento,Frente a Detrás,Not an Intersection,No fue interseccion,Sobre calle,Construccion,Oscuro sin iluminacion,lluvia,No,NO APLICA,99,98,99,98,1,07/12/2022,2
48,Texas,484038,0,0,2,0,439,TARRANT (439),7258,WATAUGA,12,Diciembre,27,2022,11,46,US-377/DENTON HWY,2,US Highway,Urbano,Arteria Principal,Not Reported,1,Sin jurisdiccion especial,276,32.88134167,-97.26081944,Vehiculo en movimiento,Angulo,Not an Intersection,No fue interseccion,Sobre calle,Ninguna,Dia total,Despejado,No,NO APLICA,99,99,99,99,1,27/12/2022,3
48,Texas,484039,0,0,1,0,309,MCLENNAN (309),956,BRUCEVILLE-EDDY,12,Diciembre,22,2022,15,55,I-35,7,Calle Local,Urbano,Colector Mayor,State Highway Agency,0,Sin jurisdiccion especial,33,31.32089167,-97.23501944,Poste de Señal de trafico,El primer evento no fue una colision con un vehiculo automotor en transporte,Not an Intersection,No fue interseccion,Sobre el lado de la calle,Ninguna,Reportada como desconocida,Reportado como desconocido,No,NO APLICA,99,98,99,98,1,22/12/2022,1
48,Texas,484040,0,0,1,0,73,CHEROKEE (73),0,NO APLICA,10,Octubre,25,2022,15,50,US-69,2,US Highway,Rural,Arteria Principal,Not Reported,1,Sin jurisdiccion especial,159,31.91942222,-95.23620556,Culvert,El primer evento no fue una colision con un vehiculo automotor en transporte,Not an Intersection,No fue interseccion,Sobre el lado de la calle,Ninguna,Dia total,Despejado,No,NO APLICA,99,99,99,99,1,25/10/2022,1
48,Texas,484041,0,0,1,0,127,DIMMIT (127),0,NO APLICA,12,Diciembre,30,2022,19,37,FM 133,8,Otro,Rural,Colector Mayor,Not Reported,0,Sin jurisdiccion especial,56,28.32966389,-99.53990556,Animal vivo,El primer evento no fue una colision con un vehiculo automotor en transporte,Not an Intersection,No fue interseccion,Sobre calle,Ninguna,Oscuro sin iluminacion,Despejado,No,NO APLICA,99,99,99,99,1,30/12/2022,3
48,Texas,484042,0,0,1,0,491,WILLIAMSON (491),2620,GEORGETOWN,11,Noviembre,27,2022,4,39,I-35 SVRD,7,Calle Local,Urbano,Colector Mayor,Not Reported,0,Sin jurisdiccion especial,107,30.63234722,-97.69098611,Barrera de Trafico de Concreto,El primer evento no fue una colision con un vehiculo automotor en transporte,Not an Intersection,No fue interseccion,Separador,Ninguna,Oscuro sin iluminacion,Despejado,No,NO APLICA,99,99,99,99,1,27/11/2022,1
48,Texas,484043,0,0,3,0,297,LIVE OAK (297),0,NO APLICA,12,Diciembre,30,2022,18,22,US-59,2,US Highway,Rural,Arteria Principal,Not Reported,1,Sin jurisdiccion especial,174,28.13716667,-98.29756667,Vehiculo en movimiento,Frente a frente,Not an Intersection,No fue interseccion,Sobre calle,Ninguna,Oscuro sin iluminacion,Despejado,No,NO APLICA,99,99,99,99,5,30/12/2022,12
48,Texas,484044,0,0,1,0,41,BRAZOS (41),0,NO APLICA,12,Diciembre,31,2022,2,0,CR-ELMO WEEDON RD,4,Calle del Condado,Rural,Colector Menor,Not Reported,0,Sin jurisdiccion especial,0,30.68699167,-96.24001944,Barda,El primer evento no fue una colision con un vehiculo automotor en transporte,Not an Intersection,No fue interseccion,Fuera de la calle,Ninguna,Oscuro sin iluminacion,Neblina o Humo,No,NO APLICA,99,99,99,99,1,31/12/2022,2
48,Texas,484045,0,0,2,0,453,TRAVIS (453),0,NO APLICA,12,Diciembre,28,2022,4,27,SR-45/SR-130 TL,3,Highway estatal,Urbano,Arterial Principal -Freeway o ExpressWay,State Toll Road,1,Sin jurisdiccion especial,99998,30.297125,-97.57065833,Vehiculo en movimiento,Frente a Detrás,Not an Intersection,No fue interseccion,Sobre calle,Ninguna,Oscuro sin iluminacion,Despejado,No,NO APLICA,4,37,4,47,1,28/12/2022,2
48,Texas,484046,0,0,1,0,479,WEBB (479),0,NO APLICA,12,Diciembre,18,2022,23,15,I-35,1,Interestatal,Rural,Interestatal,State Highway Agency,1,Sin jurisdiccion especial,146,27.86055278,-99.40174722,Valla Ferrocarril,El primer evento no fue una colision con un vehiculo automotor en transporte,Not an Intersection,No fue interseccion,En el medio,Ninguna,Oscuro sin iluminacion,Nublado,No,NO APLICA,99,98,99,98,1,18/12/2022,1
48,Texas,484047,0,0,2,0,491,WILLIAMSON (491),330,AUSTIN,4,Abril,26,2022,22,37,W PARMER LN,6,Calle Local Municipalidad,Urbano,Arteria Principal,Not Reported,1,Sin jurisdiccion especial,104,30.48029722,-97.76665833,Vehiculo en movimiento,Angulo,Not an Intersection,No fue interseccion,Sobre calle,Ninguna,Oscuro sin iluminacion,Despejado,No,NO APLICA,99,99,99,99,1,26/04/2022,2
48,Texas,484048,1,1,1,0,201,HARRIS (201),3280,HOUSTON,12,Diciembre,8,2022,2,30,AIRPORT BLVD,6,Calle Local Municipalidad,Urbano,Arteria Principal,Not Reported,0,Sin jurisdiccion especial,0,29.6426,-95.40536667,Peaton,El primer evento no fue una colision con un vehiculo automotor en transporte,Not an Intersection,No fue interseccion,Sobre calle,Ninguna,Oscuro sin iluminacion,Nublado,No,NO APLICA,99,98,99,98,1,08/12/2022,1
48,Texas,484049,0,0,2,0,329,MIDLAND (329),0,NO APLICA,12,Diciembre,29,2022,18,31,SR-158,3,Highway estatal,Rural,Arteria Principal,Not Reported,1,Sin jurisdiccion especial,117,31.96494722,-101.9749306,Vehiculo en movimiento,Angulo,Not an Intersection,No fue interseccion,Sobre calle,Ninguna,Oscuro sin iluminacion,Despejado,No,NO APLICA,99,98,99,98,1,29/12/2022,2
48,Texas,484050,1,1,1,0,201,HARRIS (201),3280,HOUSTON,12,Diciembre,27,2022,6,33,CLEARWOOD ST,6,Calle Local Municipalidad,Urbano,Arteria Menor,Not Reported,0,Sin jurisdiccion especial,0,29.64055278,-95.24394444,Peaton,El primer evento no fue una colision con un vehiculo automotor en transporte,Not an Intersection,No fue interseccion,Sobre calle,Ninguna,Oscuro con iluminacion,Despejado,No,NO APLICA,99,99,99,99,1,27/12/2022,1