Estado,Nombre de Estado,Numero de Caso,Peatones,Personas _no_vehiculos,Vehiculos automotores,Vehiculos estacionados,Condado,Nombre Condado,Ciudad,Nombre Ciudad,Mes,Nombre Mes,Dia,Año,Hora,Minuto,Calle,Ruta,Nombre Ruta,Rural o Urbanoo,Sistema Funcional,Dueño Calle,Sistema Nacional Carreteras,Jurisdiccion Especial,Milla,Latitud,Longitud,Causa del Accidente,Tipo de Accidente,Tipo Interseccion,Columna1,Lugar en la calle,Zona de Trabajo,Luz,Clima,Autobus Escolar,Cruce de Trenes,Hora Notificacion,Minuto Notificacion,Hora Llegada,Minuto Llegada,Decesos,Fecha,PersonaVehiculo
48,Texas,484051,0,0,1,0,487,WILBARGER (487),0,NO APLICA,12,Diciembre,28,2022,18,50,FM 3207,8,Otro,Urbano,Colector Mayor,Not Reported,0,Sin jurisdiccion especial,59,34.07895556,-99.30215556,Poste,El primer evento no fue una colision con un vehiculo automotor en transporte,Four-Way Intersection,Interseccion de 4 direcciones,Sobre el lado de la calle,Ninguna,Dia total,Despejado,No,NO APLICA,99,99,99,99,1,28/12/2022,1
48,Texas,484052,0,0,2,0,201,HARRIS (201),3280,HOUSTON,11,Noviembre,19,2022,15,31,ELDRIDGE  PKWY,6,Calle Local Municipalidad,Urbano,Arteria Menor,State Toll Road,0,Sin jurisdiccion especial,0,29.82662778,-95.60518333,Vehiculo en movimiento,Angulo,Not an Intersection,No fue interseccion,Sobre calle,Ninguna,Dia total,lluvia,No,NO APLICA,99,99,99,99,2,19/11/2022,3
48,Texas,484053,0,0,2,0,491,WILLIAMSON (491),0,NO APLICA,12,Diciembre,9,2022,8,23,RONALD REAGAN BLVD,6,Calle Local Municipalidad,Rural,Arteria Menor,Not Reported,0,Sin jurisdiccion especial,0,30.64595,-97.83053333,Vehiculo en movimiento,Angulo,T-Intersection,Interseccion de T,Sobre calle,Ninguna,Dia total,Despejado,No,NO APLICA,99,98,99,98,1,09/12/2022,2
48,Texas,484054,0,0,2,0,201,HARRIS (201),3280,HOUSTON,12,Diciembre,11,2022,16,57,BISSONNET ST,6,Calle Local Municipalidad,Urbano,Arteria Menor,Not Reported,0,Sin jurisdiccion especial,0,29.68028611,-95.52171389,Vehiculo en movimiento,Angulo,T-Intersection,Interseccion de T,Sobre calle,Ninguna,Dia total,Despejado,No,NO APLICA,99,99,99,99,1,11/12/2022,3
48,Texas,484055,0,0,2,0,141,EL PASO (141),2190,EL PASO,7,Julio,2,2022,23,43,NORTH LOOP,6,Calle Local Municipalidad,Urbano,Arteria Principal,Not Reported,1,Sin jurisdiccion especial,4,31.762225,-106.3951306,Vehiculo en movimiento,Golpe Lateral - misma direccion,T-Intersection,Interseccion de T,Sobre calle,Ninguna,Oscuro - iluminacion desconocida,Despejado,No,NO APLICA,99,99,99,99,1,02/07/2022,4
48,Texas,484056,0,0,3,0,57,CALHOUN (57),0,NO APLICA,12,Diciembre,27,2022,19,0,SR-35,3,Highway estatal,Rural,Arteria Menor,Not Reported,0,Sin jurisdiccion especial,28,28.68746944,-96.53122222,Vehiculo en movimiento,Frente a Detrás,Not an Intersection,No fue interseccion,Sobre calle,Ninguna,Oscuro sin iluminacion,Despejado,No,NO APLICA,19,0,19,14,1,27/12/2022,5
48,Texas,484057,0,0,1,0,201,HARRIS (201),3280,HOUSTON,10,Octubre,31,2022,8,14,WILCREST DR,6,Calle Local Municipalidad,Urbano,Arteria Menor,Not Reported,0,Sin jurisdiccion especial,0,29.68763056,-95.57006667,Volcadura,El primer evento no fue una colision con un vehiculo automotor en transporte,Not an Intersection,No fue interseccion,En el medio,Ninguna,Reportada como desconocida,Reportado como desconocido,No,NO APLICA,99,98,99,98,2,31/10/2022,2
48,Texas,484059,0,0,4,0,201,HARRIS (201),3280,HOUSTON,11,Noviembre,24,2022,17,2,SR-8,7,Calle Local,Urbano,Arteria Principal,Not Reported,1,Sin jurisdiccion especial,27,29.65338889,-95.55076389,Vehiculo en movimiento,Frente a frente,Four-Way Intersection,Interseccion de 4 direcciones,Sobre calle,Ninguna,Dia total,Despejado,No,NO APLICA,99,99,99,99,1,24/11/2022,7
48,Texas,484060,0,0,1,0,29,BEXAR (29),6090,SAN ANTONIO,2,Febrero,21,2022,20,43,DOVER RIDGE,6,Calle Local Municipalidad,Urbano,Arteria Menor,Not Reported,0,Sin jurisdiccion especial,0,29.51003056,-98.66619722,Otro objeto (no fijo),El primer evento no fue una colision con un vehiculo automotor en transporte,Not an Intersection,No fue interseccion,Sobre calle,Ninguna,Oscuro sin iluminacion,Nublado,No,NO APLICA,99,99,99,99,1,21/02/2022,1
48,Texas,484061,1,1,2,0,29,BEXAR (29),6090,SAN ANTONIO,3,Marzo,11,2022,7,43,CULEBRA RD,6,Calle Local Municipalidad,Urbano,Arteria Menor,Not Reported,0,Sin jurisdiccion especial,0,29.469475,-98.65015556,Peaton,El primer evento no fue una colision con un vehiculo automotor en transporte,Four-Way Intersection,Interseccion de 4 direcciones,Sobre calle,Ninguna,Dia total,Nublado,No,NO APLICA,99,99,99,99,1,11/03/2022,2
48,Texas,484062,1,1,1,0,29,BEXAR (29),6090,SAN ANTONIO,3,Marzo,13,2022,8,22,I-10,1,Interestatal,Urbano,Interestatal,State Highway Agency,1,Sin jurisdiccion especial,149,29.54409444,-98.57793611,Peaton,El primer evento no fue una colision con un vehiculo automotor en transporte,Not an Intersection,No fue interseccion,Sobre Acotamiento,Ninguna,Oscuro sin iluminacion,Despejado,No,NO APLICA,99,99,99,99,1,13/03/2022,1
48,Texas,484063,1,1,1,0,113,DALLAS (113),3420,IRVING,12,Diciembre,31,2022,7,10,SR-12,3,Highway estatal,Urbano,Arterial Principal -Freeway o ExpressWay,Not Reported,1,Sin jurisdiccion especial,195,32.83641111,-96.91471944,Peaton,El primer evento no fue una colision con un vehiculo automotor en transporte,Not an Intersection,No fue interseccion,Sobre calle,Construccion,Oscuro sin iluminacion,Despejado,No,NO APLICA,99,98,99,98,1,31/12/2022,1
48,Texas,484064,0,0,2,0,113,DALLAS (113),387,BALCH SPRINGS,9,Septiembre,26,2022,13,30,I-635,1,Interestatal,Urbano,Interestatal,State Highway Agency,1,Sin jurisdiccion especial,7,32.70615,-96.62371667,"La carga del vehiculo (cambio, perdida, o otro)",El primer evento no fue una colision con un vehiculo automotor en transporte,Not an Intersection,No fue interseccion,Sobre calle,Ninguna,Dia total,Despejado,No,NO APLICA,99,99,99,99,1,26/09/2022,3
48,Texas,484065,0,0,2,0,201,HARRIS (201),3280,HOUSTON,12,Diciembre,21,2022,14,45,MEMORIAL DR,6,Calle Local Municipalidad,Urbano,Arteria Menor,Not Reported,0,Sin jurisdiccion especial,0,29.77008333,-95.592675,Vehiculo en movimiento,Angulo,Four-Way Intersection,Interseccion de 4 direcciones,Sobre calle,Ninguna,Dia total,Despejado,No,NO APLICA,99,99,99,99,1,21/12/2022,3
48,Texas,484066,1,1,1,0,181,GRAYSON (181),6350,SHERMAN,10,Octubre,22,2022,19,27,LOY LAKE RD,6,Calle Local Municipalidad,Urbano,Arteria Menor,Not Reported,0,Sin jurisdiccion especial,0,33.66548056,-96.60615278,Peaton,El primer evento no fue una colision con un vehiculo automotor en transporte,Not an Intersection,No fue interseccion,Sobre calle,Ninguna,Oscuro con iluminacion,Despejado,No,NO APLICA,99,99,99,99,1,22/10/2022,1
48,Texas,484067,0,0,1,0,141,EL PASO (141),2190,EL PASO,11,Noviembre,7,2022,22,7,MISSOURI AVE,6,Calle Local Municipalidad,Urbano,Arteria Menor,Not Reported,0,Sin jurisdiccion especial,0,31.765025,-106.4854444,Valla Ferrocarril,El primer evento no fue una colision con un vehiculo automotor en transporte,Not an Intersection,No fue interseccion,Sobre el lado de la calle,Ninguna,Oscuro - iluminacion desconocida,Despejado,No,NO APLICA,99,99,99,99,1,07/11/2022,2
48,Texas,484068,1,1,1,0,201,HARRIS (201),3280,HOUSTON,4,Abril,4,2022,10,26,SR-8,3,Highway estatal,Urbano,Arterial Principal -Freeway o ExpressWay,Not Reported,1,Sin jurisdiccion especial,51,29.93904444,-95.33865556,Peaton,El primer evento no fue una colision con un vehiculo automotor en transporte,Not an Intersection,No fue interseccion,No reportado,Ninguna,Reportada como desconocida,Reportado como desconocido,No,NO APLICA,99,98,99,98,1,04/04/2022,1
48,Texas,484069,0,0,1,0,77,CLAY (77),0,NO APLICA,11,Noviembre,20,2022,0,1,US-82,2,US Highway,Rural,Arteria Principal,Not Reported,1,Sin jurisdiccion especial,72,33.81283056,-98.11871667,Volcadura,El primer evento no fue una colision con un vehiculo automotor en transporte,Not an Intersection,No fue interseccion,Sobre el lado de la calle,Ninguna,Oscuro sin iluminacion,Despejado,No,NO APLICA,99,99,99,99,1,20/11/2022,1
48,Texas,484070,0,0,3,0,487,WILBARGER (487),0,NO APLICA,12,Diciembre,23,2022,20,50,US-70/US-183,2,US Highway,Rural,Arteria Principal,Not Reported,1,Sin jurisdiccion especial,193,34.14057222,-99.19418889,Vehiculo en movimiento,Frente a Detrás,Not an Intersection,No fue interseccion,Sobre calle,Ninguna,Oscuro sin iluminacion,Nublado,No,NO APLICA,99,99,99,99,1,23/12/2022,7
48,Texas,484071,0,0,2,0,329,MIDLAND (329),0,NO APLICA,12,Diciembre,21,2022,18,40,BI 20,8,Otro,Urbano,Arteria Principal,Not Reported,1,Sin jurisdiccion especial,80,31.94486667,-102.1730972,Vehiculo en movimiento,Angulo,T-Intersection,Interseccion de T,Sobre calle,Ninguna,Oscuro con iluminacion,Despejado,No,NO APLICA,99,99,99,99,1,21/12/2022,4
48,Texas,484072,0,0,2,0,439,TARRANT (439),2450,FORT WORTH,8,Agosto,20,2022,17,41,28TH ST,6,Calle Local Municipalidad,Urbano,Local,Not Reported,0,Sin jurisdiccion especial,0,32.800175,-97.37757222,Vehiculo en movimiento,Angulo,Four-Way Intersection,Interseccion de 4 direcciones,Sobre calle,Ninguna,Dia total,Despejado,No,NO APLICA,99,99,99,99,1,20/08/2022,5
48,Texas,484073,0,0,2,0,501,YOAKUM (501),0,NO APLICA,11,Noviembre,7,2022,14,14,SR-214,3,Highway estatal,Rural,Arteria Menor,Not Reported,0,Sin jurisdiccion especial,245,33.03344167,-102.8189306,Vehiculo en movimiento,Angulo,Not an Intersection,No fue interseccion,Sobre calle,Ninguna,Dia total,Nublado,No,NO APLICA,99,99,99,99,1,07/11/2022,2
48,Texas,484074,0,0,1,0,141,EL PASO (141),2190,EL PASO,12,Diciembre,10,2022,2,16,SR-375 LOOP,3,Highway estatal,Urbano,Arterial Principal -Freeway o ExpressWay,Not Reported,1,Sin jurisdiccion especial,92,31.74133056,-106.2674583,Barrera de Trafico de Concreto,El primer evento no fue una colision con un vehiculo automotor en transporte,Not an Intersection,No fue interseccion,En el medio,Ninguna,Oscuro con iluminacion,Despejado,No,NO APLICA,99,99,99,99,1,10/12/2022,1
48,Texas,484075,0,0,1,0,167,GALVESTON (167),6860,TEXAS CITY,10,Octubre,8,2022,3,42,SR-197 SPUR 25TH AVE,3,Highway estatal,Urbano,Arteria Principal,Not Reported,1,Sin jurisdiccion especial,99998,29.41386389,-94.98718056,Banqueta,El primer evento no fue una colision con un vehiculo automotor en transporte,Not an Intersection,No fue interseccion,Sobre el lado de la calle,Ninguna,Oscuro sin iluminacion,Nublado,No,NO APLICA,99,99,99,99,1,08/10/2022,1
48,Texas,484076,0,0,1,0,257,KAUFMAN (257),0,NO APLICA,6,Junio,1,2022,15,16,FM 1388,8,Otro,Rural,Colector Mayor,Not Reported,0,Sin jurisdiccion especial,145,32.49948333,-96.34015,Otro objeto (no fijo),El primer evento no fue una colision con un vehiculo automotor en transporte,Not an Intersection,No fue interseccion,Sobre calle,Ninguna,Dia total,Despejado,No,NO APLICA,99,99,99,99,1,01/06/2022,1
48,Texas,484077,0,0,2,0,201,HARRIS (201),3280,HOUSTON,12,Diciembre,31,2022,20,27,BARKER CYPRESS RD,6,Calle Local Municipalidad,Urbano,Arteria Menor,Not Reported,0,Sin jurisdiccion especial,0,29.78893333,-95.68844444,Vehiculo en movimiento,Frente a frente,Four-Way Intersection,Interseccion de 4 direcciones,Sobre calle,Ninguna,Oscuro con iluminacion,Despejado,No,NO APLICA,20,28,20,43,1,31/12/2022,6
48,Texas,484078,1,1,1,0,427,STARR (427),0,NO APLICA,12,Diciembre,5,2022,21,0,US-83,2,US Highway,Urbano,Arteria Principal,Not Reported,1,Sin jurisdiccion especial,241,26.38638889,-98.90587778,Peaton,El primer evento no fue una colision con un vehiculo automotor en transporte,Not an Intersection,No fue interseccion,Sobre calle,Ninguna,Oscuro sin iluminacion,Despejado,No,NO APLICA,99,98,99,98,1,05/12/2022,1
48,Texas,484079,0,0,1,0,215,HIDALGO (215),0,NO APLICA,12,Diciembre,9,2022,22,40,CR-MILAN DR,4,Calle del Condado,Urbano,Local,Not Reported,0,Sin jurisdiccion especial,0,26.30946389,-98.34674167,Calle mal pavimentada,El primer evento no fue una colision con un vehiculo automotor en transporte,Not an Intersection,No fue interseccion,Sobre calle,Ninguna,Oscuro sin iluminacion,Despejado,No,NO APLICA,99,99,99,99,1,09/12/2022,1
48,Texas,484080,0,0,1,0,439,TARRANT (439),2990,HALTOM CITY,12,Diciembre,18,2022,3,40,I-820,7,Calle Local,Urbano,Colector Mayor,State Highway Agency,0,Sin jurisdiccion especial,205,32.83978056,-97.26296389,Poste,El primer evento no fue una colision con un vehiculo automotor en transporte,Not an Intersection,No fue interseccion,Separador,Ninguna,Oscuro con iluminacion,Despejado,No,NO APLICA,99,98,99,98,1,18/12/2022,1
48,Texas,484081,0,0,2,0,29,BEXAR (29),0,NO APLICA,10,Octubre,7,2022,17,58,CR-STUART RD,4,Calle del Condado,Rural,Local,Not Reported,0,Sin jurisdiccion especial,0,29.2695,-98.28551944,Vehiculo en movimiento,Golpe Lateral - direccion contraria,Not an Intersection,No fue interseccion,Sobre calle,Ninguna,Dia total,Despejado,No,NO APLICA,99,99,99,99,1,07/10/2022,2
48,Texas,484082,0,0,4,0,201,HARRIS (201),3280,HOUSTON,9,Septiembre,19,2022,19,47,RICHEY AVE,6,Calle Local Municipalidad,Urbano,Arteria Principal,Not Reported,0,Sin jurisdiccion especial,0,29.67059167,-95.23884722,Vehiculo en movimiento,Frente a frente,Not an Intersection,No fue interseccion,Sobre calle,Ninguna,Oscuro sin iluminacion,Despejado,No,NO APLICA,99,99,99,99,1,19/09/2022,5
48,Texas,484083,1,1,2,0,201,HARRIS (201),0,NO APLICA,12,Diciembre,30,2022,18,13,SR-249/TOMBALL PKWY,3,Highway estatal,Urbano,Arteria Principal,Not Reported,1,Sin jurisdiccion especial,200,29.90002778,-95.46440278,Peaton,El primer evento no fue una colision con un vehiculo automotor en transporte,Not an Intersection,No fue interseccion,Sobre calle,Ninguna,Oscuro sin iluminacion,Despejado,No,NO APLICA,99,99,99,99,1,30/12/2022,2
48,Texas,484085,0,0,3,0,257,KAUFMAN (257),6830,TERRELL,9,Septiembre,19,2022,12,15,SR-34,3,Highway estatal,Urbano,Arteria Menor,Not Reported,0,Sin jurisdiccion especial,31,32.72586944,-96.27661389,Vehiculo en movimiento,Frente a Detrás,Four-Way Intersection,Interseccion de 4 direcciones,Sobre calle,Ninguna,Dia total,Despejado,No,NO APLICA,99,99,99,99,1,19/09/2022,4
48,Texas,484086,1,1,2,0,215,HIDALGO (215),4650,MISSION,12,Diciembre,22,2022,16,38,SR-107,3,Highway estatal,Urbano,Arteria Principal,Not Reported,1,Sin jurisdiccion especial,14,26.20655556,-98.32731944,Peaton,El primer evento no fue una colision con un vehiculo automotor en transporte,Four-Way Intersection,Interseccion de 4 direcciones,Sobre calle,Ninguna,Dia total,Despejado,No,NO APLICA,99,98,99,98,1,22/12/2022,3
48,Texas,484087,1,1,1,0,201,HARRIS (201),3280,HOUSTON,12,Diciembre,30,2022,2,2,I-10,1,Interestatal,Urbano,Interestatal,State Highway Agency,1,Sin jurisdiccion especial,43,29.775825,-95.29719167,Peaton,El primer evento no fue una colision con un vehiculo automotor en transporte,Not an Intersection,No fue interseccion,Sobre calle,Ninguna,Oscuro con iluminacion,lluvia,No,NO APLICA,99,98,99,98,1,30/12/2022,1
48,Texas,484088,0,0,2,0,3,ANDREWS (3),0,NO APLICA,4,Abril,20,2022,12,27,FM 1788,8,Otro,Rural,Arteria Menor,Not Reported,0,Sin jurisdiccion especial,11,32.30927778,-102.3948972,Vehiculo en movimiento,Golpe Lateral - direccion contraria,Not an Intersection,No fue interseccion,Sobre Acotamiento,Ninguna,Dia total,Despejado,No,NO APLICA,99,99,99,99,1,20/04/2022,2
48,Texas,484089,0,0,1,0,329,MIDLAND (329),0,NO APLICA,12,Diciembre,1,2022,17,20,SR-158,3,Highway estatal,Urbano,Arteria Principal,Not Reported,1,Sin jurisdiccion especial,52,32.02243889,-102.2259306,Barda,El primer evento no fue una colision con un vehiculo automotor en transporte,Not an Intersection,No fue interseccion,Fuera de la calle,Ninguna,Dia total,Despejado,No,NO APLICA,99,98,99,98,1,01/12/2022,1
48,Texas,484090,0,0,1,0,167,GALVESTON (167),2570,GALVESTON,12,Diciembre,25,2022,21,39,HEARDS LN,6,Calle Local Municipalidad,Urbano,Colector Mayor,Not Reported,0,Sin jurisdiccion especial,0,29.27436111,-94.84421944,Arbol,El primer evento no fue una colision con un vehiculo automotor en transporte,T-Intersection,Interseccion de T,Sobre el lado de la calle,Ninguna,Oscuro con iluminacion,Despejado,No,NO APLICA,99,99,99,99,1,25/12/2022,1
48,Texas,484091,1,1,1,0,355,NUECES (355),1550,CORPUS CHRISTI,10,Octubre,28,2022,18,26,VIOLET RD,6,Calle Local Municipalidad,Urbano,Arteria Menor,Not Reported,0,Sin jurisdiccion especial,52,27.84865556,-97.58339722,Peaton,El primer evento no fue una colision con un vehiculo automotor en transporte,Not an Intersection,No fue interseccion,Sobre calle,Ninguna,Dia total,Despejado,No,NO APLICA,99,99,99,99,1,28/10/2022,1
48,Texas,484092,0,0,1,0,113,DALLAS (113),1730,DALLAS,12,Diciembre,11,2022,3,5,I-30/TOM LANDRY HWY,1,Interestatal,Urbano,Interestatal,State Highway Agency,1,Sin jurisdiccion especial,115,32.76603611,-96.83988889,Barrera de Trafico de Concreto,El primer evento no fue una colision con un vehiculo automotor en transporte,Not an Intersection,No fue interseccion,En el medio,Ninguna,Oscuro con iluminacion,lluvia,No,NO APLICA,99,99,99,99,1,11/12/2022,1
48,Texas,484093,0,0,2,0,257,KAUFMAN (257),9997,Other,12,Diciembre,15,2022,21,11,I-20,1,Interestatal,Urbano,Interestatal,State Highway Agency,1,Sin jurisdiccion especial,13,32.69750556,-96.49445278,Vehiculo en movimiento,Frente a Detrás,Not an Intersection,No fue interseccion,Sobre calle,Ninguna,Oscuro sin iluminacion,Despejado,No,NO APLICA,99,99,99,99,1,15/12/2022,2
48,Texas,484094,0,0,2,0,409,SAN PATRICIO (409),0,NO APLICA,9,Septiembre,16,2022,7,21,SR-35,3,Highway estatal,Rural,Arteria Menor,Not Reported,0,Sin jurisdiccion especial,73,27.92765278,-97.21708333,Vehiculo en movimiento,Angulo,Four-Way Intersection,Interseccion de 4 direcciones,Sobre calle,Ninguna,Amanecer,lluvia,No,NO APLICA,99,99,99,99,1,16/09/2022,2
48,Texas,484095,0,0,3,1,355,NUECES (355),1550,CORPUS CHRISTI,11,Noviembre,8,2022,14,39,SR-358/PADRE ISLAND DR,7,Calle Local,Urbano,Colector Mayor,Not Reported,0,Sin jurisdiccion especial,95,27.71037222,-97.37610833,Vehiculo en movimiento,Golpe Lateral - misma direccion,Not an Intersection,No fue interseccion,Sobre calle,Ninguna,Dia total,Despejado,No,NO APLICA,99,99,99,99,1,08/11/2022,4
48,Texas,484096,0,0,1,0,201,HARRIS (201),5230,PASADENA,7,Julio,10,2022,20,31,SPACE CENTER BLVD,6,Calle Local Municipalidad,Urbano,Arteria Menor,Not Reported,0,Sin jurisdiccion especial,0,29.66318611,-95.14382222,Banqueta,El primer evento no fue una colision con un vehiculo automotor en transporte,Not an Intersection,No fue interseccion,Sobre el lado de la calle,Ninguna,Atardecer,Nublado,No,NO APLICA,99,98,99,98,1,10/07/2022,1
48,Texas,484097,0,0,2,0,29,BEXAR (29),0,NO APLICA,12,Diciembre,22,2022,17,21,I-35,7,Calle Local,Rural,Colector Mayor,State Highway Agency,0,Sin jurisdiccion especial,50,29.25363611,-98.70218333,Vehiculo en movimiento,Frente a frente,Not an Intersection,No fue interseccion,Sobre calle,Ninguna,Oscuro sin iluminacion,Nublado,No,NO APLICA,99,99,99,99,1,22/12/2022,2
48,Texas,484098,1,1,1,0,471,WALKER (471),0,NO APLICA,7,Julio,2,2022,0,0,FM 1696,9,Desconocido,Rural,Colector Mayor,Not Reported,0,Sin jurisdiccion especial,117,30.74534167,-95.68189444,Peaton,El primer evento no fue una colision con un vehiculo automotor en transporte,Not an Intersection,No fue interseccion,Sobre calle,Ninguna,Oscuro sin iluminacion,Despejado,No,NO APLICA,99,98,99,98,1,02/07/2022,1
48,Texas,484099,0,0,1,0,45,BRISCOE (45),0,NO APLICA,8,Agosto,12,2022,14,45,SR-256,3,Highway estatal,Rural,Arteria Menor,Not Reported,0,Sin jurisdiccion especial,54,34.46828889,-101.1172528,Algún evento nocivo sin detalles,El primer evento no fue una colision con un vehiculo automotor en transporte,Not an Intersection,No fue interseccion,Sobre el lado de la calle,Ninguna,Dia total,Despejado,No,NO APLICA,99,98,99,98,1,12/08/2022,1
48,Texas,484100,1,1,1,0,323,MAVERICK (323),0,NO APLICA,10,Octubre,4,2022,21,30,FM 481,8,Otro,Rural,Colector Mayor,Not Reported,0,Sin jurisdiccion especial,137,28.91887778,-100.2704472,Peaton,El primer evento no fue una colision con un vehiculo automotor en transporte,Not an Intersection,No fue interseccion,Sobre calle,Ninguna,Oscuro sin iluminacion,Despejado,No,NO APLICA,99,99,99,99,1,04/10/2022,1
48,Texas,484101,0,0,2,0,297,LIVE OAK (297),6920,THREE RIVERS,12,Diciembre,18,2022,18,51,US-281,2,US Highway,Rural,Arteria Principal,Not Reported,1,Sin jurisdiccion especial,106,28.52054722,-98.18599167,Vehiculo en movimiento,Angulo,Not an Intersection,No fue interseccion,Sobre calle,Ninguna,Oscuro sin iluminacion,Despejado,No,NO APLICA,99,98,99,98,1,18/12/2022,2
48,Texas,484102,0,0,2,0,401,RUSK (401),0,NO APLICA,1,Enero,27,2022,10,43,SR-64,3,Highway estatal,Rural,Arteria Menor,Not Reported,0,Sin jurisdiccion especial,59,32.17675556,-94.88987778,Vehiculo en movimiento,Frente a Detrás,Not an Intersection,No fue interseccion,Sobre calle,Ninguna,Dia total,Nublado,No,NO APLICA,99,99,99,99,1,27/01/2022,2
48,Texas,484103,0,0,3,0,201,HARRIS (201),3280,HOUSTON,7,Julio,18,2022,21,3,CLAY RD,6,Calle Local Municipalidad,Urbano,Arteria Menor,Not Reported,0,Sin jurisdiccion especial,0,29.83615278,-95.61373333,Vehiculo en movimiento,Frente a frente,Not an Intersection,No fue interseccion,Sobre calle,Ninguna,Oscuro sin iluminacion,Despejado,No,NO APLICA,99,99,99,99,1,18/07/2022,5
49,Utah,490001,0,0,1,0,7,CARBON (7),358,EAST CARBON CITY,1,Enero,2,2022,21,30,SR-123,3,Highway estatal,Rural,Colector Mayor,State Highway Agency,0,Sin jurisdiccion especial,41,39.53586667,-110.5009667,Volcadura,El primer evento no fue una colision con un vehiculo automotor en transporte,Not an Intersection,No fue interseccion,Sobre el lado de la calle,Ninguna,Oscuro sin iluminacion,Despejado,No,NO APLICA,99,98,99,98,1,02/01/2022,1
49,Utah,490002,0,0,1,0,45,TOOELE (45),1940,TOOELE,1,Enero,7,2022,4,31,SR-112,3,Highway estatal,Urbano,Arteria Principal,State Highway Agency,1,Sin jurisdiccion especial,50,40.56060278,-112.3533917,Volcadura,El primer evento no fue una colision con un vehiculo automotor en transporte,Not an Intersection,No fue interseccion,Sobre el lado de la calle,Ninguna,Oscuro sin iluminacion,Despejado,No,NO APLICA,4,36,4,46,1,07/01/2022,1
49,Utah,490003,1,1,1,0,35,SALT LAKE (35),1700,SALT LAKE CITY,1,Enero,4,2022,19,36,US-89,2,US Highway,Urbano,Arteria Principal,State Highway Agency,1,Sin jurisdiccion especial,3773,40.73886389,-111.8883556,Peaton,El primer evento no fue una colision con un vehiculo automotor en transporte,Not an Intersection,No fue interseccion,Sobre calle,Ninguna,Oscuro con iluminacion,Nublado,No,NO APLICA,19,36,19,39,1,04/01/2022,1
49,Utah,490005,0,0,3,1,57,WEBER (57),1650,ROY,1,Enero,6,2022,15,57,6000 S,6,Calle Local Municipalidad,Urbano,Colector Menor,City or Municipal Highway Agency,0,Sin jurisdiccion especial,5,41.15444722,-112.0548694,Vehiculo en movimiento,Angulo,Four-Way Intersection,Interseccion de 4 direcciones,Sobre calle,Ninguna,Dia total,lluvia,No,NO APLICA,15,59,16,6,1,06/01/2022,3
49,Utah,490006,0,0,1,0,57,WEBER (57),1350,OGDEN,1,Enero,18,2022,0,48,SR-104,3,Highway estatal,Urbano,Arteria Menor,State Highway Agency,0,Sin jurisdiccion especial,28,41.23143611,-111.9841222,Barrera de Trafico de Concreto,El primer evento no fue una colision con un vehiculo automotor en transporte,Not an Intersection,No fue interseccion,Sobre el lado de la calle,Ninguna,Oscuro sin iluminacion,Despejado,No,NO APLICA,0,57,1,2,1,18/01/2022,3
49,Utah,490007,1,1,2,0,27,MILLARD (27),1740,SCIPIO,1,Enero,12,2022,14,50,I-15,1,Interestatal,Rural,Interestatal,State Highway Agency,1,Sin jurisdiccion especial,1878,39.24215833,-112.1249722,Vehiculo en movimiento,Frente a Detrás,Not an Intersection,No fue interseccion,Sobre calle,Ninguna,Dia total,Despejado,No,NO APLICA,14,37,14,45,1,12/01/2022,1
49,Utah,490008,0,0,1,0,25,KANE (25),575,BIG WATER,1,Enero,11,2022,18,0,US-89,2,US Highway,Rural,Arteria Principal,State Highway Agency,1,Sin jurisdiccion especial,185,37.10383889,-111.8604806,Poste o otros soportes,El primer evento no fue una colision con un vehiculo automotor en transporte,Not an Intersection,No fue interseccion,Sobre el lado de la calle,Ninguna,Oscuro sin iluminacion,Despejado,No,NO APLICA,18,16,18,25,1,11/01/2022,1
49,Utah,490009,0,0,1,0,11,DAVIS (11),260,CLEARFIELD,1,Enero,27,2022,20,22,SR-126,3,Highway estatal,Urbano,Arteria Principal,State Highway Agency,1,Sin jurisdiccion especial,56,41.11576389,-112.0262472,Banqueta,El primer evento no fue una colision con un vehiculo automotor en transporte,Not an Intersection,No fue interseccion,Sobre el lado de la calle,Ninguna,Oscuro sin iluminacion,Despejado,No,NO APLICA,99,99,99,99,1,27/01/2022,1
49,Utah,490010,0,0,2,0,35,SALT LAKE (35),865,KEARNS,1,Enero,20,2022,9,23,SR-172,3,Highway estatal,Urbano,Arteria Principal,State Highway Agency,1,Sin jurisdiccion especial,18,40.66526944,-112.0246278,Vehiculo en movimiento,Frente a frente,Not an Intersection,No fue interseccion,Sobre calle,Ninguna,Dia total,Despejado,No,NO APLICA,9,24,9,30,1,20/01/2022,2
49,Utah,490011,0,0,2,0,35,SALT LAKE (35),1820,SOUTH SALT LAKE,1,Enero,6,2022,14,50,SR-71,3,Highway estatal,Urbano,Arteria Principal,State Highway Agency,1,Sin jurisdiccion especial,184,40.70113056,-111.8713222,Vehiculo en movimiento,Angulo,Not an Intersection,No fue interseccion,Sobre calle,Ninguna,Dia total,Despejado,No,NO APLICA,14,49,14,55,2,06/01/2022,2
49,Utah,490012,0,0,1,0,49,UTAH (49),9997,Other,1,Enero,17,2022,15,45,US-6,2,US Highway,Rural,Arteria Principal,State Highway Agency,1,Sin jurisdiccion especial,2154,39.87361111,-111.034675,Suelo,El primer evento no fue una colision con un vehiculo automotor en transporte,Not an Intersection,No fue interseccion,Sobre el lado de la calle,Ninguna,Dia total,Despejado,No,NO APLICA,15,49,16,11,1,17/01/2022,1