Estado,Nombre de Estado,Numero de Caso,Peatones,Personas _no_vehiculos,Vehiculos automotores,Vehiculos estacionados,Condado,Nombre Condado,Ciudad,Nombre Ciudad,Mes,Nombre Mes,Dia,Año,Hora,Minuto,Calle,Ruta,Nombre Ruta,Rural o Urbanoo,Sistema Funcional,Dueño Calle,Sistema Nacional Carreteras,Jurisdiccion Especial,Milla,Latitud,Longitud,Causa del Accidente,Tipo de Accidente,Tipo Interseccion,Columna1,Lugar en la calle,Zona de Trabajo,Luz,Clima,Autobus Escolar,Cruce de Trenes,Hora Notificacion,Minuto Notificacion,Hora Llegada,Minuto Llegada,Decesos,Fecha,PersonaVehiculo
49,Utah,490014,0,0,2,0,49,UTAH (49),1840,SPANISH FORK,1,Enero,5,2022,7,27,US-6,2,US Highway,Rural,Arteria Principal,State Highway Agency,1,Sin jurisdiccion especial,1819,40.04196944,-111.54405,Vehiculo en movimiento,Frente a frente,Not an Intersection,No fue interseccion,Sobre calle,Ninguna,Dia total,lluvia,No,NO APLICA,7,43,7,53,1,05/01/2022,2
49,Utah,490015,1,1,1,0,35,SALT LAKE (35),1700,SALT LAKE CITY,1,Enero,28,2022,6,49,800 S,6,Calle Local Municipalidad,Urbano,Arteria Menor,City or Municipal Highway Agency,0,Sin jurisdiccion especial,99998,40.75191111,-111.9166139,Peaton,El primer evento no fue una colision con un vehiculo automotor en transporte,Four-Way Intersection,Interseccion de 4 direcciones,Sobre calle,Ninguna,Oscuro con iluminacion,Despejado,No,NO APLICA,6,49,6,52,1,28/01/2022,1
49,Utah,490016,0,0,1,0,15,EMERY (15),620,GREEN RIVER,2,Febrero,2,2022,12,40,I-70,1,Interestatal,Rural,Interestatal,State Highway Agency,1,Sin jurisdiccion especial,1453,38.92381389,-110.4479139,Alguien se cayo/avento del vehiculo,El primer evento no fue una colision con un vehiculo automotor en transporte,Not an Intersection,No fue interseccion,Sobre el lado de la calle,Ninguna,Dia total,Despejado,No,NO APLICA,99,99,99,99,1,02/02/2022,1
49,Utah,490017,0,0,2,1,35,SALT LAKE (35),1710,SANDY CITY,1,Enero,8,2022,10,43,TERRI LYNN DR,6,Calle Local Municipalidad,Urbano,Local,City or Municipal Highway Agency,0,Sin jurisdiccion especial,0,40.58661389,-111.8646583,Volcadura,El primer evento no fue una colision con un vehiculo automotor en transporte,Not an Intersection,No fue interseccion,Sobre calle,Ninguna,Dia total,Despejado,No,NO APLICA,10,45,10,48,1,08/01/2022,1
49,Utah,490018,0,0,1,0,21,IRON (21),95,BERYL,2,Febrero,19,2022,11,0,7200 N,5,Calle Local - Pueblo,Rural,Local,Town or Township Highway Agency,0,Sin jurisdiccion especial,0,37.83856389,-113.6288167,Acotamiento,El primer evento no fue una colision con un vehiculo automotor en transporte,Not an Intersection,No fue interseccion,Sobre el lado de la calle,Ninguna,Dia total,Despejado,No,NO APLICA,11,15,99,98,1,19/02/2022,1
49,Utah,490019,0,0,1,0,47,UINTAH (47),2010,VERNAL,2,Febrero,7,2022,4,55,US-191,2,US Highway,Rural,Arteria Menor,State Highway Agency,0,Sin jurisdiccion especial,3674,40.61964444,-109.4759028,Volcadura,El primer evento no fue una colision con un vehiculo automotor en transporte,Not an Intersection,No fue interseccion,Sobre calle,Ninguna,Oscuro sin iluminacion,Despejado,No,NO APLICA,5,6,5,26,1,07/02/2022,1
49,Utah,490020,0,0,1,0,49,UTAH (49),1460,PAYSON,2,Febrero,15,2022,10,56,I-15,1,Interestatal,Urbano,Interestatal,State Highway Agency,1,Sin jurisdiccion especial,2492,40.03141667,-111.7568444,Valla Ferrocarril,El primer evento no fue una colision con un vehiculo automotor en transporte,Not an Intersection,No fue interseccion,Sobre el lado de la calle,Ninguna,Dia total,Nublado,No,NO APLICA,10,57,11,2,1,15/02/2022,1
49,Utah,490021,0,0,2,0,35,SALT LAKE (35),2113,WEST VALLEY CITY,1,Enero,21,2022,6,58,SR-154,3,Highway estatal,Urbano,Arteria Principal,State Highway Agency,1,Sin jurisdiccion especial,205,40.719075,-111.9861361,Vehiculo en movimiento,Frente a frente,Not an Intersection,No fue interseccion,Sobre calle,Ninguna,Oscuro sin iluminacion,Neblina o Humo,No,NO APLICA,6,56,7,4,1,21/01/2022,2
49,Utah,490022,0,0,1,0,41,SEVIER (41),1690,SALINA,2,Febrero,19,2022,5,35,I-70,1,Interestatal,Rural,Interestatal,State Highway Agency,1,Sin jurisdiccion especial,929,38.77699167,-111.3190028,Animal vivo,El primer evento no fue una colision con un vehiculo automotor en transporte,Not an Intersection,No fue interseccion,Sobre calle,Ninguna,Oscuro sin iluminacion,Despejado,No,NO APLICA,5,37,6,0,1,19/02/2022,5
49,Utah,490023,0,0,2,0,57,WEBER (57),1350,OGDEN,2,Febrero,23,2022,12,29,SR-39,3,Highway estatal,Urbano,Arteria Principal,State Highway Agency,1,Sin jurisdiccion especial,62,41.24441389,-111.9738111,Vehiculo en movimiento,Angulo,T-Intersection,Interseccion de T,Sobre calle,Ninguna,Dia total,Nublado,No,NO APLICA,12,32,12,35,1,23/02/2022,2
49,Utah,490024,0,0,2,0,35,SALT LAKE (35),2113,WEST VALLEY CITY,3,Marzo,12,2022,22,56,SR-85,3,Highway estatal,Urbano,Arteria Principal,State Highway Agency,1,Sin jurisdiccion especial,167,40.63276944,-112.0456583,Vehiculo en movimiento,Frente a frente,Not an Intersection,No fue interseccion,Sobre calle,Ninguna,Oscuro sin iluminacion,Despejado,No,NO APLICA,22,48,23,0,1,12/03/2022,2
49,Utah,490025,0,0,3,0,57,WEBER (57),2095,WEST HAVEN,3,Marzo,18,2022,7,39,SR-108,3,Highway estatal,Urbano,Arteria Principal,State Highway Agency,1,Sin jurisdiccion especial,99998,41.20473889,-112.0298611,Vehiculo en movimiento,Frente a frente,Not an Intersection,No fue interseccion,Sobre calle,Ninguna,Dia total,Despejado,No,NO APLICA,7,41,7,47,1,18/03/2022,3
49,Utah,490026,1,1,1,0,35,SALT LAKE (35),1120,MIDVALE,3,Marzo,23,2022,9,16,US-89,2,US Highway,Urbano,Arteria Principal,State Highway Agency,1,Sin jurisdiccion especial,3688,40.61502778,-111.8907306,Peaton,El primer evento no fue una colision con un vehiculo automotor en transporte,Four-Way Intersection,Interseccion de 4 direcciones,Sobre calle,Ninguna,Dia total,Despejado,No,NO APLICA,9,16,9,21,1,23/03/2022,1
49,Utah,490027,1,1,1,0,49,UTAH (49),366,EAGLE MOUNTAIN,3,Marzo,18,2022,16,55,PORTERS CROSSING PKWY,6,Calle Local Municipalidad,Urbano,Colector Menor,City or Municipal Highway Agency,0,Sin jurisdiccion especial,31,40.35779444,-111.9641278,Peaton,El primer evento no fue una colision con un vehiculo automotor en transporte,Four-Way Intersection,Interseccion de 4 direcciones,Sobre calle,Ninguna,Dia total,Despejado,No,NO APLICA,16,56,16,59,1,18/03/2022,1
49,Utah,490028,0,0,2,0,57,WEBER (57),1610,RIVERDALE,3,Marzo,18,2022,15,10,I-15,1,Interestatal,Urbano,Interestatal,State Highway Agency,1,Sin jurisdiccion especial,3397,41.17665833,-112.0187556,Final Destination ( Vehiculo es golpeado por carga o otro objeto puesto en movimiento por otro vehiculo en movimiento),Otro,Not an Intersection,No fue interseccion,Sobre calle,"Zona de trabajo, tipo desconocido",Dia total,Despejado,No,NO APLICA,15,13,15,22,1,18/03/2022,5
49,Utah,490029,1,1,1,0,35,SALT LAKE (35),1700,SALT LAKE CITY,2,Febrero,12,2022,0,51,SR-186,3,Highway estatal,Urbano,Arteria Principal,State Highway Agency,1,Sin jurisdiccion especial,32,40.76070833,-111.8790778,Peaton,El primer evento no fue una colision con un vehiculo automotor en transporte,Four-Way Intersection,Interseccion de 4 direcciones,Sobre calle,Ninguna,Oscuro con iluminacion,Despejado,No,NO APLICA,0,56,1,0,1,12/02/2022,1
49,Utah,490030,0,0,2,0,57,WEBER (57),1650,ROY,3,Marzo,29,2022,8,55,SR-126,3,Highway estatal,Urbano,Arteria Principal,State Highway Agency,1,Sin jurisdiccion especial,93,41.16901944,-112.0259722,Vehiculo en movimiento,Frente a frente,Four-Way Intersection,Interseccion de 4 direcciones,Sobre calle,Ninguna,Dia total,Despejado,No,NO APLICA,8,55,9,1,1,29/03/2022,2
49,Utah,490031,0,0,1,0,35,SALT LAKE (35),2100,WEST JORDAN,2,Febrero,5,2022,23,37,SR-85,3,Highway estatal,Urbano,Arteria Principal,State Highway Agency,1,Sin jurisdiccion especial,99998,40.60902778,-112.0335,Volcadura,El primer evento no fue una colision con un vehiculo automotor en transporte,Not an Intersection,No fue interseccion,En el medio,Ninguna,Oscuro sin iluminacion,Despejado,No,NO APLICA,23,40,23,45,1,05/02/2022,1
49,Utah,490032,0,0,1,0,21,IRON (21),190,CEDAR CITY,4,Abril,4,2022,6,22,BAVER RD,6,Calle Local Municipalidad,Urbano,Colector Menor,City or Municipal Highway Agency,0,Sin jurisdiccion especial,99998,37.71306667,-113.0923917,Volcadura,El primer evento no fue una colision con un vehiculo automotor en transporte,Not an Intersection,No fue interseccion,Sobre el lado de la calle,Ninguna,Amanecer,Despejado,No,NO APLICA,6,28,6,31,1,04/04/2022,1
49,Utah,490033,1,1,1,0,35,SALT LAKE (35),1120,MIDVALE,4,Abril,6,2022,0,33,WASATCH ST,6,Calle Local Municipalidad,Urbano,Colector Menor,City or Municipal Highway Agency,0,Sin jurisdiccion especial,3,40.60593333,-111.9054056,Ciclista,El primer evento no fue una colision con un vehiculo automotor en transporte,Not an Intersection,No fue interseccion,Sobre calle,Ninguna,Oscuro con iluminacion,Despejado,No,NO APLICA,0,33,0,37,1,06/04/2022,1
49,Utah,490034,0,0,2,0,35,SALT LAKE (35),2100,WEST JORDAN,2,Febrero,19,2022,10,1,SR-68,3,Highway estatal,Urbano,Arteria Principal,State Highway Agency,1,Sin jurisdiccion especial,466,40.58377778,-111.9386667,Vehiculo en movimiento,Angulo,Not an Intersection,No fue interseccion,Sobre calle,Ninguna,Dia total,Despejado,No,NO APLICA,10,4,10,8,1,19/02/2022,3
49,Utah,490035,0,0,1,0,45,TOOELE (45),354,DUGWAY PROVING GROUND,3,Marzo,3,2022,9,21,SR-196,3,Highway estatal,Rural,Colector Mayor,State Highway Agency,0,Sin jurisdiccion especial,22,40.25684722,-112.7403306,Volcadura,El primer evento no fue una colision con un vehiculo automotor en transporte,Not an Intersection,No fue interseccion,Sobre el lado de la calle,Ninguna,Dia total,Despejado,No,NO APLICA,8,27,8,43,1,03/03/2022,1
49,Utah,490037,0,0,2,0,11,DAVIS (11),910,LAYTON,1,Enero,3,2022,15,14,SR-193,3,Highway estatal,Urbano,Arteria Principal,State Highway Agency,1,Sin jurisdiccion especial,67,41.10345833,-111.9598889,Vehiculo en movimiento,Angulo,T-Intersection,Interseccion de T,Sobre calle,Ninguna,Dia total,Nublado,No,NO APLICA,15,17,15,25,1,03/01/2022,4
49,Utah,490038,0,0,2,0,41,SEVIER (41),1590,RICHFIELD,1,Enero,9,2022,2,12,I-70,1,Interestatal,Rural,Interestatal,State Highway Agency,1,Sin jurisdiccion especial,359,38.732875,-112.1197111,Vehiculo en movimiento,Golpe Lateral - direccion contraria,Not an Intersection,No fue interseccion,Sobre calle,Ninguna,Oscuro sin iluminacion,Despejado,No,NO APLICA,2,14,2,27,1,09/01/2022,5
49,Utah,490039,0,0,4,0,11,DAVIS (11),1320,NORTH SALT LAKE,2,Febrero,20,2022,19,12,I-15,1,Interestatal,Urbano,Interestatal,State Highway Agency,1,Sin jurisdiccion especial,3144,40.84670278,-111.9144361,Vehiculo en movimiento,Frente a frente,Not an Intersection,No fue interseccion,Sobre calle,Ninguna,Oscuro sin iluminacion,Nublado,No,NO APLICA,19,16,19,24,1,20/02/2022,5
49,Utah,490040,0,0,2,0,35,SALT LAKE (35),1700,SALT LAKE CITY,3,Marzo,24,2022,7,22,SR-68,3,Highway estatal,Urbano,Arteria Principal,State Highway Agency,1,Sin jurisdiccion especial,579,40.74679167,-111.9390861,Vehiculo en movimiento,Frente a frente,Not an Intersection,No fue interseccion,Sobre calle,Ninguna,Dia total,Despejado,No,NO APLICA,7,24,7,31,2,24/03/2022,3
49,Utah,490041,1,1,1,0,35,SALT LAKE (35),1700,SALT LAKE CITY,3,Marzo,27,2022,21,53,SR-186,3,Highway estatal,Urbano,Arteria Principal,State Highway Agency,1,Sin jurisdiccion especial,86,40.71857778,-111.8098778,Peaton,El primer evento no fue una colision con un vehiculo automotor en transporte,Not an Intersection,No fue interseccion,Sobre calle,Ninguna,Oscuro sin iluminacion,Despejado,No,NO APLICA,21,54,21,59,1,27/03/2022,2
49,Utah,490042,0,0,2,0,19,GRAND (19),9997,Other,3,Marzo,3,2022,21,58,US-191,2,US Highway,Rural,Arteria Principal,State Highway Agency,1,Sin jurisdiccion especial,1517,38.86292778,-109.8072583,Vehiculo en movimiento,Frente a frente,Not an Intersection,No fue interseccion,Sobre calle,Ninguna,Oscuro sin iluminacion,Despejado,No,NO APLICA,22,7,22,17,1,03/03/2022,3
49,Utah,490043,0,0,1,0,25,KANE (25),575,BIG WATER,2,Febrero,27,2022,0,30,US-89,2,US Highway,Rural,Arteria Principal,State Highway Agency,1,Sin jurisdiccion especial,100,37.08869444,-111.7089167,Volcadura,El primer evento no fue una colision con un vehiculo automotor en transporte,Not an Intersection,No fue interseccion,Sobre calle,Ninguna,Oscuro sin iluminacion,Despejado,No,NO APLICA,0,38,0,50,2,27/02/2022,2
49,Utah,490044,0,0,2,0,11,DAVIS (11),460,FARMINGTON,2,Febrero,8,2022,8,9,SR-67,3,Highway estatal,Urbano,Arterial Principal -Freeway o ExpressWay,State Highway Agency,1,Sin jurisdiccion especial,100,40.96171389,-111.8928194,Vehiculo en movimiento,Angulo,Not an Intersection,No fue interseccion,Sobre calle,"Zona de trabajo, tipo desconocido",Dia total,Despejado,No,NO APLICA,8,12,8,20,1,08/02/2022,4
49,Utah,490045,0,0,1,0,35,SALT LAKE (35),344,DRAPER,1,Enero,18,2022,2,57,I-15,1,Interestatal,Urbano,Interestatal,State Highway Agency,1,Sin jurisdiccion especial,2988,40.50404167,-111.8905111,Poste,El primer evento no fue una colision con un vehiculo automotor en transporte,Not an Intersection,No fue interseccion,Sobre el lado de la calle,Ninguna,Oscuro con iluminacion,Nublado,No,NO APLICA,2,57,3,4,1,18/01/2022,1
49,Utah,490047,0,0,2,0,43,SUMMIT (43),1440,PARK CITY,3,Marzo,4,2022,19,40,I-80,1,Interestatal,Urbano,Interestatal,State Highway Agency,1,Sin jurisdiccion especial,1407,40.75186389,-111.5956028,Vehiculo en movimiento,Golpe Lateral - misma direccion,Not an Intersection,No fue interseccion,Sobre calle,Ninguna,Oscuro sin iluminacion,lluvia,No,NO APLICA,19,41,19,48,1,04/03/2022,3
49,Utah,490048,0,0,1,0,45,TOOELE (45),9997,Other,2,Febrero,15,2022,16,25,I-80,1,Interestatal,Rural,Interestatal,State Highway Agency,1,Sin jurisdiccion especial,570,40.77534722,-112.9749889,Volcadura,El primer evento no fue una colision con un vehiculo automotor en transporte,Not an Intersection,No fue interseccion,En el medio,Ninguna,Dia total,Despejado,No,NO APLICA,16,27,16,57,1,15/02/2022,2
49,Utah,490049,1,1,1,0,45,TOOELE (45),2085,WENDOVER,1,Enero,21,2022,22,36,I-80,1,Interestatal,Rural,Interestatal,State Highway Agency,1,Sin jurisdiccion especial,112,40.739275,-113.8408556,No vehiculo o remolque,El primer evento no fue una colision con un vehiculo automotor en transporte,Not an Intersection,No fue interseccion,Sobre calle,Ninguna,Oscuro sin iluminacion,Despejado,No,NO APLICA,22,40,22,55,1,21/01/2022,1
49,Utah,490050,1,1,1,0,35,SALT LAKE (35),1710,SANDY CITY,3,Marzo,14,2022,14,46,11400 S,6,Calle Local Municipalidad,Urbano,Arteria Principal,City or Municipal Highway Agency,0,Sin jurisdiccion especial,9,40.54431667,-111.8733556,No vehiculo o remolque,El primer evento no fue una colision con un vehiculo automotor en transporte,T-Intersection,Interseccion de T,Sobre calle,Ninguna,Dia total,Despejado,No,NO APLICA,14,39,14,41,1,14/03/2022,2
49,Utah,490051,2,2,1,0,49,UTAH (49),940,LEHI,3,Marzo,4,2022,16,31,SR-194,3,Highway estatal,Urbano,Arteria Principal,State Highway Agency,1,Sin jurisdiccion especial,9,40.41245833,-111.9067139,Poste,El primer evento no fue una colision con un vehiculo automotor en transporte,Four-Way Intersection,Interseccion de 4 direcciones,Isla de trafico para peatones,Ninguna,Dia total,Nublado,No,NO APLICA,16,31,16,38,1,04/03/2022,1
49,Utah,490052,0,0,2,1,15,EMERY (15),620,GREEN RIVER,3,Marzo,20,2022,1,46,I-70,1,Interestatal,Rural,Interestatal,State Highway Agency,1,Sin jurisdiccion especial,1589,38.98491389,-110.2183028,Vehiculo Aparcado,El primer evento no fue una colision con un vehiculo automotor en transporte,Not an Intersection,No fue interseccion,Sobre Acotamiento,Ninguna,Oscuro sin iluminacion,Despejado,No,NO APLICA,1,45,1,57,1,20/03/2022,4
49,Utah,490053,0,0,1,0,35,SALT LAKE (35),1924,TAYLORSVILLE,3,Marzo,17,2022,0,0,ATHERTON DR,6,Calle Local Municipalidad,Urbano,Colector Mayor,County Highway Agency,0,Sin jurisdiccion especial,3,40.67549444,-111.9253083,Poste,El primer evento no fue una colision con un vehiculo automotor en transporte,Not an Intersection,No fue interseccion,Sobre el lado de la calle,Ninguna,Oscuro sin iluminacion,Despejado,No,NO APLICA,0,14,0,20,1,17/03/2022,2
49,Utah,490054,0,0,1,0,35,SALT LAKE (35),1240,MURRAY,4,Abril,12,2022,6,30,SR-152,3,Highway estatal,Urbano,Arteria Principal,State Highway Agency,1,Sin jurisdiccion especial,24,40.640475,-111.8363778,Arbol,El primer evento no fue una colision con un vehiculo automotor en transporte,Four-Way Intersection,Interseccion de 4 direcciones,Sobre el lado de la calle,Ninguna,Amanecer,Nublado,No,NO APLICA,99,99,99,99,1,12/04/2022,1
49,Utah,490055,0,0,1,0,49,UTAH (49),9997,Other,4,Abril,18,2022,19,20,CENTER ST,6,Calle Local Municipalidad,Urbano,Colector Menor,City or Municipal Highway Agency,0,Sin jurisdiccion especial,21,40.29712778,-111.7386639,Puente de Ferrocarril,El primer evento no fue una colision con un vehiculo automotor en transporte,Not an Intersection,No fue interseccion,Sobre el lado de la calle,Ninguna,Dia total,Despejado,No,NO APLICA,19,23,19,30,1,18/04/2022,1
49,Utah,490056,0,0,1,0,3,BOX ELDER (3),300,CORINNE,4,Abril,1,2022,22,21,E PROMONTORY RD,5,Calle Local - Pueblo,Rural,Colector Menor,County Highway Agency,0,Sin jurisdiccion especial,243,41.47105,-112.4444806,Volcadura,El primer evento no fue una colision con un vehiculo automotor en transporte,Not an Intersection,No fue interseccion,Sobre el lado de la calle,Ninguna,Oscuro sin iluminacion,Despejado,No,NO APLICA,22,42,22,59,2,01/04/2022,5
49,Utah,490057,0,0,2,0,53,WASHINGTON (53),790,IVINS,4,Abril,3,2022,16,20,OLD HWY 91,5,Calle Local - Pueblo,Rural,Colector Mayor,County Highway Agency,0,Sin jurisdiccion especial,160,37.17981389,-113.7711167,Vehiculo en movimiento,Frente a frente,Not an Intersection,No fue interseccion,Sobre calle,Ninguna,Dia total,Despejado,No,NO APLICA,16,20,16,31,2,03/04/2022,3
49,Utah,490058,1,1,1,0,53,WASHINGTON (53),1670,ST. GEORGE,2,Febrero,23,2022,6,47,SR-8,3,Highway estatal,Urbano,Arteria Principal,State Highway Agency,1,Sin jurisdiccion especial,7,37.12336111,-113.6116694,Peaton,El primer evento no fue una colision con un vehiculo automotor en transporte,T-Intersection,Interseccion de T,Sobre calle,Ninguna,Oscuro con iluminacion,Nieve,No,NO APLICA,6,56,6,57,1,23/02/2022,2
49,Utah,490059,0,0,2,0,35,SALT LAKE (35),344,DRAPER,3,Marzo,8,2022,16,33,US-89,2,US Highway,Urbano,Arteria Principal,State Highway Agency,1,Sin jurisdiccion especial,3632,40.534725,-111.8914972,Vehiculo en movimiento,Golpe Lateral - misma direccion,Not an Intersection,No fue interseccion,Sobre calle,Ninguna,Dia total,Nublado,No,NO APLICA,99,99,99,99,1,08/03/2022,4
49,Utah,490060,0,0,1,0,49,UTAH (49),40,AMERICAN FORK,4,Abril,26,2022,21,21,SR-145,3,Highway estatal,Urbano,Arteria Principal,State Highway Agency,1,Sin jurisdiccion especial,65,40.37682222,-111.8173694,Banqueta,El primer evento no fue una colision con un vehiculo automotor en transporte,Other Intersection Type,Otro tipo de interseccion,Sobre el lado de la calle,Ninguna,Oscuro con iluminacion,Despejado,No,NO APLICA,21,21,21,25,1,26/04/2022,1
49,Utah,490061,1,1,1,0,11,DAVIS (11),910,LAYTON,4,Abril,23,2022,11,44,SR-232,3,Highway estatal,Urbano,Arteria Menor,State Highway Agency,0,Sin jurisdiccion especial,1,41.07388056,-111.9770806,Ciclista,El primer evento no fue una colision con un vehiculo automotor en transporte,"Five Point, or More",5 Puntos o mas,Sobre calle,Ninguna,Dia total,Nublado,No,NO APLICA,11,51,12,5,1,23/04/2022,1
49,Utah,490062,0,0,1,0,43,SUMMIT (43),9997,Other,4,Abril,28,2022,19,13,WAHSATCH RD,5,Calle Local - Pueblo,Rural,Local,Town or Township Highway Agency,0,Sin jurisdiccion especial,0,41.22347778,-111.0910778,Poste,El primer evento no fue una colision con un vehiculo automotor en transporte,Not an Intersection,No fue interseccion,Sobre el lado de la calle,Ninguna,Oscuro sin iluminacion,Despejado,No,NO APLICA,99,99,99,99,1,28/04/2022,1
49,Utah,490063,0,0,2,0,57,WEBER (57),1350,OGDEN,3,Marzo,30,2022,7,15,SR-134,3,Highway estatal,Urbano,Arteria Menor,State Highway Agency,0,Sin jurisdiccion especial,36,41.24274167,-112.0926139,Vehiculo en movimiento,Frente a frente,Not an Intersection,No fue interseccion,Sobre calle,Ninguna,Dia total,Despejado,No,NO APLICA,7,16,7,26,1,30/03/2022,3
49,Utah,490064,0,0,1,0,11,DAVIS (11),2090,WEST BOUNTIFUL,3,Marzo,28,2022,21,45,I-15,1,Interestatal,Urbano,Interestatal,State Highway Agency,1,Sin jurisdiccion especial,2,40.88711667,-111.8971722,Volcadura,El primer evento no fue una colision con un vehiculo automotor en transporte,Not an Intersection,No fue interseccion,Gore?,Ninguna,Oscuro sin iluminacion,Nublado,No,NO APLICA,21,47,21,50,1,28/03/2022,3
49,Utah,490065,0,0,2,0,35,SALT LAKE (35),1700,SALT LAKE CITY,3,Marzo,12,2022,4,54,I-15,1,Interestatal,Urbano,Interestatal,State Highway Agency,1,Sin jurisdiccion especial,3072,40.74888056,-111.9080639,Vehiculo en movimiento,Frente a frente,Not an Intersection,No fue interseccion,Sobre calle,Ninguna,Oscuro con iluminacion,Despejado,No,NO APLICA,4,56,5,1,2,12/03/2022,2
49,Utah,490066,1,1,1,0,35,SALT LAKE (35),2113,WEST VALLEY CITY,3,Marzo,5,2022,1,2,SR-68,3,Highway estatal,Urbano,Arteria Principal,State Highway Agency,1,Sin jurisdiccion especial,554,40.7106,-111.9388861,Peaton,El primer evento no fue una colision con un vehiculo automotor en transporte,Not an Intersection,No fue interseccion,Sobre calle,Ninguna,Oscuro con iluminacion,lluvia,No,NO APLICA,1,10,1,15,1,05/03/2022,1
49,Utah,490067,0,0,1,0,53,WASHINGTON (53),790,IVINS,5,Mayo,7,2022,15,22,OLD US-91,6,Calle Local Municipalidad,Rural,Colector Mayor,County Highway Agency,0,Sin jurisdiccion especial,60,37.07766944,-113.8691306,Poste de Señal de trafico,El primer evento no fue una colision con un vehiculo automotor en transporte,Not an Intersection,No fue interseccion,Sobre el lado de la calle,Ninguna,Dia total,Despejado,No,NO APLICA,15,24,15,45,1,07/05/2022,1
49,Utah,490068,1,1,1,0,35,SALT LAKE (35),1710,SANDY CITY,5,Mayo,3,2022,10,45,BLOSSOMWOOD CIR,6,Calle Local Municipalidad,Urbano,Local,City or Municipal Highway Agency,0,Sin jurisdiccion especial,0,40.58106111,-111.8260639,No vehiculo o remolque,El primer evento no fue una colision con un vehiculo automotor en transporte,Four-Way Intersection,Interseccion de 4 direcciones,Sobre calle,Ninguna,Dia total,Nublado,No,NO APLICA,10,48,10,51,1,03/05/2022,1
49,Utah,490069,2,2,1,0,53,WASHINGTON (53),2050,WASHINGTON,4,Abril,9,2022,13,58,TELEGRAPH ST,6,Calle Local Municipalidad,Urbano,Arteria Menor,City or Municipal Highway Agency,0,Sin jurisdiccion especial,41,37.14224444,-113.4594917,Ciclista,El primer evento no fue una colision con un vehiculo automotor en transporte,T-Intersection,Interseccion de T,Sobre Acotamiento,Ninguna,Dia total,Despejado,No,NO APLICA,13,58,14,13,2,09/04/2022,1
49,Utah,490070,1,1,1,0,49,UTAH (49),1840,SPANISH FORK,5,Mayo,3,2022,11,30,US-6,2,US Highway,Urbano,Arteria Principal,State Highway Agency,1,Sin jurisdiccion especial,1738,40.12303333,-111.6436,Ciclista,El primer evento no fue una colision con un vehiculo automotor en transporte,Four-Way Intersection,Interseccion de 4 direcciones,Sobre calle,Ninguna,Dia total,Despejado,No,NO APLICA,11,30,11,34,1,03/05/2022,1
49,Utah,490071,0,0,1,0,21,IRON (21),190,CEDAR CITY,4,Abril,30,2022,14,0,SR-20,3,Highway estatal,Rural,Arteria Principal,State Highway Agency,1,Sin jurisdiccion especial,115,38.02383611,-112.5213972,Volcadura,El primer evento no fue una colision con un vehiculo automotor en transporte,Not an Intersection,No fue interseccion,Sobre el lado de la calle,Ninguna,Dia total,Despejado,No,NO APLICA,14,11,14,37,1,30/04/2022,1
49,Utah,490072,0,0,1,0,45,TOOELE (45),610,GRANTSVILLE,5,Mayo,7,2022,7,25,I-80,1,Interestatal,Rural,Interestatal,State Highway Agency,1,Sin jurisdiccion especial,563,40.76794444,-112.9849444,Valla para choques,El primer evento no fue una colision con un vehiculo automotor en transporte,Not an Intersection,No fue interseccion,Sobre el lado de la calle,Ninguna,Amanecer,Despejado,No,NO APLICA,7,29,8,17,1,07/05/2022,1
49,Utah,490073,0,0,2,0,49,UTAH (49),1680,SALEM,3,Marzo,27,2022,15,53,SR-198,3,Highway estatal,Urbano,Arteria Menor,State Highway Agency,0,Sin jurisdiccion especial,101,40.07313333,-111.6618806,Volcadura,El primer evento no fue una colision con un vehiculo automotor en transporte,Not an Intersection,No fue interseccion,Sobre calle,Ninguna,Dia total,Despejado,No,NO APLICA,14,55,15,4,1,27/03/2022,4
49,Utah,490074,0,0,1,0,7,CARBON (7),1540,PRICE,4,Abril,27,2022,16,24,CARBONVILLE ROAD,6,Calle Local Municipalidad,Urbano,Arteria Menor,City or Municipal Highway Agency,0,Sin jurisdiccion especial,2,39.60316944,-110.8213194,Banqueta,El primer evento no fue una colision con un vehiculo automotor en transporte,Not an Intersection,No fue interseccion,Sobre el lado de la calle,Ninguna,Dia total,Despejado,No,NO APLICA,16,25,16,32,1,27/04/2022,1
49,Utah,490075,1,1,1,0,35,SALT LAKE (35),1924,TAYLORSVILLE,4,Abril,30,2022,0,54,SR-68,3,Highway estatal,Urbano,Arteria Principal,State Highway Agency,1,Sin jurisdiccion especial,502,40.63530833,-111.9387667,Peaton,El primer evento no fue una colision con un vehiculo automotor en transporte,Not an Intersection,No fue interseccion,Sobre calle,Ninguna,Oscuro con iluminacion,Nublado,No,NO APLICA,1,1,1,5,1,30/04/2022,1
49,Utah,490076,0,0,10,0,35,SALT LAKE (35),1710,SANDY CITY,5,Mayo,27,2022,8,30,US-89,2,US Highway,Urbano,Arteria Principal,State Highway Agency,1,Sin jurisdiccion especial,3649,40.55878056,-111.8906028,Vehiculo en movimiento,Angulo,Four-Way Intersection,Interseccion de 4 direcciones,Sobre calle,Ninguna,Dia total,Despejado,No,NO APLICA,8,30,8,36,1,27/05/2022,12