Estado,Nombre de Estado,Numero de Caso,Peatones,Personas _no_vehiculos,Vehiculos automotores,Vehiculos estacionados,Condado,Nombre Condado,Ciudad,Nombre Ciudad,Mes,Nombre Mes,Dia,Año,Hora,Minuto,Calle,Ruta,Nombre Ruta,Rural o Urbanoo,Sistema Funcional,Dueño Calle,Sistema Nacional Carreteras,Jurisdiccion Especial,Milla,Latitud,Longitud,Causa del Accidente,Tipo de Accidente,Tipo Interseccion,Columna1,Lugar en la calle,Zona de Trabajo,Luz,Clima,Autobus Escolar,Cruce de Trenes,Hora Notificacion,Minuto Notificacion,Hora Llegada,Minuto Llegada,Decesos,Fecha,PersonaVehiculo
49,Utah,490077,1,1,1,0,35,SALT LAKE (35),1700,SALT LAKE CITY,3,Marzo,28,2022,21,1,US-89,2,US Highway,Urbano,Arteria Principal,State Highway Agency,1,Sin jurisdiccion especial,3769,40.73342778,-111.888275,Peaton,El primer evento no fue una colision con un vehiculo automotor en transporte,Four-Way Intersection,Interseccion de 4 direcciones,Sobre calle,Ninguna,Oscuro con iluminacion,Despejado,No,NO APLICA,21,1,21,4,1,28/03/2022,1
49,Utah,490079,0,0,1,0,51,WASATCH (51),650,HEBER CITY,6,Junio,3,2022,17,52,DUKE LN,6,Calle Local Municipalidad,Urbano,Local,City or Municipal Highway Agency,0,Sin jurisdiccion especial,0,40.47069722,-111.3810472,Volcadura,El primer evento no fue una colision con un vehiculo automotor en transporte,Not an Intersection,No fue interseccion,Sobre el lado de la calle,Ninguna,Dia total,Despejado,No,NO APLICA,17,53,18,3,1,03/06/2022,1
49,Utah,490080,0,0,2,0,35,SALT LAKE (35),1700,SALT LAKE CITY,6,Junio,3,2022,22,11,SR-68,3,Highway estatal,Urbano,Arteria Principal,State Highway Agency,1,Sin jurisdiccion especial,574,40.74079167,-111.9389583,Vehiculo en movimiento,Angulo,Four-Way Intersection,Interseccion de 4 direcciones,Sobre calle,Ninguna,Oscuro con iluminacion,Despejado,No,NO APLICA,22,11,22,21,1,03/06/2022,2
49,Utah,490081,0,0,1,0,43,SUMMIT (43),1465,PEOA,2,Febrero,24,2022,10,25,BROWNS CANYON RD,5,Calle Local - Pueblo,Rural,Arteria Menor,County Highway Agency,0,Sin jurisdiccion especial,62,40.73693333,-111.3640028,Fin de valla,El primer evento no fue una colision con un vehiculo automotor en transporte,Not an Intersection,No fue interseccion,Sobre el lado de la calle,Ninguna,Dia total,Nublado,No,NO APLICA,10,31,10,42,1,24/02/2022,1
49,Utah,490082,0,0,4,0,49,UTAH (49),940,LEHI,2,Febrero,28,2022,14,28,SR-92,3,Highway estatal,Urbano,Arteria Principal,State Highway Agency,1,Sin jurisdiccion especial,5,40.43155833,-111.8867222,Vehiculo en movimiento,Angulo,Four-Way Intersection,Interseccion de 4 direcciones,Sobre calle,Ninguna,Dia total,Despejado,No,NO APLICA,14,29,14,33,1,28/02/2022,4
49,Utah,490083,0,0,1,0,43,SUMMIT (43),1440,PARK CITY,3,Marzo,20,2022,22,59,SR-248,3,Highway estatal,Urbano,Arteria Principal,State Highway Agency,1,Sin jurisdiccion especial,19,40.67023333,-111.478125,Valla Ferrocarril,El primer evento no fue una colision con un vehiculo automotor en transporte,Not an Intersection,No fue interseccion,Sobre el lado de la calle,Ninguna,Oscuro sin iluminacion,Nublado,No,NO APLICA,23,1,23,8,1,20/03/2022,1
49,Utah,490084,0,0,1,0,3,BOX ELDER (3),730,HOWELL,4,Abril,8,2022,15,53,I-84,1,Interestatal,Rural,Interestatal,State Highway Agency,1,Sin jurisdiccion especial,220,41.87026389,-112.4635944,Volcadura,El primer evento no fue una colision con un vehiculo automotor en transporte,Not an Intersection,No fue interseccion,En el medio,Ninguna,Dia total,Nublado,No,NO APLICA,15,54,16,6,1,08/04/2022,3
49,Utah,490085,0,0,1,0,57,WEBER (57),2000,UINTAH,2,Febrero,22,2022,23,53,6600 S,6,Calle Local Municipalidad,Urbano,Colector Mayor,City or Municipal Highway Agency,0,Sin jurisdiccion especial,18,41.14395278,-111.9390917,Volcadura,El primer evento no fue una colision con un vehiculo automotor en transporte,Not an Intersection,No fue interseccion,Sobre el lado de la calle,Ninguna,Oscuro sin iluminacion,Vientos cruzados pero de los mamalones,No,NO APLICA,23,54,0,2,1,22/02/2022,1
49,Utah,490086,2,2,1,0,49,UTAH (49),366,EAGLE MOUNTAIN,5,Mayo,2,2022,19,17,TIFFANY LN,6,Calle Local Municipalidad,Urbano,Local,City or Municipal Highway Agency,0,Sin jurisdiccion especial,0,40.29088611,-112.0421472,Barda,El primer evento no fue una colision con un vehiculo automotor en transporte,Not an Intersection,No fue interseccion,Sobre el lado de la calle,Ninguna,Dia total,Nublado,No,NO APLICA,19,23,19,36,2,02/05/2022,4
49,Utah,490087,0,0,1,0,53,WASHINGTON (53),1670,ST. GEORGE,4,Abril,20,2022,20,15,SR-18,3,Highway estatal,Urbano,Arteria Principal,State Highway Agency,1,Sin jurisdiccion especial,19,37.10644167,-113.5931194,Banqueta,El primer evento no fue una colision con un vehiculo automotor en transporte,Not an Intersection,No fue interseccion,Sobre el lado de la calle,Ninguna,Dia total,Despejado,No,NO APLICA,20,17,20,20,1,20/04/2022,1
49,Utah,490088,1,1,1,0,57,WEBER (57),1350,OGDEN,5,Mayo,13,2022,22,22,US-89,2,US Highway,Urbano,Arteria Principal,State Highway Agency,1,Sin jurisdiccion especial,4132,41.21395833,-111.9706417,Peaton,El primer evento no fue una colision con un vehiculo automotor en transporte,Not an Intersection,No fue interseccion,Sobre calle,Ninguna,Oscuro con iluminacion,Despejado,No,NO APLICA,22,22,22,26,1,13/05/2022,2
49,Utah,490089,0,0,1,0,51,WASATCH (51),650,HEBER CITY,5,Mayo,30,2022,21,38,1390 S,6,Calle Local Municipalidad,Urbano,Local,City or Municipal Highway Agency,0,Sin jurisdiccion especial,0,40.48974722,-111.4123833,Alguien se cayo/avento del vehiculo,El primer evento no fue una colision con un vehiculo automotor en transporte,Not an Intersection,No fue interseccion,Sobre calle,Ninguna,Oscuro con iluminacion,Nublado,No,NO APLICA,21,38,21,45,1,30/05/2022,1
49,Utah,490090,1,1,1,0,49,UTAH (49),1390,OREM,1,Enero,24,2022,8,39,800 E,6,Calle Local Municipalidad,Urbano,Arteria Menor,City or Municipal Highway Agency,0,Sin jurisdiccion especial,32,40.31928611,-111.6766861,Peaton,El primer evento no fue una colision con un vehiculo automotor en transporte,Four-Way Intersection,Interseccion de 4 direcciones,Sobre calle,Ninguna,Dia total,Despejado,No,NO APLICA,8,41,8,44,1,24/01/2022,1
49,Utah,490091,1,1,1,0,49,UTAH (49),366,EAGLE MOUNTAIN,3,Marzo,2,2022,15,52,HORIZON DR,6,Calle Local Municipalidad,Urbano,Local,City or Municipal Highway Agency,0,Sin jurisdiccion especial,0,40.38815556,-112.0013806,No vehiculo o remolque,El primer evento no fue una colision con un vehiculo automotor en transporte,Four-Way Intersection,Interseccion de 4 direcciones,Sobre calle,Ninguna,Dia total,Despejado,No,NO APLICA,15,53,16,1,1,02/03/2022,1
49,Utah,490092,0,0,1,0,49,UTAH (49),195,CEDAR FORT,3,Marzo,25,2022,8,15,4000 N,5,Calle Local - Pueblo,Rural,Local,Town or Township Highway Agency,0,Sin jurisdiccion especial,0,40.30541667,-112.0754722,Volcadura,El primer evento no fue una colision con un vehiculo automotor en transporte,Not an Intersection,No fue interseccion,Sobre el lado de la calle,Ninguna,Dia total,Despejado,No,NO APLICA,8,20,8,36,1,25/03/2022,1
49,Utah,490093,1,1,1,0,35,SALT LAKE (35),2113,WEST VALLEY CITY,2,Febrero,11,2022,20,7,SR-171,3,Highway estatal,Urbano,Arteria Principal,State Highway Agency,1,Sin jurisdiccion especial,81,40.69660278,-111.9371361,Peaton,El primer evento no fue una colision con un vehiculo automotor en transporte,Not an Intersection,No fue interseccion,Sobre calle,Ninguna,Oscuro sin iluminacion,Despejado,No,NO APLICA,20,8,20,13,1,11/02/2022,1
49,Utah,490094,0,0,2,0,57,WEBER (57),1350,OGDEN,5,Mayo,26,2022,20,25,US-89,2,US Highway,Urbano,Arteria Principal,State Highway Agency,1,Sin jurisdiccion especial,4,41.21841389,-111.9704889,Vehiculo en movimiento,Frente a frente,Four-Way Intersection,Interseccion de 4 direcciones,Sobre calle,Ninguna,Dia total,Despejado,No,NO APLICA,20,28,20,33,1,26/05/2022,6
49,Utah,490095,0,0,1,0,7,CARBON (7),660,HELPER,5,Mayo,26,2022,17,2,US-191,2,US Highway,Rural,Arteria Menor,State Highway Agency,0,Sin jurisdiccion especial,2580,39.78636111,-110.7911083,Valla Ferrocarril,El primer evento no fue una colision con un vehiculo automotor en transporte,Not an Intersection,No fue interseccion,Sobre el lado de la calle,Ninguna,Dia total,Despejado,No,NO APLICA,17,7,17,24,1,26/05/2022,1
49,Utah,490096,0,0,1,0,57,WEBER (57),1310,NORTH OGDEN,5,Mayo,21,2022,2,27,3100 N,6,Calle Local Municipalidad,Urbano,Colector Mayor,City or Municipal Highway Agency,0,Sin jurisdiccion especial,13,41.31763056,-111.9677028,Arbol,El primer evento no fue una colision con un vehiculo automotor en transporte,Not an Intersection,No fue interseccion,Sobre el lado de la calle,Ninguna,Oscuro sin iluminacion,Vientos cruzados pero de los mamalones,No,NO APLICA,2,28,2,36,2,21/05/2022,5
49,Utah,490097,0,0,2,0,35,SALT LAKE (35),344,DRAPER,4,Abril,7,2022,23,36,US-89,2,US Highway,Urbano,Arteria Principal,State Highway Agency,1,Sin jurisdiccion especial,3631,40.53336111,-111.89155,Vehiculo en movimiento,Angulo,T-Intersection,Interseccion de T,Sobre calle,Ninguna,Oscuro con iluminacion,Despejado,No,NO APLICA,23,36,23,41,1,07/04/2022,2
49,Utah,490098,0,0,1,0,17,GARFIELD (17),155,BRYCE CANYON,5,Mayo,30,2022,9,40,SR-12,3,Highway estatal,Rural,Arteria Principal,State Highway Agency,1,Sin jurisdiccion especial,113,37.70001667,-112.1937944,Animal vivo,El primer evento no fue una colision con un vehiculo automotor en transporte,Not an Intersection,No fue interseccion,Sobre calle,Ninguna,Dia total,Despejado,No,NO APLICA,9,40,9,57,2,30/05/2022,2
49,Utah,490099,1,1,1,0,35,SALT LAKE (35),1240,MURRAY,3,Marzo,30,2022,21,38,US-89,2,US Highway,Urbano,Arteria Principal,State Highway Agency,1,Sin jurisdiccion especial,3721,40.66287778,-111.8882806,Peaton,El primer evento no fue una colision con un vehiculo automotor en transporte,Not an Intersection,No fue interseccion,Sobre calle,Ninguna,Oscuro con iluminacion,Despejado,No,NO APLICA,21,38,21,42,1,30/03/2022,1
49,Utah,490100,1,1,1,0,35,SALT LAKE (35),344,DRAPER,4,Abril,18,2022,20,48,ROSEFIELD LN,6,Calle Local Municipalidad,Urbano,Local,City or Municipal Highway Agency,0,Sin jurisdiccion especial,0,40.50491944,-111.8660028,Peaton,El primer evento no fue una colision con un vehiculo automotor en transporte,Not an Intersection,No fue interseccion,Sobre calle,Ninguna,Oscuro con iluminacion,Despejado,No,NO APLICA,20,48,20,51,1,18/04/2022,1
49,Utah,490101,1,1,1,0,35,SALT LAKE (35),1700,SALT LAKE CITY,4,Abril,2,2022,20,41,SR-270,3,Highway estatal,Urbano,Arteria Menor,State Highway Agency,0,Sin jurisdiccion especial,2,40.75179444,-111.8940056,No vehiculo o remolque,El primer evento no fue una colision con un vehiculo automotor en transporte,Four-Way Intersection,Interseccion de 4 direcciones,Sobre calle,Ninguna,Oscuro con iluminacion,Despejado,No,NO APLICA,20,42,20,50,1,02/04/2022,1
49,Utah,490102,0,0,2,0,57,WEBER (57),1350,OGDEN,6,Junio,1,2022,18,33,SR-53,3,Highway estatal,Urbano,Arteria Principal,State Highway Agency,0,Sin jurisdiccion especial,6,41.22306111,-111.9954583,Vehiculo en movimiento,Angulo,Four-Way Intersection,Interseccion de 4 direcciones,Sobre calle,Ninguna,Dia total,Despejado,No,NO APLICA,18,35,18,39,1,01/06/2022,2
49,Utah,490103,0,0,2,0,53,WASHINGTON (53),1670,ST. GEORGE,5,Mayo,14,2022,11,50,700 S,6,Calle Local Municipalidad,Urbano,Arteria Menor,City or Municipal Highway Agency,0,Sin jurisdiccion especial,11,37.09628611,-113.5672139,Volcadura,El primer evento no fue una colision con un vehiculo automotor en transporte,Not an Intersection,No fue interseccion,Sobre calle,Ninguna,Dia total,Despejado,No,NO APLICA,11,51,11,58,1,14/05/2022,2
49,Utah,490104,0,0,1,0,13,DUCHESNE (13),123,BLUEBELL,5,Mayo,27,2022,9,4,BLUEBELL RD,5,Calle Local - Pueblo,Rural,Colector Mayor,County Highway Agency,0,Reservacion India,72,40.35148056,-110.1885194,Volcadura,El primer evento no fue una colision con un vehiculo automotor en transporte,Not an Intersection,No fue interseccion,Sobre el lado de la calle,Ninguna,Dia total,Despejado,No,NO APLICA,9,10,9,27,1,27/05/2022,1
49,Utah,490105,0,0,1,0,53,WASHINGTON (53),1670,ST. GEORGE,3,Marzo,14,2022,7,14,SR-18,3,Highway estatal,Urbano,Arteria Principal,State Highway Agency,1,Sin jurisdiccion especial,21,37.10973889,-113.5938944,Otro objeto (no fijo),El primer evento no fue una colision con un vehiculo automotor en transporte,Four-Way Intersection,Interseccion de 4 direcciones,Sobre calle,Ninguna,Oscuro con iluminacion,Despejado,No,NO APLICA,7,17,7,20,1,14/03/2022,1
49,Utah,490106,0,0,2,0,49,UTAH (49),1560,PROVO,6,Junio,17,2022,20,56,2530 W,6,Calle Local Municipalidad,Urbano,Local,City or Municipal Highway Agency,0,Sin jurisdiccion especial,0,40.23138889,-111.7034417,Vehiculo en movimiento,Frente a Detrás,Not an Intersection,No fue interseccion,Sobre calle,Ninguna,Oscuro con iluminacion,Despejado,No,NO APLICA,20,57,21,1,1,17/06/2022,2
49,Utah,490107,0,0,2,0,11,DAVIS (11),210,CENTERVILLE,6,Junio,11,2022,3,0,I-15,1,Interestatal,Urbano,Interestatal,State Highway Agency,1,Sin jurisdiccion especial,3209,40.94008056,-111.8914778,Vehiculo en movimiento,Frente a frente,Not an Intersection,No fue interseccion,Sobre calle,"Zona de trabajo, tipo desconocido",Oscuro sin iluminacion,Despejado,No,NO APLICA,3,2,3,8,1,11/06/2022,2
49,Utah,490108,1,1,2,0,45,TOOELE (45),2085,WENDOVER,4,Abril,4,2022,20,44,I-80,1,Interestatal,Rural,Interestatal,State Highway Agency,1,Sin jurisdiccion especial,51,40.74131389,-113.9490472,Vehiculo en movimiento,Frente a Detrás,Not an Intersection,No fue interseccion,Sobre calle,Ninguna,Oscuro sin iluminacion,Despejado,No,NO APLICA,20,50,21,2,1,04/04/2022,1
49,Utah,490109,0,0,2,0,57,WEBER (57),1067,MARRIOTT,5,Mayo,21,2022,23,5,SR-126,3,Highway estatal,Urbano,Arteria Principal,State Highway Agency,1,Sin jurisdiccion especial,145,41.24500833,-112.0252611,Vehiculo en movimiento,Angulo,Four-Way Intersection,Interseccion de 4 direcciones,Sobre calle,Ninguna,Oscuro con iluminacion,Despejado,No,NO APLICA,23,5,23,11,1,21/05/2022,3
49,Utah,490110,0,0,2,0,53,WASHINGTON (53),697,HILDALE,6,Junio,13,2022,16,35,SR-59,3,Highway estatal,Rural,Arteria Menor,State Highway Agency,0,Sin jurisdiccion especial,95,37.09306111,-113.1165833,Vehiculo en movimiento,Frente a frente,Not an Intersection,No fue interseccion,Sobre calle,Ninguna,Dia total,Despejado,No,NO APLICA,16,39,16,48,1,13/06/2022,3
49,Utah,490111,0,0,1,0,39,SANPETE (39),1040,MANTI,6,Junio,23,2022,15,17,MANTI CANYON RD,8,Otro,Rural,Local,U.S. Forest Service,0,Sin jurisdiccion especial,128,39.21531111,-111.4883694,Volcadura,El primer evento no fue una colision con un vehiculo automotor en transporte,Not an Intersection,No fue interseccion,Sobre el lado de la calle,Ninguna,Dia total,Nublado,No,NO APLICA,15,19,16,5,1,23/06/2022,1
49,Utah,490112,0,0,2,0,39,SANPETE (39),470,FAYETTE,5,Mayo,13,2022,14,32,SR-28,3,Highway estatal,Rural,Arteria Principal,State Highway Agency,1,Sin jurisdiccion especial,103,39.29218333,-111.8876833,Vehiculo en movimiento,Angulo,Not an Intersection,No fue interseccion,Sobre calle,Ninguna,Dia total,Despejado,No,NO APLICA,14,34,14,45,1,13/05/2022,2
49,Utah,490113,0,0,2,0,35,SALT LAKE (35),9997,Other,7,Julio,5,2022,4,40,HIGHLAND DR,6,Calle Local Municipalidad,Urbano,Arteria Menor,City or Municipal Highway Agency,0,Sin jurisdiccion especial,24,40.67300833,-111.8411667,Vehiculo en movimiento,Angulo,Not an Intersection,No fue interseccion,Sobre calle,Ninguna,Oscuro con iluminacion,Despejado,No,NO APLICA,99,98,99,98,1,05/07/2022,2
49,Utah,490114,1,1,1,0,57,WEBER (57),1810,SOUTH OGDEN,7,Julio,4,2022,20,30,US-89,2,US Highway,Urbano,Arteria Principal,State Highway Agency,1,Sin jurisdiccion especial,99998,41.16328611,-111.9521611,Ciclista,El primer evento no fue una colision con un vehiculo automotor en transporte,Four-Way Intersection,Interseccion de 4 direcciones,Sobre calle,Ninguna,Dia total,Despejado,No,NO APLICA,20,30,20,34,1,04/07/2022,2
49,Utah,490115,0,0,2,0,37,SAN JUAN (37),1195,MONTEZUMA CREEK,6,Junio,25,2022,16,26,SR-162,3,Highway estatal,Rural,Arteria Menor,State Highway Agency,0,Sin jurisdiccion especial,87,37.29019722,-109.400925,Vehiculo en movimiento,Frente a frente,Not an Intersection,No fue interseccion,Sobre calle,Ninguna,Dia total,Nublado,No,NO APLICA,16,29,16,55,1,25/06/2022,2
49,Utah,490116,0,0,1,0,35,SALT LAKE (35),1630,RIVERTON,5,Mayo,6,2022,21,51,PARK HAVEN LN,6,Calle Local Municipalidad,Urbano,Local,City or Municipal Highway Agency,0,Sin jurisdiccion especial,0,40.53239167,-111.9973361,Alguien se cayo/avento del vehiculo,El primer evento no fue una colision con un vehiculo automotor en transporte,Not an Intersection,No fue interseccion,Sobre calle,Ninguna,Atardecer,Despejado,No,NO APLICA,21,48,21,52,1,06/05/2022,3
49,Utah,490117,0,0,1,0,35,SALT LAKE (35),311,COTTONWOOD,7,Julio,11,2022,13,40,HIGHLAND DR,6,Calle Local Municipalidad,Urbano,Arteria Principal,City or Municipal Highway Agency,1,Sin jurisdiccion especial,109,40.607525,-111.8327194,Edificio,El primer evento no fue una colision con un vehiculo automotor en transporte,Not an Intersection,No fue interseccion,Sobre el lado de la calle,Ninguna,Dia total,Despejado,No,NO APLICA,13,41,13,46,1,11/07/2022,1
49,Utah,490118,0,0,2,0,49,UTAH (49),9997,Other,5,Mayo,28,2022,13,23,SR-68,3,Highway estatal,Rural,Arteria Menor,State Highway Agency,0,Sin jurisdiccion especial,119,40.12457222,-111.9590806,Vehiculo en movimiento,Angulo,Not an Intersection,No fue interseccion,Sobre calle,Ninguna,Dia total,Nublado,No,NO APLICA,13,25,13,42,2,28/05/2022,4
49,Utah,490119,0,0,2,0,49,UTAH (49),600,GOSHEN,4,Abril,7,2022,5,45,US-6,2,US Highway,Rural,Arteria Menor,State Highway Agency,0,Sin jurisdiccion especial,1544,39.95838611,-111.8739583,Vehiculo en movimiento,Frente a frente,Not an Intersection,No fue interseccion,Sobre calle,Ninguna,Oscuro sin iluminacion,Despejado,No,NO APLICA,6,0,6,12,1,07/04/2022,2
49,Utah,490120,0,0,5,0,57,WEBER (57),2095,WEST HAVEN,3,Marzo,9,2022,4,57,I-15,1,Interestatal,Urbano,Interestatal,State Highway Agency,1,Sin jurisdiccion especial,3439,41.225275,-112.0115722,Barrera de Trafico de Concreto,El primer evento no fue una colision con un vehiculo automotor en transporte,Not an Intersection,No fue interseccion,En el medio,Ninguna,Oscuro sin iluminacion,Nieve,No,NO APLICA,4,57,5,5,1,09/03/2022,6
49,Utah,490121,0,0,3,0,35,SALT LAKE (35),1700,SALT LAKE CITY,6,Junio,17,2022,20,11,SR-71,3,Highway estatal,Urbano,Arteria Principal,State Highway Agency,1,Sin jurisdiccion especial,206,40.73355278,-111.8712806,Vehiculo en movimiento,Angulo,Four-Way Intersection,Interseccion de 4 direcciones,Sobre calle,Ninguna,Dia total,Despejado,No,NO APLICA,20,11,20,14,1,17/06/2022,4
49,Utah,490122,0,0,2,0,35,SALT LAKE (35),1700,SALT LAKE CITY,5,Mayo,11,2022,16,10,US-89,2,US Highway,Urbano,Arteria Principal,State Highway Agency,1,Sin jurisdiccion especial,3791,40.76069444,-111.8940111,Vehiculo en movimiento,Angulo,Four-Way Intersection,Interseccion de 4 direcciones,Sobre calle,Ninguna,Dia total,Despejado,No,NO APLICA,16,11,16,12,1,11/05/2022,2
49,Utah,490124,0,0,2,0,53,WASHINGTON (53),2020,VIRGIN,6,Junio,5,2022,16,54,SR-9,3,Highway estatal,Rural,Arteria Principal,State Highway Agency,1,Sin jurisdiccion especial,196,37.20113056,-113.1722028,Vehiculo en movimiento,Angulo,Four-Way Intersection,Interseccion de 4 direcciones,Sobre calle,Ninguna,Dia total,Despejado,No,NO APLICA,16,54,17,5,2,05/06/2022,8
49,Utah,490125,2,2,1,0,35,SALT LAKE (35),1800,SOUTH JORDAN,7,Julio,6,2022,11,53,SR-175,3,Highway estatal,Urbano,Arteria Principal,State Highway Agency,1,Sin jurisdiccion especial,20,40.54407222,-111.9466806,No vehiculo o remolque,El primer evento no fue una colision con un vehiculo automotor en transporte,Not an Intersection,No fue interseccion,Sobre Acotamiento,Ninguna,Dia total,Despejado,No,NO APLICA,11,54,11,57,1,06/07/2022,5
49,Utah,490126,0,0,4,0,11,DAVIS (11),210,CENTERVILLE,5,Mayo,14,2022,20,55,I-15,1,Interestatal,Urbano,Interestatal,State Highway Agency,1,Sin jurisdiccion especial,2318,40.9497,-111.8910861,Vehiculo en movimiento,Frente a Detrás,Not an Intersection,No fue interseccion,Sobre calle,Construccion,Atardecer,Despejado,No,NO APLICA,20,57,21,5,1,14/05/2022,6
49,Utah,490127,0,0,1,0,47,UINTAH (47),1251,NAPLES,6,Junio,21,2022,5,45,SR-45,3,Highway estatal,Rural,Colector Mayor,State Highway Agency,0,Sin jurisdiccion especial,335,40.32239722,-109.4867306,Volcadura,El primer evento no fue una colision con un vehiculo automotor en transporte,Not an Intersection,No fue interseccion,Sobre el lado de la calle,Ninguna,Amanecer,Despejado,No,NO APLICA,5,45,5,59,1,21/06/2022,1
49,Utah,490128,1,1,1,0,43,SUMMIT (43),1440,PARK CITY,7,Julio,7,2022,15,18,OLD HIGHWAY 40,6,Calle Local Municipalidad,Urbano,Colector Mayor,County Highway Agency,0,Sin jurisdiccion especial,8,40.69276944,-111.4678583,Ciclista,El primer evento no fue una colision con un vehiculo automotor en transporte,Not an Intersection,No fue interseccion,Sobre calle,Ninguna,Dia total,Despejado,No,NO APLICA,15,19,15,27,1,07/07/2022,2
49,Utah,490129,0,0,1,0,51,WASATCH (51),230,CHARLESTON,7,Julio,2,2022,6,40,US-189,2,US Highway,Rural,Arteria Principal,State Highway Agency,1,Sin jurisdiccion especial,239,40.44468611,-111.4774361,Volcadura,El primer evento no fue una colision con un vehiculo automotor en transporte,Not an Intersection,No fue interseccion,Sobre calle,Ninguna,Dia total,Despejado,No,NO APLICA,6,39,6,45,1,02/07/2022,1
49,Utah,490130,0,0,1,0,41,SEVIER (41),1755,SEVIER,7,Julio,2,2022,10,3,I-70,1,Interestatal,Rural,Interestatal,State Highway Agency,1,Sin jurisdiccion especial,190,38.57799444,-112.3229111,Volcadura,El primer evento no fue una colision con un vehiculo automotor en transporte,Not an Intersection,No fue interseccion,En el medio,Ninguna,Dia total,Despejado,No,NO APLICA,10,5,10,31,1,02/07/2022,1
49,Utah,490131,0,0,1,0,43,SUMMIT (43),1340,OAKLEY,7,Julio,20,2022,6,12,WEBER CANYON RD,6,Calle Local Municipalidad,Rural,Colector Mayor,County Highway Agency,0,Sin jurisdiccion especial,67,40.77261389,-111.1960139,Fin de valla,El primer evento no fue una colision con un vehiculo automotor en transporte,Not an Intersection,No fue interseccion,Sobre el lado de la calle,Ninguna,Oscuro sin iluminacion,Despejado,No,NO APLICA,6,14,6,31,1,20/07/2022,1
49,Utah,490132,0,0,2,0,11,DAVIS (11),260,CLEARFIELD,6,Junio,25,2022,13,52,SR-126,3,Highway estatal,Urbano,Arteria Principal,State Highway Agency,1,Sin jurisdiccion especial,47,41.10454167,-112.0163389,Vehiculo en movimiento,Angulo,Not an Intersection,No fue interseccion,Sobre calle,Ninguna,Dia total,Despejado,No,NO APLICA,13,52,13,56,1,25/06/2022,5
49,Utah,490133,0,0,1,0,35,SALT LAKE (35),1700,SALT LAKE CITY,4,Abril,28,2022,19,28,US-89,2,US Highway,Urbano,Arteria Principal,State Highway Agency,1,Sin jurisdiccion especial,7,40.81926667,-111.9182944,Barda,El primer evento no fue una colision con un vehiculo automotor en transporte,Not an Intersection,No fue interseccion,Sobre el lado de la calle,Ninguna,Dia total,Nublado,No,NO APLICA,19,29,19,37,1,28/04/2022,1
49,Utah,490134,0,0,1,0,39,SANPETE (39),450,FAIRVIEW,6,Junio,18,2022,23,0,SR-31,3,Highway estatal,Rural,Colector Mayor,State Highway Agency,0,Sin jurisdiccion especial,59,39.66144167,-111.3488306,Poste o otros soportes,El primer evento no fue una colision con un vehiculo automotor en transporte,Not an Intersection,No fue interseccion,Sobre el lado de la calle,Ninguna,Oscuro sin iluminacion,Despejado,No,NO APLICA,6,39,7,11,1,18/06/2022,1
49,Utah,490135,0,0,1,0,21,IRON (21),1430,PARAGONAH,7,Julio,8,2022,12,55,SR-20,3,Highway estatal,Rural,Arteria Principal,State Highway Agency,1,Sin jurisdiccion especial,115,38.02376667,-112.5210972,Volcadura,El primer evento no fue una colision con un vehiculo automotor en transporte,Not an Intersection,No fue interseccion,Sobre Acotamiento,Ninguna,Dia total,Despejado,No,NO APLICA,13,2,13,22,1,08/07/2022,1
49,Utah,490136,1,1,1,0,35,SALT LAKE (35),1700,SALT LAKE CITY,6,Junio,8,2022,5,15,SR-201,3,Highway estatal,Urbano,Arteria Menor,State Highway Agency,0,Sin jurisdiccion especial,170,40.72547778,-111.91085,Peaton,El primer evento no fue una colision con un vehiculo automotor en transporte,Four-Way Intersection,Interseccion de 4 direcciones,Sobre calle,Ninguna,Oscuro sin iluminacion,Despejado,No,NO APLICA,5,18,5,24,1,08/06/2022,1
49,Utah,490137,0,0,1,0,35,SALT LAKE (35),1700,SALT LAKE CITY,7,Julio,14,2022,13,58,2100 N,6,Calle Local Municipalidad,Urbano,Colector Menor,City or Municipal Highway Agency,1,Sin jurisdiccion especial,6,40.81245556,-111.9865083,Barrera de Trafico de Concreto,El primer evento no fue una colision con un vehiculo automotor en transporte,Not an Intersection,No fue interseccion,Sobre el lado de la calle,Ninguna,Dia total,Nublado,No,NO APLICA,14,1,14,13,1,14/07/2022,1
49,Utah,490138,0,0,1,0,33,RICH (33),1570,RANDOLPH,7,Julio,10,2022,17,32,SR-16,3,Highway estatal,Rural,Arteria Menor,State Highway Agency,0,Sin jurisdiccion especial,264,41.74339722,-111.1517861,Acotamiento,El primer evento no fue una colision con un vehiculo automotor en transporte,Not an Intersection,No fue interseccion,Sobre el lado de la calle,Ninguna,Dia total,Despejado,No,NO APLICA,99,98,99,98,1,10/07/2022,1
49,Utah,490139,0,0,1,0,55,WAYNE (55),1922,TEASDALE,7,Julio,2,2022,14,33,SR-12,3,Highway estatal,Rural,Arteria Menor,State Highway Agency,0,Sin jurisdiccion especial,1113,38.15924167,-111.3334222,Alguien se cayo/avento del vehiculo,El primer evento no fue una colision con un vehiculo automotor en transporte,Not an Intersection,No fue interseccion,Sobre el lado de la calle,Ninguna,Dia total,Despejado,No,NO APLICA,14,29,15,4,1,02/07/2022,1