Estado,Nombre de Estado,Numero de Caso,Peatones,Personas _no_vehiculos,Vehiculos automotores,Vehiculos estacionados,Condado,Nombre Condado,Ciudad,Nombre Ciudad,Mes,Nombre Mes,Dia,Año,Hora,Minuto,Calle,Ruta,Nombre Ruta,Rural o Urbanoo,Sistema Funcional,Dueño Calle,Sistema Nacional Carreteras,Jurisdiccion Especial,Milla,Latitud,Longitud,Causa del Accidente,Tipo de Accidente,Tipo Interseccion,Columna1,Lugar en la calle,Zona de Trabajo,Luz,Clima,Autobus Escolar,Cruce de Trenes,Hora Notificacion,Minuto Notificacion,Hora Llegada,Minuto Llegada,Decesos,Fecha,PersonaVehiculo
49,Utah,490140,0,0,3,0,53,WASHINGTON (53),760,HURRICANE,7,Julio,1,2022,14,14,SR-9,3,Highway estatal,Urbano,Arteria Principal,State Highway Agency,1,Sin jurisdiccion especial,45,37.16548333,-113.3824222,Vehiculo en movimiento,Frente a frente,Not an Intersection,No fue interseccion,Sobre calle,Ninguna,Dia total,Despejado,No,NO APLICA,14,15,14,20,1,01/07/2022,6
49,Utah,490141,0,0,3,2,35,SALT LAKE (35),1700,SALT LAKE CITY,7,Julio,26,2022,22,3,900 E,6,Calle Local Municipalidad,Urbano,Colector Mayor,County Highway Agency,0,Sin jurisdiccion especial,16,40.68930833,-111.865425,Alguien se cayo/avento del vehiculo,El primer evento no fue una colision con un vehiculo automotor en transporte,Not an Intersection,No fue interseccion,En estacionamiento,Ninguna,Oscuro con iluminacion,Despejado,No,NO APLICA,22,6,22,8,1,26/07/2022,1
49,Utah,490142,1,1,1,0,35,SALT LAKE (35),1700,SALT LAKE CITY,7,Julio,31,2022,23,4,1300 S,6,Calle Local Municipalidad,Urbano,Arteria Menor,City or Municipal Highway Agency,0,Sin jurisdiccion especial,72,40.74166111,-111.8897444,Peaton,El primer evento no fue una colision con un vehiculo automotor en transporte,Four-Way Intersection,Interseccion de 4 direcciones,Sobre calle,Ninguna,Oscuro con iluminacion,Despejado,No,NO APLICA,23,5,23,6,1,31/07/2022,1
49,Utah,490143,0,0,2,0,5,CACHE (5),990,LOGAN,7,Julio,5,2022,9,56,SR-252,3,Highway estatal,Urbano,Arteria Principal,State Highway Agency,1,Sin jurisdiccion especial,46,41.76359722,-111.8586472,Vehiculo en movimiento,Frente a frente,Not an Intersection,No fue interseccion,Sobre calle,Ninguna,Dia total,Despejado,No,NO APLICA,9,57,10,4,1,05/07/2022,2
49,Utah,490144,1,1,1,0,35,SALT LAKE (35),1700,SALT LAKE CITY,8,Agosto,2,2022,21,46,700 E,6,Calle Local Municipalidad,Urbano,Arteria Menor,City or Municipal Highway Agency,0,Sin jurisdiccion especial,2,40.76298056,-111.8712,No vehiculo o remolque,El primer evento no fue una colision con un vehiculo automotor en transporte,Four-Way Intersection,Interseccion de 4 direcciones,Sobre calle,Ninguna,Oscuro con iluminacion,Despejado,No,NO APLICA,21,46,21,49,1,02/08/2022,1
49,Utah,490145,1,1,1,0,35,SALT LAKE (35),124,BLUFFDALE,7,Julio,11,2022,3,43,SR-68,3,Highway estatal,Urbano,Arteria Principal,State Highway Agency,1,Sin jurisdiccion especial,367,40.44246667,-111.9333639,Peaton,El primer evento no fue una colision con un vehiculo automotor en transporte,Not an Intersection,No fue interseccion,Sobre Acotamiento,Ninguna,Oscuro sin iluminacion,Despejado,No,NO APLICA,3,42,3,52,1,11/07/2022,1
49,Utah,490146,1,1,1,0,49,UTAH (49),1390,OREM,7,Julio,25,2022,17,17,SR-265,3,Highway estatal,Urbano,Arteria Principal,State Highway Agency,1,Sin jurisdiccion especial,6,40.27551111,-111.7167417,Ciclista,El primer evento no fue una colision con un vehiculo automotor en transporte,Not an Intersection,No fue interseccion,Sobre calle,Ninguna,Dia total,Despejado,No,NO APLICA,17,19,17,23,1,25/07/2022,1
49,Utah,490147,1,1,1,0,35,SALT LAKE (35),1700,SALT LAKE CITY,6,Junio,24,2022,12,16,SR-68,3,Highway estatal,Urbano,Arteria Principal,State Highway Agency,1,Sin jurisdiccion especial,596,40.77173889,-111.9391528,Ciclista,El primer evento no fue una colision con un vehiculo automotor en transporte,Four-Way Intersection,Interseccion de 4 direcciones,Sobre calle,Ninguna,Dia total,Despejado,No,NO APLICA,12,16,12,20,1,24/06/2022,2
49,Utah,490148,0,0,4,0,11,DAVIS (11),1320,NORTH SALT LAKE,8,Agosto,4,2022,8,17,SR-68,3,Highway estatal,Urbano,Arteria Principal,State Highway Agency,1,Sin jurisdiccion especial,642,40.83763056,-111.9340139,Vehiculo en movimiento,Angulo,Not an Intersection,No fue interseccion,Sobre calle,Ninguna,Dia total,Nublado,No,NO APLICA,8,18,8,22,1,04/08/2022,4
49,Utah,490149,0,0,1,0,19,GRAND (19),1925,THOMPSON SPRINGS,7,Julio,22,2022,7,13,I-70,1,Interestatal,Rural,Interestatal,State Highway Agency,1,Sin jurisdiccion especial,1875,38.96231389,-109.7209722,Fin de valla,El primer evento no fue una colision con un vehiculo automotor en transporte,Not an Intersection,No fue interseccion,Sobre el lado de la calle,Ninguna,Dia total,Despejado,No,NO APLICA,7,17,7,46,1,22/07/2022,1
49,Utah,490150,0,0,2,0,53,WASHINGTON (53),2050,WASHINGTON,6,Junio,29,2022,15,55,WASHINGTON PKWY,6,Calle Local Municipalidad,Urbano,Arteria Menor,City or Municipal Highway Agency,0,Sin jurisdiccion especial,6,37.14073889,-113.4853972,Vehiculo en movimiento,Angulo,Four-Way Intersection,Interseccion de 4 direcciones,Sobre calle,Ninguna,Dia total,Despejado,No,NO APLICA,15,56,16,1,1,29/06/2022,3
49,Utah,490151,0,0,2,0,35,SALT LAKE (35),1700,SALT LAKE CITY,8,Agosto,3,2022,7,35,1300 E,6,Calle Local Municipalidad,Urbano,Arteria Menor,City or Municipal Highway Agency,0,Sin jurisdiccion especial,43,40.72118889,-111.8537806,Vehiculo en movimiento,Angulo,Four-Way Intersection,Interseccion de 4 direcciones,Sobre calle,Ninguna,Dia total,Despejado,No,NO APLICA,7,35,7,40,1,03/08/2022,2
49,Utah,490152,0,0,1,0,39,SANPETE (39),1230,MOUNT PLEASANT,7,Julio,24,2022,16,0,MILLERS FLAT RD,8,Otro,Rural,Colector Menor,U.S. Forest Service,0,Sin jurisdiccion especial,154,39.51985278,-111.2508694,Alguien se cayo/avento del vehiculo,El primer evento no fue una colision con un vehiculo automotor en transporte,Not an Intersection,No fue interseccion,Sobre calle,Ninguna,Dia total,Nublado,No,NO APLICA,16,25,99,99,1,24/07/2022,1
49,Utah,490153,0,0,1,0,1,BEAVER (1),90,BEAVER,8,Agosto,6,2022,12,0,BIG JOHN FLAT RD,8,Otro,Rural,Local,U.S. Forest Service,0,Sin jurisdiccion especial,0,38.37324722,-112.392925,Volcadura,El primer evento no fue una colision con un vehiculo automotor en transporte,Not an Intersection,No fue interseccion,Sobre el lado de la calle,Ninguna,Dia total,Despejado,No,NO APLICA,99,99,99,97,1,06/08/2022,1
49,Utah,490154,2,2,1,0,11,DAVIS (11),2090,WEST BOUNTIFUL,7,Julio,21,2022,16,3,1600 N,6,Calle Local Municipalidad,Urbano,Colector Menor,City or Municipal Highway Agency,0,Sin jurisdiccion especial,1,40.90658611,-111.9098361,Ciclista,El primer evento no fue una colision con un vehiculo automotor en transporte,Not an Intersection,No fue interseccion,Sobre el lado de la calle,Ninguna,Dia total,Despejado,No,NO APLICA,16,7,16,11,1,21/07/2022,1
49,Utah,490155,0,0,1,0,21,IRON (21),1430,PARAGONAH,8,Agosto,3,2022,6,22,SR-20,3,Highway estatal,Rural,Arteria Principal,State Highway Agency,1,Sin jurisdiccion especial,87,38.04078056,-112.5505806,Volcadura,El primer evento no fue una colision con un vehiculo automotor en transporte,Not an Intersection,No fue interseccion,Sobre calle,"Zona de trabajo, tipo desconocido",Dia total,Despejado,No,NO APLICA,6,25,99,97,1,03/08/2022,1
49,Utah,490156,0,0,2,0,49,UTAH (49),940,LEHI,7,Julio,7,2022,22,59,I-15,1,Interestatal,Urbano,Interestatal,State Highway Agency,1,Sin jurisdiccion especial,2851,40.44053056,-111.9000972,Vehiculo en movimiento,Frente a Detrás,Not an Intersection,No fue interseccion,Sobre calle,Ninguna,Oscuro con iluminacion,Despejado,No,NO APLICA,23,4,23,6,2,07/07/2022,3
49,Utah,490157,0,0,1,0,53,WASHINGTON (53),1670,ST. GEORGE,6,Junio,26,2022,22,37,CLOUD DR,6,Calle Local Municipalidad,Urbano,Local,City or Municipal Highway Agency,0,Sin jurisdiccion especial,0,37.08878611,-113.5960944,Banqueta,El primer evento no fue una colision con un vehiculo automotor en transporte,Not an Intersection,No fue interseccion,Sobre el lado de la calle,Ninguna,Oscuro sin iluminacion,Despejado,No,NO APLICA,22,37,22,45,1,26/06/2022,2
49,Utah,490158,0,0,2,0,35,SALT LAKE (35),311,COTTONWOOD,8,Agosto,15,2022,9,25,SR-190,3,Highway estatal,Rural,Arteria Menor,State Highway Agency,0,Sin jurisdiccion especial,50,40.62540833,-111.7431417,Vehiculo en movimiento,Angulo,Not an Intersection,No fue interseccion,Sobre calle,Ninguna,Dia total,Despejado,No,NO APLICA,9,26,9,37,1,15/08/2022,5
49,Utah,490159,0,0,3,0,35,SALT LAKE (35),2113,WEST VALLEY CITY,8,Agosto,5,2022,19,18,4100 S,6,Calle Local Municipalidad,Urbano,Arteria Menor,City or Municipal Highway Agency,0,Sin jurisdiccion especial,55,40.68212222,-111.9869778,Vehiculo en movimiento,Frente a frente,Four-Way Intersection,Interseccion de 4 direcciones,Sobre calle,Ninguna,Dia total,Despejado,No,NO APLICA,19,20,19,22,1,05/08/2022,4
49,Utah,490160,0,0,1,0,29,MORGAN (29),1223,MOUNTAIN GREEN,8,Agosto,4,2022,15,30,SR-167,3,Highway estatal,Rural,Arteria Menor,State Highway Agency,0,Sin jurisdiccion especial,62,41.19385278,-111.8174417,Volcadura,El primer evento no fue una colision con un vehiculo automotor en transporte,Not an Intersection,No fue interseccion,Sobre el lado de la calle,Ninguna,Dia total,Nublado,No,NO APLICA,15,31,15,39,1,04/08/2022,1
49,Utah,490161,0,0,3,0,51,WASATCH (51),1790,SOLDIER SUMMIT,7,Julio,15,2022,14,8,US-6,2,US Highway,Rural,Arteria Principal,State Highway Agency,1,Sin jurisdiccion especial,2108,39.928475,-111.0767361,Vehiculo en movimiento,Angulo,Not an Intersection,No fue interseccion,Sobre calle,Ninguna,Dia total,Nublado,No,NO APLICA,14,13,14,39,2,15/07/2022,9
49,Utah,490162,0,0,2,1,49,UTAH (49),940,LEHI,7,Julio,15,2022,9,39,I-15,1,Interestatal,Urbano,Interestatal,State Highway Agency,1,Sin jurisdiccion especial,2834,40.42298333,-111.8816278,Vehiculo Aparcado,El primer evento no fue una colision con un vehiculo automotor en transporte,Not an Intersection,No fue interseccion,Sobre Acotamiento,Ninguna,Dia total,Nublado,No,NO APLICA,9,40,9,50,1,15/07/2022,1
49,Utah,490163,0,0,2,0,35,SALT LAKE (35),1700,SALT LAKE CITY,7,Julio,14,2022,16,33,SR-186,3,Highway estatal,Urbano,Arteria Principal,State Highway Agency,1,Sin jurisdiccion especial,34,40.76084722,-111.8759583,Alguien se cayo/avento del vehiculo,El primer evento no fue una colision con un vehiculo automotor en transporte,Not an Intersection,No fue interseccion,Sobre calle,Ninguna,Dia total,Despejado,No,NO APLICA,16,36,16,40,1,14/07/2022,3
49,Utah,490164,0,0,3,0,35,SALT LAKE (35),2113,WEST VALLEY CITY,2,Febrero,23,2022,18,3,3100 S,6,Calle Local Municipalidad,Urbano,Colector Mayor,City or Municipal Highway Agency,0,Sin jurisdiccion especial,99998,40.70391944,-111.9771194,Vehiculo en movimiento,Angulo,Four-Way Intersection,Interseccion de 4 direcciones,Sobre calle,Ninguna,Oscuro con iluminacion,Nublado,No,NO APLICA,18,19,18,26,1,23/02/2022,3
49,Utah,490165,2,2,1,0,35,SALT LAKE (35),1700,SALT LAKE CITY,5,Mayo,3,2022,11,26,1700 S,6,Calle Local Municipalidad,Urbano,Colector Mayor,City or Municipal Highway Agency,0,Sin jurisdiccion especial,49,40.73359167,-111.8646583,Peaton,El primer evento no fue una colision con un vehiculo automotor en transporte,Not an Intersection,No fue interseccion,Fuera de la calle,Ninguna,Dia total,Despejado,No,NO APLICA,11,24,11,26,1,03/05/2022,1
49,Utah,490166,1,1,1,0,57,WEBER (57),9997,Other,8,Agosto,8,2022,9,59,4000 N,6,Calle Local Municipalidad,Urbano,Colector Mayor,County Highway Agency,0,Sin jurisdiccion especial,13,41.33591667,-112.0489583,Ciclista,El primer evento no fue una colision con un vehiculo automotor en transporte,Not an Intersection,No fue interseccion,Sobre calle,Ninguna,Dia total,Despejado,No,NO APLICA,10,0,10,7,1,08/08/2022,1
49,Utah,490167,0,0,1,0,35,SALT LAKE (35),344,DRAPER,7,Julio,24,2022,0,30,LONE PEAK PKWY,6,Calle Local Municipalidad,Urbano,Arteria Menor,City or Municipal Highway Agency,0,Sin jurisdiccion especial,99998,40.52585278,-111.8956944,Arbol,El primer evento no fue una colision con un vehiculo automotor en transporte,Not an Intersection,No fue interseccion,Sobre el lado de la calle,Ninguna,Oscuro con iluminacion,lluvia,No,NO APLICA,0,31,0,35,1,24/07/2022,1
49,Utah,490168,0,0,1,0,15,EMERY (15),740,HUNTINGTON,8,Agosto,20,2022,1,5,8900 S,6,Calle Local Municipalidad,Rural,Colector Menor,County Highway Agency,0,Sin jurisdiccion especial,80,39.46247222,-110.7249861,Acotamiento,El primer evento no fue una colision con un vehiculo automotor en transporte,Not an Intersection,No fue interseccion,Sobre el lado de la calle,Ninguna,Oscuro sin iluminacion,Despejado,No,NO APLICA,1,4,1,17,1,20/08/2022,1
49,Utah,490169,0,0,1,0,35,SALT LAKE (35),1820,SOUTH SALT LAKE,4,Abril,23,2022,13,53,2700 S,6,Calle Local Municipalidad,Urbano,Colector Mayor,City or Municipal Highway Agency,0,Sin jurisdiccion especial,10,40.71258333,-111.8805,Poste,El primer evento no fue una colision con un vehiculo automotor en transporte,Not an Intersection,No fue interseccion,Sobre el lado de la calle,Ninguna,Dia total,Nublado,No,NO APLICA,13,53,13,57,1,23/04/2022,1
49,Utah,490170,0,0,2,0,35,SALT LAKE (35),1240,MURRAY,5,Mayo,31,2022,12,44,1300 E,6,Calle Local Municipalidad,Urbano,Arteria Menor,City or Municipal Highway Agency,0,Sin jurisdiccion especial,99998,40.64900278,-111.8545306,Vehiculo en movimiento,Frente a frente,Not an Intersection,No fue interseccion,Sobre calle,Ninguna,Dia total,Despejado,No,NO APLICA,12,52,13,0,1,31/05/2022,2
49,Utah,490171,0,0,3,0,11,DAVIS (11),1900,SUNSET,8,Agosto,4,2022,16,7,I-15,1,Interestatal,Urbano,Interestatal,State Highway Agency,1,Sin jurisdiccion especial,3372,41.13872222,-112.02525,Vehiculo en movimiento,Frente a Detrás,Not an Intersection,No fue interseccion,Sobre calle,Ninguna,Dia total,Despejado,No,NO APLICA,16,11,16,18,1,04/08/2022,4
49,Utah,490172,0,0,2,0,35,SALT LAKE (35),1700,SALT LAKE CITY,6,Junio,12,2022,1,9,SR-201,3,Highway estatal,Urbano,Arterial Principal -Freeway o ExpressWay,State Highway Agency,1,Sin jurisdiccion especial,136,40.72661389,-111.9726722,Vehiculo en movimiento,Frente a frente,Not an Intersection,No fue interseccion,Sobre calle,Ninguna,Oscuro sin iluminacion,Despejado,No,NO APLICA,1,11,1,17,1,12/06/2022,2
49,Utah,490173,0,0,4,0,35,SALT LAKE (35),1700,SALT LAKE CITY,7,Julio,5,2022,0,54,I-15 RAMP,1,Interestatal,Urbano,Interestatal,State Highway Agency,1,Sin jurisdiccion especial,3128,40.82144444,-111.9160472,Barrera de Trafico de Concreto,El primer evento no fue una colision con un vehiculo automotor en transporte,Not an Intersection,No fue interseccion,Sobre el lado de la calle,Ninguna,Oscuro sin iluminacion,Despejado,No,NO APLICA,0,51,1,0,1,05/07/2022,6
49,Utah,490174,0,0,1,0,35,SALT LAKE (35),1700,SALT LAKE CITY,5,Mayo,13,2022,18,29,I-215,1,Interestatal,Urbano,Interestatal,State Highway Agency,1,Sin jurisdiccion especial,204,40.73771389,-111.9490333,Poste de Señal de trafico,El primer evento no fue una colision con un vehiculo automotor en transporte,Not an Intersection,No fue interseccion,Gore?,Ninguna,Dia total,Despejado,No,NO APLICA,18,30,18,41,1,13/05/2022,1
49,Utah,490175,2,2,2,1,49,UTAH (49),1560,PROVO,8,Agosto,29,2022,8,6,700 N,6,Calle Local Municipalidad,Urbano,Arteria Menor,City or Municipal Highway Agency,0,Sin jurisdiccion especial,7,40.24297778,-111.6446,Peaton,El primer evento no fue una colision con un vehiculo automotor en transporte,Four-Way Intersection,Interseccion de 4 direcciones,Sobre el lado de la calle,Ninguna,Dia total,Despejado,No,NO APLICA,8,7,8,11,2,29/08/2022,1
49,Utah,490176,1,1,1,0,35,SALT LAKE (35),685,HERRIMAN,8,Agosto,24,2022,5,39,SR-85,3,Highway estatal,Urbano,Arteria Principal,State Highway Agency,1,Sin jurisdiccion especial,52,40.48206111,-111.9874194,Peaton,El primer evento no fue una colision con un vehiculo automotor en transporte,Four-Way Intersection,Interseccion de 4 direcciones,Sobre calle,Ninguna,Oscuro sin iluminacion,Despejado,No,NO APLICA,5,40,5,44,1,24/08/2022,1
49,Utah,490177,1,1,1,0,35,SALT LAKE (35),2113,WEST VALLEY CITY,3,Marzo,1,2022,1,26,4000 W,6,Calle Local Municipalidad,Urbano,Colector Mayor,City or Municipal Highway Agency,0,Sin jurisdiccion especial,24,40.67291389,-111.9865667,Peaton,El primer evento no fue una colision con un vehiculo automotor en transporte,Not an Intersection,No fue interseccion,Sobre calle,Ninguna,Oscuro sin iluminacion,Despejado,No,NO APLICA,1,26,1,32,1,01/03/2022,1
49,Utah,490178,0,0,1,0,29,MORGAN (29),1223,MOUNTAIN GREEN,8,Agosto,16,2022,22,45,SR-167,3,Highway estatal,Rural,Arteria Menor,State Highway Agency,0,Sin jurisdiccion especial,41,41.1701,-111.8121389,Valla Ferrocarril,El primer evento no fue una colision con un vehiculo automotor en transporte,Not an Intersection,No fue interseccion,Sobre el lado de la calle,Ninguna,Oscuro sin iluminacion,Despejado,No,NO APLICA,23,19,23,40,1,16/08/2022,1
49,Utah,490179,0,0,2,0,41,SEVIER (41),1590,RICHFIELD,7,Julio,15,2022,12,49,SR-118,3,Highway estatal,Urbano,Arteria Menor,State Highway Agency,0,Sin jurisdiccion especial,145,38.74753333,-112.0889139,Vehiculo en movimiento,Angulo,Four-Way Intersection,Interseccion de 4 direcciones,Sobre calle,Ninguna,Dia total,Despejado,No,NO APLICA,12,50,12,56,1,15/07/2022,4
49,Utah,490180,0,0,2,0,13,DUCHESNE (13),1640,ROOSEVELT,8,Agosto,11,2022,7,58,SR-87,3,Highway estatal,Rural,Colector Mayor,State Highway Agency,0,Sin jurisdiccion especial,372,40.25853889,-110.077525,Vehiculo en movimiento,Angulo,Not an Intersection,No fue interseccion,Sobre calle,Ninguna,Dia total,Despejado,No,NO APLICA,8,0,8,7,1,11/08/2022,2
49,Utah,490181,0,0,2,0,11,DAVIS (11),260,CLEARFIELD,8,Agosto,27,2022,17,34,SR-193,3,Highway estatal,Urbano,Arteria Principal,State Highway Agency,1,Sin jurisdiccion especial,39,41.10348333,-112.0144972,Vehiculo en movimiento,Angulo,Not an Intersection,No fue interseccion,Sobre calle,Ninguna,Dia total,Despejado,No,NO APLICA,17,34,17,39,1,27/08/2022,6
49,Utah,490182,0,0,2,0,45,TOOELE (45),1940,TOOELE,8,Agosto,13,2022,3,38,I-80,1,Interestatal,Rural,Interestatal,State Highway Agency,1,Sin jurisdiccion especial,639,40.81247222,-112.8721583,Volcadura,El primer evento no fue una colision con un vehiculo automotor en transporte,Not an Intersection,No fue interseccion,En el medio,Ninguna,Oscuro sin iluminacion,Nublado,No,NO APLICA,3,38,4,9,1,13/08/2022,4
49,Utah,490183,0,0,1,0,35,SALT LAKE (35),1700,SALT LAKE CITY,7,Julio,11,2022,19,47,I-215 RAMP,1,Interestatal,Urbano,Interestatal,State Highway Agency,1,Sin jurisdiccion especial,3,40.72825833,-111.9511472,Volcadura,El primer evento no fue una colision con un vehiculo automotor en transporte,Not an Intersection,No fue interseccion,Gore?,Ninguna,Dia total,Despejado,No,NO APLICA,19,48,19,56,1,11/07/2022,3
49,Utah,490184,0,0,1,0,45,TOOELE (45),885,LAKEPOINT,6,Junio,19,2022,13,13,I-80,1,Interestatal,Rural,Interestatal,State Highway Agency,1,Sin jurisdiccion especial,1001,40.70819167,-112.2517139,Volcadura,El primer evento no fue una colision con un vehiculo automotor en transporte,Not an Intersection,No fue interseccion,En el medio,Ninguna,Dia total,Vientos cruzados pero de los mamalones,No,NO APLICA,13,15,13,25,1,19/06/2022,1
49,Utah,490185,0,0,2,0,37,SAN JUAN (37),9997,Other,6,Junio,18,2022,7,34,US-191,2,US Highway,Rural,Arteria Principal,State Highway Agency,1,Sin jurisdiccion especial,1143,38.44098889,-109.430075,Vehiculo en movimiento,Golpe Lateral - direccion contraria,Not an Intersection,No fue interseccion,Sobre calle,Ninguna,Dia total,Nublado,No,NO APLICA,7,35,7,46,1,18/06/2022,4
49,Utah,490186,0,0,2,0,35,SALT LAKE (35),344,DRAPER,7,Julio,24,2022,1,4,I-15,1,Interestatal,Urbano,Interestatal,State Highway Agency,1,Sin jurisdiccion especial,2875,40.47191944,-111.9083167,Vehiculo en movimiento,Frente a Detrás,Not an Intersection,No fue interseccion,Sobre calle,Ninguna,Oscuro con iluminacion,Despejado,No,NO APLICA,1,9,1,18,1,24/07/2022,3
49,Utah,490187,0,0,1,0,19,GRAND (19),620,GREEN RIVER,7,Julio,27,2022,18,10,I-70,1,Interestatal,Rural,Interestatal,State Highway Agency,1,Sin jurisdiccion especial,1635,38.97415,-110.1431194,Volcadura,El primer evento no fue una colision con un vehiculo automotor en transporte,Not an Intersection,No fue interseccion,En el medio,Ninguna,Dia total,Nublado,No,NO APLICA,18,16,18,26,1,27/07/2022,4
49,Utah,490188,1,1,1,0,35,SALT LAKE (35),2100,WEST JORDAN,4,Abril,26,2022,18,1,SR-209,3,Highway estatal,Urbano,Arteria Principal,State Highway Agency,1,Sin jurisdiccion especial,99998,40.58788611,-111.9341417,Ciclista,El primer evento no fue una colision con un vehiculo automotor en transporte,Four-Way Intersection,Interseccion de 4 direcciones,Sobre calle,Ninguna,Dia total,Nublado,No,NO APLICA,18,1,18,4,1,26/04/2022,1
49,Utah,490189,1,1,1,0,35,SALT LAKE (35),1240,MURRAY,9,Septiembre,12,2022,6,42,COTTONWOOD ST,6,Calle Local Municipalidad,Urbano,Colector Mayor,City or Municipal Highway Agency,0,Sin jurisdiccion especial,29,40.66211111,-111.893175,Ciclista,El primer evento no fue una colision con un vehiculo automotor en transporte,Four-Way Intersection,Interseccion de 4 direcciones,Sobre calle,Ninguna,Amanecer,Despejado,No,NO APLICA,6,42,6,46,1,12/09/2022,1
49,Utah,490190,0,0,1,0,35,SALT LAKE (35),1700,SALT LAKE CITY,9,Septiembre,14,2022,7,49,SR-270,3,Highway estatal,Urbano,Arteria Menor,State Highway Agency,0,Sin jurisdiccion especial,3,40.75411111,-111.8940028,Veihulo de calle en rieles,El primer evento no fue una colision con un vehiculo automotor en transporte,Four-Way Intersection,Interseccion de 4 direcciones,Sobre calle,Ninguna,Dia total,Nublado,No,NO APLICA,7,49,7,50,1,14/09/2022,2
49,Utah,490191,0,0,1,0,49,UTAH (49),1840,SPANISH FORK,8,Agosto,25,2022,15,1,US-6,2,US Highway,Urbano,Arteria Principal,State Highway Agency,1,Sin jurisdiccion especial,1779,40.08286944,-111.5907194,Barrera de Trafico de Concreto,El primer evento no fue una colision con un vehiculo automotor en transporte,Not an Intersection,No fue interseccion,Sobre el lado de la calle,Ninguna,Dia total,Despejado,No,NO APLICA,15,2,15,8,1,25/08/2022,1
49,Utah,490192,0,0,1,0,1,BEAVER (1),90,BEAVER,8,Agosto,27,2022,17,15,I-15,1,Interestatal,Rural,Interestatal,State Highway Agency,1,Sin jurisdiccion especial,1027,38.16622778,-112.6210917,Barrera de Cable,El primer evento no fue una colision con un vehiculo automotor en transporte,Not an Intersection,No fue interseccion,En el medio,Ninguna,Dia total,lluvia,No,NO APLICA,16,17,17,4,1,27/08/2022,4
49,Utah,490193,0,0,2,0,57,WEBER (57),1650,ROY,9,Septiembre,19,2022,7,9,SR-126,3,Highway estatal,Urbano,Arteria Principal,State Highway Agency,1,Sin jurisdiccion especial,98,41.17623333,-112.0260722,Vehiculo en movimiento,Angulo,Four-Way Intersection,Interseccion de 4 direcciones,Sobre calle,Ninguna,Dia total,Despejado,No,NO APLICA,7,9,7,12,1,19/09/2022,2
49,Utah,490194,0,0,1,0,35,SALT LAKE (35),685,HERRIMAN,9,Septiembre,20,2022,21,37,HERRIMAN HWY,6,Calle Local Municipalidad,Urbano,Arteria Menor,County Highway Agency,0,Sin jurisdiccion especial,53,40.51376111,-112.0865333,Volcadura,El primer evento no fue una colision con un vehiculo automotor en transporte,Not an Intersection,No fue interseccion,Sobre el lado de la calle,Ninguna,Oscuro sin iluminacion,Despejado,No,NO APLICA,21,37,21,46,1,20/09/2022,2
49,Utah,490195,0,0,2,0,19,GRAND (19),1170,MOAB,9,Septiembre,3,2022,2,17,US-191,2,US Highway,Rural,Arteria Principal,State Highway Agency,1,Sin jurisdiccion especial,1496,38.83562222,-109.7897639,Vehiculo en movimiento,Angulo,Not an Intersection,No fue interseccion,Sobre calle,Ninguna,Oscuro sin iluminacion,Despejado,No,NO APLICA,2,22,2,41,1,03/09/2022,2
49,Utah,490196,0,0,1,0,19,GRAND (19),1925,THOMPSON SPRINGS,8,Agosto,14,2022,15,14,I-70,1,Interestatal,Rural,Interestatal,State Highway Agency,1,Sin jurisdiccion especial,1963,38.94187222,-109.5660472,Volcadura,El primer evento no fue una colision con un vehiculo automotor en transporte,Not an Intersection,No fue interseccion,En el medio,Ninguna,Dia total,lluvia,No,NO APLICA,15,16,15,33,1,14/08/2022,5
49,Utah,490197,0,0,1,0,11,DAVIS (11),910,LAYTON,9,Septiembre,21,2022,14,25,ANTELOPE DR,6,Calle Local Municipalidad,Urbano,Arteria Menor,City or Municipal Highway Agency,0,Sin jurisdiccion especial,22,41.08890556,-111.9450056,Volcadura,El primer evento no fue una colision con un vehiculo automotor en transporte,Roundabout,Glorieta,Sobre calle,Ninguna,Dia total,Nublado,No,NO APLICA,14,25,14,33,1,21/09/2022,1
49,Utah,490198,0,0,3,2,3,BOX ELDER (3),300,CORINNE,8,Agosto,1,2022,10,2,6800 W,6,Calle Local Municipalidad,Rural,Colector Menor,County Highway Agency,0,Sin jurisdiccion especial,28,41.53262778,-112.1808278,Barda,El primer evento no fue una colision con un vehiculo automotor en transporte,Not an Intersection,No fue interseccion,Sobre el lado de la calle,Ninguna,Dia total,Nublado,No,NO APLICA,10,3,10,16,1,01/08/2022,1
49,Utah,490199,0,0,1,0,21,IRON (21),1430,PARAGONAH,9,Septiembre,22,2022,11,25,SR-20,3,Highway estatal,Rural,Arteria Principal,State Highway Agency,1,Sin jurisdiccion especial,52,38.06357222,-112.6014583,Piedrotototota,El primer evento no fue una colision con un vehiculo automotor en transporte,Not an Intersection,No fue interseccion,Sobre el lado de la calle,Ninguna,Dia total,Nublado,No,NO APLICA,11,26,11,45,1,22/09/2022,1
49,Utah,490200,0,0,1,0,47,UINTAH (47),2010,VERNAL,10,Octubre,1,2022,22,15,450 S,6,Calle Local Municipalidad,Urbano,Local,City or Municipal Highway Agency,0,Sin jurisdiccion especial,0,40.44901389,-109.5411583,Alguien se cayo/avento del vehiculo,El primer evento no fue una colision con un vehiculo automotor en transporte,Not an Intersection,No fue interseccion,Sobre calle,Ninguna,Oscuro sin iluminacion,Nublado,No,NO APLICA,88,88,88,88,1,01/10/2022,1