Estado,Nombre de Estado,Numero de Caso,Peatones,Personas _no_vehiculos,Vehiculos automotores,Vehiculos estacionados,Condado,Nombre Condado,Ciudad,Nombre Ciudad,Mes,Nombre Mes,Dia,Año,Hora,Minuto,Calle,Ruta,Nombre Ruta,Rural o Urbanoo,Sistema Funcional,Dueño Calle,Sistema Nacional Carreteras,Jurisdiccion Especial,Milla,Latitud,Longitud,Causa del Accidente,Tipo de Accidente,Tipo Interseccion,Columna1,Lugar en la calle,Zona de Trabajo,Luz,Clima,Autobus Escolar,Cruce de Trenes,Hora Notificacion,Minuto Notificacion,Hora Llegada,Minuto Llegada,Decesos,Fecha,PersonaVehiculo
49,Utah,490201,0,0,1,0,27,MILLARD (27),320,DELTA,9,Septiembre,10,2022,16,11,1000 W,6,Calle Local Municipalidad,Rural,Colector Mayor,City or Municipal Highway Agency,0,Sin jurisdiccion especial,1,39.35223611,-112.5957056,Barda,El primer evento no fue una colision con un vehiculo automotor en transporte,Not an Intersection,No fue interseccion,Sobre el lado de la calle,Ninguna,Dia total,Despejado,No,NO APLICA,16,13,16,19,1,10/09/2022,1
49,Utah,490202,0,0,2,0,49,UTAH (49),1560,PROVO,10,Octubre,4,2022,8,16,US-89,2,US Highway,Urbano,Arteria Principal,County Highway Agency,1,Sin jurisdiccion especial,3336,40.22224444,-111.6409194,Vehiculo en movimiento,Angulo,Four-Way Intersection,Interseccion de 4 direcciones,Sobre calle,Ninguna,Dia total,Despejado,No,NO APLICA,8,17,8,21,1,04/10/2022,3
49,Utah,490204,0,0,2,0,51,WASATCH (51),9997,Other,9,Septiembre,26,2022,16,34,US-40,2,US Highway,Rural,Arteria Principal,State Highway Agency,1,Sin jurisdiccion especial,404,40.24118056,-111.1816,Vehiculo en movimiento,Angulo,T-Intersection,Interseccion de T,Sobre calle,Ninguna,Dia total,Despejado,No,NO APLICA,16,33,16,56,1,26/09/2022,3
49,Utah,490205,1,1,1,0,49,UTAH (49),1390,OREM,9,Septiembre,12,2022,21,14,400 E,6,Calle Local Municipalidad,Urbano,Colector Mayor,City or Municipal Highway Agency,0,Sin jurisdiccion especial,17,40.30656389,-111.6861583,Peaton,El primer evento no fue una colision con un vehiculo automotor en transporte,Not an Intersection,No fue interseccion,Sobre calle,Ninguna,Oscuro sin iluminacion,Despejado,No,NO APLICA,21,16,21,18,1,12/09/2022,1
49,Utah,490206,1,1,1,0,49,UTAH (49),1560,PROVO,7,Julio,17,2022,7,9,US-189,2,US Highway,Urbano,Arteria Principal,State Highway Agency,1,Sin jurisdiccion especial,99998,40.22982222,-111.6586639,Peaton,El primer evento no fue una colision con un vehiculo automotor en transporte,Four-Way Intersection,Interseccion de 4 direcciones,Sobre calle,Ninguna,Dia total,Despejado,No,NO APLICA,7,14,7,16,1,17/07/2022,1
49,Utah,490207,0,0,2,0,57,WEBER (57),1510,PLEASANT VIEW,9,Septiembre,13,2022,1,38,I-15,1,Interestatal,Urbano,Interestatal,State Highway Agency,1,Sin jurisdiccion especial,3506,41.31968611,-112.0265444,Barrera de Trafico de Concreto,El primer evento no fue una colision con un vehiculo automotor en transporte,Not an Intersection,No fue interseccion,En el medio,Ninguna,Oscuro sin iluminacion,Nublado,No,NO APLICA,1,38,1,46,1,13/09/2022,3
49,Utah,490208,0,0,2,0,49,UTAH (49),9997,Other,9,Septiembre,26,2022,6,38,SR-68,3,Highway estatal,Urbano,Arteria Menor,State Highway Agency,0,Sin jurisdiccion especial,283,40.32471389,-111.9044833,Vehiculo en movimiento,Angulo,T-Intersection,Interseccion de T,Sobre calle,Ninguna,Oscuro con iluminacion,Despejado,Yes,NO APLICA,6,41,6,50,1,26/09/2022,3
49,Utah,490209,1,1,1,0,53,WASHINGTON (53),760,HURRICANE,9,Septiembre,29,2022,19,37,400 S,6,Calle Local Municipalidad,Urbano,Colector Mayor,City or Municipal Highway Agency,0,Sin jurisdiccion especial,18,37.170675,-113.296075,Ciclista,El primer evento no fue una colision con un vehiculo automotor en transporte,Four-Way Intersection,Interseccion de 4 direcciones,Sobre calle,Ninguna,Atardecer,Despejado,No,NO APLICA,19,38,19,42,1,29/09/2022,1
49,Utah,490210,0,0,2,0,45,TOOELE (45),1940,TOOELE,10,Octubre,11,2022,19,33,SR-36,3,Highway estatal,Urbano,Arteria Principal,State Highway Agency,1,Sin jurisdiccion especial,521,40.50732222,-112.3177417,Vehiculo en movimiento,Frente a frente,Not an Intersection,No fue interseccion,Sobre calle,Ninguna,Oscuro con iluminacion,Despejado,No,NO APLICA,19,46,19,59,1,11/10/2022,2
49,Utah,490211,0,0,1,0,9,DAGGETT (9),1030,MANILA,8,Agosto,5,2022,22,13,ARROWHEAD LN,6,Calle Local Municipalidad,Rural,Local,City or Municipal Highway Agency,0,Sin jurisdiccion especial,0,40.95733056,-109.7118889,Volcadura,El primer evento no fue una colision con un vehiculo automotor en transporte,Not an Intersection,No fue interseccion,Sobre el lado de la calle,Ninguna,Oscuro sin iluminacion,Despejado,No,NO APLICA,22,16,22,30,1,05/08/2022,2
49,Utah,490212,0,0,1,0,5,CACHE (5),990,LOGAN,7,Julio,28,2022,16,50,US-89,2,US Highway,Rural,Arteria Principal,State Highway Agency,1,Sin jurisdiccion especial,4730,41.81445833,-111.6186139,Volcadura,El primer evento no fue una colision con un vehiculo automotor en transporte,Not an Intersection,No fue interseccion,Sobre el lado de la calle,Ninguna,Dia total,Despejado,No,NO APLICA,17,11,17,29,1,28/07/2022,1
49,Utah,490213,1,1,1,0,35,SALT LAKE (35),1820,SOUTH SALT LAKE,8,Agosto,13,2022,16,50,SR-171,3,Highway estatal,Urbano,Arteria Principal,State Highway Agency,1,Sin jurisdiccion especial,101,40.69973056,-111.9012694,Ciclista,El primer evento no fue una colision con un vehiculo automotor en transporte,Y-Intersection,Interseccion de Y,Sobre calle,Ninguna,Dia total,Nublado,No,NO APLICA,16,51,16,55,1,13/08/2022,1
49,Utah,490214,0,0,2,0,3,BOX ELDER (3),390,ELWOOD,9,Septiembre,6,2022,17,34,I-15,1,Interestatal,Urbano,Interestatal,State Highway Agency,1,Sin jurisdiccion especial,3776,41.6865,-112.1544972,Vehiculo en movimiento,Frente a Detrás,Not an Intersection,No fue interseccion,Sobre calle,Ninguna,Dia total,Despejado,No,NO APLICA,17,35,17,40,1,06/09/2022,7
49,Utah,490215,0,0,1,0,25,KANE (25),575,BIG WATER,9,Septiembre,19,2022,21,29,US-89,2,US Highway,Rural,Arteria Principal,State Highway Agency,1,Sin jurisdiccion especial,176,37.10498889,-111.8482806,Volcadura,El primer evento no fue una colision con un vehiculo automotor en transporte,Not an Intersection,No fue interseccion,Sobre el lado de la calle,"Zona de trabajo, tipo desconocido",Oscuro sin iluminacion,Despejado,No,NO APLICA,21,40,21,47,1,19/09/2022,2
49,Utah,490216,0,0,4,0,49,UTAH (49),1500,PLEASANT GROVE,10,Octubre,4,2022,9,8,US-89,2,US Highway,Urbano,Arteria Principal,State Highway Agency,1,Sin jurisdiccion especial,3468,40.36924444,-111.7649583,Vehiculo en movimiento,Frente a frente,Not an Intersection,No fue interseccion,Sobre calle,Ninguna,Dia total,Despejado,No,NO APLICA,9,9,9,13,1,04/10/2022,7
49,Utah,490217,0,0,4,0,19,GRAND (19),1170,MOAB,9,Septiembre,14,2022,13,53,US-191,2,US Highway,Urbano,Arteria Principal,State Highway Agency,1,Sin jurisdiccion especial,1234,38.54844444,-109.5231667,Vehiculo en movimiento,Golpe Lateral - misma direccion,T-Intersection,Interseccion de T,Sobre calle,Ninguna,Dia total,lluvia,No,NO APLICA,14,3,14,8,1,14/09/2022,6
49,Utah,490218,0,0,2,0,27,MILLARD (27),320,DELTA,10,Octubre,1,2022,12,10,LONE TREE ROAD,6,Calle Local Municipalidad,Rural,Colector Menor,County Highway Agency,0,Sin jurisdiccion especial,60,39.31599722,-112.5774333,Vehiculo en movimiento,Angulo,Four-Way Intersection,Interseccion de 4 direcciones,Sobre calle,Ninguna,Dia total,Despejado,No,NO APLICA,12,24,12,28,1,01/10/2022,3
49,Utah,490219,0,0,1,0,3,BOX ELDER (3),390,ELWOOD,9,Septiembre,23,2022,12,50,I-15,1,Interestatal,Urbano,Interestatal,State Highway Agency,1,Sin jurisdiccion especial,3779,41.68901667,-112.1588417,Barda,El primer evento no fue una colision con un vehiculo automotor en transporte,Not an Intersection,No fue interseccion,Sobre el lado de la calle,Ninguna,Dia total,Despejado,No,NO APLICA,12,55,13,3,1,23/09/2022,2
49,Utah,490220,0,0,2,0,45,TOOELE (45),1940,TOOELE,10,Octubre,16,2022,12,0,INDUSTRIAL LOOP RD,6,Calle Local Municipalidad,Urbano,Colector Menor,County Highway Agency,0,Sin jurisdiccion especial,15,40.52915833,-112.3563222,Vehiculo en movimiento,Angulo,Not an Intersection,No fue interseccion,Sobre calle,Ninguna,Dia total,Despejado,No,NO APLICA,12,1,12,9,1,16/10/2022,3
49,Utah,490221,0,0,1,0,5,CACHE (5),990,LOGAN,7,Julio,6,2022,15,51,US-89/91,2,US Highway,Urbano,Arteria Principal,State Highway Agency,1,Sin jurisdiccion especial,233,41.69266111,-111.8661222,Acotamiento,El primer evento no fue una colision con un vehiculo automotor en transporte,Not an Intersection,No fue interseccion,Sobre el lado de la calle,Ninguna,Dia total,Despejado,No,NO APLICA,15,52,15,57,1,06/07/2022,1
49,Utah,490222,0,0,1,0,37,SAN JUAN (37),1111,MEXICAN HAT,9,Septiembre,16,2022,16,45,SR-261,3,Highway estatal,Rural,Colector Mayor,State Highway Agency,0,Sin jurisdiccion especial,195,37.40208611,-109.9449778,Volcadura,El primer evento no fue una colision con un vehiculo automotor en transporte,Not an Intersection,No fue interseccion,Sobre el lado de la calle,Ninguna,Dia total,Nublado,No,NO APLICA,17,15,17,51,1,16/09/2022,1
49,Utah,490223,0,0,1,0,47,UINTAH (47),1567,RANDLETT,10,Octubre,22,2022,21,0,17500 W,5,Calle Local - Pueblo,Rural,Local,Town or Township Highway Agency,0,Sin jurisdiccion especial,0,40.21372778,-109.6647028,Acotamiento,El primer evento no fue una colision con un vehiculo automotor en transporte,Not an Intersection,No fue interseccion,Sobre el lado de la calle,Ninguna,Oscuro sin iluminacion,Nublado,No,NO APLICA,21,5,21,26,1,22/10/2022,1
49,Utah,490224,0,0,2,0,49,UTAH (49),1390,OREM,10,Octubre,9,2022,3,25,I-15,1,Interestatal,Urbano,Interestatal,State Highway Agency,1,Sin jurisdiccion especial,2681,40.26095833,-111.7062528,Vehiculo en movimiento,Frente a Detrás,Not an Intersection,No fue interseccion,Sobre calle,Ninguna,Oscuro con iluminacion,Despejado,No,NO APLICA,3,24,3,29,1,09/10/2022,2
49,Utah,490225,1,1,1,0,35,SALT LAKE (35),1700,SALT LAKE CITY,10,Octubre,21,2022,21,2,US-89,2,US Highway,Urbano,Arteria Principal,State Highway Agency,1,Sin jurisdiccion especial,3778,40.74482222,-111.8882861,Peaton,El primer evento no fue una colision con un vehiculo automotor en transporte,Four-Way Intersection,Interseccion de 4 direcciones,Sobre calle,Ninguna,Oscuro sin iluminacion,Despejado,No,NO APLICA,21,2,21,5,1,21/10/2022,1
49,Utah,490226,0,0,1,0,49,UTAH (49),1840,SPANISH FORK,9,Septiembre,26,2022,6,43,US-6,2,US Highway,Rural,Arteria Principal,State Highway Agency,1,Sin jurisdiccion especial,1854,40.01336944,-111.4916722,Barrera de Trafico de Concreto,El primer evento no fue una colision con un vehiculo automotor en transporte,Not an Intersection,No fue interseccion,Sobre el lado de la calle,Ninguna,Oscuro sin iluminacion,Despejado,No,NO APLICA,6,40,6,51,1,26/09/2022,1
49,Utah,490227,0,0,2,0,37,SAN JUAN (37),896,LA SAL,9,Septiembre,28,2022,17,35,US-191,2,US Highway,Rural,Arteria Principal,State Highway Agency,1,Sin jurisdiccion especial,1106,38.39379444,-109.4529778,Vehiculo en movimiento,Angulo,Not an Intersection,No fue interseccion,Sobre calle,Ninguna,Dia total,Nublado,No,NO APLICA,17,39,17,54,1,28/09/2022,2
49,Utah,490228,0,0,2,0,35,SALT LAKE (35),1700,SALT LAKE CITY,7,Julio,23,2022,20,28,I-80,1,Interestatal,Rural,Interestatal,State Highway Agency,1,Sin jurisdiccion especial,1089,40.77101389,-112.1132333,Barrera de Cable,El primer evento no fue una colision con un vehiculo automotor en transporte,Not an Intersection,No fue interseccion,En el medio,Ninguna,Dia total,Despejado,No,NO APLICA,20,34,20,46,1,23/07/2022,8
49,Utah,490229,0,0,1,0,23,JUAB (23),1260,NEPHI,10,Octubre,11,2022,6,36,I-15,1,Interestatal,Rural,Interestatal,State Highway Agency,1,Sin jurisdiccion especial,2203,39.65918611,-111.8830917,Volcadura,El primer evento no fue una colision con un vehiculo automotor en transporte,Not an Intersection,No fue interseccion,Sobre el lado de la calle,Ninguna,Oscuro sin iluminacion,Despejado,No,NO APLICA,6,37,6,47,1,11/10/2022,1
49,Utah,490230,0,0,3,0,35,SALT LAKE (35),1710,SANDY CITY,10,Octubre,8,2022,22,21,US-89,2,US Highway,Urbano,Arteria Principal,State Highway Agency,1,Sin jurisdiccion especial,3672,40.59168611,-111.8908389,Volcadura,El primer evento no fue una colision con un vehiculo automotor en transporte,T-Intersection,Interseccion de T,Sobre calle,Ninguna,Oscuro con iluminacion,Despejado,No,NO APLICA,22,21,22,25,1,08/10/2022,6
49,Utah,490231,0,0,1,0,39,SANPETE (39),420,EPHRAIM,10,Octubre,15,2022,20,18,EPHRAIM CANYON ROAD,6,Calle Local Municipalidad,Rural,Colector Mayor,County Highway Agency,0,Sin jurisdiccion especial,53,39.3395,-111.5109778,Arbol,El primer evento no fue una colision con un vehiculo automotor en transporte,Not an Intersection,No fue interseccion,Sobre el lado de la calle,Ninguna,Oscuro sin iluminacion,Despejado,No,NO APLICA,20,25,20,38,1,15/10/2022,2
49,Utah,490232,0,0,3,0,57,WEBER (57),1650,ROY,10,Octubre,10,2022,22,2,SR-126,3,Highway estatal,Urbano,Arteria Principal,State Highway Agency,1,Sin jurisdiccion especial,83,41.15446389,-112.0261,Vehiculo en movimiento,Angulo,T-Intersection,Interseccion de T,Sobre calle,Ninguna,Oscuro con iluminacion,Despejado,No,NO APLICA,22,2,22,6,1,10/10/2022,4
49,Utah,490233,0,0,1,0,35,SALT LAKE (35),2100,WEST JORDAN,9,Septiembre,3,2022,3,6,5600 W,6,Calle Local Municipalidad,Urbano,Arteria Menor,City or Municipal Highway Agency,9,Sin jurisdiccion especial,28,40.63553056,-112.0244167,Banqueta,El primer evento no fue una colision con un vehiculo automotor en transporte,Not an Intersection,No fue interseccion,Sobre el lado de la calle,Ninguna,Oscuro con iluminacion,Despejado,No,NO APLICA,3,8,3,15,1,03/09/2022,1
49,Utah,490236,2,7,4,2,57,WEBER (57),1350,OGDEN,10,Octubre,4,2022,11,30,I-15,1,Interestatal,Urbano,Interestatal,State Highway Agency,1,Sin jurisdiccion especial,3430,41.21455278,-112.0007306,Vehiculo Aparcado,El primer evento no fue una colision con un vehiculo automotor en transporte,Not an Intersection,No fue interseccion,Sobre Acotamiento,Ninguna,Dia total,Despejado,No,NO APLICA,11,30,11,38,1,04/10/2022,5
49,Utah,490237,0,0,3,0,15,EMERY (15),480,FERRON,11,Noviembre,6,2022,18,58,SR-10,3,Highway estatal,Rural,Arteria Principal,State Highway Agency,9,Sin jurisdiccion especial,250,39.06270833,-111.1307583,Vehiculo en movimiento,Frente a frente,Not an Intersection,No fue interseccion,Sobre calle,Ninguna,Oscuro sin iluminacion,Despejado,No,NO APLICA,19,2,19,9,1,06/11/2022,6
49,Utah,490238,0,0,1,0,51,WASATCH (51),650,HEBER CITY,11,Noviembre,9,2022,16,30,US-40,2,US Highway,Rural,Arteria Principal,State Highway Agency,1,Sin jurisdiccion especial,303,40.35606944,-111.2808806,Valla Ferrocarril,El primer evento no fue una colision con un vehiculo automotor en transporte,Not an Intersection,No fue interseccion,Sobre el lado de la calle,Ninguna,Dia total,Nieve,No,NO APLICA,16,35,16,56,1,09/11/2022,2
49,Utah,490239,1,1,1,0,35,SALT LAKE (35),2113,WEST VALLEY CITY,11,Noviembre,14,2022,19,30,7200 W,6,Calle Local Municipalidad,Urbano,Arteria Menor,City or Municipal Highway Agency,9,Sin jurisdiccion especial,13,40.70107778,-112.0630722,Peaton,El primer evento no fue una colision con un vehiculo automotor en transporte,T-Intersection,Interseccion de T,Sobre calle,Ninguna,Oscuro con iluminacion,Despejado,No,NO APLICA,19,31,19,34,1,14/11/2022,1
49,Utah,490240,0,0,1,0,11,DAVIS (11),1910,SYRACUSE,11,Noviembre,14,2022,8,57,SR-193,3,Highway estatal,Urbano,Colector Mayor,State Highway Agency,9,Sin jurisdiccion especial,25,41.11077222,-112.0838583,Otro objeto (no fijo),El primer evento no fue una colision con un vehiculo automotor en transporte,T-Intersection,Interseccion de T,Sobre el lado de la calle,Construccion,Oscuro sin iluminacion,Despejado,No,NO APLICA,99,99,99,99,1,14/11/2022,1
49,Utah,490242,0,0,1,0,49,UTAH (49),940,LEHI,8,Agosto,14,2022,8,42,SR-194,3,Highway estatal,Urbano,Arteria Principal,State Highway Agency,9,Sin jurisdiccion especial,28,40.41316944,-111.8700583,Banqueta,El primer evento no fue una colision con un vehiculo automotor en transporte,T-Intersection,Interseccion de T,Sobre el lado de la calle,Ninguna,Dia total,Despejado,No,NO APLICA,8,52,8,59,2,14/08/2022,2
49,Utah,490243,0,0,3,0,25,KANE (25),9997,Other,10,Octubre,7,2022,18,1,SR-14,3,Highway estatal,Rural,Arteria Menor,State Highway Agency,9,Sin jurisdiccion especial,269,37.51775,-112.7118944,Vehiculo en movimiento,Golpe Lateral - direccion contraria,Not an Intersection,No fue interseccion,Sobre calle,Ninguna,Dia total,Despejado,No,NO APLICA,18,6,18,11,1,07/10/2022,8
49,Utah,490245,1,1,1,0,35,SALT LAKE (35),1700,SALT LAKE CITY,11,Noviembre,30,2022,15,31,2100 E,6,Calle Local Municipalidad,Urbano,Arteria Menor,City or Municipal Highway Agency,9,Sin jurisdiccion especial,103,40.74158056,-111.8308306,Peaton,El primer evento no fue una colision con un vehiculo automotor en transporte,Four-Way Intersection,Interseccion de 4 direcciones,Sobre calle,Ninguna,Dia total,Despejado,No,NO APLICA,15,31,15,38,1,30/11/2022,1
49,Utah,490246,1,1,1,0,35,SALT LAKE (35),1700,SALT LAKE CITY,10,Octubre,29,2022,21,17,HIGHLAND DR,6,Calle Local Municipalidad,Urbano,Arteria Menor,City or Municipal Highway Agency,9,Sin jurisdiccion especial,48,40.70653611,-111.8530778,Peaton,El primer evento no fue una colision con un vehiculo automotor en transporte,Not an Intersection,No fue interseccion,Sobre calle,Ninguna,Oscuro con iluminacion,Despejado,No,NO APLICA,99,99,99,99,1,29/10/2022,2
49,Utah,490247,0,0,6,0,35,SALT LAKE (35),1240,MURRAY,9,Septiembre,8,2022,16,18,I-215,1,Interestatal,Urbano,Interestatal,State Highway Agency,1,Sin jurisdiccion especial,95,40.63018889,-111.8684611,Vehiculo en movimiento,Frente a Detrás,Not an Intersection,No fue interseccion,Sobre calle,Ninguna,Dia total,Despejado,No,NO APLICA,16,19,16,24,1,08/09/2022,11
49,Utah,490248,0,0,1,0,35,SALT LAKE (35),1700,SALT LAKE CITY,10,Octubre,1,2022,13,0,I-215,1,Interestatal,Urbano,Interestatal,State Highway Agency,1,Sin jurisdiccion especial,217,40.75503889,-111.9497917,Zanja,El primer evento no fue una colision con un vehiculo automotor en transporte,Not an Intersection,No fue interseccion,Sobre el lado de la calle,Ninguna,Dia total,Nublado,No,NO APLICA,13,0,13,6,2,01/10/2022,2
49,Utah,490249,0,0,2,0,49,UTAH (49),940,LEHI,11,Noviembre,12,2022,4,39,SR-68,3,Highway estatal,Urbano,Arteria Principal,State Highway Agency,9,Sin jurisdiccion especial,345,40.41352222,-111.9232222,Vehiculo en movimiento,Angulo,Four-Way Intersection,Interseccion de 4 direcciones,Sobre calle,Ninguna,Oscuro sin iluminacion,Despejado,No,NO APLICA,4,40,4,50,1,12/11/2022,2
49,Utah,490250,1,1,1,0,11,DAVIS (11),210,CENTERVILLE,11,Noviembre,9,2022,11,28,SR-106,3,Highway estatal,Urbano,Arteria Menor,State Highway Agency,9,Sin jurisdiccion especial,48,40.94743889,-111.8818833,Peaton,El primer evento no fue una colision con un vehiculo automotor en transporte,T-Intersection,Interseccion de T,Sobre calle,Ninguna,Dia total,lluvia,No,NO APLICA,11,29,11,36,1,09/11/2022,1
49,Utah,490251,0,0,2,0,35,SALT LAKE (35),344,DRAPER,11,Noviembre,25,2022,22,14,I-15,1,Interestatal,Urbano,Interestatal,State Highway Agency,1,Sin jurisdiccion especial,2895,40.49465,-111.8908389,Vehiculo en movimiento,Golpe Lateral - misma direccion,Not an Intersection,No fue interseccion,Sobre calle,Ninguna,Oscuro con iluminacion,Despejado,No,NO APLICA,22,15,22,22,1,25/11/2022,3
49,Utah,490252,0,0,1,0,19,GRAND (19),245,CISCO,11,Noviembre,4,2022,7,30,I-70,1,Interestatal,Rural,Interestatal,State Highway Agency,1,Sin jurisdiccion especial,2273,39.17349167,-109.1288167,Arbol,El primer evento no fue una colision con un vehiculo automotor en transporte,Not an Intersection,No fue interseccion,Gore?,Ninguna,Dia total,Granizo,No,NO APLICA,7,35,8,2,1,04/11/2022,2
49,Utah,490253,0,0,2,0,5,CACHE (5),990,LOGAN,12,Diciembre,12,2022,5,54,SR-252,3,Highway estatal,Urbano,Arteria Principal,State Highway Agency,9,Sin jurisdiccion especial,12,41.71533056,-111.8600333,Vehiculo en movimiento,Angulo,Not an Intersection,No fue interseccion,Sobre calle,Ninguna,Oscuro sin iluminacion,Nieve,No,NO APLICA,5,55,5,58,1,12/12/2022,2
49,Utah,490254,1,1,1,0,49,UTAH (49),1860,SPRINGVILLE,10,Octubre,25,2022,7,42,CANYON RD,6,Calle Local Municipalidad,Urbano,Colector Mayor,City or Municipal Highway Agency,9,Sin jurisdiccion especial,20,40.15789722,-111.5846667,Peaton,El primer evento no fue una colision con un vehiculo automotor en transporte,T-Intersection,Interseccion de T,Sobre calle,Ninguna,Amanecer,lluvia,No,NO APLICA,7,46,7,50,1,25/10/2022,1
49,Utah,490255,0,0,2,0,33,RICH (33),890,LAKETOWN,11,Noviembre,2,2022,6,7,SR-30,3,Highway estatal,Rural,Arteria Menor,State Highway Agency,9,Sin jurisdiccion especial,1298,41.76900278,-111.1603639,Vehiculo en movimiento,Frente a frente,Not an Intersection,No fue interseccion,Sobre calle,Ninguna,Oscuro sin iluminacion,Nublado,No,NO APLICA,6,10,6,40,2,02/11/2022,3
49,Utah,490256,0,0,1,0,35,SALT LAKE (35),1240,MURRAY,11,Noviembre,5,2022,22,37,I-215,1,Interestatal,Urbano,Interestatal,State Highway Agency,1,Sin jurisdiccion especial,118,40.63601667,-111.9094139,Barrera de Trafico de Concreto,El primer evento no fue una colision con un vehiculo automotor en transporte,Not an Intersection,No fue interseccion,En el medio,Ninguna,Oscuro con iluminacion,lluvia,No,NO APLICA,22,40,22,44,1,05/11/2022,1
49,Utah,490257,0,0,2,0,47,UINTAH (47),1251,NAPLES,10,Octubre,28,2022,20,28,SR-45,3,Highway estatal,Rural,Colector Mayor,State Highway Agency,9,Sin jurisdiccion especial,322,40.30631389,-109.4802333,Vehiculo en movimiento,Angulo,Not an Intersection,No fue interseccion,Sobre calle,Ninguna,Oscuro sin iluminacion,Despejado,No,NO APLICA,20,30,20,43,1,28/10/2022,2
49,Utah,490258,0,0,2,0,53,WASHINGTON (53),760,HURRICANE,10,Octubre,29,2022,21,23,SR-9,3,Highway estatal,Urbano,Arteria Principal,State Highway Agency,9,Sin jurisdiccion especial,59,37.17139167,-113.3570167,Vehiculo en movimiento,Frente a Detrás,Not an Intersection,No fue interseccion,Sobre calle,Ninguna,Oscuro con iluminacion,Despejado,No,NO APLICA,21,23,21,26,1,29/10/2022,2
49,Utah,490260,0,0,1,0,19,GRAND (19),1925,THOMPSON SPRINGS,11,Noviembre,18,2022,23,11,I-70,1,Interestatal,Rural,Interestatal,State Highway Agency,1,Sin jurisdiccion especial,1922,38.94357778,-109.64075,Poste o otros soportes,El primer evento no fue una colision con un vehiculo automotor en transporte,Not an Intersection,No fue interseccion,Sobre el lado de la calle,Ninguna,Oscuro sin iluminacion,Despejado,No,NO APLICA,23,15,23,41,1,18/11/2022,1
49,Utah,490261,0,0,2,0,11,DAVIS (11),1320,NORTH SALT LAKE,11,Noviembre,9,2022,8,58,I-15,1,Interestatal,Urbano,Interestatal,State Highway Agency,1,Sin jurisdiccion especial,3142,40.84366389,-111.9152,Barrera de Trafico de Concreto,El primer evento no fue una colision con un vehiculo automotor en transporte,Not an Intersection,No fue interseccion,En el medio,Ninguna,Dia total,lluvia,No,NO APLICA,8,58,9,6,1,09/11/2022,4
49,Utah,490262,0,0,2,0,35,SALT LAKE (35),1700,SALT LAKE CITY,10,Octubre,14,2022,15,0,I-80 OFF RAMP,1,Interestatal,Urbano,Interestatal,State Highway Agency,1,Sin jurisdiccion especial,40,40.71788333,-111.8124306,Vehiculo en movimiento,Frente a Detrás,Not an Intersection,No fue interseccion,Sobre calle,Ninguna,Dia total,Despejado,No,NO APLICA,15,1,15,8,1,14/10/2022,5
49,Utah,490263,0,0,4,0,57,WEBER (57),725,HOOPER,10,Octubre,3,2022,12,27,SR-37,3,Highway estatal,Urbano,Arteria Menor,State Highway Agency,9,Sin jurisdiccion especial,67,41.16393056,-112.1230667,Vehiculo en movimiento,Frente a Detrás,Four-Way Intersection,Interseccion de 4 direcciones,Sobre calle,Ninguna,Dia total,Despejado,No,NO APLICA,12,27,12,34,1,03/10/2022,5
49,Utah,490264,0,0,1,0,45,TOOELE (45),1940,TOOELE,10,Octubre,16,2022,0,43,200 W,6,Calle Local Municipalidad,Urbano,Colector Mayor,City or Municipal Highway Agency,9,Sin jurisdiccion especial,22,40.55497778,-112.3020667,Volcadura,El primer evento no fue una colision con un vehiculo automotor en transporte,Four-Way Intersection,Interseccion de 4 direcciones,Sobre calle,Ninguna,Oscuro con iluminacion,Despejado,No,NO APLICA,0,43,0,49,1,16/10/2022,1
49,Utah,490265,0,0,6,0,5,CACHE (5),2080,WELLSVILLE,9,Septiembre,22,2022,6,11,US-89/91,2,US Highway,Urbano,Arteria Principal,State Highway Agency,1,Sin jurisdiccion especial,208,41.663875,-111.8946528,Vehiculo en movimiento,Golpe Lateral - direccion contraria,Not an Intersection,No fue interseccion,Sobre calle,Ninguna,Oscuro sin iluminacion,Nublado,No,NO APLICA,5,13,5,23,1,22/09/2022,6
49,Utah,490266,0,0,3,0,11,DAVIS (11),910,LAYTON,10,Octubre,20,2022,16,49,SR-193,3,Highway estatal,Urbano,Arteria Principal,State Highway Agency,9,Sin jurisdiccion especial,73,41.10233333,-111.9482806,Vehiculo en movimiento,Angulo,T-Intersection,Interseccion de T,Sobre calle,Ninguna,Dia total,Despejado,No,NO APLICA,16,49,16,52,1,20/10/2022,3
49,Utah,490267,0,0,2,0,49,UTAH (49),940,LEHI,10,Octubre,21,2022,12,37,SR-92,3,Highway estatal,Urbano,Interestatal,State Highway Agency,1,Sin jurisdiccion especial,99998,40.43136944,-111.891925,Vehiculo en movimiento,Angulo,Four-Way Intersection,Interseccion de 4 direcciones,Sobre calle,Ninguna,Dia total,Nublado,No,NO APLICA,12,38,12,41,1,21/10/2022,4
49,Utah,490268,0,0,2,0,51,WASATCH (51),1790,SOLDIER SUMMIT,10,Octubre,22,2022,18,36,US-6,2,US Highway,Rural,Arteria Principal,State Highway Agency,1,Sin jurisdiccion especial,2109,39.92809167,-111.0752389,Vehiculo en movimiento,Angulo,Not an Intersection,No fue interseccion,Sobre calle,Ninguna,Oscuro sin iluminacion,Granizo,No,NO APLICA,18,39,19,8,1,22/10/2022,3
49,Utah,490269,0,0,1,0,1,BEAVER (1),90,BEAVER,10,Octubre,21,2022,16,44,I-15,1,Interestatal,Rural,Interestatal,State Highway Agency,1,Sin jurisdiccion especial,1015,38.14822778,-112.6113083,Volcadura,El primer evento no fue una colision con un vehiculo automotor en transporte,Not an Intersection,No fue interseccion,Sobre el lado de la calle,Ninguna,Dia total,Despejado,No,NO APLICA,16,51,17,7,1,21/10/2022,1