Estado,Nombre de Estado,Numero de Caso,Peatones,Personas _no_vehiculos,Vehiculos automotores,Vehiculos estacionados,Condado,Nombre Condado,Ciudad,Nombre Ciudad,Mes,Nombre Mes,Dia,Año,Hora,Minuto,Calle,Ruta,Nombre Ruta,Rural o Urbanoo,Sistema Funcional,Dueño Calle,Sistema Nacional Carreteras,Jurisdiccion Especial,Milla,Latitud,Longitud,Causa del Accidente,Tipo de Accidente,Tipo Interseccion,Columna1,Lugar en la calle,Zona de Trabajo,Luz,Clima,Autobus Escolar,Cruce de Trenes,Hora Notificacion,Minuto Notificacion,Hora Llegada,Minuto Llegada,Decesos,Fecha,PersonaVehiculo
49,Utah,490270,0,0,1,0,35,SALT LAKE (35),685,HERRIMAN,12,Diciembre,16,2022,4,35,SR-85,3,Highway estatal,Urbano,Arteria Principal,State Highway Agency,9,Sin jurisdiccion especial,48,40.48023056,-111.9868833,Volcadura,El primer evento no fue una colision con un vehiculo automotor en transporte,Not an Intersection,No fue interseccion,Sobre el lado de la calle,Ninguna,Oscuro sin iluminacion,Despejado,No,NO APLICA,4,36,4,42,1,16/12/2022,1
49,Utah,490271,1,1,1,0,5,CACHE (5),1550,PROVIDENCE,9,Septiembre,30,2022,20,2,100 N,6,Calle Local Municipalidad,Urbano,Arteria Menor,City or Municipal Highway Agency,9,Sin jurisdiccion especial,11,41.71009444,-111.8258306,No vehiculo o remolque,El primer evento no fue una colision con un vehiculo automotor en transporte,T-Intersection,Interseccion de T,Sobre calle,Ninguna,Oscuro con iluminacion,Despejado,No,NO APLICA,20,3,20,8,1,30/09/2022,1
49,Utah,490272,0,0,2,0,1,BEAVER (1),90,BEAVER,12,Diciembre,11,2022,18,23,I-15,1,Interestatal,Rural,Interestatal,State Highway Agency,1,Sin jurisdiccion especial,1095,38.25791111,-112.6502972,Vehiculo en movimiento,Frente a frente,Not an Intersection,No fue interseccion,Sobre calle,Ninguna,Oscuro sin iluminacion,Nieve,No,NO APLICA,18,25,18,34,2,11/12/2022,2
49,Utah,490273,0,0,1,0,37,SAN JUAN (37),1195,MONTEZUMA CREEK,5,Mayo,8,2022,9,48,CAJON MESA ROAD,5,Calle Local - Pueblo,Rural,Colector Mayor,Town or Township Highway Agency,9,Reservacion India,284,37.36411944,-109.2334,Volcadura,El primer evento no fue una colision con un vehiculo automotor en transporte,Not an Intersection,No fue interseccion,Sobre el lado de la calle,Ninguna,Reportada como desconocida,Reportado como desconocido,No,NO APLICA,9,48,10,27,1,08/05/2022,3
49,Utah,490274,1,1,1,0,37,SAN JUAN (37),1195,MONTEZUMA CREEK,7,Julio,7,2022,2,55,NAVAJO ROUTE 35,5,Calle Local - Pueblo,Rural,Colector Mayor,Indian Tribe Nation,9,Reservacion India,148,37.19955833,-109.3170667,Peaton,El primer evento no fue una colision con un vehiculo automotor en transporte,Not an Intersection,No fue interseccion,Sobre calle,Ninguna,Oscuro sin iluminacion,Despejado,No,NO APLICA,4,39,5,6,1,07/07/2022,1
49,Utah,490275,0,0,2,0,53,WASHINGTON (53),1670,ST. GEORGE,11,Noviembre,9,2022,10,6,SR-18,3,Highway estatal,Urbano,Arteria Principal,State Highway Agency,9,Sin jurisdiccion especial,95,37.20760556,-113.6285556,Vehiculo en movimiento,Angulo,T-Intersection,Interseccion de T,Sobre calle,Ninguna,Dia total,lluvia,No,NO APLICA,10,10,10,27,1,09/11/2022,3
49,Utah,490276,0,0,1,0,3,BOX ELDER (3),300,CORINNE,12,Diciembre,16,2022,7,8,4000 W,6,Calle Local Municipalidad,Rural,Local,City or Municipal Highway Agency,0,Sin jurisdiccion especial,0,41.57241389,-112.1102083,Acotamiento,El primer evento no fue una colision con un vehiculo automotor en transporte,T-Intersection,Interseccion de T,Sobre el lado de la calle,Ninguna,Oscuro sin iluminacion,Neblina o Humo,No,NO APLICA,15,19,15,29,1,16/12/2022,1
49,Utah,490277,0,0,2,0,53,WASHINGTON (53),1670,ST. GEORGE,10,Octubre,19,2022,9,30,SUNSET BLVD,6,Calle Local Municipalidad,Urbano,Arteria Menor,City or Municipal Highway Agency,9,Sin jurisdiccion especial,99998,37.12293056,-113.6247972,Vehiculo en movimiento,Frente a frente,Not an Intersection,No fue interseccion,Sobre calle,Ninguna,Dia total,Despejado,No,NO APLICA,9,31,9,34,1,19/10/2022,2
49,Utah,490278,0,0,2,0,35,SALT LAKE (35),1710,SANDY CITY,11,Noviembre,1,2022,18,50,SR-71,3,Highway estatal,Urbano,Arteria Principal,State Highway Agency,1,Sin jurisdiccion especial,99998,40.55875278,-111.8722083,Vehiculo en movimiento,Angulo,Four-Way Intersection,Interseccion de 4 direcciones,Sobre calle,Ninguna,Oscuro con iluminacion,Despejado,No,NO APLICA,18,51,18,54,1,01/11/2022,2
49,Utah,490279,0,0,2,0,53,WASHINGTON (53),410,ENTERPRISE,12,Diciembre,7,2022,10,57,SR-18,3,Highway estatal,Rural,Arteria Menor,State Highway Agency,9,Sin jurisdiccion especial,306,37.46668611,-113.6346222,Vehiculo en movimiento,Angulo,Not an Intersection,No fue interseccion,Sobre el lado de la calle,Ninguna,Dia total,Nieve,No,NO APLICA,10,58,11,10,1,07/12/2022,4
49,Utah,490281,0,0,2,0,49,UTAH (49),940,LEHI,11,Noviembre,15,2022,13,59,SR-92,3,Highway estatal,Urbano,Arteria Principal,State Highway Agency,9,Sin jurisdiccion especial,38,40.43178056,-111.8262472,Vehiculo en movimiento,Angulo,Not an Intersection,No fue interseccion,Sobre calle,Ninguna,Dia total,Despejado,No,NO APLICA,14,0,14,6,1,15/11/2022,2
49,Utah,490282,2,2,5,0,35,SALT LAKE (35),2113,WEST VALLEY CITY,12,Diciembre,31,2022,20,20,SR-68,3,Highway estatal,Urbano,Arteria Principal,State Highway Agency,9,Sin jurisdiccion especial,534,40.70406944,-111.939025,Peaton,El primer evento no fue una colision con un vehiculo automotor en transporte,Four-Way Intersection,Interseccion de 4 direcciones,Sobre calle,Ninguna,Oscuro - iluminacion desconocida,lluvia,No,NO APLICA,20,37,20,37,2,31/12/2022,7
49,Utah,490283,0,0,4,0,11,DAVIS (11),9997,Other,11,Noviembre,18,2022,21,27,US-89,2,US Highway,Urbano,Arteria Principal,State Highway Agency,1,Sin jurisdiccion especial,3886,40.88259444,-111.8923139,Banqueta,El primer evento no fue una colision con un vehiculo automotor en transporte,Not an Intersection,No fue interseccion,Sobre el lado de la calle,Ninguna,Oscuro sin iluminacion,Despejado,No,NO APLICA,21,12,21,15,1,18/11/2022,5
49,Utah,490284,0,0,1,0,47,UINTAH (47),2010,VERNAL,11,Noviembre,28,2022,19,48,SR-40,3,Highway estatal,Rural,Arteria Principal,State Highway Agency,9,Sin jurisdiccion especial,1379,40.38526667,-109.6,Volcadura,El primer evento no fue una colision con un vehiculo automotor en transporte,Not an Intersection,No fue interseccion,Sobre el lado de la calle,Ninguna,Oscuro sin iluminacion,Nieve,No,NO APLICA,20,2,20,26,1,28/11/2022,2
49,Utah,490285,0,0,2,0,37,SAN JUAN (37),896,LA SAL,11,Noviembre,21,2022,13,28,SR-191,3,Highway estatal,Rural,Arteria Principal,State Highway Agency,9,Sin jurisdiccion especial,1020,38.29346111,-109.3836111,Vehiculo en movimiento,Frente a Detrás,Not an Intersection,No fue interseccion,Sobre calle,Ninguna,Dia total,Despejado,No,NO APLICA,13,37,14,1,1,21/11/2022,3
49,Utah,490286,0,0,2,0,37,SAN JUAN (37),1111,MEXICAN HAT,11,Noviembre,1,2022,12,21,US-163,2,US Highway,Rural,Colector Mayor,State Highway Agency,0,Sin jurisdiccion especial,185,37.12896389,-109.9006389,Vehiculo en movimiento,Frente a frente,Not an Intersection,No fue interseccion,Sobre calle,Ninguna,Dia total,Reportado como desconocido,No,NO APLICA,99,99,13,5,1,01/11/2022,2
49,Utah,490287,0,0,2,0,35,SALT LAKE (35),2100,WEST JORDAN,12,Diciembre,1,2022,12,34,9000 S,6,Calle Local Municipalidad,Urbano,Arteria Principal,State Highway Agency,1,Sin jurisdiccion especial,77,40.58787222,-111.9769472,Barrera de Trafico de Concreto,El primer evento no fue una colision con un vehiculo automotor en transporte,Four-Way Intersection,Interseccion de 4 direcciones,Sobre el lado de la calle,Ninguna,Dia total,Despejado,No,NO APLICA,12,35,12,44,1,01/12/2022,3
49,Utah,490288,0,0,2,0,3,BOX ELDER (3),293,COLLINSTON,12,Diciembre,20,2022,1,0,SR-30,3,Highway estatal,Rural,Arteria Menor,State Highway Agency,0,Sin jurisdiccion especial,990,41.78208889,-112.0243194,Vehiculo en movimiento,Frente a frente,Not an Intersection,No fue interseccion,Sobre calle,Ninguna,Oscuro sin iluminacion,Despejado,No,NO APLICA,1,1,1,17,1,20/12/2022,2
49,Utah,490289,0,0,1,0,49,UTAH (49),692,HIGHLAND,12,Diciembre,22,2022,5,9,SR-146,3,Highway estatal,Urbano,Colector Mayor,State Highway Agency,0,Sin jurisdiccion especial,99998,40.43208611,-111.7522667,Otro objeto (fijo),El primer evento no fue una colision con un vehiculo automotor en transporte,Not an Intersection,No fue interseccion,Sobre el lado de la calle,Ninguna,Oscuro con iluminacion,Nieve,No,NO APLICA,5,9,5,17,1,22/12/2022,1
49,Utah,490290,1,1,1,0,5,CACHE (5),990,LOGAN,10,Octubre,28,2022,9,51,US-89,2,US Highway,Urbano,Arteria Principal,State Highway Agency,1,Sin jurisdiccion especial,269,41.73509444,-111.8349917,No vehiculo o remolque,El primer evento no fue una colision con un vehiculo automotor en transporte,Four-Way Intersection,Interseccion de 4 direcciones,Sobre calle,Ninguna,Dia total,Despejado,No,NO APLICA,9,52,9,54,1,28/10/2022,1
49,Utah,490291,1,1,1,0,49,UTAH (49),1560,PROVO,12,Diciembre,1,2022,17,25,850 W,6,Calle Local Municipalidad,Urbano,Local,City or Municipal Highway Agency,0,Sin jurisdiccion especial,0,40.24426389,-111.6741361,Peaton,El primer evento no fue una colision con un vehiculo automotor en transporte,T-Intersection,Interseccion de T,Sobre calle,Ninguna,Oscuro con iluminacion,Despejado,No,NO APLICA,17,26,17,30,1,01/12/2022,1
49,Utah,490292,0,0,1,0,37,SAN JUAN (37),1205,MONUMENT VALLEY,8,Agosto,22,2022,20,10,OLJATO RD,5,Calle Local - Pueblo,Rural,Colector Mayor,County Highway Agency,0,Reservacion India,78,37.06678333,-110.2851306,Culvert,El primer evento no fue una colision con un vehiculo automotor en transporte,Not an Intersection,No fue interseccion,Sobre el lado de la calle,Ninguna,Oscuro sin iluminacion,Despejado,No,NO APLICA,99,98,99,98,1,22/08/2022,1
49,Utah,490293,0,0,2,0,51,WASATCH (51),2033,WALLSBURG,12,Diciembre,27,2022,10,51,US-40,2,US Highway,Rural,Arteria Principal,State Highway Agency,1,Sin jurisdiccion especial,402,40.24291944,-111.1851556,Vehiculo en movimiento,Frente a frente,Not an Intersection,No fue interseccion,Sobre calle,Ninguna,Dia total,Nieve,No,NO APLICA,10,52,11,13,1,27/12/2022,7
49,Utah,490294,0,0,2,0,11,DAVIS (11),260,CLEARFIELD,9,Septiembre,26,2022,11,45,I-15,1,Interestatal,Urbano,Interestatal,State Highway Agency,1,Sin jurisdiccion especial,3340,41.09894167,-111.9996528,Vehiculo en movimiento,Frente a Detrás,Not an Intersection,No fue interseccion,Sobre calle,"Zona de trabajo, tipo desconocido",Dia total,Despejado,No,NO APLICA,11,48,11,55,1,26/09/2022,3
49,Utah,490295,1,1,1,0,57,WEBER (57),1350,OGDEN,6,Junio,13,2022,21,32,1100 N,6,Calle Local Municipalidad,Urbano,Colector Menor,City or Municipal Highway Agency,0,Sin jurisdiccion especial,12,41.27725,-111.9604833,Peaton,El primer evento no fue una colision con un vehiculo automotor en transporte,Not an Intersection,No fue interseccion,Sobre calle,Ninguna,Oscuro sin iluminacion,lluvia,No,NO APLICA,21,34,21,38,1,13/06/2022,1
49,Utah,490296,0,0,2,0,35,SALT LAKE (35),1700,SALT LAKE CITY,12,Diciembre,26,2022,22,42,600 N,6,Calle Local Municipalidad,Urbano,Colector Mayor,City or Municipal Highway Agency,0,Sin jurisdiccion especial,57,40.78243056,-111.9167694,Vehiculo en movimiento,Angulo,Four-Way Intersection,Interseccion de 4 direcciones,Sobre calle,Ninguna,Oscuro con iluminacion,Despejado,No,NO APLICA,22,45,22,49,1,26/12/2022,3
49,Utah,490297,0,0,1,0,15,EMERY (15),270,CLEVELAND,10,Octubre,20,2022,2,20,SR-155,3,Highway estatal,Rural,Colector Mayor,State Highway Agency,0,Sin jurisdiccion especial,57,39.36350278,-110.8520944,Zanja,El primer evento no fue una colision con un vehiculo automotor en transporte,Not an Intersection,No fue interseccion,Sobre el lado de la calle,Ninguna,Oscuro sin iluminacion,Despejado,No,NO APLICA,2,6,2,15,1,20/10/2022,1
49,Utah,490298,1,1,1,0,35,SALT LAKE (35),2113,WEST VALLEY CITY,8,Agosto,10,2022,23,36,4000 W,6,Calle Local Municipalidad,Urbano,Colector Mayor,City or Municipal Highway Agency,0,Sin jurisdiccion especial,27,40.67870278,-111.9866806,Peaton,El primer evento no fue una colision con un vehiculo automotor en transporte,Not an Intersection,No fue interseccion,Sobre Acotamiento,Ninguna,Oscuro sin iluminacion,Nublado,No,NO APLICA,23,37,23,42,1,10/08/2022,1
49,Utah,490299,0,0,2,0,51,WASATCH (51),1130,MIDWAY,10,Octubre,16,2022,14,34,FR-114,8,Otro,Rural,Colector Menor,U.S. Forest Service,0,Sin jurisdiccion especial,17,40.44918889,-111.6070389,Volcadura,El primer evento no fue una colision con un vehiculo automotor en transporte,Not an Intersection,No fue interseccion,Sobre calle,Ninguna,Dia total,Despejado,No,NO APLICA,14,37,14,58,2,16/10/2022,7
49,Utah,490300,0,1,2,1,35,SALT LAKE (35),2113,WEST VALLEY CITY,12,Diciembre,3,2022,15,23,PARKWAY BLVD,6,Calle Local Municipalidad,Urbano,Arteria Menor,City or Municipal Highway Agency,0,Sin jurisdiccion especial,12,40.71215833,-111.9664167,Vehiculo Aparcado,El primer evento no fue una colision con un vehiculo automotor en transporte,Not an Intersection,No fue interseccion,Sobre Acotamiento,Ninguna,Dia total,Despejado,No,NO APLICA,15,24,15,27,2,03/12/2022,2
49,Utah,490301,0,0,3,0,35,SALT LAKE (35),2113,WEST VALLEY CITY,12,Diciembre,29,2022,13,47,SR-85,3,Highway estatal,Urbano,Arteria Principal,State Highway Agency,1,Sin jurisdiccion especial,203,40.68218056,-112.0302306,Vehiculo en movimiento,Angulo,Four-Way Intersection,Interseccion de 4 direcciones,Sobre calle,Ninguna,Dia total,Despejado,No,NO APLICA,13,47,13,51,1,29/12/2022,3
49,Utah,490302,0,0,1,0,47,UINTAH (47),2116,WHITEROCKS,10,Octubre,20,2022,3,0,11500 N,5,Calle Local - Pueblo,Rural,Colector Mayor,Town or Township Highway Agency,0,Sin jurisdiccion especial,37,40.468025,-109.9108167,Barda,El primer evento no fue una colision con un vehiculo automotor en transporte,Not an Intersection,No fue interseccion,Sobre el lado de la calle,Ninguna,Oscuro sin iluminacion,Reportado como desconocido,No,NO APLICA,9,1,9,15,2,20/10/2022,2
49,Utah,490303,0,0,5,0,35,SALT LAKE (35),2113,WEST VALLEY CITY,12,Diciembre,16,2022,15,11,SR-171,3,Highway estatal,Urbano,Arteria Principal,State Highway Agency,1,Sin jurisdiccion especial,76,40.69659444,-111.9489167,Vehiculo en movimiento,Frente a Detrás,Four-Way Intersection,Interseccion de 4 direcciones,Sobre calle,Ninguna,Dia total,Nublado,No,NO APLICA,15,11,15,18,1,16/12/2022,8
49,Utah,490304,0,0,4,3,49,UTAH (49),1390,OREM,12,Diciembre,5,2022,13,18,200 N,6,Calle Local Municipalidad,Urbano,Local,City or Municipal Highway Agency,0,Sin jurisdiccion especial,0,40.30086111,-111.6914194,Vehiculo Aparcado,El primer evento no fue una colision con un vehiculo automotor en transporte,Not an Intersection,No fue interseccion,En estacionamiento,Ninguna,Dia total,lluvia,No,NO APLICA,13,22,13,32,1,05/12/2022,1
49,Utah,490305,0,0,2,0,37,SAN JUAN (37),1200,MONTICELLO,12,Diciembre,21,2022,15,33,US-491,2,US Highway,Rural,Arteria Principal,State Highway Agency,1,Sin jurisdiccion especial,116,37.84352222,-109.1361917,Vehiculo en movimiento,Frente a frente,Four-Way Intersection,Interseccion de 4 direcciones,Sobre calle,Ninguna,Dia total,Despejado,No,NO APLICA,15,40,15,50,1,21/12/2022,3
49,Utah,490306,1,1,1,0,35,SALT LAKE (35),1240,MURRAY,12,Diciembre,28,2022,20,51,US-89,2,US Highway,Urbano,Arteria Principal,State Highway Agency,1,Sin jurisdiccion especial,3723,40.66615,-111.8883917,Peaton,El primer evento no fue una colision con un vehiculo automotor en transporte,Not an Intersection,No fue interseccion,Sobre calle,Ninguna,Oscuro con iluminacion,Nublado,No,NO APLICA,20,52,20,54,1,28/12/2022,2
49,Utah,490307,2,2,1,0,15,EMERY (15),270,CLEVELAND,5,Mayo,22,2022,21,21,FLAT RD,5,Calle Local - Pueblo,Rural,Colector Menor,Town or Township Highway Agency,0,Sin jurisdiccion especial,5,39.34005278,-110.873125,Peaton,El primer evento no fue una colision con un vehiculo automotor en transporte,Not an Intersection,No fue interseccion,Sobre el lado de la calle,Ninguna,Reportada como desconocida,Reportado como desconocido,No,NO APLICA,21,24,21,36,1,22/05/2022,1
50,Vermont,500001,1,1,1,0,17,ORANGE (17),656,THETFORD CENTER,1,Enero,6,2022,8,3,TH-5 LATHAM RD,5,Calle Local - Pueblo,Rural,Local,Town or Township Highway Agency,0,Sin jurisdiccion especial,99999,43.828675,-72.206175,Peaton,El primer evento no fue una colision con un vehiculo automotor en transporte,Not an Intersection,No fue interseccion,Sobre Acotamiento,Ninguna,Dia total,Despejado,No,NO APLICA,8,2,8,14,1,06/01/2022,2
50,Vermont,500002,0,0,3,0,5,CALEDONIA (5),676,WALDEN,1,Enero,10,2022,8,50,SR-15,3,Highway estatal,Rural,Arteria Menor,State Highway Agency,0,Sin jurisdiccion especial,21,44.46699722,-72.27116389,Vehiculo en movimiento,Frente a frente,T-Intersection,Interseccion de T,Sobre calle,Ninguna,Dia total,Despejado,No,NO APLICA,8,47,9,9,1,10/01/2022,3
50,Vermont,500003,0,0,1,0,11,FRANKLIN (11),612,SHELDON,1,Enero,27,2022,15,59,SR-105,3,Highway estatal,Rural,Arteria Menor,State Highway Agency,0,Sin jurisdiccion especial,79,44.91011111,-72.88193611,Arbol,El primer evento no fue una colision con un vehiculo automotor en transporte,Not an Intersection,No fue interseccion,Sobre el lado de la calle,Ninguna,Dia total,Despejado,No,NO APLICA,15,55,16,2,1,27/01/2022,5
50,Vermont,500004,0,0,1,0,3,BENNINGTON (3),70,BENNINGTON,1,Enero,28,2022,11,5,TH-26 SILK ROAD,5,Calle Local - Pueblo,Rural,Local,Town or Township Highway Agency,0,Sin jurisdiccion especial,99999,42.89787222,-73.22428889,Arbol,El primer evento no fue una colision con un vehiculo automotor en transporte,Not an Intersection,No fue interseccion,Sobre el lado de la calle,Ninguna,Dia total,Nublado,No,NO APLICA,11,6,11,11,1,28/01/2022,1
50,Vermont,500005,0,0,2,0,5,CALEDONIA (5),240,HARDWICK,2,Febrero,5,2022,13,1,SR-15,3,Highway estatal,Rural,Arteria Menor,State Highway Agency,0,Sin jurisdiccion especial,52,44.50173333,-72.33268889,Vehiculo en movimiento,Angulo,Not an Intersection,No fue interseccion,Sobre calle,Ninguna,Dia total,Vientos cruzados pero de los mamalones,No,NO APLICA,12,46,13,5,1,05/02/2022,4
50,Vermont,500006,0,0,4,2,1,ADDISON (1),471,ORWELL,2,Febrero,8,2022,9,38,SR-22A,3,Highway estatal,Rural,Arteria Menor,State Highway Agency,0,Sin jurisdiccion especial,32,43.80361111,-73.30508056,Vehiculo en movimiento,Angulo,Four-Way Intersection,Interseccion de 4 direcciones,Sobre calle,Ninguna,Dia total,Nublado,No,NO APLICA,9,37,10,3,1,08/02/2022,2
50,Vermont,500007,0,0,1,0,15,LAMOILLE (15),140,CAMBRIDGE,2,Febrero,9,2022,20,13,SR-108,3,Highway estatal,Rural,Colector Mayor,State Highway Agency,0,Sin jurisdiccion especial,46,44.59431389,-72.80059167,Otro objeto (fijo),El primer evento no fue una colision con un vehiculo automotor en transporte,Not an Intersection,No fue interseccion,Sobre el lado de la calle,Ninguna,Oscuro sin iluminacion,Despejado,No,NO APLICA,20,10,20,23,1,09/02/2022,1
50,Vermont,500008,0,0,2,0,19,ORLEANS (19),9997,Other,2,Febrero,16,2022,20,46,SR-105,3,Highway estatal,Rural,Arteria Menor,State Highway Agency,0,Sin jurisdiccion especial,68,44.83879722,-71.9948,Vehiculo en movimiento,Frente a frente,Not an Intersection,No fue interseccion,Sobre calle,Ninguna,Oscuro sin iluminacion,Nublado,No,NO APLICA,20,52,21,7,2,16/02/2022,3
50,Vermont,500009,0,0,2,0,7,CHITTENDEN (7),370,MILTON,2,Febrero,25,2022,15,48,I-89,1,Interestatal,Urbano,Interestatal,State Highway Agency,1,Sin jurisdiccion especial,1003,44.6217,-73.15568889,Vehiculo en movimiento,Frente a Detrás,Not an Intersection,No fue interseccion,Sobre calle,Ninguna,Dia total,Nieve,No,NO APLICA,15,53,16,1,1,25/02/2022,2
50,Vermont,500010,0,0,2,0,27,WINDSOR (27),150,CHESTER,3,Marzo,2,2022,20,45,SR-103,3,Highway estatal,Rural,Arteria Principal,State Highway Agency,0,Sin jurisdiccion especial,5,43.24020833,-72.56127778,Vehiculo en movimiento,Frente a frente,Not an Intersection,No fue interseccion,Sobre calle,Ninguna,Oscuro sin iluminacion,Despejado,No,NO APLICA,20,50,21,21,2,02/03/2022,4
50,Vermont,500011,1,1,1,0,23,WASHINGTON (23),40,BARRE,3,Marzo,10,2022,21,8,MC0206 WEBSTERVILLE RD,5,Calle Local - Pueblo,Rural,Colector Mayor,State Highway Agency,0,Sin jurisdiccion especial,20,44.15931111,-72.45591944,Peaton,El primer evento no fue una colision con un vehiculo automotor en transporte,Not an Intersection,No fue interseccion,Sobre calle,Ninguna,Oscuro sin iluminacion,Nublado,No,NO APLICA,21,13,21,25,1,10/03/2022,1
50,Vermont,500012,0,0,2,0,1,ADDISON (1),301,LEICESTER,3,Marzo,15,2022,15,24,US-7,2,US Highway,Rural,Arteria Principal,State Highway Agency,1,Sin jurisdiccion especial,14,43.86564444,-73.107475,Vehiculo en movimiento,Angulo,Four-Way Intersection,Interseccion de 4 direcciones,Sobre calle,Ninguna,Dia total,Nublado,No,NO APLICA,15,24,15,33,1,15/03/2022,2
50,Vermont,500013,0,0,1,0,23,WASHINGTON (23),71,BERLIN CORNERS,3,Marzo,27,2022,17,7,I-89,1,Interestatal,Rural,Interestatal,State Highway Agency,1,Sin jurisdiccion especial,477,44.17492222,-72.57544444,Poste o otros soportes,El primer evento no fue una colision con un vehiculo automotor en transporte,Not an Intersection,No fue interseccion,En el medio,Ninguna,Dia total,Nublado,No,NO APLICA,17,9,17,14,1,27/03/2022,1
50,Vermont,500014,0,0,1,0,17,ORANGE (17),540,RANDOLPH,4,Abril,4,2022,13,47,I-89 SB,1,Interestatal,Rural,Interestatal,State Highway Agency,1,Sin jurisdiccion especial,270,43.88971389,-72.61773056,Valla Ferrocarril,El primer evento no fue una colision con un vehiculo automotor en transporte,Not an Intersection,No fue interseccion,Sobre el lado de la calle,Ninguna,Dia total,Despejado,No,NO APLICA,13,48,14,3,1,04/04/2022,1
50,Vermont,500015,0,0,1,0,21,RUTLAND (21),580,RUTLAND,4,Abril,13,2022,20,54,FAU 3201 EAST PITTSFORD RD,6,Calle Local Municipalidad,Rural,Arteria Menor,Town or Township Highway Agency,0,Sin jurisdiccion especial,8,43.65059167,-72.97244444,Poste,El primer evento no fue una colision con un vehiculo automotor en transporte,Not an Intersection,No fue interseccion,Sobre el lado de la calle,Ninguna,Dia total,Despejado,No,NO APLICA,20,56,21,7,1,13/04/2022,1
50,Vermont,500016,0,0,2,0,21,RUTLAND (21),73,BENSON,4,Abril,18,2022,20,28,SR-22A,3,Highway estatal,Rural,Arteria Menor,State Highway Agency,0,Sin jurisdiccion especial,24,43.70422778,-73.29600556,Vehiculo en movimiento,Angulo,Four-Way Intersection,Interseccion de 4 direcciones,Sobre calle,Ninguna,Oscuro sin iluminacion,Nublado,No,NO APLICA,20,28,20,41,1,18/04/2022,2
50,Vermont,500017,0,0,1,0,3,BENNINGTON (3),515,POWNAL,4,Abril,19,2022,21,17,TH-23 WASHING BROOK RD,5,Calle Local - Pueblo,Rural,Local,Town or Township Highway Agency,0,Sin jurisdiccion especial,99999,42.80296111,-73.18902778,Arbol,El primer evento no fue una colision con un vehiculo automotor en transporte,Not an Intersection,No fue interseccion,Sobre el lado de la calle,Ninguna,Oscuro sin iluminacion,Despejado,No,NO APLICA,21,23,21,30,1,19/04/2022,1
50,Vermont,500018,0,0,1,0,17,ORANGE (17),540,RANDOLPH,4,Abril,25,2022,19,27,SR-66,3,Highway estatal,Rural,Colector Mayor,State Highway Agency,0,Sin jurisdiccion especial,68,43.94863056,-72.562075,Volcadura,El primer evento no fue una colision con un vehiculo automotor en transporte,Not an Intersection,No fue interseccion,Sobre el lado de la calle,Ninguna,Dia total,Despejado,No,NO APLICA,19,26,19,38,1,25/04/2022,1
50,Vermont,500019,0,0,1,0,7,CHITTENDEN (7),615,SHELBURNE,4,Abril,26,2022,14,58,FAU 5712 FALLS RD,6,Calle Local Municipalidad,Urbano,Colector Mayor,Town or Township Highway Agency,0,Sin jurisdiccion especial,4,44.37053056,-73.21586389,Valla Ferrocarril,El primer evento no fue una colision con un vehiculo automotor en transporte,Not an Intersection,No fue interseccion,Sobre el lado de la calle,Ninguna,Dia total,Despejado,No,NO APLICA,15,3,15,11,1,26/04/2022,1
50,Vermont,500020,0,0,2,0,19,ORLEANS (19),254,IRASBURG,4,Abril,28,2022,7,7,US-5,2,US Highway,Rural,Colector Mayor,State Highway Agency,0,Sin jurisdiccion especial,12,44.82175556,-72.22632222,Vehiculo en movimiento,Frente a frente,Not an Intersection,No fue interseccion,Sobre calle,Ninguna,Dia total,Nublado,No,NO APLICA,7,7,7,8,1,28/04/2022,2
50,Vermont,500021,0,0,2,0,11,FRANKLIN (11),612,SHELDON,5,Mayo,6,2022,12,35,SR-105,3,Highway estatal,Rural,Arteria Menor,State Highway Agency,0,Sin jurisdiccion especial,94,44.90882778,-72.85257778,Vehiculo en movimiento,Angulo,Not an Intersection,No fue interseccion,Sobre calle,Ninguna,Dia total,Despejado,No,NO APLICA,12,33,12,41,1,06/05/2022,2
50,Vermont,500022,0,0,2,0,11,FRANKLIN (11),373,MONTGOMERY,5,Mayo,7,2022,14,43,SR-118,3,Highway estatal,Rural,Colector Mayor,State Highway Agency,0,Sin jurisdiccion especial,82,44.90100556,-72.64335,Vehiculo en movimiento,Angulo,T-Intersection,Interseccion de T,Sobre calle,Ninguna,Dia total,Despejado,No,NO APLICA,14,43,14,55,1,07/05/2022,2
50,Vermont,500023,0,0,1,0,7,CHITTENDEN (7),155,COLCHESTER,5,Mayo,8,2022,18,14,I-89 NB,1,Interestatal,Urbano,Interestatal,State Highway Agency,1,Sin jurisdiccion especial,922,44.51376667,-73.19135833,Arbol,El primer evento no fue una colision con un vehiculo automotor en transporte,Not an Intersection,No fue interseccion,En el medio,Ninguna,Dia total,Despejado,No,NO APLICA,18,16,18,23,1,08/05/2022,1
50,Vermont,500024,0,0,2,0,19,ORLEANS (19),254,IRASBURG,5,Mayo,20,2022,14,34,SR-14,3,Highway estatal,Rural,Colector Mayor,State Highway Agency,0,Sin jurisdiccion especial,63,44.84823889,-72.27982778,Vehiculo en movimiento,Frente a frente,Not an Intersection,No fue interseccion,Sobre calle,Ninguna,Dia total,Despejado,No,NO APLICA,14,34,14,42,1,20/05/2022,3