Estado,Nombre de Estado,Numero de Caso,Peatones,Personas _no_vehiculos,Vehiculos automotores,Vehiculos estacionados,Condado,Nombre Condado,Ciudad,Nombre Ciudad,Mes,Nombre Mes,Dia,Año,Hora,Minuto,Calle,Ruta,Nombre Ruta,Rural o Urbanoo,Sistema Funcional,Dueño Calle,Sistema Nacional Carreteras,Jurisdiccion Especial,Milla,Latitud,Longitud,Causa del Accidente,Tipo de Accidente,Tipo Interseccion,Columna1,Lugar en la calle,Zona de Trabajo,Luz,Clima,Autobus Escolar,Cruce de Trenes,Hora Notificacion,Minuto Notificacion,Hora Llegada,Minuto Llegada,Decesos,Fecha,PersonaVehiculo
50,Vermont,500025,0,0,2,0,11,FRANKLIN (11),590,ST. ALBANS,5,Mayo,23,2022,18,13,I-89 NB,1,Interestatal,Rural,Interestatal,State Highway Agency,1,Sin jurisdiccion especial,1051,44.68612778,-73.12736389,Vehiculo en movimiento,Golpe Lateral - misma direccion,Not an Intersection,No fue interseccion,Sobre calle,Ninguna,Dia total,Despejado,No,NO APLICA,18,12,18,23,1,23/05/2022,2
50,Vermont,500026,1,1,1,0,15,LAMOILLE (15),290,JOHNSON,5,Mayo,24,2022,0,27,SR-15,3,Highway estatal,Rural,Arteria Menor,State Highway Agency,0,Sin jurisdiccion especial,44,44.6315,-72.67583333,Peaton,El primer evento no fue una colision con un vehiculo automotor en transporte,Not an Intersection,No fue interseccion,Sobre calle,Ninguna,Oscuro sin iluminacion,Despejado,No,NO APLICA,0,27,0,36,1,24/05/2022,1
50,Vermont,500027,0,0,2,0,17,ORANGE (17),764,WILLIAMSTOWN,5,Mayo,28,2022,9,2,SR-14,3,Highway estatal,Rural,Colector Mayor,State Highway Agency,0,Sin jurisdiccion especial,36,44.10976667,-72.54052778,Vehiculo en movimiento,Frente a frente,Not an Intersection,No fue interseccion,Sobre calle,Ninguna,Dia total,Despejado,No,NO APLICA,9,4,9,16,1,28/05/2022,2
50,Vermont,500028,0,0,1,0,17,ORANGE (17),764,WILLIAMSTOWN,6,Junio,2,2022,13,21,SR-64,3,Highway estatal,Rural,Colector Mayor,State Highway Agency,0,Sin jurisdiccion especial,30,44.11653889,-72.56102222,Volcadura,El primer evento no fue una colision con un vehiculo automotor en transporte,Not an Intersection,No fue interseccion,Sobre el lado de la calle,Ninguna,Dia total,Despejado,No,NO APLICA,13,24,13,31,2,02/06/2022,2
50,Vermont,500029,0,0,3,0,11,FRANKLIN (11),650,SWANTON,6,Junio,6,2022,14,50,SR-78,3,Highway estatal,Rural,Arteria Principal,State Highway Agency,0,Sin jurisdiccion especial,56,44.93370556,-73.13311944,Vehiculo en movimiento,Frente a Detrás,T-Intersection,Interseccion de T,Sobre calle,Ninguna,Dia total,Nublado,No,NO APLICA,14,47,14,56,1,06/06/2022,3
50,Vermont,500030,0,0,2,0,3,BENNINGTON (3),70,BENNINGTON,6,Junio,7,2022,17,11,US-7,2,US Highway,Rural,Arteria Principal,State Highway Agency,1,Sin jurisdiccion especial,67,42.92777222,-73.19976389,Vehiculo en movimiento,Golpe Lateral - misma direccion,Not an Intersection,No fue interseccion,Sobre calle,Ninguna,Dia total,Despejado,No,NO APLICA,17,12,17,19,1,07/06/2022,4
50,Vermont,500031,0,0,1,0,25,WINDHAM (25),223,GRAFTON,6,Junio,12,2022,16,33,TH-2 TOWNSHEND RD,5,Calle Local - Pueblo,Rural,Local,Town or Township Highway Agency,0,Sin jurisdiccion especial,99999,43.14345278,-72.62736111,Muro,El primer evento no fue una colision con un vehiculo automotor en transporte,Not an Intersection,No fue interseccion,Sobre el lado de la calle,Ninguna,Dia total,Despejado,No,NO APLICA,16,31,16,45,1,12/06/2022,1
50,Vermont,500032,0,0,1,0,27,WINDSOR (27),150,CHESTER,6,Junio,12,2022,18,20,SR-10,3,Highway estatal,Rural,Arteria Menor,State Highway Agency,0,Sin jurisdiccion especial,24,43.33049444,-72.56476389,Zanja,El primer evento no fue una colision con un vehiculo automotor en transporte,Not an Intersection,No fue interseccion,Sobre el lado de la calle,Ninguna,Dia total,Despejado,No,NO APLICA,18,35,18,49,1,12/06/2022,1
50,Vermont,500033,0,0,2,0,3,BENNINGTON (3),515,POWNAL,6,Junio,13,2022,9,6,US-7,2,US Highway,Rural,Arteria Principal,State Highway Agency,1,Sin jurisdiccion especial,7,42.75372778,-73.21927222,Vehiculo en movimiento,Angulo,Not an Intersection,No fue interseccion,Sobre calle,Ninguna,Dia total,Despejado,No,NO APLICA,9,7,9,12,1,13/06/2022,2
50,Vermont,500034,0,0,1,0,25,WINDHAM (25),9997,Other,6,Junio,16,2022,12,22,I-91 NB,1,Interestatal,Rural,Interestatal,State Highway Agency,1,Sin jurisdiccion especial,147,42.92191944,-72.52650278,Volcadura,El primer evento no fue una colision con un vehiculo automotor en transporte,Not an Intersection,No fue interseccion,Sobre el lado de la calle,Construccion,Dia total,Nublado,No,NO APLICA,13,13,13,15,1,16/06/2022,1
50,Vermont,500035,0,0,1,0,5,CALEDONIA (5),600,ST. JOHNSBURY,6,Junio,16,2022,13,43,US-5,2,US Highway,Urbano,Arteria Menor,State Highway Agency,0,Sin jurisdiccion especial,2,44.39794722,-72.024925,Volcadura,El primer evento no fue una colision con un vehiculo automotor en transporte,Not an Intersection,No fue interseccion,Sobre calle,Ninguna,Dia total,Despejado,No,NO APLICA,13,44,13,51,1,16/06/2022,2
50,Vermont,500036,0,0,3,0,7,CHITTENDEN (7),155,COLCHESTER,6,Junio,22,2022,7,1,US-2,2,US Highway,Rural,Arteria Principal,State Highway Agency,0,Sin jurisdiccion especial,4,44.5988,-73.19977778,Vehiculo en movimiento,Angulo,Four-Way Intersection,Interseccion de 4 direcciones,Sobre calle,Ninguna,Dia total,Despejado,No,NO APLICA,7,2,7,15,1,22/06/2022,3
50,Vermont,500037,0,0,2,0,19,ORLEANS (19),50,ORLEANS,7,Julio,3,2022,11,48,SR-58,3,Highway estatal,Rural,Colector Mayor,State Highway Agency,0,Sin jurisdiccion especial,23,44.80561944,-72.17130556,Vehiculo en movimiento,Frente a frente,Not an Intersection,No fue interseccion,Sobre calle,Ninguna,Dia total,Despejado,No,NO APLICA,11,48,11,54,1,03/07/2022,3
50,Vermont,500038,0,0,1,0,19,ORLEANS (19),170,DERBY CENTER,7,Julio,3,2022,16,46,FAS 0319 BEEBE RD,5,Calle Local - Pueblo,Rural,Colector Mayor,Town or Township Highway Agency,0,Sin jurisdiccion especial,19,44.99060833,-72.13006667,Arbol,El primer evento no fue una colision con un vehiculo automotor en transporte,Not an Intersection,No fue interseccion,Sobre el lado de la calle,Ninguna,Dia total,Despejado,No,NO APLICA,16,46,16,53,1,03/07/2022,1
50,Vermont,500039,0,0,1,0,7,CHITTENDEN (7),570,RICHMOND,7,Julio,14,2022,18,4,I-89 NB,1,Interestatal,Rural,Interestatal,State Highway Agency,1,Sin jurisdiccion especial,785,44.42369444,-73.01241111,Valla Ferrocarril,El primer evento no fue una colision con un vehiculo automotor en transporte,Not an Intersection,No fue interseccion,Sobre el lado de la calle,Ninguna,Dia total,Despejado,No,NO APLICA,18,3,18,10,1,14/07/2022,1
50,Vermont,500040,0,0,1,0,21,RUTLAND (21),73,BENSON,7,Julio,17,2022,16,14,TH-1 HULETT RD,5,Calle Local - Pueblo,Rural,Local,Town or Township Highway Agency,0,Sin jurisdiccion especial,99999,43.71232778,-73.30790278,Arbol,El primer evento no fue una colision con un vehiculo automotor en transporte,Not an Intersection,No fue interseccion,Sobre el lado de la calle,Ninguna,Dia total,Despejado,No,NO APLICA,4,0,4,12,1,17/07/2022,1
50,Vermont,500041,0,0,2,0,15,LAMOILLE (15),202,EDEN,7,Julio,19,2022,17,17,SR-100,3,Highway estatal,Rural,Arteria Menor,State Highway Agency,0,Sin jurisdiccion especial,42,44.71365556,-72.52100556,Vehiculo en movimiento,Frente a frente,Not an Intersection,No fue interseccion,Sobre calle,Ninguna,Dia total,Despejado,No,NO APLICA,17,17,17,29,1,19/07/2022,2
50,Vermont,500042,0,0,1,0,21,RUTLAND (21),151,CLARENDON,7,Julio,22,2022,19,40,TH-4 COLD RIVER ROAD,5,Calle Local - Pueblo,Rural,Colector Menor,Town or Township Highway Agency,0,Sin jurisdiccion especial,99999,43.56187778,-72.939375,Arbol,El primer evento no fue una colision con un vehiculo automotor en transporte,Not an Intersection,No fue interseccion,Sobre el lado de la calle,Ninguna,Atardecer,Despejado,No,NO APLICA,19,42,19,50,1,22/07/2022,1
50,Vermont,500043,0,0,1,0,27,WINDSOR (27),37,BARNARD,7,Julio,29,2022,12,41,TH-1 STAGE ROAD,5,Calle Local - Pueblo,Rural,Colector Menor,Town or Township Highway Agency,0,Sin jurisdiccion especial,99999,43.72573056,-72.60981667,Alguien se cayo/avento del vehiculo,El primer evento no fue una colision con un vehiculo automotor en transporte,Not an Intersection,No fue interseccion,Sobre el lado de la calle,Ninguna,Dia total,Despejado,No,NO APLICA,12,40,12,55,1,29/07/2022,1
50,Vermont,500044,0,0,1,0,11,FRANKLIN (11),243,HIGHGATE CENTER,8,Agosto,10,2022,0,51,SR-78,3,Highway estatal,Rural,Colector Mayor,State Highway Agency,0,Sin jurisdiccion especial,8,44.93327778,-73.08373889,Volcadura,El primer evento no fue una colision con un vehiculo automotor en transporte,Not an Intersection,No fue interseccion,Sobre el lado de la calle,Ninguna,Oscuro - iluminacion desconocida,Despejado,No,NO APLICA,0,53,1,1,1,10/08/2022,1
50,Vermont,500045,0,0,1,0,1,ADDISON (1),2,ADDISON,8,Agosto,12,2022,15,21,TH-24 TOWN LINE ROAD,5,Calle Local - Pueblo,Rural,Local,Town or Township Highway Agency,0,Sin jurisdiccion especial,99999,44.02517222,-73.35656111,Volcadura,El primer evento no fue una colision con un vehiculo automotor en transporte,Not an Intersection,No fue interseccion,Sobre calle,Ninguna,Dia total,Despejado,No,NO APLICA,15,25,15,43,1,12/08/2022,1
50,Vermont,500046,0,0,2,0,11,FRANKLIN (11),612,SHELDON,8,Agosto,15,2022,9,19,SR-105,3,Highway estatal,Rural,Arteria Menor,State Highway Agency,0,Sin jurisdiccion especial,86,44.91130833,-72.86788056,Vehiculo en movimiento,Frente a frente,Not an Intersection,No fue interseccion,Sobre calle,Ninguna,Dia total,Despejado,No,NO APLICA,9,22,9,28,1,15/08/2022,2
50,Vermont,500047,0,0,1,0,17,ORANGE (17),111,BROOKFIELD,8,Agosto,16,2022,14,0,I-89 SB,1,Interestatal,Rural,Interestatal,State Highway Agency,1,Sin jurisdiccion especial,376,44.04147778,-72.61081111,Otro objeto (fijo),El primer evento no fue una colision con un vehiculo automotor en transporte,Not an Intersection,No fue interseccion,Sobre el lado de la calle,Ninguna,Dia total,lluvia,No,NO APLICA,13,59,13,59,1,16/08/2022,3
50,Vermont,500048,0,0,1,0,11,FRANKLIN (11),590,ST. ALBANS,8,Agosto,19,2022,9,35,TH-36 HIGHGATE RD,5,Calle Local - Pueblo,Rural,Local,Town or Township Highway Agency,0,Sin jurisdiccion especial,99999,44.84581111,-73.07904722,Alguien se cayo/avento del vehiculo,El primer evento no fue una colision con un vehiculo automotor en transporte,Not an Intersection,No fue interseccion,Sobre calle,Ninguna,Dia total,Despejado,No,NO APLICA,9,31,9,37,1,19/08/2022,3
50,Vermont,500049,0,0,1,0,11,FRANKLIN (11),590,ST. ALBANS,8,Agosto,21,2022,13,0,MINC0786 MAQUAM SHORE RD,5,Calle Local - Pueblo,Rural,Colector Menor,Town or Township Highway Agency,0,Sin jurisdiccion especial,99999,44.84243611,-73.18236944,Arbol,El primer evento no fue una colision con un vehiculo automotor en transporte,Not an Intersection,No fue interseccion,Sobre el lado de la calle,Ninguna,Dia total,Despejado,No,NO APLICA,13,27,13,45,1,21/08/2022,1
50,Vermont,500050,0,0,1,0,21,RUTLAND (21),395,MOUNT HOLLY,8,Agosto,23,2022,18,37,TH-20 GATES RD,5,Calle Local - Pueblo,Rural,Local,Town or Township Highway Agency,0,Sin jurisdiccion especial,99999,43.43385,-72.82883611,Arbol,El primer evento no fue una colision con un vehiculo automotor en transporte,Not an Intersection,No fue interseccion,Sobre el lado de la calle,Ninguna,Atardecer,lluvia,No,NO APLICA,20,55,21,2,1,23/08/2022,1
50,Vermont,500051,1,1,1,0,21,RUTLAND (21),580,RUTLAND,8,Agosto,26,2022,20,24,US-7,2,US Highway,Urbano,Arteria Principal,State Highway Agency,1,Sin jurisdiccion especial,10,43.58904167,-72.96866944,Peaton,El primer evento no fue una colision con un vehiculo automotor en transporte,Not an Intersection,No fue interseccion,Sobre calle,Ninguna,Oscuro con iluminacion,lluvia,No,NO APLICA,20,24,20,28,1,26/08/2022,1
50,Vermont,500052,0,0,2,0,15,LAMOILLE (15),290,JOHNSON,8,Agosto,27,2022,20,13,SR-15,3,Highway estatal,Rural,Arteria Menor,State Highway Agency,0,Sin jurisdiccion especial,8,44.64726944,-72.73733333,Vehiculo en movimiento,Angulo,Not an Intersection,No fue interseccion,Sobre calle,Ninguna,Dia total,Despejado,No,NO APLICA,18,13,18,25,1,27/08/2022,3
50,Vermont,500053,0,0,1,0,19,ORLEANS (19),303,LOWELL,8,Agosto,27,2022,22,17,SR-58,3,Highway estatal,Rural,Colector Mayor,State Highway Agency,0,Sin jurisdiccion especial,2,44.80044444,-72.442875,Valla Ferrocarril,El primer evento no fue una colision con un vehiculo automotor en transporte,Not an Intersection,No fue interseccion,Sobre el lado de la calle,Ninguna,Oscuro sin iluminacion,Despejado,No,NO APLICA,22,17,22,35,1,27/08/2022,2
50,Vermont,500054,0,0,2,0,11,FRANKLIN (11),9997,Other,9,Septiembre,2,2022,17,31,SR-105,3,Highway estatal,Rural,Colector Menor,State Highway Agency,0,Sin jurisdiccion especial,22,44.95012222,-72.70366667,Vehiculo en movimiento,Angulo,Not an Intersection,No fue interseccion,Sobre calle,Ninguna,Dia total,Despejado,No,NO APLICA,17,31,17,35,1,02/09/2022,4
50,Vermont,500055,0,0,2,0,3,BENNINGTON (3),515,POWNAL,9,Septiembre,3,2022,14,19,US-7,2,US Highway,Rural,Arteria Principal,State Highway Agency,1,Sin jurisdiccion especial,35,42.78648889,-73.241225,Vehiculo en movimiento,Angulo,Not an Intersection,No fue interseccion,Sobre calle,Ninguna,Dia total,Despejado,No,NO APLICA,14,20,14,22,1,03/09/2022,6
50,Vermont,500056,0,0,1,0,3,BENNINGTON (3),605,SANDGATE,9,Septiembre,7,2022,16,1,TH-17 SE CORNERS RD,5,Calle Local - Pueblo,Rural,Local,Town or Township Highway Agency,0,Sin jurisdiccion especial,99999,43.12860833,-73.19029167,Arbol,El primer evento no fue una colision con un vehiculo automotor en transporte,Not an Intersection,No fue interseccion,Sobre el lado de la calle,Ninguna,Dia total,Nublado,No,NO APLICA,15,59,16,15,1,07/09/2022,1
50,Vermont,500057,0,0,2,0,21,RUTLAND (21),580,RUTLAND,9,Septiembre,19,2022,16,52,US-7,2,US Highway,Urbano,Arteria Principal,State Highway Agency,1,Sin jurisdiccion especial,17,43.63819444,-72.97603611,Vehiculo en movimiento,Angulo,T-Intersection,Interseccion de T,Sobre calle,Ninguna,Dia total,lluvia,No,NO APLICA,16,53,16,59,1,19/09/2022,2
50,Vermont,500058,0,0,1,0,5,CALEDONIA (5),600,ST. JOHNSBURY,9,Septiembre,20,2022,7,25,US-2,2,US Highway,Urbano,Arteria Principal,State Highway Agency,0,Sin jurisdiccion especial,56,44.42719167,-71.979175,Otro objeto (fijo),El primer evento no fue una colision con un vehiculo automotor en transporte,Not an Intersection,No fue interseccion,Sobre calle,Ninguna,Dia total,lluvia,No,NO APLICA,7,24,7,32,1,20/09/2022,1
50,Vermont,500059,0,0,1,0,5,CALEDONIA (5),609,SHEFFIELD,9,Septiembre,22,2022,19,36,TH-25 BLAKE POND RD,5,Calle Local - Pueblo,Rural,Local,Town or Township Highway Agency,0,Sin jurisdiccion especial,99999,44.61952778,-72.10533611,Arbol,El primer evento no fue una colision con un vehiculo automotor en transporte,Not an Intersection,No fue interseccion,Sobre el lado de la calle,Ninguna,Oscuro sin iluminacion,Despejado,No,NO APLICA,19,37,19,53,1,22/09/2022,1
50,Vermont,500060,0,0,1,0,7,CHITTENDEN (7),155,COLCHESTER,9,Septiembre,24,2022,6,10,TH-31 COLCHESTER POINT RD,6,Calle Local Municipalidad,Urbano,Local,Town or Township Highway Agency,0,Sin jurisdiccion especial,99999,44.54615278,-73.29404167,Arbol,El primer evento no fue una colision con un vehiculo automotor en transporte,Not an Intersection,No fue interseccion,Sobre el lado de la calle,Ninguna,Dia total,Despejado,No,NO APLICA,6,10,6,18,1,24/09/2022,2
50,Vermont,500061,0,0,2,0,19,ORLEANS (19),410,NEWPORT,10,Octubre,3,2022,17,31,SR-100,3,Highway estatal,Rural,Arteria Menor,State Highway Agency,0,Sin jurisdiccion especial,19,44.92010833,-72.31389444,Vehiculo en movimiento,Angulo,T-Intersection,Interseccion de T,Sobre calle,Ninguna,Dia total,Despejado,No,NO APLICA,17,32,17,42,1,03/10/2022,4
50,Vermont,500062,0,0,2,0,11,FRANKLIN (11),612,SHELDON,10,Octubre,9,2022,22,51,SR-105,3,Highway estatal,Rural,Arteria Menor,State Highway Agency,0,Sin jurisdiccion especial,58,44.90799167,-72.92143611,Animal vivo,El primer evento no fue una colision con un vehiculo automotor en transporte,Not an Intersection,No fue interseccion,Sobre calle,Ninguna,Oscuro sin iluminacion,Neblina o Humo,No,NO APLICA,22,57,23,6,1,09/10/2022,3
50,Vermont,500063,1,1,1,0,7,CHITTENDEN (7),615,SHELBURNE,10,Octubre,12,2022,19,22,US-7,2,US Highway,Urbano,Arteria Principal,State Highway Agency,1,Sin jurisdiccion especial,21,44.38289444,-73.22670556,Peaton,El primer evento no fue una colision con un vehiculo automotor en transporte,T-Intersection,Interseccion de T,Sobre calle,Ninguna,Oscuro con iluminacion,Despejado,No,NO APLICA,19,23,19,26,1,12/10/2022,2
50,Vermont,500064,1,1,1,0,7,CHITTENDEN (7),620,SOUTH BURLINGTON,10,Octubre,15,2022,12,16,SR-116,3,Highway estatal,Urbano,Arteria Principal,State Highway Agency,0,Sin jurisdiccion especial,15,44.43269444,-73.15643611,Ciclista,El primer evento no fue una colision con un vehiculo automotor en transporte,Not an Intersection,No fue interseccion,Sobre el lado de la calle,Ninguna,Dia total,Despejado,No,NO APLICA,12,17,12,24,1,15/10/2022,1
50,Vermont,500065,0,0,2,0,11,FRANKLIN (11),612,SHELDON,10,Octubre,24,2022,17,28,SR-105,3,Highway estatal,Rural,Arteria Menor,State Highway Agency,0,Sin jurisdiccion especial,10,44.89701667,-73.00820833,Vehiculo en movimiento,Frente a Detrás,Four-Way Intersection,Interseccion de 4 direcciones,Sobre calle,Ninguna,Dia total,Despejado,No,NO APLICA,17,27,17,36,1,24/10/2022,3
50,Vermont,500066,0,0,1,0,27,WINDSOR (27),241,HARTLAND,10,Octubre,30,2022,17,31,TH-2 QUECHEE RD,5,Calle Local - Pueblo,Rural,Colector Menor,Town or Township Highway Agency,0,Sin jurisdiccion especial,99999,43.61516944,-72.40725,Arbol,El primer evento no fue una colision con un vehiculo automotor en transporte,Not an Intersection,No fue interseccion,Sobre el lado de la calle,Ninguna,Dia total,Despejado,No,NO APLICA,17,29,17,39,1,30/10/2022,1
50,Vermont,500067,0,0,1,0,3,BENNINGTON (3),330,MANCHESTER DEPOT,11,Noviembre,6,2022,21,8,SR-7A,3,Highway estatal,Rural,Colector Mayor,State Highway Agency,0,Sin jurisdiccion especial,20,43.14590833,-73.08902778,Muro,El primer evento no fue una colision con un vehiculo automotor en transporte,Not an Intersection,No fue interseccion,Sobre el lado de la calle,Ninguna,Oscuro sin iluminacion,Despejado,No,NO APLICA,21,8,21,15,1,06/11/2022,1
50,Vermont,500068,0,0,1,0,27,WINDSOR (27),608,SHARON,11,Noviembre,17,2022,15,22,I-89 SB,1,Interestatal,Rural,Interestatal,State Highway Agency,1,Sin jurisdiccion especial,126,43.77781667,-72.44482222,Otro objeto (fijo),El primer evento no fue una colision con un vehiculo automotor en transporte,Not an Intersection,No fue interseccion,En el medio,Ninguna,Dia total,Despejado,No,NO APLICA,15,23,15,40,1,17/11/2022,4
50,Vermont,500069,0,0,2,0,15,LAMOILLE (15),390,MORRISVILLE,11,Noviembre,27,2022,9,45,SR-100,3,Highway estatal,Rural,Arteria Menor,State Highway Agency,0,Sin jurisdiccion especial,12,44.51133056,-72.62440278,Vehiculo en movimiento,Angulo,T-Intersection,Interseccion de T,Sobre calle,Ninguna,Dia total,Despejado,No,NO APLICA,9,44,9,54,1,27/11/2022,2
50,Vermont,500070,0,0,2,0,25,WINDHAM (25),100,BRATTLEBORO,11,Noviembre,30,2022,9,57,SR-142,3,Highway estatal,Urbano,Arteria Menor,State Highway Agency,0,Sin jurisdiccion especial,17,42.84616111,-72.55352778,Vehiculo en movimiento,Angulo,T-Intersection,Interseccion de T,Sobre calle,Ninguna,Dia total,lluvia,No,NO APLICA,10,13,10,13,1,30/11/2022,2
50,Vermont,500071,0,0,1,0,23,WASHINGTON (23),187,EAST MONTPELIER,12,Diciembre,8,2022,15,22,SR-14,3,Highway estatal,Rural,Arteria Menor,State Highway Agency,0,Sin jurisdiccion especial,48,44.29584722,-72.45575556,Arbol,El primer evento no fue una colision con un vehiculo automotor en transporte,Not an Intersection,No fue interseccion,Sobre el lado de la calle,Ninguna,Dia total,Despejado,No,NO APLICA,15,27,15,42,1,08/12/2022,2
50,Vermont,500072,0,0,2,0,5,CALEDONIA (5),676,WALDEN,12,Diciembre,12,2022,14,10,SR-15,3,Highway estatal,Rural,Arteria Menor,State Highway Agency,0,Sin jurisdiccion especial,55,44.44558889,-72.22323889,Valla Ferrocarril,El primer evento no fue una colision con un vehiculo automotor en transporte,Not an Intersection,No fue interseccion,Sobre el lado de la calle,Ninguna,Dia total,Despejado,No,NO APLICA,14,15,14,22,1,12/12/2022,2
50,Vermont,500073,1,1,1,0,7,CHITTENDEN (7),370,MILTON,12,Diciembre,14,2022,18,58,US-7,2,US Highway,Urbano,Arteria Principal,State Highway Agency,0,Sin jurisdiccion especial,3,44.60017222,-73.162825,Peaton,El primer evento no fue una colision con un vehiculo automotor en transporte,Not an Intersection,No fue interseccion,Sobre calle,Ninguna,Oscuro sin iluminacion,Nublado,No,NO APLICA,19,1,19,5,1,14/12/2022,1
51,Virginia,510001,1,1,1,0,117,MECKLENBURG (117),0,NO APLICA,1,Enero,1,2022,16,22,US-58,2,US Highway,Rural,Arteria Principal,State Highway Agency,1,Sin jurisdiccion especial,3586,36.66221944,-78.40886389,Ciclista,El primer evento no fue una colision con un vehiculo automotor en transporte,Four-Way Intersection,Interseccion de 4 direcciones,Sobre calle,Ninguna,Dia total,No reportado,No,NO APLICA,99,98,99,98,1,01/01/2022,5
51,Virginia,510002,0,0,2,0,177,SPOTSYLVANIA (177),0,NO APLICA,1,Enero,1,2022,14,55,SR-208/LAKE ANNA PKWY,3,Highway estatal,Rural,Arteria Menor,State Highway Agency,0,Sin jurisdiccion especial,370,38.17428056,-77.63211944,Vehiculo en movimiento,Frente a Detrás,T-Intersection,Interseccion de T,Sobre calle,Ninguna,Dia total,lluvia,No,NO APLICA,99,99,99,99,1,01/01/2022,3
51,Virginia,510003,1,1,2,0,73,GLOUCESTER (73),0,NO APLICA,1,Enero,2,2022,18,35,CR-614,4,Calle del Condado,Rural,Colector Mayor,State Highway Agency,0,Sin jurisdiccion especial,101,37.36420833,-76.56726389,Vehiculo en movimiento,Golpe Lateral - direccion contraria,Not an Intersection,No fue interseccion,Sobre el lado de la calle,Ninguna,Oscuro sin iluminacion,No reportado,No,NO APLICA,99,99,99,99,1,02/01/2022,2
51,Virginia,510004,0,0,1,0,153,PRINCE WILLIAM (153),0,NO APLICA,1,Enero,2,2022,1,11,I-95,1,Interestatal,Urbano,Interestatal,State Highway Agency,1,Sin jurisdiccion especial,2,38.62648056,-77.29340278,Barrera de Trafico de Concreto,El primer evento no fue una colision con un vehiculo automotor en transporte,Not an Intersection,No fue interseccion,Separador,Ninguna,Oscuro sin iluminacion,lluvia,No,NO APLICA,99,98,99,98,1,02/01/2022,1
51,Virginia,510005,0,0,1,0,155,PULASKI (155),0,NO APLICA,1,Enero,5,2022,1,0,SR-100/CLEBURNE BLVD,3,Highway estatal,Rural,Arteria Menor,State Highway Agency,0,Sin jurisdiccion especial,353,37.18236389,-80.72066944,Otro objeto (fijo),El primer evento no fue una colision con un vehiculo automotor en transporte,Not an Intersection,No fue interseccion,Sobre el lado de la calle,Ninguna,Oscuro sin iluminacion,No reportado,No,NO APLICA,99,99,99,99,1,05/01/2022,1
51,Virginia,510006,0,0,2,0,171,SHENANDOAH (171),2370,STRASBURG,1,Enero,3,2022,16,45,SR-55/FRONT ROYAL RD,3,Highway estatal,Rural,Arteria Menor,State Highway Agency,0,Sin jurisdiccion especial,168,38.98429444,-78.34834444,Vehiculo en movimiento,Frente a frente,Not an Intersection,No fue interseccion,Sobre calle,Ninguna,Dia total,No reportado,No,NO APLICA,99,99,99,99,1,03/01/2022,2
51,Virginia,510007,0,0,1,0,139,PAGE (139),0,NO APLICA,1,Enero,5,2022,13,55,US-340,2,US Highway,Rural,Colector Mayor,State Highway Agency,0,Sin jurisdiccion especial,13,38.58651944,-78.54576111,Zanja,El primer evento no fue una colision con un vehiculo automotor en transporte,Not an Intersection,No fue interseccion,Sobre el lado de la calle,Ninguna,Dia total,No reportado,No,NO APLICA,99,98,99,98,1,05/01/2022,1
51,Virginia,510008,0,0,1,0,89,HENRY (89),0,NO APLICA,1,Enero,8,2022,0,30,CR-681,4,Calle del Condado,Rural,Local,State Highway Agency,0,Sin jurisdiccion especial,3,36.71434167,-80.01926389,Arbol,El primer evento no fue una colision con un vehiculo automotor en transporte,Not an Intersection,No fue interseccion,Sobre el lado de la calle,Ninguna,Oscuro sin iluminacion,No reportado,No,NO APLICA,99,98,99,98,1,08/01/2022,1
51,Virginia,510009,0,0,1,0,550,CHESAPEAKE(CITY) (550),468,CHESAPEAKE,1,Enero,2,2022,13,16,I-264,1,Interestatal,Urbano,Interestatal,State Highway Agency,1,Sin jurisdiccion especial,9,36.79292222,-76.39084444,Poste o otros soportes,El primer evento no fue una colision con un vehiculo automotor en transporte,Not an Intersection,No fue interseccion,Sobre el lado de la calle,Ninguna,Dia total,No reportado,No,NO APLICA,99,99,99,99,1,02/01/2022,1
51,Virginia,510010,0,0,1,0,43,CLARKE (43),0,NO APLICA,1,Enero,8,2022,16,40,US-522,2,US Highway,Rural,Arteria Menor,State Highway Agency,0,Sin jurisdiccion especial,1272,39.05293333,-78.14212778,Barda,El primer evento no fue una colision con un vehiculo automotor en transporte,Not an Intersection,No fue interseccion,Sobre el lado de la calle,Ninguna,Dia total,No reportado,No,NO APLICA,99,99,99,99,1,08/01/2022,2
51,Virginia,510011,0,0,2,0,540,CHARLOTTESVILLE(CITY) (540),440,CHARLOTTESVILLE,1,Enero,1,2022,22,7,CR-3405,6,Calle Local Municipalidad,Urbano,Arteria Principal,City or Municipal Highway Agency,0,Sin jurisdiccion especial,11,38.02378056,-78.49206944,Vehiculo en movimiento,Golpe Lateral - misma direccion,Not an Intersection,No fue interseccion,Sobre calle,Ninguna,Oscuro sin iluminacion,No reportado,No,NO APLICA,99,99,99,99,1,01/01/2022,3
51,Virginia,510012,0,0,2,0,19,BEDFORD (19),0,NO APLICA,1,Enero,7,2022,21,7,US-460,2,US Highway,Rural,Arteria Principal,State Highway Agency,1,Sin jurisdiccion especial,1954,37.30489444,-79.31576667,Vehiculo en movimiento,Angulo,Not an Intersection,No fue interseccion,Sobre calle,Ninguna,Oscuro sin iluminacion,No reportado,No,NO APLICA,99,98,99,98,1,07/01/2022,3
51,Virginia,510013,0,0,2,0,171,SHENANDOAH (171),0,NO APLICA,1,Enero,10,2022,12,35,I-81,1,Interestatal,Rural,Interestatal,State Highway Agency,1,Sin jurisdiccion especial,2966,39.00719722,-78.37356667,Vehiculo en movimiento,Frente a frente,Not an Intersection,No fue interseccion,Sobre calle,Ninguna,Dia total,No reportado,No,NO APLICA,99,99,99,99,1,10/01/2022,2