Estado,Nombre de Estado,Numero de Caso,Peatones,Personas _no_vehiculos,Vehiculos automotores,Vehiculos estacionados,Condado,Nombre Condado,Ciudad,Nombre Ciudad,Mes,Nombre Mes,Dia,Año,Hora,Minuto,Calle,Ruta,Nombre Ruta,Rural o Urbanoo,Sistema Funcional,Dueño Calle,Sistema Nacional Carreteras,Jurisdiccion Especial,Milla,Latitud,Longitud,Causa del Accidente,Tipo de Accidente,Tipo Interseccion,Columna1,Lugar en la calle,Zona de Trabajo,Luz,Clima,Autobus Escolar,Cruce de Trenes,Hora Notificacion,Minuto Notificacion,Hora Llegada,Minuto Llegada,Decesos,Fecha,PersonaVehiculo
51,Virginia,510014,0,0,2,0,1,ACCOMACK (1),0,NO APLICA,1,Enero,9,2022,21,30,CR-718,4,Calle del Condado,Rural,Local,State Highway Agency,0,Sin jurisdiccion especial,27,37.67953056,-75.75839167,Vehiculo en movimiento,Frente a frente,Not an Intersection,No fue interseccion,Sobre calle,Ninguna,Oscuro sin iluminacion,lluvia,No,NO APLICA,99,99,99,99,1,09/01/2022,2
51,Virginia,510015,0,0,1,0,119,MIDDLESEX (119),0,NO APLICA,1,Enero,11,2022,21,0,CR-614,4,Calle del Condado,Rural,Local,State Highway Agency,0,Sin jurisdiccion especial,6,37.62824722,-76.63993611,Arbol,El primer evento no fue una colision con un vehiculo automotor en transporte,Not an Intersection,No fue interseccion,Sobre el lado de la calle,Ninguna,Oscuro sin iluminacion,No reportado,No,NO APLICA,99,98,99,98,1,11/01/2022,1
51,Virginia,510016,0,0,2,0,83,HALIFAX (83),0,NO APLICA,1,Enero,12,2022,13,51,US-360,2,US Highway,Rural,Arteria Principal,State Highway Agency,1,Sin jurisdiccion especial,358,36.7468,-78.84090556,Vehiculo en movimiento,Angulo,Four-Way Intersection,Interseccion de 4 direcciones,Sobre calle,Ninguna,Dia total,No reportado,No,NO APLICA,99,99,99,99,1,12/01/2022,3
51,Virginia,510017,0,0,4,0,177,SPOTSYLVANIA (177),0,NO APLICA,1,Enero,12,2022,10,55,SR-3/PLANK RD,3,Highway estatal,Urbano,Arteria Principal,State Highway Agency,0,Sin jurisdiccion especial,312,38.29398056,-77.51871944,Vehiculo en movimiento,Angulo,Four-Way Intersection,Interseccion de 4 direcciones,Sobre calle,Ninguna,Dia total,No reportado,No,NO APLICA,99,99,99,99,2,12/01/2022,6
51,Virginia,510018,0,0,1,0,3,ALBEMARLE (3),1024,FREE UNION,1,Enero,15,2022,10,56,CR-601,4,Calle del Condado,Rural,Colector Mayor,State Highway Agency,0,Sin jurisdiccion especial,92,38.15065278,-78.55948889,Arbol,El primer evento no fue una colision con un vehiculo automotor en transporte,Not an Intersection,No fue interseccion,Sobre el lado de la calle,Ninguna,Dia total,No reportado,No,NO APLICA,99,98,99,98,1,15/01/2022,1
51,Virginia,510019,0,0,1,0,9,AMHERST (9),0,NO APLICA,1,Enero,18,2022,2,20,CR-1013,4,Calle del Condado,Urbano,Local,State Highway Agency,0,Sin jurisdiccion especial,5,37.41100833,-79.118125,Arbol,El primer evento no fue una colision con un vehiculo automotor en transporte,Not an Intersection,No fue interseccion,Sobre el lado de la calle,Ninguna,Oscuro sin iluminacion,No reportado,No,NO APLICA,99,98,99,98,1,18/01/2022,1
51,Virginia,510020,0,0,1,0,191,WASHINGTON (191),0,NO APLICA,1,Enero,19,2022,14,50,CR-704,4,Calle del Condado,Rural,Colector Mayor,Unknown,0,Sin jurisdiccion especial,4,36.73670278,-81.89463889,Acotamiento,El primer evento no fue una colision con un vehiculo automotor en transporte,Not an Intersection,No fue interseccion,Sobre el lado de la calle,Ninguna,Dia total,lluvia,No,NO APLICA,99,98,99,98,1,19/01/2022,1
51,Virginia,510021,0,0,2,0,87,HENRICO (87),0,NO APLICA,1,Enero,18,2022,18,24,CR-7617,4,Calle del Condado,Urbano,Colector Mayor,County Highway Agency,0,Sin jurisdiccion especial,10,37.55992778,-77.35980278,Vehiculo en movimiento,Frente a frente,Not an Intersection,No fue interseccion,Sobre calle,Ninguna,Oscuro sin iluminacion,No reportado,No,NO APLICA,99,99,99,99,1,18/01/2022,4
51,Virginia,510022,0,0,2,0,125,NELSON (125),0,NO APLICA,1,Enero,14,2022,14,30,US-29,2,US Highway,Rural,Arteria Principal,State Highway Agency,1,Sin jurisdiccion especial,1056,37.75287222,-78.87607778,Vehiculo en movimiento,Angulo,Four-Way Intersection,Interseccion de 4 direcciones,Sobre calle,Ninguna,Dia total,No reportado,No,NO APLICA,99,99,99,99,1,14/01/2022,2
51,Virginia,510023,0,0,2,0,85,HANOVER (85),0,NO APLICA,1,Enero,1,2022,17,37,US-1,2,US Highway,Rural,Arteria Menor,State Highway Agency,0,Sin jurisdiccion especial,1161,37.86542778,-77.46456944,Vehiculo en movimiento,Angulo,Four-Way Intersection,Interseccion de 4 direcciones,Sobre calle,Ninguna,Oscuro sin iluminacion,lluvia,No,NO APLICA,99,99,99,99,1,01/01/2022,3
51,Virginia,510024,0,0,2,0,61,FAUQUIER (61),1568,MARSHALL,1,Enero,21,2022,18,51,US-17,2,US Highway,Rural,Colector Mayor,State Highway Agency,0,Sin jurisdiccion especial,3,38.86099722,-77.84756944,Vehiculo en movimiento,Frente a frente,Not an Intersection,No fue interseccion,Sobre calle,Ninguna,Oscuro sin iluminacion,No reportado,No,NO APLICA,99,99,99,99,1,21/01/2022,2
51,Virginia,510025,0,0,2,0,85,HANOVER (85),110,ASHLAND,1,Enero,23,2022,5,46,I-95,1,Interestatal,Urbano,Interestatal,State Highway Agency,1,Sin jurisdiccion especial,919,37.7569,-77.45895,Vehiculo en movimiento,Golpe Lateral - misma direccion,Not an Intersection,No fue interseccion,Sobre calle,Ninguna,Oscuro sin iluminacion,No reportado,No,NO APLICA,99,98,99,98,1,23/01/2022,3
51,Virginia,510026,0,0,2,0,31,CAMPBELL (31),0,NO APLICA,1,Enero,25,2022,6,38,US-29,2,US Highway,Rural,Arteria Principal,State Highway Agency,1,Sin jurisdiccion especial,604,37.23788889,-79.18598889,Vehiculo en movimiento,Angulo,Not an Intersection,No fue interseccion,Sobre calle,Ninguna,Oscuro sin iluminacion,No reportado,No,NO APLICA,99,98,99,98,1,25/01/2022,2
51,Virginia,510027,0,0,2,0,69,FREDERICK (69),0,NO APLICA,1,Enero,24,2022,17,53,US-114,2,US Highway,Rural,Colector Mayor,State Highway Agency,0,Sin jurisdiccion especial,3358,39.2496,-78.10163611,Vehiculo en movimiento,Frente a frente,Not an Intersection,No fue interseccion,Sobre calle,Ninguna,Oscuro sin iluminacion,No reportado,No,NO APLICA,99,99,99,99,1,24/01/2022,2
51,Virginia,510028,0,0,1,0,199,YORK (199),0,NO APLICA,1,Enero,27,2022,17,45,SR-238,3,Highway estatal,Rural,Arteria Principal,State Highway Agency,1,Sin jurisdiccion especial,67,37.22709167,-76.50053333,Arbol,El primer evento no fue una colision con un vehiculo automotor en transporte,Not an Intersection,No fue interseccion,Sobre el lado de la calle,Ninguna,Atardecer,No reportado,No,NO APLICA,99,98,99,98,1,27/01/2022,1
51,Virginia,510029,0,0,1,0,143,PITTSYLVANIA (143),0,NO APLICA,1,Enero,29,2022,19,17,CR-0670,4,Calle del Condado,Rural,Arteria Principal,State Highway Agency,1,Sin jurisdiccion especial,15,36.97317222,-79.31521389,Zanja,El primer evento no fue una colision con un vehiculo automotor en transporte,Not an Intersection,No fue interseccion,Sobre el lado de la calle,Ninguna,Oscuro sin iluminacion,No reportado,No,NO APLICA,99,98,99,98,1,29/01/2022,1
51,Virginia,510030,0,0,2,0,89,HENRY (89),0,NO APLICA,1,Enero,28,2022,6,45,CR-687,4,Calle del Condado,Rural,Colector Mayor,State Highway Agency,0,Sin jurisdiccion especial,113,36.64383333,-79.96508056,Vehiculo en movimiento,Angulo,Not an Intersection,No fue interseccion,Sobre calle,Ninguna,Amanecer,No reportado,Yes,NO APLICA,99,98,99,98,1,28/01/2022,2
51,Virginia,510032,0,0,2,0,163,ROCKBRIDGE (163),0,NO APLICA,1,Enero,27,2022,23,8,I-81,1,Interestatal,Rural,Interestatal,State Highway Agency,1,Sin jurisdiccion especial,1784,37.65301944,-79.54646667,Vehiculo en movimiento,Frente a frente,Not an Intersection,No fue interseccion,Sobre calle,Ninguna,Oscuro sin iluminacion,No reportado,No,NO APLICA,99,98,99,98,1,27/01/2022,3
51,Virginia,510033,0,0,1,0,107,LOUDOUN (107),1240,HILLSBORO,1,Enero,30,2022,2,49,SR-199,3,Highway estatal,Rural,Arteria Principal,State Highway Agency,1,Sin jurisdiccion especial,49,39.20017222,-77.72670833,Valla Ferrocarril,El primer evento no fue una colision con un vehiculo automotor en transporte,Roundabout,Glorieta,Sobre el lado de la calle,Ninguna,Oscuro sin iluminacion,No reportado,No,NO APLICA,99,99,99,99,1,30/01/2022,2
51,Virginia,510034,0,0,2,0,131,NORTHAMPTON (131),0,NO APLICA,1,Enero,25,2022,16,55,US-13,2,US Highway,Rural,Arteria Principal,State Highway Agency,1,Sin jurisdiccion especial,778,37.17990833,-75.96894722,Vehiculo en movimiento,Angulo,T-Intersection,Interseccion de T,Sobre calle,Ninguna,Dia total,No reportado,No,NO APLICA,99,98,99,98,1,25/01/2022,2
51,Virginia,510035,0,0,1,0,155,PULASKI (155),0,NO APLICA,1,Enero,31,2022,14,25,I-81,1,Interestatal,Rural,Interestatal,State Highway Agency,1,Sin jurisdiccion especial,0,37.028175,-80.73003333,Poste o otros soportes,El primer evento no fue una colision con un vehiculo automotor en transporte,Not an Intersection,No fue interseccion,Sobre el lado de la calle,Ninguna,Dia total,No reportado,No,NO APLICA,99,99,99,99,1,31/01/2022,2
51,Virginia,510036,0,0,3,0,131,NORTHAMPTON (131),0,NO APLICA,1,Enero,28,2022,7,18,US-13,2,US Highway,Rural,Arteria Principal,State Highway Agency,1,Sin jurisdiccion especial,985,37.45518889,-75.87169444,Vehiculo en movimiento,Frente a Detrás,Not an Intersection,No fue interseccion,Sobre calle,Ninguna,Dia total,No reportado,No,NO APLICA,99,99,99,99,2,28/01/2022,7
51,Virginia,510037,0,0,2,0,183,SUSSEX (183),0,NO APLICA,1,Enero,30,2022,2,0,I-95,1,Interestatal,Rural,Interestatal,State Highway Agency,1,Sin jurisdiccion especial,328,36.96894722,-77.39215833,Vehiculo en movimiento,Frente a Detrás,Not an Intersection,No fue interseccion,Sobre calle,Ninguna,Oscuro sin iluminacion,No reportado,No,NO APLICA,99,99,99,99,1,30/01/2022,2
51,Virginia,510038,0,0,1,0,85,HANOVER (85),110,ASHLAND,1,Enero,30,2022,14,30,I-95,1,Interestatal,Urbano,Interestatal,State Highway Agency,1,Sin jurisdiccion especial,928,37.77018333,-77.46241944,Arbol,El primer evento no fue una colision con un vehiculo automotor en transporte,Not an Intersection,No fue interseccion,Sobre el lado de la calle,Ninguna,Dia total,No reportado,No,NO APLICA,99,99,99,99,2,30/01/2022,3
51,Virginia,510039,0,0,1,0,31,CAMPBELL (31),0,NO APLICA,2,Febrero,2,2022,7,16,US-501,2,US Highway,Rural,Arteria Menor,State Highway Agency,0,Sin jurisdiccion especial,457,37.11146944,-78.999125,Zanja,El primer evento no fue una colision con un vehiculo automotor en transporte,Not an Intersection,No fue interseccion,Sobre el lado de la calle,Ninguna,Dia total,No reportado,No,NO APLICA,99,99,99,99,1,02/02/2022,1
51,Virginia,510040,0,0,1,0,3,ALBEMARLE (3),0,NO APLICA,1,Enero,27,2022,15,37,CR-795,4,Calle del Condado,Rural,Local,State Highway Agency,0,Sin jurisdiccion especial,104,37.93188056,-78.47200556,Otro objeto (no fijo),El primer evento no fue una colision con un vehiculo automotor en transporte,Not an Intersection,No fue interseccion,Sobre el lado de la calle,Ninguna,Dia total,No reportado,No,NO APLICA,99,98,99,98,1,27/01/2022,1
51,Virginia,510041,0,0,1,0,115,MATHEWS (115),0,NO APLICA,2,Febrero,1,2022,0,55,CR-611,4,Calle del Condado,Rural,Colector Mayor,State Highway Agency,0,Sin jurisdiccion especial,3,37.45316944,-76.34171111,Zanja,El primer evento no fue una colision con un vehiculo automotor en transporte,Not an Intersection,No fue interseccion,Sobre el lado de la calle,Ninguna,Oscuro sin iluminacion,No reportado,No,NO APLICA,99,98,99,98,1,01/02/2022,1
51,Virginia,510042,0,0,2,0,149,PRINCE GEORGE (149),0,NO APLICA,2,Febrero,2,2022,7,39,CR-629,4,Calle del Condado,Rural,Colector Mayor,State Highway Agency,0,Sin jurisdiccion especial,44,37.18614167,-77.31285278,Vehiculo en movimiento,Frente a frente,Not an Intersection,No fue interseccion,Sobre calle,Ninguna,Dia total,No reportado,No,NO APLICA,99,99,99,99,2,02/02/2022,2
51,Virginia,510043,0,0,1,0,700,NEWPORT NEWS (CITY) (700),1720,NEWPORT NEWS,2,Febrero,3,2022,13,56,SR-143,3,Highway estatal,Urbano,Arteria Principal,City or Municipal Highway Agency,0,Sin jurisdiccion especial,218,37.15444444,-76.53280278,Banqueta,El primer evento no fue una colision con un vehiculo automotor en transporte,Not an Intersection,No fue interseccion,Sobre el lado de la calle,Ninguna,Dia total,No reportado,No,NO APLICA,99,99,99,99,1,03/02/2022,1
51,Virginia,510044,0,0,1,0,89,HENRY (89),0,NO APLICA,1,Enero,26,2022,2,15,US-220,2,US Highway,Urbano,Arterial Principal -Freeway o ExpressWay,State Highway Agency,1,Sin jurisdiccion especial,186,36.74177778,-79.93615556,Valla Ferrocarril,El primer evento no fue una colision con un vehiculo automotor en transporte,Not an Intersection,No fue interseccion,Sobre el lado de la calle,Ninguna,Oscuro sin iluminacion,No reportado,No,NO APLICA,99,98,99,98,1,26/01/2022,3
51,Virginia,510045,0,0,2,0,710,NORFOLK (CITY) (710),1760,NORFOLK,2,Febrero,3,2022,2,26,I-564 ADMIRAL TAUSSIG BLVD,1,Interestatal,Urbano,Interestatal,State Highway Agency,1,Sin jurisdiccion especial,0,36.934325,-76.29759722,Vehiculo en movimiento,Frente a frente,Not an Intersection,No fue interseccion,Sobre calle,Ninguna,Oscuro con iluminacion,No reportado,No,NO APLICA,99,99,99,99,1,03/02/2022,3
51,Virginia,510046,0,0,2,1,710,NORFOLK (CITY) (710),1760,NORFOLK,1,Enero,20,2022,9,3,VIRGINIAN DR,6,Calle Local Municipalidad,Urbano,Local,Unknown,0,Sin jurisdiccion especial,8,36.90667222,-76.260025,Vehiculo Aparcado,El primer evento no fue una colision con un vehiculo automotor en transporte,Not an Intersection,No fue interseccion,En estacionamiento,Ninguna,Dia total,No reportado,No,NO APLICA,99,99,99,99,1,20/01/2022,1
51,Virginia,510047,1,1,1,0,41,CHESTERFIELD (41),0,NO APLICA,2,Febrero,2,2022,6,12,US-360,2,US Highway,Urbano,Arteria Principal,State Highway Agency,1,Sin jurisdiccion especial,1323,37.46016944,-77.54586389,Peaton,El primer evento no fue una colision con un vehiculo automotor en transporte,Not an Intersection,No fue interseccion,Sobre calle,Ninguna,Oscuro sin iluminacion,No reportado,No,NO APLICA,99,98,99,98,1,02/02/2022,1
51,Virginia,510048,0,0,1,0,83,HALIFAX (83),0,NO APLICA,2,Febrero,7,2022,4,40,US-360,2,US Highway,Rural,Arteria Principal,State Highway Agency,1,Sin jurisdiccion especial,122,36.58143056,-79.17039444,Arbol,El primer evento no fue una colision con un vehiculo automotor en transporte,Not an Intersection,No fue interseccion,En el medio,Ninguna,Oscuro sin iluminacion,Granizo,No,NO APLICA,99,98,99,98,1,07/02/2022,1
51,Virginia,510049,0,0,1,0,31,CAMPBELL (31),0,NO APLICA,2,Febrero,6,2022,0,10,CR-817,4,Calle del Condado,Rural,Local,State Highway Agency,0,Sin jurisdiccion especial,1,37.39042778,-79.08418611,Valla Ferrocarril,El primer evento no fue una colision con un vehiculo automotor en transporte,Not an Intersection,No fue interseccion,Sobre el lado de la calle,Ninguna,Oscuro sin iluminacion,No reportado,No,NO APLICA,99,99,99,99,1,06/02/2022,1
51,Virginia,510050,0,0,1,0,143,PITTSYLVANIA (143),0,NO APLICA,2,Febrero,6,2022,17,55,US-29,2,US Highway,Rural,Arteria Principal,State Highway Agency,1,Sin jurisdiccion especial,194,36.74661111,-79.37902778,Zanja,El primer evento no fue una colision con un vehiculo automotor en transporte,Not an Intersection,No fue interseccion,Sobre el lado de la calle,Ninguna,Atardecer,No reportado,No,NO APLICA,99,99,99,99,1,06/02/2022,1
51,Virginia,510051,0,0,2,0,35,CARROLL (35),2667,WOODLAWN,2,Febrero,3,2022,7,30,US-58,2,US Highway,Rural,Arteria Principal,State Highway Agency,1,Sin jurisdiccion especial,1987,36.73434167,-80.80031111,Vehiculo en movimiento,Frente a Detrás,Not an Intersection,No fue interseccion,Sobre calle,Ninguna,Dia total,lluvia,Yes,NO APLICA,99,99,99,99,1,03/02/2022,3
51,Virginia,510052,0,0,1,0,75,GOOCHLAND (75),0,NO APLICA,2,Febrero,8,2022,7,14,I-64,1,Interestatal,Rural,Interestatal,State Highway Agency,1,Sin jurisdiccion especial,1704,37.69793056,-77.72951667,Arbol,El primer evento no fue una colision con un vehiculo automotor en transporte,Not an Intersection,No fue interseccion,Sobre el lado de la calle,Ninguna,Amanecer,No reportado,No,NO APLICA,99,98,99,98,1,08/02/2022,1
51,Virginia,510053,2,2,1,0,23,BOTETOURT (23),697,DALEVILLE,2,Febrero,9,2022,2,0,US-220,2,US Highway,Urbano,Interestatal,State Highway Agency,1,Sin jurisdiccion especial,0,37.39016667,-79.90586111,Peaton,El primer evento no fue una colision con un vehiculo automotor en transporte,Not an Intersection,No fue interseccion,Sobre calle,Ninguna,Oscuro sin iluminacion,No reportado,No,NO APLICA,99,99,99,99,2,09/02/2022,1
51,Virginia,510054,1,1,1,0,73,GLOUCESTER (73),0,NO APLICA,1,Enero,2,2022,20,0,US-17,2,US Highway,Rural,Arteria Principal,State Highway Agency,1,Sin jurisdiccion especial,797,37.39146111,-76.52996944,Peaton,El primer evento no fue una colision con un vehiculo automotor en transporte,Four-Way Intersection,Interseccion de 4 direcciones,Sobre calle,Ninguna,Oscuro sin iluminacion,No reportado,No,NO APLICA,99,99,99,99,1,02/01/2022,1
51,Virginia,510055,1,1,1,0,153,PRINCE WILLIAM (153),0,NO APLICA,1,Enero,8,2022,20,21,SR-234/SUDLEY RD,3,Highway estatal,Urbano,Arteria Menor,State Highway Agency,0,Sin jurisdiccion especial,63,38.78976944,-77.51509167,Peaton,El primer evento no fue una colision con un vehiculo automotor en transporte,Not an Intersection,No fue interseccion,Sobre calle,Ninguna,Oscuro sin iluminacion,No reportado,No,NO APLICA,99,98,99,98,1,08/01/2022,1
51,Virginia,510056,1,1,4,0,41,CHESTERFIELD (41),0,NO APLICA,1,Enero,12,2022,22,50,I-95,1,Interestatal,Urbano,Interestatal,State Highway Agency,1,Sin jurisdiccion especial,602,37.33848611,-77.40443056,Peaton,El primer evento no fue una colision con un vehiculo automotor en transporte,Not an Intersection,No fue interseccion,Sobre calle,Ninguna,Oscuro sin iluminacion,No reportado,No,NO APLICA,99,99,99,99,1,12/01/2022,5
51,Virginia,510057,1,1,1,0,87,HENRICO (87),0,NO APLICA,1,Enero,12,2022,22,31,SR-356/HILLIARD RD,3,Highway estatal,Urbano,Arteria Menor,State Highway Agency,0,Sin jurisdiccion especial,14,37.61678333,-77.47096111,Peaton,El primer evento no fue una colision con un vehiculo automotor en transporte,Four-Way Intersection,Interseccion de 4 direcciones,Sobre calle,Ninguna,Dia total,No reportado,No,NO APLICA,99,99,99,99,1,12/01/2022,2
51,Virginia,510058,0,0,4,0,167,RUSSELL (167),0,NO APLICA,1,Enero,12,2022,18,32,SR-80/REDBUD HWY,3,Highway estatal,Rural,Arteria Menor,State Highway Agency,0,Sin jurisdiccion especial,277,37.00847778,-81.95291111,Vehiculo en movimiento,Frente a Detrás,Not an Intersection,No fue interseccion,Sobre calle,Ninguna,Atardecer,No reportado,No,NO APLICA,99,99,99,99,1,12/01/2022,5
51,Virginia,510059,1,1,1,0,810,VIRGINIA BEACH (CITY) (810),2540,VIRGINIA BEACH,1,Enero,20,2022,18,55,PACIFIC AVE,6,Calle Local Municipalidad,Urbano,Arteria Menor,City or Municipal Highway Agency,0,Sin jurisdiccion especial,227,36.84001944,-75.97406389,Peaton,El primer evento no fue una colision con un vehiculo automotor en transporte,Not an Intersection,No fue interseccion,Sobre calle,Ninguna,Oscuro con iluminacion,Nieve,No,NO APLICA,99,99,99,99,1,20/01/2022,2
51,Virginia,510060,1,1,1,0,165,ROCKINGHAM (165),0,NO APLICA,1,Enero,21,2022,18,1,CR-608,4,Calle del Condado,Rural,Colector Mayor,State Highway Agency,0,Sin jurisdiccion especial,1,38.56233889,-78.74039167,Peaton,El primer evento no fue una colision con un vehiculo automotor en transporte,Not an Intersection,No fue interseccion,Sobre calle,Ninguna,Oscuro sin iluminacion,No reportado,No,NO APLICA,99,99,99,99,1,21/01/2022,1
51,Virginia,510061,1,1,1,0,143,PITTSYLVANIA (143),0,NO APLICA,1,Enero,24,2022,18,19,CR-878,4,Calle del Condado,Rural,Local,State Highway Agency,0,Sin jurisdiccion especial,20,36.62105278,-79.54082222,Peaton,El primer evento no fue una colision con un vehiculo automotor en transporte,Not an Intersection,No fue interseccion,Sobre Acotamiento,Ninguna,Oscuro sin iluminacion,No reportado,No,NO APLICA,99,99,99,99,1,24/01/2022,1
51,Virginia,510062,1,1,1,0,59,FAIRFAX (59),0,NO APLICA,1,Enero,8,2022,23,36,US-29 LEE HWY,2,US Highway,Urbano,Arteria Principal,State Highway Agency,1,Sin jurisdiccion especial,2326,38.84854444,-77.35636944,Peaton,El primer evento no fue una colision con un vehiculo automotor en transporte,T-Intersection,Interseccion de T,Sobre calle,Ninguna,Oscuro con iluminacion,No reportado,No,NO APLICA,99,99,99,99,1,08/01/2022,1
51,Virginia,510063,1,1,1,0,89,HENRY (89),0,NO APLICA,1,Enero,26,2022,2,20,US-220,2,US Highway,Urbano,Arteria Principal,State Highway Agency,1,Sin jurisdiccion especial,186,36.74298889,-79.93658889,Peaton,El primer evento no fue una colision con un vehiculo automotor en transporte,Not an Intersection,No fue interseccion,Sobre calle,Ninguna,Oscuro - iluminacion desconocida,No reportado,No,NO APLICA,99,98,99,98,1,26/01/2022,1
51,Virginia,510064,0,0,1,0,760,RICHMOND (CITY) (760),2060,RICHMOND,1,Enero,1,2022,8,30,I-95,1,Interestatal,Urbano,Interestatal,State Highway Agency,1,Sin jurisdiccion especial,773,37.56343889,-77.45405556,Zanja,El primer evento no fue una colision con un vehiculo automotor en transporte,Not an Intersection,No fue interseccion,Sobre el lado de la calle,Ninguna,Amanecer,lluvia,No,NO APLICA,99,99,99,99,1,01/01/2022,1
51,Virginia,510065,0,0,1,0,199,YORK (199),0,NO APLICA,1,Enero,4,2022,19,5,CR-603,4,Calle del Condado,Rural,Colector Mayor,State Highway Agency,0,Sin jurisdiccion especial,48,37.34572778,-76.74488889,Banqueta,El primer evento no fue una colision con un vehiculo automotor en transporte,Four-Way Intersection,Interseccion de 4 direcciones,Sobre el lado de la calle,Ninguna,Oscuro con iluminacion,No reportado,No,NO APLICA,99,99,99,99,1,04/01/2022,1
51,Virginia,510067,0,0,2,0,29,BUCKINGHAM (29),0,NO APLICA,2,Febrero,6,2022,12,55,US-60,2,US Highway,Rural,Arteria Menor,State Highway Agency,0,Sin jurisdiccion especial,1325,37.50012778,-78.40659167,Vehiculo en movimiento,Angulo,Four-Way Intersection,Interseccion de 4 direcciones,Sobre calle,Ninguna,Dia total,No reportado,No,NO APLICA,99,99,99,99,1,06/02/2022,3
51,Virginia,510068,0,0,1,0,79,GREENE (79),0,NO APLICA,2,Febrero,20,2022,0,1,CR-810,4,Calle del Condado,Rural,Arteria Principal,State Highway Agency,1,Sin jurisdiccion especial,40,38.27961667,-78.51345,Animal vivo,El primer evento no fue una colision con un vehiculo automotor en transporte,Not an Intersection,No fue interseccion,Sobre calle,Ninguna,Oscuro sin iluminacion,No reportado,No,NO APLICA,99,98,99,98,1,20/02/2022,1
51,Virginia,510070,0,0,1,0,760,RICHMOND (CITY) (760),2060,RICHMOND,3,Marzo,1,2022,16,53,WALMSLEY BLVD,6,Calle Local Municipalidad,Urbano,Arteria Menor,City or Municipal Highway Agency,0,Sin jurisdiccion especial,26,37.46535278,-77.46247222,Hidrante,El primer evento no fue una colision con un vehiculo automotor en transporte,Not an Intersection,No fue interseccion,Sobre el lado de la calle,Ninguna,Dia total,No reportado,No,NO APLICA,99,98,99,98,1,01/03/2022,1
51,Virginia,510071,0,0,1,0,143,PITTSYLVANIA (143),0,NO APLICA,3,Marzo,3,2022,19,44,CR-685,4,Calle del Condado,Rural,Arteria Principal,State Highway Agency,1,Sin jurisdiccion especial,26,36.83985833,-79.35354722,Arbol,El primer evento no fue una colision con un vehiculo automotor en transporte,Not an Intersection,No fue interseccion,Sobre el lado de la calle,Ninguna,Oscuro sin iluminacion,No reportado,No,NO APLICA,99,98,99,98,1,03/03/2022,1
51,Virginia,510073,0,0,3,0,87,HENRICO (87),0,NO APLICA,3,Marzo,3,2022,11,20,I-64,1,Interestatal,Urbano,Interestatal,State Highway Agency,1,Sin jurisdiccion especial,1859,37.59651389,-77.48724722,Vehiculo en movimiento,Golpe Lateral - misma direccion,Not an Intersection,No fue interseccion,Sobre calle,Ninguna,Dia total,No reportado,No,NO APLICA,99,99,99,99,1,03/03/2022,3
51,Virginia,510074,0,0,1,0,77,GRAYSON (77),0,NO APLICA,3,Marzo,11,2022,19,0,CR-837,4,Calle del Condado,Rural,Arteria Principal,State Highway Agency,1,Sin jurisdiccion especial,0,36.70050556,-81.43546944,Acotamiento,El primer evento no fue una colision con un vehiculo automotor en transporte,Not an Intersection,No fue interseccion,Sobre el lado de la calle,Ninguna,Oscuro sin iluminacion,No reportado,No,NO APLICA,99,99,99,99,2,11/03/2022,2
51,Virginia,510075,1,1,2,0,650,HAMPTON (CITY) (650),1180,HAMPTON,3,Marzo,7,2022,19,32,CR-7039,6,Calle Local Municipalidad,Urbano,Arteria Principal,City or Municipal Highway Agency,1,Sin jurisdiccion especial,6,37.03943056,-76.34822222,Peaton,El primer evento no fue una colision con un vehiculo automotor en transporte,Not an Intersection,No fue interseccion,Sobre calle,Ninguna,Oscuro con iluminacion,No reportado,No,NO APLICA,99,99,99,99,1,07/03/2022,2
51,Virginia,510077,1,1,1,0,75,GOOCHLAND (75),0,NO APLICA,1,Enero,2,2022,19,30,US-250 BROAD ST,2,US Highway,Rural,Arteria Menor,State Highway Agency,0,Sin jurisdiccion especial,1495,37.66921944,-77.67886944,Peaton,El primer evento no fue una colision con un vehiculo automotor en transporte,Four-Way Intersection,Interseccion de 4 direcciones,Sobre calle,Ninguna,Oscuro sin iluminacion,No reportado,No,NO APLICA,99,98,99,98,1,02/01/2022,1
51,Virginia,510078,1,1,1,0,710,NORFOLK (CITY) (710),1760,NORFOLK,2,Febrero,4,2022,19,23,SR-194/CHESAPEAKE BLVD,3,Highway estatal,Urbano,Arteria Menor,City or Municipal Highway Agency,0,Sin jurisdiccion especial,16,36.8904,-76.23814722,Peaton,El primer evento no fue una colision con un vehiculo automotor en transporte,Not an Intersection,No fue interseccion,Sobre calle,"Zona de trabajo, tipo desconocido",Oscuro con iluminacion,lluvia,No,NO APLICA,99,99,99,99,1,04/02/2022,1