Estado,Nombre de Estado,Numero de Caso,Peatones,Personas _no_vehiculos,Vehiculos automotores,Vehiculos estacionados,Condado,Nombre Condado,Ciudad,Nombre Ciudad,Mes,Nombre Mes,Dia,Año,Hora,Minuto,Calle,Ruta,Nombre Ruta,Rural o Urbanoo,Sistema Funcional,Dueño Calle,Sistema Nacional Carreteras,Jurisdiccion Especial,Milla,Latitud,Longitud,Causa del Accidente,Tipo de Accidente,Tipo Interseccion,Columna1,Lugar en la calle,Zona de Trabajo,Luz,Clima,Autobus Escolar,Cruce de Trenes,Hora Notificacion,Minuto Notificacion,Hora Llegada,Minuto Llegada,Decesos,Fecha,PersonaVehiculo
51,Virginia,510079,0,0,2,1,23,BOTETOURT (23),0,NO APLICA,2,Febrero,8,2022,4,8,CR-614,4,Calle del Condado,Rural,Interestatal,State Highway Agency,1,Sin jurisdiccion especial,0,37.55701667,-79.66060278,Vehiculo Aparcado,El primer evento no fue una colision con un vehiculo automotor en transporte,Not an Intersection,No fue interseccion,Sobre Acotamiento,Ninguna,Oscuro sin iluminacion,No reportado,No,NO APLICA,99,99,99,99,1,08/02/2022,3
51,Virginia,510080,0,0,2,0,165,ROCKINGHAM (165),0,NO APLICA,2,Febrero,8,2022,6,46,CR-602,4,Calle del Condado,Rural,Colector Mayor,State Highway Agency,0,Sin jurisdiccion especial,40,38.43025,-78.65829722,Vehiculo en movimiento,Frente a frente,Not an Intersection,No fue interseccion,Sobre calle,Ninguna,Oscuro sin iluminacion,No reportado,No,NO APLICA,99,99,99,99,1,08/02/2022,3
51,Virginia,510082,0,0,1,0,61,FAUQUIER (61),0,NO APLICA,2,Febrero,10,2022,13,29,CR-670,4,Calle del Condado,Rural,Colector Menor,State Highway Agency,0,Sin jurisdiccion especial,43,38.70223611,-77.70493333,Arbol,El primer evento no fue una colision con un vehiculo automotor en transporte,Not an Intersection,No fue interseccion,Sobre el lado de la calle,Ninguna,Dia total,No reportado,No,NO APLICA,99,99,99,99,1,10/02/2022,2
51,Virginia,510083,0,0,3,0,145,POWHATAN (145),0,NO APLICA,2,Febrero,7,2022,16,30,SR-288 WORLD WAR II VETERANS,3,Highway estatal,Rural,Arterial Principal -Freeway o ExpressWay,State Highway Agency,1,Sin jurisdiccion especial,248,37.56252778,-77.6876,Vehiculo en movimiento,Frente a frente,Not an Intersection,No fue interseccion,Sobre calle,Ninguna,Dia total,lluvia,No,NO APLICA,99,99,99,99,1,07/02/2022,3
51,Virginia,510084,0,0,1,0,107,LOUDOUN (107),0,NO APLICA,2,Febrero,11,2022,20,50,CR-1036,4,Calle del Condado,Urbano,Local,State Highway Agency,9,Sin jurisdiccion especial,51,39.04532778,-77.43263333,Barda,El primer evento no fue una colision con un vehiculo automotor en transporte,Not an Intersection,No fue interseccion,Sobre el lado de la calle,Ninguna,Oscuro sin iluminacion,No reportado,No,NO APLICA,99,99,99,99,1,11/02/2022,1
51,Virginia,510085,0,0,2,0,165,ROCKINGHAM (165),0,NO APLICA,2,Febrero,9,2022,15,15,SR-42/HARPINE HWY,3,Highway estatal,Rural,Arteria Principal,State Highway Agency,1,Sin jurisdiccion especial,2359,38.55474167,-78.83556944,Vehiculo en movimiento,Frente a Detrás,Not an Intersection,No fue interseccion,Sobre calle,Ninguna,Dia total,No reportado,No,NO APLICA,99,99,99,99,1,09/02/2022,2
51,Virginia,510086,0,0,1,0,185,TAZEWELL (185),0,NO APLICA,2,Febrero,7,2022,17,32,CR-636,4,Calle del Condado,Rural,Local,State Highway Agency,0,Sin jurisdiccion especial,16,37.12072778,-81.67617222,Volcadura,El primer evento no fue una colision con un vehiculo automotor en transporte,Not an Intersection,No fue interseccion,Sobre el lado de la calle,Ninguna,Oscuro sin iluminacion,No reportado,No,NO APLICA,99,98,99,98,1,07/02/2022,1
51,Virginia,510087,0,0,1,0,95,JAMES CITY (95),0,NO APLICA,2,Febrero,13,2022,20,22,US-60,2,US Highway,Rural,Arteria Principal,State Highway Agency,1,Sin jurisdiccion especial,2254,37.41002222,-76.85874444,Arbol,El primer evento no fue una colision con un vehiculo automotor en transporte,Not an Intersection,No fue interseccion,En el medio,Ninguna,Oscuro sin iluminacion,No reportado,No,NO APLICA,99,98,99,98,1,13/02/2022,1
51,Virginia,510088,0,0,1,0,87,HENRICO (87),0,NO APLICA,2,Febrero,8,2022,6,30,I-95,1,Interestatal,Rural,Interestatal,State Highway Agency,1,Sin jurisdiccion especial,235,37.45570833,-77.31855833,Arbol,El primer evento no fue una colision con un vehiculo automotor en transporte,Not an Intersection,No fue interseccion,Sobre el lado de la calle,Ninguna,Oscuro sin iluminacion,lluvia,No,NO APLICA,99,99,99,99,1,08/02/2022,1
51,Virginia,510089,0,0,2,0,185,TAZEWELL (185),200,BLUEFIELD,2,Febrero,12,2022,6,15,US-19,2,US Highway,Urbano,Arteria Principal,State Highway Agency,1,Sin jurisdiccion especial,842,37.22778333,-81.32583056,Vehiculo en movimiento,Frente a frente,Not an Intersection,No fue interseccion,Sobre calle,Ninguna,Oscuro sin iluminacion,No reportado,No,NO APLICA,99,99,99,99,1,12/02/2022,2
51,Virginia,510090,1,1,1,0,15,AUGUSTA (15),2381,STUARTS DRAFT,2,Febrero,12,2022,18,55,CR-608,4,Calle del Condado,Urbano,Colector Mayor,State Highway Agency,0,Desconocido,140,38.01473889,-79.03194722,Peaton,El primer evento no fue una colision con un vehiculo automotor en transporte,Not an Intersection,No fue interseccion,Sobre calle,Ninguna,Oscuro sin iluminacion,No reportado,No,NO APLICA,99,98,99,98,1,12/02/2022,1
51,Virginia,510091,0,0,2,0,19,BEDFORD (19),0,NO APLICA,1,Enero,28,2022,14,5,CR-608,4,Calle del Condado,Rural,Colector Mayor,State Highway Agency,0,Sin jurisdiccion especial,155,37.1483,-79.59234722,Vehiculo en movimiento,Angulo,Four-Way Intersection,Interseccion de 4 direcciones,Sobre calle,Ninguna,Dia total,No reportado,No,NO APLICA,99,99,99,99,1,28/01/2022,2
51,Virginia,510092,1,1,1,0,23,BOTETOURT (23),0,NO APLICA,2,Febrero,11,2022,14,35,CR-721,4,Calle del Condado,Rural,Local,State Highway Agency,0,Sin jurisdiccion especial,2,37.43289167,-79.86299167,Ciclista,El primer evento no fue una colision con un vehiculo automotor en transporte,Not an Intersection,No fue interseccion,Sobre calle,Ninguna,Dia total,No reportado,No,NO APLICA,99,99,99,99,1,11/02/2022,2
51,Virginia,510093,0,0,4,2,15,AUGUSTA (15),681,CRIMORA,2,Febrero,14,2022,15,29,US-340,2,US Highway,Rural,Arteria Menor,State Highway Agency,0,Sin jurisdiccion especial,226,38.15413889,-78.84272222,Vehiculo en movimiento,Angulo,Four-Way Intersection,Interseccion de 4 direcciones,Sobre calle,Ninguna,Dia total,No reportado,No,NO APLICA,99,98,99,98,1,14/02/2022,2
51,Virginia,510094,0,0,2,0,47,CULPEPER (47),0,NO APLICA,2,Febrero,12,2022,22,45,US-29,2,US Highway,Urbano,Arteria Principal,State Highway Agency,1,Sin jurisdiccion especial,1791,38.45729722,-78.04370833,Vehiculo en movimiento,Angulo,T-Intersection,Interseccion de T,Sobre calle,Ninguna,Oscuro sin iluminacion,lluvia,No,NO APLICA,99,99,99,99,1,12/02/2022,3
51,Virginia,510095,0,0,3,0,36,CHARLES CITY (36),0,NO APLICA,2,Febrero,16,2022,15,55,SR-5/JOHN TYLER MEMORIAL HWY,3,Highway estatal,Rural,Arteria Menor,State Highway Agency,0,Sin jurisdiccion especial,152,37.38516111,-77.24267222,Vehiculo en movimiento,Angulo,Not an Intersection,No fue interseccion,Sobre calle,Ninguna,Dia total,No reportado,No,NO APLICA,99,99,99,99,1,16/02/2022,3
51,Virginia,510096,0,0,2,0,197,WYTHE (197),0,NO APLICA,2,Febrero,11,2022,14,45,I-81,1,Interestatal,Rural,Interestatal,State Highway Agency,1,Sin jurisdiccion especial,653,36.92855556,-81.19744167,Vehiculo en movimiento,Frente a Detrás,Not an Intersection,No fue interseccion,Sobre calle,Ninguna,Dia total,No reportado,No,NO APLICA,99,99,99,99,3,11/02/2022,8
51,Virginia,510097,0,0,2,0,117,MECKLENBURG (117),0,NO APLICA,2,Febrero,16,2022,6,50,CR-688,4,Calle del Condado,Rural,Colector Mayor,State Highway Agency,0,Sin jurisdiccion especial,36,36.68226667,-78.45601944,Vehiculo en movimiento,Frente a frente,Not an Intersection,No fue interseccion,Sobre calle,Ninguna,Dia total,No reportado,No,NO APLICA,99,98,99,98,1,16/02/2022,2
51,Virginia,510098,0,0,1,0,141,PATRICK (141),0,NO APLICA,2,Febrero,17,2022,21,0,SR-57/FAIRSTONE PKWY,3,Highway estatal,Rural,Arteria Principal,State Highway Agency,1,Sin jurisdiccion especial,11,36.72917222,-80.22468611,Valla Ferrocarril,El primer evento no fue una colision con un vehiculo automotor en transporte,Not an Intersection,No fue interseccion,Sobre el lado de la calle,Ninguna,Oscuro sin iluminacion,lluvia,No,NO APLICA,99,98,99,98,1,17/02/2022,1
51,Virginia,510099,0,0,1,0,117,MECKLENBURG (117),0,NO APLICA,2,Febrero,19,2022,21,58,CR-821,4,Calle del Condado,Rural,Local,State Highway Agency,0,Sin jurisdiccion especial,8,36.59173056,-78.52695556,Zanja,El primer evento no fue una colision con un vehiculo automotor en transporte,Not an Intersection,No fue interseccion,Sobre el lado de la calle,Ninguna,Oscuro sin iluminacion,No reportado,No,NO APLICA,99,98,99,98,2,19/02/2022,2
51,Virginia,510100,0,0,1,0,53,DINWIDDIE (53),0,NO APLICA,2,Febrero,19,2022,18,33,US-460,2,US Highway,Rural,Arteria Principal,State Highway Agency,1,Sin jurisdiccion especial,3021,37.16352222,-77.67390833,Zanja,El primer evento no fue una colision con un vehiculo automotor en transporte,Not an Intersection,No fue interseccion,En el medio,Ninguna,Oscuro sin iluminacion,No reportado,No,NO APLICA,99,98,99,98,1,19/02/2022,1
51,Virginia,510101,1,1,1,0,710,NORFOLK (CITY) (710),1760,NORFOLK,2,Febrero,7,2022,19,13,CHURCH ST,6,Calle Local Municipalidad,Urbano,Arteria Menor,City or Municipal Highway Agency,0,Sin jurisdiccion especial,19,36.87119167,-76.28035278,Peaton,El primer evento no fue una colision con un vehiculo automotor en transporte,Not an Intersection,No fue interseccion,Sobre calle,Ninguna,Oscuro con iluminacion,lluvia,No,NO APLICA,99,99,99,99,1,07/02/2022,1
51,Virginia,510102,0,0,2,0,1,ACCOMACK (1),0,NO APLICA,2,Febrero,14,2022,15,0,US-13,2,US Highway,Rural,Arteria Principal,State Highway Agency,1,Sin jurisdiccion especial,1380,37.9366,-75.54608056,Vehiculo en movimiento,Angulo,T-Intersection,Interseccion de T,Sobre calle,Ninguna,Dia total,No reportado,No,NO APLICA,99,99,99,99,2,14/02/2022,4
51,Virginia,510103,0,0,1,0,810,VIRGINIA BEACH (CITY) (810),2540,VIRGINIA BEACH,2,Febrero,12,2022,2,35,I-264/LONDON BRIDGE RAMP,1,Interestatal,Urbano,Interestatal,State Highway Agency,1,Sin jurisdiccion especial,1,36.83872778,-76.05303056,Volcadura,El primer evento no fue una colision con un vehiculo automotor en transporte,Not an Intersection,No fue interseccion,Sobre el lado de la calle,Ninguna,Oscuro con iluminacion,No reportado,No,NO APLICA,99,98,99,98,1,12/02/2022,1
51,Virginia,510104,1,1,1,0,770,ROANOKE (CITY) (770),2100,ROANOKE,1,Enero,19,2022,1,40,US-11 WILLIAMSON RD NW,2,US Highway,Urbano,Arteria Principal,City or Municipal Highway Agency,0,Sin jurisdiccion especial,1545,37.30631944,-79.94681111,Peaton,El primer evento no fue una colision con un vehiculo automotor en transporte,Not an Intersection,No fue interseccion,Sobre calle,Ninguna,Oscuro con iluminacion,No reportado,No,NO APLICA,99,98,99,98,1,19/01/2022,1
51,Virginia,510105,0,0,2,0,15,AUGUSTA (15),0,NO APLICA,2,Febrero,19,2022,12,0,SR-254/HERMITAGE RD,3,Highway estatal,Rural,Arteria Menor,State Highway Agency,0,Sin jurisdiccion especial,220,38.11083889,-78.90444722,Vehiculo en movimiento,Angulo,Four-Way Intersection,Interseccion de 4 direcciones,Sobre calle,Ninguna,Dia total,No reportado,No,NO APLICA,99,99,99,99,1,19/02/2022,3
51,Virginia,510106,0,0,3,0,69,FREDERICK (69),0,NO APLICA,2,Febrero,20,2022,10,27,US-50,2,US Highway,Rural,Arteria Principal,State Highway Agency,1,Sin jurisdiccion especial,43,39.26714722,-78.32471667,Vehiculo en movimiento,Angulo,T-Intersection,Interseccion de T,Sobre calle,Ninguna,Dia total,No reportado,No,NO APLICA,99,99,99,99,1,20/02/2022,4
51,Virginia,510107,0,0,2,0,69,FREDERICK (69),0,NO APLICA,2,Febrero,21,2022,9,45,US-522,2,US Highway,Urbano,Arteria Principal,State Highway Agency,1,Sin jurisdiccion especial,1427,39.24444722,-78.20183333,Vehiculo en movimiento,Frente a Detrás,Four-Way Intersection,Interseccion de 4 direcciones,Sobre calle,Ninguna,Dia total,No reportado,No,NO APLICA,99,99,99,99,1,21/02/2022,2
51,Virginia,510108,1,1,1,0,179,STAFFORD (179),0,NO APLICA,2,Febrero,17,2022,13,14,I-95,1,Interestatal,Urbano,Interestatal,State Highway Agency,1,Sin jurisdiccion especial,1410,38.42810833,-77.41745556,Peaton,El primer evento no fue una colision con un vehiculo automotor en transporte,Not an Intersection,No fue interseccion,Sobre Acotamiento,Ninguna,Dia total,No reportado,No,NO APLICA,99,99,99,99,1,17/02/2022,1
51,Virginia,510109,0,0,1,0,29,BUCKINGHAM (29),0,NO APLICA,2,Febrero,19,2022,17,20,CR-617,4,Calle del Condado,Rural,Arteria Principal,State Highway Agency,1,Sin jurisdiccion especial,133,37.57678889,-78.34853056,Zanja,El primer evento no fue una colision con un vehiculo automotor en transporte,Not an Intersection,No fue interseccion,Sobre el lado de la calle,Ninguna,Dia total,No reportado,No,NO APLICA,99,98,99,98,1,19/02/2022,2
51,Virginia,510110,0,0,1,0,31,CAMPBELL (31),2448,TIMBERLAKE,2,Febrero,19,2022,1,18,US-460,2,US Highway,Urbano,Arterial Principal -Freeway o ExpressWay,State Highway Agency,1,Sin jurisdiccion especial,1983,37.3097,-79.26442778,Valla Ferrocarril,El primer evento no fue una colision con un vehiculo automotor en transporte,Not an Intersection,No fue interseccion,Sobre el lado de la calle,Ninguna,Oscuro sin iluminacion,No reportado,No,NO APLICA,99,99,99,99,1,19/02/2022,1
51,Virginia,510111,0,0,2,0,173,SMYTH (173),0,NO APLICA,2,Febrero,21,2022,9,46,CR-600,4,Calle del Condado,Rural,Colector Mayor,State Highway Agency,0,Sin jurisdiccion especial,116,36.74056111,-81.64741944,Vehiculo en movimiento,Angulo,Four-Way Intersection,Interseccion de 4 direcciones,Sobre calle,Ninguna,Dia total,No reportado,No,NO APLICA,99,99,99,99,1,21/02/2022,3
51,Virginia,510112,0,0,2,0,161,ROANOKE (161),0,NO APLICA,2,Febrero,21,2022,17,32,US-11,2,US Highway,Urbano,Arteria Menor,State Highway Agency,0,Sin jurisdiccion especial,1383,37.27258056,-80.13743889,Vehiculo en movimiento,Angulo,T-Intersection,Interseccion de T,Sobre calle,Ninguna,Dia total,No reportado,No,NO APLICA,99,98,99,98,1,21/02/2022,2
51,Virginia,510113,0,0,4,0,153,PRINCE WILLIAM (153),0,NO APLICA,2,Febrero,14,2022,10,56,US-1,2,US Highway,Urbano,Arteria Principal,State Highway Agency,1,Sin jurisdiccion especial,1746,38.64477222,-77.26474167,Vehiculo en movimiento,Frente a frente,Not an Intersection,No fue interseccion,Sobre calle,"Zona de trabajo, tipo desconocido",Dia total,No reportado,No,NO APLICA,99,99,99,99,1,14/02/2022,4
51,Virginia,510114,0,0,2,0,121,MONTGOMERY (121),0,NO APLICA,2,Febrero,23,2022,19,38,SR-114/PEPPERS FERRY RD,3,Highway estatal,Urbano,Arteria Menor,State Highway Agency,0,Sin jurisdiccion especial,79,37.16502222,-80.45434167,Animal vivo,El primer evento no fue una colision con un vehiculo automotor en transporte,Not an Intersection,No fue interseccion,Sobre calle,Ninguna,Oscuro sin iluminacion,No reportado,No,NO APLICA,99,99,99,99,1,23/02/2022,2
51,Virginia,510115,1,1,1,0,59,FAIRFAX (59),2034,RESTON,2,Febrero,3,2022,10,44,CR-606,4,Calle del Condado,Urbano,Arteria Menor,State Highway Agency,0,Sin jurisdiccion especial,12,38.96968611,-77.34427778,Peaton,El primer evento no fue una colision con un vehiculo automotor en transporte,Not an Intersection,No fue interseccion,Sobre calle,Ninguna,Dia total,lluvia,No,NO APLICA,99,99,99,99,1,03/02/2022,1
51,Virginia,510116,0,0,1,0,27,BUCHANAN (27),0,NO APLICA,2,Febrero,20,2022,2,15,CR-676,4,Calle del Condado,Rural,Arteria Principal,State Highway Agency,1,Sin jurisdiccion especial,11,37.4263,-82.05183056,Arbol,El primer evento no fue una colision con un vehiculo automotor en transporte,Not an Intersection,No fue interseccion,Sobre el lado de la calle,Ninguna,Oscuro sin iluminacion,No reportado,No,NO APLICA,99,99,99,99,1,20/02/2022,1
51,Virginia,510117,0,0,2,0,810,VIRGINIA BEACH (CITY) (810),2540,VIRGINIA BEACH,2,Febrero,12,2022,11,32,PLEASANT RIDGE RD,6,Calle Local Municipalidad,Rural,Local,Unknown,0,Sin jurisdiccion especial,9,36.6868,-75.99964444,Vehiculo en movimiento,Frente a frente,T-Intersection,Interseccion de T,Sobre calle,Ninguna,Dia total,No reportado,No,NO APLICA,99,98,99,98,1,12/02/2022,2
51,Virginia,510118,0,0,1,0,41,CHESTERFIELD (41),0,NO APLICA,2,Febrero,19,2022,8,50,CR-641,4,Calle del Condado,Urbano,Arteria Principal,State Highway Agency,1,Sin jurisdiccion especial,21,37.42299722,-77.47237222,Zanja,El primer evento no fue una colision con un vehiculo automotor en transporte,Not an Intersection,No fue interseccion,Sobre el lado de la calle,Ninguna,Dia total,No reportado,No,NO APLICA,99,99,99,99,1,19/02/2022,2
51,Virginia,510119,1,1,1,0,710,NORFOLK (CITY) (710),1760,NORFOLK,2,Febrero,24,2022,18,31,I-264,1,Interestatal,Urbano,Interestatal,State Highway Agency,1,Sin jurisdiccion especial,100,36.84586389,-76.24549167,Peaton,El primer evento no fue una colision con un vehiculo automotor en transporte,Not an Intersection,No fue interseccion,Sobre calle,Ninguna,Oscuro con iluminacion,lluvia,No,NO APLICA,99,98,99,98,1,24/02/2022,1
51,Virginia,510120,0,0,1,0,121,MONTGOMERY (121),0,NO APLICA,2,Febrero,24,2022,14,22,SR-8/RINER RD,3,Highway estatal,Rural,Arteria Menor,State Highway Agency,9,Sin jurisdiccion especial,462,37.02560278,-80.42306389,Arbol,El primer evento no fue una colision con un vehiculo automotor en transporte,Not an Intersection,No fue interseccion,Sobre el lado de la calle,Ninguna,Dia total,No reportado,No,NO APLICA,99,99,99,99,1,24/02/2022,1
51,Virginia,510121,1,1,1,0,179,STAFFORD (179),0,NO APLICA,2,Febrero,25,2022,19,5,US-17,2,US Highway,Rural,Arteria Principal,State Highway Agency,1,Sin jurisdiccion especial,22,38.34153611,-77.49359444,Peaton,El primer evento no fue una colision con un vehiculo automotor en transporte,Not an Intersection,No fue interseccion,Sobre calle,"Zona de trabajo, tipo desconocido",Oscuro sin iluminacion,No reportado,No,NO APLICA,99,98,99,98,1,25/02/2022,1
51,Virginia,510122,0,0,2,0,15,AUGUSTA (15),1675,MOUNT SIDNEY,2,Febrero,25,2022,11,45,CR-616,4,Calle del Condado,Rural,Colector Mayor,State Highway Agency,0,Sin jurisdiccion especial,37,38.25023056,-78.98058611,Vehiculo en movimiento,Angulo,Not an Intersection,No fue interseccion,Sobre calle,Ninguna,Dia total,No reportado,No,NO APLICA,99,99,99,99,1,25/02/2022,3
51,Virginia,510123,0,0,1,0,147,PRINCE EDWARD (147),0,NO APLICA,2,Febrero,24,2022,8,20,US-15,2,US Highway,Rural,Arteria Menor,State Highway Agency,0,Sin jurisdiccion especial,522,37.18423333,-78.43007222,Volcadura,El primer evento no fue una colision con un vehiculo automotor en transporte,Not an Intersection,No fue interseccion,Sobre el lado de la calle,Ninguna,Dia total,lluvia,No,NO APLICA,99,98,99,98,1,24/02/2022,1
51,Virginia,510124,1,1,1,0,153,PRINCE WILLIAM (153),0,NO APLICA,2,Febrero,24,2022,18,19,CR-1189,4,Calle del Condado,Urbano,Colector Menor,State Highway Agency,0,Sin jurisdiccion especial,14,38.58777222,-77.30534167,Peaton,El primer evento no fue una colision con un vehiculo automotor en transporte,Not an Intersection,No fue interseccion,Sobre calle,Ninguna,Oscuro sin iluminacion,lluvia,No,NO APLICA,99,99,99,99,1,24/02/2022,1
51,Virginia,510125,0,0,1,0,73,GLOUCESTER (73),0,NO APLICA,2,Febrero,26,2022,9,20,CR-661,4,Calle del Condado,Rural,Arteria Principal,State Highway Agency,1,Sin jurisdiccion especial,9,37.46423333,-76.47646667,Arbol,El primer evento no fue una colision con un vehiculo automotor en transporte,Not an Intersection,No fue interseccion,Sobre el lado de la calle,Ninguna,Dia total,No reportado,No,NO APLICA,99,98,99,98,1,26/02/2022,1
51,Virginia,510126,0,0,1,0,800,SUFFOLK (CITY) (800),2390,SUFFOLK,2,Febrero,26,2022,1,31,US-58,2,US Highway,Rural,Arterial Principal -Freeway o ExpressWay,City or Municipal Highway Agency,1,Sin jurisdiccion especial,4775,36.76261944,-76.48823889,Arbol,El primer evento no fue una colision con un vehiculo automotor en transporte,Not an Intersection,No fue interseccion,Sobre el lado de la calle,Ninguna,Oscuro con iluminacion,No reportado,No,NO APLICA,99,98,99,98,1,26/02/2022,1
51,Virginia,510127,0,0,5,0,1,ACCOMACK (1),0,NO APLICA,2,Febrero,8,2022,17,12,US-13,2,US Highway,Rural,Arteria Principal,State Highway Agency,1,Sin jurisdiccion especial,1229,37.740625,-75.64285,Vehiculo en movimiento,Frente a frente,Not an Intersection,No fue interseccion,Sobre calle,Ninguna,Dia total,No reportado,No,NO APLICA,99,99,99,99,1,08/02/2022,5
51,Virginia,510128,0,0,1,0,660,HARRISONBURG (CITY) (660),1190,HARRISONBURG,3,Marzo,2,2022,10,31,E MARKET ST,6,Calle Local Municipalidad,Urbano,Local,City or Municipal Highway Agency,0,Sin jurisdiccion especial,12,38.42387778,-78.83828889,Acotamiento,El primer evento no fue una colision con un vehiculo automotor en transporte,T-Intersection,Interseccion de T,Sobre el lado de la calle,Ninguna,Dia total,No reportado,No,NO APLICA,99,99,99,99,1,02/03/2022,1
51,Virginia,510129,0,0,2,0,53,DINWIDDIE (53),0,NO APLICA,2,Febrero,5,2022,2,37,I-85,1,Interestatal,Rural,Interestatal,State Highway Agency,1,Sin jurisdiccion especial,510,37.05809722,-77.59961389,Vehiculo en movimiento,Angulo,Not an Intersection,No fue interseccion,Sobre calle,Ninguna,Oscuro sin iluminacion,No reportado,No,NO APLICA,99,98,99,98,1,05/02/2022,2
51,Virginia,510130,0,0,2,0,85,HANOVER (85),0,NO APLICA,2,Febrero,16,2022,18,1,CR-643,4,Calle del Condado,Urbano,Colector Mayor,State Highway Agency,0,Sin jurisdiccion especial,21,37.62906111,-77.34104444,Vehiculo en movimiento,Frente a frente,Four-Way Intersection,Interseccion de 4 direcciones,Sobre calle,Ninguna,Atardecer,No reportado,No,NO APLICA,99,99,99,99,1,16/02/2022,2
51,Virginia,510131,0,0,1,0,85,HANOVER (85),0,NO APLICA,2,Febrero,25,2022,0,14,SR234/PRINCE WILLIAM PKWY,6,Calle Local Municipalidad,Urbano,Arteria Principal,State Highway Agency,1,Sin jurisdiccion especial,146,37.64471667,-77.13696667,Arbol,El primer evento no fue una colision con un vehiculo automotor en transporte,Not an Intersection,No fue interseccion,Sobre el lado de la calle,Ninguna,Oscuro sin iluminacion,lluvia,No,NO APLICA,99,98,99,98,1,25/02/2022,1
51,Virginia,510132,0,0,1,0,161,ROANOKE (161),0,NO APLICA,2,Febrero,26,2022,7,48,US-221,2,US Highway,Rural,Arteria Principal,County Highway Agency,0,Sin jurisdiccion especial,0,37.20047778,-80.07168889,Soporte de Puente,El primer evento no fue una colision con un vehiculo automotor en transporte,Not an Intersection,No fue interseccion,Sobre el lado de la calle,Ninguna,Dia total,No reportado,No,NO APLICA,99,98,99,98,1,26/02/2022,1
51,Virginia,510133,0,0,2,0,59,FAIRFAX (59),0,NO APLICA,3,Marzo,1,2022,16,0,I-95-495,1,Interestatal,Urbano,Interestatal,State Highway Agency,1,Sin jurisdiccion especial,1748,38.80295,-77.10069167,Vehiculo en movimiento,Frente a Detrás,Not an Intersection,No fue interseccion,Sobre calle,Ninguna,Dia total,No reportado,No,NO APLICA,99,98,99,98,1,01/03/2022,2
51,Virginia,510134,0,0,1,0,61,FAUQUIER (61),0,NO APLICA,2,Febrero,28,2022,23,20,CR-643,4,Calle del Condado,Rural,Arteria Principal,State Highway Agency,0,Sin jurisdiccion especial,57,38.66296944,-77.7409,Arbol,El primer evento no fue una colision con un vehiculo automotor en transporte,Not an Intersection,No fue interseccion,Sobre el lado de la calle,Ninguna,Oscuro sin iluminacion,No reportado,No,NO APLICA,99,98,99,98,1,28/02/2022,1
51,Virginia,510135,0,0,2,0,179,STAFFORD (179),0,NO APLICA,2,Febrero,19,2022,20,27,CR-610,4,Calle del Condado,Urbano,Colector Mayor,State Highway Agency,0,Sin jurisdiccion especial,74,38.46900278,-77.45896111,Vehiculo en movimiento,Angulo,Not an Intersection,No fue interseccion,Sobre calle,Ninguna,Oscuro sin iluminacion,No reportado,No,NO APLICA,99,99,99,99,1,19/02/2022,2
51,Virginia,510136,0,0,1,0,95,JAMES CITY (95),0,NO APLICA,2,Febrero,25,2022,20,21,CR-612,4,Calle del Condado,Urbano,Arteria Principal,State Highway Agency,1,Sin jurisdiccion especial,24,37.30551667,-76.751175,Poste,El primer evento no fue una colision con un vehiculo automotor en transporte,Not an Intersection,No fue interseccion,Sobre el lado de la calle,"Zona de trabajo, tipo desconocido",Oscuro con iluminacion,No reportado,No,NO APLICA,99,99,99,99,1,25/02/2022,1
51,Virginia,510138,1,1,1,0,33,CAROLINE (33),0,NO APLICA,2,Febrero,16,2022,5,20,SR-207/ROGERS CLARK BLVD,3,Highway estatal,Rural,Arteria Principal,State Highway Agency,1,Sin jurisdiccion especial,3,37.93370278,-77.47501389,Peaton,El primer evento no fue una colision con un vehiculo automotor en transporte,Four-Way Intersection,Interseccion de 4 direcciones,Sobre calle,Ninguna,Oscuro sin iluminacion,No reportado,No,NO APLICA,99,99,99,99,1,16/02/2022,1
51,Virginia,510139,1,1,1,0,710,NORFOLK (CITY) (710),1760,NORFOLK,2,Febrero,27,2022,2,24,I-64,1,Interestatal,Urbano,Interestatal,State Highway Agency,1,Sin jurisdiccion especial,2810,36.88393889,-76.22043056,Peaton,El primer evento no fue una colision con un vehiculo automotor en transporte,Not an Intersection,No fue interseccion,Sobre Acotamiento,Ninguna,Oscuro con iluminacion,No reportado,No,NO APLICA,99,98,99,98,1,27/02/2022,1
51,Virginia,510140,0,0,1,0,101,KING WILLIAM (101),2620,WEST POINT,3,Marzo,3,2022,21,44,CR-1129,4,Calle del Condado,Urbano,Colector Mayor,State Highway Agency,0,Sin jurisdiccion especial,7,37.53665556,-76.79932778,Banqueta,El primer evento no fue una colision con un vehiculo automotor en transporte,Four-Way Intersection,Interseccion de 4 direcciones,Sobre el lado de la calle,Ninguna,Oscuro con iluminacion,No reportado,No,NO APLICA,99,99,99,99,1,03/03/2022,1
51,Virginia,510141,0,0,3,0,155,PULASKI (155),0,NO APLICA,2,Febrero,21,2022,15,58,US-11,2,US Highway,Rural,Arteria Principal,State Highway Agency,1,Sin jurisdiccion especial,99998,37.03245278,-80.777275,Vehiculo en movimiento,Frente a frente,Not an Intersection,No fue interseccion,Sobre calle,Ninguna,Dia total,No reportado,No,NO APLICA,99,99,99,99,2,21/02/2022,3