Estado,Nombre de Estado,Numero de Caso,Peatones,Personas _no_vehiculos,Vehiculos automotores,Vehiculos estacionados,Condado,Nombre Condado,Ciudad,Nombre Ciudad,Mes,Nombre Mes,Dia,Año,Hora,Minuto,Calle,Ruta,Nombre Ruta,Rural o Urbanoo,Sistema Funcional,Dueño Calle,Sistema Nacional Carreteras,Jurisdiccion Especial,Milla,Latitud,Longitud,Causa del Accidente,Tipo de Accidente,Tipo Interseccion,Columna1,Lugar en la calle,Zona de Trabajo,Luz,Clima,Autobus Escolar,Cruce de Trenes,Hora Notificacion,Minuto Notificacion,Hora Llegada,Minuto Llegada,Decesos,Fecha,PersonaVehiculo
51,Virginia,510142,0,0,2,0,61,FAUQUIER (61),0,NO APLICA,2,Febrero,25,2022,10,13,US-17,2,US Highway,Rural,Arteria Principal,State Highway Agency,1,Sin jurisdiccion especial,1970,38.48333333,-77.68078611,Vehiculo en movimiento,Angulo,T-Intersection,Interseccion de T,Sobre calle,Ninguna,Dia total,No reportado,No,NO APLICA,99,99,99,99,2,25/02/2022,3
51,Virginia,510143,0,0,1,0,35,CARROLL (35),0,NO APLICA,3,Marzo,6,2022,11,17,CR-679,4,Calle del Condado,Rural,Colector Mayor,State Highway Agency,0,Sin jurisdiccion especial,59,36.63515833,-80.62623889,Arbol,El primer evento no fue una colision con un vehiculo automotor en transporte,Not an Intersection,No fue interseccion,Sobre el lado de la calle,Ninguna,Dia total,No reportado,No,NO APLICA,99,98,99,98,1,06/03/2022,1
51,Virginia,510144,0,0,2,0,510,ALEXANDRIA (CITY) (510),40,ALEXANDRIA,3,Marzo,5,2022,21,25,I-95-495,1,Interestatal,Urbano,Interestatal,State Highway Agency,1,Sin jurisdiccion especial,143,38.80150278,-77.08431111,Vehiculo en movimiento,Frente a Detrás,Not an Intersection,No fue interseccion,Sobre Acotamiento,Ninguna,Oscuro con iluminacion,No reportado,No,NO APLICA,99,99,99,99,1,05/03/2022,2
51,Virginia,510145,0,0,1,0,71,GILES (71),0,NO APLICA,3,Marzo,7,2022,5,19,US-460,2,US Highway,Urbano,Colector Mayor,State Highway Agency,0,Sin jurisdiccion especial,33,37.33158889,-80.69518611,Acotamiento,El primer evento no fue una colision con un vehiculo automotor en transporte,Not an Intersection,No fue interseccion,En el medio,Ninguna,Oscuro sin iluminacion,No reportado,No,NO APLICA,99,98,99,98,1,07/03/2022,1
51,Virginia,510146,1,1,1,0,47,CULPEPER (47),690,CULPEPER,2,Febrero,13,2022,21,44,HUNTERS RD,6,Calle Local Municipalidad,Urbano,Local,County Highway Agency,0,Sin jurisdiccion especial,3,38.47843056,-78.01643333,Peaton,El primer evento no fue una colision con un vehiculo automotor en transporte,Not an Intersection,No fue interseccion,Sobre calle,Ninguna,Oscuro sin iluminacion,No reportado,No,NO APLICA,99,99,99,99,1,13/02/2022,0
51,Virginia,510147,0,0,1,0,169,SCOTT (169),0,NO APLICA,3,Marzo,8,2022,11,45,CR-614,4,Calle del Condado,Rural,Colector Menor,State Highway Agency,0,Sin jurisdiccion especial,98,36.61841111,-82.64922222,Poste,El primer evento no fue una colision con un vehiculo automotor en transporte,Not an Intersection,No fue interseccion,Sobre el lado de la calle,Ninguna,Dia total,No reportado,No,NO APLICA,99,99,99,99,1,08/03/2022,1
51,Virginia,510148,0,0,2,0,700,NEWPORT NEWS (CITY) (700),1720,NEWPORT NEWS,3,Marzo,5,2022,15,59,SR-173/DENBIGH BLVD,3,Highway estatal,Urbano,Arteria Menor,City or Municipal Highway Agency,0,Sin jurisdiccion especial,20,37.13087222,-76.53338056,Vehiculo en movimiento,Angulo,T-Intersection,Interseccion de T,Sobre calle,Ninguna,Dia total,No reportado,No,NO APLICA,99,98,99,98,1,05/03/2022,2
51,Virginia,510149,0,0,2,0,85,HANOVER (85),0,NO APLICA,3,Marzo,8,2022,7,58,CR-1250,4,Calle del Condado,Urbano,Colector Mayor,State Highway Agency,0,Sin jurisdiccion especial,0,37.61416944,-77.40199444,Vehiculo en movimiento,Frente a Detrás,T-Intersection,Interseccion de T,Sobre calle,Ninguna,Dia total,No reportado,No,NO APLICA,99,99,99,99,1,08/03/2022,2
51,Virginia,510150,0,0,8,0,163,ROCKBRIDGE (163),0,NO APLICA,3,Marzo,9,2022,6,11,I-81,1,Interestatal,Rural,Interestatal,State Highway Agency,1,Sin jurisdiccion especial,1994,37.87159722,-79.317325,Vehiculo en movimiento,Golpe Lateral - misma direccion,Not an Intersection,No fue interseccion,Sobre calle,Ninguna,Oscuro sin iluminacion,lluvia,No,NO APLICA,99,99,99,99,1,09/03/2022,14
51,Virginia,510152,0,0,2,0,770,ROANOKE (CITY) (770),2100,ROANOKE,3,Marzo,13,2022,16,14,US-460,2,US Highway,Urbano,Arteria Principal,City or Municipal Highway Agency,1,Sin jurisdiccion especial,1520,37.29295,-79.99448889,Vehiculo en movimiento,Angulo,T-Intersection,Interseccion de T,Sobre calle,Ninguna,Dia total,No reportado,No,NO APLICA,99,99,99,99,1,13/03/2022,3
51,Virginia,510153,0,0,2,0,177,SPOTSYLVANIA (177),0,NO APLICA,2,Febrero,20,2022,1,54,US-1,2,US Highway,Urbano,Arteria Principal,State Highway Agency,1,Sin jurisdiccion especial,1452,38.27315,-77.49221667,Vehiculo en movimiento,Angulo,Four-Way Intersection,Interseccion de 4 direcciones,Sobre calle,Ninguna,Oscuro sin iluminacion,No reportado,No,NO APLICA,99,98,99,98,2,20/02/2022,2
51,Virginia,510154,0,0,2,0,87,HENRICO (87),0,NO APLICA,3,Marzo,13,2022,17,22,CR-7526,4,Calle del Condado,Urbano,Arteria Principal,County Highway Agency,1,Sin jurisdiccion especial,3,37.648975,-77.55435556,Vehiculo en movimiento,Angulo,Four-Way Intersection,Interseccion de 4 direcciones,Sobre calle,Ninguna,Dia total,No reportado,No,NO APLICA,99,99,99,99,1,13/03/2022,3
51,Virginia,510156,1,1,1,0,740,PORTSMOUTH (CITY) (740),1970,PORTSMOUTH,3,Marzo,19,2022,21,43,US-58,2,US Highway,Urbano,Arteria Menor,City or Municipal Highway Agency,0,Sin jurisdiccion especial,4862,36.82066944,-76.35228333,Peaton,El primer evento no fue una colision con un vehiculo automotor en transporte,Not an Intersection,No fue interseccion,Sobre calle,Ninguna,Oscuro con iluminacion,No reportado,No,NO APLICA,99,99,99,99,1,19/03/2022,1
51,Virginia,510157,1,1,1,0,59,FAIRFAX (59),0,NO APLICA,2,Febrero,19,2022,19,37,SR-123/OX RD,3,Highway estatal,Urbano,Arteria Principal,State Highway Agency,1,Sin jurisdiccion especial,25,38.69551667,-77.25631111,Peaton,El primer evento no fue una colision con un vehiculo automotor en transporte,Not an Intersection,No fue interseccion,Sobre calle,Ninguna,Oscuro con iluminacion,No reportado,No,NO APLICA,99,98,99,98,1,19/02/2022,1
51,Virginia,510159,1,1,2,0,153,PRINCE WILLIAM (153),0,NO APLICA,3,Marzo,1,2022,3,4,US-1,2,US Highway,Urbano,Arteria Principal,State Highway Agency,1,Sin jurisdiccion especial,1715,38.60526944,-77.29284722,Peaton,El primer evento no fue una colision con un vehiculo automotor en transporte,Not an Intersection,No fue interseccion,Sobre calle,Ninguna,Oscuro sin iluminacion,No reportado,No,NO APLICA,99,98,99,98,1,01/03/2022,2
51,Virginia,510160,0,0,2,0,155,PULASKI (155),1990,PULASKI,3,Marzo,22,2022,20,16,US-11 LEE HWY,2,US Highway,Urbano,No reportado,State Highway Agency,0,Sin jurisdiccion especial,6,37.05593056,-80.77285833,Vehiculo en movimiento,Angulo,T-Intersection,Interseccion de T,Sobre calle,Ninguna,Oscuro con iluminacion,No reportado,No,NO APLICA,99,99,99,99,1,22/03/2022,4
51,Virginia,510162,1,1,1,0,177,SPOTSYLVANIA (177),1870,PARTLOW,3,Marzo,25,2022,21,9,SR-2/TIDEWATER TRAIL,3,Highway estatal,Urbano,Arteria Menor,State Highway Agency,0,Sin jurisdiccion especial,491,38.25549444,-77.42877222,Peaton,El primer evento no fue una colision con un vehiculo automotor en transporte,Not an Intersection,No fue interseccion,Sobre calle,Ninguna,Oscuro sin iluminacion,No reportado,No,NO APLICA,99,99,99,99,1,25/03/2022,1
51,Virginia,510163,0,0,1,0,683,MANASSAS (CITY) (683),1550,MANASSAS,2,Febrero,12,2022,1,46,WELLINGTON RD,6,Calle Local Municipalidad,Urbano,Arteria Menor,City or Municipal Highway Agency,0,Sin jurisdiccion especial,3,38.74138333,-77.45788889,Banqueta,El primer evento no fue una colision con un vehiculo automotor en transporte,Four-Way Intersection,Interseccion de 4 direcciones,Sobre el lado de la calle,Ninguna,Oscuro con iluminacion,No reportado,No,NO APLICA,99,99,99,99,1,12/02/2022,1
51,Virginia,510164,0,0,1,0,83,HALIFAX (83),0,NO APLICA,3,Marzo,25,2022,7,4,US-501,2,US Highway,Rural,Arteria Menor,State Highway Agency,0,Sin jurisdiccion especial,69,36.63210833,-78.91219722,Arbol,El primer evento no fue una colision con un vehiculo automotor en transporte,Not an Intersection,No fue interseccion,Sobre el lado de la calle,Ninguna,Amanecer,No reportado,No,NO APLICA,99,98,99,98,1,25/03/2022,1
51,Virginia,510165,3,3,1,0,199,YORK (199),0,NO APLICA,3,Marzo,31,2022,18,2,WILLIAMSBURG POTTERY RD,6,Calle Local Municipalidad,Rural,Local,State Highway Agency,0,Sin jurisdiccion especial,4,37.34747222,-76.74930833,Peaton,El primer evento no fue una colision con un vehiculo automotor en transporte,Not an Intersection,No fue interseccion,Sobre calle,Ninguna,Dia total,lluvia,No,NO APLICA,99,99,99,99,1,31/03/2022,1
51,Virginia,510166,0,0,2,0,105,LEE (105),0,NO APLICA,4,Abril,8,2022,12,30,US-58,2,US Highway,Rural,Arteria Menor,State Highway Agency,0,Sin jurisdiccion especial,94,36.76208611,-83.00551389,Vehiculo en movimiento,Frente a frente,Not an Intersection,No fue interseccion,Sobre calle,Ninguna,Dia total,No reportado,No,NO APLICA,99,99,99,99,1,08/04/2022,2
51,Virginia,510167,0,0,3,0,135,NOTTOWAY (135),0,NO APLICA,4,Abril,6,2022,18,0,SR-307/HOLLY FARMS RD,3,Highway estatal,Rural,Arteria Principal,Unknown,1,Sin jurisdiccion especial,39,37.27851389,-78.21426944,Vehiculo en movimiento,Angulo,Not an Intersection,No fue interseccion,Sobre calle,Ninguna,Dia total,No reportado,No,NO APLICA,99,99,99,99,1,06/04/2022,3
51,Virginia,510168,0,0,2,0,141,PATRICK (141),2380,STUART,4,Abril,8,2022,13,18,US-58,2,US Highway,Rural,Arteria Principal,State Highway Agency,1,Sin jurisdiccion especial,2393,36.64721944,-80.25486667,Vehiculo en movimiento,Frente a frente,Not an Intersection,No fue interseccion,Sobre calle,Ninguna,Dia total,No reportado,No,NO APLICA,99,99,99,99,1,08/04/2022,2
51,Virginia,510169,0,0,1,0,153,PRINCE WILLIAM (153),0,NO APLICA,4,Abril,11,2022,8,48,I-66,1,Interestatal,Urbano,Interestatal,State Highway Agency,1,Sin jurisdiccion especial,425,38.80196111,-77.60743611,Valla para choques,El primer evento no fue una colision con un vehiculo automotor en transporte,Not an Intersection,No fue interseccion,Sobre el lado de la calle,"Zona de trabajo, tipo desconocido",Dia total,No reportado,No,NO APLICA,99,98,99,98,1,11/04/2022,1
51,Virginia,510170,0,0,5,0,510,ALEXANDRIA (CITY) (510),40,ALEXANDRIA,2,Febrero,22,2022,23,50,SR-236/DUKE ST,3,Highway estatal,Urbano,Arteria Principal,City or Municipal Highway Agency,1,Sin jurisdiccion especial,134,38.80810278,-77.08623889,Vehiculo en movimiento,Frente a Detrás,T-Intersection,Interseccion de T,Sobre calle,Ninguna,Oscuro con iluminacion,lluvia,No,NO APLICA,99,99,99,99,1,22/02/2022,11
51,Virginia,510171,0,0,1,0,163,ROCKBRIDGE (163),0,NO APLICA,4,Abril,13,2022,19,20,CR-608,4,Calle del Condado,Rural,Arteria Principal,State Highway Agency,1,Sin jurisdiccion especial,55,37.63730556,-79.51921944,Arbol,El primer evento no fue una colision con un vehiculo automotor en transporte,Not an Intersection,No fue interseccion,Sobre el lado de la calle,Ninguna,Dia total,No reportado,No,NO APLICA,99,99,99,99,1,13/04/2022,2
51,Virginia,510172,0,0,5,0,810,VIRGINIA BEACH (CITY) (810),2540,VIRGINIA BEACH,4,Abril,8,2022,22,56,21ST ST,6,Calle Local Municipalidad,Urbano,Arteria Principal,City or Municipal Highway Agency,1,Sin jurisdiccion especial,5,36.84898056,-75.97693056,Vehiculo en movimiento,Golpe Lateral - misma direccion,Four-Way Intersection,Interseccion de 4 direcciones,Sobre calle,Ninguna,Oscuro con iluminacion,No reportado,No,NO APLICA,99,99,99,99,1,08/04/2022,5
51,Virginia,510173,0,0,1,0,153,PRINCE WILLIAM (153),0,NO APLICA,4,Abril,11,2022,12,47,US-29,2,US Highway,Rural,Arteria Menor,State Highway Agency,0,Sin jurisdiccion especial,2212,38.81,-77.55981944,Arbol,El primer evento no fue una colision con un vehiculo automotor en transporte,Not an Intersection,No fue interseccion,Sobre el lado de la calle,Ninguna,Dia total,No reportado,No,NO APLICA,99,99,99,99,1,11/04/2022,1
51,Virginia,510174,0,0,1,0,93,ISLE OF WIGHT (93),0,NO APLICA,4,Abril,14,2022,17,45,CR-601,4,Calle del Condado,Rural,Local,State Highway Agency,0,Sin jurisdiccion especial,13,36.85813611,-76.61978611,Zanja,El primer evento no fue una colision con un vehiculo automotor en transporte,Not an Intersection,No fue interseccion,Sobre el lado de la calle,Ninguna,Dia total,No reportado,No,NO APLICA,99,99,99,99,1,14/04/2022,1
51,Virginia,510175,0,0,2,0,41,CHESTERFIELD (41),0,NO APLICA,4,Abril,18,2022,16,23,CR-621,4,Calle del Condado,Rural,Arteria Principal,State Highway Agency,1,Sin jurisdiccion especial,22,37.33822222,-77.72144722,Vehiculo en movimiento,Angulo,Not an Intersection,No fue interseccion,Sobre el lado de la calle,Ninguna,Dia total,lluvia,No,NO APLICA,99,99,99,99,1,18/04/2022,2
51,Virginia,510176,0,0,1,0,85,HANOVER (85),0,NO APLICA,4,Abril,15,2022,19,22,US-33,2,US Highway,Rural,Arteria Menor,State Highway Agency,0,Sin jurisdiccion especial,1153,37.78528889,-77.64077222,Culvert,El primer evento no fue una colision con un vehiculo automotor en transporte,Not an Intersection,No fue interseccion,Sobre el lado de la calle,Ninguna,Dia total,No reportado,No,NO APLICA,99,98,99,98,2,15/04/2022,2
51,Virginia,510177,0,0,1,0,165,ROCKINGHAM (165),0,NO APLICA,4,Abril,17,2022,20,1,US-340,2,US Highway,Rural,Arteria Menor,State Highway Agency,0,Sin jurisdiccion especial,374,38.31719722,-78.72578056,Volcadura,El primer evento no fue una colision con un vehiculo automotor en transporte,Not an Intersection,No fue interseccion,Sobre el lado de la calle,Ninguna,Atardecer,No reportado,No,NO APLICA,99,99,99,99,1,17/04/2022,1
51,Virginia,510178,0,0,3,0,153,PRINCE WILLIAM (153),0,NO APLICA,4,Abril,13,2022,13,20,CR-2000,4,Calle del Condado,Urbano,Colector Mayor,State Highway Agency,0,Sin jurisdiccion especial,24,38.65568889,-77.30735833,Vehiculo en movimiento,Angulo,Four-Way Intersection,Interseccion de 4 direcciones,Sobre calle,Ninguna,Dia total,No reportado,No,NO APLICA,99,99,99,99,1,13/04/2022,4
51,Virginia,510179,0,0,1,0,197,WYTHE (197),2140,RURAL RETREAT,4,Abril,13,2022,0,20,I-81,1,Interestatal,Rural,Interestatal,State Highway Agency,1,Sin jurisdiccion especial,604,36.91429722,-81.28126944,Acotamiento,El primer evento no fue una colision con un vehiculo automotor en transporte,Not an Intersection,No fue interseccion,En el medio,Ninguna,Oscuro sin iluminacion,No reportado,No,NO APLICA,99,99,99,99,1,13/04/2022,1
51,Virginia,510180,0,0,1,0,63,FLOYD (63),0,NO APLICA,4,Abril,18,2022,10,46,US-58,2,US Highway,Rural,Arteria Principal,State Highway Agency,1,Sin jurisdiccion especial,99998,36.73226667,-80.4629,Poste o otros soportes,El primer evento no fue una colision con un vehiculo automotor en transporte,Not an Intersection,No fue interseccion,En el medio,Ninguna,Dia total,Nieve,No,NO APLICA,99,98,99,98,1,18/04/2022,3
51,Virginia,510181,0,0,2,0,63,FLOYD (63),0,NO APLICA,4,Abril,19,2022,10,22,SR-8/PARKWAY LN,3,Highway estatal,Rural,Arteria Menor,State Highway Agency,0,Sin jurisdiccion especial,321,36.87848333,-80.32949722,Vehiculo en movimiento,Angulo,Not an Intersection,No fue interseccion,Sobre calle,Ninguna,Dia total,No reportado,No,NO APLICA,99,99,99,99,1,19/04/2022,3
51,Virginia,510182,0,0,1,0,770,ROANOKE (CITY) (770),2100,ROANOKE,4,Abril,19,2022,17,48,BENNINGTON ST SE,6,Calle Local Municipalidad,Urbano,Arteria Menor,City or Municipal Highway Agency,0,Sin jurisdiccion especial,9,37.262325,-79.91373611,Banqueta,El primer evento no fue una colision con un vehiculo automotor en transporte,Not an Intersection,No fue interseccion,Sobre el lado de la calle,Ninguna,Oscuro con iluminacion,No reportado,No,NO APLICA,99,98,99,98,1,19/04/2022,1
51,Virginia,510183,0,2,4,3,43,CLARKE (43),0,NO APLICA,4,Abril,19,2022,16,30,CR-643,4,Calle del Condado,Rural,Local,State Highway Agency,0,Sin jurisdiccion especial,5,39.12649167,-77.86946111,Buzon de correo,El primer evento no fue una colision con un vehiculo automotor en transporte,Not an Intersection,No fue interseccion,Sobre el lado de la calle,Ninguna,Dia total,No reportado,No,NO APLICA,99,99,99,99,1,19/04/2022,2
51,Virginia,510184,0,0,1,0,87,HENRICO (87),0,NO APLICA,4,Abril,19,2022,12,45,I-64,1,Interestatal,Urbano,Interestatal,State Highway Agency,1,Sin jurisdiccion especial,1941,37.53948056,-77.38773889,Arbol,El primer evento no fue una colision con un vehiculo automotor en transporte,Not an Intersection,No fue interseccion,Sobre el lado de la calle,Ninguna,Dia total,No reportado,No,NO APLICA,99,98,99,98,1,19/04/2022,2
51,Virginia,510185,0,0,1,0,21,BLAND (21),0,NO APLICA,4,Abril,23,2022,17,40,SR-42/BLUEGRASS TRAIL,3,Highway estatal,Rural,Arteria Menor,State Highway Agency,0,Sin jurisdiccion especial,534,37.1807,-80.867,Acotamiento,El primer evento no fue una colision con un vehiculo automotor en transporte,Not an Intersection,No fue interseccion,Sobre el lado de la calle,Ninguna,Dia total,No reportado,No,NO APLICA,99,99,99,99,1,23/04/2022,1
51,Virginia,510186,0,0,1,0,125,NELSON (125),0,NO APLICA,4,Abril,24,2022,21,50,US-29,2,US Highway,Rural,Arteria Principal,State Highway Agency,1,Sin jurisdiccion especial,996,37.69266389,-78.94663056,Zanja,El primer evento no fue una colision con un vehiculo automotor en transporte,Not an Intersection,No fue interseccion,Sobre el lado de la calle,Ninguna,Oscuro sin iluminacion,No reportado,No,NO APLICA,99,98,99,98,1,24/04/2022,1
51,Virginia,510187,0,0,2,0,67,FRANKLIN (67),0,NO APLICA,4,Abril,21,2022,17,29,US-220,2,US Highway,Rural,Arteria Principal,State Highway Agency,1,Sin jurisdiccion especial,271,36.84554167,-79.89886389,Vehiculo en movimiento,Angulo,Four-Way Intersection,Interseccion de 4 direcciones,Sobre calle,Ninguna,Dia total,No reportado,No,NO APLICA,99,98,99,98,2,21/04/2022,3
51,Virginia,510188,1,1,1,0,179,STAFFORD (179),0,NO APLICA,1,Enero,9,2022,10,42,US-1,2,US Highway,Urbano,Arteria Principal,State Highway Agency,1,Sin jurisdiccion especial,1556,38.40735833,-77.41649444,Peaton,El primer evento no fue una colision con un vehiculo automotor en transporte,Not an Intersection,No fue interseccion,Sobre calle,Ninguna,Dia total,No reportado,No,NO APLICA,99,99,99,99,1,09/01/2022,1
51,Virginia,510189,1,1,1,0,760,RICHMOND (CITY) (760),2060,RICHMOND,1,Enero,30,2022,2,13,US-360,2,US Highway,Urbano,Arteria Principal,City or Municipal Highway Agency,1,Sin jurisdiccion especial,1359,37.48948056,-77.49324167,Peaton,El primer evento no fue una colision con un vehiculo automotor en transporte,Not an Intersection,No fue interseccion,Sobre calle,Ninguna,Oscuro con iluminacion,No reportado,No,NO APLICA,99,98,99,98,1,30/01/2022,1
51,Virginia,510190,0,0,2,0,19,BEDFORD (19),0,NO APLICA,1,Enero,31,2022,5,45,SR-24,3,Highway estatal,Rural,Arteria Menor,State Highway Agency,0,Sin jurisdiccion especial,176,37.23963056,-79.64730833,Vehiculo en movimiento,Frente a frente,Not an Intersection,No fue interseccion,Sobre calle,Ninguna,Oscuro sin iluminacion,No reportado,No,NO APLICA,99,99,99,99,1,31/01/2022,2
51,Virginia,510191,0,0,1,0,550,CHESAPEAKE(CITY) (550),468,CHESAPEAKE,1,Enero,31,2022,23,59,US-58,2,US Highway,Rural,Arterial Principal -Freeway o ExpressWay,State Highway Agency,1,Sin jurisdiccion especial,4800,36.776325,-76.44564167,Arbol,El primer evento no fue una colision con un vehiculo automotor en transporte,Not an Intersection,No fue interseccion,En el medio,Ninguna,Oscuro con iluminacion,No reportado,No,NO APLICA,99,99,99,99,1,31/01/2022,2
51,Virginia,510192,0,0,2,0,145,POWHATAN (145),0,NO APLICA,1,Enero,26,2022,5,20,US-60,2,US Highway,Rural,Arteria Menor,State Highway Agency,0,Sin jurisdiccion especial,1571,37.56593056,-77.995575,Vehiculo en movimiento,Frente a frente,Not an Intersection,No fue interseccion,Sobre calle,Ninguna,Oscuro sin iluminacion,No reportado,No,NO APLICA,99,99,99,99,1,26/01/2022,2
51,Virginia,510193,0,0,1,0,59,FAIRFAX (59),1703,NEWINGTON,1,Enero,24,2022,4,46,I-95,1,Interestatal,Urbano,Interestatal,State Highway Agency,1,Sin jurisdiccion especial,1669,38.73434722,-77.19481944,Barrera de Trafico de Concreto,El primer evento no fue una colision con un vehiculo automotor en transporte,Not an Intersection,No fue interseccion,En el medio,Ninguna,Oscuro con iluminacion,No reportado,No,NO APLICA,99,99,99,99,1,24/01/2022,1
51,Virginia,510194,1,1,1,0,59,FAIRFAX (59),76,ANNANDALE,2,Febrero,10,2022,20,30,CR-2948 JOHN MARR DR,4,Calle del Condado,Urbano,Colector Mayor,State Highway Agency,0,Sin jurisdiccion especial,4,38.83243056,-77.18943889,Peaton,El primer evento no fue una colision con un vehiculo automotor en transporte,Not an Intersection,No fue interseccion,Sobre calle,Ninguna,Oscuro con iluminacion,No reportado,No,NO APLICA,99,99,99,99,1,10/02/2022,1
51,Virginia,510195,0,0,2,0,15,AUGUSTA (15),0,NO APLICA,2,Febrero,1,2022,4,44,I-81,1,Interestatal,Rural,Interestatal,State Highway Agency,1,Sin jurisdiccion especial,2341,38.26391667,-78.94087222,Vehiculo en movimiento,Frente a Detrás,Not an Intersection,No fue interseccion,Sobre calle,Mantenimiento,Oscuro sin iluminacion,No reportado,No,NO APLICA,99,99,99,99,1,01/02/2022,2
51,Virginia,510196,0,0,2,0,153,PRINCE WILLIAM (153),0,NO APLICA,2,Febrero,25,2022,4,39,SR-234/PRINCE WILLIAM PKWY,3,Highway estatal,Urbano,Arterial Principal -Freeway o ExpressWay,State Highway Agency,1,Sin jurisdiccion especial,146,38.71506111,-77.46718333,Vehiculo en movimiento,Angulo,T-Intersection,Interseccion de T,Sobre calle,Ninguna,Oscuro con iluminacion,lluvia,No,NO APLICA,99,99,99,99,1,25/02/2022,2
51,Virginia,510197,1,1,4,0,710,NORFOLK (CITY) (710),1760,NORFOLK,2,Febrero,4,2022,3,36,SR-168,3,Highway estatal,Urbano,Arteria Principal,City or Municipal Highway Agency,0,Sin jurisdiccion especial,241,36.86205,-76.27116944,Peaton,El primer evento no fue una colision con un vehiculo automotor en transporte,Not an Intersection,No fue interseccion,Sobre calle,Ninguna,Oscuro con iluminacion,No reportado,No,NO APLICA,99,98,99,98,1,04/02/2022,4
51,Virginia,510198,0,0,1,0,155,PULASKI (155),0,NO APLICA,2,Febrero,28,2022,21,33,US-11,2,US Highway,Rural,Arteria Principal,State Highway Agency,1,Sin jurisdiccion especial,905,37.01639722,-80.78661389,Zanja,El primer evento no fue una colision con un vehiculo automotor en transporte,Not an Intersection,No fue interseccion,Sobre el lado de la calle,Ninguna,Oscuro sin iluminacion,No reportado,No,NO APLICA,99,99,99,99,1,28/02/2022,1
51,Virginia,510199,0,3,2,1,89,HENRY (89),0,NO APLICA,3,Marzo,2,2022,19,10,CR-667,4,Calle del Condado,Urbano,Arteria Menor,State Highway Agency,0,Sin jurisdiccion especial,15,36.69740278,-79.89587778,Poste o otros soportes,El primer evento no fue una colision con un vehiculo automotor en transporte,Not an Intersection,No fue interseccion,Sobre el lado de la calle,Ninguna,Oscuro sin iluminacion,No reportado,No,NO APLICA,99,99,99,99,1,02/03/2022,2
51,Virginia,510200,0,0,2,0,87,HENRICO (87),0,NO APLICA,3,Marzo,7,2022,16,10,CR-7555,4,Calle del Condado,Urbano,Arteria Principal,County Highway Agency,0,Sin jurisdiccion especial,18,37.47724167,-77.36491389,Vehiculo en movimiento,Angulo,Four-Way Intersection,Interseccion de 4 direcciones,Sobre calle,Ninguna,Dia total,No reportado,No,NO APLICA,99,99,99,99,1,07/03/2022,2
51,Virginia,510201,0,0,1,0,183,SUSSEX (183),0,NO APLICA,3,Marzo,14,2022,23,23,CR-657,4,Calle del Condado,Rural,Local,State Highway Agency,0,Sin jurisdiccion especial,12,36.92771111,-77.43720278,Arbol,El primer evento no fue una colision con un vehiculo automotor en transporte,Not an Intersection,No fue interseccion,Sobre el lado de la calle,Ninguna,Oscuro sin iluminacion,No reportado,No,NO APLICA,99,98,99,98,1,14/03/2022,1
51,Virginia,510202,0,0,1,0,17,BATH (17),0,NO APLICA,3,Marzo,14,2022,12,48,US-220,2,US Highway,Rural,Arteria Principal,State Highway Agency,1,Sin jurisdiccion especial,1594,38.17027222,-79.73685833,Arbol,El primer evento no fue una colision con un vehiculo automotor en transporte,Not an Intersection,No fue interseccion,Sobre el lado de la calle,Ninguna,Dia total,No reportado,No,NO APLICA,99,99,99,99,1,14/03/2022,1
51,Virginia,510203,0,0,1,0,810,VIRGINIA BEACH (CITY) (810),2540,VIRGINIA BEACH,3,Marzo,4,2022,19,35,LONDON BRIDGE RD,6,Calle Local Municipalidad,Urbano,Arteria Menor,City or Municipal Highway Agency,0,Sin jurisdiccion especial,25,36.77943333,-76.04334444,Banqueta,El primer evento no fue una colision con un vehiculo automotor en transporte,Not an Intersection,No fue interseccion,En el medio,Ninguna,Oscuro con iluminacion,No reportado,No,NO APLICA,99,99,99,99,1,04/03/2022,1
51,Virginia,510204,0,0,1,0,141,PATRICK (141),0,NO APLICA,3,Marzo,17,2022,18,45,CR-626,4,Calle del Condado,Rural,Colector Menor,State Highway Agency,0,Sin jurisdiccion especial,56,36.66381389,-80.1224,Arbol,El primer evento no fue una colision con un vehiculo automotor en transporte,Not an Intersection,No fue interseccion,Sobre el lado de la calle,Ninguna,Dia total,No reportado,No,NO APLICA,99,98,99,98,1,17/03/2022,1
51,Virginia,510205,0,0,1,0,191,WASHINGTON (191),0,NO APLICA,3,Marzo,16,2022,16,10,SR-91/CRESCENT RD,3,Highway estatal,Rural,Colector Mayor,State Highway Agency,0,Sin jurisdiccion especial,183,36.81505278,-81.76760556,Barda,El primer evento no fue una colision con un vehiculo automotor en transporte,Not an Intersection,No fue interseccion,Sobre el lado de la calle,Ninguna,Dia total,lluvia,No,NO APLICA,99,99,99,99,1,16/03/2022,4
51,Virginia,510206,0,0,1,0,590,DANVILLE(CITY) (590),720,DANVILLE,3,Marzo,12,2022,23,38,SEMINOLE DR,6,Calle Local Municipalidad,Urbano,Arteria Principal,State Highway Agency,1,Sin jurisdiccion especial,2,36.63433889,-79.38226389,Arbol,El primer evento no fue una colision con un vehiculo automotor en transporte,Not an Intersection,No fue interseccion,Sobre el lado de la calle,Ninguna,Oscuro con iluminacion,No reportado,No,NO APLICA,99,98,99,98,1,12/03/2022,1