Estado,Nombre de Estado,Numero de Caso,Peatones,Personas _no_vehiculos,Vehiculos automotores,Vehiculos estacionados,Condado,Nombre Condado,Ciudad,Nombre Ciudad,Mes,Nombre Mes,Dia,Año,Hora,Minuto,Calle,Ruta,Nombre Ruta,Rural o Urbanoo,Sistema Funcional,Dueño Calle,Sistema Nacional Carreteras,Jurisdiccion Especial,Milla,Latitud,Longitud,Causa del Accidente,Tipo de Accidente,Tipo Interseccion,Columna1,Lugar en la calle,Zona de Trabajo,Luz,Clima,Autobus Escolar,Cruce de Trenes,Hora Notificacion,Minuto Notificacion,Hora Llegada,Minuto Llegada,Decesos,Fecha,PersonaVehiculo
51,Virginia,510207,0,0,1,0,89,HENRY (89),0,NO APLICA,3,Marzo,14,2022,16,11,SR-57/CHATHAM RD,3,Highway estatal,Rural,Arteria Menor,State Highway Agency,0,Sin jurisdiccion especial,318,36.69880833,-79.81430278,Zanja,El primer evento no fue una colision con un vehiculo automotor en transporte,Not an Intersection,No fue interseccion,Sobre el lado de la calle,Ninguna,Dia total,No reportado,No,NO APLICA,99,98,99,98,1,14/03/2022,1
51,Virginia,510208,0,0,1,0,5,ALLEGHANY (5),0,NO APLICA,3,Marzo,19,2022,20,38,SR-311/KANAWHA TRL,3,Highway estatal,Rural,Arteria Principal,State Highway Agency,1,Sin jurisdiccion especial,431,37.65568333,-80.23731667,Poste de Señal de trafico,El primer evento no fue una colision con un vehiculo automotor en transporte,Not an Intersection,No fue interseccion,Sobre el lado de la calle,Ninguna,Oscuro sin iluminacion,No reportado,No,NO APLICA,99,99,99,99,1,19/03/2022,3
51,Virginia,510209,0,0,3,0,183,SUSSEX (183),0,NO APLICA,3,Marzo,21,2022,4,5,I-95,1,Interestatal,Rural,Interestatal,State Highway Agency,1,Sin jurisdiccion especial,290,36.91323611,-77.39785556,Vehiculo en movimiento,Frente a Detrás,Not an Intersection,No fue interseccion,Sobre calle,Ninguna,Oscuro sin iluminacion,No reportado,No,NO APLICA,99,99,99,99,1,21/03/2022,4
51,Virginia,510210,0,0,1,0,139,PAGE (139),1480,LURAY,3,Marzo,19,2022,17,40,US-211,2,US Highway,Urbano,Arteria Principal,State Highway Agency,1,Sin jurisdiccion especial,136,38.66859444,-78.47736667,Valla Ferrocarril,El primer evento no fue una colision con un vehiculo automotor en transporte,Not an Intersection,No fue interseccion,Sobre el lado de la calle,Ninguna,Dia total,No reportado,No,NO APLICA,99,99,99,99,1,19/03/2022,1
51,Virginia,510211,0,0,1,0,109,LOUISA (109),1460,LOUISA,3,Marzo,20,2022,0,6,SR-208/COURTHOUSE RD,3,Highway estatal,Rural,Colector Mayor,State Highway Agency,0,Sin jurisdiccion especial,90,38.02018611,-78.00218333,Arbol,El primer evento no fue una colision con un vehiculo automotor en transporte,Not an Intersection,No fue interseccion,Sobre el lado de la calle,Ninguna,Oscuro sin iluminacion,No reportado,No,NO APLICA,99,99,99,99,1,20/03/2022,1
51,Virginia,510213,0,0,2,0,760,RICHMOND (CITY) (760),2060,RICHMOND,3,Marzo,12,2022,14,51,US-250,2,US Highway,Urbano,Arteria Principal,City or Municipal Highway Agency,1,Sin jurisdiccion especial,1667,37.53803056,-77.4293,Vehiculo en movimiento,Angulo,Four-Way Intersection,Interseccion de 4 direcciones,Sobre calle,Ninguna,Dia total,Nieve,No,NO APLICA,99,99,99,99,1,12/03/2022,6
51,Virginia,510214,0,0,3,0,59,FAIRFAX (59),1520,MCLEAN,3,Marzo,9,2022,15,0,SR-193/GEORGETOWN PIKE,3,Highway estatal,Urbano,Arteria Menor,State Highway Agency,0,Sin jurisdiccion especial,59,38.97545,-77.24591667,Vehiculo en movimiento,Frente a frente,Not an Intersection,No fue interseccion,Sobre calle,Ninguna,Dia total,lluvia,No,NO APLICA,99,99,99,99,1,09/03/2022,3
51,Virginia,510215,0,0,2,0,61,FAUQUIER (61),0,NO APLICA,3,Marzo,24,2022,20,22,US-17,2,US Highway,Rural,Arteria Menor,State Highway Agency,0,Sin jurisdiccion especial,2379,38.96375,-77.94700833,Vehiculo en movimiento,Frente a frente,Not an Intersection,No fue interseccion,Sobre calle,Ninguna,Oscuro sin iluminacion,No reportado,No,NO APLICA,99,99,99,99,1,24/03/2022,3
51,Virginia,510216,1,1,1,0,760,RICHMOND (CITY) (760),2060,RICHMOND,3,Marzo,25,2022,21,11,US-360,2,US Highway,Urbano,Arteria Principal,City or Municipal Highway Agency,1,Sin jurisdiccion especial,1385,37.51319722,-77.45632778,Peaton,El primer evento no fue una colision con un vehiculo automotor en transporte,Not an Intersection,No fue interseccion,Sobre calle,Ninguna,Oscuro sin iluminacion,No reportado,No,NO APLICA,99,98,99,98,1,25/03/2022,2
51,Virginia,510217,0,0,1,0,137,ORANGE (137),0,NO APLICA,3,Marzo,26,2022,2,58,US-33,2,US Highway,Rural,Arteria Menor,State Highway Agency,0,Sin jurisdiccion especial,696,38.148425,-78.23852222,Barda,El primer evento no fue una colision con un vehiculo automotor en transporte,Not an Intersection,No fue interseccion,Sobre el lado de la calle,Ninguna,Oscuro sin iluminacion,No reportado,No,NO APLICA,99,99,99,99,1,26/03/2022,1
51,Virginia,510218,0,0,2,0,760,RICHMOND (CITY) (760),2060,RICHMOND,3,Marzo,26,2022,16,43,CR-7619 HOSPITAL ST,6,Calle Local Municipalidad,Urbano,Arteria Menor,City or Municipal Highway Agency,0,Sin jurisdiccion especial,3,37.55115,-77.42711111,Vehiculo en movimiento,Frente a Detrás,T-Intersection,Interseccion de T,Sobre calle,Ninguna,Dia total,No reportado,No,623530L,99,99,99,99,1,26/03/2022,2
51,Virginia,510219,0,0,2,0,71,GILES (71),0,NO APLICA,3,Marzo,24,2022,20,3,US-460,2,US Highway,Rural,Arteria Principal,State Highway Agency,1,Sin jurisdiccion especial,1075,37.28979722,-80.49874444,Vehiculo en movimiento,Angulo,Four-Way Intersection,Interseccion de 4 direcciones,Sobre calle,Ninguna,Oscuro sin iluminacion,No reportado,No,NO APLICA,99,99,99,99,1,24/03/2022,3
51,Virginia,510220,0,0,1,0,15,AUGUSTA (15),0,NO APLICA,3,Marzo,27,2022,20,39,I-64,1,Interestatal,Urbano,Interestatal,State Highway Agency,1,Sin jurisdiccion especial,883,38.11470278,-79.03074444,Acotamiento,El primer evento no fue una colision con un vehiculo automotor en transporte,Not an Intersection,No fue interseccion,En el medio,Ninguna,Oscuro sin iluminacion,No reportado,No,NO APLICA,99,99,99,99,1,27/03/2022,2
51,Virginia,510221,0,0,1,0,19,BEDFORD (19),0,NO APLICA,3,Marzo,27,2022,2,59,SR-122/BIG ISLAND HWY,3,Highway estatal,Rural,Arteria Principal,State Highway Agency,1,Sin jurisdiccion especial,494,37.49969167,-79.43452778,Acotamiento,El primer evento no fue una colision con un vehiculo automotor en transporte,Not an Intersection,No fue interseccion,Sobre el lado de la calle,Ninguna,Oscuro sin iluminacion,No reportado,No,NO APLICA,99,98,99,98,1,27/03/2022,1
51,Virginia,510223,0,0,3,0,630,FREDERICKSBURG (CITY) (630),1020,FREDERICKSBURG,3,Marzo,29,2022,13,3,US-1,2,US Highway,Urbano,Arteria Principal,City or Municipal Highway Agency,1,Sin jurisdiccion especial,1485,38.31832222,-77.472125,Vehiculo en movimiento,Angulo,Four-Way Intersection,Interseccion de 4 direcciones,Sobre calle,Ninguna,Dia total,No reportado,No,NO APLICA,99,99,99,99,1,29/03/2022,3
51,Virginia,510224,0,0,1,0,700,NEWPORT NEWS (CITY) (700),1720,NEWPORT NEWS,3,Marzo,27,2022,1,23,US-17,2,US Highway,Urbano,Arteria Principal,City or Municipal Highway Agency,1,Sin jurisdiccion especial,563,37.08103056,-76.46015833,Poste,El primer evento no fue una colision con un vehiculo automotor en transporte,Not an Intersection,No fue interseccion,Sobre el lado de la calle,Ninguna,Oscuro con iluminacion,No reportado,No,NO APLICA,99,99,99,99,1,27/03/2022,1
51,Virginia,510225,1,1,3,0,177,SPOTSYLVANIA (177),0,NO APLICA,3,Marzo,15,2022,19,51,SR-208/COURTHOUSE  RD,3,Highway estatal,Urbano,Arteria Menor,State Highway Agency,0,Sin jurisdiccion especial,426,38.22805,-77.56348611,Peaton,El primer evento no fue una colision con un vehiculo automotor en transporte,T-Intersection,Interseccion de T,Sobre calle,Ninguna,Atardecer,No reportado,No,NO APLICA,99,98,99,98,1,15/03/2022,3
51,Virginia,510226,0,0,1,0,171,SHENANDOAH (171),0,NO APLICA,3,Marzo,30,2022,20,50,US-11,2,US Highway,Urbano,Arteria Principal,State Highway Agency,1,Sin jurisdiccion especial,3023,38.90685556,-78.48414444,Arbol,El primer evento no fue una colision con un vehiculo automotor en transporte,Not an Intersection,No fue interseccion,Sobre el lado de la calle,Ninguna,Oscuro sin iluminacion,No reportado,No,NO APLICA,99,99,99,99,1,30/03/2022,1
51,Virginia,510227,0,0,1,0,59,FAIRFAX (59),1816,OAKTON,3,Marzo,30,2022,14,1,CR-673,4,Calle del Condado,Urbano,Arteria Menor,State Highway Agency,0,Sin jurisdiccion especial,54,38.90970833,-77.28479722,Arbol,El primer evento no fue una colision con un vehiculo automotor en transporte,Not an Intersection,No fue interseccion,Sobre el lado de la calle,Ninguna,Dia total,No reportado,No,NO APLICA,99,99,99,99,1,30/03/2022,1
51,Virginia,510228,1,1,1,0,810,VIRGINIA BEACH (CITY) (810),2540,VIRGINIA BEACH,3,Marzo,23,2022,20,22,I-264/RAMP,1,Interestatal,Urbano,Interestatal,State Highway Agency,1,Sin jurisdiccion especial,4,36.82899444,-76.13554722,Peaton,El primer evento no fue una colision con un vehiculo automotor en transporte,Not an Intersection,No fue interseccion,Sobre calle,Ninguna,Oscuro con iluminacion,No reportado,No,NO APLICA,99,99,99,99,1,23/03/2022,1
51,Virginia,510229,1,1,1,0,710,NORFOLK (CITY) (710),1760,NORFOLK,3,Marzo,1,2022,20,44,SR-170,3,Highway estatal,Urbano,Arteria Principal,City or Municipal Highway Agency,0,Sin jurisdiccion especial,6,36.91663056,-76.22803333,Peaton,El primer evento no fue una colision con un vehiculo automotor en transporte,Four-Way Intersection,Interseccion de 4 direcciones,Sobre calle,Ninguna,Oscuro con iluminacion,No reportado,No,NO APLICA,99,98,99,98,1,01/03/2022,1
51,Virginia,510230,0,0,4,0,760,RICHMOND (CITY) (760),2060,RICHMOND,3,Marzo,29,2022,7,59,I-64,1,Interestatal,Urbano,Interestatal,State Highway Agency,1,Sin jurisdiccion especial,1924,37.55730833,-77.41236944,Vehiculo en movimiento,Frente a Detrás,Not an Intersection,No fue interseccion,Sobre calle,Ninguna,Dia total,No reportado,No,NO APLICA,99,99,99,99,1,29/03/2022,4
51,Virginia,510231,0,0,2,0,195,WISE (195),0,NO APLICA,3,Marzo,31,2022,21,37,US-23,2,US Highway,Urbano,Arteria Menor,State Highway Agency,0,Sin jurisdiccion especial,34,36.89159167,-82.78727222,Acotamiento,El primer evento no fue una colision con un vehiculo automotor en transporte,Not an Intersection,No fue interseccion,Sobre el lado de la calle,Ninguna,Oscuro sin iluminacion,No reportado,No,NO APLICA,99,99,99,99,1,31/03/2022,2
51,Virginia,510232,1,1,3,0,59,FAIRFAX (59),2305,SPRINGFIELD,3,Marzo,28,2022,13,24,CR-644,4,Calle del Condado,Urbano,Arteria Menor,State Highway Agency,0,Sin jurisdiccion especial,4,38.77848056,-77.17608889,Vehiculo en movimiento,Frente a Detrás,Four-Way Intersection,Interseccion de 4 direcciones,Sobre calle,Ninguna,Dia total,No reportado,No,NO APLICA,99,99,99,99,1,28/03/2022,3
51,Virginia,510233,0,0,2,0,7,AMELIA (7),0,NO APLICA,3,Marzo,28,2022,12,3,CR-636,4,Calle del Condado,Rural,Local,State Highway Agency,0,Sin jurisdiccion especial,62,37.41516944,-77.98336111,Vehiculo en movimiento,Angulo,Not an Intersection,No fue interseccion,Sobre calle,Ninguna,Dia total,No reportado,No,NO APLICA,99,98,99,98,1,28/03/2022,2
51,Virginia,510235,0,0,3,0,87,HENRICO (87),0,NO APLICA,3,Marzo,30,2022,20,29,US-301,2,US Highway,Urbano,Arteria Principal,State Highway Agency,1,Sin jurisdiccion especial,816,37.62904444,-77.43476389,Vehiculo en movimiento,Angulo,Four-Way Intersection,Interseccion de 4 direcciones,Sobre calle,Ninguna,Dia total,No reportado,No,NO APLICA,99,99,99,99,1,30/03/2022,5
51,Virginia,510236,0,0,1,0,121,MONTGOMERY (121),500,CHRISTIANSBURG,4,Abril,1,2022,9,28,FRANKLIN ST,6,Calle Local Municipalidad,Urbano,Arteria Principal,City or Municipal Highway Agency,1,Sin jurisdiccion especial,8,37.11927222,-80.39731944,Barda,El primer evento no fue una colision con un vehiculo automotor en transporte,Not an Intersection,No fue interseccion,Sobre el lado de la calle,Ninguna,Dia total,No reportado,No,NO APLICA,99,98,99,98,1,01/04/2022,1
51,Virginia,510237,0,0,1,0,199,YORK (199),0,NO APLICA,4,Abril,5,2022,7,35,CR-620,4,Calle del Condado,Urbano,Colector Mayor,State Highway Agency,0,Sin jurisdiccion especial,10,37.14568333,-76.48472222,Arbol,El primer evento no fue una colision con un vehiculo automotor en transporte,Not an Intersection,No fue interseccion,Sobre el lado de la calle,Ninguna,Dia total,No reportado,No,NO APLICA,99,99,99,99,1,05/04/2022,1
51,Virginia,510238,0,0,1,0,191,WASHINGTON (191),0,NO APLICA,4,Abril,4,2022,22,15,CR-611,4,Calle del Condado,Rural,Colector Mayor,State Highway Agency,0,Sin jurisdiccion especial,22,36.69234167,-82.04123056,Acotamiento,El primer evento no fue una colision con un vehiculo automotor en transporte,Not an Intersection,No fue interseccion,Sobre el lado de la calle,Ninguna,Oscuro sin iluminacion,No reportado,No,NO APLICA,99,99,99,99,1,04/04/2022,1
51,Virginia,510239,0,0,2,0,73,GLOUCESTER (73),0,NO APLICA,4,Abril,4,2022,10,0,US-17,2,US Highway,Urbano,Arteria Principal,State Highway Agency,1,Sin jurisdiccion especial,821,37.41701389,-76.54220556,Vehiculo en movimiento,Angulo,Four-Way Intersection,Interseccion de 4 direcciones,Sobre calle,Ninguna,Dia total,No reportado,No,NO APLICA,99,99,99,99,1,04/04/2022,2
51,Virginia,510240,1,1,1,0,1,ACCOMACK (1),20,ACCOMAC,4,Abril,4,2022,20,30,US-13,2,US Highway,Rural,Arteria Principal,State Highway Agency,1,Sin jurisdiccion especial,1209,37.72628056,-75.67268889,Peaton,El primer evento no fue una colision con un vehiculo automotor en transporte,Four-Way Intersection,Interseccion de 4 direcciones,Sobre calle,Ninguna,Oscuro sin iluminacion,No reportado,No,NO APLICA,99,98,99,98,1,04/04/2022,2
51,Virginia,510241,0,0,2,0,197,WYTHE (197),0,NO APLICA,4,Abril,3,2022,19,0,I-81,1,Interestatal,Rural,Interestatal,State Highway Agency,1,Sin jurisdiccion especial,862,36.96300833,-80.85446389,Vehiculo en movimiento,Frente a Detrás,Not an Intersection,No fue interseccion,Sobre calle,Ninguna,Dia total,No reportado,No,NO APLICA,99,99,99,99,1,03/04/2022,4
51,Virginia,510242,0,0,2,0,61,FAUQUIER (61),0,NO APLICA,4,Abril,5,2022,18,37,GROVE LN,7,Calle Local,Rural,Arteria Principal,State Highway Agency,0,Sin jurisdiccion especial,7,38.88921667,-77.90708333,Vehiculo en movimiento,Frente a frente,Not an Intersection,No fue interseccion,Sobre calle,Ninguna,Dia total,No reportado,No,NO APLICA,99,99,99,99,2,05/04/2022,3
51,Virginia,510243,0,0,2,0,143,PITTSYLVANIA (143),0,NO APLICA,4,Abril,6,2022,12,40,SR-41/FRANKLIN TPKE,3,Highway estatal,Urbano,Arteria Menor,State Highway Agency,0,Sin jurisdiccion especial,55,36.67791111,-79.42096944,Vehiculo en movimiento,Frente a frente,T-Intersection,Interseccion de T,Sobre calle,Ninguna,Dia total,No reportado,No,NO APLICA,99,99,99,99,1,06/04/2022,2
51,Virginia,510244,0,0,3,0,149,PRINCE GEORGE (149),0,NO APLICA,4,Abril,4,2022,20,17,CR-629,4,Calle del Condado,Rural,Arteria Menor,State Highway Agency,0,Sin jurisdiccion especial,31,37.17855833,-77.33084722,Vehiculo en movimiento,Frente a frente,Not an Intersection,No fue interseccion,Sobre calle,Ninguna,Oscuro sin iluminacion,No reportado,No,NO APLICA,99,99,99,99,1,04/04/2022,4
51,Virginia,510245,0,0,1,0,800,SUFFOLK (CITY) (800),2390,SUFFOLK,4,Abril,30,2022,5,45,US-460,2,US Highway,Rural,Arteria Principal,City or Municipal Highway Agency,1,Sin jurisdiccion especial,3701,36.79299444,-76.67556944,Zanja,El primer evento no fue una colision con un vehiculo automotor en transporte,Not an Intersection,No fue interseccion,Sobre el lado de la calle,Ninguna,Amanecer,No reportado,No,NO APLICA,99,98,99,98,1,30/04/2022,2
51,Virginia,510246,1,1,1,0,87,HENRICO (87),0,NO APLICA,4,Abril,26,2022,9,20,CR-7538,4,Calle del Condado,Urbano,Arteria Principal,County Highway Agency,1,Sin jurisdiccion especial,1,37.59498611,-77.52936111,Otro objeto (no fijo),El primer evento no fue una colision con un vehiculo automotor en transporte,Not an Intersection,No fue interseccion,Sobre el lado de la calle,Ninguna,Dia total,No reportado,No,NO APLICA,99,99,99,99,1,26/04/2022,1
51,Virginia,510247,0,0,1,0,710,NORFOLK (CITY) (710),1760,NORFOLK,4,Abril,27,2022,18,50,I-64,1,Interestatal,Urbano,Interestatal,State Highway Agency,1,Sin jurisdiccion especial,1,36.84755278,-76.19718056,Muro,El primer evento no fue una colision con un vehiculo automotor en transporte,Not an Intersection,No fue interseccion,Sobre el lado de la calle,Ninguna,Dia total,No reportado,No,NO APLICA,99,98,99,98,1,27/04/2022,1
51,Virginia,510248,1,1,1,0,710,NORFOLK (CITY) (710),1760,NORFOLK,4,Abril,13,2022,17,32,US-460,2,US Highway,Urbano,Arteria Principal,City or Municipal Highway Agency,1,Sin jurisdiccion especial,4007,36.85909444,-76.28708333,Peaton,El primer evento no fue una colision con un vehiculo automotor en transporte,Four-Way Intersection,Interseccion de 4 direcciones,Sobre calle,Ninguna,Dia total,No reportado,No,NO APLICA,99,99,99,99,1,13/04/2022,1
51,Virginia,510249,0,0,2,0,35,CARROLL (35),0,NO APLICA,5,Mayo,2,2022,5,0,R-221,6,Calle Local Municipalidad,Rural,Arteria Menor,State Highway Agency,0,Sin jurisdiccion especial,19,36.77833611,-80.70616389,Animal vivo,El primer evento no fue una colision con un vehiculo automotor en transporte,Not an Intersection,No fue interseccion,Sobre calle,Ninguna,Oscuro sin iluminacion,No reportado,No,NO APLICA,99,98,99,98,1,02/05/2022,2
51,Virginia,510250,0,0,2,0,660,HARRISONBURG (CITY) (660),1190,HARRISONBURG,4,Abril,23,2022,17,48,SR-42/VIRGINIA AVE,3,Highway estatal,Urbano,Arteria Principal,State Highway Agency,1,Sin jurisdiccion especial,2300,38.47981944,-78.87102222,Vehiculo en movimiento,Angulo,Four-Way Intersection,Interseccion de 4 direcciones,Sobre calle,Ninguna,Dia total,No reportado,No,NO APLICA,99,99,99,99,1,23/04/2022,2
51,Virginia,510251,1,1,1,0,87,HENRICO (87),0,NO APLICA,4,Abril,30,2022,23,44,US-250,2,US Highway,Urbano,Arteria Principal,State Highway Agency,1,Sin jurisdiccion especial,1594,37.61246944,-77.52035833,Peaton,El primer evento no fue una colision con un vehiculo automotor en transporte,Not an Intersection,No fue interseccion,Sobre calle,Ninguna,Oscuro sin iluminacion,No reportado,No,NO APLICA,99,98,99,98,1,30/04/2022,1
51,Virginia,510252,1,1,1,0,59,FAIRFAX (59),375,BURKE,4,Abril,20,2022,18,32,CR-651 GUINEA RD,4,Calle del Condado,Urbano,Arteria Menor,State Highway Agency,0,Sin jurisdiccion especial,26,38.81051111,-77.26835278,Peaton,El primer evento no fue una colision con un vehiculo automotor en transporte,Four-Way Intersection,Interseccion de 4 direcciones,Sobre calle,Ninguna,Dia total,No reportado,No,NO APLICA,99,99,99,99,1,20/04/2022,1
51,Virginia,510253,0,0,1,0,161,ROANOKE (161),0,NO APLICA,4,Abril,29,2022,6,36,US-460,2,US Highway,Urbano,Arteria Principal,State Highway Agency,1,Sin jurisdiccion especial,1601,37.32318056,-79.87157222,Valla Ferrocarril,El primer evento no fue una colision con un vehiculo automotor en transporte,Four-Way Intersection,Interseccion de 4 direcciones,Sobre el lado de la calle,Ninguna,Dia total,No reportado,No,NO APLICA,99,99,99,99,1,29/04/2022,1
51,Virginia,510254,1,1,1,0,15,AUGUSTA (15),0,NO APLICA,4,Abril,26,2022,20,40,I-64 RAMP,1,Interestatal,Urbano,Interestatal,State Highway Agency,1,Sin jurisdiccion especial,2,38.03283611,-78.86471944,Peaton,El primer evento no fue una colision con un vehiculo automotor en transporte,Not an Intersection,No fue interseccion,Sobre calle,Ninguna,Oscuro sin iluminacion,Neblina o Humo,No,NO APLICA,99,98,99,98,1,26/04/2022,1
51,Virginia,510255,0,0,1,0,167,RUSSELL (167),0,NO APLICA,5,Mayo,25,2022,12,45,US-19,2,US Highway,Rural,Arteria Principal,State Highway Agency,1,Sin jurisdiccion especial,487,36.99028333,-81.84411667,Valla Ferrocarril,El primer evento no fue una colision con un vehiculo automotor en transporte,Not an Intersection,No fue interseccion,En el medio,Ninguna,Dia total,No reportado,No,NO APLICA,99,99,99,99,1,25/05/2022,1
51,Virginia,510256,0,0,2,0,590,DANVILLE(CITY) (590),720,DANVILLE,4,Abril,2,2022,15,44,SR-41/FRANKLIN TRNPK,3,Highway estatal,Urbano,Arteria Menor,City or Municipal Highway Agency,0,Sin jurisdiccion especial,27,36.64173889,-79.39961944,Vehiculo en movimiento,Frente a Detrás,Not an Intersection,No fue interseccion,Sobre calle,Ninguna,Dia total,No reportado,No,NO APLICA,99,99,99,99,1,02/04/2022,2
51,Virginia,510257,0,0,1,0,590,DANVILLE(CITY) (590),720,DANVILLE,4,Abril,4,2022,21,50,HENRY ST,6,Calle Local Municipalidad,Urbano,Local,Unknown,0,Sin jurisdiccion especial,5,36.59770278,-79.39360278,Muro,El primer evento no fue una colision con un vehiculo automotor en transporte,Not an Intersection,No fue interseccion,Sobre el lado de la calle,Ninguna,Oscuro con iluminacion,No reportado,No,NO APLICA,99,99,99,99,1,04/04/2022,3
51,Virginia,510258,0,0,1,0,25,BRUNSWICK (25),0,NO APLICA,4,Abril,2,2022,16,30,SR-46/CHRISTANNA HWY,3,Highway estatal,Rural,Arteria Principal,State Highway Agency,1,Sin jurisdiccion especial,357,36.97232778,-77.96356944,Arbol,El primer evento no fue una colision con un vehiculo automotor en transporte,Not an Intersection,No fue interseccion,Sobre el lado de la calle,Ninguna,Dia total,No reportado,No,NO APLICA,99,98,99,98,1,02/04/2022,2
51,Virginia,510259,0,0,2,0,59,FAIRFAX (59),1011,FRANCONIA,5,Mayo,1,2022,16,26,I-495,1,Interestatal,Urbano,Interestatal,State Highway Agency,1,Sin jurisdiccion especial,1726,38.79490833,-77.14556667,Alguien se cayo/avento del vehiculo,El primer evento no fue una colision con un vehiculo automotor en transporte,Not an Intersection,No fue interseccion,Sobre calle,Ninguna,Dia total,lluvia,No,NO APLICA,99,99,99,99,1,01/05/2022,2
51,Virginia,510260,0,0,2,0,67,FRANKLIN (67),0,NO APLICA,4,Abril,17,2022,2,27,US-220,2,US Highway,Urbano,Arteria Principal,State Highway Agency,1,Sin jurisdiccion especial,438,37.05843889,-79.88370556,Vehiculo en movimiento,Angulo,Not an Intersection,No fue interseccion,Sobre calle,Ninguna,Oscuro sin iluminacion,No reportado,No,NO APLICA,99,98,99,98,1,17/04/2022,2
51,Virginia,510261,0,0,2,0,117,MECKLENBURG (117),2290,SOUTH HILL,4,Abril,28,2022,13,45,US-1,2,US Highway,Rural,Colector Mayor,Town or Township Highway Agency,0,Sin jurisdiccion especial,181,36.75116389,-78.09281667,Vehiculo en movimiento,Angulo,Y-Intersection,Interseccion de Y,Sobre calle,Ninguna,Dia total,No reportado,No,NO APLICA,99,99,99,99,1,28/04/2022,2
51,Virginia,510262,0,0,2,0,660,HARRISONBURG (CITY) (660),1190,HARRISONBURG,4,Abril,28,2022,15,5,I-81,1,Interestatal,Urbano,Interestatal,State Highway Agency,1,Sin jurisdiccion especial,2470,38.43188611,-78.87316389,Vehiculo en movimiento,Frente a Detrás,Not an Intersection,No fue interseccion,Sobre calle,Ninguna,Dia total,No reportado,No,NO APLICA,99,98,99,98,1,28/04/2022,2
51,Virginia,510263,0,0,1,0,3,ALBEMARLE (3),0,NO APLICA,5,Mayo,2,2022,20,30,I-64,1,Interestatal,Rural,Interestatal,State Highway Agency,1,Sin jurisdiccion especial,1059,38.04475,-78.75143889,Soporte de Puente,El primer evento no fue una colision con un vehiculo automotor en transporte,Not an Intersection,No fue interseccion,En el medio,Ninguna,Oscuro sin iluminacion,No reportado,No,NO APLICA,99,98,99,98,1,02/05/2022,1
51,Virginia,510264,0,0,1,0,179,STAFFORD (179),0,NO APLICA,5,Mayo,3,2022,13,44,SR-630/COURTHOUSE RD,3,Highway estatal,Urbano,Arteria Principal,State Highway Agency,1,Sin jurisdiccion especial,41,38.42183056,-77.42091389,Banqueta,El primer evento no fue una colision con un vehiculo automotor en transporte,Not an Intersection,No fue interseccion,En el medio,Ninguna,Dia total,No reportado,No,NO APLICA,99,99,99,99,1,03/05/2022,1
51,Virginia,510265,0,0,1,0,510,ALEXANDRIA (CITY) (510),40,ALEXANDRIA,5,Mayo,1,2022,1,42,I-395,1,Interestatal,Urbano,Interestatal,State Highway Agency,1,Sin jurisdiccion especial,57,38.83291944,-77.10389444,Barrera de Trafico de Concreto,El primer evento no fue una colision con un vehiculo automotor en transporte,Not an Intersection,No fue interseccion,En el medio,Ninguna,Oscuro con iluminacion,No reportado,No,NO APLICA,99,99,99,99,1,01/05/2022,2
51,Virginia,510266,1,1,1,0,700,NEWPORT NEWS (CITY) (700),1720,NEWPORT NEWS,5,Mayo,3,2022,3,42,I-64,1,Interestatal,Urbano,Interestatal,State Highway Agency,1,Sin jurisdiccion especial,2595,37.07963889,-76.44963056,Peaton,El primer evento no fue una colision con un vehiculo automotor en transporte,Not an Intersection,No fue interseccion,Sobre calle,Ninguna,Oscuro con iluminacion,No reportado,No,NO APLICA,99,98,99,98,1,03/05/2022,1
51,Virginia,510267,1,1,1,0,820,WAYNSBORO (CITY) (820),2610,WAYNESBORO,5,Mayo,3,2022,11,16,US-340,2,US Highway,Urbano,Arteria Principal,City or Municipal Highway Agency,1,Sin jurisdiccion especial,128,38.06561389,-78.93239167,Peaton,El primer evento no fue una colision con un vehiculo automotor en transporte,Four-Way Intersection,Interseccion de 4 direcciones,Sobre calle,Ninguna,Dia total,No reportado,No,NO APLICA,99,99,99,99,1,03/05/2022,1
51,Virginia,510268,0,0,1,0,31,CAMPBELL (31),635,CONCORD,5,Mayo,5,2022,7,31,CR-646,4,Calle del Condado,Rural,Colector Mayor,State Highway Agency,0,Sin jurisdiccion especial,159,37.34207222,-78.99289722,Zanja,El primer evento no fue una colision con un vehiculo automotor en transporte,Not an Intersection,No fue interseccion,Sobre el lado de la calle,Ninguna,Oscuro sin iluminacion,No reportado,No,NO APLICA,99,98,99,98,1,05/05/2022,1
51,Virginia,510269,0,0,1,0,169,SCOTT (169),0,NO APLICA,5,Mayo,4,2022,17,20,SR-65/SINKING CREEK HWY,3,Highway estatal,Rural,Colector Mayor,State Highway Agency,0,Sin jurisdiccion especial,262,36.84248611,-82.41460556,Zanja,El primer evento no fue una colision con un vehiculo automotor en transporte,Not an Intersection,No fue interseccion,Sobre el lado de la calle,Ninguna,Dia total,No reportado,No,NO APLICA,99,98,99,98,1,04/05/2022,1