Estado,Nombre de Estado,Numero de Caso,Peatones,Personas _no_vehiculos,Vehiculos automotores,Vehiculos estacionados,Condado,Nombre Condado,Ciudad,Nombre Ciudad,Mes,Nombre Mes,Dia,Año,Hora,Minuto,Calle,Ruta,Nombre Ruta,Rural o Urbanoo,Sistema Funcional,Dueño Calle,Sistema Nacional Carreteras,Jurisdiccion Especial,Milla,Latitud,Longitud,Causa del Accidente,Tipo de Accidente,Tipo Interseccion,Columna1,Lugar en la calle,Zona de Trabajo,Luz,Clima,Autobus Escolar,Cruce de Trenes,Hora Notificacion,Minuto Notificacion,Hora Llegada,Minuto Llegada,Decesos,Fecha,PersonaVehiculo
51,Virginia,510270,0,0,1,0,125,NELSON (125),0,NO APLICA,5,Mayo,7,2022,4,5,US-29,2,US Highway,Rural,Arteria Principal,State Highway Agency,1,Sin jurisdiccion especial,1173,37.85409167,-78.75058333,Acotamiento,El primer evento no fue una colision con un vehiculo automotor en transporte,Not an Intersection,No fue interseccion,Sobre el lado de la calle,Ninguna,Oscuro sin iluminacion,lluvia,No,NO APLICA,99,98,99,98,1,07/05/2022,1
51,Virginia,510271,0,0,1,0,41,CHESTERFIELD (41),0,NO APLICA,4,Abril,28,2022,18,45,CR-654,4,Calle del Condado,Rural,Arteria Principal,State Highway Agency,1,Sin jurisdiccion especial,20,37.33370556,-77.603125,Volcadura,El primer evento no fue una colision con un vehiculo automotor en transporte,Not an Intersection,No fue interseccion,Sobre calle,Ninguna,Dia total,No reportado,No,NO APLICA,99,98,99,98,1,28/04/2022,1
51,Virginia,510272,0,0,2,0,191,WASHINGTON (191),0,NO APLICA,5,Mayo,4,2022,17,13,US-58,2,US Highway,Rural,Arteria Principal,State Highway Agency,1,Sin jurisdiccion especial,1182,36.68119167,-81.87893611,Vehiculo en movimiento,Angulo,T-Intersection,Interseccion de T,Sobre calle,Ninguna,Dia total,No reportado,No,NO APLICA,99,99,99,99,1,04/05/2022,2
51,Virginia,510273,0,0,2,0,107,LOUDOUN (107),0,NO APLICA,5,Mayo,5,2022,11,20,CR-901,4,Calle del Condado,Urbano,Arteria Menor,State Highway Agency,0,Sin jurisdiccion especial,29,39.03318889,-77.50545278,Vehiculo en movimiento,Angulo,Four-Way Intersection,Interseccion de 4 direcciones,Sobre calle,Ninguna,Dia total,No reportado,No,NO APLICA,99,99,99,99,1,05/05/2022,2
51,Virginia,510274,0,0,2,0,1,ACCOMACK (1),0,NO APLICA,4,Abril,28,2022,12,37,US-13,2,US Highway,Rural,Arteria Principal,State Highway Agency,1,Sin jurisdiccion especial,1388,37.94594167,-75.54015833,Vehiculo en movimiento,Angulo,Four-Way Intersection,Interseccion de 4 direcciones,Sobre calle,Ninguna,Dia total,No reportado,No,NO APLICA,99,99,99,99,1,28/04/2022,3
51,Virginia,510275,0,0,2,0,15,AUGUSTA (15),2381,STUARTS DRAFT,5,Mayo,10,2022,16,4,US-340,2,US Highway,Urbano,Arteria Menor,State Highway Agency,0,Sin jurisdiccion especial,73,38.03833056,-79.02404444,Vehiculo en movimiento,Angulo,Not an Intersection,No fue interseccion,Sobre calle,Ninguna,Dia total,No reportado,No,NO APLICA,99,99,99,99,1,10/05/2022,2
51,Virginia,510276,0,0,1,0,630,FREDERICKSBURG (CITY) (630),1020,FREDERICKSBURG,5,Mayo,12,2022,1,15,US-1,2,US Highway,Urbano,Arteria Menor,City or Municipal Highway Agency,0,Sin jurisdiccion especial,27,38.28844167,-77.47563889,Banqueta,El primer evento no fue una colision con un vehiculo automotor en transporte,Not an Intersection,No fue interseccion,Sobre el lado de la calle,Ninguna,Oscuro sin iluminacion,No reportado,No,NO APLICA,99,98,99,98,1,12/05/2022,1
51,Virginia,510277,0,0,2,0,125,NELSON (125),0,NO APLICA,5,Mayo,8,2022,22,40,CR-778,4,Calle del Condado,Rural,Arteria Principal,State Highway Agency,1,Sin jurisdiccion especial,17,37.71896111,-79.03969722,Vehiculo en movimiento,Frente a frente,Not an Intersection,No fue interseccion,Sobre calle,Ninguna,Oscuro sin iluminacion,No reportado,No,NO APLICA,99,99,99,99,1,08/05/2022,2
51,Virginia,510278,0,0,2,0,61,FAUQUIER (61),0,NO APLICA,5,Mayo,7,2022,8,27,US-50,2,US Highway,Rural,Arteria Menor,State Highway Agency,0,Sin jurisdiccion especial,421,38.97676667,-77.81065278,Vehiculo en movimiento,Frente a frente,Not an Intersection,No fue interseccion,Sobre calle,Ninguna,Dia total,lluvia,No,NO APLICA,99,99,99,99,1,07/05/2022,5
51,Virginia,510279,0,0,1,0,195,WISE (195),0,NO APLICA,5,Mayo,13,2022,17,26,CR-630,4,Calle del Condado,Rural,Arteria Principal,State Highway Agency,1,Sin jurisdiccion especial,31,37.15388333,-82.60262778,Arbol,El primer evento no fue una colision con un vehiculo automotor en transporte,Not an Intersection,No fue interseccion,Sobre el lado de la calle,Ninguna,Dia total,lluvia,No,NO APLICA,99,99,99,99,1,13/05/2022,2
51,Virginia,510280,0,0,2,0,620,FRANKLIN (CITY) (620),1010,FRANKLIN,1,Enero,18,2022,9,24,US-58,2,US Highway,Urbano,Arteria Menor,City or Municipal Highway Agency,0,Sin jurisdiccion especial,2,36.66316944,-76.9394,Vehiculo en movimiento,Frente a frente,Four-Way Intersection,Interseccion de 4 direcciones,Sobre calle,Ninguna,Dia total,No reportado,No,NO APLICA,99,99,99,99,1,18/01/2022,2
51,Virginia,510281,0,0,2,0,11,APPOMATTOX (11),0,NO APLICA,5,Mayo,10,2022,16,19,US-460,2,US Highway,Rural,Arteria Principal,State Highway Agency,0,Sin jurisdiccion especial,2314,37.31031944,-78.756125,Vehiculo en movimiento,Frente a Detrás,Not an Intersection,No fue interseccion,Sobre calle,Ninguna,Dia total,No reportado,No,NO APLICA,99,98,99,98,1,10/05/2022,2
51,Virginia,510282,0,0,1,0,87,HENRICO (87),0,NO APLICA,5,Mayo,13,2022,18,13,DANRETT LN,6,Calle Local Municipalidad,Rural,Arteria Principal,County Highway Agency,1,Sin jurisdiccion especial,1,37.45353889,-77.33541389,Volcadura,El primer evento no fue una colision con un vehiculo automotor en transporte,Not an Intersection,No fue interseccion,Sobre calle,Ninguna,Dia total,No reportado,No,NO APLICA,99,99,99,99,1,13/05/2022,1
51,Virginia,510283,0,0,2,1,175,SOUTHAMPTON (175),0,NO APLICA,5,Mayo,14,2022,22,18,CR-611,4,Calle del Condado,Rural,Local,State Highway Agency,0,Sin jurisdiccion especial,71,36.73065,-76.959325,Culvert,El primer evento no fue una colision con un vehiculo automotor en transporte,Not an Intersection,No fue interseccion,Sobre el lado de la calle,Ninguna,Oscuro sin iluminacion,No reportado,No,NO APLICA,99,98,99,98,1,14/05/2022,1
51,Virginia,510284,0,0,2,0,155,PULASKI (155),0,NO APLICA,5,Mayo,17,2022,13,7,CR-626,4,Calle del Condado,Urbano,Arteria Principal,State Highway Agency,1,Sin jurisdiccion especial,34,37.13406111,-80.58487778,Vehiculo en movimiento,Frente a frente,Not an Intersection,No fue interseccion,Sobre calle,Ninguna,Dia total,No reportado,No,NO APLICA,99,98,99,98,1,17/05/2022,2
51,Virginia,510285,0,0,2,0,15,AUGUSTA (15),0,NO APLICA,5,Mayo,11,2022,13,25,SR-42/LITTLE CALF PASTURE HWY,3,Highway estatal,Rural,Arteria Menor,State Highway Agency,0,Sin jurisdiccion especial,1918,38.11451667,-79.29536389,Vehiculo en movimiento,Frente a frente,Not an Intersection,No fue interseccion,Sobre calle,Ninguna,Dia total,No reportado,No,NO APLICA,99,99,99,99,1,11/05/2022,2
51,Virginia,510286,0,0,2,0,3,ALBEMARLE (3),0,NO APLICA,5,Mayo,15,2022,21,21,US-29,2,US Highway,Urbano,Arteria Principal,State Highway Agency,1,Sin jurisdiccion especial,140,38.070175,-78.48452778,Vehiculo en movimiento,Angulo,Four-Way Intersection,Interseccion de 4 direcciones,Sobre calle,Ninguna,Oscuro sin iluminacion,lluvia,No,NO APLICA,99,99,99,99,1,15/05/2022,2
51,Virginia,510287,0,0,3,0,153,PRINCE WILLIAM (153),0,NO APLICA,5,Mayo,17,2022,13,16,CR-2000,4,Calle del Condado,Urbano,Arteria Menor,State Highway Agency,0,Sin jurisdiccion especial,41,38.63653611,-77.29175278,Vehiculo en movimiento,Frente a Detrás,Not an Intersection,No fue interseccion,Sobre calle,Ninguna,Dia total,No reportado,No,NO APLICA,99,99,99,99,1,17/05/2022,4
51,Virginia,510288,0,0,2,0,59,FAIRFAX (59),2480,TYSONS CORNER,5,Mayo,17,2022,22,13,I-495,1,Interestatal,Urbano,Interestatal,State Highway Agency,1,Sin jurisdiccion especial,113,38.91865278,-77.21682778,Vehiculo en movimiento,Frente a frente,Not an Intersection,No fue interseccion,Sobre calle,Ninguna,Oscuro con iluminacion,No reportado,No,NO APLICA,99,99,99,99,2,17/05/2022,3
51,Virginia,510289,1,1,2,0,760,RICHMOND (CITY) (760),2060,RICHMOND,5,Mayo,6,2022,6,56,US-250,2,US Highway,Urbano,Arteria Principal,City or Municipal Highway Agency,1,Sin jurisdiccion especial,1663,37.54184167,-77.43570278,Vehiculo en movimiento,Angulo,Four-Way Intersection,Interseccion de 4 direcciones,Sobre calle,Ninguna,Dia total,No reportado,No,NO APLICA,99,99,99,99,1,06/05/2022,2
51,Virginia,510290,0,0,2,0,800,SUFFOLK (CITY) (800),2390,SUFFOLK,5,Mayo,22,2022,1,34,US-58,2,US Highway,Urbano,Arterial Principal -Freeway o ExpressWay,City or Municipal Highway Agency,1,Sin jurisdiccion especial,4748,36.75461389,-76.5305,Vehiculo en movimiento,Frente a frente,Not an Intersection,No fue interseccion,Sobre calle,Ninguna,Oscuro sin iluminacion,No reportado,No,NO APLICA,99,99,99,99,1,22/05/2022,5
51,Virginia,510291,0,0,1,0,85,HANOVER (85),0,NO APLICA,5,Mayo,19,2022,9,59,I-95,1,Interestatal,Rural,Interestatal,State Highway Agency,1,Sin jurisdiccion especial,971,37.83096389,-77.45231944,Valla Ferrocarril,El primer evento no fue una colision con un vehiculo automotor en transporte,Not an Intersection,No fue interseccion,Sobre el lado de la calle,Ninguna,Dia total,No reportado,No,NO APLICA,99,98,99,98,1,19/05/2022,1
51,Virginia,510292,0,0,1,0,85,HANOVER (85),0,NO APLICA,5,Mayo,20,2022,11,53,US-33,2,US Highway,Rural,Arteria Menor,State Highway Agency,0,Sin jurisdiccion especial,1173,37.76418611,-77.6167,Arbol,El primer evento no fue una colision con un vehiculo automotor en transporte,Not an Intersection,No fue interseccion,Sobre el lado de la calle,Ninguna,Dia total,No reportado,No,NO APLICA,99,98,99,98,1,20/05/2022,1
51,Virginia,510293,0,0,3,0,33,CAROLINE (33),0,NO APLICA,5,Mayo,21,2022,2,10,I-95,1,Interestatal,Rural,Interestatal,State Highway Agency,1,Sin jurisdiccion especial,1122,38.03886944,-77.49988611,Vehiculo en movimiento,Frente a Detrás,Not an Intersection,No fue interseccion,Sobre calle,Ninguna,Oscuro sin iluminacion,No reportado,No,NO APLICA,99,99,99,99,1,21/05/2022,4
51,Virginia,510294,0,0,1,0,15,AUGUSTA (15),0,NO APLICA,5,Mayo,23,2022,8,9,I-64,1,Interestatal,Urbano,Interestatal,State Highway Agency,1,Sin jurisdiccion especial,942,38.06301667,-78.94773333,Zanja,El primer evento no fue una colision con un vehiculo automotor en transporte,Not an Intersection,No fue interseccion,En el medio,Ninguna,Dia total,No reportado,No,NO APLICA,99,98,99,98,1,23/05/2022,1
51,Virginia,510295,0,0,2,0,3,ALBEMARLE (3),0,NO APLICA,5,Mayo,2,2022,10,1,CR-631,4,Calle del Condado,Urbano,Arteria Menor,State Highway Agency,0,Sin jurisdiccion especial,136,38.07413611,-78.46810278,Vehiculo en movimiento,Angulo,Four-Way Intersection,Interseccion de 4 direcciones,Sobre calle,Ninguna,Dia total,No reportado,No,NO APLICA,99,98,99,98,1,02/05/2022,2
51,Virginia,510296,0,0,2,0,95,JAMES CITY (95),0,NO APLICA,5,Mayo,21,2022,16,41,CR-614,4,Calle del Condado,Urbano,Colector Mayor,State Highway Agency,0,Sin jurisdiccion especial,14,37.24576389,-76.79605833,Vehiculo en movimiento,Angulo,Four-Way Intersection,Interseccion de 4 direcciones,Sobre calle,Ninguna,Dia total,No reportado,No,NO APLICA,99,99,99,99,1,21/05/2022,7
51,Virginia,510297,1,1,1,0,69,FREDERICK (69),0,NO APLICA,5,Mayo,25,2022,23,45,US-522,2,US Highway,Rural,Arteria Menor,State Highway Agency,0,Sin jurisdiccion especial,1287,39.07380833,-78.14311389,No vehiculo o remolque,El primer evento no fue una colision con un vehiculo automotor en transporte,Not an Intersection,No fue interseccion,Sobre calle,Ninguna,Oscuro sin iluminacion,No reportado,No,NO APLICA,99,99,99,99,1,25/05/2022,1
51,Virginia,510298,0,0,1,0,115,MATHEWS (115),0,NO APLICA,5,Mayo,28,2022,14,16,CR-617,4,Calle del Condado,Rural,Colector Mayor,State Highway Agency,0,Sin jurisdiccion especial,32,37.40430278,-76.38480556,Zanja,El primer evento no fue una colision con un vehiculo automotor en transporte,Not an Intersection,No fue interseccion,Sobre el lado de la calle,Ninguna,Dia total,No reportado,No,NO APLICA,99,99,99,99,1,28/05/2022,1
51,Virginia,510299,0,0,2,0,660,HARRISONBURG (CITY) (660),1190,HARRISONBURG,5,Mayo,29,2022,19,43,VINE ST,6,Calle Local Municipalidad,Urbano,Arteria Menor,City or Municipal Highway Agency,0,Sin jurisdiccion especial,19,38.46300556,-78.85019167,Vehiculo en movimiento,Angulo,Four-Way Intersection,Interseccion de 4 direcciones,Sobre calle,Ninguna,Dia total,No reportado,No,NO APLICA,99,99,99,99,1,29/05/2022,2
51,Virginia,510300,0,0,1,0,15,AUGUSTA (15),0,NO APLICA,5,Mayo,18,2022,1,56,CR-637,4,Calle del Condado,Urbano,Arteria Principal,State Highway Agency,1,Sin jurisdiccion especial,90,38.11613889,-79.05844722,Arbol,El primer evento no fue una colision con un vehiculo automotor en transporte,Not an Intersection,No fue interseccion,Sobre el lado de la calle,Ninguna,Oscuro sin iluminacion,No reportado,No,NO APLICA,99,99,99,99,1,18/05/2022,4
51,Virginia,510301,0,0,1,0,57,ESSEX (57),0,NO APLICA,5,Mayo,31,2022,8,23,CR-635,4,Calle del Condado,Rural,Arteria Principal,State Highway Agency,1,Sin jurisdiccion especial,57,38.04288333,-77.06780833,Arbol,El primer evento no fue una colision con un vehiculo automotor en transporte,Not an Intersection,No fue interseccion,Sobre el lado de la calle,Ninguna,Dia total,No reportado,No,NO APLICA,99,98,99,98,1,31/05/2022,1
51,Virginia,510302,1,1,1,0,760,RICHMOND (CITY) (760),2060,RICHMOND,5,Mayo,31,2022,19,16,US-250,2,US Highway,Urbano,Arteria Principal,City or Municipal Highway Agency,1,Sin jurisdiccion especial,1669,37.53610833,-77.42616389,No vehiculo o remolque,El primer evento no fue una colision con un vehiculo automotor en transporte,Four-Way Intersection,Interseccion de 4 direcciones,Sobre calle,Ninguna,Atardecer,No reportado,No,NO APLICA,99,99,99,99,1,31/05/2022,1
51,Virginia,510303,4,4,1,0,59,FAIRFAX (59),76,ANNANDALE,5,Mayo,20,2022,11,0,CR-758 MAPLE PL,4,Calle del Condado,Urbano,Colector Mayor,State Highway Agency,0,Sin jurisdiccion especial,0,38.83184722,-77.19561389,Peaton,El primer evento no fue una colision con un vehiculo automotor en transporte,Not an Intersection,No fue interseccion,Sobre el lado de la calle,Ninguna,Dia total,No reportado,No,NO APLICA,99,99,99,99,1,20/05/2022,2
51,Virginia,510304,0,0,2,0,3,ALBEMARLE (3),0,NO APLICA,5,Mayo,31,2022,9,23,US-29,2,US Highway,Rural,Arteria Principal,State Highway Agency,1,Sin jurisdiccion especial,1350,38.02095,-78.53659167,Suelo,El primer evento no fue una colision con un vehiculo automotor en transporte,Not an Intersection,No fue interseccion,Sobre el lado de la calle,Ninguna,Dia total,No reportado,No,NO APLICA,99,99,99,99,1,31/05/2022,3
51,Virginia,510305,0,0,1,0,163,ROCKBRIDGE (163),0,NO APLICA,4,Abril,30,2022,22,30,US-501,2,US Highway,Rural,Arteria Menor,State Highway Agency,0,Sin jurisdiccion especial,1058,37.68058333,-79.40684444,Acotamiento,El primer evento no fue una colision con un vehiculo automotor en transporte,Not an Intersection,No fue interseccion,Sobre el lado de la calle,Ninguna,Oscuro sin iluminacion,No reportado,No,NO APLICA,99,98,99,98,1,30/04/2022,1
51,Virginia,510306,0,0,1,0,117,MECKLENBURG (117),0,NO APLICA,5,Mayo,28,2022,18,0,CR-620,4,Calle del Condado,Rural,Local,State Highway Agency,0,Sin jurisdiccion especial,56,36.838525,-78.47161944,Arbol,El primer evento no fue una colision con un vehiculo automotor en transporte,Not an Intersection,No fue interseccion,Sobre el lado de la calle,Ninguna,Dia total,No reportado,No,NO APLICA,99,99,99,99,1,28/05/2022,2
51,Virginia,510307,0,0,2,0,810,VIRGINIA BEACH (CITY) (810),2540,VIRGINIA BEACH,6,Junio,15,2022,23,53,I-264,1,Interestatal,Urbano,Interestatal,State Highway Agency,1,Sin jurisdiccion especial,148,36.84189722,-76.16472222,Vehiculo en movimiento,Frente a Detrás,Not an Intersection,No fue interseccion,Sobre calle,Ninguna,Oscuro con iluminacion,No reportado,No,NO APLICA,99,99,99,99,1,15/06/2022,2
51,Virginia,510308,2,2,2,0,143,PITTSYLVANIA (143),0,NO APLICA,6,Junio,15,2022,21,18,US-58,2,US Highway,Urbano,Arteria Principal,State Highway Agency,1,Sin jurisdiccion especial,3037,36.58096389,-79.30401111,Vehiculo en movimiento,Frente a Detrás,Not an Intersection,No fue interseccion,Sobre calle,Ninguna,Oscuro sin iluminacion,No reportado,No,NO APLICA,99,99,99,99,1,15/06/2022,1
51,Virginia,510309,1,1,1,0,85,HANOVER (85),110,ASHLAND,3,Marzo,7,2022,14,32,US-1,2,US Highway,Urbano,Arteria Menor,City or Municipal Highway Agency,0,Sin jurisdiccion especial,0,37.75539167,-77.471475,Peaton,El primer evento no fue una colision con un vehiculo automotor en transporte,Four-Way Intersection,Interseccion de 4 direcciones,Sobre calle,Ninguna,Dia total,No reportado,No,NO APLICA,99,99,99,99,1,07/03/2022,1
51,Virginia,510310,0,0,1,0,75,GOOCHLAND (75),0,NO APLICA,3,Marzo,3,2022,14,35,I-64,1,Interestatal,Rural,Interestatal,State Highway Agency,1,Sin jurisdiccion especial,1740,37.68308611,-77.66883056,Valla Ferrocarril,El primer evento no fue una colision con un vehiculo automotor en transporte,Not an Intersection,No fue interseccion,En el medio,Ninguna,Dia total,No reportado,No,NO APLICA,99,99,99,99,1,03/03/2022,3
51,Virginia,510311,0,0,2,0,760,RICHMOND (CITY) (760),2060,RICHMOND,4,Abril,7,2022,22,44,SR-161/BELLS RD,3,Highway estatal,Urbano,Arteria Menor,City or Municipal Highway Agency,0,Sin jurisdiccion especial,15,37.4729,-77.44577222,Vehiculo en movimiento,Angulo,Four-Way Intersection,Interseccion de 4 direcciones,Sobre calle,Ninguna,Oscuro con iluminacion,No reportado,No,NO APLICA,99,99,99,99,2,07/04/2022,4
51,Virginia,510312,0,0,1,0,107,LOUDOUN (107),0,NO APLICA,4,Abril,2,2022,2,13,SR-7/HARRY BYRD HWY,3,Highway estatal,Urbano,Arteria Principal,State Highway Agency,0,Sin jurisdiccion especial,480,39.02712778,-77.39550556,Volcadura,El primer evento no fue una colision con un vehiculo automotor en transporte,Not an Intersection,No fue interseccion,En el medio,Ninguna,Oscuro sin iluminacion,No reportado,No,NO APLICA,99,99,99,99,1,02/04/2022,4
51,Virginia,510313,0,0,2,0,99,KING GEORGE (99),0,NO APLICA,4,Abril,19,2022,10,31,SR-3/KINGS HWY,3,Highway estatal,Rural,Arteria Principal,State Highway Agency,1,Sin jurisdiccion especial,436,38.25678889,-77.32086389,Vehiculo en movimiento,Angulo,Four-Way Intersection,Interseccion de 4 direcciones,Sobre calle,Ninguna,Dia total,No reportado,No,NO APLICA,99,99,99,99,1,19/04/2022,2
51,Virginia,510314,0,0,1,0,147,PRINCE EDWARD (147),0,NO APLICA,4,Abril,20,2022,21,53,US-460,2,US Highway,Rural,Arteria Principal,State Highway Agency,1,Sin jurisdiccion especial,2402,37.28325833,-78.61994722,Acotamiento,El primer evento no fue una colision con un vehiculo automotor en transporte,Not an Intersection,No fue interseccion,Sobre el lado de la calle,Ninguna,Oscuro sin iluminacion,No reportado,No,NO APLICA,99,98,99,98,1,20/04/2022,1
51,Virginia,510315,0,1,2,1,147,PRINCE EDWARD (147),0,NO APLICA,6,Junio,1,2022,18,51,CR-633,4,Calle del Condado,Rural,Arteria Principal,State Highway Agency,1,Sin jurisdiccion especial,6,37.09608056,-78.40635833,Barda,El primer evento no fue una colision con un vehiculo automotor en transporte,Not an Intersection,No fue interseccion,Sobre el lado de la calle,Ninguna,Dia total,No reportado,No,NO APLICA,99,99,99,99,1,01/06/2022,1
51,Virginia,510316,1,1,1,0,740,PORTSMOUTH (CITY) (740),1970,PORTSMOUTH,2,Febrero,23,2022,23,26,ELM AVE,6,Calle Local Municipalidad,Urbano,Arteria Menor,City or Municipal Highway Agency,0,Sin jurisdiccion especial,13,36.82651389,-76.31246944,Peaton,El primer evento no fue una colision con un vehiculo automotor en transporte,Not an Intersection,No fue interseccion,Sobre calle,Ninguna,Oscuro con iluminacion,No reportado,No,NO APLICA,99,99,99,99,1,23/02/2022,1
51,Virginia,510317,0,0,1,0,99,KING GEORGE (99),0,NO APLICA,3,Marzo,28,2022,19,6,SR-3/KINGS HWY,3,Highway estatal,Rural,Arteria Principal,State Highway Agency,0,Sin jurisdiccion especial,614,38.18455833,-77.06055833,Volcadura,El primer evento no fue una colision con un vehiculo automotor en transporte,Not an Intersection,No fue interseccion,Sobre el lado de la calle,Ninguna,Dia total,No reportado,No,NO APLICA,99,99,99,99,1,28/03/2022,1
51,Virginia,510318,0,0,1,0,109,LOUISA (109),0,NO APLICA,4,Abril,4,2022,21,45,US-33,2,US Highway,Rural,Arteria Menor,State Highway Agency,0,Sin jurisdiccion especial,795,38.083925,-78.11019722,Arbol,El primer evento no fue una colision con un vehiculo automotor en transporte,Not an Intersection,No fue interseccion,Sobre el lado de la calle,Ninguna,Oscuro sin iluminacion,lluvia,No,NO APLICA,99,98,99,98,1,04/04/2022,1
51,Virginia,510319,0,0,2,0,101,KING WILLIAM (101),0,NO APLICA,4,Abril,20,2022,14,26,SR-30/KING WILLIAM RD,3,Highway estatal,Rural,Arteria Principal,State Highway Agency,1,Sin jurisdiccion especial,261,37.70697222,-77.05223056,Vehiculo en movimiento,Frente a frente,Not an Intersection,No fue interseccion,Sobre calle,Ninguna,Dia total,No reportado,No,NO APLICA,99,99,99,99,1,20/04/2022,2
51,Virginia,510320,1,1,1,0,161,ROANOKE (161),0,NO APLICA,6,Junio,28,2022,2,35,I-81,1,Interestatal,Urbano,Interestatal,State Highway Agency,1,Sin jurisdiccion especial,1429,37.33470556,-80.01615,Peaton,El primer evento no fue una colision con un vehiculo automotor en transporte,Not an Intersection,No fue interseccion,Sobre calle,"Zona de trabajo, tipo desconocido",Oscuro sin iluminacion,No reportado,No,NO APLICA,99,98,99,98,1,28/06/2022,1
51,Virginia,510321,0,0,2,0,770,ROANOKE (CITY) (770),2100,ROANOKE,6,Junio,17,2022,19,53,US-11,2,US Highway,Urbano,Arteria Principal,City or Municipal Highway Agency,1,Sin jurisdiccion especial,1477,37.26303333,-80.00281111,Vehiculo en movimiento,Angulo,Not an Intersection,No fue interseccion,Sobre calle,Ninguna,Atardecer,No reportado,No,NO APLICA,99,99,99,99,1,17/06/2022,2
51,Virginia,510322,1,1,1,0,9,AMHERST (9),0,NO APLICA,6,Junio,28,2022,22,1,US-29,2,US Highway,Urbano,Arteria Principal,Unknown,1,Sin jurisdiccion especial,92,37.44586944,-79.11998889,Peaton,El primer evento no fue una colision con un vehiculo automotor en transporte,Not an Intersection,No fue interseccion,Sobre calle,Ninguna,Oscuro sin iluminacion,No reportado,No,NO APLICA,99,99,99,99,1,28/06/2022,1
51,Virginia,510323,0,0,1,0,710,NORFOLK (CITY) (710),1760,NORFOLK,6,Junio,23,2022,22,32,BAYVIEW BLVD,6,Calle Local Municipalidad,Urbano,Colector Mayor,City or Municipal Highway Agency,0,Sin jurisdiccion especial,18,36.93508611,-76.23198611,Banqueta,El primer evento no fue una colision con un vehiculo automotor en transporte,Not an Intersection,No fue interseccion,Sobre el lado de la calle,Ninguna,Oscuro con iluminacion,No reportado,No,NO APLICA,99,99,99,99,1,23/06/2022,1
51,Virginia,510324,0,0,1,0,620,FRANKLIN (CITY) (620),1010,FRANKLIN,7,Julio,2,2022,4,45,DELAWARE RD,6,Calle Local Municipalidad,Urbano,Local,Unknown,0,Sin jurisdiccion especial,2,36.69702222,-76.96274444,Zanja,El primer evento no fue una colision con un vehiculo automotor en transporte,Not an Intersection,No fue interseccion,Sobre el lado de la calle,Ninguna,Oscuro sin iluminacion,No reportado,No,NO APLICA,99,98,99,98,1,02/07/2022,1
51,Virginia,510325,0,0,2,1,570,COLONIAL HEIGHTS(CITY) (570),620,COLONIAL HEIGHTS,5,Mayo,21,2022,2,24,STUART AVE,6,Calle Local Municipalidad,Urbano,Local,City or Municipal Highway Agency,0,Sin jurisdiccion especial,1,37.24248611,-77.40289722,Vehiculo Aparcado,El primer evento no fue una colision con un vehiculo automotor en transporte,Not an Intersection,No fue interseccion,En estacionamiento,Ninguna,Oscuro sin iluminacion,No reportado,No,NO APLICA,99,98,99,98,1,21/05/2022,1
51,Virginia,510326,1,1,1,0,590,DANVILLE(CITY) (590),720,DANVILLE,7,Julio,3,2022,22,20,US-29,2,US Highway,Urbano,Arteria Principal,City or Municipal Highway Agency,1,Sin jurisdiccion especial,84,36.62849722,-79.39914722,Peaton,El primer evento no fue una colision con un vehiculo automotor en transporte,Not an Intersection,No fue interseccion,Sobre calle,Ninguna,Oscuro con iluminacion,No reportado,No,NO APLICA,99,98,99,98,1,03/07/2022,1
51,Virginia,510327,1,1,1,0,87,HENRICO (87),0,NO APLICA,7,Julio,5,2022,0,39,CR-7718,4,Calle del Condado,Urbano,Arteria Principal,County Highway Agency,1,Sin jurisdiccion especial,4,37.49736944,-77.39778333,Peaton,El primer evento no fue una colision con un vehiculo automotor en transporte,Not an Intersection,No fue interseccion,Sobre calle,Ninguna,Oscuro sin iluminacion,No reportado,No,NO APLICA,99,98,99,98,1,05/07/2022,1
51,Virginia,510328,0,0,2,0,85,HANOVER (85),0,NO APLICA,5,Mayo,14,2022,21,40,US-33,2,US Highway,Rural,Arteria Menor,State Highway Agency,0,Sin jurisdiccion especial,1086,37.83383056,-77.72458333,Vehiculo en movimiento,Frente a frente,Not an Intersection,No fue interseccion,Sobre calle,Ninguna,Oscuro sin iluminacion,Neblina o Humo,No,NO APLICA,99,99,99,99,1,14/05/2022,5
51,Virginia,510329,0,0,2,0,77,GRAYSON (77),0,NO APLICA,7,Julio,6,2022,13,0,CR-805,4,Calle del Condado,Rural,Colector Mayor,State Highway Agency,0,Sin jurisdiccion especial,56,36.73501944,-81.08876111,Vehiculo en movimiento,Frente a frente,Not an Intersection,No fue interseccion,Sobre calle,Ninguna,Dia total,No reportado,No,NO APLICA,99,99,99,99,1,06/07/2022,2
51,Virginia,510330,0,0,1,0,67,FRANKLIN (67),0,NO APLICA,7,Julio,6,2022,10,43,SR-116/JUBAL EARLY HWY,3,Highway estatal,Rural,Arteria Menor,State Highway Agency,0,Sin jurisdiccion especial,83,37.19591111,-79.88432778,Arbol,El primer evento no fue una colision con un vehiculo automotor en transporte,Not an Intersection,No fue interseccion,Sobre el lado de la calle,Ninguna,Dia total,No reportado,No,NO APLICA,99,99,99,99,1,06/07/2022,1