Estado,Nombre de Estado,Numero de Caso,Peatones,Personas _no_vehiculos,Vehiculos automotores,Vehiculos estacionados,Condado,Nombre Condado,Ciudad,Nombre Ciudad,Mes,Nombre Mes,Dia,Año,Hora,Minuto,Calle,Ruta,Nombre Ruta,Rural o Urbanoo,Sistema Funcional,Dueño Calle,Sistema Nacional Carreteras,Jurisdiccion Especial,Milla,Latitud,Longitud,Causa del Accidente,Tipo de Accidente,Tipo Interseccion,Columna1,Lugar en la calle,Zona de Trabajo,Luz,Clima,Autobus Escolar,Cruce de Trenes,Hora Notificacion,Minuto Notificacion,Hora Llegada,Minuto Llegada,Decesos,Fecha,PersonaVehiculo
51,Virginia,510331,0,0,2,0,107,LOUDOUN (107),0,NO APLICA,7,Julio,4,2022,12,46,CR-7718,4,Calle del Condado,Rural,Colector Mayor,State Highway Agency,0,Sin jurisdiccion especial,3,39.11455833,-77.82940556,Vehiculo en movimiento,Angulo,T-Intersection,Interseccion de T,Sobre calle,Ninguna,Dia total,No reportado,No,NO APLICA,99,99,99,99,1,04/07/2022,4
51,Virginia,510332,0,0,1,0,25,BRUNSWICK (25),0,NO APLICA,7,Julio,6,2022,9,45,CR-657,4,Calle del Condado,Rural,Arteria Principal,State Highway Agency,1,Sin jurisdiccion especial,40,36.74610833,-78.02033056,Acotamiento,El primer evento no fue una colision con un vehiculo automotor en transporte,Not an Intersection,No fue interseccion,Sobre el lado de la calle,Ninguna,Dia total,No reportado,No,NO APLICA,99,98,99,98,1,06/07/2022,1
51,Virginia,510333,0,0,1,0,59,FAIRFAX (59),0,NO APLICA,6,Junio,19,2022,22,40,CR-631,4,Calle del Condado,Urbano,Arteria Menor,State Highway Agency,0,Sin jurisdiccion especial,68,38.88286111,-77.33871389,Arbol,El primer evento no fue una colision con un vehiculo automotor en transporte,Not an Intersection,No fue interseccion,Sobre el lado de la calle,Ninguna,Oscuro con iluminacion,No reportado,No,NO APLICA,99,99,99,99,1,19/06/2022,2
51,Virginia,510334,0,0,1,0,61,FAUQUIER (61),0,NO APLICA,7,Julio,6,2022,23,34,CR-603,4,Calle del Condado,Rural,Colector Mayor,State Highway Agency,0,Sin jurisdiccion especial,70,38.73262222,-77.65973333,Arbol,El primer evento no fue una colision con un vehiculo automotor en transporte,Not an Intersection,No fue interseccion,Sobre el lado de la calle,Ninguna,Oscuro sin iluminacion,No reportado,No,NO APLICA,99,98,99,98,1,06/07/2022,1
51,Virginia,510336,1,1,1,0,41,CHESTERFIELD (41),0,NO APLICA,3,Marzo,4,2022,21,30,I-95,1,Interestatal,Urbano,Interestatal,State Highway Agency,1,Sin jurisdiccion especial,581,37.30888056,-77.396175,Peaton,El primer evento no fue una colision con un vehiculo automotor en transporte,Not an Intersection,No fue interseccion,Sobre calle,Ninguna,Oscuro sin iluminacion,No reportado,No,NO APLICA,99,98,99,98,1,04/03/2022,1
51,Virginia,510337,0,0,1,0,127,NEW KENT (127),0,NO APLICA,4,Abril,8,2022,5,15,I-64,1,Interestatal,Rural,Interestatal,State Highway Agency,1,Sin jurisdiccion especial,2142,37.49722222,-77.03473889,Arbol,El primer evento no fue una colision con un vehiculo automotor en transporte,Not an Intersection,No fue interseccion,Sobre el lado de la calle,Ninguna,Oscuro sin iluminacion,No reportado,No,NO APLICA,99,99,99,99,1,08/04/2022,3
51,Virginia,510339,0,0,1,0,1,ACCOMACK (1),0,NO APLICA,4,Abril,28,2022,7,20,US-13,2,US Highway,Rural,Arteria Principal,State Highway Agency,0,Sin jurisdiccion especial,1224,37.73555,-75.6485,Poste o otros soportes,El primer evento no fue una colision con un vehiculo automotor en transporte,Not an Intersection,No fue interseccion,En el medio,Ninguna,Dia total,No reportado,No,NO APLICA,99,98,99,98,1,28/04/2022,1
51,Virginia,510340,0,0,1,0,89,HENRY (89),0,NO APLICA,4,Abril,25,2022,20,24,CR-683,4,Calle del Condado,Rural,Colector Mayor,State Highway Agency,0,Sin jurisdiccion especial,7,36.65328333,-79.95815,Alguien se cayo/avento del vehiculo,El primer evento no fue una colision con un vehiculo automotor en transporte,Not an Intersection,No fue interseccion,Sobre calle,Ninguna,Oscuro sin iluminacion,No reportado,No,NO APLICA,99,98,99,98,1,25/04/2022,2
51,Virginia,510341,0,0,2,0,191,WASHINGTON (191),0,NO APLICA,5,Mayo,24,2022,16,33,I-81,1,Interestatal,Rural,Interestatal,State Highway Agency,1,Sin jurisdiccion especial,240,36.75236111,-81.87327222,Valla Ferrocarril,El primer evento no fue una colision con un vehiculo automotor en transporte,Not an Intersection,No fue interseccion,Sobre el lado de la calle,Ninguna,Dia total,No reportado,No,NO APLICA,99,98,99,98,3,24/05/2022,3
51,Virginia,510342,3,3,2,0,59,FAIRFAX (59),1816,OAKTON,6,Junio,7,2022,11,45,CR-655,4,Calle del Condado,Urbano,Arteria Menor,State Highway Agency,0,Sin jurisdiccion especial,40,38.87347222,-77.28171944,Vehiculo en movimiento,Frente a frente,Four-Way Intersection,Interseccion de 4 direcciones,Sobre calle,Ninguna,Dia total,No reportado,No,NO APLICA,99,99,99,99,2,07/06/2022,5
51,Virginia,510343,0,0,1,0,59,FAIRFAX (59),0,NO APLICA,5,Mayo,12,2022,0,27,CR-8113,4,Calle del Condado,Urbano,Arteria Menor,State Highway Agency,0,Sin jurisdiccion especial,1,38.76460833,-77.15404167,Poste de Señal de trafico,El primer evento no fue una colision con un vehiculo automotor en transporte,Not an Intersection,No fue interseccion,Sobre el lado de la calle,Ninguna,Oscuro sin iluminacion,No reportado,No,NO APLICA,99,99,99,99,1,12/05/2022,4
51,Virginia,510344,0,0,1,0,93,ISLE OF WIGHT (93),0,NO APLICA,6,Junio,19,2022,0,53,US-258,2,US Highway,Urbano,Arteria Principal,State Highway Agency,1,Sin jurisdiccion especial,516,36.94023333,-76.54116111,Zanja,El primer evento no fue una colision con un vehiculo automotor en transporte,Not an Intersection,No fue interseccion,Sobre el lado de la calle,Ninguna,Oscuro con iluminacion,No reportado,No,NO APLICA,99,98,99,98,1,19/06/2022,1
51,Virginia,510345,0,0,2,0,153,PRINCE WILLIAM (153),0,NO APLICA,6,Junio,10,2022,21,28,CR-638,4,Calle del Condado,Urbano,Colector Menor,State Highway Agency,0,Sin jurisdiccion especial,8,38.62423056,-77.28911667,Vehiculo en movimiento,Angulo,Four-Way Intersection,Interseccion de 4 direcciones,Sobre calle,Ninguna,Oscuro con iluminacion,No reportado,No,NO APLICA,99,98,99,98,1,10/06/2022,2
51,Virginia,510346,0,0,2,0,67,FRANKLIN (67),0,NO APLICA,6,Junio,22,2022,8,40,SR-116/JUBAL EARLY HWY,3,Highway estatal,Rural,Arteria Menor,State Highway Agency,0,Sin jurisdiccion especial,22,37.12706944,-79.84463611,Vehiculo en movimiento,Frente a frente,Not an Intersection,No fue interseccion,Sobre calle,Ninguna,Dia total,No reportado,No,NO APLICA,99,99,99,99,1,22/06/2022,2
51,Virginia,510347,1,1,1,0,153,PRINCE WILLIAM (153),0,NO APLICA,6,Junio,18,2022,20,36,CR-641,4,Calle del Condado,Urbano,Arteria Menor,State Highway Agency,0,Sin jurisdiccion especial,13,38.68428056,-77.31562778,Peaton,El primer evento no fue una colision con un vehiculo automotor en transporte,Not an Intersection,No fue interseccion,Sobre el lado de la calle,Ninguna,Oscuro con iluminacion,No reportado,No,NO APLICA,99,99,99,99,1,18/06/2022,1
51,Virginia,510348,0,0,2,0,153,PRINCE WILLIAM (153),0,NO APLICA,6,Junio,6,2022,2,58,I-66,1,Interestatal,Urbano,Interestatal,State Highway Agency,1,Sin jurisdiccion especial,480,38.80422222,-77.50494722,Vehiculo en movimiento,Frente a Detrás,Not an Intersection,No fue interseccion,Sobre calle,"Zona de trabajo, tipo desconocido",Oscuro con iluminacion,No reportado,No,NO APLICA,99,99,99,99,1,06/06/2022,3
51,Virginia,510349,0,0,2,0,77,GRAYSON (77),0,NO APLICA,6,Junio,25,2022,18,50,CR-613,4,Calle del Condado,Rural,Colector Mayor,State Highway Agency,0,Sin jurisdiccion especial,20,36.57083333,-80.91506944,Vehiculo en movimiento,Frente a frente,Not an Intersection,No fue interseccion,Sobre calle,Ninguna,Dia total,No reportado,No,NO APLICA,99,99,99,99,1,25/06/2022,3
51,Virginia,510350,0,0,1,0,75,GOOCHLAND (75),0,NO APLICA,6,Junio,18,2022,12,10,I-64,1,Interestatal,Rural,Interestatal,State Highway Agency,1,Sin jurisdiccion especial,1533,37.83813889,-77.97568889,Arbol,El primer evento no fue una colision con un vehiculo automotor en transporte,Not an Intersection,No fue interseccion,Sobre el lado de la calle,Ninguna,Dia total,No reportado,No,NO APLICA,99,99,99,99,2,18/06/2022,2
51,Virginia,510351,0,0,1,0,109,LOUISA (109),0,NO APLICA,6,Junio,25,2022,13,40,US-522,2,US Highway,Rural,Arteria Menor,State Highway Agency,0,Sin jurisdiccion especial,442,38.0965,-77.89248611,Volcadura,El primer evento no fue una colision con un vehiculo automotor en transporte,Not an Intersection,No fue interseccion,Sobre calle,Ninguna,Dia total,No reportado,No,NO APLICA,99,98,99,98,1,25/06/2022,1
51,Virginia,510352,0,0,1,0,197,WYTHE (197),0,NO APLICA,6,Junio,25,2022,14,32,US-52,2,US Highway,Rural,Arteria Principal,State Highway Agency,1,Sin jurisdiccion especial,495,36.96713611,-81.157125,Barda,El primer evento no fue una colision con un vehiculo automotor en transporte,Not an Intersection,No fue interseccion,Sobre el lado de la calle,Ninguna,Dia total,No reportado,No,NO APLICA,99,99,99,99,1,25/06/2022,4
51,Virginia,510353,1,1,1,0,47,CULPEPER (47),0,NO APLICA,6,Junio,25,2022,6,38,CR-665,4,Calle del Condado,Rural,Local,State Highway Agency,0,Sin jurisdiccion especial,8,38.49662778,-77.94209167,Peaton,El primer evento no fue una colision con un vehiculo automotor en transporte,Not an Intersection,No fue interseccion,Sobre calle,Ninguna,Dia total,No reportado,No,NO APLICA,99,98,99,98,1,25/06/2022,1
51,Virginia,510354,0,0,1,0,179,STAFFORD (179),0,NO APLICA,6,Junio,27,2022,10,40,US-1,2,US Highway,Rural,Arteria Principal,State Highway Agency,1,Sin jurisdiccion especial,1543,38.39334444,-77.43241944,Arbol,El primer evento no fue una colision con un vehiculo automotor en transporte,Not an Intersection,No fue interseccion,Sobre el lado de la calle,Ninguna,Dia total,No reportado,No,NO APLICA,99,99,99,99,1,27/06/2022,2
51,Virginia,510355,1,1,1,0,650,HAMPTON (CITY) (650),1180,HAMPTON,6,Junio,22,2022,3,48,SR-351/PEMBROKE AVE,3,Highway estatal,Urbano,Arteria Principal,City or Municipal Highway Agency,1,Sin jurisdiccion especial,27,37.009725,-76.38993611,Peaton,El primer evento no fue una colision con un vehiculo automotor en transporte,Not an Intersection,No fue interseccion,Sobre calle,Ninguna,Oscuro sin iluminacion,No reportado,No,NO APLICA,99,99,99,99,1,22/06/2022,1
51,Virginia,510356,0,0,1,0,510,ALEXANDRIA (CITY) (510),40,ALEXANDRIA,6,Junio,26,2022,14,48,I-495/I-95/RAMP,1,Interestatal,Urbano,Arteria Principal,State Highway Agency,1,Sin jurisdiccion especial,2,38.79624444,-77.06268333,Barrera de Trafico de Concreto,El primer evento no fue una colision con un vehiculo automotor en transporte,Not an Intersection,No fue interseccion,Sobre el lado de la calle,Ninguna,Dia total,No reportado,No,NO APLICA,99,99,99,99,1,26/06/2022,1
51,Virginia,510357,0,0,1,0,61,FAUQUIER (61),0,NO APLICA,6,Junio,28,2022,13,49,CR-802,4,Calle del Condado,Rural,Arteria Principal,State Highway Agency,1,Sin jurisdiccion especial,50,38.70045278,-77.82128333,Poste de Señal de trafico,El primer evento no fue una colision con un vehiculo automotor en transporte,Not an Intersection,No fue interseccion,Sobre el lado de la calle,Ninguna,Dia total,No reportado,No,NO APLICA,99,98,99,98,1,28/06/2022,1
51,Virginia,510358,0,0,1,0,35,CARROLL (35),0,NO APLICA,6,Junio,29,2022,20,59,CR-722,4,Calle del Condado,Rural,Colector Mayor,State Highway Agency,0,Sin jurisdiccion especial,64,36.68374722,-80.87005833,Volcadura,El primer evento no fue una colision con un vehiculo automotor en transporte,Not an Intersection,No fue interseccion,Sobre el lado de la calle,Ninguna,Atardecer,No reportado,No,NO APLICA,99,98,99,98,1,29/06/2022,1
51,Virginia,510359,1,1,1,0,770,ROANOKE (CITY) (770),2100,ROANOKE,6,Junio,25,2022,23,54,CR-8010,6,Calle Local Municipalidad,Urbano,Arteria Principal,County Highway Agency,1,Sin jurisdiccion especial,27,37.27998056,-79.96702222,Peaton,El primer evento no fue una colision con un vehiculo automotor en transporte,Not an Intersection,No fue interseccion,Sobre calle,Ninguna,Oscuro con iluminacion,No reportado,No,NO APLICA,99,98,99,98,1,25/06/2022,1
51,Virginia,510360,0,0,2,0,179,STAFFORD (179),0,NO APLICA,5,Mayo,27,2022,11,53,CR-612,4,Calle del Condado,Rural,Colector Menor,State Highway Agency,0,Sin jurisdiccion especial,86,38.50570278,-77.56373333,Vehiculo en movimiento,Angulo,Not an Intersection,No fue interseccion,Sobre calle,Ninguna,Dia total,lluvia,No,NO APLICA,99,99,99,99,1,27/05/2022,2
51,Virginia,510361,1,1,1,0,177,SPOTSYLVANIA (177),0,NO APLICA,5,Mayo,31,2022,23,26,CR-620,4,Calle del Condado,Urbano,Arteria Menor,State Highway Agency,0,Sin jurisdiccion especial,98,38.28098611,-77.55411111,Peaton,El primer evento no fue una colision con un vehiculo automotor en transporte,Not an Intersection,No fue interseccion,Sobre calle,Ninguna,Oscuro sin iluminacion,No reportado,No,NO APLICA,99,98,99,98,1,31/05/2022,1
51,Virginia,510362,0,0,1,0,165,ROCKINGHAM (165),0,NO APLICA,6,Junio,8,2022,15,16,CR-610,4,Calle del Condado,Rural,Local,State Highway Agency,0,Sin jurisdiccion especial,35,38.70837778,-78.86688889,Arbol,El primer evento no fue una colision con un vehiculo automotor en transporte,Not an Intersection,No fue interseccion,Sobre el lado de la calle,Ninguna,Dia total,No reportado,No,NO APLICA,99,99,99,99,1,08/06/2022,1
51,Virginia,510363,0,0,2,0,61,FAUQUIER (61),0,NO APLICA,6,Junio,9,2022,1,20,US-17,2,US Highway,Rural,Arteria Menor,State Highway Agency,0,Sin jurisdiccion especial,2358,38.93558056,-77.93379167,Vehiculo en movimiento,Frente a frente,Not an Intersection,No fue interseccion,Sobre calle,Ninguna,Oscuro sin iluminacion,lluvia,No,NO APLICA,99,98,99,98,1,09/06/2022,2
51,Virginia,510364,0,0,1,0,131,NORTHAMPTON (131),0,NO APLICA,6,Junio,10,2022,7,40,SR-183/OCCOHANNOCK NECK RD,3,Highway estatal,Rural,Arteria Principal,State Highway Agency,1,Sin jurisdiccion especial,47,37.53610556,-75.86387222,Animal vivo,El primer evento no fue una colision con un vehiculo automotor en transporte,Not an Intersection,No fue interseccion,Sobre calle,Ninguna,Dia total,No reportado,No,NO APLICA,99,99,99,99,1,10/06/2022,1
51,Virginia,510365,0,0,1,0,143,PITTSYLVANIA (143),0,NO APLICA,6,Junio,12,2022,5,36,CR-745,4,Calle del Condado,Rural,Colector Mayor,State Highway Agency,0,Sin jurisdiccion especial,20,36.67833889,-79.39896944,Arbol,El primer evento no fue una colision con un vehiculo automotor en transporte,Not an Intersection,No fue interseccion,Sobre el lado de la calle,Ninguna,Oscuro sin iluminacion,No reportado,No,NO APLICA,99,98,99,98,1,12/06/2022,1
51,Virginia,510366,0,0,1,0,800,SUFFOLK (CITY) (800),2390,SUFFOLK,6,Junio,11,2022,21,17,LUMMIS RD,6,Calle Local Municipalidad,Rural,Local,City or Municipal Highway Agency,0,Sin jurisdiccion especial,32,36.69491667,-76.70136667,Volcadura,El primer evento no fue una colision con un vehiculo automotor en transporte,Not an Intersection,No fue interseccion,Sobre calle,Ninguna,Oscuro sin iluminacion,No reportado,No,NO APLICA,99,98,99,98,1,11/06/2022,1
51,Virginia,510367,0,0,2,0,177,SPOTSYLVANIA (177),0,NO APLICA,6,Junio,10,2022,19,25,SR-208/COURTHOUSE RD,3,Highway estatal,Rural,Arteria Menor,State Highway Agency,0,Sin jurisdiccion especial,380,38.18483333,-77.62078333,Vehiculo en movimiento,Frente a frente,Not an Intersection,No fue interseccion,Sobre calle,Ninguna,Dia total,No reportado,No,NO APLICA,99,98,99,98,1,10/06/2022,2
51,Virginia,510368,0,0,4,3,760,RICHMOND (CITY) (760),2060,RICHMOND,6,Junio,8,2022,14,13,SR-161/WESTOVER HILLS BLVD,3,Highway estatal,Urbano,Arteria Principal,City or Municipal Highway Agency,1,Servicio de Parques Nacional,57,37.51424722,-77.48898611,Vehiculo Aparcado,El primer evento no fue una colision con un vehiculo automotor en transporte,Not an Intersection,No fue interseccion,En estacionamiento,"Zona de trabajo, tipo desconocido",Dia total,No reportado,No,NO APLICA,99,99,99,99,1,08/06/2022,1
51,Virginia,510369,0,0,2,0,760,RICHMOND (CITY) (760),2060,RICHMOND,6,Junio,11,2022,21,49,US-1,2,US Highway,Urbano,Arteria Principal,City or Municipal Highway Agency,1,Sin jurisdiccion especial,883,37.47528333,-77.44381944,Vehiculo en movimiento,Angulo,T-Intersection,Interseccion de T,Sobre calle,Ninguna,Oscuro con iluminacion,No reportado,No,NO APLICA,99,99,99,99,1,11/06/2022,3
51,Virginia,510370,0,0,1,0,137,ORANGE (137),0,NO APLICA,6,Junio,11,2022,2,10,CR-614,4,Calle del Condado,Rural,Arteria Principal,State Highway Agency,1,Sin jurisdiccion especial,30,38.34650556,-77.79853889,Buzon de correo,El primer evento no fue una colision con un vehiculo automotor en transporte,Not an Intersection,No fue interseccion,Sobre el lado de la calle,Ninguna,Oscuro sin iluminacion,lluvia,No,NO APLICA,99,99,99,99,1,11/06/2022,2
51,Virginia,510371,0,0,1,0,87,HENRICO (87),0,NO APLICA,6,Junio,14,2022,9,15,E RICHMOND RD,6,Calle Local Municipalidad,Urbano,Arteria Principal,Unknown,0,Sin jurisdiccion especial,6,37.54670556,-77.37369444,Arbol,El primer evento no fue una colision con un vehiculo automotor en transporte,Not an Intersection,No fue interseccion,Sobre el lado de la calle,Ninguna,Dia total,No reportado,No,NO APLICA,99,99,99,99,1,14/06/2022,1
51,Virginia,510372,0,0,1,0,27,BUCHANAN (27),0,NO APLICA,6,Junio,13,2022,17,0,CR-628,4,Calle del Condado,Rural,Local,State Highway Agency,0,Sin jurisdiccion especial,34,37.22800278,-81.88910833,Volcadura,El primer evento no fue una colision con un vehiculo automotor en transporte,Not an Intersection,No fue interseccion,Sobre el lado de la calle,Ninguna,Dia total,No reportado,No,NO APLICA,99,99,99,99,1,13/06/2022,1
51,Virginia,510373,1,1,1,0,37,CHARLOTTE (37),0,NO APLICA,6,Junio,13,2022,19,50,CR-710,4,Calle del Condado,Rural,Local,State Highway Agency,0,Sin jurisdiccion especial,30,36.93768056,-78.52283333,Peaton,El primer evento no fue una colision con un vehiculo automotor en transporte,Not an Intersection,No fue interseccion,Sobre calle,Ninguna,Dia total,No reportado,No,NO APLICA,99,98,99,98,1,13/06/2022,1
51,Virginia,510374,0,0,2,0,760,RICHMOND (CITY) (760),2060,RICHMOND,5,Mayo,30,2022,9,45,I-95,1,Interestatal,Urbano,Interestatal,State Highway Agency,1,Sin jurisdiccion especial,723,37.50393611,-77.42695,Valla Ferrocarril,El primer evento no fue una colision con un vehiculo automotor en transporte,Not an Intersection,No fue interseccion,Sobre el lado de la calle,Ninguna,Dia total,No reportado,No,NO APLICA,99,98,99,98,1,30/05/2022,2
51,Virginia,510375,0,0,1,0,139,PAGE (139),0,NO APLICA,6,Junio,9,2022,20,40,US-211,2,US Highway,Rural,Arteria Principal,State Highway Agency,1,Sin jurisdiccion especial,57,38.64280278,-78.59826111,Valla Ferrocarril,El primer evento no fue una colision con un vehiculo automotor en transporte,Not an Intersection,No fue interseccion,Sobre el lado de la calle,Ninguna,Atardecer,No reportado,No,NO APLICA,99,99,99,99,1,09/06/2022,1
51,Virginia,510376,0,0,1,0,13,ARLINGTON (13),100,ARLINGTON,6,Junio,10,2022,1,28,I-395 RAMP,1,Interestatal,Urbano,Arteria Principal,State Highway Agency,1,Sin jurisdiccion especial,0,38.86475833,-77.06958611,Banqueta,El primer evento no fue una colision con un vehiculo automotor en transporte,Not an Intersection,No fue interseccion,Sobre el lado de la calle,Ninguna,Oscuro con iluminacion,No reportado,No,NO APLICA,99,99,99,99,1,10/06/2022,1
51,Virginia,510377,1,1,2,0,59,FAIRFAX (59),1703,NEWINGTON,5,Mayo,21,2022,2,56,I-95,1,Interestatal,Urbano,Interestatal,State Highway Agency,1,Sin jurisdiccion especial,1660,38.72584722,-77.20264444,Vehiculo en movimiento,Frente a Detrás,Not an Intersection,No fue interseccion,Sobre calle,Ninguna,Oscuro con iluminacion,No reportado,No,NO APLICA,99,99,99,99,1,21/05/2022,1
51,Virginia,510378,1,1,1,0,650,HAMPTON (CITY) (650),1180,HAMPTON,6,Junio,2,2022,23,5,SR-172/COMMANDER SHEPARD BLVD,3,Highway estatal,Urbano,Arteria Menor,City or Municipal Highway Agency,0,Sin jurisdiccion especial,15,37.09151111,-76.38730278,Ciclista,El primer evento no fue una colision con un vehiculo automotor en transporte,T-Intersection,Interseccion de T,Sobre calle,Ninguna,Oscuro sin iluminacion,No reportado,No,NO APLICA,99,99,99,99,1,02/06/2022,1
51,Virginia,510379,0,0,1,0,183,SUSSEX (183),0,NO APLICA,6,Junio,16,2022,22,28,SR-35/JERSUSALEM PLANK RD,3,Highway estatal,Rural,Arteria Menor,State Highway Agency,0,Sin jurisdiccion especial,377,36.97732778,-77.22464167,Zanja,El primer evento no fue una colision con un vehiculo automotor en transporte,Not an Intersection,No fue interseccion,Sobre el lado de la calle,Ninguna,Oscuro sin iluminacion,lluvia,No,NO APLICA,99,98,99,98,1,16/06/2022,1
51,Virginia,510380,0,0,1,0,3,ALBEMARLE (3),0,NO APLICA,6,Junio,11,2022,2,5,CR-637,4,Calle del Condado,Rural,Colector Mayor,State Highway Agency,0,Sin jurisdiccion especial,142,38.03091944,-78.61508333,Arbol,El primer evento no fue una colision con un vehiculo automotor en transporte,Not an Intersection,No fue interseccion,Sobre el lado de la calle,Ninguna,Oscuro sin iluminacion,lluvia,No,NO APLICA,99,98,99,98,1,11/06/2022,1
51,Virginia,510381,0,0,1,0,107,LOUDOUN (107),0,NO APLICA,6,Junio,19,2022,5,20,CR-2150,4,Calle del Condado,Urbano,Arteria Principal,State Highway Agency,1,Sin jurisdiccion especial,26,39.04582222,-77.48059722,Zanja,El primer evento no fue una colision con un vehiculo automotor en transporte,Not an Intersection,No fue interseccion,En el medio,Ninguna,Amanecer,No reportado,No,NO APLICA,99,98,99,98,1,19/06/2022,1
51,Virginia,510382,0,0,1,0,175,SOUTHAMPTON (175),0,NO APLICA,6,Junio,17,2022,13,32,CR-628,4,Calle del Condado,Rural,Arteria Principal,State Highway Agency,1,Sin jurisdiccion especial,34,36.803975,-77.06713333,Volcadura,El primer evento no fue una colision con un vehiculo automotor en transporte,Not an Intersection,No fue interseccion,Sobre el lado de la calle,Ninguna,Dia total,No reportado,No,NO APLICA,99,98,99,98,1,17/06/2022,1
51,Virginia,510383,0,0,1,0,1,ACCOMACK (1),0,NO APLICA,6,Junio,13,2022,19,15,CR-637,4,Calle del Condado,Rural,Local,State Highway Agency,0,Sin jurisdiccion especial,27,37.69033611,-75.77484722,Arbol,El primer evento no fue una colision con un vehiculo automotor en transporte,Not an Intersection,No fue interseccion,Sobre el lado de la calle,Ninguna,Dia total,No reportado,No,NO APLICA,99,98,99,98,1,13/06/2022,1
51,Virginia,510384,0,0,1,0,169,SCOTT (169),0,NO APLICA,6,Junio,17,2022,9,45,US-58,2,US Highway,Rural,Arteria Principal,State Highway Agency,1,Sin jurisdiccion especial,772,36.64356111,-82.45640833,Arbol,El primer evento no fue una colision con un vehiculo automotor en transporte,Not an Intersection,No fue interseccion,Sobre el lado de la calle,Ninguna,Dia total,No reportado,No,NO APLICA,99,98,99,98,1,17/06/2022,1
51,Virginia,510385,0,0,2,0,49,CUMBERLAND (49),0,NO APLICA,6,Junio,19,2022,18,13,US-60,2,US Highway,Rural,Arteria Principal,State Highway Agency,1,Sin jurisdiccion especial,1502,37.54489444,-78.11574444,Vehiculo en movimiento,Golpe Lateral - misma direccion,Not an Intersection,No fue interseccion,Sobre calle,Ninguna,Dia total,No reportado,No,NO APLICA,99,98,99,98,1,19/06/2022,3
51,Virginia,510386,1,1,1,0,590,DANVILLE(CITY) (590),720,DANVILLE,6,Junio,18,2022,22,49,US-58,2,US Highway,Urbano,Arteria Principal,Unknown,1,Sin jurisdiccion especial,97,36.59111944,-79.38721667,Peaton,El primer evento no fue una colision con un vehiculo automotor en transporte,Four-Way Intersection,Interseccion de 4 direcciones,Sobre calle,Ninguna,Oscuro con iluminacion,No reportado,No,NO APLICA,99,98,99,98,1,18/06/2022,2
51,Virginia,510387,1,1,1,0,730,PETERSBURG (CITY) (730),1910,PETERSBURG,3,Marzo,18,2022,21,19,US-1,2,US Highway,Urbano,Arteria Principal,City or Municipal Highway Agency,1,Sin jurisdiccion especial,697,37.22360278,-77.41712222,Peaton,El primer evento no fue una colision con un vehiculo automotor en transporte,Four-Way Intersection,Interseccion de 4 direcciones,Sobre calle,Ninguna,Oscuro sin iluminacion,No reportado,No,NO APLICA,99,98,99,98,1,18/03/2022,1
51,Virginia,510388,0,0,1,0,550,CHESAPEAKE(CITY) (550),468,CHESAPEAKE,5,Mayo,2,2022,6,32,I-464,1,Interestatal,Urbano,Interestatal,State Highway Agency,1,Sin jurisdiccion especial,0,36.77266389,-76.275025,Arbol,El primer evento no fue una colision con un vehiculo automotor en transporte,Not an Intersection,No fue interseccion,Sobre el lado de la calle,Ninguna,Dia total,No reportado,No,NO APLICA,99,99,99,99,1,02/05/2022,1
51,Virginia,510389,0,0,1,0,73,GLOUCESTER (73),0,NO APLICA,5,Mayo,1,2022,19,44,CR-656,4,Calle del Condado,Rural,Colector Menor,State Highway Agency,0,Servicio de Parques Nacional,18,37.30668333,-76.47551389,Zanja,El primer evento no fue una colision con un vehiculo automotor en transporte,Not an Intersection,No fue interseccion,Sobre el lado de la calle,Ninguna,Atardecer,No reportado,No,NO APLICA,99,99,99,99,1,01/05/2022,1
51,Virginia,510390,0,0,2,0,137,ORANGE (137),0,NO APLICA,5,Mayo,7,2022,9,50,US-522,2,US Highway,Rural,Arteria Menor,State Highway Agency,0,Sin jurisdiccion especial,623,38.33865556,-77.95561667,Valla Ferrocarril,El primer evento no fue una colision con un vehiculo automotor en transporte,Not an Intersection,No fue interseccion,Sobre el lado de la calle,Ninguna,Dia total,No reportado,No,NO APLICA,99,99,99,99,1,07/05/2022,5
51,Virginia,510391,0,0,1,0,177,SPOTSYLVANIA (177),0,NO APLICA,5,Mayo,12,2022,0,58,SR-208/COURTHOUSE RD,3,Highway estatal,Rural,Arteria Menor,State Highway Agency,0,Sin jurisdiccion especial,245,38.08988333,-77.80735833,Poste de Señal de trafico,El primer evento no fue una colision con un vehiculo automotor en transporte,Not an Intersection,No fue interseccion,Sobre el lado de la calle,Ninguna,Oscuro sin iluminacion,No reportado,No,NO APLICA,99,98,99,98,1,12/05/2022,1