Estado,Nombre de Estado,Numero de Caso,Peatones,Personas _no_vehiculos,Vehiculos automotores,Vehiculos estacionados,Condado,Nombre Condado,Ciudad,Nombre Ciudad,Mes,Nombre Mes,Dia,Año,Hora,Minuto,Calle,Ruta,Nombre Ruta,Rural o Urbanoo,Sistema Funcional,Dueño Calle,Sistema Nacional Carreteras,Jurisdiccion Especial,Milla,Latitud,Longitud,Causa del Accidente,Tipo de Accidente,Tipo Interseccion,Columna1,Lugar en la calle,Zona de Trabajo,Luz,Clima,Autobus Escolar,Cruce de Trenes,Hora Notificacion,Minuto Notificacion,Hora Llegada,Minuto Llegada,Decesos,Fecha,PersonaVehiculo
51,Virginia,510392,0,0,2,0,139,PAGE (139),0,NO APLICA,5,Mayo,11,2022,17,0,US-340,2,US Highway,Rural,Arteria Menor,State Highway Agency,0,Sin jurisdiccion especial,737,38.70411389,-78.44108333,Vehiculo en movimiento,Angulo,Not an Intersection,No fue interseccion,Sobre calle,Ninguna,Dia total,No reportado,No,NO APLICA,99,99,99,99,1,11/05/2022,2
51,Virginia,510393,2,2,3,0,510,ALEXANDRIA (CITY) (510),40,ALEXANDRIA,5,Mayo,12,2022,22,55,I-495-95,1,Interestatal,Urbano,Interestatal,State Highway Agency,1,Sin jurisdiccion especial,1770,38.79804722,-77.06744167,Peaton,El primer evento no fue una colision con un vehiculo automotor en transporte,Not an Intersection,No fue interseccion,Sobre calle,Ninguna,Oscuro con iluminacion,No reportado,No,NO APLICA,99,98,99,98,2,12/05/2022,3
51,Virginia,510394,0,0,1,0,165,ROCKINGHAM (165),290,BRIDGEWATER,5,Mayo,14,2022,22,15,SR-42/MAIN ST,3,Highway estatal,Urbano,Arteria Principal,City or Municipal Highway Agency,1,Sin jurisdiccion especial,2214,38.39303333,-78.96292778,Poste de Señal de trafico,El primer evento no fue una colision con un vehiculo automotor en transporte,Not an Intersection,No fue interseccion,En el medio,Ninguna,Oscuro sin iluminacion,Neblina o Humo,No,NO APLICA,99,99,99,99,1,14/05/2022,1
51,Virginia,510395,0,0,3,0,800,SUFFOLK (CITY) (800),2390,SUFFOLK,5,Mayo,20,2022,6,35,HOSIER RD,6,Calle Local Municipalidad,Rural,Colector Mayor,City or Municipal Highway Agency,0,Sin jurisdiccion especial,117,36.70674722,-76.57893333,Vehiculo en movimiento,Frente a frente,Not an Intersection,No fue interseccion,Sobre calle,Ninguna,Dia total,No reportado,No,NO APLICA,99,99,99,99,1,20/05/2022,3
51,Virginia,510396,0,0,1,0,61,FAUQUIER (61),0,NO APLICA,5,Mayo,17,2022,14,56,CR-643,4,Calle del Condado,Rural,Arteria Principal,State Highway Agency,1,Sin jurisdiccion especial,33,38.63415556,-77.72098611,Arbol,El primer evento no fue una colision con un vehiculo automotor en transporte,Not an Intersection,No fue interseccion,Sobre el lado de la calle,Ninguna,Dia total,No reportado,No,NO APLICA,99,98,99,98,1,17/05/2022,1
51,Virginia,510397,1,1,1,0,93,ISLE OF WIGHT (93),0,NO APLICA,5,Mayo,19,2022,18,17,CR-620,4,Calle del Condado,Rural,Colector Mayor,State Highway Agency,0,Sin jurisdiccion especial,84,36.96420556,-76.69285278,Ciclista,El primer evento no fue una colision con un vehiculo automotor en transporte,T-Intersection,Interseccion de T,Sobre calle,Ninguna,Dia total,No reportado,No,NO APLICA,99,98,99,98,1,19/05/2022,2
51,Virginia,510398,0,0,3,1,3,ALBEMARLE (3),0,NO APLICA,5,Mayo,19,2022,17,31,US-29,2,US Highway,Rural,Arteria Principal,State Highway Agency,1,Sin jurisdiccion especial,1348,38.02680278,-78.52780278,Vehiculo en movimiento,Angulo,Four-Way Intersection,Interseccion de 4 direcciones,Sobre calle,Ninguna,Dia total,No reportado,No,NO APLICA,99,99,99,99,2,19/05/2022,3
51,Virginia,510399,0,0,2,0,71,GILES (71),1890,PEMBROKE,5,Mayo,27,2022,19,38,US-460,2,US Highway,Rural,Arteria Principal,State Highway Agency,1,Sin jurisdiccion especial,984,37.32076111,-80.63908056,Vehiculo en movimiento,Frente a frente,Four-Way Intersection,Interseccion de 4 direcciones,Sobre calle,Ninguna,Dia total,No reportado,No,NO APLICA,99,99,99,99,1,27/05/2022,4
51,Virginia,510400,0,0,2,0,179,STAFFORD (179),0,NO APLICA,5,Mayo,29,2022,19,35,CR-1486,4,Calle del Condado,Urbano,Arteria Principal,State Highway Agency,1,Sin jurisdiccion especial,15,38.42776389,-77.42580833,Vehiculo en movimiento,Angulo,Not an Intersection,No fue interseccion,Sobre calle,Ninguna,Dia total,No reportado,No,NO APLICA,99,98,99,98,3,29/05/2022,3
51,Virginia,510401,0,0,1,0,810,VIRGINIA BEACH (CITY) (810),2540,VIRGINIA BEACH,5,Mayo,26,2022,14,26,SWALLOW DR,6,Calle Local Municipalidad,Urbano,Local,Unknown,0,Sin jurisdiccion especial,0,36.80179167,-76.07560833,Arbol,El primer evento no fue una colision con un vehiculo automotor en transporte,Not an Intersection,No fue interseccion,Sobre el lado de la calle,Ninguna,Dia total,No reportado,No,NO APLICA,99,98,99,98,1,26/05/2022,1
51,Virginia,510402,1,1,1,0,810,VIRGINIA BEACH (CITY) (810),2540,VIRGINIA BEACH,5,Mayo,28,2022,16,40,US-58,2,US Highway,Urbano,Arteria Principal,City or Municipal Highway Agency,1,Sin jurisdiccion especial,5039,36.841875,-76.087025,Peaton,El primer evento no fue una colision con un vehiculo automotor en transporte,Not an Intersection,No fue interseccion,Sobre calle,Ninguna,Dia total,No reportado,No,NO APLICA,99,98,99,98,1,28/05/2022,1
51,Virginia,510403,0,0,2,0,93,ISLE OF WIGHT (93),0,NO APLICA,5,Mayo,28,2022,23,25,CR-611,4,Calle del Condado,Rural,Local,State Highway Agency,0,Sin jurisdiccion especial,97,36.73473056,-76.91585,Animal vivo,El primer evento no fue una colision con un vehiculo automotor en transporte,Not an Intersection,No fue interseccion,Sobre calle,Ninguna,Oscuro sin iluminacion,No reportado,No,NO APLICA,99,98,99,98,1,28/05/2022,2
51,Virginia,510404,0,0,2,0,77,GRAYSON (77),0,NO APLICA,6,Junio,2,2022,11,45,SR-16/TROUTDALE HWY,3,Highway estatal,Rural,Arteria Menor,State Highway Agency,0,Sin jurisdiccion especial,87,36.62902778,-81.39690556,Vehiculo en movimiento,Golpe Lateral - direccion contraria,Not an Intersection,No fue interseccion,Sobre calle,Ninguna,Dia total,No reportado,No,NO APLICA,99,99,99,99,1,02/06/2022,2
51,Virginia,510405,0,0,1,0,87,HENRICO (87),0,NO APLICA,6,Junio,6,2022,15,3,CR-7723,4,Calle del Condado,Rural,Arteria Principal,County Highway Agency,1,Sin jurisdiccion especial,60,37.47492778,-77.28761389,Buzon de correo,El primer evento no fue una colision con un vehiculo automotor en transporte,Not an Intersection,No fue interseccion,Sobre el lado de la calle,Ninguna,Dia total,No reportado,No,NO APLICA,99,98,99,98,1,06/06/2022,1
51,Virginia,510406,0,0,1,0,121,MONTGOMERY (121),500,CHRISTIANSBURG,4,Abril,18,2022,21,56,SR-154,3,Highway estatal,Urbano,Arteria Principal,City or Municipal Highway Agency,1,Sin jurisdiccion especial,5,37.12590278,-80.41621389,Volcadura,El primer evento no fue una colision con un vehiculo automotor en transporte,T-Intersection,Interseccion de T,Sobre el lado de la calle,Ninguna,Oscuro con iluminacion,lluvia,No,NO APLICA,99,98,99,98,1,18/04/2022,1
51,Virginia,510408,0,0,2,0,177,SPOTSYLVANIA (177),0,NO APLICA,5,Mayo,10,2022,9,5,CR-613,4,Calle del Condado,Rural,Arteria Principal,State Highway Agency,1,Sin jurisdiccion especial,103,38.301325,-77.70890556,Vehiculo en movimiento,Angulo,Four-Way Intersection,Interseccion de 4 direcciones,Sobre calle,Ninguna,Dia total,No reportado,No,NO APLICA,99,99,99,99,1,10/05/2022,3
51,Virginia,510409,0,0,3,0,59,FAIRFAX (59),2305,SPRINGFIELD,5,Mayo,9,2022,3,32,I-95,1,Interestatal,Urbano,Interestatal,State Highway Agency,1,Sin jurisdiccion especial,1697,38.77311667,-77.18241389,Vehiculo en movimiento,Golpe Lateral - misma direccion,Not an Intersection,No fue interseccion,Sobre calle,Ninguna,Oscuro con iluminacion,No reportado,No,NO APLICA,99,99,99,99,1,09/05/2022,4
51,Virginia,510410,0,0,1,0,147,PRINCE EDWARD (147),0,NO APLICA,5,Mayo,15,2022,14,9,US-460,2,US Highway,Rural,Arteria Principal,State Highway Agency,1,Sin jurisdiccion especial,2579,37.27845278,-78.340475,Acotamiento,El primer evento no fue una colision con un vehiculo automotor en transporte,Not an Intersection,No fue interseccion,Sobre el lado de la calle,Ninguna,Dia total,No reportado,No,NO APLICA,99,98,99,98,1,15/05/2022,1
51,Virginia,510411,0,0,1,0,41,CHESTERFIELD (41),0,NO APLICA,5,Mayo,21,2022,20,27,CR-770,4,Calle del Condado,Urbano,Arteria Principal,State Highway Agency,1,Sin jurisdiccion especial,0,37.43895556,-77.47585556,Culvert,El primer evento no fue una colision con un vehiculo automotor en transporte,Not an Intersection,No fue interseccion,Sobre el lado de la calle,Ninguna,Oscuro sin iluminacion,lluvia,No,NO APLICA,99,99,99,99,1,21/05/2022,2
51,Virginia,510412,0,0,2,1,680,LYNCHBURG (CITY) (680),1490,LYNCHBURG,5,Mayo,21,2022,4,49,FORT AVE,6,Calle Local Municipalidad,Urbano,Arteria Menor,City or Municipal Highway Agency,0,Sin jurisdiccion especial,3,37.40438056,-79.15769167,Poste,El primer evento no fue una colision con un vehiculo automotor en transporte,Not an Intersection,No fue interseccion,Sobre el lado de la calle,Ninguna,Oscuro con iluminacion,No reportado,No,NO APLICA,99,98,99,98,1,21/05/2022,1
51,Virginia,510413,1,1,1,0,710,NORFOLK (CITY) (710),1760,NORFOLK,5,Mayo,15,2022,21,0,US-13,2,US Highway,Urbano,Arteria Principal,City or Municipal Highway Agency,1,Sin jurisdiccion especial,478,36.84971111,-76.20990556,Peaton,El primer evento no fue una colision con un vehiculo automotor en transporte,Not an Intersection,No fue interseccion,Sobre calle,Ninguna,Oscuro con iluminacion,No reportado,No,NO APLICA,99,98,99,98,1,15/05/2022,1
51,Virginia,510414,0,0,1,0,700,NEWPORT NEWS (CITY) (700),1720,NEWPORT NEWS,5,Mayo,28,2022,19,0,CR-7034,6,Calle Local Municipalidad,Urbano,Arteria Principal,City or Municipal Highway Agency,1,Sin jurisdiccion especial,21,37.09501389,-76.44714722,Valla Ferrocarril,El primer evento no fue una colision con un vehiculo automotor en transporte,Not an Intersection,No fue interseccion,Sobre el lado de la calle,Ninguna,Dia total,No reportado,No,NO APLICA,99,98,99,98,1,28/05/2022,1
51,Virginia,510415,0,0,1,0,127,NEW KENT (127),0,NO APLICA,5,Mayo,31,2022,12,20,SR-249/NEW KENT HWY,3,Highway estatal,Rural,Arteria Menor,State Highway Agency,0,Sin jurisdiccion especial,9,37.52284722,-77.17906389,Hidrante,El primer evento no fue una colision con un vehiculo automotor en transporte,Not an Intersection,No fue interseccion,Sobre el lado de la calle,Ninguna,Dia total,No reportado,No,NO APLICA,99,98,99,98,1,31/05/2022,1
51,Virginia,510416,2,2,1,0,650,HAMPTON (CITY) (650),1180,HAMPTON,5,Mayo,28,2022,18,24,US-258,2,US Highway,Urbano,Arteria Menor,City or Municipal Highway Agency,0,Sin jurisdiccion especial,677,37.021175,-76.31822222,Peaton,El primer evento no fue una colision con un vehiculo automotor en transporte,Four-Way Intersection,Interseccion de 4 direcciones,Sobre calle,Ninguna,Dia total,No reportado,No,NO APLICA,99,99,99,99,1,28/05/2022,1
51,Virginia,510417,0,0,2,0,131,NORTHAMPTON (131),0,NO APLICA,5,Mayo,30,2022,12,20,US-13,2,US Highway,Rural,Arteria Principal,State Highway Agency,1,Sin jurisdiccion especial,839,37.26875556,-75.97458333,Vehiculo en movimiento,Angulo,Y-Intersection,Interseccion de Y,Sobre calle,Ninguna,Dia total,No reportado,No,NO APLICA,99,99,99,99,1,30/05/2022,3
51,Virginia,510418,0,0,2,0,109,LOUISA (109),0,NO APLICA,5,Mayo,28,2022,17,0,CR-620,4,Calle del Condado,Rural,Arteria Principal,State Highway Agency,1,Sin jurisdiccion especial,29,38.12885556,-78.01751389,Vehiculo en movimiento,Frente a frente,Not an Intersection,No fue interseccion,Sobre calle,Ninguna,Dia total,No reportado,No,NO APLICA,99,99,99,99,1,28/05/2022,3
51,Virginia,510419,0,0,3,0,760,RICHMOND (CITY) (760),2060,RICHMOND,5,Mayo,11,2022,16,6,US-360,2,US Highway,Urbano,Arteria Principal,State Highway Agency,0,Sin jurisdiccion especial,1376,37.50477778,-77.46939722,Vehiculo en movimiento,Angulo,T-Intersection,Interseccion de T,Sobre calle,Ninguna,Dia total,No reportado,No,NO APLICA,99,98,99,98,1,11/05/2022,3
51,Virginia,510420,1,1,1,0,730,PETERSBURG (CITY) (730),1910,PETERSBURG,5,Mayo,22,2022,14,54,US-301,2,US Highway,Urbano,Arteria Principal,State Highway Agency,1,Sin jurisdiccion especial,515,37.21697222,-77.38366944,Ciclista,El primer evento no fue una colision con un vehiculo automotor en transporte,Not an Intersection,No fue interseccion,Sobre calle,Ninguna,Dia total,No reportado,No,NO APLICA,99,99,99,99,1,22/05/2022,1
51,Virginia,510421,1,1,2,0,700,NEWPORT NEWS (CITY) (700),1720,NEWPORT NEWS,8,Agosto,1,2022,10,48,US-17 JAMES RIVER BRIDGE,2,US Highway,Rural,Arteria Principal,State Highway Agency,1,Sin jurisdiccion especial,491,88.8888,888.8888,Vehiculo en movimiento,Frente a Detrás,Not an Intersection,No fue interseccion,Sobre calle,Ninguna,Dia total,No reportado,No,NO APLICA,99,99,99,99,1,01/08/2022,1
51,Virginia,510422,0,0,2,0,93,ISLE OF WIGHT (93),2270,SMITHFIELD,8,Agosto,7,2022,17,5,CR-669,4,Calle del Condado,Urbano,Colector Mayor,State Highway Agency,0,Sin jurisdiccion especial,42,36.97457778,-76.58461667,Vehiculo en movimiento,Frente a frente,Not an Intersection,No fue interseccion,Sobre el lado de la calle,Ninguna,Dia total,No reportado,No,NO APLICA,99,99,99,99,1,07/08/2022,3
51,Virginia,510423,1,1,1,0,59,FAIRFAX (59),1449,LINCOLNIA,5,Mayo,22,2022,22,25,SR-236/LITTLE RIVER TRNPK,3,Highway estatal,Urbano,Arteria Principal,State Highway Agency,1,Sin jurisdiccion especial,102,38.81786389,-77.14193889,Peaton,El primer evento no fue una colision con un vehiculo automotor en transporte,T-Intersection,Interseccion de T,Sobre calle,Ninguna,Oscuro con iluminacion,lluvia,No,NO APLICA,99,99,99,99,1,22/05/2022,1
51,Virginia,510424,1,1,1,0,760,RICHMOND (CITY) (760),2060,RICHMOND,6,Junio,2,2022,6,37,SR-76/POWHITE PARKWAY,3,Highway estatal,Urbano,Arterial Principal -Freeway o ExpressWay,Local Toll Authority,1,Sin jurisdiccion especial,108,37.53386389,-77.507675,Peaton,El primer evento no fue una colision con un vehiculo automotor en transporte,Not an Intersection,No fue interseccion,Sobre calle,Ninguna,Dia total,No reportado,No,NO APLICA,99,98,99,98,1,02/06/2022,1
51,Virginia,510425,0,0,1,0,109,LOUISA (109),0,NO APLICA,6,Junio,4,2022,11,52,I-64,1,Interestatal,Rural,Interestatal,State Highway Agency,1,Sin jurisdiccion especial,1593,37.78751944,-77.89541667,Acotamiento,El primer evento no fue una colision con un vehiculo automotor en transporte,Not an Intersection,No fue interseccion,Sobre el lado de la calle,Ninguna,Dia total,No reportado,No,NO APLICA,99,99,99,99,1,04/06/2022,1
51,Virginia,510426,0,0,5,0,87,HENRICO (87),0,NO APLICA,6,Junio,3,2022,13,59,CR-7506E RIVER RD,4,Calle del Condado,Urbano,Arteria Menor,County Highway Agency,0,Sin jurisdiccion especial,99998,37.57251111,-77.5473,Vehiculo en movimiento,Frente a Detrás,Not an Intersection,No fue interseccion,Sobre calle,Ninguna,Dia total,No reportado,No,NO APLICA,99,99,99,99,1,03/06/2022,7
51,Virginia,510427,0,0,2,0,165,ROCKINGHAM (165),0,NO APLICA,6,Junio,8,2022,12,0,SR-259/MAYLAND DR,3,Highway estatal,Rural,Arteria Menor,State Highway Agency,0,Sin jurisdiccion especial,31,38.59739722,-78.779975,Vehiculo en movimiento,Frente a frente,T-Intersection,Interseccion de T,Sobre calle,Ninguna,Dia total,No reportado,No,NO APLICA,99,99,99,99,1,08/06/2022,2
51,Virginia,510428,0,0,1,0,69,FREDERICK (69),0,NO APLICA,6,Junio,11,2022,21,0,CR-645,4,Calle del Condado,Urbano,Colector Mayor,State Highway Agency,0,Sin jurisdiccion especial,10,39.13895,-78.14286389,Zanja,El primer evento no fue una colision con un vehiculo automotor en transporte,Not an Intersection,No fue interseccion,Sobre el lado de la calle,Ninguna,Oscuro sin iluminacion,No reportado,No,NO APLICA,99,98,99,98,1,11/06/2022,1
51,Virginia,510430,1,1,1,0,19,BEDFORD (19),0,NO APLICA,6,Junio,7,2022,3,50,US-460,2,US Highway,Urbano,Arteria Principal,State Highway Agency,1,Sin jurisdiccion especial,1794,37.349,-79.5795,Peaton,El primer evento no fue una colision con un vehiculo automotor en transporte,Not an Intersection,No fue interseccion,Sobre calle,Ninguna,Oscuro sin iluminacion,No reportado,No,NO APLICA,99,98,99,98,1,07/06/2022,1
51,Virginia,510431,0,0,3,0,93,ISLE OF WIGHT (93),2270,SMITHFIELD,6,Junio,11,2022,4,0,SR-10/VA-10 BYPASS,3,Highway estatal,Urbano,Arteria Menor,State Highway Agency,0,Sin jurisdiccion especial,742,36.97441111,-76.63886111,Vehiculo en movimiento,Frente a frente,Not an Intersection,No fue interseccion,Sobre calle,Ninguna,Oscuro sin iluminacion,No reportado,No,NO APLICA,99,99,99,99,1,11/06/2022,3
51,Virginia,510432,0,0,1,0,15,AUGUSTA (15),0,NO APLICA,6,Junio,18,2022,18,33,CR-635,4,Calle del Condado,Rural,Colector Menor,State Highway Agency,0,Sin jurisdiccion especial,84,38.10723333,-79.05568056,Zanja,El primer evento no fue una colision con un vehiculo automotor en transporte,Not an Intersection,No fue interseccion,Sobre el lado de la calle,Ninguna,Oscuro sin iluminacion,No reportado,No,NO APLICA,99,99,99,99,1,18/06/2022,1
51,Virginia,510433,0,0,2,0,101,KING WILLIAM (101),0,NO APLICA,6,Junio,12,2022,23,44,CR-745,4,Calle del Condado,Rural,Colector Mayor,State Highway Agency,0,Sin jurisdiccion especial,55,37.68251944,-77.07035,Arbol,El primer evento no fue una colision con un vehiculo automotor en transporte,Not an Intersection,No fue interseccion,Sobre el lado de la calle,Ninguna,Oscuro sin iluminacion,No reportado,No,NO APLICA,99,99,99,99,1,12/06/2022,3
51,Virginia,510434,0,0,2,0,23,BOTETOURT (23),207,BLUE RIDGE,6,Junio,18,2022,22,29,US-460,2,US Highway,Urbano,Arteria Principal,State Highway Agency,1,Sin jurisdiccion especial,1652,37.37541667,-79.80956111,Vehiculo en movimiento,Frente a frente,Not an Intersection,No fue interseccion,Sobre calle,Ninguna,Oscuro sin iluminacion,No reportado,No,NO APLICA,99,99,99,99,1,18/06/2022,3
51,Virginia,510435,0,0,1,0,67,FRANKLIN (67),0,NO APLICA,6,Junio,23,2022,0,25,CR-643,4,Calle del Condado,Rural,Arteria Principal,State Highway Agency,1,Sin jurisdiccion especial,132,37.10095833,-80.05456667,Acotamiento,El primer evento no fue una colision con un vehiculo automotor en transporte,Y-Intersection,Interseccion de Y,Gore?,Ninguna,Oscuro sin iluminacion,No reportado,No,NO APLICA,99,98,99,98,1,23/06/2022,1
51,Virginia,510436,1,1,1,0,3,ALBEMARLE (3),0,NO APLICA,6,Junio,19,2022,21,47,CR-631,4,Calle del Condado,Urbano,Arteria Principal,State Highway Agency,1,Sin jurisdiccion especial,141,38.07969167,-78.47273056,Peaton,El primer evento no fue una colision con un vehiculo automotor en transporte,Four-Way Intersection,Interseccion de 4 direcciones,Sobre calle,Ninguna,Oscuro sin iluminacion,No reportado,No,NO APLICA,99,99,99,99,1,19/06/2022,1
51,Virginia,510437,0,0,2,0,43,CLARKE (43),0,NO APLICA,6,Junio,20,2022,12,12,US-340,2,US Highway,Rural,Arteria Menor,State Highway Agency,0,Sin jurisdiccion especial,1064,39.05859167,-78.12018333,Vehiculo en movimiento,Angulo,Not an Intersection,No fue interseccion,Sobre calle,Ninguna,Dia total,No reportado,No,NO APLICA,99,98,99,98,2,20/06/2022,2
51,Virginia,510438,0,0,1,0,139,PAGE (139),0,NO APLICA,6,Junio,11,2022,17,20,BASIN HOLLOW RD,6,Calle Local Municipalidad,Rural,Arteria Principal,County Highway Agency,1,Sin jurisdiccion especial,19,38.52348611,-78.49808056,Alguien se cayo/avento del vehiculo,El primer evento no fue una colision con un vehiculo automotor en transporte,Not an Intersection,No fue interseccion,Sobre calle,Ninguna,Dia total,No reportado,No,NO APLICA,99,99,99,99,1,11/06/2022,2
51,Virginia,510439,0,0,2,0,185,TAZEWELL (185),200,BLUEFIELD,6,Junio,26,2022,14,30,US-460,2,US Highway,Urbano,Arteria Principal,State Highway Agency,1,Sin jurisdiccion especial,800,37.23776944,-81.24844167,Vehiculo en movimiento,Angulo,T-Intersection,Interseccion de T,Sobre calle,Ninguna,Dia total,No reportado,No,NO APLICA,99,99,99,99,1,26/06/2022,2
51,Virginia,510440,0,0,2,0,650,HAMPTON (CITY) (650),1180,HAMPTON,6,Junio,11,2022,17,49,I-64,1,Interestatal,Urbano,Interestatal,State Highway Agency,1,Sin jurisdiccion especial,2665,37.03435278,-76.34841667,Vehiculo en movimiento,Frente a Detrás,Not an Intersection,No fue interseccion,Sobre calle,Ninguna,Dia total,No reportado,No,NO APLICA,99,99,99,99,1,11/06/2022,3
51,Virginia,510441,0,0,1,0,153,PRINCE WILLIAM (153),0,NO APLICA,6,Junio,11,2022,3,24,CR-1107,4,Calle del Condado,Urbano,Arteria Principal,State Highway Agency,1,Sin jurisdiccion especial,0,38.55695556,-77.32420556,Banqueta,El primer evento no fue una colision con un vehiculo automotor en transporte,Not an Intersection,No fue interseccion,Sobre el lado de la calle,Ninguna,Oscuro con iluminacion,lluvia,No,NO APLICA,99,98,99,98,1,11/06/2022,1
51,Virginia,510442,0,0,1,0,59,FAIRFAX (59),0,NO APLICA,6,Junio,29,2022,6,17,CR-620,4,Calle del Condado,Urbano,Arteria Menor,State Highway Agency,0,Sin jurisdiccion especial,86,38.82869444,-77.36646389,Volcadura,El primer evento no fue una colision con un vehiculo automotor en transporte,Not an Intersection,No fue interseccion,Sobre calle,"Zona de trabajo, tipo desconocido",Dia total,No reportado,No,NO APLICA,99,99,99,99,1,29/06/2022,1
51,Virginia,510444,1,1,1,0,760,RICHMOND (CITY) (760),2060,RICHMOND,6,Junio,29,2022,22,38,E BROAD ROCK RD,6,Calle Local Municipalidad,Urbano,Colector Mayor,City or Municipal Highway Agency,0,Sin jurisdiccion especial,4,37.50553889,-77.46335,Peaton,El primer evento no fue una colision con un vehiculo automotor en transporte,Four-Way Intersection,Interseccion de 4 direcciones,Sobre calle,Ninguna,Oscuro con iluminacion,No reportado,No,NO APLICA,99,99,99,99,1,29/06/2022,1
51,Virginia,510445,0,0,1,0,53,DINWIDDIE (53),0,NO APLICA,6,Junio,13,2022,3,50,I-95,1,Interestatal,Rural,Interestatal,State Highway Agency,1,Sin jurisdiccion especial,596,37.15516111,-77.50961389,Arbol,El primer evento no fue una colision con un vehiculo automotor en transporte,Not an Intersection,No fue interseccion,En el medio,Ninguna,Oscuro sin iluminacion,No reportado,No,NO APLICA,99,99,99,99,1,13/06/2022,3
51,Virginia,510446,0,0,1,0,710,NORFOLK (CITY) (710),1760,NORFOLK,6,Junio,14,2022,8,10,PALMETTO ST,6,Calle Local Municipalidad,Urbano,Local,Unknown,0,Sin jurisdiccion especial,6,36.86699167,-76.24101667,Barda,El primer evento no fue una colision con un vehiculo automotor en transporte,T-Intersection,Interseccion de T,Fuera de la calle,Ninguna,Dia total,No reportado,No,NO APLICA,99,99,99,99,1,14/06/2022,1
51,Virginia,510448,0,0,1,0,87,HENRICO (87),0,NO APLICA,6,Junio,15,2022,5,42,I-64,1,Interestatal,Urbano,Interestatal,State Highway Agency,1,Sin jurisdiccion especial,1802,37.63551111,-77.57448333,Acotamiento,El primer evento no fue una colision con un vehiculo automotor en transporte,Not an Intersection,No fue interseccion,En el medio,Ninguna,Amanecer,No reportado,No,NO APLICA,99,99,99,99,1,15/06/2022,2
51,Virginia,510449,0,0,2,0,810,VIRGINIA BEACH (CITY) (810),2540,VIRGINIA BEACH,6,Junio,22,2022,11,21,US-58,2,US Highway,Urbano,Arteria Menor,City or Municipal Highway Agency,1,Sin jurisdiccion especial,8,36.84381389,-76.03098056,Vehiculo en movimiento,Angulo,T-Intersection,Interseccion de T,Sobre calle,Ninguna,Dia total,No reportado,No,NO APLICA,99,98,99,98,1,22/06/2022,2
51,Virginia,510450,0,0,2,0,27,BUCHANAN (27),0,NO APLICA,6,Junio,4,2022,5,55,US-460,2,US Highway,Rural,Arteria Principal,State Highway Agency,1,Sin jurisdiccion especial,96,37.31451667,-82.14071667,Vehiculo en movimiento,Frente a frente,Not an Intersection,No fue interseccion,Sobre calle,Ninguna,Oscuro sin iluminacion,Neblina o Humo,No,NO APLICA,99,99,99,99,1,04/06/2022,2
51,Virginia,510451,0,0,2,0,107,LOUDOUN (107),0,NO APLICA,6,Junio,26,2022,18,4,CR-621,4,Calle del Condado,Rural,Colector Mayor,State Highway Agency,0,Sin jurisdiccion especial,136,39.06486111,-77.57346389,Vehiculo en movimiento,Angulo,T-Intersection,Interseccion de T,Sobre calle,Ninguna,Dia total,lluvia,No,NO APLICA,99,99,99,99,1,26/06/2022,2
51,Virginia,510452,0,0,1,0,19,BEDFORD (19),0,NO APLICA,6,Junio,28,2022,16,55,US-460,2,US Highway,Rural,Arteria Principal,State Highway Agency,1,Sin jurisdiccion especial,1724,37.37113056,-79.69884444,Zanja,El primer evento no fue una colision con un vehiculo automotor en transporte,Not an Intersection,No fue interseccion,En el medio,Ninguna,Dia total,No reportado,No,NO APLICA,99,99,99,99,1,28/06/2022,2
51,Virginia,510453,0,0,2,0,149,PRINCE GEORGE (149),0,NO APLICA,6,Junio,30,2022,22,6,CR-618,4,Calle del Condado,Rural,Local,State Highway Agency,0,Sin jurisdiccion especial,19,37.12088056,-77.23476944,Vehiculo en movimiento,Frente a frente,Not an Intersection,No fue interseccion,Sobre calle,Ninguna,Oscuro sin iluminacion,No reportado,No,NO APLICA,99,99,99,99,1,30/06/2022,3
51,Virginia,510454,0,0,1,0,143,PITTSYLVANIA (143),0,NO APLICA,6,Junio,29,2022,22,40,US-29,2,US Highway,Rural,Arteria Principal,State Highway Agency,1,Sin jurisdiccion especial,391,37.00202222,-79.35528889,Acotamiento,El primer evento no fue una colision con un vehiculo automotor en transporte,Not an Intersection,No fue interseccion,Sobre el lado de la calle,Ninguna,Oscuro sin iluminacion,No reportado,No,NO APLICA,99,98,99,98,1,29/06/2022,1
51,Virginia,510455,0,0,2,0,740,PORTSMOUTH (CITY) (740),1970,PORTSMOUTH,6,Junio,26,2022,11,19,SR-239/VICTORY BLVD,3,Highway estatal,Urbano,Arteria Menor,City or Municipal Highway Agency,0,Sin jurisdiccion especial,22,36.79604444,-76.33516667,Vehiculo en movimiento,Angulo,Four-Way Intersection,Interseccion de 4 direcciones,Sobre calle,Ninguna,Dia total,No reportado,No,NO APLICA,99,99,99,99,1,26/06/2022,2
51,Virginia,510456,0,0,1,0,191,WASHINGTON (191),0,NO APLICA,6,Junio,24,2022,21,24,CR-745,4,Calle del Condado,Rural,Arteria Principal,State Highway Agency,1,Sin jurisdiccion especial,65,36.85343889,-81.80146111,Acotamiento,El primer evento no fue una colision con un vehiculo automotor en transporte,Not an Intersection,No fue interseccion,Sobre el lado de la calle,Ninguna,Oscuro sin iluminacion,No reportado,No,NO APLICA,99,99,99,99,1,24/06/2022,1