Estado,Nombre de Estado,Numero de Caso,Peatones,Personas _no_vehiculos,Vehiculos automotores,Vehiculos estacionados,Condado,Nombre Condado,Ciudad,Nombre Ciudad,Mes,Nombre Mes,Dia,Año,Hora,Minuto,Calle,Ruta,Nombre Ruta,Rural o Urbanoo,Sistema Funcional,Dueño Calle,Sistema Nacional Carreteras,Jurisdiccion Especial,Milla,Latitud,Longitud,Causa del Accidente,Tipo de Accidente,Tipo Interseccion,Columna1,Lugar en la calle,Zona de Trabajo,Luz,Clima,Autobus Escolar,Cruce de Trenes,Hora Notificacion,Minuto Notificacion,Hora Llegada,Minuto Llegada,Decesos,Fecha,PersonaVehiculo
51,Virginia,510457,0,0,1,0,101,KING WILLIAM (101),0,NO APLICA,7,Julio,2,2022,19,13,CR-611,4,Calle del Condado,Rural,Local,State Highway Agency,0,Sin jurisdiccion especial,45,37.75271389,-77.12316389,Suelo,El primer evento no fue una colision con un vehiculo automotor en transporte,Not an Intersection,No fue interseccion,Sobre el lado de la calle,Ninguna,Dia total,No reportado,No,NO APLICA,99,99,99,99,1,02/07/2022,2
51,Virginia,510458,0,0,1,0,41,CHESTERFIELD (41),0,NO APLICA,7,Julio,2,2022,20,10,SR-288/I-95 RAMP,3,Highway estatal,Urbano,Arterial Principal -Freeway o ExpressWay,State Highway Agency,1,Sin jurisdiccion especial,1,37.37735833,-77.40531389,Valla Ferrocarril,El primer evento no fue una colision con un vehiculo automotor en transporte,Not an Intersection,No fue interseccion,Sobre el lado de la calle,Ninguna,Dia total,No reportado,No,NO APLICA,99,98,99,98,1,02/07/2022,1
51,Virginia,510459,0,0,2,0,59,FAIRFAX (59),0,NO APLICA,7,Julio,3,2022,18,38,CR-643,4,Calle del Condado,Urbano,Arteria Menor,State Highway Agency,0,Sin jurisdiccion especial,121,38.79873333,-77.32297778,Vehiculo en movimiento,Angulo,Four-Way Intersection,Interseccion de 4 direcciones,Sobre calle,Ninguna,Dia total,No reportado,No,NO APLICA,99,99,99,99,1,03/07/2022,2
51,Virginia,510460,0,0,1,0,85,HANOVER (85),0,NO APLICA,7,Julio,6,2022,22,47,US-1,2,US Highway,Rural,Arteria Menor,State Highway Agency,0,Sin jurisdiccion especial,1112,37.79571111,-77.47171667,Zanja,El primer evento no fue una colision con un vehiculo automotor en transporte,Not an Intersection,No fue interseccion,Sobre el lado de la calle,Ninguna,Oscuro sin iluminacion,No reportado,No,NO APLICA,99,99,99,99,1,06/07/2022,2
51,Virginia,510461,0,0,2,0,161,ROANOKE (161),0,NO APLICA,7,Julio,8,2022,19,54,SR-115/PLANTATION RD,3,Highway estatal,Urbano,Arteria Menor,State Highway Agency,0,Sin jurisdiccion especial,36,37.33158889,-79.9374,Vehiculo en movimiento,Frente a frente,Not an Intersection,No fue interseccion,Sobre calle,Ninguna,Atardecer,lluvia,No,NO APLICA,99,99,99,99,1,08/07/2022,2
51,Virginia,510462,1,1,1,0,59,FAIRFAX (59),0,NO APLICA,7,Julio,6,2022,22,20,US-1,2,US Highway,Urbano,Arteria Principal,State Highway Agency,1,Sin jurisdiccion especial,1911,38.78936389,-77.06450833,Peaton,El primer evento no fue una colision con un vehiculo automotor en transporte,Not an Intersection,No fue interseccion,Sobre calle,Ninguna,Oscuro sin iluminacion,No reportado,No,NO APLICA,99,99,99,99,1,06/07/2022,3
51,Virginia,510463,1,1,1,0,59,FAIRFAX (59),1457,LORTON,7,Julio,8,2022,1,31,US-1/RAMP,2,US Highway,Urbano,Arteria Principal,State Highway Agency,1,Sin jurisdiccion especial,3,38.67583889,-77.23371111,Peaton,El primer evento no fue una colision con un vehiculo automotor en transporte,Not an Intersection,No fue interseccion,Sobre calle,Ninguna,Oscuro sin iluminacion,No reportado,No,NO APLICA,99,98,99,98,1,08/07/2022,1
51,Virginia,510464,1,1,1,0,187,WARREN (187),0,NO APLICA,7,Julio,3,2022,2,50,I-66,1,Interestatal,Urbano,Interestatal,State Highway Agency,1,Sin jurisdiccion especial,124,38.91778333,-78.11429722,Peaton,El primer evento no fue una colision con un vehiculo automotor en transporte,Not an Intersection,No fue interseccion,Sobre calle,Ninguna,Oscuro sin iluminacion,No reportado,No,NO APLICA,99,98,99,98,1,03/07/2022,1
51,Virginia,510465,0,0,1,0,710,NORFOLK (CITY) (710),1760,NORFOLK,7,Julio,4,2022,22,45,SR-165/MILITARY HWY,3,Highway estatal,Urbano,Arteria Principal,City or Municipal Highway Agency,1,Sin jurisdiccion especial,347,36.90008889,-76.22758611,Volcadura,El primer evento no fue una colision con un vehiculo automotor en transporte,Not an Intersection,No fue interseccion,Sobre calle,Ninguna,Oscuro con iluminacion,No reportado,No,NO APLICA,99,99,99,99,1,04/07/2022,1
51,Virginia,510466,0,0,2,0,740,PORTSMOUTH (CITY) (740),1970,PORTSMOUTH,3,Marzo,13,2022,4,11,CEDAR LANE,6,Calle Local Municipalidad,Urbano,Arteria Principal,City or Municipal Highway Agency,1,Sin jurisdiccion especial,24,36.87629444,-76.37792778,Vehiculo en movimiento,Angulo,Four-Way Intersection,Interseccion de 4 direcciones,Sobre calle,Ninguna,Oscuro con iluminacion,No reportado,No,NO APLICA,99,99,99,99,1,13/03/2022,5
51,Virginia,510467,0,0,2,0,740,PORTSMOUTH (CITY) (740),1970,PORTSMOUTH,7,Julio,2,2022,18,31,US-58,2,US Highway,Urbano,Arteria Principal,City or Municipal Highway Agency,1,Sin jurisdiccion especial,4873,36.83314444,-76.34047778,Volcadura,El primer evento no fue una colision con un vehiculo automotor en transporte,Four-Way Intersection,Interseccion de 4 direcciones,Sobre calle,Ninguna,Dia total,No reportado,No,NO APLICA,99,99,99,99,1,02/07/2022,3
51,Virginia,510468,0,0,3,0,810,VIRGINIA BEACH (CITY) (810),2540,VIRGINIA BEACH,7,Julio,9,2022,17,38,LYNNHAVEN PKWY,6,Calle Local Municipalidad,Urbano,Arteria Menor,City or Municipal Highway Agency,0,Sin jurisdiccion especial,46,36.79005278,-76.12234722,Vehiculo en movimiento,Angulo,Four-Way Intersection,Interseccion de 4 direcciones,Sobre calle,Ninguna,Dia total,lluvia,No,NO APLICA,99,99,99,99,1,09/07/2022,4
51,Virginia,510469,0,0,1,0,85,HANOVER (85),0,NO APLICA,7,Julio,10,2022,1,11,CR-601,4,Calle del Condado,Rural,Local,State Highway Agency,0,Sin jurisdiccion especial,7,37.88653333,-77.59484167,Arbol,El primer evento no fue una colision con un vehiculo automotor en transporte,Not an Intersection,No fue interseccion,Sobre el lado de la calle,Ninguna,Oscuro sin iluminacion,lluvia,No,NO APLICA,99,98,99,98,1,10/07/2022,1
51,Virginia,510470,0,0,1,0,61,FAUQUIER (61),0,NO APLICA,7,Julio,11,2022,14,50,SR-215/VINT HILL RD,3,Highway estatal,Rural,Colector Mayor,State Highway Agency,0,Sin jurisdiccion especial,11,38.76168056,-77.67928889,Arbol,El primer evento no fue una colision con un vehiculo automotor en transporte,Not an Intersection,No fue interseccion,Sobre el lado de la calle,Ninguna,Dia total,No reportado,No,NO APLICA,99,99,99,99,1,11/07/2022,5
51,Virginia,510471,0,0,1,0,187,WARREN (187),0,NO APLICA,7,Julio,11,2022,16,40,CR-613,4,Calle del Condado,Rural,Colector Mayor,State Highway Agency,0,Sin jurisdiccion especial,9,38.81589722,-78.24898889,Barda,El primer evento no fue una colision con un vehiculo automotor en transporte,Not an Intersection,No fue interseccion,Fuera de la calle,Ninguna,Dia total,No reportado,No,NO APLICA,99,99,99,99,1,11/07/2022,2
51,Virginia,510472,0,0,1,0,137,ORANGE (137),0,NO APLICA,7,Julio,9,2022,12,10,CR-669,4,Calle del Condado,Rural,Colector Mayor,State Highway Agency,0,Sin jurisdiccion especial,13,38.15589722,-78.00033333,Poste o otros soportes,El primer evento no fue una colision con un vehiculo automotor en transporte,T-Intersection,Interseccion de T,Sobre el lado de la calle,Ninguna,Dia total,lluvia,No,NO APLICA,99,99,99,99,1,09/07/2022,2
51,Virginia,510473,0,0,2,0,165,ROCKINGHAM (165),0,NO APLICA,7,Julio,12,2022,16,15,CR-765,4,Calle del Condado,Rural,Colector Menor,State Highway Agency,0,Sin jurisdiccion especial,67,38.50323056,-78.84584722,Vehiculo en movimiento,Angulo,Four-Way Intersection,Interseccion de 4 direcciones,Sobre calle,Ninguna,Dia total,No reportado,No,NO APLICA,99,99,99,99,1,12/07/2022,2
51,Virginia,510474,0,0,1,0,75,GOOCHLAND (75),0,NO APLICA,7,Julio,13,2022,6,0,I-64/RAMP,1,Interestatal,Rural,Interestatal,State Highway Agency,1,Sin jurisdiccion especial,1,37.88547222,-78.03391667,Arbol,El primer evento no fue una colision con un vehiculo automotor en transporte,Not an Intersection,No fue interseccion,Sobre el lado de la calle,Ninguna,Amanecer,No reportado,No,NO APLICA,99,98,99,98,1,13/07/2022,1
51,Virginia,510475,0,0,1,0,171,SHENANDOAH (171),0,NO APLICA,7,Julio,13,2022,23,25,CR-623,4,Calle del Condado,Rural,Arteria Principal,State Highway Agency,1,Sin jurisdiccion especial,102,38.95320556,-78.48900833,Barda,El primer evento no fue una colision con un vehiculo automotor en transporte,Not an Intersection,No fue interseccion,Sobre el lado de la calle,Ninguna,Oscuro sin iluminacion,No reportado,No,NO APLICA,99,98,99,98,1,13/07/2022,1
51,Virginia,510476,0,0,3,1,107,LOUDOUN (107),1440,LEESBURG,7,Julio,16,2022,2,50,US-15,2,US Highway,Urbano,Arteria Principal,City or Municipal Highway Agency,1,Sin jurisdiccion especial,2194,39.11376111,-77.53793611,Vehiculo en movimiento,Angulo,Four-Way Intersection,Interseccion de 4 direcciones,Sobre calle,Ninguna,Oscuro con iluminacion,No reportado,No,NO APLICA,99,99,99,99,1,16/07/2022,2
51,Virginia,510477,0,0,1,0,135,NOTTOWAY (135),0,NO APLICA,7,Julio,17,2022,13,35,US-360,2,US Highway,Urbano,Arteria Principal,State Highway Agency,1,Sin jurisdiccion especial,880,37.18855,-78.1898,Valla Ferrocarril,El primer evento no fue una colision con un vehiculo automotor en transporte,Not an Intersection,No fue interseccion,Sobre el lado de la calle,Ninguna,Dia total,No reportado,No,NO APLICA,99,98,99,98,1,17/07/2022,1
51,Virginia,510478,0,0,1,0,67,FRANKLIN (67),0,NO APLICA,7,Julio,17,2022,4,46,CR-697,4,Calle del Condado,Rural,Arteria Principal,State Highway Agency,1,Sin jurisdiccion especial,18,37.06861389,-79.92591667,Arbol,El primer evento no fue una colision con un vehiculo automotor en transporte,Not an Intersection,No fue interseccion,Sobre el lado de la calle,Ninguna,Oscuro sin iluminacion,No reportado,No,NO APLICA,99,98,99,98,1,17/07/2022,1
51,Virginia,510479,0,0,2,0,77,GRAYSON (77),0,NO APLICA,7,Julio,16,2022,13,5,US-58,2,US Highway,Rural,Arteria Principal,State Highway Agency,1,Sin jurisdiccion especial,1721,36.61895278,-81.20687778,Vehiculo en movimiento,Frente a frente,Not an Intersection,No fue interseccion,Sobre calle,Ninguna,Dia total,No reportado,No,NO APLICA,99,99,99,99,1,16/07/2022,3
51,Virginia,510480,0,0,2,0,41,CHESTERFIELD (41),0,NO APLICA,7,Julio,14,2022,19,46,CR-763,4,Calle del Condado,Urbano,Local,State Highway Agency,0,Sin jurisdiccion especial,13,37.44566944,-77.56634722,Vehiculo en movimiento,Frente a frente,Not an Intersection,No fue interseccion,Sobre calle,Ninguna,Dia total,No reportado,No,NO APLICA,99,98,99,98,1,14/07/2022,2
51,Virginia,510481,0,0,2,0,740,PORTSMOUTH (CITY) (740),1970,PORTSMOUTH,7,Julio,12,2022,18,6,US-17,2,US Highway,Urbano,Arteria Principal,City or Municipal Highway Agency,1,Sin jurisdiccion especial,270,36.81787222,-76.32653889,Vehiculo en movimiento,Angulo,T-Intersection,Interseccion de T,Sobre calle,Ninguna,Dia total,No reportado,No,NO APLICA,99,99,99,99,2,12/07/2022,4
51,Virginia,510482,0,0,1,0,177,SPOTSYLVANIA (177),0,NO APLICA,7,Julio,17,2022,20,58,CR-738,4,Calle del Condado,Rural,Colector Mayor,State Highway Agency,0,Sin jurisdiccion especial,75,38.10411944,-77.65918889,Arbol,El primer evento no fue una colision con un vehiculo automotor en transporte,Not an Intersection,No fue interseccion,Sobre el lado de la calle,Ninguna,Oscuro sin iluminacion,lluvia,No,NO APLICA,99,98,99,98,1,17/07/2022,1
51,Virginia,510483,0,0,1,0,15,AUGUSTA (15),0,NO APLICA,7,Julio,18,2022,13,0,I-81,1,Interestatal,Urbano,Interestatal,State Highway Agency,1,Sin jurisdiccion especial,2229,38.12778333,-79.03766667,Valla Ferrocarril,El primer evento no fue una colision con un vehiculo automotor en transporte,Not an Intersection,No fue interseccion,En el medio,Ninguna,Dia total,No reportado,No,NO APLICA,99,99,99,99,1,18/07/2022,8
51,Virginia,510484,0,0,1,0,73,GLOUCESTER (73),0,NO APLICA,7,Julio,19,2022,17,15,US-17,2,US Highway,Rural,Arteria Principal,State Highway Agency,1,Sin jurisdiccion especial,839,37.43435278,-76.56546111,Volcadura,El primer evento no fue una colision con un vehiculo automotor en transporte,Not an Intersection,No fue interseccion,Sobre el lado de la calle,Ninguna,Dia total,No reportado,No,NO APLICA,99,98,99,98,1,19/07/2022,1
51,Virginia,510485,0,0,2,0,85,HANOVER (85),0,NO APLICA,7,Julio,19,2022,12,46,I-95,1,Interestatal,Rural,Interestatal,State Highway Agency,1,Sin jurisdiccion especial,906,37.73964722,-77.45399444,Vehiculo en movimiento,Frente a Detrás,Not an Intersection,No fue interseccion,Sobre Acotamiento,Ninguna,Dia total,No reportado,No,NO APLICA,99,99,99,99,1,19/07/2022,2
51,Virginia,510486,1,1,1,0,740,PORTSMOUTH (CITY) (740),1970,PORTSMOUTH,7,Julio,17,2022,0,48,I-264,1,Interestatal,Urbano,Interestatal,State Highway Agency,1,Sin jurisdiccion especial,51,36.82716944,-76.32469167,Peaton,El primer evento no fue una colision con un vehiculo automotor en transporte,Not an Intersection,No fue interseccion,Sobre calle,Ninguna,Oscuro con iluminacion,No reportado,No,NO APLICA,99,98,99,98,1,17/07/2022,1
51,Virginia,510487,0,0,3,0,550,CHESAPEAKE(CITY) (550),468,CHESAPEAKE,7,Julio,20,2022,6,53,US-58,2,US Highway,Rural,Arteria Principal,State Highway Agency,1,Sin jurisdiccion especial,4800,36.77852222,-76.43806111,Vehiculo en movimiento,Angulo,Four-Way Intersection,Interseccion de 4 direcciones,Sobre calle,Ninguna,Amanecer,No reportado,No,NO APLICA,99,98,99,98,1,20/07/2022,3
51,Virginia,510488,0,0,2,1,730,PETERSBURG (CITY) (730),1910,PETERSBURG,7,Julio,19,2022,20,47,DUPUY RD,6,Calle Local Municipalidad,Urbano,Colector Menor,City or Municipal Highway Agency,0,Sin jurisdiccion especial,12,37.212525,-77.435575,Vehiculo Aparcado,El primer evento no fue una colision con un vehiculo automotor en transporte,Not an Intersection,No fue interseccion,En estacionamiento,Ninguna,Oscuro con iluminacion,No reportado,No,NO APLICA,99,99,99,99,1,19/07/2022,1
51,Virginia,510489,0,0,1,0,3,ALBEMARLE (3),0,NO APLICA,7,Julio,21,2022,8,37,SR-22/LOUISA RD,3,Highway estatal,Rural,Arteria Menor,State Highway Agency,0,Sin jurisdiccion especial,28,38.02913333,-78.34995,Volcadura,El primer evento no fue una colision con un vehiculo automotor en transporte,Not an Intersection,No fue interseccion,Sobre el lado de la calle,Ninguna,Dia total,No reportado,No,NO APLICA,99,98,99,98,1,21/07/2022,1
51,Virginia,510490,0,0,2,0,153,PRINCE WILLIAM (153),0,NO APLICA,7,Julio,21,2022,8,33,SR-234/DUMFRIES RD,3,Highway estatal,Urbano,Arteria Principal,State Highway Agency,0,Sin jurisdiccion especial,24,38.60225278,-77.34075833,Vehiculo en movimiento,Angulo,T-Intersection,Interseccion de T,Sobre calle,Ninguna,Dia total,No reportado,No,NO APLICA,99,99,99,99,1,21/07/2022,3
51,Virginia,510491,0,0,1,0,41,CHESTERFIELD (41),0,NO APLICA,7,Julio,17,2022,4,0,US-1,2,US Highway,Urbano,Arteria Principal,State Highway Agency,1,Sin jurisdiccion especial,842,37.41505278,-77.43593056,Poste,El primer evento no fue una colision con un vehiculo automotor en transporte,Four-Way Intersection,Interseccion de 4 direcciones,En el medio,Ninguna,Oscuro con iluminacion,No reportado,No,NO APLICA,99,99,99,99,1,17/07/2022,1
51,Virginia,510492,0,0,1,0,683,MANASSAS (CITY) (683),1550,MANASSAS,7,Julio,22,2022,13,38,SR-28/CENTREVILLE RD,3,Highway estatal,Urbano,Arteria Menor,City or Municipal Highway Agency,0,Sin jurisdiccion especial,238,38.75589444,-77.46606944,Culvert,El primer evento no fue una colision con un vehiculo automotor en transporte,Four-Way Intersection,Interseccion de 4 direcciones,Sobre el lado de la calle,Ninguna,Dia total,No reportado,No,NO APLICA,99,99,99,99,1,22/07/2022,2
51,Virginia,510493,0,0,1,0,15,AUGUSTA (15),0,NO APLICA,7,Julio,23,2022,7,30,CR-612,4,Calle del Condado,Rural,Colector Mayor,State Highway Agency,0,Sin jurisdiccion especial,15,38.17463889,-79.12335278,Barda,El primer evento no fue una colision con un vehiculo automotor en transporte,Not an Intersection,No fue interseccion,Sobre el lado de la calle,Ninguna,Dia total,No reportado,No,NO APLICA,99,99,99,99,1,23/07/2022,1
51,Virginia,510494,0,0,1,0,3,ALBEMARLE (3),0,NO APLICA,7,Julio,23,2022,17,32,CR-635,4,Calle del Condado,Rural,Colector Mayor,State Highway Agency,0,Sin jurisdiccion especial,83,38.034075,-78.70637778,Zanja,El primer evento no fue una colision con un vehiculo automotor en transporte,Not an Intersection,No fue interseccion,Sobre el lado de la calle,Ninguna,Dia total,No reportado,No,NO APLICA,99,98,99,98,1,23/07/2022,1
51,Virginia,510495,0,0,1,0,147,PRINCE EDWARD (147),0,NO APLICA,7,Julio,23,2022,23,32,CR-604,4,Calle del Condado,Rural,Colector Mayor,State Highway Agency,0,Sin jurisdiccion especial,57,37.20373889,-78.47938056,Poste o otros soportes,El primer evento no fue una colision con un vehiculo automotor en transporte,Not an Intersection,No fue interseccion,Sobre el lado de la calle,Ninguna,Oscuro sin iluminacion,No reportado,No,NO APLICA,99,98,99,98,1,23/07/2022,1
51,Virginia,510496,0,0,1,0,89,HENRY (89),0,NO APLICA,7,Julio,24,2022,10,8,CR-1181,4,Calle del Condado,Urbano,Arteria Principal,State Highway Agency,1,Sin jurisdiccion especial,0,36.72354167,-79.88108056,Arbol,El primer evento no fue una colision con un vehiculo automotor en transporte,Not an Intersection,No fue interseccion,Sobre el lado de la calle,Ninguna,Dia total,No reportado,No,NO APLICA,99,99,99,99,1,24/07/2022,3
51,Virginia,510497,0,0,1,0,81,GREENSVILLE (81),0,NO APLICA,7,Julio,25,2022,16,26,US-301,2,US Highway,Urbano,Arteria Principal,State Highway Agency,1,Sin jurisdiccion especial,128,36.72385,-77.52703611,Acotamiento,El primer evento no fue una colision con un vehiculo automotor en transporte,Not an Intersection,No fue interseccion,En el medio,Ninguna,Dia total,No reportado,No,NO APLICA,99,98,99,98,1,25/07/2022,1
51,Virginia,510498,0,0,3,0,179,STAFFORD (179),0,NO APLICA,7,Julio,25,2022,8,40,US-17,2,US Highway,Urbano,Arteria Principal,State Highway Agency,1,Sin jurisdiccion especial,1847,38.36745556,-77.52235,Poste o otros soportes,El primer evento no fue una colision con un vehiculo automotor en transporte,Not an Intersection,No fue interseccion,En el medio,Ninguna,Dia total,No reportado,No,NO APLICA,99,99,99,99,1,25/07/2022,4
51,Virginia,510499,0,0,4,0,175,SOUTHAMPTON (175),0,NO APLICA,7,Julio,25,2022,11,30,US-58,2,US Highway,Urbano,Arteria Principal,State Highway Agency,1,Sin jurisdiccion especial,4469,36.66521944,-76.95726667,Vehiculo en movimiento,Frente a Detrás,Not an Intersection,No fue interseccion,Sobre calle,Ninguna,Dia total,No reportado,No,NO APLICA,99,99,99,99,2,25/07/2022,7
51,Virginia,510500,0,0,2,0,121,MONTGOMERY (121),500,CHRISTIANSBURG,7,Julio,24,2022,9,50,US-460,2,US Highway,Urbano,Arterial Principal -Freeway o ExpressWay,State Highway Agency,1,Sin jurisdiccion especial,1242,37.138725,-80.38124444,Vehiculo en movimiento,Frente a frente,Not an Intersection,No fue interseccion,Sobre calle,Ninguna,Dia total,No reportado,No,NO APLICA,99,98,99,98,2,24/07/2022,2
51,Virginia,510501,0,0,2,0,67,FRANKLIN (67),0,NO APLICA,7,Julio,26,2022,8,1,CR-678,4,Calle del Condado,Rural,Arteria Principal,State Highway Agency,1,Sin jurisdiccion especial,8,37.16546944,-79.85960833,Vehiculo en movimiento,Golpe Lateral - direccion contraria,Not an Intersection,No fue interseccion,Sobre calle,Ninguna,Dia total,lluvia,No,NO APLICA,99,98,99,98,1,26/07/2022,2
51,Virginia,510502,1,1,1,0,161,ROANOKE (161),0,NO APLICA,7,Julio,27,2022,21,13,SR-31/CATAWBA VALLEY DR,3,Highway estatal,Rural,Arteria Principal,State Highway Agency,1,Sin jurisdiccion especial,42,37.34578333,-80.04623056,Peaton,El primer evento no fue una colision con un vehiculo automotor en transporte,Not an Intersection,No fue interseccion,Sobre calle,Ninguna,Oscuro sin iluminacion,No reportado,No,NO APLICA,99,98,99,98,1,27/07/2022,1
51,Virginia,510503,0,0,2,0,41,CHESTERFIELD (41),0,NO APLICA,7,Julio,28,2022,19,33,CR-637,4,Calle del Condado,Urbano,Arteria Principal,State Highway Agency,1,Sin jurisdiccion especial,28,37.41804167,-77.46932778,Vehiculo en movimiento,Frente a frente,Not an Intersection,No fue interseccion,Sobre Acotamiento,Ninguna,Dia total,No reportado,No,NO APLICA,99,99,99,99,1,28/07/2022,3
51,Virginia,510504,1,1,1,0,760,RICHMOND (CITY) (760),2060,RICHMOND,7,Julio,29,2022,0,12,I-95,1,Interestatal,Urbano,Interestatal,State Highway Agency,1,Sin jurisdiccion especial,7,37.55966944,-77.48893056,Peaton,El primer evento no fue una colision con un vehiculo automotor en transporte,Not an Intersection,No fue interseccion,Sobre calle,Ninguna,Oscuro con iluminacion,No reportado,No,NO APLICA,99,98,99,98,1,29/07/2022,2
51,Virginia,510505,0,0,1,0,37,CHARLOTTE (37),770,DRAKES BRANCH,7,Julio,24,2022,7,7,SR-47/DRAKES MAIN STREET,3,Highway estatal,Rural,Arteria Principal,State Highway Agency,1,Sin jurisdiccion especial,380,36.98309167,-78.59152778,Buzon de correo,El primer evento no fue una colision con un vehiculo automotor en transporte,Not an Intersection,No fue interseccion,Sobre el lado de la calle,Ninguna,Dia total,No reportado,No,NO APLICA,99,99,99,99,1,24/07/2022,1
51,Virginia,510506,1,1,2,0,650,HAMPTON (CITY) (650),1180,HAMPTON,7,Julio,29,2022,21,7,SR-351/PEMBROKE AVE,3,Highway estatal,Urbano,Arteria Principal,City or Municipal Highway Agency,1,Sin jurisdiccion especial,27,37.01018333,-76.38939444,Peaton,El primer evento no fue una colision con un vehiculo automotor en transporte,Not an Intersection,No fue interseccion,Sobre calle,Ninguna,Oscuro sin iluminacion,lluvia,No,NO APLICA,99,98,99,98,1,29/07/2022,2
51,Virginia,510507,0,0,2,0,15,AUGUSTA (15),0,NO APLICA,7,Julio,30,2022,11,0,SR-42/SCENIC HWY,3,Highway estatal,Rural,Arteria Principal,State Highway Agency,1,Sin jurisdiccion especial,2146,38.33118333,-79.05194167,Vehiculo en movimiento,Frente a frente,Not an Intersection,No fue interseccion,Sobre calle,Ninguna,Dia total,No reportado,No,NO APLICA,99,99,99,99,1,30/07/2022,2
51,Virginia,510508,0,0,2,0,177,SPOTSYLVANIA (177),0,NO APLICA,7,Julio,30,2022,22,40,SR-31,3,Highway estatal,Urbano,Arteria Principal,State Highway Agency,1,Sin jurisdiccion especial,315,38.29591111,-77.51399167,Vehiculo en movimiento,Angulo,T-Intersection,Interseccion de T,Sobre calle,Ninguna,Dia total,No reportado,No,NO APLICA,99,98,99,98,1,30/07/2022,2
51,Virginia,510509,0,0,1,0,137,ORANGE (137),0,NO APLICA,7,Julio,31,2022,1,0,CR-639,4,Calle del Condado,Rural,Colector Menor,State Highway Agency,0,Sin jurisdiccion especial,27,38.17008611,-78.09783889,Barda,El primer evento no fue una colision con un vehiculo automotor en transporte,Not an Intersection,No fue interseccion,Sobre el lado de la calle,Ninguna,Oscuro sin iluminacion,No reportado,No,NO APLICA,99,98,99,98,1,31/07/2022,1
51,Virginia,510510,0,0,1,0,41,CHESTERFIELD (41),0,NO APLICA,7,Julio,31,2022,17,15,SR-288/WORLD WAR II VETERANS,3,Highway estatal,Urbano,Arterial Principal -Freeway o ExpressWay,State Highway Agency,1,Sin jurisdiccion especial,102,37.41069722,-77.57746944,Zanja,El primer evento no fue una colision con un vehiculo automotor en transporte,Not an Intersection,No fue interseccion,En el medio,Ninguna,Dia total,lluvia,No,NO APLICA,99,99,99,99,1,31/07/2022,1
51,Virginia,510511,0,0,1,0,740,PORTSMOUTH (CITY) (740),1970,PORTSMOUTH,7,Julio,15,2022,1,47,I-264,1,Interestatal,Urbano,Interestatal,State Highway Agency,1,Sin jurisdiccion especial,21,36.80370556,-76.36981111,Arbol,El primer evento no fue una colision con un vehiculo automotor en transporte,Not an Intersection,No fue interseccion,Sobre el lado de la calle,Ninguna,Oscuro con iluminacion,No reportado,No,NO APLICA,99,98,99,98,1,15/07/2022,1
51,Virginia,510512,0,0,2,0,179,STAFFORD (179),0,NO APLICA,7,Julio,28,2022,19,40,CR-610,4,Calle del Condado,Urbano,Arteria Principal,State Highway Agency,1,Sin jurisdiccion especial,67,38.47515,-77.46985556,Vehiculo en movimiento,Angulo,Four-Way Intersection,Interseccion de 4 direcciones,Sobre calle,Ninguna,Dia total,No reportado,No,NO APLICA,99,99,99,99,1,28/07/2022,2
51,Virginia,510513,0,0,1,0,117,MECKLENBURG (117),0,NO APLICA,7,Julio,29,2022,19,5,CR-829,4,Calle del Condado,Rural,Local,State Highway Agency,0,Sin jurisdiccion especial,6,36.56839444,-78.71293889,Acotamiento,El primer evento no fue una colision con un vehiculo automotor en transporte,Not an Intersection,No fue interseccion,Sobre el lado de la calle,Ninguna,Dia total,No reportado,No,NO APLICA,99,99,99,99,1,29/07/2022,1
51,Virginia,510514,0,0,2,0,153,PRINCE WILLIAM (153),0,NO APLICA,7,Julio,15,2022,12,26,CR-1781,4,Calle del Condado,Urbano,Arteria Principal,State Highway Agency,1,Sin jurisdiccion especial,20,38.65601667,-77.28971944,Vehiculo en movimiento,Angulo,Four-Way Intersection,Interseccion de 4 direcciones,Sobre calle,Ninguna,Dia total,No reportado,No,NO APLICA,99,99,99,99,1,15/07/2022,3
51,Virginia,510515,0,0,2,0,650,HAMPTON (CITY) (650),1180,HAMPTON,7,Julio,31,2022,22,5,LASELLE AVE,6,Calle Local Municipalidad,Urbano,Arteria Principal,City or Municipal Highway Agency,1,Sin jurisdiccion especial,31,37.01995556,-76.36348611,Vehiculo en movimiento,Frente a frente,Not an Intersection,No fue interseccion,Sobre calle,Ninguna,Oscuro con iluminacion,No reportado,No,NO APLICA,99,99,99,99,1,31/07/2022,3
51,Virginia,510516,0,0,2,0,730,PETERSBURG (CITY) (730),1910,PETERSBURG,7,Julio,30,2022,10,25,I-85,1,Interestatal,Urbano,Interestatal,State Highway Agency,1,Sin jurisdiccion especial,672,37.20683333,-77.41028889,Barrera de Trafico de Concreto,El primer evento no fue una colision con un vehiculo automotor en transporte,Not an Intersection,No fue interseccion,Sobre el lado de la calle,Ninguna,Dia total,No reportado,No,NO APLICA,99,99,99,99,1,30/07/2022,9