Estado,Nombre de Estado,Numero de Caso,Peatones,Personas _no_vehiculos,Vehiculos automotores,Vehiculos estacionados,Condado,Nombre Condado,Ciudad,Nombre Ciudad,Mes,Nombre Mes,Dia,Año,Hora,Minuto,Calle,Ruta,Nombre Ruta,Rural o Urbanoo,Sistema Funcional,Dueño Calle,Sistema Nacional Carreteras,Jurisdiccion Especial,Milla,Latitud,Longitud,Causa del Accidente,Tipo de Accidente,Tipo Interseccion,Columna1,Lugar en la calle,Zona de Trabajo,Luz,Clima,Autobus Escolar,Cruce de Trenes,Hora Notificacion,Minuto Notificacion,Hora Llegada,Minuto Llegada,Decesos,Fecha,PersonaVehiculo
51,Virginia,510517,0,0,2,0,740,PORTSMOUTH (CITY) (740),1970,PORTSMOUTH,7,Julio,18,2022,2,49,US-17,2,US Highway,Urbano,Arteria Principal,City or Municipal Highway Agency,1,Sin jurisdiccion especial,256,36.80319167,-76.32231667,Vehiculo en movimiento,Angulo,Four-Way Intersection,Interseccion de 4 direcciones,Sobre calle,Ninguna,Oscuro con iluminacion,No reportado,No,NO APLICA,99,98,99,98,1,18/07/2022,2
51,Virginia,510518,0,0,3,0,67,FRANKLIN (67),2110,ROCKY MOUNT,7,Julio,19,2022,18,4,SR-40/OLD FRANKLIN TRNPK,3,Highway estatal,Urbano,Arteria Menor,Town or Township Highway Agency,0,Sin jurisdiccion especial,344,37.01795556,-79.85848333,Vehiculo en movimiento,Angulo,Four-Way Intersection,Interseccion de 4 direcciones,Sobre calle,Ninguna,Dia total,No reportado,No,NO APLICA,99,99,99,99,2,19/07/2022,7
51,Virginia,510519,0,0,4,0,33,CAROLINE (33),0,NO APLICA,7,Julio,23,2022,3,50,I-95,1,Interestatal,Rural,Interestatal,State Highway Agency,1,Sin jurisdiccion especial,1121,38.03773611,-77.49991389,Vehiculo en movimiento,Frente a Detrás,Not an Intersection,No fue interseccion,Sobre Acotamiento,Ninguna,Oscuro sin iluminacion,No reportado,No,NO APLICA,99,99,99,99,1,23/07/2022,6
51,Virginia,510520,1,1,1,0,520,BRISTOL (CITY) (520),300,BRISTOL,7,Julio,29,2022,13,59,STATE ST,6,Calle Local Municipalidad,Urbano,Colector Mayor,City or Municipal Highway Agency,0,Sin jurisdiccion especial,15,36.59502222,-82.18346111,Peaton,El primer evento no fue una colision con un vehiculo automotor en transporte,Four-Way Intersection,Interseccion de 4 direcciones,Sobre calle,Ninguna,Dia total,lluvia,No,NO APLICA,99,99,99,99,1,29/07/2022,1
51,Virginia,510521,0,0,1,0,9,AMHERST (9),0,NO APLICA,7,Julio,17,2022,3,30,US-60,2,US Highway,Rural,Arteria Menor,State Highway Agency,0,Sin jurisdiccion especial,965,37.56279444,-78.96423056,Arbol,El primer evento no fue una colision con un vehiculo automotor en transporte,Not an Intersection,No fue interseccion,Sobre el lado de la calle,Ninguna,Oscuro sin iluminacion,No reportado,No,NO APLICA,99,99,99,99,1,17/07/2022,1
51,Virginia,510522,2,2,1,0,77,GRAYSON (77),0,NO APLICA,7,Julio,10,2022,0,25,SR-89/SKYLINE HWY,3,Highway estatal,Rural,Arteria Menor,State Highway Agency,0,Sin jurisdiccion especial,40,36.61388333,-80.92128056,Peaton,El primer evento no fue una colision con un vehiculo automotor en transporte,Not an Intersection,No fue interseccion,Sobre calle,Ninguna,Oscuro sin iluminacion,lluvia,No,NO APLICA,99,99,99,99,2,10/07/2022,1
51,Virginia,510523,0,0,2,0,700,NEWPORT NEWS (CITY) (700),1720,NEWPORT NEWS,6,Junio,10,2022,11,55,SR-238/YORKTOWN RD,3,Highway estatal,Urbano,Arteria Principal,State Highway Agency,1,Sin jurisdiccion especial,7,37.20040278,-76.57321111,Vehiculo en movimiento,Angulo,Not an Intersection,No fue interseccion,Sobre calle,Ninguna,Dia total,No reportado,No,NO APLICA,99,99,99,99,2,10/06/2022,3
51,Virginia,510524,1,1,1,0,710,NORFOLK (CITY) (710),1760,NORFOLK,6,Junio,24,2022,20,12,SR-168/TIDEWATER DR,3,Highway estatal,Urbano,Arteria Principal,City or Municipal Highway Agency,0,Sin jurisdiccion especial,245,36.86572222,-76.26921667,Banqueta,El primer evento no fue una colision con un vehiculo automotor en transporte,Not an Intersection,No fue interseccion,Sobre el lado de la calle,Ninguna,Atardecer,No reportado,No,NO APLICA,99,99,99,99,1,24/06/2022,1
51,Virginia,510525,0,0,1,0,31,CAMPBELL (31),330,BROOKNEAL,6,Junio,1,2022,9,38,US-501,2,US Highway,Rural,Arteria Menor,State Highway Agency,0,Sin jurisdiccion especial,394,37.04094722,-78.94538056,Volcadura,El primer evento no fue una colision con un vehiculo automotor en transporte,Not an Intersection,No fue interseccion,Sobre el lado de la calle,Ninguna,Dia total,No reportado,No,NO APLICA,99,99,99,99,1,01/06/2022,1
51,Virginia,510526,0,0,1,0,165,ROCKINGHAM (165),0,NO APLICA,6,Junio,7,2022,19,36,US-11,2,US Highway,Rural,Arteria Menor,State Highway Agency,0,Sin jurisdiccion especial,2762,38.59287778,-78.71568611,Culvert,El primer evento no fue una colision con un vehiculo automotor en transporte,Not an Intersection,No fue interseccion,Sobre el lado de la calle,Ninguna,Dia total,No reportado,No,NO APLICA,99,99,99,99,1,07/06/2022,1
51,Virginia,510527,0,0,1,0,810,VIRGINIA BEACH (CITY) (810),2540,VIRGINIA BEACH,7,Julio,28,2022,20,25,HARPERS RD,6,Calle Local Municipalidad,Urbano,Colector Mayor,City or Municipal Highway Agency,0,Sin jurisdiccion especial,5,36.78637222,-76.03850278,Zanja,El primer evento no fue una colision con un vehiculo automotor en transporte,Not an Intersection,No fue interseccion,Sobre el lado de la calle,Ninguna,Atardecer,No reportado,No,NO APLICA,99,98,99,98,1,28/07/2022,2
51,Virginia,510528,1,1,1,0,59,FAIRFAX (59),2034,RESTON,7,Julio,5,2022,21,25,DULLES INTER AIRPORT ACCESS HW,8,Otro,Urbano,Arterial Principal -Freeway o ExpressWay,Other Federal Agency,1,Sin jurisdiccion especial,50,38.95321944,-77.36314167,Peaton,El primer evento no fue una colision con un vehiculo automotor en transporte,Not an Intersection,No fue interseccion,Sobre calle,Ninguna,Oscuro sin iluminacion,No reportado,No,NO APLICA,99,99,99,99,1,05/07/2022,1
51,Virginia,510529,0,0,4,0,27,BUCHANAN (27),0,NO APLICA,7,Julio,13,2022,18,4,US-460,2,US Highway,Rural,Arteria Principal,State Highway Agency,1,Sin jurisdiccion especial,166,37.24967778,-82.10447222,Vehiculo en movimiento,Golpe Lateral - direccion contraria,Not an Intersection,No fue interseccion,Sobre calle,Ninguna,Dia total,No reportado,No,NO APLICA,99,99,99,99,1,13/07/2022,11
51,Virginia,510530,0,0,2,0,550,CHESAPEAKE(CITY) (550),468,CHESAPEAKE,7,Julio,28,2022,13,14,EDINBURGH PKWY,6,Calle Local Municipalidad,Rural,Local,Unknown,0,Sin jurisdiccion especial,7,36.66349722,-76.23404167,Vehiculo en movimiento,Frente a Detrás,Not an Intersection,No fue interseccion,Sobre calle,Ninguna,Dia total,No reportado,No,NO APLICA,99,99,99,99,1,28/07/2022,2
51,Virginia,510531,0,0,2,0,63,FLOYD (63),0,NO APLICA,7,Julio,8,2022,17,25,FLOYD HWY,6,Calle Local Municipalidad,Rural,Arteria Principal,State Highway Agency,1,Sin jurisdiccion especial,168,37.06025278,-80.15161944,Vehiculo en movimiento,Angulo,Not an Intersection,No fue interseccion,Sobre calle,Ninguna,Dia total,lluvia,No,NO APLICA,99,99,99,99,1,08/07/2022,4
51,Virginia,510532,0,0,1,0,59,FAIRFAX (59),1457,LORTON,7,Julio,16,2022,5,14,US-1,2,US Highway,Urbano,Arteria Principal,State Highway Agency,1,Sin jurisdiccion especial,1802,38.70806389,-77.20288333,Arbol,El primer evento no fue una colision con un vehiculo automotor en transporte,Not an Intersection,No fue interseccion,Sobre el lado de la calle,Ninguna,Oscuro con iluminacion,No reportado,No,NO APLICA,99,99,99,99,1,16/07/2022,1
51,Virginia,510533,0,0,1,0,700,NEWPORT NEWS (CITY) (700),1720,NEWPORT NEWS,6,Junio,24,2022,20,54,US-17,2,US Highway,Urbano,Arteria Principal,City or Municipal Highway Agency,1,Sin jurisdiccion especial,508,37.01644167,-76.45286111,Poste o otros soportes,El primer evento no fue una colision con un vehiculo automotor en transporte,Not an Intersection,No fue interseccion,Sobre el lado de la calle,Ninguna,Oscuro con iluminacion,No reportado,No,NO APLICA,99,99,99,99,1,24/06/2022,3
51,Virginia,510534,0,0,2,0,23,BOTETOURT (23),340,BUCHANAN,7,Julio,1,2022,17,10,US-11,2,US Highway,Rural,Arteria Menor,State Highway Agency,0,Sin jurisdiccion especial,1775,37.51898056,-79.69347778,Vehiculo en movimiento,Frente a frente,Not an Intersection,No fue interseccion,Sobre calle,Ninguna,Dia total,No reportado,No,NO APLICA,99,99,99,99,1,01/07/2022,2
51,Virginia,510535,0,0,2,0,175,SOUTHAMPTON (175),0,NO APLICA,7,Julio,25,2022,6,44,US-58,2,US Highway,Urbano,Arterial Principal -Freeway o ExpressWay,State Highway Agency,1,Sin jurisdiccion especial,4475,36.66210556,-76.94866667,Vehiculo en movimiento,Golpe Lateral - misma direccion,Not an Intersection,No fue interseccion,Sobre calle,Ninguna,Dia total,No reportado,No,NO APLICA,99,99,99,99,1,25/07/2022,7
51,Virginia,510536,0,0,1,0,41,CHESTERFIELD (41),0,NO APLICA,8,Agosto,1,2022,14,33,BOULDER PKWY,6,Calle Local Municipalidad,Urbano,Colector Menor,Unknown,0,Sin jurisdiccion especial,13,37.51619722,-77.53240556,Arbol,El primer evento no fue una colision con un vehiculo automotor en transporte,Not an Intersection,No fue interseccion,En el medio,Ninguna,Dia total,No reportado,No,NO APLICA,99,98,99,98,1,01/08/2022,1
51,Virginia,510537,1,1,1,0,13,ARLINGTON (13),100,ARLINGTON,8,Agosto,1,2022,19,31,CR-6728,4,Calle del Condado,Urbano,Colector Mayor,County Highway Agency,0,Sin jurisdiccion especial,0,38.86868611,-77.09700278,Peaton,El primer evento no fue una colision con un vehiculo automotor en transporte,Four-Way Intersection,Interseccion de 4 direcciones,Sobre calle,Ninguna,Dia total,No reportado,No,NO APLICA,99,99,99,99,1,01/08/2022,1
51,Virginia,510538,0,0,2,0,810,VIRGINIA BEACH (CITY) (810),2540,VIRGINIA BEACH,8,Agosto,2,2022,17,31,SALEM RD,6,Calle Local Municipalidad,Urbano,Colector Mayor,City or Municipal Highway Agency,0,Sin jurisdiccion especial,131,36.787375,-76.12461389,Vehiculo en movimiento,Angulo,Four-Way Intersection,Interseccion de 4 direcciones,Sobre calle,Ninguna,Dia total,No reportado,No,NO APLICA,99,99,99,99,1,02/08/2022,2
51,Virginia,510539,0,0,2,0,165,ROCKINGHAM (165),0,NO APLICA,8,Agosto,3,2022,21,25,SR-42/HARPINE HWY,3,Highway estatal,Rural,Arteria Principal,State Highway Agency,1,Sin jurisdiccion especial,2315,38.50166389,-78.86961111,Vehiculo en movimiento,Angulo,T-Intersection,Interseccion de T,Sobre calle,Ninguna,Oscuro sin iluminacion,No reportado,No,NO APLICA,99,99,99,99,1,03/08/2022,4
51,Virginia,510540,0,0,1,0,15,AUGUSTA (15),0,NO APLICA,8,Agosto,4,2022,19,35,CR-626,4,Calle del Condado,Rural,Arteria Principal,State Highway Agency,1,Sin jurisdiccion especial,45,38.24235,-79.01271667,Arbol,El primer evento no fue una colision con un vehiculo automotor en transporte,Not an Intersection,No fue interseccion,Sobre el lado de la calle,Ninguna,Atardecer,No reportado,No,NO APLICA,99,99,99,99,1,04/08/2022,4
51,Virginia,510541,0,0,1,0,111,LUNENBURG (111),0,NO APLICA,8,Agosto,5,2022,6,35,CR-643,4,Calle del Condado,Rural,Arteria Principal,State Highway Agency,1,Sin jurisdiccion especial,98,36.91204167,-78.2276,Volcadura,El primer evento no fue una colision con un vehiculo automotor en transporte,Not an Intersection,No fue interseccion,Sobre el lado de la calle,Ninguna,Dia total,No reportado,No,NO APLICA,99,98,99,98,1,05/08/2022,1
51,Virginia,510542,0,0,1,0,143,PITTSYLVANIA (143),0,NO APLICA,8,Agosto,7,2022,7,59,CR-668,4,Calle del Condado,Rural,Arteria Principal,State Highway Agency,1,Sin jurisdiccion especial,30,37.020725,-79.13849444,Volcadura,El primer evento no fue una colision con un vehiculo automotor en transporte,Not an Intersection,No fue interseccion,Sobre el lado de la calle,Ninguna,Dia total,No reportado,No,NO APLICA,99,99,99,99,1,07/08/2022,2
51,Virginia,510543,0,0,2,0,93,ISLE OF WIGHT (93),0,NO APLICA,8,Agosto,8,2022,6,30,CR-611,4,Calle del Condado,Rural,Local,State Highway Agency,0,Sin jurisdiccion especial,33,36.7426,-76.85879167,Vehiculo en movimiento,Angulo,Four-Way Intersection,Interseccion de 4 direcciones,Sobre calle,Ninguna,Dia total,No reportado,No,NO APLICA,99,98,99,98,1,08/08/2022,4
51,Virginia,510544,0,0,2,0,600,FAIRFAX (CITY) (600),900,FAIRFAX,8,Agosto,8,2022,15,32,SR-123/CHAIN BRIDGE RD,3,Highway estatal,Urbano,Arteria Principal,City or Municipal Highway Agency,0,Sin jurisdiccion especial,160,38.86121667,-77.30730556,Vehiculo en movimiento,Angulo,Four-Way Intersection,Interseccion de 4 direcciones,Sobre calle,Ninguna,Dia total,No reportado,No,NO APLICA,99,99,99,99,1,08/08/2022,4
51,Virginia,510545,1,1,1,0,810,VIRGINIA BEACH (CITY) (810),2540,VIRGINIA BEACH,8,Agosto,6,2022,7,42,BAXTER RD,6,Calle Local Municipalidad,Urbano,Arteria Menor,City or Municipal Highway Agency,0,Sin jurisdiccion especial,6,36.82537222,-76.14690556,Peaton,El primer evento no fue una colision con un vehiculo automotor en transporte,T-Intersection,Interseccion de T,Sobre calle,Ninguna,Dia total,No reportado,No,NO APLICA,99,99,99,99,1,06/08/2022,1
51,Virginia,510546,0,0,1,0,179,STAFFORD (179),0,NO APLICA,8,Agosto,8,2022,20,24,CR-631,4,Calle del Condado,Urbano,Arteria Principal,State Highway Agency,1,Sin jurisdiccion especial,2,38.42857778,-77.40979167,Poste,El primer evento no fue una colision con un vehiculo automotor en transporte,Not an Intersection,No fue interseccion,Sobre el lado de la calle,Ninguna,Oscuro sin iluminacion,No reportado,No,NO APLICA,99,98,99,98,1,08/08/2022,1
51,Virginia,510547,0,0,1,0,59,FAIRFAX (59),774,DRANESVILLE,8,Agosto,7,2022,23,35,SR-228 DRAINESVILLE RD,3,Highway estatal,Urbano,Arteria Principal,State Highway Agency,1,Sin jurisdiccion especial,41,39.00030556,-77.37632778,Banqueta,El primer evento no fue una colision con un vehiculo automotor en transporte,Not an Intersection,No fue interseccion,En el medio,Ninguna,Oscuro sin iluminacion,No reportado,No,NO APLICA,99,98,99,98,1,07/08/2022,2
51,Virginia,510548,0,0,1,0,830,WILLIAMSBURG (CITY) (830),2630,WILLIAMSBURG,8,Agosto,10,2022,15,47,SR-5 JAMESTOWN RD,3,Highway estatal,Urbano,Arteria Menor,City or Municipal Highway Agency,0,Sin jurisdiccion especial,510,37.261475,-76.72460556,Objeto aventado o caido,El primer evento no fue una colision con un vehiculo automotor en transporte,Not an Intersection,No fue interseccion,Sobre calle,Ninguna,Dia total,lluvia,No,NO APLICA,99,99,99,99,1,10/08/2022,2
51,Virginia,510549,0,0,1,0,107,LOUDOUN (107),0,NO APLICA,8,Agosto,4,2022,12,29,CR-2893,4,Calle del Condado,Rural,Arteria Principal,State Highway Agency,1,Sin jurisdiccion especial,1,39.07964167,-77.47025556,Acotamiento,El primer evento no fue una colision con un vehiculo automotor en transporte,T-Intersection,Interseccion de T,Sobre el lado de la calle,Ninguna,Dia total,No reportado,No,NO APLICA,99,99,99,99,1,04/08/2022,2
51,Virginia,510550,0,0,1,0,95,JAMES CITY (95),0,NO APLICA,8,Agosto,10,2022,7,15,I-64,1,Interestatal,Rural,Interestatal,State Highway Agency,1,Sin jurisdiccion especial,2257,37.43606389,-76.84760556,Arbol,El primer evento no fue una colision con un vehiculo automotor en transporte,Not an Intersection,No fue interseccion,Sobre el lado de la calle,Ninguna,Dia total,No reportado,No,NO APLICA,99,98,99,98,1,10/08/2022,1
51,Virginia,510551,0,0,1,0,5,ALLEGHANY (5),0,NO APLICA,8,Agosto,10,2022,9,45,CR-629,4,Calle del Condado,Rural,Colector Mayor,State Highway Agency,0,Sin jurisdiccion especial,26,37.85863611,-79.81431389,Arbol,El primer evento no fue una colision con un vehiculo automotor en transporte,Not an Intersection,No fue interseccion,Sobre el lado de la calle,Ninguna,Dia total,No reportado,No,NO APLICA,99,98,99,98,1,10/08/2022,1
51,Virginia,510552,1,1,1,0,143,PITTSYLVANIA (143),0,NO APLICA,8,Agosto,10,2022,20,25,US-29,2,US Highway,Rural,Arteria Principal,State Highway Agency,1,Sin jurisdiccion especial,288,36.86827778,-79.40691667,Peaton,El primer evento no fue una colision con un vehiculo automotor en transporte,Not an Intersection,No fue interseccion,Sobre calle,Ninguna,Oscuro sin iluminacion,No reportado,No,NO APLICA,99,98,99,98,1,10/08/2022,1
51,Virginia,510553,0,0,1,0,147,PRINCE EDWARD (147),950,FARMVILLE,8,Agosto,5,2022,12,43,CHURCH ST,6,Calle Local Municipalidad,Urbano,Local,City or Municipal Highway Agency,0,Sin jurisdiccion especial,0,37.29616667,-78.39185,Alguien se cayo/avento del vehiculo,El primer evento no fue una colision con un vehiculo automotor en transporte,Four-Way Intersection,Interseccion de 4 direcciones,Sobre calle,Ninguna,Dia total,No reportado,No,NO APLICA,99,99,99,99,1,05/08/2022,2
51,Virginia,510554,0,0,3,0,41,CHESTERFIELD (41),0,NO APLICA,8,Agosto,11,2022,10,0,CR-618,4,Calle del Condado,Urbano,Arteria Menor,State Highway Agency,0,Sin jurisdiccion especial,45,37.36009722,-77.34179167,Vehiculo en movimiento,Golpe Lateral - misma direccion,Not an Intersection,No fue interseccion,Sobre calle,Ninguna,Dia total,No reportado,No,NO APLICA,99,99,99,99,1,11/08/2022,4
51,Virginia,510555,0,0,1,0,135,NOTTOWAY (135),0,NO APLICA,8,Agosto,10,2022,21,0,CR-626,4,Calle del Condado,Rural,Arteria Principal,State Highway Agency,1,Sin jurisdiccion especial,59,37.07163611,-78.07814444,Zanja,El primer evento no fue una colision con un vehiculo automotor en transporte,Not an Intersection,No fue interseccion,Sobre el lado de la calle,Ninguna,Oscuro sin iluminacion,lluvia,No,NO APLICA,99,99,99,99,1,10/08/2022,1
51,Virginia,510556,0,0,1,0,153,PRINCE WILLIAM (153),0,NO APLICA,8,Agosto,13,2022,13,19,CR-619,4,Calle del Condado,Rural,Arteria Principal,State Highway Agency,1,Sin jurisdiccion especial,178,38.60636667,-77.42295556,Zanja,El primer evento no fue una colision con un vehiculo automotor en transporte,Not an Intersection,No fue interseccion,Sobre el lado de la calle,Ninguna,Dia total,No reportado,No,NO APLICA,99,99,99,99,1,13/08/2022,1
51,Virginia,510557,2,2,1,0,87,HENRICO (87),0,NO APLICA,8,Agosto,13,2022,7,14,CR-7565,4,Calle del Condado,Urbano,Colector Mayor,County Highway Agency,0,Sin jurisdiccion especial,51,37.47116667,-77.39979444,Ciclista,El primer evento no fue una colision con un vehiculo automotor en transporte,Not an Intersection,No fue interseccion,Sobre calle,Ninguna,Dia total,No reportado,No,NO APLICA,99,99,99,99,1,13/08/2022,1
51,Virginia,510558,0,0,2,0,59,FAIRFAX (59),0,NO APLICA,8,Agosto,13,2022,17,46,CR-643,4,Calle del Condado,Rural,Colector Mayor,State Highway Agency,0,Sin jurisdiccion especial,34,38.7461,-77.32898889,Vehiculo en movimiento,Frente a frente,Not an Intersection,No fue interseccion,Sobre calle,Ninguna,Dia total,No reportado,No,NO APLICA,99,98,99,98,1,13/08/2022,2
51,Virginia,510559,0,0,1,0,185,TAZEWELL (185),0,NO APLICA,8,Agosto,14,2022,20,20,CR-637,4,Calle del Condado,Rural,Colector Menor,State Highway Agency,0,Sin jurisdiccion especial,124,37.135575,-81.62781389,Acotamiento,El primer evento no fue una colision con un vehiculo automotor en transporte,Not an Intersection,No fue interseccion,Sobre el lado de la calle,Ninguna,Atardecer,lluvia,No,NO APLICA,99,99,99,99,1,14/08/2022,1
51,Virginia,510560,0,0,1,0,760,RICHMOND (CITY) (760),2060,RICHMOND,8,Agosto,14,2022,22,34,N 5TH ST,6,Calle Local Municipalidad,Urbano,Arteria Principal,City or Municipal Highway Agency,1,Sin jurisdiccion especial,6,37.54831944,-77.43306667,Banqueta,El primer evento no fue una colision con un vehiculo automotor en transporte,Not an Intersection,No fue interseccion,Sobre el lado de la calle,Ninguna,Oscuro con iluminacion,lluvia,No,NO APLICA,99,98,99,98,1,14/08/2022,1
51,Virginia,510561,0,0,4,3,730,PETERSBURG (CITY) (730),1910,PETERSBURG,8,Agosto,13,2022,0,33,SR/123 SPRING ST,6,Calle Local Municipalidad,Urbano,Local,State Highway Agency,0,Sin jurisdiccion especial,2,37.21470833,-77.44054722,Vehiculo Aparcado,El primer evento no fue una colision con un vehiculo automotor en transporte,Not an Intersection,No fue interseccion,Sobre el lado de la calle,Ninguna,Oscuro sin iluminacion,No reportado,No,NO APLICA,99,98,99,98,1,13/08/2022,1
51,Virginia,510562,0,0,2,0,135,NOTTOWAY (135),680,CREWE,8,Agosto,3,2022,6,40,US-460,2,US Highway,Urbano,Arteria Principal,State Highway Agency,1,Sin jurisdiccion especial,2722,37.19038056,-78.15151944,Vehiculo en movimiento,Angulo,Four-Way Intersection,Interseccion de 4 direcciones,Sobre calle,Ninguna,Dia total,No reportado,No,NO APLICA,99,99,99,99,1,03/08/2022,2
51,Virginia,510563,0,0,2,0,41,CHESTERFIELD (41),0,NO APLICA,8,Agosto,13,2022,6,59,CR-678,4,Calle del Condado,Urbano,Arteria Menor,State Highway Agency,0,Sin jurisdiccion especial,36,37.48087778,-77.55598333,Vehiculo en movimiento,Frente a frente,Not an Intersection,No fue interseccion,Sobre calle,Ninguna,Dia total,No reportado,No,NO APLICA,99,99,99,99,1,13/08/2022,4
51,Virginia,510564,0,0,1,0,35,CARROLL (35),0,NO APLICA,8,Agosto,14,2022,18,50,CR-691,4,Calle del Condado,Rural,Local,State Highway Agency,0,Sin jurisdiccion especial,67,36.62696389,-80.66790278,Acotamiento,El primer evento no fue una colision con un vehiculo automotor en transporte,Not an Intersection,No fue interseccion,Sobre el lado de la calle,Ninguna,Dia total,No reportado,No,NO APLICA,99,99,99,99,1,14/08/2022,1
51,Virginia,510565,0,0,3,0,710,NORFOLK (CITY) (710),1760,NORFOLK,8,Agosto,15,2022,17,30,SR-337/I-564,3,Highway estatal,Urbano,Interestatal,State Highway Agency,1,Sin jurisdiccion especial,358,36.94143889,-76.30485,Vehiculo en movimiento,Angulo,Not an Intersection,No fue interseccion,Sobre calle,Ninguna,Dia total,No reportado,No,NO APLICA,99,99,99,99,1,15/08/2022,3
51,Virginia,510566,0,0,1,0,41,CHESTERFIELD (41),0,NO APLICA,8,Agosto,14,2022,2,5,SR-76/POWHITE PKWY,3,Highway estatal,Urbano,Arterial Principal -Freeway o ExpressWay,State Highway Agency,1,Sin jurisdiccion especial,14,37.4614,-77.63509167,Valla Ferrocarril,El primer evento no fue una colision con un vehiculo automotor en transporte,Not an Intersection,No fue interseccion,Sobre el lado de la calle,Ninguna,Oscuro sin iluminacion,No reportado,No,NO APLICA,99,99,99,99,1,14/08/2022,1
51,Virginia,510567,0,0,1,0,57,ESSEX (57),0,NO APLICA,8,Agosto,8,2022,21,0,CR-604,4,Calle del Condado,Rural,Local,State Highway Agency,0,Sin jurisdiccion especial,22,37.79764722,-76.78055556,Arbol,El primer evento no fue una colision con un vehiculo automotor en transporte,Not an Intersection,No fue interseccion,Sobre el lado de la calle,Ninguna,Oscuro sin iluminacion,No reportado,No,NO APLICA,99,99,99,99,1,08/08/2022,2
51,Virginia,510568,1,1,1,0,169,SCOTT (169),2613,WEBER CITY,8,Agosto,16,2022,4,30,US-23,2,US Highway,Urbano,Arteria Principal,State Highway Agency,1,Sin jurisdiccion especial,29,36.63094167,-82.55236667,Peaton,El primer evento no fue una colision con un vehiculo automotor en transporte,T-Intersection,Interseccion de T,Sobre calle,Ninguna,Oscuro sin iluminacion,No reportado,No,NO APLICA,99,99,99,99,1,16/08/2022,1
51,Virginia,510569,1,2,3,1,59,FAIRFAX (59),2233,SEVEN CORNERS,8,Agosto,18,2022,8,38,CR-613,4,Calle del Condado,Urbano,Arteria Principal,State Highway Agency,0,Sin jurisdiccion especial,111,38.87255833,-77.15379722,Vehiculo en movimiento,Angulo,Four-Way Intersection,Interseccion de 4 direcciones,Sobre calle,Ninguna,Dia total,No reportado,No,NO APLICA,99,99,99,99,1,18/08/2022,2
51,Virginia,510570,0,0,1,0,145,POWHATAN (145),0,NO APLICA,8,Agosto,19,2022,11,5,US-60,2,US Highway,Rural,Arteria Menor,State Highway Agency,0,Sin jurisdiccion especial,1589,37.56270556,-77.96281111,Arbol,El primer evento no fue una colision con un vehiculo automotor en transporte,Not an Intersection,No fue interseccion,Sobre el lado de la calle,Ninguna,Dia total,No reportado,No,NO APLICA,99,99,99,99,1,19/08/2022,1
51,Virginia,510571,0,0,1,0,153,PRINCE WILLIAM (153),0,NO APLICA,8,Agosto,20,2022,11,24,CR-638,4,Calle del Condado,Urbano,Colector Mayor,State Highway Agency,0,Sin jurisdiccion especial,4,38.62778056,-77.28449722,Muro,El primer evento no fue una colision con un vehiculo automotor en transporte,Four-Way Intersection,Interseccion de 4 direcciones,Sobre el lado de la calle,Ninguna,Dia total,No reportado,No,NO APLICA,99,99,99,99,1,20/08/2022,1
51,Virginia,510572,0,0,4,0,650,HAMPTON (CITY) (650),1180,HAMPTON,8,Agosto,21,2022,12,49,US-258,2,US Highway,Urbano,Arteria Principal,City or Municipal Highway Agency,1,Sin jurisdiccion especial,606,37.02806389,-76.42702222,Vehiculo en movimiento,Golpe Lateral - misma direccion,Not an Intersection,No fue interseccion,Sobre calle,Ninguna,Dia total,No reportado,No,NO APLICA,99,99,99,99,1,21/08/2022,5
51,Virginia,510573,0,0,1,0,27,BUCHANAN (27),1150,GRUNDY,8,Agosto,21,2022,3,21,US-460,2,US Highway,Rural,Arteria Principal,State Highway Agency,1,Sin jurisdiccion especial,146,37.27044444,-82.10526389,Banqueta,El primer evento no fue una colision con un vehiculo automotor en transporte,Not an Intersection,No fue interseccion,Sobre el lado de la calle,Ninguna,Oscuro sin iluminacion,No reportado,No,NO APLICA,99,99,99,99,1,21/08/2022,2
51,Virginia,510574,0,0,1,0,171,SHENANDOAH (171),0,NO APLICA,8,Agosto,21,2022,15,40,I-81,1,Interestatal,Rural,Interestatal,State Highway Agency,1,Sin jurisdiccion especial,0,38.96723889,-78.43453611,Acotamiento,El primer evento no fue una colision con un vehiculo automotor en transporte,Not an Intersection,No fue interseccion,Sobre el lado de la calle,Ninguna,Dia total,No reportado,No,NO APLICA,99,99,99,99,1,21/08/2022,2
51,Virginia,510575,0,0,2,0,710,NORFOLK (CITY) (710),1760,NORFOLK,8,Agosto,22,2022,10,41,SR-168/TIDEWATER DR,3,Highway estatal,Urbano,Arteria Principal,City or Municipal Highway Agency,0,Sin jurisdiccion especial,273,36.90458889,-76.25660556,Vehiculo en movimiento,Angulo,Four-Way Intersection,Interseccion de 4 direcciones,Sobre calle,Ninguna,Dia total,No reportado,No,NO APLICA,99,99,99,99,1,22/08/2022,2
51,Virginia,510576,2,2,1,0,810,VIRGINIA BEACH (CITY) (810),2540,VIRGINIA BEACH,8,Agosto,22,2022,16,6,CONSTITUTION DR,6,Calle Local Municipalidad,Urbano,Colector Mayor,City or Municipal Highway Agency,0,Sin jurisdiccion especial,0,36.84200278,-76.13119167,Peaton,El primer evento no fue una colision con un vehiculo automotor en transporte,Four-Way Intersection,Interseccion de 4 direcciones,Sobre calle,Ninguna,Dia total,No reportado,No,NO APLICA,99,99,99,99,1,22/08/2022,1