Estado,Nombre de Estado,Numero de Caso,Peatones,Personas _no_vehiculos,Vehiculos automotores,Vehiculos estacionados,Condado,Nombre Condado,Ciudad,Nombre Ciudad,Mes,Nombre Mes,Dia,Año,Hora,Minuto,Calle,Ruta,Nombre Ruta,Rural o Urbanoo,Sistema Funcional,Dueño Calle,Sistema Nacional Carreteras,Jurisdiccion Especial,Milla,Latitud,Longitud,Causa del Accidente,Tipo de Accidente,Tipo Interseccion,Columna1,Lugar en la calle,Zona de Trabajo,Luz,Clima,Autobus Escolar,Cruce de Trenes,Hora Notificacion,Minuto Notificacion,Hora Llegada,Minuto Llegada,Decesos,Fecha,PersonaVehiculo
51,Virginia,510577,0,0,2,0,36,CHARLES CITY (36),0,NO APLICA,8,Agosto,23,2022,1,9,SR-106/ROXBURY RD,3,Highway estatal,Rural,Arteria Menor,State Highway Agency,0,Sin jurisdiccion especial,163,37.37467222,-77.20936667,Vehiculo en movimiento,Angulo,Four-Way Intersection,Interseccion de 4 direcciones,Sobre calle,Ninguna,Oscuro sin iluminacion,No reportado,No,NO APLICA,99,99,99,99,1,23/08/2022,2
51,Virginia,510578,0,0,2,0,41,CHESTERFIELD (41),0,NO APLICA,8,Agosto,23,2022,6,50,US-60,2,US Highway,Rural,Arteria Principal,State Highway Agency,1,Sin jurisdiccion especial,1735,37.50791667,-77.71206111,Vehiculo en movimiento,Golpe Lateral - misma direccion,Not an Intersection,No fue interseccion,Sobre calle,Ninguna,Dia total,No reportado,No,NO APLICA,99,98,99,98,1,23/08/2022,3
51,Virginia,510579,0,0,1,0,69,FREDERICK (69),0,NO APLICA,8,Agosto,23,2022,14,45,US-522,2,US Highway,Rural,Arteria Principal,State Highway Agency,1,Sin jurisdiccion especial,1492,39.30451667,-78.28428333,Arbol,El primer evento no fue una colision con un vehiculo automotor en transporte,Not an Intersection,No fue interseccion,Sobre el lado de la calle,Ninguna,Dia total,No reportado,No,NO APLICA,99,98,99,98,1,23/08/2022,1
51,Virginia,510580,0,0,2,0,11,APPOMATTOX (11),0,NO APLICA,8,Agosto,24,2022,13,50,US-460,2,US Highway,Rural,Arteria Principal,State Highway Agency,1,Sin jurisdiccion especial,2354,37.27886944,-78.69644444,Vehiculo en movimiento,Frente a frente,Not an Intersection,No fue interseccion,Sobre calle,Ninguna,Dia total,No reportado,No,NO APLICA,99,99,99,99,2,24/08/2022,4
51,Virginia,510581,1,1,1,0,710,NORFOLK (CITY) (710),1760,NORFOLK,8,Agosto,21,2022,0,13,SR-337/BRAMBLETON AVE,3,Highway estatal,Urbano,Arteria Principal,City or Municipal Highway Agency,0,Sin jurisdiccion especial,284,36.85840278,-76.30288333,Peaton,El primer evento no fue una colision con un vehiculo automotor en transporte,Four-Way Intersection,Interseccion de 4 direcciones,Sobre calle,Ninguna,Oscuro con iluminacion,No reportado,No,NO APLICA,99,99,99,99,1,21/08/2022,1
51,Virginia,510582,0,0,1,0,87,HENRICO (87),0,NO APLICA,8,Agosto,24,2022,1,20,I-295/RAMP,1,Interestatal,Urbano,Interestatal,State Highway Agency,1,Sin jurisdiccion especial,2,37.65415278,-77.60640833,Poste de Señal de trafico,El primer evento no fue una colision con un vehiculo automotor en transporte,Not an Intersection,No fue interseccion,Sobre el lado de la calle,Ninguna,Oscuro sin iluminacion,No reportado,No,NO APLICA,99,98,99,98,1,24/08/2022,1
51,Virginia,510583,0,0,3,0,179,STAFFORD (179),0,NO APLICA,8,Agosto,24,2022,11,59,CR-648,4,Calle del Condado,Urbano,Colector Mayor,State Highway Agency,0,Sin jurisdiccion especial,40,38.4519,-77.48601667,Vehiculo en movimiento,Angulo,Not an Intersection,No fue interseccion,Sobre calle,Ninguna,Dia total,No reportado,No,NO APLICA,99,99,99,99,1,24/08/2022,5
51,Virginia,510584,0,0,3,0,710,NORFOLK (CITY) (710),1760,NORFOLK,8,Agosto,25,2022,15,6,SR-168/TIDEWATER DR,3,Highway estatal,Urbano,Arteria Principal,City or Municipal Highway Agency,0,Sin jurisdiccion especial,249,36.87145,-76.26583889,Vehiculo en movimiento,Golpe Lateral - misma direccion,T-Intersection,Interseccion de T,Sobre calle,Ninguna,Dia total,No reportado,No,NO APLICA,99,99,99,99,1,25/08/2022,3
51,Virginia,510585,0,0,3,0,87,HENRICO (87),0,NO APLICA,8,Agosto,27,2022,0,59,I-64,1,Interestatal,Urbano,Interestatal,State Highway Agency,1,Sin jurisdiccion especial,1957,37.52999722,-77.36798889,Vehiculo en movimiento,Frente a Detrás,Not an Intersection,No fue interseccion,Sobre calle,Ninguna,Oscuro sin iluminacion,No reportado,No,NO APLICA,99,99,99,99,2,27/08/2022,4
51,Virginia,510586,0,0,3,0,760,RICHMOND (CITY) (760),2060,RICHMOND,8,Agosto,27,2022,21,47,SR-147/CARY ST,3,Highway estatal,Urbano,Arteria Menor,City or Municipal Highway Agency,0,Sin jurisdiccion especial,119,37.54531944,-77.45868056,Vehiculo en movimiento,Frente a frente,Not an Intersection,No fue interseccion,Sobre calle,Ninguna,Oscuro con iluminacion,No reportado,No,NO APLICA,99,98,99,98,1,27/08/2022,3
51,Virginia,510587,0,0,4,0,191,WASHINGTON (191),0,NO APLICA,8,Agosto,19,2022,14,30,US-11,2,US Highway,Rural,Arteria Menor,State Highway Agency,0,Sin jurisdiccion especial,244,36.75394444,-81.83787222,Vehiculo en movimiento,Frente a Detrás,Not an Intersection,No fue interseccion,Sobre calle,"Zona de trabajo, tipo desconocido",Dia total,No reportado,No,NO APLICA,99,99,99,99,1,19/08/2022,6
51,Virginia,510588,0,0,2,0,61,FAUQUIER (61),0,NO APLICA,8,Agosto,27,2022,13,12,US-17,2,US Highway,Rural,Arteria Principal,State Highway Agency,1,Sin jurisdiccion especial,2091,38.62093333,-77.80051389,Vehiculo en movimiento,Angulo,T-Intersection,Interseccion de T,Sobre calle,Ninguna,Dia total,No reportado,No,NO APLICA,99,99,99,99,1,27/08/2022,2
51,Virginia,510589,0,0,1,0,85,HANOVER (85),0,NO APLICA,9,Septiembre,15,2022,10,37,CR-643,4,Calle del Condado,Rural,Arteria Menor,State Highway Agency,0,Sin jurisdiccion especial,63,37.67621389,-77.35436944,Volcadura,El primer evento no fue una colision con un vehiculo automotor en transporte,Not an Intersection,No fue interseccion,Sobre el lado de la calle,Ninguna,Dia total,No reportado,No,NO APLICA,99,99,99,99,1,15/09/2022,1
51,Virginia,510590,0,0,2,0,590,DANVILLE(CITY) (590),720,DANVILLE,9,Septiembre,23,2022,6,57,US-29,2,US Highway,Urbano,Arteria Principal,City or Municipal Highway Agency,1,Sin jurisdiccion especial,16,36.560275,-79.45593889,Vehiculo en movimiento,Frente a Detrás,Not an Intersection,No fue interseccion,Sobre calle,Ninguna,Dia total,No reportado,No,NO APLICA,99,99,99,99,1,23/09/2022,2
51,Virginia,510591,0,0,1,0,89,HENRY (89),2070,RIDGEWAY,8,Agosto,13,2022,17,0,US-220,2,US Highway,Rural,Colector Mayor,State Highway Agency,0,Sin jurisdiccion especial,6,36.57661111,-79.86097778,Poste de Señal de trafico,El primer evento no fue una colision con un vehiculo automotor en transporte,Not an Intersection,No fue interseccion,Sobre el lado de la calle,Ninguna,Dia total,No reportado,No,NO APLICA,99,99,99,99,1,13/08/2022,2
51,Virginia,510592,1,1,1,0,710,NORFOLK (CITY) (710),1760,NORFOLK,8,Agosto,27,2022,0,35,I-64,1,Interestatal,Urbano,Interestatal,State Highway Agency,1,Sin jurisdiccion especial,42,36.88228056,-76.21580278,Peaton,El primer evento no fue una colision con un vehiculo automotor en transporte,Not an Intersection,No fue interseccion,Sobre calle,Ninguna,Oscuro con iluminacion,No reportado,No,NO APLICA,99,98,99,98,1,27/08/2022,1
51,Virginia,510593,0,0,1,0,161,ROANOKE (161),0,NO APLICA,8,Agosto,28,2022,10,38,I-81,1,Interestatal,Urbano,Interestatal,State Highway Agency,1,Sin jurisdiccion especial,1362,37.28388611,-80.12631944,Acotamiento,El primer evento no fue una colision con un vehiculo automotor en transporte,Not an Intersection,No fue interseccion,En el medio,Ninguna,Dia total,No reportado,No,NO APLICA,99,98,99,98,1,28/08/2022,2
51,Virginia,510594,0,0,4,0,700,NEWPORT NEWS (CITY) (700),1720,NEWPORT NEWS,8,Agosto,28,2022,0,10,SR/143 JEFFERSON AVE,6,Calle Local Municipalidad,Urbano,Arteria Principal,City or Municipal Highway Agency,0,Sin jurisdiccion especial,193,37.12431389,-76.50886389,Vehiculo en movimiento,Golpe Lateral - misma direccion,Not an Intersection,No fue interseccion,Sobre calle,Ninguna,Oscuro con iluminacion,No reportado,No,NO APLICA,99,99,99,99,1,28/08/2022,7
51,Virginia,510595,0,0,2,0,810,VIRGINIA BEACH (CITY) (810),2540,VIRGINIA BEACH,8,Agosto,27,2022,23,50,INDIAN RIVER,6,Calle Local Municipalidad,Urbano,Arteria Principal,City or Municipal Highway Agency,1,Sin jurisdiccion especial,26,36.80090556,-76.18209444,Vehiculo en movimiento,Frente a Detrás,Four-Way Intersection,Interseccion de 4 direcciones,Sobre calle,Ninguna,Oscuro con iluminacion,No reportado,No,NO APLICA,99,99,99,99,1,27/08/2022,2
51,Virginia,510596,0,0,1,0,810,VIRGINIA BEACH (CITY) (810),2540,VIRGINIA BEACH,8,Agosto,28,2022,22,39,CR-8673,6,Calle Local Municipalidad,Rural,Local,City or Municipal Highway Agency,0,Sin jurisdiccion especial,96,36.70416389,-75.98010278,Arbol,El primer evento no fue una colision con un vehiculo automotor en transporte,Not an Intersection,No fue interseccion,"Fuera de la calle, ubicacion desconocida",Ninguna,Oscuro sin iluminacion,No reportado,No,NO APLICA,99,98,99,98,1,28/08/2022,1
51,Virginia,510597,1,1,1,0,550,CHESAPEAKE(CITY) (550),468,CHESAPEAKE,8,Agosto,28,2022,20,28,US-13,2,US Highway,Urbano,Arteria Principal,City or Municipal Highway Agency,1,Sin jurisdiccion especial,429,36.79114444,-76.24451111,Peaton,El primer evento no fue una colision con un vehiculo automotor en transporte,Not an Intersection,No fue interseccion,Sobre calle,Ninguna,Atardecer,No reportado,No,NO APLICA,99,98,99,98,1,28/08/2022,1
51,Virginia,510598,0,0,2,0,109,LOUISA (109),0,NO APLICA,8,Agosto,29,2022,17,40,CR-652,4,Calle del Condado,Rural,Colector Mayor,State Highway Agency,0,Sin jurisdiccion especial,50,38.02829167,-77.77602778,Vehiculo en movimiento,Angulo,Four-Way Intersection,Interseccion de 4 direcciones,Sobre calle,Ninguna,Dia total,No reportado,No,NO APLICA,99,98,99,98,1,29/08/2022,2
51,Virginia,510599,0,0,2,0,95,JAMES CITY (95),0,NO APLICA,8,Agosto,31,2022,7,50,SR-199/HUMELSINE PKWY,3,Highway estatal,Urbano,Arterial Principal -Freeway o ExpressWay,State Highway Agency,1,Sin jurisdiccion especial,36,37.30994167,-76.74667778,Vehiculo en movimiento,Angulo,Not an Intersection,No fue interseccion,Sobre calle,Ninguna,Dia total,No reportado,No,NO APLICA,99,99,99,99,1,31/08/2022,2
51,Virginia,510600,0,0,1,0,37,CHARLOTTE (37),0,NO APLICA,8,Agosto,31,2022,14,22,CR-727,4,Calle del Condado,Rural,Colector Mayor,State Highway Agency,0,Sin jurisdiccion especial,82,37.16907222,-78.80191389,Arbol,El primer evento no fue una colision con un vehiculo automotor en transporte,Not an Intersection,No fue interseccion,Sobre el lado de la calle,Ninguna,Dia total,No reportado,No,NO APLICA,99,99,99,99,1,31/08/2022,2
51,Virginia,510601,0,0,3,1,87,HENRICO (87),0,NO APLICA,8,Agosto,30,2022,12,37,CR-7552,4,Calle del Condado,Urbano,Arteria Menor,County Highway Agency,0,Sin jurisdiccion especial,14,37.60406389,-77.46608889,Vehiculo en movimiento,Angulo,Four-Way Intersection,Interseccion de 4 direcciones,Sobre calle,Ninguna,Dia total,No reportado,No,NO APLICA,99,99,99,99,1,30/08/2022,3
51,Virginia,510602,0,0,1,0,97,KING AND QUEEN (97),0,NO APLICA,8,Agosto,29,2022,9,37,SR-14 LEWIS B PULLER MEMORIAL,3,Highway estatal,Rural,Arteria Principal,State Highway Agency,1,Sin jurisdiccion especial,310,37.54628889,-76.71668889,Zanja,El primer evento no fue una colision con un vehiculo automotor en transporte,Not an Intersection,No fue interseccion,Sobre el lado de la calle,Ninguna,Dia total,No reportado,No,NO APLICA,99,99,99,99,1,29/08/2022,1
51,Virginia,510603,1,1,1,0,510,ALEXANDRIA (CITY) (510),40,ALEXANDRIA,8,Agosto,27,2022,22,18,BEAUREGARD ST,6,Calle Local Municipalidad,Urbano,Arteria Menor,City or Municipal Highway Agency,0,Sin jurisdiccion especial,7,38.82638333,-77.12946111,No vehiculo o remolque,El primer evento no fue una colision con un vehiculo automotor en transporte,Four-Way Intersection,Interseccion de 4 direcciones,Sobre calle,Ninguna,Oscuro con iluminacion,No reportado,No,NO APLICA,99,99,99,99,1,27/08/2022,2
51,Virginia,510604,0,0,1,0,177,SPOTSYLVANIA (177),0,NO APLICA,8,Agosto,28,2022,23,24,CR-636,4,Calle del Condado,Urbano,Colector Mayor,State Highway Agency,0,Sin jurisdiccion especial,45,38.24075833,-77.43553611,Zanja,El primer evento no fue una colision con un vehiculo automotor en transporte,T-Intersection,Interseccion de T,Sobre el lado de la calle,Ninguna,Oscuro sin iluminacion,No reportado,No,NO APLICA,99,99,99,99,1,28/08/2022,2
51,Virginia,510605,0,0,2,0,650,HAMPTON (CITY) (650),1180,HAMPTON,8,Agosto,31,2022,13,17,US-258,2,US Highway,Urbano,Arteria Menor,City or Municipal Highway Agency,0,Sin jurisdiccion especial,679,37.01940278,-76.31602222,Vehiculo en movimiento,Angulo,Four-Way Intersection,Interseccion de 4 direcciones,Sobre calle,Ninguna,Dia total,No reportado,No,NO APLICA,99,99,99,99,2,31/08/2022,4
51,Virginia,510606,0,0,2,0,650,HAMPTON (CITY) (650),1180,HAMPTON,9,Septiembre,28,2022,19,37,US-60,2,US Highway,Urbano,Arteria Principal,City or Municipal Highway Agency,1,Sin jurisdiccion especial,2713,37.00754167,-76.36908889,Vehiculo en movimiento,Frente a frente,Not an Intersection,No fue interseccion,Sobre calle,Ninguna,Oscuro con iluminacion,No reportado,No,NO APLICA,99,99,99,99,1,28/09/2022,2
51,Virginia,510607,2,2,1,0,710,NORFOLK (CITY) (710),1760,NORFOLK,9,Septiembre,17,2022,22,53,SR-166/PRINCESS ANNE RD,3,Highway estatal,Urbano,Arteria Principal,City or Municipal Highway Agency,0,Sin jurisdiccion especial,108,36.86726389,-76.23054444,Peaton,El primer evento no fue una colision con un vehiculo automotor en transporte,Not an Intersection,No fue interseccion,Sobre calle,Ninguna,Oscuro con iluminacion,No reportado,No,NO APLICA,99,99,99,99,1,17/09/2022,1
51,Virginia,510608,0,0,2,0,193,WESTMORELAND (193),0,NO APLICA,9,Septiembre,22,2022,16,15,SR-28/ OLDHAMS RD,3,Highway estatal,Rural,Arteria Menor,State Highway Agency,0,Sin jurisdiccion especial,62,38.02643611,-76.63186667,Vehiculo en movimiento,Angulo,T-Intersection,Interseccion de T,Sobre calle,Ninguna,Dia total,No reportado,No,NO APLICA,99,99,99,99,1,22/09/2022,3
51,Virginia,510609,1,1,1,0,760,RICHMOND (CITY) (760),2060,RICHMOND,10,Octubre,6,2022,8,13,LIBBIE AVE,9,Desconocido,Trafficway Not in State Inventory,Via no en inventario estatal,Trafficway Not in State Inventory,0,Sin jurisdiccion especial,99999,37.57480833,-77.51821944,Peaton,El primer evento no fue una colision con un vehiculo automotor en transporte,Not an Intersection,No fue interseccion,Sobre calle,Ninguna,Dia total,No reportado,No,NO APLICA,99,99,99,99,1,06/10/2022,2
51,Virginia,510610,0,0,1,0,141,PATRICK (141),0,NO APLICA,8,Agosto,17,2022,20,15,SR-40/CHARITY HWY,3,Highway estatal,Rural,Colector Mayor,State Highway Agency,0,Sin jurisdiccion especial,10,36.80111111,-80.271425,Poste de Señal de trafico,El primer evento no fue una colision con un vehiculo automotor en transporte,Not an Intersection,No fue interseccion,Sobre el lado de la calle,Ninguna,Oscuro sin iluminacion,No reportado,No,NO APLICA,99,98,99,98,1,17/08/2022,1
51,Virginia,510611,0,0,1,0,19,BEDFORD (19),0,NO APLICA,8,Agosto,18,2022,15,15,SR-122/MONETA RD,3,Highway estatal,Rural,Arteria Menor,State Highway Agency,0,Sin jurisdiccion especial,183,37.15838889,-79.65594444,Acotamiento,El primer evento no fue una colision con un vehiculo automotor en transporte,Not an Intersection,No fue interseccion,Sobre el lado de la calle,Ninguna,Dia total,No reportado,No,NO APLICA,99,98,99,98,1,18/08/2022,1
51,Virginia,510612,0,0,1,0,165,ROCKINGHAM (165),0,NO APLICA,8,Agosto,23,2022,19,0,CR-613,4,Calle del Condado,Rural,Colector Mayor,State Highway Agency,0,Sin jurisdiccion especial,291,38.69325,-78.80789444,Culvert,El primer evento no fue una colision con un vehiculo automotor en transporte,Not an Intersection,No fue interseccion,Sobre el lado de la calle,Ninguna,Dia total,No reportado,No,NO APLICA,99,99,99,99,1,23/08/2022,3
51,Virginia,510613,1,1,1,0,41,CHESTERFIELD (41),0,NO APLICA,9,Septiembre,13,2022,17,35,SR-10/IRONBRIDGE RD,3,Highway estatal,Urbano,Arteria Principal,State Highway Agency,0,Sin jurisdiccion especial,91,37.38955,-77.51585833,Ciclista,El primer evento no fue una colision con un vehiculo automotor en transporte,Not an Intersection,No fue interseccion,Sobre calle,Ninguna,Dia total,No reportado,No,NO APLICA,99,98,99,98,1,13/09/2022,1
51,Virginia,510614,0,0,1,0,67,FRANKLIN (67),0,NO APLICA,9,Septiembre,29,2022,3,17,CR-688,4,Calle del Condado,Rural,Local,State Highway Agency,0,Sin jurisdiccion especial,40,37.14201389,-79.80969444,Buzon de correo,El primer evento no fue una colision con un vehiculo automotor en transporte,Not an Intersection,No fue interseccion,Sobre el lado de la calle,Ninguna,Oscuro sin iluminacion,No reportado,No,NO APLICA,99,99,99,99,1,29/09/2022,1
51,Virginia,510615,0,0,3,0,153,PRINCE WILLIAM (153),0,NO APLICA,8,Agosto,7,2022,11,13,US-1,2,US Highway,Urbano,Arteria Principal,State Highway Agency,1,Sin jurisdiccion especial,1698,38.58388056,-77.30897778,Vehiculo en movimiento,Angulo,Four-Way Intersection,Interseccion de 4 direcciones,Sobre calle,Ninguna,Dia total,No reportado,No,NO APLICA,99,99,99,99,1,07/08/2022,5
51,Virginia,510616,1,1,1,0,520,BRISTOL (CITY) (520),300,BRISTOL,8,Agosto,14,2022,4,0,I-81,1,Interestatal,Urbano,Interestatal,State Highway Agency,1,Sin jurisdiccion especial,13,36.60239444,-82.229,Peaton,El primer evento no fue una colision con un vehiculo automotor en transporte,Not an Intersection,No fue interseccion,Sobre calle,Ninguna,Oscuro sin iluminacion,No reportado,No,NO APLICA,99,98,99,98,1,14/08/2022,1
51,Virginia,510617,0,0,1,0,41,CHESTERFIELD (41),0,NO APLICA,8,Agosto,14,2022,10,6,I-95,1,Interestatal,Urbano,Interestatal,State Highway Agency,1,Sin jurisdiccion especial,13,37.38804722,-77.42009444,Volcadura,El primer evento no fue una colision con un vehiculo automotor en transporte,Not an Intersection,No fue interseccion,Sobre el lado de la calle,"Zona de trabajo, tipo desconocido",Dia total,No reportado,No,NO APLICA,99,98,99,98,1,14/08/2022,1
51,Virginia,510618,1,1,1,0,59,FAIRFAX (59),1220,HERNDON,8,Agosto,24,2022,20,20,SR-267/DULLES TOLL RD,3,Highway estatal,Urbano,Arterial Principal -Freeway o ExpressWay,Other Federal Agency,1,Sin jurisdiccion especial,167,38.95316111,-77.38003056,Peaton,El primer evento no fue una colision con un vehiculo automotor en transporte,Not an Intersection,No fue interseccion,Sobre calle,Ninguna,Oscuro sin iluminacion,No reportado,No,NO APLICA,99,99,99,99,1,24/08/2022,1
51,Virginia,510619,1,1,1,0,109,LOUISA (109),0,NO APLICA,8,Agosto,28,2022,12,20,I-64/RAMP,1,Interestatal,Rural,Interestatal,State Highway Agency,1,Sin jurisdiccion especial,1365,37.98018056,-78.22028889,Peaton,El primer evento no fue una colision con un vehiculo automotor en transporte,Not an Intersection,No fue interseccion,Sobre calle,Ninguna,Dia total,No reportado,No,NO APLICA,99,99,99,99,1,28/08/2022,1
51,Virginia,510621,0,0,1,0,167,RUSSELL (167),0,NO APLICA,8,Agosto,3,2022,13,0,SR-82/CLEVELAND RD,3,Highway estatal,Rural,Colector Mayor,State Highway Agency,0,Sin jurisdiccion especial,46,36.92721111,-82.128075,Arbol,El primer evento no fue una colision con un vehiculo automotor en transporte,Not an Intersection,No fue interseccion,Sobre el lado de la calle,Ninguna,Dia total,No reportado,No,NO APLICA,99,99,99,99,1,03/08/2022,1
51,Virginia,510622,0,0,1,0,109,LOUISA (109),0,NO APLICA,8,Agosto,3,2022,5,25,I-64,1,Interestatal,Rural,Interestatal,State Highway Agency,1,Sin jurisdiccion especial,1610,37.769575,-77.87379167,Arbol,El primer evento no fue una colision con un vehiculo automotor en transporte,Not an Intersection,No fue interseccion,Sobre el lado de la calle,Ninguna,Amanecer,No reportado,No,NO APLICA,99,98,99,98,1,03/08/2022,1
51,Virginia,510623,0,0,1,0,550,CHESAPEAKE(CITY) (550),468,CHESAPEAKE,8,Agosto,6,2022,99,99,SR-337/I-464 RAMP,3,Highway estatal,Rural,Arteria Menor,State Highway Agency,0,Sin jurisdiccion especial,1,36.81255,-76.28074167,Arbol,El primer evento no fue una colision con un vehiculo automotor en transporte,Not an Intersection,No fue interseccion,Sobre el lado de la calle,Ninguna,Reportada como desconocida,No reportado,No,NO APLICA,99,98,99,98,1,06/08/2022,1
51,Virginia,510625,1,1,1,0,810,VIRGINIA BEACH (CITY) (810),2540,VIRGINIA BEACH,8,Agosto,18,2022,21,58,CR-7,6,Calle Local Municipalidad,Urbano,Arteria Menor,City or Municipal Highway Agency,0,Sin jurisdiccion especial,13,36.81074167,-76.20226389,Peaton,El primer evento no fue una colision con un vehiculo automotor en transporte,T-Intersection,Interseccion de T,Sobre calle,Ninguna,Oscuro sin iluminacion,No reportado,No,NO APLICA,99,99,99,99,1,18/08/2022,1
51,Virginia,510626,0,0,1,0,163,ROCKBRIDGE (163),0,NO APLICA,8,Agosto,27,2022,22,10,CR-662,4,Calle del Condado,Rural,Local,State Highway Agency,0,Sin jurisdiccion especial,19,37.71737222,-79.60823056,Volcadura,El primer evento no fue una colision con un vehiculo automotor en transporte,Not an Intersection,No fue interseccion,Sobre calle,Ninguna,Oscuro sin iluminacion,No reportado,No,NO APLICA,99,98,99,98,1,27/08/2022,1
51,Virginia,510628,0,0,1,0,740,PORTSMOUTH (CITY) (740),1970,PORTSMOUTH,8,Agosto,21,2022,21,15,I-264,1,Interestatal,Urbano,Interestatal,State Highway Agency,1,Sin jurisdiccion especial,29,36.80865,-76.35558889,Valla Ferrocarril,El primer evento no fue una colision con un vehiculo automotor en transporte,Not an Intersection,No fue interseccion,Sobre el lado de la calle,Ninguna,Oscuro con iluminacion,No reportado,No,NO APLICA,99,99,99,99,1,21/08/2022,1
51,Virginia,510629,0,0,1,0,25,BRUNSWICK (25),0,NO APLICA,8,Agosto,20,2022,2,33,CR-712,4,Calle del Condado,Rural,Arteria Principal,State Highway Agency,1,Sin jurisdiccion especial,113,36.9235,-77.73660833,Buzon de correo,El primer evento no fue una colision con un vehiculo automotor en transporte,Not an Intersection,No fue interseccion,Sobre el lado de la calle,Ninguna,Oscuro sin iluminacion,No reportado,No,NO APLICA,99,98,99,98,1,20/08/2022,1
51,Virginia,510630,0,0,1,0,33,CAROLINE (33),0,NO APLICA,8,Agosto,19,2022,12,12,SR-207/ROGERS CLARK BLVD,3,Highway estatal,Rural,Arteria Principal,State Highway Agency,0,Sin jurisdiccion especial,20,37.94638889,-77.44825278,Arbol,El primer evento no fue una colision con un vehiculo automotor en transporte,Not an Intersection,No fue interseccion,Sobre el lado de la calle,Ninguna,Dia total,No reportado,No,NO APLICA,99,99,99,99,1,19/08/2022,11
51,Virginia,510631,0,0,2,0,3,ALBEMARLE (3),0,NO APLICA,8,Agosto,29,2022,21,45,US-29,2,US Highway,Urbano,Arterial Principal -Freeway o ExpressWay,State Highway Agency,0,Sin jurisdiccion especial,0,38.02743056,-78.52766111,Vehiculo en movimiento,Golpe Lateral - misma direccion,Not an Intersection,No fue interseccion,Sobre calle,Ninguna,Oscuro sin iluminacion,No reportado,No,NO APLICA,99,99,99,99,1,29/08/2022,2
51,Virginia,510632,0,0,2,0,59,FAIRFAX (59),119,BAILEYS CROSSROADS,5,Mayo,24,2022,2,17,CR-3449,4,Calle del Condado,Urbano,Arteria Menor,State Highway Agency,0,Sin jurisdiccion especial,4,38.84483056,-77.11486667,Vehiculo en movimiento,Angulo,Four-Way Intersection,Interseccion de 4 direcciones,Sobre calle,Ninguna,Oscuro con iluminacion,lluvia,No,NO APLICA,99,99,99,99,1,24/05/2022,4
51,Virginia,510633,0,0,2,0,157,RAPPAHANNOCK (157),0,NO APLICA,9,Septiembre,1,2022,10,22,US-211,2,US Highway,Rural,Arteria Principal,State Highway Agency,1,Sin jurisdiccion especial,341,38.68848056,-78.18339444,Vehiculo en movimiento,Angulo,Not an Intersection,No fue interseccion,Sobre calle,Ninguna,Dia total,No reportado,No,NO APLICA,99,99,99,99,1,01/09/2022,3
51,Virginia,510634,0,0,1,0,143,PITTSYLVANIA (143),0,NO APLICA,9,Septiembre,3,2022,3,37,CR-844,4,Calle del Condado,Rural,Colector Menor,State Highway Agency,0,Sin jurisdiccion especial,65,36.694675,-79.574175,Zanja,El primer evento no fue una colision con un vehiculo automotor en transporte,Not an Intersection,No fue interseccion,Sobre el lado de la calle,Ninguna,Oscuro sin iluminacion,No reportado,No,NO APLICA,99,99,99,99,1,03/09/2022,5
51,Virginia,510635,1,1,1,0,710,NORFOLK (CITY) (710),1760,NORFOLK,9,Septiembre,3,2022,13,36,CR-122,6,Calle Local Municipalidad,Urbano,Local,City or Municipal Highway Agency,0,Sin jurisdiccion especial,1,36.85935556,-76.21967778,Peaton,El primer evento no fue una colision con un vehiculo automotor en transporte,Four-Way Intersection,Interseccion de 4 direcciones,Sobre calle,Ninguna,Dia total,No reportado,No,NO APLICA,99,99,99,99,1,03/09/2022,2
51,Virginia,510636,1,1,1,0,89,HENRY (89),0,NO APLICA,9,Septiembre,3,2022,20,30,US-220,2,US Highway,Urbano,Arteria Principal,State Highway Agency,1,Sin jurisdiccion especial,80,36.71185556,-79.90726389,Peaton,El primer evento no fue una colision con un vehiculo automotor en transporte,Not an Intersection,No fue interseccion,Sobre calle,Ninguna,Oscuro sin iluminacion,No reportado,No,NO APLICA,99,98,99,98,1,03/09/2022,1
51,Virginia,510637,0,0,1,0,171,SHENANDOAH (171),0,NO APLICA,9,Septiembre,3,2022,18,30,US-211,2,US Highway,Rural,Arteria Principal,State Highway Agency,1,Sin jurisdiccion especial,28,38.64414444,-78.63233611,Culvert,El primer evento no fue una colision con un vehiculo automotor en transporte,Not an Intersection,No fue interseccion,Sobre el lado de la calle,Ninguna,Dia total,No reportado,No,NO APLICA,99,99,99,99,1,03/09/2022,1
51,Virginia,510638,0,0,2,0,183,SUSSEX (183),0,NO APLICA,9,Septiembre,4,2022,16,26,US-301,2,US Highway,Rural,Colector Mayor,State Highway Agency,0,Sin jurisdiccion especial,336,36.98318056,-77.39320278,Barda,El primer evento no fue una colision con un vehiculo automotor en transporte,Not an Intersection,No fue interseccion,En el medio,Ninguna,Dia total,No reportado,No,NO APLICA,99,99,99,99,1,04/09/2022,5