Estado,Nombre de Estado,Numero de Caso,Peatones,Personas _no_vehiculos,Vehiculos automotores,Vehiculos estacionados,Condado,Nombre Condado,Ciudad,Nombre Ciudad,Mes,Nombre Mes,Dia,Año,Hora,Minuto,Calle,Ruta,Nombre Ruta,Rural o Urbanoo,Sistema Funcional,Dueño Calle,Sistema Nacional Carreteras,Jurisdiccion Especial,Milla,Latitud,Longitud,Causa del Accidente,Tipo de Accidente,Tipo Interseccion,Columna1,Lugar en la calle,Zona de Trabajo,Luz,Clima,Autobus Escolar,Cruce de Trenes,Hora Notificacion,Minuto Notificacion,Hora Llegada,Minuto Llegada,Decesos,Fecha,PersonaVehiculo
51,Virginia,510639,0,0,1,0,85,HANOVER (85),0,NO APLICA,9,Septiembre,5,2022,8,27,SR-54/PATRICK HENRY RD,3,Highway estatal,Rural,Arteria Menor,State Highway Agency,0,Sin jurisdiccion especial,34,37.82670833,-77.60163333,Zanja,El primer evento no fue una colision con un vehiculo automotor en transporte,Not an Intersection,No fue interseccion,Sobre el lado de la calle,Ninguna,Dia total,No reportado,No,NO APLICA,99,98,99,98,1,05/09/2022,1
51,Virginia,510640,0,0,1,0,15,AUGUSTA (15),0,NO APLICA,9,Septiembre,8,2022,15,50,I-81,1,Interestatal,Rural,Interestatal,State Highway Agency,1,Sin jurisdiccion especial,2323,38.24043611,-78.96361389,Valla Ferrocarril,El primer evento no fue una colision con un vehiculo automotor en transporte,Not an Intersection,No fue interseccion,Sobre el lado de la calle,Ninguna,Dia total,No reportado,No,NO APLICA,99,99,99,99,1,08/09/2022,2
51,Virginia,510641,0,0,1,0,36,CHARLES CITY (36),0,NO APLICA,9,Septiembre,7,2022,17,2,SR-106/ROXBURY RD,3,Highway estatal,Rural,Arteria Menor,State Highway Agency,0,Sin jurisdiccion especial,0,37.463925,-77.14115556,Vehiculo Ferrocarril,El primer evento no fue una colision con un vehiculo automotor en transporte,Not an Intersection,No fue interseccion,Sobre calle,Ninguna,Dia total,No reportado,No,228399K,99,98,99,98,1,07/09/2022,1
51,Virginia,510642,0,0,1,0,41,CHESTERFIELD (41),0,NO APLICA,9,Septiembre,8,2022,1,35,SR-288,3,Highway estatal,Urbano,Arterial Principal -Freeway o ExpressWay,State Highway Agency,1,Sin jurisdiccion especial,67,37.39365833,-77.51689722,Arbol,El primer evento no fue una colision con un vehiculo automotor en transporte,Not an Intersection,No fue interseccion,En el medio,Ninguna,Oscuro sin iluminacion,lluvia,No,NO APLICA,99,98,99,98,1,08/09/2022,1
51,Virginia,510643,0,0,2,0,61,FAUQUIER (61),0,NO APLICA,9,Septiembre,8,2022,20,20,I-66,1,Interestatal,Rural,Interestatal,State Highway Agency,1,Sin jurisdiccion especial,157,38.91008056,-78.05376667,Vehiculo en movimiento,Golpe Lateral - misma direccion,Not an Intersection,No fue interseccion,Sobre calle,Ninguna,Oscuro sin iluminacion,No reportado,No,NO APLICA,99,99,99,99,2,08/09/2022,9
51,Virginia,510644,0,0,1,0,69,FREDERICK (69),0,NO APLICA,9,Septiembre,9,2022,12,3,CR-690,4,Calle del Condado,Rural,Colector Menor,State Highway Agency,0,Sin jurisdiccion especial,3,39.35016667,-78.23499722,Arbol,El primer evento no fue una colision con un vehiculo automotor en transporte,Not an Intersection,No fue interseccion,Sobre el lado de la calle,Ninguna,Dia total,No reportado,No,NO APLICA,99,99,99,99,1,09/09/2022,2
51,Virginia,510645,0,0,2,0,41,CHESTERFIELD (41),0,NO APLICA,9,Septiembre,8,2022,16,23,SR-10/IRONBRIDGE RD,3,Highway estatal,Urbano,Arteria Principal,State Highway Agency,1,Sin jurisdiccion especial,48,37.44553333,-77.48755833,Vehiculo en movimiento,Angulo,Not an Intersection,No fue interseccion,Sobre calle,Ninguna,Dia total,No reportado,No,NO APLICA,99,98,99,98,1,08/09/2022,3
51,Virginia,510646,0,0,2,0,107,LOUDOUN (107),0,NO APLICA,9,Septiembre,9,2022,7,0,CR-662,4,Calle del Condado,Rural,Arteria Menor,State Highway Agency,0,Sin jurisdiccion especial,7,38.86016111,-77.54601389,Vehiculo en movimiento,Angulo,T-Intersection,Interseccion de T,Sobre calle,Ninguna,Amanecer,No reportado,No,NO APLICA,99,98,99,98,1,09/09/2022,2
51,Virginia,510647,0,0,1,0,810,VIRGINIA BEACH (CITY) (810),2540,VIRGINIA BEACH,9,Septiembre,9,2022,23,13,CR-8590,6,Calle Local Municipalidad,Urbano,Arteria Menor,City or Municipal Highway Agency,0,Sin jurisdiccion especial,49,36.74718056,-76.11953333,Culvert,El primer evento no fue una colision con un vehiculo automotor en transporte,Not an Intersection,No fue interseccion,Sobre el lado de la calle,Ninguna,Oscuro con iluminacion,No reportado,No,NO APLICA,99,98,99,98,1,09/09/2022,1
51,Virginia,510648,0,0,1,0,51,DICKENSON (51),0,NO APLICA,9,Septiembre,11,2022,3,30,SR-83/DICKENSON HWY,3,Highway estatal,Rural,Arteria Menor,State Highway Agency,0,Sin jurisdiccion especial,119,37.13462778,-82.42321389,Acotamiento,El primer evento no fue una colision con un vehiculo automotor en transporte,Not an Intersection,No fue interseccion,Sobre el lado de la calle,Ninguna,Oscuro sin iluminacion,Neblina o Humo,No,NO APLICA,99,99,99,99,1,11/09/2022,2
51,Virginia,510649,0,0,2,0,135,NOTTOWAY (135),0,NO APLICA,9,Septiembre,10,2022,20,50,US-460,2,US Highway,Rural,Arteria Principal,State Highway Agency,1,Sin jurisdiccion especial,2815,37.11123333,-78.02222778,Vehiculo en movimiento,Angulo,Four-Way Intersection,Interseccion de 4 direcciones,Sobre calle,Ninguna,Oscuro sin iluminacion,lluvia,No,NO APLICA,99,98,99,98,3,10/09/2022,4
51,Virginia,510650,0,0,1,0,143,PITTSYLVANIA (143),0,NO APLICA,9,Septiembre,10,2022,19,46,US-29,2,US Highway,Urbano,Arteria Principal,State Highway Agency,1,Sin jurisdiccion especial,175,36.71989444,-79.38286667,Zanja,El primer evento no fue una colision con un vehiculo automotor en transporte,Not an Intersection,No fue interseccion,En el medio,Ninguna,Oscuro sin iluminacion,lluvia,No,NO APLICA,99,99,99,99,1,10/09/2022,2
51,Virginia,510651,0,0,1,0,59,FAIRFAX (59),1520,MCLEAN,9,Septiembre,11,2022,6,4,I-495,1,Interestatal,Urbano,Interestatal,State Highway Agency,1,Sin jurisdiccion especial,139,38.95273611,-77.19498889,Valla Ferrocarril,El primer evento no fue una colision con un vehiculo automotor en transporte,Not an Intersection,No fue interseccion,Sobre el lado de la calle,"Zona de trabajo, tipo desconocido",Oscuro sin iluminacion,lluvia,No,NO APLICA,99,98,99,98,1,11/09/2022,1
51,Virginia,510652,0,0,2,0,23,BOTETOURT (23),0,NO APLICA,9,Septiembre,11,2022,18,10,I-81,1,Interestatal,Rural,Interestatal,State Highway Agency,1,Sin jurisdiccion especial,1694,37.56273889,-79.65495278,Vehiculo en movimiento,Angulo,Not an Intersection,No fue interseccion,Sobre calle,Ninguna,Dia total,No reportado,No,NO APLICA,99,99,99,99,1,11/09/2022,2
51,Virginia,510653,0,0,1,0,700,NEWPORT NEWS (CITY) (700),1720,NEWPORT NEWS,9,Septiembre,10,2022,15,21,I-64,1,Interestatal,Urbano,Interestatal,State Highway Agency,1,Sin jurisdiccion especial,2556,37.1161,-76.50046389,Barrera de Trafico de Concreto,El primer evento no fue una colision con un vehiculo automotor en transporte,Not an Intersection,No fue interseccion,En el medio,Ninguna,Dia total,No reportado,No,NO APLICA,99,99,99,99,1,10/09/2022,1
51,Virginia,510654,0,0,1,0,145,POWHATAN (145),0,NO APLICA,9,Septiembre,11,2022,20,35,CR-723,4,Calle del Condado,Rural,Local,State Highway Agency,0,Sin jurisdiccion especial,0,37.53596944,-77.78311667,Arbol,El primer evento no fue una colision con un vehiculo automotor en transporte,Not an Intersection,No fue interseccion,Fuera de la calle,Ninguna,Oscuro sin iluminacion,No reportado,No,NO APLICA,99,98,99,98,1,11/09/2022,1
51,Virginia,510655,0,0,1,0,191,WASHINGTON (191),0,NO APLICA,9,Septiembre,13,2022,7,10,CR-641,4,Calle del Condado,Rural,Colector Menor,State Highway Agency,0,Sin jurisdiccion especial,16,36.63541944,-82.20635,Barda,El primer evento no fue una colision con un vehiculo automotor en transporte,Not an Intersection,No fue interseccion,Sobre el lado de la calle,Ninguna,Dia total,No reportado,No,NO APLICA,99,98,99,98,1,13/09/2022,1
51,Virginia,510656,0,0,1,0,61,FAUQUIER (61),0,NO APLICA,9,Septiembre,13,2022,19,10,US-17,2,US Highway,Rural,Arteria Menor,State Highway Agency,0,Sin jurisdiccion especial,2348,38.92169444,-77.92741944,Volcadura,El primer evento no fue una colision con un vehiculo automotor en transporte,Not an Intersection,No fue interseccion,Sobre calle,Ninguna,Atardecer,No reportado,No,NO APLICA,99,99,99,99,1,13/09/2022,1
51,Virginia,510657,0,0,3,0,43,CLARKE (43),0,NO APLICA,9,Septiembre,14,2022,0,31,SR-7/HARRY BYRD HWY,3,Highway estatal,Rural,Arteria Principal,State Highway Agency,0,Sin jurisdiccion especial,88,39.17083056,-78.01218889,Vehiculo en movimiento,Frente a Detrás,Not an Intersection,No fue interseccion,Sobre calle,Ninguna,Oscuro sin iluminacion,No reportado,No,NO APLICA,99,98,99,98,1,14/09/2022,3
51,Virginia,510658,0,0,2,0,143,PITTSYLVANIA (143),0,NO APLICA,9,Septiembre,13,2022,23,40,US-29,2,US Highway,Rural,Arterial Principal -Freeway o ExpressWay,State Highway Agency,1,Sin jurisdiccion especial,270,36.84591944,-79.39148611,Vehiculo en movimiento,Frente a frente,Not an Intersection,No fue interseccion,Sobre calle,Ninguna,Oscuro sin iluminacion,No reportado,No,NO APLICA,99,98,99,98,1,13/09/2022,2
51,Virginia,510659,0,0,4,0,85,HANOVER (85),110,ASHLAND,9,Septiembre,14,2022,18,0,I-95,1,Interestatal,Rural,Interestatal,State Highway Agency,1,Sin jurisdiccion especial,933,37.77769444,-77.46155278,Vehiculo en movimiento,Golpe Lateral - misma direccion,Not an Intersection,No fue interseccion,Sobre calle,Ninguna,Dia total,No reportado,No,NO APLICA,99,99,99,99,1,14/09/2022,4
51,Virginia,510660,1,1,1,0,650,HAMPTON (CITY) (650),1180,HAMPTON,9,Septiembre,14,2022,20,17,BRIARFIELD RD,6,Calle Local Municipalidad,Urbano,Local,City or Municipal Highway Agency,0,Sin jurisdiccion especial,12,37.01955278,-76.39772778,Peaton,El primer evento no fue una colision con un vehiculo automotor en transporte,Not an Intersection,No fue interseccion,Sobre calle,Ninguna,Oscuro con iluminacion,No reportado,No,NO APLICA,99,99,99,99,1,14/09/2022,1
51,Virginia,510661,0,0,2,0,41,CHESTERFIELD (41),0,NO APLICA,9,Septiembre,14,2022,18,7,SR-10/IRONBRIDGE RD,3,Highway estatal,Urbano,Arteria Principal,State Highway Agency,1,Sin jurisdiccion especial,106,37.37731111,-77.51336389,Vehiculo en movimiento,Golpe Lateral - misma direccion,Not an Intersection,No fue interseccion,Sobre calle,"Zona de trabajo, tipo desconocido",Dia total,No reportado,No,NO APLICA,99,98,99,98,1,14/09/2022,2
51,Virginia,510662,1,1,1,0,121,MONTGOMERY (121),180,BLACKSBURG,9,Septiembre,2,2022,0,4,US-460,2,US Highway,Urbano,Arteria Principal,City or Municipal Highway Agency,1,Sin jurisdiccion especial,53,37.20346111,-80.39904444,Peaton,El primer evento no fue una colision con un vehiculo automotor en transporte,Not an Intersection,No fue interseccion,Sobre calle,Ninguna,Oscuro con iluminacion,No reportado,No,NO APLICA,99,98,99,98,1,02/09/2022,1
51,Virginia,510663,1,1,1,0,87,HENRICO (87),0,NO APLICA,9,Septiembre,5,2022,23,8,US-360,2,US Highway,Urbano,Arteria Principal,State Highway Agency,1,Sin jurisdiccion especial,1433,37.55821389,-77.40875,Peaton,El primer evento no fue una colision con un vehiculo automotor en transporte,Not an Intersection,No fue interseccion,Sobre calle,Ninguna,Oscuro sin iluminacion,No reportado,No,NO APLICA,99,99,99,99,1,05/09/2022,1
51,Virginia,510664,0,0,2,0,177,SPOTSYLVANIA (177),0,NO APLICA,9,Septiembre,9,2022,18,19,CR-662,4,Calle del Condado,Rural,Local,State Highway Agency,0,Sin jurisdiccion especial,17,38.01681944,-77.66221667,Vehiculo en movimiento,Angulo,Not an Intersection,No fue interseccion,Sobre calle,Ninguna,Dia total,No reportado,No,NO APLICA,99,98,99,98,1,09/09/2022,2
51,Virginia,510665,0,0,1,0,105,LEE (105),0,NO APLICA,9,Septiembre,10,2022,19,22,US-58,2,US Highway,Rural,Arterial Principal -Freeway o ExpressWay,State Highway Agency,1,Sin jurisdiccion especial,277,36.67384444,-83.2062,Zanja,El primer evento no fue una colision con un vehiculo automotor en transporte,Not an Intersection,No fue interseccion,En el medio,Ninguna,Atardecer,No reportado,No,NO APLICA,99,99,99,99,1,10/09/2022,1
51,Virginia,510666,0,0,1,0,83,HALIFAX (83),0,NO APLICA,9,Septiembre,14,2022,19,12,CR-659,4,Calle del Condado,Urbano,Arteria Principal,State Highway Agency,1,Sin jurisdiccion especial,164,36.72073333,-78.94317778,Zanja,El primer evento no fue una colision con un vehiculo automotor en transporte,Not an Intersection,No fue interseccion,Sobre el lado de la calle,Ninguna,Dia total,No reportado,No,NO APLICA,99,99,99,99,1,14/09/2022,1
51,Virginia,510667,0,0,1,0,143,PITTSYLVANIA (143),0,NO APLICA,9,Septiembre,11,2022,0,45,CR-688,4,Calle del Condado,Rural,Arteria Principal,State Highway Agency,1,Sin jurisdiccion especial,140,37.09841111,-79.27001944,Arbol,El primer evento no fue una colision con un vehiculo automotor en transporte,Not an Intersection,No fue interseccion,Sobre el lado de la calle,Ninguna,Oscuro sin iluminacion,lluvia,No,NO APLICA,99,98,99,98,1,11/09/2022,1
51,Virginia,510668,0,0,1,0,147,PRINCE EDWARD (147),0,NO APLICA,9,Septiembre,18,2022,12,8,US-360,2,US Highway,Rural,Arteria Principal,State Highway Agency,1,Sin jurisdiccion especial,774,37.11563611,-78.34366389,Zanja,El primer evento no fue una colision con un vehiculo automotor en transporte,Not an Intersection,No fue interseccion,Sobre el lado de la calle,Ninguna,Reportada como desconocida,Otro,No,NO APLICA,99,98,99,98,1,18/09/2022,1
51,Virginia,510670,0,0,2,0,177,SPOTSYLVANIA (177),0,NO APLICA,9,Septiembre,15,2022,22,12,US-1,2,US Highway,Urbano,Arteria Principal,State Highway Agency,1,Sin jurisdiccion especial,1394,38.19206944,-77.50976111,Vehiculo en movimiento,Angulo,Not an Intersection,No fue interseccion,Sobre calle,Ninguna,Oscuro sin iluminacion,No reportado,No,NO APLICA,99,99,99,99,1,15/09/2022,2
51,Virginia,510671,0,0,2,0,67,FRANKLIN (67),0,NO APLICA,9,Septiembre,16,2022,18,15,CR-619,4,Calle del Condado,Rural,Colector Mayor,State Highway Agency,0,Sin jurisdiccion especial,116,36.90845556,-79.80482222,Zanja,El primer evento no fue una colision con un vehiculo automotor en transporte,Not an Intersection,No fue interseccion,Sobre el lado de la calle,Ninguna,Dia total,No reportado,No,NO APLICA,99,98,99,98,1,16/09/2022,2
51,Virginia,510672,0,0,2,0,177,SPOTSYLVANIA (177),0,NO APLICA,9,Septiembre,16,2022,16,34,SR-208/COURTHOUSE RD,3,Highway estatal,Urbano,Arteria Menor,State Highway Agency,0,Sin jurisdiccion especial,400,38.206175,-77.59801944,Vehiculo en movimiento,Angulo,Four-Way Intersection,Interseccion de 4 direcciones,Sobre calle,Ninguna,Dia total,No reportado,No,NO APLICA,99,99,99,99,1,16/09/2022,3
51,Virginia,510673,0,0,2,0,97,KING AND QUEEN (97),0,NO APLICA,9,Septiembre,16,2022,18,28,SR-14/THE TRAIL,3,Highway estatal,Rural,Arteria Menor,State Highway Agency,0,Sin jurisdiccion especial,224,37.63451667,-76.80764167,Vehiculo en movimiento,Frente a frente,Not an Intersection,No fue interseccion,Sobre calle,Ninguna,Atardecer,No reportado,No,NO APLICA,99,98,99,98,1,16/09/2022,2
51,Virginia,510674,0,0,1,0,29,BUCKINGHAM (29),0,NO APLICA,9,Septiembre,18,2022,22,52,SR-20,3,Highway estatal,Rural,Arteria Menor,State Highway Agency,0,Sin jurisdiccion especial,166,37.76198056,-78.48548333,Poste de Señal de trafico,El primer evento no fue una colision con un vehiculo automotor en transporte,T-Intersection,Interseccion de T,Sobre el lado de la calle,Ninguna,Oscuro sin iluminacion,No reportado,No,NO APLICA,99,98,99,98,1,18/09/2022,1
51,Virginia,510675,0,0,1,0,47,CULPEPER (47),0,NO APLICA,9,Septiembre,19,2022,9,50,US-522,2,US Highway,Rural,Arteria Principal,State Highway Agency,1,Sin jurisdiccion especial,814,38.52397778,-78.11235556,Zanja,El primer evento no fue una colision con un vehiculo automotor en transporte,Not an Intersection,No fue interseccion,Sobre el lado de la calle,Ninguna,Reportada como desconocida,No reportado,No,NO APLICA,99,98,99,98,1,19/09/2022,1
51,Virginia,510676,1,1,1,0,19,BEDFORD (19),0,NO APLICA,9,Septiembre,21,2022,0,30,US-460,2,US Highway,Rural,Arteria Principal,State Highway Agency,1,Sin jurisdiccion especial,1955,37.30531389,-79.31423056,Peaton,El primer evento no fue una colision con un vehiculo automotor en transporte,Not an Intersection,No fue interseccion,Sobre calle,Ninguna,Oscuro sin iluminacion,No reportado,No,NO APLICA,99,98,99,98,1,21/09/2022,1
51,Virginia,510677,0,0,1,0,183,SUSSEX (183),0,NO APLICA,9,Septiembre,22,2022,9,43,CR-627,4,Calle del Condado,Rural,Colector Menor,State Highway Agency,0,Sin jurisdiccion especial,5,37.02488889,-77.285325,Zanja,El primer evento no fue una colision con un vehiculo automotor en transporte,Not an Intersection,No fue interseccion,Sobre el lado de la calle,Ninguna,Dia total,No reportado,No,NO APLICA,99,99,99,99,1,22/09/2022,2
51,Virginia,510678,0,0,1,0,141,PATRICK (141),2380,STUART,9,Septiembre,22,2022,16,1,SR-203,3,Highway estatal,Rural,Arteria Menor,State Highway Agency,0,Sin jurisdiccion especial,62,36.63052222,-80.27262222,Acotamiento,El primer evento no fue una colision con un vehiculo automotor en transporte,T-Intersection,Interseccion de T,Sobre el lado de la calle,Ninguna,Dia total,No reportado,No,NO APLICA,99,99,99,99,1,22/09/2022,1
51,Virginia,510679,0,0,5,0,139,PAGE (139),0,NO APLICA,9,Septiembre,21,2022,15,11,US-340,2,US Highway,Rural,Arteria Menor,State Highway Agency,0,Sin jurisdiccion especial,806,38.78376389,-78.36861389,Vehiculo en movimiento,Golpe Lateral - misma direccion,T-Intersection,Interseccion de T,Sobre calle,Ninguna,Dia total,No reportado,No,NO APLICA,99,99,99,99,2,21/09/2022,8
51,Virginia,510680,0,0,2,0,197,WYTHE (197),0,NO APLICA,9,Septiembre,21,2022,18,53,CR-340,4,Calle del Condado,Rural,Colector Mayor,State Highway Agency,0,Sin jurisdiccion especial,18,36.87589167,-81.22039167,Vehiculo en movimiento,Frente a Detrás,Not an Intersection,No fue interseccion,Sobre calle,Ninguna,Atardecer,No reportado,No,NO APLICA,99,99,99,99,1,21/09/2022,2
51,Virginia,510681,0,0,1,0,117,MECKLENBURG (117),0,NO APLICA,9,Septiembre,21,2022,22,45,SR-47/HIGHWAY FORTY SEVEN,3,Highway estatal,Rural,Colector Mayor,State Highway Agency,0,Sin jurisdiccion especial,244,36.82169444,-78.49279444,Buzon de correo,El primer evento no fue una colision con un vehiculo automotor en transporte,Not an Intersection,No fue interseccion,Sobre el lado de la calle,Ninguna,Oscuro sin iluminacion,No reportado,No,NO APLICA,99,98,99,98,1,21/09/2022,1
51,Virginia,510682,0,1,2,1,33,CAROLINE (33),0,NO APLICA,9,Septiembre,21,2022,22,53,I-95,1,Interestatal,Rural,Interestatal,State Highway Agency,1,Sin jurisdiccion especial,1015,37.89259444,-77.45890833,Vehiculo Aparcado,El primer evento no fue una colision con un vehiculo automotor en transporte,Not an Intersection,No fue interseccion,Sobre Acotamiento,Ninguna,Oscuro sin iluminacion,No reportado,No,NO APLICA,99,98,99,98,1,21/09/2022,1
51,Virginia,510683,0,0,2,0,83,HALIFAX (83),0,NO APLICA,9,Septiembre,23,2022,20,2,US-501,2,US Highway,Rural,Arteria Principal,State Highway Agency,1,Sin jurisdiccion especial,197,36.79781667,-78.94225278,Vehiculo en movimiento,Frente a frente,Not an Intersection,No fue interseccion,Sobre calle,Ninguna,Dia total,No reportado,No,NO APLICA,99,99,99,99,1,23/09/2022,3
51,Virginia,510684,0,0,1,0,91,HIGHLAND (91),0,NO APLICA,9,Septiembre,24,2022,15,10,US-250,2,US Highway,Rural,Arteria Principal,State Highway Agency,1,Sin jurisdiccion especial,23,38.46128889,-79.6761,Volcadura,El primer evento no fue una colision con un vehiculo automotor en transporte,Not an Intersection,No fue interseccion,Sobre el lado de la calle,Ninguna,Dia total,No reportado,No,NO APLICA,99,99,99,99,1,24/09/2022,1
51,Virginia,510685,0,0,1,0,109,LOUISA (109),0,NO APLICA,9,Septiembre,27,2022,4,50,CR-618,4,Calle del Condado,Rural,Arteria Principal,State Highway Agency,1,Sin jurisdiccion especial,89,37.99896389,-77.83576667,Arbol,El primer evento no fue una colision con un vehiculo automotor en transporte,Not an Intersection,No fue interseccion,Sobre el lado de la calle,Ninguna,Oscuro sin iluminacion,No reportado,No,NO APLICA,99,98,99,98,1,27/09/2022,1
51,Virginia,510686,0,0,2,0,83,HALIFAX (83),0,NO APLICA,9,Septiembre,27,2022,6,43,US-360,2,US Highway,Rural,Arteria Principal,State Highway Agency,1,Sin jurisdiccion especial,352,36.73978333,-78.84486389,Vehiculo en movimiento,Angulo,Not an Intersection,No fue interseccion,Sobre calle,Ninguna,Amanecer,No reportado,No,NO APLICA,99,99,99,99,3,27/09/2022,4
51,Virginia,510687,0,0,3,0,177,SPOTSYLVANIA (177),0,NO APLICA,9,Septiembre,26,2022,23,30,I-95,1,Interestatal,Urbano,Interestatal,State Highway Agency,1,Sin jurisdiccion especial,1275,38.25349444,-77.51149167,Vehiculo en movimiento,Frente a Detrás,Not an Intersection,No fue interseccion,Sobre calle,Ninguna,Oscuro sin iluminacion,No reportado,No,NO APLICA,99,99,99,99,2,26/09/2022,5
51,Virginia,510688,0,0,1,0,89,HENRY (89),0,NO APLICA,9,Septiembre,27,2022,20,30,US-220,2,US Highway,Urbano,Arteria Principal,State Highway Agency,1,Sin jurisdiccion especial,0,36.72871111,-79.91936389,Acotamiento,El primer evento no fue una colision con un vehiculo automotor en transporte,T-Intersection,Interseccion de T,Sobre el lado de la calle,Ninguna,Oscuro con iluminacion,No reportado,No,NO APLICA,99,98,99,98,1,27/09/2022,1
51,Virginia,510689,0,0,2,0,89,HENRY (89),0,NO APLICA,9,Septiembre,28,2022,18,40,CR-60,4,Calle del Condado,Rural,Colector Menor,State Highway Agency,0,Sin jurisdiccion especial,90,36.62831667,-80.00701944,Vehiculo en movimiento,Angulo,Not an Intersection,No fue interseccion,Sobre calle,Ninguna,Dia total,No reportado,No,NO APLICA,99,99,99,99,1,28/09/2022,2
51,Virginia,510690,0,0,2,0,69,FREDERICK (69),0,NO APLICA,9,Septiembre,29,2022,20,22,US-50,2,US Highway,Rural,Arteria Principal,State Highway Agency,1,Sin jurisdiccion especial,52,39.26828611,-78.30827778,Vehiculo en movimiento,Frente a frente,Not an Intersection,No fue interseccion,Sobre calle,Ninguna,Oscuro sin iluminacion,No reportado,No,NO APLICA,99,99,99,99,2,29/09/2022,5
51,Virginia,510691,0,0,1,0,31,CAMPBELL (31),0,NO APLICA,9,Septiembre,30,2022,22,0,CR-628,4,Calle del Condado,Rural,Colector Mayor,State Highway Agency,0,Sin jurisdiccion especial,18,37.15410278,-79.34931944,Objeto aventado o caido,El primer evento no fue una colision con un vehiculo automotor en transporte,Not an Intersection,No fue interseccion,Sobre calle,Ninguna,Oscuro sin iluminacion,lluvia,No,NO APLICA,99,99,99,99,1,30/09/2022,1
51,Virginia,510692,0,0,1,0,127,NEW KENT (127),0,NO APLICA,9,Septiembre,30,2022,17,27,SR-273/FARMERS DR,3,Highway estatal,Rural,Arteria Principal,State Highway Agency,1,Sin jurisdiccion especial,15,37.47545556,-76.82304722,Arbol,El primer evento no fue una colision con un vehiculo automotor en transporte,Not an Intersection,No fue interseccion,Sobre el lado de la calle,Ninguna,Dia total,lluvia,No,NO APLICA,99,99,99,99,2,30/09/2022,2
51,Virginia,510693,0,0,1,0,199,YORK (199),0,NO APLICA,9,Septiembre,28,2022,18,35,CR-620,4,Calle del Condado,Urbano,Colector Mayor,State Highway Agency,0,Sin jurisdiccion especial,3,37.14487222,-76.49748889,Poste,El primer evento no fue una colision con un vehiculo automotor en transporte,Not an Intersection,No fue interseccion,Sobre el lado de la calle,Ninguna,Dia total,No reportado,No,NO APLICA,99,99,99,99,1,28/09/2022,2
51,Virginia,510694,0,0,3,1,31,CAMPBELL (31),0,NO APLICA,9,Septiembre,20,2022,7,24,US-460,2,US Highway,Rural,Arteria Principal,State Highway Agency,1,Sin jurisdiccion especial,2134,37.37386944,-79.02894444,Vehiculo en movimiento,Frente a Detrás,Not an Intersection,No fue interseccion,Sobre calle,Ninguna,Dia total,No reportado,No,NO APLICA,99,99,99,99,1,20/09/2022,2
51,Virginia,510695,1,1,1,0,153,PRINCE WILLIAM (153),0,NO APLICA,9,Septiembre,27,2022,20,0,CR-621,4,Calle del Condado,Urbano,Arteria Principal,State Highway Agency,1,Sin jurisdiccion especial,55,38.800825,-77.50994722,Peaton,El primer evento no fue una colision con un vehiculo automotor en transporte,Not an Intersection,No fue interseccion,Sobre calle,Ninguna,Oscuro sin iluminacion,No reportado,No,NO APLICA,99,98,99,98,1,27/09/2022,1
51,Virginia,510696,1,1,1,0,71,GILES (71),0,NO APLICA,9,Septiembre,5,2022,12,26,SR-100/PULASKI GILES TRNPK,3,Highway estatal,Rural,Arteria Menor,State Highway Agency,0,Sin jurisdiccion especial,429,37.26618056,-80.71122778,Peaton,El primer evento no fue una colision con un vehiculo automotor en transporte,T-Intersection,Interseccion de T,Sobre calle,Ninguna,Dia total,lluvia,No,NO APLICA,99,99,99,99,1,05/09/2022,1
51,Virginia,510697,0,0,2,0,153,PRINCE WILLIAM (153),0,NO APLICA,9,Septiembre,25,2022,22,45,I-66,1,Interestatal,Urbano,Interestatal,State Highway Agency,1,Sin jurisdiccion especial,401,38.81935,-77.64363056,Vehiculo en movimiento,Angulo,Not an Intersection,No fue interseccion,Sobre calle,Ninguna,Oscuro con iluminacion,No reportado,No,NO APLICA,99,99,99,99,1,25/09/2022,5
51,Virginia,510698,0,0,1,0,59,FAIRFAX (59),0,NO APLICA,9,Septiembre,23,2022,2,2,I-495,1,Interestatal,Urbano,Interestatal,State Highway Agency,1,Sin jurisdiccion especial,67,38.85229444,-77.22034444,Alguien se cayo/avento del vehiculo,El primer evento no fue una colision con un vehiculo automotor en transporte,Not an Intersection,No fue interseccion,Sobre calle,Ninguna,Oscuro sin iluminacion,No reportado,No,NO APLICA,99,99,99,99,1,23/09/2022,1
51,Virginia,510699,1,1,1,0,87,HENRICO (87),0,NO APLICA,9,Septiembre,24,2022,20,40,SR-33/NINE MILE RD,3,Highway estatal,Urbano,Arteria Menor,State Highway Agency,0,Sin jurisdiccion especial,52,37.54585833,-77.36616389,Peaton,El primer evento no fue una colision con un vehiculo automotor en transporte,Not an Intersection,No fue interseccion,Sobre calle,Ninguna,Oscuro sin iluminacion,No reportado,No,NO APLICA,99,99,99,99,1,24/09/2022,1