Estado,Nombre de Estado,Numero de Caso,Peatones,Personas _no_vehiculos,Vehiculos automotores,Vehiculos estacionados,Condado,Nombre Condado,Ciudad,Nombre Ciudad,Mes,Nombre Mes,Dia,Año,Hora,Minuto,Calle,Ruta,Nombre Ruta,Rural o Urbanoo,Sistema Funcional,Dueño Calle,Sistema Nacional Carreteras,Jurisdiccion Especial,Milla,Latitud,Longitud,Causa del Accidente,Tipo de Accidente,Tipo Interseccion,Columna1,Lugar en la calle,Zona de Trabajo,Luz,Clima,Autobus Escolar,Cruce de Trenes,Hora Notificacion,Minuto Notificacion,Hora Llegada,Minuto Llegada,Decesos,Fecha,PersonaVehiculo
51,Virginia,510700,1,1,2,0,153,PRINCE WILLIAM (153),0,NO APLICA,9,Septiembre,23,2022,21,46,SR-234/SUDLEY RD,3,Highway estatal,Urbano,Arteria Principal,State Highway Agency,1,Sin jurisdiccion especial,68,38.79641111,-77.51775278,Peaton,El primer evento no fue una colision con un vehiculo automotor en transporte,Not an Intersection,No fue interseccion,Sobre calle,Ninguna,Oscuro con iluminacion,No reportado,No,NO APLICA,99,99,99,99,1,23/09/2022,3
51,Virginia,510701,0,0,1,0,41,CHESTERFIELD (41),0,NO APLICA,9,Septiembre,18,2022,7,0,SR-288/WORLD WAR II VETERANS,3,Highway estatal,Urbano,Arterial Principal -Freeway o ExpressWay,State Highway Agency,1,Sin jurisdiccion especial,101,37.41052778,-77.57569444,Valla Ferrocarril,El primer evento no fue una colision con un vehiculo automotor en transporte,Not an Intersection,No fue interseccion,En el medio,Ninguna,Dia total,No reportado,No,NO APLICA,99,98,99,98,1,18/09/2022,1
51,Virginia,510702,0,0,2,0,109,LOUISA (109),0,NO APLICA,9,Septiembre,30,2022,15,56,US-522,2,US Highway,Rural,Arteria Principal,State Highway Agency,1,Sin jurisdiccion especial,424,38.07531944,-77.88171944,Vehiculo en movimiento,Angulo,T-Intersection,Interseccion de T,Sobre calle,Ninguna,Dia total,lluvia,No,NO APLICA,99,99,99,99,1,30/09/2022,5
51,Virginia,510703,0,0,2,0,740,PORTSMOUTH (CITY) (740),1970,PORTSMOUTH,9,Septiembre,6,2022,10,24,US-17,2,US Highway,Urbano,Arteria Principal,City or Municipal Highway Agency,1,Sin jurisdiccion especial,300,36.84359444,-76.36416389,Vehiculo en movimiento,Frente a frente,Not an Intersection,No fue interseccion,Sobre calle,"Zona de trabajo, tipo desconocido",Dia total,No reportado,No,NO APLICA,99,99,99,99,1,06/09/2022,4
51,Virginia,510704,0,0,1,0,810,VIRGINIA BEACH (CITY) (810),2540,VIRGINIA BEACH,9,Septiembre,2,2022,5,50,CR-8685,6,Calle Local Municipalidad,Urbano,Arteria Principal,City or Municipal Highway Agency,1,Sin jurisdiccion especial,7,36.80227778,-76.06228889,Banqueta,El primer evento no fue una colision con un vehiculo automotor en transporte,Not an Intersection,No fue interseccion,Sobre el lado de la calle,Ninguna,Amanecer,No reportado,No,NO APLICA,99,99,99,99,1,02/09/2022,1
51,Virginia,510705,0,0,1,0,810,VIRGINIA BEACH (CITY) (810),2540,VIRGINIA BEACH,9,Septiembre,4,2022,21,3,SR-190,3,Highway estatal,Urbano,Arteria Principal,City or Municipal Highway Agency,1,Sin jurisdiccion especial,123,36.83054167,-76.15929167,Arbol,El primer evento no fue una colision con un vehiculo automotor en transporte,Not an Intersection,No fue interseccion,Sobre el lado de la calle,Ninguna,Oscuro con iluminacion,No reportado,No,NO APLICA,99,98,99,98,1,04/09/2022,1
51,Virginia,510706,0,0,2,0,99,KING GEORGE (99),0,NO APLICA,9,Septiembre,9,2022,11,55,SR-3/KINGS HWY,3,Highway estatal,Rural,Arteria Principal,State Highway Agency,1,Sin jurisdiccion especial,561,38.23311111,-77.13039722,Vehiculo en movimiento,Frente a Detrás,Not an Intersection,No fue interseccion,Sobre calle,Ninguna,Dia total,No reportado,No,NO APLICA,99,99,99,99,1,09/09/2022,3
51,Virginia,510707,1,1,1,0,135,NOTTOWAY (135),680,CREWE,9,Septiembre,12,2022,9,37,US-460,2,US Highway,Urbano,Arteria Principal,State Highway Agency,1,Sin jurisdiccion especial,2741,37.17453333,-78.12480278,No vehiculo o remolque,El primer evento no fue una colision con un vehiculo automotor en transporte,Four-Way Intersection,Interseccion de 4 direcciones,Sobre calle,Ninguna,Dia total,No reportado,No,NO APLICA,99,99,99,99,1,12/09/2022,1
51,Virginia,510708,0,0,1,0,117,MECKLENBURG (117),0,NO APLICA,9,Septiembre,15,2022,22,5,CR-653,4,Calle del Condado,Rural,Local,State Highway Agency,0,Sin jurisdiccion especial,3,36.77908333,-78.1312,Arbol,El primer evento no fue una colision con un vehiculo automotor en transporte,Not an Intersection,No fue interseccion,Sobre el lado de la calle,Ninguna,Oscuro sin iluminacion,No reportado,No,NO APLICA,99,98,99,98,1,15/09/2022,1
51,Virginia,510709,1,1,1,0,700,NEWPORT NEWS (CITY) (700),1720,NEWPORT NEWS,9,Septiembre,26,2022,6,59,SR-143/JEFFERSON AVE,3,Highway estatal,Urbano,Arteria Principal,City or Municipal Highway Agency,0,Sin jurisdiccion especial,94,36.99740278,-76.43076111,Ciclista,El primer evento no fue una colision con un vehiculo automotor en transporte,Not an Intersection,No fue interseccion,Sobre el lado de la calle,Ninguna,Dia total,No reportado,No,NO APLICA,99,99,99,99,1,26/09/2022,1
51,Virginia,510710,0,0,1,0,89,HENRY (89),0,NO APLICA,9,Septiembre,2,2022,13,50,SR-57/FAIRYSTONE PK HWY,3,Highway estatal,Urbano,Arteria Principal,State Highway Agency,1,Sin jurisdiccion especial,124,36.75381111,-80.06455556,Algún evento nocivo sin detalles,El primer evento no fue una colision con un vehiculo automotor en transporte,Not an Intersection,No fue interseccion,Sobre el lado de la calle,Ninguna,Dia total,No reportado,No,NO APLICA,99,99,99,99,1,02/09/2022,1
51,Virginia,510711,0,0,2,0,195,WISE (195),2160,ST. PAUL,9,Septiembre,8,2022,12,54,SR/63 WISE ST,5,Calle Local - Pueblo,Rural,Arteria Principal,State Highway Agency,1,Sin jurisdiccion especial,10,36.90672778,-82.29996944,Vehiculo en movimiento,Frente a frente,Not an Intersection,No fue interseccion,Sobre calle,Ninguna,Dia total,No reportado,No,NO APLICA,99,99,99,99,1,08/09/2022,3
51,Virginia,510712,1,1,1,0,570,COLONIAL HEIGHTS(CITY) (570),620,COLONIAL HEIGHTS,9,Septiembre,21,2022,6,19,SR-144/TEMPLE AVE,3,Highway estatal,Urbano,Arteria Principal,City or Municipal Highway Agency,0,Sin jurisdiccion especial,1015,37.25741944,-77.39545556,Peaton,El primer evento no fue una colision con un vehiculo automotor en transporte,Four-Way Intersection,Interseccion de 4 direcciones,Sobre calle,Ninguna,Oscuro sin iluminacion,No reportado,No,NO APLICA,99,98,99,98,1,21/09/2022,1
51,Virginia,510713,0,0,1,0,153,PRINCE WILLIAM (153),0,NO APLICA,9,Septiembre,12,2022,8,33,I-95,1,Interestatal,Urbano,Interestatal,State Highway Agency,1,Sin jurisdiccion especial,243,38.62737778,-77.29362778,Poste de Señal de trafico,El primer evento no fue una colision con un vehiculo automotor en transporte,Not an Intersection,No fue interseccion,En el medio,Ninguna,Dia total,No reportado,No,NO APLICA,99,99,99,99,1,12/09/2022,1
51,Virginia,510714,0,0,2,0,760,RICHMOND (CITY) (760),2060,RICHMOND,9,Septiembre,24,2022,17,51,SR-10/BROAD ROCK BLVD,3,Highway estatal,Urbano,Arteria Principal,State Highway Agency,1,Sin jurisdiccion especial,3,37.503575,-77.46538056,Vehiculo en movimiento,Angulo,T-Intersection,Interseccion de T,Sobre calle,Ninguna,Dia total,No reportado,No,NO APLICA,99,98,99,98,1,24/09/2022,2
51,Virginia,510715,0,0,1,0,33,CAROLINE (33),0,NO APLICA,9,Septiembre,16,2022,7,7,I-95,1,Interestatal,Rural,Interestatal,State Highway Agency,1,Sin jurisdiccion especial,1139,38.06241944,-77.506175,Acotamiento,El primer evento no fue una colision con un vehiculo automotor en transporte,Not an Intersection,No fue interseccion,En el medio,Ninguna,Dia total,No reportado,No,NO APLICA,99,98,99,98,1,16/09/2022,1
51,Virginia,510716,1,1,1,0,107,LOUDOUN (107),0,NO APLICA,9,Septiembre,15,2022,5,54,CR-605,4,Calle del Condado,Urbano,Arteria Principal,State Highway Agency,1,Sin jurisdiccion especial,5,38.97668056,-77.40914444,Ciclista,El primer evento no fue una colision con un vehiculo automotor en transporte,Four-Way Intersection,Interseccion de 4 direcciones,Sobre calle,Ninguna,Oscuro sin iluminacion,No reportado,No,NO APLICA,99,99,99,99,1,15/09/2022,1
51,Virginia,510717,0,0,1,0,193,WESTMORELAND (193),0,NO APLICA,10,Octubre,18,2022,8,43,SR-3/KINGS HIGHWAY,3,Highway estatal,Rural,Arteria Principal,State Highway Agency,1,Sin jurisdiccion especial,712,38.14166944,-76.90261111,Acotamiento,El primer evento no fue una colision con un vehiculo automotor en transporte,T-Intersection,Interseccion de T,Sobre el lado de la calle,Ninguna,Dia total,No reportado,No,NO APLICA,99,98,99,98,1,18/10/2022,1
51,Virginia,510718,0,0,1,0,99,KING GEORGE (99),0,NO APLICA,10,Octubre,18,2022,3,41,CR-605,4,Calle del Condado,Rural,Colector Menor,State Highway Agency,0,Sin jurisdiccion especial,15,38.262725,-77.29416944,Buzon de correo,El primer evento no fue una colision con un vehiculo automotor en transporte,Not an Intersection,No fue interseccion,Sobre el lado de la calle,Ninguna,Oscuro sin iluminacion,No reportado,No,NO APLICA,99,99,99,99,2,18/10/2022,3
51,Virginia,510719,0,0,3,0,67,FRANKLIN (67),0,NO APLICA,10,Octubre,19,2022,15,0,SR-122/BOOKER T WASHINGTON HWY,3,Highway estatal,Rural,Arteria Menor,State Highway Agency,0,Sin jurisdiccion especial,30,37.05580278,-79.83967222,Vehiculo en movimiento,Frente a frente,Not an Intersection,No fue interseccion,Sobre calle,Ninguna,Dia total,No reportado,No,NO APLICA,99,99,99,99,1,19/10/2022,3
51,Virginia,510720,0,0,1,0,143,PITTSYLVANIA (143),0,NO APLICA,10,Octubre,21,2022,19,15,CR-626,4,Calle del Condado,Rural,Colector Mayor,State Highway Agency,0,Sin jurisdiccion especial,31,36.90119722,-79.58038889,Arbol,El primer evento no fue una colision con un vehiculo automotor en transporte,Not an Intersection,No fue interseccion,Sobre el lado de la calle,Ninguna,Oscuro sin iluminacion,No reportado,No,NO APLICA,99,98,99,98,1,21/10/2022,1
51,Virginia,510721,0,0,1,0,69,FREDERICK (69),0,NO APLICA,10,Octubre,22,2022,10,50,CR-600,4,Calle del Condado,Rural,Colector Mayor,State Highway Agency,0,Sin jurisdiccion especial,100,39.13749722,-78.38983889,Barda,El primer evento no fue una colision con un vehiculo automotor en transporte,Not an Intersection,No fue interseccion,Sobre el lado de la calle,Ninguna,Dia total,No reportado,No,NO APLICA,99,99,99,99,2,22/10/2022,3
51,Virginia,510722,0,0,2,0,67,FRANKLIN (67),0,NO APLICA,10,Octubre,22,2022,18,54,SR-40,3,Highway estatal,Rural,Arteria Menor,State Highway Agency,0,Sin jurisdiccion especial,368,37.01861667,-79.81794722,Vehiculo en movimiento,Angulo,T-Intersection,Interseccion de T,Sobre calle,Ninguna,Atardecer,No reportado,No,NO APLICA,99,98,99,98,1,22/10/2022,2
51,Virginia,510723,0,0,1,0,3,ALBEMARLE (3),0,NO APLICA,10,Octubre,23,2022,8,53,I-64,1,Interestatal,Rural,Interestatal,State Highway Agency,1,Sin jurisdiccion especial,1169,38.02186111,-78.55932778,Zanja,El primer evento no fue una colision con un vehiculo automotor en transporte,Not an Intersection,No fue interseccion,En el medio,Ninguna,Dia total,No reportado,No,NO APLICA,99,99,99,99,1,23/10/2022,2
51,Virginia,510724,0,0,1,0,133,NORTHUMBERLAND (133),0,NO APLICA,10,Octubre,25,2022,11,0,CR-646,4,Calle del Condado,Rural,Local,State Highway Agency,0,Sin jurisdiccion especial,8,37.90576389,-76.34734167,Acotamiento,El primer evento no fue una colision con un vehiculo automotor en transporte,Not an Intersection,No fue interseccion,Sobre el lado de la calle,Ninguna,Dia total,lluvia,No,NO APLICA,99,98,99,98,1,25/10/2022,1
51,Virginia,510725,0,0,1,0,107,LOUDOUN (107),0,NO APLICA,10,Octubre,26,2022,21,44,CR-2150,4,Calle del Condado,Urbano,Arteria Menor,State Highway Agency,0,Sin jurisdiccion especial,34,39.03735833,-77.47108333,Poste,El primer evento no fue una colision con un vehiculo automotor en transporte,Four-Way Intersection,Interseccion de 4 direcciones,En el medio,Ninguna,Oscuro con iluminacion,No reportado,No,NO APLICA,99,99,99,99,1,26/10/2022,1
51,Virginia,510726,0,0,3,0,59,FAIRFAX (59),0,NO APLICA,10,Octubre,25,2022,18,19,CR-608 WEST OX RD,4,Calle del Condado,Urbano,Arteria Menor,State Highway Agency,0,Sin jurisdiccion especial,21,38.87401944,-77.36738889,Vehiculo en movimiento,Frente a frente,Four-Way Intersection,Interseccion de 4 direcciones,Sobre calle,Ninguna,Atardecer,No reportado,No,NO APLICA,99,99,99,99,1,25/10/2022,5
51,Virginia,510727,1,1,1,0,760,RICHMOND (CITY) (760),2060,RICHMOND,10,Octubre,26,2022,18,44,US-1,2,US Highway,Urbano,Arteria Principal,City or Municipal Highway Agency,1,Sin jurisdiccion especial,950,37.5692,-77.44479167,Peaton,El primer evento no fue una colision con un vehiculo automotor en transporte,Not an Intersection,No fue interseccion,Sobre calle,Ninguna,Oscuro con iluminacion,No reportado,No,NO APLICA,99,99,99,99,1,26/10/2022,1
51,Virginia,510728,0,0,2,0,810,VIRGINIA BEACH (CITY) (810),2540,VIRGINIA BEACH,10,Octubre,1,2022,20,50,I-264,1,Interestatal,Urbano,Interestatal,State Highway Agency,1,Sin jurisdiccion especial,192,36.83893056,-76.08941111,Vehiculo en movimiento,Frente a Detrás,Not an Intersection,No fue interseccion,Sobre calle,Ninguna,Oscuro con iluminacion,No reportado,No,NO APLICA,99,98,99,98,1,01/10/2022,2
51,Virginia,510729,0,0,2,0,41,CHESTERFIELD (41),0,NO APLICA,10,Octubre,5,2022,6,43,CR-653,4,Calle del Condado,Urbano,Arteria Principal,State Highway Agency,1,Sin jurisdiccion especial,137,37.47040833,-77.59519722,Vehiculo en movimiento,Angulo,Four-Way Intersection,Interseccion de 4 direcciones,Sobre calle,Ninguna,Oscuro sin iluminacion,lluvia,No,NO APLICA,99,98,99,98,1,05/10/2022,2
51,Virginia,510730,0,0,1,0,59,FAIRFAX (59),2480,TYSONS CORNER,10,Octubre,6,2022,4,0,SR-7/LEESBURG PK,3,Highway estatal,Urbano,Arteria Principal,State Highway Agency,0,Sin jurisdiccion especial,597,38.91923889,-77.23218056,Poste,El primer evento no fue una colision con un vehiculo automotor en transporte,Not an Intersection,No fue interseccion,Sobre el lado de la calle,Ninguna,Oscuro con iluminacion,No reportado,No,NO APLICA,99,98,99,98,2,06/10/2022,2
51,Virginia,510731,0,0,2,0,3,ALBEMARLE (3),0,NO APLICA,10,Octubre,2,2022,15,32,US-29 BYPASS,2,US Highway,Urbano,Arterial Principal -Freeway o ExpressWay,State Highway Agency,1,Sin jurisdiccion especial,2,38.04812778,-78.52465556,Vehiculo en movimiento,Angulo,Not an Intersection,No fue interseccion,Sobre calle,Ninguna,Dia total,lluvia,No,NO APLICA,99,99,99,99,1,02/10/2022,2
51,Virginia,510732,1,1,1,0,59,FAIRFAX (59),76,ANNANDALE,10,Octubre,2,2022,19,55,CR-650 ANNANDALE RD,4,Calle del Condado,Urbano,Arteria Menor,State Highway Agency,0,Sin jurisdiccion especial,1,38.83280278,-77.19689167,Peaton,El primer evento no fue una colision con un vehiculo automotor en transporte,Not an Intersection,No fue interseccion,Sobre calle,Ninguna,Oscuro con iluminacion,lluvia,No,NO APLICA,99,99,99,99,1,02/10/2022,1
51,Virginia,510733,0,0,1,0,121,MONTGOMERY (121),0,NO APLICA,10,Octubre,7,2022,18,30,I-81,1,Interestatal,Rural,Interestatal,State Highway Agency,1,Sin jurisdiccion especial,1305,37.24384722,-80.21089722,Valla Ferrocarril,El primer evento no fue una colision con un vehiculo automotor en transporte,Not an Intersection,No fue interseccion,En el medio,Ninguna,Atardecer,No reportado,No,NO APLICA,99,98,99,98,1,07/10/2022,1
51,Virginia,510734,0,0,2,0,810,VIRGINIA BEACH (CITY) (810),2540,VIRGINIA BEACH,10,Octubre,5,2022,15,49,SR-279/GREAT NECK RD,3,Highway estatal,Urbano,Arteria Principal,City or Municipal Highway Agency,1,Sin jurisdiccion especial,4,36.84787222,-76.048075,Vehiculo en movimiento,Angulo,Four-Way Intersection,Interseccion de 4 direcciones,Sobre calle,Ninguna,Dia total,No reportado,No,NO APLICA,99,99,99,99,1,05/10/2022,2
51,Virginia,510735,0,0,1,0,87,HENRICO (87),0,NO APLICA,10,Octubre,7,2022,1,39,I-295,1,Interestatal,Rural,Interestatal,State Highway Agency,1,Sin jurisdiccion especial,25,37.47466111,-77.30539444,Valla Ferrocarril,El primer evento no fue una colision con un vehiculo automotor en transporte,Not an Intersection,No fue interseccion,Sobre el lado de la calle,Ninguna,Oscuro sin iluminacion,No reportado,No,NO APLICA,99,98,99,98,1,07/10/2022,1
51,Virginia,510736,1,1,1,0,13,ARLINGTON (13),100,ARLINGTON,10,Octubre,8,2022,9,0,CR-6771,4,Calle del Condado,Urbano,Arteria Principal,County Highway Agency,1,Sin jurisdiccion especial,3,38.90181111,-77.14905,Peaton,El primer evento no fue una colision con un vehiculo automotor en transporte,Four-Way Intersection,Interseccion de 4 direcciones,Sobre calle,Ninguna,Dia total,No reportado,No,NO APLICA,99,99,99,99,1,08/10/2022,1
51,Virginia,510737,0,0,1,0,91,HIGHLAND (91),0,NO APLICA,10,Octubre,9,2022,2,31,US-250,2,US Highway,Rural,Arteria Principal,State Highway Agency,1,Sin jurisdiccion especial,280,38.32517778,-79.43218333,Volcadura,El primer evento no fue una colision con un vehiculo automotor en transporte,Not an Intersection,No fue interseccion,Sobre el lado de la calle,Ninguna,Oscuro sin iluminacion,No reportado,No,NO APLICA,99,99,99,99,1,09/10/2022,1
51,Virginia,510738,0,0,2,0,550,CHESAPEAKE(CITY) (550),468,CHESAPEAKE,10,Octubre,9,2022,0,22,OLD WOODLAND RD,9,Desconocido,Not Reported,No reportado,Unknown,9,Sin jurisdiccion especial,0,36.80864167,-76.43128333,Vehiculo en movimiento,Frente a frente,Not an Intersection,No fue interseccion,Sobre calle,Ninguna,Oscuro con iluminacion,No reportado,No,NO APLICA,99,98,99,98,1,09/10/2022,1
51,Virginia,510739,0,0,2,0,93,ISLE OF WIGHT (93),0,NO APLICA,10,Octubre,10,2022,15,14,US-258,2,US Highway,Rural,Arteria Principal,State Highway Agency,1,Sin jurisdiccion especial,511,36.94283889,-76.54944444,Vehiculo en movimiento,Frente a Detrás,Not an Intersection,No fue interseccion,Sobre calle,Ninguna,Dia total,No reportado,No,NO APLICA,99,98,99,98,1,10/10/2022,2
51,Virginia,510740,1,1,1,0,59,FAIRFAX (59),0,NO APLICA,10,Octubre,6,2022,6,49,US-1,2,US Highway,Urbano,Arteria Principal,State Highway Agency,1,Sin jurisdiccion especial,1826,38.7087,-77.15901111,Peaton,El primer evento no fue una colision con un vehiculo automotor en transporte,Four-Way Intersection,Interseccion de 4 direcciones,Sobre calle,Ninguna,Oscuro con iluminacion,No reportado,No,NO APLICA,99,98,99,98,1,06/10/2022,1
51,Virginia,510741,0,0,2,0,550,CHESAPEAKE(CITY) (550),468,CHESAPEAKE,10,Octubre,10,2022,22,27,I-64,1,Interestatal,Urbano,Interestatal,State Highway Agency,1,Sin jurisdiccion especial,2919,36.76549444,-76.26459722,Alguien se cayo/avento del vehiculo,El primer evento no fue una colision con un vehiculo automotor en transporte,Not an Intersection,No fue interseccion,Sobre calle,"Zona de trabajo, tipo desconocido",Oscuro sin iluminacion,No reportado,No,NO APLICA,99,98,99,98,1,10/10/2022,2
51,Virginia,510742,1,3,2,1,59,FAIRFAX (59),2305,SPRINGFIELD,10,Octubre,11,2022,15,12,I-95,1,Interestatal,Urbano,Interestatal,State Highway Agency,1,Sin jurisdiccion especial,1701,38.77761389,-77.18146389,Peaton,El primer evento no fue una colision con un vehiculo automotor en transporte,Not an Intersection,No fue interseccion,Sobre Acotamiento,Ninguna,Dia total,No reportado,No,NO APLICA,99,99,99,99,1,11/10/2022,1
51,Virginia,510743,0,0,1,0,143,PITTSYLVANIA (143),0,NO APLICA,10,Octubre,11,2022,18,0,CR-622,4,Calle del Condado,Rural,Colector Mayor,State Highway Agency,1,Sin jurisdiccion especial,55,36.59389722,-79.63858056,Poste,El primer evento no fue una colision con un vehiculo automotor en transporte,Not an Intersection,No fue interseccion,Sobre el lado de la calle,Ninguna,Dia total,No reportado,No,NO APLICA,99,99,99,99,1,11/10/2022,2
51,Virginia,510744,0,0,2,0,149,PRINCE GEORGE (149),0,NO APLICA,10,Octubre,13,2022,10,41,CR-629,4,Calle del Condado,Rural,Colector Mayor,State Highway Agency,0,Sin jurisdiccion especial,51,37.18560833,-77.30078611,Vehiculo en movimiento,Angulo,Four-Way Intersection,Interseccion de 4 direcciones,Sobre calle,Ninguna,Dia total,lluvia,No,NO APLICA,99,99,99,99,1,13/10/2022,4
51,Virginia,510745,0,0,1,0,770,ROANOKE (CITY) (770),2100,ROANOKE,10,Octubre,13,2022,8,16,SR-118,3,Highway estatal,Urbano,Arteria Menor,City or Municipal Highway Agency,0,Sin jurisdiccion especial,0,37.31801944,-79.95571667,Banqueta,El primer evento no fue una colision con un vehiculo automotor en transporte,T-Intersection,Interseccion de T,Sobre el lado de la calle,Ninguna,Dia total,No reportado,No,NO APLICA,99,98,99,98,2,13/10/2022,2
51,Virginia,510746,0,0,1,0,161,ROANOKE (161),0,NO APLICA,10,Octubre,14,2022,22,46,I-81,1,Interestatal,Urbano,Interestatal,State Highway Agency,1,Sin jurisdiccion especial,1344,37.27014722,-80.14376389,Volcadura,El primer evento no fue una colision con un vehiculo automotor en transporte,Not an Intersection,No fue interseccion,Sobre calle,Ninguna,Oscuro sin iluminacion,No reportado,No,NO APLICA,99,99,99,99,1,14/10/2022,3
51,Virginia,510747,0,0,2,0,760,RICHMOND (CITY) (760),2060,RICHMOND,10,Octubre,16,2022,16,20,WELLINGTON ST,6,Calle Local Municipalidad,Urbano,Local,City or Municipal Highway Agency,0,Sin jurisdiccion especial,2,37.57583611,-77.42413889,Vehiculo en movimiento,Angulo,Four-Way Intersection,Interseccion de 4 direcciones,Sobre calle,Ninguna,Dia total,No reportado,No,NO APLICA,99,99,99,99,1,16/10/2022,2
51,Virginia,510748,0,0,2,0,510,ALEXANDRIA (CITY) (510),40,ALEXANDRIA,10,Octubre,17,2022,20,0,BRADDOCK RD,6,Calle Local Municipalidad,Urbano,Arteria Menor,City or Municipal Highway Agency,0,Sin jurisdiccion especial,27,38.82086111,-77.07035833,Vehiculo en movimiento,Angulo,T-Intersection,Interseccion de T,Sobre calle,"Zona de trabajo, tipo desconocido",Oscuro con iluminacion,No reportado,No,NO APLICA,99,99,99,99,1,17/10/2022,2
51,Virginia,510749,0,0,2,0,165,ROCKINGHAM (165),0,NO APLICA,10,Octubre,11,2022,15,0,SR-42/HARPINE HWY,3,Highway estatal,Rural,Arteria Principal,State Highway Agency,1,Sin jurisdiccion especial,2334,38.52565,-78.86128611,Vehiculo en movimiento,Angulo,T-Intersection,Interseccion de T,Sobre calle,Ninguna,Dia total,No reportado,No,NO APLICA,99,99,99,99,1,11/10/2022,2
51,Virginia,510750,0,0,1,0,680,LYNCHBURG (CITY) (680),1490,LYNCHBURG,10,Octubre,15,2022,10,56,OLD GRAVES MILL RD,6,Calle Local Municipalidad,Urbano,Colector Mayor,City or Municipal Highway Agency,0,Sin jurisdiccion especial,6,37.36184444,-79.22940278,Poste o otros soportes,El primer evento no fue una colision con un vehiculo automotor en transporte,Not an Intersection,No fue interseccion,Sobre el lado de la calle,Ninguna,Dia total,No reportado,No,NO APLICA,99,99,99,99,1,15/10/2022,1
51,Virginia,510751,0,0,3,0,59,FAIRFAX (59),0,NO APLICA,10,Octubre,12,2022,21,40,SR-267/TRAP RD,3,Highway estatal,Urbano,Arterial Principal -Freeway o ExpressWay,Other Federal Agency,1,Sin jurisdiccion especial,232,38.93615556,-77.26659444,Vehiculo en movimiento,Frente a Detrás,Not an Intersection,No fue interseccion,Sobre calle,Ninguna,Oscuro sin iluminacion,No reportado,No,NO APLICA,99,99,99,99,2,12/10/2022,4
51,Virginia,510752,1,1,1,0,59,FAIRFAX (59),1457,LORTON,10,Octubre,18,2022,16,58,CR-605,4,Calle del Condado,Urbano,Colector Mayor,State Highway Agency,0,Sin jurisdiccion especial,1,38.70715,-77.21166944,Peaton,El primer evento no fue una colision con un vehiculo automotor en transporte,Not an Intersection,No fue interseccion,Sobre calle,Ninguna,Dia total,No reportado,No,NO APLICA,99,99,99,99,1,18/10/2022,1
51,Virginia,510753,0,0,1,0,23,BOTETOURT (23),0,NO APLICA,10,Octubre,26,2022,2,2,I-81,1,Interestatal,Rural,Interestatal,State Highway Agency,1,Sin jurisdiccion especial,1590,37.47139444,-79.80612778,Barrera de Trafico de Concreto,El primer evento no fue una colision con un vehiculo automotor en transporte,Not an Intersection,No fue interseccion,Sobre el lado de la calle,Ninguna,Dia total,No reportado,No,NO APLICA,99,99,99,99,1,26/10/2022,3
51,Virginia,510754,1,1,2,0,59,FAIRFAX (59),119,BAILEYS CROSSROADS,10,Octubre,26,2022,21,58,SR-7 LEESBURG PIKE,3,Highway estatal,Urbano,Arteria Principal,State Highway Agency,0,Sin jurisdiccion especial,673,38.84869444,-77.12521667,Peaton,El primer evento no fue una colision con un vehiculo automotor en transporte,Not an Intersection,No fue interseccion,Sobre calle,Ninguna,Oscuro con iluminacion,No reportado,No,NO APLICA,99,98,99,98,1,26/10/2022,3
51,Virginia,510755,0,0,1,0,83,HALIFAX (83),0,NO APLICA,10,Octubre,29,2022,0,0,US-360,2,US Highway,Rural,Arteria Principal,State Highway Agency,1,Sin jurisdiccion especial,397,36.78831944,-78.801575,Zanja,El primer evento no fue una colision con un vehiculo automotor en transporte,Not an Intersection,No fue interseccion,En el medio,Ninguna,Oscuro sin iluminacion,No reportado,No,NO APLICA,99,99,99,99,2,29/10/2022,2
51,Virginia,510756,0,0,2,0,175,SOUTHAMPTON (175),0,NO APLICA,10,Octubre,29,2022,13,37,CR-671,4,Calle del Condado,Rural,Colector Mayor,State Highway Agency,0,Sin jurisdiccion especial,19,36.60556389,-77.16587222,Vehiculo en movimiento,Frente a frente,Not an Intersection,No fue interseccion,Sobre calle,Ninguna,Dia total,No reportado,No,NO APLICA,99,99,99,99,1,29/10/2022,2
51,Virginia,510757,0,0,1,0,169,SCOTT (169),0,NO APLICA,10,Octubre,28,2022,17,15,CR-713,4,Calle del Condado,Rural,Colector Menor,State Highway Agency,0,Sin jurisdiccion especial,39,36.59398889,-82.67025833,Piedrotototota,El primer evento no fue una colision con un vehiculo automotor en transporte,Not an Intersection,No fue interseccion,Sobre el lado de la calle,Ninguna,Dia total,No reportado,No,NO APLICA,99,99,99,99,1,28/10/2022,2
51,Virginia,510758,1,1,1,0,87,HENRICO (87),0,NO APLICA,10,Octubre,29,2022,22,40,CR-7555,4,Calle del Condado,Urbano,Arteria Principal,County Highway Agency,0,Sin jurisdiccion especial,116,37.58561667,-77.42366667,Peaton,El primer evento no fue una colision con un vehiculo automotor en transporte,"Five Point, or More",5 Puntos o mas,Sobre calle,Ninguna,Oscuro con iluminacion,No reportado,No,NO APLICA,99,99,99,99,1,29/10/2022,1