Estado,Nombre de Estado,Numero de Caso,Peatones,Personas _no_vehiculos,Vehiculos automotores,Vehiculos estacionados,Condado,Nombre Condado,Ciudad,Nombre Ciudad,Mes,Nombre Mes,Dia,Año,Hora,Minuto,Calle,Ruta,Nombre Ruta,Rural o Urbanoo,Sistema Funcional,Dueño Calle,Sistema Nacional Carreteras,Jurisdiccion Especial,Milla,Latitud,Longitud,Causa del Accidente,Tipo de Accidente,Tipo Interseccion,Columna1,Lugar en la calle,Zona de Trabajo,Luz,Clima,Autobus Escolar,Cruce de Trenes,Hora Notificacion,Minuto Notificacion,Hora Llegada,Minuto Llegada,Decesos,Fecha,PersonaVehiculo
51,Virginia,510759,0,0,2,0,101,KING WILLIAM (101),0,NO APLICA,10,Octubre,29,2022,19,15,CR-615,4,Calle del Condado,Rural,Colector Mayor,State Highway Agency,0,Sin jurisdiccion especial,6,37.72274722,-77.28489722,Vehiculo en movimiento,Angulo,Not an Intersection,No fue interseccion,Sobre calle,Ninguna,Oscuro sin iluminacion,No reportado,No,NO APLICA,99,99,99,99,2,29/10/2022,3
51,Virginia,510760,0,0,1,0,185,TAZEWELL (185),0,NO APLICA,10,Octubre,15,2022,14,58,CR-696,4,Calle del Condado,Rural,Colector Mayor,State Highway Agency,0,Sin jurisdiccion especial,8,37.27431667,-81.35956111,Volcadura,El primer evento no fue una colision con un vehiculo automotor en transporte,Not an Intersection,No fue interseccion,Sobre Acotamiento,Ninguna,Dia total,No reportado,No,NO APLICA,99,99,99,99,1,15/10/2022,1
51,Virginia,510761,0,0,2,0,810,VIRGINIA BEACH (CITY) (810),2540,VIRGINIA BEACH,10,Octubre,16,2022,16,30,OCEANA BLVD,6,Calle Local Municipalidad,Urbano,Arteria Principal,City or Municipal Highway Agency,1,Sin jurisdiccion especial,2,36.79487778,-75.99896667,Vehiculo en movimiento,Angulo,Not an Intersection,No fue interseccion,Sobre calle,Ninguna,Dia total,No reportado,No,NO APLICA,99,99,99,99,1,16/10/2022,2
51,Virginia,510762,0,0,2,0,3,ALBEMARLE (3),1765,NORTH GARDEN,10,Octubre,31,2022,14,5,US-29,2,US Highway,Rural,Arteria Principal,State Highway Agency,1,Sin jurisdiccion especial,1273,37.96699722,-78.64430556,Vehiculo en movimiento,Angulo,Not an Intersection,No fue interseccion,Sobre calle,Ninguna,Dia total,lluvia,No,NO APLICA,99,99,99,99,1,31/10/2022,4
51,Virginia,510763,0,0,2,0,117,MECKLENBURG (117),0,NO APLICA,10,Octubre,7,2022,15,34,US-58,2,US Highway,Urbano,Arteria Principal,State Highway Agency,1,Sin jurisdiccion especial,3808,36.70317778,-78.05512778,Vehiculo en movimiento,Frente a Detrás,Not an Intersection,No fue interseccion,Sobre calle,Ninguna,Dia total,No reportado,No,NO APLICA,99,99,99,99,1,07/10/2022,3
51,Virginia,510764,1,1,1,0,760,RICHMOND (CITY) (760),2060,RICHMOND,10,Octubre,29,2022,22,22,ORCUTT LN,6,Calle Local Municipalidad,Urbano,Colector Mayor,City or Municipal Highway Agency,0,Sin jurisdiccion especial,11,37.47816389,-77.48205833,Peaton,El primer evento no fue una colision con un vehiculo automotor en transporte,Not an Intersection,No fue interseccion,Sobre calle,Ninguna,Oscuro con iluminacion,No reportado,No,NO APLICA,99,99,99,99,1,29/10/2022,1
51,Virginia,510765,0,0,1,0,25,BRUNSWICK (25),0,NO APLICA,10,Octubre,30,2022,2,36,I-85,1,Interestatal,Rural,Interestatal,State Highway Agency,1,Sin jurisdiccion especial,232,36.81078889,-77.97645556,Valla Ferrocarril,El primer evento no fue una colision con un vehiculo automotor en transporte,Not an Intersection,No fue interseccion,En el medio,Ninguna,Oscuro sin iluminacion,No reportado,No,NO APLICA,99,98,99,98,1,30/10/2022,1
51,Virginia,510766,0,0,1,0,550,CHESAPEAKE(CITY) (550),468,CHESAPEAKE,10,Octubre,1,2022,1,0,US-17,2,US Highway,Rural,Arteria Principal,City or Municipal Highway Agency,1,Sin jurisdiccion especial,7,36.69339167,-76.35796667,Arbol,El primer evento no fue una colision con un vehiculo automotor en transporte,Not an Intersection,No fue interseccion,Sobre el lado de la calle,Ninguna,Oscuro con iluminacion,lluvia,No,NO APLICA,99,98,99,98,1,01/10/2022,1
51,Virginia,510767,0,0,2,0,550,CHESAPEAKE(CITY) (550),468,CHESAPEAKE,10,Octubre,9,2022,19,23,FEMTRESS AIRFIELD RD,6,Calle Local Municipalidad,Rural,Local,Unknown,0,Sin jurisdiccion especial,35,36.67813889,-76.14507778,Vehiculo en movimiento,Frente a frente,Not an Intersection,No fue interseccion,Sobre calle,Ninguna,Oscuro sin iluminacion,No reportado,No,NO APLICA,99,99,99,99,1,09/10/2022,3
51,Virginia,510768,0,0,3,2,760,RICHMOND (CITY) (760),2060,RICHMOND,10,Octubre,13,2022,16,25,BURFORD AVE,6,Calle Local Municipalidad,Urbano,Local,Unknown,0,Sin jurisdiccion especial,0,37.46723056,-77.44057222,Barda,El primer evento no fue una colision con un vehiculo automotor en transporte,Not an Intersection,No fue interseccion,Sobre el lado de la calle,Ninguna,Dia total,No reportado,No,NO APLICA,99,99,99,99,1,13/10/2022,1
51,Virginia,510769,0,0,1,0,135,NOTTOWAY (135),0,NO APLICA,10,Octubre,16,2022,6,30,CR-606,4,Calle del Condado,Rural,Local,State Highway Agency,0,Sin jurisdiccion especial,41,37.16188333,-77.98731389,Volcadura,El primer evento no fue una colision con un vehiculo automotor en transporte,Not an Intersection,No fue interseccion,Sobre el lado de la calle,Ninguna,Oscuro sin iluminacion,No reportado,No,NO APLICA,99,98,99,98,1,16/10/2022,1
51,Virginia,510770,0,0,1,0,41,CHESTERFIELD (41),0,NO APLICA,10,Octubre,22,2022,1,37,US-60,2,US Highway,Urbano,Arteria Principal,State Highway Agency,1,Sin jurisdiccion especial,0,37.49538889,-77.56337222,Valla Ferrocarril,El primer evento no fue una colision con un vehiculo automotor en transporte,Not an Intersection,No fue interseccion,Sobre el lado de la calle,Ninguna,Oscuro con iluminacion,No reportado,No,NO APLICA,99,99,99,99,1,22/10/2022,1
51,Virginia,510771,0,0,1,0,117,MECKLENBURG (117),0,NO APLICA,10,Octubre,26,2022,13,28,SR-47/HWY 47,3,Highway estatal,Rural,Arteria Menor,State Highway Agency,0,Sin jurisdiccion especial,42,36.76781944,-78.18181667,Valla Ferrocarril,El primer evento no fue una colision con un vehiculo automotor en transporte,Not an Intersection,No fue interseccion,Sobre el lado de la calle,Ninguna,Dia total,No reportado,No,NO APLICA,99,98,99,98,1,26/10/2022,1
51,Virginia,510772,0,0,2,0,165,ROCKINGHAM (165),0,NO APLICA,10,Octubre,1,2022,13,25,US-33,2,US Highway,Urbano,Arteria Principal,State Highway Agency,1,Sin jurisdiccion especial,276,38.39280833,-78.81046111,Vehiculo en movimiento,Angulo,Four-Way Intersection,Interseccion de 4 direcciones,Sobre calle,Ninguna,Dia total,lluvia,No,NO APLICA,99,99,99,99,1,01/10/2022,2
51,Virginia,510773,0,0,2,0,177,SPOTSYLVANIA (177),0,NO APLICA,10,Octubre,2,2022,23,40,I-95,1,Interestatal,Urbano,Interestatal,State Highway Agency,1,Sin jurisdiccion especial,1223,38.18427778,-77.50139722,Valla Ferrocarril,El primer evento no fue una colision con un vehiculo automotor en transporte,Not an Intersection,No fue interseccion,Sobre el lado de la calle,Ninguna,Oscuro sin iluminacion,lluvia,No,NO APLICA,99,98,99,98,1,02/10/2022,2
51,Virginia,510774,0,0,2,0,71,GILES (71),1880,PEARISBURG,10,Octubre,5,2022,2,8,US-460,2,US Highway,Urbano,Arteria Principal,State Highway Agency,1,Sin jurisdiccion especial,917,37.33511667,-80.75123333,Vehiculo en movimiento,Angulo,Four-Way Intersection,Interseccion de 4 direcciones,Sobre calle,Ninguna,Oscuro sin iluminacion,No reportado,No,NO APLICA,99,99,99,99,1,05/10/2022,2
51,Virginia,510775,0,0,3,0,125,NELSON (125),0,NO APLICA,10,Octubre,6,2022,10,10,SR-151/ROCKFISH VALLEY HWY,3,Highway estatal,Rural,Arteria Menor,State Highway Agency,0,Sin jurisdiccion especial,264,37.91760556,-78.84015,Vehiculo en movimiento,Angulo,T-Intersection,Interseccion de T,Sobre calle,Ninguna,Dia total,No reportado,No,NO APLICA,99,98,99,98,1,06/10/2022,4
51,Virginia,510776,0,0,2,0,95,JAMES CITY (95),0,NO APLICA,10,Octubre,6,2022,6,49,CR-649,4,Calle del Condado,Urbano,Local,State Highway Agency,0,Sin jurisdiccion especial,7,37.37659444,-76.79433333,Vehiculo en movimiento,Angulo,Four-Way Intersection,Interseccion de 4 direcciones,Sobre calle,Ninguna,Amanecer,No reportado,No,NO APLICA,99,99,99,99,1,06/10/2022,2
51,Virginia,510777,1,1,1,0,101,KING WILLIAM (101),0,NO APLICA,10,Octubre,6,2022,8,4,SR-30/KING WILLIAM RD,3,Highway estatal,Rural,Arteria Menor,State Highway Agency,0,Sin jurisdiccion especial,248,37.71721667,-77.07219167,Peaton,El primer evento no fue una colision con un vehiculo automotor en transporte,Four-Way Intersection,Interseccion de 4 direcciones,Sobre calle,Ninguna,Dia total,No reportado,No,NO APLICA,99,98,99,98,1,06/10/2022,2
51,Virginia,510778,1,1,2,1,770,ROANOKE (CITY) (770),2100,ROANOKE,10,Octubre,3,2022,12,3,FRANKLIN RD SW,9,Desconocido,Trafficway Not in State Inventory,Via no en inventario estatal,Trafficway Not in State Inventory,9,Sin jurisdiccion especial,99999,37.25078889,-79.95546667,Peaton,El primer evento no fue una colision con un vehiculo automotor en transporte,Not an Intersection,No fue interseccion,Sobre calle,Ninguna,Dia total,No reportado,No,NO APLICA,99,99,99,99,1,03/10/2022,1
51,Virginia,510779,1,1,1,0,87,HENRICO (87),0,NO APLICA,10,Octubre,7,2022,6,48,SR-33/NINE MILE RD,3,Highway estatal,Urbano,Arteria Principal,State Highway Agency,1,Sin jurisdiccion especial,93,37.52622778,-77.307575,Peaton,El primer evento no fue una colision con un vehiculo automotor en transporte,Not an Intersection,No fue interseccion,Sobre calle,Ninguna,Oscuro sin iluminacion,No reportado,No,NO APLICA,99,98,99,98,1,07/10/2022,1
51,Virginia,510780,1,1,2,0,93,ISLE OF WIGHT (93),0,NO APLICA,10,Octubre,6,2022,20,2,US-17,2,US Highway,Rural,Arteria Principal,State Highway Agency,1,Sin jurisdiccion especial,473,88.8888,888.8888,Vehiculo en movimiento,Angulo,Not an Intersection,No fue interseccion,Sobre calle,Ninguna,Oscuro con iluminacion,No reportado,No,NO APLICA,99,99,99,99,1,06/10/2022,2
51,Virginia,510781,1,1,1,0,95,JAMES CITY (95),0,NO APLICA,10,Octubre,7,2022,20,51,US-60,2,US Highway,Urbano,Arteria Principal,State Highway Agency,1,Sin jurisdiccion especial,2283,37.40158611,-76.80838333,Ciclista,El primer evento no fue una colision con un vehiculo automotor en transporte,Four-Way Intersection,Interseccion de 4 direcciones,Sobre calle,Ninguna,Oscuro con iluminacion,No reportado,No,NO APLICA,99,98,99,98,1,07/10/2022,4
51,Virginia,510782,0,0,2,0,760,RICHMOND (CITY) (760),2060,RICHMOND,10,Octubre,8,2022,20,53,HOPKINS RD,6,Calle Local Municipalidad,Urbano,Local,City or Municipal Highway Agency,0,Sin jurisdiccion especial,19,37.487925,-77.46526111,Vehiculo en movimiento,Frente a frente,Not an Intersection,No fue interseccion,Sobre calle,Ninguna,Oscuro con iluminacion,No reportado,No,NO APLICA,99,99,99,99,1,08/10/2022,2
51,Virginia,510783,0,0,1,0,19,BEDFORD (19),0,NO APLICA,10,Octubre,9,2022,2,0,SR-122/BIG ISLAND HWY,3,Highway estatal,Rural,Arteria Principal,State Highway Agency,1,Sin jurisdiccion especial,409,37.39444722,-79.50499167,Acotamiento,El primer evento no fue una colision con un vehiculo automotor en transporte,Not an Intersection,No fue interseccion,Sobre el lado de la calle,Ninguna,Oscuro sin iluminacion,No reportado,No,NO APLICA,99,99,99,99,1,09/10/2022,1
51,Virginia,510784,0,0,2,0,73,GLOUCESTER (73),0,NO APLICA,10,Octubre,9,2022,13,10,US-17,2,US Highway,Rural,Arteria Principal,State Highway Agency,0,Sin jurisdiccion especial,881,37.477975,-76.61617222,Vehiculo en movimiento,Angulo,Four-Way Intersection,Interseccion de 4 direcciones,Sobre calle,Ninguna,Dia total,No reportado,No,NO APLICA,99,99,99,99,1,09/10/2022,2
51,Virginia,510785,0,0,1,0,161,ROANOKE (161),0,NO APLICA,10,Octubre,10,2022,1,16,CR-609,4,Calle del Condado,Urbano,Local,State Highway Agency,0,Sin jurisdiccion especial,7,37.32006667,-79.88763611,Acotamiento,El primer evento no fue una colision con un vehiculo automotor en transporte,Not an Intersection,No fue interseccion,Sobre el lado de la calle,Ninguna,Oscuro sin iluminacion,No reportado,No,NO APLICA,99,99,99,99,1,10/10/2022,4
51,Virginia,510786,1,1,1,0,153,PRINCE WILLIAM (153),0,NO APLICA,10,Octubre,5,2022,21,3,CR-1566,4,Calle del Condado,Urbano,Arteria Principal,State Highway Agency,1,Sin jurisdiccion especial,95,38.77533333,-77.52773056,Peaton,El primer evento no fue una colision con un vehiculo automotor en transporte,Not an Intersection,No fue interseccion,Sobre calle,Ninguna,Oscuro sin iluminacion,No reportado,No,NO APLICA,99,99,99,99,1,05/10/2022,1
51,Virginia,510787,0,0,1,0,153,PRINCE WILLIAM (153),0,NO APLICA,10,Octubre,10,2022,21,51,CR-639,4,Calle del Condado,Urbano,Arteria Principal,State Highway Agency,1,Sin jurisdiccion especial,7,38.65923611,-77.26431944,Zanja,El primer evento no fue una colision con un vehiculo automotor en transporte,Not an Intersection,No fue interseccion,Sobre el lado de la calle,Ninguna,Oscuro con iluminacion,No reportado,No,NO APLICA,99,98,99,98,1,10/10/2022,1
51,Virginia,510788,1,1,1,0,59,FAIRFAX (59),0,NO APLICA,10,Octubre,9,2022,5,54,CR-608,4,Calle del Condado,Urbano,Arteria Menor,State Highway Agency,1,Sin jurisdiccion especial,15,38.86639444,-77.36594722,Peaton,El primer evento no fue una colision con un vehiculo automotor en transporte,Not an Intersection,No fue interseccion,Sobre calle,Ninguna,Oscuro con iluminacion,lluvia,No,NO APLICA,99,98,99,98,1,09/10/2022,1
51,Virginia,510789,0,0,1,0,41,CHESTERFIELD (41),0,NO APLICA,10,Octubre,12,2022,0,57,I-95,1,Interestatal,Urbano,Interestatal,State Highway Agency,1,Sin jurisdiccion especial,581,37.30874722,-77.39617778,Valla Ferrocarril,El primer evento no fue una colision con un vehiculo automotor en transporte,Not an Intersection,No fue interseccion,Sobre el lado de la calle,Ninguna,Oscuro sin iluminacion,No reportado,No,NO APLICA,99,98,99,98,1,12/10/2022,1
51,Virginia,510790,1,1,1,0,700,NEWPORT NEWS (CITY) (700),1720,NEWPORT NEWS,10,Octubre,13,2022,10,12,US-60,2,US Highway,Urbano,Arteria Principal,City or Municipal Highway Agency,1,Sin jurisdiccion especial,2526,37.16046944,-76.55702222,Peaton,El primer evento no fue una colision con un vehiculo automotor en transporte,Four-Way Intersection,Interseccion de 4 direcciones,Sobre calle,Ninguna,Dia total,lluvia,No,NO APLICA,99,98,99,98,1,13/10/2022,1
51,Virginia,510791,0,0,1,0,67,FRANKLIN (67),0,NO APLICA,10,Octubre,13,2022,7,30,US-220,2,US Highway,Rural,Arteria Principal,State Highway Agency,1,Sin jurisdiccion especial,358,36.94946111,-79.88179444,Volcadura,El primer evento no fue una colision con un vehiculo automotor en transporte,Not an Intersection,No fue interseccion,En el medio,Ninguna,Amanecer,No reportado,No,NO APLICA,99,99,99,99,1,13/10/2022,2
51,Virginia,510792,0,0,1,0,69,FREDERICK (69),0,NO APLICA,10,Octubre,15,2022,19,15,I-66 EXIT 300 RAMP,1,Interestatal,Rural,Arteria Principal,State Highway Agency,1,Sin jurisdiccion especial,1,39.01101944,-78.29810556,Volcadura,El primer evento no fue una colision con un vehiculo automotor en transporte,Not an Intersection,No fue interseccion,Sobre el lado de la calle,Ninguna,Oscuro sin iluminacion,No reportado,No,NO APLICA,99,98,99,98,1,15/10/2022,1
51,Virginia,510793,0,0,2,0,95,JAMES CITY (95),0,NO APLICA,10,Octubre,14,2022,13,14,SR-30/BARHAMSVILLE RD,3,Highway estatal,Urbano,Arteria Menor,State Highway Agency,0,Sin jurisdiccion especial,581,37.40602222,-76.80931389,Vehiculo en movimiento,Angulo,Four-Way Intersection,Interseccion de 4 direcciones,Sobre calle,Ninguna,Dia total,No reportado,No,NO APLICA,99,99,99,99,1,14/10/2022,3
51,Virginia,510794,0,0,1,0,149,PRINCE GEORGE (149),0,NO APLICA,10,Octubre,16,2022,19,1,SR-156/PRINCE GEORGE DR,3,Highway estatal,Rural,Arteria Principal,State Highway Agency,1,Sin jurisdiccion especial,83,37.17123056,-77.27266389,Arbol,El primer evento no fue una colision con un vehiculo automotor en transporte,Not an Intersection,No fue interseccion,Sobre el lado de la calle,Ninguna,Oscuro sin iluminacion,No reportado,No,NO APLICA,99,98,99,98,1,16/10/2022,1
51,Virginia,510795,2,2,1,0,41,CHESTERFIELD (41),0,NO APLICA,10,Octubre,16,2022,19,51,US-60,2,US Highway,Urbano,Arteria Principal,State Highway Agency,1,Sin jurisdiccion especial,1834,37.49823889,-77.54225,Peaton,El primer evento no fue una colision con un vehiculo automotor en transporte,Not an Intersection,No fue interseccion,Sobre calle,Ninguna,Oscuro sin iluminacion,No reportado,No,NO APLICA,99,99,99,99,1,16/10/2022,1
51,Virginia,510796,0,0,1,0,59,FAIRFAX (59),0,NO APLICA,10,Octubre,3,2022,8,15,CR-633,4,Calle del Condado,Urbano,Arteria Menor,State Highway Agency,0,Sin jurisdiccion especial,4,38.76934722,-77.11336944,Volcadura,El primer evento no fue una colision con un vehiculo automotor en transporte,Not an Intersection,No fue interseccion,Sobre calle,Ninguna,Dia total,No reportado,No,NO APLICA,99,99,99,99,1,03/10/2022,1
51,Virginia,510797,0,0,2,0,115,MATHEWS (115),0,NO APLICA,10,Octubre,18,2022,11,30,SR-198/BUCKLEY HALL RD,3,Highway estatal,Rural,Arteria Menor,State Highway Agency,1,Sin jurisdiccion especial,1419,37.49069167,-76.43361944,Vehiculo en movimiento,Frente a frente,Not an Intersection,No fue interseccion,Sobre calle,Ninguna,Dia total,No reportado,No,NO APLICA,99,99,99,99,2,18/10/2022,2
51,Virginia,510798,0,0,2,0,660,HARRISONBURG (CITY) (660),1190,HARRISONBURG,10,Octubre,18,2022,15,39,US-11,2,US Highway,Urbano,Arteria Menor,City or Municipal Highway Agency,0,Sin jurisdiccion especial,2600,38.41331111,-78.90077778,Vehiculo en movimiento,Frente a frente,Not an Intersection,No fue interseccion,Sobre calle,Ninguna,Dia total,No reportado,No,NO APLICA,99,98,99,98,1,18/10/2022,2
51,Virginia,510799,0,0,1,0,630,FREDERICKSBURG (CITY) (630),1020,FREDERICKSBURG,10,Octubre,24,2022,2,24,LEE DRIVE,8,Otro,Urbano,Local,National Park Service,0,Servicio de Parques Nacional,4,38.28175556,-77.47379722,Arbol,El primer evento no fue una colision con un vehiculo automotor en transporte,Not an Intersection,No fue interseccion,Sobre el lado de la calle,Ninguna,Oscuro sin iluminacion,No reportado,No,NO APLICA,99,99,99,99,2,24/10/2022,5
51,Virginia,510800,0,0,1,0,83,HALIFAX (83),0,NO APLICA,10,Octubre,25,2022,21,55,CR-634,4,Calle del Condado,Rural,Local,State Highway Agency,0,Sin jurisdiccion especial,6,36.98991944,-78.94481389,Volcadura,El primer evento no fue una colision con un vehiculo automotor en transporte,Not an Intersection,No fue interseccion,Sobre el lado de la calle,Ninguna,Oscuro sin iluminacion,No reportado,No,NO APLICA,99,98,99,98,1,25/10/2022,1
51,Virginia,510801,1,1,1,0,650,HAMPTON (CITY) (650),1180,HAMPTON,10,Octubre,27,2022,23,17,SR-351/PEMBROKE AVE,3,Highway estatal,Urbano,Arteria Menor,City or Municipal Highway Agency,0,Sin jurisdiccion especial,73,37.03624722,-76.31706389,Peaton,El primer evento no fue una colision con un vehiculo automotor en transporte,T-Intersection,Interseccion de T,Sobre calle,Ninguna,Oscuro con iluminacion,No reportado,No,NO APLICA,99,99,99,99,1,27/10/2022,1
51,Virginia,510802,0,0,2,0,31,CAMPBELL (31),0,NO APLICA,10,Octubre,28,2022,23,55,US-501,2,US Highway,Rural,Arteria Menor,State Highway Agency,0,Sin jurisdiccion especial,484,37.13620833,-79.03487222,Vehiculo en movimiento,Frente a frente,Not an Intersection,No fue interseccion,Sobre calle,Ninguna,Oscuro sin iluminacion,No reportado,No,NO APLICA,99,99,99,99,1,28/10/2022,3
51,Virginia,510803,1,1,1,0,153,PRINCE WILLIAM (153),810,DUMFRIES,10,Octubre,28,2022,21,44,SR-234/DUMFRIES RD,3,Highway estatal,Urbano,Arteria Principal,State Highway Agency,0,Sin jurisdiccion especial,4,38.579075,-77.32114722,Peaton,El primer evento no fue una colision con un vehiculo automotor en transporte,Not an Intersection,No fue interseccion,Sobre calle,Ninguna,Oscuro con iluminacion,No reportado,No,NO APLICA,99,99,99,99,1,28/10/2022,1
51,Virginia,510804,0,0,1,0,67,FRANKLIN (67),0,NO APLICA,10,Octubre,31,2022,19,48,US-220,2,US Highway,Rural,Arteria Principal,State Highway Agency,1,Sin jurisdiccion especial,26,36.84011389,-79.91798611,Immersion total o parcial,El primer evento no fue una colision con un vehiculo automotor en transporte,Not an Intersection,No fue interseccion,Sobre el lado de la calle,Ninguna,Oscuro sin iluminacion,lluvia,No,NO APLICA,99,99,99,99,1,31/10/2022,5
51,Virginia,510805,0,0,2,0,69,FREDERICK (69),0,NO APLICA,10,Octubre,25,2022,23,38,I-81,1,Interestatal,Rural,Interestatal,State Highway Agency,1,Sin jurisdiccion especial,8,39.01565556,-78.29038611,Vehiculo en movimiento,Angulo,Not an Intersection,No fue interseccion,Sobre calle,"Zona de trabajo, tipo desconocido",Oscuro sin iluminacion,No reportado,No,NO APLICA,99,98,99,98,1,25/10/2022,2
51,Virginia,510806,0,0,3,0,550,CHESAPEAKE(CITY) (550),468,CHESAPEAKE,10,Octubre,17,2022,12,14,SR-168/BATTERFIELD BLVD,3,Highway estatal,Urbano,Arteria Principal,City or Municipal Highway Agency,0,Sin jurisdiccion especial,120,36.74165278,-76.24301944,Vehiculo en movimiento,Golpe Lateral - misma direccion,Four-Way Intersection,Interseccion de 4 direcciones,Sobre calle,Ninguna,Dia total,No reportado,No,NO APLICA,99,99,99,99,1,17/10/2022,3
51,Virginia,510807,0,0,1,0,35,CARROLL (35),0,NO APLICA,10,Octubre,6,2022,15,25,CR-767,4,Calle del Condado,Rural,Local,State Highway Agency,0,Sin jurisdiccion especial,31,36.83098056,-80.69763889,Poste,El primer evento no fue una colision con un vehiculo automotor en transporte,Not an Intersection,No fue interseccion,Sobre el lado de la calle,Ninguna,Dia total,No reportado,No,NO APLICA,99,98,99,98,1,06/10/2022,1
51,Virginia,510808,0,0,1,0,127,NEW KENT (127),0,NO APLICA,10,Octubre,4,2022,18,39,SR-155/COURTHOUSE RD,3,Highway estatal,Rural,Arteria Principal,State Highway Agency,1,Sin jurisdiccion especial,87,37.458125,-77.03576111,Arbol,El primer evento no fue una colision con un vehiculo automotor en transporte,Not an Intersection,No fue interseccion,Sobre el lado de la calle,Ninguna,Oscuro sin iluminacion,No reportado,No,NO APLICA,99,99,99,99,1,04/10/2022,3
51,Virginia,510809,0,0,2,0,141,PATRICK (141),0,NO APLICA,10,Octubre,18,2022,13,5,US-58,2,US Highway,Rural,Arteria Principal,State Highway Agency,1,Sin jurisdiccion especial,2250,36.73613889,-80.38475,Vehiculo en movimiento,Frente a frente,Not an Intersection,No fue interseccion,Sobre calle,Ninguna,Dia total,No reportado,No,NO APLICA,99,99,99,99,1,18/10/2022,2
51,Virginia,510810,1,1,1,0,191,WASHINGTON (191),0,NO APLICA,10,Octubre,20,2022,20,20,CR-670,4,Calle del Condado,Rural,Colector Menor,State Highway Agency,0,Sin jurisdiccion especial,61,36.63380278,-81.99253333,Peaton,El primer evento no fue una colision con un vehiculo automotor en transporte,Not an Intersection,No fue interseccion,Sobre calle,Ninguna,Oscuro sin iluminacion,No reportado,No,NO APLICA,99,99,99,99,1,20/10/2022,1
51,Virginia,510811,0,0,1,0,87,HENRICO (87),0,NO APLICA,10,Octubre,22,2022,23,1,US-1,2,US Highway,Urbano,Arteria Principal,State Highway Agency,1,Sin jurisdiccion especial,986,37.61673889,-77.45685833,Poste,El primer evento no fue una colision con un vehiculo automotor en transporte,Not an Intersection,No fue interseccion,Sobre el lado de la calle,Ninguna,Oscuro con iluminacion,No reportado,No,NO APLICA,99,98,99,98,1,22/10/2022,1
51,Virginia,510812,0,0,2,0,87,HENRICO (87),0,NO APLICA,10,Octubre,30,2022,2,50,I-95,1,Interestatal,Urbano,Interestatal,State Highway Agency,1,Sin jurisdiccion especial,849,37.64855833,-77.45166944,Vehiculo en movimiento,Frente a Detrás,Not an Intersection,No fue interseccion,Sobre calle,Ninguna,Oscuro sin iluminacion,No reportado,No,NO APLICA,99,99,99,99,1,30/10/2022,4
51,Virginia,510813,2,2,1,0,177,SPOTSYLVANIA (177),0,NO APLICA,11,Noviembre,1,2022,1,10,US-1,2,US Highway,Urbano,Arteria Principal,State Highway Agency,1,Sin jurisdiccion especial,2,38.25798333,-77.49395833,Peaton,El primer evento no fue una colision con un vehiculo automotor en transporte,Not an Intersection,No fue interseccion,Sobre calle,Ninguna,Oscuro sin iluminacion,No reportado,No,NO APLICA,99,98,99,98,1,01/11/2022,1
51,Virginia,510814,0,0,1,0,800,SUFFOLK (CITY) (800),2390,SUFFOLK,11,Noviembre,1,2022,22,26,SR-13,3,Highway estatal,Rural,Arteria Principal,City or Municipal Highway Agency,1,Sin jurisdiccion especial,0,36.61377222,-76.66100556,Culvert,El primer evento no fue una colision con un vehiculo automotor en transporte,Not an Intersection,No fue interseccion,Sobre el lado de la calle,Ninguna,Oscuro con iluminacion,No reportado,No,NO APLICA,99,98,99,98,1,01/11/2022,1
51,Virginia,510815,0,0,3,0,760,RICHMOND (CITY) (760),2060,RICHMOND,11,Noviembre,2,2022,12,0,I-95,1,Interestatal,Urbano,Interestatal,State Highway Agency,1,Sin jurisdiccion especial,763,37.5528,-77.44394722,"La carga del vehiculo (cambio, perdida, o otro)",El primer evento no fue una colision con un vehiculo automotor en transporte,Not an Intersection,No fue interseccion,Sobre calle,Ninguna,Dia total,No reportado,No,NO APLICA,99,98,99,98,1,02/11/2022,4
51,Virginia,510816,0,0,2,0,149,PRINCE GEORGE (149),0,NO APLICA,11,Noviembre,2,2022,16,51,SR-35/COURTHOUE RD,3,Highway estatal,Rural,Arteria Menor,State Highway Agency,0,Sin jurisdiccion especial,456,37.05523889,-77.32455833,Vehiculo en movimiento,Frente a Detrás,Not an Intersection,No fue interseccion,Sobre calle,Ninguna,Dia total,No reportado,No,NO APLICA,99,99,99,99,1,02/11/2022,2
51,Virginia,510817,0,0,1,0,109,LOUISA (109),0,NO APLICA,11,Noviembre,3,2022,1,10,I-64,1,Interestatal,Rural,Interestatal,State Highway Agency,1,Sin jurisdiccion especial,1371,37.97552222,-78.21014444,Arbol,El primer evento no fue una colision con un vehiculo automotor en transporte,Not an Intersection,No fue interseccion,En el medio,Ninguna,Oscuro con iluminacion,No reportado,No,NO APLICA,99,99,99,99,1,03/11/2022,2
51,Virginia,510818,0,0,1,0,195,WISE (195),1980,POUND,11,Noviembre,3,2022,11,55,US-23,2,US Highway,Rural,Arteria Principal,State Highway Agency,1,Sin jurisdiccion especial,27,37.12495833,-82.61661111,Poste,El primer evento no fue una colision con un vehiculo automotor en transporte,Not an Intersection,No fue interseccion,Sobre el lado de la calle,Ninguna,Dia total,No reportado,No,NO APLICA,99,99,99,99,1,03/11/2022,1