Estado,Nombre de Estado,Numero de Caso,Peatones,Personas _no_vehiculos,Vehiculos automotores,Vehiculos estacionados,Condado,Nombre Condado,Ciudad,Nombre Ciudad,Mes,Nombre Mes,Dia,Año,Hora,Minuto,Calle,Ruta,Nombre Ruta,Rural o Urbanoo,Sistema Funcional,Dueño Calle,Sistema Nacional Carreteras,Jurisdiccion Especial,Milla,Latitud,Longitud,Causa del Accidente,Tipo de Accidente,Tipo Interseccion,Columna1,Lugar en la calle,Zona de Trabajo,Luz,Clima,Autobus Escolar,Cruce de Trenes,Hora Notificacion,Minuto Notificacion,Hora Llegada,Minuto Llegada,Decesos,Fecha,PersonaVehiculo
51,Virginia,510819,0,0,2,0,59,FAIRFAX (59),0,NO APLICA,11,Noviembre,2,2022,20,49,SR-123/OX RD,3,Highway estatal,Urbano,Arteria Principal,State Highway Agency,0,Sin jurisdiccion especial,41,38.71661667,-77.26559167,Vehiculo en movimiento,Angulo,T-Intersection,Interseccion de T,Sobre calle,Ninguna,Oscuro sin iluminacion,No reportado,No,NO APLICA,99,99,99,99,1,02/11/2022,2
51,Virginia,510820,0,0,1,0,23,BOTETOURT (23),0,NO APLICA,11,Noviembre,4,2022,22,0,CR-676,4,Calle del Condado,Rural,Local,State Highway Agency,0,Sin jurisdiccion especial,4,37.43962778,-79.86530833,Arbol,El primer evento no fue una colision con un vehiculo automotor en transporte,Not an Intersection,No fue interseccion,Sobre el lado de la calle,Ninguna,Oscuro sin iluminacion,No reportado,No,NO APLICA,99,99,99,99,1,04/11/2022,1
51,Virginia,510821,0,0,1,0,19,BEDFORD (19),0,NO APLICA,11,Noviembre,4,2022,23,22,CR-626,4,Calle del Condado,Rural,Local,County Highway Agency,0,Sin jurisdiccion especial,85,37.143325,-79.52501389,Arbol,El primer evento no fue una colision con un vehiculo automotor en transporte,Not an Intersection,No fue interseccion,Sobre el lado de la calle,Ninguna,Oscuro sin iluminacion,No reportado,No,Unknown,99,99,99,99,1,04/11/2022,1
51,Virginia,510822,0,0,2,0,700,NEWPORT NEWS (CITY) (700),1720,NEWPORT NEWS,11,Noviembre,4,2022,15,28,US-17,2,US Highway,Urbano,Arteria Principal,City or Municipal Highway Agency,1,Sin jurisdiccion especial,513,37.01985833,-76.44474167,Vehiculo en movimiento,Golpe Lateral - misma direccion,Four-Way Intersection,Interseccion de 4 direcciones,Sobre calle,Ninguna,Dia total,No reportado,No,NO APLICA,99,99,99,99,1,04/11/2022,2
51,Virginia,510823,0,0,2,0,109,LOUISA (109),0,NO APLICA,11,Noviembre,2,2022,10,36,US-522,2,US Highway,Rural,Arteria Menor,State Highway Agency,0,Sin jurisdiccion especial,200,37.80031944,-77.865525,Vehiculo en movimiento,Frente a frente,Not an Intersection,No fue interseccion,Sobre calle,Ninguna,Dia total,No reportado,No,NO APLICA,99,99,99,99,1,02/11/2022,4
51,Virginia,510824,0,0,1,0,7,AMELIA (7),0,NO APLICA,11,Noviembre,5,2022,11,35,CR-604,4,Calle del Condado,Rural,Colector Mayor,State Highway Agency,0,Sin jurisdiccion especial,67,37.45335278,-77.87013889,Poste,El primer evento no fue una colision con un vehiculo automotor en transporte,Not an Intersection,No fue interseccion,Sobre el lado de la calle,Ninguna,Dia total,No reportado,No,NO APLICA,99,98,99,98,1,05/11/2022,1
51,Virginia,510825,0,0,2,0,810,VIRGINIA BEACH (CITY) (810),2540,VIRGINIA BEACH,11,Noviembre,5,2022,18,28,CR-8738,8,Otro,Urbano,Colector Mayor,City or Municipal Highway Agency,0,Sin jurisdiccion especial,25,36.83821389,-76.11713611,Volcadura,El primer evento no fue una colision con un vehiculo automotor en transporte,Four-Way Intersection,Interseccion de 4 direcciones,Sobre calle,Ninguna,Atardecer,No reportado,No,NO APLICA,99,98,99,98,1,05/11/2022,2
51,Virginia,510826,0,0,1,0,15,AUGUSTA (15),0,NO APLICA,11,Noviembre,6,2022,0,40,CR-608,4,Calle del Condado,Rural,Arteria Menor,State Highway Agency,0,Sin jurisdiccion especial,177,38.06490278,-79.02785278,Poste de Señal de trafico,El primer evento no fue una colision con un vehiculo automotor en transporte,Not an Intersection,No fue interseccion,Sobre el lado de la calle,Ninguna,Oscuro sin iluminacion,No reportado,No,NO APLICA,99,99,99,99,1,06/11/2022,1
51,Virginia,510827,0,0,2,0,171,SHENANDOAH (171),0,NO APLICA,11,Noviembre,5,2022,12,50,CR-675,4,Calle del Condado,Rural,Colector Mayor,State Highway Agency,0,Sin jurisdiccion especial,157,38.79290556,-78.51906111,Acotamiento,El primer evento no fue una colision con un vehiculo automotor en transporte,Not an Intersection,No fue interseccion,Sobre el lado de la calle,Ninguna,Dia total,lluvia,No,NO APLICA,99,99,99,99,1,05/11/2022,2
51,Virginia,510828,0,0,2,0,87,HENRICO (87),0,NO APLICA,11,Noviembre,6,2022,12,15,I-295,1,Interestatal,Rural,Interestatal,State Highway Agency,1,Sin jurisdiccion especial,288,37.52294167,-77.27054444,Vehiculo en movimiento,Frente a Detrás,Not an Intersection,No fue interseccion,Sobre calle,Ninguna,Dia total,No reportado,No,NO APLICA,99,99,99,99,1,06/11/2022,3
51,Virginia,510829,0,0,2,0,5,ALLEGHANY (5),0,NO APLICA,11,Noviembre,7,2022,9,45,I-64,1,Interestatal,Rural,Interestatal,State Highway Agency,1,Sin jurisdiccion especial,212,37.78783889,-79.8957,Vehiculo en movimiento,Frente a frente,Not an Intersection,No fue interseccion,Sobre calle,Ninguna,Dia total,No reportado,No,NO APLICA,99,99,99,99,1,07/11/2022,2
51,Virginia,510830,0,0,1,0,550,CHESAPEAKE(CITY) (550),468,CHESAPEAKE,11,Noviembre,3,2022,13,19,US-17,2,US Highway,Rural,Arteria Principal,City or Municipal Highway Agency,1,Sin jurisdiccion especial,17,36.707125,-76.35429722,Arbol,El primer evento no fue una colision con un vehiculo automotor en transporte,Not an Intersection,No fue interseccion,Sobre el lado de la calle,Ninguna,Dia total,No reportado,No,NO APLICA,99,98,99,98,1,03/11/2022,1
51,Virginia,510831,0,0,1,0,87,HENRICO (87),0,NO APLICA,11,Noviembre,4,2022,16,23,US-33,2,US Highway,Urbano,Arteria Principal,State Highway Agency,1,Sin jurisdiccion especial,1273,37.64623333,-77.51853611,Zanja,El primer evento no fue una colision con un vehiculo automotor en transporte,Not an Intersection,No fue interseccion,En el medio,Ninguna,Dia total,No reportado,No,NO APLICA,99,99,99,99,1,04/11/2022,1
51,Virginia,510832,1,1,1,0,760,RICHMOND (CITY) (760),2060,RICHMOND,11,Noviembre,7,2022,15,9,ROBINSON AVE,6,Calle Local Municipalidad,Urbano,No reportado,Not Reported,1,Sin jurisdiccion especial,4,37.55739722,-77.47020278,Peaton,El primer evento no fue una colision con un vehiculo automotor en transporte,Four-Way Intersection,Interseccion de 4 direcciones,Sobre calle,Ninguna,Dia total,No reportado,No,NO APLICA,99,99,99,99,1,07/11/2022,1
51,Virginia,510833,0,0,2,0,13,ARLINGTON (13),100,ARLINGTON,11,Noviembre,11,2022,0,29,SR-309 OLD DOMINION DR,3,Highway estatal,Urbano,Arteria Menor,State Highway Agency,0,Sin jurisdiccion especial,32,38.91013889,-77.13868333,Vehiculo en movimiento,Angulo,Not an Intersection,No fue interseccion,Sobre calle,Ninguna,Oscuro con iluminacion,No reportado,No,NO APLICA,99,99,99,99,1,11/11/2022,3
51,Virginia,510834,0,0,1,0,59,FAIRFAX (59),1122,GREAT FALLS,11,Noviembre,11,2022,11,25,CR-682 ARNON CHAPEL RD,4,Calle del Condado,Urbano,Local,State Highway Agency,0,Sin jurisdiccion especial,8,39.00961111,-77.27975833,Arbol,El primer evento no fue una colision con un vehiculo automotor en transporte,Not an Intersection,No fue interseccion,Sobre el lado de la calle,Ninguna,Dia total,lluvia,No,NO APLICA,99,99,99,99,1,11/11/2022,1
51,Virginia,510835,0,0,4,1,650,HAMPTON (CITY) (650),1180,HAMPTON,11,Noviembre,11,2022,10,4,I-64,1,Interestatal,Urbano,Interestatal,State Highway Agency,1,Sin jurisdiccion especial,2669,37.03333056,-76.34143056,Vehiculo en movimiento,Golpe Lateral - misma direccion,Not an Intersection,No fue interseccion,Sobre calle,Mantenimiento,Dia total,lluvia,No,NO APLICA,99,99,99,99,1,11/11/2022,3
51,Virginia,510836,1,1,1,0,43,CLARKE (43),0,NO APLICA,11,Noviembre,12,2022,20,18,US-340,2,US Highway,Rural,Arteria Menor,State Highway Agency,0,Sin jurisdiccion especial,1150,39.121175,-78.00125,Peaton,El primer evento no fue una colision con un vehiculo automotor en transporte,Not an Intersection,No fue interseccion,Sobre calle,Ninguna,Oscuro sin iluminacion,No reportado,No,NO APLICA,99,98,99,98,1,12/11/2022,1
51,Virginia,510837,1,1,1,0,199,YORK (199),0,NO APLICA,11,Noviembre,12,2022,20,14,US-60,2,US Highway,Urbano,Arteria Principal,State Highway Agency,1,Sin jurisdiccion especial,2390,37.28457222,-76.71014167,Peaton,El primer evento no fue una colision con un vehiculo automotor en transporte,Not an Intersection,No fue interseccion,Sobre calle,Ninguna,Oscuro sin iluminacion,No reportado,No,NO APLICA,99,99,99,99,1,12/11/2022,4
51,Virginia,510838,0,0,2,0,59,FAIRFAX (59),375,BURKE,11,Noviembre,7,2022,11,30,CR-644 OLD KEENE MILL RD,4,Calle del Condado,Urbano,Arteria Menor,State Highway Agency,0,Sin jurisdiccion especial,23,38.77406111,-77.24913056,Vehiculo en movimiento,Angulo,Four-Way Intersection,Interseccion de 4 direcciones,Sobre calle,Ninguna,Dia total,No reportado,No,NO APLICA,99,99,99,99,1,07/11/2022,3
51,Virginia,510839,0,0,2,1,37,CHARLOTTE (37),0,NO APLICA,11,Noviembre,13,2022,19,50,US-360,2,US Highway,Rural,Arteria Principal,State Highway Agency,1,Sin jurisdiccion especial,706,37.07820833,-78.44830278,Vehiculo Aparcado,El primer evento no fue una colision con un vehiculo automotor en transporte,Not an Intersection,No fue interseccion,Fuera de la calle,Ninguna,Oscuro sin iluminacion,No reportado,No,NO APLICA,99,98,99,98,2,13/11/2022,2
51,Virginia,510840,0,0,1,0,3,ALBEMARLE (3),0,NO APLICA,11,Noviembre,14,2022,8,2,CR-691,4,Calle del Condado,Rural,Colector Mayor,State Highway Agency,0,Sin jurisdiccion especial,66,38.03050278,-78.75576944,Piedrotototota,El primer evento no fue una colision con un vehiculo automotor en transporte,Not an Intersection,No fue interseccion,Sobre el lado de la calle,Ninguna,Dia total,No reportado,No,NO APLICA,99,98,99,98,1,14/11/2022,1
51,Virginia,510841,0,0,2,0,59,FAIRFAX (59),0,NO APLICA,11,Noviembre,14,2022,11,18,I-95/RAMP,1,Interestatal,Urbano,Interestatal,State Highway Agency,1,Sin jurisdiccion especial,4,38.77966389,-77.17854722,Valla Ferrocarril,El primer evento no fue una colision con un vehiculo automotor en transporte,Not an Intersection,No fue interseccion,Sobre el lado de la calle,Ninguna,Dia total,No reportado,No,NO APLICA,99,99,99,99,1,14/11/2022,6
51,Virginia,510842,1,1,2,0,185,TAZEWELL (185),0,NO APLICA,11,Noviembre,17,2022,6,22,US-19,2,US Highway,Urbano,Arteria Principal,State Highway Agency,1,Sin jurisdiccion especial,776,37.18205833,-81.42950556,Vehiculo en movimiento,Golpe Lateral - misma direccion,Not an Intersection,No fue interseccion,Sobre calle,Ninguna,Oscuro con iluminacion,Nieve,No,NO APLICA,99,99,99,99,1,17/11/2022,1
51,Virginia,510843,1,1,2,0,59,FAIRFAX (59),0,NO APLICA,11,Noviembre,16,2022,8,57,SR-244/COLUMBIA PIKE,3,Highway estatal,Urbano,Arteria Principal,State Highway Agency,1,Sin jurisdiccion especial,35,38.84688889,-77.13746944,Peaton,El primer evento no fue una colision con un vehiculo automotor en transporte,Four-Way Intersection,Interseccion de 4 direcciones,Sobre calle,Ninguna,Dia total,No reportado,No,NO APLICA,99,99,99,99,1,16/11/2022,2
51,Virginia,510844,0,0,2,0,137,ORANGE (137),0,NO APLICA,11,Noviembre,18,2022,7,42,US-522,2,US Highway,Rural,Arteria Menor,State Highway Agency,0,Sin jurisdiccion especial,616,38.32715833,-77.95579167,Vehiculo en movimiento,Angulo,Y-Intersection,Interseccion de Y,Sobre calle,Ninguna,Dia total,No reportado,No,NO APLICA,99,98,99,98,1,18/11/2022,2
51,Virginia,510845,0,0,2,0,15,AUGUSTA (15),0,NO APLICA,11,Noviembre,19,2022,6,12,I-81/RAMP,1,Interestatal,Urbano,Interestatal,State Highway Agency,1,Sin jurisdiccion especial,2222,38.1212,-79.04735833,Valla Ferrocarril,El primer evento no fue una colision con un vehiculo automotor en transporte,Not an Intersection,No fue interseccion,Sobre el lado de la calle,Ninguna,Oscuro sin iluminacion,No reportado,No,NO APLICA,99,99,99,99,1,19/11/2022,3
51,Virginia,510846,0,0,1,0,161,ROANOKE (161),0,NO APLICA,11,Noviembre,13,2022,0,31,BENT MOUNTAIN RD,6,Calle Local Municipalidad,Rural,Arteria Menor,State Highway Agency,0,Sin jurisdiccion especial,83,37.17969167,-80.11094722,Valla Ferrocarril,El primer evento no fue una colision con un vehiculo automotor en transporte,Not an Intersection,No fue interseccion,Sobre el lado de la calle,Ninguna,Oscuro sin iluminacion,No reportado,No,NO APLICA,99,99,99,99,1,13/11/2022,1
51,Virginia,510847,0,0,1,0,145,POWHATAN (145),0,NO APLICA,11,Noviembre,19,2022,12,40,US-60,2,US Highway,Rural,Arteria Principal,State Highway Agency,1,Sin jurisdiccion especial,1528,37.55331389,-78.07135278,Arbol,El primer evento no fue una colision con un vehiculo automotor en transporte,Not an Intersection,No fue interseccion,Sobre el lado de la calle,Ninguna,Dia total,No reportado,No,NO APLICA,99,99,99,99,1,19/11/2022,1
51,Virginia,510848,0,0,3,2,770,ROANOKE (CITY) (770),2100,ROANOKE,11,Noviembre,20,2022,1,1,10TH ST NW,6,Calle Local Municipalidad,Urbano,Arteria Menor,City or Municipal Highway Agency,0,Sin jurisdiccion especial,12,37.28735833,-79.95248611,Arbol,El primer evento no fue una colision con un vehiculo automotor en transporte,Not an Intersection,No fue interseccion,Sobre el lado de la calle,Ninguna,Oscuro con iluminacion,No reportado,No,NO APLICA,99,99,99,99,2,20/11/2022,2
51,Virginia,510849,0,0,1,0,3,ALBEMARLE (3),0,NO APLICA,11,Noviembre,21,2022,16,56,CR-637,4,Calle del Condado,Rural,Local,State Highway Agency,0,Sin jurisdiccion especial,63,38.00998056,-78.73757222,Arbol,El primer evento no fue una colision con un vehiculo automotor en transporte,Not an Intersection,No fue interseccion,Sobre el lado de la calle,Ninguna,Atardecer,No reportado,No,NO APLICA,99,98,99,98,1,21/11/2022,1
51,Virginia,510850,0,0,2,0,87,HENRICO (87),0,NO APLICA,11,Noviembre,20,2022,17,42,GAY AVE,6,Calle Local Municipalidad,Urbano,No reportado,Unknown,0,Sin jurisdiccion especial,14,37.52615,-77.3622,Vehiculo en movimiento,Frente a frente,Not an Intersection,No fue interseccion,Sobre calle,Ninguna,Oscuro sin iluminacion,No reportado,No,NO APLICA,99,99,99,99,1,20/11/2022,2
51,Virginia,510851,1,1,1,0,15,AUGUSTA (15),0,NO APLICA,11,Noviembre,21,2022,22,59,I-81,1,Interestatal,Rural,Interestatal,State Highway Agency,1,Sin jurisdiccion especial,2250,38.15387778,-79.01576667,Peaton,El primer evento no fue una colision con un vehiculo automotor en transporte,Not an Intersection,No fue interseccion,Sobre calle,Ninguna,Oscuro sin iluminacion,No reportado,No,NO APLICA,99,98,99,98,1,21/11/2022,1
51,Virginia,510852,1,1,1,0,149,PRINCE GEORGE (149),0,NO APLICA,11,Noviembre,16,2022,0,42,SR-36/OAKLAWN BLVD,3,Highway estatal,Urbano,Arteria Principal,State Highway Agency,0,Sin jurisdiccion especial,106,37.24520833,-77.34958056,Peaton,El primer evento no fue una colision con un vehiculo automotor en transporte,Not an Intersection,No fue interseccion,Sobre calle,Ninguna,Oscuro sin iluminacion,No reportado,No,NO APLICA,99,99,99,99,1,16/11/2022,1
51,Virginia,510853,0,0,2,0,161,ROANOKE (161),0,NO APLICA,11,Noviembre,22,2022,15,40,US-11,2,US Highway,Urbano,Arteria Menor,State Highway Agency,0,Sin jurisdiccion especial,1370,37.26345556,-80.15583611,Vehiculo en movimiento,Frente a Detrás,T-Intersection,Interseccion de T,Sobre calle,Ninguna,Dia total,No reportado,No,NO APLICA,99,98,99,98,1,22/11/2022,3
51,Virginia,510854,0,0,1,0,740,PORTSMOUTH (CITY) (740),1970,PORTSMOUTH,11,Noviembre,13,2022,19,36,CR-8758,6,Calle Local Municipalidad,Urbano,Arteria Menor,City or Municipal Highway Agency,0,Sin jurisdiccion especial,7,36.83459167,-76.32819444,Arbol,El primer evento no fue una colision con un vehiculo automotor en transporte,Not an Intersection,No fue interseccion,Sobre el lado de la calle,Ninguna,Oscuro con iluminacion,No reportado,No,NO APLICA,99,98,99,98,1,13/11/2022,1
51,Virginia,510855,0,0,1,0,177,SPOTSYLVANIA (177),0,NO APLICA,11,Noviembre,23,2022,23,28,SR-3/PLANK RD,3,Highway estatal,Rural,Arteria Principal,State Highway Agency,1,Sin jurisdiccion especial,233,38.31091389,-77.657275,Arbol,El primer evento no fue una colision con un vehiculo automotor en transporte,Not an Intersection,No fue interseccion,En el medio,Ninguna,Oscuro sin iluminacion,No reportado,No,NO APLICA,99,98,99,98,1,23/11/2022,1
51,Virginia,510856,0,0,1,0,810,VIRGINIA BEACH (CITY) (810),2540,VIRGINIA BEACH,11,Noviembre,24,2022,16,12,INDIAN RIVER RD,6,Calle Local Municipalidad,Urbano,Arteria Menor,City or Municipal Highway Agency,0,Sin jurisdiccion especial,86,36.72301389,-76.060975,Zanja,El primer evento no fue una colision con un vehiculo automotor en transporte,Not an Intersection,No fue interseccion,Sobre el lado de la calle,Ninguna,Dia total,No reportado,No,NO APLICA,99,98,99,98,1,24/11/2022,1
51,Virginia,510857,0,0,1,0,63,FLOYD (63),0,NO APLICA,11,Noviembre,24,2022,21,35,RT-221,6,Calle Local Municipalidad,Rural,Arteria Menor,State Highway Agency,0,Sin jurisdiccion especial,115,36.99937222,-80.17870556,Poste de Señal de trafico,El primer evento no fue una colision con un vehiculo automotor en transporte,Not an Intersection,No fue interseccion,Sobre el lado de la calle,Ninguna,Oscuro sin iluminacion,No reportado,No,NO APLICA,99,98,99,98,1,24/11/2022,1
51,Virginia,510858,1,1,1,0,770,ROANOKE (CITY) (770),2100,ROANOKE,11,Noviembre,24,2022,17,30,SALEM TNPK NW,6,Calle Local Municipalidad,Urbano,Arteria Menor,City or Municipal Highway Agency,0,Sin jurisdiccion especial,1,37.28973611,-80.01953889,Peaton,El primer evento no fue una colision con un vehiculo automotor en transporte,Not an Intersection,No fue interseccion,Sobre Acotamiento,Ninguna,Oscuro con iluminacion,No reportado,No,NO APLICA,99,98,99,98,1,24/11/2022,1
51,Virginia,510859,0,0,2,0,31,CAMPBELL (31),0,NO APLICA,11,Noviembre,25,2022,17,45,US-460,2,US Highway,Urbano,Arteria Principal,State Highway Agency,1,Sin jurisdiccion especial,29,37.34208333,-79.23622778,Vehiculo en movimiento,Angulo,Four-Way Intersection,Interseccion de 4 direcciones,Sobre calle,Ninguna,Oscuro sin iluminacion,No reportado,No,NO APLICA,99,99,99,99,1,25/11/2022,3
51,Virginia,510860,0,0,1,0,41,CHESTERFIELD (41),0,NO APLICA,11,Noviembre,25,2022,18,20,SR-150/CHIPPENHAM PKWY,3,Highway estatal,Urbano,Arterial Principal -Freeway o ExpressWay,State Highway Agency,1,Sin jurisdiccion especial,76,37.50505833,-77.5261,Arbol,El primer evento no fue una colision con un vehiculo automotor en transporte,Not an Intersection,No fue interseccion,Sobre el lado de la calle,Ninguna,Oscuro sin iluminacion,No reportado,No,NO APLICA,99,98,99,98,1,25/11/2022,1
51,Virginia,510861,0,0,1,0,25,BRUNSWICK (25),0,NO APLICA,11,Noviembre,25,2022,13,40,CR-600,4,Calle del Condado,Rural,Local,State Highway Agency,0,Sin jurisdiccion especial,2,36.58691944,-77.82645278,Acotamiento,El primer evento no fue una colision con un vehiculo automotor en transporte,Not an Intersection,No fue interseccion,Sobre el lado de la calle,Ninguna,Dia total,No reportado,No,NO APLICA,99,99,99,99,1,25/11/2022,2
51,Virginia,510862,1,1,1,0,153,PRINCE WILLIAM (153),0,NO APLICA,11,Noviembre,25,2022,18,5,SR-294/PRINCE WILLIAM PKWY,3,Highway estatal,Urbano,Arterial Principal -Freeway o ExpressWay,State Highway Agency,1,Sin jurisdiccion especial,47,38.71571111,-77.41513056,Peaton,El primer evento no fue una colision con un vehiculo automotor en transporte,Not an Intersection,No fue interseccion,Sobre calle,Ninguna,Oscuro sin iluminacion,No reportado,No,NO APLICA,99,99,99,99,1,25/11/2022,1
51,Virginia,510863,1,1,1,0,107,LOUDOUN (107),1470,LOVETTSVILLE,11,Noviembre,25,2022,23,20,SR-287/ BERLIN PIKE,3,Highway estatal,Urbano,Arteria Menor,State Highway Agency,1,Sin jurisdiccion especial,107,39.28018333,-77.63784722,Peaton,El primer evento no fue una colision con un vehiculo automotor en transporte,Not an Intersection,No fue interseccion,Sobre calle,Ninguna,Oscuro sin iluminacion,No reportado,No,NO APLICA,99,98,99,98,1,25/11/2022,1
51,Virginia,510864,0,0,1,0,145,POWHATAN (145),0,NO APLICA,11,Noviembre,26,2022,4,35,SR-13/OLD BUCKINGHAM RD,3,Highway estatal,Rural,Colector Mayor,State Highway Agency,0,Sin jurisdiccion especial,167,37.52355556,-77.98033056,Arbol,El primer evento no fue una colision con un vehiculo automotor en transporte,Not an Intersection,No fue interseccion,Sobre el lado de la calle,Ninguna,Oscuro sin iluminacion,No reportado,No,NO APLICA,99,98,99,98,1,26/11/2022,1
51,Virginia,510865,0,0,2,0,165,ROCKINGHAM (165),0,NO APLICA,11,Noviembre,26,2022,16,30,CR-724,4,Calle del Condado,Rural,Local,State Highway Agency,0,Sin jurisdiccion especial,16,38.50583889,-78.8191,Volcadura,El primer evento no fue una colision con un vehiculo automotor en transporte,Not an Intersection,No fue interseccion,Sobre calle,Ninguna,Dia total,No reportado,No,NO APLICA,99,98,99,98,1,26/11/2022,2
51,Virginia,510866,0,0,1,0,760,RICHMOND (CITY) (760),2060,RICHMOND,11,Noviembre,26,2022,14,57,US-60,2,US Highway,Urbano,Arteria Principal,City or Municipal Highway Agency,1,Sin jurisdiccion especial,1887,37.5214,-77.45556389,Poste,El primer evento no fue una colision con un vehiculo automotor en transporte,T-Intersection,Interseccion de T,En el medio,Ninguna,Dia total,No reportado,No,NO APLICA,99,99,99,99,1,26/11/2022,2
51,Virginia,510867,0,0,1,0,81,GREENSVILLE (81),0,NO APLICA,11,Noviembre,27,2022,16,10,CR-629,4,Calle del Condado,Rural,Local,State Highway Agency,0,Sin jurisdiccion especial,28,36.58136111,-77.57843056,Acotamiento,El primer evento no fue una colision con un vehiculo automotor en transporte,Not an Intersection,No fue interseccion,Sobre el lado de la calle,Ninguna,Dia total,lluvia,No,NO APLICA,99,98,99,98,1,27/11/2022,1
51,Virginia,510868,1,1,1,0,153,PRINCE WILLIAM (153),0,NO APLICA,11,Noviembre,28,2022,4,35,CR-642,4,Calle del Condado,Urbano,Arteria Menor,State Highway Agency,0,Sin jurisdiccion especial,43,38.67729444,-77.36537222,Peaton,El primer evento no fue una colision con un vehiculo automotor en transporte,Not an Intersection,No fue interseccion,Sobre calle,Ninguna,Oscuro sin iluminacion,No reportado,No,NO APLICA,99,99,99,99,1,28/11/2022,1
51,Virginia,510869,0,0,1,0,810,VIRGINIA BEACH (CITY) (810),2540,VIRGINIA BEACH,11,Noviembre,28,2022,13,7,US-60,2,US Highway,Rural,Arteria Principal,City or Municipal Highway Agency,1,Sin jurisdiccion especial,2963,36.92004722,-76.02971944,Arbol,El primer evento no fue una colision con un vehiculo automotor en transporte,Not an Intersection,No fue interseccion,Sobre el lado de la calle,Ninguna,Dia total,No reportado,No,NO APLICA,99,98,99,98,1,28/11/2022,1
51,Virginia,510870,0,0,1,0,41,CHESTERFIELD (41),0,NO APLICA,11,Noviembre,29,2022,0,28,US-60,2,US Highway,Urbano,Arteria Principal,State Highway Agency,1,Sin jurisdiccion especial,1820,37.49678333,-77.56626389,Arbol,El primer evento no fue una colision con un vehiculo automotor en transporte,Not an Intersection,No fue interseccion,En el medio,Ninguna,Oscuro sin iluminacion,No reportado,No,NO APLICA,99,98,99,98,1,29/11/2022,1
51,Virginia,510871,0,0,1,0,590,DANVILLE(CITY) (590),720,DANVILLE,11,Noviembre,28,2022,12,54,US-29,2,US Highway,Rural,Arterial Principal -Freeway o ExpressWay,State Highway Agency,1,Sin jurisdiccion especial,28,36.546275,-79.43287778,Volcadura,El primer evento no fue una colision con un vehiculo automotor en transporte,Not an Intersection,No fue interseccion,Sobre el lado de la calle,Ninguna,Dia total,No reportado,No,NO APLICA,99,99,99,99,1,28/11/2022,1
51,Virginia,510872,0,0,1,0,149,PRINCE GEORGE (149),0,NO APLICA,11,Noviembre,24,2022,17,55,US-301,2,US Highway,Rural,Colector Mayor,State Highway Agency,0,Sin jurisdiccion especial,363,37.02115,-77.39249444,Animal vivo,El primer evento no fue una colision con un vehiculo automotor en transporte,Not an Intersection,No fue interseccion,Sobre calle,Ninguna,Oscuro sin iluminacion,No reportado,No,NO APLICA,99,99,99,99,1,24/11/2022,1
51,Virginia,510873,0,0,1,0,760,RICHMOND (CITY) (760),2060,RICHMOND,11,Noviembre,20,2022,15,31,US-1,2,US Highway,Urbano,Arteria Principal,City or Municipal Highway Agency,1,Sin jurisdiccion especial,899,37.49878056,-77.44623056,Poste de Señal de trafico,El primer evento no fue una colision con un vehiculo automotor en transporte,Not an Intersection,No fue interseccion,Sobre el lado de la calle,Ninguna,Dia total,No reportado,No,NO APLICA,99,99,99,99,1,20/11/2022,1
51,Virginia,510874,1,1,1,0,59,FAIRFAX (59),0,NO APLICA,11,Noviembre,30,2022,19,45,I-495,1,Interestatal,Urbano,Interestatal,State Highway Agency,1,Sin jurisdiccion especial,45,38.82206944,-77.22206944,Peaton,El primer evento no fue una colision con un vehiculo automotor en transporte,Not an Intersection,No fue interseccion,Sobre calle,Ninguna,Oscuro con iluminacion,No reportado,No,NO APLICA,99,99,99,99,1,30/11/2022,1
51,Virginia,510875,0,0,2,0,171,SHENANDOAH (171),0,NO APLICA,11,Noviembre,26,2022,4,30,I-81,1,Interestatal,Rural,Interestatal,State Highway Agency,1,Sin jurisdiccion especial,2713,38.72438333,-78.65896389,Vehiculo en movimiento,Frente a Detrás,Not an Intersection,No fue interseccion,Sobre calle,Ninguna,Oscuro sin iluminacion,No reportado,No,NO APLICA,99,99,99,99,1,26/11/2022,4
51,Virginia,510876,0,0,2,0,149,PRINCE GEORGE (149),0,NO APLICA,11,Noviembre,24,2022,20,20,CR-625,4,Calle del Condado,Rural,Colector Menor,State Highway Agency,0,Sin jurisdiccion especial,52,37.13598056,-77.20431944,Vehiculo en movimiento,Frente a frente,Not an Intersection,No fue interseccion,Sobre calle,Ninguna,Oscuro sin iluminacion,No reportado,No,NO APLICA,99,99,99,99,1,24/11/2022,3