Estado,Nombre de Estado,Numero de Caso,Peatones,Personas _no_vehiculos,Vehiculos automotores,Vehiculos estacionados,Condado,Nombre Condado,Ciudad,Nombre Ciudad,Mes,Nombre Mes,Dia,Año,Hora,Minuto,Calle,Ruta,Nombre Ruta,Rural o Urbanoo,Sistema Funcional,Dueño Calle,Sistema Nacional Carreteras,Jurisdiccion Especial,Milla,Latitud,Longitud,Causa del Accidente,Tipo de Accidente,Tipo Interseccion,Columna1,Lugar en la calle,Zona de Trabajo,Luz,Clima,Autobus Escolar,Cruce de Trenes,Hora Notificacion,Minuto Notificacion,Hora Llegada,Minuto Llegada,Decesos,Fecha,PersonaVehiculo
51,Virginia,510877,0,0,1,0,87,HENRICO (87),0,NO APLICA,11,Noviembre,30,2022,15,50,CR-761,4,Calle del Condado,Urbano,Colector Mayor,County Highway Agency,0,Sin jurisdiccion especial,14,37.56483611,-77.35923333,Arbol,El primer evento no fue una colision con un vehiculo automotor en transporte,Not an Intersection,No fue interseccion,Sobre el lado de la calle,Ninguna,Dia total,No reportado,No,NO APLICA,99,99,99,99,1,30/11/2022,1
51,Virginia,510878,1,1,1,0,600,FAIRFAX (CITY) (600),900,FAIRFAX,11,Noviembre,26,2022,19,3,SR-236/MAIN ST,3,Highway estatal,Urbano,Arteria Principal,City or Municipal Highway Agency,1,Sin jurisdiccion especial,24,38.84233056,-77.28121389,Peaton,El primer evento no fue una colision con un vehiculo automotor en transporte,Four-Way Intersection,Interseccion de 4 direcciones,Sobre calle,Ninguna,Oscuro con iluminacion,No reportado,No,NO APLICA,99,99,99,99,1,26/11/2022,1
51,Virginia,510879,1,1,1,0,59,FAIRFAX (59),0,NO APLICA,11,Noviembre,28,2022,21,3,US-29,2,US Highway,Urbano,Arteria Principal,State Highway Agency,1,Sin jurisdiccion especial,2282,38.83874722,-77.43715,Peaton,El primer evento no fue una colision con un vehiculo automotor en transporte,Four-Way Intersection,Interseccion de 4 direcciones,Sobre calle,Ninguna,Oscuro sin iluminacion,No reportado,No,NO APLICA,99,98,99,98,1,28/11/2022,1
51,Virginia,510880,0,0,2,0,177,SPOTSYLVANIA (177),0,NO APLICA,11,Noviembre,22,2022,18,45,SR-208/COURTHOUSE RD,3,Highway estatal,Rural,Arteria Menor,State Highway Agency,0,Sin jurisdiccion especial,292,38.11770556,-77.74588889,Vehiculo en movimiento,Frente a frente,Not an Intersection,No fue interseccion,Sobre calle,Ninguna,Oscuro sin iluminacion,No reportado,No,NO APLICA,99,99,99,99,1,22/11/2022,2
51,Virginia,510881,1,1,1,0,179,STAFFORD (179),0,NO APLICA,11,Noviembre,2,2022,1,39,SR-3/KINGS HIGHWAY,3,Highway estatal,Rural,Arteria Principal,State Highway Agency,1,Sin jurisdiccion especial,380,38.26458889,-77.41609444,Peaton,El primer evento no fue una colision con un vehiculo automotor en transporte,Not an Intersection,No fue interseccion,Sobre calle,Ninguna,Oscuro sin iluminacion,No reportado,No,NO APLICA,99,98,99,98,1,02/11/2022,1
51,Virginia,510882,0,0,2,0,93,ISLE OF WIGHT (93),0,NO APLICA,11,Noviembre,16,2022,14,0,US-460,2,US Highway,Rural,Arteria Principal,State Highway Agency,1,Sin jurisdiccion especial,3612,36.85335,-76.81234167,Vehiculo en movimiento,Angulo,Four-Way Intersection,Interseccion de 4 direcciones,Sobre calle,Ninguna,Dia total,No reportado,No,NO APLICA,99,98,99,98,1,16/11/2022,2
51,Virginia,510883,1,1,1,0,59,FAIRFAX (59),0,NO APLICA,11,Noviembre,15,2022,6,10,CR-3294,4,Calle del Condado,Urbano,Colector Menor,State Highway Agency,0,Sin jurisdiccion especial,0,38.81046944,-77.24871111,Peaton,El primer evento no fue una colision con un vehiculo automotor en transporte,T-Intersection,Interseccion de T,Sobre calle,Ninguna,Oscuro sin iluminacion,No reportado,No,NO APLICA,99,99,99,99,1,15/11/2022,1
51,Virginia,510884,0,0,1,0,670,HOPEWELL (CITY) (670),1290,HOPEWELL,11,Noviembre,21,2022,12,49,LIBERTY AVE,6,Calle Local Municipalidad,Urbano,Arteria Principal,Town or Township Highway Agency,1,Sin jurisdiccion especial,0,37.28224167,-77.3,Barda,El primer evento no fue una colision con un vehiculo automotor en transporte,Not an Intersection,No fue interseccion,Sobre el lado de la calle,Ninguna,Dia total,No reportado,No,NO APLICA,99,99,99,99,1,21/11/2022,2
51,Virginia,510885,0,0,3,0,570,COLONIAL HEIGHTS(CITY) (570),620,COLONIAL HEIGHTS,11,Noviembre,21,2022,8,40,I-95,1,Interestatal,Urbano,Interestatal,State Highway Agency,1,Sin jurisdiccion especial,545,37.26056667,-77.39898611,Vehiculo en movimiento,Golpe Lateral - misma direccion,Not an Intersection,No fue interseccion,Sobre calle,Ninguna,Dia total,No reportado,No,NO APLICA,99,98,99,98,1,21/11/2022,3
51,Virginia,510886,0,0,2,1,87,HENRICO (87),0,NO APLICA,11,Noviembre,19,2022,9,30,CR-7552,6,Calle Local Municipalidad,Urbano,Arteria Menor,County Highway Agency,0,Sin jurisdiccion especial,19,37.60256389,-77.45705556,Valla Ferrocarril,El primer evento no fue una colision con un vehiculo automotor en transporte,Not an Intersection,No fue interseccion,Sobre el lado de la calle,Ninguna,Dia total,No reportado,No,NO APLICA,99,99,99,99,1,19/11/2022,1
51,Virginia,510887,0,0,2,0,145,POWHATAN (145),0,NO APLICA,11,Noviembre,22,2022,8,5,US-60,2,US Highway,Rural,Arteria Principal,State Highway Agency,1,Sin jurisdiccion especial,1680,37.51801389,-77.80560833,Vehiculo en movimiento,Angulo,T-Intersection,Interseccion de T,Sobre calle,Ninguna,Dia total,No reportado,No,NO APLICA,99,99,99,99,3,22/11/2022,5
51,Virginia,510888,0,0,2,0,33,CAROLINE (33),0,NO APLICA,11,Noviembre,28,2022,10,40,US-1,2,US Highway,Rural,Arteria Menor,State Highway Agency,0,Sin jurisdiccion especial,1208,37.93130556,-77.47981111,Poste,El primer evento no fue una colision con un vehiculo automotor en transporte,Four-Way Intersection,Interseccion de 4 direcciones,En el medio,Ninguna,Dia total,No reportado,No,NO APLICA,99,98,99,98,1,28/11/2022,2
51,Virginia,510889,0,0,1,0,760,RICHMOND (CITY) (760),2060,RICHMOND,11,Noviembre,3,2022,17,44,I-95,1,Interestatal,Urbano,Interestatal,State Highway Agency,1,Sin jurisdiccion especial,717,37.49543611,-77.43016111,Barda,El primer evento no fue una colision con un vehiculo automotor en transporte,Not an Intersection,No fue interseccion,Sobre el lado de la calle,Ninguna,Dia total,No reportado,No,NO APLICA,99,99,99,99,1,03/11/2022,1
51,Virginia,510890,0,0,2,0,69,FREDERICK (69),0,NO APLICA,11,Noviembre,10,2022,10,30,I-81,1,Interestatal,Urbano,Interestatal,State Highway Agency,1,Sin jurisdiccion especial,3178,39.16894167,-78.15326389,Vehiculo en movimiento,Frente a Detrás,Not an Intersection,No fue interseccion,Sobre calle,Ninguna,Dia total,No reportado,No,NO APLICA,99,99,99,99,1,10/11/2022,2
51,Virginia,510891,0,0,3,0,59,FAIRFAX (59),0,NO APLICA,11,Noviembre,11,2022,7,40,SR-286/FAIRFAX CO,3,Highway estatal,Urbano,Arteria Principal,State Highway Agency,0,Sin jurisdiccion especial,60,38.75841667,-77.22406111,Vehiculo en movimiento,Angulo,Not an Intersection,No fue interseccion,Sobre calle,Ninguna,Dia total,lluvia,No,NO APLICA,99,99,99,99,1,11/11/2022,3
51,Virginia,510892,0,0,1,0,155,PULASKI (155),0,NO APLICA,11,Noviembre,13,2022,22,38,CR-611,4,Calle del Condado,Urbano,Local,State Highway Agency,0,Sin jurisdiccion especial,4,37.06498333,-80.717975,Banqueta,El primer evento no fue una colision con un vehiculo automotor en transporte,Not an Intersection,No fue interseccion,Sobre el lado de la calle,Ninguna,Oscuro sin iluminacion,No reportado,No,NO APLICA,99,99,99,99,1,13/11/2022,1
51,Virginia,510893,0,0,1,0,830,WILLIAMSBURG (CITY) (830),2630,WILLIAMSBURG,11,Noviembre,24,2022,16,50,FRANCIS ST E,6,Calle Local Municipalidad,Urbano,Colector Mayor,City or Municipal Highway Agency,1,Sin jurisdiccion especial,18,37.27045,-76.69775556,Arbol,El primer evento no fue una colision con un vehiculo automotor en transporte,Not an Intersection,No fue interseccion,Sobre el lado de la calle,Ninguna,Dia total,No reportado,No,NO APLICA,99,99,99,99,1,24/11/2022,3
51,Virginia,510894,1,1,1,0,41,CHESTERFIELD (41),0,NO APLICA,12,Diciembre,23,2022,22,29,US-01,2,US Highway,Urbano,Arteria Principal,State Highway Agency,1,Sin jurisdiccion especial,857,37.43731667,-77.43908056,Peaton,El primer evento no fue una colision con un vehiculo automotor en transporte,Not an Intersection,No fue interseccion,Sobre calle,Ninguna,Oscuro sin iluminacion,No reportado,No,NO APLICA,99,98,99,98,1,23/12/2022,1
51,Virginia,510895,0,0,1,0,87,HENRICO (87),0,NO APLICA,11,Noviembre,27,2022,3,44,SR-73/PARHAM RD,3,Highway estatal,Urbano,Arteria Principal,State Highway Agency,0,Sin jurisdiccion especial,5,37.63598333,-77.44991944,Valla Ferrocarril,El primer evento no fue una colision con un vehiculo automotor en transporte,Not an Intersection,No fue interseccion,Sobre el lado de la calle,Ninguna,Oscuro sin iluminacion,No reportado,No,NO APLICA,99,98,99,98,1,27/11/2022,1
51,Virginia,510896,0,0,5,0,59,FAIRFAX (59),0,NO APLICA,12,Diciembre,1,2022,6,50,I-495,1,Interestatal,Urbano,Interestatal,State Highway Agency,1,Sin jurisdiccion especial,117,38.92565556,-77.21393333,Vehiculo en movimiento,Frente a Detrás,Not an Intersection,No fue interseccion,Sobre calle,Ninguna,Dia total,No reportado,No,NO APLICA,99,99,99,99,1,01/12/2022,5
51,Virginia,510897,1,1,1,0,31,CAMPBELL (31),0,NO APLICA,12,Diciembre,2,2022,17,40,US-501,2,US Highway,Rural,Local,State Highway Agency,0,Sin jurisdiccion especial,604,37.27680278,-79.10108333,Peaton,El primer evento no fue una colision con un vehiculo automotor en transporte,Not an Intersection,No fue interseccion,Sobre calle,Ninguna,Oscuro sin iluminacion,No reportado,No,NO APLICA,99,99,99,99,1,02/12/2022,1
51,Virginia,510898,0,0,1,0,119,MIDDLESEX (119),0,NO APLICA,12,Diciembre,2,2022,22,6,SR-33/GENERAL PULLER HWY,3,Highway estatal,Rural,Arteria Menor,State Highway Agency,0,Sin jurisdiccion especial,600,37.59128611,-76.49585833,Poste,El primer evento no fue una colision con un vehiculo automotor en transporte,Not an Intersection,No fue interseccion,Sobre el lado de la calle,Ninguna,Oscuro sin iluminacion,No reportado,No,NO APLICA,99,98,99,98,1,02/12/2022,1
51,Virginia,510899,0,0,1,0,147,PRINCE EDWARD (147),0,NO APLICA,12,Diciembre,3,2022,2,13,US-15,2,US Highway,Rural,Local,State Highway Agency,0,Sin jurisdiccion especial,502,37.15828889,-78.4387,Arbol,El primer evento no fue una colision con un vehiculo automotor en transporte,Not an Intersection,No fue interseccion,Sobre el lado de la calle,Ninguna,Oscuro sin iluminacion,lluvia,No,NO APLICA,99,98,99,98,1,03/12/2022,1
51,Virginia,510900,0,0,2,1,163,ROCKBRIDGE (163),0,NO APLICA,12,Diciembre,3,2022,18,10,CR-631,4,Calle del Condado,Rural,Colector Mayor,State Highway Agency,0,Sin jurisdiccion especial,157,37.76530833,-79.34037778,Vehiculo Aparcado,El primer evento no fue una colision con un vehiculo automotor en transporte,Not an Intersection,No fue interseccion,Sobre el lado de la calle,Ninguna,Oscuro sin iluminacion,No reportado,No,NO APLICA,99,99,99,99,1,03/12/2022,1
51,Virginia,510901,0,0,2,0,163,ROCKBRIDGE (163),0,NO APLICA,12,Diciembre,4,2022,23,1,I-81,1,Interestatal,Rural,Interestatal,State Highway Agency,1,Sin jurisdiccion especial,2029,37.90294722,-79.267,Vehiculo en movimiento,Angulo,Not an Intersection,No fue interseccion,Sobre calle,Ninguna,Oscuro sin iluminacion,No reportado,No,NO APLICA,99,99,99,99,1,04/12/2022,2
51,Virginia,510902,0,0,2,1,165,ROCKINGHAM (165),0,NO APLICA,12,Diciembre,5,2022,13,45,I-81,1,Interestatal,Rural,Interestatal,State Highway Agency,1,Sin jurisdiccion especial,2516,38.47508889,-78.81333056,Vehiculo Aparcado,El primer evento no fue una colision con un vehiculo automotor en transporte,Not an Intersection,No fue interseccion,Sobre Acotamiento,Ninguna,Dia total,No reportado,No,NO APLICA,99,99,99,99,1,05/12/2022,2
51,Virginia,510903,1,1,1,0,59,FAIRFAX (59),0,NO APLICA,12,Diciembre,4,2022,19,36,US-50,2,US Highway,Urbano,Arteria Principal,State Highway Agency,1,Sin jurisdiccion especial,775,38.86600556,-77.20015556,Peaton,El primer evento no fue una colision con un vehiculo automotor en transporte,Four-Way Intersection,Interseccion de 4 direcciones,Sobre calle,Ninguna,Oscuro con iluminacion,No reportado,No,NO APLICA,99,99,99,99,1,04/12/2022,1
51,Virginia,510904,0,0,2,0,730,PETERSBURG (CITY) (730),1910,PETERSBURG,12,Diciembre,31,2022,12,40,US-460,2,US Highway,Urbano,Arteria Principal,City or Municipal Highway Agency,1,Sin jurisdiccion especial,3224,37.20987778,-77.34883889,Vehiculo en movimiento,Frente a frente,Y-Intersection,Interseccion de Y,Sobre calle,Ninguna,Dia total,lluvia,No,NO APLICA,99,99,99,99,2,31/12/2022,3
51,Virginia,510905,0,0,2,0,760,RICHMOND (CITY) (760),2060,RICHMOND,12,Diciembre,20,2022,9,8,BROOK RD,6,Calle Local Municipalidad,Urbano,Arteria Menor,City or Municipal Highway Agency,0,Sin jurisdiccion especial,4,37.55933333,-77.44716111,Vehiculo en movimiento,Angulo,Not an Intersection,No fue interseccion,Sobre calle,Ninguna,Dia total,No reportado,No,NO APLICA,99,99,99,99,1,20/12/2022,3
51,Virginia,510906,0,1,2,1,191,WASHINGTON (191),10,ABINGDON,12,Diciembre,29,2022,13,40,W VALLEY ST,6,Calle Local Municipalidad,Urbano,Colector Mayor,City or Municipal Highway Agency,0,Sin jurisdiccion especial,2,36.71161944,-81.97568333,Vehiculo Aparcado,El primer evento no fue una colision con un vehiculo automotor en transporte,Not an Intersection,No fue interseccion,En estacionamiento,Ninguna,Dia total,No reportado,No,NO APLICA,99,99,99,99,1,29/12/2022,1
51,Virginia,510907,0,0,1,0,800,SUFFOLK (CITY) (800),2390,SUFFOLK,10,Octubre,13,2022,14,7,SR-32,3,Highway estatal,Rural,Colector Mayor,City or Municipal Highway Agency,0,Sin jurisdiccion especial,0,36.55461389,-76.57581111,Arbol,El primer evento no fue una colision con un vehiculo automotor en transporte,Not an Intersection,No fue interseccion,Sobre el lado de la calle,Ninguna,Dia total,No reportado,No,NO APLICA,99,99,99,99,1,13/10/2022,1
51,Virginia,510908,1,1,1,0,139,PAGE (139),0,NO APLICA,11,Noviembre,19,2022,8,7,CR-687,4,Calle del Condado,Rural,Local,State Highway Agency,0,Sin jurisdiccion especial,0,38.55564167,-78.43566389,Acotamiento,El primer evento no fue una colision con un vehiculo automotor en transporte,Not an Intersection,No fue interseccion,Sobre el lado de la calle,Ninguna,Dia total,No reportado,No,NO APLICA,99,98,99,98,1,19/11/2022,0
51,Virginia,510909,0,0,1,0,61,FAUQUIER (61),0,NO APLICA,12,Diciembre,1,2022,0,52,CR-601,4,Calle del Condado,Rural,Colector Menor,State Highway Agency,0,Sin jurisdiccion especial,20,38.87363333,-77.73725833,Arbol,El primer evento no fue una colision con un vehiculo automotor en transporte,Not an Intersection,No fue interseccion,Sobre el lado de la calle,Ninguna,Oscuro sin iluminacion,No reportado,No,NO APLICA,99,98,99,98,1,01/12/2022,1
51,Virginia,510910,1,1,1,0,31,CAMPBELL (31),0,NO APLICA,12,Diciembre,2,2022,1,35,US-501,2,US Highway,Rural,Arteria Menor,State Highway Agency,0,Sin jurisdiccion especial,604,37.19276667,-79.08458889,Peaton,El primer evento no fue una colision con un vehiculo automotor en transporte,Not an Intersection,No fue interseccion,Sobre calle,Ninguna,Oscuro sin iluminacion,No reportado,No,NO APLICA,99,99,99,99,1,02/12/2022,1
51,Virginia,510911,1,1,2,0,760,RICHMOND (CITY) (760),2060,RICHMOND,12,Diciembre,2,2022,21,27,US-1,2,US Highway,Urbano,Arteria Principal,City or Municipal Highway Agency,1,Sin jurisdiccion especial,0,37.55587222,-77.44200278,Peaton,El primer evento no fue una colision con un vehiculo automotor en transporte,Not an Intersection,No fue interseccion,Sobre calle,Ninguna,Oscuro con iluminacion,No reportado,No,NO APLICA,99,98,99,98,1,02/12/2022,2
51,Virginia,510912,0,0,1,0,111,LUNENBURG (111),0,NO APLICA,12,Diciembre,2,2022,19,43,CR-601,4,Calle del Condado,Rural,Colector Mayor,State Highway Agency,0,Sin jurisdiccion especial,44,37.00593056,-78.07425,Zanja,El primer evento no fue una colision con un vehiculo automotor en transporte,T-Intersection,Interseccion de T,Sobre el lado de la calle,Ninguna,Oscuro sin iluminacion,No reportado,No,NO APLICA,99,99,99,99,1,02/12/2022,1
51,Virginia,510913,0,0,1,0,15,AUGUSTA (15),0,NO APLICA,12,Diciembre,5,2022,20,16,CR-664,4,Calle del Condado,Rural,Colector Mayor,State Highway Agency,0,Sin jurisdiccion especial,42,37.9455,-78.96400556,Arbol,El primer evento no fue una colision con un vehiculo automotor en transporte,Not an Intersection,No fue interseccion,Sobre el lado de la calle,Ninguna,Oscuro sin iluminacion,No reportado,No,NO APLICA,99,98,99,98,1,05/12/2022,1
51,Virginia,510914,0,0,2,0,59,FAIRFAX (59),0,NO APLICA,12,Diciembre,6,2022,7,2,US-29,2,US Highway,Urbano,Arteria Principal,State Highway Agency,1,Sin jurisdiccion especial,2396,38.87375278,-77.23589167,Vehiculo en movimiento,Angulo,T-Intersection,Interseccion de T,Sobre calle,Ninguna,Amanecer,No reportado,No,NO APLICA,99,99,99,99,1,06/12/2022,2
51,Virginia,510915,0,0,3,0,15,AUGUSTA (15),0,NO APLICA,12,Diciembre,6,2022,6,50,US-250,2,US Highway,Rural,Arteria Menor,State Highway Agency,0,Sin jurisdiccion especial,349,38.30207222,-79.35950556,Vehiculo en movimiento,Golpe Lateral - direccion contraria,Not an Intersection,No fue interseccion,Sobre calle,Ninguna,Dia total,lluvia,No,NO APLICA,99,99,99,99,1,06/12/2022,3
51,Virginia,510916,1,1,1,0,41,CHESTERFIELD (41),0,NO APLICA,12,Diciembre,6,2022,6,30,US-60,2,US Highway,Urbano,Arteria Principal,State Highway Agency,1,Sin jurisdiccion especial,1842,37.50098889,-77.52806944,Peaton,El primer evento no fue una colision con un vehiculo automotor en transporte,Four-Way Intersection,Interseccion de 4 direcciones,Sobre calle,Ninguna,Amanecer,No reportado,No,NO APLICA,99,98,99,98,1,06/12/2022,1
51,Virginia,510917,1,1,2,0,153,PRINCE WILLIAM (153),0,NO APLICA,12,Diciembre,5,2022,6,12,US-1,2,US Highway,Urbano,Arteria Principal,State Highway Agency,1,Sin jurisdiccion especial,1648,38.52418611,-77.35740556,Peaton,El primer evento no fue una colision con un vehiculo automotor en transporte,Not an Intersection,No fue interseccion,Sobre calle,Ninguna,Oscuro sin iluminacion,No reportado,No,NO APLICA,99,98,99,98,1,05/12/2022,2
51,Virginia,510918,0,0,2,0,197,WYTHE (197),0,NO APLICA,12,Diciembre,9,2022,14,5,US-21,2,US Highway,Rural,Arteria Menor,State Highway Agency,0,Sin jurisdiccion especial,172,36.76689167,-81.17428333,Vehiculo en movimiento,Frente a frente,Not an Intersection,No fue interseccion,Sobre Acotamiento,Ninguna,Dia total,No reportado,No,NO APLICA,99,99,99,99,1,09/12/2022,3
51,Virginia,510920,0,0,1,0,185,TAZEWELL (185),0,NO APLICA,12,Diciembre,12,2022,7,0,SR-61,3,Highway estatal,Rural,Colector Mayor,State Highway Agency,0,Sin jurisdiccion especial,56,37.12968056,-81.43818056,Acotamiento,El primer evento no fue una colision con un vehiculo automotor en transporte,Not an Intersection,No fue interseccion,Sobre el lado de la calle,Ninguna,Amanecer,No reportado,No,NO APLICA,99,99,99,99,1,12/12/2022,1
51,Virginia,510921,0,0,2,0,193,WESTMORELAND (193),0,NO APLICA,12,Diciembre,13,2022,17,19,SR-203,3,Highway estatal,Rural,Arteria Menor,State Highway Agency,0,Sin jurisdiccion especial,42,38.00971944,-76.66041389,Vehiculo en movimiento,Frente a frente,Not an Intersection,No fue interseccion,Sobre calle,Ninguna,Dia total,No reportado,No,NO APLICA,99,99,99,99,1,13/12/2022,3
51,Virginia,510922,0,0,4,0,107,LOUDOUN (107),0,NO APLICA,12,Diciembre,13,2022,11,16,US-15,2,US Highway,Rural,Arteria Principal,State Highway Agency,1,Sin jurisdiccion especial,2113,39.03573056,-77.62488056,Vehiculo en movimiento,Frente a frente,Not an Intersection,No fue interseccion,Sobre calle,Ninguna,Dia total,No reportado,No,NO APLICA,99,99,99,99,1,13/12/2022,4
51,Virginia,510923,0,0,2,0,79,GREENE (79),0,NO APLICA,12,Diciembre,14,2022,17,19,US-29,2,US Highway,Urbano,Arteria Principal,State Highway Agency,1,Sin jurisdiccion especial,1531,38.22951111,-78.371625,Vehiculo en movimiento,Angulo,Not an Intersection,No fue interseccion,Sobre calle,Ninguna,Oscuro sin iluminacion,No reportado,No,NO APLICA,99,98,99,98,1,14/12/2022,2
51,Virginia,510924,1,1,1,0,117,MECKLENBURG (117),320,BRODNAX,12,Diciembre,16,2022,18,11,US-58,2,US Highway,Urbano,Arteria Principal,State Highway Agency,1,Sin jurisdiccion especial,3818,36.70560278,-78.03689444,Peaton,El primer evento no fue una colision con un vehiculo automotor en transporte,Not an Intersection,No fue interseccion,Sobre calle,Ninguna,Oscuro sin iluminacion,No reportado,No,NO APLICA,99,99,99,99,1,16/12/2022,1
51,Virginia,510925,0,0,1,0,75,GOOCHLAND (75),0,NO APLICA,12,Diciembre,13,2022,1,9,I-64,1,Interestatal,Rural,Interestatal,State Highway Agency,1,Sin jurisdiccion especial,1504,37.87058611,-78.01414444,Volcadura,El primer evento no fue una colision con un vehiculo automotor en transporte,Not an Intersection,No fue interseccion,En el medio,Ninguna,Oscuro sin iluminacion,No reportado,No,NO APLICA,99,99,99,99,1,13/12/2022,2
51,Virginia,510926,1,1,1,0,59,FAIRFAX (59),0,NO APLICA,12,Diciembre,18,2022,5,54,US-50,2,US Highway,Urbano,Arteria Principal,State Highway Agency,1,Sin jurisdiccion especial,786,38.86894167,-77.17886111,Peaton,El primer evento no fue una colision con un vehiculo automotor en transporte,Not an Intersection,No fue interseccion,Sobre calle,Ninguna,Oscuro sin iluminacion,No reportado,No,NO APLICA,99,98,99,98,1,18/12/2022,1
51,Virginia,510927,0,0,2,0,199,YORK (199),0,NO APLICA,12,Diciembre,16,2022,1,38,I-64,1,Interestatal,Urbano,Interestatal,State Highway Agency,1,Sin jurisdiccion especial,2407,37.27928333,-76.664575,Vehiculo en movimiento,Frente a Detrás,Not an Intersection,No fue interseccion,Sobre calle,Ninguna,Oscuro sin iluminacion,lluvia,No,NO APLICA,99,99,99,99,3,16/12/2022,24
51,Virginia,510928,1,1,1,0,83,HALIFAX (83),0,NO APLICA,12,Diciembre,20,2022,7,14,US-58,2,US Highway,Rural,Arteria Principal,State Highway Agency,1,Sin jurisdiccion especial,3170,36.60078056,-79.07154722,Peaton,El primer evento no fue una colision con un vehiculo automotor en transporte,Not an Intersection,No fue interseccion,Sobre calle,Ninguna,Amanecer,No reportado,No,NO APLICA,99,98,99,98,1,20/12/2022,1
51,Virginia,510929,0,0,2,0,810,VIRGINIA BEACH (CITY) (810),2540,VIRGINIA BEACH,12,Diciembre,21,2022,17,14,LYNHAVEN PKWY,6,Calle Local Municipalidad,Urbano,Arteria Menor,City or Municipal Highway Agency,0,Sin jurisdiccion especial,11,36.81183333,-76.07023611,Vehiculo en movimiento,Angulo,Not an Intersection,No fue interseccion,Sobre calle,Ninguna,Atardecer,No reportado,No,NO APLICA,99,98,99,98,1,21/12/2022,2
51,Virginia,510930,0,0,1,0,153,PRINCE WILLIAM (153),0,NO APLICA,12,Diciembre,20,2022,22,43,SR-234/SUDLEY RD,3,Highway estatal,Urbano,Arteria Menor,State Highway Agency,0,Sin jurisdiccion especial,48,38.77273333,-77.49960833,Banqueta,El primer evento no fue una colision con un vehiculo automotor en transporte,Not an Intersection,No fue interseccion,Sobre el lado de la calle,Ninguna,Oscuro con iluminacion,No reportado,No,NO APLICA,99,99,99,99,1,20/12/2022,2
51,Virginia,510931,0,0,2,0,15,AUGUSTA (15),0,NO APLICA,12,Diciembre,21,2022,6,47,SR-256/WEYERS CAVE RD,3,Highway estatal,Rural,Arteria Menor,State Highway Agency,0,Sin jurisdiccion especial,37,38.26881389,-78.87353333,Vehiculo en movimiento,Frente a frente,Not an Intersection,No fue interseccion,Sobre calle,Ninguna,Dia total,No reportado,No,NO APLICA,99,99,99,99,1,21/12/2022,2
51,Virginia,510932,0,0,2,0,37,CHARLOTTE (37),0,NO APLICA,12,Diciembre,22,2022,11,44,CR-762,4,Calle del Condado,Rural,Local,State Highway Agency,0,Sin jurisdiccion especial,33,37.06690833,-78.85347778,Vehiculo en movimiento,Frente a frente,T-Intersection,Interseccion de T,Sobre calle,Ninguna,Dia total,lluvia,No,NO APLICA,99,99,99,99,1,22/12/2022,3
51,Virginia,510933,1,1,1,0,59,FAIRFAX (59),0,NO APLICA,12,Diciembre,21,2022,18,40,US-1,2,US Highway,Urbano,Arteria Principal,State Highway Agency,1,Sin jurisdiccion especial,1895,38.77273611,-77.081425,Peaton,El primer evento no fue una colision con un vehiculo automotor en transporte,Not an Intersection,No fue interseccion,Sobre calle,Ninguna,Oscuro con iluminacion,No reportado,No,NO APLICA,99,99,99,99,1,21/12/2022,1
51,Virginia,510934,0,0,3,0,810,VIRGINIA BEACH (CITY) (810),2540,VIRGINIA BEACH,12,Diciembre,22,2022,12,55,I-64,1,Interestatal,Urbano,Interestatal,State Highway Agency,1,Sin jurisdiccion especial,2871,36.80889722,-76.19532222,Vehiculo en movimiento,Frente a Detrás,Not an Intersection,No fue interseccion,Sobre calle,Ninguna,Dia total,lluvia,No,NO APLICA,99,99,99,99,1,22/12/2022,5
51,Virginia,510935,0,0,1,0,117,MECKLENBURG (117),0,NO APLICA,12,Diciembre,22,2022,20,39,I-85,1,Interestatal,Rural,Interestatal,State Highway Agency,1,Sin jurisdiccion especial,96,36.67437222,-78.12927222,Zanja,El primer evento no fue una colision con un vehiculo automotor en transporte,Not an Intersection,No fue interseccion,Sobre el lado de la calle,Ninguna,Oscuro sin iluminacion,lluvia,No,NO APLICA,99,98,99,98,1,22/12/2022,1
51,Virginia,510936,0,0,1,0,25,BRUNSWICK (25),0,NO APLICA,12,Diciembre,23,2022,11,0,CR-632,4,Calle del Condado,Rural,Local,State Highway Agency,0,Sin jurisdiccion especial,26,36.87826667,-77.74386389,Zanja,El primer evento no fue una colision con un vehiculo automotor en transporte,Not an Intersection,No fue interseccion,Sobre el lado de la calle,Ninguna,Dia total,No reportado,No,NO APLICA,99,99,99,99,1,23/12/2022,1
51,Virginia,510937,0,0,2,0,53,DINWIDDIE (53),0,NO APLICA,12,Diciembre,24,2022,15,30,US-1,2,US Highway,Rural,Arteria Menor,State Highway Agency,0,Sin jurisdiccion especial,504,37.03382778,-77.65130278,Vehiculo en movimiento,Frente a frente,Not an Intersection,No fue interseccion,Sobre calle,Ninguna,Dia total,No reportado,No,NO APLICA,99,99,99,99,1,24/12/2022,2
51,Virginia,510938,0,0,2,0,820,WAYNSBORO (CITY) (820),2610,WAYNESBORO,12,Diciembre,6,2022,12,32,N CHARLOTTE AVE,6,Calle Local Municipalidad,Urbano,Colector Mayor,City or Municipal Highway Agency,0,Sin jurisdiccion especial,0,38.06853889,-78.88202222,Vehiculo en movimiento,Angulo,Four-Way Intersection,Interseccion de 4 direcciones,Sobre calle,Ninguna,Dia total,lluvia,No,NO APLICA,99,99,99,99,1,06/12/2022,2