Estado,Nombre de Estado,Numero de Caso,Peatones,Personas _no_vehiculos,Vehiculos automotores,Vehiculos estacionados,Condado,Nombre Condado,Ciudad,Nombre Ciudad,Mes,Nombre Mes,Dia,Año,Hora,Minuto,Calle,Ruta,Nombre Ruta,Rural o Urbanoo,Sistema Funcional,Dueño Calle,Sistema Nacional Carreteras,Jurisdiccion Especial,Milla,Latitud,Longitud,Causa del Accidente,Tipo de Accidente,Tipo Interseccion,Columna1,Lugar en la calle,Zona de Trabajo,Luz,Clima,Autobus Escolar,Cruce de Trenes,Hora Notificacion,Minuto Notificacion,Hora Llegada,Minuto Llegada,Decesos,Fecha,PersonaVehiculo
51,Virginia,510939,0,0,1,0,31,CAMPBELL (31),0,NO APLICA,12,Diciembre,25,2022,19,18,CR-609,4,Calle del Condado,Rural,Colector Mayor,State Highway Agency,0,Sin jurisdiccion especial,80,37.38958611,-79.04593889,Buzon de correo,El primer evento no fue una colision con un vehiculo automotor en transporte,T-Intersection,Interseccion de T,Sobre el lado de la calle,Ninguna,Oscuro sin iluminacion,No reportado,No,NO APLICA,99,99,99,99,1,25/12/2022,3
51,Virginia,510940,0,0,2,0,41,CHESTERFIELD (41),0,NO APLICA,12,Diciembre,24,2022,17,33,CR-659,4,Calle del Condado,Urbano,Arteria Menor,State Highway Agency,0,Sin jurisdiccion especial,25,37.3585,-77.67188056,Vehiculo en movimiento,Frente a frente,Y-Intersection,Interseccion de Y,Sobre calle,Ninguna,Oscuro sin iluminacion,No reportado,No,NO APLICA,99,99,99,99,1,24/12/2022,3
51,Virginia,510941,0,0,1,0,19,BEDFORD (19),0,NO APLICA,12,Diciembre,25,2022,1,30,US-460,2,US Highway,Urbano,Arteria Principal,State Highway Agency,1,Sin jurisdiccion especial,1663,37.38669167,-79.79504167,Volcadura,El primer evento no fue una colision con un vehiculo automotor en transporte,Not an Intersection,No fue interseccion,En el medio,Ninguna,Oscuro sin iluminacion,No reportado,No,NO APLICA,99,98,99,98,1,25/12/2022,1
51,Virginia,510942,1,1,2,0,163,ROCKBRIDGE (163),0,NO APLICA,12,Diciembre,24,2022,19,15,US-11,2,US Highway,Rural,Arteria Menor,State Highway Agency,0,Sin jurisdiccion especial,1982,37.721625,-79.47018333,Vehiculo en movimiento,Angulo,Not an Intersection,No fue interseccion,Sobre calle,Ninguna,Oscuro sin iluminacion,No reportado,No,NO APLICA,99,99,99,99,1,24/12/2022,1
51,Virginia,510943,0,0,1,0,11,APPOMATTOX (11),0,NO APLICA,12,Diciembre,26,2022,18,39,US-460,2,US Highway,Rural,Arteria Principal,State Highway Agency,1,Sin jurisdiccion especial,2221,37.35865556,-78.88705278,Arbol,El primer evento no fue una colision con un vehiculo automotor en transporte,Not an Intersection,No fue interseccion,Sobre el lado de la calle,Ninguna,Oscuro sin iluminacion,No reportado,No,NO APLICA,99,99,99,99,1,26/12/2022,1
51,Virginia,510944,1,1,1,0,700,NEWPORT NEWS (CITY) (700),1720,NEWPORT NEWS,12,Diciembre,16,2022,21,45,SR-143,3,Highway estatal,Urbano,Arteria Principal,City or Municipal Highway Agency,1,Sin jurisdiccion especial,110,37.017175,-76.44333056,Peaton,El primer evento no fue una colision con un vehiculo automotor en transporte,Four-Way Intersection,Interseccion de 4 direcciones,Sobre calle,Ninguna,Oscuro con iluminacion,No reportado,No,NO APLICA,99,98,99,98,1,16/12/2022,1
51,Virginia,510945,0,0,1,0,117,MECKLENBURG (117),0,NO APLICA,12,Diciembre,27,2022,8,50,CR-637,4,Calle del Condado,Rural,Colector Mayor,Town or Township Highway Agency,0,Sin jurisdiccion especial,12,36.75889444,-78.13074444,Arbol,El primer evento no fue una colision con un vehiculo automotor en transporte,Not an Intersection,No fue interseccion,Sobre el lado de la calle,Ninguna,Dia total,No reportado,No,NO APLICA,99,98,99,98,1,27/12/2022,1
51,Virginia,510946,0,0,1,0,550,CHESAPEAKE(CITY) (550),468,CHESAPEAKE,12,Diciembre,28,2022,6,0,I-64,1,Interestatal,Urbano,Interestatal,State Highway Agency,1,Sin jurisdiccion especial,2996,36.77819722,-76.38313611,Valla Ferrocarril,El primer evento no fue una colision con un vehiculo automotor en transporte,Not an Intersection,No fue interseccion,Sobre el lado de la calle,"Zona de trabajo, tipo desconocido",Amanecer,No reportado,No,NO APLICA,99,98,99,98,1,28/12/2022,1
51,Virginia,510947,0,0,1,0,149,PRINCE GEORGE (149),0,NO APLICA,12,Diciembre,20,2022,14,58,US-460,2,US Highway,Rural,Arteria Principal,State Highway Agency,1,Sin jurisdiccion especial,3283,37.15277222,-77.27055278,Arbol,El primer evento no fue una colision con un vehiculo automotor en transporte,Not an Intersection,No fue interseccion,Sobre el lado de la calle,Ninguna,Dia total,No reportado,No,NO APLICA,99,99,99,99,1,20/12/2022,1
51,Virginia,510948,0,0,2,0,700,NEWPORT NEWS (CITY) (700),1720,NEWPORT NEWS,12,Diciembre,28,2022,19,25,SR-143/JEFFERSON AVE,3,Highway estatal,Urbano,Arteria Principal,City or Municipal Highway Agency,0,Sin jurisdiccion especial,164,37.08825,-76.48371389,Vehiculo en movimiento,Angulo,Four-Way Intersection,Interseccion de 4 direcciones,Sobre calle,Ninguna,Oscuro con iluminacion,No reportado,No,NO APLICA,99,99,99,99,1,28/12/2022,2
51,Virginia,510949,0,0,1,0,61,FAUQUIER (61),0,NO APLICA,12,Diciembre,28,2022,23,30,CR-651,4,Calle del Condado,Rural,Local,State Highway Agency,0,Sin jurisdiccion especial,228,38.641275,-77.81094167,Arbol,El primer evento no fue una colision con un vehiculo automotor en transporte,Not an Intersection,No fue interseccion,Sobre el lado de la calle,Ninguna,Oscuro sin iluminacion,No reportado,No,NO APLICA,99,99,99,99,2,28/12/2022,2
51,Virginia,510950,1,1,1,0,630,FREDERICKSBURG (CITY) (630),1020,FREDERICKSBURG,12,Diciembre,21,2022,13,55,I-95,1,Interestatal,Urbano,Interestatal,State Highway Agency,1,Sin jurisdiccion especial,1307,38.29684444,-77.505675,Ciclista,El primer evento no fue una colision con un vehiculo automotor en transporte,Not an Intersection,No fue interseccion,Sobre calle,Ninguna,Dia total,No reportado,No,NO APLICA,99,99,99,99,1,21/12/2022,1
51,Virginia,510951,0,0,1,0,650,HAMPTON (CITY) (650),1180,HAMPTON,12,Diciembre,30,2022,2,10,I-64,1,Interestatal,Urbano,Interestatal,State Highway Agency,1,Sin jurisdiccion especial,2615,37.06231389,-76.42222778,Barrera de Trafico de Concreto,El primer evento no fue una colision con un vehiculo automotor en transporte,Not an Intersection,No fue interseccion,Sobre el lado de la calle,Ninguna,Oscuro con iluminacion,No reportado,No,NO APLICA,99,98,99,98,1,30/12/2022,1
51,Virginia,510952,0,0,2,0,99,KING GEORGE (99),0,NO APLICA,12,Diciembre,31,2022,12,35,SR-218/WINDSOR DR,3,Highway estatal,Rural,Colector Mayor,State Highway Agency,0,Sin jurisdiccion especial,253,38.31585278,-77.07941111,Vehiculo en movimiento,Frente a frente,Not an Intersection,No fue interseccion,Sobre calle,Ninguna,Dia total,lluvia,No,NO APLICA,99,99,99,99,1,31/12/2022,2
51,Virginia,510953,0,0,1,0,15,AUGUSTA (15),0,NO APLICA,12,Diciembre,31,2022,19,52,I-81,1,Interestatal,Rural,Interestatal,State Highway Agency,1,Sin jurisdiccion especial,2361,38.293025,-78.93186667,Zanja,El primer evento no fue una colision con un vehiculo automotor en transporte,Not an Intersection,No fue interseccion,En el medio,Ninguna,Oscuro sin iluminacion,lluvia,No,NO APLICA,99,98,99,98,1,31/12/2022,1
51,Virginia,510954,0,0,1,0,41,CHESTERFIELD (41),0,NO APLICA,12,Diciembre,27,2022,16,35,SR-150/CHIPPENHAM PKWY,3,Highway estatal,Urbano,Arterial Principal -Freeway o ExpressWay,State Highway Agency,1,Sin jurisdiccion especial,15,37.43950833,-77.46306944,Barrera de Trafico de Concreto,El primer evento no fue una colision con un vehiculo automotor en transporte,Not an Intersection,No fue interseccion,Sobre el lado de la calle,Ninguna,Dia total,No reportado,No,NO APLICA,99,99,99,99,1,27/12/2022,4
51,Virginia,510955,0,0,1,0,99,KING GEORGE (99),0,NO APLICA,12,Diciembre,8,2022,1,30,SR-3/KINGS WHY,3,Highway estatal,Urbano,Arteria Principal,State Highway Agency,1,Sin jurisdiccion especial,520,38.26839167,-77.18369444,Poste de Señal de trafico,El primer evento no fue una colision con un vehiculo automotor en transporte,Not an Intersection,No fue interseccion,Sobre el lado de la calle,Ninguna,Oscuro sin iluminacion,lluvia,No,NO APLICA,99,98,99,98,1,08/12/2022,1
51,Virginia,510956,1,1,1,0,59,FAIRFAX (59),0,NO APLICA,12,Diciembre,8,2022,0,58,I-66,1,Interestatal,Urbano,Interestatal,State Highway Agency,1,Sin jurisdiccion especial,594,38.867225,-77.31753333,Peaton,El primer evento no fue una colision con un vehiculo automotor en transporte,Not an Intersection,No fue interseccion,Sobre calle,"Zona de trabajo, tipo desconocido",Oscuro con iluminacion,Neblina o Humo,No,NO APLICA,99,98,99,98,1,08/12/2022,1
51,Virginia,510957,0,0,1,0,93,ISLE OF WIGHT (93),0,NO APLICA,12,Diciembre,31,2022,22,0,US-17,2,US Highway,Urbano,Arteria Principal,State Highway Agency,1,Sin jurisdiccion especial,437,36.94123889,-76.53701667,Immersion total o parcial,El primer evento no fue una colision con un vehiculo automotor en transporte,Four-Way Intersection,Interseccion de 4 direcciones,Sobre el lado de la calle,Ninguna,Oscuro sin iluminacion,No reportado,No,NO APLICA,99,98,99,98,1,31/12/2022,1
51,Virginia,510958,0,0,2,0,187,WARREN (187),1040,FRONT ROYAL,12,Diciembre,31,2022,7,32,US-522,2,US Highway,Urbano,Arteria Principal,State Highway Agency,1,Sin jurisdiccion especial,1191,38.94671667,-78.19965278,Vehiculo en movimiento,Angulo,Four-Way Intersection,Interseccion de 4 direcciones,Sobre calle,Ninguna,Dia total,No reportado,No,NO APLICA,99,99,99,99,1,31/12/2022,2
51,Virginia,510959,0,1,2,1,710,NORFOLK (CITY) (710),1760,NORFOLK,12,Diciembre,10,2022,2,14,US-58,2,US Highway,Urbano,Arteria Principal,City or Municipal Highway Agency,1,Sin jurisdiccion especial,0,36.85216667,-76.26693889,Banqueta,El primer evento no fue una colision con un vehiculo automotor en transporte,Not an Intersection,No fue interseccion,En el medio,Ninguna,Oscuro con iluminacion,No reportado,No,NO APLICA,99,99,99,99,1,10/12/2022,2
51,Virginia,510960,0,0,1,0,660,HARRISONBURG (CITY) (660),1190,HARRISONBURG,5,Mayo,30,2022,17,1,NOLL RD,6,Calle Local Municipalidad,Urbano,Arteria Menor,City or Municipal Highway Agency,0,Sin jurisdiccion especial,0,38.45281111,-78.86968333,Vehiculo Ferrocarril,El primer evento no fue una colision con un vehiculo automotor en transporte,Not an Intersection,No fue interseccion,Sobre calle,Ninguna,Dia total,No reportado,No,859970G,99,99,99,99,1,30/05/2022,3
51,Virginia,510961,0,0,1,0,800,SUFFOLK (CITY) (800),2390,SUFFOLK,11,Noviembre,20,2022,0,48,US-58,2,US Highway,Urbano,Arteria Principal,City or Municipal Highway Agency,1,Sin jurisdiccion especial,43,36.74085556,-76.55811944,Banqueta,El primer evento no fue una colision con un vehiculo automotor en transporte,Not an Intersection,No fue interseccion,Sobre el lado de la calle,Ninguna,Oscuro con iluminacion,No reportado,No,NO APLICA,99,98,99,98,1,20/11/2022,1
51,Virginia,510962,0,0,2,0,41,CHESTERFIELD (41),475,CHESTERFIELD,9,Septiembre,7,2022,15,0,POLO PKWY,6,Calle Local Municipalidad,Urbano,Local,State Highway Agency,0,Sin jurisdiccion especial,0,37.524925,-77.60743889,Vehiculo en movimiento,Angulo,Four-Way Intersection,Interseccion de 4 direcciones,Sobre calle,Ninguna,Dia total,lluvia,No,NO APLICA,99,99,99,99,1,07/09/2022,2
51,Virginia,510963,0,0,2,0,810,VIRGINIA BEACH (CITY) (810),2540,VIRGINIA BEACH,9,Septiembre,23,2022,4,48,RT-408,8,Otro,Urbano,Arteria Menor,City or Municipal Highway Agency,0,Sin jurisdiccion especial,5,36.85489722,-76.02448056,Vehiculo en movimiento,Frente a frente,Not an Intersection,No fue interseccion,Sobre calle,Ninguna,Oscuro con iluminacion,No reportado,No,NO APLICA,99,99,99,99,1,23/09/2022,2
51,Virginia,510964,1,1,1,0,41,CHESTERFIELD (41),0,NO APLICA,2,Febrero,10,2022,14,19,US-60,2,US Highway,Urbano,Arteria Principal,State Highway Agency,1,Sin jurisdiccion especial,1835,37.49873056,-77.54028333,Peaton,El primer evento no fue una colision con un vehiculo automotor en transporte,Not an Intersection,No fue interseccion,Sobre calle,Ninguna,Dia total,No reportado,No,NO APLICA,99,99,99,99,1,10/02/2022,1
51,Virginia,510965,0,0,2,0,107,LOUDOUN (107),0,NO APLICA,4,Abril,21,2022,17,24,SR-9/CHARLES TOWN PIKE,3,Highway estatal,Rural,Arteria Menor,State Highway Agency,0,Sin jurisdiccion especial,64,39.19261944,-77.70263056,Vehiculo en movimiento,Angulo,T-Intersection,Interseccion de T,Sobre calle,Ninguna,Dia total,No reportado,No,NO APLICA,99,99,99,99,1,21/04/2022,3
51,Virginia,510966,0,0,2,0,105,LEE (105),1900,PENNINGTON GAP,5,Mayo,19,2022,14,17,US-58,2,US Highway,Rural,Arteria Menor,State Highway Agency,0,Sin jurisdiccion especial,71,36.75214722,-83.0418,Vehiculo en movimiento,Frente a Detrás,Not an Intersection,No fue interseccion,Sobre calle,"Zona de trabajo, tipo desconocido",Dia total,No reportado,No,NO APLICA,99,99,99,99,1,19/05/2022,2
51,Virginia,510968,0,0,1,0,45,CRAIG (45),0,NO APLICA,7,Julio,9,2022,16,30,SR-311/CRAIG VALLEY DR,3,Highway estatal,Rural,Arteria Menor,State Highway Agency,0,Sin jurisdiccion especial,139,37.40008889,-80.15589444,Arbol,El primer evento no fue una colision con un vehiculo automotor en transporte,Not an Intersection,No fue interseccion,Sobre el lado de la calle,Ninguna,Dia total,lluvia,No,NO APLICA,99,99,99,99,1,09/07/2022,1
51,Virginia,510969,0,0,1,0,59,FAIRFAX (59),0,NO APLICA,10,Octubre,12,2022,11,24,US-50/LEE JACKSON MEM HWY RAMP,2,US Highway,Urbano,Arterial Principal -Freeway o ExpressWay,State Highway Agency,0,Sin jurisdiccion especial,1,38.89914167,-77.43693056,Poste,El primer evento no fue una colision con un vehiculo automotor en transporte,Not an Intersection,No fue interseccion,Sobre el lado de la calle,Ninguna,Dia total,No reportado,No,NO APLICA,99,99,99,99,1,12/10/2022,1
51,Virginia,510970,0,0,1,0,35,CARROLL (35),1250,HILLSVILLE,12,Diciembre,4,2022,9,28,CR-1001,4,Calle del Condado,Rural,Local,State Highway Agency,0,Sin jurisdiccion especial,2,36.76816111,-80.73676111,Arbol,El primer evento no fue una colision con un vehiculo automotor en transporte,Not an Intersection,No fue interseccion,Sobre el lado de la calle,Ninguna,Dia total,No reportado,No,NO APLICA,99,99,99,99,1,04/12/2022,1
51,Virginia,510971,1,1,1,0,47,CULPEPER (47),690,CULPEPER,11,Noviembre,11,2022,0,19,US-29,2,US Highway,Urbano,Arteria Principal,City or Municipal Highway Agency,1,Sin jurisdiccion especial,6,38.45860833,-78.01493611,Peaton,El primer evento no fue una colision con un vehiculo automotor en transporte,Not an Intersection,No fue interseccion,Sobre calle,Ninguna,Oscuro sin iluminacion,No reportado,No,NO APLICA,99,99,99,99,1,11/11/2022,2
51,Virginia,510972,0,0,2,0,171,SHENANDOAH (171),0,NO APLICA,9,Septiembre,14,2022,12,13,SR-42/SENEDO RD,3,Highway estatal,Rural,Colector Mayor,State Highway Agency,0,Sin jurisdiccion especial,2697,38.87480278,-78.55102222,Vehiculo en movimiento,Angulo,Four-Way Intersection,Interseccion de 4 direcciones,Sobre calle,Ninguna,Dia total,No reportado,No,NO APLICA,99,99,99,99,1,14/09/2022,2
53,Washington,530001,0,0,1,0,5,BENTON (5),1020,KENNEWICK,1,Enero,1,2022,1,50,SR-240,3,Highway estatal,Urbano,Arterial Principal -Freeway o ExpressWay,State Highway Agency,0,Sin jurisdiccion especial,412,46.21695278,-119.1400972,Poste de Señal de trafico,El primer evento no fue una colision con un vehiculo automotor en transporte,Not an Intersection,No fue interseccion,En el medio,Ninguna,Oscuro con iluminacion,Despejado,No,NO APLICA,99,99,99,99,1,01/01/2022,1
53,Washington,530002,0,0,2,0,25,GRANT (25),0,NO APLICA,1,Enero,1,2022,17,35,SR-243,3,Highway estatal,Rural,Arteria Menor,State Highway Agency,0,Sin jurisdiccion especial,129,46.72231944,-119.9167861,Vehiculo en movimiento,Angulo,Not an Intersection,No fue interseccion,Sobre calle,Ninguna,Oscuro sin iluminacion,Despejado,No,NO APLICA,99,99,99,99,1,01/01/2022,2
53,Washington,530003,1,1,1,0,33,KING (33),532,DES MOINES,1,Enero,3,2022,7,28,SR-99,3,Highway estatal,Urbano,Arteria Principal,State Highway Agency,0,Sin jurisdiccion especial,119,47.39371667,-122.2945306,Peaton,El primer evento no fue una colision con un vehiculo automotor en transporte,Four-Way Intersection,Interseccion de 4 direcciones,Sobre calle,Ninguna,Oscuro con iluminacion,lluvia,No,NO APLICA,99,99,99,99,1,03/01/2022,1
53,Washington,530004,1,1,1,0,73,WHATCOM (73),0,NO APLICA,1,Enero,4,2022,12,35,SR-539,3,Highway estatal,Urbano,Arteria Principal,State Highway Agency,0,Sin jurisdiccion especial,68,48.88136389,-122.485725,Peaton,El primer evento no fue una colision con un vehiculo automotor en transporte,Not an Intersection,No fue interseccion,Sobre Acotamiento,Ninguna,Dia total,Nublado,No,NO APLICA,99,99,99,99,1,04/01/2022,2
53,Washington,530005,0,0,2,0,41,LEWIS (41),0,NO APLICA,1,Enero,10,2022,9,15,SR-505,3,Highway estatal,Rural,Colector Mayor,State Highway Agency,0,Sin jurisdiccion especial,54,46.45732778,-122.8428944,Vehiculo en movimiento,Frente a frente,Not an Intersection,No fue interseccion,Sobre calle,Ninguna,Dia total,lluvia,No,NO APLICA,99,99,99,99,1,10/01/2022,2
53,Washington,530006,0,0,3,0,53,PIERCE (53),1770,PUYALLUP,1,Enero,7,2022,9,3,SR-167,3,Highway estatal,Urbano,Arteria Principal,State Highway Agency,0,Sin jurisdiccion especial,61,47.19879444,-122.2943444,Vehiculo en movimiento,Frente a Detrás,Four-Way Intersection,Interseccion de 4 direcciones,Sobre calle,Ninguna,Dia total,Nublado,No,NO APLICA,99,99,99,99,1,07/01/2022,3
53,Washington,530007,0,0,1,0,39,KLICKITAT (39),0,NO APLICA,1,Enero,7,2022,12,4,SR-14,3,Highway estatal,Rural,Arteria Principal,State Highway Agency,0,Sin jurisdiccion especial,774,45.684875,-121.2616972,Piedrotototota,El primer evento no fue una colision con un vehiculo automotor en transporte,Not an Intersection,No fue interseccion,Sobre calle,Ninguna,Dia total,Despejado,No,NO APLICA,99,99,99,99,1,07/01/2022,1
53,Washington,530008,1,1,1,0,73,WHATCOM (73),0,NO APLICA,1,Enero,4,2022,18,17,SR-9,3,Highway estatal,Rural,Colector Mayor,State Highway Agency,0,Sin jurisdiccion especial,776,48.79749167,-122.1918639,Peaton,El primer evento no fue una colision con un vehiculo automotor en transporte,Not an Intersection,No fue interseccion,Sobre calle,Ninguna,Oscuro sin iluminacion,Nieve,No,NO APLICA,99,99,99,99,1,04/01/2022,1
53,Washington,530009,0,0,1,0,53,PIERCE (53),0,NO APLICA,1,Enero,11,2022,3,27,I-5,1,Interestatal,Urbano,Interestatal,State Highway Agency,1,Sin jurisdiccion especial,1389,47.24839722,-122.3337333,Arbol,El primer evento no fue una colision con un vehiculo automotor en transporte,Not an Intersection,No fue interseccion,Sobre el lado de la calle,Ninguna,Oscuro sin iluminacion,lluvia,No,NO APLICA,99,99,99,99,1,11/01/2022,1
53,Washington,530010,2,2,1,0,53,PIERCE (53),0,NO APLICA,1,Enero,15,2022,10,30,CR-104TH ST E,4,Calle del Condado,Urbano,Arteria Menor,County Highway Agency,0,Sin jurisdiccion especial,12,47.16225833,-122.3963167,Peaton,El primer evento no fue una colision con un vehiculo automotor en transporte,Not an Intersection,No fue interseccion,Sobre Acotamiento,Ninguna,Dia total,Despejado,No,NO APLICA,99,99,99,99,1,15/01/2022,1
53,Washington,530011,1,1,1,0,17,DOUGLAS (17),0,NO APLICA,1,Enero,13,2022,17,55,SR-28,3,Highway estatal,Rural,Arterial Principal -Freeway o ExpressWay,State Highway Agency,0,Sin jurisdiccion especial,195,47.28719444,-120.0653917,Peaton,El primer evento no fue una colision con un vehiculo automotor en transporte,Not an Intersection,No fue interseccion,Sobre calle,Ninguna,Oscuro sin iluminacion,Nublado,No,NO APLICA,99,99,99,99,1,13/01/2022,1
53,Washington,530012,0,0,1,0,33,KING (33),0,NO APLICA,1,Enero,9,2022,1,43,SR-202,3,Highway estatal,Rural,Arteria Menor,State Highway Agency,0,Sin jurisdiccion especial,223,47.56785833,-121.8751444,Immersion total o parcial,El primer evento no fue una colision con un vehiculo automotor en transporte,Not an Intersection,No fue interseccion,Sobre el lado de la calle,Ninguna,Oscuro con iluminacion,Nublado,No,NO APLICA,99,99,99,99,2,09/01/2022,4
53,Washington,530013,0,0,2,0,63,SPOKANE (63),0,NO APLICA,1,Enero,13,2022,7,0,CR-N WOOD RD,4,Calle del Condado,Rural,Colector Menor,County Highway Agency,0,Sin jurisdiccion especial,52,47.718525,-117.7332,Vehiculo en movimiento,Frente a frente,Not an Intersection,No fue interseccion,Sobre calle,Ninguna,Amanecer,Neblina o Humo,No,NO APLICA,99,99,99,99,1,13/01/2022,2
53,Washington,530014,1,1,1,0,33,KING (33),229,BURIEN,1,Enero,15,2022,18,31,SR-518,3,Highway estatal,Urbano,Arterial Principal -Freeway o ExpressWay,State Highway Agency,0,Sin jurisdiccion especial,6,47.47006667,-122.3196556,Peaton,El primer evento no fue una colision con un vehiculo automotor en transporte,Not an Intersection,No fue interseccion,Sobre calle,Ninguna,Oscuro sin iluminacion,Neblina o Humo,No,NO APLICA,99,99,99,99,1,15/01/2022,1
53,Washington,530015,1,1,1,0,51,PEND OREILLE (51),1480,NEWPORT,1,Enero,17,2022,18,45,US-2,2,US Highway,Rural,Arteria Principal,State Highway Agency,1,Sin jurisdiccion especial,3250,48.17616667,-117.0581889,Peaton,El primer evento no fue una colision con un vehiculo automotor en transporte,Not an Intersection,No fue interseccion,Sobre Acotamiento,Ninguna,Oscuro con iluminacion,Neblina o Humo,No,NO APLICA,99,99,99,99,1,17/01/2022,1
53,Washington,530016,1,1,1,0,33,KING (33),1960,SEATTLE,1,Enero,4,2022,16,53,S HOLGATE ST,6,Calle Local Municipalidad,Urbano,Arteria Menor,City or Municipal Highway Agency,0,Sin jurisdiccion especial,0,47.58619444,-122.3300083,Ciclista,El primer evento no fue una colision con un vehiculo automotor en transporte,Four-Way Intersection,Interseccion de 4 direcciones,Sobre calle,Ninguna,Oscuro con iluminacion,lluvia,No,NO APLICA,99,99,99,99,1,04/01/2022,1
53,Washington,530017,1,1,1,0,41,LEWIS (41),0,NO APLICA,1,Enero,4,2022,17,18,CR-GORE RD,4,Calle del Condado,Rural,Local,County Highway Agency,0,Sin jurisdiccion especial,10,46.54656111,-122.6977833,Peaton,El primer evento no fue una colision con un vehiculo automotor en transporte,T-Intersection,Interseccion de T,Sobre calle,Ninguna,Oscuro sin iluminacion,lluvia,No,NO APLICA,99,99,99,99,1,04/01/2022,1
53,Washington,530018,1,1,1,0,63,SPOKANE (63),2113,SPOKANE VALLEY,1,Enero,15,2022,17,50,E SPRAGUE AVE,6,Calle Local Municipalidad,Urbano,Arteria Principal,City or Municipal Highway Agency,0,Sin jurisdiccion especial,0,47.65717222,-117.33925,Peaton,El primer evento no fue una colision con un vehiculo automotor en transporte,Not an Intersection,No fue interseccion,Sobre calle,Ninguna,Oscuro con iluminacion,Despejado,No,NO APLICA,99,99,99,99,1,15/01/2022,1
53,Washington,530019,0,0,1,0,57,SKAGIT (57),0,NO APLICA,1,Enero,18,2022,20,22,CR-BLANCHARD RD,4,Calle del Condado,Rural,Local,County Highway Agency,0,Sin jurisdiccion especial,1,48.60186111,-122.425925,Acotamiento,El primer evento no fue una colision con un vehiculo automotor en transporte,Not an Intersection,No fue interseccion,Sobre el lado de la calle,Ninguna,Oscuro sin iluminacion,Nublado,No,NO APLICA,99,99,99,99,1,18/01/2022,1
53,Washington,530020,0,0,1,0,63,SPOKANE (63),2113,SPOKANE VALLEY,1,Enero,23,2022,0,32,S BOWDISH RD,6,Calle Local Municipalidad,Urbano,Arteria Menor,City or Municipal Highway Agency,0,Sin jurisdiccion especial,0,47.64100278,-117.2506333,Suelo,El primer evento no fue una colision con un vehiculo automotor en transporte,Four-Way Intersection,Interseccion de 4 direcciones,Sobre calle,Ninguna,Oscuro con iluminacion,Despejado,No,NO APLICA,99,99,99,99,1,23/01/2022,3
53,Washington,530021,0,0,1,0,53,PIERCE (53),0,NO APLICA,1,Enero,22,2022,22,14,CR-176TH ST E,4,Calle del Condado,Urbano,Arteria Principal,County Highway Agency,0,Sin jurisdiccion especial,46,47.0965,-122.336875,Arbol,El primer evento no fue una colision con un vehiculo automotor en transporte,Not an Intersection,No fue interseccion,Sobre el lado de la calle,Ninguna,Oscuro con iluminacion,Despejado,No,NO APLICA,99,99,99,99,1,22/01/2022,1
53,Washington,530022,1,1,1,0,41,LEWIS (41),1450,NAPAVINE,1,Enero,11,2022,23,38,I-5,1,Interestatal,Urbano,Interestatal,State Highway Agency,1,Sin jurisdiccion especial,728,46.60427222,-122.9061972,Peaton,El primer evento no fue una colision con un vehiculo automotor en transporte,Not an Intersection,No fue interseccion,Sobre calle,Ninguna,Oscuro con iluminacion,lluvia,No,NO APLICA,99,99,99,99,1,11/01/2022,1
53,Washington,530023,0,0,2,0,73,WHATCOM (73),0,NO APLICA,1,Enero,18,2022,11,31,CR-SLATER RD,4,Calle del Condado,Rural,Colector Mayor,County Highway Agency,0,Reservacion India,52,48.81920278,-122.59555,Vehiculo en movimiento,Angulo,Four-Way Intersection,Interseccion de 4 direcciones,Sobre calle,Ninguna,Dia total,lluvia,No,NO APLICA,99,99,99,99,1,18/01/2022,2
53,Washington,530025,0,0,1,0,25,GRANT (25),1780,QUINCY,1,Enero,18,2022,11,39,SR-28,3,Highway estatal,Urbano,Arteria Principal,State Highway Agency,0,Sin jurisdiccion especial,326,47.233075,-119.8794417,Volcadura,El primer evento no fue una colision con un vehiculo automotor en transporte,Not an Intersection,No fue interseccion,Sobre Acotamiento,Ninguna,Dia total,Nublado,No,NO APLICA,99,99,99,99,1,18/01/2022,1
53,Washington,530026,0,0,2,0,77,YAKIMA (77),0,NO APLICA,1,Enero,14,2022,13,15,CR-YAKIMA VALLEY HWY,4,Calle del Condado,Rural,Colector Mayor,County Highway Agency,0,Sin jurisdiccion especial,223,46.33581667,-120.1268917,Vehiculo en movimiento,Frente a frente,Not an Intersection,No fue interseccion,Sobre calle,Ninguna,Dia total,Neblina o Humo,No,NO APLICA,99,99,99,99,3,14/01/2022,4
53,Washington,530027,1,1,1,0,35,KITSAP (35),0,NO APLICA,1,Enero,21,2022,12,48,CR-CENTRAL VALLEY RD NE,4,Calle del Condado,Urbano,Arteria Menor,County Highway Agency,0,Sin jurisdiccion especial,21,47.64247778,-122.6503222,Ciclista,El primer evento no fue una colision con un vehiculo automotor en transporte,Not an Intersection,No fue interseccion,Sobre Acotamiento,Ninguna,Dia total,Despejado,No,NO APLICA,99,99,99,99,1,21/01/2022,1