Estado,Nombre de Estado,Numero de Caso,Peatones,Personas _no_vehiculos,Vehiculos automotores,Vehiculos estacionados,Condado,Nombre Condado,Ciudad,Nombre Ciudad,Mes,Nombre Mes,Dia,Año,Hora,Minuto,Calle,Ruta,Nombre Ruta,Rural o Urbanoo,Sistema Funcional,Dueño Calle,Sistema Nacional Carreteras,Jurisdiccion Especial,Milla,Latitud,Longitud,Causa del Accidente,Tipo de Accidente,Tipo Interseccion,Columna1,Lugar en la calle,Zona de Trabajo,Luz,Clima,Autobus Escolar,Cruce de Trenes,Hora Notificacion,Minuto Notificacion,Hora Llegada,Minuto Llegada,Decesos,Fecha,PersonaVehiculo
53,Washington,530028,0,0,1,0,63,SPOKANE (63),0,NO APLICA,1,Enero,12,2022,18,18,I-90,1,Interestatal,Rural,Interestatal,State Highway Agency,1,Sin jurisdiccion especial,2625,47.50925,-117.6838917,Animal vivo,El primer evento no fue una colision con un vehiculo automotor en transporte,Not an Intersection,No fue interseccion,Sobre calle,Ninguna,Oscuro sin iluminacion,Nublado,No,NO APLICA,99,99,99,99,1,12/01/2022,2
53,Washington,530029,0,0,1,0,73,WHATCOM (73),110,BELLINGHAM,1,Enero,24,2022,23,23,TELEGRAPH RD,6,Calle Local Municipalidad,Urbano,Colector Mayor,City or Municipal Highway Agency,0,Sin jurisdiccion especial,0,48.78589167,-122.4675139,Arbol,El primer evento no fue una colision con un vehiculo automotor en transporte,Not an Intersection,No fue interseccion,Sobre el lado de la calle,Ninguna,Oscuro con iluminacion,Neblina o Humo,No,NO APLICA,99,99,99,99,1,24/01/2022,1
53,Washington,530030,1,1,1,0,63,SPOKANE (63),2110,SPOKANE,1,Enero,24,2022,18,10,E MISSION AVE,6,Calle Local Municipalidad,Urbano,Arteria Principal,City or Municipal Highway Agency,0,Sin jurisdiccion especial,0,47.67178611,-117.3935861,Peaton,El primer evento no fue una colision con un vehiculo automotor en transporte,T-Intersection,Interseccion de T,Sobre calle,Ninguna,Oscuro con iluminacion,Nublado,No,NO APLICA,99,99,99,99,1,24/01/2022,1
53,Washington,530031,1,1,1,0,47,OKANOGAN (47),0,NO APLICA,1,Enero,23,2022,19,32,US-97,2,US Highway,Rural,Arterial Principal -Freeway o ExpressWay,State Highway Agency,1,Sin jurisdiccion especial,2934,48.62233056,-119.4968944,Peaton,El primer evento no fue una colision con un vehiculo automotor en transporte,Not an Intersection,No fue interseccion,Sobre calle,Ninguna,Oscuro sin iluminacion,Nublado,No,NO APLICA,99,99,99,99,1,23/01/2022,1
53,Washington,530032,1,1,1,0,53,PIERCE (53),0,NO APLICA,1,Enero,29,2022,18,37,SR-706,3,Highway estatal,Rural,Arteria Menor,State Highway Agency,0,Sin jurisdiccion especial,94,46.75705833,-121.9971917,Peaton,El primer evento no fue una colision con un vehiculo automotor en transporte,Not an Intersection,No fue interseccion,Sobre calle,Ninguna,Oscuro sin iluminacion,Despejado,No,NO APLICA,99,99,99,99,1,29/01/2022,1
53,Washington,530033,0,0,1,0,53,PIERCE (53),0,NO APLICA,1,Enero,29,2022,18,54,CR-152ND ST E,4,Calle del Condado,Urbano,Colector Mayor,County Highway Agency,0,Sin jurisdiccion especial,16,47.1184,-122.3062444,Buzon de correo,El primer evento no fue una colision con un vehiculo automotor en transporte,Not an Intersection,No fue interseccion,Sobre el lado de la calle,Ninguna,Oscuro con iluminacion,Despejado,No,NO APLICA,99,99,99,99,1,29/01/2022,1
53,Washington,530034,1,1,2,0,77,YAKIMA (77),0,NO APLICA,1,Enero,10,2022,13,40,US-97,2,US Highway,Rural,Arteria Menor,State Highway Agency,1,Reservacion India,666,46.42411667,-120.4057306,Peaton,El primer evento no fue una colision con un vehiculo automotor en transporte,Not an Intersection,No fue interseccion,Sobre calle,Ninguna,Dia total,Despejado,No,NO APLICA,99,99,99,99,1,10/01/2022,1
53,Washington,530035,0,0,1,0,35,KITSAP (35),0,NO APLICA,1,Enero,31,2022,7,17,SR-303,3,Highway estatal,Urbano,Arterial Principal -Freeway o ExpressWay,State Highway Agency,0,Sin jurisdiccion especial,87,47.66403889,-122.6836778,Barrera de Trafico de Concreto,El primer evento no fue una colision con un vehiculo automotor en transporte,Not an Intersection,No fue interseccion,Sobre el lado de la calle,Ninguna,Amanecer,Nublado,No,NO APLICA,99,99,99,99,1,31/01/2022,2
53,Washington,530037,1,1,1,0,61,SNOHOMISH (61),0,NO APLICA,1,Enero,28,2022,18,15,US-2,2,US Highway,Urbano,Arteria Principal,State Highway Agency,1,Sin jurisdiccion especial,275,47.86173889,-121.7116556,Peaton,El primer evento no fue una colision con un vehiculo automotor en transporte,Not an Intersection,No fue interseccion,Sobre calle,Ninguna,Oscuro sin iluminacion,Despejado,No,NO APLICA,99,99,99,99,1,28/01/2022,1
53,Washington,530038,0,0,2,0,77,YAKIMA (77),0,NO APLICA,1,Enero,31,2022,15,42,CR-FORT ROAD,4,Calle del Condado,Rural,Colector Mayor,County Highway Agency,0,Reservacion India,73,46.37535556,-120.4811472,Vehiculo en movimiento,Angulo,Four-Way Intersection,Interseccion de 4 direcciones,Sobre calle,Ninguna,Dia total,Despejado,No,NO APLICA,99,99,99,99,1,31/01/2022,5
53,Washington,530039,0,0,2,0,73,WHATCOM (73),0,NO APLICA,2,Febrero,1,2022,23,29,I-5,1,Interestatal,Rural,Interestatal,State Highway Agency,1,Sin jurisdiccion especial,2431,48.65147778,-122.3672861,Vehiculo en movimiento,Frente a frente,Not an Intersection,No fue interseccion,Sobre calle,Ninguna,Oscuro sin iluminacion,Neblina o Humo,No,NO APLICA,99,99,99,99,1,01/02/2022,2
53,Washington,530040,0,0,2,0,57,SKAGIT (57),230,BURLINGTON,1,Enero,29,2022,2,18,S BURLINGTON BLVD,6,Calle Local Municipalidad,Urbano,Arteria Principal,City or Municipal Highway Agency,0,Sin jurisdiccion especial,0,48.45726667,-122.3356778,Vehiculo en movimiento,Frente a Detrás,Four-Way Intersection,Interseccion de 4 direcciones,Sobre calle,Ninguna,Oscuro con iluminacion,Despejado,No,NO APLICA,99,99,99,99,1,29/01/2022,2
53,Washington,530041,0,0,2,0,33,KING (33),1830,RENTON,2,Febrero,1,2022,21,14,PUGET DR SE,6,Calle Local Municipalidad,Urbano,Arteria Menor,City or Municipal Highway Agency,0,Sin jurisdiccion especial,0,47.46142222,-122.1954722,Vehiculo en movimiento,Angulo,Not an Intersection,No fue interseccion,Sobre calle,Ninguna,Oscuro con iluminacion,Nublado,No,NO APLICA,99,99,99,99,1,01/02/2022,6
53,Washington,530042,0,0,2,0,11,CLARK (11),0,NO APLICA,1,Enero,23,2022,12,55,CR-NE HWY 99,4,Calle del Condado,Urbano,Arteria Principal,County Highway Agency,0,Sin jurisdiccion especial,44,45.68588333,-122.6605528,Vehiculo en movimiento,Angulo,Four-Way Intersection,Interseccion de 4 direcciones,Sobre calle,Ninguna,Dia total,Despejado,No,NO APLICA,99,99,99,99,1,23/01/2022,2
53,Washington,530043,1,1,1,0,57,SKAGIT (57),0,NO APLICA,1,Enero,28,2022,17,52,CR-MCLEAN RD,4,Calle del Condado,Rural,Colector Mayor,County Highway Agency,0,Sin jurisdiccion especial,99999,48.420875,-122.4202583,Peaton,El primer evento no fue una colision con un vehiculo automotor en transporte,Not an Intersection,No fue interseccion,Sobre calle,Ninguna,Oscuro sin iluminacion,Despejado,No,NO APLICA,99,99,99,99,1,28/01/2022,2
53,Washington,530044,1,1,1,0,25,GRANT (25),0,NO APLICA,1,Enero,27,2022,0,11,I-90,1,Interestatal,Rural,Interestatal,State Highway Agency,1,Sin jurisdiccion especial,1537,47.10345833,-119.7519222,Peaton,El primer evento no fue una colision con un vehiculo automotor en transporte,Not an Intersection,No fue interseccion,Sobre calle,Ninguna,Oscuro sin iluminacion,Despejado,No,NO APLICA,99,99,99,99,1,27/01/2022,4
53,Washington,530045,0,0,2,0,17,DOUGLAS (17),570,EAST WENATCHEE,2,Febrero,5,2022,14,57,GRANT RD,6,Calle Local Municipalidad,Urbano,Arteria Principal,City or Municipal Highway Agency,0,Sin jurisdiccion especial,0,47.40588889,-120.2724083,Vehiculo en movimiento,Angulo,T-Intersection,Interseccion de T,Sobre calle,Ninguna,Dia total,Nublado,No,NO APLICA,99,99,99,99,1,05/02/2022,2
53,Washington,530046,0,0,2,0,53,PIERCE (53),0,NO APLICA,2,Febrero,4,2022,19,25,SR-161,3,Highway estatal,Rural,Arteria Menor,State Highway Agency,0,Sin jurisdiccion especial,143,46.99713056,-122.2956694,Vehiculo en movimiento,Angulo,Not an Intersection,No fue interseccion,Sobre calle,Ninguna,Oscuro sin iluminacion,Nublado,No,NO APLICA,99,99,99,99,1,04/02/2022,2
53,Washington,530048,0,0,2,0,33,KING (33),1958,SEATAC,2,Febrero,8,2022,20,2,SR-518,3,Highway estatal,Urbano,Arteria Menor,State Highway Agency,0,Sin jurisdiccion especial,2,47.46512222,-122.3023833,Vehiculo en movimiento,Angulo,Four-Way Intersection,Interseccion de 4 direcciones,Sobre calle,Ninguna,Oscuro con iluminacion,Despejado,No,NO APLICA,99,99,99,99,2,08/02/2022,2
53,Washington,530050,1,1,1,0,61,SNOHOMISH (61),690,EVERETT,1,Enero,7,2022,17,24,SR-529,3,Highway estatal,Urbano,Arteria Principal,State Highway Agency,0,Sin jurisdiccion especial,7,47.98185833,-122.1986833,Peaton,El primer evento no fue una colision con un vehiculo automotor en transporte,Four-Way Intersection,Interseccion de 4 direcciones,Sobre calle,Ninguna,Oscuro con iluminacion,lluvia,No,NO APLICA,99,99,99,99,1,07/01/2022,1
53,Washington,530051,0,0,3,0,5,BENTON (5),1850,RICHLAND,2,Febrero,10,2022,6,12,SR-240,3,Highway estatal,Urbano,Arterial Principal -Freeway o ExpressWay,State Highway Agency,1,Sin jurisdiccion especial,262,46.33229167,-119.3293083,Vehiculo en movimiento,Frente a frente,Not an Intersection,No fue interseccion,Sobre calle,Ninguna,Oscuro sin iluminacion,Despejado,No,NO APLICA,99,99,99,99,2,10/02/2022,5
53,Washington,530052,0,0,2,0,61,SNOHOMISH (61),690,EVERETT,1,Enero,14,2022,17,7,W MARINE VIEW DR,6,Calle Local Municipalidad,Urbano,Arteria Principal,City or Municipal Highway Agency,0,Sin jurisdiccion especial,0,47.97773056,-122.2142778,Vehiculo en movimiento,Angulo,Four-Way Intersection,Interseccion de 4 direcciones,Sobre calle,Ninguna,Atardecer,Despejado,No,NO APLICA,99,99,99,99,1,14/01/2022,2
53,Washington,530053,0,0,1,0,25,GRANT (25),0,NO APLICA,2,Febrero,5,2022,2,59,CR-ROAD U SE,4,Calle del Condado,Rural,Colector Mayor,County Highway Agency,0,Sin jurisdiccion especial,10,46.92589444,-119.0466694,Poste,El primer evento no fue una colision con un vehiculo automotor en transporte,Not an Intersection,No fue interseccion,Sobre el lado de la calle,Ninguna,Oscuro sin iluminacion,Despejado,No,NO APLICA,99,99,99,99,1,05/02/2022,1
53,Washington,530054,0,0,1,0,65,STEVENS (65),0,NO APLICA,2,Febrero,10,2022,7,20,US-395,2,US Highway,Rural,Arteria Principal,State Highway Agency,1,Sin jurisdiccion especial,2075,48.21196389,-117.7153694,Poste,El primer evento no fue una colision con un vehiculo automotor en transporte,T-Intersection,Interseccion de T,Sobre el lado de la calle,Ninguna,Dia total,Neblina o Humo,No,NO APLICA,99,99,99,99,1,10/02/2022,1
53,Washington,530055,0,0,1,0,11,CLARK (11),0,NO APLICA,2,Febrero,4,2022,21,7,CR-NE LUCIA FALLS RD,4,Calle del Condado,Rural,Colector Mayor,County Highway Agency,0,Sin jurisdiccion especial,99999,45.83425556,-122.5131528,Arbol,El primer evento no fue una colision con un vehiculo automotor en transporte,Not an Intersection,No fue interseccion,Sobre el lado de la calle,Ninguna,Oscuro sin iluminacion,lluvia,No,NO APLICA,99,99,99,99,1,04/02/2022,2
53,Washington,530056,0,0,1,0,21,FRANKLIN (21),0,NO APLICA,2,Febrero,6,2022,2,24,US-395,2,US Highway,Rural,Arterial Principal -Freeway o ExpressWay,State Highway Agency,1,Sin jurisdiccion especial,423,46.42388056,-119.0307694,Volcadura,El primer evento no fue una colision con un vehiculo automotor en transporte,Not an Intersection,No fue interseccion,Sobre el lado de la calle,Ninguna,Oscuro sin iluminacion,Despejado,No,NO APLICA,99,99,99,99,1,06/02/2022,2
53,Washington,530057,2,2,3,2,61,SNOHOMISH (61),0,NO APLICA,2,Febrero,8,2022,16,53,I-5,1,Interestatal,Rural,Interestatal,State Highway Agency,1,Sin jurisdiccion especial,2078,48.17678889,-122.1932833,Vehiculo Aparcado,El primer evento no fue una colision con un vehiculo automotor en transporte,Not an Intersection,No fue interseccion,Sobre Acotamiento,Ninguna,Dia total,Nublado,No,NO APLICA,99,99,99,99,1,08/02/2022,2
53,Washington,530058,0,0,2,0,5,BENTON (5),1850,RICHLAND,2,Febrero,10,2022,6,55,GEORGE WASHINGTON WAY,6,Calle Local Municipalidad,Urbano,Arteria Principal,City or Municipal Highway Agency,0,Sin jurisdiccion especial,0,46.26874444,-119.2702028,Vehiculo en movimiento,Frente a frente,Not an Intersection,No fue interseccion,Sobre calle,Ninguna,Amanecer,Despejado,No,NO APLICA,99,99,99,99,1,10/02/2022,3
53,Washington,530059,0,0,2,0,53,PIERCE (53),2230,TACOMA,2,Febrero,14,2022,3,47,E 44TH ST,6,Calle Local Municipalidad,Urbano,Arteria Principal,City or Municipal Highway Agency,0,Reservacion India,0,47.21751667,-122.4076694,Vehiculo en movimiento,Frente a Detrás,T-Intersection,Interseccion de T,Sobre calle,Ninguna,Oscuro con iluminacion,Nublado,No,NO APLICA,99,99,99,99,1,14/02/2022,3
53,Washington,530060,0,0,1,0,33,KING (33),0,NO APLICA,2,Febrero,3,2022,16,43,CR-VEAZIE CUMBERLAND RD,4,Calle del Condado,Rural,Colector Mayor,County Highway Agency,0,Sin jurisdiccion especial,24,47.23360833,-121.9629528,Suelo,El primer evento no fue una colision con un vehiculo automotor en transporte,Not an Intersection,No fue interseccion,Sobre el lado de la calle,Ninguna,Atardecer,Nublado,No,NO APLICA,99,99,99,99,1,03/02/2022,1
53,Washington,530061,1,1,1,0,61,SNOHOMISH (61),0,NO APLICA,2,Febrero,5,2022,18,29,SR-99,3,Highway estatal,Urbano,Arteria Principal,State Highway Agency,0,Sin jurisdiccion especial,440,47.86725278,-122.2790833,Peaton,El primer evento no fue una colision con un vehiculo automotor en transporte,Not an Intersection,No fue interseccion,Sobre calle,Ninguna,Oscuro con iluminacion,Despejado,No,NO APLICA,99,99,99,99,1,05/02/2022,1
53,Washington,530062,0,0,2,0,53,PIERCE (53),2230,TACOMA,2,Febrero,14,2022,8,51,S ORCHARD ST,6,Calle Local Municipalidad,Urbano,Arteria Principal,City or Municipal Highway Agency,0,Sin jurisdiccion especial,0,47.23462778,-122.5050583,Vehiculo en movimiento,Angulo,Not an Intersection,No fue interseccion,Sobre calle,Ninguna,Dia total,lluvia,No,NO APLICA,99,99,99,99,1,14/02/2022,2
53,Washington,530063,1,1,1,0,45,MASON (45),2000,SHELTON,2,Febrero,14,2022,11,31,E RAILROAD AVE  SIERRA PACIFIC,6,Calle Local Municipalidad,Urbano,Arteria Principal,City or Municipal Highway Agency,0,Sin jurisdiccion especial,0,47.21266111,-123.0986111,Edificio,El primer evento no fue una colision con un vehiculo automotor en transporte,T-Intersection,Interseccion de T,Fuera de la calle,Ninguna,Dia total,Despejado,No,NO APLICA,99,99,99,99,1,14/02/2022,1
53,Washington,530064,0,0,1,0,71,WALLA WALLA (71),0,NO APLICA,1,Enero,28,2022,1,32,CR-HERITAGE RD,4,Calle del Condado,Rural,Arteria Menor,County Highway Agency,0,Sin jurisdiccion especial,20,46.06766389,-118.4092861,Buzon de correo,El primer evento no fue una colision con un vehiculo automotor en transporte,Not an Intersection,No fue interseccion,Sobre el lado de la calle,Ninguna,Oscuro con iluminacion,Nublado,No,NO APLICA,99,99,99,99,1,28/01/2022,1
53,Washington,530065,0,0,2,0,63,SPOKANE (63),2110,SPOKANE,2,Febrero,18,2022,10,55,E BOONE AVE,6,Calle Local Municipalidad,Urbano,Local,City or Municipal Highway Agency,0,Sin jurisdiccion especial,0,47.66859722,-117.3781889,Vehiculo en movimiento,Angulo,Four-Way Intersection,Interseccion de 4 direcciones,Sobre calle,Ninguna,Dia total,Despejado,No,NO APLICA,99,99,99,99,1,18/02/2022,5
53,Washington,530066,1,1,1,0,53,PIERCE (53),0,NO APLICA,2,Febrero,16,2022,20,11,SR-162,3,Highway estatal,Urbano,Arteria Menor,State Highway Agency,0,Sin jurisdiccion especial,85,47.08288889,-122.1892083,Peaton,El primer evento no fue una colision con un vehiculo automotor en transporte,Not an Intersection,No fue interseccion,Sobre calle,Ninguna,Oscuro sin iluminacion,Despejado,No,NO APLICA,99,99,99,99,1,16/02/2022,1
53,Washington,530067,0,0,1,0,61,SNOHOMISH (61),690,EVERETT,2,Febrero,9,2022,22,28,SR-527,3,Highway estatal,Urbano,Arteria Principal,State Highway Agency,0,Sin jurisdiccion especial,70,47.88973333,-122.2066417,Barda,El primer evento no fue una colision con un vehiculo automotor en transporte,Not an Intersection,No fue interseccion,Sobre el lado de la calle,Ninguna,Oscuro con iluminacion,Despejado,No,NO APLICA,99,99,99,99,1,09/02/2022,1
53,Washington,530068,0,0,2,0,57,SKAGIT (57),0,NO APLICA,2,Febrero,18,2022,21,55,CR-BEST RD,4,Calle del Condado,Rural,Colector Mayor,County Highway Agency,0,Sin jurisdiccion especial,10,48.44254722,-122.4439,Vehiculo en movimiento,Angulo,Four-Way Intersection,Interseccion de 4 direcciones,Sobre calle,Ninguna,Oscuro sin iluminacion,Despejado,No,NO APLICA,99,99,99,99,1,18/02/2022,5
53,Washington,530069,0,0,2,0,61,SNOHOMISH (61),690,EVERETT,2,Febrero,19,2022,0,59,I-5,1,Interestatal,Urbano,Interestatal,State Highway Agency,1,Sin jurisdiccion especial,1913,47.94456111,-122.1977833,Vehiculo en movimiento,Frente a frente,Not an Intersection,No fue interseccion,Sobre calle,Ninguna,Oscuro sin iluminacion,Despejado,No,NO APLICA,99,99,99,99,2,19/02/2022,3
53,Washington,530070,0,0,1,0,27,GRAYS HARBOR (27),630,ELMA,2,Febrero,20,2022,1,42,US-12,2,US Highway,Urbano,Arterial Principal -Freeway o ExpressWay,State Highway Agency,1,Sin jurisdiccion especial,0,47.00545,-123.3872306,Valla Ferrocarril,El primer evento no fue una colision con un vehiculo automotor en transporte,Not an Intersection,No fue interseccion,Sobre el lado de la calle,Ninguna,Oscuro sin iluminacion,lluvia,No,NO APLICA,99,99,99,99,1,20/02/2022,7
53,Washington,530071,2,2,1,0,61,SNOHOMISH (61),80,ARLINGTON,1,Enero,20,2022,2,38,SR-9,3,Highway estatal,Urbano,Arterial Principal -Freeway o ExpressWay,State Highway Agency,0,Sin jurisdiccion especial,282,48.18094722,-122.1289222,Peaton,El primer evento no fue una colision con un vehiculo automotor en transporte,Four-Way Intersection,Interseccion de 4 direcciones,Sobre calle,Ninguna,Oscuro con iluminacion,lluvia,No,NO APLICA,99,99,99,99,2,20/01/2022,1
53,Washington,530072,0,0,1,0,43,LINCOLN (43),0,NO APLICA,2,Febrero,21,2022,12,41,US-2,2,US Highway,Rural,Arterial Principal -Freeway o ExpressWay,State Highway Agency,1,Sin jurisdiccion especial,2448,47.65722778,-118.1126556,Volcadura,El primer evento no fue una colision con un vehiculo automotor en transporte,Not an Intersection,No fue interseccion,Sobre el lado de la calle,Ninguna,Dia total,Despejado,No,NO APLICA,99,99,99,99,1,21/02/2022,6
53,Washington,530074,0,0,2,0,31,JEFFERSON (31),0,NO APLICA,2,Febrero,2,2022,14,59,US-101,2,US Highway,Rural,Arteria Principal,State Highway Agency,1,Sin jurisdiccion especial,2794,48.00956667,-122.8639444,Vehiculo en movimiento,Angulo,Four-Way Intersection,Interseccion de 4 direcciones,Sobre calle,Ninguna,Dia total,Nublado,No,NO APLICA,99,99,99,99,1,02/02/2022,3
53,Washington,530075,0,0,1,0,33,KING (33),0,NO APLICA,2,Febrero,12,2022,17,13,CR-CENTRAL AVE S,4,Calle del Condado,Urbano,Arteria Menor,County Highway Agency,0,Sin jurisdiccion especial,70,47.35479722,-122.2296056,Arbol,El primer evento no fue una colision con un vehiculo automotor en transporte,Not an Intersection,No fue interseccion,Sobre el lado de la calle,Ninguna,Dia total,Nublado,No,NO APLICA,99,99,99,99,1,12/02/2022,1
53,Washington,530076,1,2,2,1,53,PIERCE (53),1350,MILTON,2,Febrero,15,2022,6,17,I-5,1,Interestatal,Urbano,Interestatal,State Highway Agency,1,Sin jurisdiccion especial,1390,47.25085833,-122.3327028,Peaton,El primer evento no fue una colision con un vehiculo automotor en transporte,Not an Intersection,No fue interseccion,Sobre Acotamiento,Ninguna,Oscuro sin iluminacion,Nublado,No,NO APLICA,99,99,99,99,1,15/02/2022,1
53,Washington,530078,0,0,1,0,49,PACIFIC (49),0,NO APLICA,1,Enero,18,2022,6,50,CR-SANDRIDGE RD,4,Calle del Condado,Rural,Colector Mayor,County Highway Agency,0,Sin jurisdiccion especial,99999,46.44475833,-124.0258861,Volcadura,El primer evento no fue una colision con un vehiculo automotor en transporte,Not an Intersection,No fue interseccion,Sobre el lado de la calle,Ninguna,Reportada como desconocida,Neblina o Humo,No,NO APLICA,99,99,99,99,1,18/01/2022,1
53,Washington,530079,0,0,1,0,31,JEFFERSON (31),0,NO APLICA,2,Febrero,11,2022,23,59,US-101,2,US Highway,Rural,Arteria Principal,State Highway Agency,1,Sin jurisdiccion especial,1693,47.7472,-124.3321444,Arbol,El primer evento no fue una colision con un vehiculo automotor en transporte,Not an Intersection,No fue interseccion,Sobre el lado de la calle,Ninguna,Oscuro sin iluminacion,Despejado,No,NO APLICA,99,99,99,99,1,11/02/2022,1
53,Washington,530080,0,0,2,0,1,ADAMS (1),0,NO APLICA,2,Febrero,16,2022,18,23,SR-261,3,Highway estatal,Rural,Colector Mayor,State Highway Agency,0,Sin jurisdiccion especial,539,46.99488333,-118.3469389,Vehiculo en movimiento,Frente a frente,Not an Intersection,No fue interseccion,Sobre calle,Ninguna,Oscuro sin iluminacion,Despejado,No,NO APLICA,99,99,99,99,2,16/02/2022,2
53,Washington,530081,1,1,1,0,33,KING (33),1958,SEATAC,2,Febrero,28,2022,23,8,SR-099,3,Highway estatal,Urbano,Arteria Principal,State Highway Agency,0,Sin jurisdiccion especial,151,47.44033611,-122.2959611,Peaton,El primer evento no fue una colision con un vehiculo automotor en transporte,Four-Way Intersection,Interseccion de 4 direcciones,Sobre calle,Ninguna,Oscuro con iluminacion,lluvia,No,NO APLICA,99,99,99,99,1,28/02/2022,1
53,Washington,530082,0,0,2,0,33,KING (33),1958,SEATAC,2,Febrero,22,2022,11,36,8TH AVE S,6,Calle Local Municipalidad,Urbano,Colector Mayor,City or Municipal Highway Agency,0,Sin jurisdiccion especial,0,47.43121389,-122.324975,Vehiculo en movimiento,Angulo,Four-Way Intersection,Interseccion de 4 direcciones,Sobre calle,Ninguna,Dia total,Despejado,No,NO APLICA,99,99,99,99,1,22/02/2022,2
53,Washington,530083,1,1,1,0,63,SPOKANE (63),2110,SPOKANE,3,Marzo,1,2022,17,52,E SPRAGUE AVE,6,Calle Local Municipalidad,Urbano,Arteria Principal,City or Municipal Highway Agency,0,Sin jurisdiccion especial,0,47.65725278,-117.3493944,Peaton,El primer evento no fue una colision con un vehiculo automotor en transporte,Not an Intersection,No fue interseccion,Sobre calle,Ninguna,Oscuro con iluminacion,Nublado,No,NO APLICA,99,99,99,99,1,01/03/2022,2
53,Washington,530084,0,0,2,0,53,PIERCE (53),1124,LAKEWOOD,2,Febrero,25,2022,20,33,112TH ST SW,6,Calle Local Municipalidad,Urbano,Arteria Menor,City or Municipal Highway Agency,0,Sin jurisdiccion especial,0,47.15602778,-122.5204861,Vehiculo en movimiento,Angulo,Y-Intersection,Interseccion de Y,Sobre calle,Ninguna,Oscuro con iluminacion,Nublado,No,NO APLICA,99,99,99,99,2,25/02/2022,6
53,Washington,530085,0,0,1,0,5,BENTON (5),1850,RICHLAND,2,Febrero,27,2022,2,42,GEORGE WASHINGTON WAY,6,Calle Local Municipalidad,Urbano,Arteria Principal,City or Municipal Highway Agency,0,Sin jurisdiccion especial,0,46.27298611,-119.2734167,Poste,El primer evento no fue una colision con un vehiculo automotor en transporte,Four-Way Intersection,Interseccion de 4 direcciones,Sobre el lado de la calle,Ninguna,Oscuro con iluminacion,Despejado,No,NO APLICA,99,99,99,99,3,27/02/2022,4
53,Washington,530086,0,0,1,0,77,YAKIMA (77),0,NO APLICA,2,Febrero,25,2022,2,38,CR-N WENAS RD,4,Calle del Condado,Urbano,Arteria Menor,County Highway Agency,0,Sin jurisdiccion especial,15,46.67403333,-120.5171444,Arbol,El primer evento no fue una colision con un vehiculo automotor en transporte,Not an Intersection,No fue interseccion,Sobre el lado de la calle,Ninguna,Oscuro sin iluminacion,Despejado,No,NO APLICA,99,99,99,99,1,25/02/2022,1
53,Washington,530087,0,0,2,0,49,PACIFIC (49),0,NO APLICA,2,Febrero,24,2022,12,42,US-101,2,US Highway,Rural,Arteria Principal,State Highway Agency,1,Sin jurisdiccion especial,329,46.47952778,-123.8878472,Vehiculo en movimiento,Frente a frente,Not an Intersection,No fue interseccion,Sobre calle,Ninguna,Dia total,Despejado,No,NO APLICA,99,99,99,99,1,24/02/2022,2
53,Washington,530088,0,0,1,0,41,LEWIS (41),0,NO APLICA,3,Marzo,2,2022,21,14,CR-JACKSON HWY,4,Calle del Condado,Urbano,Arteria Menor,County Highway Agency,0,Sin jurisdiccion especial,40,46.61063889,-122.88015,Arbol,El primer evento no fue una colision con un vehiculo automotor en transporte,Not an Intersection,No fue interseccion,Sobre el lado de la calle,Ninguna,Oscuro sin iluminacion,Despejado,No,NO APLICA,99,99,99,99,1,02/03/2022,1
53,Washington,530089,0,0,1,0,25,GRANT (25),0,NO APLICA,2,Febrero,9,2022,19,33,CR-ROAD 4 NE,4,Calle del Condado,Rural,Local,County Highway Agency,0,Sin jurisdiccion especial,0,47.146175,-119.3542167,Suelo,El primer evento no fue una colision con un vehiculo automotor en transporte,T-Intersection,Interseccion de T,Fuera de la calle,Ninguna,Oscuro sin iluminacion,Despejado,No,NO APLICA,99,99,99,99,1,09/02/2022,1
53,Washington,530090,1,1,1,0,11,CLARK (11),0,NO APLICA,2,Febrero,23,2022,19,50,CR-NE HIGHWAY 99,4,Calle del Condado,Urbano,Arteria Principal,County Highway Agency,0,Sin jurisdiccion especial,61,45.70801111,-122.6489944,Peaton,El primer evento no fue una colision con un vehiculo automotor en transporte,Not an Intersection,No fue interseccion,Sobre calle,Ninguna,Oscuro sin iluminacion,Nublado,No,NO APLICA,99,99,99,99,1,23/02/2022,1
53,Washington,530091,1,1,1,0,33,KING (33),0,NO APLICA,2,Febrero,18,2022,19,10,I-90,1,Interestatal,Rural,Interestatal,State Highway Agency,1,Sin jurisdiccion especial,233,47.50786111,-121.8931806,Peaton,El primer evento no fue una colision con un vehiculo automotor en transporte,Not an Intersection,No fue interseccion,Sobre calle,Ninguna,Oscuro sin iluminacion,Despejado,No,NO APLICA,99,99,99,99,1,18/02/2022,3