Estado,Nombre de Estado,Numero de Caso,Peatones,Personas _no_vehiculos,Vehiculos automotores,Vehiculos estacionados,Condado,Nombre Condado,Ciudad,Nombre Ciudad,Mes,Nombre Mes,Dia,Año,Hora,Minuto,Calle,Ruta,Nombre Ruta,Rural o Urbanoo,Sistema Funcional,Dueño Calle,Sistema Nacional Carreteras,Jurisdiccion Especial,Milla,Latitud,Longitud,Causa del Accidente,Tipo de Accidente,Tipo Interseccion,Columna1,Lugar en la calle,Zona de Trabajo,Luz,Clima,Autobus Escolar,Cruce de Trenes,Hora Notificacion,Minuto Notificacion,Hora Llegada,Minuto Llegada,Decesos,Fecha,PersonaVehiculo
53,Washington,530092,1,1,1,0,65,STEVENS (65),0,NO APLICA,3,Marzo,5,2022,14,25,CR-DOUGLAS FALLS RD,4,Calle del Condado,Rural,Colector Menor,County Highway Agency,0,Sin jurisdiccion especial,43,48.62831944,-117.915725,No vehiculo o remolque,El primer evento no fue una colision con un vehiculo automotor en transporte,Not an Intersection,No fue interseccion,Sobre calle,Ninguna,Dia total,Despejado,No,NO APLICA,99,99,99,99,1,05/03/2022,1
53,Washington,530093,0,0,2,0,35,KITSAP (35),180,BREMERTON,3,Marzo,6,2022,21,12,CR-KITSAP WAY,6,Calle Local Municipalidad,Urbano,Arteria Menor,City or Municipal Highway Agency,0,Sin jurisdiccion especial,99999,47.57724722,-122.6904222,Vehiculo en movimiento,Frente a frente,Not an Intersection,No fue interseccion,Sobre calle,Mantenimiento,Oscuro con iluminacion,Despejado,No,NO APLICA,99,99,99,99,2,06/03/2022,3
53,Washington,530094,1,1,1,0,53,PIERCE (53),2230,TACOMA,3,Marzo,5,2022,18,43,S SPRAGUE AVE,6,Calle Local Municipalidad,Urbano,Arteria Principal,City or Municipal Highway Agency,0,Sin jurisdiccion especial,0,47.24493333,-122.4629056,Peaton,El primer evento no fue una colision con un vehiculo automotor en transporte,Not an Intersection,No fue interseccion,Sobre calle,Ninguna,Oscuro con iluminacion,Despejado,No,NO APLICA,99,99,99,99,1,05/03/2022,1
53,Washington,530095,0,0,2,0,5,BENTON (5),0,NO APLICA,3,Marzo,7,2022,11,59,SR-397,3,Highway estatal,Urbano,Colector Mayor,State Highway Agency,0,Sin jurisdiccion especial,130,46.16349167,-119.0435944,Vehiculo en movimiento,Angulo,Not an Intersection,No fue interseccion,Sobre calle,Ninguna,Dia total,Despejado,No,NO APLICA,99,99,99,99,1,07/03/2022,2
53,Washington,530096,0,0,2,0,77,YAKIMA (77),0,NO APLICA,2,Febrero,27,2022,19,55,CR-FORSELL RD,4,Calle del Condado,Rural,Colector Menor,County Highway Agency,0,Sin jurisdiccion especial,20,46.25841389,-119.9576722,Vehiculo en movimiento,Angulo,Four-Way Intersection,Interseccion de 4 direcciones,Sobre calle,Ninguna,Oscuro sin iluminacion,Nublado,No,NO APLICA,99,99,99,99,1,27/02/2022,3
53,Washington,530097,0,1,4,3,53,PIERCE (53),2230,TACOMA,3,Marzo,10,2022,20,11,SR-7,3,Highway estatal,Urbano,Arteria Principal,State Highway Agency,0,Sin jurisdiccion especial,567,47.21795278,-122.4340056,Vehiculo Aparcado,El primer evento no fue una colision con un vehiculo automotor en transporte,Not an Intersection,No fue interseccion,Sobre Acotamiento,Ninguna,Oscuro con iluminacion,Despejado,No,NO APLICA,99,99,99,99,1,10/03/2022,1
53,Washington,530098,1,1,1,0,61,SNOHOMISH (61),690,EVERETT,3,Marzo,10,2022,5,10,SR-99,3,Highway estatal,Urbano,Arteria Principal,State Highway Agency,0,Sin jurisdiccion especial,462,47.89360833,-122.2544861,Peaton,El primer evento no fue una colision con un vehiculo automotor en transporte,Not an Intersection,No fue interseccion,Sobre calle,Ninguna,Oscuro con iluminacion,Despejado,No,NO APLICA,99,99,99,99,1,10/03/2022,1
53,Washington,530099,0,0,1,0,55,SAN JUAN (55),0,NO APLICA,1,Enero,3,2022,5,25,CR-MILLER RD,4,Calle del Condado,Rural,Local,County Highway Agency,0,Sin jurisdiccion especial,2,48.56345278,-123.0938111,Valla Ferrocarril,El primer evento no fue una colision con un vehiculo automotor en transporte,Not an Intersection,No fue interseccion,Sobre el lado de la calle,Ninguna,Oscuro sin iluminacion,Nublado,No,NO APLICA,99,99,99,99,1,03/01/2022,1
53,Washington,530100,0,0,2,0,71,WALLA WALLA (71),0,NO APLICA,3,Marzo,8,2022,21,10,US-12,2,US Highway,Rural,Arteria Principal,State Highway Agency,1,Sin jurisdiccion especial,3414,46.11904167,-118.2148667,Vehiculo en movimiento,Frente a frente,Not an Intersection,No fue interseccion,Sobre calle,Ninguna,Oscuro sin iluminacion,Despejado,No,NO APLICA,99,99,99,99,1,08/03/2022,2
53,Washington,530101,0,0,2,0,53,PIERCE (53),0,NO APLICA,3,Marzo,7,2022,15,1,CR-NISQUALLY RD,4,Calle del Condado,Rural,Colector Mayor,County Highway Agency,0,Sin jurisdiccion especial,6,47.06922222,-122.6957083,Vehiculo en movimiento,Golpe Lateral - misma direccion,Not an Intersection,No fue interseccion,Sobre calle,Ninguna,Dia total,Despejado,No,NO APLICA,99,99,99,99,1,07/03/2022,2
53,Washington,530102,0,0,2,0,61,SNOHOMISH (61),1407,MOUNTLAKE TERRACE,3,Marzo,12,2022,6,38,I-5,1,Interestatal,Urbano,Interestatal,State Highway Agency,1,Sin jurisdiccion especial,1795,47.80215,-122.3127833,Otro objeto (no fijo),El primer evento no fue una colision con un vehiculo automotor en transporte,Not an Intersection,No fue interseccion,Sobre calle,Ninguna,Amanecer,Despejado,No,NO APLICA,99,99,99,99,1,12/03/2022,2
53,Washington,530103,0,0,2,0,53,PIERCE (53),2230,TACOMA,3,Marzo,16,2022,21,35,SR-7,3,Highway estatal,Urbano,Arteria Principal,State Highway Agency,0,Sin jurisdiccion especial,534,47.17005278,-122.434075,Vehiculo en movimiento,Angulo,Four-Way Intersection,Interseccion de 4 direcciones,Sobre calle,Ninguna,Oscuro con iluminacion,Despejado,No,NO APLICA,99,99,99,99,1,16/03/2022,4
53,Washington,530104,1,1,1,0,33,KING (33),100,AUBURN,3,Marzo,14,2022,6,54,I ST NE,6,Calle Local Municipalidad,Urbano,Colector Mayor,City or Municipal Highway Agency,0,Sin jurisdiccion especial,0,47.33742222,-122.2193306,Peaton,El primer evento no fue una colision con un vehiculo automotor en transporte,Not an Intersection,No fue interseccion,Sobre calle,Ninguna,Oscuro con iluminacion,lluvia,No,NO APLICA,99,99,99,99,1,14/03/2022,1
53,Washington,530105,0,0,1,0,15,COWLITZ (15),0,NO APLICA,3,Marzo,11,2022,11,33,ABERNATHY CREEK RD,8,Otro,Rural,Colector Menor,U.S. Forest Service,0,Sin jurisdiccion especial,99999,46.23296667,-123.1495278,Volcadura,El primer evento no fue una colision con un vehiculo automotor en transporte,Not an Intersection,No fue interseccion,Sobre el lado de la calle,Ninguna,Dia total,Despejado,No,NO APLICA,99,99,99,99,1,11/03/2022,1
53,Washington,530106,0,0,1,0,17,DOUGLAS (17),0,NO APLICA,3,Marzo,17,2022,7,30,US-97,2,US Highway,Rural,Arterial Principal -Freeway o ExpressWay,State Highway Agency,1,Sin jurisdiccion especial,2120,47.76366389,-120.0994806,Piedrotototota,El primer evento no fue una colision con un vehiculo automotor en transporte,Not an Intersection,No fue interseccion,Sobre el lado de la calle,Ninguna,Dia total,Despejado,No,NO APLICA,99,99,99,99,1,17/03/2022,1
53,Washington,530107,1,1,1,0,47,OKANOGAN (47),0,NO APLICA,3,Marzo,4,2022,21,38,US-97,2,US Highway,Rural,Arterial Principal -Freeway o ExpressWay,State Highway Agency,1,Reservacion India,2746,48.38311667,-119.5370722,Peaton,El primer evento no fue una colision con un vehiculo automotor en transporte,Not an Intersection,No fue interseccion,Sobre calle,Ninguna,Oscuro sin iluminacion,Despejado,No,NO APLICA,99,99,99,99,1,04/03/2022,2
53,Washington,530108,0,0,1,0,77,YAKIMA (77),2590,YAKIMA,3,Marzo,1,2022,3,51,I-82 RAMP,1,Interestatal,Urbano,Interestatal,State Highway Agency,1,Sin jurisdiccion especial,4,46.62488889,-120.5117806,Barrera de Trafico de Concreto,El primer evento no fue una colision con un vehiculo automotor en transporte,Not an Intersection,No fue interseccion,Sobre el lado de la calle,Ninguna,Oscuro sin iluminacion,Despejado,No,NO APLICA,99,99,99,99,1,01/03/2022,1
53,Washington,530109,0,0,1,0,61,SNOHOMISH (61),690,EVERETT,3,Marzo,20,2022,16,50,BEVERLY BLVD,6,Calle Local Municipalidad,Urbano,Arteria Menor,City or Municipal Highway Agency,0,Sin jurisdiccion especial,0,47.93649722,-122.2105028,Poste,El primer evento no fue una colision con un vehiculo automotor en transporte,Four-Way Intersection,Interseccion de 4 direcciones,Sobre el lado de la calle,Ninguna,Atardecer,lluvia,No,NO APLICA,99,99,99,99,1,20/03/2022,1
53,Washington,530110,1,1,1,0,61,SNOHOMISH (61),690,EVERETT,3,Marzo,7,2022,6,12,EVERGREEN WAY,6,Calle Local Municipalidad,Urbano,Arteria Principal,City or Municipal Highway Agency,0,Sin jurisdiccion especial,0,47.90548333,-122.2434222,Peaton,El primer evento no fue una colision con un vehiculo automotor en transporte,Not an Intersection,No fue interseccion,Sobre calle,Ninguna,Oscuro con iluminacion,Despejado,No,NO APLICA,99,99,99,99,1,07/03/2022,1
53,Washington,530111,1,2,3,1,33,KING (33),735,FEDERAL WAY,3,Marzo,19,2022,3,4,I-5,1,Interestatal,Urbano,Interestatal,State Highway Agency,1,Sin jurisdiccion especial,1423,47.293125,-122.305175,Peaton,El primer evento no fue una colision con un vehiculo automotor en transporte,Not an Intersection,No fue interseccion,Sobre calle,Ninguna,Oscuro con iluminacion,lluvia,No,NO APLICA,99,99,99,99,1,19/03/2022,2
53,Washington,530112,0,0,2,0,33,KING (33),2310,TUKWILA,3,Marzo,20,2022,8,8,I-5,1,Interestatal,Urbano,Interestatal,State Highway Agency,1,Sin jurisdiccion especial,1544,47.46218056,-122.263825,Valla Ferrocarril,El primer evento no fue una colision con un vehiculo automotor en transporte,Not an Intersection,No fue interseccion,En el medio,Ninguna,Dia total,Despejado,No,NO APLICA,99,99,99,99,1,20/03/2022,4
53,Washington,530113,0,0,2,0,61,SNOHOMISH (61),0,NO APLICA,3,Marzo,21,2022,15,21,SR-532,3,Highway estatal,Rural,Arteria Menor,State Highway Agency,0,Sin jurisdiccion especial,62,48.23728611,-122.3121806,Vehiculo en movimiento,Frente a frente,Not an Intersection,No fue interseccion,Sobre calle,Ninguna,Dia total,Despejado,No,NO APLICA,99,99,99,99,1,21/03/2022,2
53,Washington,530114,1,1,1,0,33,KING (33),1030,KENT,3,Marzo,25,2022,16,32,I-5,1,Interestatal,Urbano,Interestatal,State Highway Agency,1,Sin jurisdiccion especial,1477,47.37019722,-122.2931222,Peaton,El primer evento no fue una colision con un vehiculo automotor en transporte,Not an Intersection,No fue interseccion,Sobre calle,Ninguna,Dia total,Despejado,No,NO APLICA,99,99,99,99,1,25/03/2022,1
53,Washington,530115,0,0,1,0,53,PIERCE (53),2230,TACOMA,3,Marzo,24,2022,17,3,SCHUSTER PKWY,6,Calle Local Municipalidad,Urbano,Arteria Menor,City or Municipal Highway Agency,0,Sin jurisdiccion especial,0,47.26660833,-122.445825,Barrera de Trafico de Concreto,El primer evento no fue una colision con un vehiculo automotor en transporte,Not an Intersection,No fue interseccion,En el medio,Ninguna,Dia total,Despejado,No,NO APLICA,99,99,99,99,1,24/03/2022,1
53,Washington,530116,0,0,3,0,53,PIERCE (53),0,NO APLICA,3,Marzo,25,2022,21,20,SR-161,3,Highway estatal,Urbano,Arteria Principal,State Highway Agency,0,Sin jurisdiccion especial,199,47.07763333,-122.2940528,Vehiculo en movimiento,Angulo,T-Intersection,Interseccion de T,Sobre calle,Ninguna,Oscuro - iluminacion desconocida,Despejado,No,NO APLICA,99,99,99,99,1,25/03/2022,3
53,Washington,530117,0,0,8,0,53,PIERCE (53),2230,TACOMA,3,Marzo,18,2022,7,46,I-5,1,Interestatal,Urbano,Interestatal,State Highway Agency,1,Sin jurisdiccion especial,1321,47.225925,-122.4632861,Vehiculo en movimiento,Frente a Detrás,Not an Intersection,No fue interseccion,Sobre calle,Ninguna,Dia total,Nublado,No,NO APLICA,99,99,99,99,1,18/03/2022,8
53,Washington,530118,0,0,1,0,75,WHITMAN (75),0,NO APLICA,3,Marzo,26,2022,14,5,SR-194,3,Highway estatal,Rural,Colector Mayor,State Highway Agency,0,Sin jurisdiccion especial,13,46.72114167,-117.4650278,Fin de valla,El primer evento no fue una colision con un vehiculo automotor en transporte,Not an Intersection,No fue interseccion,Sobre el lado de la calle,Ninguna,Dia total,Despejado,No,NO APLICA,99,99,99,99,1,26/03/2022,1
53,Washington,530119,0,0,2,0,33,KING (33),0,NO APLICA,3,Marzo,28,2022,19,6,SR-203,3,Highway estatal,Rural,Arteria Menor,State Highway Agency,0,Sin jurisdiccion especial,174,47.76728056,-121.9566889,Vehiculo en movimiento,Frente a frente,Not an Intersection,No fue interseccion,Sobre calle,Ninguna,Atardecer,Despejado,No,NO APLICA,99,99,99,99,1,28/03/2022,3
53,Washington,530120,0,0,2,0,53,PIERCE (53),2230,TACOMA,3,Marzo,27,2022,19,41,E PORTLAND AVE,6,Calle Local Municipalidad,Urbano,Arteria Principal,City or Municipal Highway Agency,0,Reservacion India,99999,47.23767222,-122.4102556,Vehiculo en movimiento,Angulo,Four-Way Intersection,Interseccion de 4 direcciones,Sobre calle,Ninguna,Atardecer,Despejado,No,NO APLICA,99,99,99,99,1,27/03/2022,3
53,Washington,530121,1,1,1,0,57,SKAGIT (57),0,NO APLICA,3,Marzo,29,2022,20,4,SR-9,3,Highway estatal,Urbano,Arteria Menor,State Highway Agency,0,Sin jurisdiccion especial,467,48.39616667,-122.2357028,Peaton,El primer evento no fue una colision con un vehiculo automotor en transporte,Not an Intersection,No fue interseccion,Sobre calle,Ninguna,Oscuro sin iluminacion,Despejado,No,NO APLICA,99,99,99,99,1,29/03/2022,1
53,Washington,530122,0,0,2,0,77,YAKIMA (77),0,NO APLICA,3,Marzo,29,2022,14,48,CR-S WAPATO RD,4,Calle del Condado,Rural,Colector Mayor,County Highway Agency,0,Reservacion India,140,46.41879722,-120.4174111,Vehiculo en movimiento,Angulo,Four-Way Intersection,Interseccion de 4 direcciones,Sobre calle,Ninguna,Dia total,Despejado,No,NO APLICA,99,99,99,99,2,29/03/2022,3
53,Washington,530123,0,0,2,0,77,YAKIMA (77),0,NO APLICA,3,Marzo,25,2022,23,17,I-82,1,Interestatal,Rural,Interestatal,State Highway Agency,1,Sin jurisdiccion especial,451,46.46516111,-120.3828056,Vehiculo en movimiento,Frente a frente,Not an Intersection,No fue interseccion,Sobre calle,Ninguna,Oscuro sin iluminacion,Despejado,No,NO APLICA,99,99,99,99,2,25/03/2022,2
53,Washington,530124,0,0,3,0,33,KING (33),735,FEDERAL WAY,3,Marzo,20,2022,18,34,I-5,1,Interestatal,Urbano,Interestatal,State Highway Agency,1,Sin jurisdiccion especial,1437,47.31386667,-122.2977306,Vehiculo en movimiento,Golpe Lateral - misma direccion,Not an Intersection,No fue interseccion,Sobre calle,Ninguna,Dia total,lluvia,No,NO APLICA,99,99,99,99,1,20/03/2022,5
53,Washington,530125,1,1,1,0,11,CLARK (11),1080,LA CENTER,3,Marzo,25,2022,20,58,I-5,1,Interestatal,Rural,Interestatal,State Highway Agency,1,Sin jurisdiccion especial,165,45.84846944,-122.7009111,Peaton,El primer evento no fue una colision con un vehiculo automotor en transporte,Not an Intersection,No fue interseccion,Sobre calle,Ninguna,Oscuro sin iluminacion,Nublado,No,NO APLICA,99,99,99,99,1,25/03/2022,1
53,Washington,530126,0,0,1,0,53,PIERCE (53),0,NO APLICA,4,Abril,2,2022,9,0,SR-302,3,Highway estatal,Rural,Arteria Menor,State Highway Agency,0,Sin jurisdiccion especial,88,47.37804167,-122.7488028,Suelo,El primer evento no fue una colision con un vehiculo automotor en transporte,Not an Intersection,No fue interseccion,Sobre el lado de la calle,Ninguna,Dia total,Despejado,No,NO APLICA,99,99,99,99,1,02/04/2022,1
53,Washington,530127,0,0,1,0,77,YAKIMA (77),2590,YAKIMA,4,Abril,1,2022,3,2,W NOB HILL BLVD,6,Calle Local Municipalidad,Urbano,Arteria Menor,City or Municipal Highway Agency,0,Sin jurisdiccion especial,0,46.58581944,-120.6148139,Arbol,El primer evento no fue una colision con un vehiculo automotor en transporte,T-Intersection,Interseccion de T,Sobre el lado de la calle,Ninguna,Oscuro con iluminacion,Despejado,No,NO APLICA,99,99,99,99,1,01/04/2022,1
53,Washington,530128,0,0,3,0,77,YAKIMA (77),2590,YAKIMA,3,Marzo,20,2022,12,17,W WASHINGTON AVE,6,Calle Local Municipalidad,Urbano,Arteria Menor,City or Municipal Highway Agency,0,Sin jurisdiccion especial,0,46.57665,-120.5712806,Vehiculo en movimiento,Angulo,T-Intersection,Interseccion de T,Sobre calle,Ninguna,Dia total,Despejado,No,NO APLICA,99,99,99,99,2,20/03/2022,4
53,Washington,530130,0,0,1,0,9,CLALLAM (9),0,NO APLICA,3,Marzo,6,2022,14,45,CR-S BAGLEY CREEK RD,4,Calle del Condado,Rural,Local,County Highway Agency,0,Sin jurisdiccion especial,99999,48.07250278,-123.3288361,Barrera de Cable,El primer evento no fue una colision con un vehiculo automotor en transporte,Not an Intersection,No fue interseccion,Sobre el lado de la calle,Ninguna,Dia total,Despejado,No,NO APLICA,99,99,99,99,1,06/03/2022,1
53,Washington,530131,1,1,1,0,33,KING (33),0,NO APLICA,4,Abril,4,2022,23,4,CR-VASHON HWY SW,4,Calle del Condado,Rural,Arteria Menor,County Highway Agency,0,Sin jurisdiccion especial,99,47.46050556,-122.4603889,Peaton,El primer evento no fue una colision con un vehiculo automotor en transporte,Not an Intersection,No fue interseccion,Sobre Acotamiento,Ninguna,Oscuro sin iluminacion,lluvia,No,NO APLICA,99,99,99,99,1,04/04/2022,1
53,Washington,530133,0,0,1,0,33,KING (33),735,FEDERAL WAY,4,Abril,4,2022,2,22,SR-18,3,Highway estatal,Urbano,Arterial Principal -Freeway o ExpressWay,State Highway Agency,0,Sin jurisdiccion especial,14,47.2953,-122.2902222,Arbol,El primer evento no fue una colision con un vehiculo automotor en transporte,Not an Intersection,No fue interseccion,Sobre el lado de la calle,Ninguna,Oscuro sin iluminacion,lluvia,No,NO APLICA,99,99,99,99,1,04/04/2022,1
53,Washington,530134,0,0,1,0,73,WHATCOM (73),0,NO APLICA,4,Abril,2,2022,16,49,SR-547,3,Highway estatal,Rural,Colector Mayor,State Highway Agency,0,Sin jurisdiccion especial,80,48.97071389,-122.2319111,Poste,El primer evento no fue una colision con un vehiculo automotor en transporte,Not an Intersection,No fue interseccion,Sobre el lado de la calle,Ninguna,Dia total,Nublado,No,NO APLICA,99,99,99,99,1,02/04/2022,1
53,Washington,530135,0,0,1,0,45,MASON (45),0,NO APLICA,4,Abril,9,2022,0,20,CR-W CLOQUALLUM RD,4,Calle del Condado,Rural,Colector Mayor,County Highway Agency,0,Sin jurisdiccion especial,123,47.13334722,-123.2907722,Volcadura,El primer evento no fue una colision con un vehiculo automotor en transporte,Not an Intersection,No fue interseccion,Sobre el lado de la calle,Ninguna,Oscuro sin iluminacion,Despejado,No,NO APLICA,99,99,99,99,1,09/04/2022,1
53,Washington,530136,0,1,2,1,61,SNOHOMISH (61),0,NO APLICA,4,Abril,6,2022,10,3,I-5,1,Interestatal,Rural,Interestatal,State Highway Agency,1,Sin jurisdiccion especial,2099,48.20406389,-122.2137139,Vehiculo Funcionando,El primer evento no fue una colision con un vehiculo automotor en transporte,Not an Intersection,No fue interseccion,Sobre el lado de la calle,Mantenimiento,Dia total,Despejado,No,NO APLICA,99,99,99,99,1,06/04/2022,1
53,Washington,530137,1,1,2,0,53,PIERCE (53),0,NO APLICA,4,Abril,7,2022,0,55,SR-7,3,Highway estatal,Urbano,Arteria Principal,State Highway Agency,0,Sin jurisdiccion especial,469,47.07847222,-122.4280611,Peaton,El primer evento no fue una colision con un vehiculo automotor en transporte,Not an Intersection,No fue interseccion,Sobre calle,Ninguna,Oscuro con iluminacion,Despejado,No,NO APLICA,99,99,99,99,1,07/04/2022,2
53,Washington,530138,0,0,2,0,53,PIERCE (53),0,NO APLICA,2,Febrero,15,2022,14,40,I-5,1,Interestatal,Urbano,Interestatal,State Highway Agency,1,Sin jurisdiccion especial,1291,47.18303611,-122.4645222,Vehiculo en movimiento,Frente a Detrás,Not an Intersection,No fue interseccion,Sobre calle,Ninguna,Dia total,Despejado,No,NO APLICA,99,99,99,99,1,15/02/2022,2
53,Washington,530139,0,0,2,0,53,PIERCE (53),2230,TACOMA,4,Abril,12,2022,7,40,S YAKIMA AVE,6,Calle Local Municipalidad,Urbano,Arteria Menor,City or Municipal Highway Agency,0,Sin jurisdiccion especial,0,47.177575,-122.4433139,Vehiculo en movimiento,Frente a frente,Not an Intersection,No fue interseccion,Sobre calle,Ninguna,Dia total,Despejado,No,NO APLICA,99,99,99,99,1,12/04/2022,2
53,Washington,530140,0,0,1,0,45,MASON (45),0,NO APLICA,4,Abril,5,2022,1,12,US-101,2,US Highway,Rural,Arteria Principal,State Highway Agency,1,Sin jurisdiccion especial,3148,47.59199444,-122.9962472,Acotamiento,El primer evento no fue una colision con un vehiculo automotor en transporte,Not an Intersection,No fue interseccion,Sobre el lado de la calle,Ninguna,Oscuro sin iluminacion,Nublado,No,NO APLICA,99,99,99,99,1,05/04/2022,1
53,Washington,530141,0,0,2,0,35,KITSAP (35),0,NO APLICA,4,Abril,2,2022,1,24,SR-305,3,Highway estatal,Rural,Arteria Principal,State Highway Agency,0,Reservacion India,79,47.7088,-122.583275,Vehiculo en movimiento,Angulo,Not an Intersection,No fue interseccion,Sobre calle,Ninguna,Oscuro con iluminacion,Nublado,No,NO APLICA,99,99,99,99,1,02/04/2022,4
53,Washington,530142,0,0,1,0,15,COWLITZ (15),0,NO APLICA,4,Abril,13,2022,6,30,SR-503,3,Highway estatal,Rural,Arteria Menor,State Highway Agency,0,Sin jurisdiccion especial,496,45.94146667,-122.6877139,Otro objeto (no fijo),El primer evento no fue una colision con un vehiculo automotor en transporte,Not an Intersection,No fue interseccion,Sobre calle,Ninguna,Dia total,lluvia,No,NO APLICA,99,99,99,99,1,13/04/2022,1
53,Washington,530143,1,1,1,0,29,ISLAND (29),0,NO APLICA,3,Marzo,25,2022,13,0,CR-FISH RD,4,Calle del Condado,Rural,Colector Menor,County Highway Agency,0,Sin jurisdiccion especial,4,48.00264444,-122.5324028,Peaton,El primer evento no fue una colision con un vehiculo automotor en transporte,Four-Way Intersection,Interseccion de 4 direcciones,Sobre el lado de la calle,Ninguna,Dia total,Despejado,No,NO APLICA,99,99,99,99,1,25/03/2022,0
53,Washington,530144,0,0,1,0,33,KING (33),1958,SEATAC,4,Abril,9,2022,9,50,I-5,1,Interestatal,Urbano,Interestatal,State Highway Agency,1,Sin jurisdiccion especial,1498,47.40074167,-122.2920444,Volcadura,El primer evento no fue una colision con un vehiculo automotor en transporte,Not an Intersection,No fue interseccion,Sobre el lado de la calle,Construccion,Dia total,Despejado,No,NO APLICA,99,99,99,99,1,09/04/2022,1
53,Washington,530145,0,0,2,0,77,YAKIMA (77),0,NO APLICA,3,Marzo,7,2022,17,41,CR-WASHOUT RD,4,Calle del Condado,Rural,Colector Mayor,County Highway Agency,0,Sin jurisdiccion especial,85,46.34544722,-119.9990778,Vehiculo en movimiento,Angulo,Four-Way Intersection,Interseccion de 4 direcciones,Sobre calle,Ninguna,Atardecer,Despejado,No,NO APLICA,99,99,99,99,1,07/03/2022,2
53,Washington,530146,1,1,1,0,33,KING (33),0,NO APLICA,3,Marzo,15,2022,0,31,SR-900,3,Highway estatal,Urbano,Arteria Principal,State Highway Agency,0,Sin jurisdiccion especial,11,47.49535833,-122.2682194,Peaton,El primer evento no fue una colision con un vehiculo automotor en transporte,Not an Intersection,No fue interseccion,Sobre calle,Ninguna,Oscuro sin iluminacion,Nublado,No,NO APLICA,99,99,99,99,1,15/03/2022,1
53,Washington,530147,0,0,2,0,61,SNOHOMISH (61),690,EVERETT,4,Abril,8,2022,16,27,SR-527,3,Highway estatal,Urbano,Arteria Principal,State Highway Agency,0,Sin jurisdiccion especial,78,47.89701389,-122.2067722,Alguien se cayo/avento del vehiculo,El primer evento no fue una colision con un vehiculo automotor en transporte,Not an Intersection,No fue interseccion,Sobre calle,Ninguna,Atardecer,lluvia,No,NO APLICA,99,99,99,99,1,08/04/2022,4
53,Washington,530148,0,0,1,0,77,YAKIMA (77),0,NO APLICA,4,Abril,17,2022,11,31,CR-W PARKER HEIGHTS RD,4,Calle del Condado,Rural,Colector Menor,County Highway Agency,0,Sin jurisdiccion especial,14,46.48371111,-120.4018944,Soporte de Puente,El primer evento no fue una colision con un vehiculo automotor en transporte,Not an Intersection,No fue interseccion,Sobre el lado de la calle,Ninguna,Dia total,Despejado,No,NO APLICA,99,99,99,99,1,17/04/2022,1
53,Washington,530149,0,0,3,0,33,KING (33),1030,KENT,4,Abril,14,2022,5,52,SR-181,3,Highway estatal,Urbano,Arteria Principal,State Highway Agency,0,Sin jurisdiccion especial,44,47.43986111,-122.2453,Vehiculo en movimiento,Frente a frente,Not an Intersection,No fue interseccion,Sobre calle,Ninguna,Oscuro con iluminacion,lluvia,No,NO APLICA,99,99,99,99,1,14/04/2022,3
53,Washington,530150,0,0,2,0,45,MASON (45),0,NO APLICA,4,Abril,18,2022,8,57,SR-3,3,Highway estatal,Rural,Arteria Principal,State Highway Agency,0,Sin jurisdiccion especial,268,47.45464444,-122.8200833,Vehiculo en movimiento,Angulo,T-Intersection,Interseccion de T,Sobre calle,Ninguna,Dia total,Nublado,No,NO APLICA,99,99,99,99,1,18/04/2022,2
53,Washington,530152,0,0,1,0,33,KING (33),1830,RENTON,4,Abril,20,2022,3,49,E VALLEY RD,6,Calle Local Municipalidad,Urbano,Colector Mayor,City or Municipal Highway Agency,0,Sin jurisdiccion especial,0,47.46598889,-122.2189778,Arbol,El primer evento no fue una colision con un vehiculo automotor en transporte,Not an Intersection,No fue interseccion,Sobre el lado de la calle,Ninguna,Oscuro - iluminacion desconocida,Despejado,No,NO APLICA,99,99,99,99,1,20/04/2022,1
53,Washington,530153,0,0,2,0,53,PIERCE (53),0,NO APLICA,4,Abril,6,2022,18,0,CR-8TH AVE S,4,Calle del Condado,Rural,Arteria Menor,County Highway Agency,0,Sin jurisdiccion especial,129,46.99512778,-122.4430833,Vehiculo en movimiento,Angulo,Four-Way Intersection,Interseccion de 4 direcciones,Sobre calle,Ninguna,Dia total,Despejado,No,NO APLICA,99,99,99,99,1,06/04/2022,2
53,Washington,530154,0,0,1,0,53,PIERCE (53),0,NO APLICA,4,Abril,19,2022,7,39,SR-706,3,Highway estatal,Rural,Arteria Menor,State Highway Agency,0,Sin jurisdiccion especial,20,46.75966667,-122.1515417,Arbol,El primer evento no fue una colision con un vehiculo automotor en transporte,Not an Intersection,No fue interseccion,Sobre el lado de la calle,Ninguna,Reportada como desconocida,lluvia,No,NO APLICA,99,99,99,99,1,19/04/2022,1
53,Washington,530155,0,0,2,0,1,ADAMS (1),0,NO APLICA,4,Abril,13,2022,15,16,I-90,1,Interestatal,Rural,Interestatal,State Highway Agency,1,Sin jurisdiccion especial,2270,47.192725,-118.2566833,"La carga del vehiculo (cambio, perdida, o otro)",El primer evento no fue una colision con un vehiculo automotor en transporte,Not an Intersection,No fue interseccion,Sobre calle,Ninguna,Dia total,Despejado,No,NO APLICA,99,99,99,99,1,13/04/2022,2