Estado,Nombre de Estado,Numero de Caso,Peatones,Personas _no_vehiculos,Vehiculos automotores,Vehiculos estacionados,Condado,Nombre Condado,Ciudad,Nombre Ciudad,Mes,Nombre Mes,Dia,Año,Hora,Minuto,Calle,Ruta,Nombre Ruta,Rural o Urbanoo,Sistema Funcional,Dueño Calle,Sistema Nacional Carreteras,Jurisdiccion Especial,Milla,Latitud,Longitud,Causa del Accidente,Tipo de Accidente,Tipo Interseccion,Columna1,Lugar en la calle,Zona de Trabajo,Luz,Clima,Autobus Escolar,Cruce de Trenes,Hora Notificacion,Minuto Notificacion,Hora Llegada,Minuto Llegada,Decesos,Fecha,PersonaVehiculo
53,Washington,530156,0,0,1,0,67,THURSTON (67),0,NO APLICA,4,Abril,19,2022,21,42,SR-510,3,Highway estatal,Urbano,Arteria Menor,State Highway Agency,0,Sin jurisdiccion especial,22,47.03637222,-122.7546,Arbol,El primer evento no fue una colision con un vehiculo automotor en transporte,Not an Intersection,No fue interseccion,Sobre el lado de la calle,Ninguna,Oscuro sin iluminacion,Despejado,No,NO APLICA,99,99,99,99,1,19/04/2022,3
53,Washington,530157,0,0,1,0,49,PACIFIC (49),0,NO APLICA,4,Abril,15,2022,13,45,SR-6,3,Highway estatal,Rural,Arteria Menor,State Highway Agency,0,Sin jurisdiccion especial,197,46.54719444,-123.4550639,Arbol,El primer evento no fue una colision con un vehiculo automotor en transporte,Not an Intersection,No fue interseccion,Sobre el lado de la calle,Ninguna,Dia total,Granizo,No,NO APLICA,99,99,99,99,1,15/04/2022,1
53,Washington,530158,1,1,1,0,17,DOUGLAS (17),0,NO APLICA,4,Abril,17,2022,5,40,SR-28,3,Highway estatal,Urbano,Arterial Principal -Freeway o ExpressWay,State Highway Agency,0,Sin jurisdiccion especial,86,47.38073056,-120.2151194,Peaton,El primer evento no fue una colision con un vehiculo automotor en transporte,Not an Intersection,No fue interseccion,Sobre calle,Ninguna,Oscuro sin iluminacion,Despejado,No,NO APLICA,99,99,99,99,1,17/04/2022,1
53,Washington,530159,0,0,2,0,77,YAKIMA (77),0,NO APLICA,3,Marzo,23,2022,22,33,CR-MURRAY RD,4,Calle del Condado,Rural,Local,County Highway Agency,0,Sin jurisdiccion especial,7,46.27312778,-120.0387111,Vehiculo en movimiento,Angulo,Not an Intersection,No fue interseccion,Sobre calle,Ninguna,Oscuro sin iluminacion,Despejado,No,NO APLICA,99,99,99,99,1,23/03/2022,3
53,Washington,530160,0,0,2,0,77,YAKIMA (77),0,NO APLICA,4,Abril,23,2022,7,59,SR-24,3,Highway estatal,Rural,Arteria Menor,State Highway Agency,0,Sin jurisdiccion especial,260,46.51975278,-119.9685667,Vehiculo en movimiento,Frente a frente,Not an Intersection,No fue interseccion,Sobre calle,Ninguna,Dia total,Despejado,No,NO APLICA,99,99,99,99,2,23/04/2022,3
53,Washington,530161,0,0,1,0,11,CLARK (11),0,NO APLICA,3,Marzo,9,2022,12,45,CR-NE HIGHWAY 99,4,Calle del Condado,Urbano,Arteria Principal,County Highway Agency,0,Sin jurisdiccion especial,57,45.70309167,-122.6511611,Poste,El primer evento no fue una colision con un vehiculo automotor en transporte,Not an Intersection,No fue interseccion,Sobre el lado de la calle,Ninguna,Dia total,Nublado,No,NO APLICA,99,99,99,99,1,09/03/2022,1
53,Washington,530162,0,0,1,0,61,SNOHOMISH (61),0,NO APLICA,4,Abril,16,2022,14,27,CR-W LAKE GOODWIN RD,4,Calle del Condado,Urbano,Colector Menor,County Highway Agency,0,Sin jurisdiccion especial,7,48.13216111,-122.2993472,Otro objeto (no fijo),El primer evento no fue una colision con un vehiculo automotor en transporte,Not an Intersection,No fue interseccion,Sobre el lado de la calle,Ninguna,Dia total,Despejado,No,NO APLICA,99,99,99,99,1,16/04/2022,2
53,Washington,530163,1,1,1,0,61,SNOHOMISH (61),690,EVERETT,4,Abril,10,2022,22,52,SR-99,3,Highway estatal,Urbano,Arteria Principal,State Highway Agency,0,Sin jurisdiccion especial,459,47.88942222,-122.2584,Peaton,El primer evento no fue una colision con un vehiculo automotor en transporte,Four-Way Intersection,Interseccion de 4 direcciones,Sobre calle,Ninguna,Oscuro con iluminacion,Nublado,No,NO APLICA,99,99,99,99,1,10/04/2022,1
53,Washington,530164,0,1,4,1,33,KING (33),735,FEDERAL WAY,3,Marzo,6,2022,18,54,I-5,1,Interestatal,Urbano,Interestatal,State Highway Agency,1,Sin jurisdiccion especial,1460,47.34607778,-122.2932806,Vehiculo Aparcado,El primer evento no fue una colision con un vehiculo automotor en transporte,Not an Intersection,No fue interseccion,Sobre Acotamiento,Ninguna,Oscuro sin iluminacion,Despejado,No,NO APLICA,99,99,99,99,1,06/03/2022,3
53,Washington,530165,1,1,1,0,33,KING (33),229,BURIEN,4,Abril,18,2022,20,38,AMBAUM BLVD SW,6,Calle Local Municipalidad,Urbano,Arteria Principal,City or Municipal Highway Agency,0,Sin jurisdiccion especial,0,47.48345556,-122.3485556,Peaton,El primer evento no fue una colision con un vehiculo automotor en transporte,Not an Intersection,No fue interseccion,Sobre calle,Ninguna,Oscuro con iluminacion,Nublado,No,NO APLICA,99,99,99,99,1,18/04/2022,1
53,Washington,530166,0,0,1,0,3,ASOTIN (3),0,NO APLICA,4,Abril,24,2022,22,47,CR-13TH ST,4,Calle del Condado,Urbano,Arteria Menor,County Highway Agency,0,Sin jurisdiccion especial,8,46.39984722,-117.0615889,Volcadura,El primer evento no fue una colision con un vehiculo automotor en transporte,Not an Intersection,No fue interseccion,Sobre calle,Ninguna,Oscuro con iluminacion,Despejado,No,NO APLICA,99,99,99,99,1,24/04/2022,1
53,Washington,530167,1,1,1,0,33,KING (33),0,NO APLICA,4,Abril,6,2022,7,27,CR-SE 171ST PL,4,Calle del Condado,Urbano,Arteria Principal,County Highway Agency,0,Sin jurisdiccion especial,96,47.44919722,-122.1540361,Peaton,El primer evento no fue una colision con un vehiculo automotor en transporte,Four-Way Intersection,Interseccion de 4 direcciones,Sobre calle,Ninguna,Dia total,Despejado,No,NO APLICA,99,99,99,99,1,06/04/2022,1
53,Washington,530168,0,0,2,0,11,CLARK (11),0,NO APLICA,5,Mayo,1,2022,15,28,CR-NE 172ND AVE,4,Calle del Condado,Rural,Colector Mayor,County Highway Agency,0,Sin jurisdiccion especial,16,45.62710833,-122.49565,Vehiculo en movimiento,Frente a frente,Four-Way Intersection,Interseccion de 4 direcciones,Sobre calle,Ninguna,Dia total,Despejado,No,NO APLICA,99,99,99,99,1,01/05/2022,4
53,Washington,530169,1,1,1,0,53,PIERCE (53),0,NO APLICA,4,Abril,22,2022,23,4,SR-7,3,Highway estatal,Urbano,Arteria Principal,State Highway Agency,0,Sin jurisdiccion especial,530,47.16470833,-122.4341361,Peaton,El primer evento no fue una colision con un vehiculo automotor en transporte,Not an Intersection,No fue interseccion,Sobre calle,Ninguna,Oscuro con iluminacion,Nublado,No,NO APLICA,99,99,99,99,1,22/04/2022,1
53,Washington,530170,0,0,2,0,33,KING (33),0,NO APLICA,4,Abril,29,2022,7,54,CR-SE 128TH ST,4,Calle del Condado,Urbano,Arteria Principal,County Highway Agency,0,Sin jurisdiccion especial,37,47.48800278,-122.1190417,Vehiculo en movimiento,Frente a frente,Not an Intersection,No fue interseccion,Sobre calle,Ninguna,Dia total,Nublado,No,NO APLICA,99,99,99,99,1,29/04/2022,3
53,Washington,530171,1,1,1,0,33,KING (33),1960,SEATTLE,1,Enero,30,2022,19,7,SR-513,3,Highway estatal,Urbano,Arteria Principal,State Highway Agency,0,Sin jurisdiccion especial,14,47.66118611,-122.2958056,Peaton,El primer evento no fue una colision con un vehiculo automotor en transporte,Not an Intersection,No fue interseccion,Sobre calle,Ninguna,Oscuro con iluminacion,Nublado,No,NO APLICA,99,99,99,99,1,30/01/2022,1
53,Washington,530173,0,0,1,0,33,KING (33),1830,RENTON,4,Abril,20,2022,7,32,I-405,1,Interestatal,Urbano,Interestatal,State Highway Agency,1,Sin jurisdiccion especial,75,47.53353889,-122.1968833,Barrera de Trafico de Concreto,El primer evento no fue una colision con un vehiculo automotor en transporte,Not an Intersection,No fue interseccion,Sobre el lado de la calle,Ninguna,Dia total,Despejado,No,NO APLICA,99,99,99,99,1,20/04/2022,1
53,Washington,530174,0,0,1,0,67,THURSTON (67),0,NO APLICA,5,Mayo,4,2022,20,18,CR-MARTIN WAY E,4,Calle del Condado,Urbano,Arteria Principal,County Highway Agency,0,Sin jurisdiccion especial,42,47.05306667,-122.7829639,Volcadura,El primer evento no fue una colision con un vehiculo automotor en transporte,Not an Intersection,No fue interseccion,Sobre calle,Ninguna,Oscuro con iluminacion,Despejado,No,NO APLICA,99,99,99,99,1,04/05/2022,1
53,Washington,530175,1,1,1,0,33,KING (33),1960,SEATTLE,5,Mayo,1,2022,9,49,I-5,1,Interestatal,Urbano,Interestatal,State Highway Agency,1,Sin jurisdiccion especial,1658,47.61137778,-122.3311611,Peaton,El primer evento no fue una colision con un vehiculo automotor en transporte,Not an Intersection,No fue interseccion,Sobre calle,Ninguna,Dia total,Nublado,No,NO APLICA,99,99,99,99,1,01/05/2022,1
53,Washington,530176,0,0,1,0,53,PIERCE (53),0,NO APLICA,5,Mayo,7,2022,2,5,CR-SUNRISE PARKWAY E,4,Calle del Condado,Urbano,Arteria Menor,County Highway Agency,0,Sin jurisdiccion especial,8,47.10954722,-122.2506639,Volcadura,El primer evento no fue una colision con un vehiculo automotor en transporte,Four-Way Intersection,Interseccion de 4 direcciones,Sobre calle,Ninguna,Oscuro con iluminacion,lluvia,No,NO APLICA,99,99,99,99,1,07/05/2022,3
53,Washington,530177,0,0,1,0,15,COWLITZ (15),1000,KALAMA,5,Mayo,6,2022,23,58,I-5,1,Interestatal,Rural,Interestatal,State Highway Agency,1,Sin jurisdiccion especial,304,46.01511667,-122.848625,Barrera de Trafico de Concreto,El primer evento no fue una colision con un vehiculo automotor en transporte,Not an Intersection,No fue interseccion,En el medio,Ninguna,Oscuro sin iluminacion,lluvia,No,NO APLICA,99,99,99,99,1,06/05/2022,1
53,Washington,530178,1,1,1,0,25,GRANT (25),680,EPHRATA,5,Mayo,8,2022,21,10,CR-ALDER ST NW,6,Calle Local Municipalidad,Urbano,Colector Mayor,City or Municipal Highway Agency,0,Sin jurisdiccion especial,99999,47.325375,-119.5464639,Peaton,El primer evento no fue una colision con un vehiculo automotor en transporte,Not an Intersection,No fue interseccion,Sobre calle,Ninguna,Oscuro con iluminacion,Despejado,No,NO APLICA,99,99,99,99,1,08/05/2022,1
53,Washington,530179,0,0,2,0,39,KLICKITAT (39),0,NO APLICA,5,Mayo,8,2022,19,30,SR-14,3,Highway estatal,Rural,Arteria Menor,State Highway Agency,0,Sin jurisdiccion especial,1511,45.84135833,-119.886275,Vehiculo en movimiento,Golpe Lateral - direccion contraria,Not an Intersection,No fue interseccion,Sobre calle,Ninguna,Atardecer,Despejado,No,NO APLICA,99,99,99,99,1,08/05/2022,2
53,Washington,530180,1,1,1,0,45,MASON (45),0,NO APLICA,4,Abril,30,2022,23,30,CR-W RAILROAD AVE,4,Calle del Condado,Urbano,Arteria Principal,County Highway Agency,0,Sin jurisdiccion especial,10,47.21394722,-123.1203778,Peaton,El primer evento no fue una colision con un vehiculo automotor en transporte,Not an Intersection,No fue interseccion,Sobre calle,Ninguna,Oscuro sin iluminacion,Despejado,No,NO APLICA,99,99,99,99,1,30/04/2022,1
53,Washington,530181,1,1,1,0,73,WHATCOM (73),0,NO APLICA,5,Mayo,3,2022,23,0,CR-E AXTON RD,4,Calle del Condado,Rural,Colector Mayor,County Highway Agency,0,Sin jurisdiccion especial,6,48.84801111,-122.4731611,Peaton,El primer evento no fue una colision con un vehiculo automotor en transporte,Not an Intersection,No fue interseccion,Sobre calle,Ninguna,Oscuro sin iluminacion,Nublado,No,NO APLICA,99,99,99,99,1,03/05/2022,1
53,Washington,530182,0,0,3,0,25,GRANT (25),0,NO APLICA,3,Marzo,11,2022,18,14,SR-17,3,Highway estatal,Rural,Arterial Principal -Freeway o ExpressWay,State Highway Agency,0,Sin jurisdiccion especial,302,46.94128889,-119.1286611,Vehiculo en movimiento,Frente a Detrás,T-Intersection,Interseccion de T,Sobre calle,Ninguna,Oscuro sin iluminacion,Despejado,No,NO APLICA,99,99,99,99,1,11/03/2022,5
53,Washington,530183,1,1,1,0,67,THURSTON (67),2320,TUMWATER,4,Abril,7,2022,1,43,OLD HIGHWAY 99 SE,6,Calle Local Municipalidad,Urbano,Arteria Menor,City or Municipal Highway Agency,0,Sin jurisdiccion especial,0,46.96591111,-122.8851611,Peaton,El primer evento no fue una colision con un vehiculo automotor en transporte,Not an Intersection,No fue interseccion,Sobre calle,Ninguna,Oscuro sin iluminacion,Despejado,No,NO APLICA,99,99,99,99,1,07/04/2022,1
53,Washington,530184,0,0,1,0,15,COWLITZ (15),0,NO APLICA,5,Mayo,8,2022,0,45,CR-PACIFIC WAY,4,Calle del Condado,Urbano,Arteria Menor,County Highway Agency,0,Sin jurisdiccion especial,30,46.17710833,-122.9884944,Suelo,El primer evento no fue una colision con un vehiculo automotor en transporte,Not an Intersection,No fue interseccion,Sobre el lado de la calle,Ninguna,Oscuro sin iluminacion,Despejado,No,NO APLICA,99,99,99,99,2,08/05/2022,5
53,Washington,530185,0,0,1,0,33,KING (33),0,NO APLICA,5,Mayo,7,2022,5,27,CR-DES MOINES MEMORIAL,4,Calle del Condado,Urbano,Arteria Menor,County Highway Agency,0,Sin jurisdiccion especial,52,47.512975,-122.3102639,Arbol,El primer evento no fue una colision con un vehiculo automotor en transporte,Not an Intersection,No fue interseccion,Sobre el lado de la calle,Ninguna,Oscuro con iluminacion,lluvia,No,NO APLICA,99,99,99,99,1,07/05/2022,1
53,Washington,530186,0,0,2,0,11,CLARK (11),2370,VANCOUVER,5,Mayo,13,2022,14,4,NE FOURTH PLAIN BLVD,6,Calle Local Municipalidad,Urbano,Arteria Principal,City or Municipal Highway Agency,0,Sin jurisdiccion especial,6,45.66088611,-122.57055,Vehiculo en movimiento,Angulo,Four-Way Intersection,Interseccion de 4 direcciones,Sobre calle,Ninguna,Dia total,Nublado,No,NO APLICA,99,99,99,99,1,13/05/2022,2
53,Washington,530187,0,0,1,0,37,KITTITAS (37),0,NO APLICA,5,Mayo,11,2022,18,39,I-90,1,Interestatal,Rural,Interestatal,State Highway Agency,1,Sin jurisdiccion especial,617,47.301575,-121.3009806,Volcadura,El primer evento no fue una colision con un vehiculo automotor en transporte,Not an Intersection,No fue interseccion,Sobre el lado de la calle,Ninguna,Dia total,Nublado,No,NO APLICA,99,99,99,99,1,11/05/2022,2
53,Washington,530188,0,0,1,0,77,YAKIMA (77),0,NO APLICA,5,Mayo,14,2022,2,56,CR-GOODMAN RD,4,Calle del Condado,Rural,Local,County Highway Agency,0,Reservacion India,4,46.54556389,-120.5004972,Volcadura,El primer evento no fue una colision con un vehiculo automotor en transporte,Not an Intersection,No fue interseccion,Sobre el lado de la calle,Ninguna,Oscuro sin iluminacion,Despejado,No,NO APLICA,99,99,99,99,1,14/05/2022,2
53,Washington,530189,0,0,2,0,61,SNOHOMISH (61),690,EVERETT,5,Mayo,9,2022,10,19,W CASINO RD,6,Calle Local Municipalidad,Urbano,Arteria Menor,City or Municipal Highway Agency,0,Sin jurisdiccion especial,0,47.92182222,-122.2445528,Vehiculo en movimiento,Angulo,T-Intersection,Interseccion de T,Sobre calle,Ninguna,Dia total,Despejado,Yes,NO APLICA,99,99,99,99,1,09/05/2022,2
53,Washington,530190,0,0,3,0,25,GRANT (25),0,NO APLICA,5,Mayo,13,2022,6,8,CR-ADAMS RD NW,4,Calle del Condado,Rural,Colector Menor,County Highway Agency,0,Sin jurisdiccion especial,3,47.10156111,-119.7687611,Vehiculo en movimiento,Angulo,Four-Way Intersection,Interseccion de 4 direcciones,Sobre calle,Ninguna,Dia total,Despejado,Yes,NO APLICA,99,99,99,99,1,13/05/2022,31
53,Washington,530191,0,0,2,0,33,KING (33),100,AUBURN,2,Febrero,6,2022,22,5,SR-167,3,Highway estatal,Urbano,Arterial Principal -Freeway o ExpressWay,State Highway Agency,0,Sin jurisdiccion especial,3,47.32205556,-122.2438722,Vehiculo en movimiento,Frente a Detrás,Four-Way Intersection,Interseccion de 4 direcciones,Sobre calle,Ninguna,Oscuro con iluminacion,Despejado,No,NO APLICA,99,99,99,99,1,06/02/2022,6
53,Washington,530192,0,0,1,0,33,KING (33),0,NO APLICA,5,Mayo,1,2022,17,54,SR-203,3,Highway estatal,Rural,Arteria Menor,State Highway Agency,0,Sin jurisdiccion especial,79,47.67418611,-121.9069139,Volcadura,El primer evento no fue una colision con un vehiculo automotor en transporte,Not an Intersection,No fue interseccion,Sobre el lado de la calle,Ninguna,Dia total,Despejado,No,NO APLICA,99,99,99,99,1,01/05/2022,1
53,Washington,530193,0,0,2,0,61,SNOHOMISH (61),0,NO APLICA,5,Mayo,11,2022,11,53,SR-92,3,Highway estatal,Urbano,Arteria Menor,State Highway Agency,0,Sin jurisdiccion especial,81,48.09110556,-121.9818333,Vehiculo en movimiento,Frente a Detrás,Not an Intersection,No fue interseccion,Sobre calle,Ninguna,Dia total,Despejado,No,NO APLICA,99,99,99,99,1,11/05/2022,2
53,Washington,530194,1,1,1,0,61,SNOHOMISH (61),690,EVERETT,5,Mayo,9,2022,22,34,EVERGREEN WAY,6,Calle Local Municipalidad,Urbano,Arteria Principal,City or Municipal Highway Agency,0,Sin jurisdiccion especial,0,47.94137222,-122.2176278,Peaton,El primer evento no fue una colision con un vehiculo automotor en transporte,Not an Intersection,No fue interseccion,Sobre calle,Ninguna,Oscuro con iluminacion,lluvia,No,NO APLICA,99,99,99,99,1,09/05/2022,1
53,Washington,530195,0,0,1,0,77,YAKIMA (77),2340,UNION GAP,5,Mayo,16,2022,15,47,RAINIER PL DRIVEWAY,8,Otro,Urbano,Local,City or Municipal Highway Agency,0,Sin jurisdiccion especial,0,46.56700833,-120.4771111,Alguien se cayo/avento del vehiculo,El primer evento no fue una colision con un vehiculo automotor en transporte,Not an Intersection,No fue interseccion,Sobre calle,Ninguna,Dia total,Despejado,No,NO APLICA,99,99,99,99,1,16/05/2022,2
53,Washington,530196,0,0,1,0,77,YAKIMA (77),0,NO APLICA,5,Mayo,12,2022,16,23,US-12,2,US Highway,Rural,Arterial Principal -Freeway o ExpressWay,State Highway Agency,1,Sin jurisdiccion especial,1928,46.69565278,-120.6535194,Valla Ferrocarril,El primer evento no fue una colision con un vehiculo automotor en transporte,Not an Intersection,No fue interseccion,Sobre el lado de la calle,Ninguna,Dia total,Despejado,No,NO APLICA,99,99,99,99,1,12/05/2022,1
53,Washington,530197,1,1,2,1,73,WHATCOM (73),110,BELLINGHAM,5,Mayo,6,2022,8,46,BAKER CREEK PL,6,Calle Local Municipalidad,Urbano,Local,City or Municipal Highway Agency,0,Reservacion India,0,48.786525,-122.4561,Vehiculo Aparcado,El primer evento no fue una colision con un vehiculo automotor en transporte,T-Intersection,Interseccion de T,Fuera de la calle,Ninguna,Dia total,Despejado,No,NO APLICA,99,99,99,99,1,06/05/2022,1
53,Washington,530198,1,1,1,0,33,KING (33),1830,RENTON,5,Mayo,21,2022,0,54,S 43RD ST,6,Calle Local Municipalidad,Urbano,Arteria Principal,City or Municipal Highway Agency,0,Sin jurisdiccion especial,0,47.44101389,-122.2132722,Peaton,El primer evento no fue una colision con un vehiculo automotor en transporte,Not an Intersection,No fue interseccion,Sobre calle,Ninguna,Oscuro con iluminacion,Despejado,No,NO APLICA,99,99,99,99,1,21/05/2022,1
53,Washington,530199,0,0,1,0,61,SNOHOMISH (61),0,NO APLICA,5,Mayo,14,2022,18,39,CR-19TH AVE NE,4,Calle del Condado,Rural,Colector Menor,County Highway Agency,0,Sin jurisdiccion especial,3,48.21346667,-122.2047667,Volcadura,El primer evento no fue una colision con un vehiculo automotor en transporte,Not an Intersection,No fue interseccion,Sobre calle,Ninguna,Dia total,Despejado,No,NO APLICA,99,99,99,99,1,14/05/2022,1
53,Washington,530200,0,0,2,0,39,KLICKITAT (39),0,NO APLICA,5,Mayo,17,2022,11,29,US-97,2,US Highway,Rural,Arteria Principal,State Highway Agency,1,Reservacion India,274,45.99119444,-120.6529917,Vehiculo en movimiento,Frente a frente,Not an Intersection,No fue interseccion,Sobre calle,Ninguna,Dia total,Despejado,No,NO APLICA,99,99,99,99,1,17/05/2022,2
53,Washington,530201,0,0,3,0,33,KING (33),100,AUBURN,5,Mayo,22,2022,20,55,SR-18,3,Highway estatal,Urbano,Arterial Principal -Freeway o ExpressWay,State Highway Agency,0,Sin jurisdiccion especial,30,47.3038,-122.2617639,Vehiculo en movimiento,Frente a frente,Not an Intersection,No fue interseccion,Sobre calle,Ninguna,Atardecer,Despejado,No,NO APLICA,99,99,99,99,1,22/05/2022,4
53,Washington,530202,0,0,2,0,29,ISLAND (29),0,NO APLICA,4,Abril,8,2022,21,56,CR-SE CAMANO DR,4,Calle del Condado,Rural,Arteria Menor,County Highway Agency,0,Sin jurisdiccion especial,43,48.196925,-122.4791639,Vehiculo en movimiento,Frente a frente,Not an Intersection,No fue interseccion,Sobre calle,Ninguna,Oscuro sin iluminacion,Despejado,No,NO APLICA,99,99,99,99,1,08/04/2022,3
53,Washington,530203,0,0,2,0,11,CLARK (11),0,NO APLICA,4,Abril,24,2022,19,50,CR-NE 179TH ST,4,Calle del Condado,Urbano,Arteria Menor,County Highway Agency,0,Sin jurisdiccion especial,12,45.75080833,-122.6367556,Vehiculo en movimiento,Angulo,Not an Intersection,No fue interseccion,Sobre calle,Ninguna,Dia total,Despejado,No,NO APLICA,99,99,99,99,1,24/04/2022,3
53,Washington,530204,0,0,1,0,49,PACIFIC (49),950,ILWACO,5,Mayo,5,2022,22,0,OUTER HARBOR WAY SE,6,Calle Local Municipalidad,Urbano,Local,City or Municipal Highway Agency,0,Sin jurisdiccion especial,0,46.30340278,-124.0366833,Immersion total o parcial,El primer evento no fue una colision con un vehiculo automotor en transporte,Not an Intersection,No fue interseccion,Fuera de la calle,Ninguna,Oscuro sin iluminacion,Nublado,No,NO APLICA,99,99,99,99,3,05/05/2022,3
53,Washington,530205,0,0,1,0,11,CLARK (11),2370,VANCOUVER,5,Mayo,23,2022,5,5,NE 121ST AVE,6,Calle Local Municipalidad,Urbano,Colector Mayor,City or Municipal Highway Agency,0,Sin jurisdiccion especial,99999,45.65963333,-122.5487667,Arbol,El primer evento no fue una colision con un vehiculo automotor en transporte,Not an Intersection,No fue interseccion,Sobre el lado de la calle,Ninguna,Oscuro sin iluminacion,Despejado,No,NO APLICA,99,99,99,99,1,23/05/2022,1
53,Washington,530207,0,0,2,0,53,PIERCE (53),2230,TACOMA,5,Mayo,25,2022,1,43,S SPRAGUE AVE,6,Calle Local Municipalidad,Urbano,Arteria Principal,City or Municipal Highway Agency,0,Sin jurisdiccion especial,0,47.24268333,-122.4629278,Vehiculo en movimiento,Angulo,Four-Way Intersection,Interseccion de 4 direcciones,Sobre calle,Ninguna,Oscuro con iluminacion,lluvia,No,NO APLICA,99,99,99,99,1,25/05/2022,2
53,Washington,530208,0,0,2,0,71,WALLA WALLA (71),390,COLLEGE PLACE,5,Mayo,24,2022,10,54,SR-125,3,Highway estatal,Urbano,Arterial Principal -Freeway o ExpressWay,State Highway Agency,0,Sin jurisdiccion especial,28,46.03593889,-118.3729333,Vehiculo en movimiento,Frente a frente,Not an Intersection,No fue interseccion,Sobre calle,Ninguna,Dia total,Despejado,No,NO APLICA,99,99,99,99,2,24/05/2022,2
53,Washington,530209,0,0,2,0,61,SNOHOMISH (61),690,EVERETT,5,Mayo,20,2022,20,21,SR-99,3,Highway estatal,Urbano,Arteria Principal,State Highway Agency,0,Sin jurisdiccion especial,465,47.89773889,-122.250625,Vehiculo en movimiento,Angulo,Not an Intersection,No fue interseccion,Sobre calle,Ninguna,Dia total,Despejado,No,NO APLICA,99,99,99,99,1,20/05/2022,3
53,Washington,530210,1,1,2,0,33,KING (33),1960,SEATTLE,5,Mayo,24,2022,4,35,I-5,1,Interestatal,Urbano,Interestatal,State Highway Agency,1,Sin jurisdiccion especial,1690,47.65581944,-122.3225556,Peaton,El primer evento no fue una colision con un vehiculo automotor en transporte,Not an Intersection,No fue interseccion,Sobre calle,Ninguna,Oscuro con iluminacion,Nublado,No,NO APLICA,99,99,99,99,1,24/05/2022,1
53,Washington,530211,0,0,2,0,53,PIERCE (53),0,NO APLICA,5,Mayo,22,2022,14,54,CR-KEY PENINSULA HWY N,4,Calle del Condado,Rural,Arteria Menor,County Highway Agency,0,Sin jurisdiccion especial,4,47.34196944,-122.7442472,Vehiculo en movimiento,Frente a frente,Not an Intersection,No fue interseccion,Sobre calle,Ninguna,Dia total,Despejado,No,NO APLICA,99,99,99,99,1,22/05/2022,3
53,Washington,530212,0,0,1,0,37,KITTITAS (37),0,NO APLICA,5,Mayo,28,2022,5,37,I-90,1,Interestatal,Rural,Interestatal,State Highway Agency,1,Sin jurisdiccion especial,722,47.21787222,-121.1347111,Poste,El primer evento no fue una colision con un vehiculo automotor en transporte,Not an Intersection,No fue interseccion,Sobre el lado de la calle,Ninguna,Amanecer,Nublado,No,NO APLICA,99,99,99,99,1,28/05/2022,1
53,Washington,530213,0,0,1,0,39,KLICKITAT (39),0,NO APLICA,5,Mayo,19,2022,19,2,SR-142,3,Highway estatal,Rural,Colector Mayor,State Highway Agency,0,Sin jurisdiccion especial,240,45.85753333,-120.9899833,Culvert,El primer evento no fue una colision con un vehiculo automotor en transporte,Not an Intersection,No fue interseccion,Sobre el lado de la calle,Ninguna,Dia total,Despejado,No,NO APLICA,99,99,99,99,1,19/05/2022,2
53,Washington,530214,0,0,1,0,15,COWLITZ (15),0,NO APLICA,5,Mayo,19,2022,14,0,I-5,1,Interestatal,Urbano,Interestatal,State Highway Agency,1,Sin jurisdiccion especial,427,46.18323889,-122.8977139,Volcadura,El primer evento no fue una colision con un vehiculo automotor en transporte,Not an Intersection,No fue interseccion,En el medio,Ninguna,Dia total,Granizo,No,NO APLICA,99,99,99,99,1,19/05/2022,1
53,Washington,530215,0,0,1,0,5,BENTON (5),1850,RICHLAND,5,Mayo,31,2022,3,48,MCMURRAY ST,6,Calle Local Municipalidad,Urbano,Colector Mayor,City or Municipal Highway Agency,0,Sin jurisdiccion especial,0,46.30033611,-119.2841111,Arbol,El primer evento no fue una colision con un vehiculo automotor en transporte,Not an Intersection,No fue interseccion,Sobre el lado de la calle,Ninguna,Oscuro con iluminacion,Nublado,No,NO APLICA,99,99,99,99,1,31/05/2022,1
53,Washington,530216,0,0,1,0,77,YAKIMA (77),840,GRANDVIEW,5,Mayo,19,2022,18,33,I-82,1,Interestatal,Rural,Interestatal,State Highway Agency,1,Sin jurisdiccion especial,718,46.27878611,-119.9356472,Acotamiento,El primer evento no fue una colision con un vehiculo automotor en transporte,Not an Intersection,No fue interseccion,Sobre el lado de la calle,Ninguna,Dia total,Despejado,No,NO APLICA,99,99,99,99,1,19/05/2022,1
53,Washington,530217,0,0,3,0,11,CLARK (11),2370,VANCOUVER,5,Mayo,28,2022,23,13,SR-501,3,Highway estatal,Urbano,Arteria Menor,State Highway Agency,0,Sin jurisdiccion especial,39,45.65646389,-122.7315222,Vehiculo en movimiento,Angulo,Not an Intersection,No fue interseccion,Sobre calle,Ninguna,Oscuro con iluminacion,Nublado,No,NO APLICA,99,99,99,99,1,28/05/2022,4
53,Washington,530218,0,0,1,0,65,STEVENS (65),0,NO APLICA,5,Mayo,25,2022,0,20,SR-25,3,Highway estatal,Rural,Arteria Menor,State Highway Agency,0,Sin jurisdiccion especial,405,48.10334444,-118.204225,Arbol,El primer evento no fue una colision con un vehiculo automotor en transporte,Not an Intersection,No fue interseccion,Fuera de la calle,Ninguna,Oscuro sin iluminacion,Nublado,No,NO APLICA,99,99,99,99,1,25/05/2022,1