Estado,Nombre de Estado,Numero de Caso,Peatones,Personas _no_vehiculos,Vehiculos automotores,Vehiculos estacionados,Condado,Nombre Condado,Ciudad,Nombre Ciudad,Mes,Nombre Mes,Dia,Año,Hora,Minuto,Calle,Ruta,Nombre Ruta,Rural o Urbanoo,Sistema Funcional,Dueño Calle,Sistema Nacional Carreteras,Jurisdiccion Especial,Milla,Latitud,Longitud,Causa del Accidente,Tipo de Accidente,Tipo Interseccion,Columna1,Lugar en la calle,Zona de Trabajo,Luz,Clima,Autobus Escolar,Cruce de Trenes,Hora Notificacion,Minuto Notificacion,Hora Llegada,Minuto Llegada,Decesos,Fecha,PersonaVehiculo
53,Washington,530219,0,0,2,0,37,KITTITAS (37),0,NO APLICA,5,Mayo,20,2022,17,54,I-90,1,Interestatal,Rural,Interestatal,State Highway Agency,1,Sin jurisdiccion especial,509,47.42274444,-121.4097083,Vehiculo en movimiento,Frente a Detrás,Not an Intersection,No fue interseccion,Sobre calle,Ninguna,Dia total,Despejado,No,NO APLICA,99,99,99,99,1,20/05/2022,2
53,Washington,530220,0,0,2,0,35,KITSAP (35),0,NO APLICA,6,Junio,1,2022,13,29,CR-TRENTON AVE NE,4,Calle del Condado,Urbano,Colector Mayor,County Highway Agency,0,Sin jurisdiccion especial,5,47.58831111,-122.6081472,Volcadura,El primer evento no fue una colision con un vehiculo automotor en transporte,Not an Intersection,No fue interseccion,Sobre calle,Ninguna,Dia total,Nublado,No,NO APLICA,99,99,99,99,1,01/06/2022,2
53,Washington,530221,0,0,1,0,61,SNOHOMISH (61),0,NO APLICA,5,Mayo,27,2022,18,25,CR-WESTWICK RD,4,Calle del Condado,Rural,Colector Mayor,County Highway Agency,0,Sin jurisdiccion especial,8,47.90633889,-122.02555,Buzon de correo,El primer evento no fue una colision con un vehiculo automotor en transporte,Not an Intersection,No fue interseccion,Sobre el lado de la calle,Ninguna,Dia total,Despejado,No,NO APLICA,99,99,99,99,1,27/05/2022,1
53,Washington,530222,0,0,1,0,61,SNOHOMISH (61),0,NO APLICA,5,Mayo,30,2022,14,12,CR-84TH ST NE,4,Calle del Condado,Rural,Arteria Menor,County Highway Agency,0,Sin jurisdiccion especial,8,48.07199722,-122.0933611,Barrera de Trafico de Concreto,El primer evento no fue una colision con un vehiculo automotor en transporte,Not an Intersection,No fue interseccion,Sobre el lado de la calle,Ninguna,Dia total,Despejado,No,NO APLICA,99,99,99,99,2,30/05/2022,2
53,Washington,530223,0,0,1,0,63,SPOKANE (63),1165,LIBERTY LAKE,5,Mayo,26,2022,19,0,I-90,1,Interestatal,Urbano,Interestatal,State Highway Agency,1,Sin jurisdiccion especial,2941,47.67571944,-117.1059889,Volcadura,El primer evento no fue una colision con un vehiculo automotor en transporte,Not an Intersection,No fue interseccion,Sobre Acotamiento,Ninguna,Dia total,Despejado,No,NO APLICA,99,99,99,99,1,26/05/2022,1
53,Washington,530224,0,0,2,0,47,OKANOGAN (47),0,NO APLICA,5,Mayo,20,2022,14,30,US-97,2,US Highway,Rural,Arterial Principal -Freeway o ExpressWay,State Highway Agency,1,Sin jurisdiccion especial,2878,48.55036111,-119.5401694,Vehiculo en movimiento,Angulo,Not an Intersection,No fue interseccion,Sobre calle,Ninguna,Dia total,lluvia,No,NO APLICA,99,99,99,99,2,20/05/2022,3
53,Washington,530225,0,1,2,1,33,KING (33),0,NO APLICA,5,Mayo,23,2022,13,31,I-90,1,Interestatal,Rural,Interestatal,State Highway Agency,1,Sin jurisdiccion especial,391,47.428425,-121.611725,Vehiculo Aparcado,El primer evento no fue una colision con un vehiculo automotor en transporte,Not an Intersection,No fue interseccion,Sobre Acotamiento,Ninguna,Dia total,Despejado,No,NO APLICA,99,99,99,99,1,23/05/2022,1
53,Washington,530226,0,0,2,0,33,KING (33),1960,SEATTLE,6,Junio,3,2022,13,55,I-5,1,Interestatal,Urbano,Interestatal,State Highway Agency,1,Sin jurisdiccion especial,22,47.63335556,-122.3238972,Vehiculo en movimiento,Frente a Detrás,Not an Intersection,No fue interseccion,Sobre calle,Ninguna,Dia total,Despejado,No,NO APLICA,99,99,99,99,1,03/06/2022,3
53,Washington,530227,0,0,1,0,53,PIERCE (53),0,NO APLICA,5,Mayo,30,2022,20,21,SR-161,3,Highway estatal,Urbano,Arteria Principal,State Highway Agency,0,Sin jurisdiccion especial,198,47.07599167,-122.2941583,Acotamiento,El primer evento no fue una colision con un vehiculo automotor en transporte,Not an Intersection,No fue interseccion,Sobre el lado de la calle,Ninguna,Dia total,Nublado,No,NO APLICA,99,99,99,99,1,30/05/2022,2
53,Washington,530228,1,1,1,0,11,CLARK (11),0,NO APLICA,6,Junio,2,2022,0,30,I-205,1,Interestatal,Urbano,Interestatal,State Highway Agency,1,Sin jurisdiccion especial,86,45.70193056,-122.6262583,Peaton,El primer evento no fue una colision con un vehiculo automotor en transporte,Not an Intersection,No fue interseccion,Sobre Acotamiento,Ninguna,Oscuro sin iluminacion,Despejado,No,NO APLICA,99,99,99,99,1,02/06/2022,1
53,Washington,530229,0,0,1,0,67,THURSTON (67),1590,OLYMPIA,5,Mayo,31,2022,9,8,PACIFIC AVE SE,6,Calle Local Municipalidad,Urbano,Arteria Principal,City or Municipal Highway Agency,0,Sin jurisdiccion especial,0,47.04088611,-122.8408583,Volcadura,El primer evento no fue una colision con un vehiculo automotor en transporte,Not an Intersection,No fue interseccion,Sobre el lado de la calle,Ninguna,Dia total,Despejado,No,NO APLICA,99,99,99,99,1,31/05/2022,1
53,Washington,530230,0,0,2,0,57,SKAGIT (57),0,NO APLICA,6,Junio,5,2022,12,25,SR-20,3,Highway estatal,Urbano,Arteria Principal,State Highway Agency,0,Sin jurisdiccion especial,611,48.48230833,-122.3085111,Vehiculo en movimiento,Angulo,Four-Way Intersection,Interseccion de 4 direcciones,Sobre calle,Ninguna,Dia total,Nublado,No,NO APLICA,99,99,99,99,1,05/06/2022,3
53,Washington,530231,0,0,2,0,57,SKAGIT (57),0,NO APLICA,5,Mayo,26,2022,13,31,SR-20,3,Highway estatal,Urbano,Arteria Menor,State Highway Agency,0,Sin jurisdiccion especial,674,48.52360556,-122.1941139,Vehiculo en movimiento,Angulo,T-Intersection,Interseccion de T,Sobre calle,Ninguna,Dia total,Despejado,No,NO APLICA,99,99,99,99,1,26/05/2022,3
53,Washington,530232,0,0,1,0,77,YAKIMA (77),2590,YAKIMA,5,Mayo,20,2022,3,5,W WASHINGTON AVE,6,Calle Local Municipalidad,Urbano,Arteria Principal,City or Municipal Highway Agency,0,Sin jurisdiccion especial,0,46.57087778,-120.5386806,Otro objeto (fijo),El primer evento no fue una colision con un vehiculo automotor en transporte,Not an Intersection,No fue interseccion,Sobre el lado de la calle,Ninguna,Oscuro con iluminacion,Despejado,No,NO APLICA,99,99,99,99,1,20/05/2022,2
53,Washington,530233,0,0,1,0,37,KITTITAS (37),0,NO APLICA,5,Mayo,23,2022,11,30,US-97,2,US Highway,Rural,Arteria Principal,State Highway Agency,1,Sin jurisdiccion especial,1215,47.03748056,-120.608475,Arbol,El primer evento no fue una colision con un vehiculo automotor en transporte,T-Intersection,Interseccion de T,Sobre el lado de la calle,Ninguna,Dia total,Despejado,No,NO APLICA,99,99,99,99,1,23/05/2022,1
53,Washington,530234,0,0,1,0,53,PIERCE (53),2230,TACOMA,6,Junio,7,2022,23,21,SR-509,3,Highway estatal,Urbano,Arteria Menor,State Highway Agency,0,Reservacion India,74,47.28704167,-122.4071972,Poste,El primer evento no fue una colision con un vehiculo automotor en transporte,Not an Intersection,No fue interseccion,Sobre el lado de la calle,Ninguna,Oscuro con iluminacion,Nublado,No,NO APLICA,99,99,99,99,1,07/06/2022,1
53,Washington,530236,0,0,2,0,53,PIERCE (53),2230,TACOMA,5,Mayo,27,2022,20,47,MCKINLEY WAY,6,Calle Local Municipalidad,Urbano,Arteria Menor,City or Municipal Highway Agency,0,Sin jurisdiccion especial,0,47.23329167,-122.4228889,Vehiculo en movimiento,Frente a frente,Not an Intersection,No fue interseccion,Sobre calle,Ninguna,Atardecer,Despejado,No,NO APLICA,99,99,99,99,1,27/05/2022,2
53,Washington,530237,0,0,2,0,25,GRANT (25),0,NO APLICA,5,Mayo,10,2022,6,10,SR-281,3,Highway estatal,Rural,Arteria Principal,State Highway Agency,0,Sin jurisdiccion especial,56,47.16116944,-119.8535111,Vehiculo en movimiento,Angulo,Four-Way Intersection,Interseccion de 4 direcciones,Sobre calle,Ninguna,Dia total,Despejado,No,NO APLICA,99,99,99,99,1,10/05/2022,3
53,Washington,530239,0,0,1,0,11,CLARK (11),0,NO APLICA,6,Junio,12,2022,23,0,I-5 RAMP,1,Interestatal,Rural,Interestatal,State Highway Agency,1,Sin jurisdiccion especial,1,45.78244444,-122.6761389,Barrera de Trafico de Concreto,El primer evento no fue una colision con un vehiculo automotor en transporte,Not an Intersection,No fue interseccion,En el medio,Ninguna,Oscuro sin iluminacion,lluvia,No,NO APLICA,99,99,99,99,1,12/06/2022,1
53,Washington,530240,0,0,1,0,77,YAKIMA (77),2590,YAKIMA,6,Junio,11,2022,2,9,W NOB HILL BLVD,6,Calle Local Municipalidad,Urbano,Arteria Principal,City or Municipal Highway Agency,0,Sin jurisdiccion especial,0,46.58536944,-120.5707639,Muro,El primer evento no fue una colision con un vehiculo automotor en transporte,Not an Intersection,No fue interseccion,Sobre el lado de la calle,Ninguna,Oscuro sin iluminacion,Despejado,No,NO APLICA,99,99,99,99,1,11/06/2022,1
53,Washington,530241,0,0,1,0,3,ASOTIN (3),0,NO APLICA,6,Junio,11,2022,13,40,SR-129,3,Highway estatal,Rural,Arteria Menor,State Highway Agency,0,Sin jurisdiccion especial,104,46.07165,-117.2142861,Valla Ferrocarril,El primer evento no fue una colision con un vehiculo automotor en transporte,Not an Intersection,No fue interseccion,Sobre el lado de la calle,Ninguna,Dia total,Despejado,No,NO APLICA,99,99,99,99,1,11/06/2022,1
53,Washington,530242,0,0,2,0,53,PIERCE (53),2230,TACOMA,5,Mayo,8,2022,1,29,19TH ST W,6,Calle Local Municipalidad,Urbano,Arteria Menor,City or Municipal Highway Agency,0,Sin jurisdiccion especial,0,47.24273056,-122.5263361,Vehiculo en movimiento,Angulo,Four-Way Intersection,Interseccion de 4 direcciones,Sobre calle,Ninguna,Oscuro con iluminacion,Despejado,No,NO APLICA,99,99,99,99,1,08/05/2022,2
53,Washington,530243,0,0,1,0,61,SNOHOMISH (61),1280,MARYSVILLE,5,Mayo,22,2022,18,39,SMOKEY POINT BLVD,6,Calle Local Municipalidad,Urbano,Arteria Principal,City or Municipal Highway Agency,0,Sin jurisdiccion especial,0,48.12899444,-122.1835472,Poste,El primer evento no fue una colision con un vehiculo automotor en transporte,Not an Intersection,No fue interseccion,Sobre el lado de la calle,Ninguna,Dia total,Despejado,No,NO APLICA,99,99,99,99,1,22/05/2022,2
53,Washington,530244,0,0,1,0,53,PIERCE (53),0,NO APLICA,5,Mayo,7,2022,16,19,CR-260TH ST E,4,Calle del Condado,Rural,Colector Mayor,County Highway Agency,0,Sin jurisdiccion especial,42,47.02033333,-122.4088222,Acotamiento,El primer evento no fue una colision con un vehiculo automotor en transporte,Y-Intersection,Interseccion de Y,Sobre el lado de la calle,Ninguna,Dia total,lluvia,No,NO APLICA,99,99,99,99,1,07/05/2022,1
53,Washington,530245,0,0,2,0,21,FRANKLIN (21),1660,PASCO,5,Mayo,10,2022,16,36,W A ST,6,Calle Local Municipalidad,Urbano,Arteria Menor,City or Municipal Highway Agency,0,Sin jurisdiccion especial,0,46.2267,-119.0904306,Vehiculo en movimiento,Angulo,Four-Way Intersection,Interseccion de 4 direcciones,Sobre calle,Ninguna,Dia total,Despejado,No,NO APLICA,99,99,99,99,1,10/05/2022,2
53,Washington,530246,0,0,2,0,33,KING (33),0,NO APLICA,5,Mayo,12,2022,3,19,CR-CENTRAL AVE S,4,Calle del Condado,Urbano,Arteria Menor,County Highway Agency,0,Sin jurisdiccion especial,71,47.35643333,-122.2298278,Vehiculo en movimiento,Golpe Lateral - direccion contraria,Not an Intersection,No fue interseccion,Sobre calle,Ninguna,Oscuro sin iluminacion,lluvia,No,NO APLICA,99,99,99,99,1,12/05/2022,3
53,Washington,530247,0,0,2,0,33,KING (33),0,NO APLICA,5,Mayo,20,2022,21,7,CR-1ST AVE S,4,Calle del Condado,Urbano,Arteria Principal,County Highway Agency,0,Sin jurisdiccion especial,29,47.50128889,-122.3336861,Vehiculo en movimiento,Angulo,T-Intersection,Interseccion de T,Sobre calle,Ninguna,Oscuro con iluminacion,Nublado,No,NO APLICA,99,99,99,99,1,20/05/2022,2
53,Washington,530248,0,0,2,0,11,CLARK (11),107,BATTLE GROUND,6,Junio,9,2022,22,18,SW EATON BLVD,6,Calle Local Municipalidad,Urbano,Colector Mayor,City or Municipal Highway Agency,0,Sin jurisdiccion especial,0,45.76610556,-122.5579083,Vehiculo en movimiento,Angulo,Four-Way Intersection,Interseccion de 4 direcciones,Sobre calle,Ninguna,Oscuro sin iluminacion,lluvia,No,NO APLICA,99,99,99,99,1,09/06/2022,5
53,Washington,530249,1,1,1,0,53,PIERCE (53),2230,TACOMA,6,Junio,11,2022,23,0,PACIFIC AVE,6,Calle Local Municipalidad,Urbano,Arteria Principal,City or Municipal Highway Agency,0,Sin jurisdiccion especial,0,47.2323,-122.4340444,Peaton,El primer evento no fue una colision con un vehiculo automotor en transporte,Not an Intersection,No fue interseccion,Sobre calle,Ninguna,Oscuro con iluminacion,Nublado,No,NO APLICA,99,99,99,99,1,11/06/2022,1
53,Washington,530250,0,0,1,0,61,SNOHOMISH (61),0,NO APLICA,6,Junio,11,2022,23,0,CR-PIONEER HWY,4,Calle del Condado,Rural,Colector Mayor,County Highway Agency,0,Sin jurisdiccion especial,51,48.22476667,-122.2691028,Poste,El primer evento no fue una colision con un vehiculo automotor en transporte,Not an Intersection,No fue interseccion,Sobre el lado de la calle,Ninguna,Reportada como desconocida,Despejado,No,NO APLICA,99,99,99,99,1,11/06/2022,1
53,Washington,530251,0,0,2,0,53,PIERCE (53),0,NO APLICA,6,Junio,9,2022,10,0,CR-SPANAWAY LOOP RD S,4,Calle del Condado,Urbano,Arteria Principal,County Highway Agency,0,Sin jurisdiccion especial,12,47.10511111,-122.45585,Vehiculo en movimiento,Angulo,Not an Intersection,No fue interseccion,Sobre calle,Ninguna,Dia total,lluvia,No,NO APLICA,99,99,99,99,1,09/06/2022,2
53,Washington,530252,0,0,2,0,37,KITTITAS (37),0,NO APLICA,5,Mayo,26,2022,9,35,SR-821,3,Highway estatal,Rural,Colector Mayor,State Highway Agency,0,Sin jurisdiccion especial,58,46.74764167,-120.4579611,Vehiculo en movimiento,Frente a frente,Not an Intersection,No fue interseccion,Sobre calle,Ninguna,Dia total,Despejado,No,NO APLICA,99,99,99,99,1,26/05/2022,3
53,Washington,530253,0,0,2,0,33,KING (33),0,NO APLICA,4,Abril,23,2022,19,8,CR-VEAZIE CUMBERLAND RD,4,Calle del Condado,Rural,Colector Mayor,County Highway Agency,0,Sin jurisdiccion especial,47,47.264375,-121.9493028,Volcadura,El primer evento no fue una colision con un vehiculo automotor en transporte,Not an Intersection,No fue interseccion,Sobre el lado de la calle,Ninguna,Dia total,Despejado,No,NO APLICA,99,99,99,99,1,23/04/2022,2
53,Washington,530254,0,0,2,0,33,KING (33),0,NO APLICA,6,Junio,14,2022,5,3,SR-161,3,Highway estatal,Urbano,Arteria Principal,State Highway Agency,0,Sin jurisdiccion especial,342,47.262,-122.2979583,Vehiculo en movimiento,Frente a frente,Four-Way Intersection,Interseccion de 4 direcciones,Sobre calle,Ninguna,Amanecer,Nublado,No,NO APLICA,99,99,99,99,1,14/06/2022,2
53,Washington,530255,0,0,3,0,63,SPOKANE (63),2113,SPOKANE VALLEY,6,Junio,15,2022,17,8,SR-290,3,Highway estatal,Urbano,Arteria Principal,State Highway Agency,0,Sin jurisdiccion especial,90,47.69380278,-117.2290806,Vehiculo en movimiento,Angulo,T-Intersection,Interseccion de T,Sobre calle,Ninguna,Dia total,Despejado,No,NO APLICA,99,99,99,99,1,15/06/2022,3
53,Washington,530256,0,0,2,0,53,PIERCE (53),0,NO APLICA,6,Junio,14,2022,8,55,CR-176TH ST E,4,Calle del Condado,Urbano,Arteria Principal,County Highway Agency,0,Sin jurisdiccion especial,4,47.09724444,-122.4255306,Vehiculo en movimiento,Frente a Detrás,Not an Intersection,No fue interseccion,Sobre calle,Ninguna,Dia total,Nublado,No,NO APLICA,99,99,99,99,1,14/06/2022,4
53,Washington,530257,0,0,2,0,33,KING (33),735,FEDERAL WAY,6,Junio,14,2022,22,34,SR-99,3,Highway estatal,Urbano,Arteria Principal,State Highway Agency,0,Sin jurisdiccion especial,57,47.30608056,-122.3134917,Vehiculo en movimiento,Angulo,Four-Way Intersection,Interseccion de 4 direcciones,Sobre calle,Ninguna,Oscuro con iluminacion,Despejado,No,NO APLICA,99,99,99,99,1,14/06/2022,2
53,Washington,530259,0,0,1,0,63,SPOKANE (63),0,NO APLICA,6,Junio,20,2022,6,17,CR-N ECHO RD,4,Calle del Condado,Rural,Local,County Highway Agency,0,Sin jurisdiccion especial,3,47.99016667,-117.3670889,Arbol,El primer evento no fue una colision con un vehiculo automotor en transporte,Not an Intersection,No fue interseccion,Sobre el lado de la calle,Ninguna,Reportada como desconocida,Otro,No,NO APLICA,99,99,99,99,1,20/06/2022,1
53,Washington,530260,1,1,1,0,77,YAKIMA (77),0,NO APLICA,6,Junio,12,2022,10,30,CR-SUMMITVIEW RD,4,Calle del Condado,Rural,Colector Mayor,County Highway Agency,0,Sin jurisdiccion especial,5,46.60568889,-120.6555167,Ciclista,El primer evento no fue una colision con un vehiculo automotor en transporte,Not an Intersection,No fue interseccion,Sobre Acotamiento,Ninguna,Dia total,Despejado,No,NO APLICA,99,99,99,99,1,12/06/2022,1
53,Washington,530261,0,0,1,0,21,FRANKLIN (21),1660,PASCO,6,Junio,17,2022,1,56,I-182,1,Interestatal,Urbano,Interestatal,State Highway Agency,1,Sin jurisdiccion especial,138,46.24983889,-119.0941083,Valla Ferrocarril,El primer evento no fue una colision con un vehiculo automotor en transporte,Not an Intersection,No fue interseccion,En el medio,Ninguna,Oscuro con iluminacion,Despejado,No,NO APLICA,99,99,99,99,1,17/06/2022,1
53,Washington,530262,0,0,2,0,39,KLICKITAT (39),0,NO APLICA,6,Junio,14,2022,9,4,SR-14,3,Highway estatal,Rural,Arteria Principal,State Highway Agency,0,Sin jurisdiccion especial,766,45.68856389,-121.2772917,Vehiculo en movimiento,Frente a frente,Not an Intersection,No fue interseccion,Sobre calle,Ninguna,Dia total,Despejado,No,NO APLICA,99,99,99,99,1,14/06/2022,2
53,Washington,530263,0,0,2,0,15,COWLITZ (15),1010,KELSO,6,Junio,21,2022,18,51,N PACIFIC AVE,6,Calle Local Municipalidad,Urbano,Arteria Menor,City or Municipal Highway Agency,0,Sin jurisdiccion especial,0,46.15929167,-122.9126361,Vehiculo en movimiento,Angulo,T-Intersection,Interseccion de T,Sobre calle,Ninguna,Dia total,Despejado,No,NO APLICA,99,99,99,99,1,21/06/2022,2
53,Washington,530264,0,0,2,0,35,KITSAP (35),1710,PORT ORCHARD,6,Junio,17,2022,16,21,SR-166,3,Highway estatal,Urbano,Arteria Principal,State Highway Agency,0,Sin jurisdiccion especial,21,47.536975,-122.6485222,Vehiculo en movimiento,Frente a frente,Not an Intersection,No fue interseccion,Sobre calle,Ninguna,Dia total,lluvia,No,NO APLICA,99,99,99,99,1,17/06/2022,2
53,Washington,530265,1,1,1,0,63,SPOKANE (63),22,AIRWAY HEIGHTS,6,Junio,9,2022,15,52,US-2,2,US Highway,Urbano,Arteria Principal,State Highway Agency,1,Sin jurisdiccion especial,2696,47.64291389,-117.594925,Peaton,El primer evento no fue una colision con un vehiculo automotor en transporte,Not an Intersection,No fue interseccion,Sobre calle,Ninguna,Dia total,Nublado,No,NO APLICA,99,99,99,99,1,09/06/2022,1
53,Washington,530266,1,1,1,0,61,SNOHOMISH (61),690,EVERETT,6,Junio,11,2022,0,3,GLENWOOD AVE,6,Calle Local Municipalidad,Urbano,Arteria Menor,City or Municipal Highway Agency,0,Sin jurisdiccion especial,0,47.95285833,-122.2473833,Banqueta,El primer evento no fue una colision con un vehiculo automotor en transporte,Not an Intersection,No fue interseccion,Sobre el lado de la calle,Ninguna,Oscuro con iluminacion,Nublado,No,NO APLICA,99,99,99,99,1,11/06/2022,1
53,Washington,530267,0,0,2,0,35,KITSAP (35),180,BREMERTON,6,Junio,22,2022,13,5,SR-303,3,Highway estatal,Urbano,Arteria Principal,State Highway Agency,0,Sin jurisdiccion especial,3,47.56861944,-122.6329028,Vehiculo en movimiento,Angulo,T-Intersection,Interseccion de T,Sobre calle,Ninguna,Dia total,Despejado,No,NO APLICA,99,99,99,99,1,22/06/2022,4
53,Washington,530268,0,0,1,0,67,THURSTON (67),1102,LACEY,6,Junio,22,2022,1,49,CARPENTER RD SE,6,Calle Local Municipalidad,Urbano,Arteria Menor,City or Municipal Highway Agency,0,Sin jurisdiccion especial,0,47.04251944,-122.8005611,Poste,El primer evento no fue una colision con un vehiculo automotor en transporte,Not an Intersection,No fue interseccion,Sobre el lado de la calle,Ninguna,Oscuro con iluminacion,Despejado,No,NO APLICA,99,99,99,99,1,22/06/2022,1
53,Washington,530269,0,0,1,0,67,THURSTON (67),0,NO APLICA,6,Junio,22,2022,4,38,US-12,2,US Highway,Rural,Arteria Principal,State Highway Agency,1,Sin jurisdiccion especial,410,46.82313056,-123.109925,Animal vivo,El primer evento no fue una colision con un vehiculo automotor en transporte,Not an Intersection,No fue interseccion,Sobre calle,Ninguna,Amanecer,Despejado,No,NO APLICA,99,99,99,99,1,22/06/2022,1
53,Washington,530270,0,0,2,0,33,KING (33),0,NO APLICA,6,Junio,6,2022,4,10,I-90,1,Interestatal,Rural,Interestatal,State Highway Agency,1,Sin jurisdiccion especial,503,47.42841667,-121.4197917,Vehiculo en movimiento,Angulo,Not an Intersection,No fue interseccion,Sobre calle,Ninguna,Oscuro sin iluminacion,Neblina o Humo,No,NO APLICA,99,99,99,99,1,06/06/2022,2
53,Washington,530271,1,1,1,0,33,KING (33),1960,SEATTLE,3,Marzo,25,2022,19,24,HIGHLAND PARK WY SW,6,Calle Local Municipalidad,Urbano,Arteria Principal,City or Municipal Highway Agency,0,Sin jurisdiccion especial,0,47.53989167,-122.3372944,Peaton,El primer evento no fue una colision con un vehiculo automotor en transporte,Four-Way Intersection,Interseccion de 4 direcciones,Sobre calle,Ninguna,Atardecer,Despejado,No,NO APLICA,99,99,99,99,1,25/03/2022,3
53,Washington,530272,0,0,2,0,77,YAKIMA (77),0,NO APLICA,3,Marzo,28,2022,19,15,CR-FORT TD,4,Calle del Condado,Rural,Colector Mayor,County Highway Agency,0,Reservacion India,14,46.37514444,-120.3464361,Vehiculo en movimiento,Angulo,Four-Way Intersection,Interseccion de 4 direcciones,Sobre calle,Ninguna,Dia total,Despejado,No,NO APLICA,99,99,99,99,1,28/03/2022,7
53,Washington,530273,0,0,3,0,53,PIERCE (53),2337,UNIVERSITY PLACE,6,Junio,25,2022,17,51,GRANDVIEW DR W,6,Calle Local Municipalidad,Urbano,Arteria Menor,City or Municipal Highway Agency,0,Sin jurisdiccion especial,0,47.22805,-122.5504,Vehiculo en movimiento,Frente a Detrás,Four-Way Intersection,Interseccion de 4 direcciones,Sobre calle,Ninguna,Dia total,Despejado,No,NO APLICA,99,99,99,99,1,25/06/2022,3
53,Washington,530274,0,0,2,0,33,KING (33),2310,TUKWILA,6,Junio,18,2022,3,17,I-5,1,Interestatal,Urbano,Interestatal,State Highway Agency,1,Sin jurisdiccion especial,1565,47.48978333,-122.2646111,Vehiculo en movimiento,Frente a Detrás,Not an Intersection,No fue interseccion,Sobre calle,Ninguna,Oscuro sin iluminacion,Despejado,No,NO APLICA,99,99,99,99,1,18/06/2022,2
53,Washington,530275,0,0,2,0,53,PIERCE (53),0,NO APLICA,6,Junio,25,2022,17,11,CR-ORVILLE RD E,4,Calle del Condado,Rural,Arteria Menor,County Highway Agency,0,Sin jurisdiccion especial,113,47.03001667,-122.2068028,Vehiculo en movimiento,Frente a frente,Not an Intersection,No fue interseccion,Sobre calle,Ninguna,Dia total,Despejado,No,NO APLICA,99,99,99,99,1,25/06/2022,2
53,Washington,530276,0,0,1,0,23,GARFIELD (23),0,NO APLICA,6,Junio,24,2022,18,6,US-12,2,US Highway,Rural,Arteria Principal,State Highway Agency,1,Sin jurisdiccion especial,4153,46.43461111,-117.3307639,Volcadura,El primer evento no fue una colision con un vehiculo automotor en transporte,Not an Intersection,No fue interseccion,Sobre el lado de la calle,Ninguna,Dia total,Despejado,No,NO APLICA,99,99,99,99,1,24/06/2022,1
53,Washington,530277,0,0,2,0,11,CLARK (11),0,NO APLICA,6,Junio,24,2022,9,15,CR-NE 212TH AVE,4,Calle del Condado,Rural,Colector Menor,County Highway Agency,0,Sin jurisdiccion especial,23,45.71637222,-122.4553833,Vehiculo en movimiento,Angulo,T-Intersection,Interseccion de T,Sobre calle,Ninguna,Dia total,Despejado,No,NO APLICA,99,99,99,99,1,24/06/2022,5
53,Washington,530278,0,0,2,0,47,OKANOGAN (47),0,NO APLICA,6,Junio,3,2022,16,8,SR-17,3,Highway estatal,Rural,Arteria Menor,State Highway Agency,0,Reservacion India,1295,48.01204722,-119.6643306,Vehiculo en movimiento,Frente a Detrás,T-Intersection,Interseccion de T,Sobre calle,Ninguna,Dia total,Nublado,No,NO APLICA,99,99,99,99,1,03/06/2022,5
53,Washington,530279,0,0,2,0,63,SPOKANE (63),2113,SPOKANE VALLEY,6,Junio,3,2022,17,17,E MANSFIELD AVE,6,Calle Local Municipalidad,Urbano,Colector Mayor,City or Municipal Highway Agency,0,Sin jurisdiccion especial,0,47.67745278,-117.2345361,Vehiculo en movimiento,Angulo,Not an Intersection,No fue interseccion,Sobre calle,Ninguna,Dia total,Nublado,No,NO APLICA,99,99,99,99,1,03/06/2022,2
53,Washington,530280,0,0,1,0,53,PIERCE (53),0,NO APLICA,6,Junio,24,2022,0,37,SR-7,3,Highway estatal,Urbano,Arteria Principal,State Highway Agency,0,Sin jurisdiccion especial,474,47.08342222,-122.4346694,Poste de Señal de trafico,El primer evento no fue una colision con un vehiculo automotor en transporte,Not an Intersection,No fue interseccion,Sobre el lado de la calle,Ninguna,Oscuro con iluminacion,Despejado,No,NO APLICA,99,99,99,99,1,24/06/2022,2
53,Washington,530281,0,0,2,0,9,CLALLAM (9),0,NO APLICA,6,Junio,12,2022,12,31,CR-JOSLIN RD,4,Calle del Condado,Urbano,Local,County Highway Agency,0,Sin jurisdiccion especial,1,48.08253056,-123.1837528,Vehiculo en movimiento,Angulo,Not an Intersection,No fue interseccion,Sobre calle,Ninguna,Dia total,Nublado,No,NO APLICA,99,99,99,99,1,12/06/2022,2
53,Washington,530282,0,0,2,0,41,LEWIS (41),0,NO APLICA,6,Junio,25,2022,23,26,SR-6,3,Highway estatal,Rural,Arteria Menor,State Highway Agency,0,Sin jurisdiccion especial,251,46.55256389,-123.3504778,Soporte de Puente,El primer evento no fue una colision con un vehiculo automotor en transporte,Not an Intersection,No fue interseccion,Sobre el lado de la calle,Ninguna,Oscuro sin iluminacion,Despejado,No,NO APLICA,99,99,99,99,1,25/06/2022,3
53,Washington,530283,0,0,2,0,11,CLARK (11),0,NO APLICA,6,Junio,29,2022,20,30,CR-NE GRANTHAM RD,4,Calle del Condado,Rural,Colector Menor,County Highway Agency,0,Sin jurisdiccion especial,24,45.90630833,-122.4997111,Vehiculo en movimiento,Frente a frente,Not an Intersection,No fue interseccion,Sobre calle,Ninguna,Dia total,Despejado,No,NO APLICA,99,99,99,99,1,29/06/2022,2