Estado,Nombre de Estado,Numero de Caso,Peatones,Personas _no_vehiculos,Vehiculos automotores,Vehiculos estacionados,Condado,Nombre Condado,Ciudad,Nombre Ciudad,Mes,Nombre Mes,Dia,Año,Hora,Minuto,Calle,Ruta,Nombre Ruta,Rural o Urbanoo,Sistema Funcional,Dueño Calle,Sistema Nacional Carreteras,Jurisdiccion Especial,Milla,Latitud,Longitud,Causa del Accidente,Tipo de Accidente,Tipo Interseccion,Columna1,Lugar en la calle,Zona de Trabajo,Luz,Clima,Autobus Escolar,Cruce de Trenes,Hora Notificacion,Minuto Notificacion,Hora Llegada,Minuto Llegada,Decesos,Fecha,PersonaVehiculo
53,Washington,530285,0,0,1,0,53,PIERCE (53),0,NO APLICA,6,Junio,30,2022,2,14,SR-165,3,Highway estatal,Rural,Colector Mayor,State Highway Agency,0,Sin jurisdiccion especial,148,47.08565278,-122.0482167,Arbol,El primer evento no fue una colision con un vehiculo automotor en transporte,Not an Intersection,No fue interseccion,Sobre el lado de la calle,Ninguna,Oscuro sin iluminacion,Despejado,No,NO APLICA,99,99,99,99,1,30/06/2022,1
53,Washington,530286,1,8,3,2,33,KING (33),0,NO APLICA,5,Mayo,24,2022,16,12,CR-NE NOVELTY HILL RD,4,Calle del Condado,Urbano,Arteria Menor,County Highway Agency,0,Sin jurisdiccion especial,7,47.68817222,-122.0807194,Vehiculo Aparcado,El primer evento no fue una colision con un vehiculo automotor en transporte,Not an Intersection,No fue interseccion,Sobre Acotamiento,Ninguna,Dia total,lluvia,No,NO APLICA,99,99,99,99,1,24/05/2022,1
53,Washington,530287,0,0,2,0,73,WHATCOM (73),110,BELLINGHAM,6,Junio,30,2022,20,23,I-5,1,Interestatal,Urbano,Interestatal,State Highway Agency,1,Sin jurisdiccion especial,2529,48.74435833,-122.4664611,Valla Ferrocarril,El primer evento no fue una colision con un vehiculo automotor en transporte,Not an Intersection,No fue interseccion,En el medio,Ninguna,Dia total,Despejado,No,NO APLICA,99,99,99,99,1,30/06/2022,3
53,Washington,530288,0,0,1,0,63,SPOKANE (63),0,NO APLICA,4,Abril,16,2022,19,14,SR-291,3,Highway estatal,Urbano,Arteria Menor,State Highway Agency,0,Sin jurisdiccion especial,70,47.75895833,-117.5222889,Barda,El primer evento no fue una colision con un vehiculo automotor en transporte,Not an Intersection,No fue interseccion,Sobre el lado de la calle,Ninguna,Dia total,Nublado,No,NO APLICA,99,99,99,99,1,16/04/2022,1
53,Washington,530289,0,0,2,0,33,KING (33),0,NO APLICA,4,Abril,4,2022,14,8,I-90,1,Interestatal,Urbano,Interestatal,State Highway Agency,1,Sin jurisdiccion especial,211,47.5309,-121.981225,Vehiculo en movimiento,Frente a frente,Not an Intersection,No fue interseccion,Sobre calle,Ninguna,Dia total,lluvia,No,NO APLICA,99,99,99,99,1,04/04/2022,2
53,Washington,530290,0,0,2,1,33,KING (33),980,ISSAQUAH,4,Abril,15,2022,8,50,I-90,1,Interestatal,Urbano,Interestatal,State Highway Agency,1,Sin jurisdiccion especial,147,47.54489722,-122.0456028,Vehiculo Aparcado,El primer evento no fue una colision con un vehiculo automotor en transporte,Not an Intersection,No fue interseccion,Sobre Acotamiento,Ninguna,Dia total,Nublado,No,NO APLICA,99,99,99,99,1,15/04/2022,1
53,Washington,530291,0,0,2,0,53,PIERCE (53),0,NO APLICA,4,Abril,8,2022,23,8,CR-CANYON RD E,4,Calle del Condado,Urbano,Arteria Principal,County Highway Agency,0,Sin jurisdiccion especial,58,47.16960278,-122.3571083,Vehiculo en movimiento,Angulo,Not an Intersection,No fue interseccion,Sobre calle,Ninguna,Oscuro con iluminacion,Despejado,No,NO APLICA,99,99,99,99,1,08/04/2022,2
53,Washington,530292,0,0,1,0,17,DOUGLAS (17),0,NO APLICA,4,Abril,4,2022,11,36,CR-MCNEIL CANYON RD,4,Calle del Condado,Rural,Colector Mayor,County Highway Agency,0,Sin jurisdiccion especial,20,47.83404722,-119.9477111,Volcadura,El primer evento no fue una colision con un vehiculo automotor en transporte,Not an Intersection,No fue interseccion,Sobre calle,Ninguna,Dia total,Despejado,No,NO APLICA,99,99,99,99,1,04/04/2022,1
53,Washington,530293,1,1,1,0,33,KING (33),1960,SEATTLE,4,Abril,23,2022,22,48,15TH AVE W,6,Calle Local Municipalidad,Urbano,Arteria Principal,City or Municipal Highway Agency,0,Sin jurisdiccion especial,0,47.64240556,-122.3760417,Peaton,El primer evento no fue una colision con un vehiculo automotor en transporte,Four-Way Intersection,Interseccion de 4 direcciones,Sobre calle,Ninguna,Oscuro con iluminacion,Despejado,No,NO APLICA,99,99,99,99,1,23/04/2022,1
53,Washington,530294,0,0,1,0,33,KING (33),1960,SEATTLE,4,Abril,4,2022,6,0,ELLIOT AVE W,6,Calle Local Municipalidad,Urbano,Arteria Principal,City or Municipal Highway Agency,0,Sin jurisdiccion especial,99998,47.62752778,-122.3694111,Poste,El primer evento no fue una colision con un vehiculo automotor en transporte,Not an Intersection,No fue interseccion,Sobre el lado de la calle,Ninguna,Oscuro con iluminacion,Despejado,No,NO APLICA,99,99,99,99,1,04/04/2022,1
53,Washington,530295,0,0,2,0,53,PIERCE (53),2230,TACOMA,7,Julio,3,2022,8,1,SR-167,3,Highway estatal,Urbano,Arteria Principal,State Highway Agency,0,Reservacion India,4,47.23927222,-122.3986806,Volcadura,El primer evento no fue una colision con un vehiculo automotor en transporte,Not an Intersection,No fue interseccion,Sobre calle,Ninguna,Dia total,Nublado,No,NO APLICA,99,99,99,99,1,03/07/2022,2
53,Washington,530296,0,0,2,0,45,MASON (45),0,NO APLICA,7,Julio,3,2022,18,0,CR-NE TAHUYA BLACKSMITH,4,Calle del Condado,Rural,Colector Menor,County Highway Agency,0,Sin jurisdiccion especial,40,47.48776667,-122.9659417,Vehiculo en movimiento,Frente a frente,Not an Intersection,No fue interseccion,Sobre calle,Ninguna,Dia total,Nublado,No,NO APLICA,99,99,99,99,1,03/07/2022,2
53,Washington,530297,0,0,1,0,33,KING (33),0,NO APLICA,4,Abril,20,2022,12,10,SR-164,3,Highway estatal,Rural,Arteria Principal,State Highway Agency,0,Sin jurisdiccion especial,85,47.22594444,-122.1010167,Volcadura,El primer evento no fue una colision con un vehiculo automotor en transporte,Not an Intersection,No fue interseccion,Sobre el lado de la calle,Ninguna,Dia total,Nublado,No,NO APLICA,99,99,99,99,1,20/04/2022,2
53,Washington,530298,0,0,1,0,33,KING (33),1960,SEATTLE,4,Abril,29,2022,1,14,N NORTH LAKE WY,6,Calle Local Municipalidad,Urbano,Arteria Menor,City or Municipal Highway Agency,0,Sin jurisdiccion especial,0,47.64697222,-122.3334833,Banqueta,El primer evento no fue una colision con un vehiculo automotor en transporte,Not an Intersection,No fue interseccion,Sobre el lado de la calle,Ninguna,Oscuro con iluminacion,Despejado,No,NO APLICA,99,99,99,99,1,29/04/2022,1
53,Washington,530300,0,0,2,0,61,SNOHOMISH (61),1120,LAKE STEVENS,7,Julio,8,2022,19,57,SR-92,3,Highway estatal,Urbano,Arteria Menor,State Highway Agency,0,Sin jurisdiccion especial,19,48.03080833,-122.0697639,Vehiculo en movimiento,Angulo,Not an Intersection,No fue interseccion,Sobre calle,Ninguna,Dia total,Despejado,No,NO APLICA,99,99,99,99,1,08/07/2022,3
53,Washington,530301,1,1,4,2,53,PIERCE (53),1124,LAKEWOOD,7,Julio,6,2022,21,29,IRENE AVE SW,6,Calle Local Municipalidad,Urbano,Local,City or Municipal Highway Agency,0,Sin jurisdiccion especial,0,47.16269167,-122.4894556,Vehiculo Aparcado,El primer evento no fue una colision con un vehiculo automotor en transporte,Not an Intersection,No fue interseccion,Sobre calle,Ninguna,Oscuro sin iluminacion,Despejado,No,NO APLICA,99,99,99,99,1,06/07/2022,2
53,Washington,530302,0,0,1,0,27,GRAYS HARBOR (27),0,NO APLICA,7,Julio,8,2022,20,0,NFD ROAD 2270,8,Otro,Trafficway Not in State Inventory,Via no en inventario estatal,Trafficway Not in State Inventory,0,Sin jurisdiccion especial,65,47.20831944,-123.5899722,Arbol,El primer evento no fue una colision con un vehiculo automotor en transporte,Not an Intersection,No fue interseccion,Sobre el lado de la calle,Ninguna,Dia total,Despejado,No,NO APLICA,99,99,99,99,1,08/07/2022,1
53,Washington,530303,0,0,2,0,33,KING (33),100,AUBURN,7,Julio,9,2022,21,3,SR-167,3,Highway estatal,Urbano,Arterial Principal -Freeway o ExpressWay,State Highway Agency,0,Sin jurisdiccion especial,175,47.32851111,-122.2451083,Vehiculo en movimiento,Frente a Detrás,Not an Intersection,No fue interseccion,Sobre calle,Ninguna,Oscuro sin iluminacion,Neblina o Humo,No,NO APLICA,99,99,99,99,1,09/07/2022,2
53,Washington,530304,0,0,2,0,63,SPOKANE (63),330,CHENEY,7,Julio,7,2022,17,37,SR-904,3,Highway estatal,Urbano,Arteria Menor,State Highway Agency,0,Sin jurisdiccion especial,118,47.49730556,-117.5647889,Vehiculo en movimiento,Angulo,Y-Intersection,Interseccion de Y,Sobre calle,Ninguna,Dia total,Despejado,No,NO APLICA,99,99,99,99,1,07/07/2022,2
53,Washington,530305,0,0,1,0,37,KITTITAS (37),0,NO APLICA,5,Mayo,28,2022,0,0,CR-TEANAWAY ROAD NORTH,4,Calle del Condado,Rural,Colector Menor,County Highway Agency,0,Sin jurisdiccion especial,28,47.28911111,-120.8601833,Volcadura,El primer evento no fue una colision con un vehiculo automotor en transporte,Not an Intersection,No fue interseccion,Sobre el lado de la calle,Ninguna,Oscuro sin iluminacion,Despejado,No,NO APLICA,99,99,99,99,1,28/05/2022,1
53,Washington,530306,0,0,2,0,5,BENTON (5),0,NO APLICA,7,Julio,11,2022,19,45,SR-397,3,Highway estatal,Urbano,Colector Mayor,State Highway Agency,0,Sin jurisdiccion especial,136,46.17028889,-119.0506972,Vehiculo en movimiento,Angulo,Not an Intersection,No fue interseccion,Sobre calle,Ninguna,Dia total,Despejado,No,NO APLICA,99,99,99,99,1,11/07/2022,3
53,Washington,530307,0,0,2,0,17,DOUGLAS (17),0,NO APLICA,7,Julio,4,2022,1,20,SR-173,3,Highway estatal,Rural,Colector Mayor,State Highway Agency,0,Sin jurisdiccion especial,47,48.04862222,-119.6901333,Acotamiento,El primer evento no fue una colision con un vehiculo automotor en transporte,Not an Intersection,No fue interseccion,Sobre el lado de la calle,Ninguna,Oscuro sin iluminacion,Despejado,No,NO APLICA,99,99,99,99,1,04/07/2022,2
53,Washington,530308,1,1,1,0,75,WHITMAN (75),0,NO APLICA,7,Julio,11,2022,20,45,SR-270,3,Highway estatal,Rural,Arterial Principal -Freeway o ExpressWay,State Highway Agency,0,Sin jurisdiccion especial,94,46.73509722,-117.0490028,Peaton,El primer evento no fue una colision con un vehiculo automotor en transporte,Not an Intersection,No fue interseccion,Sobre calle,Ninguna,Atardecer,Despejado,No,NO APLICA,99,99,99,99,1,11/07/2022,1
53,Washington,530309,0,0,3,0,33,KING (33),0,NO APLICA,7,Julio,11,2022,13,5,CR-236TH AVE NE,4,Calle del Condado,Urbano,Arteria Menor,County Highway Agency,0,Sin jurisdiccion especial,42,47.64986111,-122.0246194,Vehiculo en movimiento,Angulo,Not an Intersection,No fue interseccion,Sobre calle,Ninguna,Dia total,Despejado,No,NO APLICA,99,99,99,99,1,11/07/2022,5
53,Washington,530310,0,0,2,0,33,KING (33),0,NO APLICA,6,Junio,27,2022,20,9,SR-18,3,Highway estatal,Rural,Arterial Principal -Freeway o ExpressWay,State Highway Agency,0,Sin jurisdiccion especial,247,47.46803333,-121.9193944,Vehiculo en movimiento,Frente a Detrás,Not an Intersection,No fue interseccion,Sobre calle,Ninguna,Dia total,Despejado,No,NO APLICA,99,99,99,99,1,27/06/2022,3
53,Washington,530311,1,1,1,0,29,ISLAND (29),0,NO APLICA,7,Julio,6,2022,8,55,SR-20,3,Highway estatal,Rural,Arteria Principal,State Highway Agency,0,Sin jurisdiccion especial,194,48.20783611,-122.6425389,Peaton,El primer evento no fue una colision con un vehiculo automotor en transporte,Not an Intersection,No fue interseccion,Sobre calle,Ninguna,Dia total,Despejado,No,NO APLICA,99,99,99,99,1,06/07/2022,1
53,Washington,530312,1,1,1,0,63,SPOKANE (63),2110,SPOKANE,7,Julio,15,2022,21,30,W 3RD AVE,6,Calle Local Municipalidad,Urbano,Arteria Principal,City or Municipal Highway Agency,0,Sin jurisdiccion especial,0,47.65342222,-117.4295583,Peaton,El primer evento no fue una colision con un vehiculo automotor en transporte,Four-Way Intersection,Interseccion de 4 direcciones,Sobre calle,Ninguna,Oscuro con iluminacion,Despejado,No,NO APLICA,99,99,99,99,1,15/07/2022,2
53,Washington,530313,0,0,1,0,77,YAKIMA (77),0,NO APLICA,7,Julio,4,2022,20,19,CR-SHELLER RD,4,Calle del Condado,Rural,Colector Mayor,County Highway Agency,0,Sin jurisdiccion especial,21,46.33161944,-119.9555139,Poste,El primer evento no fue una colision con un vehiculo automotor en transporte,Not an Intersection,No fue interseccion,Sobre el lado de la calle,Ninguna,Dia total,Despejado,No,NO APLICA,99,99,99,99,1,04/07/2022,1
53,Washington,530314,0,0,2,0,77,YAKIMA (77),0,NO APLICA,6,Junio,30,2022,15,21,CR-BRANCH RD,4,Calle del Condado,Rural,Colector Mayor,County Highway Agency,0,Reservacion India,48,46.40463889,-120.4800111,Vehiculo en movimiento,Angulo,Four-Way Intersection,Interseccion de 4 direcciones,Sobre calle,Ninguna,Dia total,Despejado,No,NO APLICA,99,99,99,99,2,30/06/2022,6
53,Washington,530315,0,0,1,0,49,PACIFIC (49),0,NO APLICA,6,Junio,19,2022,23,30,SR-105,3,Highway estatal,Rural,Arteria Menor,State Highway Agency,0,Sin jurisdiccion especial,212,46.73692222,-124.068275,Volcadura,El primer evento no fue una colision con un vehiculo automotor en transporte,Not an Intersection,No fue interseccion,Sobre el lado de la calle,Ninguna,Oscuro sin iluminacion,Despejado,No,NO APLICA,99,99,99,99,1,19/06/2022,1
53,Washington,530316,0,0,1,0,63,SPOKANE (63),2110,SPOKANE,5,Mayo,7,2022,9,44,E UPRIVER DR,6,Calle Local Municipalidad,Urbano,Arteria Menor,City or Municipal Highway Agency,0,Sin jurisdiccion especial,0,47.6919,-117.3180361,Volcadura,El primer evento no fue una colision con un vehiculo automotor en transporte,Y-Intersection,Interseccion de Y,Sobre el lado de la calle,Ninguna,Dia total,Despejado,No,NO APLICA,99,99,99,99,1,07/05/2022,2
53,Washington,530317,0,0,1,0,11,CLARK (11),0,NO APLICA,7,Julio,5,2022,23,46,CR-NE W H GARNER RD,4,Calle del Condado,Rural,Colector Menor,County Highway Agency,0,Sin jurisdiccion especial,19,45.87098056,-122.4395611,Arbol,El primer evento no fue una colision con un vehiculo automotor en transporte,Not an Intersection,No fue interseccion,Sobre el lado de la calle,Ninguna,Oscuro sin iluminacion,Despejado,No,NO APLICA,99,99,99,99,1,05/07/2022,1
53,Washington,530318,1,1,1,0,33,KING (33),1960,SEATTLE,5,Mayo,6,2022,22,1,CALIFORNIA AVE SW,6,Calle Local Municipalidad,Urbano,Arteria Menor,City or Municipal Highway Agency,0,Sin jurisdiccion especial,0,47.55253611,-122.3869611,Peaton,El primer evento no fue una colision con un vehiculo automotor en transporte,Not an Intersection,No fue interseccion,Sobre calle,Ninguna,Oscuro con iluminacion,lluvia,No,NO APLICA,99,99,99,99,1,06/05/2022,1
53,Washington,530320,0,0,3,0,67,THURSTON (67),0,NO APLICA,7,Julio,2,2022,15,16,US-12,2,US Highway,Urbano,Arterial Principal -Freeway o ExpressWay,State Highway Agency,1,Sin jurisdiccion especial,449,46.80253333,-123.0367889,Vehiculo en movimiento,Angulo,Four-Way Intersection,Interseccion de 4 direcciones,Sobre calle,Ninguna,Dia total,Nublado,No,NO APLICA,99,99,99,99,1,02/07/2022,6
53,Washington,530321,0,0,2,0,45,MASON (45),2000,SHELTON,7,Julio,10,2022,22,25,NORTHCLIFF RD,6,Calle Local Municipalidad,Urbano,Colector Mayor,City or Municipal Highway Agency,0,Sin jurisdiccion especial,0,47.22194722,-123.107675,Vehiculo en movimiento,Frente a frente,Not an Intersection,No fue interseccion,Sobre calle,Ninguna,Oscuro con iluminacion,Despejado,No,NO APLICA,99,99,99,99,1,10/07/2022,5
53,Washington,530322,0,0,2,0,27,GRAYS HARBOR (27),0,NO APLICA,6,Junio,24,2022,9,32,SR-8,3,Highway estatal,Rural,Arterial Principal -Freeway o ExpressWay,State Highway Agency,0,Sin jurisdiccion especial,35,47.03749167,-123.3330917,Valla Ferrocarril,El primer evento no fue una colision con un vehiculo automotor en transporte,Not an Intersection,No fue interseccion,Sobre el lado de la calle,Ninguna,Dia total,Despejado,No,NO APLICA,99,99,99,99,1,24/06/2022,2
53,Washington,530323,1,1,1,0,53,PIERCE (53),0,NO APLICA,7,Julio,19,2022,16,3,SR-7,3,Highway estatal,Urbano,Arteria Principal,State Highway Agency,0,Sin jurisdiccion especial,509,47.135175,-122.4346,Ciclista,El primer evento no fue una colision con un vehiculo automotor en transporte,Four-Way Intersection,Interseccion de 4 direcciones,Sobre calle,Ninguna,Dia total,Despejado,No,NO APLICA,99,99,99,99,1,19/07/2022,1
53,Washington,530324,0,0,1,0,7,CHELAN (7),0,NO APLICA,6,Junio,11,2022,7,54,CR-S LAKESHORE RD,4,Calle del Condado,Rural,Colector Mayor,County Highway Agency,0,Sin jurisdiccion especial,138,47.96731111,-120.2128222,Valla Ferrocarril,El primer evento no fue una colision con un vehiculo automotor en transporte,Not an Intersection,No fue interseccion,Sobre el lado de la calle,Ninguna,Oscuro sin iluminacion,Despejado,No,NO APLICA,99,99,99,99,1,11/06/2022,1
53,Washington,530325,0,0,1,0,57,SKAGIT (57),0,NO APLICA,7,Julio,12,2022,2,54,CR-MCLEAN RD,4,Calle del Condado,Rural,Colector Mayor,County Highway Agency,0,Sin jurisdiccion especial,11,48.42070278,-122.4459528,Poste,El primer evento no fue una colision con un vehiculo automotor en transporte,Not an Intersection,No fue interseccion,Sobre el lado de la calle,Ninguna,Oscuro sin iluminacion,Despejado,No,NO APLICA,99,99,99,99,1,12/07/2022,1
53,Washington,530327,0,0,1,0,61,SNOHOMISH (61),170,BOTHELL,7,Julio,17,2022,4,41,SR-524,3,Highway estatal,Urbano,Arteria Menor,State Highway Agency,0,Sin jurisdiccion especial,96,47.80944722,-122.2076639,Banqueta,El primer evento no fue una colision con un vehiculo automotor en transporte,Four-Way Intersection,Interseccion de 4 direcciones,Sobre el lado de la calle,Ninguna,Amanecer,Nublado,No,NO APLICA,99,99,99,99,1,17/07/2022,1
53,Washington,530328,1,1,1,0,33,KING (33),1960,SEATTLE,5,Mayo,11,2022,10,30,4TH AVE,6,Calle Local Municipalidad,Urbano,Arteria Principal,City or Municipal Highway Agency,0,Sin jurisdiccion especial,0,47.58598056,-122.328925,Ciclista,El primer evento no fue una colision con un vehiculo automotor en transporte,Not an Intersection,No fue interseccion,Sobre calle,Ninguna,Dia total,Despejado,No,NO APLICA,99,99,99,99,1,11/05/2022,1
53,Washington,530329,0,0,1,0,51,PEND OREILLE (51),0,NO APLICA,5,Mayo,7,2022,7,11,CR-FERTILE VALLEY RD,4,Calle del Condado,Rural,Colector Menor,County Highway Agency,0,Sin jurisdiccion especial,40,48.14501944,-117.3361444,Arbol,El primer evento no fue una colision con un vehiculo automotor en transporte,Not an Intersection,No fue interseccion,Sobre el lado de la calle,Ninguna,Dia total,Nublado,No,NO APLICA,99,99,99,99,1,07/05/2022,1
53,Washington,530330,0,0,2,0,33,KING (33),1960,SEATTLE,6,Junio,27,2022,1,37,SR-99,3,Highway estatal,Urbano,Arteria Principal,State Highway Agency,0,Sin jurisdiccion especial,322,47.70684722,-122.3447111,Vehiculo en movimiento,Angulo,Not an Intersection,No fue interseccion,Sobre calle,Ninguna,Oscuro con iluminacion,Despejado,No,NO APLICA,99,99,99,99,1,27/06/2022,2
53,Washington,530331,0,0,1,0,39,KLICKITAT (39),0,NO APLICA,7,Julio,17,2022,12,24,SR-141,3,Highway estatal,Rural,Colector Mayor,State Highway Agency,0,Sin jurisdiccion especial,45,45.75484167,-121.5170972,Acotamiento,El primer evento no fue una colision con un vehiculo automotor en transporte,Not an Intersection,No fue interseccion,Sobre el lado de la calle,Ninguna,Dia total,Despejado,No,NO APLICA,99,99,99,99,1,17/07/2022,1
53,Washington,530332,0,0,2,0,45,MASON (45),0,NO APLICA,7,Julio,16,2022,19,32,US-101,2,US Highway,Rural,Arteria Principal,State Highway Agency,1,Sin jurisdiccion especial,3423,47.25422222,-123.1465611,Vehiculo en movimiento,Frente a frente,Not an Intersection,No fue interseccion,Sobre calle,Ninguna,Dia total,Despejado,No,NO APLICA,99,99,99,99,1,16/07/2022,5
53,Washington,530333,0,0,2,0,33,KING (33),1960,SEATTLE,7,Julio,4,2022,10,59,I-5,1,Interestatal,Urbano,Interestatal,State Highway Agency,1,Sin jurisdiccion especial,1745,47.7332,-122.3244639,Vehiculo en movimiento,Angulo,Not an Intersection,No fue interseccion,Sobre calle,Ninguna,Dia total,Despejado,No,NO APLICA,99,99,99,99,1,04/07/2022,3
53,Washington,530334,0,0,2,0,5,BENTON (5),0,NO APLICA,7,Julio,22,2022,4,27,SR-14,3,Highway estatal,Rural,Arteria Menor,State Highway Agency,0,Sin jurisdiccion especial,1799,45.94464167,-119.3513944,Vehiculo en movimiento,Angulo,Four-Way Intersection,Interseccion de 4 direcciones,Sobre calle,Ninguna,Amanecer,Despejado,No,NO APLICA,99,99,99,99,1,22/07/2022,6
53,Washington,530335,0,0,2,0,53,PIERCE (53),2230,TACOMA,7,Julio,19,2022,19,9,E 72ND ST,6,Calle Local Municipalidad,Urbano,Arteria Principal,City or Municipal Highway Agency,0,Sin jurisdiccion especial,0,47.19181389,-122.4209583,Vehiculo en movimiento,Angulo,Four-Way Intersection,Interseccion de 4 direcciones,Sobre calle,Ninguna,Dia total,Despejado,No,NO APLICA,99,99,99,99,1,19/07/2022,4
53,Washington,530336,0,0,3,0,71,WALLA WALLA (71),0,NO APLICA,7,Julio,15,2022,19,16,SR-125,3,Highway estatal,Urbano,Arterial Principal -Freeway o ExpressWay,State Highway Agency,0,Sin jurisdiccion especial,0,46.00072222,-118.3874361,Vehiculo en movimiento,Angulo,Four-Way Intersection,Interseccion de 4 direcciones,Sobre calle,Ninguna,Dia total,Despejado,No,NO APLICA,99,99,99,99,1,15/07/2022,4
53,Washington,530337,0,0,1,0,3,ASOTIN (3),0,NO APLICA,7,Julio,10,2022,22,16,SR-129,3,Highway estatal,Rural,Arteria Menor,State Highway Agency,0,Sin jurisdiccion especial,186,46.14856389,-117.1221389,Suelo,El primer evento no fue una colision con un vehiculo automotor en transporte,Not an Intersection,No fue interseccion,Sobre el lado de la calle,Ninguna,Oscuro - iluminacion desconocida,Despejado,No,NO APLICA,99,99,99,99,1,10/07/2022,2
53,Washington,530338,0,0,1,0,59,SKAMANIA (59),0,NO APLICA,7,Julio,24,2022,19,36,SR-14,3,Highway estatal,Rural,Arteria Principal,State Highway Agency,0,Sin jurisdiccion especial,256,45.58730278,-122.1881556,Acotamiento,El primer evento no fue una colision con un vehiculo automotor en transporte,Not an Intersection,No fue interseccion,Sobre el lado de la calle,Ninguna,Dia total,Despejado,No,NO APLICA,99,99,99,99,1,24/07/2022,1
53,Washington,530339,0,0,2,0,35,KITSAP (35),1730,POULSBO,7,Julio,24,2022,23,34,NE LINCOLN RD,6,Calle Local Municipalidad,Urbano,Arteria Menor,City or Municipal Highway Agency,0,Sin jurisdiccion especial,0,47.74426944,-122.6209333,Vehiculo en movimiento,Angulo,Four-Way Intersection,Interseccion de 4 direcciones,Sobre calle,Ninguna,Oscuro con iluminacion,Despejado,No,NO APLICA,99,99,99,99,1,24/07/2022,3
53,Washington,530340,0,0,1,0,53,PIERCE (53),0,NO APLICA,7,Julio,20,2022,5,10,SR-302,3,Highway estatal,Urbano,Arteria Principal,State Highway Agency,0,Sin jurisdiccion especial,165,47.37604167,-122.6226111,Barrera de Trafico de Concreto,El primer evento no fue una colision con un vehiculo automotor en transporte,Not an Intersection,No fue interseccion,Sobre el lado de la calle,Ninguna,Oscuro con iluminacion,Despejado,No,NO APLICA,99,99,99,99,1,20/07/2022,4
53,Washington,530341,0,0,1,0,77,YAKIMA (77),1220,MABTON,7,Julio,16,2022,23,17,SR-241,3,Highway estatal,Rural,Colector Mayor,State Highway Agency,0,Sin jurisdiccion especial,2,46.21474444,-119.9997472,Poste de Señal de trafico,El primer evento no fue una colision con un vehiculo automotor en transporte,Not an Intersection,No fue interseccion,Sobre el lado de la calle,Ninguna,Oscuro con iluminacion,Despejado,No,NO APLICA,99,99,99,99,1,16/07/2022,1
53,Washington,530342,0,0,1,0,15,COWLITZ (15),0,NO APLICA,7,Julio,19,2022,22,41,SR-503,3,Highway estatal,Rural,Colector Mayor,State Highway Agency,0,Sin jurisdiccion especial,77,46.05860833,-122.2592611,Poste de Señal de trafico,El primer evento no fue una colision con un vehiculo automotor en transporte,Not an Intersection,No fue interseccion,Sobre el lado de la calle,Ninguna,Oscuro sin iluminacion,Despejado,No,NO APLICA,99,99,99,99,1,19/07/2022,1
53,Washington,530343,0,0,2,0,11,CLARK (11),0,NO APLICA,7,Julio,15,2022,19,17,CR-NE 99TH ST,4,Calle del Condado,Urbano,Arteria Menor,County Highway Agency,0,Sin jurisdiccion especial,3,45.6931,-122.6506194,Vehiculo en movimiento,Angulo,Four-Way Intersection,Interseccion de 4 direcciones,Sobre calle,Ninguna,Atardecer,Despejado,No,NO APLICA,99,99,99,99,1,15/07/2022,2
53,Washington,530344,0,0,3,0,11,CLARK (11),0,NO APLICA,7,Julio,18,2022,9,56,I-5,1,Interestatal,Urbano,Interestatal,State Highway Agency,1,Sin jurisdiccion especial,54,45.69269167,-122.661575,Vehiculo en movimiento,Frente a Detrás,Not an Intersection,No fue interseccion,Sobre calle,Ninguna,Dia total,Despejado,No,NO APLICA,99,99,99,99,1,18/07/2022,4
53,Washington,530345,0,0,2,0,53,PIERCE (53),0,NO APLICA,7,Julio,13,2022,12,22,SR-7,3,Highway estatal,Urbano,Arteria Principal,State Highway Agency,0,Sin jurisdiccion especial,448,47.05493056,-122.3995583,Vehiculo en movimiento,Angulo,Not an Intersection,No fue interseccion,Sobre calle,Ninguna,Dia total,Despejado,No,NO APLICA,99,99,99,99,1,13/07/2022,2
53,Washington,530346,0,0,2,0,11,CLARK (11),2370,VANCOUVER,7,Julio,27,2022,18,18,MACARTHUR BLVD,6,Calle Local Municipalidad,Urbano,Arteria Menor,City or Municipal Highway Agency,0,Sin jurisdiccion especial,0,45.62053333,-122.602075,Vehiculo en movimiento,Angulo,Four-Way Intersection,Interseccion de 4 direcciones,Sobre calle,Ninguna,Dia total,Despejado,No,NO APLICA,99,99,99,99,1,27/07/2022,3
53,Washington,530347,0,0,2,0,7,CHELAN (7),0,NO APLICA,7,Julio,14,2022,22,35,SR-207,3,Highway estatal,Rural,Arteria Menor,State Highway Agency,0,Sin jurisdiccion especial,5,47.76193611,-120.7324222,Vehiculo en movimiento,Frente a Detrás,Not an Intersection,No fue interseccion,Sobre calle,Ninguna,Oscuro sin iluminacion,Despejado,No,NO APLICA,99,99,99,99,2,14/07/2022,4
53,Washington,530348,0,0,2,0,63,SPOKANE (63),2113,SPOKANE VALLEY,7,Julio,12,2022,1,10,SR-27,3,Highway estatal,Urbano,Arteria Principal,State Highway Agency,0,Sin jurisdiccion especial,892,47.6774,-117.2395639,Vehiculo en movimiento,Angulo,Four-Way Intersection,Interseccion de 4 direcciones,Sobre calle,Ninguna,Oscuro con iluminacion,Despejado,No,NO APLICA,99,99,99,99,1,12/07/2022,2