Estado,Nombre de Estado,Numero de Caso,Peatones,Personas _no_vehiculos,Vehiculos automotores,Vehiculos estacionados,Condado,Nombre Condado,Ciudad,Nombre Ciudad,Mes,Nombre Mes,Dia,Año,Hora,Minuto,Calle,Ruta,Nombre Ruta,Rural o Urbanoo,Sistema Funcional,Dueño Calle,Sistema Nacional Carreteras,Jurisdiccion Especial,Milla,Latitud,Longitud,Causa del Accidente,Tipo de Accidente,Tipo Interseccion,Columna1,Lugar en la calle,Zona de Trabajo,Luz,Clima,Autobus Escolar,Cruce de Trenes,Hora Notificacion,Minuto Notificacion,Hora Llegada,Minuto Llegada,Decesos,Fecha,PersonaVehiculo
53,Washington,530349,0,0,2,1,31,JEFFERSON (31),0,NO APLICA,7,Julio,27,2022,19,26,CR-GARDINER BEACH RD,4,Calle del Condado,Rural,Local,County Highway Agency,0,Sin jurisdiccion especial,18,48.05746944,-122.9383167,Vehiculo Aparcado,El primer evento no fue una colision con un vehiculo automotor en transporte,Not an Intersection,No fue interseccion,Sobre el lado de la calle,Ninguna,Dia total,Despejado,No,NO APLICA,99,99,99,99,1,27/07/2022,1
53,Washington,530350,0,0,3,0,11,CLARK (11),2370,VANCOUVER,7,Julio,24,2022,2,58,I-205,1,Interestatal,Urbano,Interestatal,State Highway Agency,1,Sin jurisdiccion especial,24,45.63071944,-122.5593028,Vehiculo en movimiento,Golpe Lateral - misma direccion,Not an Intersection,No fue interseccion,Sobre calle,Ninguna,Oscuro con iluminacion,Despejado,No,NO APLICA,99,99,99,99,1,24/07/2022,3
53,Washington,530351,0,0,1,0,11,CLARK (11),0,NO APLICA,7,Julio,30,2022,11,56,CR-NE 172ND AVE,4,Calle del Condado,Rural,Colector Mayor,County Highway Agency,0,Sin jurisdiccion especial,2,45.70489167,-122.4958111,Poste,El primer evento no fue una colision con un vehiculo automotor en transporte,Not an Intersection,No fue interseccion,Sobre el lado de la calle,Ninguna,Dia total,Despejado,No,NO APLICA,99,99,99,99,1,30/07/2022,2
53,Washington,530352,0,0,1,0,63,SPOKANE (63),2110,SPOKANE,8,Agosto,4,2022,5,10,W DOWNRIVER PARK DR,6,Calle Local Municipalidad,Urbano,Colector Mayor,City or Municipal Highway Agency,0,Sin jurisdiccion especial,0,47.68198056,-117.4728556,Arbol,El primer evento no fue una colision con un vehiculo automotor en transporte,Not an Intersection,No fue interseccion,Fuera de la calle,Ninguna,Dia total,Despejado,No,NO APLICA,99,99,99,99,1,04/08/2022,2
53,Washington,530353,0,0,2,0,35,KITSAP (35),0,NO APLICA,7,Julio,10,2022,18,24,CR-W BELFAIR VALLEY RD,4,Calle del Condado,Urbano,Arteria Menor,County Highway Agency,0,Sin jurisdiccion especial,58,47.52920556,-122.6986083,Vehiculo en movimiento,Angulo,Not an Intersection,No fue interseccion,Sobre calle,Ninguna,Dia total,Despejado,No,NO APLICA,99,99,99,99,1,10/07/2022,2
53,Washington,530354,0,0,1,0,37,KITTITAS (37),0,NO APLICA,7,Julio,30,2022,9,47,I-90,1,Interestatal,Rural,Interestatal,State Highway Agency,1,Sin jurisdiccion especial,604,47.31597778,-121.3177028,Volcadura,El primer evento no fue una colision con un vehiculo automotor en transporte,Not an Intersection,No fue interseccion,Sobre el lado de la calle,Ninguna,Dia total,Despejado,No,NO APLICA,99,99,99,99,1,30/07/2022,1
53,Washington,530355,1,1,1,0,11,CLARK (11),0,NO APLICA,8,Agosto,5,2022,5,18,SR-500,3,Highway estatal,Urbano,Arterial Principal -Freeway o ExpressWay,State Highway Agency,0,Sin jurisdiccion especial,65,45.67462222,-122.5526056,Ciclista,El primer evento no fue una colision con un vehiculo automotor en transporte,Four-Way Intersection,Interseccion de 4 direcciones,Sobre calle,Ninguna,Oscuro con iluminacion,Despejado,No,NO APLICA,99,99,99,99,1,05/08/2022,1
53,Washington,530356,0,0,1,0,25,GRANT (25),0,NO APLICA,7,Julio,30,2022,6,34,CR- S FRONTAGE RD E,4,Calle del Condado,Rural,Colector Menor,County Highway Agency,0,Sin jurisdiccion especial,154,47.10319444,-119.4459222,Volcadura,El primer evento no fue una colision con un vehiculo automotor en transporte,Not an Intersection,No fue interseccion,Sobre el lado de la calle,Ninguna,Dia total,Despejado,No,NO APLICA,99,99,99,99,1,30/07/2022,4
53,Washington,530357,0,0,2,0,67,THURSTON (67),0,NO APLICA,7,Julio,17,2022,16,46,I-5,1,Interestatal,Rural,Interestatal,State Highway Agency,1,Sin jurisdiccion especial,961,46.90716944,-122.9553833,Vehiculo en movimiento,Golpe Lateral - misma direccion,Not an Intersection,No fue interseccion,Sobre calle,Ninguna,Dia total,Despejado,No,NO APLICA,99,99,99,99,1,17/07/2022,3
53,Washington,530358,0,0,1,0,11,CLARK (11),0,NO APLICA,7,Julio,9,2022,21,55,CR-NE 78TH ST,4,Calle del Condado,Urbano,Arteria Principal,County Highway Agency,0,Sin jurisdiccion especial,56,45.67874167,-122.6320722,Volcadura,El primer evento no fue una colision con un vehiculo automotor en transporte,Not an Intersection,No fue interseccion,Sobre el lado de la calle,Ninguna,Oscuro con iluminacion,Despejado,No,NO APLICA,99,99,99,99,1,09/07/2022,1
53,Washington,530359,0,0,1,0,33,KING (33),1960,SEATTLE,6,Junio,10,2022,5,21,15TH AVE NW,6,Calle Local Municipalidad,Urbano,Arteria Principal,City or Municipal Highway Agency,0,Sin jurisdiccion especial,0,47.68544167,-122.3769472,Arbol,El primer evento no fue una colision con un vehiculo automotor en transporte,Not an Intersection,No fue interseccion,Sobre el lado de la calle,Ninguna,Amanecer,Nublado,No,NO APLICA,99,99,99,99,1,10/06/2022,1
53,Washington,530360,0,0,1,0,35,KITSAP (35),180,BREMERTON,8,Agosto,6,2022,2,4,SR-303,3,Highway estatal,Urbano,Arteria Principal,State Highway Agency,0,Sin jurisdiccion especial,17,47.5892,-122.6295694,Banqueta,El primer evento no fue una colision con un vehiculo automotor en transporte,Not an Intersection,No fue interseccion,Sobre el lado de la calle,Ninguna,Oscuro con iluminacion,Despejado,No,NO APLICA,99,99,99,99,3,06/08/2022,4
53,Washington,530361,0,0,1,0,37,KITTITAS (37),0,NO APLICA,8,Agosto,3,2022,22,30,CR-LOOK RD,4,Calle del Condado,Rural,Colector Menor,County Highway Agency,0,Sin jurisdiccion especial,15,47.03825,-120.5169222,Poste o otros soportes,El primer evento no fue una colision con un vehiculo automotor en transporte,Not an Intersection,No fue interseccion,Sobre el lado de la calle,Ninguna,Oscuro sin iluminacion,Despejado,No,NO APLICA,99,99,99,99,2,03/08/2022,2
53,Washington,530362,0,0,1,0,77,YAKIMA (77),0,NO APLICA,6,Junio,24,2022,2,9,CR-MEDICINE VALLEY RD,4,Calle del Condado,Rural,Local,County Highway Agency,0,Reservacion India,44,46.41923889,-120.8070806,Volcadura,El primer evento no fue una colision con un vehiculo automotor en transporte,Not an Intersection,No fue interseccion,Sobre el lado de la calle,Ninguna,Oscuro sin iluminacion,Despejado,No,NO APLICA,99,99,99,99,1,24/06/2022,4
53,Washington,530363,0,0,1,0,7,CHELAN (7),0,NO APLICA,8,Agosto,6,2022,21,42,SR-971,3,Highway estatal,Rural,Colector Mayor,State Highway Agency,0,Sin jurisdiccion especial,121,47.85665,-120.1456833,Animal vivo,El primer evento no fue una colision con un vehiculo automotor en transporte,Not an Intersection,No fue interseccion,Sobre calle,Ninguna,Oscuro sin iluminacion,Despejado,No,NO APLICA,99,99,99,99,2,06/08/2022,2
53,Washington,530364,0,0,2,0,25,GRANT (25),0,NO APLICA,8,Agosto,8,2022,8,35,CR-DOROTHY ST NE,4,Calle del Condado,Urbano,Colector Mayor,County Highway Agency,0,Sin jurisdiccion especial,3,47.14872222,-119.3038167,Vehiculo en movimiento,Angulo,Four-Way Intersection,Interseccion de 4 direcciones,Sobre calle,Ninguna,Dia total,Despejado,No,NO APLICA,99,99,99,99,1,08/08/2022,3
53,Washington,530365,0,0,2,0,63,SPOKANE (63),2110,SPOKANE,8,Agosto,8,2022,18,24,W NORTHWEST BLVD,6,Calle Local Municipalidad,Urbano,Arteria Principal,City or Municipal Highway Agency,0,Sin jurisdiccion especial,0,47.67913333,-117.4356222,Vehiculo en movimiento,Angulo,Four-Way Intersection,Interseccion de 4 direcciones,Sobre calle,Ninguna,Dia total,Despejado,No,NO APLICA,99,99,99,99,1,08/08/2022,3
53,Washington,530366,0,0,2,0,25,GRANT (25),0,NO APLICA,6,Junio,11,2022,22,10,SR-28,3,Highway estatal,Rural,Arterial Principal -Freeway o ExpressWay,State Highway Agency,0,Sin jurisdiccion especial,296,47.23286389,-119.9442278,Vehiculo en movimiento,Frente a Detrás,Not an Intersection,No fue interseccion,Sobre calle,Ninguna,Oscuro sin iluminacion,Despejado,No,NO APLICA,99,99,99,99,1,11/06/2022,2
53,Washington,530367,0,0,2,0,25,GRANT (25),0,NO APLICA,7,Julio,31,2022,8,57,SR-17,3,Highway estatal,Rural,Arteria Menor,State Highway Agency,0,Sin jurisdiccion especial,821,47.569325,-119.4483806,Vehiculo en movimiento,Frente a Detrás,Not an Intersection,No fue interseccion,Sobre calle,Ninguna,Dia total,Despejado,No,NO APLICA,99,99,99,99,1,31/07/2022,4
53,Washington,530368,0,0,1,0,61,SNOHOMISH (61),0,NO APLICA,7,Julio,30,2022,18,57,CR-363RD AVE NE,4,Calle del Condado,Rural,Local,County Highway Agency,0,Sin jurisdiccion especial,28,48.28589722,-121.7391889,Arbol,El primer evento no fue una colision con un vehiculo automotor en transporte,Not an Intersection,No fue interseccion,Sobre el lado de la calle,Ninguna,Dia total,Despejado,No,NO APLICA,99,99,99,99,1,30/07/2022,1
53,Washington,530369,0,0,1,0,61,SNOHOMISH (61),0,NO APLICA,8,Agosto,5,2022,17,55,CR-MOUNTAIN LOOP HWY,4,Calle del Condado,Rural,Colector Mayor,County Highway Agency,0,Sin jurisdiccion especial,307,48.02596389,-121.4436333,Acotamiento,El primer evento no fue una colision con un vehiculo automotor en transporte,Not an Intersection,No fue interseccion,Sobre el lado de la calle,Ninguna,Dia total,Despejado,No,NO APLICA,99,99,99,99,1,05/08/2022,1
53,Washington,530370,0,0,2,0,33,KING (33),100,AUBURN,8,Agosto,5,2022,10,52,A ST SE,6,Calle Local Municipalidad,Urbano,Arteria Principal,City or Municipal Highway Agency,0,Sin jurisdiccion especial,0,47.28276111,-122.2288806,Vehiculo en movimiento,Frente a frente,T-Intersection,Interseccion de T,Sobre calle,Ninguna,Dia total,Despejado,No,NO APLICA,99,99,99,99,1,05/08/2022,4
53,Washington,530371,0,0,2,0,33,KING (33),735,FEDERAL WAY,8,Agosto,1,2022,17,16,I-5,1,Interestatal,Urbano,Interestatal,State Highway Agency,1,Sin jurisdiccion especial,1411,47.27757778,-122.3114472,Vehiculo en movimiento,Frente a Detrás,Not an Intersection,No fue interseccion,Sobre calle,Ninguna,Dia total,Despejado,No,NO APLICA,99,99,99,99,1,01/08/2022,2
53,Washington,530372,0,0,1,0,11,CLARK (11),2370,VANCOUVER,8,Agosto,11,2022,20,15,I-205,1,Interestatal,Urbano,Interestatal,State Highway Agency,1,Sin jurisdiccion especial,24,45.63071944,-122.5593028,Volcadura,El primer evento no fue una colision con un vehiculo automotor en transporte,Not an Intersection,No fue interseccion,En el medio,Ninguna,Atardecer,Despejado,No,NO APLICA,99,99,99,99,1,11/08/2022,2
53,Washington,530373,0,0,2,0,17,DOUGLAS (17),0,NO APLICA,6,Junio,27,2022,18,57,SR-174,3,Highway estatal,Rural,Arteria Menor,State Highway Agency,0,Sin jurisdiccion especial,1,47.91918056,-119.3894167,Vehiculo en movimiento,Angulo,Four-Way Intersection,Interseccion de 4 direcciones,Sobre calle,Ninguna,Dia total,Despejado,No,NO APLICA,99,99,99,99,1,27/06/2022,3
53,Washington,530374,0,0,2,0,51,PEND OREILLE (51),1480,NEWPORT,6,Junio,26,2022,12,24,SR-211,3,Highway estatal,Rural,Arteria Menor,State Highway Agency,0,Sin jurisdiccion especial,54,48.16764444,-117.3003917,Vehiculo en movimiento,Frente a Detrás,T-Intersection,Interseccion de T,Sobre calle,Ninguna,Dia total,Despejado,No,NO APLICA,99,99,99,99,1,26/06/2022,2
53,Washington,530375,0,0,1,0,35,KITSAP (35),0,NO APLICA,8,Agosto,12,2022,18,5,CR-GLENWOOD RD SW,4,Calle del Condado,Rural,Colector Menor,County Highway Agency,0,Sin jurisdiccion especial,10,47.41781111,-122.6952889,Poste de Señal de trafico,El primer evento no fue una colision con un vehiculo automotor en transporte,Not an Intersection,No fue interseccion,Sobre el lado de la calle,Ninguna,Dia total,Despejado,No,NO APLICA,99,99,99,99,1,12/08/2022,1
53,Washington,530376,0,0,3,0,63,SPOKANE (63),2110,SPOKANE,8,Agosto,13,2022,0,0,I-90,1,Interestatal,Urbano,Interestatal,State Highway Agency,1,Sin jurisdiccion especial,2758,47.63678333,-117.4740139,Vehiculo en movimiento,Frente a frente,Not an Intersection,No fue interseccion,Sobre calle,Ninguna,Oscuro con iluminacion,Despejado,No,NO APLICA,99,99,99,99,1,13/08/2022,4
53,Washington,530377,0,0,2,0,61,SNOHOMISH (61),690,EVERETT,8,Agosto,8,2022,5,37,SR-99,3,Highway estatal,Urbano,Arteria Principal,State Highway Agency,0,Sin jurisdiccion especial,461,47.89218056,-122.2558444,Vehiculo en movimiento,Frente a frente,Not an Intersection,No fue interseccion,Sobre calle,Ninguna,Oscuro con iluminacion,Despejado,No,NO APLICA,99,99,99,99,1,08/08/2022,2
53,Washington,530378,0,0,1,0,33,KING (33),2310,TUKWILA,8,Agosto,12,2022,20,43,I-5 RAMP,1,Interestatal,Urbano,Interestatal,State Highway Agency,1,Sin jurisdiccion especial,1,47.46282222,-122.261125,Poste,El primer evento no fue una colision con un vehiculo automotor en transporte,Not an Intersection,No fue interseccion,Sobre el lado de la calle,Ninguna,Atardecer,Despejado,No,NO APLICA,99,99,99,99,1,12/08/2022,2
53,Washington,530379,1,1,1,0,33,KING (33),1960,SEATTLE,7,Julio,3,2022,21,58,SR-99,3,Highway estatal,Urbano,Arteria Principal,State Highway Agency,0,Sin jurisdiccion especial,338,47.73141667,-122.3450167,Peaton,El primer evento no fue una colision con un vehiculo automotor en transporte,Not an Intersection,No fue interseccion,Sobre calle,Ninguna,Oscuro con iluminacion,Nublado,No,NO APLICA,99,99,99,99,1,03/07/2022,1
53,Washington,530380,0,0,1,0,27,GRAYS HARBOR (27),0,NO APLICA,7,Julio,8,2022,9,42,SR-109,3,Highway estatal,Rural,Arteria Menor,State Highway Agency,0,Sin jurisdiccion especial,53,46.99041111,-123.9907139,Volcadura,El primer evento no fue una colision con un vehiculo automotor en transporte,Not an Intersection,No fue interseccion,Sobre el lado de la calle,Ninguna,Dia total,Despejado,No,NO APLICA,99,99,99,99,1,08/07/2022,1
53,Washington,530381,0,0,2,0,53,PIERCE (53),2230,TACOMA,8,Agosto,14,2022,17,45,E PORTLAND AVE,6,Calle Local Municipalidad,Urbano,Arteria Principal,City or Municipal Highway Agency,0,Reservacion India,0,47.21823611,-122.4076833,Vehiculo en movimiento,Angulo,Not an Intersection,No fue interseccion,Sobre calle,Ninguna,Dia total,Despejado,No,NO APLICA,99,99,99,99,1,14/08/2022,2
53,Washington,530382,0,0,2,0,61,SNOHOMISH (61),0,NO APLICA,8,Agosto,5,2022,10,22,SR-204,3,Highway estatal,Urbano,Arteria Principal,State Highway Agency,0,Sin jurisdiccion especial,0,47.97837778,-122.1376944,Volcadura,El primer evento no fue una colision con un vehiculo automotor en transporte,Four-Way Intersection,Interseccion de 4 direcciones,Sobre calle,Ninguna,Dia total,Despejado,No,NO APLICA,99,99,99,99,1,05/08/2022,4
53,Washington,530383,0,0,1,0,71,WALLA WALLA (71),0,NO APLICA,8,Agosto,14,2022,10,42,US-12,2,US Highway,Rural,Arteria Principal,State Highway Agency,1,Sin jurisdiccion especial,3489,46.19275,-118.1376,Volcadura,El primer evento no fue una colision con un vehiculo automotor en transporte,Not an Intersection,No fue interseccion,Sobre el lado de la calle,Ninguna,Dia total,Despejado,No,NO APLICA,99,99,99,99,1,14/08/2022,1
53,Washington,530384,0,0,1,0,25,GRANT (25),1293,MATTAWA,8,Agosto,16,2022,5,29,SR-243,3,Highway estatal,Rural,Arteria Menor,State Highway Agency,0,Sin jurisdiccion especial,139,46.73773333,-119.9171361,Suelo,El primer evento no fue una colision con un vehiculo automotor en transporte,Roundabout,Glorieta,En el medio,Ninguna,Dia total,Despejado,No,NO APLICA,99,99,99,99,1,16/08/2022,1
53,Washington,530385,0,0,1,0,33,KING (33),735,FEDERAL WAY,8,Agosto,16,2022,1,45,16TH AVE S,6,Calle Local Municipalidad,Urbano,Local,City or Municipal Highway Agency,0,Sin jurisdiccion especial,0,47.33415278,-122.3133778,Hidrante,El primer evento no fue una colision con un vehiculo automotor en transporte,Not an Intersection,No fue interseccion,Sobre el lado de la calle,Ninguna,Oscuro con iluminacion,Despejado,No,NO APLICA,99,99,99,99,1,16/08/2022,1
53,Washington,530386,0,0,2,0,77,YAKIMA (77),0,NO APLICA,8,Agosto,5,2022,7,5,US-97,2,US Highway,Rural,Arteria Principal,State Highway Agency,1,Reservacion India,403,46.13544722,-120.5218889,Vehiculo en movimiento,Golpe Lateral - direccion contraria,Not an Intersection,No fue interseccion,Sobre calle,Ninguna,Dia total,Despejado,No,NO APLICA,99,99,99,99,1,05/08/2022,3
53,Washington,530387,0,0,1,0,9,CLALLAM (9),0,NO APLICA,7,Julio,15,2022,16,8,CR-RIVER RD,4,Calle del Condado,Rural,Local,County Highway Agency,0,Sin jurisdiccion especial,19,48.05036111,-123.1353694,Acotamiento,El primer evento no fue una colision con un vehiculo automotor en transporte,Not an Intersection,No fue interseccion,Sobre el lado de la calle,Ninguna,Dia total,Despejado,No,NO APLICA,99,99,99,99,1,15/07/2022,1
53,Washington,530388,0,0,3,0,11,CLARK (11),2370,VANCOUVER,8,Agosto,17,2022,17,40,SR-14,3,Highway estatal,Urbano,Arterial Principal -Freeway o ExpressWay,State Highway Agency,0,Sin jurisdiccion especial,94,45.58758889,-122.4870389,Vehiculo en movimiento,Frente a Detrás,Not an Intersection,No fue interseccion,Sobre calle,Ninguna,Dia total,Despejado,No,NO APLICA,99,99,99,99,1,17/08/2022,3
53,Washington,530389,0,0,3,0,33,KING (33),229,BURIEN,8,Agosto,3,2022,23,13,1ST AVE S,6,Calle Local Municipalidad,Urbano,Arteria Principal,City or Municipal Highway Agency,0,Sin jurisdiccion especial,0,47.48849167,-122.3338167,Vehiculo en movimiento,Angulo,Four-Way Intersection,Interseccion de 4 direcciones,Sobre calle,Ninguna,Oscuro con iluminacion,Despejado,No,NO APLICA,99,99,99,99,1,03/08/2022,3
53,Washington,530391,0,0,1,0,27,GRAYS HARBOR (27),0,NO APLICA,8,Agosto,17,2022,9,55,SR-8,3,Highway estatal,Rural,Arterial Principal -Freeway o ExpressWay,State Highway Agency,0,Sin jurisdiccion especial,42,47.0414,-123.3212194,Valla Ferrocarril,El primer evento no fue una colision con un vehiculo automotor en transporte,Not an Intersection,No fue interseccion,Sobre el lado de la calle,Ninguna,Reportada como desconocida,Otro,No,NO APLICA,99,99,99,99,1,17/08/2022,1
53,Washington,530392,0,0,2,0,61,SNOHOMISH (61),0,NO APLICA,8,Agosto,6,2022,12,34,SR-530,3,Highway estatal,Rural,Arteria Menor,State Highway Agency,0,Sin jurisdiccion especial,50,48.20844167,-122.1170111,Vehiculo en movimiento,Angulo,T-Intersection,Interseccion de T,Sobre calle,Ninguna,Dia total,Despejado,No,NO APLICA,99,99,99,99,1,06/08/2022,2
53,Washington,530393,0,0,2,0,61,SNOHOMISH (61),690,EVERETT,8,Agosto,13,2022,20,4,I-5,1,Interestatal,Urbano,Interestatal,State Highway Agency,1,Sin jurisdiccion especial,1933,47.971875,-122.1926944,Vehiculo en movimiento,Frente a Detrás,Not an Intersection,No fue interseccion,Sobre calle,Ninguna,Dia total,Despejado,No,NO APLICA,99,99,99,99,1,13/08/2022,3
53,Washington,530394,0,0,2,0,9,CLALLAM (9),0,NO APLICA,8,Agosto,17,2022,4,55,US-101,2,US Highway,Urbano,Arteria Principal,State Highway Agency,1,Sin jurisdiccion especial,2604,48.07970556,-123.1745139,Vehiculo en movimiento,Frente a Detrás,Four-Way Intersection,Interseccion de 4 direcciones,Sobre calle,Ninguna,Oscuro con iluminacion,Despejado,No,NO APLICA,99,99,99,99,1,17/08/2022,2
53,Washington,530395,0,0,1,0,33,KING (33),0,NO APLICA,7,Julio,25,2022,18,16,CR-PEASLEY CANYON RD S,4,Calle del Condado,Urbano,Arteria Principal,County Highway Agency,0,Sin jurisdiccion especial,61,47.305425,-122.2740472,Valla Ferrocarril,El primer evento no fue una colision con un vehiculo automotor en transporte,Not an Intersection,No fue interseccion,Sobre el lado de la calle,Ninguna,Dia total,Despejado,No,NO APLICA,99,99,99,99,1,25/07/2022,1
53,Washington,530396,0,0,2,0,33,KING (33),0,NO APLICA,8,Agosto,12,2022,12,7,CR-AVONDALE RD NE,4,Calle del Condado,Urbano,Arteria Principal,County Highway Agency,0,Sin jurisdiccion especial,41,47.72287778,-122.0858389,Vehiculo en movimiento,Frente a Detrás,T-Intersection,Interseccion de T,Sobre calle,Ninguna,Dia total,Despejado,No,NO APLICA,99,99,99,99,1,12/08/2022,3
53,Washington,530397,1,1,1,0,35,KITSAP (35),180,BREMERTON,7,Julio,14,2022,21,0,OYSTER BAY S,6,Calle Local Municipalidad,Urbano,Colector Mayor,City or Municipal Highway Agency,0,Sin jurisdiccion especial,0,47.55558056,-122.6732194,Peaton,El primer evento no fue una colision con un vehiculo automotor en transporte,Not an Intersection,No fue interseccion,Sobre calle,Ninguna,Oscuro con iluminacion,Despejado,No,NO APLICA,99,99,99,99,1,14/07/2022,1
53,Washington,530398,1,1,1,0,63,SPOKANE (63),2110,SPOKANE,8,Agosto,2,2022,13,4,N NEVADA ST,6,Calle Local Municipalidad,Urbano,Arteria Principal,City or Municipal Highway Agency,0,Sin jurisdiccion especial,0,47.72545278,-117.395325,Peaton,El primer evento no fue una colision con un vehiculo automotor en transporte,Four-Way Intersection,Interseccion de 4 direcciones,Sobre calle,Ninguna,Dia total,Despejado,No,NO APLICA,99,99,99,99,1,02/08/2022,1
53,Washington,530399,0,0,2,0,53,PIERCE (53),0,NO APLICA,8,Agosto,7,2022,14,5,CR-ORVILLE RD E,4,Calle del Condado,Rural,Arteria Menor,County Highway Agency,0,Sin jurisdiccion especial,110,47.02831667,-122.2066722,Vehiculo en movimiento,Frente a frente,Not an Intersection,No fue interseccion,Sobre calle,Ninguna,Dia total,Despejado,No,NO APLICA,99,99,99,99,1,07/08/2022,2
53,Washington,530400,0,0,2,0,7,CHELAN (7),0,NO APLICA,8,Agosto,14,2022,21,22,US-2,2,US Highway,Rural,Arteria Principal,State Highway Agency,1,Sin jurisdiccion especial,873,47.72191667,-120.7368611,Vehiculo en movimiento,Frente a frente,Not an Intersection,No fue interseccion,Sobre calle,Ninguna,Oscuro sin iluminacion,Despejado,No,NO APLICA,99,99,99,99,1,14/08/2022,5
53,Washington,530401,0,0,2,0,33,KING (33),735,FEDERAL WAY,8,Agosto,19,2022,21,35,21ST AVE SW,6,Calle Local Municipalidad,Urbano,Arteria Principal,City or Municipal Highway Agency,0,Sin jurisdiccion especial,0,47.31008611,-122.3609389,Vehiculo en movimiento,Angulo,Four-Way Intersection,Interseccion de 4 direcciones,Sobre calle,Ninguna,Oscuro con iluminacion,Despejado,No,NO APLICA,99,99,99,99,1,19/08/2022,2
53,Washington,530402,0,0,2,0,27,GRAYS HARBOR (27),0,NO APLICA,8,Agosto,12,2022,9,16,US-101,2,US Highway,Rural,Arteria Principal,State Highway Agency,1,Sin jurisdiccion especial,915,47.03139444,-123.9221944,Vehiculo en movimiento,Angulo,T-Intersection,Interseccion de T,Sobre calle,Ninguna,Dia total,Nublado,No,NO APLICA,99,99,99,99,1,12/08/2022,8
53,Washington,530403,0,0,1,0,67,THURSTON (67),0,NO APLICA,8,Agosto,22,2022,7,30,I-5,1,Interestatal,Urbano,Interestatal,State Highway Agency,1,Sin jurisdiccion especial,973,46.92363611,-122.9461583,Valla Ferrocarril,El primer evento no fue una colision con un vehiculo automotor en transporte,Not an Intersection,No fue interseccion,Sobre el lado de la calle,Ninguna,Dia total,Despejado,No,NO APLICA,99,99,99,99,1,22/08/2022,1
53,Washington,530404,0,0,3,0,77,YAKIMA (77),2590,YAKIMA,8,Agosto,13,2022,11,47,W LINCOLN AVE,6,Calle Local Municipalidad,Urbano,Arteria Principal,City or Municipal Highway Agency,0,Sin jurisdiccion especial,0,46.603425,-120.5263528,Vehiculo en movimiento,Golpe Lateral - misma direccion,Not an Intersection,No fue interseccion,Sobre calle,Ninguna,Dia total,Despejado,No,NO APLICA,99,99,99,99,1,13/08/2022,4
53,Washington,530405,0,0,1,0,39,KLICKITAT (39),0,NO APLICA,8,Agosto,17,2022,23,56,SR-14,3,Highway estatal,Rural,Arteria Principal,State Highway Agency,0,Sin jurisdiccion especial,912,45.66351389,-121.0028222,Valla Ferrocarril,El primer evento no fue una colision con un vehiculo automotor en transporte,Not an Intersection,No fue interseccion,Sobre el lado de la calle,Ninguna,Oscuro sin iluminacion,Despejado,No,NO APLICA,99,99,99,99,1,17/08/2022,1
53,Washington,530406,0,0,1,0,73,WHATCOM (73),110,BELLINGHAM,7,Julio,21,2022,7,16,LINCOLN ST,6,Calle Local Municipalidad,Urbano,Arteria Menor,City or Municipal Highway Agency,0,Sin jurisdiccion especial,0,48.73364167,-122.4665,Banqueta,El primer evento no fue una colision con un vehiculo automotor en transporte,Not an Intersection,No fue interseccion,Sobre el lado de la calle,Ninguna,Dia total,Despejado,No,NO APLICA,99,99,99,99,1,21/07/2022,1
53,Washington,530407,0,0,2,0,33,KING (33),109,BELLEVUE,8,Agosto,15,2022,8,0,NORTHUP WAY,6,Calle Local Municipalidad,Urbano,Arteria Menor,City or Municipal Highway Agency,0,Sin jurisdiccion especial,0,47.62779167,-122.1323,Vehiculo en movimiento,Angulo,Four-Way Intersection,Interseccion de 4 direcciones,Sobre calle,Ninguna,Dia total,Despejado,No,NO APLICA,99,99,99,99,1,15/08/2022,3
53,Washington,530408,0,0,2,0,33,KING (33),735,FEDERAL WAY,8,Agosto,23,2022,18,29,MILITARY RD S,6,Calle Local Municipalidad,Urbano,Arteria Menor,City or Municipal Highway Agency,0,Sin jurisdiccion especial,0,47.34246944,-122.3010861,Vehiculo en movimiento,Angulo,Not an Intersection,No fue interseccion,Sobre calle,Ninguna,Dia total,Despejado,No,NO APLICA,99,99,99,99,1,23/08/2022,2
53,Washington,530409,1,1,1,0,33,KING (33),2005,SHORELINE,8,Agosto,25,2022,5,44,SR-99,3,Highway estatal,Urbano,Arteria Principal,State Highway Agency,0,Sin jurisdiccion especial,359,47.76061667,-122.3461833,Peaton,El primer evento no fue una colision con un vehiculo automotor en transporte,Not an Intersection,No fue interseccion,Sobre calle,Ninguna,Oscuro con iluminacion,Despejado,No,NO APLICA,99,99,99,99,1,25/08/2022,1
53,Washington,530410,0,0,1,0,11,CLARK (11),0,NO APLICA,8,Agosto,16,2022,17,18,CR-NE 99TH ST,4,Calle del Condado,Urbano,Arteria Menor,County Highway Agency,0,Sin jurisdiccion especial,6,45.69311944,-122.6448889,Poste,El primer evento no fue una colision con un vehiculo automotor en transporte,Not an Intersection,No fue interseccion,Sobre el lado de la calle,Ninguna,Dia total,Despejado,No,NO APLICA,99,99,99,99,1,16/08/2022,1