Estado,Nombre de Estado,Numero de Caso,Peatones,Personas _no_vehiculos,Vehiculos automotores,Vehiculos estacionados,Condado,Nombre Condado,Ciudad,Nombre Ciudad,Mes,Nombre Mes,Dia,Año,Hora,Minuto,Calle,Ruta,Nombre Ruta,Rural o Urbanoo,Sistema Funcional,Dueño Calle,Sistema Nacional Carreteras,Jurisdiccion Especial,Milla,Latitud,Longitud,Causa del Accidente,Tipo de Accidente,Tipo Interseccion,Columna1,Lugar en la calle,Zona de Trabajo,Luz,Clima,Autobus Escolar,Cruce de Trenes,Hora Notificacion,Minuto Notificacion,Hora Llegada,Minuto Llegada,Decesos,Fecha,PersonaVehiculo
53,Washington,530411,0,0,2,0,7,CHELAN (7),0,NO APLICA,8,Agosto,24,2022,9,32,US-97,2,US Highway,Rural,Arterial Principal -Freeway o ExpressWay,State Highway Agency,1,Sin jurisdiccion especial,2239,47.85710278,-119.9355083,Vehiculo en movimiento,Angulo,Not an Intersection,No fue interseccion,Sobre calle,Ninguna,Dia total,Despejado,No,NO APLICA,99,99,99,99,1,24/08/2022,2
53,Washington,530412,0,0,4,2,53,PIERCE (53),0,NO APLICA,8,Agosto,26,2022,18,50,CR-PIONEER WAY E,4,Calle del Condado,Urbano,Arteria Menor,County Highway Agency,0,Sin jurisdiccion especial,22,47.18053889,-122.2391278,Vehiculo en movimiento,Angulo,T-Intersection,Interseccion de T,Sobre calle,Ninguna,Dia total,Nublado,No,NO APLICA,99,99,99,99,1,26/08/2022,2
53,Washington,530413,0,0,1,0,35,KITSAP (35),0,NO APLICA,8,Agosto,26,2022,13,11,CR-CARNEY LAKE RD SW,4,Calle del Condado,Rural,Colector Mayor,County Highway Agency,0,Sin jurisdiccion especial,14,47.42111111,-122.7570722,Arbol,El primer evento no fue una colision con un vehiculo automotor en transporte,Not an Intersection,No fue interseccion,Sobre el lado de la calle,Ninguna,Dia total,Nublado,No,NO APLICA,99,99,99,99,1,26/08/2022,2
53,Washington,530414,0,0,1,0,33,KING (33),2310,TUKWILA,8,Agosto,22,2022,22,20,SR-599,3,Highway estatal,Urbano,Arterial Principal -Freeway o ExpressWay,State Highway Agency,0,Sin jurisdiccion especial,17,47.49747222,-122.2940444,Banqueta,El primer evento no fue una colision con un vehiculo automotor en transporte,Not an Intersection,No fue interseccion,Sobre el lado de la calle,Ninguna,Oscuro con iluminacion,Despejado,No,NO APLICA,99,99,99,99,1,22/08/2022,1
53,Washington,530415,0,0,3,0,53,PIERCE (53),0,NO APLICA,8,Agosto,19,2022,20,24,SR-702,3,Highway estatal,Rural,Arteria Menor,State Highway Agency,0,Sin jurisdiccion especial,63,46.93693889,-122.4208611,Vehiculo en movimiento,Angulo,T-Intersection,Interseccion de T,Sobre calle,Ninguna,Dia total,Despejado,No,NO APLICA,99,99,99,99,1,19/08/2022,3
53,Washington,530416,0,0,1,0,53,PIERCE (53),0,NO APLICA,8,Agosto,27,2022,0,20,SR-165,3,Highway estatal,Urbano,Arteria Menor,State Highway Agency,0,Sin jurisdiccion especial,184,47.12505,-122.0497056,Otro objeto (fijo),El primer evento no fue una colision con un vehiculo automotor en transporte,Not an Intersection,No fue interseccion,Sobre el lado de la calle,Ninguna,Oscuro sin iluminacion,Despejado,No,NO APLICA,99,99,99,99,1,27/08/2022,1
53,Washington,530417,0,0,1,0,33,KING (33),100,AUBURN,8,Agosto,28,2022,3,38,SR-167,3,Highway estatal,Urbano,Arterial Principal -Freeway o ExpressWay,State Highway Agency,0,Sin jurisdiccion especial,183,47.34076389,-122.2445917,Volcadura,El primer evento no fue una colision con un vehiculo automotor en transporte,Not an Intersection,No fue interseccion,Sobre el lado de la calle,Ninguna,Oscuro sin iluminacion,Despejado,No,NO APLICA,99,99,99,99,1,28/08/2022,1
53,Washington,530418,0,0,1,0,77,YAKIMA (77),0,NO APLICA,8,Agosto,30,2022,12,21,CR-COTTONWOOD CANYON RD,4,Calle del Condado,Rural,Local,County Highway Agency,0,Sin jurisdiccion especial,72,46.55020556,-120.7922889,Acotamiento,El primer evento no fue una colision con un vehiculo automotor en transporte,Not an Intersection,No fue interseccion,Sobre el lado de la calle,Ninguna,Dia total,Despejado,No,NO APLICA,99,99,99,99,1,30/08/2022,1
53,Washington,530419,1,1,1,0,37,KITTITAS (37),620,ELLENSBURG,8,Agosto,29,2022,16,22,W CAPITOL AVE,6,Calle Local Municipalidad,Urbano,Arteria Principal,City or Municipal Highway Agency,0,Sin jurisdiccion especial,0,46.99126944,-120.5497806,Peaton,El primer evento no fue una colision con un vehiculo automotor en transporte,Four-Way Intersection,Interseccion de 4 direcciones,Sobre calle,Ninguna,Dia total,Despejado,No,NO APLICA,99,99,99,99,1,29/08/2022,1
53,Washington,530420,0,0,1,0,17,DOUGLAS (17),0,NO APLICA,8,Agosto,13,2022,1,57,SR-17,3,Highway estatal,Rural,Arteria Menor,State Highway Agency,0,Sin jurisdiccion especial,945,47.66856389,-119.3619528,Volcadura,El primer evento no fue una colision con un vehiculo automotor en transporte,Not an Intersection,No fue interseccion,Sobre el lado de la calle,Ninguna,Oscuro sin iluminacion,Despejado,No,NO APLICA,99,99,99,99,1,13/08/2022,1
53,Washington,530421,0,0,2,0,63,SPOKANE (63),2113,SPOKANE VALLEY,8,Agosto,30,2022,6,26,SR-290,3,Highway estatal,Urbano,Arteria Principal,State Highway Agency,0,Sin jurisdiccion especial,108,47.69611389,-117.1878167,Vehiculo en movimiento,Angulo,Not an Intersection,No fue interseccion,Sobre calle,Ninguna,Dia total,Despejado,No,NO APLICA,99,99,99,99,2,30/08/2022,3
53,Washington,530422,0,0,1,0,27,GRAYS HARBOR (27),0,NO APLICA,8,Agosto,22,2022,16,21,QUINAULT BEACH CASINO ACCESS,8,Otro,Trafficway Not in State Inventory,Via no en inventario estatal,Trafficway Not in State Inventory,0,Reservacion India,99998,47.03772778,-124.1646583,Valla Ferrocarril,El primer evento no fue una colision con un vehiculo automotor en transporte,Not an Intersection,No fue interseccion,Sobre el lado de la calle,Ninguna,Dia total,Despejado,No,NO APLICA,99,99,99,99,1,22/08/2022,2
53,Washington,530423,0,0,2,0,63,SPOKANE (63),2110,SPOKANE,8,Agosto,13,2022,20,10,US-2,2,US Highway,Urbano,Arteria Principal,State Highway Agency,1,Sin jurisdiccion especial,2818,47.69728333,-117.4111028,Vehiculo en movimiento,Angulo,Not an Intersection,No fue interseccion,Sobre calle,Ninguna,Atardecer,Despejado,No,NO APLICA,99,99,99,99,1,13/08/2022,4
53,Washington,530424,0,0,2,0,59,SKAMANIA (59),0,NO APLICA,8,Agosto,24,2022,16,0,CR-METZGER RD,4,Calle del Condado,Rural,Colector Menor,County Highway Agency,0,Sin jurisdiccion especial,99999,45.74114167,-121.8256,Vehiculo en movimiento,Angulo,T-Intersection,Interseccion de T,Sobre calle,Ninguna,Dia total,Despejado,No,NO APLICA,99,99,99,99,1,24/08/2022,2
53,Washington,530425,0,0,2,0,53,PIERCE (53),2230,TACOMA,9,Septiembre,1,2022,15,26,E D ST,6,Calle Local Municipalidad,Urbano,Local,City or Municipal Highway Agency,0,Sin jurisdiccion especial,0,47.23089167,-122.4272778,Vehiculo en movimiento,Angulo,Four-Way Intersection,Interseccion de 4 direcciones,Sobre calle,Ninguna,Dia total,Despejado,No,NO APLICA,99,99,99,99,1,01/09/2022,2
53,Washington,530426,0,0,1,0,47,OKANOGAN (47),0,NO APLICA,8,Agosto,28,2022,14,25,CR-N STAR RD,4,Calle del Condado,Rural,Local,County Highway Agency,0,Sin jurisdiccion especial,25,48.13392222,-119.7700806,Volcadura,El primer evento no fue una colision con un vehiculo automotor en transporte,Not an Intersection,No fue interseccion,Sobre el lado de la calle,Ninguna,Dia total,Despejado,No,NO APLICA,99,99,99,99,1,28/08/2022,1
53,Washington,530427,0,0,1,0,61,SNOHOMISH (61),0,NO APLICA,8,Agosto,25,2022,13,0,CR-MOUNTAIN LOOP HWY,4,Calle del Condado,Rural,Colector Mayor,County Highway Agency,0,Sin jurisdiccion especial,132,48.08349167,-121.7560722,Volcadura,El primer evento no fue una colision con un vehiculo automotor en transporte,Not an Intersection,No fue interseccion,Sobre calle,Ninguna,Dia total,Despejado,No,NO APLICA,99,99,99,99,1,25/08/2022,1
53,Washington,530428,1,1,1,0,33,KING (33),1960,SEATTLE,7,Julio,15,2022,18,55,SW SPOKANE ST,6,Calle Local Municipalidad,Urbano,Colector Mayor,City or Municipal Highway Agency,0,Sin jurisdiccion especial,0,47.57145556,-122.3486833,Ciclista,El primer evento no fue una colision con un vehiculo automotor en transporte,T-Intersection,Interseccion de T,Sobre calle,Ninguna,Dia total,Despejado,No,NO APLICA,99,99,99,99,1,15/07/2022,1
53,Washington,530429,0,0,2,0,47,OKANOGAN (47),0,NO APLICA,8,Agosto,14,2022,17,31,SR-153,3,Highway estatal,Rural,Arteria Menor,State Highway Agency,0,Sin jurisdiccion especial,18,48.0532,-119.9360583,Vehiculo en movimiento,Frente a frente,Not an Intersection,No fue interseccion,Sobre calle,Ninguna,Dia total,Despejado,No,NO APLICA,99,99,99,99,1,14/08/2022,2
53,Washington,530430,0,0,1,0,11,CLARK (11),0,NO APLICA,9,Septiembre,3,2022,17,55,CR-NE LUCIA FALLS RD,4,Calle del Condado,Rural,Colector Mayor,County Highway Agency,0,Sin jurisdiccion especial,3,45.83417778,-122.4882278,Poste o otros soportes,El primer evento no fue una colision con un vehiculo automotor en transporte,Not an Intersection,No fue interseccion,Sobre el lado de la calle,Ninguna,Dia total,Despejado,No,NO APLICA,99,99,99,99,1,03/09/2022,1
53,Washington,530431,0,0,1,0,57,SKAGIT (57),0,NO APLICA,9,Septiembre,3,2022,8,33,SR-020,3,Highway estatal,Rural,Arteria Menor,State Highway Agency,0,Sin jurisdiccion especial,758,48.53037778,-122.0153417,Puente de Ferrocarril,El primer evento no fue una colision con un vehiculo automotor en transporte,Not an Intersection,No fue interseccion,Sobre el lado de la calle,Ninguna,Dia total,Despejado,No,NO APLICA,99,99,99,99,1,03/09/2022,1
53,Washington,530432,0,0,2,0,57,SKAGIT (57),0,NO APLICA,9,Septiembre,2,2022,7,52,SR-020,3,Highway estatal,Urbano,Arteria Principal,State Highway Agency,0,Sin jurisdiccion especial,571,48.45731389,-122.3810583,Vehiculo en movimiento,Angulo,Four-Way Intersection,Interseccion de 4 direcciones,Sobre calle,Ninguna,Dia total,Neblina o Humo,No,NO APLICA,99,99,99,99,1,02/09/2022,2
53,Washington,530434,1,1,1,0,61,SNOHOMISH (61),0,NO APLICA,8,Agosto,29,2022,4,44,CR-AIRPORT RD,4,Calle del Condado,Urbano,Arteria Principal,County Highway Agency,0,Sin jurisdiccion especial,1,47.88758333,-122.2569278,Peaton,El primer evento no fue una colision con un vehiculo automotor en transporte,Not an Intersection,No fue interseccion,Sobre calle,Ninguna,Reportada como desconocida,Despejado,No,NO APLICA,99,99,99,99,1,29/08/2022,1
53,Washington,530435,0,0,2,0,33,KING (33),0,NO APLICA,8,Agosto,27,2022,17,46,CR-140TH AVE SE,4,Calle del Condado,Urbano,Arteria Menor,County Highway Agency,0,Sin jurisdiccion especial,87,47.43570833,-122.1544583,Vehiculo en movimiento,Angulo,T-Intersection,Interseccion de T,Sobre calle,Ninguna,Dia total,Despejado,No,NO APLICA,99,99,99,99,2,27/08/2022,3
53,Washington,530436,0,0,3,0,25,GRANT (25),0,NO APLICA,9,Septiembre,3,2022,19,55,I-90,1,Interestatal,Rural,Interestatal,State Highway Agency,1,Sin jurisdiccion especial,1860,47.08618889,-119.0698694,Vehiculo en movimiento,Frente a frente,Not an Intersection,No fue interseccion,Sobre calle,Ninguna,Dia total,Despejado,No,NO APLICA,99,99,99,99,2,03/09/2022,4
53,Washington,530437,0,0,2,0,63,SPOKANE (63),2113,SPOKANE VALLEY,8,Agosto,31,2022,16,39,N GREENACRES RD,6,Calle Local Municipalidad,Urbano,Local,City or Municipal Highway Agency,0,Sin jurisdiccion especial,0,47.66268611,-117.1589889,Vehiculo en movimiento,Angulo,Four-Way Intersection,Interseccion de 4 direcciones,Sobre calle,Ninguna,Dia total,Despejado,No,NO APLICA,99,99,99,99,1,31/08/2022,2
53,Washington,530438,0,0,1,0,59,SKAMANIA (59),0,NO APLICA,8,Agosto,20,2022,23,15,CR-LOOP RD,4,Calle del Condado,Rural,Local,County Highway Agency,0,Sin jurisdiccion especial,26,45.72210278,-121.8844222,Arbol,El primer evento no fue una colision con un vehiculo automotor en transporte,Not an Intersection,No fue interseccion,Sobre el lado de la calle,Ninguna,Oscuro sin iluminacion,Despejado,No,NO APLICA,99,99,99,99,1,20/08/2022,5
53,Washington,530439,0,0,2,0,33,KING (33),100,AUBURN,9,Septiembre,3,2022,9,28,SR-167,3,Highway estatal,Urbano,Arterial Principal -Freeway o ExpressWay,State Highway Agency,0,Sin jurisdiccion especial,156,47.30285,-122.252625,Vehiculo en movimiento,Angulo,Not an Intersection,No fue interseccion,Sobre calle,Ninguna,Dia total,lluvia,No,NO APLICA,99,99,99,99,1,03/09/2022,5
53,Washington,530440,1,1,1,0,63,SPOKANE (63),2110,SPOKANE,9,Septiembre,2,2022,23,20,E SPRAGUE AVE,6,Calle Local Municipalidad,Urbano,Arteria Principal,City or Municipal Highway Agency,0,Sin jurisdiccion especial,99999,47.65727222,-117.3544528,Banqueta,El primer evento no fue una colision con un vehiculo automotor en transporte,Not an Intersection,No fue interseccion,Sobre el lado de la calle,Ninguna,Oscuro con iluminacion,Despejado,No,NO APLICA,99,99,99,99,1,02/09/2022,1
53,Washington,530441,0,0,1,0,31,JEFFERSON (31),0,NO APLICA,9,Septiembre,5,2022,10,42,US-101,2,US Highway,Rural,Arteria Principal,State Highway Agency,1,Sin jurisdiccion especial,1754,47.79827778,-124.2521444,Volcadura,El primer evento no fue una colision con un vehiculo automotor en transporte,Four-Way Intersection,Interseccion de 4 direcciones,Sobre calle,Ninguna,Dia total,Despejado,No,NO APLICA,99,99,99,99,1,05/09/2022,1
53,Washington,530442,0,1,3,1,33,KING (33),1960,SEATTLE,1,Enero,4,2022,12,0,S KING ST,6,Calle Local Municipalidad,Urbano,Local,City or Municipal Highway Agency,0,Sin jurisdiccion especial,0,47.59832778,-122.3167417,Poste de Señal de trafico,El primer evento no fue una colision con un vehiculo automotor en transporte,Not an Intersection,No fue interseccion,Sobre el lado de la calle,Ninguna,Dia total,Despejado,No,NO APLICA,99,99,99,99,1,04/01/2022,3
53,Washington,530443,0,0,2,0,33,KING (33),1960,SEATTLE,2,Febrero,16,2022,9,39,6TH AVE S,6,Calle Local Municipalidad,Urbano,Arteria Principal,City or Municipal Highway Agency,0,Sin jurisdiccion especial,0,47.54626111,-122.3261639,Vehiculo en movimiento,Angulo,Four-Way Intersection,Interseccion de 4 direcciones,Sobre calle,Ninguna,Dia total,Despejado,No,NO APLICA,99,99,99,99,1,16/02/2022,2
53,Washington,530444,1,1,1,0,73,WHATCOM (73),110,BELLINGHAM,2,Febrero,21,2022,19,21,LAKEWAY DR,6,Calle Local Municipalidad,Urbano,Arteria Principal,City or Municipal Highway Agency,0,Sin jurisdiccion especial,0,48.74578056,-122.4419472,Peaton,El primer evento no fue una colision con un vehiculo automotor en transporte,Not an Intersection,No fue interseccion,Sobre calle,Ninguna,Oscuro con iluminacion,Otro,No,NO APLICA,99,99,99,99,1,21/02/2022,1
53,Washington,530445,1,1,1,0,53,PIERCE (53),2230,TACOMA,2,Febrero,23,2022,18,9,SR-7,3,Highway estatal,Urbano,Arteria Principal,State Highway Agency,0,Sin jurisdiccion especial,549,47.19186667,-122.4340139,Peaton,El primer evento no fue una colision con un vehiculo automotor en transporte,Four-Way Intersection,Interseccion de 4 direcciones,Sobre calle,Ninguna,Atardecer,Despejado,No,NO APLICA,99,99,99,99,1,23/02/2022,1
53,Washington,530446,0,0,2,1,61,SNOHOMISH (61),0,NO APLICA,3,Marzo,6,2022,14,42,SR-99,3,Highway estatal,Urbano,Arteria Principal,State Highway Agency,0,Sin jurisdiccion especial,448,47.87663333,-122.2703389,Vehiculo Aparcado,El primer evento no fue una colision con un vehiculo automotor en transporte,Not an Intersection,No fue interseccion,Sobre Acotamiento,Ninguna,Dia total,Despejado,No,NO APLICA,99,99,99,99,1,06/03/2022,1
53,Washington,530447,0,0,1,0,53,PIERCE (53),0,NO APLICA,3,Marzo,3,2022,12,0,I-5,1,Interestatal,Urbano,Interestatal,State Highway Agency,1,Sin jurisdiccion especial,1204,47.10253056,-122.5990917,Barda,El primer evento no fue una colision con un vehiculo automotor en transporte,Not an Intersection,No fue interseccion,Fuera de la calle,Ninguna,Dia total,Despejado,No,NO APLICA,99,99,99,99,1,03/03/2022,1
53,Washington,530448,0,2,2,1,57,SKAGIT (57),1970,SEDRO-WOOLLEY,3,Marzo,29,2022,17,5,STATE ST,6,Calle Local Municipalidad,Urbano,Arteria Menor,City or Municipal Highway Agency,0,Sin jurisdiccion especial,0,48.50327778,-122.2301111,Vehiculo Aparcado,El primer evento no fue una colision con un vehiculo automotor en transporte,Not an Intersection,No fue interseccion,Sobre Acotamiento,Ninguna,Dia total,Despejado,No,NO APLICA,99,99,99,99,1,29/03/2022,1
53,Washington,530449,0,0,2,0,5,BENTON (5),1020,KENNEWICK,4,Abril,1,2022,13,2,W 10TH AVE,6,Calle Local Municipalidad,Urbano,Arteria Menor,City or Municipal Highway Agency,0,Sin jurisdiccion especial,0,46.1986,-119.145675,Vehiculo en movimiento,Angulo,T-Intersection,Interseccion de T,Sobre calle,Ninguna,Dia total,Despejado,No,NO APLICA,99,99,99,99,1,01/04/2022,2
53,Washington,530450,0,0,1,0,33,KING (33),1960,SEATTLE,4,Abril,2,2022,5,36,SR-99,3,Highway estatal,Urbano,Arterial Principal -Freeway o ExpressWay,State Highway Agency,0,Sin jurisdiccion especial,301,47.67746389,-122.3457417,Volcadura,El primer evento no fue una colision con un vehiculo automotor en transporte,Not an Intersection,No fue interseccion,Fuera de la calle,Ninguna,Oscuro con iluminacion,Nublado,No,NO APLICA,99,99,99,99,1,02/04/2022,2
53,Washington,530451,0,0,2,0,15,COWLITZ (15),0,NO APLICA,3,Marzo,25,2022,14,28,CR-OLD PACIFIC HWY S,4,Calle del Condado,Rural,Colector Mayor,County Highway Agency,0,Sin jurisdiccion especial,27,46.07101944,-122.8653028,Vehiculo en movimiento,Frente a frente,Not an Intersection,No fue interseccion,Sobre calle,Ninguna,Dia total,Despejado,No,NO APLICA,99,99,99,99,1,25/03/2022,2
53,Washington,530452,0,0,2,0,33,KING (33),1030,KENT,3,Marzo,26,2022,7,32,CR-S 277TH ST,4,Calle del Condado,Urbano,Arteria Principal,City or Municipal Highway Agency,0,Sin jurisdiccion especial,0,47.353675,-122.250375,Vehiculo en movimiento,Frente a Detrás,Not an Intersection,No fue interseccion,Sobre calle,Ninguna,Dia total,lluvia,No,NO APLICA,99,99,99,99,1,26/03/2022,3
53,Washington,530453,0,0,1,0,7,CHELAN (7),0,NO APLICA,5,Mayo,18,2022,3,51,CR-MALAGA ALCOA HWY,4,Calle del Condado,Urbano,Arteria Menor,County Highway Agency,0,Sin jurisdiccion especial,13,47.385425,-120.2749417,Arbol,El primer evento no fue una colision con un vehiculo automotor en transporte,Not an Intersection,No fue interseccion,Sobre el lado de la calle,Ninguna,Oscuro sin iluminacion,Nublado,No,NO APLICA,99,99,99,99,1,18/05/2022,1
53,Washington,530454,0,0,1,0,61,SNOHOMISH (61),0,NO APLICA,6,Junio,14,2022,9,2,CR-ROBE MENZEL RD,4,Calle del Condado,Rural,Local,County Highway Agency,0,Sin jurisdiccion especial,9,48.04668056,-121.9575056,Arbol,El primer evento no fue una colision con un vehiculo automotor en transporte,Not an Intersection,No fue interseccion,Sobre el lado de la calle,Ninguna,Dia total,lluvia,No,NO APLICA,99,99,99,99,1,14/06/2022,1
53,Washington,530455,0,0,2,0,25,GRANT (25),0,NO APLICA,8,Agosto,25,2022,21,46,I-90,1,Interestatal,Rural,Interestatal,State Highway Agency,1,Sin jurisdiccion especial,1883,47.085275,-119.020125,Vehiculo en movimiento,Frente a frente,Not an Intersection,No fue interseccion,Sobre calle,Ninguna,Oscuro sin iluminacion,Despejado,No,NO APLICA,99,99,99,99,1,25/08/2022,3
53,Washington,530456,0,0,1,0,53,PIERCE (53),0,NO APLICA,5,Mayo,15,2022,12,30,NFD ROAD 7710,8,Otro,Trafficway Not in State Inventory,Via no en inventario estatal,Trafficway Not in State Inventory,0,Sin jurisdiccion especial,99999,47.10244444,-122.0114528,Arbol,El primer evento no fue una colision con un vehiculo automotor en transporte,Not an Intersection,No fue interseccion,Sobre calle,Ninguna,Dia total,lluvia,No,NO APLICA,99,99,99,99,1,15/05/2022,1
53,Washington,530457,0,0,2,0,63,SPOKANE (63),2110,SPOKANE,5,Mayo,20,2022,23,41,W SUNSET BLVD,6,Calle Local Municipalidad,Urbano,Arteria Principal,City or Municipal Highway Agency,0,Sin jurisdiccion especial,0,47.64027778,-117.4731667,Vehiculo en movimiento,Angulo,T-Intersection,Interseccion de T,Sobre calle,Ninguna,Oscuro con iluminacion,Nublado,No,NO APLICA,99,99,99,99,1,20/05/2022,2
53,Washington,530458,0,0,2,0,77,YAKIMA (77),0,NO APLICA,8,Agosto,25,2022,5,49,CR-LATERAL A RD,4,Calle del Condado,Rural,Colector Mayor,County Highway Agency,0,Reservacion India,14,46.49738611,-120.4802694,Vehiculo en movimiento,Frente a Detrás,Not an Intersection,No fue interseccion,Sobre calle,Ninguna,Amanecer,Despejado,No,NO APLICA,99,99,99,99,1,25/08/2022,3
53,Washington,530459,0,0,2,0,53,PIERCE (53),0,NO APLICA,9,Septiembre,6,2022,15,49,CR-90TH ST E,4,Calle del Condado,Urbano,Colector Mayor,County Highway Agency,0,Sin jurisdiccion especial,3,47.17532778,-122.3431778,Vehiculo en movimiento,Angulo,T-Intersection,Interseccion de T,Sobre calle,Ninguna,Dia total,Despejado,No,NO APLICA,99,99,99,99,1,06/09/2022,2
53,Washington,530460,0,0,1,0,35,KITSAP (35),0,NO APLICA,9,Septiembre,11,2022,23,52,CR-LEMOLO SHORE DR NE,4,Calle del Condado,Urbano,Colector Mayor,County Highway Agency,0,Reservacion India,1,47.706775,-122.6023639,Poste,El primer evento no fue una colision con un vehiculo automotor en transporte,Not an Intersection,No fue interseccion,Sobre el lado de la calle,Ninguna,Oscuro con iluminacion,Nublado,No,NO APLICA,99,99,99,99,1,11/09/2022,1
53,Washington,530461,0,0,2,0,33,KING (33),1958,SEATAC,9,Septiembre,10,2022,2,17,I-5,1,Interestatal,Urbano,Interestatal,State Highway Agency,1,Sin jurisdiccion especial,1507,47.41308611,-122.2909083,Vehiculo en movimiento,Frente a Detrás,Not an Intersection,No fue interseccion,Sobre calle,Ninguna,Oscuro con iluminacion,Despejado,No,NO APLICA,99,99,99,99,1,10/09/2022,2
53,Washington,530462,0,0,1,0,57,SKAGIT (57),0,NO APLICA,9,Septiembre,10,2022,13,40,CR-S SKAGIT HWY,4,Calle del Condado,Rural,Colector Mayor,County Highway Agency,0,Sin jurisdiccion especial,206,48.52462778,-121.836075,Arbol,El primer evento no fue una colision con un vehiculo automotor en transporte,Not an Intersection,No fue interseccion,Sobre el lado de la calle,Ninguna,Dia total,Neblina o Humo,No,NO APLICA,99,99,99,99,1,10/09/2022,2
53,Washington,530463,0,0,2,0,33,KING (33),1958,SEATAC,8,Agosto,10,2022,21,0,S 200TH ST,6,Calle Local Municipalidad,Urbano,Arteria Menor,City or Municipal Highway Agency,0,Sin jurisdiccion especial,0,47.42274444,-122.30555,Vehiculo en movimiento,Angulo,Not an Intersection,No fue interseccion,Sobre calle,Ninguna,Oscuro con iluminacion,Nublado,No,NO APLICA,99,99,99,99,1,10/08/2022,4
53,Washington,530464,1,1,1,0,73,WHATCOM (73),0,NO APLICA,9,Septiembre,15,2022,5,36,CR-PORTAL WAY,4,Calle del Condado,Rural,Colector Mayor,County Highway Agency,0,Sin jurisdiccion especial,70,48.95036667,-122.6901861,Peaton,El primer evento no fue una colision con un vehiculo automotor en transporte,Four-Way Intersection,Interseccion de 4 direcciones,Sobre calle,Ninguna,Oscuro sin iluminacion,Despejado,No,NO APLICA,99,99,99,99,1,15/09/2022,1
53,Washington,530465,0,0,2,0,33,KING (33),2310,TUKWILA,9,Septiembre,9,2022,23,0,I-5,1,Interestatal,Urbano,Interestatal,State Highway Agency,1,Sin jurisdiccion especial,1535,47.44933056,-122.2658778,Valla Ferrocarril,El primer evento no fue una colision con un vehiculo automotor en transporte,Not an Intersection,No fue interseccion,En el medio,Ninguna,Oscuro con iluminacion,Despejado,No,NO APLICA,99,99,99,99,2,09/09/2022,3
53,Washington,530466,0,0,3,0,57,SKAGIT (57),1970,SEDRO-WOOLLEY,9,Septiembre,3,2022,0,20,SR-020,3,Highway estatal,Urbano,Arteria Principal,State Highway Agency,0,Sin jurisdiccion especial,637,48.50011389,-122.2601778,Vehiculo en movimiento,Frente a Detrás,Not an Intersection,No fue interseccion,Sobre calle,Ninguna,Oscuro con iluminacion,Despejado,No,NO APLICA,99,99,99,99,1,03/09/2022,4
53,Washington,530467,1,1,1,0,67,THURSTON (67),0,NO APLICA,9,Septiembre,17,2022,15,29,CR-BOSTON HARBOR RD NE,4,Calle del Condado,Urbano,Arteria Menor,County Highway Agency,0,Sin jurisdiccion especial,25,47.08126944,-122.8964528,Peaton,El primer evento no fue una colision con un vehiculo automotor en transporte,Not an Intersection,No fue interseccion,Sobre calle,Ninguna,Dia total,Despejado,No,NO APLICA,99,99,99,99,1,17/09/2022,1
53,Washington,530468,0,0,1,0,53,PIERCE (53),1124,LAKEWOOD,9,Septiembre,18,2022,10,58,I-5,1,Interestatal,Urbano,Interestatal,State Highway Agency,1,Sin jurisdiccion especial,1251,47.13969167,-122.5192861,Valla Ferrocarril,El primer evento no fue una colision con un vehiculo automotor en transporte,Not an Intersection,No fue interseccion,En el medio,Ninguna,Dia total,Despejado,No,NO APLICA,99,99,99,99,1,18/09/2022,1
53,Washington,530469,0,0,1,0,15,COWLITZ (15),0,NO APLICA,9,Septiembre,19,2022,8,26,SR-432,3,Highway estatal,Urbano,Arteria Principal,State Highway Agency,0,Sin jurisdiccion especial,52,46.12376389,-122.9646083,Volcadura,El primer evento no fue una colision con un vehiculo automotor en transporte,Not an Intersection,No fue interseccion,Sobre el lado de la calle,Ninguna,Dia total,Despejado,No,NO APLICA,99,99,99,99,2,19/09/2022,4
53,Washington,530470,0,0,1,0,45,MASON (45),0,NO APLICA,9,Septiembre,19,2022,22,58,CR-NE NEWKIRK RD,4,Calle del Condado,Rural,Colector Mayor,County Highway Agency,0,Sin jurisdiccion especial,0,47.46916944,-122.8272083,Edificio,El primer evento no fue una colision con un vehiculo automotor en transporte,T-Intersection,Interseccion de T,Sobre el lado de la calle,Ninguna,Oscuro sin iluminacion,Despejado,No,NO APLICA,99,99,99,99,1,19/09/2022,1
53,Washington,530471,0,0,1,0,47,OKANOGAN (47),0,NO APLICA,9,Septiembre,8,2022,23,13,SR-155,3,Highway estatal,Rural,Arteria Menor,State Highway Agency,0,Reservacion India,661,48.36629444,-119.2778167,Fin de valla,El primer evento no fue una colision con un vehiculo automotor en transporte,Not an Intersection,No fue interseccion,Sobre el lado de la calle,Ninguna,Oscuro sin iluminacion,Despejado,No,NO APLICA,99,99,99,99,1,08/09/2022,2