Estado,Nombre de Estado,Numero de Caso,Peatones,Personas _no_vehiculos,Vehiculos automotores,Vehiculos estacionados,Condado,Nombre Condado,Ciudad,Nombre Ciudad,Mes,Nombre Mes,Dia,Año,Hora,Minuto,Calle,Ruta,Nombre Ruta,Rural o Urbanoo,Sistema Funcional,Dueño Calle,Sistema Nacional Carreteras,Jurisdiccion Especial,Milla,Latitud,Longitud,Causa del Accidente,Tipo de Accidente,Tipo Interseccion,Columna1,Lugar en la calle,Zona de Trabajo,Luz,Clima,Autobus Escolar,Cruce de Trenes,Hora Notificacion,Minuto Notificacion,Hora Llegada,Minuto Llegada,Decesos,Fecha,PersonaVehiculo
53,Washington,530472,1,1,1,0,73,WHATCOM (73),110,BELLINGHAM,9,Septiembre,10,2022,0,36,LAKEWAY DR,6,Calle Local Municipalidad,Urbano,Arteria Principal,City or Municipal Highway Agency,0,Sin jurisdiccion especial,0,48.74509722,-122.4544889,Peaton,El primer evento no fue una colision con un vehiculo automotor en transporte,Four-Way Intersection,Interseccion de 4 direcciones,Sobre calle,Ninguna,Oscuro con iluminacion,Despejado,No,NO APLICA,99,99,99,99,1,10/09/2022,1
53,Washington,530473,0,0,3,0,45,MASON (45),0,NO APLICA,9,Septiembre,7,2022,7,32,US-101,2,US Highway,Urbano,Arterial Principal -Freeway o ExpressWay,State Highway Agency,1,Sin jurisdiccion especial,3453,47.21458056,-123.1292278,Vehiculo en movimiento,Golpe Lateral - direccion contraria,Not an Intersection,No fue interseccion,Sobre calle,Ninguna,Dia total,Despejado,No,NO APLICA,99,99,99,99,2,07/09/2022,4
53,Washington,530474,0,0,2,0,77,YAKIMA (77),2590,YAKIMA,9,Septiembre,16,2022,21,19,W LINCOLN AVE,6,Calle Local Municipalidad,Urbano,Arteria Principal,City or Municipal Highway Agency,0,Sin jurisdiccion especial,0,46.60448333,-120.5144278,Vehiculo en movimiento,Angulo,Four-Way Intersection,Interseccion de 4 direcciones,Sobre calle,Ninguna,Oscuro sin iluminacion,Despejado,No,NO APLICA,99,99,99,99,2,16/09/2022,4
53,Washington,530475,1,1,1,0,33,KING (33),100,AUBURN,9,Septiembre,15,2022,20,30,AUBURN WAY N,6,Calle Local Municipalidad,Urbano,Arteria Principal,City or Municipal Highway Agency,0,Sin jurisdiccion especial,0,47.348125,-122.2236944,Peaton,El primer evento no fue una colision con un vehiculo automotor en transporte,Not an Intersection,No fue interseccion,Sobre calle,Ninguna,Oscuro con iluminacion,Despejado,No,NO APLICA,99,99,99,99,1,15/09/2022,1
53,Washington,530476,0,0,2,0,33,KING (33),100,AUBURN,9,Septiembre,15,2022,21,16,W VALLEY HWY S,6,Calle Local Municipalidad,Urbano,Arteria Principal,City or Municipal Highway Agency,0,Sin jurisdiccion especial,0,47.30171667,-122.2572639,Vehiculo en movimiento,Frente a frente,T-Intersection,Interseccion de T,Sobre calle,Ninguna,Oscuro con iluminacion,Despejado,No,NO APLICA,99,99,99,99,1,15/09/2022,2
53,Washington,530477,1,1,1,0,1,ADAMS (1),1630,OTHELLO,9,Septiembre,18,2022,0,25,SR-024,3,Highway estatal,Urbano,Arteria Menor,State Highway Agency,0,Sin jurisdiccion especial,788,46.804425,-119.1766972,Peaton,El primer evento no fue una colision con un vehiculo automotor en transporte,Not an Intersection,No fue interseccion,Sobre calle,Ninguna,Oscuro con iluminacion,lluvia,No,NO APLICA,99,99,99,99,1,18/09/2022,1
53,Washington,530478,0,0,1,0,27,GRAYS HARBOR (27),0,NO APLICA,9,Septiembre,10,2022,16,35,SR-8,3,Highway estatal,Rural,Arterial Principal -Freeway o ExpressWay,State Highway Agency,0,Sin jurisdiccion especial,45,47.04443056,-123.3154833,Barrera de Cable,El primer evento no fue una colision con un vehiculo automotor en transporte,Not an Intersection,No fue interseccion,En el medio,Ninguna,Dia total,Despejado,No,NO APLICA,99,99,99,99,1,10/09/2022,1
53,Washington,530479,0,0,2,0,35,KITSAP (35),1710,PORT ORCHARD,9,Septiembre,15,2022,16,38,CR-SE SALMONBERRY RD,6,Calle Local Municipalidad,Urbano,Colector Mayor,City or Municipal Highway Agency,0,Sin jurisdiccion especial,0,47.51217222,-122.6256556,Vehiculo en movimiento,Golpe Lateral - misma direccion,Not an Intersection,No fue interseccion,Sobre calle,Ninguna,Dia total,Despejado,No,NO APLICA,99,99,99,99,1,15/09/2022,5
53,Washington,530480,0,0,2,0,33,KING (33),2310,TUKWILA,9,Septiembre,22,2022,23,26,I-5,1,Interestatal,Urbano,Interestatal,State Highway Agency,1,Sin jurisdiccion especial,1524,47.43311944,-122.2702417,Vehiculo en movimiento,Frente a frente,Not an Intersection,No fue interseccion,Sobre calle,Ninguna,Oscuro sin iluminacion,Despejado,No,NO APLICA,99,99,99,99,2,22/09/2022,2
53,Washington,530481,0,0,1,0,53,PIERCE (53),2230,TACOMA,9,Septiembre,21,2022,23,27,SR-509,3,Highway estatal,Urbano,Arteria Menor,State Highway Agency,0,Reservacion India,79,47.2938,-122.4127972,Volcadura,El primer evento no fue una colision con un vehiculo automotor en transporte,Not an Intersection,No fue interseccion,Sobre el lado de la calle,Ninguna,Oscuro con iluminacion,Despejado,No,NO APLICA,99,99,99,99,1,21/09/2022,1
53,Washington,530482,0,0,3,0,53,PIERCE (53),2230,TACOMA,9,Septiembre,16,2022,0,22,SR-16,3,Highway estatal,Urbano,Arterial Principal -Freeway o ExpressWay,State Highway Agency,0,Sin jurisdiccion especial,7,47.234825,-122.4685444,Vehiculo en movimiento,Golpe Lateral - direccion contraria,Not an Intersection,No fue interseccion,Sobre calle,Ninguna,Oscuro con iluminacion,Despejado,No,NO APLICA,99,99,99,99,1,16/09/2022,3
53,Washington,530483,0,0,1,0,33,KING (33),0,NO APLICA,9,Septiembre,19,2022,16,44,CR-SE LAKE HOLM RD,4,Calle del Condado,Urbano,Colector Mayor,County Highway Agency,0,Sin jurisdiccion especial,21,47.30067778,-122.1349861,Volcadura,El primer evento no fue una colision con un vehiculo automotor en transporte,Not an Intersection,No fue interseccion,Sobre calle,Ninguna,Dia total,Despejado,No,NO APLICA,99,99,99,99,1,19/09/2022,1
53,Washington,530484,0,0,1,0,53,PIERCE (53),0,NO APLICA,9,Septiembre,25,2022,1,50,CR-304TH ST E,4,Calle del Condado,Rural,Arteria Menor,County Highway Agency,0,Sin jurisdiccion especial,30,46.98048056,-122.42295,Volcadura,El primer evento no fue una colision con un vehiculo automotor en transporte,Not an Intersection,No fue interseccion,Fuera de la calle,Ninguna,Oscuro con iluminacion,Despejado,No,NO APLICA,99,99,99,99,1,25/09/2022,2
53,Washington,530485,0,0,1,0,41,LEWIS (41),0,NO APLICA,9,Septiembre,24,2022,18,9,CR-MIDDLE FORK RD,4,Calle del Condado,Rural,Local,County Highway Agency,0,Sin jurisdiccion especial,31,46.59046111,-122.7844306,Arbol,El primer evento no fue una colision con un vehiculo automotor en transporte,Not an Intersection,No fue interseccion,Sobre el lado de la calle,Ninguna,Dia total,Despejado,No,NO APLICA,99,99,99,99,1,24/09/2022,1
53,Washington,530486,0,0,2,0,77,YAKIMA (77),0,NO APLICA,9,Septiembre,16,2022,15,40,CR-WANETA RD,4,Calle del Condado,Rural,Colector Menor,County Highway Agency,0,Sin jurisdiccion especial,29,46.27306667,-119.9785694,Vehiculo en movimiento,Angulo,Four-Way Intersection,Interseccion de 4 direcciones,Sobre calle,Ninguna,Dia total,Despejado,No,NO APLICA,99,99,99,99,1,16/09/2022,4
53,Washington,530487,0,0,2,0,57,SKAGIT (57),0,NO APLICA,9,Septiembre,25,2022,14,44,SR-20,3,Highway estatal,Rural,Arterial Principal -Freeway o ExpressWay,State Highway Agency,0,Sin jurisdiccion especial,528,48.44784167,-122.4713139,Vehiculo en movimiento,Angulo,Four-Way Intersection,Interseccion de 4 direcciones,Sobre calle,Ninguna,Dia total,Despejado,No,NO APLICA,99,99,99,99,1,25/09/2022,2
53,Washington,530488,0,0,2,0,1,ADAMS (1),1630,OTHELLO,9,Septiembre,19,2022,21,15,SR-26,3,Highway estatal,Urbano,Arterial Principal -Freeway o ExpressWay,State Highway Agency,0,Sin jurisdiccion especial,416,46.81157222,-119.1547861,Vehiculo en movimiento,Angulo,Four-Way Intersection,Interseccion de 4 direcciones,Sobre calle,Ninguna,Oscuro con iluminacion,Despejado,No,NO APLICA,99,99,99,99,2,19/09/2022,2
53,Washington,530489,0,0,2,0,53,PIERCE (53),0,NO APLICA,9,Septiembre,17,2022,15,14,SR-7,3,Highway estatal,Urbano,Arteria Principal,State Highway Agency,0,Sin jurisdiccion especial,504,47.12731944,-122.4347611,Vehiculo en movimiento,Angulo,T-Intersection,Interseccion de T,Sobre calle,Ninguna,Dia total,Nublado,No,NO APLICA,99,99,99,99,1,17/09/2022,2
53,Washington,530490,0,0,1,0,15,COWLITZ (15),280,CASTLE ROCK,3,Marzo,4,2022,8,0,SR-411,3,Highway estatal,Rural,Arteria Menor,State Highway Agency,0,Sin jurisdiccion especial,135,46.28409722,-122.9033528,Poste de Señal de trafico,El primer evento no fue una colision con un vehiculo automotor en transporte,Not an Intersection,No fue interseccion,Sobre el lado de la calle,Ninguna,Dia total,Nublado,No,NO APLICA,99,99,99,99,1,04/03/2022,2
53,Washington,530491,0,0,1,0,77,YAKIMA (77),0,NO APLICA,9,Septiembre,4,2022,17,38,FS 4X4 TRAIL 609,8,Otro,Trafficway Not in State Inventory,Via no en inventario estatal,Trafficway Not in State Inventory,0,Sin jurisdiccion especial,99999,46.58414167,-121.0978389,Volcadura,El primer evento no fue una colision con un vehiculo automotor en transporte,Not an Intersection,No fue interseccion,Sobre calle,Ninguna,Dia total,Despejado,No,NO APLICA,99,99,99,99,1,04/09/2022,1
53,Washington,530492,0,0,2,0,5,BENTON (5),1020,KENNEWICK,9,Septiembre,26,2022,18,29,US-395,2,US Highway,Urbano,Arterial Principal -Freeway o ExpressWay,State Highway Agency,1,Sin jurisdiccion especial,248,46.21545833,-119.1425556,Vehiculo en movimiento,Frente a Detrás,Not an Intersection,No fue interseccion,Sobre calle,Ninguna,Dia total,Despejado,No,NO APLICA,99,99,99,99,1,26/09/2022,2
53,Washington,530493,0,0,1,0,51,PEND OREILLE (51),0,NO APLICA,9,Septiembre,10,2022,16,14,CR-DEETER RD,4,Calle del Condado,Rural,Local,County Highway Agency,0,Sin jurisdiccion especial,13,48.199075,-117.2250667,Arbol,El primer evento no fue una colision con un vehiculo automotor en transporte,Not an Intersection,No fue interseccion,Sobre el lado de la calle,Ninguna,Dia total,Nublado,No,NO APLICA,99,99,99,99,1,10/09/2022,1
53,Washington,530494,0,0,1,0,63,SPOKANE (63),2110,SPOKANE,9,Septiembre,21,2022,21,35,E EUCLID AVE,6,Calle Local Municipalidad,Urbano,Arteria Menor,City or Municipal Highway Agency,0,Sin jurisdiccion especial,0,47.68618889,-117.3689028,Otro objeto (fijo),El primer evento no fue una colision con un vehiculo automotor en transporte,Not an Intersection,No fue interseccion,Sobre el lado de la calle,Ninguna,Oscuro - iluminacion desconocida,Despejado,No,NO APLICA,99,99,99,99,1,21/09/2022,1
53,Washington,530495,0,0,2,0,5,BENTON (5),0,NO APLICA,9,Septiembre,17,2022,23,33,SR-240,3,Highway estatal,Rural,Arteria Menor,State Highway Agency,0,Sin jurisdiccion especial,29,46.54649722,-119.6904,Vehiculo en movimiento,Frente a frente,Not an Intersection,No fue interseccion,Sobre calle,Ninguna,Oscuro sin iluminacion,lluvia,No,NO APLICA,99,99,99,99,1,17/09/2022,3
53,Washington,530496,0,0,1,0,67,THURSTON (67),2320,TUMWATER,9,Septiembre,26,2022,5,20,I-5,1,Interestatal,Urbano,Interestatal,State Highway Agency,1,Sin jurisdiccion especial,1009,46.97418611,-122.9313194,Arbol,El primer evento no fue una colision con un vehiculo automotor en transporte,Not an Intersection,No fue interseccion,Sobre el lado de la calle,Ninguna,Oscuro sin iluminacion,Despejado,No,NO APLICA,99,99,99,99,1,26/09/2022,1
53,Washington,530497,0,0,1,0,37,KITTITAS (37),0,NO APLICA,9,Septiembre,30,2022,17,30,USFS-RD 3100,8,Otro,Not Reported,No reportado,U.S. Forest Service,0,Sin jurisdiccion especial,99999,47.05765556,-121.017125,Volcadura,El primer evento no fue una colision con un vehiculo automotor en transporte,Not an Intersection,No fue interseccion,Sobre el lado de la calle,Ninguna,Reportada como desconocida,Despejado,No,NO APLICA,99,99,99,99,1,30/09/2022,1
53,Washington,530498,1,1,1,0,25,GRANT (25),0,NO APLICA,9,Septiembre,23,2022,5,58,SR-26,3,Highway estatal,Rural,Arterial Principal -Freeway o ExpressWay,State Highway Agency,0,Sin jurisdiccion especial,214,46.87996667,-119.5547167,Peaton,El primer evento no fue una colision con un vehiculo automotor en transporte,Not an Intersection,No fue interseccion,Sobre calle,Ninguna,Amanecer,Despejado,No,NO APLICA,99,99,99,99,1,23/09/2022,1
53,Washington,530499,0,0,2,0,39,KLICKITAT (39),0,NO APLICA,9,Septiembre,28,2022,15,40,CR-BICKLETON HWY,4,Calle del Condado,Rural,Colector Mayor,County Highway Agency,0,Sin jurisdiccion especial,98,45.83846389,-120.6045917,Vehiculo en movimiento,Angulo,T-Intersection,Interseccion de T,Sobre calle,Ninguna,Dia total,Nublado,No,NO APLICA,99,99,99,99,1,28/09/2022,3
53,Washington,530500,1,1,1,0,53,PIERCE (53),0,NO APLICA,9,Septiembre,30,2022,20,10,CR-VALLEY AVE E,4,Calle del Condado,Urbano,Arteria Principal,County Highway Agency,0,Sin jurisdiccion especial,58,47.20382222,-122.2592694,Peaton,El primer evento no fue una colision con un vehiculo automotor en transporte,Not an Intersection,No fue interseccion,Sobre calle,Ninguna,Oscuro sin iluminacion,Nublado,No,NO APLICA,99,99,99,99,1,30/09/2022,1
53,Washington,530501,0,0,2,0,11,CLARK (11),0,NO APLICA,10,Octubre,1,2022,21,17,CR-NE ST JOHNS RD,4,Calle del Condado,Urbano,Arteria Menor,County Highway Agency,0,Sin jurisdiccion especial,21,45.69454167,-122.6133333,Vehiculo en movimiento,Frente a Detrás,Not an Intersection,No fue interseccion,Sobre calle,Ninguna,Oscuro sin iluminacion,Despejado,No,NO APLICA,99,99,99,99,1,01/10/2022,2
53,Washington,530502,0,0,2,0,53,PIERCE (53),0,NO APLICA,10,Octubre,6,2022,6,25,CR-ORTING KAPOWSIN HWY,4,Calle del Condado,Urbano,Arteria Menor,County Highway Agency,0,Sin jurisdiccion especial,128,47.03809444,-122.2529972,Vehiculo en movimiento,Frente a frente,T-Intersection,Interseccion de T,Sobre calle,Ninguna,Oscuro sin iluminacion,Neblina o Humo,Yes,NO APLICA,99,99,99,99,1,06/10/2022,2
53,Washington,530503,0,0,2,0,63,SPOKANE (63),2113,SPOKANE VALLEY,7,Julio,9,2022,20,15,E SPRAGUE AVE,6,Calle Local Municipalidad,Urbano,Arteria Principal,City or Municipal Highway Agency,0,Sin jurisdiccion especial,0,47.65698611,-117.17855,Vehiculo en movimiento,Angulo,Not an Intersection,No fue interseccion,Sobre calle,Ninguna,Dia total,Despejado,No,NO APLICA,99,99,99,99,1,09/07/2022,2
53,Washington,530504,0,0,2,0,71,WALLA WALLA (71),2390,WALLA WALLA,7,Julio,6,2022,12,33,SR-125,3,Highway estatal,Urbano,Arteria Principal,State Highway Agency,0,Sin jurisdiccion especial,54,46.06407222,-118.3488611,Vehiculo en movimiento,Frente a Detrás,Four-Way Intersection,Interseccion de 4 direcciones,Sobre calle,Ninguna,Dia total,Despejado,No,NO APLICA,99,99,99,99,1,06/07/2022,2
53,Washington,530505,0,0,3,0,33,KING (33),735,FEDERAL WAY,8,Agosto,1,2022,16,53,21ST AVE SW,6,Calle Local Municipalidad,Urbano,Arteria Principal,City or Municipal Highway Agency,0,Sin jurisdiccion especial,0,47.28639722,-122.3611528,Vehiculo en movimiento,Frente a Detrás,T-Intersection,Interseccion de T,Sobre calle,Ninguna,Dia total,Despejado,No,NO APLICA,99,99,99,99,1,01/08/2022,4
53,Washington,530506,0,0,2,0,59,SKAMANIA (59),0,NO APLICA,8,Agosto,15,2022,12,34,CR-CURLY CREEK RD,4,Calle del Condado,Rural,Colector Mayor,County Highway Agency,0,Sin jurisdiccion especial,99999,46.03951667,-121.9185111,Vehiculo en movimiento,Angulo,T-Intersection,Interseccion de T,Sobre calle,Ninguna,Dia total,Despejado,No,NO APLICA,99,99,99,99,1,15/08/2022,3
53,Washington,530507,1,1,1,0,61,SNOHOMISH (61),690,EVERETT,8,Agosto,15,2022,18,28,BROADWAY,6,Calle Local Municipalidad,Urbano,Arteria Principal,City or Municipal Highway Agency,0,Sin jurisdiccion especial,0,47.94755833,-122.199975,Peaton,El primer evento no fue una colision con un vehiculo automotor en transporte,Not an Intersection,No fue interseccion,Sobre Acotamiento,Ninguna,Dia total,Despejado,No,NO APLICA,99,99,99,99,1,15/08/2022,1
53,Washington,530508,0,0,2,0,63,SPOKANE (63),0,NO APLICA,8,Agosto,22,2022,6,30,CR-E PEONE RD,4,Calle del Condado,Rural,Colector Mayor,County Highway Agency,0,Sin jurisdiccion especial,8,47.7658,-117.3039083,Vehiculo en movimiento,Angulo,Four-Way Intersection,Interseccion de 4 direcciones,Sobre calle,Ninguna,Dia total,Despejado,No,NO APLICA,99,99,99,99,1,22/08/2022,2
53,Washington,530509,0,0,3,0,63,SPOKANE (63),2110,SPOKANE,10,Octubre,6,2022,11,12,N MAPLE ST,6,Calle Local Municipalidad,Urbano,Arteria Principal,City or Municipal Highway Agency,0,Sin jurisdiccion especial,0,47.6935,-117.4350972,Vehiculo en movimiento,Angulo,Four-Way Intersection,Interseccion de 4 direcciones,Sobre calle,Ninguna,Dia total,Despejado,No,NO APLICA,99,99,99,99,1,06/10/2022,3
53,Washington,530510,0,0,2,0,35,KITSAP (35),0,NO APLICA,9,Septiembre,29,2022,16,9,CR-SIDNEY RD SW,4,Calle del Condado,Urbano,Arteria Menor,County Highway Agency,0,Sin jurisdiccion especial,9,47.414725,-122.6686778,Vehiculo en movimiento,Angulo,Four-Way Intersection,Interseccion de 4 direcciones,Sobre calle,Ninguna,Dia total,Despejado,Yes,NO APLICA,99,99,99,99,1,29/09/2022,2
53,Washington,530511,0,0,1,0,63,SPOKANE (63),0,NO APLICA,8,Agosto,21,2022,9,47,CR-S MADISON RD,4,Calle del Condado,Rural,Colector Menor,County Highway Agency,0,Sin jurisdiccion especial,29,47.54910278,-117.2386472,Acotamiento,El primer evento no fue una colision con un vehiculo automotor en transporte,Not an Intersection,No fue interseccion,Sobre el lado de la calle,Ninguna,Dia total,Despejado,No,NO APLICA,99,99,99,99,1,21/08/2022,1
53,Washington,530512,1,1,1,0,11,CLARK (11),2370,VANCOUVER,10,Octubre,2,2022,18,50,NE ANDRESEN RD,6,Calle Local Municipalidad,Urbano,Arteria Principal,City or Municipal Highway Agency,0,Sin jurisdiccion especial,0,45.65388889,-122.6020972,Peaton,El primer evento no fue una colision con un vehiculo automotor en transporte,Not an Intersection,No fue interseccion,Sobre calle,Ninguna,Dia total,Despejado,No,NO APLICA,99,99,99,99,1,02/10/2022,1
53,Washington,530513,0,0,1,0,5,BENTON (5),0,NO APLICA,10,Octubre,2,2022,8,38,I-82,1,Interestatal,Urbano,Interestatal,State Highway Agency,1,Sin jurisdiccion especial,782,46.23756389,-119.8174222,Fin de valla,El primer evento no fue una colision con un vehiculo automotor en transporte,Not an Intersection,No fue interseccion,En el medio,Ninguna,Dia total,Despejado,No,NO APLICA,99,99,99,99,1,02/10/2022,1
53,Washington,530514,0,0,1,0,77,YAKIMA (77),2590,YAKIMA,10,Octubre,1,2022,1,0,N 23RD AVE,6,Calle Local Municipalidad,Urbano,Local,City or Municipal Highway Agency,0,Sin jurisdiccion especial,0,46.61619444,-120.5396944,Volcadura,El primer evento no fue una colision con un vehiculo automotor en transporte,Not an Intersection,No fue interseccion,Fuera de la calle,Ninguna,Oscuro sin iluminacion,Despejado,No,NO APLICA,99,99,99,99,2,01/10/2022,2
53,Washington,530515,0,0,1,0,33,KING (33),0,NO APLICA,10,Octubre,1,2022,1,2,SR-164,3,Highway estatal,Rural,Arteria Principal,State Highway Agency,0,Reservacion India,55,47.26143333,-122.1330806,Poste de Señal de trafico,El primer evento no fue una colision con un vehiculo automotor en transporte,Not an Intersection,No fue interseccion,Sobre el lado de la calle,Ninguna,Oscuro con iluminacion,Despejado,No,NO APLICA,99,99,99,99,1,01/10/2022,1
53,Washington,530516,0,0,2,0,63,SPOKANE (63),710,FAIRFIELD,10,Octubre,8,2022,20,19,SR-27,3,Highway estatal,Rural,Colector Mayor,State Highway Agency,0,Sin jurisdiccion especial,659,47.38511389,-117.1742389,Vehiculo en movimiento,Angulo,T-Intersection,Interseccion de T,Sobre calle,Ninguna,Oscuro con iluminacion,Despejado,No,NO APLICA,99,99,99,99,1,08/10/2022,2
53,Washington,530517,0,0,1,0,25,GRANT (25),0,NO APLICA,6,Junio,16,2022,22,7,CR-ROAD Q NW,4,Calle del Condado,Rural,Colector Menor,County Highway Agency,0,Sin jurisdiccion especial,21,47.26419444,-119.8539361,Volcadura,El primer evento no fue una colision con un vehiculo automotor en transporte,Not an Intersection,No fue interseccion,Sobre el lado de la calle,Ninguna,Oscuro sin iluminacion,Despejado,No,NO APLICA,99,99,99,99,3,16/06/2022,5
53,Washington,530518,0,0,2,0,25,GRANT (25),1390,MOSES LAKE,9,Septiembre,20,2022,12,34,CR-RANDOLPH RD NE,6,Calle Local Municipalidad,Urbano,Colector Mayor,City or Municipal Highway Agency,0,Sin jurisdiccion especial,99999,47.18870833,-119.2947083,Vehiculo en movimiento,Angulo,Not an Intersection,No fue interseccion,Sobre calle,Ninguna,Dia total,Despejado,No,NO APLICA,99,99,99,99,1,20/09/2022,3
53,Washington,530519,0,0,2,0,29,ISLAND (29),1550,OAK HARBOR,10,Octubre,4,2022,20,40,SR-20,3,Highway estatal,Urbano,Arteria Principal,State Highway Agency,0,Sin jurisdiccion especial,315,48.29373611,-122.6571667,Banqueta,El primer evento no fue una colision con un vehiculo automotor en transporte,Not an Intersection,No fue interseccion,Sobre calle,Ninguna,Oscuro con iluminacion,Despejado,No,NO APLICA,99,99,99,99,1,04/10/2022,3
53,Washington,530520,0,0,1,0,9,CLALLAM (9),0,NO APLICA,10,Octubre,8,2022,2,54,CR-PALO ALTO RD,4,Calle del Condado,Rural,Colector Menor,County Highway Agency,0,Sin jurisdiccion especial,20,48.03534722,-123.0498278,Arbol,El primer evento no fue una colision con un vehiculo automotor en transporte,Not an Intersection,No fue interseccion,Sobre el lado de la calle,Ninguna,Oscuro sin iluminacion,Despejado,No,NO APLICA,99,99,99,99,1,08/10/2022,1
53,Washington,530521,0,0,1,0,11,CLARK (11),0,NO APLICA,9,Septiembre,15,2022,22,3,I-205,1,Interestatal,Urbano,Interestatal,State Highway Agency,1,Sin jurisdiccion especial,99,45.71534722,-122.6451639,Valla Ferrocarril,El primer evento no fue una colision con un vehiculo automotor en transporte,Not an Intersection,No fue interseccion,En el medio,Ninguna,Oscuro con iluminacion,Despejado,No,NO APLICA,99,99,99,99,1,15/09/2022,2
53,Washington,530523,0,0,1,0,33,KING (33),0,NO APLICA,8,Agosto,29,2022,14,44,CR-SE LAKE HOLM RD,4,Calle del Condado,Urbano,Colector Mayor,County Highway Agency,0,Sin jurisdiccion especial,7,47.30076111,-122.1662361,Arbol,El primer evento no fue una colision con un vehiculo automotor en transporte,Not an Intersection,No fue interseccion,Sobre el lado de la calle,Ninguna,Dia total,Despejado,No,NO APLICA,99,99,99,99,1,29/08/2022,1
53,Washington,530524,0,0,1,0,53,PIERCE (53),2210,SUMNER,8,Agosto,18,2022,14,39,THOMPSON ST,6,Calle Local Municipalidad,Urbano,Local,City or Municipal Highway Agency,0,Sin jurisdiccion especial,0,47.19890556,-122.2386333,Arbol,El primer evento no fue una colision con un vehiculo automotor en transporte,T-Intersection,Interseccion de T,Sobre el lado de la calle,Ninguna,Dia total,Despejado,No,NO APLICA,99,99,99,99,1,18/08/2022,1
53,Washington,530525,1,1,1,0,33,KING (33),1030,KENT,9,Septiembre,2,2022,21,55,SR-99,3,Highway estatal,Urbano,Arteria Principal,State Highway Agency,0,Sin jurisdiccion especial,114,47.38651667,-122.2963556,Peaton,El primer evento no fue una colision con un vehiculo automotor en transporte,Four-Way Intersection,Interseccion de 4 direcciones,Sobre calle,Ninguna,Oscuro con iluminacion,Despejado,No,NO APLICA,99,99,99,99,1,02/09/2022,2
53,Washington,530526,0,0,1,0,33,KING (33),1830,RENTON,9,Septiembre,11,2022,20,2,NE 3RD ST,6,Calle Local Municipalidad,Urbano,Arteria Principal,City or Municipal Highway Agency,0,Sin jurisdiccion especial,0,47.48540556,-122.1935889,Volcadura,El primer evento no fue una colision con un vehiculo automotor en transporte,Not an Intersection,No fue interseccion,Sobre el lado de la calle,Ninguna,Oscuro con iluminacion,Despejado,No,NO APLICA,99,99,99,99,1,11/09/2022,1
53,Washington,530527,0,0,2,0,61,SNOHOMISH (61),0,NO APLICA,8,Agosto,24,2022,12,30,SR-532,3,Highway estatal,Urbano,Arteria Menor,State Highway Agency,0,Sin jurisdiccion especial,65,48.23730833,-122.3190833,Vehiculo en movimiento,Frente a frente,Four-Way Intersection,Interseccion de 4 direcciones,Sobre calle,Ninguna,Dia total,Despejado,No,NO APLICA,99,99,99,99,1,24/08/2022,2
53,Washington,530528,0,0,3,0,53,PIERCE (53),0,NO APLICA,8,Agosto,29,2022,10,0,CR-CANYON ROAD E,4,Calle del Condado,Urbano,Arteria Principal,County Highway Agency,0,Sin jurisdiccion especial,105,47.10151944,-122.3572778,Objeto desconocido no fijo,El primer evento no fue una colision con un vehiculo automotor en transporte,Not an Intersection,No fue interseccion,Sobre calle,Ninguna,Dia total,Despejado,No,NO APLICA,99,99,99,99,1,29/08/2022,3
53,Washington,530529,0,0,1,0,31,JEFFERSON (31),0,NO APLICA,6,Junio,27,2022,15,3,SR-19,3,Highway estatal,Rural,Arteria Menor,State Highway Agency,0,Sin jurisdiccion especial,10,47.90423056,-122.7256389,Volcadura,El primer evento no fue una colision con un vehiculo automotor en transporte,Not an Intersection,No fue interseccion,Sobre el lado de la calle,Ninguna,Dia total,Despejado,No,NO APLICA,99,99,99,99,1,27/06/2022,1
53,Washington,530530,0,0,2,0,77,YAKIMA (77),0,NO APLICA,7,Julio,24,2022,9,24,US-97,2,US Highway,Urbano,Arteria Menor,State Highway Agency,1,Reservacion India,674,46.43277222,-120.4176333,Vehiculo en movimiento,Angulo,Four-Way Intersection,Interseccion de 4 direcciones,Sobre calle,Ninguna,Dia total,Despejado,No,NO APLICA,99,99,99,99,1,24/07/2022,4
53,Washington,530531,0,0,4,0,33,KING (33),1960,SEATTLE,10,Octubre,6,2022,13,40,SR-520,3,Highway estatal,Urbano,Arterial Principal -Freeway o ExpressWay,State Highway Agency,0,Sin jurisdiccion especial,5,47.64341389,-122.3087833,Vehiculo en movimiento,Frente a Detrás,Not an Intersection,No fue interseccion,Sobre calle,Ninguna,Dia total,Despejado,No,NO APLICA,99,99,99,99,1,06/10/2022,4
53,Washington,530532,0,0,2,0,35,KITSAP (35),0,NO APLICA,10,Octubre,1,2022,14,15,CR-SILVERDALE WAY NW,4,Calle del Condado,Urbano,Arteria Principal,County Highway Agency,0,Sin jurisdiccion especial,15,47.65572222,-122.6884472,Vehiculo en movimiento,Frente a Detrás,Four-Way Intersection,Interseccion de 4 direcciones,Sobre calle,Ninguna,Dia total,Despejado,No,NO APLICA,99,99,99,99,1,01/10/2022,4
53,Washington,530533,0,0,1,0,25,GRANT (25),0,NO APLICA,10,Octubre,12,2022,23,11,CR-S FRONTAGE RD,4,Calle del Condado,Rural,Colector Menor,County Highway Agency,0,Sin jurisdiccion especial,28,47.04976667,-119.9067167,Barda,El primer evento no fue una colision con un vehiculo automotor en transporte,Not an Intersection,No fue interseccion,Sobre el lado de la calle,Ninguna,Oscuro sin iluminacion,Despejado,No,NO APLICA,99,99,99,99,1,12/10/2022,1