Estado,Nombre de Estado,Numero de Caso,Peatones,Personas _no_vehiculos,Vehiculos automotores,Vehiculos estacionados,Condado,Nombre Condado,Ciudad,Nombre Ciudad,Mes,Nombre Mes,Dia,Año,Hora,Minuto,Calle,Ruta,Nombre Ruta,Rural o Urbanoo,Sistema Funcional,Dueño Calle,Sistema Nacional Carreteras,Jurisdiccion Especial,Milla,Latitud,Longitud,Causa del Accidente,Tipo de Accidente,Tipo Interseccion,Columna1,Lugar en la calle,Zona de Trabajo,Luz,Clima,Autobus Escolar,Cruce de Trenes,Hora Notificacion,Minuto Notificacion,Hora Llegada,Minuto Llegada,Decesos,Fecha,PersonaVehiculo
53,Washington,530534,1,1,1,0,53,PIERCE (53),1620,ORTING,10,Octubre,12,2022,5,54,SR-162,3,Highway estatal,Urbano,Arteria Menor,State Highway Agency,0,Sin jurisdiccion especial,70,47.09959167,-122.207625,Peaton,El primer evento no fue una colision con un vehiculo automotor en transporte,Four-Way Intersection,Interseccion de 4 direcciones,Sobre calle,Ninguna,Oscuro con iluminacion,Despejado,No,NO APLICA,99,99,99,99,1,12/10/2022,1
53,Washington,530535,0,0,2,0,17,DOUGLAS (17),0,NO APLICA,10,Octubre,12,2022,16,12,US-97,2,US Highway,Rural,Arteria Principal,State Highway Agency,1,Sin jurisdiccion especial,1986,47.63081667,-120.2274472,Final Destination ( Vehiculo es golpeado por carga o otro objeto puesto en movimiento por otro vehiculo en movimiento),Otro,Four-Way Intersection,Interseccion de 4 direcciones,Sobre calle,Ninguna,Dia total,Despejado,No,NO APLICA,99,99,99,99,1,12/10/2022,2
53,Washington,530536,0,0,1,0,35,KITSAP (35),0,NO APLICA,10,Octubre,14,2022,7,39,CR-JM DICKENSON RD SW,4,Calle del Condado,Rural,Colector Mayor,County Highway Agency,0,Sin jurisdiccion especial,13,47.4434,-122.7404556,Volcadura,El primer evento no fue una colision con un vehiculo automotor en transporte,Not an Intersection,No fue interseccion,Sobre calle,Ninguna,Dia total,Despejado,No,NO APLICA,99,99,99,99,1,14/10/2022,1
53,Washington,530537,0,0,2,0,25,GRANT (25),0,NO APLICA,10,Octubre,10,2022,20,0,SR-28,3,Highway estatal,Rural,Arteria Menor,State Highway Agency,0,Sin jurisdiccion especial,358,47.23410556,-119.8110972,Vehiculo en movimiento,Frente a frente,Not an Intersection,No fue interseccion,Sobre calle,Ninguna,Oscuro con iluminacion,Despejado,No,NO APLICA,99,99,99,99,1,10/10/2022,2
53,Washington,530538,1,1,1,0,33,KING (33),1960,SEATTLE,10,Octubre,10,2022,22,15,I-5,1,Interestatal,Urbano,Interestatal,State Highway Agency,1,Sin jurisdiccion especial,1702,47.67301944,-122.3211444,Peaton,El primer evento no fue una colision con un vehiculo automotor en transporte,Not an Intersection,No fue interseccion,Sobre calle,Ninguna,Oscuro con iluminacion,Despejado,No,NO APLICA,99,99,99,99,1,10/10/2022,1
53,Washington,530539,1,1,1,0,11,CLARK (11),2370,VANCOUVER,10,Octubre,15,2022,16,5,SE VILLAGE LOOP,6,Calle Local Municipalidad,Urbano,Arteria Menor,City or Municipal Highway Agency,0,Sin jurisdiccion especial,0,45.60060833,-122.5083833,Peaton,El primer evento no fue una colision con un vehiculo automotor en transporte,Not an Intersection,No fue interseccion,Sobre calle,Ninguna,Dia total,Despejado,No,NO APLICA,99,99,99,99,1,15/10/2022,1
53,Washington,530540,0,0,1,0,29,ISLAND (29),0,NO APLICA,10,Octubre,14,2022,22,55,SR-525,3,Highway estatal,Rural,Arteria Principal,State Highway Agency,0,Sin jurisdiccion especial,296,48.15633056,-122.59825,Volcadura,El primer evento no fue una colision con un vehiculo automotor en transporte,Not an Intersection,No fue interseccion,Sobre el lado de la calle,Ninguna,Oscuro sin iluminacion,Despejado,No,NO APLICA,99,99,99,99,1,14/10/2022,1
53,Washington,530541,0,0,2,0,27,GRAYS HARBOR (27),0,NO APLICA,10,Octubre,11,2022,15,5,SR-105,3,Highway estatal,Rural,Arteria Menor,State Highway Agency,0,Sin jurisdiccion especial,306,46.858875,-124.1010278,Vehiculo en movimiento,Angulo,T-Intersection,Interseccion de T,Sobre calle,Ninguna,Dia total,Despejado,No,NO APLICA,99,99,99,99,1,11/10/2022,2
53,Washington,530542,0,0,2,0,65,STEVENS (65),0,NO APLICA,10,Octubre,16,2022,14,20,US-395,2,US Highway,Rural,Arteria Principal,State Highway Agency,1,Sin jurisdiccion especial,2453,48.61468611,-118.1015861,Vehiculo en movimiento,Frente a Detrás,T-Intersection,Interseccion de T,Sobre calle,Ninguna,Dia total,Despejado,No,NO APLICA,99,99,99,99,1,16/10/2022,4
53,Washington,530543,0,0,2,0,5,BENTON (5),1850,RICHLAND,10,Octubre,15,2022,0,5,SR-240,3,Highway estatal,Urbano,Arterial Principal -Freeway o ExpressWay,State Highway Agency,0,Sin jurisdiccion especial,353,46.24618611,-119.2509917,Vehiculo en movimiento,Frente a frente,Not an Intersection,No fue interseccion,Sobre calle,Ninguna,Oscuro con iluminacion,Despejado,No,NO APLICA,99,99,99,99,1,15/10/2022,2
53,Washington,530544,1,1,1,0,7,CHELAN (7),1160,LEAVENWORTH,10,Octubre,11,2022,16,0,US-2,2,US Highway,Rural,Arteria Principal,State Highway Agency,1,Sin jurisdiccion especial,1006,47.59804167,-120.6501389,Ciclista,El primer evento no fue una colision con un vehiculo automotor en transporte,Not an Intersection,No fue interseccion,Sobre calle,Ninguna,Dia total,Despejado,No,NO APLICA,99,99,99,99,1,11/10/2022,1
53,Washington,530545,0,0,2,0,53,PIERCE (53),0,NO APLICA,10,Octubre,17,2022,4,42,SR-512,3,Highway estatal,Urbano,Arterial Principal -Freeway o ExpressWay,State Highway Agency,0,Sin jurisdiccion especial,73,47.15821111,-122.3262167,Vehiculo en movimiento,Golpe Lateral - misma direccion,Not an Intersection,No fue interseccion,Sobre calle,Ninguna,Oscuro con iluminacion,Despejado,No,NO APLICA,99,99,99,99,1,17/10/2022,2
53,Washington,530547,0,0,2,0,59,SKAMANIA (59),0,NO APLICA,10,Octubre,15,2022,16,4,SR-14,3,Highway estatal,Rural,Arteria Principal,State Highway Agency,0,Sin jurisdiccion especial,548,45.70483056,-121.6872639,Vehiculo en movimiento,Angulo,Not an Intersection,No fue interseccion,Sobre calle,Ninguna,Dia total,Despejado,No,NO APLICA,99,99,99,99,1,15/10/2022,2
53,Washington,530548,0,0,1,0,33,KING (33),1030,KENT,10,Octubre,23,2022,6,7,SR-181,3,Highway estatal,Urbano,Arteria Principal,State Highway Agency,0,Sin jurisdiccion especial,21,47.40729167,-122.2493833,Banqueta,El primer evento no fue una colision con un vehiculo automotor en transporte,Not an Intersection,No fue interseccion,En el medio,Ninguna,Oscuro con iluminacion,Nublado,No,NO APLICA,99,99,99,99,1,23/10/2022,1
53,Washington,530549,0,0,1,0,33,KING (33),2310,TUKWILA,10,Octubre,25,2022,6,39,I-405 RAMP,1,Interestatal,Urbano,Interestatal,State Highway Agency,1,Sin jurisdiccion especial,1,47.46290833,-122.2471917,Zanja,El primer evento no fue una colision con un vehiculo automotor en transporte,Not an Intersection,No fue interseccion,Sobre el lado de la calle,Ninguna,Oscuro con iluminacion,Despejado,No,NO APLICA,99,99,99,99,1,25/10/2022,1
53,Washington,530550,0,0,2,0,67,THURSTON (67),0,NO APLICA,10,Octubre,20,2022,6,5,SR-510,3,Highway estatal,Rural,Arteria Menor,State Highway Agency,0,Sin jurisdiccion especial,81,46.99855556,-122.6623528,Vehiculo en movimiento,Angulo,Not an Intersection,No fue interseccion,Sobre calle,Ninguna,Oscuro con iluminacion,Neblina o Humo,No,NO APLICA,99,99,99,99,1,20/10/2022,5
53,Washington,530551,1,1,1,0,73,WHATCOM (73),0,NO APLICA,10,Octubre,7,2022,6,35,I-5,1,Interestatal,Urbano,Interestatal,State Highway Agency,1,Sin jurisdiccion especial,2583,48.79523056,-122.5271139,Peaton,El primer evento no fue una colision con un vehiculo automotor en transporte,Not an Intersection,No fue interseccion,Sobre Acotamiento,Ninguna,Oscuro sin iluminacion,Despejado,No,NO APLICA,99,99,99,99,1,07/10/2022,1
53,Washington,530552,0,0,1,0,41,LEWIS (41),0,NO APLICA,10,Octubre,18,2022,19,0,CR-KING RD,4,Calle del Condado,Rural,Colector Menor,County Highway Agency,0,Sin jurisdiccion especial,62,46.53081944,-123.0437694,Volcadura,El primer evento no fue una colision con un vehiculo automotor en transporte,Not an Intersection,No fue interseccion,Sobre el lado de la calle,Ninguna,Atardecer,Despejado,No,NO APLICA,99,99,99,99,1,18/10/2022,2
53,Washington,530553,1,1,1,0,33,KING (33),100,AUBURN,10,Octubre,20,2022,22,7,AUBURN WAY N,6,Calle Local Municipalidad,Urbano,Arteria Principal,City or Municipal Highway Agency,0,Sin jurisdiccion especial,0,47.34698889,-122.2226556,Ciclista,El primer evento no fue una colision con un vehiculo automotor en transporte,Not an Intersection,No fue interseccion,Sobre el lado de la calle,Ninguna,Oscuro con iluminacion,Nublado,No,NO APLICA,99,99,99,99,1,20/10/2022,1
53,Washington,530554,0,0,2,0,31,JEFFERSON (31),0,NO APLICA,10,Octubre,7,2022,18,42,US-101,2,US Highway,Rural,Arteria Principal,State Highway Agency,1,Sin jurisdiccion especial,3087,47.65470556,-122.9258417,Vehiculo en movimiento,Frente a frente,Not an Intersection,No fue interseccion,Sobre calle,Ninguna,Atardecer,Despejado,No,NO APLICA,99,99,99,99,1,07/10/2022,3
53,Washington,530555,0,0,2,0,27,GRAYS HARBOR (27),0,NO APLICA,10,Octubre,24,2022,10,40,US-101,2,US Highway,Rural,Arteria Principal,State Highway Agency,1,Sin jurisdiccion especial,781,46.93413611,-123.7291111,Vehiculo en movimiento,Angulo,Not an Intersection,No fue interseccion,Sobre calle,Ninguna,Dia total,Nublado,No,NO APLICA,99,99,99,99,1,24/10/2022,2
53,Washington,530556,1,1,1,0,33,KING (33),1960,SEATTLE,8,Agosto,29,2022,5,47,15TH AVE NE,6,Calle Local Municipalidad,Urbano,Arteria Menor,City or Municipal Highway Agency,0,Sin jurisdiccion especial,0,47.71984167,-122.312675,Peaton,El primer evento no fue una colision con un vehiculo automotor en transporte,Not an Intersection,No fue interseccion,Sobre calle,Ninguna,Oscuro con iluminacion,Despejado,No,NO APLICA,99,99,99,99,1,29/08/2022,1
53,Washington,530558,0,0,1,0,5,BENTON (5),2475,WEST RICHLAND,10,Octubre,27,2022,17,8,KEENE RD,6,Calle Local Municipalidad,Urbano,Arteria Menor,City or Municipal Highway Agency,0,Sin jurisdiccion especial,0,46.28431667,-119.388175,Volcadura,El primer evento no fue una colision con un vehiculo automotor en transporte,Not an Intersection,No fue interseccion,Sobre el lado de la calle,Ninguna,Dia total,Despejado,No,NO APLICA,99,99,99,99,1,27/10/2022,2
53,Washington,530559,0,0,2,0,53,PIERCE (53),0,NO APLICA,10,Octubre,21,2022,8,10,SR-302,3,Highway estatal,Urbano,Arteria Principal,State Highway Agency,0,Sin jurisdiccion especial,126,47.38890556,-122.6764,Otro objeto (fijo),El primer evento no fue una colision con un vehiculo automotor en transporte,Not an Intersection,No fue interseccion,Sobre el lado de la calle,Ninguna,Dia total,Despejado,No,NO APLICA,99,99,99,99,1,21/10/2022,2
53,Washington,530560,0,0,1,0,25,GRANT (25),680,EPHRATA,9,Septiembre,29,2022,3,0,SR-28,3,Highway estatal,Urbano,Arteria Menor,State Highway Agency,0,Sin jurisdiccion especial,499,47.29763889,-119.5682667,Volcadura,El primer evento no fue una colision con un vehiculo automotor en transporte,Not an Intersection,No fue interseccion,Sobre el lado de la calle,Ninguna,Oscuro sin iluminacion,Despejado,No,NO APLICA,99,99,99,99,1,29/09/2022,1
53,Washington,530561,0,0,2,0,67,THURSTON (67),0,NO APLICA,10,Octubre,26,2022,6,16,CR-YELM HWY SE,4,Calle del Condado,Urbano,Arteria Menor,County Highway Agency,0,Sin jurisdiccion especial,96,46.98523056,-122.7240972,Vehiculo en movimiento,Frente a frente,Not an Intersection,No fue interseccion,Sobre calle,Ninguna,Amanecer,Despejado,No,NO APLICA,99,99,99,99,1,26/10/2022,3
53,Washington,530562,0,0,1,0,33,KING (33),170,BOTHELL,8,Agosto,13,2022,3,17,I-405 RMP,1,Interestatal,Urbano,Interestatal,State Highway Agency,1,Sin jurisdiccion especial,3,47.7557,-122.1938472,Barrera de Trafico de Concreto,El primer evento no fue una colision con un vehiculo automotor en transporte,Not an Intersection,No fue interseccion,Sobre el lado de la calle,Ninguna,Oscuro con iluminacion,Despejado,No,NO APLICA,99,99,99,99,1,13/08/2022,1
53,Washington,530563,0,0,1,0,77,YAKIMA (77),0,NO APLICA,10,Octubre,20,2022,15,34,SR-241,3,Highway estatal,Rural,Colector Mayor,State Highway Agency,0,Sin jurisdiccion especial,18,46.23679722,-119.9995028,Zanja,El primer evento no fue una colision con un vehiculo automotor en transporte,Not an Intersection,No fue interseccion,Sobre el lado de la calle,Ninguna,Dia total,Despejado,No,NO APLICA,99,99,99,99,1,20/10/2022,1
53,Washington,530564,0,0,1,0,27,GRAYS HARBOR (27),0,NO APLICA,10,Octubre,22,2022,21,55,CR-OCEAN BEACH RD,4,Calle del Condado,Rural,Colector Mayor,County Highway Agency,0,Sin jurisdiccion especial,167,47.19224444,-124.1304944,Zanja,El primer evento no fue una colision con un vehiculo automotor en transporte,Not an Intersection,No fue interseccion,Sobre el lado de la calle,Ninguna,Oscuro sin iluminacion,Despejado,No,NO APLICA,99,99,99,99,1,22/10/2022,1
53,Washington,530565,1,1,1,0,33,KING (33),1960,SEATTLE,10,Octubre,27,2022,6,40,ELLIS AVE S,6,Calle Local Municipalidad,Urbano,Arteria Principal,City or Municipal Highway Agency,0,Sin jurisdiccion especial,0,47.53870278,-122.3206639,Peaton,El primer evento no fue una colision con un vehiculo automotor en transporte,T-Intersection,Interseccion de T,Sobre calle,Ninguna,Oscuro con iluminacion,Nublado,No,NO APLICA,99,99,99,99,1,27/10/2022,1
53,Washington,530566,0,0,1,0,71,WALLA WALLA (71),0,NO APLICA,10,Octubre,8,2022,2,28,CR-PIKES PEAK RD,4,Calle del Condado,Rural,Local,County Highway Agency,0,Sin jurisdiccion especial,3,46.02759444,-118.2206639,Volcadura,El primer evento no fue una colision con un vehiculo automotor en transporte,Not an Intersection,No fue interseccion,Sobre el lado de la calle,Ninguna,Oscuro sin iluminacion,Despejado,No,NO APLICA,99,99,99,99,1,08/10/2022,2
53,Washington,530567,0,0,2,0,33,KING (33),0,NO APLICA,9,Septiembre,30,2022,15,40,SR-161,3,Highway estatal,Urbano,Arteria Principal,State Highway Agency,0,Sin jurisdiccion especial,348,47.26976389,-122.3037194,Vehiculo en movimiento,Angulo,T-Intersection,Interseccion de T,Sobre calle,Ninguna,Dia total,Despejado,No,NO APLICA,99,99,99,99,1,30/09/2022,2
53,Washington,530568,1,1,1,0,33,KING (33),0,NO APLICA,8,Agosto,22,2022,19,22,CR-THORSEN RD SW,4,Calle del Condado,Rural,Colector Mayor,County Highway Agency,0,Sin jurisdiccion especial,25,47.44518333,-122.5010139,Peaton,El primer evento no fue una colision con un vehiculo automotor en transporte,Not an Intersection,No fue interseccion,Sobre Acotamiento,Ninguna,Atardecer,Despejado,No,NO APLICA,99,99,99,99,1,22/08/2022,1
53,Washington,530569,0,0,2,0,41,LEWIS (41),0,NO APLICA,10,Octubre,22,2022,14,48,I-5,1,Interestatal,Urbano,Interestatal,State Highway Agency,1,Sin jurisdiccion especial,749,46.62779722,-122.9345333,Vehiculo en movimiento,Frente a Detrás,Not an Intersection,No fue interseccion,Sobre calle,Ninguna,Dia total,Despejado,No,NO APLICA,99,99,99,99,1,22/10/2022,2
53,Washington,530571,0,0,2,0,7,CHELAN (7),0,NO APLICA,10,Octubre,29,2022,12,50,US-97,2,US Highway,Rural,Arterial Principal -Freeway o ExpressWay,State Highway Agency,1,Sin jurisdiccion especial,2252,47.87258056,-119.9204417,Vehiculo en movimiento,Angulo,Four-Way Intersection,Interseccion de 4 direcciones,Sobre calle,Ninguna,Dia total,Despejado,No,NO APLICA,99,99,99,99,1,29/10/2022,2
53,Washington,530572,0,0,2,0,45,MASON (45),0,NO APLICA,10,Octubre,7,2022,17,30,SR-3,3,Highway estatal,Rural,Arteria Principal,State Highway Agency,0,Sin jurisdiccion especial,129,47.29505556,-122.9337917,Vehiculo en movimiento,Frente a frente,Not an Intersection,No fue interseccion,Sobre calle,Ninguna,Dia total,Despejado,No,NO APLICA,99,99,99,99,1,07/10/2022,5
53,Washington,530573,1,1,2,0,33,KING (33),1960,SEATTLE,10,Octubre,27,2022,5,27,SR-509,3,Highway estatal,Urbano,Arterial Principal -Freeway o ExpressWay,State Highway Agency,0,Sin jurisdiccion especial,347,47.53095,-122.3344889,Peaton,El primer evento no fue una colision con un vehiculo automotor en transporte,Not an Intersection,No fue interseccion,Sobre calle,Ninguna,Oscuro con iluminacion,Nublado,No,NO APLICA,99,99,99,99,1,27/10/2022,4
53,Washington,530574,0,0,2,0,33,KING (33),100,AUBURN,11,Noviembre,3,2022,5,56,SR-167,3,Highway estatal,Urbano,Arterial Principal -Freeway o ExpressWay,State Highway Agency,0,Sin jurisdiccion especial,156,47.30174167,-122.2528306,Vehiculo en movimiento,Golpe Lateral - misma direccion,Not an Intersection,No fue interseccion,Sobre calle,Ninguna,Oscuro con iluminacion,Despejado,No,NO APLICA,99,99,99,99,1,03/11/2022,2
53,Washington,530575,0,0,1,0,47,OKANOGAN (47),0,NO APLICA,11,Noviembre,4,2022,17,8,US-97,2,US Highway,Rural,Arteria Principal,State Highway Agency,1,Sin jurisdiccion especial,3130,48.88523056,-119.4238194,Acotamiento,El primer evento no fue una colision con un vehiculo automotor en transporte,Not an Intersection,No fue interseccion,Sobre el lado de la calle,Ninguna,Atardecer,Nublado,No,NO APLICA,99,99,99,99,1,04/11/2022,1
53,Washington,530576,0,0,2,0,71,WALLA WALLA (71),0,NO APLICA,10,Octubre,30,2022,2,40,US-12,2,US Highway,Rural,Arteria Principal,State Highway Agency,1,Sin jurisdiccion especial,3052,46.05559444,-118.9013889,Vehiculo en movimiento,Frente a frente,Not an Intersection,No fue interseccion,Sobre calle,Ninguna,Oscuro sin iluminacion,Nublado,No,NO APLICA,99,99,99,99,1,30/10/2022,5
53,Washington,530577,0,0,2,0,45,MASON (45),0,NO APLICA,11,Noviembre,4,2022,14,5,US-101,2,US Highway,Rural,Arterial Principal -Freeway o ExpressWay,State Highway Agency,1,Sin jurisdiccion especial,3536,47.10663333,-123.0951,Vehiculo en movimiento,Angulo,Four-Way Intersection,Interseccion de 4 direcciones,Sobre calle,Ninguna,Dia total,lluvia,No,NO APLICA,99,99,99,99,1,04/11/2022,5
53,Washington,530578,0,0,2,0,65,STEVENS (65),0,NO APLICA,11,Noviembre,8,2022,9,55,US-395,2,US Highway,Rural,Arterial Principal -Freeway o ExpressWay,State Highway Agency,1,Sin jurisdiccion especial,2025,48.14710556,-117.6841667,Vehiculo en movimiento,Frente a frente,Not an Intersection,No fue interseccion,Sobre calle,Ninguna,Dia total,Despejado,No,NO APLICA,99,99,99,99,1,08/11/2022,3
53,Washington,530579,0,0,2,0,33,KING (33),980,ISSAQUAH,10,Octubre,31,2022,23,11,9TH AVE NE,6,Calle Local Municipalidad,Urbano,Arteria Principal,City or Municipal Highway Agency,0,Sin jurisdiccion especial,0,47.539275,-122.0196444,Vehiculo en movimiento,Angulo,Four-Way Intersection,Interseccion de 4 direcciones,Sobre calle,Ninguna,Oscuro con iluminacion,Despejado,No,NO APLICA,99,99,99,99,1,31/10/2022,5
53,Washington,530580,0,0,1,0,37,KITTITAS (37),0,NO APLICA,11,Noviembre,6,2022,19,33,I-90,1,Interestatal,Rural,Interestatal,State Highway Agency,1,Sin jurisdiccion especial,908,47.12651111,-120.8030083,Fin de valla,El primer evento no fue una colision con un vehiculo automotor en transporte,Not an Intersection,No fue interseccion,Sobre el lado de la calle,Ninguna,Oscuro sin iluminacion,Nieve,No,NO APLICA,99,99,99,99,1,06/11/2022,1
53,Washington,530581,0,0,1,0,53,PIERCE (53),2230,TACOMA,11,Noviembre,9,2022,10,22,SR-7,3,Highway estatal,Urbano,Arteria Principal,State Highway Agency,0,Sin jurisdiccion especial,549,47.19302778,-122.4340139,Poste,El primer evento no fue una colision con un vehiculo automotor en transporte,Not an Intersection,No fue interseccion,Sobre el lado de la calle,Ninguna,Dia total,Despejado,No,NO APLICA,99,99,99,99,1,09/11/2022,1
53,Washington,530582,0,0,1,0,63,SPOKANE (63),2113,SPOKANE VALLEY,10,Octubre,18,2022,4,30,N BARKER RD,6,Calle Local Municipalidad,Urbano,Arteria Menor,City or Municipal Highway Agency,0,Sin jurisdiccion especial,0,47.65690556,-117.1536167,Volcadura,El primer evento no fue una colision con un vehiculo automotor en transporte,Roundabout,Glorieta,Sobre el lado de la calle,Ninguna,Oscuro con iluminacion,Despejado,No,NO APLICA,99,99,99,99,1,18/10/2022,1
53,Washington,530583,0,0,1,0,35,KITSAP (35),0,NO APLICA,11,Noviembre,7,2022,8,58,SR-16,3,Highway estatal,Urbano,Arterial Principal -Freeway o ExpressWay,State Highway Agency,0,Sin jurisdiccion especial,226,47.49532778,-122.6398,Arbol,El primer evento no fue una colision con un vehiculo automotor en transporte,Not an Intersection,No fue interseccion,En el medio,Ninguna,Dia total,lluvia,No,NO APLICA,99,99,99,99,1,07/11/2022,2
53,Washington,530584,1,1,1,0,11,CLARK (11),2370,VANCOUVER,11,Noviembre,6,2022,22,27,SR-500,3,Highway estatal,Urbano,Arterial Principal -Freeway o ExpressWay,State Highway Agency,0,Sin jurisdiccion especial,33,45.64976944,-122.5977083,Peaton,El primer evento no fue una colision con un vehiculo automotor en transporte,Not an Intersection,No fue interseccion,Sobre calle,Ninguna,Oscuro con iluminacion,lluvia,No,NO APLICA,99,99,99,99,1,06/11/2022,1
53,Washington,530585,0,0,2,0,33,KING (33),0,NO APLICA,11,Noviembre,5,2022,17,25,I-90,1,Interestatal,Rural,Interestatal,State Highway Agency,1,Sin jurisdiccion especial,195,47.53308611,-121.9579167,Soporte de Puente,El primer evento no fue una colision con un vehiculo automotor en transporte,Not an Intersection,No fue interseccion,En el medio,Ninguna,Dia total,Despejado,No,NO APLICA,99,99,99,99,1,05/11/2022,2
53,Washington,530586,1,1,1,0,33,KING (33),1030,KENT,11,Noviembre,11,2022,20,17,SR-99,3,Highway estatal,Urbano,Arteria Principal,State Highway Agency,0,Sin jurisdiccion especial,93,47.35884722,-122.3090222,Peaton,El primer evento no fue una colision con un vehiculo automotor en transporte,Not an Intersection,No fue interseccion,Sobre calle,Ninguna,Oscuro con iluminacion,Despejado,No,NO APLICA,99,99,99,99,1,11/11/2022,1
53,Washington,530587,0,0,2,0,53,PIERCE (53),0,NO APLICA,11,Noviembre,14,2022,21,13,CR-176TH ST E,4,Calle del Condado,Urbano,Arteria Principal,County Highway Agency,0,Sin jurisdiccion especial,26,47.09663056,-122.3810194,Vehiculo en movimiento,Angulo,T-Intersection,Interseccion de T,Sobre calle,Ninguna,Oscuro con iluminacion,Despejado,No,NO APLICA,99,99,99,99,1,14/11/2022,3
53,Washington,530588,0,0,2,0,61,SNOHOMISH (61),0,NO APLICA,11,Noviembre,3,2022,17,9,CR-S MACHIAS RD,4,Calle del Condado,Urbano,Arteria Menor,County Highway Agency,0,Sin jurisdiccion especial,12,47.96355556,-122.0683139,Vehiculo en movimiento,Angulo,T-Intersection,Interseccion de T,Sobre calle,Ninguna,Dia total,lluvia,No,NO APLICA,99,99,99,99,1,03/11/2022,2
53,Washington,530589,0,0,1,0,65,STEVENS (65),0,NO APLICA,10,Octubre,3,2022,14,28,CR-WILLIAMS LAKE RD,4,Calle del Condado,Rural,Colector Mayor,County Highway Agency,0,Sin jurisdiccion especial,24,48.600675,-117.9308611,Arbusto,El primer evento no fue una colision con un vehiculo automotor en transporte,Not an Intersection,No fue interseccion,Sobre el lado de la calle,Ninguna,Dia total,Despejado,No,NO APLICA,99,99,99,99,1,03/10/2022,1
53,Washington,530590,0,0,1,0,65,STEVENS (65),0,NO APLICA,11,Noviembre,13,2022,10,48,CR-ROCKCUT RD,4,Calle del Condado,Rural,Colector Menor,County Highway Agency,0,Sin jurisdiccion especial,1,48.871575,-118.2002944,Arbol,El primer evento no fue una colision con un vehiculo automotor en transporte,Not an Intersection,No fue interseccion,Sobre el lado de la calle,Ninguna,Dia total,Despejado,No,NO APLICA,99,99,99,99,1,13/11/2022,1
53,Washington,530591,0,0,1,0,33,KING (33),1960,SEATTLE,8,Agosto,1,2022,1,16,RAINIER AVE S,6,Calle Local Municipalidad,Urbano,Arteria Principal,City or Municipal Highway Agency,0,Sin jurisdiccion especial,0,47.55093333,-122.2775361,Arbol,El primer evento no fue una colision con un vehiculo automotor en transporte,Not an Intersection,No fue interseccion,Sobre el lado de la calle,Ninguna,Oscuro con iluminacion,Despejado,No,NO APLICA,99,99,99,99,1,01/08/2022,2
53,Washington,530592,1,1,1,0,9,CLALLAM (9),0,NO APLICA,8,Agosto,8,2022,12,24,CR-W SILBERHORN RD,4,Calle del Condado,Urbano,Local,County Highway Agency,0,Sin jurisdiccion especial,15,48.06885278,-123.1376667,Ciclista,El primer evento no fue una colision con un vehiculo automotor en transporte,Not an Intersection,No fue interseccion,Sobre calle,Ninguna,Dia total,Despejado,No,NO APLICA,99,99,99,99,1,08/08/2022,1
53,Washington,530594,1,1,1,0,33,KING (33),1960,SEATTLE,11,Noviembre,10,2022,13,53,MERCER ST,6,Calle Local Municipalidad,Urbano,Arteria Principal,City or Municipal Highway Agency,0,Sin jurisdiccion especial,0,47.62457778,-122.3563917,Peaton,El primer evento no fue una colision con un vehiculo automotor en transporte,Four-Way Intersection,Interseccion de 4 direcciones,Sobre calle,Ninguna,Dia total,Nublado,No,NO APLICA,99,99,99,99,1,10/11/2022,1
53,Washington,530595,0,0,4,0,61,SNOHOMISH (61),0,NO APLICA,8,Agosto,3,2022,18,17,US-2,2,US Highway,Urbano,Arteria Principal,State Highway Agency,1,Sin jurisdiccion especial,204,47.85899444,-121.8274472,Vehiculo en movimiento,Frente a Detrás,Not an Intersection,No fue interseccion,Sobre calle,Ninguna,Dia total,Despejado,No,NO APLICA,99,99,99,99,1,03/08/2022,8
53,Washington,530596,0,0,2,0,53,PIERCE (53),0,NO APLICA,8,Agosto,24,2022,21,3,SR-7,3,Highway estatal,Urbano,Arteria Principal,State Highway Agency,0,Sin jurisdiccion especial,500,47.12148056,-122.4348556,Vehiculo en movimiento,Angulo,Not an Intersection,No fue interseccion,Sobre calle,Ninguna,Oscuro con iluminacion,Despejado,No,NO APLICA,99,99,99,99,1,24/08/2022,3
53,Washington,530597,0,0,1,0,47,OKANOGAN (47),0,NO APLICA,8,Agosto,4,2022,15,8,CR-TUNK CREEK RD,4,Calle del Condado,Rural,Colector Menor,County Highway Agency,0,Sin jurisdiccion especial,30,48.53187778,-119.4937417,Acotamiento,El primer evento no fue una colision con un vehiculo automotor en transporte,Not an Intersection,No fue interseccion,Sobre el lado de la calle,Ninguna,Dia total,Despejado,No,NO APLICA,99,99,99,99,1,04/08/2022,1