Estado,Nombre de Estado,Numero de Caso,Peatones,Personas _no_vehiculos,Vehiculos automotores,Vehiculos estacionados,Condado,Nombre Condado,Ciudad,Nombre Ciudad,Mes,Nombre Mes,Dia,Año,Hora,Minuto,Calle,Ruta,Nombre Ruta,Rural o Urbanoo,Sistema Funcional,Dueño Calle,Sistema Nacional Carreteras,Jurisdiccion Especial,Milla,Latitud,Longitud,Causa del Accidente,Tipo de Accidente,Tipo Interseccion,Columna1,Lugar en la calle,Zona de Trabajo,Luz,Clima,Autobus Escolar,Cruce de Trenes,Hora Notificacion,Minuto Notificacion,Hora Llegada,Minuto Llegada,Decesos,Fecha,PersonaVehiculo
53,Washington,530598,0,0,1,0,51,PEND OREILLE (51),0,NO APLICA,8,Agosto,2,2022,20,7,CR-LECLERC RD N,4,Calle del Condado,Rural,Colector Mayor,County Highway Agency,0,Sin jurisdiccion especial,225,48.59769167,-117.3463167,Volcadura,El primer evento no fue una colision con un vehiculo automotor en transporte,Not an Intersection,No fue interseccion,Sobre calle,Ninguna,Atardecer,Despejado,No,NO APLICA,99,99,99,99,1,02/08/2022,2
53,Washington,530599,0,0,2,0,33,KING (33),0,NO APLICA,11,Noviembre,5,2022,18,42,CR-51ST AVE S,4,Calle del Condado,Urbano,Arteria Menor,County Highway Agency,0,Sin jurisdiccion especial,11,47.32755278,-122.2709806,Vehiculo en movimiento,Frente a frente,Not an Intersection,No fue interseccion,Sobre calle,Ninguna,Oscuro sin iluminacion,Nublado,No,NO APLICA,99,99,99,99,1,05/11/2022,2
53,Washington,530600,0,0,2,1,25,GRANT (25),0,NO APLICA,9,Septiembre,5,2022,15,26,CR-ROAD 6 NW,4,Calle del Condado,Rural,Local,County Highway Agency,0,Sin jurisdiccion especial,65,47.17485,-119.9290083,Poste,El primer evento no fue una colision con un vehiculo automotor en transporte,Not an Intersection,No fue interseccion,Sobre el lado de la calle,Ninguna,Dia total,Despejado,No,NO APLICA,99,99,99,99,1,05/09/2022,2
53,Washington,530601,0,0,2,0,25,GRANT (25),0,NO APLICA,11,Noviembre,9,2022,20,39,CR-ROAD 5 NW,4,Calle del Condado,Rural,Colector Mayor,County Highway Agency,0,Sin jurisdiccion especial,174,47.16368889,-119.9206556,Vehiculo en movimiento,Frente a frente,Not an Intersection,No fue interseccion,Sobre calle,Ninguna,Oscuro sin iluminacion,Despejado,No,NO APLICA,99,99,99,99,1,09/11/2022,2
53,Washington,530602,0,0,1,0,33,KING (33),109,BELLEVUE,11,Noviembre,3,2022,10,0,I-405,1,Interestatal,Urbano,Interestatal,State Highway Agency,1,Sin jurisdiccion especial,136,47.61494167,-122.1889111,Barrera de Trafico de Concreto,El primer evento no fue una colision con un vehiculo automotor en transporte,Not an Intersection,No fue interseccion,Sobre el lado de la calle,Ninguna,Dia total,Despejado,No,NO APLICA,99,99,99,99,1,03/11/2022,1
53,Washington,530603,0,0,1,0,41,LEWIS (41),0,NO APLICA,11,Noviembre,22,2022,13,52,SR-6,3,Highway estatal,Rural,Arteria Menor,State Highway Agency,0,Sin jurisdiccion especial,249,46.55165833,-123.3536611,Arbol,El primer evento no fue una colision con un vehiculo automotor en transporte,Not an Intersection,No fue interseccion,Sobre el lado de la calle,Ninguna,Dia total,Despejado,No,NO APLICA,99,99,99,99,1,22/11/2022,1
53,Washington,530604,0,0,1,0,63,SPOKANE (63),0,NO APLICA,11,Noviembre,22,2022,7,12,CR-S GOVERNMENT WAY,4,Calle del Condado,Urbano,Arteria Menor,County Highway Agency,0,Sin jurisdiccion especial,26,47.6577,-117.4650639,Piedrotototota,El primer evento no fue una colision con un vehiculo automotor en transporte,Not an Intersection,No fue interseccion,Sobre el lado de la calle,Ninguna,Amanecer,Nublado,No,NO APLICA,99,99,99,99,1,22/11/2022,2
53,Washington,530605,0,0,1,0,59,SKAMANIA (59),0,NO APLICA,11,Noviembre,8,2022,20,55,CR-LABARRE RD,4,Calle del Condado,Rural,Local,County Highway Agency,0,Sin jurisdiccion especial,10,45.62128889,-122.2013861,Volcadura,El primer evento no fue una colision con un vehiculo automotor en transporte,Not an Intersection,No fue interseccion,Sobre el lado de la calle,Ninguna,Oscuro sin iluminacion,Despejado,No,NO APLICA,99,99,99,99,1,08/11/2022,1
53,Washington,530606,0,0,2,0,33,KING (33),735,FEDERAL WAY,11,Noviembre,9,2022,23,17,SR-18,3,Highway estatal,Urbano,Arterial Principal -Freeway o ExpressWay,State Highway Agency,0,Sin jurisdiccion especial,2,47.28968333,-122.3135083,Vehiculo en movimiento,Angulo,Four-Way Intersection,Interseccion de 4 direcciones,Sobre calle,Ninguna,Oscuro con iluminacion,Despejado,No,NO APLICA,99,99,99,99,1,09/11/2022,4
53,Washington,530607,1,1,1,0,27,GRAYS HARBOR (27),10,ABERDEEN,11,Noviembre,16,2022,21,13,SR-105,3,Highway estatal,Urbano,Arteria Menor,State Highway Agency,0,Sin jurisdiccion especial,483,46.96801111,-123.8023972,Peaton,El primer evento no fue una colision con un vehiculo automotor en transporte,Four-Way Intersection,Interseccion de 4 direcciones,Sobre calle,Ninguna,Oscuro con iluminacion,Despejado,No,NO APLICA,99,99,99,99,1,16/11/2022,1
53,Washington,530609,0,0,2,0,63,SPOKANE (63),2113,SPOKANE VALLEY,11,Noviembre,26,2022,14,27,SR-290,3,Highway estatal,Urbano,Arteria Principal,State Highway Agency,0,Sin jurisdiccion especial,85,47.69025,-117.2378167,Vehiculo en movimiento,Frente a frente,Not an Intersection,No fue interseccion,Sobre calle,Ninguna,Dia total,Nublado,No,NO APLICA,99,99,99,99,1,26/11/2022,5
53,Washington,530610,0,0,1,0,25,GRANT (25),0,NO APLICA,11,Noviembre,22,2022,10,53,CR-ROAD B NW,4,Calle del Condado,Rural,Colector Mayor,County Highway Agency,0,Sin jurisdiccion especial,14,47.35924444,-119.5333028,Volcadura,El primer evento no fue una colision con un vehiculo automotor en transporte,Not an Intersection,No fue interseccion,Sobre el lado de la calle,Ninguna,Dia total,Nublado,No,NO APLICA,99,99,99,99,1,22/11/2022,2
53,Washington,530612,0,0,1,0,33,KING (33),0,NO APLICA,11,Noviembre,19,2022,11,25,CR-KENT BLACK DIAMOND R,4,Calle del Condado,Urbano,Arteria Menor,County Highway Agency,0,Sin jurisdiccion especial,60,47.3256,-122.1128472,Volcadura,El primer evento no fue una colision con un vehiculo automotor en transporte,Not an Intersection,No fue interseccion,Sobre calle,Ninguna,Dia total,Despejado,No,NO APLICA,99,99,99,99,1,19/11/2022,1
53,Washington,530613,0,0,1,0,33,KING (33),2005,SHORELINE,11,Noviembre,18,2022,14,14,3RD AVE NW,6,Calle Local Municipalidad,Urbano,Colector Mayor,City or Municipal Highway Agency,0,Sin jurisdiccion especial,0,47.75365556,-122.3611,Banqueta,El primer evento no fue una colision con un vehiculo automotor en transporte,Not an Intersection,No fue interseccion,Sobre el lado de la calle,Ninguna,Dia total,Despejado,No,NO APLICA,99,99,99,99,1,18/11/2022,2
53,Washington,530614,0,0,2,0,31,JEFFERSON (31),0,NO APLICA,11,Noviembre,19,2022,14,2,SR-104,3,Highway estatal,Rural,Arterial Principal -Freeway o ExpressWay,State Highway Agency,0,Sin jurisdiccion especial,136,47.867725,-122.6392528,Vehiculo en movimiento,Angulo,Four-Way Intersection,Interseccion de 4 direcciones,Sobre calle,Ninguna,Dia total,Despejado,No,NO APLICA,99,99,99,99,1,19/11/2022,3
53,Washington,530615,0,0,1,0,45,MASON (45),0,NO APLICA,10,Octubre,2,2022,18,27,US-101,2,US Highway,Rural,Arterial Principal -Freeway o ExpressWay,State Highway Agency,1,Sin jurisdiccion especial,3540,47.10206111,-123.0876167,Barrera de Cable,El primer evento no fue una colision con un vehiculo automotor en transporte,Not an Intersection,No fue interseccion,En el medio,Ninguna,Dia total,Despejado,No,NO APLICA,99,99,99,99,1,02/10/2022,2
53,Washington,530617,0,0,1,0,53,PIERCE (53),0,NO APLICA,11,Noviembre,26,2022,0,19,CR-304TH ST E,4,Calle del Condado,Rural,Arteria Menor,County Highway Agency,0,Sin jurisdiccion especial,26,46.98061389,-122.4127361,Barda,El primer evento no fue una colision con un vehiculo automotor en transporte,Not an Intersection,No fue interseccion,Sobre el lado de la calle,Ninguna,Oscuro sin iluminacion,Nublado,No,NO APLICA,99,99,99,99,1,26/11/2022,2
53,Washington,530618,1,1,2,0,53,PIERCE (53),1770,PUYALLUP,11,Noviembre,27,2022,2,6,S MERIDIAN,6,Calle Local Municipalidad,Urbano,Arteria Principal,City or Municipal Highway Agency,0,Sin jurisdiccion especial,0,47.17032222,-122.2935944,Peaton,El primer evento no fue una colision con un vehiculo automotor en transporte,Not an Intersection,No fue interseccion,Sobre calle,Ninguna,Oscuro con iluminacion,Nublado,No,NO APLICA,99,99,99,99,1,27/11/2022,2
53,Washington,530619,0,0,2,0,53,PIERCE (53),0,NO APLICA,11,Noviembre,28,2022,10,44,CR-118TH AVE NW,4,Calle del Condado,Rural,Colector Mayor,County Highway Agency,0,Sin jurisdiccion especial,13,47.39281389,-122.6948083,Vehiculo en movimiento,Frente a frente,Not an Intersection,No fue interseccion,Sobre calle,Ninguna,Dia total,Nublado,No,NO APLICA,99,99,99,99,1,28/11/2022,2
53,Washington,530620,0,0,2,0,33,KING (33),109,BELLEVUE,11,Noviembre,21,2022,9,43,BELLEVUE WAY SE,6,Calle Local Municipalidad,Urbano,Arteria Principal,City or Municipal Highway Agency,0,Sin jurisdiccion especial,99999,47.60485,-122.2013694,Vehiculo en movimiento,Angulo,Not an Intersection,No fue interseccion,Sobre calle,Ninguna,Dia total,Despejado,No,NO APLICA,99,99,99,99,1,21/11/2022,4
53,Washington,530621,1,1,1,0,33,KING (33),0,NO APLICA,9,Septiembre,21,2022,19,59,I-90,1,Interestatal,Rural,Interestatal,State Highway Agency,1,Sin jurisdiccion especial,460,47.39651944,-121.4826583,Peaton,El primer evento no fue una colision con un vehiculo automotor en transporte,Not an Intersection,No fue interseccion,Sobre calle,Ninguna,Oscuro sin iluminacion,Nublado,No,NO APLICA,99,99,99,99,1,21/09/2022,2
53,Washington,530622,0,0,1,0,25,GRANT (25),0,NO APLICA,11,Noviembre,21,2022,22,13,SR-17,3,Highway estatal,Rural,Arteria Menor,State Highway Agency,0,Sin jurisdiccion especial,656,47.35085,-119.4756389,Volcadura,El primer evento no fue una colision con un vehiculo automotor en transporte,Not an Intersection,No fue interseccion,Sobre el lado de la calle,Ninguna,Oscuro sin iluminacion,Despejado,No,NO APLICA,99,99,99,99,1,21/11/2022,1
53,Washington,530623,0,0,1,0,5,BENTON (5),0,NO APLICA,11,Noviembre,22,2022,16,30,I-182,1,Interestatal,Urbano,Interestatal,State Highway Agency,1,Sin jurisdiccion especial,8,46.24582778,-119.3466194,Volcadura,El primer evento no fue una colision con un vehiculo automotor en transporte,Not an Intersection,No fue interseccion,En el medio,Ninguna,Atardecer,Nublado,No,NO APLICA,99,99,99,99,1,22/11/2022,1
53,Washington,530624,0,0,4,0,61,SNOHOMISH (61),0,NO APLICA,12,Diciembre,1,2022,11,48,SR-530,3,Highway estatal,Rural,Arteria Menor,State Highway Agency,0,Sin jurisdiccion especial,107,48.25716389,-122.0256889,Vehiculo en movimiento,Frente a Detrás,Not an Intersection,No fue interseccion,Sobre calle,Ninguna,Dia total,Despejado,No,NO APLICA,99,99,99,99,1,01/12/2022,4
53,Washington,530625,0,0,1,0,67,THURSTON (67),1102,LACEY,9,Septiembre,28,2022,14,19,HAWKS PRAIRIE RD NE,6,Calle Local Municipalidad,Urbano,Local,City or Municipal Highway Agency,0,Sin jurisdiccion especial,0,47.08381667,-122.7711722,Banqueta,El primer evento no fue una colision con un vehiculo automotor en transporte,Not an Intersection,No fue interseccion,Sobre el lado de la calle,Ninguna,Dia total,Despejado,No,NO APLICA,99,99,99,99,1,28/09/2022,1
53,Washington,530626,0,0,2,0,63,SPOKANE (63),0,NO APLICA,12,Diciembre,2,2022,15,52,US-395,2,US Highway,Rural,Arteria Principal,State Highway Agency,1,Sin jurisdiccion especial,1797,47.88651944,-117.4241472,Vehiculo en movimiento,Frente a frente,Not an Intersection,No fue interseccion,Sobre calle,Ninguna,Dia total,Nublado,No,NO APLICA,99,99,99,99,1,02/12/2022,4
53,Washington,530627,1,1,1,0,25,GRANT (25),1390,MOSES LAKE,11,Noviembre,29,2022,0,47,SR-17,3,Highway estatal,Urbano,Arterial Principal -Freeway o ExpressWay,State Highway Agency,1,Sin jurisdiccion especial,439,47.10613889,-119.2519528,Peaton,El primer evento no fue una colision con un vehiculo automotor en transporte,Not an Intersection,No fue interseccion,Sobre calle,Ninguna,Oscuro con iluminacion,Despejado,No,NO APLICA,99,99,99,99,1,29/11/2022,1
53,Washington,530628,0,1,3,1,71,WALLA WALLA (71),0,NO APLICA,12,Diciembre,2,2022,8,3,CR-WALLULA AVE,4,Calle del Condado,Urbano,Arteria Menor,County Highway Agency,0,Sin jurisdiccion especial,18,46.05661111,-118.3951722,Vehiculo en movimiento,Angulo,Four-Way Intersection,Interseccion de 4 direcciones,Sobre calle,Ninguna,Dia total,Despejado,No,NO APLICA,99,99,99,99,1,02/12/2022,2
53,Washington,530629,0,0,2,0,61,SNOHOMISH (61),1120,LAKE STEVENS,11,Noviembre,24,2022,13,18,SR-92,3,Highway estatal,Urbano,Arteria Menor,State Highway Agency,0,Sin jurisdiccion especial,2,48.02819444,-122.1063917,Vehiculo en movimiento,Frente a frente,T-Intersection,Interseccion de T,Sobre calle,Ninguna,Dia total,Despejado,No,NO APLICA,99,99,99,99,1,24/11/2022,3
53,Washington,530630,0,0,1,0,63,SPOKANE (63),0,NO APLICA,12,Diciembre,3,2022,23,0,CR-N WOOD RD,4,Calle del Condado,Rural,Colector Menor,County Highway Agency,0,Sin jurisdiccion especial,64,47.73104167,-117.7285472,Arbol,El primer evento no fue una colision con un vehiculo automotor en transporte,Not an Intersection,No fue interseccion,Sobre el lado de la calle,Ninguna,Oscuro sin iluminacion,Despejado,No,NO APLICA,99,99,99,99,1,03/12/2022,1
53,Washington,530631,1,1,1,0,33,KING (33),1030,KENT,11,Noviembre,29,2022,2,32,I-5 RAMP,1,Interestatal,Urbano,Interestatal,State Highway Agency,1,Sin jurisdiccion especial,0,47.39123889,-122.2890556,Peaton,El primer evento no fue una colision con un vehiculo automotor en transporte,T-Intersection,Interseccion de T,Sobre calle,Ninguna,Oscuro con iluminacion,Nublado,No,NO APLICA,99,99,99,99,1,29/11/2022,1
53,Washington,530633,0,0,2,0,61,SNOHOMISH (61),0,NO APLICA,6,Junio,27,2022,22,5,CR-84TH ST NE,4,Calle del Condado,Rural,Arteria Menor,County Highway Agency,0,Sin jurisdiccion especial,30,48.07226667,-122.0473028,Vehiculo en movimiento,Frente a frente,Not an Intersection,No fue interseccion,Sobre calle,Ninguna,Oscuro sin iluminacion,Despejado,No,NO APLICA,99,99,99,99,1,27/06/2022,2
53,Washington,530634,0,0,2,0,61,SNOHOMISH (61),0,NO APLICA,11,Noviembre,13,2022,20,9,CR-140TH ST NE,4,Calle del Condado,Urbano,Arteria Menor,County Highway Agency,0,Sin jurisdiccion especial,82,48.12293889,-122.1907194,Vehiculo en movimiento,Frente a Detrás,Not an Intersection,No fue interseccion,Sobre calle,Ninguna,Oscuro con iluminacion,Despejado,No,NO APLICA,99,99,99,99,1,13/11/2022,2
53,Washington,530635,0,0,3,0,33,KING (33),1030,KENT,12,Diciembre,2,2022,17,34,CENTRAL AVE S,6,Calle Local Municipalidad,Urbano,Arteria Menor,City or Municipal Highway Agency,0,Sin jurisdiccion especial,0,47.36422778,-122.2299056,Vehiculo en movimiento,Angulo,Not an Intersection,No fue interseccion,Sobre calle,Ninguna,Oscuro con iluminacion,Nublado,No,NO APLICA,99,99,99,99,1,02/12/2022,3
53,Washington,530637,0,0,2,0,25,GRANT (25),0,NO APLICA,12,Diciembre,6,2022,6,45,CR-ADAMS RD N,4,Calle del Condado,Rural,Colector Mayor,County Highway Agency,0,Sin jurisdiccion especial,139,47.09283333,-119.7691194,Vehiculo en movimiento,Angulo,Not an Intersection,No fue interseccion,Sobre calle,Ninguna,Amanecer,Neblina o Humo,No,NO APLICA,99,99,99,99,2,06/12/2022,7
53,Washington,530638,1,1,1,0,67,THURSTON (67),1590,OLYMPIA,11,Noviembre,18,2022,19,8,LILLY RD NE,6,Calle Local Municipalidad,Urbano,Arteria Menor,City or Municipal Highway Agency,0,Sin jurisdiccion especial,0,47.06569722,-122.8443222,Peaton,El primer evento no fue una colision con un vehiculo automotor en transporte,Not an Intersection,No fue interseccion,Sobre calle,Ninguna,Oscuro con iluminacion,Despejado,No,NO APLICA,99,99,99,99,1,18/11/2022,1
53,Washington,530639,0,0,1,0,5,BENTON (5),0,NO APLICA,12,Diciembre,10,2022,4,33,I-82,1,Interestatal,Rural,Interestatal,State Highway Agency,1,Sin jurisdiccion especial,1160,46.11889722,-119.2022639,Volcadura,El primer evento no fue una colision con un vehiculo automotor en transporte,Not an Intersection,No fue interseccion,En el medio,Ninguna,Oscuro sin iluminacion,Granizo,No,NO APLICA,99,99,99,99,1,10/12/2022,1
53,Washington,530640,0,0,4,0,33,KING (33),1960,SEATTLE,11,Noviembre,3,2022,0,46,I-5,1,Interestatal,Urbano,Interestatal,State Highway Agency,1,Sin jurisdiccion especial,1,47.72323056,-122.3238056,Vehiculo en movimiento,Angulo,Not an Intersection,No fue interseccion,Sobre calle,Ninguna,Oscuro con iluminacion,Despejado,No,NO APLICA,99,99,99,99,1,03/11/2022,5
53,Washington,530642,0,0,2,0,27,GRAYS HARBOR (27),0,NO APLICA,8,Agosto,18,2022,11,30,US-12,2,US Highway,Urbano,Arterial Principal -Freeway o ExpressWay,State Highway Agency,1,Sin jurisdiccion especial,130,46.98329722,-123.5592722,Vehiculo en movimiento,Angulo,Four-Way Intersection,Interseccion de 4 direcciones,Sobre calle,Ninguna,Dia total,Despejado,No,NO APLICA,99,99,99,99,1,18/08/2022,2
53,Washington,530643,1,1,1,0,1,ADAMS (1),0,NO APLICA,9,Septiembre,9,2022,20,44,CR-S TAYLOR RD,4,Calle del Condado,Rural,Colector Menor,County Highway Agency,0,Sin jurisdiccion especial,10,46.78165833,-119.1974333,Ciclista,El primer evento no fue una colision con un vehiculo automotor en transporte,Not an Intersection,No fue interseccion,Sobre calle,Ninguna,Oscuro sin iluminacion,Despejado,No,NO APLICA,99,99,99,99,1,09/09/2022,1
53,Washington,530644,0,0,1,0,33,KING (33),100,AUBURN,12,Diciembre,12,2022,10,32,LEA HILL RD SE,6,Calle Local Municipalidad,Urbano,Arteria Menor,City or Municipal Highway Agency,0,Sin jurisdiccion especial,0,47.31583889,-122.2026278,Zanja,El primer evento no fue una colision con un vehiculo automotor en transporte,Not an Intersection,No fue interseccion,Sobre el lado de la calle,Ninguna,Dia total,lluvia,No,NO APLICA,99,99,99,99,1,12/12/2022,1
53,Washington,530645,1,1,1,0,5,BENTON (5),1020,KENNEWICK,12,Diciembre,6,2022,14,46,W 4TH AVE,6,Calle Local Municipalidad,Urbano,Arteria Menor,City or Municipal Highway Agency,0,Sin jurisdiccion especial,0,46.205775,-119.1378417,Peaton,El primer evento no fue una colision con un vehiculo automotor en transporte,Four-Way Intersection,Interseccion de 4 direcciones,Sobre calle,Ninguna,Dia total,Despejado,No,NO APLICA,99,99,99,99,1,06/12/2022,1
53,Washington,530646,0,0,2,0,11,CLARK (11),0,NO APLICA,11,Noviembre,29,2022,14,10,SR-14,3,Highway estatal,Rural,Arteria Principal,State Highway Agency,0,Sin jurisdiccion especial,215,45.55964167,-122.2490694,Vehiculo en movimiento,Frente a frente,Not an Intersection,No fue interseccion,Sobre calle,Ninguna,Dia total,lluvia,No,NO APLICA,99,99,99,99,1,29/11/2022,4
53,Washington,530647,0,0,2,0,11,CLARK (11),2370,VANCOUVER,12,Diciembre,11,2022,1,56,E 18TH ST,6,Calle Local Municipalidad,Urbano,Colector Mayor,City or Municipal Highway Agency,0,Sin jurisdiccion especial,0,45.63473611,-122.6298056,Vehiculo en movimiento,Angulo,Four-Way Intersection,Interseccion de 4 direcciones,Sobre calle,Ninguna,Oscuro con iluminacion,Nublado,No,NO APLICA,99,99,99,99,1,11/12/2022,2
53,Washington,530648,0,0,2,0,7,CHELAN (7),0,NO APLICA,12,Diciembre,14,2022,9,10,US-97,2,US Highway,Rural,Arteria Principal,State Highway Agency,1,Sin jurisdiccion especial,1551,47.39666667,-120.6171028,Vehiculo en movimiento,Frente a frente,Not an Intersection,No fue interseccion,Sobre calle,Ninguna,Dia total,Nublado,No,NO APLICA,99,99,99,99,1,14/12/2022,4
53,Washington,530649,1,1,1,0,33,KING (33),229,BURIEN,12,Diciembre,12,2022,17,6,DES MOINES MEMORIAL DR S,6,Calle Local Municipalidad,Urbano,Arteria Menor,City or Municipal Highway Agency,0,Sin jurisdiccion especial,0,47.49146944,-122.31005,Peaton,El primer evento no fue una colision con un vehiculo automotor en transporte,Not an Intersection,No fue interseccion,Sobre el lado de la calle,Ninguna,Reportada como desconocida,Nublado,No,NO APLICA,99,99,99,99,1,12/12/2022,1
53,Washington,530650,0,0,2,0,57,SKAGIT (57),0,NO APLICA,12,Diciembre,16,2022,17,37,SR-9,3,Highway estatal,Rural,Colector Mayor,State Highway Agency,0,Sin jurisdiccion especial,591,48.54311389,-122.2257778,Vehiculo en movimiento,Angulo,Four-Way Intersection,Interseccion de 4 direcciones,Sobre calle,Ninguna,Oscuro sin iluminacion,Neblina o Humo,No,NO APLICA,99,99,99,99,1,16/12/2022,2
53,Washington,530651,0,0,2,0,37,KITTITAS (37),0,NO APLICA,12,Diciembre,3,2022,18,3,US-97,2,US Highway,Rural,Arteria Principal,State Highway Agency,1,Sin jurisdiccion especial,1432,47.32028611,-120.68895,Vehiculo en movimiento,Angulo,Not an Intersection,No fue interseccion,Sobre calle,Ninguna,Oscuro sin iluminacion,Despejado,No,NO APLICA,99,99,99,99,1,03/12/2022,6
53,Washington,530652,0,0,2,0,25,GRANT (25),0,NO APLICA,12,Diciembre,8,2022,14,18,SR-26,3,Highway estatal,Rural,Arterial Principal -Freeway o ExpressWay,State Highway Agency,0,Sin jurisdiccion especial,277,46.84665278,-119.4311,Vehiculo en movimiento,Frente a frente,Not an Intersection,No fue interseccion,Sobre calle,Ninguna,Dia total,Nieve,No,NO APLICA,99,99,99,99,1,08/12/2022,2
53,Washington,530653,0,0,2,0,33,KING (33),735,FEDERAL WAY,12,Diciembre,15,2022,2,1,SW 356TH ST,6,Calle Local Municipalidad,Urbano,Arteria Menor,City or Municipal Highway Agency,0,Sin jurisdiccion especial,0,47.28234167,-122.3462972,Vehiculo en movimiento,Frente a frente,Not an Intersection,No fue interseccion,Sobre calle,Ninguna,Oscuro con iluminacion,Despejado,No,NO APLICA,99,99,99,99,1,15/12/2022,2
53,Washington,530654,1,1,2,0,33,KING (33),1960,SEATTLE,11,Noviembre,6,2022,22,17,SR-99,3,Highway estatal,Urbano,Arterial Principal -Freeway o ExpressWay,State Highway Agency,0,Sin jurisdiccion especial,290,47.66171667,-122.3473972,Peaton,El primer evento no fue una colision con un vehiculo automotor en transporte,Not an Intersection,No fue interseccion,Sobre calle,Ninguna,Oscuro con iluminacion,lluvia,No,NO APLICA,99,99,99,99,1,06/11/2022,5
53,Washington,530655,1,1,1,0,33,KING (33),1960,SEATTLE,11,Noviembre,21,2022,3,18,SR-99,3,Highway estatal,Urbano,Arterial Principal -Freeway o ExpressWay,State Highway Agency,0,Sin jurisdiccion especial,271,47.63478889,-122.3434056,Peaton,El primer evento no fue una colision con un vehiculo automotor en transporte,Not an Intersection,No fue interseccion,Sobre calle,Ninguna,Oscuro con iluminacion,lluvia,No,NO APLICA,99,99,99,99,1,21/11/2022,1
53,Washington,530656,0,0,1,0,77,YAKIMA (77),2590,YAKIMA,12,Diciembre,19,2022,5,14,E LINCOLN AVE,6,Calle Local Municipalidad,Urbano,Arteria Principal,City or Municipal Highway Agency,0,Sin jurisdiccion especial,0,46.60694167,-120.5037694,Arbol,El primer evento no fue una colision con un vehiculo automotor en transporte,Not an Intersection,No fue interseccion,Sobre el lado de la calle,Ninguna,Oscuro con iluminacion,Nublado,No,NO APLICA,99,99,99,99,1,19/12/2022,3
53,Washington,530657,0,0,3,0,61,SNOHOMISH (61),690,EVERETT,12,Diciembre,9,2022,17,12,SR-99,3,Highway estatal,Urbano,Arteria Principal,State Highway Agency,0,Sin jurisdiccion especial,459,47.88939722,-122.2583389,Vehiculo en movimiento,Golpe Lateral - misma direccion,Four-Way Intersection,Interseccion de 4 direcciones,Sobre calle,Ninguna,Oscuro con iluminacion,lluvia,No,NO APLICA,99,99,99,99,1,09/12/2022,6
53,Washington,530658,2,2,1,0,21,FRANKLIN (21),1660,PASCO,11,Noviembre,22,2022,18,10,N 20TH AVE,6,Calle Local Municipalidad,Urbano,Arteria Principal,City or Municipal Highway Agency,0,Sin jurisdiccion especial,0,46.23508889,-119.1174083,Peaton,El primer evento no fue una colision con un vehiculo automotor en transporte,T-Intersection,Interseccion de T,Sobre calle,Ninguna,Oscuro con iluminacion,Nublado,No,NO APLICA,99,99,99,99,1,22/11/2022,1
53,Washington,530659,0,0,2,0,21,FRANKLIN (21),1660,PASCO,10,Octubre,31,2022,17,10,N 4TH AVE,6,Calle Local Municipalidad,Urbano,Arteria Menor,City or Municipal Highway Agency,0,Sin jurisdiccion especial,0,46.25607222,-119.0966111,Vehiculo en movimiento,Frente a frente,Not an Intersection,No fue interseccion,Sobre calle,Ninguna,Atardecer,Nublado,No,NO APLICA,99,99,99,99,1,31/10/2022,2
53,Washington,530660,0,0,1,0,53,PIERCE (53),0,NO APLICA,12,Diciembre,24,2022,6,49,CR-PIONEER WAY E,4,Calle del Condado,Urbano,Arteria Menor,County Highway Agency,0,Reservacion India,36,47.20336111,-122.3543028,Arbol,El primer evento no fue una colision con un vehiculo automotor en transporte,Not an Intersection,No fue interseccion,Sobre el lado de la calle,Ninguna,Oscuro sin iluminacion,lluvia,No,NO APLICA,99,99,99,99,1,24/12/2022,1
53,Washington,530661,0,0,1,0,27,GRAYS HARBOR (27),0,NO APLICA,12,Diciembre,26,2022,7,40,SR-105,3,Highway estatal,Rural,Arteria Menor,State Highway Agency,0,Sin jurisdiccion especial,257,46.79623056,-124.0901944,Barda,El primer evento no fue una colision con un vehiculo automotor en transporte,Not an Intersection,No fue interseccion,Sobre el lado de la calle,Ninguna,Dia total,lluvia,No,NO APLICA,99,99,99,99,1,26/12/2022,1
53,Washington,530662,0,0,1,0,61,SNOHOMISH (61),0,NO APLICA,7,Julio,18,2022,10,9,CR-MARINE DR,4,Calle del Condado,Rural,Arteria Menor,County Highway Agency,0,Reservacion India,99999,48.11738333,-122.3494722,Arbol,El primer evento no fue una colision con un vehiculo automotor en transporte,Not an Intersection,No fue interseccion,Sobre el lado de la calle,Ninguna,Dia total,Despejado,No,NO APLICA,99,99,99,99,1,18/07/2022,1
53,Washington,530663,0,0,3,0,45,MASON (45),0,NO APLICA,9,Septiembre,3,2022,12,55,CR-NE BEAR CREEK DEWATT,4,Calle del Condado,Rural,Colector Menor,County Highway Agency,0,Sin jurisdiccion especial,64,47.51444722,-122.8840944,Volcadura,El primer evento no fue una colision con un vehiculo automotor en transporte,Not an Intersection,No fue interseccion,Sobre el lado de la calle,Ninguna,Dia total,Despejado,No,NO APLICA,99,99,99,99,1,03/09/2022,3
53,Washington,530664,1,1,1,0,61,SNOHOMISH (61),690,EVERETT,12,Diciembre,25,2022,2,0,EVERGREEN WAY,6,Calle Local Municipalidad,Urbano,Arteria Principal,City or Municipal Highway Agency,0,Sin jurisdiccion especial,0,47.91955556,-122.2302778,Peaton,El primer evento no fue una colision con un vehiculo automotor en transporte,Not an Intersection,No fue interseccion,Sobre calle,Ninguna,Oscuro con iluminacion,Nublado,No,NO APLICA,99,99,99,99,1,25/12/2022,1