Estado,Nombre de Estado,Numero de Caso,Peatones,Personas _no_vehiculos,Vehiculos automotores,Vehiculos estacionados,Condado,Nombre Condado,Ciudad,Nombre Ciudad,Mes,Nombre Mes,Dia,Año,Hora,Minuto,Calle,Ruta,Nombre Ruta,Rural o Urbanoo,Sistema Funcional,Dueño Calle,Sistema Nacional Carreteras,Jurisdiccion Especial,Milla,Latitud,Longitud,Causa del Accidente,Tipo de Accidente,Tipo Interseccion,Columna1,Lugar en la calle,Zona de Trabajo,Luz,Clima,Autobus Escolar,Cruce de Trenes,Hora Notificacion,Minuto Notificacion,Hora Llegada,Minuto Llegada,Decesos,Fecha,PersonaVehiculo
53,Washington,530665,1,1,1,0,33,KING (33),1030,KENT,12,Diciembre,27,2022,16,39,W JAMES ST,6,Calle Local Municipalidad,Urbano,Arteria Principal,City or Municipal Highway Agency,0,Sin jurisdiccion especial,0,47.38670278,-122.2378917,Poste,El primer evento no fue una colision con un vehiculo automotor en transporte,Not an Intersection,No fue interseccion,Sobre el lado de la calle,Ninguna,Oscuro con iluminacion,lluvia,No,NO APLICA,99,99,99,99,1,27/12/2022,1
53,Washington,530666,0,0,4,1,73,WHATCOM (73),110,BELLINGHAM,10,Octubre,6,2022,20,59,I-5,1,Interestatal,Urbano,Interestatal,State Highway Agency,1,Sin jurisdiccion especial,2529,48.74382778,-122.4667889,Vehiculo en movimiento,Golpe Lateral - misma direccion,Not an Intersection,No fue interseccion,Sobre calle,Ninguna,Oscuro - iluminacion desconocida,Despejado,No,NO APLICA,99,99,99,99,1,06/10/2022,3
53,Washington,530667,0,0,2,0,33,KING (33),1960,SEATTLE,9,Septiembre,6,2022,3,17,I-5,1,Interestatal,Urbano,Interestatal,State Highway Agency,1,Sin jurisdiccion especial,1727,47.70830278,-122.3301389,Vehiculo en movimiento,Frente a Detrás,Not an Intersection,No fue interseccion,Sobre calle,Ninguna,Oscuro con iluminacion,Despejado,No,NO APLICA,99,99,99,99,1,06/09/2022,2
53,Washington,530668,0,0,4,3,45,MASON (45),0,NO APLICA,12,Diciembre,25,2022,18,25,CR-NE OLD BELFAIR HWY,4,Calle del Condado,Rural,Colector Mayor,County Highway Agency,0,Sin jurisdiccion especial,12,47.47077222,-122.8272472,Acotamiento,El primer evento no fue una colision con un vehiculo automotor en transporte,Not an Intersection,No fue interseccion,Sobre el lado de la calle,Ninguna,Oscuro sin iluminacion,lluvia,No,NO APLICA,99,99,99,99,1,25/12/2022,1
53,Washington,530669,0,0,1,0,77,YAKIMA (77),0,NO APLICA,12,Diciembre,28,2022,5,15,CR-N TRACK RD,4,Calle del Condado,Rural,Colector Mayor,County Highway Agency,0,Reservacion India,93,46.40289722,-120.3482278,Poste,El primer evento no fue una colision con un vehiculo automotor en transporte,Not an Intersection,No fue interseccion,Sobre el lado de la calle,Ninguna,Oscuro sin iluminacion,Despejado,No,NO APLICA,99,99,99,99,1,28/12/2022,1
53,Washington,530670,0,0,2,0,53,PIERCE (53),0,NO APLICA,12,Diciembre,24,2022,11,52,SR-7,3,Highway estatal,Rural,Arteria Menor,State Highway Agency,0,Sin jurisdiccion especial,386,46.9734,-122.357825,Vehiculo en movimiento,Angulo,Not an Intersection,No fue interseccion,Sobre calle,Ninguna,Dia total,lluvia,No,NO APLICA,99,99,99,99,1,24/12/2022,2
53,Washington,530671,0,0,1,0,77,YAKIMA (77),0,NO APLICA,9,Septiembre,15,2022,2,6,CR-FORT RD,4,Calle del Condado,Rural,Colector Mayor,County Highway Agency,0,Reservacion India,99999,46.37536944,-120.5188667,Volcadura,El primer evento no fue una colision con un vehiculo automotor en transporte,Not an Intersection,No fue interseccion,Sobre el lado de la calle,Ninguna,Oscuro sin iluminacion,Despejado,No,NO APLICA,99,99,99,99,1,15/09/2022,4
53,Washington,530672,0,0,2,0,63,SPOKANE (63),0,NO APLICA,9,Septiembre,14,2022,14,47,CR-N ELK CHATTAROY RD,4,Calle del Condado,Rural,Colector Mayor,County Highway Agency,0,Sin jurisdiccion especial,125,47.99546944,-117.2523944,Vehiculo en movimiento,Angulo,Y-Intersection,Interseccion de Y,Sobre calle,Ninguna,Dia total,Despejado,No,NO APLICA,99,99,99,99,1,14/09/2022,3
53,Washington,530673,0,0,2,0,63,SPOKANE (63),0,NO APLICA,12,Diciembre,22,2022,13,18,US-395,2,US Highway,Urbano,Arteria Principal,State Highway Agency,1,Sin jurisdiccion especial,1708,47.76100556,-117.4074333,Vehiculo en movimiento,Angulo,Not an Intersection,No fue interseccion,Sobre calle,Ninguna,Dia total,Despejado,No,NO APLICA,99,99,99,99,1,22/12/2022,4
53,Washington,530674,0,0,3,1,33,KING (33),1958,SEATAC,12,Diciembre,31,2022,12,28,DES MOINES MEMORIAL DR S,6,Calle Local Municipalidad,Urbano,Arteria Menor,City or Municipal Highway Agency,0,Sin jurisdiccion especial,0,47.477725,-122.3147583,Vehiculo en movimiento,Angulo,T-Intersection,Interseccion de T,Sobre calle,Ninguna,Dia total,Nublado,No,NO APLICA,99,99,99,99,1,31/12/2022,2
53,Washington,530675,1,1,1,0,61,SNOHOMISH (61),690,EVERETT,12,Diciembre,30,2022,19,29,EVERGREEN WAY,6,Calle Local Municipalidad,Urbano,Arteria Principal,City or Municipal Highway Agency,0,Sin jurisdiccion especial,0,47.93375,-122.2196806,Peaton,El primer evento no fue una colision con un vehiculo automotor en transporte,Not an Intersection,No fue interseccion,Sobre calle,Ninguna,Oscuro con iluminacion,Nublado,No,NO APLICA,99,99,99,99,1,30/12/2022,1
53,Washington,530676,1,1,1,0,33,KING (33),1960,SEATTLE,9,Septiembre,28,2022,15,45,1ST AVE S,6,Calle Local Municipalidad,Urbano,Arteria Principal,City or Municipal Highway Agency,0,Sin jurisdiccion especial,0,47.58766944,-122.3342222,Peaton,El primer evento no fue una colision con un vehiculo automotor en transporte,Not an Intersection,No fue interseccion,Sobre calle,Ninguna,Dia total,Nublado,No,NO APLICA,99,99,99,99,1,28/09/2022,2
53,Washington,530677,1,1,1,0,33,KING (33),1960,SEATTLE,10,Octubre,21,2022,19,16,RAINIER AVE S,6,Calle Local Municipalidad,Urbano,Arteria Principal,City or Municipal Highway Agency,0,Sin jurisdiccion especial,0,47.57256389,-122.2937556,Peaton,El primer evento no fue una colision con un vehiculo automotor en transporte,Not an Intersection,No fue interseccion,Sobre calle,Ninguna,Oscuro sin iluminacion,lluvia,No,NO APLICA,99,99,99,99,1,21/10/2022,1
53,Washington,530678,0,0,2,0,53,PIERCE (53),0,NO APLICA,12,Diciembre,10,2022,8,2,SR-7,3,Highway estatal,Urbano,Arteria Principal,State Highway Agency,0,Sin jurisdiccion especial,476,47.08628889,-122.4350667,Vehiculo en movimiento,Angulo,T-Intersection,Interseccion de T,Sobre calle,Ninguna,Dia total,Nublado,No,NO APLICA,99,99,99,99,1,10/12/2022,3
53,Washington,530679,0,0,1,0,73,WHATCOM (73),110,BELLINGHAM,12,Diciembre,31,2022,18,7,I-5,1,Interestatal,Urbano,Interestatal,State Highway Agency,1,Sin jurisdiccion especial,2501,48.70576944,-122.4764167,Poste de Señal de trafico,El primer evento no fue una colision con un vehiculo automotor en transporte,Not an Intersection,No fue interseccion,En el medio,Ninguna,Oscuro sin iluminacion,Despejado,No,NO APLICA,99,99,99,99,1,31/12/2022,1
53,Washington,530681,0,0,2,0,33,KING (33),1830,RENTON,12,Diciembre,12,2022,2,59,I-405,1,Interestatal,Urbano,Interestatal,State Highway Agency,1,Sin jurisdiccion especial,66,47.52021111,-122.1982278,Vehiculo en movimiento,Frente a Detrás,Not an Intersection,No fue interseccion,Sobre calle,Ninguna,Oscuro sin iluminacion,Despejado,No,NO APLICA,99,99,99,99,1,12/12/2022,4
53,Washington,530682,1,1,1,0,53,PIERCE (53),2230,TACOMA,10,Octubre,16,2022,22,16,96TH ST S,6,Calle Local Municipalidad,Urbano,Arteria Menor,City or Municipal Highway Agency,0,Sin jurisdiccion especial,0,47.17020556,-122.4671778,Peaton,El primer evento no fue una colision con un vehiculo automotor en transporte,Not an Intersection,No fue interseccion,Sobre calle,Ninguna,Oscuro con iluminacion,Despejado,No,NO APLICA,99,99,99,99,1,16/10/2022,1
53,Washington,530683,1,1,1,0,45,MASON (45),0,NO APLICA,10,Octubre,2,2022,20,0,SR-3,3,Highway estatal,Rural,Arteria Principal,State Highway Agency,0,Sin jurisdiccion especial,86,47.264725,-123.0112139,Peaton,El primer evento no fue una colision con un vehiculo automotor en transporte,Not an Intersection,No fue interseccion,Sobre calle,Ninguna,Oscuro sin iluminacion,Despejado,No,NO APLICA,99,99,99,99,1,02/10/2022,2
53,Washington,530684,0,0,2,1,33,KING (33),229,BURIEN,12,Diciembre,14,2022,9,8,AMBAUM BLVD SW,6,Calle Local Municipalidad,Urbano,Arteria Principal,City or Municipal Highway Agency,0,Sin jurisdiccion especial,0,47.48775833,-122.3499972,Vehiculo Funcionando,El primer evento no fue una colision con un vehiculo automotor en transporte,Not an Intersection,No fue interseccion,Fuera de la calle,Construccion,Dia total,Despejado,No,NO APLICA,99,99,99,99,1,14/12/2022,2
53,Washington,530685,0,0,1,0,33,KING (33),735,FEDERAL WAY,11,Noviembre,25,2022,1,16,I-5 RAMP,1,Interestatal,Urbano,Interestatal,State Highway Agency,1,Sin jurisdiccion especial,4,47.29004167,-122.3089528,Volcadura,El primer evento no fue una colision con un vehiculo automotor en transporte,Not an Intersection,No fue interseccion,Sobre calle,Ninguna,Oscuro con iluminacion,Despejado,No,NO APLICA,99,99,99,99,1,25/11/2022,3
53,Washington,530688,0,0,2,0,37,KITTITAS (37),0,NO APLICA,10,Octubre,30,2022,2,42,I-90,1,Interestatal,Rural,Interestatal,State Highway Agency,1,Sin jurisdiccion especial,540,47.405125,-121.4042417,Barrera de Trafico de Concreto,El primer evento no fue una colision con un vehiculo automotor en transporte,Not an Intersection,No fue interseccion,En el medio,Ninguna,Oscuro con iluminacion,lluvia,No,NO APLICA,99,99,99,99,1,30/10/2022,2
53,Washington,530689,0,0,2,0,11,CLARK (11),2370,VANCOUVER,9,Septiembre,22,2022,20,21,NE FOURTH PLAIN BLVD,6,Calle Local Municipalidad,Urbano,Arteria Principal,City or Municipal Highway Agency,0,Sin jurisdiccion especial,0,45.67188333,-122.534525,Vehiculo en movimiento,Angulo,T-Intersection,Interseccion de T,Sobre calle,Ninguna,Oscuro con iluminacion,Despejado,No,NO APLICA,99,99,99,99,1,22/09/2022,2
53,Washington,530690,0,0,1,0,61,SNOHOMISH (61),1120,LAKE STEVENS,11,Noviembre,20,2022,13,59,20TH ST SE,6,Calle Local Municipalidad,Urbano,Arteria Menor,City or Municipal Highway Agency,0,Sin jurisdiccion especial,0,47.97790278,-122.0671694,Arbol,El primer evento no fue una colision con un vehiculo automotor en transporte,Not an Intersection,No fue interseccion,Sobre el lado de la calle,Ninguna,Dia total,Despejado,No,NO APLICA,99,99,99,99,1,20/11/2022,1
53,Washington,530691,1,1,1,0,33,KING (33),1960,SEATTLE,11,Noviembre,19,2022,9,56,ERSKINE WAY SW,6,Calle Local Municipalidad,Urbano,Colector Mayor,City or Municipal Highway Agency,0,Sin jurisdiccion especial,0,47.55915556,-122.3871,Peaton,El primer evento no fue una colision con un vehiculo automotor en transporte,Not an Intersection,No fue interseccion,Sobre calle,Ninguna,Dia total,Despejado,No,NO APLICA,99,99,99,99,1,19/11/2022,1
53,Washington,530694,0,0,1,0,33,KING (33),1960,SEATTLE,12,Diciembre,8,2022,0,47,SR-99,3,Highway estatal,Urbano,Arterial Principal -Freeway o ExpressWay,State Highway Agency,0,Sin jurisdiccion especial,0,47.59630278,-122.3357917,Barrera de Trafico de Concreto,El primer evento no fue una colision con un vehiculo automotor en transporte,Four-Way Intersection,Interseccion de 4 direcciones,En el medio,Ninguna,Oscuro con iluminacion,lluvia,No,NO APLICA,99,99,99,99,1,08/12/2022,1
53,Washington,530695,1,1,2,0,33,KING (33),1960,SEATTLE,12,Diciembre,16,2022,0,21,4TH AVE S,6,Calle Local Municipalidad,Urbano,Arteria Principal,City or Municipal Highway Agency,0,Sin jurisdiccion especial,0,47.56121389,-122.3293694,Peaton,El primer evento no fue una colision con un vehiculo automotor en transporte,Not an Intersection,No fue interseccion,Sobre calle,Ninguna,Oscuro con iluminacion,Despejado,No,NO APLICA,99,99,99,99,1,16/12/2022,4
53,Washington,530696,0,0,2,0,45,MASON (45),0,NO APLICA,12,Diciembre,5,2022,13,10,SR-300,3,Highway estatal,Rural,Colector Mayor,State Highway Agency,0,Sin jurisdiccion especial,24,47.44749444,-122.8415972,Vehiculo en movimiento,Frente a frente,Not an Intersection,No fue interseccion,Sobre calle,Ninguna,Dia total,Nublado,No,NO APLICA,99,99,99,99,1,05/12/2022,2
53,Washington,530697,1,1,1,0,5,BENTON (5),1020,KENNEWICK,2,Febrero,6,2022,21,36,W CLEARWATER AVE,6,Calle Local Municipalidad,Urbano,Arteria Principal,City or Municipal Highway Agency,0,Sin jurisdiccion especial,0,46.21243333,-119.1883083,Peaton,El primer evento no fue una colision con un vehiculo automotor en transporte,Not an Intersection,No fue interseccion,Sobre calle,Ninguna,Oscuro con iluminacion,Despejado,No,NO APLICA,99,99,99,99,1,06/02/2022,4
53,Washington,530698,1,1,1,0,61,SNOHOMISH (61),0,NO APLICA,8,Agosto,25,2022,8,15,CR-NEWBERG RD,4,Calle del Condado,Rural,Colector Menor,County Highway Agency,0,Sin jurisdiccion especial,99999,48.01917222,-122.0052806,Peaton,El primer evento no fue una colision con un vehiculo automotor en transporte,Not an Intersection,No fue interseccion,Sobre calle,Ninguna,Dia total,Despejado,No,NO APLICA,99,99,99,99,1,25/08/2022,0
53,Washington,530700,0,0,2,0,67,THURSTON (67),1102,LACEY,7,Julio,27,2022,19,7,RUDDELL RD SE,6,Calle Local Municipalidad,Urbano,Arteria Menor,City or Municipal Highway Agency,0,Sin jurisdiccion especial,0,47.02023889,-122.8110556,Vehiculo en movimiento,Angulo,T-Intersection,Interseccion de T,Sobre calle,Ninguna,Dia total,Despejado,No,NO APLICA,99,99,99,99,1,27/07/2022,3
53,Washington,530701,1,1,3,0,33,KING (33),0,NO APLICA,12,Diciembre,28,2022,20,37,I-90,1,Interestatal,Rural,Interestatal,State Highway Agency,1,Sin jurisdiccion especial,336,47.46176667,-121.706025,Peaton,El primer evento no fue una colision con un vehiculo automotor en transporte,Not an Intersection,No fue interseccion,Sobre calle,Ninguna,Oscuro con iluminacion,lluvia,No,NO APLICA,99,99,99,99,1,28/12/2022,3
53,Washington,530702,0,0,1,0,61,SNOHOMISH (61),690,EVERETT,12,Diciembre,11,2022,16,52,SR-527,3,Highway estatal,Urbano,Arteria Principal,State Highway Agency,0,Sin jurisdiccion especial,77,47.89626667,-122.2065972,Barda,El primer evento no fue una colision con un vehiculo automotor en transporte,T-Intersection,Interseccion de T,Sobre el lado de la calle,Ninguna,Oscuro con iluminacion,lluvia,No,NO APLICA,99,99,99,99,1,11/12/2022,1
53,Washington,530704,1,1,1,0,61,SNOHOMISH (61),690,EVERETT,12,Diciembre,4,2022,6,23,BROADWAY,6,Calle Local Municipalidad,Urbano,Arteria Principal,City or Municipal Highway Agency,0,Sin jurisdiccion especial,0,47.99383611,-122.2012722,Peaton,El primer evento no fue una colision con un vehiculo automotor en transporte,Four-Way Intersection,Interseccion de 4 direcciones,Sobre calle,Ninguna,Oscuro con iluminacion,Despejado,No,NO APLICA,99,99,99,99,1,04/12/2022,1
53,Washington,530705,0,0,3,0,53,PIERCE (53),0,NO APLICA,11,Noviembre,8,2022,2,45,CR-176TH ST E,4,Calle del Condado,Urbano,Arteria Principal,County Highway Agency,0,Sin jurisdiccion especial,36,47.09645833,-122.3566139,Vehiculo en movimiento,Angulo,Four-Way Intersection,Interseccion de 4 direcciones,Sobre calle,Ninguna,Oscuro con iluminacion,Despejado,No,NO APLICA,99,99,99,99,1,08/11/2022,3
53,Washington,530706,1,1,1,0,53,PIERCE (53),2230,TACOMA,11,Noviembre,15,2022,3,0,CR-108TH ST S,4,Calle del Condado,Urbano,Colector Mayor,County Highway Agency,0,Sin jurisdiccion especial,99999,47.15925833,-122.4468917,Peaton,El primer evento no fue una colision con un vehiculo automotor en transporte,T-Intersection,Interseccion de T,Sobre calle,Ninguna,Oscuro sin iluminacion,Nublado,No,NO APLICA,99,99,99,99,1,15/11/2022,1
53,Washington,530707,1,1,1,0,33,KING (33),1960,SEATTLE,10,Octubre,2,2022,20,58,SR-99,3,Highway estatal,Urbano,Arteria Principal,State Highway Agency,0,Sin jurisdiccion especial,338,47.73028611,-122.3450472,No vehiculo o remolque,El primer evento no fue una colision con un vehiculo automotor en transporte,Not an Intersection,No fue interseccion,Sobre calle,Ninguna,Oscuro con iluminacion,Despejado,No,NO APLICA,99,99,99,99,1,02/10/2022,1
53,Washington,530708,1,1,1,0,33,KING (33),1960,SEATTLE,10,Octubre,10,2022,4,29,SR-99,3,Highway estatal,Urbano,Arteria Principal,State Highway Agency,0,Sin jurisdiccion especial,318,47.70143611,-122.3447194,No vehiculo o remolque,El primer evento no fue una colision con un vehiculo automotor en transporte,Not an Intersection,No fue interseccion,Sobre calle,Ninguna,Oscuro con iluminacion,Despejado,No,NO APLICA,99,99,99,99,1,10/10/2022,1
53,Washington,530709,0,0,2,0,57,SKAGIT (57),0,NO APLICA,1,Enero,17,2022,14,30,SR-536,3,Highway estatal,Urbano,Arteria Menor,State Highway Agency,0,Sin jurisdiccion especial,27,48.43643889,-122.3787389,Vehiculo en movimiento,Angulo,Four-Way Intersection,Interseccion de 4 direcciones,Sobre calle,Ninguna,Dia total,lluvia,No,NO APLICA,99,99,99,99,1,17/01/2022,2
53,Washington,530710,1,1,1,0,33,KING (33),170,BOTHELL,7,Julio,10,2022,12,21,NE 183RD ST,6,Calle Local Municipalidad,Urbano,Local,City or Municipal Highway Agency,0,Sin jurisdiccion especial,0,47.76085556,-122.2082361,Peaton,El primer evento no fue una colision con un vehiculo automotor en transporte,Not an Intersection,No fue interseccion,Sobre calle,Ninguna,Dia total,Despejado,No,NO APLICA,99,99,99,99,1,10/07/2022,1
53,Washington,530711,0,0,2,1,53,PIERCE (53),0,NO APLICA,8,Agosto,28,2022,9,55,CR-PORTLAND AVE E,4,Calle del Condado,Urbano,Arteria Menor,County Highway Agency,0,Sin jurisdiccion especial,13,47.17292778,-122.405525,Vehiculo Aparcado,El primer evento no fue una colision con un vehiculo automotor en transporte,Not an Intersection,No fue interseccion,Sobre Acotamiento,Ninguna,Dia total,Despejado,No,NO APLICA,99,99,99,99,1,28/08/2022,1
53,Washington,530712,0,0,2,0,33,KING (33),100,AUBURN,10,Octubre,12,2022,11,20,LEA HILL RD SE,6,Calle Local Municipalidad,Urbano,Arteria Menor,City or Municipal Highway Agency,0,Sin jurisdiccion especial,0,47.31548056,-122.2042139,Vehiculo en movimiento,Frente a Detrás,Four-Way Intersection,Interseccion de 4 direcciones,Sobre calle,Ninguna,Dia total,Despejado,No,NO APLICA,99,99,99,99,1,12/10/2022,4
53,Washington,530713,0,0,1,0,1,ADAMS (1),0,NO APLICA,10,Octubre,12,2022,16,21,CR-W MCMANAMON RD,4,Calle del Condado,Rural,Colector Mayor,County Highway Agency,0,Sin jurisdiccion especial,118,46.84884167,-119.174775,Volcadura,El primer evento no fue una colision con un vehiculo automotor en transporte,Not an Intersection,No fue interseccion,Sobre el lado de la calle,Ninguna,Dia total,Despejado,No,Unknown,99,99,99,99,1,12/10/2022,1
53,Washington,530715,1,1,1,0,67,THURSTON (67),0,NO APLICA,11,Noviembre,5,2022,3,34,CR-MARTIN WAY E,4,Calle del Condado,Urbano,Arteria Principal,County Highway Agency,0,Sin jurisdiccion especial,62,47.06147778,-122.7409444,Peaton,El primer evento no fue una colision con un vehiculo automotor en transporte,Four-Way Intersection,Interseccion de 4 direcciones,Sobre calle,Ninguna,Oscuro con iluminacion,Vientos cruzados pero de los mamalones,No,NO APLICA,99,99,99,99,1,05/11/2022,1
53,Washington,530716,0,0,1,0,45,MASON (45),0,NO APLICA,11,Noviembre,16,2022,20,0,CR-E AGATE RD,4,Calle del Condado,Rural,Colector Mayor,County Highway Agency,0,Sin jurisdiccion especial,99999,47.21366944,-123.0125278,Poste de Señal de trafico,El primer evento no fue una colision con un vehiculo automotor en transporte,Four-Way Intersection,Interseccion de 4 direcciones,Sobre el lado de la calle,Ninguna,Oscuro con iluminacion,Despejado,No,NO APLICA,99,99,99,99,1,16/11/2022,1
53,Washington,530717,0,0,1,0,53,PIERCE (53),0,NO APLICA,11,Noviembre,28,2022,19,0,CR-AINSWORTH AVE S,4,Calle del Condado,Urbano,Arteria Menor,County Highway Agency,0,Sin jurisdiccion especial,99999,47.1437,-122.458375,Barda,El primer evento no fue una colision con un vehiculo automotor en transporte,T-Intersection,Interseccion de T,Sobre el lado de la calle,Ninguna,Oscuro con iluminacion,Despejado,No,NO APLICA,99,99,99,99,1,28/11/2022,1
53,Washington,530718,0,0,2,0,33,KING (33),0,NO APLICA,12,Diciembre,18,2022,10,57,CR-NE NOVELTY HILL RD,4,Calle del Condado,Urbano,Arteria Menor,County Highway Agency,0,Sin jurisdiccion especial,35,47.70060833,-122.0241083,Vehiculo en movimiento,Angulo,Four-Way Intersection,Interseccion de 4 direcciones,Sobre calle,Ninguna,Dia total,Nublado,No,NO APLICA,99,99,99,99,1,18/12/2022,2
53,Washington,530719,0,0,1,0,11,CLARK (11),0,NO APLICA,8,Agosto,22,2022,9,27,CR-NE 72ND AVE,4,Calle del Condado,Rural,Colector Mayor,County Highway Agency,0,Sin jurisdiccion especial,99999,45.80896389,-122.5994194,Volcadura,El primer evento no fue una colision con un vehiculo automotor en transporte,Not an Intersection,No fue interseccion,Sobre el lado de la calle,Ninguna,Dia total,Despejado,No,NO APLICA,99,99,99,99,1,22/08/2022,1
53,Washington,530720,1,1,2,0,63,SPOKANE (63),2110,SPOKANE,7,Julio,5,2022,2,23,W EVERETT AVE,6,Calle Local Municipalidad,Urbano,Arteria Principal,City or Municipal Highway Agency,0,Sin jurisdiccion especial,0,47.70629444,-117.436425,Peaton,El primer evento no fue una colision con un vehiculo automotor en transporte,Four-Way Intersection,Interseccion de 4 direcciones,Sobre calle,Ninguna,Oscuro - iluminacion desconocida,Despejado,No,NO APLICA,99,99,99,99,1,05/07/2022,3
53,Washington,530721,0,0,1,0,19,FERRY (19),0,NO APLICA,6,Junio,9,2022,8,55,SR-21,3,Highway estatal,Rural,Colector Mayor,State Highway Agency,0,Reservacion India,1139,48.04183611,-118.6704028,Volcadura,El primer evento no fue una colision con un vehiculo automotor en transporte,Not an Intersection,No fue interseccion,Sobre el lado de la calle,Ninguna,Dia total,Despejado,No,NO APLICA,99,99,99,99,1,09/06/2022,4
53,Washington,530722,0,0,3,0,53,PIERCE (53),2230,TACOMA,10,Octubre,7,2022,18,39,108TH ST SW,6,Calle Local Municipalidad,Urbano,Arteria Menor,City or Municipal Highway Agency,0,Sin jurisdiccion especial,0,47.15949444,-122.5008028,Vehiculo en movimiento,Frente a Detrás,Four-Way Intersection,Interseccion de 4 direcciones,Sobre calle,Ninguna,Dia total,Despejado,No,NO APLICA,99,99,99,99,1,07/10/2022,7
53,Washington,530723,0,0,1,0,47,OKANOGAN (47),0,NO APLICA,7,Julio,23,2022,20,20,CR-COLUMBIA RIVER RD,4,Calle del Condado,Rural,Colector Menor,County Highway Agency,0,Sin jurisdiccion especial,99999,48.38185556,-119.4933056,Suelo,El primer evento no fue una colision con un vehiculo automotor en transporte,Not an Intersection,No fue interseccion,Sobre el lado de la calle,Ninguna,Dia total,Despejado,No,NO APLICA,99,99,99,99,1,23/07/2022,1
53,Washington,530724,0,0,1,0,19,FERRY (19),0,NO APLICA,10,Octubre,15,2022,8,57,CR-BRIDGE CREEK,4,Calle del Condado,Unknown,Desconocido,Unknown,0,Sin jurisdiccion especial,14,99.9999,999.9999,Volcadura,El primer evento no fue una colision con un vehiculo automotor en transporte,Not an Intersection,No fue interseccion,Sobre el lado de la calle,Ninguna,Dia total,Despejado,No,NO APLICA,99,99,99,99,1,15/10/2022,2
53,Washington,530725,0,0,1,0,33,KING (33),1960,SEATTLE,6,Junio,30,2022,16,43,WILSON AVE S,6,Calle Local Municipalidad,Urbano,Arteria Menor,City or Municipal Highway Agency,0,Sin jurisdiccion especial,0,47.54800833,-122.2633528,Poste,El primer evento no fue una colision con un vehiculo automotor en transporte,Not an Intersection,No fue interseccion,Sobre el lado de la calle,Ninguna,Dia total,Despejado,No,NO APLICA,99,99,99,99,1,30/06/2022,1
53,Washington,530726,0,0,1,0,77,YAKIMA (77),0,NO APLICA,3,Marzo,12,2022,23,52,CR-N WENAS RD,4,Calle del Condado,Urbano,Arteria Menor,County Highway Agency,0,Sin jurisdiccion especial,99999,46.68634444,-120.517425,Alguien se cayo/avento del vehiculo,El primer evento no fue una colision con un vehiculo automotor en transporte,Not an Intersection,No fue interseccion,Sobre calle,Ninguna,Oscuro - iluminacion desconocida,No reportado,No,NO APLICA,99,99,99,99,1,12/03/2022,3
53,Washington,530727,1,1,8,7,33,KING (33),1960,SEATTLE,11,Noviembre,19,2022,13,1,4TH AVE,6,Calle Local Municipalidad,Urbano,Local,City or Municipal Highway Agency,0,Sin jurisdiccion especial,0,47.62561111,-122.3489694,Vehiculo Aparcado,El primer evento no fue una colision con un vehiculo automotor en transporte,Not an Intersection,No fue interseccion,En estacionamiento,Ninguna,Dia total,Despejado,No,NO APLICA,99,99,99,99,1,19/11/2022,1
53,Washington,530728,0,0,2,0,5,BENTON (5),1020,KENNEWICK,4,Abril,3,2022,23,30,N STEPTOE ST,6,Calle Local Municipalidad,Urbano,Arteria Principal,City or Municipal Highway Agency,0,Sin jurisdiccion especial,0,46.2273,-119.2439111,Vehiculo en movimiento,Angulo,Four-Way Intersection,Interseccion de 4 direcciones,Sobre calle,Ninguna,Oscuro con iluminacion,Nublado,No,NO APLICA,99,99,99,99,2,03/04/2022,3
53,Washington,530729,0,0,1,0,77,YAKIMA (77),0,NO APLICA,8,Agosto,27,2022,1,26,I-82,1,Interestatal,Rural,Interestatal,State Highway Agency,1,Sin jurisdiccion especial,720,46.28162778,-119.9388028,Alguien se cayo/avento del vehiculo,El primer evento no fue una colision con un vehiculo automotor en transporte,Not an Intersection,No fue interseccion,Sobre calle,Ninguna,Reportada como desconocida,Reportado como desconocido,No,NO APLICA,99,99,99,99,1,27/08/2022,2
53,Washington,530730,0,0,1,0,11,CLARK (11),0,NO APLICA,8,Agosto,31,2022,8,20,CR-NE WH GARNER RD,4,Calle del Condado,Rural,Colector Menor,County Highway Agency,0,Sin jurisdiccion especial,99999,45.87379444,-122.4420944,Arbol,El primer evento no fue una colision con un vehiculo automotor en transporte,Not an Intersection,No fue interseccion,Sobre el lado de la calle,Ninguna,Dia total,Despejado,No,NO APLICA,99,99,99,99,1,31/08/2022,1
54,West Virginia,540001,0,0,2,0,37,JEFFERSON (37),2315,RIPPON,1,Enero,2,2022,12,58,US-340,2,US Highway,Rural,Arteria Principal,State Highway Agency,1,Sin jurisdiccion especial,1,39.19270833,-77.91817778,Vehiculo en movimiento,Angulo,Not an Intersection,No fue interseccion,Sobre calle,Ninguna,Dia total,Nublado,No,NO APLICA,13,42,13,59,2,02/01/2022,4