Estado,Nombre de Estado,Numero de Caso,Peatones,Personas _no_vehiculos,Vehiculos automotores,Vehiculos estacionados,Condado,Nombre Condado,Ciudad,Nombre Ciudad,Mes,Nombre Mes,Dia,Año,Hora,Minuto,Calle,Ruta,Nombre Ruta,Rural o Urbanoo,Sistema Funcional,Dueño Calle,Sistema Nacional Carreteras,Jurisdiccion Especial,Milla,Latitud,Longitud,Causa del Accidente,Tipo de Accidente,Tipo Interseccion,Columna1,Lugar en la calle,Zona de Trabajo,Luz,Clima,Autobus Escolar,Cruce de Trenes,Hora Notificacion,Minuto Notificacion,Hora Llegada,Minuto Llegada,Decesos,Fecha,PersonaVehiculo
54,West Virginia,540002,0,0,2,0,41,LEWIS (41),2790,WESTON,1,Enero,3,2022,14,20,CR-15,4,Calle del Condado,Rural,Colector Mayor,State Highway Agency,0,Sin jurisdiccion especial,46,38.97911667,-80.39015833,Vehiculo en movimiento,Frente a frente,Not an Intersection,No fue interseccion,Sobre calle,Ninguna,Dia total,Despejado,No,NO APLICA,99,99,99,99,1,03/01/2022,6
54,West Virginia,540003,0,0,2,0,79,PUTNAM (79),1940,NITRO,1,Enero,5,2022,17,12,2ND AVE,6,Calle Local Municipalidad,Urbano,Local,State Highway Agency,0,Sin jurisdiccion especial,0,38.42731111,-81.83817222,Vehiculo en movimiento,Frente a Detrás,Four-Way Intersection,Interseccion de 4 direcciones,Sobre calle,Ninguna,Dia total,Despejado,No,NO APLICA,99,99,99,99,1,05/01/2022,3
54,West Virginia,540004,0,0,2,0,55,MERCER (55),260,BLUEFIELD,1,Enero,7,2022,10,15,I-77,1,Interestatal,Rural,Interestatal,State Highway Agency,1,Sin jurisdiccion especial,10,37.2847,-81.125625,Vehiculo en movimiento,Angulo,Not an Intersection,No fue interseccion,Sobre calle,Ninguna,Dia total,Nieve,No,NO APLICA,99,99,99,99,1,07/01/2022,5
54,West Virginia,540005,0,0,2,0,15,CLAY (15),0,NO APLICA,1,Enero,10,2022,5,30,I-79,1,Interestatal,Rural,Interestatal,State Highway Agency,1,Sin jurisdiccion especial,390,38.59731111,-81.05800833,Vehiculo en movimiento,Frente a frente,Not an Intersection,No fue interseccion,Sobre calle,Ninguna,Oscuro sin iluminacion,Despejado,No,NO APLICA,99,99,99,99,1,10/01/2022,2
54,West Virginia,540006,0,1,2,1,3,BERKELEY (3),1660,MARTINSBURG,1,Enero,13,2022,0,40,I-81,1,Interestatal,Urbano,Interestatal,State Highway Agency,1,Sin jurisdiccion especial,164,39.48873333,-77.97323611,Vehiculo Aparcado,El primer evento no fue una colision con un vehiculo automotor en transporte,Not an Intersection,No fue interseccion,Sobre el lado de la calle,Ninguna,Oscuro sin iluminacion,Despejado,No,NO APLICA,99,99,99,99,1,13/01/2022,1
54,West Virginia,540007,0,0,1,0,39,KANAWHA (39),1605,MALDEN,1,Enero,16,2022,0,40,CR-7/3 CAMPBELLS CREEK DR,4,Calle del Condado,Rural,Local,State Highway Agency,0,Sin jurisdiccion especial,7,38.31006944,-81.55453611,Poste,El primer evento no fue una colision con un vehiculo automotor en transporte,Not an Intersection,No fue interseccion,Sobre el lado de la calle,Ninguna,Oscuro con iluminacion,Despejado,No,NO APLICA,99,99,99,99,1,16/01/2022,1
54,West Virginia,540008,0,0,1,0,17,DODDRIDGE (17),0,NO APLICA,1,Enero,17,2022,13,15,CRIMSON CHURCH RD,8,Otro,Trafficway Not in State Inventory,Via no en inventario estatal,Trafficway Not in State Inventory,0,Sin jurisdiccion especial,0,39.27119722,-80.65371389,Volcadura,El primer evento no fue una colision con un vehiculo automotor en transporte,Not an Intersection,No fue interseccion,Sobre el lado de la calle,Ninguna,Dia total,Nieve,No,NO APLICA,99,99,99,99,1,17/01/2022,1
54,West Virginia,540009,0,0,2,0,45,LOGAN (45),1500,LOGAN,1,Enero,28,2022,12,46,SR-10,3,Highway estatal,Urbano,Arteria Menor,State Highway Agency,0,Sin jurisdiccion especial,257,37.89363056,-81.99331111,Vehiculo en movimiento,Angulo,T-Intersection,Interseccion de T,Sobre calle,Ninguna,Dia total,Granizo,No,NO APLICA,99,99,99,99,1,28/01/2022,3
54,West Virginia,540010,0,0,3,0,31,HARDY (31),1709,MATHIAS,2,Febrero,1,2022,21,38,SR-259,3,Highway estatal,Rural,Colector Mayor,State Highway Agency,0,Sin jurisdiccion especial,68,38.87645,-78.86659167,Vehiculo en movimiento,Golpe Lateral - direccion contraria,Not an Intersection,No fue interseccion,Sobre calle,Ninguna,Oscuro sin iluminacion,Despejado,No,NO APLICA,99,99,99,99,1,01/02/2022,4
54,West Virginia,540011,0,0,2,0,77,PRESTON (77),767,EGLON,2,Febrero,2,2022,5,45,SR-24,3,Highway estatal,Rural,Colector Mayor,State Highway Agency,0,Sin jurisdiccion especial,38,39.28276944,-79.51787222,Vehiculo en movimiento,Frente a frente,Not an Intersection,No fue interseccion,Sobre calle,Ninguna,Oscuro sin iluminacion,Despejado,No,NO APLICA,99,99,99,99,1,02/02/2022,3
54,West Virginia,540012,0,0,1,0,55,MERCER (55),0,NO APLICA,2,Febrero,3,2022,16,20,I-77,1,Interestatal,Rural,Interestatal,State Highway Agency,1,Sin jurisdiccion especial,185,37.48257778,-81.07595,Arbol,El primer evento no fue una colision con un vehiculo automotor en transporte,Not an Intersection,No fue interseccion,Sobre el lado de la calle,Ninguna,Oscuro sin iluminacion,Despejado,No,NO APLICA,3,8,3,40,1,03/02/2022,1
54,West Virginia,540013,1,1,1,0,3,BERKELEY (3),0,NO APLICA,2,Febrero,6,2022,19,20,US-11,2,US Highway,Urbano,Arteria Menor,State Highway Agency,0,Sin jurisdiccion especial,125,39.42284444,-77.98851111,Peaton,El primer evento no fue una colision con un vehiculo automotor en transporte,Not an Intersection,No fue interseccion,Sobre calle,Ninguna,Oscuro sin iluminacion,Despejado,No,NO APLICA,19,24,99,99,1,06/02/2022,2
54,West Virginia,540014,0,0,1,0,101,WEBSTER (101),2725,WEBSTER SPRINGS,2,Febrero,8,2022,7,45,SR-20,3,Highway estatal,Rural,Colector Mayor,State Highway Agency,0,Sin jurisdiccion especial,201,38.48391111,-80.41835,Piedrotototota,El primer evento no fue una colision con un vehiculo automotor en transporte,Not an Intersection,No fue interseccion,Sobre el lado de la calle,Ninguna,Dia total,Despejado,No,NO APLICA,99,99,99,99,1,08/02/2022,2
54,West Virginia,540015,0,0,2,0,11,CABELL (11),2392,SALT ROCK,2,Febrero,10,2022,10,51,SR-10,3,Highway estatal,Urbano,Arteria Principal,State Highway Agency,0,Sin jurisdiccion especial,174,38.3324,-82.26086944,Vehiculo en movimiento,Frente a frente,Not an Intersection,No fue interseccion,Sobre calle,Ninguna,Dia total,Nublado,No,NO APLICA,99,99,99,99,1,10/02/2022,2
54,West Virginia,540016,1,1,1,0,39,KANAWHA (39),480,CHARLESTON,2,Febrero,10,2022,19,27,VENABLE AVE,6,Calle Local Municipalidad,Urbano,Colector Mayor,State Highway Agency,0,Sin jurisdiccion especial,0,38.32726667,-81.59760833,Peaton,El primer evento no fue una colision con un vehiculo automotor en transporte,Not an Intersection,No fue interseccion,Sobre calle,Ninguna,Oscuro sin iluminacion,Despejado,No,NO APLICA,99,99,99,99,1,10/02/2022,1
54,West Virginia,540017,0,0,1,0,55,MERCER (55),2180,PRINCETON,2,Febrero,16,2022,9,50,I-77,1,Interestatal,Rural,Interestatal,State Highway Agency,1,Sin jurisdiccion especial,65,37.33195556,-81.05966389,Acotamiento,El primer evento no fue una colision con un vehiculo automotor en transporte,Not an Intersection,No fue interseccion,Sobre el lado de la calle,Ninguna,Dia total,Despejado,No,NO APLICA,9,52,10,5,1,16/02/2022,2
54,West Virginia,540018,1,1,1,0,59,MINGO (59),680,DELBARTON,2,Febrero,16,2022,19,24,US-119,2,US Highway,Rural,Arteria Principal,State Highway Agency,1,Sin jurisdiccion especial,170,37.77873889,-82.16978889,Peaton,El primer evento no fue una colision con un vehiculo automotor en transporte,Not an Intersection,No fue interseccion,Sobre calle,Ninguna,Oscuro sin iluminacion,Despejado,No,NO APLICA,19,25,19,45,1,16/02/2022,1
54,West Virginia,540019,1,1,3,0,39,KANAWHA (39),480,CHARLESTON,2,Febrero,18,2022,19,50,US-60,2,US Highway,Urbano,Arteria Principal,State Highway Agency,1,Sin jurisdiccion especial,228,38.23795,-81.54316944,Peaton,El primer evento no fue una colision con un vehiculo automotor en transporte,Not an Intersection,No fue interseccion,Sobre calle,Ninguna,Oscuro sin iluminacion,Despejado,No,NO APLICA,99,99,99,99,1,18/02/2022,3
54,West Virginia,540020,0,0,2,0,53,MASON (53),2150,POINT PLEASANT,2,Febrero,22,2022,8,16,SR-62 JACKSON AVE,3,Highway estatal,Urbano,Arteria Menor,State Highway Agency,0,Sin jurisdiccion especial,213,38.87196389,-82.12524444,Vehiculo en movimiento,Frente a frente,Not an Intersection,No fue interseccion,Sobre calle,Ninguna,Dia total,lluvia,No,NO APLICA,99,99,99,99,1,22/02/2022,2
54,West Virginia,540021,0,0,1,0,37,JEFFERSON (37),2420,SHEPHERDSTOWN,2,Febrero,25,2022,1,55,CR-16/5 MORGAN GROVE RD,4,Calle del Condado,Rural,Local,State Highway Agency,0,Sin jurisdiccion especial,15,39.42312222,-77.82034167,Acotamiento,El primer evento no fue una colision con un vehiculo automotor en transporte,Four-Way Intersection,Interseccion de 4 direcciones,Sobre el lado de la calle,Ninguna,Oscuro con iluminacion,Despejado,No,NO APLICA,1,58,2,4,1,25/02/2022,1
54,West Virginia,540022,0,0,2,0,11,CABELL (11),643,CULLODEN,2,Febrero,25,2022,7,5,US-60,2,US Highway,Urbano,Arteria Principal,State Highway Agency,0,Sin jurisdiccion especial,69,38.4308,-82.10694444,Vehiculo en movimiento,Frente a frente,Not an Intersection,No fue interseccion,Sobre calle,Ninguna,Dia total,Nublado,No,NO APLICA,99,99,99,99,1,25/02/2022,3
54,West Virginia,540023,0,0,2,0,39,KANAWHA (39),480,CHARLESTON,2,Febrero,26,2022,3,0,I-77,1,Interestatal,Urbano,Interestatal,State Highway Agency,1,Sin jurisdiccion especial,1006,38.35535556,-81.63183056,Vehiculo en movimiento,Frente a frente,Not an Intersection,No fue interseccion,Sobre calle,Ninguna,Oscuro con iluminacion,Despejado,No,NO APLICA,99,99,99,99,2,26/02/2022,3
54,West Virginia,540024,0,0,1,0,63,MONROE (63),2100,PETERSTOWN,2,Febrero,26,2022,4,15,US-219,2,US Highway,Rural,Arteria Principal,State Highway Agency,1,Sin jurisdiccion especial,25,37.41796389,-80.74206389,Poste,El primer evento no fue una colision con un vehiculo automotor en transporte,Not an Intersection,No fue interseccion,Sobre el lado de la calle,Ninguna,Oscuro sin iluminacion,Despejado,No,NO APLICA,99,99,99,99,1,26/02/2022,1
54,West Virginia,540025,0,0,1,0,39,KANAWHA (39),480,CHARLESTON,1,Enero,6,2022,14,30,I-77,1,Interestatal,Urbano,Interestatal,State Highway Agency,1,Sin jurisdiccion especial,980,38.335275,-81.59734722,Barrera de Trafico de Concreto,El primer evento no fue una colision con un vehiculo automotor en transporte,Not an Intersection,No fue interseccion,Separador,Ninguna,Dia total,Nieve,No,NO APLICA,14,31,14,32,1,06/01/2022,1
54,West Virginia,540026,0,0,1,0,39,KANAWHA (39),814,JARRETTS FORD,3,Marzo,1,2022,19,0,US-119,2,US Highway,Urbano,Arteria Menor,State Highway Agency,0,Sin jurisdiccion especial,297,38.42587222,-81.48996111,Otro objeto (fijo),El primer evento no fue una colision con un vehiculo automotor en transporte,Not an Intersection,No fue interseccion,Sobre el lado de la calle,Ninguna,Oscuro sin iluminacion,Despejado,No,NO APLICA,19,12,19,14,1,01/03/2022,1
54,West Virginia,540027,0,0,2,0,109,WYOMING (109),2917,WYOMING,3,Marzo,4,2022,10,58,SR-97,3,Highway estatal,Rural,Arteria Menor,State Highway Agency,0,Sin jurisdiccion especial,166,37.57796944,-81.58367778,Vehiculo en movimiento,Angulo,Not an Intersection,No fue interseccion,Sobre calle,Ninguna,Dia total,Despejado,No,NO APLICA,99,99,99,99,1,04/03/2022,2
54,West Virginia,540028,1,1,1,0,97,UPSHUR (97),340,BUCKHANNON,3,Marzo,4,2022,19,46,CR-9,4,Calle del Condado,Urbano,Arteria Menor,State Highway Agency,0,Sin jurisdiccion especial,19,38.91942778,-80.18459167,Peaton,El primer evento no fue una colision con un vehiculo automotor en transporte,Not an Intersection,No fue interseccion,Sobre calle,Ninguna,Oscuro sin iluminacion,Despejado,No,NO APLICA,99,99,99,99,1,04/03/2022,1
54,West Virginia,540029,0,0,1,0,5,BOONE (5),589,COMFORT,3,Marzo,6,2022,1,21,CR-3/3,4,Calle del Condado,Rural,Colector Menor,State Highway Agency,0,Sin jurisdiccion especial,37,38.09975278,-81.56829444,Volcadura,El primer evento no fue una colision con un vehiculo automotor en transporte,Not an Intersection,No fue interseccion,Sobre el lado de la calle,Ninguna,Oscuro sin iluminacion,Despejado,No,NO APLICA,1,21,1,54,1,06/03/2022,2
54,West Virginia,540030,0,0,1,0,43,LINCOLN (43),2228,RANGER,3,Marzo,7,2022,12,25,SR-10,3,Highway estatal,Rural,Arteria Menor,State Highway Agency,0,Sin jurisdiccion especial,126,38.10486111,-82.17848889,Acotamiento,El primer evento no fue una colision con un vehiculo automotor en transporte,Not an Intersection,No fue interseccion,Sobre el lado de la calle,Ninguna,Dia total,lluvia,No,NO APLICA,99,99,99,99,1,07/03/2022,1
54,West Virginia,540031,0,0,3,0,39,KANAWHA (39),480,CHARLESTON,3,Marzo,11,2022,14,38,SR-61,3,Highway estatal,Urbano,Arteria Menor,State Highway Agency,0,Sin jurisdiccion especial,211,38.3538,-81.736,Vehiculo en movimiento,Frente a Detrás,Not an Intersection,No fue interseccion,Sobre calle,Ninguna,Dia total,Despejado,No,NO APLICA,99,99,99,99,1,11/03/2022,3
54,West Virginia,540032,0,0,1,0,19,FAYETTE (19),173,BECKWITH,3,Marzo,11,2022,16,8,SR-16,3,Highway estatal,Rural,Colector Mayor,State Highway Agency,0,Sin jurisdiccion especial,202,38.075575,-81.10995,Volcadura,El primer evento no fue una colision con un vehiculo automotor en transporte,Not an Intersection,No fue interseccion,Sobre calle,Ninguna,Oscuro sin iluminacion,Despejado,No,NO APLICA,99,99,99,99,1,11/03/2022,1
54,West Virginia,540033,0,0,1,0,19,FAYETTE (19),0,NO APLICA,3,Marzo,11,2022,23,10,SR-16,3,Highway estatal,Urbano,Arteria Menor,State Highway Agency,0,Sin jurisdiccion especial,5,37.88919167,-81.17816944,Arbol,El primer evento no fue una colision con un vehiculo automotor en transporte,Not an Intersection,No fue interseccion,Sobre el lado de la calle,Ninguna,Oscuro sin iluminacion,lluvia,No,NO APLICA,99,99,99,99,1,11/03/2022,3
54,West Virginia,540034,0,0,1,0,99,WAYNE (99),2720,WAYNE,3,Marzo,14,2022,18,18,CR-24,4,Calle del Condado,Rural,Colector Menor,State Highway Agency,0,Sin jurisdiccion especial,1,38.18471944,-82.40083056,Otro objeto (no fijo),El primer evento no fue una colision con un vehiculo automotor en transporte,Not an Intersection,No fue interseccion,Sobre el lado de la calle,Ninguna,Dia total,Despejado,No,NO APLICA,99,99,99,99,1,14/03/2022,1
54,West Virginia,540035,0,0,1,0,5,BOONE (5),2820,WHARTON,3,Marzo,15,2022,2,15,SR-85,3,Highway estatal,Rural,Arteria Menor,State Highway Agency,0,Sin jurisdiccion especial,142,37.88415556,-81.66000556,Arbol,El primer evento no fue una colision con un vehiculo automotor en transporte,Not an Intersection,No fue interseccion,Sobre el lado de la calle,Ninguna,Oscuro sin iluminacion,Despejado,No,NO APLICA,99,99,99,99,1,15/03/2022,1
54,West Virginia,540036,1,1,1,0,11,CABELL (11),0,NO APLICA,3,Marzo,16,2022,1,57,SR-2,3,Highway estatal,Urbano,Arteria Principal,State Highway Agency,0,Sin jurisdiccion especial,51,38.49308889,-82.30029444,Peaton,El primer evento no fue una colision con un vehiculo automotor en transporte,Not an Intersection,No fue interseccion,Sobre calle,Ninguna,Oscuro sin iluminacion,Nublado,No,NO APLICA,99,99,99,99,1,16/03/2022,1
54,West Virginia,540037,0,0,1,0,77,PRESTON (77),330,BRUCETON MILLS,3,Marzo,16,2022,22,58,I-68,1,Interestatal,Rural,Interestatal,State Highway Agency,1,Sin jurisdiccion especial,195,39.6538,-79.6969,Poste de Señal de trafico,El primer evento no fue una colision con un vehiculo automotor en transporte,Not an Intersection,No fue interseccion,Sobre el lado de la calle,Ninguna,Oscuro sin iluminacion,Despejado,No,NO APLICA,22,58,23,7,1,16/03/2022,1
54,West Virginia,540038,0,0,1,0,99,WAYNE (99),1270,HUNTINGTON,3,Marzo,17,2022,22,25,US-60-WAVERLY RD,2,US Highway,Urbano,Arteria Principal,State Highway Agency,1,Sin jurisdiccion especial,54,38.40350278,-82.50264722,Valla Ferrocarril,El primer evento no fue una colision con un vehiculo automotor en transporte,Not an Intersection,No fue interseccion,Sobre el lado de la calle,Ninguna,Oscuro sin iluminacion,Despejado,No,NO APLICA,23,38,99,99,1,17/03/2022,2
54,West Virginia,540039,0,0,2,0,19,FAYETTE (19),0,NO APLICA,3,Marzo,18,2022,17,12,SR-61,3,Highway estatal,Urbano,Colector Mayor,State Highway Agency,0,Sin jurisdiccion especial,11,37.883,-81.15468889,Vehiculo en movimiento,Frente a frente,Not an Intersection,No fue interseccion,Sobre calle,Ninguna,Dia total,Despejado,No,NO APLICA,99,99,99,99,1,18/03/2022,5
54,West Virginia,540040,0,0,1,0,79,PUTNAM (79),2144,PLINY,3,Marzo,19,2022,3,47,US-35,2,US Highway,Rural,Arteria Principal,State Highway Agency,1,Sin jurisdiccion especial,149,38.61606111,-81.99113333,Volcadura,El primer evento no fue una colision con un vehiculo automotor en transporte,Not an Intersection,No fue interseccion,En el medio,Ninguna,Oscuro sin iluminacion,Nublado,No,NO APLICA,3,50,3,59,1,19/03/2022,2
54,West Virginia,540041,0,0,1,0,107,WOOD (107),2040,PARKERSBURG,3,Marzo,21,2022,21,9,SR-618 7TH ST,3,Highway estatal,Urbano,Arteria Menor,State Highway Agency,0,Sin jurisdiccion especial,23,39.26678333,-81.5341,Poste o otros soportes,El primer evento no fue una colision con un vehiculo automotor en transporte,Not an Intersection,No fue interseccion,Sobre el lado de la calle,Ninguna,Oscuro con iluminacion,Despejado,No,NO APLICA,21,11,21,15,1,21/03/2022,1
54,West Virginia,540042,0,0,1,0,39,KANAWHA (39),2439,SISSONVILLE,3,Marzo,22,2022,10,40,CR-21 SISSONVILLE DR,4,Calle del Condado,Rural,Colector Mayor,State Highway Agency,0,Sin jurisdiccion especial,78,38.44533611,-81.67063611,Otro objeto (fijo),El primer evento no fue una colision con un vehiculo automotor en transporte,Not an Intersection,No fue interseccion,Sobre el lado de la calle,Ninguna,Dia total,Despejado,No,NO APLICA,10,41,10,45,1,22/03/2022,1
54,West Virginia,540043,0,0,3,0,37,JEFFERSON (37),2315,RIPPON,3,Marzo,26,2022,14,37,US-340,2,US Highway,Rural,Arteria Principal,State Highway Agency,1,Sin jurisdiccion especial,30,39.21741944,-77.90563611,Vehiculo en movimiento,Angulo,Not an Intersection,No fue interseccion,Sobre calle,Ninguna,Dia total,Despejado,No,NO APLICA,14,38,14,45,2,26/03/2022,4
54,West Virginia,540044,0,0,2,0,11,CABELL (11),0,NO APLICA,3,Marzo,28,2022,12,30,SR-10,3,Highway estatal,Rural,Arteria Menor,State Highway Agency,0,Sin jurisdiccion especial,36,38.33291389,-82.24049167,Vehiculo en movimiento,Frente a frente,Not an Intersection,No fue interseccion,Sobre calle,Ninguna,Dia total,Nublado,No,NO APLICA,12,31,12,34,1,28/03/2022,2
54,West Virginia,540045,0,0,1,0,33,HARRISON (33),320,BRIDGEPORT,3,Marzo,29,2022,18,49,CR-24- JOHNSON AVE,4,Calle del Condado,Urbano,Colector Menor,State Highway Agency,0,Sin jurisdiccion especial,21,39.29978611,-80.27681944,Muro,El primer evento no fue una colision con un vehiculo automotor en transporte,Not an Intersection,No fue interseccion,Sobre el lado de la calle,Ninguna,Dia total,Nublado,No,NO APLICA,18,52,18,58,1,29/03/2022,1
54,West Virginia,540046,1,1,1,0,81,RALEIGH (81),170,BECKLEY,3,Marzo,30,2022,15,49,SR-16 ROBERT C BYRD DR,3,Highway estatal,Urbano,Arteria Menor,State Highway Agency,0,Sin jurisdiccion especial,184,37.78790833,-81.18821389,Ciclista,El primer evento no fue una colision con un vehiculo automotor en transporte,Not an Intersection,No fue interseccion,Sobre calle,Ninguna,Dia total,Despejado,No,NO APLICA,99,99,99,99,1,30/03/2022,3
54,West Virginia,540047,0,0,1,0,35,JACKSON (35),831,EVANS,3,Marzo,30,2022,16,58,CR-21 SANDYVILLE,4,Calle del Condado,Rural,Colector Mayor,State Highway Agency,0,Sin jurisdiccion especial,283,38.90669722,-81.66066944,Zanja,El primer evento no fue una colision con un vehiculo automotor en transporte,Not an Intersection,No fue interseccion,Sobre el lado de la calle,Ninguna,Dia total,Despejado,No,NO APLICA,16,58,17,22,1,30/03/2022,1
54,West Virginia,540048,0,0,2,0,39,KANAWHA (39),2370,ST. ALBANS,3,Marzo,30,2022,19,53,US-60 - MACCORKLE AVE,2,US Highway,Urbano,Arteria Principal,State Highway Agency,1,Sin jurisdiccion especial,40,38.38841389,-81.82883056,Vehiculo en movimiento,Angulo,Not an Intersection,No fue interseccion,Sobre calle,Ninguna,Atardecer,Despejado,No,NO APLICA,19,56,19,57,1,30/03/2022,2
54,West Virginia,540049,0,0,2,0,91,TAYLOR (91),1060,GRAFTON,2,Febrero,21,2022,12,52,SR-310,3,Highway estatal,Urbano,Arteria Menor,State Highway Agency,0,Sin jurisdiccion especial,1,39.353,-80.03753611,Vehiculo en movimiento,Angulo,Not an Intersection,No fue interseccion,Sobre calle,Ninguna,Dia total,Despejado,No,NO APLICA,12,56,12,57,1,21/02/2022,3
54,West Virginia,540050,0,0,1,0,7,BRAXTON (7),1165,HEATERS,4,Abril,5,2022,7,47,CR-21/1 LAKE LANE RD,4,Calle del Condado,Rural,Local,State Highway Agency,0,Sin jurisdiccion especial,6,38.73364444,-80.55140278,Volcadura,El primer evento no fue una colision con un vehiculo automotor en transporte,Not an Intersection,No fue interseccion,Sobre calle,Ninguna,Dia total,Despejado,No,NO APLICA,8,7,8,43,1,05/04/2022,2
54,West Virginia,540051,0,0,2,0,45,LOGAN (45),470,CHAPMANVILLE,4,Abril,8,2022,10,15,US-119 ROBERT C BYRD FWY,2,US Highway,Urbano,Arteria Principal,State Highway Agency,1,Sin jurisdiccion especial,124,37.93501111,-82.01319722,Vehiculo en movimiento,Angulo,T-Intersection,Interseccion de T,Sobre calle,Ninguna,Dia total,Despejado,No,NO APLICA,99,99,99,99,1,08/04/2022,3
54,West Virginia,540052,0,0,4,0,37,JEFFERSON (37),2230,RANSON,4,Abril,10,2022,11,51,SR-9,3,Highway estatal,Urbano,Arteria Principal,State Highway Agency,1,Sin jurisdiccion especial,72,39.31970278,-77.84959444,Vehiculo en movimiento,Angulo,Four-Way Intersection,Interseccion de 4 direcciones,Sobre calle,Ninguna,Dia total,Nublado,No,NO APLICA,11,53,11,57,1,10/04/2022,5
54,West Virginia,540053,1,1,3,2,11,CABELL (11),1270,HUNTINGTON,4,Abril,11,2022,16,21,MADISON AVE,6,Calle Local Municipalidad,Urbano,Local,State Highway Agency,0,Sin jurisdiccion especial,0,38.4078,-82.48441944,Vehiculo Aparcado,El primer evento no fue una colision con un vehiculo automotor en transporte,Not an Intersection,No fue interseccion,Sobre el lado de la calle,Ninguna,Dia total,Despejado,No,NO APLICA,16,25,16,26,1,11/04/2022,3
54,West Virginia,540054,0,0,2,0,43,LINCOLN (43),1110,HAMLIN,4,Abril,13,2022,5,46,SR-3 COURT AVE,3,Highway estatal,Rural,Colector Mayor,State Highway Agency,0,Sin jurisdiccion especial,69,38.28295278,-82.08186111,Vehiculo en movimiento,Frente a frente,Not an Intersection,No fue interseccion,Sobre calle,Ninguna,Oscuro con iluminacion,Despejado,No,NO APLICA,99,99,99,99,1,13/04/2022,2
54,West Virginia,540055,0,0,1,0,81,RALEIGH (81),287,BRADLEY,4,Abril,9,2022,6,0,I-77,1,Interestatal,Rural,Interestatal,State Highway Agency,1,Sin jurisdiccion especial,510,37.85600833,-81.2533,Valla Ferrocarril,El primer evento no fue una colision con un vehiculo automotor en transporte,Not an Intersection,No fue interseccion,En el medio,Ninguna,Oscuro sin iluminacion,Despejado,No,NO APLICA,99,99,99,99,1,09/04/2022,1
54,West Virginia,540056,0,0,2,0,57,MINERAL (57),1370,KEYSER,4,Abril,19,2022,11,7,US-220 CUT OFF RD,2,US Highway,Rural,Colector Mayor,State Highway Agency,0,Sin jurisdiccion especial,109,39.39284167,-79.00773889,Vehiculo en movimiento,Frente a frente,Not an Intersection,No fue interseccion,Sobre calle,Ninguna,Dia total,Despejado,No,NO APLICA,99,99,99,99,1,19/04/2022,3
54,West Virginia,540057,0,0,2,0,97,UPSHUR (97),340,BUCKHANNON,4,Abril,20,2022,5,0,CR-20,4,Calle del Condado,Rural,Colector Mayor,State Highway Agency,0,Sin jurisdiccion especial,84,39.04167222,-80.20993889,Vehiculo en movimiento,Golpe Lateral - direccion contraria,Not an Intersection,No fue interseccion,Sobre calle,Ninguna,Oscuro sin iluminacion,Despejado,No,NO APLICA,99,99,99,99,1,20/04/2022,2
54,West Virginia,540058,0,0,5,0,99,WAYNE (99),1350,KENOVA,4,Abril,22,2022,14,20,US-52 BIG SANDY RIVER RD,2,US Highway,Rural,Arteria Principal,State Highway Agency,1,Sin jurisdiccion especial,112,38.36003333,-82.59303333,Vehiculo en movimiento,Frente a frente,Not an Intersection,No fue interseccion,Sobre calle,Ninguna,Dia total,Despejado,No,NO APLICA,99,99,99,99,1,22/04/2022,7
54,West Virginia,540059,0,0,2,0,5,BOONE (5),1327,JULIAN,4,Abril,22,2022,19,30,US-119,2,US Highway,Rural,Arteria Principal,State Highway Agency,1,Sin jurisdiccion especial,135,38.15504722,-81.85079167,Vehiculo en movimiento,Angulo,T-Intersection,Interseccion de T,Sobre calle,Ninguna,Dia total,Despejado,No,NO APLICA,99,99,99,99,1,22/04/2022,2
54,West Virginia,540060,0,0,2,0,61,MONONGALIA (61),1840,MORGANTOWN,4,Abril,23,2022,16,57,US-19,2,US Highway,Rural,Colector Mayor,State Highway Agency,0,Sin jurisdiccion especial,7,39.57719167,-80.09685833,Vehiculo en movimiento,Frente a frente,Not an Intersection,No fue interseccion,Sobre calle,Ninguna,Dia total,Despejado,No,NO APLICA,99,99,99,99,1,23/04/2022,2
54,West Virginia,540061,0,0,3,0,55,MERCER (55),1980,OAKVALE,4,Abril,23,2022,17,0,US-460,2,US Highway,Urbano,Arteria Principal,State Highway Agency,1,Sin jurisdiccion especial,162,37.34146667,-81.00002222,Vehiculo en movimiento,Frente a Detrás,T-Intersection,Interseccion de T,Sobre calle,Ninguna,Dia total,Despejado,No,NO APLICA,17,19,17,38,2,23/04/2022,9
54,West Virginia,540062,0,0,1,0,53,MASON (53),1180,HENDERSON,4,Abril,24,2022,12,30,SR-817,3,Highway estatal,Rural,Colector Menor,State Highway Agency,0,Sin jurisdiccion especial,155,38.8121,-82.1077,Volcadura,El primer evento no fue una colision con un vehiculo automotor en transporte,Not an Intersection,No fue interseccion,Sobre calle,Ninguna,Dia total,Despejado,No,NO APLICA,99,99,99,99,1,24/04/2022,2