Estado,Nombre de Estado,Numero de Caso,Peatones,Personas _no_vehiculos,Vehiculos automotores,Vehiculos estacionados,Condado,Nombre Condado,Ciudad,Nombre Ciudad,Mes,Nombre Mes,Dia,Año,Hora,Minuto,Calle,Ruta,Nombre Ruta,Rural o Urbanoo,Sistema Funcional,Dueño Calle,Sistema Nacional Carreteras,Jurisdiccion Especial,Milla,Latitud,Longitud,Causa del Accidente,Tipo de Accidente,Tipo Interseccion,Columna1,Lugar en la calle,Zona de Trabajo,Luz,Clima,Autobus Escolar,Cruce de Trenes,Hora Notificacion,Minuto Notificacion,Hora Llegada,Minuto Llegada,Decesos,Fecha,PersonaVehiculo
54,West Virginia,540063,1,1,1,0,19,FAYETTE (19),890,FAYETTEVILLE,4,Abril,28,2022,20,50,SR-116,3,Highway estatal,Urbano,Arteria Menor,State Highway Agency,0,Sin jurisdiccion especial,146,38.04721944,-81.10221944,No vehiculo o remolque,El primer evento no fue una colision con un vehiculo automotor en transporte,Not an Intersection,No fue interseccion,Sobre calle,Ninguna,Oscuro sin iluminacion,Despejado,No,NO APLICA,20,53,20,56,1,28/04/2022,3
54,West Virginia,540064,0,0,1,0,27,HAMPSHIRE (27),410,CAPON BRIDGE,4,Abril,30,2022,13,8,CR-15 COLD STREAM RD,4,Calle del Condado,Rural,Colector Mayor,State Highway Agency,0,Sin jurisdiccion especial,43,39.34154167,-78.44281389,Zanja,El primer evento no fue una colision con un vehiculo automotor en transporte,Not an Intersection,No fue interseccion,Sobre el lado de la calle,Ninguna,Dia total,Despejado,No,NO APLICA,13,8,99,99,1,30/04/2022,1
54,West Virginia,540065,0,0,4,0,69,OHIO (69),0,NO APLICA,5,Mayo,3,2022,11,41,I-70,1,Interestatal,Rural,Interestatal,State Highway Agency,1,Sin jurisdiccion especial,145,40.0958,-80.5196,Vehiculo en movimiento,Frente a Detrás,Not an Intersection,No fue interseccion,Sobre calle,"Zona de trabajo, tipo desconocido",Dia total,Despejado,No,NO APLICA,12,43,12,55,2,03/05/2022,5
54,West Virginia,540066,0,0,2,0,87,ROANE (87),1509,LOONEYVILLE,5,Mayo,4,2022,14,21,SR-36,3,Highway estatal,Rural,Colector Mayor,State Highway Agency,0,Sin jurisdiccion especial,169,38.69224722,-81.26232778,Vehiculo en movimiento,Frente a frente,Not an Intersection,No fue interseccion,Sobre calle,Ninguna,Dia total,Despejado,No,NO APLICA,99,99,99,99,1,04/05/2022,3
54,West Virginia,540067,0,0,1,0,11,CABELL (11),0,NO APLICA,5,Mayo,4,2022,22,43,CR-26,4,Calle del Condado,Urbano,Local,State Highway Agency,0,Sin jurisdiccion especial,12,38.41644722,-82.38099167,Acotamiento,El primer evento no fue una colision con un vehiculo automotor en transporte,Not an Intersection,No fue interseccion,Sobre el lado de la calle,Ninguna,Oscuro sin iluminacion,Nublado,No,NO APLICA,99,99,99,99,1,04/05/2022,1
54,West Virginia,540068,0,0,1,0,55,MERCER (55),2180,PRINCETON,5,Mayo,8,2022,15,50,SR-20,3,Highway estatal,Urbano,Arteria Menor,State Highway Agency,0,Sin jurisdiccion especial,110,37.36774444,-81.10929722,Volcadura,El primer evento no fue una colision con un vehiculo automotor en transporte,Not an Intersection,No fue interseccion,Sobre el lado de la calle,Ninguna,Dia total,Despejado,No,NO APLICA,99,99,99,99,1,08/05/2022,1
54,West Virginia,540069,0,0,2,0,67,NICHOLAS (67),1886,NETTIE,5,Mayo,10,2022,16,26,SR-39,3,Highway estatal,Rural,Arteria Menor,State Highway Agency,0,Sin jurisdiccion especial,352,38.23438056,-80.71120278,Vehiculo en movimiento,Angulo,Not an Intersection,No fue interseccion,Sobre calle,Ninguna,Dia total,Nublado,No,NO APLICA,16,28,16,43,1,10/05/2022,2
54,West Virginia,540070,0,0,1,0,61,MONONGALIA (61),1840,MORGANTOWN,5,Mayo,10,2022,20,14,SR-7,3,Highway estatal,Urbano,Arteria Menor,State Highway Agency,0,Sin jurisdiccion especial,362,39.61163889,-79.92216944,Soporte de Puente,El primer evento no fue una colision con un vehiculo automotor en transporte,Not an Intersection,No fue interseccion,Sobre el lado de la calle,Ninguna,Dia total,Despejado,No,NO APLICA,99,99,99,99,1,10/05/2022,1
54,West Virginia,540071,0,0,2,0,11,CABELL (11),1270,HUNTINGTON,5,Mayo,11,2022,10,29,US-60 - WASHINGTON AVE,2,US Highway,Urbano,Arteria Principal,State Highway Agency,0,Sin jurisdiccion especial,53,38.41213889,-82.48335556,Vehiculo en movimiento,Angulo,Four-Way Intersection,Interseccion de 4 direcciones,Sobre calle,Ninguna,Dia total,Despejado,No,NO APLICA,99,99,99,99,1,11/05/2022,4
54,West Virginia,540072,0,0,1,0,81,RALEIGH (81),2470,SOPHIA,5,Mayo,13,2022,17,37,CR-29/2 INDEPENCE RD,4,Calle del Condado,Urbano,Local,State Highway Agency,0,Sin jurisdiccion especial,0,37.70780833,-81.2438,Valla Ferrocarril,El primer evento no fue una colision con un vehiculo automotor en transporte,Not an Intersection,No fue interseccion,Sobre el lado de la calle,Ninguna,Dia total,Despejado,No,NO APLICA,99,99,99,99,1,13/05/2022,1
54,West Virginia,540073,0,0,1,0,55,MERCER (55),2180,PRINCETON,5,Mayo,14,2022,11,32,I-77,1,Interestatal,Rural,Interestatal,State Highway Agency,1,Sin jurisdiccion especial,70,37.34518333,-81.06008889,Valla Ferrocarril,El primer evento no fue una colision con un vehiculo automotor en transporte,Not an Intersection,No fue interseccion,En el medio,Ninguna,Dia total,lluvia,No,NO APLICA,99,99,99,99,1,14/05/2022,2
54,West Virginia,540074,0,0,1,0,49,MARION (49),840,FAIRMONT,5,Mayo,14,2022,12,19,I-79,1,Interestatal,Rural,Interestatal,State Highway Agency,1,Sin jurisdiccion especial,1410,39.51213333,-80.06655833,Poste de Señal de trafico,El primer evento no fue una colision con un vehiculo automotor en transporte,Not an Intersection,No fue interseccion,Sobre el lado de la calle,Ninguna,Dia total,Despejado,No,NO APLICA,12,22,12,30,1,14/05/2022,1
54,West Virginia,540075,0,0,4,3,13,CALHOUN (13),243,BIGBEND,5,Mayo,16,2022,19,49,SR-5 - W LITTLE KANAWHA HWY,3,Highway estatal,Rural,Colector Mayor,State Highway Agency,0,Sin jurisdiccion especial,81,38.95648056,-81.17896944,Otro objeto (fijo),El primer evento no fue una colision con un vehiculo automotor en transporte,Not an Intersection,No fue interseccion,Sobre el lado de la calle,Ninguna,Dia total,lluvia,No,NO APLICA,19,49,20,15,1,16/05/2022,1
54,West Virginia,540076,0,0,3,0,69,OHIO (69),0,NO APLICA,5,Mayo,17,2022,14,48,I-70,1,Interestatal,Rural,Interestatal,State Highway Agency,1,Sin jurisdiccion especial,142,40.09558889,-80.5203,Vehiculo en movimiento,Frente a Detrás,Not an Intersection,No fue interseccion,Sobre calle,Construccion,Dia total,Despejado,No,NO APLICA,99,99,99,99,1,17/05/2022,4
54,West Virginia,540077,0,0,1,0,23,GRANT (23),1726,MAYSVILLE,5,Mayo,18,2022,16,30,CR-28/7 JORDAN RUN RD,4,Calle del Condado,Rural,Colector Mayor,State Highway Agency,0,Sin jurisdiccion especial,114,39.12949722,-79.19995833,Acotamiento,El primer evento no fue una colision con un vehiculo automotor en transporte,Not an Intersection,No fue interseccion,Sobre el lado de la calle,Ninguna,Dia total,Nublado,No,NO APLICA,16,42,17,3,1,18/05/2022,1
54,West Virginia,540078,0,0,1,0,61,MONONGALIA (61),1840,MORGANTOWN,5,Mayo,21,2022,10,26,CR-857 HARTMAN RUN RD,4,Calle del Condado,Urbano,Arteria Menor,State Highway Agency,0,Sin jurisdiccion especial,48,39.64181389,-79.92368889,Valla Ferrocarril,El primer evento no fue una colision con un vehiculo automotor en transporte,Not an Intersection,No fue interseccion,Sobre el lado de la calle,Ninguna,Dia total,Despejado,No,NO APLICA,99,99,99,99,1,21/05/2022,1
54,West Virginia,540079,0,0,2,0,39,KANAWHA (39),480,CHARLESTON,5,Mayo,21,2022,2,0,US-60 - WASHINGTON ST,2,US Highway,Urbano,Arteria Menor,State Highway Agency,0,Sin jurisdiccion especial,181,38.34326667,-81.62226389,Vehiculo en movimiento,Frente a frente,Not an Intersection,No fue interseccion,Sobre calle,Ninguna,Oscuro sin iluminacion,Despejado,No,NO APLICA,99,99,99,99,1,21/05/2022,3
54,West Virginia,540080,0,0,2,0,55,MERCER (55),260,BLUEFIELD,5,Mayo,23,2022,21,57,US-52,2,US Highway,Urbano,Arteria Principal,State Highway Agency,1,Sin jurisdiccion especial,74,37.30896944,-81.25882778,Vehiculo en movimiento,Frente a Detrás,Not an Intersection,No fue interseccion,Sobre calle,Ninguna,Oscuro sin iluminacion,lluvia,No,NO APLICA,21,59,22,6,1,23/05/2022,5
54,West Virginia,540081,0,0,2,0,99,WAYNE (99),1270,HUNTINGTON,5,Mayo,24,2022,6,40,CR-7 - SPRING VALLEY DR,4,Calle del Condado,Urbano,Colector Menor,State Highway Agency,0,Sin jurisdiccion especial,201,38.39584722,-82.51625,Vehiculo en movimiento,Frente a frente,Not an Intersection,No fue interseccion,Sobre calle,Ninguna,Amanecer,Despejado,No,NO APLICA,7,35,99,99,1,24/05/2022,3
54,West Virginia,540082,0,0,1,0,37,JEFFERSON (37),2230,RANSON,5,Mayo,29,2022,19,35,SR-9,3,Highway estatal,Rural,Arteria Principal,State Highway Agency,1,Sin jurisdiccion especial,632,39.32832778,-77.85434722,Volcadura,El primer evento no fue una colision con un vehiculo automotor en transporte,Not an Intersection,No fue interseccion,Sobre el lado de la calle,Ninguna,Dia total,Despejado,No,NO APLICA,99,99,99,99,1,29/05/2022,1
54,West Virginia,540083,0,0,1,0,19,FAYETTE (19),400,CANNELTON,5,Mayo,31,2022,14,45,CR-2 MT OLIVE BRANCH RD,4,Calle del Condado,Rural,Local,State Highway Agency,0,Sin jurisdiccion especial,7,38.23131389,-81.22373889,Arbol,El primer evento no fue una colision con un vehiculo automotor en transporte,Not an Intersection,No fue interseccion,Sobre el lado de la calle,Ninguna,Dia total,Despejado,No,NO APLICA,99,99,99,99,1,31/05/2022,2
54,West Virginia,540084,0,0,2,0,81,RALEIGH (81),165,BEAVER,5,Mayo,8,2022,12,15,SR-307,3,Highway estatal,Urbano,Colector Menor,State Highway Agency,0,Sin jurisdiccion especial,35,37.75307222,-81.13130556,Vehiculo en movimiento,Frente a frente,Not an Intersection,No fue interseccion,Sobre calle,Ninguna,Dia total,Despejado,No,NO APLICA,99,99,99,99,1,08/05/2022,4
54,West Virginia,540085,0,0,1,0,33,HARRISON (33),0,NO APLICA,6,Junio,1,2022,4,7,I-79,1,Interestatal,Urbano,Interestatal,State Highway Agency,1,Sin jurisdiccion especial,1170,39.24988333,-80.284825,Zanja,El primer evento no fue una colision con un vehiculo automotor en transporte,Not an Intersection,No fue interseccion,Sobre el lado de la calle,Ninguna,Oscuro sin iluminacion,Despejado,No,NO APLICA,99,99,99,99,1,01/06/2022,1
54,West Virginia,540086,0,0,2,0,107,WOOD (107),0,NO APLICA,6,Junio,1,2022,19,1,SR-14,3,Highway estatal,Rural,Colector Mayor,State Highway Agency,0,Sin jurisdiccion especial,8,39.15202222,-81.46884167,Vehiculo en movimiento,Frente a frente,Not an Intersection,No fue interseccion,Sobre calle,Ninguna,Dia total,Despejado,No,NO APLICA,19,3,20,20,1,01/06/2022,3
54,West Virginia,540087,0,0,1,0,65,MORGAN (65),0,NO APLICA,6,Junio,2,2022,8,1,SR-9 MARTINSBURG RD,3,Highway estatal,Rural,Arteria Principal,State Highway Agency,1,Sin jurisdiccion especial,260,39.62950556,-78.09436667,Poste,El primer evento no fue una colision con un vehiculo automotor en transporte,Not an Intersection,No fue interseccion,Sobre el lado de la calle,Ninguna,Dia total,Despejado,No,NO APLICA,99,99,99,99,1,02/06/2022,1
54,West Virginia,540088,0,0,1,0,11,CABELL (11),2003,ONA,6,Junio,3,2022,22,10,US-60,2,US Highway,Urbano,Arteria Menor,State Highway Agency,0,Sin jurisdiccion especial,71,38.41530278,-82.234025,Volcadura,El primer evento no fue una colision con un vehiculo automotor en transporte,Not an Intersection,No fue interseccion,Sobre el lado de la calle,Ninguna,Oscuro sin iluminacion,Nublado,No,NO APLICA,99,99,99,99,1,03/06/2022,1
54,West Virginia,540089,0,0,1,0,95,TYLER (95),0,NO APLICA,6,Junio,4,2022,9,47,SR-18,3,Highway estatal,Rural,Colector Mayor,State Highway Agency,0,Sin jurisdiccion especial,255,39.53373056,-80.93158611,Volcadura,El primer evento no fue una colision con un vehiculo automotor en transporte,Not an Intersection,No fue interseccion,Sobre el lado de la calle,Ninguna,Dia total,Despejado,No,NO APLICA,99,99,99,99,1,04/06/2022,1
54,West Virginia,540090,1,1,2,1,77,PRESTON (77),123,AURORA,6,Junio,5,2022,14,0,CR-112,4,Calle del Condado,Rural,Colector Menor,State Highway Agency,0,Sin jurisdiccion especial,54,39.26076111,-79.59814167,Vehiculo Aparcado,El primer evento no fue una colision con un vehiculo automotor en transporte,Not an Intersection,No fue interseccion,Sobre el lado de la calle,Ninguna,Dia total,Despejado,No,NO APLICA,14,8,14,15,1,05/06/2022,1
54,West Virginia,540091,0,0,1,0,41,LEWIS (41),2790,WESTON,6,Junio,5,2022,17,50,US-33,2,US Highway,Urbano,Arteria Menor,State Highway Agency,0,Sin jurisdiccion especial,179,39.03656389,-80.44890556,Poste de Señal de trafico,El primer evento no fue una colision con un vehiculo automotor en transporte,Not an Intersection,No fue interseccion,Sobre el lado de la calle,Ninguna,Dia total,Despejado,No,NO APLICA,17,53,17,55,1,05/06/2022,1
54,West Virginia,540092,0,0,1,0,39,KANAWHA (39),2480,SOUTH CHARLESTON,6,Junio,11,2022,18,25,I-64,1,Interestatal,Urbano,Interestatal,State Highway Agency,1,Sin jurisdiccion especial,544,38.35983333,-81.71612222,Barrera de Trafico de Concreto,El primer evento no fue una colision con un vehiculo automotor en transporte,Not an Intersection,No fue interseccion,Sobre el lado de la calle,Ninguna,Dia total,Despejado,No,NO APLICA,99,99,99,99,1,11/06/2022,1
54,West Virginia,540093,0,0,1,0,23,GRANT (23),1726,MAYSVILLE,6,Junio,11,2022,19,38,CR-42/6 LONESOME DOVE RD,4,Calle del Condado,Rural,Local,State Highway Agency,0,Sin jurisdiccion especial,28,39.089975,-79.13476389,Arbol,El primer evento no fue una colision con un vehiculo automotor en transporte,Not an Intersection,No fue interseccion,Sobre el lado de la calle,Ninguna,Dia total,Despejado,No,NO APLICA,99,99,99,99,1,11/06/2022,2
54,West Virginia,540094,0,0,1,0,3,BERKELEY (3),0,NO APLICA,6,Junio,15,2022,19,5,SR-45 APPLE HARVEST RD,3,Highway estatal,Rural,Colector Mayor,State Highway Agency,0,Sin jurisdiccion especial,104,39.38348889,-78.14285,Poste de Señal de trafico,El primer evento no fue una colision con un vehiculo automotor en transporte,Not an Intersection,No fue interseccion,Sobre el lado de la calle,Ninguna,Dia total,Despejado,No,NO APLICA,99,99,99,99,1,15/06/2022,1
54,West Virginia,540095,0,0,1,0,3,BERKELEY (3),1328,JONES SPRINGS,6,Junio,16,2022,14,27,CR-19/1 AIRPORT RD,4,Calle del Condado,Urbano,Colector Menor,State Highway Agency,0,Sin jurisdiccion especial,1,39.40496667,-77.965525,Arbol,El primer evento no fue una colision con un vehiculo automotor en transporte,Not an Intersection,No fue interseccion,Sobre el lado de la calle,Ninguna,Dia total,Nublado,No,NO APLICA,99,99,99,99,1,16/06/2022,3
54,West Virginia,540096,0,0,2,0,27,HAMPSHIRE (27),0,NO APLICA,6,Junio,16,2022,18,40,CR-16/3,4,Calle del Condado,Rural,Local,State Highway Agency,0,Sin jurisdiccion especial,10,39.35018611,-78.83410278,Vehiculo en movimiento,Frente a frente,Not an Intersection,No fue interseccion,Sobre calle,Ninguna,Dia total,Despejado,No,NO APLICA,99,99,99,99,1,16/06/2022,3
54,West Virginia,540097,1,1,1,0,5,BOONE (5),2659,VAN,6,Junio,17,2022,5,40,CR-26 CHAP RD,4,Calle del Condado,Rural,Colector Mayor,State Highway Agency,0,Sin jurisdiccion especial,73,37.97178611,-81.70194444,Peaton,El primer evento no fue una colision con un vehiculo automotor en transporte,Not an Intersection,No fue interseccion,Sobre calle,Ninguna,Amanecer,Neblina o Humo,No,NO APLICA,99,99,99,99,1,17/06/2022,1
54,West Virginia,540098,0,0,1,0,77,PRESTON (77),330,BRUCETON MILLS,6,Junio,18,2022,21,13,CR-5 HAZELTON RD,4,Calle del Condado,Rural,Colector Mayor,State Highway Agency,0,Sin jurisdiccion especial,49,39.65618611,-79.532725,Volcadura,El primer evento no fue una colision con un vehiculo automotor en transporte,Not an Intersection,No fue interseccion,Sobre calle,Ninguna,Oscuro sin iluminacion,Despejado,No,NO APLICA,99,99,99,99,1,18/06/2022,1
54,West Virginia,540099,0,0,1,0,57,MINERAL (57),1895,NEW CREEK,6,Junio,20,2022,12,56,CR-6,4,Calle del Condado,Rural,Colector Menor,State Highway Agency,0,Sin jurisdiccion especial,15,39.36097222,-79.02444722,Poste de Señal de trafico,El primer evento no fue una colision con un vehiculo automotor en transporte,Not an Intersection,No fue interseccion,Sobre el lado de la calle,Ninguna,Dia total,Despejado,No,NO APLICA,99,99,99,99,1,20/06/2022,1
54,West Virginia,540100,0,0,2,0,11,CABELL (11),1270,HUNTINGTON,6,Junio,20,2022,14,45,SR-2,3,Highway estatal,Urbano,Arteria Principal,State Highway Agency,0,Sin jurisdiccion especial,20,38.43384444,-82.35857778,Vehiculo en movimiento,Golpe Lateral - direccion contraria,Not an Intersection,No fue interseccion,Sobre calle,Ninguna,Dia total,Nublado,No,NO APLICA,99,99,99,99,1,20/06/2022,2
54,West Virginia,540101,0,0,2,1,53,MASON (53),968,GALLIPOLIS FERRY,6,Junio,21,2022,11,28,SR-2,3,Highway estatal,Rural,Arteria Principal,State Highway Agency,1,Sin jurisdiccion especial,151,38.79100833,-82.20043056,Vehiculo Aparcado,El primer evento no fue una colision con un vehiculo automotor en transporte,Not an Intersection,No fue interseccion,Fuera de la calle,Ninguna,Dia total,Despejado,No,NO APLICA,99,99,99,99,1,21/06/2022,1
54,West Virginia,540102,0,0,1,0,25,GREENBRIER (25),2840,WHITE SULPHUR SPGS,6,Junio,23,2022,5,44,I-64,1,Interestatal,Rural,Interestatal,State Highway Agency,1,Sin jurisdiccion especial,1765,37.77020278,-80.32805833,Volcadura,El primer evento no fue una colision con un vehiculo automotor en transporte,Not an Intersection,No fue interseccion,En el medio,Ninguna,Amanecer,Nublado,No,NO APLICA,99,99,99,99,1,23/06/2022,2
54,West Virginia,540103,0,0,2,0,3,BERKELEY (3),864,FALLING WATERS,6,Junio,24,2022,10,50,SR-901,3,Highway estatal,Urbano,Colector Menor,State Highway Agency,0,Sin jurisdiccion especial,1,39.55697222,-77.94161667,Vehiculo en movimiento,Frente a frente,Not an Intersection,No fue interseccion,Sobre calle,Ninguna,Dia total,Despejado,No,NO APLICA,10,54,10,55,1,24/06/2022,2
54,West Virginia,540104,0,0,1,0,107,WOOD (107),2715,WASHINGTON,6,Junio,24,2022,14,12,US-50,2,US Highway,Urbano,Arteria Principal,State Highway Agency,1,Sin jurisdiccion especial,10,39.26356667,-81.64611667,Valla Ferrocarril,El primer evento no fue una colision con un vehiculo automotor en transporte,Not an Intersection,No fue interseccion,Sobre el lado de la calle,Ninguna,Dia total,Despejado,No,NO APLICA,14,15,14,21,1,24/06/2022,1
54,West Virginia,540105,0,0,2,0,97,UPSHUR (97),340,BUCKHANNON,6,Junio,25,2022,13,31,SR-20,3,Highway estatal,Rural,Colector Mayor,State Highway Agency,0,Sin jurisdiccion especial,194,38.92634167,-80.26454167,Vehiculo en movimiento,Frente a frente,Not an Intersection,No fue interseccion,Sobre calle,Ninguna,Dia total,Despejado,No,NO APLICA,13,32,13,41,1,25/06/2022,2
54,West Virginia,540106,0,0,1,0,43,LINCOLN (43),305,BRANCHLAND,6,Junio,26,2022,1,51,SR-10,3,Highway estatal,Rural,Arteria Menor,State Highway Agency,0,Sin jurisdiccion especial,228,38.14211944,-82.18324444,Zanja,El primer evento no fue una colision con un vehiculo automotor en transporte,Not an Intersection,No fue interseccion,Sobre el lado de la calle,Ninguna,Oscuro con iluminacion,Despejado,No,NO APLICA,1,56,2,12,1,26/06/2022,2
54,West Virginia,540107,0,0,1,0,17,DODDRIDGE (17),1935,NEW MILTON,6,Junio,27,2022,12,9,SR-18,3,Highway estatal,Rural,Colector Mayor,State Highway Agency,0,Sin jurisdiccion especial,36,39.22236944,-80.69736389,Otro objeto (no fijo),El primer evento no fue una colision con un vehiculo automotor en transporte,Not an Intersection,No fue interseccion,Sobre el lado de la calle,Ninguna,Dia total,Despejado,No,NO APLICA,12,10,12,34,1,27/06/2022,1
54,West Virginia,540108,1,1,1,0,39,KANAWHA (39),480,CHARLESTON,6,Junio,28,2022,11,15,US-60,2,US Highway,Urbano,Arteria Menor,State Highway Agency,0,Sin jurisdiccion especial,168,38.35529722,-81.63761389,Peaton,El primer evento no fue una colision con un vehiculo automotor en transporte,Not an Intersection,No fue interseccion,Sobre calle,Ninguna,Dia total,Despejado,No,NO APLICA,11,30,99,99,1,28/06/2022,1
54,West Virginia,540109,0,0,1,0,99,WAYNE (99),940,FORT GAY,6,Junio,28,2022,23,32,SR-37,3,Highway estatal,Rural,Colector Mayor,State Highway Agency,0,Sin jurisdiccion especial,30,38.14118333,-82.57995,Arbol,El primer evento no fue una colision con un vehiculo automotor en transporte,Not an Intersection,No fue interseccion,Sobre el lado de la calle,Ninguna,Oscuro sin iluminacion,Despejado,No,NO APLICA,99,99,99,99,1,28/06/2022,1
54,West Virginia,540110,0,0,2,0,75,POCAHONTAS (75),1266,HUNTERSVILLE,6,Junio,29,2022,12,36,SR-28,3,Highway estatal,Rural,Colector Mayor,State Highway Agency,0,Sin jurisdiccion especial,9,38.19991944,-80.01820833,Vehiculo en movimiento,Frente a frente,Not an Intersection,No fue interseccion,Sobre calle,Ninguna,Dia total,Despejado,No,NO APLICA,99,99,99,99,1,29/06/2022,2
54,West Virginia,540111,0,0,1,0,79,PUTNAM (79),1280,HURRICANE,7,Julio,1,2022,2,18,CR-60/10 VIRGINIA AVE,4,Calle del Condado,Urbano,Colector Menor,State Highway Agency,0,Sin jurisdiccion especial,3,38.42802222,-82.04220556,Zanja,El primer evento no fue una colision con un vehiculo automotor en transporte,Not an Intersection,No fue interseccion,Sobre el lado de la calle,Ninguna,Oscuro sin iluminacion,Despejado,No,NO APLICA,2,18,99,99,1,01/07/2022,1
54,West Virginia,540112,0,0,1,0,59,MINGO (59),1446,LENORE,7,Julio,2,2022,13,56,CR-3/5,4,Calle del Condado,Rural,Colector Mayor,State Highway Agency,0,Sin jurisdiccion especial,13,37.81708889,-82.27033056,Acotamiento,El primer evento no fue una colision con un vehiculo automotor en transporte,Not an Intersection,No fue interseccion,Sobre el lado de la calle,Ninguna,Otra,Nublado,No,NO APLICA,13,56,14,15,1,02/07/2022,1
54,West Virginia,540113,0,0,2,0,77,PRESTON (77),2350,ROWLESBURG,7,Julio,10,2022,16,30,SR-72 - S CATHERINE ST,3,Highway estatal,Rural,Arteria Menor,State Highway Agency,0,Sin jurisdiccion especial,96,39.34779722,-79.68003611,Vehiculo en movimiento,Angulo,T-Intersection,Interseccion de T,Sobre calle,Ninguna,Dia total,Despejado,No,NO APLICA,16,42,17,27,1,10/07/2022,2
54,West Virginia,540114,0,0,1,0,35,JACKSON (35),1348,KENNA,7,Julio,11,2022,9,38,I-77,1,Interestatal,Rural,Interestatal,State Highway Agency,1,Sin jurisdiccion especial,1230,38.65281111,-81.65260556,Acotamiento,El primer evento no fue una colision con un vehiculo automotor en transporte,Not an Intersection,No fue interseccion,Sobre el lado de la calle,Ninguna,Dia total,Despejado,No,NO APLICA,99,99,99,99,1,11/07/2022,1
54,West Virginia,540115,0,0,1,0,3,BERKELEY (3),0,NO APLICA,7,Julio,11,2022,21,30,CR-11/27 MID ATLANTIC PKWY,4,Calle del Condado,Urbano,Local,State Highway Agency,0,Sin jurisdiccion especial,5,39.49399444,-77.95798333,Acotamiento,El primer evento no fue una colision con un vehiculo automotor en transporte,Not an Intersection,No fue interseccion,Sobre el lado de la calle,Ninguna,Oscuro sin iluminacion,Despejado,No,NO APLICA,99,99,99,99,1,11/07/2022,1
54,West Virginia,540116,0,0,1,0,47,MCDOWELL (47),1300,IAEGER,7,Julio,11,2022,23,45,CR-1,4,Calle del Condado,Rural,Colector Mayor,State Highway Agency,0,Sin jurisdiccion especial,93,37.48279722,-81.89678611,Acotamiento,El primer evento no fue una colision con un vehiculo automotor en transporte,Not an Intersection,No fue interseccion,Sobre el lado de la calle,Ninguna,Oscuro sin iluminacion,Despejado,No,NO APLICA,23,57,0,23,1,11/07/2022,1
54,West Virginia,540117,0,0,1,0,45,LOGAN (45),2596,TAPLIN,7,Julio,14,2022,14,15,SR-10,3,Highway estatal,Rural,Arteria Principal,State Highway Agency,1,Sin jurisdiccion especial,100,37.76095,-81.91067222,Barrera de Trafico de Concreto,El primer evento no fue una colision con un vehiculo automotor en transporte,Not an Intersection,No fue interseccion,En el medio,Ninguna,Dia total,Despejado,No,NO APLICA,99,99,99,99,1,14/07/2022,1
54,West Virginia,540118,0,0,3,0,67,NICHOLAS (67),1886,NETTIE,7,Julio,14,2022,15,40,SR-20 - CHERRY RUN RD,3,Highway estatal,Rural,Arteria Menor,State Highway Agency,0,Sin jurisdiccion especial,106,38.36183056,-80.61248611,Vehiculo en movimiento,Frente a frente,Not an Intersection,No fue interseccion,Sobre calle,Ninguna,Dia total,Despejado,No,NO APLICA,99,99,99,99,1,14/07/2022,5
54,West Virginia,540119,0,0,2,0,11,CABELL (11),130,BARBOURSVILLE,7,Julio,15,2022,13,16,US-60,2,US Highway,Urbano,Arteria Menor,State Highway Agency,0,Sin jurisdiccion especial,121,38.41493611,-82.29951389,Vehiculo en movimiento,Angulo,Y-Intersection,Interseccion de Y,Sobre calle,Ninguna,Dia total,Despejado,No,NO APLICA,13,20,13,27,1,15/07/2022,2
54,West Virginia,540120,0,0,1,0,3,BERKELEY (3),1660,MARTINSBURG,7,Julio,16,2022,0,58,US-11 WINCHESTER AVE,2,US Highway,Urbano,Arteria Menor,State Highway Agency,0,Sin jurisdiccion especial,104,39.42430556,-77.98837222,Poste,El primer evento no fue una colision con un vehiculo automotor en transporte,Not an Intersection,No fue interseccion,Sobre el lado de la calle,Ninguna,Oscuro sin iluminacion,Despejado,No,NO APLICA,1,0,99,99,1,16/07/2022,1
54,West Virginia,540121,0,0,1,0,5,BOONE (5),1327,JULIAN,7,Julio,16,2022,19,44,US-119,2,US Highway,Rural,Arteria Principal,State Highway Agency,1,Sin jurisdiccion especial,182,38.15178611,-81.84429167,Barrera de Cable,El primer evento no fue una colision con un vehiculo automotor en transporte,Not an Intersection,No fue interseccion,En el medio,Ninguna,Dia total,Despejado,No,NO APLICA,19,46,19,57,1,16/07/2022,1
54,West Virginia,540122,0,0,2,0,33,HARRISON (33),540,CLARKSBURG,7,Julio,19,2022,13,34,US-50,2,US Highway,Urbano,Arteria Menor,State Highway Agency,0,Sin jurisdiccion especial,185,39.28098056,-80.27788889,Vehiculo en movimiento,Angulo,Four-Way Intersection,Interseccion de 4 direcciones,Sobre calle,Ninguna,Dia total,Despejado,No,NO APLICA,13,38,13,39,1,19/07/2022,2
54,West Virginia,540123,0,0,1,0,47,MCDOWELL (47),2690,WAR,7,Julio,20,2022,21,50,SR-16,3,Highway estatal,Rural,Arteria Menor,State Highway Agency,0,Sin jurisdiccion especial,158,37.30280278,-81.68815833,Edificio,El primer evento no fue una colision con un vehiculo automotor en transporte,Not an Intersection,No fue interseccion,Sobre el lado de la calle,Ninguna,Oscuro con iluminacion,Nublado,No,NO APLICA,22,0,22,15,1,20/07/2022,3