Estado,Nombre de Estado,Numero de Caso,Peatones,Personas _no_vehiculos,Vehiculos automotores,Vehiculos estacionados,Condado,Nombre Condado,Ciudad,Nombre Ciudad,Mes,Nombre Mes,Dia,Año,Hora,Minuto,Calle,Ruta,Nombre Ruta,Rural o Urbanoo,Sistema Funcional,Dueño Calle,Sistema Nacional Carreteras,Jurisdiccion Especial,Milla,Latitud,Longitud,Causa del Accidente,Tipo de Accidente,Tipo Interseccion,Columna1,Lugar en la calle,Zona de Trabajo,Luz,Clima,Autobus Escolar,Cruce de Trenes,Hora Notificacion,Minuto Notificacion,Hora Llegada,Minuto Llegada,Decesos,Fecha,PersonaVehiculo
54,West Virginia,540124,0,0,1,0,53,MASON (53),113,ASHTON,7,Julio,22,2022,13,29,SR-2 HUNTINGTON RD,3,Highway estatal,Rural,Arteria Principal,County Highway Agency,1,Sin jurisdiccion especial,119,38.62433056,-82.16503889,Poste,El primer evento no fue una colision con un vehiculo automotor en transporte,Not an Intersection,No fue interseccion,Sobre el lado de la calle,Ninguna,Dia total,Despejado,No,NO APLICA,99,99,99,99,1,22/07/2022,1
54,West Virginia,540125,0,0,1,0,39,KANAWHA (39),480,CHARLESTON,7,Julio,23,2022,2,15,CR-22 WOODWARD DR,4,Calle del Condado,Urbano,Colector Menor,State Highway Agency,0,Sin jurisdiccion especial,16,38.41386111,-81.69976944,Volcadura,El primer evento no fue una colision con un vehiculo automotor en transporte,Not an Intersection,No fue interseccion,Sobre el lado de la calle,Ninguna,Oscuro sin iluminacion,Despejado,No,NO APLICA,2,17,2,27,1,23/07/2022,1
54,West Virginia,540126,0,0,2,0,35,JACKSON (35),2240,RAVENSWOOD,7,Julio,23,2022,19,23,SR-2,3,Highway estatal,Rural,Arteria Principal,State Highway Agency,1,Sin jurisdiccion especial,90,38.92530833,-81.75606667,Vehiculo en movimiento,Frente a frente,Not an Intersection,No fue interseccion,Sobre calle,Ninguna,Dia total,Nublado,No,NO APLICA,99,99,99,99,1,23/07/2022,3
54,West Virginia,540127,0,0,2,0,35,JACKSON (35),2394,SANDYVILLE,7,Julio,23,2022,21,54,CR-1,4,Calle del Condado,Rural,Colector Mayor,State Highway Agency,0,Sin jurisdiccion especial,5,38.96644444,-81.62445556,Vehiculo en movimiento,Frente a frente,Not an Intersection,No fue interseccion,Sobre calle,Ninguna,Oscuro sin iluminacion,Despejado,No,NO APLICA,99,99,99,99,1,23/07/2022,6
54,West Virginia,540128,0,0,1,0,63,MONROE (63),0,NO APLICA,7,Julio,25,2022,7,0,CR-17 WAITVILLE RD,4,Calle del Condado,Rural,Colector Menor,State Highway Agency,0,Sin jurisdiccion especial,67,37.47353889,-80.42473889,Arbol,El primer evento no fue una colision con un vehiculo automotor en transporte,Not an Intersection,No fue interseccion,Sobre el lado de la calle,Ninguna,Dia total,Despejado,No,NO APLICA,99,99,99,99,1,25/07/2022,1
54,West Virginia,540129,0,0,1,0,15,CLAY (15),550,CLAY,7,Julio,30,2022,15,30,SR-16 CLAY HWY,3,Highway estatal,Rural,Colector Mayor,State Highway Agency,0,Sin jurisdiccion especial,193,38.40343611,-81.11311944,Fin de valla,El primer evento no fue una colision con un vehiculo automotor en transporte,Not an Intersection,No fue interseccion,Sobre el lado de la calle,Ninguna,Dia total,Despejado,No,NO APLICA,99,99,99,99,1,30/07/2022,1
54,West Virginia,540130,0,0,2,0,85,RITCHIE (85),1554,MACFARLAN,7,Julio,30,2022,18,0,SR-47 - STAUNTON TURNPIKE,3,Highway estatal,Rural,Colector Mayor,State Highway Agency,0,Sin jurisdiccion especial,56,39.07844444,-81.21106389,Vehiculo en movimiento,Angulo,T-Intersection,Interseccion de T,Sobre calle,Ninguna,Dia total,Despejado,No,NO APLICA,18,12,18,25,1,30/07/2022,2
54,West Virginia,540131,0,0,1,0,37,JEFFERSON (37),1140,HARPERS FERRY,7,Julio,31,2022,7,2,US-340 HARPERS FERRY,2,US Highway,Urbano,Arteria Principal,State Highway Agency,1,Sin jurisdiccion especial,115,39.30856667,-77.79837222,Poste de Señal de trafico,El primer evento no fue una colision con un vehiculo automotor en transporte,Not an Intersection,No fue interseccion,Sobre el lado de la calle,Ninguna,Dia total,Despejado,No,NO APLICA,7,3,7,10,1,31/07/2022,1
54,West Virginia,540132,1,1,1,0,25,GREENBRIER (25),372,CALDWELL,7,Julio,29,2022,2,0,US-60,2,US Highway,Rural,Arteria Menor,State Highway Agency,0,Sin jurisdiccion especial,63,37.77320278,-80.37989444,Peaton,El primer evento no fue una colision con un vehiculo automotor en transporte,Not an Intersection,No fue interseccion,No reportado,Ninguna,Oscuro sin iluminacion,Despejado,No,NO APLICA,99,99,99,99,1,29/07/2022,1
54,West Virginia,540133,0,0,1,0,61,MONONGALIA (61),1840,MORGANTOWN,7,Julio,17,2022,7,22,I-68,1,Interestatal,Urbano,Interestatal,State Highway Agency,1,Sin jurisdiccion especial,119,39.66163889,-79.82053889,Acotamiento,El primer evento no fue una colision con un vehiculo automotor en transporte,Not an Intersection,No fue interseccion,Sobre el lado de la calle,Ninguna,Dia total,lluvia,No,NO APLICA,7,22,7,35,1,17/07/2022,1
54,West Virginia,540134,0,0,1,0,13,CALHOUN (13),252,BIG SPRINGS,8,Agosto,3,2022,5,45,SR-16,3,Highway estatal,Rural,Colector Mayor,State Highway Agency,0,Sin jurisdiccion especial,60,38.98229444,-81.06595556,Objeto aventado o caido,El primer evento no fue una colision con un vehiculo automotor en transporte,Not an Intersection,No fue interseccion,Sobre calle,Ninguna,Oscuro sin iluminacion,Despejado,No,NO APLICA,99,99,99,99,1,03/08/2022,2
54,West Virginia,540135,0,0,1,0,3,BERKELEY (3),1170,HEDGESVILLE,8,Agosto,5,2022,22,30,CR-7 BACK CREEK VALLEY RD,4,Calle del Condado,Rural,Colector Mayor,State Highway Agency,0,Sin jurisdiccion especial,77,39.40227778,-78.15051111,Acotamiento,El primer evento no fue una colision con un vehiculo automotor en transporte,Not an Intersection,No fue interseccion,Sobre el lado de la calle,Ninguna,Oscuro sin iluminacion,Despejado,No,NO APLICA,99,99,99,99,1,05/08/2022,2
54,West Virginia,540136,0,0,2,0,81,RALEIGH (81),275,BOLT,8,Agosto,8,2022,19,20,SR-99,3,Highway estatal,Rural,Arteria Menor,State Highway Agency,0,Sin jurisdiccion especial,12,37.76234722,-81.412425,Vehiculo en movimiento,Angulo,T-Intersection,Interseccion de T,Sobre calle,Ninguna,Dia total,Despejado,No,NO APLICA,99,99,99,99,1,08/08/2022,3
54,West Virginia,540137,0,0,1,0,35,JACKSON (35),1348,KENNA,8,Agosto,9,2022,19,49,CR-19/2 DUDDEN FORK RD,4,Calle del Condado,Rural,Local,State Highway Agency,0,Sin jurisdiccion especial,26,38.66516944,-81.64964444,Volcadura,El primer evento no fue una colision con un vehiculo automotor en transporte,Not an Intersection,No fue interseccion,Sobre calle,Ninguna,Atardecer,lluvia,No,NO APLICA,99,99,99,99,1,09/08/2022,1
54,West Virginia,540138,0,0,2,0,81,RALEIGH (81),835,FAIRDALE,8,Agosto,9,2022,2,20,SR-99 - BOLT RD,3,Highway estatal,Rural,Arteria Menor,State Highway Agency,0,Sin jurisdiccion especial,110,37.77322222,-81.38038056,Vehiculo en movimiento,Frente a frente,Not an Intersection,No fue interseccion,Sobre calle,Ninguna,Oscuro sin iluminacion,Despejado,No,NO APLICA,99,99,99,99,1,09/08/2022,2
54,West Virginia,540139,0,0,2,0,83,RANDOLPH (83),810,ELKINS,8,Agosto,10,2022,14,42,CR-23 - WARD RD,4,Calle del Condado,Rural,Colector Menor,State Highway Agency,0,Sin jurisdiccion especial,16,38.89618056,-79.85206111,Vehiculo en movimiento,Frente a frente,Not an Intersection,No fue interseccion,Sobre calle,Ninguna,Dia total,Nublado,No,NO APLICA,99,99,99,99,1,10/08/2022,4
54,West Virginia,540140,0,0,1,0,99,WAYNE (99),2720,WAYNE,8,Agosto,11,2022,3,38,CR-17 LEFT FORK WILSON CR,4,Calle del Condado,Rural,Colector Mayor,State Highway Agency,0,Sin jurisdiccion especial,44,38.24708333,-82.420875,Arbol,El primer evento no fue una colision con un vehiculo automotor en transporte,Not an Intersection,No fue interseccion,Sobre el lado de la calle,Ninguna,Oscuro sin iluminacion,lluvia,No,NO APLICA,99,99,99,99,1,11/08/2022,1
54,West Virginia,540141,0,0,1,0,61,MONONGALIA (61),1840,MORGANTOWN,8,Agosto,14,2022,13,30,I-79,1,Interestatal,Rural,Interestatal,State Highway Agency,1,Sin jurisdiccion especial,1430,39.52166389,-80.01138333,Barrera de Cable,El primer evento no fue una colision con un vehiculo automotor en transporte,Not an Intersection,No fue interseccion,En el medio,Ninguna,Dia total,Nublado,No,NO APLICA,99,99,99,99,1,14/08/2022,1
54,West Virginia,540142,0,0,1,0,49,MARION (49),2843,WHITEHALL,8,Agosto,16,2022,16,20,I-79,1,Interestatal,Urbano,Interestatal,State Highway Agency,1,Sin jurisdiccion especial,1325,39.44066111,-80.17314444,Valla Ferrocarril,El primer evento no fue una colision con un vehiculo automotor en transporte,Not an Intersection,No fue interseccion,Sobre el lado de la calle,"Zona de trabajo, tipo desconocido",Dia total,Despejado,No,NO APLICA,99,99,99,99,1,16/08/2022,1
54,West Virginia,540143,0,0,2,0,37,JEFFERSON (37),1741,MIDDLEWAY,8,Agosto,18,2022,18,22,SR-51 - MIDDLEWAY PIKE,3,Highway estatal,Rural,Colector Mayor,State Highway Agency,0,Sin jurisdiccion especial,10,39.31941944,-77.98763056,Barrera de Trafico de Concreto,El primer evento no fue una colision con un vehiculo automotor en transporte,Not an Intersection,No fue interseccion,Sobre el lado de la calle,"Zona de trabajo, tipo desconocido",Dia total,Despejado,No,NO APLICA,18,38,19,9,1,18/08/2022,4
54,West Virginia,540144,0,0,1,0,33,HARRISON (33),0,NO APLICA,8,Agosto,18,2022,15,45,I-79,1,Interestatal,Urbano,Interestatal,State Highway Agency,1,Sin jurisdiccion especial,1170,39.26547778,-80.28917222,Acotamiento,El primer evento no fue una colision con un vehiculo automotor en transporte,Not an Intersection,No fue interseccion,Sobre el lado de la calle,Ninguna,Dia total,Despejado,No,NO APLICA,99,99,99,99,1,18/08/2022,1
54,West Virginia,540145,0,0,1,0,69,OHIO (69),2830,WHEELING,8,Agosto,18,2022,18,19,MAIN ST,6,Calle Local Municipalidad,Urbano,Local,State Highway Agency,0,Sin jurisdiccion especial,0,40.06355,-80.72324167,Poste,El primer evento no fue una colision con un vehiculo automotor en transporte,Not an Intersection,No fue interseccion,Sobre el lado de la calle,Ninguna,Dia total,Nublado,No,NO APLICA,99,99,99,99,2,18/08/2022,2
54,West Virginia,540146,0,0,2,0,103,WETZEL (103),0,NO APLICA,8,Agosto,19,2022,9,6,SR-20 - SHORTLINE HWY,3,Highway estatal,Rural,Arteria Menor,State Highway Agency,0,Sin jurisdiccion especial,216,39.58248889,-80.74927778,Vehiculo en movimiento,Frente a frente,Not an Intersection,No fue interseccion,Sobre calle,Ninguna,Dia total,Despejado,No,NO APLICA,99,99,99,99,1,19/08/2022,4
54,West Virginia,540147,1,1,1,0,55,MERCER (55),260,BLUEFIELD,8,Agosto,21,2022,16,57,BRIERWOOD LN,8,Otro,Rural,Local,State Highway Agency,0,Sin jurisdiccion especial,0,37.26476667,-81.18542222,Peaton,El primer evento no fue una colision con un vehiculo automotor en transporte,Not an Intersection,No fue interseccion,Sobre calle,Ninguna,Dia total,Despejado,No,NO APLICA,16,58,17,5,1,21/08/2022,2
54,West Virginia,540148,0,0,1,0,105,WIRT (105),2035,PALESTINE,8,Agosto,22,2022,20,12,SR-14,3,Highway estatal,Rural,Colector Mayor,State Highway Agency,0,Sin jurisdiccion especial,25,39.03078333,-81.41043611,Valla Ferrocarril,El primer evento no fue una colision con un vehiculo automotor en transporte,Not an Intersection,No fue interseccion,Sobre el lado de la calle,Ninguna,Oscuro sin iluminacion,Despejado,No,NO APLICA,20,14,20,31,1,22/08/2022,1
54,West Virginia,540149,0,0,1,0,101,WEBSTER (101),2725,WEBSTER SPRINGS,8,Agosto,26,2022,11,55,SR-20,3,Highway estatal,Rural,Colector Mayor,State Highway Agency,0,Sin jurisdiccion especial,187,38.47227222,-80.4168,Acotamiento,El primer evento no fue una colision con un vehiculo automotor en transporte,Not an Intersection,No fue interseccion,Sobre el lado de la calle,Ninguna,Dia total,Despejado,No,NO APLICA,99,99,99,99,1,26/08/2022,1
54,West Virginia,540150,0,0,2,0,87,ROANE (87),1928,NEWTON,8,Agosto,31,2022,22,0,I-79,1,Interestatal,Rural,Interestatal,State Highway Agency,1,Sin jurisdiccion especial,225,38.54351944,-81.31579167,Vehiculo en movimiento,Golpe Lateral - misma direccion,Not an Intersection,No fue interseccion,Sobre calle,Ninguna,Oscuro sin iluminacion,Despejado,No,NO APLICA,22,4,22,17,1,31/08/2022,3
54,West Virginia,540151,0,0,1,0,69,OHIO (69),0,NO APLICA,8,Agosto,31,2022,19,55,SR-88,3,Highway estatal,Rural,Colector Mayor,State Highway Agency,0,Sin jurisdiccion especial,126,40.09835,-80.677425,Poste,El primer evento no fue una colision con un vehiculo automotor en transporte,Not an Intersection,No fue interseccion,Sobre el lado de la calle,Ninguna,Dia total,Despejado,No,NO APLICA,99,99,99,99,1,31/08/2022,1
54,West Virginia,540152,1,1,1,0,55,MERCER (55),2180,PRINCETON,8,Agosto,31,2022,23,18,SR-10,3,Highway estatal,Rural,Colector Mayor,State Highway Agency,0,Sin jurisdiccion especial,6,37.40551667,-81.15001111,Peaton,El primer evento no fue una colision con un vehiculo automotor en transporte,Not an Intersection,No fue interseccion,Sobre calle,Ninguna,Oscuro sin iluminacion,Despejado,No,NO APLICA,23,21,23,32,1,31/08/2022,2
54,West Virginia,540153,0,0,1,0,53,MASON (53),1465,LETART,8,Agosto,5,2022,1,30,CR-3/3 LEIVING RD,4,Calle del Condado,Rural,Local,State Highway Agency,0,Sin jurisdiccion especial,9,38.95516389,-82.004075,Volcadura,El primer evento no fue una colision con un vehiculo automotor en transporte,Not an Intersection,No fue interseccion,Sobre el lado de la calle,Ninguna,Oscuro sin iluminacion,Despejado,No,NO APLICA,99,99,99,99,1,05/08/2022,1
54,West Virginia,540154,0,0,1,0,59,MINGO (59),0,NO APLICA,7,Julio,16,2022,23,22,US-52,2,US Highway,Rural,Arteria Principal,State Highway Agency,1,Sin jurisdiccion especial,372,37.70296667,-82.18551111,Arbol,El primer evento no fue una colision con un vehiculo automotor en transporte,Not an Intersection,No fue interseccion,Sobre el lado de la calle,Ninguna,Oscuro sin iluminacion,Despejado,No,NO APLICA,99,99,99,99,1,16/07/2022,2
54,West Virginia,540155,0,0,1,0,59,MINGO (59),0,NO APLICA,9,Septiembre,3,2022,18,57,CR-8,4,Calle del Condado,Rural,Colector Mayor,State Highway Agency,0,Sin jurisdiccion especial,56,99.9999,999.9999,Puente de Ferrocarril,El primer evento no fue una colision con un vehiculo automotor en transporte,Not an Intersection,No fue interseccion,Sobre el lado de la calle,Ninguna,Dia total,lluvia,No,NO APLICA,99,99,99,99,1,03/09/2022,1
54,West Virginia,540156,0,0,2,0,53,MASON (53),2150,POINT PLEASANT,9,Septiembre,8,2022,18,16,SR-62,3,Highway estatal,Rural,Colector Mayor,State Highway Agency,0,Sin jurisdiccion especial,18,39.01306111,-82.03688333,Vehiculo en movimiento,Angulo,Not an Intersection,No fue interseccion,Sobre calle,Ninguna,Dia total,Despejado,No,NO APLICA,99,99,99,99,1,08/09/2022,6
54,West Virginia,540157,0,0,1,0,51,MARSHALL (51),0,NO APLICA,9,Septiembre,8,2022,23,50,CR-2/4 BENWOOD HILL RD,4,Calle del Condado,Rural,Colector Mayor,State Highway Agency,0,Sin jurisdiccion especial,15,39.99395,-80.69918889,Muro,El primer evento no fue una colision con un vehiculo automotor en transporte,Not an Intersection,No fue interseccion,Sobre el lado de la calle,Ninguna,Oscuro sin iluminacion,Despejado,No,NO APLICA,99,99,99,99,1,08/09/2022,2
54,West Virginia,540158,0,0,1,0,107,WOOD (107),2686,WALKER,9,Septiembre,10,2022,18,29,CR-47/16 BLAZE RUN RD,4,Calle del Condado,Rural,Local,State Highway Agency,0,Sin jurisdiccion especial,4,39.16516667,-81.39470833,Acotamiento,El primer evento no fue una colision con un vehiculo automotor en transporte,Not an Intersection,No fue interseccion,Sobre el lado de la calle,Ninguna,Dia total,Despejado,No,NO APLICA,18,43,19,42,1,10/09/2022,5
54,West Virginia,540159,0,0,3,0,53,MASON (53),2150,POINT PLEASANT,9,Septiembre,16,2022,16,0,SR-2 POINT PLEASANT,3,Highway estatal,Rural,Arteria Principal,State Highway Agency,1,Sin jurisdiccion especial,261,38.84647222,-82.06922222,Vehiculo en movimiento,Frente a frente,Not an Intersection,No fue interseccion,Sobre calle,Ninguna,Dia total,Despejado,No,NO APLICA,99,99,99,99,1,16/09/2022,8
54,West Virginia,540160,0,0,2,0,109,WYOMING (109),1125,HANOVER,9,Septiembre,18,2022,15,12,US-52,2,US Highway,Rural,Arteria Principal,State Highway Agency,1,Sin jurisdiccion especial,50,37.59335833,-81.82656944,Vehiculo en movimiento,Frente a Detrás,Not an Intersection,No fue interseccion,Sobre calle,Ninguna,Dia total,Despejado,No,NO APLICA,99,99,99,99,1,18/09/2022,2
54,West Virginia,540162,0,0,1,0,17,DODDRIDGE (17),2810,WEST UNION,9,Septiembre,18,2022,4,0,CR-24,4,Calle del Condado,Rural,Local,State Highway Agency,0,Sin jurisdiccion especial,12,39.35427778,-80.80793333,Acotamiento,El primer evento no fue una colision con un vehiculo automotor en transporte,Not an Intersection,No fue interseccion,Sobre el lado de la calle,Ninguna,Oscuro con iluminacion,Despejado,No,NO APLICA,99,99,99,99,1,18/09/2022,1
54,West Virginia,540163,1,1,1,0,45,LOGAN (45),292,BRAEHOLM,9,Septiembre,26,2022,6,15,CR-16,4,Calle del Condado,Rural,Colector Mayor,State Highway Agency,0,Sin jurisdiccion especial,41,37.77668333,-81.81923889,Peaton,El primer evento no fue una colision con un vehiculo automotor en transporte,Not an Intersection,No fue interseccion,Sobre calle,Ninguna,Oscuro sin iluminacion,Despejado,No,NO APLICA,99,99,99,99,1,26/09/2022,4
54,West Virginia,540164,0,0,1,0,97,UPSHUR (97),340,BUCKHANNON,9,Septiembre,27,2022,15,50,CR-151,4,Calle del Condado,Rural,Colector Mayor,State Highway Agency,0,Sin jurisdiccion especial,57,38.96089444,-80.14995,Arbol,El primer evento no fue una colision con un vehiculo automotor en transporte,Not an Intersection,No fue interseccion,Sobre el lado de la calle,Ninguna,Dia total,Despejado,No,NO APLICA,15,57,16,4,2,27/09/2022,2
54,West Virginia,540165,0,0,2,0,107,WOOD (107),2717,WAVERLY,9,Septiembre,30,2022,13,37,US-50 ROBERT BYRD HWY,2,US Highway,Rural,Arteria Principal,State Highway Agency,1,Sin jurisdiccion especial,150,39.241325,-81.42512222,Vehiculo en movimiento,Angulo,Four-Way Intersection,Interseccion de 4 direcciones,Sobre calle,Ninguna,Dia total,Despejado,No,NO APLICA,13,41,13,51,1,30/09/2022,3
54,West Virginia,540166,0,0,2,0,19,FAYETTE (19),890,FAYETTEVILLE,1,Enero,12,2022,17,0,US-19,2,US Highway,Urbano,Arteria Principal,State Highway Agency,1,Sin jurisdiccion especial,99999,38.05770556,-81.10462778,Vehiculo en movimiento,Frente a Detrás,Four-Way Intersection,Interseccion de 4 direcciones,Sobre calle,Ninguna,Dia total,Despejado,No,NO APLICA,17,0,99,99,1,12/01/2022,2
54,West Virginia,540167,0,0,1,0,67,NICHOLAS (67),895,FENWICK,8,Agosto,28,2022,19,57,RILEY LN,8,Otro,Rural,Local,State Highway Agency,0,Sin jurisdiccion especial,0,38.22653889,-80.64441667,Acotamiento,El primer evento no fue una colision con un vehiculo automotor en transporte,Not an Intersection,No fue interseccion,Sobre el lado de la calle,Ninguna,Atardecer,Despejado,No,NO APLICA,99,99,99,99,1,28/08/2022,1
54,West Virginia,540168,0,0,2,0,7,BRAXTON (7),2580,SUTTON,9,Septiembre,6,2022,15,9,SR-4,3,Highway estatal,Rural,Colector Mayor,State Highway Agency,0,Sin jurisdiccion especial,99999,38.67416389,-80.71580833,Vehiculo en movimiento,Frente a frente,Not an Intersection,No fue interseccion,Sobre calle,Ninguna,Dia total,Despejado,No,NO APLICA,99,99,99,99,1,06/09/2022,2
54,West Virginia,540169,0,0,1,0,21,GILMER (21),0,NO APLICA,9,Septiembre,24,2022,16,30,CR-50,4,Calle del Condado,Rural,Local,State Highway Agency,0,Sin jurisdiccion especial,99999,38.84375833,-80.92305556,Arbol,El primer evento no fue una colision con un vehiculo automotor en transporte,Not an Intersection,No fue interseccion,Sobre el lado de la calle,Ninguna,Dia total,Despejado,No,NO APLICA,99,99,99,99,1,24/09/2022,3
54,West Virginia,540170,1,1,1,0,31,HARDY (31),1830,MOOREFIELD,10,Octubre,5,2022,19,7,US-220,2,US Highway,Rural,Arteria Principal,State Highway Agency,1,Sin jurisdiccion especial,102,38.99170833,-79.04256667,Peaton,El primer evento no fue una colision con un vehiculo automotor en transporte,Not an Intersection,No fue interseccion,Sobre calle,Ninguna,Atardecer,Despejado,No,NO APLICA,99,99,99,99,1,05/10/2022,5
54,West Virginia,540171,1,1,1,0,107,WOOD (107),2040,PARKERSBURG,10,Octubre,7,2022,5,0,SR-2 EMERSON AVE,3,Highway estatal,Rural,Arteria Principal,State Highway Agency,1,Sin jurisdiccion especial,242,39.319025,-81.45748889,Ciclista,El primer evento no fue una colision con un vehiculo automotor en transporte,Not an Intersection,No fue interseccion,Sobre calle,Ninguna,Oscuro sin iluminacion,Despejado,No,NO APLICA,5,3,5,11,1,07/10/2022,1
54,West Virginia,540172,0,0,1,0,35,JACKSON (35),2240,RAVENSWOOD,10,Octubre,8,2022,17,0,CR-6/10 DUNHAM RIDGE RD,4,Calle del Condado,Rural,Local,State Highway Agency,0,Sin jurisdiccion especial,8,39.03024167,-81.64659167,Volcadura,El primer evento no fue una colision con un vehiculo automotor en transporte,Not an Intersection,No fue interseccion,Sobre el lado de la calle,Ninguna,Reportada como desconocida,Despejado,No,NO APLICA,99,99,99,99,1,08/10/2022,1
54,West Virginia,540173,0,0,1,0,31,HARDY (31),0,NO APLICA,10,Octubre,9,2022,11,50,SR-259,3,Highway estatal,Rural,Colector Mayor,State Highway Agency,0,Sin jurisdiccion especial,179,39.07474444,-78.62650278,Arbol,El primer evento no fue una colision con un vehiculo automotor en transporte,Not an Intersection,No fue interseccion,Sobre el lado de la calle,Ninguna,Dia total,Despejado,No,NO APLICA,99,99,99,99,1,09/10/2022,1
54,West Virginia,540174,0,0,2,0,33,HARRISON (33),0,NO APLICA,10,Octubre,9,2022,16,26,US-19,2,US Highway,Urbano,Arteria Menor,State Highway Agency,0,Sin jurisdiccion especial,183,39.30816944,-80.35469167,Vehiculo en movimiento,Angulo,Not an Intersection,No fue interseccion,Sobre calle,Ninguna,Dia total,Despejado,No,NO APLICA,99,99,99,99,1,09/10/2022,3
54,West Virginia,540175,0,0,1,0,79,PUTNAM (79),2247,RED HOUSE,10,Octubre,12,2022,12,9,SR-34,3,Highway estatal,Urbano,Arteria Menor,State Highway Agency,0,Sin jurisdiccion especial,221,38.53938056,-81.89626111,Poste,El primer evento no fue una colision con un vehiculo automotor en transporte,Not an Intersection,No fue interseccion,Sobre el lado de la calle,Ninguna,Dia total,Despejado,No,NO APLICA,12,13,12,20,1,12/10/2022,2
54,West Virginia,540176,1,1,1,0,5,BOONE (5),2001,OTTAWA,10,Octubre,12,2022,20,20,SR-17,3,Highway estatal,Rural,Colector Mayor,State Highway Agency,0,Sin jurisdiccion especial,8,37.95688889,-81.81666667,Peaton,El primer evento no fue una colision con un vehiculo automotor en transporte,Not an Intersection,No fue interseccion,Sobre calle,Ninguna,Oscuro sin iluminacion,Nublado,No,NO APLICA,99,99,99,99,1,12/10/2022,1
54,West Virginia,540177,0,0,1,0,99,WAYNE (99),940,FORT GAY,10,Octubre,13,2022,10,7,US-52,2,US Highway,Rural,Arteria Principal,State Highway Agency,1,Sin jurisdiccion especial,406,37.98725833,-82.46916111,Valla Ferrocarril,El primer evento no fue una colision con un vehiculo automotor en transporte,Not an Intersection,No fue interseccion,Sobre el lado de la calle,Ninguna,Dia total,Despejado,No,NO APLICA,99,99,99,99,1,13/10/2022,1
54,West Virginia,540178,0,0,2,0,41,LEWIS (41),0,NO APLICA,10,Octubre,13,2022,13,14,I-79,1,Interestatal,Rural,Interestatal,State Highway Agency,1,Sin jurisdiccion especial,873,38.96762222,-80.51406111,Vehiculo en movimiento,Frente a frente,Not an Intersection,No fue interseccion,Sobre calle,Ninguna,Dia total,Nublado,No,NO APLICA,99,99,99,99,2,13/10/2022,3
54,West Virginia,540179,0,0,2,0,77,PRESTON (77),330,BRUCETON MILLS,10,Octubre,14,2022,18,55,SR-26 N PRESTON HWY,3,Highway estatal,Rural,Colector Mayor,State Highway Agency,0,Sin jurisdiccion especial,387,39.7058,-79.52398889,Vehiculo en movimiento,Angulo,Four-Way Intersection,Interseccion de 4 direcciones,Sobre calle,Ninguna,Oscuro sin iluminacion,Despejado,No,NO APLICA,99,99,99,99,1,14/10/2022,3
54,West Virginia,540180,0,0,1,0,1,BARBOUR (1),180,BELINGTON,10,Octubre,21,2022,19,58,CR-250/9 ICE RD,4,Calle del Condado,Rural,Local,State Highway Agency,0,Sin jurisdiccion especial,10,39.06626667,-79.97408889,Volcadura,El primer evento no fue una colision con un vehiculo automotor en transporte,Not an Intersection,No fue interseccion,Sobre el lado de la calle,Ninguna,Oscuro sin iluminacion,Despejado,No,NO APLICA,99,99,99,99,1,21/10/2022,1
54,West Virginia,540181,0,0,1,0,53,MASON (53),1055,GLENWOOD,10,Octubre,21,2022,11,10,SR-2,3,Highway estatal,Rural,Arteria Principal,State Highway Agency,0,Sin jurisdiccion especial,34,38.61166944,-82.16669722,Otro objeto (fijo),El primer evento no fue una colision con un vehiculo automotor en transporte,Not an Intersection,No fue interseccion,Sobre el lado de la calle,Ninguna,Dia total,Despejado,No,NO APLICA,99,99,99,99,1,21/10/2022,1
54,West Virginia,540182,0,0,2,1,73,PLEASANTS (73),0,NO APLICA,10,Octubre,25,2022,16,13,SR-16 PIKE RD,3,Highway estatal,Rural,Colector Mayor,State Highway Agency,0,Sin jurisdiccion especial,83,39.33813611,-81.11153889,Arbol,El primer evento no fue una colision con un vehiculo automotor en transporte,Not an Intersection,No fue interseccion,Sobre el lado de la calle,Ninguna,Dia total,Despejado,No,NO APLICA,99,99,99,99,1,25/10/2022,1
54,West Virginia,540183,0,0,2,0,39,KANAWHA (39),2370,ST. ALBANS,10,Octubre,26,2022,16,16,US-60,2,US Highway,Urbano,Colector Mayor,State Highway Agency,0,Sin jurisdiccion especial,20,38.39665278,-81.86118889,Vehiculo en movimiento,Frente a frente,Not an Intersection,No fue interseccion,Sobre calle,Ninguna,Dia total,Nublado,No,NO APLICA,16,25,16,38,2,26/10/2022,5
54,West Virginia,540184,0,0,2,0,59,MINGO (59),1700,MATEWAN,10,Octubre,18,2022,6,58,US-52,2,US Highway,Rural,Arteria Principal,State Highway Agency,1,Sin jurisdiccion especial,385,37.64008056,-82.07566111,Vehiculo en movimiento,Frente a frente,Not an Intersection,No fue interseccion,Sobre calle,Ninguna,Oscuro con iluminacion,Despejado,Yes,NO APLICA,99,99,99,99,1,18/10/2022,9