Estado,Nombre de Estado,Numero de Caso,Peatones,Personas _no_vehiculos,Vehiculos automotores,Vehiculos estacionados,Condado,Nombre Condado,Ciudad,Nombre Ciudad,Mes,Nombre Mes,Dia,Año,Hora,Minuto,Calle,Ruta,Nombre Ruta,Rural o Urbanoo,Sistema Funcional,Dueño Calle,Sistema Nacional Carreteras,Jurisdiccion Especial,Milla,Latitud,Longitud,Causa del Accidente,Tipo de Accidente,Tipo Interseccion,Columna1,Lugar en la calle,Zona de Trabajo,Luz,Clima,Autobus Escolar,Cruce de Trenes,Hora Notificacion,Minuto Notificacion,Hora Llegada,Minuto Llegada,Decesos,Fecha,PersonaVehiculo
54,West Virginia,540185,0,0,1,0,81,RALEIGH (81),0,NO APLICA,10,Octubre,29,2022,19,58,I-77,1,Interestatal,Rural,Interestatal,State Highway Agency,1,Sin jurisdiccion especial,505,37.86426667,-81.25944167,Zanja,El primer evento no fue una colision con un vehiculo automotor en transporte,Not an Intersection,No fue interseccion,Sobre el lado de la calle,Ninguna,Oscuro sin iluminacion,Nublado,No,NO APLICA,99,99,99,99,1,29/10/2022,1
54,West Virginia,540186,0,0,3,0,87,ROANE (87),0,NO APLICA,10,Octubre,29,2022,15,15,US-33 ARNOLDSBURG RD,2,US Highway,Rural,Arteria Menor,State Highway Agency,0,Sin jurisdiccion especial,158,38.79004167,-81.2992,Vehiculo en movimiento,Angulo,T-Intersection,Interseccion de T,Sobre calle,Ninguna,Dia total,Despejado,No,NO APLICA,15,21,15,31,1,29/10/2022,5
54,West Virginia,540187,0,0,1,0,15,CLAY (15),0,NO APLICA,7,Julio,26,2022,10,0,UPPER PINE DR,5,Calle Local - Pueblo,Rural,Local,State Highway Agency,0,Sin jurisdiccion especial,0,38.47533333,-81.07722778,Acotamiento,El primer evento no fue una colision con un vehiculo automotor en transporte,Not an Intersection,No fue interseccion,Sobre el lado de la calle,Ninguna,Dia total,Despejado,No,NO APLICA,99,99,99,99,1,26/07/2022,1
54,West Virginia,540188,0,0,1,0,3,BERKELEY (3),1660,MARTINSBURG,10,Octubre,20,2022,6,59,SR-901,3,Highway estatal,Urbano,Colector Menor,State Highway Agency,0,Sin jurisdiccion especial,35,39.55446944,-77.93378611,Otro objeto (fijo),El primer evento no fue una colision con un vehiculo automotor en transporte,Not an Intersection,No fue interseccion,Sobre el lado de la calle,Ninguna,Amanecer,Despejado,No,NO APLICA,6,59,7,11,1,20/10/2022,1
54,West Virginia,540189,1,1,1,0,61,MONONGALIA (61),1840,MORGANTOWN,10,Octubre,3,2022,20,18,US-119 GRAFTON RD,2,US Highway,Rural,Arteria Principal,State Highway Agency,1,Sin jurisdiccion especial,54,39.52147222,-79.9119,Peaton,El primer evento no fue una colision con un vehiculo automotor en transporte,Not an Intersection,No fue interseccion,Sobre el lado de la calle,Ninguna,Oscuro sin iluminacion,Despejado,No,NO APLICA,99,99,99,99,1,03/10/2022,1
54,West Virginia,540190,0,0,1,0,39,KANAWHA (39),183,LOWER BELLE,11,Noviembre,1,2022,14,52,I-77,1,Interestatal,Urbano,Interestatal,State Highway Agency,1,Sin jurisdiccion especial,960,38.3159,-81.55351944,Valla para choques,El primer evento no fue una colision con un vehiculo automotor en transporte,Not an Intersection,No fue interseccion,Sobre el lado de la calle,Ninguna,Dia total,Despejado,No,NO APLICA,99,99,99,99,1,01/11/2022,1
54,West Virginia,540192,0,0,1,0,67,NICHOLAS (67),403,CANVAS,11,Noviembre,4,2022,9,56,SR-39,3,Highway estatal,Rural,Arteria Menor,State Highway Agency,0,Sin jurisdiccion especial,313,38.26308889,-80.77594722,Acotamiento,El primer evento no fue una colision con un vehiculo automotor en transporte,Not an Intersection,No fue interseccion,Sobre el lado de la calle,Ninguna,Dia total,Despejado,No,NO APLICA,99,99,99,99,1,04/11/2022,1
54,West Virginia,540193,0,0,1,0,39,KANAWHA (39),0,NO APLICA,11,Noviembre,6,2022,15,28,I-79,1,Interestatal,Rural,Interestatal,State Highway Agency,1,Sin jurisdiccion especial,100,38.44811944,-81.51658611,Culvert,El primer evento no fue una colision con un vehiculo automotor en transporte,Not an Intersection,No fue interseccion,Sobre el lado de la calle,Ninguna,Dia total,Nublado,No,NO APLICA,15,29,15,41,1,06/11/2022,3
54,West Virginia,540194,0,0,1,0,61,MONONGALIA (61),1840,MORGANTOWN,11,Noviembre,7,2022,11,0,CR-19,4,Calle del Condado,Rural,Colector Mayor,State Highway Agency,0,Sin jurisdiccion especial,171,39.671575,-80.03036667,Volcadura,El primer evento no fue una colision con un vehiculo automotor en transporte,Not an Intersection,No fue interseccion,Sobre el lado de la calle,Ninguna,Dia total,Despejado,No,NO APLICA,99,99,99,99,1,07/11/2022,1
54,West Virginia,540195,0,0,2,1,81,RALEIGH (81),567,COAL CITY,11,Noviembre,9,2022,20,10,CR-29,4,Calle del Condado,Rural,Colector Mayor,State Highway Agency,0,Sin jurisdiccion especial,47,37.6706,-81.21293889,Animal vivo,El primer evento no fue una colision con un vehiculo automotor en transporte,Not an Intersection,No fue interseccion,Sobre calle,Ninguna,Oscuro sin iluminacion,Despejado,No,NO APLICA,99,99,99,99,1,09/11/2022,1
54,West Virginia,540196,1,1,1,0,43,LINCOLN (43),1162,HARTS,11,Noviembre,9,2022,14,10,CR-19,4,Calle del Condado,Rural,Colector Mayor,State Highway Agency,0,Sin jurisdiccion especial,21,38.02867778,-82.131925,Peaton,El primer evento no fue una colision con un vehiculo automotor en transporte,Not an Intersection,No fue interseccion,Sobre calle,Ninguna,Dia total,Despejado,No,NO APLICA,99,99,99,99,1,09/11/2022,1
54,West Virginia,540197,0,0,1,0,43,LINCOLN (43),1162,HARTS,11,Noviembre,10,2022,6,20,SR-10,3,Highway estatal,Rural,Arteria Menor,State Highway Agency,0,Sin jurisdiccion especial,30,38.02077222,-82.096175,Zanja,El primer evento no fue una colision con un vehiculo automotor en transporte,Not an Intersection,No fue interseccion,Sobre el lado de la calle,Ninguna,Dia total,Despejado,No,NO APLICA,6,30,6,43,1,10/11/2022,2
54,West Virginia,540198,0,0,1,0,51,MARSHALL (51),0,NO APLICA,11,Noviembre,17,2022,8,45,US-250,2,US Highway,Rural,Arteria Principal,State Highway Agency,1,Sin jurisdiccion especial,196,39.96021667,-80.74995278,Arbol,El primer evento no fue una colision con un vehiculo automotor en transporte,Not an Intersection,No fue interseccion,Sobre el lado de la calle,Ninguna,Dia total,Otro,No,NO APLICA,99,99,99,99,1,17/11/2022,1
54,West Virginia,540199,0,0,1,0,49,MARION (49),2843,WHITEHALL,11,Noviembre,18,2022,8,19,CR-73 MIDDLETOWN RD,4,Calle del Condado,Urbano,Arteria Menor,State Highway Agency,0,Sin jurisdiccion especial,0,39.42091667,-80.20178056,Volcadura,El primer evento no fue una colision con un vehiculo automotor en transporte,Not an Intersection,No fue interseccion,Sobre el lado de la calle,Ninguna,Reportada como desconocida,Despejado,No,NO APLICA,99,99,99,99,1,18/11/2022,1
54,West Virginia,540200,0,0,1,0,33,HARRISON (33),320,BRIDGEPORT,11,Noviembre,21,2022,2,2,CR-24,4,Calle del Condado,Rural,Arteria Menor,State Highway Agency,0,Sin jurisdiccion especial,45,39.32848056,-80.28836389,Zanja,El primer evento no fue una colision con un vehiculo automotor en transporte,Not an Intersection,No fue interseccion,Sobre el lado de la calle,Ninguna,Oscuro sin iluminacion,Despejado,No,NO APLICA,2,2,2,11,1,21/11/2022,1
54,West Virginia,540201,0,0,1,0,55,MERCER (55),1980,OAKVALE,11,Noviembre,21,2022,20,7,CR-2 LOVERN RD,4,Calle del Condado,Rural,Local,State Highway Agency,0,Sin jurisdiccion especial,11,37.42660556,-80.88286389,Acotamiento,El primer evento no fue una colision con un vehiculo automotor en transporte,Not an Intersection,No fue interseccion,Sobre el lado de la calle,Ninguna,Oscuro sin iluminacion,Nublado,No,NO APLICA,99,99,99,99,1,21/11/2022,1
54,West Virginia,540202,0,0,1,0,39,KANAWHA (39),480,CHARLESTON,11,Noviembre,24,2022,1,17,US-60 KANAWHA BLVD,2,US Highway,Urbano,Arteria Principal,State Highway Agency,1,Sin jurisdiccion especial,195,38.33464722,-81.60363889,Banqueta,El primer evento no fue una colision con un vehiculo automotor en transporte,Not an Intersection,No fue interseccion,Sobre el lado de la calle,Ninguna,Oscuro con iluminacion,Despejado,No,NO APLICA,99,99,99,99,1,24/11/2022,1
54,West Virginia,540203,0,0,1,0,41,LEWIS (41),2790,WESTON,11,Noviembre,25,2022,1,47,US-19,2,US Highway,Urbano,Arteria Menor,State Highway Agency,0,Sin jurisdiccion especial,250,39.03410556,-80.47268056,Acotamiento,El primer evento no fue una colision con un vehiculo automotor en transporte,Not an Intersection,No fue interseccion,Sobre el lado de la calle,Ninguna,Oscuro con iluminacion,Nublado,No,NO APLICA,99,99,99,99,3,25/11/2022,3
54,West Virginia,540204,0,0,2,0,35,JACKSON (35),1348,KENNA,11,Noviembre,28,2022,6,27,I-77,1,Interestatal,Rural,Interestatal,State Highway Agency,1,Sin jurisdiccion especial,1250,38.67966944,-81.64084444,Vehiculo en movimiento,Golpe Lateral - misma direccion,Not an Intersection,No fue interseccion,Sobre calle,Ninguna,Oscuro sin iluminacion,Despejado,No,NO APLICA,6,24,6,34,1,28/11/2022,2
54,West Virginia,540205,0,0,1,0,83,RANDOLPH (83),2834,WHITMER,11,Noviembre,28,2022,11,48,CR-29/4 WHITES RUN RD,4,Calle del Condado,Rural,Local,State Highway Agency,0,Sin jurisdiccion especial,10,38.79805,-79.54516667,Volcadura,El primer evento no fue una colision con un vehiculo automotor en transporte,Not an Intersection,No fue interseccion,Sobre el lado de la calle,Ninguna,Dia total,lluvia,No,NO APLICA,99,99,99,99,1,28/11/2022,1
54,West Virginia,540206,0,0,1,0,39,KANAWHA (39),814,JARRETTS FORD,11,Noviembre,24,2022,5,55,I-79,1,Interestatal,Rural,Arteria Principal,State Highway Agency,1,Sin jurisdiccion especial,115,38.449675,-81.50934722,Acotamiento,El primer evento no fue una colision con un vehiculo automotor en transporte,Not an Intersection,No fue interseccion,Sobre el lado de la calle,Ninguna,Oscuro sin iluminacion,Despejado,No,NO APLICA,99,99,99,99,3,24/11/2022,5
54,West Virginia,540207,0,0,1,0,55,MERCER (55),0,NO APLICA,12,Diciembre,3,2022,16,24,CR-15 SIMMONS RIVER RD,4,Calle del Condado,Rural,Colector Mayor,State Highway Agency,0,Sin jurisdiccion especial,34,37.33564722,-81.2909,Puente de Ferrocarril,El primer evento no fue una colision con un vehiculo automotor en transporte,Not an Intersection,No fue interseccion,Sobre el lado de la calle,Ninguna,Dia total,Despejado,No,NO APLICA,16,49,17,9,2,03/12/2022,2
54,West Virginia,540208,0,0,1,0,43,LINCOLN (43),2525,SPURLOCKVILLE,12,Diciembre,4,2022,3,0,CR-62 BULGER RD,4,Calle del Condado,Rural,Colector Mayor,State Highway Agency,0,Sin jurisdiccion especial,36,38.13541389,-81.97866389,Zanja,El primer evento no fue una colision con un vehiculo automotor en transporte,Not an Intersection,No fue interseccion,Sobre el lado de la calle,Ninguna,Oscuro sin iluminacion,Despejado,No,NO APLICA,99,99,99,99,1,04/12/2022,2
54,West Virginia,540209,0,0,1,0,23,GRANT (23),0,NO APLICA,12,Diciembre,6,2022,4,40,CR-5 PATTERSON CREEK RD,4,Calle del Condado,Rural,Colector Mayor,State Highway Agency,0,Sin jurisdiccion especial,69,39.18911667,-79.044275,Volcadura,El primer evento no fue una colision con un vehiculo automotor en transporte,Not an Intersection,No fue interseccion,Sobre el lado de la calle,Ninguna,Oscuro sin iluminacion,Granizo,No,NO APLICA,99,99,99,99,1,06/12/2022,3
54,West Virginia,540210,0,0,2,0,51,MARSHALL (51),0,NO APLICA,12,Diciembre,7,2022,17,30,CR-7,4,Calle del Condado,Rural,Colector Menor,State Highway Agency,0,Sin jurisdiccion especial,108,39.96166944,-80.59059444,Vehiculo en movimiento,Angulo,Not an Intersection,No fue interseccion,Sobre calle,Ninguna,Oscuro sin iluminacion,Nublado,No,NO APLICA,99,99,99,99,2,07/12/2022,2
54,West Virginia,540211,0,0,1,0,107,WOOD (107),2670,VIENNA,12,Diciembre,11,2022,1,0,SR-14,3,Highway estatal,Urbano,Arteria Principal,State Highway Agency,1,Sin jurisdiccion especial,206,39.34551389,-81.525275,Valla Ferrocarril,El primer evento no fue una colision con un vehiculo automotor en transporte,Not an Intersection,No fue interseccion,Sobre el lado de la calle,Ninguna,Oscuro sin iluminacion,Despejado,No,NO APLICA,1,7,1,32,1,11/12/2022,2
54,West Virginia,540212,0,0,1,0,99,WAYNE (99),1350,KENOVA,12,Diciembre,11,2022,0,52,SR-75,3,Highway estatal,Urbano,Arteria Menor,State Highway Agency,0,Sin jurisdiccion especial,48,38.35510556,-82.54967778,Acotamiento,El primer evento no fue una colision con un vehiculo automotor en transporte,Not an Intersection,No fue interseccion,Sobre el lado de la calle,Ninguna,Oscuro sin iluminacion,Despejado,No,NO APLICA,99,99,99,99,1,11/12/2022,1
54,West Virginia,540213,0,0,2,0,25,GREENBRIER (25),730,RAINELLE,12,Diciembre,11,2022,17,55,US-60,2,US Highway,Rural,Arteria Menor,State Highway Agency,0,Sin jurisdiccion especial,21,37.97851667,-80.75798056,Vehiculo en movimiento,Frente a frente,Not an Intersection,No fue interseccion,Sobre calle,Ninguna,Oscuro sin iluminacion,Despejado,No,NO APLICA,99,99,99,99,1,11/12/2022,3
54,West Virginia,540214,0,0,2,0,45,LOGAN (45),1500,LOGAN,12,Diciembre,12,2022,18,10,SR-10,3,Highway estatal,Urbano,Arteria Principal,State Highway Agency,1,Sin jurisdiccion especial,220,37.77541389,-81.93335,Vehiculo en movimiento,Frente a frente,Not an Intersection,No fue interseccion,Sobre calle,Ninguna,Oscuro sin iluminacion,Despejado,No,NO APLICA,99,99,99,99,1,12/12/2022,4
54,West Virginia,540215,0,0,2,0,71,PENDLETON (71),2408,SENECA ROCKS,12,Diciembre,14,2022,20,10,SR-28,3,Highway estatal,Rural,Arteria Menor,State Highway Agency,0,Sin jurisdiccion especial,240,38.93089722,-79.31166944,Vehiculo en movimiento,Frente a frente,Not an Intersection,No fue interseccion,Sobre calle,Ninguna,Oscuro sin iluminacion,Despejado,No,NO APLICA,99,99,99,99,1,14/12/2022,2
54,West Virginia,540216,0,0,2,0,67,NICHOLAS (67),1886,NETTIE,12,Diciembre,15,2022,4,30,SR-20,3,Highway estatal,Rural,Arteria Menor,State Highway Agency,0,Sin jurisdiccion especial,84,38.08751111,-80.70733333,Vehiculo en movimiento,Angulo,Not an Intersection,No fue interseccion,Sobre calle,Ninguna,Oscuro sin iluminacion,lluvia,No,NO APLICA,99,99,99,99,1,15/12/2022,2
54,West Virginia,540217,0,0,2,0,59,MINGO (59),1700,MATEWAN,12,Diciembre,19,2022,13,48,SR-49,3,Highway estatal,Rural,Colector Mayor,State Highway Agency,0,Sin jurisdiccion especial,71,37.571125,-82.13244167,Vehiculo en movimiento,Angulo,Not an Intersection,No fue interseccion,Sobre calle,Ninguna,Dia total,Despejado,No,NO APLICA,99,99,99,99,2,19/12/2022,4
54,West Virginia,540218,0,0,1,0,35,JACKSON (35),2310,RIPLEY,12,Diciembre,21,2022,7,6,I-77,1,Interestatal,Rural,Interestatal,State Highway Agency,1,Sin jurisdiccion especial,1390,38.83053611,-81.72510833,Poste de Señal de trafico,El primer evento no fue una colision con un vehiculo automotor en transporte,Not an Intersection,No fue interseccion,Sobre el lado de la calle,Ninguna,Amanecer,Despejado,No,NO APLICA,99,99,99,99,1,21/12/2022,1
54,West Virginia,540219,0,0,1,0,39,KANAWHA (39),814,JARRETTS FORD,12,Diciembre,22,2022,17,46,I-79,1,Interestatal,Rural,Interestatal,State Highway Agency,1,Sin jurisdiccion especial,90,38.46556111,-81.48526389,Valla Ferrocarril,El primer evento no fue una colision con un vehiculo automotor en transporte,Not an Intersection,No fue interseccion,Sobre el lado de la calle,Ninguna,Atardecer,Nublado,No,NO APLICA,17,51,17,51,1,22/12/2022,2
54,West Virginia,540220,0,0,1,0,3,BERKELEY (3),994,GERRARDSTOWN,12,Diciembre,23,2022,21,39,CR-51/2,4,Calle del Condado,Rural,Local,State Highway Agency,0,Sin jurisdiccion especial,20,39.36220556,-78.10609167,Acotamiento,El primer evento no fue una colision con un vehiculo automotor en transporte,Not an Intersection,No fue interseccion,Sobre el lado de la calle,Ninguna,Oscuro sin iluminacion,Reportado como desconocido,No,NO APLICA,99,99,99,99,1,23/12/2022,2
54,West Virginia,540221,0,0,1,0,3,BERKELEY (3),864,FALLING WATERS,12,Diciembre,26,2022,18,12,I-81,1,Interestatal,Urbano,Interestatal,State Highway Agency,1,Sin jurisdiccion especial,220,39.57317222,-77.88505278,Barrera de Trafico de Concreto,El primer evento no fue una colision con un vehiculo automotor en transporte,Not an Intersection,No fue interseccion,En el medio,Ninguna,Oscuro sin iluminacion,Despejado,No,NO APLICA,88,88,88,88,1,26/12/2022,1
54,West Virginia,540222,0,0,1,0,67,NICHOLAS (67),2570,SUMMERSVILLE,12,Diciembre,28,2022,16,50,BROAD ST,6,Calle Local Municipalidad,Rural,Colector Menor,State Highway Agency,0,Sin jurisdiccion especial,0,38.26443889,-80.8525,Acotamiento,El primer evento no fue una colision con un vehiculo automotor en transporte,Not an Intersection,No fue interseccion,Sobre el lado de la calle,Ninguna,Dia total,Despejado,No,NO APLICA,99,99,99,99,1,28/12/2022,1
54,West Virginia,540223,0,0,1,0,93,TUCKER (93),2244,RED CREEK,12,Diciembre,29,2022,23,3,SR-32,3,Highway estatal,Rural,Arteria Menor,State Highway Agency,0,Sin jurisdiccion especial,57,38.98978333,-79.47248889,Poste de Señal de trafico,El primer evento no fue una colision con un vehiculo automotor en transporte,Not an Intersection,No fue interseccion,Sobre el lado de la calle,Mantenimiento,Oscuro sin iluminacion,Nublado,No,NO APLICA,23,5,23,21,1,29/12/2022,1
54,West Virginia,540224,0,0,2,0,45,LOGAN (45),1500,LOGAN,12,Diciembre,29,2022,14,40,SR-10,3,Highway estatal,Urbano,Arteria Menor,State Highway Agency,0,Sin jurisdiccion especial,286,37.92483333,-81.97856111,Vehiculo en movimiento,Frente a frente,Not an Intersection,No fue interseccion,Sobre calle,Ninguna,Dia total,Despejado,No,NO APLICA,99,99,99,99,1,29/12/2022,4
54,West Virginia,540225,0,0,1,0,11,CABELL (11),2392,SALT ROCK,12,Diciembre,30,2022,14,55,SR-10,3,Highway estatal,Rural,Arteria Menor,State Highway Agency,0,Sin jurisdiccion especial,12,38.32571111,-82.22410278,Zanja,El primer evento no fue una colision con un vehiculo automotor en transporte,Not an Intersection,No fue interseccion,Sobre el lado de la calle,Ninguna,Dia total,Despejado,No,NO APLICA,99,99,99,99,1,30/12/2022,1
54,West Virginia,540226,0,0,2,0,71,PENDLETON (71),950,FRANKLIN,12,Diciembre,30,2022,14,0,US-220,2,US Highway,Rural,Colector Mayor,State Highway Agency,0,Sin jurisdiccion especial,163,38.63926667,-79.33435278,Vehiculo en movimiento,Golpe Lateral - direccion contraria,Not an Intersection,No fue interseccion,Sobre calle,Ninguna,Dia total,Despejado,No,NO APLICA,99,99,99,99,1,30/12/2022,2
54,West Virginia,540227,1,1,1,0,79,PUTNAM (79),954,FRAZIERS BOTTOM,12,Diciembre,31,2022,17,57,SR-817,3,Highway estatal,Urbano,Colector Menor,State Highway Agency,0,Sin jurisdiccion especial,162,38.55980556,-81.97558056,Peaton,El primer evento no fue una colision con un vehiculo automotor en transporte,Not an Intersection,No fue interseccion,Sobre calle,Ninguna,Oscuro sin iluminacion,Reportado como desconocido,No,NO APLICA,17,54,18,3,1,31/12/2022,1
54,West Virginia,540228,0,0,5,2,19,FAYETTE (19),1970,OAK HILL,12,Diciembre,31,2022,2,29,SR-61,3,Highway estatal,Urbano,Arteria Menor,State Highway Agency,0,Sin jurisdiccion especial,77,37.97228889,-81.14865833,Vehiculo Aparcado,El primer evento no fue una colision con un vehiculo automotor en transporte,Not an Intersection,No fue interseccion,Sobre el lado de la calle,Ninguna,Oscuro con iluminacion,Despejado,No,NO APLICA,99,99,99,99,1,31/12/2022,5
54,West Virginia,540229,0,0,1,0,45,LOGAN (45),2660,VERDUNVILLE,4,Abril,15,2022,20,9,CR-5,4,Calle del Condado,Urbano,Colector Menor,State Highway Agency,0,Sin jurisdiccion especial,22,37.84760833,-82.03867222,Animal vivo,El primer evento no fue una colision con un vehiculo automotor en transporte,Not an Intersection,No fue interseccion,Sobre calle,Ninguna,Oscuro sin iluminacion,Despejado,No,NO APLICA,20,13,20,29,1,15/04/2022,2
54,West Virginia,540230,0,0,2,0,107,WOOD (107),2040,PARKERSBURG,2,Febrero,9,2022,12,18,STELLA ST,6,Calle Local Municipalidad,Rural,Local,State Highway Agency,0,Sin jurisdiccion especial,0,39.29423056,-81.51904444,Vehiculo en movimiento,Angulo,Four-Way Intersection,Interseccion de 4 direcciones,Sobre calle,Ninguna,Dia total,Despejado,No,NO APLICA,99,99,99,99,1,09/02/2022,3
54,West Virginia,540231,0,0,1,0,67,NICHOLAS (67),895,FENWICK,3,Marzo,30,2022,10,51,SR-20,3,Highway estatal,Rural,Arteria Menor,State Highway Agency,0,Sin jurisdiccion especial,63,38.21995833,-80.6103,Poste,El primer evento no fue una colision con un vehiculo automotor en transporte,Not an Intersection,No fue interseccion,Sobre el lado de la calle,Ninguna,Dia total,Nublado,No,NO APLICA,10,55,11,19,1,30/03/2022,1
54,West Virginia,540232,0,0,1,0,11,CABELL (11),1458,LESAGE,4,Abril,24,2022,14,0,SR-2,3,Highway estatal,Urbano,Arteria Principal,State Highway Agency,0,Sin jurisdiccion especial,76,38.55387778,-82.28365556,Zanja,El primer evento no fue una colision con un vehiculo automotor en transporte,Not an Intersection,No fue interseccion,Sobre el lado de la calle,Ninguna,Dia total,Despejado,No,NO APLICA,14,1,14,11,1,24/04/2022,1
54,West Virginia,540233,0,0,2,0,33,HARRISON (33),1860,MOUNT CLARE,5,Mayo,10,2022,16,54,SR-20,3,Highway estatal,Rural,Arteria Menor,State Highway Agency,0,Sin jurisdiccion especial,51,39.18309444,-80.26948611,Vehiculo en movimiento,Angulo,Not an Intersection,No fue interseccion,Sobre calle,Ninguna,Dia total,Despejado,No,NO APLICA,99,99,99,99,1,10/05/2022,2
54,West Virginia,540234,0,0,2,0,81,RALEIGH (81),170,BECKLEY,6,Junio,23,2022,6,35,SR-3 HARPER RD,3,Highway estatal,Urbano,Arteria Principal,State Highway Agency,1,Sin jurisdiccion especial,360,37.79374444,-81.21696111,Vehiculo en movimiento,Angulo,Four-Way Intersection,Interseccion de 4 direcciones,Sobre calle,Ninguna,Dia total,Nublado,No,NO APLICA,99,99,99,99,1,23/06/2022,2
54,West Virginia,540235,0,0,2,0,19,FAYETTE (19),1970,OAK HILL,7,Julio,24,2022,14,18,CR-12/18 LOCHGELLY RD,4,Calle del Condado,Urbano,Colector Mayor,State Highway Agency,0,Sin jurisdiccion especial,0,38.00873611,-81.13333889,Vehiculo en movimiento,Angulo,Four-Way Intersection,Interseccion de 4 direcciones,Sobre calle,Ninguna,Dia total,Despejado,No,NO APLICA,99,99,99,99,1,24/07/2022,3
54,West Virginia,540236,0,0,1,0,39,KANAWHA (39),480,CHARLESTON,8,Agosto,1,2022,20,55,SR-114,3,Highway estatal,Urbano,Arteria Menor,State Highway Agency,0,Sin jurisdiccion especial,41,38.37748889,-81.56574444,Poste,El primer evento no fue una colision con un vehiculo automotor en transporte,Not an Intersection,No fue interseccion,Sobre el lado de la calle,Ninguna,Dia total,Nublado,No,NO APLICA,21,0,21,7,1,01/08/2022,1
54,West Virginia,540237,0,0,1,0,27,HAMPSHIRE (27),2148,POINTS,8,Agosto,9,2022,12,0,CR-3,4,Calle del Condado,Rural,Colector Mayor,State Highway Agency,0,Sin jurisdiccion especial,12,39.41938889,-78.57496944,Barda,El primer evento no fue una colision con un vehiculo automotor en transporte,Not an Intersection,No fue interseccion,Sobre el lado de la calle,Ninguna,Dia total,Despejado,No,NO APLICA,99,99,99,99,1,09/08/2022,1
54,West Virginia,540239,0,0,1,0,33,HARRISON (33),540,CLARKSBURG,8,Agosto,23,2022,16,10,EAST PIKE ST,6,Calle Local Municipalidad,Rural,Arteria Menor,State Highway Agency,0,Sin jurisdiccion especial,0,39.28043333,-80.28761667,Otro objeto (fijo),El primer evento no fue una colision con un vehiculo automotor en transporte,Not an Intersection,No fue interseccion,Sobre el lado de la calle,Ninguna,Dia total,Despejado,No,NO APLICA,16,16,16,23,1,23/08/2022,1
54,West Virginia,540240,0,0,3,2,99,WAYNE (99),1350,KENOVA,8,Agosto,27,2022,17,37,POPLAR ST,6,Calle Local Municipalidad,Urbano,Local,State Highway Agency,0,Sin jurisdiccion especial,0,38.40278889,-82.58649722,Vehiculo Aparcado,El primer evento no fue una colision con un vehiculo automotor en transporte,Not an Intersection,No fue interseccion,Sobre Acotamiento,Ninguna,Dia total,Despejado,No,NO APLICA,17,38,17,40,1,27/08/2022,1
54,West Virginia,540241,1,1,1,0,83,RANDOLPH (83),810,ELKINS,8,Agosto,21,2022,2,40,GRACELAND DR,5,Calle Local - Pueblo,Rural,Local,State Highway Agency,0,Sin jurisdiccion especial,0,38.93062222,-79.85033056,Peaton,El primer evento no fue una colision con un vehiculo automotor en transporte,Not an Intersection,No fue interseccion,Sobre calle,Ninguna,Oscuro sin iluminacion,lluvia,No,NO APLICA,99,99,99,99,1,21/08/2022,1
54,West Virginia,540242,0,0,1,0,109,WYOMING (109),1548,MABEN,9,Septiembre,9,2022,6,7,SR-54,3,Highway estatal,Rural,Colector Mayor,State Highway Agency,0,Sin jurisdiccion especial,44,37.64216389,-81.39136667,Otro objeto (no fijo),El primer evento no fue una colision con un vehiculo automotor en transporte,Not an Intersection,No fue interseccion,Sobre calle,Ninguna,Amanecer,Neblina o Humo,No,NO APLICA,99,99,99,99,1,09/09/2022,4
54,West Virginia,540243,0,0,1,0,23,GRANT (23),1435,LANDES,10,Octubre,14,2022,11,5,US-220,2,US Highway,Rural,Colector Mayor,State Highway Agency,0,Sin jurisdiccion especial,101,38.90142222,-79.19416111,Volcadura,El primer evento no fue una colision con un vehiculo automotor en transporte,Not an Intersection,No fue interseccion,Sobre calle,Ninguna,Dia total,Despejado,No,NO APLICA,99,99,99,99,1,14/10/2022,1
54,West Virginia,540244,0,0,2,0,81,RALEIGH (81),2186,PROSPERITY,10,Octubre,31,2022,14,20,US-19 ROBERT C BYRD,2,US Highway,Urbano,Arteria Menor,State Highway Agency,0,Sin jurisdiccion especial,211,37.82644722,-81.19546389,Vehiculo en movimiento,Frente a frente,T-Intersection,Interseccion de T,Sobre calle,Ninguna,Dia total,Otro,No,NO APLICA,99,99,99,99,1,31/10/2022,3
54,West Virginia,540245,0,0,2,0,109,WYOMING (109),126,BAILEYSVILLE,11,Noviembre,8,2022,13,47,SR-97,3,Highway estatal,Rural,Arteria Menor,State Highway Agency,0,Sin jurisdiccion especial,89,37.58388333,-81.71126667,Vehiculo en movimiento,Angulo,Not an Intersection,No fue interseccion,Sobre calle,Ninguna,Dia total,Despejado,No,NO APLICA,99,99,99,99,1,08/11/2022,2