Estado,Nombre de Estado,Numero de Caso,Peatones,Personas _no_vehiculos,Vehiculos automotores,Vehiculos estacionados,Condado,Nombre Condado,Ciudad,Nombre Ciudad,Mes,Nombre Mes,Dia,Año,Hora,Minuto,Calle,Ruta,Nombre Ruta,Rural o Urbanoo,Sistema Funcional,Dueño Calle,Sistema Nacional Carreteras,Jurisdiccion Especial,Milla,Latitud,Longitud,Causa del Accidente,Tipo de Accidente,Tipo Interseccion,Columna1,Lugar en la calle,Zona de Trabajo,Luz,Clima,Autobus Escolar,Cruce de Trenes,Hora Notificacion,Minuto Notificacion,Hora Llegada,Minuto Llegada,Decesos,Fecha,PersonaVehiculo
54,West Virginia,540246,0,0,1,0,47,MCDOWELL (47),630,CRUMPLER,11,Noviembre,17,2022,18,50,CR-14,4,Calle del Condado,Rural,Colector Menor,State Highway Agency,0,Sin jurisdiccion especial,11,37.43333056,-81.34,Arbol,El primer evento no fue una colision con un vehiculo automotor en transporte,Not an Intersection,No fue interseccion,Sobre el lado de la calle,Ninguna,Oscuro sin iluminacion,Despejado,No,NO APLICA,19,3,19,21,1,17/11/2022,1
54,West Virginia,540247,0,0,4,2,49,MARION (49),137,BARRACKVILLE,11,Noviembre,21,2022,14,37,US-250 HUSKY HWY,2,US Highway,Urbano,Arteria Menor,State Highway Agency,0,Sin jurisdiccion especial,87,39.49166944,-80.17891111,Vehiculo en movimiento,Angulo,Not an Intersection,No fue interseccion,Sobre calle,Ninguna,Dia total,Despejado,No,NO APLICA,99,99,99,99,1,21/11/2022,4
54,West Virginia,540248,0,0,2,0,63,MONROE (63),969,GAP MILLS,11,Noviembre,24,2022,19,30,SR-3,3,Highway estatal,Rural,Colector Mayor,State Highway Agency,0,Sin jurisdiccion especial,300,37.58083056,-80.42583056,Vehiculo en movimiento,Frente a frente,Not an Intersection,No fue interseccion,Sobre calle,Ninguna,Oscuro sin iluminacion,Despejado,No,NO APLICA,19,57,20,5,1,24/11/2022,3
54,West Virginia,540249,0,0,1,0,7,BRAXTON (7),0,NO APLICA,7,Julio,12,2022,9,51,I-79,1,Interestatal,Rural,Interestatal,State Highway Agency,1,Sin jurisdiccion especial,740,38.851175,-80.66496667,Acotamiento,El primer evento no fue una colision con un vehiculo automotor en transporte,Not an Intersection,No fue interseccion,Sobre el lado de la calle,Ninguna,Dia total,Despejado,No,NO APLICA,99,99,99,99,1,12/07/2022,4
54,West Virginia,540250,0,0,2,0,61,MONONGALIA (61),1840,MORGANTOWN,12,Diciembre,9,2022,7,24,US-19 - BLUE HORIZON,2,US Highway,Rural,Colector Mayor,State Highway Agency,0,Sin jurisdiccion especial,200,39.666875,-80.02289444,Vehiculo en movimiento,Frente a frente,Not an Intersection,No fue interseccion,Sobre calle,Ninguna,Dia total,Despejado,No,NO APLICA,99,99,99,99,1,09/12/2022,3
54,West Virginia,540251,1,1,1,0,11,CABELL (11),1270,HUNTINGTON,12,Diciembre,30,2022,22,24,US-19,2,US Highway,Urbano,Arteria Principal,State Highway Agency,1,Sin jurisdiccion especial,60,38.42805,-82.39393611,Peaton,El primer evento no fue una colision con un vehiculo automotor en transporte,Four-Way Intersection,Interseccion de 4 direcciones,Sobre calle,Ninguna,Oscuro con iluminacion,lluvia,No,NO APLICA,22,25,22,31,1,30/12/2022,2
55,Wisconsin,550001,0,0,1,0,79,MILWAUKEE (79),3475,SOUTH MILWAUKEE,1,Enero,4,2022,99,99,CR-V S 13TH ST,4,Calle del Condado,Urbano,Arteria Menor,County Highway Agency,0,Sin jurisdiccion especial,0,42.87703611,-87.93210833,Banqueta,El primer evento no fue una colision con un vehiculo automotor en transporte,Not an Intersection,No fue interseccion,Sobre el lado de la calle,Ninguna,Reportada como desconocida,Reportado como desconocido,No,NO APLICA,88,88,88,88,1,04/01/2022,1
55,Wisconsin,550002,0,0,1,0,105,ROCK (105),0,NO APLICA,1,Enero,1,2022,4,2,I-43,1,Interestatal,Rural,Interestatal,State Highway Agency,1,Sin jurisdiccion especial,99998,42.57338889,-88.88849444,Valla Ferrocarril,El primer evento no fue una colision con un vehiculo automotor en transporte,Not an Intersection,No fue interseccion,Sobre el lado de la calle,Ninguna,Oscuro sin iluminacion,Nublado,No,NO APLICA,4,4,4,22,1,01/01/2022,1
55,Wisconsin,550003,1,1,1,0,79,MILWAUKEE (79),5160,WEST ALLIS,1,Enero,11,2022,6,24,SR-100,3,Highway estatal,Urbano,Arteria Principal,State Highway Agency,1,Sin jurisdiccion especial,99998,42.98533889,-88.04710556,Peaton,El primer evento no fue una colision con un vehiculo automotor en transporte,Not an Intersection,No fue interseccion,Sobre calle,Ninguna,Oscuro con iluminacion,Despejado,No,NO APLICA,6,24,6,30,1,11/01/2022,1
55,Wisconsin,550004,0,0,2,0,109,ST CROIX (109),0,NO APLICA,1,Enero,13,2022,0,16,SR-35,3,Highway estatal,Rural,Arteria Menor,State Highway Agency,0,Sin jurisdiccion especial,99998,45.04261111,-92.75997778,Vehiculo en movimiento,Angulo,Not an Intersection,No fue interseccion,Sobre calle,Ninguna,Oscuro sin iluminacion,Despejado,No,NO APLICA,0,16,0,24,1,13/01/2022,2
55,Wisconsin,550005,0,0,1,0,43,GRANT (43),0,NO APLICA,1,Enero,16,2022,1,12,US-151,2,US Highway,Rural,Arteria Principal,State Highway Agency,1,Sin jurisdiccion especial,99998,42.66924167,-90.55056389,Acotamiento,El primer evento no fue una colision con un vehiculo automotor en transporte,Not an Intersection,No fue interseccion,Sobre el lado de la calle,Ninguna,Oscuro sin iluminacion,Nublado,No,NO APLICA,1,23,1,33,1,16/01/2022,1
55,Wisconsin,550006,1,1,1,0,55,JEFFERSON (55),5050,WATERTOWN,1,Enero,15,2022,1,17,FIRST ST S,6,Calle Local Municipalidad,Urbano,Colector Mayor,City or Municipal Highway Agency,0,Sin jurisdiccion especial,0,43.193975,-88.72418889,Peaton,El primer evento no fue una colision con un vehiculo automotor en transporte,Not an Intersection,No fue interseccion,Sobre calle,Ninguna,Oscuro con iluminacion,Despejado,No,NO APLICA,1,17,1,20,1,15/01/2022,2
55,Wisconsin,550007,0,0,1,0,71,MANITOWOC (71),0,NO APLICA,1,Enero,5,2022,16,15,I-43,1,Interestatal,Rural,Interestatal,State Highway Agency,1,Sin jurisdiccion especial,99998,44.21706667,-87.75552778,Barrera de Cable,El primer evento no fue una colision con un vehiculo automotor en transporte,Not an Intersection,No fue interseccion,En el medio,Ninguna,Dia total,Nieve,No,NO APLICA,99,99,99,99,1,05/01/2022,2
55,Wisconsin,550008,0,0,2,0,131,WASHINGTON (131),2310,JACKSON,1,Enero,7,2022,19,54,US-45,2,US Highway,Urbano,Arterial Principal -Freeway o ExpressWay,State Highway Agency,1,Sin jurisdiccion especial,99998,43.32168611,-88.18556111,Vehiculo en movimiento,Frente a Detrás,Not an Intersection,No fue interseccion,Sobre calle,Ninguna,Oscuro sin iluminacion,Despejado,No,NO APLICA,19,54,99,99,1,07/01/2022,2
55,Wisconsin,550009,0,0,2,0,79,MILWAUKEE (79),3475,SOUTH MILWAUKEE,1,Enero,19,2022,11,53,SR-241,3,Highway estatal,Urbano,Arteria Principal,State Highway Agency,1,Sin jurisdiccion especial,99998,42.92693611,-87.94941389,Vehiculo en movimiento,Angulo,Not an Intersection,No fue interseccion,Sobre calle,Ninguna,Dia total,Despejado,No,NO APLICA,11,54,11,59,1,19/01/2022,2
55,Wisconsin,550010,0,0,2,0,49,IOWA (49),0,NO APLICA,1,Enero,6,2022,0,10,US-151,2,US Highway,Rural,Arteria Principal,State Highway Agency,1,Sin jurisdiccion especial,99998,42.88218889,-90.177975,Vehiculo en movimiento,Golpe Lateral - misma direccion,Not an Intersection,No fue interseccion,Sobre calle,Ninguna,Oscuro sin iluminacion,Despejado,No,NO APLICA,99,99,99,99,2,06/01/2022,3
55,Wisconsin,550011,0,0,1,0,59,KENOSHA (59),9997,Other,1,Enero,21,2022,5,56,SR-32,3,Highway estatal,Urbano,Arteria Principal,State Highway Agency,1,Sin jurisdiccion especial,99998,42.63188611,-87.82060278,Poste de Señal de trafico,El primer evento no fue una colision con un vehiculo automotor en transporte,Not an Intersection,No fue interseccion,Sobre el lado de la calle,Ninguna,Oscuro sin iluminacion,Despejado,No,NO APLICA,5,58,6,3,1,21/01/2022,2
55,Wisconsin,550012,0,0,1,0,59,KENOSHA (59),685,BRISTOL,1,Enero,16,2022,0,55,CR-WG,4,Calle del Condado,Rural,Colector Mayor,County Highway Agency,0,Sin jurisdiccion especial,0,42.49495278,-87.976275,Poste,El primer evento no fue una colision con un vehiculo automotor en transporte,Not an Intersection,No fue interseccion,Sobre el lado de la calle,Ninguna,Oscuro sin iluminacion,Nublado,No,NO APLICA,99,99,99,99,1,16/01/2022,1
55,Wisconsin,550014,0,0,3,0,21,COLUMBIA (21),0,NO APLICA,1,Enero,19,2022,12,11,SR-33,3,Highway estatal,Rural,Arteria Menor,State Highway Agency,0,Sin jurisdiccion especial,99998,43.51796389,-89.516925,Vehiculo en movimiento,Golpe Lateral - direccion contraria,Not an Intersection,No fue interseccion,Sobre calle,Ninguna,Dia total,Despejado,No,NO APLICA,99,99,99,99,2,19/01/2022,4
55,Wisconsin,550015,0,0,1,0,25,DANE (25),2780,MADISON,1,Enero,21,2022,1,2,SR-113,3,Highway estatal,Urbano,Arteria Principal,State Highway Agency,1,otro,99998,43.137825,-89.382125,Buzon de correo,El primer evento no fue una colision con un vehiculo automotor en transporte,Not an Intersection,No fue interseccion,Sobre el lado de la calle,Ninguna,Oscuro con iluminacion,Despejado,No,NO APLICA,1,3,1,7,1,21/01/2022,1
55,Wisconsin,550016,0,0,2,0,25,DANE (25),2780,MADISON,1,Enero,15,2022,19,57,SCHROEDER RD,6,Calle Local Municipalidad,Urbano,Arteria Menor,City or Municipal Highway Agency,0,Sin jurisdiccion especial,0,43.04631944,-89.48665,Vehiculo en movimiento,Angulo,T-Intersection,Interseccion de T,Sobre calle,Ninguna,Oscuro con iluminacion,Despejado,No,NO APLICA,19,58,20,7,1,15/01/2022,4
55,Wisconsin,550017,0,0,2,0,101,RACINE (101),0,NO APLICA,1,Enero,16,2022,15,52,SR-75,3,Highway estatal,Rural,Colector Mayor,State Highway Agency,0,Sin jurisdiccion especial,99998,42.72748889,-88.11082222,Vehiculo en movimiento,Angulo,Four-Way Intersection,Interseccion de 4 direcciones,Sobre calle,Ninguna,Dia total,Nublado,No,NO APLICA,99,99,99,99,1,16/01/2022,2
55,Wisconsin,550018,0,0,3,0,25,DANE (25),0,NO APLICA,1,Enero,6,2022,22,11,I-39,1,Interestatal,Rural,Interestatal,State Highway Agency,1,Sin jurisdiccion especial,99998,43.27869722,-89.4016,Vehiculo en movimiento,Angulo,Not an Intersection,No fue interseccion,Sobre calle,Ninguna,Oscuro sin iluminacion,Nublado,No,NO APLICA,22,17,22,27,4,06/01/2022,6
55,Wisconsin,550019,0,0,2,0,113,SAWYER (113),0,NO APLICA,1,Enero,24,2022,5,20,SR-70,3,Highway estatal,Rural,Arteria Menor,State Highway Agency,0,Sin jurisdiccion especial,99998,45.88421667,-90.760325,Vehiculo en movimiento,Frente a frente,Not an Intersection,No fue interseccion,Sobre calle,Ninguna,Oscuro sin iluminacion,Nieve,No,NO APLICA,5,26,5,48,1,24/01/2022,2
55,Wisconsin,550020,0,0,2,0,133,WAUKESHA (133),9997,Other,1,Enero,29,2022,15,22,SR-164,3,Highway estatal,Urbano,Arteria Principal,State Highway Agency,1,Sin jurisdiccion especial,99998,42.94850833,-88.22828333,Vehiculo en movimiento,Angulo,Four-Way Intersection,Interseccion de 4 direcciones,Sobre calle,Ninguna,Dia total,Nublado,No,NO APLICA,15,22,15,22,1,29/01/2022,4
55,Wisconsin,550022,0,0,1,0,39,FOND DU LAC (39),0,NO APLICA,1,Enero,14,2022,18,18,US-45,2,US Highway,Rural,Arteria Menor,State Highway Agency,0,Sin jurisdiccion especial,99998,43.65939167,-88.26038333,Poste o otros soportes,El primer evento no fue una colision con un vehiculo automotor en transporte,Not an Intersection,No fue interseccion,Sobre el lado de la calle,Ninguna,Oscuro sin iluminacion,Nublado,No,NO APLICA,18,19,18,29,1,14/01/2022,1
55,Wisconsin,550023,0,0,2,0,71,MANITOWOC (71),0,NO APLICA,1,Enero,28,2022,9,48,SR-57,3,Highway estatal,Rural,Arteria Menor,State Highway Agency,0,Sin jurisdiccion especial,99998,43.89356111,-87.95466389,Vehiculo en movimiento,Angulo,Four-Way Intersection,Interseccion de 4 direcciones,Sobre calle,Ninguna,Dia total,Despejado,No,NO APLICA,9,48,9,59,1,28/01/2022,3
55,Wisconsin,550024,0,0,2,0,41,FOREST (41),0,NO APLICA,1,Enero,29,2022,17,50,WOODLAWN RD,5,Calle Local - Pueblo,Rural,Local,Town or Township Highway Agency,0,Sin jurisdiccion especial,99998,45.41363056,-88.82273611,Vehiculo en movimiento,Angulo,Four-Way Intersection,Interseccion de 4 direcciones,Sobre calle,Ninguna,Oscuro sin iluminacion,Despejado,No,NO APLICA,17,50,18,10,1,29/01/2022,5
55,Wisconsin,550025,0,0,2,0,101,RACINE (101),795,CALEDONIA,1,Enero,26,2022,4,49,E FRONTAGE RD,7,Calle Local,Urbano,Colector Mayor,City or Municipal Highway Agency,0,Sin jurisdiccion especial,99998,42.82669444,-87.95173611,Vehiculo en movimiento,Angulo,Not an Intersection,No fue interseccion,Sobre calle,Ninguna,Oscuro sin iluminacion,Despejado,No,NO APLICA,4,49,4,51,1,26/01/2022,2
55,Wisconsin,550026,0,0,2,0,1,ADAMS (1),0,NO APLICA,2,Febrero,1,2022,8,32,CR-E,4,Calle del Condado,Rural,Colector Mayor,County Highway Agency,0,Sin jurisdiccion especial,0,43.87616667,-89.63738056,Vehiculo en movimiento,Angulo,Four-Way Intersection,Interseccion de 4 direcciones,Sobre calle,Ninguna,Dia total,Nublado,No,NO APLICA,8,34,8,51,1,01/02/2022,2
55,Wisconsin,550027,0,0,2,0,79,MILWAUKEE (79),3100,MILWAUKEE,1,Enero,8,2022,6,2,S CESAR E CHAVEZ DR,6,Calle Local Municipalidad,Urbano,Arteria Menor,City or Municipal Highway Agency,0,Sin jurisdiccion especial,99998,43.01950833,-87.933,Vehiculo en movimiento,Angulo,Not an Intersection,No fue interseccion,Sobre calle,Ninguna,Oscuro con iluminacion,Nublado,No,NO APLICA,6,3,99,99,1,08/01/2022,2
55,Wisconsin,550028,1,1,1,0,115,SHAWANO (115),4320,SHAWANO,1,Enero,20,2022,14,16,SR-22,3,Highway estatal,Rural,Arteria Principal,State Highway Agency,1,Sin jurisdiccion especial,99998,44.78207222,-88.60443889,Peaton,El primer evento no fue una colision con un vehiculo automotor en transporte,Four-Way Intersection,Interseccion de 4 direcciones,Sobre calle,Ninguna,Dia total,Despejado,No,NO APLICA,99,99,99,99,1,20/01/2022,1
55,Wisconsin,550029,1,1,1,0,73,MARATHON (73),0,NO APLICA,1,Enero,22,2022,18,56,CR-N,4,Calle del Condado,Rural,Arteria Menor,County Highway Agency,0,Sin jurisdiccion especial,99998,44.94531667,-89.59198611,Peaton,El primer evento no fue una colision con un vehiculo automotor en transporte,Not an Intersection,No fue interseccion,Sobre calle,Ninguna,Oscuro con iluminacion,Nublado,No,NO APLICA,18,56,19,1,1,22/01/2022,1
55,Wisconsin,550030,0,0,1,0,25,DANE (25),0,NO APLICA,1,Enero,29,2022,3,5,CR-A,4,Calle del Condado,Rural,Colector Menor,County Highway Agency,0,Sin jurisdiccion especial,0,42.90306389,-89.25023611,Acotamiento,El primer evento no fue una colision con un vehiculo automotor en transporte,Not an Intersection,No fue interseccion,Sobre el lado de la calle,Ninguna,Oscuro sin iluminacion,Nublado,No,NO APLICA,99,99,99,99,1,29/01/2022,1
55,Wisconsin,550031,0,0,1,0,97,PORTAGE (97),4620,STEVENS POINT,2,Febrero,13,2022,23,43,COUNTRY CLUB DR,6,Calle Local Municipalidad,Rural,Arteria Menor,City or Municipal Highway Agency,0,Sin jurisdiccion especial,0,44.51449722,-89.52924167,Poste,El primer evento no fue una colision con un vehiculo automotor en transporte,Not an Intersection,No fue interseccion,En el medio,Ninguna,Oscuro con iluminacion,Nieve,No,NO APLICA,23,51,23,57,1,13/02/2022,2
55,Wisconsin,550032,0,0,2,0,105,ROCK (105),0,NO APLICA,2,Febrero,2,2022,14,52,CREEDY RD,5,Calle Local - Pueblo,Rural,Local,Town or Township Highway Agency,0,Sin jurisdiccion especial,0,42.56195556,-89.06923333,Vehiculo en movimiento,Frente a frente,Not an Intersection,No fue interseccion,Sobre calle,Ninguna,Dia total,Nublado,No,NO APLICA,14,52,14,59,1,02/02/2022,2
55,Wisconsin,550033,0,0,2,0,9,BROWN (9),0,NO APLICA,2,Febrero,11,2022,6,15,CR-PP,4,Calle del Condado,Rural,Colector Mayor,County Highway Agency,0,Sin jurisdiccion especial,0,44.38878611,-88.04960278,Valla Ferrocarril,El primer evento no fue una colision con un vehiculo automotor en transporte,Not an Intersection,No fue interseccion,Sobre el lado de la calle,Ninguna,Oscuro sin iluminacion,Nublado,No,NO APLICA,6,25,6,30,1,11/02/2022,2
55,Wisconsin,550034,0,0,2,0,81,MONROE (81),0,NO APLICA,2,Febrero,14,2022,16,0,SR-131,3,Highway estatal,Rural,Arteria Menor,State Highway Agency,0,Sin jurisdiccion especial,99998,43.78596944,-90.54867778,Vehiculo en movimiento,Angulo,Not an Intersection,No fue interseccion,Sobre calle,Ninguna,Dia total,Nublado,No,NO APLICA,16,2,16,10,1,14/02/2022,2
55,Wisconsin,550035,0,0,1,0,9,BROWN (9),2211,HOWARD,2,Febrero,9,2022,13,17,LARSEN RD,6,Calle Local Municipalidad,Urbano,Colector Mayor,City or Municipal Highway Agency,0,Sin jurisdiccion especial,0,44.53129722,-88.0793,Banqueta,El primer evento no fue una colision con un vehiculo automotor en transporte,Not an Intersection,No fue interseccion,Sobre el lado de la calle,Ninguna,Dia total,Nublado,No,NO APLICA,13,17,13,99,1,09/02/2022,1
55,Wisconsin,550036,0,0,2,0,105,ROCK (105),0,NO APLICA,2,Febrero,11,2022,19,39,US-14,2,US Highway,Rural,Arteria Principal,State Highway Agency,1,Sin jurisdiccion especial,99998,42.73013333,-89.06890278,Vehiculo en movimiento,Frente a frente,Not an Intersection,No fue interseccion,Sobre calle,Ninguna,Oscuro - iluminacion desconocida,Nublado,No,NO APLICA,99,99,99,99,1,11/02/2022,3
55,Wisconsin,550037,0,0,1,0,127,WALWORTH (127),0,NO APLICA,2,Febrero,6,2022,2,33,I-43,1,Interestatal,Rural,Interestatal,State Highway Agency,1,Sin jurisdiccion especial,99998,42.69430833,-88.50188333,Volcadura,El primer evento no fue una colision con un vehiculo automotor en transporte,Not an Intersection,No fue interseccion,Sobre el lado de la calle,Ninguna,Oscuro sin iluminacion,Despejado,No,NO APLICA,2,33,2,47,1,06/02/2022,2
55,Wisconsin,550038,0,0,3,0,67,LANGLADE (67),0,NO APLICA,2,Febrero,10,2022,18,20,US-45,2,US Highway,Rural,Arteria Principal,State Highway Agency,1,Sin jurisdiccion especial,99998,45.10917222,-89.15389167,Vehiculo en movimiento,Frente a Detrás,Not an Intersection,No fue interseccion,Sobre calle,Ninguna,Oscuro sin iluminacion,Nublado,No,NO APLICA,18,24,18,28,1,10/02/2022,7
55,Wisconsin,550039,0,0,1,0,117,SHEBOYGAN (117),0,NO APLICA,2,Febrero,17,2022,99,99,BRIDGEWOOD RD,5,Calle Local - Pueblo,Rural,Local,Town or Township Highway Agency,0,Sin jurisdiccion especial,0,43.80019444,-87.88092778,Arbol,El primer evento no fue una colision con un vehiculo automotor en transporte,Not an Intersection,No fue interseccion,Sobre el lado de la calle,Ninguna,Oscuro sin iluminacion,Nublado,No,NO APLICA,99,99,99,99,1,17/02/2022,1
55,Wisconsin,550040,0,0,2,0,9,BROWN (9),0,NO APLICA,2,Febrero,14,2022,6,24,I-43,1,Interestatal,Rural,Interestatal,State Highway Agency,1,Sin jurisdiccion especial,99998,44.440125,-87.93317778,Vehiculo en movimiento,Frente a Detrás,Not an Intersection,No fue interseccion,Sobre calle,Ninguna,Amanecer,Despejado,No,NO APLICA,6,24,6,38,1,14/02/2022,2
55,Wisconsin,550041,0,0,1,0,79,MILWAUKEE (79),5130,WAUWATOSA,2,Febrero,14,2022,23,59,W BURLEIGH ST,6,Calle Local Municipalidad,Urbano,Arteria Menor,City or Municipal Highway Agency,0,Sin jurisdiccion especial,0,43.074675,-88.050425,Banqueta,El primer evento no fue una colision con un vehiculo automotor en transporte,Not an Intersection,No fue interseccion,En el medio,Ninguna,Oscuro con iluminacion,Nublado,No,NO APLICA,0,1,0,6,1,14/02/2022,1
55,Wisconsin,550042,0,0,1,0,57,JUNEAU (57),0,NO APLICA,2,Febrero,26,2022,8,11,SR-80,3,Highway estatal,Rural,Arteria Principal,State Highway Agency,1,Sin jurisdiccion especial,99998,44.07460556,-90.09984167,Arbol,El primer evento no fue una colision con un vehiculo automotor en transporte,Not an Intersection,No fue interseccion,Sobre el lado de la calle,Ninguna,Dia total,Despejado,No,NO APLICA,8,19,99,99,1,26/02/2022,1
55,Wisconsin,550043,0,0,1,0,139,WINNEBAGO (139),0,NO APLICA,2,Febrero,28,2022,0,8,CR-H,4,Calle del Condado,Rural,Colector Menor,County Highway Agency,0,Sin jurisdiccion especial,0,44.23700833,-88.85340833,Arbol,El primer evento no fue una colision con un vehiculo automotor en transporte,Not an Intersection,No fue interseccion,Sobre el lado de la calle,Ninguna,Oscuro sin iluminacion,Despejado,No,NO APLICA,0,8,0,25,1,28/02/2022,1
55,Wisconsin,550044,1,1,1,0,79,MILWAUKEE (79),3100,MILWAUKEE,1,Enero,14,2022,11,51,US-18,2,US Highway,Urbano,Arteria Menor,State Highway Agency,0,Sin jurisdiccion especial,99998,43.04016667,-87.91318056,Peaton,El primer evento no fue una colision con un vehiculo automotor en transporte,Four-Way Intersection,Interseccion de 4 direcciones,Sobre calle,Ninguna,Dia total,Nublado,No,NO APLICA,99,99,99,99,1,14/01/2022,1
55,Wisconsin,550045,0,0,3,0,13,BURNETT (13),0,NO APLICA,2,Febrero,28,2022,20,0,SR-87,3,Highway estatal,Rural,Arteria Menor,State Highway Agency,0,Sin jurisdiccion especial,99998,45.69778611,-92.66937222,Vehiculo en movimiento,Golpe Lateral - direccion contraria,Not an Intersection,No fue interseccion,Sobre calle,Ninguna,Oscuro sin iluminacion,Despejado,No,NO APLICA,20,6,20,11,2,28/02/2022,3
55,Wisconsin,550046,1,1,1,0,117,SHEBOYGAN (117),4330,SHEBOYGAN,2,Febrero,4,2022,22,26,SR-42,3,Highway estatal,Urbano,Arteria Principal,State Highway Agency,1,Sin jurisdiccion especial,99998,43.75848611,-87.72302222,Peaton,El primer evento no fue una colision con un vehiculo automotor en transporte,Four-Way Intersection,Interseccion de 4 direcciones,Sobre calle,Ninguna,Oscuro - iluminacion desconocida,No reportado,No,NO APLICA,22,27,22,32,1,04/02/2022,1
55,Wisconsin,550047,0,0,1,0,131,WASHINGTON (131),0,NO APLICA,2,Febrero,6,2022,17,38,SALISBURY RD,5,Calle Local - Pueblo,Rural,Local,Town or Township Highway Agency,0,Sin jurisdiccion especial,0,43.49370278,-88.17940556,Arbol,El primer evento no fue una colision con un vehiculo automotor en transporte,Not an Intersection,No fue interseccion,Sobre el lado de la calle,Ninguna,Oscuro sin iluminacion,Nublado,No,NO APLICA,17,57,18,10,1,06/02/2022,1
55,Wisconsin,550048,0,0,1,0,83,OCONTO (83),0,NO APLICA,2,Febrero,24,2022,1,5,US-41 RAMP,2,US Highway,Rural,Colector Menor,State Highway Agency,0,Sin jurisdiccion especial,99998,44.76479444,-88.04929722,Poste de Señal de trafico,El primer evento no fue una colision con un vehiculo automotor en transporte,Four-Way Intersection,Interseccion de 4 direcciones,Sobre el lado de la calle,Ninguna,Oscuro con iluminacion,Despejado,No,NO APLICA,1,5,1,30,1,24/02/2022,3
55,Wisconsin,550049,0,0,3,0,3,ASHLAND (3),0,NO APLICA,2,Febrero,26,2022,18,13,US-2,2,US Highway,Rural,Arteria Principal,State Highway Agency,1,Sin jurisdiccion especial,99998,46.53736111,-90.57386111,Vehiculo en movimiento,Frente a frente,Not an Intersection,No fue interseccion,Sobre calle,Ninguna,Oscuro sin iluminacion,Despejado,No,NO APLICA,18,20,18,30,1,26/02/2022,5
55,Wisconsin,550050,0,0,1,0,101,RACINE (101),0,NO APLICA,2,Febrero,17,2022,19,55,CR-A,4,Calle del Condado,Rural,Colector Mayor,County Highway Agency,0,Sin jurisdiccion especial,0,42.72308056,-88.17225833,Volcadura,El primer evento no fue una colision con un vehiculo automotor en transporte,Not an Intersection,No fue interseccion,Sobre el lado de la calle,Ninguna,Oscuro sin iluminacion,Despejado,No,NO APLICA,99,99,99,99,1,17/02/2022,1
55,Wisconsin,550051,0,0,1,0,27,DODGE (27),0,NO APLICA,2,Febrero,17,2022,23,30,CR-DJ,4,Calle del Condado,Rural,Colector Menor,County Highway Agency,0,Sin jurisdiccion especial,0,43.37760556,-88.66576944,Zanja,El primer evento no fue una colision con un vehiculo automotor en transporte,Not an Intersection,No fue interseccion,Sobre el lado de la calle,Ninguna,Oscuro sin iluminacion,Nublado,No,NO APLICA,88,88,88,88,1,17/02/2022,1
55,Wisconsin,550052,0,0,1,0,39,FOND DU LAC (39),0,NO APLICA,2,Febrero,26,2022,2,23,US-151,2,US Highway,Urbano,Arteria Principal,State Highway Agency,0,Sin jurisdiccion especial,99998,43.81997778,-88.37716944,Arbol,El primer evento no fue una colision con un vehiculo automotor en transporte,Not an Intersection,No fue interseccion,Sobre el lado de la calle,Ninguna,Oscuro sin iluminacion,Despejado,No,NO APLICA,2,25,2,39,2,26/02/2022,3
55,Wisconsin,550053,0,0,1,0,111,SAUK (111),0,NO APLICA,3,Marzo,4,2022,99,99,CR-GG,4,Calle del Condado,Rural,Colector Mayor,County Highway Agency,0,Sin jurisdiccion especial,0,43.346825,-90.09342222,Arbol,El primer evento no fue una colision con un vehiculo automotor en transporte,Not an Intersection,No fue interseccion,Sobre el lado de la calle,Ninguna,Reportada como desconocida,Nublado,No,NO APLICA,6,17,6,30,1,04/03/2022,1
55,Wisconsin,550054,0,0,2,0,117,SHEBOYGAN (117),0,NO APLICA,2,Febrero,24,2022,16,16,SR-57,3,Highway estatal,Rural,Arteria Principal,State Highway Agency,1,Sin jurisdiccion especial,99998,43.54645278,-87.94136111,Vehiculo en movimiento,Angulo,T-Intersection,Interseccion de T,Sobre calle,Ninguna,Dia total,Nublado,No,NO APLICA,16,20,16,29,1,24/02/2022,3
55,Wisconsin,550055,0,0,1,0,63,LA CROSSE (63),0,NO APLICA,2,Febrero,20,2022,16,56,US-14,2,US Highway,Rural,Arteria Principal,State Highway Agency,1,Sin jurisdiccion especial,99998,43.76786111,-91.16438333,Volcadura,El primer evento no fue una colision con un vehiculo automotor en transporte,Not an Intersection,No fue interseccion,Sobre el lado de la calle,Ninguna,Dia total,Despejado,No,NO APLICA,16,56,17,7,1,20/02/2022,1
55,Wisconsin,550056,0,0,2,0,45,GREEN (45),0,NO APLICA,3,Marzo,7,2022,3,28,SR-11,3,Highway estatal,Rural,Arteria Principal,State Highway Agency,1,Sin jurisdiccion especial,99998,42.589325,-89.77716111,Vehiculo en movimiento,Golpe Lateral - direccion contraria,Not an Intersection,No fue interseccion,Sobre calle,Ninguna,Oscuro sin iluminacion,Nieve,No,NO APLICA,3,45,99,97,1,07/03/2022,2
55,Wisconsin,550057,0,0,1,0,103,RICHLAND (103),0,NO APLICA,3,Marzo,9,2022,16,20,SR-80,3,Highway estatal,Rural,Arteria Menor,State Highway Agency,0,Sin jurisdiccion especial,99998,43.39794167,-90.37320278,Arbol,El primer evento no fue una colision con un vehiculo automotor en transporte,Not an Intersection,No fue interseccion,Sobre el lado de la calle,Ninguna,Dia total,Despejado,No,NO APLICA,16,21,16,29,1,09/03/2022,1