Estado,Nombre de Estado,Numero de Caso,Peatones,Personas _no_vehiculos,Vehiculos automotores,Vehiculos estacionados,Condado,Nombre Condado,Ciudad,Nombre Ciudad,Mes,Nombre Mes,Dia,Año,Hora,Minuto,Calle,Ruta,Nombre Ruta,Rural o Urbanoo,Sistema Funcional,Dueño Calle,Sistema Nacional Carreteras,Jurisdiccion Especial,Milla,Latitud,Longitud,Causa del Accidente,Tipo de Accidente,Tipo Interseccion,Columna1,Lugar en la calle,Zona de Trabajo,Luz,Clima,Autobus Escolar,Cruce de Trenes,Hora Notificacion,Minuto Notificacion,Hora Llegada,Minuto Llegada,Decesos,Fecha,PersonaVehiculo
55,Wisconsin,550058,0,0,1,0,73,MARATHON (73),0,NO APLICA,3,Marzo,10,2022,2,18,SR-29,3,Highway estatal,Rural,Arteria Principal,State Highway Agency,1,Sin jurisdiccion especial,99998,44.88158056,-89.34416667,Valla Ferrocarril,El primer evento no fue una colision con un vehiculo automotor en transporte,Not an Intersection,No fue interseccion,En el medio,Ninguna,Oscuro sin iluminacion,Despejado,No,NO APLICA,99,99,99,99,1,10/03/2022,1
55,Wisconsin,550059,0,0,1,0,81,MONROE (81),4530,SPARTA,2,Febrero,27,2022,10,39,SR-16,3,Highway estatal,Rural,Arteria Principal,State Highway Agency,0,Sin jurisdiccion especial,99998,43.937125,-90.84078889,Hidrante,El primer evento no fue una colision con un vehiculo automotor en transporte,Not an Intersection,No fue interseccion,Sobre el lado de la calle,Ninguna,Dia total,Despejado,No,NO APLICA,10,40,10,42,1,27/02/2022,2
55,Wisconsin,550060,1,1,1,0,109,ST CROIX (109),0,NO APLICA,3,Marzo,6,2022,2,15,SR-35,3,Highway estatal,Urbano,Arterial Principal -Freeway o ExpressWay,State Highway Agency,1,Sin jurisdiccion especial,99998,44.89243611,-92.63770556,Peaton,El primer evento no fue una colision con un vehiculo automotor en transporte,Not an Intersection,No fue interseccion,Sobre calle,Ninguna,Oscuro sin iluminacion,Nieve,No,NO APLICA,2,19,2,35,1,06/03/2022,1
55,Wisconsin,550061,1,1,1,0,79,MILWAUKEE (79),5160,WEST ALLIS,3,Marzo,5,2022,23,48,SR-100,3,Highway estatal,Urbano,Arteria Principal,State Highway Agency,1,Sin jurisdiccion especial,99998,43.00906389,-88.04664444,Peaton,El primer evento no fue una colision con un vehiculo automotor en transporte,T-Intersection,Interseccion de T,Sobre calle,Ninguna,Oscuro sin iluminacion,lluvia,No,NO APLICA,99,99,99,99,1,05/03/2022,1
55,Wisconsin,550062,0,0,3,0,59,KENOSHA (59),0,NO APLICA,3,Marzo,12,2022,16,19,CR-W FOX RIVER RD,4,Calle del Condado,Urbano,Arteria Principal,County Highway Agency,0,Sin jurisdiccion especial,0,42.49818333,-88.19701389,Vehiculo en movimiento,Frente a Detrás,T-Intersection,Interseccion de T,Sobre calle,Ninguna,Dia total,Despejado,No,NO APLICA,16,0,16,0,1,12/03/2022,3
55,Wisconsin,550063,0,0,1,0,79,MILWAUKEE (79),3100,MILWAUKEE,2,Febrero,18,2022,9,57,N HAWLEY RD,6,Calle Local Municipalidad,Urbano,Arteria Menor,City or Municipal Highway Agency,0,Sin jurisdiccion especial,0,43.04143333,-87.98271944,Banqueta,El primer evento no fue una colision con un vehiculo automotor en transporte,Not an Intersection,No fue interseccion,Sobre el lado de la calle,Ninguna,Dia total,Nublado,No,NO APLICA,99,99,99,99,1,18/02/2022,2
55,Wisconsin,550064,0,0,1,0,105,ROCK (105),2320,JANESVILLE,3,Marzo,3,2022,12,34,I-39,1,Interestatal,Urbano,Interestatal,State Highway Agency,1,Sin jurisdiccion especial,99998,42.70396389,-88.98389722,Muro,El primer evento no fue una colision con un vehiculo automotor en transporte,Not an Intersection,No fue interseccion,Sobre el lado de la calle,Ninguna,Dia total,Nublado,No,NO APLICA,12,36,12,45,1,03/03/2022,1
55,Wisconsin,550065,0,0,1,0,59,KENOSHA (59),685,BRISTOL,3,Marzo,20,2022,17,28,W FRONTAGE RD,7,Calle Local,Urbano,Colector Mayor,City or Municipal Highway Agency,0,Sin jurisdiccion especial,0,42.564425,-87.95329722,Barrera de Trafico de Concreto,El primer evento no fue una colision con un vehiculo automotor en transporte,Not an Intersection,No fue interseccion,Sobre el lado de la calle,Ninguna,Dia total,Despejado,No,NO APLICA,17,30,17,44,1,20/03/2022,1
55,Wisconsin,550066,1,1,1,0,99,PRICE (99),0,NO APLICA,3,Marzo,17,2022,22,36,SR-13,3,Highway estatal,Rural,Arteria Principal,State Highway Agency,1,Sin jurisdiccion especial,99998,45.64419722,-90.39123333,Peaton,El primer evento no fue una colision con un vehiculo automotor en transporte,Not an Intersection,No fue interseccion,Sobre calle,Ninguna,Oscuro sin iluminacion,Nublado,No,NO APLICA,22,36,22,54,1,17/03/2022,1
55,Wisconsin,550067,0,0,1,0,71,MANITOWOC (71),0,NO APLICA,3,Marzo,25,2022,4,46,CR-V,4,Calle del Condado,Rural,Colector Menor,County Highway Agency,0,Sin jurisdiccion especial,0,44.19663056,-87.79890278,Zanja,El primer evento no fue una colision con un vehiculo automotor en transporte,Not an Intersection,No fue interseccion,Sobre el lado de la calle,Ninguna,Oscuro sin iluminacion,Nublado,No,NO APLICA,4,53,5,5,1,25/03/2022,1
55,Wisconsin,550068,0,0,2,0,69,LINCOLN (69),0,NO APLICA,3,Marzo,15,2022,7,32,US-8,2,US Highway,Rural,Arteria Principal,State Highway Agency,1,Sin jurisdiccion especial,99998,45.55514167,-89.89937778,Vehiculo en movimiento,Frente a frente,T-Intersection,Interseccion de T,Sobre calle,Ninguna,Dia total,Neblina o Humo,No,NO APLICA,7,35,8,16,1,15/03/2022,2
55,Wisconsin,550069,0,0,1,0,25,DANE (25),0,NO APLICA,3,Marzo,20,2022,21,25,ALBION RD,5,Calle Local - Pueblo,Rural,Colector Mayor,Town or Township Highway Agency,0,Sin jurisdiccion especial,0,42.87981111,-89.06818333,Otro objeto (fijo),El primer evento no fue una colision con un vehiculo automotor en transporte,Not an Intersection,No fue interseccion,Sobre el lado de la calle,Ninguna,Oscuro sin iluminacion,Despejado,No,NO APLICA,21,26,21,33,2,20/03/2022,2
55,Wisconsin,550070,0,0,1,0,19,CLARK (19),0,NO APLICA,3,Marzo,25,2022,22,10,CR-C,4,Calle del Condado,Rural,Colector Mayor,County Highway Agency,0,Sin jurisdiccion especial,99998,44.63320556,-90.50674722,Arbol,El primer evento no fue una colision con un vehiculo automotor en transporte,T-Intersection,Interseccion de T,Fuera de la calle,Ninguna,Oscuro sin iluminacion,Soplando nieve,No,NO APLICA,22,13,22,27,1,25/03/2022,4
55,Wisconsin,550071,0,0,2,0,79,MILWAUKEE (79),3100,MILWAUKEE,2,Febrero,19,2022,1,34,N SHERMAN BLVD,6,Calle Local Municipalidad,Urbano,Arteria Principal,City or Municipal Highway Agency,1,Sin jurisdiccion especial,0,43.06434722,-87.96750278,Soporte de  señalamiento de transito,El primer evento no fue una colision con un vehiculo automotor en transporte,Four-Way Intersection,Interseccion de 4 direcciones,En el medio,Ninguna,Oscuro con iluminacion,Nieve,No,NO APLICA,1,35,99,99,1,19/02/2022,2
55,Wisconsin,550072,1,1,2,0,79,MILWAUKEE (79),3100,MILWAUKEE,2,Febrero,22,2022,22,54,US-18 N 35TH ST,2,US Highway,Urbano,Arteria Menor,State Highway Agency,0,Sin jurisdiccion especial,99998,43.03939722,-87.95763889,Peaton,El primer evento no fue una colision con un vehiculo automotor en transporte,Not an Intersection,No fue interseccion,Sobre calle,Ninguna,Oscuro con iluminacion,Nublado,No,NO APLICA,99,99,99,99,1,22/02/2022,3
55,Wisconsin,550073,0,0,1,0,79,MILWAUKEE (79),3100,MILWAUKEE,3,Marzo,11,2022,21,10,W FOND DU LAC AVE,6,Calle Local Municipalidad,Urbano,Arteria Menor,City or Municipal Highway Agency,0,Sin jurisdiccion especial,0,43.10982778,-88.00146667,Arbol,El primer evento no fue una colision con un vehiculo automotor en transporte,Not an Intersection,No fue interseccion,En el medio,Ninguna,Oscuro con iluminacion,Despejado,No,NO APLICA,99,99,99,99,1,11/03/2022,1
55,Wisconsin,550074,0,0,1,0,63,LA CROSSE (63),2190,HOLMEN,3,Marzo,30,2022,23,16,US-53,2,US Highway,Urbano,Arterial Principal -Freeway o ExpressWay,State Highway Agency,1,Sin jurisdiccion especial,99998,43.93391667,-91.24513333,Poste o otros soportes,El primer evento no fue una colision con un vehiculo automotor en transporte,Not an Intersection,No fue interseccion,Sobre el lado de la calle,Ninguna,Oscuro sin iluminacion,Nublado,No,NO APLICA,0,15,99,99,1,30/03/2022,1
55,Wisconsin,550075,0,0,2,0,45,GREEN (45),0,NO APLICA,3,Marzo,31,2022,7,40,SR-104,3,Highway estatal,Urbano,Arteria Menor,State Highway Agency,0,Sin jurisdiccion especial,99998,42.71120556,-89.36808611,Vehiculo en movimiento,Angulo,Not an Intersection,No fue interseccion,Sobre calle,Ninguna,Dia total,Nieve,No,NO APLICA,8,3,8,10,1,31/03/2022,2
55,Wisconsin,550076,0,0,1,0,53,JACKSON (53),0,NO APLICA,3,Marzo,25,2022,22,14,I-94,1,Interestatal,Rural,Interestatal,State Highway Agency,1,Sin jurisdiccion especial,99998,44.33069722,-90.89330278,Zanja,El primer evento no fue una colision con un vehiculo automotor en transporte,Not an Intersection,No fue interseccion,En el medio,Ninguna,Oscuro sin iluminacion,Nieve,No,NO APLICA,99,99,99,99,1,25/03/2022,1
55,Wisconsin,550077,0,0,1,0,75,MARINETTE (75),0,NO APLICA,3,Marzo,26,2022,14,45,PARKWAY RD,5,Calle Local - Pueblo,Rural,Colector Mayor,Town or Township Highway Agency,0,Sin jurisdiccion especial,99998,45.36333611,-88.22386667,Volcadura,El primer evento no fue una colision con un vehiculo automotor en transporte,Not an Intersection,No fue interseccion,Sobre el lado de la calle,Ninguna,Dia total,Nieve,No,NO APLICA,14,49,15,6,1,26/03/2022,2
55,Wisconsin,550078,0,0,2,0,79,MILWAUKEE (79),3100,MILWAUKEE,1,Enero,27,2022,14,33,N SHERMAN BLVD,6,Calle Local Municipalidad,Urbano,Arteria Principal,City or Municipal Highway Agency,1,Sin jurisdiccion especial,99998,43.11805556,-87.96763333,Vehiculo en movimiento,Frente a frente,Not an Intersection,No fue interseccion,Sobre calle,Ninguna,Dia total,Despejado,No,NO APLICA,14,33,14,50,1,27/01/2022,2
55,Wisconsin,550079,1,1,1,0,79,MILWAUKEE (79),3100,MILWAUKEE,1,Enero,30,2022,3,15,N 35TH ST,6,Calle Local Municipalidad,Urbano,Arteria Menor,City or Municipal Highway Agency,0,Sin jurisdiccion especial,99998,43.06270833,-87.95748611,Peaton,El primer evento no fue una colision con un vehiculo automotor en transporte,Not an Intersection,No fue interseccion,Sobre calle,Ninguna,Oscuro con iluminacion,Despejado,No,NO APLICA,3,17,3,26,1,30/01/2022,1
55,Wisconsin,550080,0,0,1,0,43,GRANT (43),0,NO APLICA,3,Marzo,24,2022,10,19,SR-133,3,Highway estatal,Rural,Colector Mayor,State Highway Agency,0,Sin jurisdiccion especial,99998,43.11100278,-90.75104167,Barda,El primer evento no fue una colision con un vehiculo automotor en transporte,Not an Intersection,No fue interseccion,Fuera de la calle,Ninguna,Dia total,lluvia,No,NO APLICA,10,22,10,31,1,24/03/2022,1
55,Wisconsin,550081,0,0,1,0,91,PEPIN (91),0,NO APLICA,3,Marzo,31,2022,20,15,CR-Z,4,Calle del Condado,Rural,Colector Menor,County Highway Agency,0,Sin jurisdiccion especial,99998,44.66403611,-92.11002778,Volcadura,El primer evento no fue una colision con un vehiculo automotor en transporte,Not an Intersection,No fue interseccion,Sobre el lado de la calle,Ninguna,Oscuro sin iluminacion,Nublado,No,NO APLICA,21,5,21,25,1,31/03/2022,1
55,Wisconsin,550082,0,0,1,0,57,JUNEAU (57),0,NO APLICA,4,Abril,5,2022,1,43,US-12,2,US Highway,Rural,Colector Mayor,State Highway Agency,0,Sin jurisdiccion especial,99998,43.73055556,-90.00275278,Buzon de correo,El primer evento no fue una colision con un vehiculo automotor en transporte,Not an Intersection,No fue interseccion,Sobre el lado de la calle,Ninguna,Oscuro sin iluminacion,Nublado,No,NO APLICA,1,47,1,56,1,05/04/2022,1
55,Wisconsin,550083,0,0,1,0,115,SHAWANO (115),0,NO APLICA,4,Abril,10,2022,0,15,SR-29,3,Highway estatal,Rural,Arteria Principal,State Highway Agency,1,Sin jurisdiccion especial,99998,44.60164444,-88.24785278,Estructura de puente overhead,El primer evento no fue una colision con un vehiculo automotor en transporte,Not an Intersection,No fue interseccion,Sobre el lado de la calle,Ninguna,Oscuro sin iluminacion,Despejado,No,NO APLICA,0,22,0,31,1,10/04/2022,1
55,Wisconsin,550084,0,0,2,0,43,GRANT (43),0,NO APLICA,4,Abril,6,2022,11,50,US-18,2,US Highway,Rural,Arteria Principal,State Highway Agency,1,Sin jurisdiccion especial,99998,42.98596389,-91.04461389,Vehiculo en movimiento,Angulo,Not an Intersection,No fue interseccion,Sobre calle,Ninguna,Dia total,lluvia,No,NO APLICA,12,0,12,15,1,06/04/2022,2
55,Wisconsin,550085,0,0,2,0,111,SAUK (111),0,NO APLICA,4,Abril,12,2022,7,50,US-14,2,US Highway,Rural,Arteria Principal,State Highway Agency,1,Sin jurisdiccion especial,99998,43.19118333,-90.18707778,Vehiculo en movimiento,Frente a frente,Not an Intersection,No fue interseccion,Sobre calle,Ninguna,Dia total,Nublado,No,NO APLICA,99,99,99,99,1,12/04/2022,2
55,Wisconsin,550086,0,0,2,0,95,POLK (95),0,NO APLICA,4,Abril,7,2022,7,12,SR-35,3,Highway estatal,Rural,Arteria Menor,State Highway Agency,0,Sin jurisdiccion especial,99998,45.47920556,-92.52952778,Vehiculo en movimiento,Frente a frente,Not an Intersection,No fue interseccion,Sobre calle,Ninguna,Dia total,Nieve,No,NO APLICA,99,99,99,99,1,07/04/2022,2
55,Wisconsin,550087,0,0,2,0,109,ST CROIX (109),0,NO APLICA,4,Abril,12,2022,15,28,SR-64,3,Highway estatal,Rural,Arteria Menor,State Highway Agency,0,Sin jurisdiccion especial,0,45.11879444,-92.57816111,Vehiculo en movimiento,Frente a frente,Not an Intersection,No fue interseccion,Sobre calle,Ninguna,Dia total,Nublado,No,NO APLICA,15,38,15,41,1,12/04/2022,3
55,Wisconsin,550088,0,0,1,0,133,WAUKESHA (133),2990,MENOMONEE FALLS,4,Abril,13,2022,0,53,CR-Y,4,Calle del Condado,Urbano,Arteria Menor,County Highway Agency,0,Sin jurisdiccion especial,0,43.14116111,-88.16424444,Arbol,El primer evento no fue una colision con un vehiculo automotor en transporte,Not an Intersection,No fue interseccion,Sobre el lado de la calle,Ninguna,Oscuro sin iluminacion,Nublado,No,NO APLICA,0,56,0,59,1,13/04/2022,2
55,Wisconsin,550089,0,0,1,0,79,MILWAUKEE (79),3100,MILWAUKEE,3,Marzo,17,2022,22,56,I-41,1,Interestatal,Urbano,Interestatal,State Highway Agency,1,Sin jurisdiccion especial,99998,42.96296667,-87.94596944,Barrera de Trafico de Concreto,El primer evento no fue una colision con un vehiculo automotor en transporte,Not an Intersection,No fue interseccion,Sobre el lado de la calle,Ninguna,Oscuro con iluminacion,Nublado,No,NO APLICA,23,3,23,16,1,17/03/2022,1
55,Wisconsin,550090,0,0,1,0,105,ROCK (105),0,NO APLICA,4,Abril,12,2022,11,10,N RIVER RD,5,Calle Local - Pueblo,Rural,Local,Town or Township Highway Agency,0,Sin jurisdiccion especial,0,42.74454722,-89.08590278,Objeto aventado o caido,El primer evento no fue una colision con un vehiculo automotor en transporte,Not an Intersection,No fue interseccion,Sobre calle,Ninguna,Dia total,Nublado,No,NO APLICA,11,13,11,22,1,12/04/2022,1
55,Wisconsin,550091,0,0,2,0,117,SHEBOYGAN (117),0,NO APLICA,4,Abril,13,2022,5,43,CR-J,4,Calle del Condado,Rural,Colector Mayor,County Highway Agency,0,Sin jurisdiccion especial,0,43.79079167,-87.84354444,Vehiculo en movimiento,Frente a frente,Not an Intersection,No fue interseccion,Sobre calle,Ninguna,Oscuro sin iluminacion,Neblina o Humo,No,NO APLICA,5,43,5,55,2,13/04/2022,2
55,Wisconsin,550092,0,0,1,0,97,PORTAGE (97),0,NO APLICA,4,Abril,15,2022,19,42,SR-66,3,Highway estatal,Rural,Arteria Menor,State Highway Agency,0,Sin jurisdiccion especial,99998,44.579825,-89.39638611,Banqueta,El primer evento no fue una colision con un vehiculo automotor en transporte,T-Intersection,Interseccion de T,Sobre el lado de la calle,Ninguna,Atardecer,Nublado,No,NO APLICA,19,48,19,59,1,15/04/2022,1
55,Wisconsin,550093,0,0,2,0,73,MARATHON (73),0,NO APLICA,4,Abril,16,2022,23,27,SR-29,3,Highway estatal,Rural,Arteria Principal,State Highway Agency,1,Sin jurisdiccion especial,99998,44.9454,-90.10300556,Vehiculo en movimiento,Frente a frente,Not an Intersection,No fue interseccion,Sobre calle,Ninguna,Oscuro sin iluminacion,Despejado,No,NO APLICA,23,30,99,97,3,16/04/2022,3
55,Wisconsin,550094,0,0,1,0,99,PRICE (99),0,NO APLICA,4,Abril,10,2022,22,17,SR-70,3,Highway estatal,Rural,Arteria Menor,State Highway Agency,0,Sin jurisdiccion especial,99998,45.88834444,-90.21731389,Arbol,El primer evento no fue una colision con un vehiculo automotor en transporte,Not an Intersection,No fue interseccion,Sobre el lado de la calle,Ninguna,Oscuro sin iluminacion,Despejado,No,NO APLICA,22,17,22,55,1,10/04/2022,1
55,Wisconsin,550095,0,0,1,0,67,LANGLADE (67),0,NO APLICA,4,Abril,12,2022,14,8,RANGE LINE RD,5,Calle Local - Pueblo,Rural,Local,Town or Township Highway Agency,0,Sin jurisdiccion especial,0,45.22304722,-89.3043,Zanja,El primer evento no fue una colision con un vehiculo automotor en transporte,Not an Intersection,No fue interseccion,Sobre el lado de la calle,Ninguna,Dia total,Despejado,No,NO APLICA,99,99,99,99,1,12/04/2022,1
55,Wisconsin,550096,1,1,1,0,79,MILWAUKEE (79),3100,MILWAUKEE,3,Marzo,25,2022,11,30,S 20TH ST,6,Calle Local Municipalidad,Urbano,Colector Mayor,City or Municipal Highway Agency,0,Sin jurisdiccion especial,0,43.00483611,-87.93816389,Ciclista,El primer evento no fue una colision con un vehiculo automotor en transporte,Four-Way Intersection,Interseccion de 4 direcciones,Sobre calle,Ninguna,Dia total,Nublado,No,NO APLICA,11,31,99,99,1,25/03/2022,1
55,Wisconsin,550097,0,0,2,0,115,SHAWANO (115),0,NO APLICA,4,Abril,7,2022,8,44,US-45,2,US Highway,Rural,Arteria Principal,State Highway Agency,1,Sin jurisdiccion especial,99998,44.86736111,-89.16975,Vehiculo en movimiento,Frente a frente,Not an Intersection,No fue interseccion,Sobre calle,Ninguna,Dia total,Nublado,No,NO APLICA,99,99,99,99,1,07/04/2022,2
55,Wisconsin,550098,0,0,1,0,135,WAUPACA (135),0,NO APLICA,4,Abril,5,2022,1,30,US-10,2,US Highway,Rural,Arterial Principal -Freeway o ExpressWay,State Highway Agency,1,Sin jurisdiccion especial,99998,44.33115556,-89.05078056,Volcadura,El primer evento no fue una colision con un vehiculo automotor en transporte,Not an Intersection,No fue interseccion,Sobre el lado de la calle,Ninguna,Oscuro sin iluminacion,Nublado,No,NO APLICA,1,36,99,99,1,05/04/2022,1
55,Wisconsin,550099,0,0,2,0,105,ROCK (105),440,BELOIT,4,Abril,10,2022,20,36,CR-Q,4,Calle del Condado,Urbano,Arteria Menor,County Highway Agency,0,Sin jurisdiccion especial,0,42.54022778,-89.04697778,Poste de Señal de trafico,El primer evento no fue una colision con un vehiculo automotor en transporte,Four-Way Intersection,Interseccion de 4 direcciones,Sobre el lado de la calle,Ninguna,Atardecer,Nublado,No,NO APLICA,99,99,99,99,1,10/04/2022,3
55,Wisconsin,550100,0,0,2,0,21,COLUMBIA (21),1690,FALL RIVER,3,Marzo,17,2022,16,17,CR-D MAIN ST S,4,Calle del Condado,Urbano,Arteria Menor,County Highway Agency,0,Sin jurisdiccion especial,0,43.37836667,-89.06565833,Vehiculo en movimiento,Angulo,T-Intersection,Interseccion de T,Sobre calle,Ninguna,Dia total,Despejado,No,NO APLICA,16,18,99,99,1,17/03/2022,2
55,Wisconsin,550101,0,0,1,0,83,OCONTO (83),0,NO APLICA,4,Abril,21,2022,20,36,CR-G,4,Calle del Condado,Rural,Colector Menor,County Highway Agency,0,Sin jurisdiccion especial,99998,45.02528333,-88.2041,Arbol,El primer evento no fue una colision con un vehiculo automotor en transporte,Not an Intersection,No fue interseccion,Sobre el lado de la calle,Ninguna,Oscuro sin iluminacion,Despejado,No,NO APLICA,20,36,20,50,1,21/04/2022,1
55,Wisconsin,550102,0,0,1,0,111,SAUK (111),2515,LAKE DELTON,4,Abril,3,2022,2,35,I-90,1,Interestatal,Urbano,Interestatal,State Highway Agency,1,Sin jurisdiccion especial,99998,43.59520278,-89.81418611,Volcadura,El primer evento no fue una colision con un vehiculo automotor en transporte,Not an Intersection,No fue interseccion,Sobre el lado de la calle,Ninguna,Oscuro sin iluminacion,lluvia,No,NO APLICA,99,99,99,99,1,03/04/2022,1
55,Wisconsin,550103,0,0,2,0,139,WINNEBAGO (139),3620,OSHKOSH,4,Abril,13,2022,8,35,BOWEN ST,6,Calle Local Municipalidad,Urbano,Arteria Menor,City or Municipal Highway Agency,0,Sin jurisdiccion especial,0,44.04953611,-88.52802778,Vehiculo en movimiento,Golpe Lateral - direccion contraria,Not an Intersection,No fue interseccion,Sobre calle,Ninguna,Dia total,Nublado,No,NO APLICA,8,38,8,42,1,13/04/2022,2
55,Wisconsin,550104,0,0,1,0,17,CHIPPEWA (17),0,NO APLICA,4,Abril,21,2022,18,33,CR-Q,4,Calle del Condado,Rural,Colector Mayor,County Highway Agency,0,Sin jurisdiccion especial,0,44.98451944,-91.43765833,Zanja,El primer evento no fue una colision con un vehiculo automotor en transporte,Not an Intersection,No fue interseccion,Sobre el lado de la calle,Ninguna,Dia total,Despejado,No,NO APLICA,18,33,18,44,1,21/04/2022,1
55,Wisconsin,550105,0,0,1,0,87,OUTAGAMIE (87),2370,KAUKAUNA,4,Abril,23,2022,14,19,CR-Q,4,Calle del Condado,Rural,Arteria Menor,County Highway Agency,0,Sin jurisdiccion especial,99998,44.265275,-88.2575,Hidrante,El primer evento no fue una colision con un vehiculo automotor en transporte,Not an Intersection,No fue interseccion,Sobre el lado de la calle,Ninguna,Dia total,Despejado,No,NO APLICA,14,20,14,23,1,23/04/2022,1
55,Wisconsin,550106,0,0,1,0,79,MILWAUKEE (79),3100,MILWAUKEE,4,Abril,14,2022,23,2,SR-57,3,Highway estatal,Urbano,Arteria Principal,State Highway Agency,1,Sin jurisdiccion especial,99998,43.10775278,-87.93205556,Arbol,El primer evento no fue una colision con un vehiculo automotor en transporte,Not an Intersection,No fue interseccion,En el medio,Ninguna,Oscuro con iluminacion,Nublado,No,NO APLICA,99,99,99,99,1,14/04/2022,1
55,Wisconsin,550107,0,0,1,0,75,MARINETTE (75),0,NO APLICA,4,Abril,18,2022,15,9,SR-180,3,Highway estatal,Rural,Arteria Menor,State Highway Agency,0,Sin jurisdiccion especial,99998,45.33611389,-87.80800556,Arbol,El primer evento no fue una colision con un vehiculo automotor en transporte,Not an Intersection,No fue interseccion,Sobre el lado de la calle,Ninguna,Dia total,Nieve,No,NO APLICA,15,10,15,20,1,18/04/2022,1
55,Wisconsin,550108,0,0,1,0,137,WAUSHARA (137),0,NO APLICA,4,Abril,24,2022,0,21,I-39,1,Interestatal,Rural,Interestatal,State Highway Agency,1,Sin jurisdiccion especial,99998,44.00679722,-89.50295556,Otro objeto (no fijo),El primer evento no fue una colision con un vehiculo automotor en transporte,Not an Intersection,No fue interseccion,Sobre calle,"Zona de trabajo, tipo desconocido",Oscuro sin iluminacion,lluvia,No,NO APLICA,0,21,99,99,1,24/04/2022,1
55,Wisconsin,550109,0,0,2,0,53,JACKSON (53),0,NO APLICA,4,Abril,22,2022,12,47,SR-54,3,Highway estatal,Urbano,Arteria Principal,State Highway Agency,0,Sin jurisdiccion especial,99998,44.31165278,-90.80356111,Vehiculo en movimiento,Frente a frente,Not an Intersection,No fue interseccion,Sobre calle,Ninguna,Dia total,lluvia,No,NO APLICA,99,99,99,99,1,22/04/2022,2
55,Wisconsin,550110,0,0,2,0,133,WAUKESHA (133),3352,NEW BERLIN,4,Abril,23,2022,6,38,CR-I,4,Calle del Condado,Urbano,Arteria Menor,County Highway Agency,0,Sin jurisdiccion especial,99998,42.95172222,-88.12875556,Vehiculo en movimiento,Angulo,Four-Way Intersection,Interseccion de 4 direcciones,Sobre calle,Ninguna,Dia total,Despejado,No,NO APLICA,6,39,6,44,1,23/04/2022,2
55,Wisconsin,550111,0,0,2,0,117,SHEBOYGAN (117),0,NO APLICA,4,Abril,23,2022,20,35,SR-57,3,Highway estatal,Rural,Arteria Principal,State Highway Agency,1,Sin jurisdiccion especial,99998,43.86463333,-87.94238056,Vehiculo en movimiento,Frente a frente,Not an Intersection,No fue interseccion,Sobre calle,Ninguna,Oscuro sin iluminacion,Despejado,No,NO APLICA,20,37,20,46,3,23/04/2022,3
55,Wisconsin,550112,0,0,1,0,25,DANE (25),2780,MADISON,4,Abril,28,2022,2,13,S WHITNEY WAY,6,Calle Local Municipalidad,Urbano,Arteria Menor,City or Municipal Highway Agency,0,Sin jurisdiccion especial,99998,43.05779444,-89.47212222,Arbol,El primer evento no fue una colision con un vehiculo automotor en transporte,T-Intersection,Interseccion de T,Sobre el lado de la calle,Ninguna,Oscuro con iluminacion,Despejado,No,NO APLICA,2,19,2,26,1,28/04/2022,2
55,Wisconsin,550113,0,0,1,0,27,DODGE (27),0,NO APLICA,4,Abril,25,2022,17,30,SR-60,3,Highway estatal,Rural,Arteria Menor,State Highway Agency,0,Sin jurisdiccion especial,99998,43.34259167,-88.63898056,Culvert,El primer evento no fue una colision con un vehiculo automotor en transporte,Not an Intersection,No fue interseccion,Sobre el lado de la calle,Ninguna,Dia total,Nublado,No,NO APLICA,17,31,17,47,1,25/04/2022,1
55,Wisconsin,550114,0,0,4,0,127,WALWORTH (127),0,NO APLICA,5,Mayo,1,2022,13,51,SR-89,3,Highway estatal,Rural,Arteria Menor,State Highway Agency,0,Sin jurisdiccion especial,99998,42.78313056,-88.74910278,Vehiculo en movimiento,Frente a Detrás,Not an Intersection,No fue interseccion,Sobre calle,Ninguna,Dia total,Nublado,No,NO APLICA,13,53,14,9,1,01/05/2022,10
55,Wisconsin,550115,0,0,1,0,59,KENOSHA (59),9997,Other,1,Enero,1,2022,1,54,SR-32 SHERIDAN RD,3,Highway estatal,Urbano,Arteria Principal,State Highway Agency,1,Sin jurisdiccion especial,99998,42.65903611,-87.81114722,Poste,El primer evento no fue una colision con un vehiculo automotor en transporte,Not an Intersection,No fue interseccion,Sobre el lado de la calle,Ninguna,Oscuro sin iluminacion,Nublado,No,NO APLICA,99,99,99,99,1,01/01/2022,2
55,Wisconsin,550116,0,0,1,0,25,DANE (25),0,NO APLICA,1,Enero,1,2022,99,99,SR-78,3,Highway estatal,Rural,Arteria Menor,State Highway Agency,0,Sin jurisdiccion especial,99998,42.99041111,-89.76027778,Barda,El primer evento no fue una colision con un vehiculo automotor en transporte,Not an Intersection,No fue interseccion,Sobre el lado de la calle,Ninguna,Oscuro sin iluminacion,Nublado,No,NO APLICA,3,14,3,20,1,01/01/2022,1
55,Wisconsin,550117,0,0,2,0,7,BAYFIELD (7),0,NO APLICA,1,Enero,25,2022,9,53,US-2,2,US Highway,Rural,Arteria Principal,State Highway Agency,1,Sin jurisdiccion especial,99998,46.54905833,-91.30369167,Vehiculo en movimiento,Frente a frente,Not an Intersection,No fue interseccion,Sobre calle,Ninguna,Dia total,Despejado,No,NO APLICA,9,0,99,99,1,25/01/2022,3
55,Wisconsin,550118,0,0,1,0,115,SHAWANO (115),0,NO APLICA,1,Enero,19,2022,7,40,RED RIVER RD,5,Calle Local - Pueblo,Rural,Local,Town or Township Highway Agency,0,Sin jurisdiccion especial,0,44.94562222,-89.00179722,Zanja,El primer evento no fue una colision con un vehiculo automotor en transporte,Not an Intersection,No fue interseccion,Sobre el lado de la calle,Ninguna,Dia total,Nublado,No,NO APLICA,99,99,99,99,1,19/01/2022,2