Estado,Nombre de Estado,Numero de Caso,Peatones,Personas _no_vehiculos,Vehiculos automotores,Vehiculos estacionados,Condado,Nombre Condado,Ciudad,Nombre Ciudad,Mes,Nombre Mes,Dia,Año,Hora,Minuto,Calle,Ruta,Nombre Ruta,Rural o Urbanoo,Sistema Funcional,Dueño Calle,Sistema Nacional Carreteras,Jurisdiccion Especial,Milla,Latitud,Longitud,Causa del Accidente,Tipo de Accidente,Tipo Interseccion,Columna1,Lugar en la calle,Zona de Trabajo,Luz,Clima,Autobus Escolar,Cruce de Trenes,Hora Notificacion,Minuto Notificacion,Hora Llegada,Minuto Llegada,Decesos,Fecha,PersonaVehiculo
55,Wisconsin,550119,0,0,2,0,53,JACKSON (53),540,BLACK RIVER FALLS,1,Enero,22,2022,1,30,SR-54,3,Highway estatal,Rural,Arteria Principal,State Highway Agency,0,Sin jurisdiccion especial,99998,44.29445833,-90.83077778,Vehiculo en movimiento,Angulo,Not an Intersection,No fue interseccion,Sobre calle,Ninguna,Oscuro con iluminacion,Nieve,No,NO APLICA,1,33,1,38,3,22/01/2022,4
55,Wisconsin,550120,0,0,2,0,25,DANE (25),2780,MADISON,1,Enero,29,2022,9,3,US-51,2,US Highway,Urbano,Arteria Menor,State Highway Agency,0,Sin jurisdiccion especial,99998,43.09828611,-89.31597222,Vehiculo en movimiento,Angulo,Four-Way Intersection,Interseccion de 4 direcciones,Sobre calle,Ninguna,Dia total,Nublado,No,NO APLICA,9,3,9,6,1,29/01/2022,2
55,Wisconsin,550121,1,1,1,0,31,DOUGLAS (31),4730,SUPERIOR,1,Enero,29,2022,20,9,US-2,2,US Highway,Urbano,Arteria Principal,State Highway Agency,1,Sin jurisdiccion especial,99998,46.72055278,-92.08390278,Peaton,El primer evento no fue una colision con un vehiculo automotor en transporte,T-Intersection,Interseccion de T,Sobre calle,Ninguna,Oscuro con iluminacion,Nublado,No,NO APLICA,99,99,99,99,1,29/01/2022,1
55,Wisconsin,550122,0,0,4,0,25,DANE (25),0,NO APLICA,2,Febrero,17,2022,7,30,US-14,2,US Highway,Rural,Arteria Principal,State Highway Agency,1,Sin jurisdiccion especial,99998,42.88411111,-89.35098889,Vehiculo en movimiento,Frente a Detrás,Not an Intersection,No fue interseccion,Sobre calle,Ninguna,Dia total,Nublado,No,NO APLICA,7,31,7,40,1,17/02/2022,4
55,Wisconsin,550123,0,0,2,0,33,DUNN (33),0,NO APLICA,2,Febrero,16,2022,8,25,CR-Q,4,Calle del Condado,Rural,Colector Mayor,County Highway Agency,0,Sin jurisdiccion especial,0,44.89858611,-92.09591944,Vehiculo en movimiento,Frente a frente,Not an Intersection,No fue interseccion,Sobre calle,Ninguna,Dia total,Nublado,No,NO APLICA,8,25,8,32,1,16/02/2022,3
55,Wisconsin,550124,1,1,1,0,85,ONEIDA (85),0,NO APLICA,3,Marzo,4,2022,19,14,US-51,2,US Highway,Rural,Arteria Principal,State Highway Agency,1,Sin jurisdiccion especial,99998,45.89848333,-89.69755,Peaton,El primer evento no fue una colision con un vehiculo automotor en transporte,Not an Intersection,No fue interseccion,Sobre calle,Ninguna,Oscuro con iluminacion,Nublado,No,NO APLICA,19,17,19,18,1,04/03/2022,1
55,Wisconsin,550125,0,0,1,0,27,DODGE (27),5050,WATERTOWN,3,Marzo,10,2022,99,99,WELSH RD,6,Calle Local Municipalidad,Rural,Local,City or Municipal Highway Agency,0,Sin jurisdiccion especial,0,43.21105833,-88.76169444,Poste o otros soportes,El primer evento no fue una colision con un vehiculo automotor en transporte,Not an Intersection,No fue interseccion,Sobre el lado de la calle,Ninguna,Oscuro sin iluminacion,Despejado,No,NO APLICA,4,5,4,13,1,10/03/2022,1
55,Wisconsin,550126,0,0,2,0,39,FOND DU LAC (39),0,NO APLICA,3,Marzo,8,2022,19,21,US-151,2,US Highway,Urbano,Arterial Principal -Freeway o ExpressWay,State Highway Agency,1,Sin jurisdiccion especial,99998,43.64775278,-88.70918889,Vehiculo en movimiento,Golpe Lateral - misma direccion,Not an Intersection,No fue interseccion,Sobre calle,Ninguna,Oscuro sin iluminacion,Nublado,No,NO APLICA,19,21,19,22,1,08/03/2022,4
55,Wisconsin,550127,0,0,2,0,87,OUTAGAMIE (87),0,NO APLICA,3,Marzo,18,2022,15,45,US-45,2,US Highway,Urbano,Arteria Principal,State Highway Agency,1,Sin jurisdiccion especial,99998,44.37146389,-88.72580556,Vehiculo en movimiento,Angulo,Four-Way Intersection,Interseccion de 4 direcciones,Sobre calle,Ninguna,Dia total,Nieve,No,NO APLICA,15,54,15,57,1,18/03/2022,2
55,Wisconsin,550128,0,0,2,0,117,SHEBOYGAN (117),0,NO APLICA,3,Marzo,25,2022,9,41,SR-32,3,Highway estatal,Rural,Arteria Menor,State Highway Agency,0,Sin jurisdiccion especial,99998,43.67386944,-87.82051111,Vehiculo en movimiento,Angulo,Four-Way Intersection,Interseccion de 4 direcciones,Sobre calle,Ninguna,Dia total,Despejado,No,NO APLICA,9,44,9,58,1,25/03/2022,5
55,Wisconsin,550129,0,0,1,0,131,WASHINGTON (131),0,NO APLICA,3,Marzo,25,2022,7,53,I-41,1,Interestatal,Rural,Interestatal,State Highway Agency,1,Sin jurisdiccion especial,99998,43.45080833,-88.35845833,Zanja,El primer evento no fue una colision con un vehiculo automotor en transporte,Not an Intersection,No fue interseccion,Sobre el lado de la calle,Ninguna,Dia total,Nublado,No,NO APLICA,7,54,8,5,1,25/03/2022,2
55,Wisconsin,550130,0,0,1,0,131,WASHINGTON (131),4089,RICHFIELD,3,Marzo,27,2022,12,50,SR-167 HOLY HILL RD,3,Highway estatal,Urbano,Arteria Principal,State Highway Agency,1,Sin jurisdiccion especial,99998,43.25110833,-88.23393333,Zanja,El primer evento no fue una colision con un vehiculo automotor en transporte,Not an Intersection,No fue interseccion,Sobre el lado de la calle,Ninguna,Dia total,Despejado,No,NO APLICA,13,1,13,6,1,27/03/2022,1
55,Wisconsin,550131,0,0,1,0,25,DANE (25),2780,MADISON,3,Marzo,15,2022,17,17,RAYMOND RD,6,Calle Local Municipalidad,Urbano,Arteria Menor,City or Municipal Highway Agency,0,Sin jurisdiccion especial,99998,43.03186111,-89.47248333,Arbol,El primer evento no fue una colision con un vehiculo automotor en transporte,Not an Intersection,No fue interseccion,Sobre el lado de la calle,Ninguna,Dia total,Despejado,No,NO APLICA,17,17,17,21,1,15/03/2022,1
55,Wisconsin,550132,1,1,1,0,79,MILWAUKEE (79),3100,MILWAUKEE,2,Febrero,13,2022,5,55,W ATKINSON AVE,6,Calle Local Municipalidad,Urbano,Arteria Menor,City or Municipal Highway Agency,0,Sin jurisdiccion especial,0,43.08500278,-87.92590556,Peaton,El primer evento no fue una colision con un vehiculo automotor en transporte,Four-Way Intersection,Interseccion de 4 direcciones,Sobre calle,Ninguna,Amanecer,Despejado,No,NO APLICA,99,99,99,97,1,13/02/2022,1
55,Wisconsin,550133,0,0,2,0,133,WAUKESHA (133),0,NO APLICA,3,Marzo,28,2022,21,20,I-94,1,Interestatal,Urbano,Interestatal,State Highway Agency,1,Sin jurisdiccion especial,99998,43.03966944,-88.17837778,Vehiculo en movimiento,Frente a Detrás,Not an Intersection,No fue interseccion,Sobre calle,Ninguna,Oscuro sin iluminacion,Despejado,No,NO APLICA,99,99,99,99,1,28/03/2022,2
55,Wisconsin,550134,1,1,1,0,59,KENOSHA (59),9997,Other,3,Marzo,26,2022,22,26,I-41,1,Interestatal,Rural,Interestatal,State Highway Agency,1,Sin jurisdiccion especial,99998,42.65607222,-87.95285556,Peaton,El primer evento no fue una colision con un vehiculo automotor en transporte,Not an Intersection,No fue interseccion,Sobre calle,Ninguna,Oscuro sin iluminacion,Nublado,No,NO APLICA,22,30,22,42,1,26/03/2022,2
55,Wisconsin,550136,0,0,1,0,135,WAUPACA (135),0,NO APLICA,4,Abril,22,2022,14,35,US-10,2,US Highway,Rural,Arteria Principal,State Highway Agency,1,Sin jurisdiccion especial,99998,44.30651389,-88.93170278,Fin de valla,El primer evento no fue una colision con un vehiculo automotor en transporte,Not an Intersection,No fue interseccion,Gore?,Ninguna,Dia total,lluvia,No,NO APLICA,14,37,14,48,1,22/04/2022,2
55,Wisconsin,550137,0,0,1,0,79,MILWAUKEE (79),3100,MILWAUKEE,4,Abril,27,2022,18,24,W LISBON AVE,6,Calle Local Municipalidad,Urbano,Arteria Menor,City or Municipal Highway Agency,0,Sin jurisdiccion especial,99998,43.07349444,-87.99774444,Otro objeto (fijo),El primer evento no fue una colision con un vehiculo automotor en transporte,Not an Intersection,No fue interseccion,Sobre el lado de la calle,Ninguna,Atardecer,Nublado,No,NO APLICA,99,99,99,99,1,27/04/2022,1
55,Wisconsin,550138,0,0,1,0,79,MILWAUKEE (79),5160,WEST ALLIS,4,Abril,30,2022,1,50,W BECHER ST,6,Calle Local Municipalidad,Urbano,Local,City or Municipal Highway Agency,0,Sin jurisdiccion especial,99998,43.00651389,-88.00015278,Banqueta,El primer evento no fue una colision con un vehiculo automotor en transporte,Not an Intersection,No fue interseccion,Sobre el lado de la calle,Ninguna,Oscuro con iluminacion,Despejado,No,NO APLICA,1,51,1,54,1,30/04/2022,1
55,Wisconsin,550139,0,0,2,0,105,ROCK (105),0,NO APLICA,5,Mayo,4,2022,12,35,SR-213,3,Highway estatal,Rural,Arteria Menor,State Highway Agency,0,Sin jurisdiccion especial,99998,42.686675,-89.28814722,Vehiculo en movimiento,Angulo,Four-Way Intersection,Interseccion de 4 direcciones,Sobre calle,Ninguna,Dia total,Despejado,No,NO APLICA,12,36,12,40,1,04/05/2022,3
55,Wisconsin,550141,0,0,1,0,67,LANGLADE (67),0,NO APLICA,5,Mayo,7,2022,8,51,CR-D,5,Calle Local - Pueblo,Rural,Local,Town or Township Highway Agency,0,Sin jurisdiccion especial,0,45.04374722,-89.05311389,Poste o otros soportes,El primer evento no fue una colision con un vehiculo automotor en transporte,Not an Intersection,No fue interseccion,Sobre el lado de la calle,Ninguna,Dia total,Despejado,No,NO APLICA,9,0,9,0,1,07/05/2022,1
55,Wisconsin,550142,0,0,1,0,79,MILWAUKEE (79),3100,MILWAUKEE,5,Mayo,1,2022,6,20,I-41,1,Interestatal,Urbano,Interestatal,State Highway Agency,1,Sin jurisdiccion especial,99998,43.14156389,-88.05496667,Barrera de Trafico de Concreto,El primer evento no fue una colision con un vehiculo automotor en transporte,Not an Intersection,No fue interseccion,En el medio,Ninguna,Dia total,Nublado,No,NO APLICA,6,28,6,29,1,01/05/2022,1
55,Wisconsin,550143,0,0,2,0,131,WASHINGTON (131),0,NO APLICA,4,Abril,20,2022,15,42,SR-33,3,Highway estatal,Urbano,Arteria Principal,State Highway Agency,1,Sin jurisdiccion especial,99998,43.42643611,-88.12767222,Vehiculo en movimiento,Frente a frente,Not an Intersection,No fue interseccion,Sobre calle,Ninguna,Dia total,Despejado,No,NO APLICA,15,42,15,49,1,20/04/2022,3
55,Wisconsin,550145,0,0,2,0,47,GREEN LAKE (47),0,NO APLICA,5,Mayo,6,2022,15,7,CR-Q,4,Calle del Condado,Rural,Local,County Highway Agency,0,Sin jurisdiccion especial,0,43.67241667,-88.90535833,Vehiculo en movimiento,Frente a frente,Not an Intersection,No fue interseccion,Sobre calle,Ninguna,Dia total,Nublado,No,NO APLICA,15,7,15,22,1,06/05/2022,2
55,Wisconsin,550146,0,0,1,0,79,MILWAUKEE (79),3100,MILWAUKEE,4,Abril,18,2022,21,47,SR-175 W APPLETON AVE,3,Highway estatal,Urbano,Arteria Principal,State Highway Agency,1,Sin jurisdiccion especial,99998,43.11856944,-88.03340556,Poste,El primer evento no fue una colision con un vehiculo automotor en transporte,Not an Intersection,No fue interseccion,Sobre el lado de la calle,Ninguna,Oscuro con iluminacion,Nublado,No,NO APLICA,99,99,99,99,1,18/04/2022,1
55,Wisconsin,550147,0,0,2,0,133,WAUKESHA (133),0,NO APLICA,4,Abril,18,2022,11,46,SR-67,3,Highway estatal,Rural,Arteria Menor,State Highway Agency,0,Sin jurisdiccion especial,99998,43.17963056,-88.50921667,Vehiculo en movimiento,Angulo,Four-Way Intersection,Interseccion de 4 direcciones,Sobre calle,Ninguna,Dia total,Nieve,No,NO APLICA,11,49,11,55,1,18/04/2022,4
55,Wisconsin,550148,0,0,1,0,115,SHAWANO (115),0,NO APLICA,5,Mayo,13,2022,99,99,LAKEVIEW RD,5,Calle Local - Pueblo,Rural,Local,Town or Township Highway Agency,0,Sin jurisdiccion especial,0,44.76949444,-88.48665556,Zanja,El primer evento no fue una colision con un vehiculo automotor en transporte,Not an Intersection,No fue interseccion,Sobre el lado de la calle,Ninguna,Oscuro sin iluminacion,lluvia,No,NO APLICA,21,58,22,8,1,13/05/2022,1
55,Wisconsin,550149,0,0,2,0,79,MILWAUKEE (79),3100,MILWAUKEE,5,Mayo,10,2022,15,2,SR-175 W APPLETON AVE,3,Highway estatal,Urbano,Arteria Principal,State Highway Agency,1,Sin jurisdiccion especial,99998,43.10500833,-88.01607222,Vehiculo en movimiento,Angulo,Four-Way Intersection,Interseccion de 4 direcciones,Sobre calle,Ninguna,Dia total,Despejado,No,NO APLICA,99,99,99,99,1,10/05/2022,2
55,Wisconsin,550150,0,0,2,0,79,MILWAUKEE (79),3100,MILWAUKEE,3,Marzo,12,2022,11,5,SR-145 FOND DU LAC AVE W,3,Highway estatal,Urbano,Arteria Principal,State Highway Agency,1,Sin jurisdiccion especial,99998,43.09699167,-87.98549167,Vehiculo en movimiento,Angulo,Four-Way Intersection,Interseccion de 4 direcciones,Sobre calle,Ninguna,Dia total,Despejado,No,NO APLICA,99,99,99,99,1,12/03/2022,2
55,Wisconsin,550151,0,0,2,0,107,RUSK (107),0,NO APLICA,5,Mayo,14,2022,15,22,SR-27,3,Highway estatal,Rural,Arteria Menor,State Highway Agency,0,Sin jurisdiccion especial,99998,45.32591667,-91.11093056,Vehiculo en movimiento,Frente a frente,Not an Intersection,No fue interseccion,Sobre calle,Ninguna,Dia total,Nublado,No,NO APLICA,15,24,15,35,3,14/05/2022,3
55,Wisconsin,550152,0,0,1,0,59,KENOSHA (59),2400,KENOSHA,5,Mayo,8,2022,19,58,SR-32,3,Highway estatal,Urbano,Arteria Principal,State Highway Agency,1,Sin jurisdiccion especial,99998,42.57713333,-87.82148333,Poste,El primer evento no fue una colision con un vehiculo automotor en transporte,Not an Intersection,No fue interseccion,Sobre el lado de la calle,Ninguna,Atardecer,Despejado,No,NO APLICA,19,59,20,4,1,08/05/2022,1
55,Wisconsin,550153,1,1,2,0,79,MILWAUKEE (79),3100,MILWAUKEE,5,Mayo,3,2022,5,56,W LISBON AVE,6,Calle Local Municipalidad,Urbano,Arteria Menor,City or Municipal Highway Agency,0,Sin jurisdiccion especial,0,43.05465278,-87.95753611,Vehiculo en movimiento,Angulo,Four-Way Intersection,Interseccion de 4 direcciones,Sobre calle,Ninguna,Amanecer,lluvia,No,NO APLICA,99,99,99,99,1,03/05/2022,2
55,Wisconsin,550154,0,0,1,0,127,WALWORTH (127),0,NO APLICA,5,Mayo,10,2022,22,47,SR-89,3,Highway estatal,Rural,Arteria Menor,State Highway Agency,0,Sin jurisdiccion especial,99998,42.65445278,-88.74191667,Buzon de correo,El primer evento no fue una colision con un vehiculo automotor en transporte,Not an Intersection,No fue interseccion,Sobre el lado de la calle,Ninguna,Oscuro sin iluminacion,Despejado,No,NO APLICA,22,47,22,55,1,10/05/2022,1
55,Wisconsin,550155,1,1,1,0,79,MILWAUKEE (79),3475,SOUTH MILWAUKEE,5,Mayo,10,2022,12,45,SR-241,3,Highway estatal,Urbano,Arteria Principal,State Highway Agency,1,Sin jurisdiccion especial,99998,42.92515278,-87.9495,Peaton,El primer evento no fue una colision con un vehiculo automotor en transporte,Not an Intersection,No fue interseccion,Sobre calle,Ninguna,Dia total,Despejado,No,NO APLICA,12,49,12,55,1,10/05/2022,1
55,Wisconsin,550156,0,0,2,0,49,IOWA (49),9997,Other,5,Mayo,14,2022,21,45,CR-P,4,Calle del Condado,Rural,Arteria Menor,County Highway Agency,0,Sin jurisdiccion especial,0,43.18319722,-90.42414167,Vehiculo en movimiento,Angulo,T-Intersection,Interseccion de T,Sobre calle,Ninguna,Oscuro sin iluminacion,Despejado,No,NO APLICA,22,4,22,16,1,14/05/2022,2
55,Wisconsin,550157,0,0,1,0,55,JEFFERSON (55),0,NO APLICA,5,Mayo,14,2022,19,31,SR-59,3,Highway estatal,Rural,Arteria Menor,State Highway Agency,0,Sin jurisdiccion especial,99998,42.88521389,-88.56528889,Arbol,El primer evento no fue una colision con un vehiculo automotor en transporte,Not an Intersection,No fue interseccion,Sobre el lado de la calle,Ninguna,Dia total,Despejado,No,NO APLICA,19,32,99,99,1,14/05/2022,2
55,Wisconsin,550158,0,0,1,0,133,WAUKESHA (133),0,NO APLICA,5,Mayo,20,2022,1,35,LISBON RD,8,Otro,Urbano,Arteria Principal,County Highway Agency,1,Sin jurisdiccion especial,0,43.11168889,-88.23059444,Poste,El primer evento no fue una colision con un vehiculo automotor en transporte,Not an Intersection,No fue interseccion,Sobre el lado de la calle,Ninguna,Oscuro sin iluminacion,Despejado,No,NO APLICA,1,40,1,44,1,20/05/2022,1
55,Wisconsin,550159,0,0,3,0,9,BROWN (9),2000,GREEN BAY,5,Mayo,15,2022,9,28,WEBSTER AVE N,6,Calle Local Municipalidad,Urbano,Arteria Principal,City or Municipal Highway Agency,1,Sin jurisdiccion especial,0,44.51611389,-88.00085,Vehiculo en movimiento,Angulo,Four-Way Intersection,Interseccion de 4 direcciones,Sobre calle,Ninguna,Dia total,Despejado,No,NO APLICA,9,28,9,30,1,15/05/2022,8
55,Wisconsin,550160,0,0,3,0,111,SAUK (111),5165,WEST BARABOO,5,Mayo,21,2022,1,39,US-12,2,US Highway,Urbano,Arterial Principal -Freeway o ExpressWay,State Highway Agency,1,Sin jurisdiccion especial,99998,43.49573611,-89.78168611,Vehiculo en movimiento,Frente a frente,Not an Intersection,No fue interseccion,Sobre calle,Ninguna,Oscuro sin iluminacion,Despejado,No,NO APLICA,99,99,99,99,1,21/05/2022,4
55,Wisconsin,550161,0,0,2,0,105,ROCK (105),0,NO APLICA,5,Mayo,16,2022,16,48,SR-11,3,Highway estatal,Rural,Arteria Principal,State Highway Agency,1,Sin jurisdiccion especial,99998,42.67222222,-89.17435833,Vehiculo en movimiento,Frente a frente,Not an Intersection,No fue interseccion,Sobre calle,Ninguna,Dia total,Despejado,No,NO APLICA,16,49,16,57,1,16/05/2022,2
55,Wisconsin,550162,0,0,1,0,19,CLARK (19),0,NO APLICA,5,Mayo,19,2022,12,9,CR-P,4,Calle del Condado,Rural,Colector Mayor,County Highway Agency,0,Sin jurisdiccion especial,0,44.91383889,-90.4961,Volcadura,El primer evento no fue una colision con un vehiculo automotor en transporte,Not an Intersection,No fue interseccion,Sobre el lado de la calle,Ninguna,Dia total,Nublado,No,NO APLICA,12,99,12,21,1,19/05/2022,1
55,Wisconsin,550163,0,0,2,0,25,DANE (25),1724,FITCHBURG,5,Mayo,25,2022,23,15,US-14,2,US Highway,Urbano,Arterial Principal -Freeway o ExpressWay,State Highway Agency,1,Sin jurisdiccion especial,99998,43.00211111,-89.38477222,Vehiculo en movimiento,Frente a frente,Not an Intersection,No fue interseccion,Sobre calle,Ninguna,Oscuro sin iluminacion,lluvia,No,NO APLICA,23,17,23,28,1,25/05/2022,2
55,Wisconsin,550164,0,0,2,0,133,WAUKESHA (133),0,NO APLICA,5,Mayo,26,2022,9,34,CR-K,4,Calle del Condado,Urbano,Arteria Principal,County Highway Agency,1,Sin jurisdiccion especial,0,43.11206111,-88.22490556,Vehiculo en movimiento,Angulo,T-Intersection,Interseccion de T,Sobre calle,Ninguna,Dia total,Nublado,No,NO APLICA,9,35,9,45,1,26/05/2022,2
55,Wisconsin,550165,0,0,1,0,79,MILWAUKEE (79),3100,MILWAUKEE,5,Mayo,14,2022,2,6,N 107TH ST,6,Calle Local Municipalidad,Urbano,Arteria Menor,City or Municipal Highway Agency,0,Sin jurisdiccion especial,0,43.14059444,-88.04519722,Poste o otros soportes,El primer evento no fue una colision con un vehiculo automotor en transporte,Not an Intersection,No fue interseccion,Sobre el lado de la calle,Ninguna,Oscuro con iluminacion,Despejado,No,NO APLICA,99,99,99,99,1,14/05/2022,2
55,Wisconsin,550166,0,0,2,0,123,VERNON (123),0,NO APLICA,5,Mayo,14,2022,9,23,SR-35,3,Highway estatal,Rural,Arteria Principal,State Highway Agency,1,Sin jurisdiccion especial,99998,43.596725,-91.22271944,Vehiculo en movimiento,Angulo,Not an Intersection,No fue interseccion,Sobre calle,Ninguna,Dia total,Despejado,No,NO APLICA,9,25,9,33,1,14/05/2022,2
55,Wisconsin,550167,0,0,1,0,135,WAUPACA (135),0,NO APLICA,5,Mayo,25,2022,5,13,SR-161,3,Highway estatal,Rural,Colector Mayor,State Highway Agency,0,Sin jurisdiccion especial,99998,44.510875,-89.03665556,Zanja,El primer evento no fue una colision con un vehiculo automotor en transporte,Not an Intersection,No fue interseccion,Sobre el lado de la calle,Ninguna,Amanecer,Nublado,No,NO APLICA,5,16,5,30,1,25/05/2022,1
55,Wisconsin,550168,0,0,1,0,59,KENOSHA (59),3795,PLEASANT PRAIRIE,5,Mayo,26,2022,18,39,SR-32,3,Highway estatal,Urbano,Arteria Principal,State Highway Agency,1,Sin jurisdiccion especial,99998,42.52787222,-87.82523611,Arbol,El primer evento no fue una colision con un vehiculo automotor en transporte,Not an Intersection,No fue interseccion,"Fuera de la calle, ubicacion desconocida",Ninguna,Dia total,Despejado,No,NO APLICA,18,39,18,48,1,26/05/2022,1
55,Wisconsin,550169,0,0,2,0,101,RACINE (101),795,CALEDONIA,5,Mayo,23,2022,15,57,AIRLINE RD,6,Calle Local Municipalidad,Urbano,Arteria Menor,City or Municipal Highway Agency,0,Sin jurisdiccion especial,99998,42.75811389,-87.87559444,Vehiculo en movimiento,Angulo,T-Intersection,Interseccion de T,Sobre calle,Ninguna,Dia total,Nublado,No,NO APLICA,15,57,16,5,1,23/05/2022,2
55,Wisconsin,550170,0,0,6,0,87,OUTAGAMIE (87),0,NO APLICA,5,Mayo,3,2022,18,29,I-41,1,Interestatal,Rural,Interestatal,State Highway Agency,1,Sin jurisdiccion especial,99998,44.29850556,-88.416475,Vehiculo en movimiento,Frente a Detrás,Not an Intersection,No fue interseccion,Sobre calle,Ninguna,Dia total,Despejado,No,NO APLICA,99,99,99,99,1,03/05/2022,10
55,Wisconsin,550171,0,0,2,0,133,WAUKESHA (133),708,BROOKFIELD,5,Mayo,14,2022,14,18,CR-YY,4,Calle del Condado,Urbano,Arteria Principal,County Highway Agency,1,Sin jurisdiccion especial,0,43.07496667,-88.10590556,Vehiculo en movimiento,Angulo,Four-Way Intersection,Interseccion de 4 direcciones,Sobre calle,Ninguna,Dia total,Despejado,No,NO APLICA,14,20,14,27,1,14/05/2022,3
55,Wisconsin,550172,0,0,1,0,55,JEFFERSON (55),0,NO APLICA,5,Mayo,27,2022,6,29,TWINKLING STAR RD,5,Calle Local - Pueblo,Rural,Local,Town or Township Highway Agency,0,Sin jurisdiccion especial,99998,42.8501,-88.79657222,Arbol,El primer evento no fue una colision con un vehiculo automotor en transporte,Not an Intersection,No fue interseccion,Sobre el lado de la calle,Ninguna,Dia total,Nublado,No,NO APLICA,6,29,99,99,1,27/05/2022,2
55,Wisconsin,550173,0,0,2,0,39,FOND DU LAC (39),0,NO APLICA,5,Mayo,23,2022,11,1,CR-G,4,Calle del Condado,Rural,Colector Mayor,County Highway Agency,0,Sin jurisdiccion especial,0,43.77556111,-88.170925,Vehiculo en movimiento,Golpe Lateral - misma direccion,Four-Way Intersection,Interseccion de 4 direcciones,Sobre calle,Ninguna,Dia total,Despejado,No,NO APLICA,11,7,11,13,1,23/05/2022,2
55,Wisconsin,550174,0,0,2,0,125,VILAS (125),0,NO APLICA,5,Mayo,25,2022,15,48,SR-70,3,Highway estatal,Rural,Arteria Menor,State Highway Agency,0,Sin jurisdiccion especial,99998,45.91513889,-89.64128056,Vehiculo en movimiento,Golpe Lateral - direccion contraria,Not an Intersection,No fue interseccion,Sobre calle,Ninguna,Dia total,lluvia,No,NO APLICA,15,50,99,99,1,25/05/2022,3
55,Wisconsin,550175,0,0,1,0,109,ST CROIX (109),0,NO APLICA,5,Mayo,31,2022,6,24,130TH ST,5,Calle Local - Pueblo,Rural,Local,Town or Township Highway Agency,0,Sin jurisdiccion especial,99998,44.98261111,-92.53744444,Vehiculo Ferrocarril,El primer evento no fue una colision con un vehiculo automotor en transporte,Not an Intersection,No fue interseccion,Sobre calle,Ninguna,Dia total,Despejado,No,183846E,6,26,6,43,1,31/05/2022,1
55,Wisconsin,550176,0,0,2,0,109,ST CROIX (109),0,NO APLICA,6,Junio,1,2022,22,58,SR-35,3,Highway estatal,Rural,Arteria Principal,State Highway Agency,1,Sin jurisdiccion especial,99998,45.19571111,-92.68055,Vehiculo en movimiento,Angulo,Four-Way Intersection,Interseccion de 4 direcciones,Sobre calle,Ninguna,Oscuro sin iluminacion,Despejado,No,NO APLICA,22,59,23,16,1,01/06/2022,2
55,Wisconsin,550177,0,0,1,0,59,KENOSHA (59),9997,Other,6,Junio,2,2022,13,35,CR-A,4,Calle del Condado,Rural,Local,County Highway Agency,0,Sin jurisdiccion especial,0,42.65502222,-87.92347222,Poste,El primer evento no fue una colision con un vehiculo automotor en transporte,Not an Intersection,No fue interseccion,Sobre el lado de la calle,Ninguna,Dia total,Despejado,No,NO APLICA,13,40,13,44,1,02/06/2022,1
55,Wisconsin,550178,1,1,1,0,79,MILWAUKEE (79),3100,MILWAUKEE,5,Mayo,27,2022,22,38,W LISBON AVE,6,Calle Local Municipalidad,Urbano,Arteria Menor,City or Municipal Highway Agency,0,Sin jurisdiccion especial,99998,43.05966944,-87.97118056,Peaton,El primer evento no fue una colision con un vehiculo automotor en transporte,Four-Way Intersection,Interseccion de 4 direcciones,Sobre calle,Ninguna,Oscuro con iluminacion,Despejado,No,NO APLICA,99,99,99,99,1,27/05/2022,1
55,Wisconsin,550179,0,0,3,1,79,MILWAUKEE (79),3100,MILWAUKEE,5,Mayo,24,2022,18,9,N 37TH ST,6,Calle Local Municipalidad,Urbano,Colector Mayor,City or Municipal Highway Agency,0,Sin jurisdiccion especial,99998,43.11743889,-87.95874722,Vehiculo en movimiento,Angulo,Four-Way Intersection,Interseccion de 4 direcciones,Sobre calle,Ninguna,Dia total,Despejado,No,NO APLICA,99,99,99,99,1,24/05/2022,4
55,Wisconsin,550180,0,0,2,0,109,ST CROIX (109),0,NO APLICA,6,Junio,4,2022,11,57,SR-65,3,Highway estatal,Rural,Arteria Menor,State Highway Agency,0,Sin jurisdiccion especial,99998,45.156525,-92.52885278,Vehiculo en movimiento,Angulo,Not an Intersection,No fue interseccion,Sobre calle,Ninguna,Dia total,Despejado,No,NO APLICA,11,58,12,5,2,04/06/2022,3
55,Wisconsin,550181,1,1,2,0,79,MILWAUKEE (79),3100,MILWAUKEE,4,Abril,30,2022,12,55,SR-57 N 20TH ST,3,Highway estatal,Urbano,Arteria Menor,State Highway Agency,0,Sin jurisdiccion especial,99998,43.07506944,-87.93736667,Vehiculo en movimiento,Angulo,Four-Way Intersection,Interseccion de 4 direcciones,Sobre calle,Ninguna,Dia total,lluvia,No,NO APLICA,99,99,99,99,1,30/04/2022,2
55,Wisconsin,550182,0,0,2,0,105,ROCK (105),1640,EVANSVILLE,5,Mayo,28,2022,7,40,US-14,2,US Highway,Urbano,Arteria Principal,State Highway Agency,1,Sin jurisdiccion especial,99998,42.78028333,-89.289125,Vehiculo en movimiento,Angulo,T-Intersection,Interseccion de T,Sobre calle,Ninguna,Dia total,Despejado,No,NO APLICA,8,20,8,36,1,28/05/2022,2
55,Wisconsin,550183,0,0,3,0,87,OUTAGAMIE (87),170,APPLETON,5,Mayo,3,2022,18,25,I-41,1,Interestatal,Urbano,Interestatal,State Highway Agency,1,Sin jurisdiccion especial,99998,44.29841389,-88.40908333,Vehiculo en movimiento,Frente a Detrás,Not an Intersection,No fue interseccion,Sobre calle,Ninguna,Dia total,Despejado,No,NO APLICA,99,99,99,99,1,03/05/2022,4