Estado,Nombre de Estado,Numero de Caso,Peatones,Personas _no_vehiculos,Vehiculos automotores,Vehiculos estacionados,Condado,Nombre Condado,Ciudad,Nombre Ciudad,Mes,Nombre Mes,Dia,Año,Hora,Minuto,Calle,Ruta,Nombre Ruta,Rural o Urbanoo,Sistema Funcional,Dueño Calle,Sistema Nacional Carreteras,Jurisdiccion Especial,Milla,Latitud,Longitud,Causa del Accidente,Tipo de Accidente,Tipo Interseccion,Columna1,Lugar en la calle,Zona de Trabajo,Luz,Clima,Autobus Escolar,Cruce de Trenes,Hora Notificacion,Minuto Notificacion,Hora Llegada,Minuto Llegada,Decesos,Fecha,PersonaVehiculo
55,Wisconsin,550184,0,0,1,0,83,OCONTO (83),0,NO APLICA,6,Junio,2,2022,2,5,CR-F,4,Calle del Condado,Rural,Colector Mayor,County Highway Agency,0,Sin jurisdiccion especial,0,45.36847778,-88.41732222,Arbol,El primer evento no fue una colision con un vehiculo automotor en transporte,Not an Intersection,No fue interseccion,Sobre el lado de la calle,Ninguna,Oscuro sin iluminacion,Despejado,No,NO APLICA,2,10,2,34,1,02/06/2022,1
55,Wisconsin,550185,0,0,1,0,129,WASHBURN (129),0,NO APLICA,5,Mayo,14,2022,15,17,SR-77,3,Highway estatal,Rural,Arteria Menor,State Highway Agency,0,Sin jurisdiccion especial,99998,46.07087222,-91.87133333,Alguien se cayo/avento del vehiculo,El primer evento no fue una colision con un vehiculo automotor en transporte,Not an Intersection,No fue interseccion,Sobre el lado de la calle,Ninguna,Dia total,Despejado,No,NO APLICA,99,99,99,99,1,14/05/2022,1
55,Wisconsin,550186,1,1,1,0,73,MARATHON (73),5110,WAUSAU,6,Junio,8,2022,23,22,N 1ST ST,6,Calle Local Municipalidad,Urbano,Arteria Principal,City or Municipal Highway Agency,1,Sin jurisdiccion especial,0,44.95926111,-89.63037222,Peaton,El primer evento no fue una colision con un vehiculo automotor en transporte,Four-Way Intersection,Interseccion de 4 direcciones,Sobre calle,Ninguna,Oscuro con iluminacion,Nublado,No,NO APLICA,23,24,23,29,1,08/06/2022,2
55,Wisconsin,550187,0,0,1,0,19,CLARK (19),0,NO APLICA,6,Junio,8,2022,12,17,CR-X,4,Calle del Condado,Rural,Colector Mayor,County Highway Agency,0,Sin jurisdiccion especial,0,44.95916111,-90.86971944,Zanja,El primer evento no fue una colision con un vehiculo automotor en transporte,Not an Intersection,No fue interseccion,Sobre el lado de la calle,Ninguna,Dia total,Despejado,No,NO APLICA,99,99,99,99,1,08/06/2022,1
55,Wisconsin,550188,0,0,2,0,89,OZAUKEE (89),930,CEDARBURG,6,Junio,1,2022,16,46,BRIDGE RD,6,Calle Local Municipalidad,Urbano,Arteria Menor,City or Municipal Highway Agency,0,Sin jurisdiccion especial,0,43.30103056,-87.98965556,Vehiculo en movimiento,Frente a Detrás,Four-Way Intersection,Interseccion de 4 direcciones,Sobre calle,Ninguna,Dia total,Despejado,No,NO APLICA,99,99,99,99,1,01/06/2022,4
55,Wisconsin,550189,0,0,2,0,141,WOOD (141),0,NO APLICA,6,Junio,5,2022,13,41,CR-M,4,Calle del Condado,Rural,Colector Mayor,County Highway Agency,0,Sin jurisdiccion especial,0,44.6701,-90.02509444,Vehiculo en movimiento,Angulo,Four-Way Intersection,Interseccion de 4 direcciones,Sobre calle,Ninguna,Dia total,lluvia,No,NO APLICA,13,43,13,51,1,05/06/2022,10
55,Wisconsin,550190,0,0,2,0,79,MILWAUKEE (79),3100,MILWAUKEE,6,Junio,7,2022,12,58,W LAYTON AVE,6,Calle Local Municipalidad,Urbano,Arteria Principal,City or Municipal Highway Agency,1,Sin jurisdiccion especial,0,42.95924722,-87.92478889,Vehiculo en movimiento,Angulo,Not an Intersection,No fue interseccion,Sobre calle,Ninguna,Dia total,Despejado,No,NO APLICA,99,99,99,99,1,07/06/2022,2
55,Wisconsin,550191,0,0,1,0,17,CHIPPEWA (17),0,NO APLICA,6,Junio,10,2022,20,37,SR-64,3,Highway estatal,Rural,Arteria Menor,State Highway Agency,0,Sin jurisdiccion especial,99998,45.14871667,-91.24877222,Volcadura,El primer evento no fue una colision con un vehiculo automotor en transporte,Not an Intersection,No fue interseccion,Sobre el lado de la calle,Ninguna,Dia total,Despejado,No,NO APLICA,20,37,20,46,2,10/06/2022,2
55,Wisconsin,550192,0,0,2,0,79,MILWAUKEE (79),5160,WEST ALLIS,6,Junio,15,2022,20,43,SR-100,3,Highway estatal,Urbano,Arteria Principal,State Highway Agency,1,Sin jurisdiccion especial,99998,42.99328056,-88.04715556,Vehiculo en movimiento,Frente a Detrás,Not an Intersection,No fue interseccion,Sobre calle,Ninguna,Oscuro con iluminacion,Despejado,No,NO APLICA,99,99,20,49,1,15/06/2022,4
55,Wisconsin,550193,0,0,1,0,87,OUTAGAMIE (87),0,NO APLICA,6,Junio,15,2022,5,15,CR-A,4,Calle del Condado,Urbano,Arteria Menor,County Highway Agency,0,Sin jurisdiccion especial,0,44.26481389,-88.44585,Banqueta,El primer evento no fue una colision con un vehiculo automotor en transporte,Not an Intersection,No fue interseccion,Sobre el lado de la calle,Ninguna,Amanecer,Despejado,No,NO APLICA,5,17,5,25,1,15/06/2022,1
55,Wisconsin,550195,0,0,2,0,89,OZAUKEE (89),3850,PORT WASHINGTON,6,Junio,16,2022,13,28,CR-LL,4,Calle del Condado,Urbano,Arteria Menor,County Highway Agency,0,Sin jurisdiccion especial,0,43.39319722,-87.90045278,Vehiculo en movimiento,Frente a frente,Four-Way Intersection,Interseccion de 4 direcciones,Sobre calle,Ninguna,Dia total,Despejado,No,NO APLICA,99,99,99,99,1,16/06/2022,2
55,Wisconsin,550196,1,1,1,0,111,SAUK (111),0,NO APLICA,6,Junio,20,2022,21,0,CR-B,4,Calle del Condado,Rural,Colector Mayor,County Highway Agency,0,Sin jurisdiccion especial,0,43.24925278,-89.85442778,Ciclista,El primer evento no fue una colision con un vehiculo automotor en transporte,Not an Intersection,No fue interseccion,Sobre calle,Ninguna,Atardecer,Despejado,No,NO APLICA,99,99,99,99,1,20/06/2022,1
55,Wisconsin,550197,0,0,1,0,81,MONROE (81),0,NO APLICA,6,Junio,20,2022,19,0,SR-33,3,Highway estatal,Rural,Arteria Menor,State Highway Agency,0,Sin jurisdiccion especial,99998,43.76755833,-90.84098333,Zanja,El primer evento no fue una colision con un vehiculo automotor en transporte,Not an Intersection,No fue interseccion,Sobre el lado de la calle,Ninguna,Dia total,Despejado,No,NO APLICA,19,7,19,26,1,20/06/2022,1
55,Wisconsin,550198,0,0,2,0,101,RACINE (101),9997,Other,6,Junio,14,2022,10,37,SR-11,3,Highway estatal,Rural,Arteria Principal,State Highway Agency,1,Sin jurisdiccion especial,99998,42.686275,-88.00384444,Vehiculo en movimiento,Frente a frente,Not an Intersection,No fue interseccion,Sobre calle,Ninguna,Dia total,Despejado,No,NO APLICA,99,99,99,99,2,14/06/2022,2
55,Wisconsin,550199,0,0,1,0,31,DOUGLAS (31),0,NO APLICA,6,Junio,17,2022,18,56,US-53,2,US Highway,Rural,Arteria Principal,State Highway Agency,1,Sin jurisdiccion especial,99998,46.26170556,-91.79983611,Zanja,El primer evento no fue una colision con un vehiculo automotor en transporte,Not an Intersection,No fue interseccion,Sobre el lado de la calle,Ninguna,Dia total,Despejado,No,NO APLICA,18,36,19,4,1,17/06/2022,1
55,Wisconsin,550200,0,0,2,0,79,MILWAUKEE (79),3100,MILWAUKEE,6,Junio,14,2022,14,10,N 7TH ST,6,Calle Local Municipalidad,Urbano,Arteria Principal,City or Municipal Highway Agency,0,Sin jurisdiccion especial,0,43.07116111,-87.91983056,Vehiculo en movimiento,Angulo,Four-Way Intersection,Interseccion de 4 direcciones,Sobre calle,Ninguna,Dia total,Despejado,No,NO APLICA,99,99,99,99,1,14/06/2022,5
55,Wisconsin,550201,0,0,1,0,137,WAUSHARA (137),0,NO APLICA,6,Junio,18,2022,20,0,SR-49,3,Highway estatal,Rural,Arteria Menor,State Highway Agency,0,Sin jurisdiccion especial,99998,44.23616944,-88.92713056,Volcadura,El primer evento no fue una colision con un vehiculo automotor en transporte,Not an Intersection,No fue interseccion,"Fuera de la calle, ubicacion desconocida",Ninguna,Dia total,Nublado,No,NO APLICA,20,1,20,99,1,18/06/2022,4
55,Wisconsin,550202,0,0,2,0,39,FOND DU LAC (39),0,NO APLICA,6,Junio,8,2022,8,1,CR-M,4,Calle del Condado,Rural,Colector Mayor,County Highway Agency,0,Sin jurisdiccion especial,0,43.77268333,-88.72011389,Vehiculo en movimiento,Frente a frente,Not an Intersection,No fue interseccion,Sobre calle,Ninguna,Dia total,lluvia,No,NO APLICA,8,8,8,16,1,08/06/2022,2
55,Wisconsin,550203,0,0,1,0,141,WOOD (141),3300,NEKOOSA,6,Junio,22,2022,22,50,POINT BASSE AVE,6,Calle Local Municipalidad,Urbano,Colector Mayor,City or Municipal Highway Agency,0,Sin jurisdiccion especial,0,44.29721389,-89.89285833,Volcadura,El primer evento no fue una colision con un vehiculo automotor en transporte,Not an Intersection,No fue interseccion,Sobre el lado de la calle,Ninguna,Oscuro con iluminacion,Despejado,No,NO APLICA,99,99,99,99,1,22/06/2022,1
55,Wisconsin,550204,0,0,1,0,117,SHEBOYGAN (117),0,NO APLICA,6,Junio,22,2022,9,22,I-43,1,Interestatal,Urbano,Interestatal,State Highway Agency,1,Sin jurisdiccion especial,99998,43.70273611,-87.76017778,Valla Ferrocarril,El primer evento no fue una colision con un vehiculo automotor en transporte,Not an Intersection,No fue interseccion,En el medio,Ninguna,Dia total,Despejado,No,NO APLICA,9,22,9,27,1,22/06/2022,1
55,Wisconsin,550205,0,0,1,0,7,BAYFIELD (7),0,NO APLICA,6,Junio,20,2022,9,49,ONDOSSAGON RD,5,Calle Local - Pueblo,Rural,Colector Mayor,Town or Township Highway Agency,0,Sin jurisdiccion especial,0,46.64725,-90.968275,Zanja,El primer evento no fue una colision con un vehiculo automotor en transporte,Not an Intersection,No fue interseccion,Sobre el lado de la calle,Ninguna,Dia total,Despejado,No,NO APLICA,9,53,10,0,1,20/06/2022,1
55,Wisconsin,550206,0,0,1,0,59,KENOSHA (59),9997,Other,6,Junio,22,2022,17,57,CR-AH,4,Calle del Condado,Urbano,Colector Mayor,County Highway Agency,0,Sin jurisdiccion especial,99998,42.53334167,-88.14417222,Zanja,El primer evento no fue una colision con un vehiculo automotor en transporte,Not an Intersection,No fue interseccion,Sobre el lado de la calle,Ninguna,Dia total,Despejado,No,NO APLICA,99,99,99,99,1,22/06/2022,1
55,Wisconsin,550207,0,0,1,0,97,PORTAGE (97),0,NO APLICA,6,Junio,20,2022,15,47,US-10,2,US Highway,Rural,Arterial Principal -Freeway o ExpressWay,State Highway Agency,1,Sin jurisdiccion especial,99998,44.49118333,-89.35961944,Volcadura,El primer evento no fue una colision con un vehiculo automotor en transporte,Not an Intersection,No fue interseccion,En el medio,Ninguna,Dia total,Despejado,No,NO APLICA,15,47,15,58,1,20/06/2022,1
55,Wisconsin,550208,0,0,1,0,79,MILWAUKEE (79),3100,MILWAUKEE,5,Mayo,31,2022,1,41,W LAYTON AVE,6,Calle Local Municipalidad,Urbano,Arteria Principal,City or Municipal Highway Agency,1,Sin jurisdiccion especial,99998,42.95925833,-87.92682778,Soporte de Puente,El primer evento no fue una colision con un vehiculo automotor en transporte,Not an Intersection,No fue interseccion,En el medio,Ninguna,Oscuro con iluminacion,Despejado,No,NO APLICA,99,99,99,99,1,31/05/2022,1
55,Wisconsin,550209,0,0,1,0,117,SHEBOYGAN (117),3580,OOSTBURG,6,Junio,27,2022,2,15,I-43,1,Interestatal,Rural,Interestatal,State Highway Agency,1,Sin jurisdiccion especial,99998,43.62236111,-87.770325,Volcadura,El primer evento no fue una colision con un vehiculo automotor en transporte,Not an Intersection,No fue interseccion,En el medio,Ninguna,Oscuro sin iluminacion,Despejado,No,NO APLICA,2,23,2,34,1,27/06/2022,1
55,Wisconsin,550210,0,0,2,0,89,OZAUKEE (89),930,CEDARBURG,6,Junio,24,2022,7,36,BRIDGE RD,6,Calle Local Municipalidad,Urbano,Arteria Menor,City or Municipal Highway Agency,0,Sin jurisdiccion especial,0,43.30099167,-87.99118056,Vehiculo en movimiento,Angulo,Four-Way Intersection,Interseccion de 4 direcciones,Sobre calle,Ninguna,Dia total,Despejado,No,NO APLICA,7,40,7,44,1,24/06/2022,3
55,Wisconsin,550211,1,1,1,0,79,MILWAUKEE (79),3100,MILWAUKEE,3,Marzo,5,2022,23,35,W HAMPTON AVE,6,Calle Local Municipalidad,Urbano,Arteria Menor,City or Municipal Highway Agency,0,Sin jurisdiccion especial,99998,43.10465,-87.97389167,Peaton,El primer evento no fue una colision con un vehiculo automotor en transporte,T-Intersection,Interseccion de T,Sobre calle,Ninguna,Oscuro con iluminacion,lluvia,No,NO APLICA,99,99,99,99,1,05/03/2022,1
55,Wisconsin,550212,0,0,2,0,33,DUNN (33),0,NO APLICA,6,Junio,18,2022,0,40,I-94,1,Interestatal,Rural,Interestatal,State Highway Agency,1,Sin jurisdiccion especial,99998,44.92411389,-92.12839444,Vehiculo en movimiento,Frente a Detrás,Not an Intersection,No fue interseccion,Sobre calle,Ninguna,Oscuro sin iluminacion,Despejado,No,NO APLICA,0,43,0,50,1,18/06/2022,3
55,Wisconsin,550213,0,0,1,0,39,FOND DU LAC (39),0,NO APLICA,6,Junio,17,2022,18,30,SAVAGE RD,5,Calle Local - Pueblo,Rural,Local,Town or Township Highway Agency,0,Sin jurisdiccion especial,0,43.67403333,-88.74657778,Volcadura,El primer evento no fue una colision con un vehiculo automotor en transporte,Not an Intersection,No fue interseccion,Sobre el lado de la calle,Ninguna,Dia total,Despejado,No,NO APLICA,18,32,18,36,1,17/06/2022,1
55,Wisconsin,550214,0,0,2,0,43,GRANT (43),0,NO APLICA,6,Junio,30,2022,11,43,US-18,2,US Highway,Rural,Arteria Principal,State Highway Agency,1,Sin jurisdiccion especial,99998,42.97346389,-90.47794722,Vehiculo en movimiento,Angulo,Four-Way Intersection,Interseccion de 4 direcciones,Sobre calle,Ninguna,Dia total,Despejado,No,NO APLICA,99,99,99,99,1,30/06/2022,3
55,Wisconsin,550215,0,0,1,0,93,PIERCE (93),0,NO APLICA,7,Julio,3,2022,11,6,CR-F,4,Calle del Condado,Rural,Arteria Menor,County Highway Agency,0,Sin jurisdiccion especial,0,44.80620833,-92.75104722,Arbol,El primer evento no fue una colision con un vehiculo automotor en transporte,Not an Intersection,No fue interseccion,Sobre el lado de la calle,Ninguna,Dia total,Nublado,No,NO APLICA,11,7,11,14,1,03/07/2022,1
55,Wisconsin,550216,0,0,1,0,71,MANITOWOC (71),0,NO APLICA,7,Julio,2,2022,16,34,I-43,1,Interestatal,Urbano,Interestatal,State Highway Agency,1,Sin jurisdiccion especial,99998,44.02574167,-87.70682778,Volcadura,El primer evento no fue una colision con un vehiculo automotor en transporte,Not an Intersection,No fue interseccion,En el medio,Ninguna,Dia total,Nublado,No,NO APLICA,16,34,16,41,1,02/07/2022,3
55,Wisconsin,550218,0,0,2,0,17,CHIPPEWA (17),0,NO APLICA,6,Junio,23,2022,3,53,SR-178,3,Highway estatal,Rural,Colector Mayor,State Highway Agency,0,Sin jurisdiccion especial,99998,45.09460278,-91.22968889,Vehiculo en movimiento,Frente a frente,Not an Intersection,No fue interseccion,Sobre calle,Ninguna,Oscuro sin iluminacion,Despejado,No,NO APLICA,99,99,99,99,1,23/06/2022,2
55,Wisconsin,550219,0,0,3,0,131,WASHINGTON (131),4089,RICHFIELD,6,Junio,22,2022,5,41,SR-164,3,Highway estatal,Urbano,Arteria Principal,State Highway Agency,1,Sin jurisdiccion especial,99998,43.22326944,-88.26173889,Vehiculo en movimiento,Frente a Detrás,Four-Way Intersection,Interseccion de 4 direcciones,Sobre calle,Ninguna,Dia total,Despejado,No,NO APLICA,5,45,5,50,2,22/06/2022,4
55,Wisconsin,550220,0,0,2,0,67,LANGLADE (67),0,NO APLICA,6,Junio,29,2022,21,41,WILSON SCHOOL RD,5,Calle Local - Pueblo,Rural,Local,Town or Township Highway Agency,0,Sin jurisdiccion especial,99998,45.16097222,-88.83358056,Vehiculo en movimiento,Frente a frente,Not an Intersection,No fue interseccion,Sobre calle,Ninguna,Oscuro sin iluminacion,Nublado,No,NO APLICA,99,99,99,99,1,29/06/2022,2
55,Wisconsin,550221,0,0,1,0,19,CLARK (19),0,NO APLICA,7,Julio,10,2022,7,13,BADGER AVE,5,Calle Local - Pueblo,Rural,Local,Town or Township Highway Agency,0,Sin jurisdiccion especial,0,45.00971944,-90.35596111,Volcadura,El primer evento no fue una colision con un vehiculo automotor en transporte,Not an Intersection,No fue interseccion,Sobre el lado de la calle,Ninguna,Amanecer,Nublado,No,NO APLICA,7,13,7,24,1,10/07/2022,1
55,Wisconsin,550222,0,0,2,0,43,GRANT (43),0,NO APLICA,6,Junio,29,2022,7,47,US-61,2,US Highway,Rural,Arteria Principal,State Highway Agency,1,Sin jurisdiccion especial,99998,43.10685833,-90.70455278,Vehiculo en movimiento,Frente a frente,Not an Intersection,No fue interseccion,Sobre calle,Ninguna,Dia total,Neblina o Humo,No,NO APLICA,7,51,7,58,1,29/06/2022,3
55,Wisconsin,550223,1,1,1,0,59,KENOSHA (59),2400,KENOSHA,7,Julio,10,2022,1,56,SR-31,3,Highway estatal,Urbano,Arteria Principal,State Highway Agency,1,Sin jurisdiccion especial,99998,42.58339444,-87.88375833,Peaton,El primer evento no fue una colision con un vehiculo automotor en transporte,Not an Intersection,No fue interseccion,Sobre calle,Ninguna,Oscuro con iluminacion,Nublado,No,NO APLICA,2,1,2,6,1,10/07/2022,1
55,Wisconsin,550224,0,0,1,0,9,BROWN (9),2000,GREEN BAY,7,Julio,1,2022,99,99,E CIRCLE DR,6,Calle Local Municipalidad,Urbano,Local,Private (other than Railroad),0,Campus Universitario,0,44.53543333,-87.91176667,Arbusto,El primer evento no fue una colision con un vehiculo automotor en transporte,Not an Intersection,No fue interseccion,Sobre el lado de la calle,Ninguna,Oscuro con iluminacion,Despejado,No,NO APLICA,22,39,22,45,1,01/07/2022,1
55,Wisconsin,550225,0,0,2,0,139,WINNEBAGO (139),3620,OSHKOSH,6,Junio,25,2022,9,35,CR-AA HARRISON ST,4,Calle del Condado,Urbano,Colector Mayor,County Highway Agency,0,Sin jurisdiccion especial,99998,44.05223889,-88.53025556,Vehiculo en movimiento,Angulo,T-Intersection,Interseccion de T,Sobre calle,Ninguna,Dia total,Nublado,No,NO APLICA,9,37,9,39,1,25/06/2022,3
55,Wisconsin,550226,0,0,1,0,75,MARINETTE (75),0,NO APLICA,7,Julio,9,2022,17,53,US-41,2,US Highway,Rural,Arteria Principal,State Highway Agency,1,Sin jurisdiccion especial,99998,45.00237778,-87.85075833,Volcadura,El primer evento no fue una colision con un vehiculo automotor en transporte,Not an Intersection,No fue interseccion,Sobre calle,Ninguna,Dia total,Despejado,No,NO APLICA,17,53,18,7,1,09/07/2022,1
55,Wisconsin,550227,0,0,1,0,7,BAYFIELD (7),0,NO APLICA,6,Junio,27,2022,15,20,CR-D,4,Calle del Condado,Rural,Colector Mayor,County Highway Agency,0,Sin jurisdiccion especial,99998,46.33700833,-91.10748611,Zanja,El primer evento no fue una colision con un vehiculo automotor en transporte,Not an Intersection,No fue interseccion,Sobre el lado de la calle,Ninguna,Dia total,Despejado,No,NO APLICA,99,99,99,99,1,27/06/2022,1
55,Wisconsin,550228,0,0,1,0,19,CLARK (19),0,NO APLICA,7,Julio,10,2022,23,0,SR-95,3,Highway estatal,Rural,Arteria Menor,State Highway Agency,0,Sin jurisdiccion especial,99998,44.48088056,-90.60095,Arbol,El primer evento no fue una colision con un vehiculo automotor en transporte,Not an Intersection,No fue interseccion,Sobre el lado de la calle,Ninguna,Oscuro sin iluminacion,Reportado como desconocido,No,NO APLICA,8,10,8,21,1,10/07/2022,1
55,Wisconsin,550229,0,0,1,0,43,GRANT (43),0,NO APLICA,7,Julio,7,2022,2,52,MC ADAM RD,5,Calle Local - Pueblo,Rural,Local,Town or Township Highway Agency,0,Sin jurisdiccion especial,0,42.63359722,-90.55854722,Arbol,El primer evento no fue una colision con un vehiculo automotor en transporte,Not an Intersection,No fue interseccion,Sobre el lado de la calle,Ninguna,Oscuro sin iluminacion,Despejado,No,NO APLICA,2,55,3,7,1,07/07/2022,3
55,Wisconsin,550230,0,0,3,0,127,WALWORTH (127),0,NO APLICA,7,Julio,4,2022,14,23,SR-120,3,Highway estatal,Rural,Arteria Menor,State Highway Agency,0,Sin jurisdiccion especial,99998,42.516475,-88.44271111,Vehiculo en movimiento,Angulo,Four-Way Intersection,Interseccion de 4 direcciones,Sobre calle,Ninguna,Dia total,Nublado,No,NO APLICA,14,49,14,58,1,04/07/2022,11
55,Wisconsin,550231,0,0,1,0,79,MILWAUKEE (79),3100,MILWAUKEE,6,Junio,5,2022,17,23,I-94 RAMP,1,Interestatal,Urbano,Interestatal,State Highway Agency,1,Sin jurisdiccion especial,99998,43.04016389,-87.92448056,Banqueta,El primer evento no fue una colision con un vehiculo automotor en transporte,Not an Intersection,No fue interseccion,En el medio,Ninguna,Dia total,Despejado,No,NO APLICA,17,24,17,44,1,05/06/2022,1
55,Wisconsin,550232,0,0,1,0,131,WASHINGTON (131),0,NO APLICA,7,Julio,8,2022,20,8,US-45,2,US Highway,Urbano,Arterial Principal -Freeway o ExpressWay,State Highway Agency,1,Sin jurisdiccion especial,99998,43.34250556,-88.19101111,Volcadura,El primer evento no fue una colision con un vehiculo automotor en transporte,Not an Intersection,No fue interseccion,Sobre calle,Ninguna,Atardecer,Despejado,No,NO APLICA,20,11,20,15,1,08/07/2022,2
55,Wisconsin,550233,1,1,1,0,111,SAUK (111),0,NO APLICA,7,Julio,14,2022,12,48,SR-78,3,Highway estatal,Rural,Arteria Menor,State Highway Agency,0,Sin jurisdiccion especial,99998,43.37268333,-89.68883611,Ciclista,El primer evento no fue una colision con un vehiculo automotor en transporte,Not an Intersection,No fue interseccion,Sobre calle,Ninguna,Dia total,Despejado,No,NO APLICA,12,51,13,7,1,14/07/2022,1
55,Wisconsin,550234,0,0,2,0,59,KENOSHA (59),685,BRISTOL,6,Junio,29,2022,11,28,US-45,2,US Highway,Rural,Arteria Menor,State Highway Agency,0,Sin jurisdiccion especial,99998,42.51095,-88.02830833,Vehiculo en movimiento,Angulo,T-Intersection,Interseccion de T,Sobre calle,Ninguna,Dia total,Despejado,No,NO APLICA,99,99,99,99,1,29/06/2022,4
55,Wisconsin,550235,0,0,1,0,83,OCONTO (83),0,NO APLICA,7,Julio,10,2022,15,53,US-41,2,US Highway,Rural,Arterial Principal -Freeway o ExpressWay,State Highway Agency,1,Sin jurisdiccion especial,99998,44.79343333,-88.03541944,Zanja,El primer evento no fue una colision con un vehiculo automotor en transporte,Not an Intersection,No fue interseccion,En el medio,Ninguna,Dia total,Despejado,No,NO APLICA,15,55,16,7,1,10/07/2022,1
55,Wisconsin,550236,0,0,2,0,9,BROWN (9),0,NO APLICA,6,Junio,21,2022,12,26,SR-29,3,Highway estatal,Rural,Arteria Menor,State Highway Agency,0,Sin jurisdiccion especial,99998,44.44376944,-87.78568333,Vehiculo en movimiento,Angulo,Four-Way Intersection,Interseccion de 4 direcciones,Sobre calle,Ninguna,Dia total,Nublado,No,NO APLICA,12,26,99,99,1,21/06/2022,3
55,Wisconsin,550237,0,0,3,0,133,WAUKESHA (133),1305,DELAFIELD,7,Julio,5,2022,9,44,I-94,1,Interestatal,Urbano,Interestatal,State Highway Agency,1,Sin jurisdiccion especial,99998,43.051575,-88.37481111,Vehiculo en movimiento,Frente a Detrás,Not an Intersection,No fue interseccion,Sobre calle,Ninguna,Dia total,Despejado,No,NO APLICA,9,0,9,0,1,05/07/2022,5
55,Wisconsin,550238,0,0,2,0,37,FLORENCE (37),0,NO APLICA,7,Julio,14,2022,19,24,CR-C,4,Calle del Condado,Rural,Colector Mayor,County Highway Agency,0,Sin jurisdiccion especial,0,45.79855,-88.25041944,Vehiculo en movimiento,Frente a frente,Not an Intersection,No fue interseccion,Sobre el lado de la calle,Ninguna,Dia total,Despejado,No,NO APLICA,19,30,19,38,1,14/07/2022,4
55,Wisconsin,550239,0,0,2,0,27,DODGE (27),0,NO APLICA,7,Julio,10,2022,15,47,SR-60,3,Highway estatal,Rural,Arteria Menor,State Highway Agency,0,Sin jurisdiccion especial,99998,43.32546389,-88.43724722,Vehiculo en movimiento,Golpe Lateral - misma direccion,Not an Intersection,No fue interseccion,Sobre calle,Ninguna,Dia total,Nublado,No,NO APLICA,15,48,16,0,1,10/07/2022,7
55,Wisconsin,550240,0,0,2,0,139,WINNEBAGO (139),3620,OSHKOSH,7,Julio,13,2022,18,45,W 12TH AVE,6,Calle Local Municipalidad,Urbano,Local,City or Municipal Highway Agency,0,Sin jurisdiccion especial,0,44.00744444,-88.55081111,Vehiculo en movimiento,Frente a Detrás,Not an Intersection,No fue interseccion,Sobre calle,Ninguna,Dia total,Despejado,No,NO APLICA,16,45,16,47,1,13/07/2022,1
55,Wisconsin,550241,0,0,2,0,133,WAUKESHA (133),0,NO APLICA,7,Julio,17,2022,13,41,SR-59,3,Highway estatal,Urbano,Arteria Principal,State Highway Agency,1,Sin jurisdiccion especial,99998,42.96285556,-88.324925,Vehiculo en movimiento,Frente a frente,T-Intersection,Interseccion de T,Sobre calle,Ninguna,Dia total,Despejado,No,NO APLICA,13,41,13,49,1,17/07/2022,4
55,Wisconsin,550242,0,0,1,0,27,DODGE (27),0,NO APLICA,7,Julio,20,2022,0,30,CR-G,4,Calle del Condado,Rural,Colector Mayor,County Highway Agency,0,Sin jurisdiccion especial,0,43.48633056,-88.89585,Volcadura,El primer evento no fue una colision con un vehiculo automotor en transporte,Not an Intersection,No fue interseccion,Sobre el lado de la calle,Ninguna,Oscuro sin iluminacion,Nublado,No,NO APLICA,0,42,0,53,1,20/07/2022,1
55,Wisconsin,550243,0,0,2,0,79,MILWAUKEE (79),3100,MILWAUKEE,6,Junio,25,2022,0,35,SR-145,3,Highway estatal,Urbano,Arteria Principal,State Highway Agency,1,Sin jurisdiccion especial,99998,43.07392778,-87.95573056,Vehiculo en movimiento,Angulo,T-Intersection,Interseccion de T,Sobre calle,Ninguna,Oscuro con iluminacion,Despejado,No,NO APLICA,99,99,99,99,1,25/06/2022,5
55,Wisconsin,550244,1,1,2,0,31,DOUGLAS (31),4730,SUPERIOR,7,Julio,15,2022,1,15,US-2,2,US Highway,Urbano,Arteria Principal,State Highway Agency,1,Sin jurisdiccion especial,99998,46.67528889,-92.00730278,Peaton,El primer evento no fue una colision con un vehiculo automotor en transporte,Not an Intersection,No fue interseccion,Sobre calle,Ninguna,Oscuro con iluminacion,Nublado,No,NO APLICA,99,99,99,99,2,15/07/2022,4
55,Wisconsin,550245,0,0,2,0,1,ADAMS (1),0,NO APLICA,7,Julio,16,2022,6,43,SR-23,3,Highway estatal,Rural,Colector Mayor,County Highway Agency,0,Sin jurisdiccion especial,99998,43.65041667,-89.71592778,Vehiculo en movimiento,Angulo,Four-Way Intersection,Interseccion de 4 direcciones,Sobre calle,Ninguna,Amanecer,Neblina o Humo,No,NO APLICA,6,45,99,99,1,16/07/2022,2
55,Wisconsin,550246,0,0,1,0,29,DOOR (29),0,NO APLICA,7,Julio,19,2022,20,55,HERITAGE LAKE RD,5,Calle Local - Pueblo,Rural,Local,Town or Township Highway Agency,0,Sin jurisdiccion especial,0,45.05663611,-87.25539722,Zanja,El primer evento no fue una colision con un vehiculo automotor en transporte,Not an Intersection,No fue interseccion,Sobre el lado de la calle,Ninguna,Oscuro sin iluminacion,Despejado,No,NO APLICA,20,56,21,13,1,19/07/2022,2
55,Wisconsin,550247,0,0,2,0,91,PEPIN (91),0,NO APLICA,7,Julio,8,2022,16,44,SR-35,3,Highway estatal,Rural,Arteria Menor,State Highway Agency,0,Sin jurisdiccion especial,99998,44.51311667,-92.29037778,Vehiculo en movimiento,Angulo,Not an Intersection,No fue interseccion,Sobre calle,Ninguna,Dia total,Despejado,No,NO APLICA,16,43,16,0,1,08/07/2022,2