Estado,Nombre de Estado,Numero de Caso,Peatones,Personas _no_vehiculos,Vehiculos automotores,Vehiculos estacionados,Condado,Nombre Condado,Ciudad,Nombre Ciudad,Mes,Nombre Mes,Dia,Año,Hora,Minuto,Calle,Ruta,Nombre Ruta,Rural o Urbanoo,Sistema Funcional,Dueño Calle,Sistema Nacional Carreteras,Jurisdiccion Especial,Milla,Latitud,Longitud,Causa del Accidente,Tipo de Accidente,Tipo Interseccion,Columna1,Lugar en la calle,Zona de Trabajo,Luz,Clima,Autobus Escolar,Cruce de Trenes,Hora Notificacion,Minuto Notificacion,Hora Llegada,Minuto Llegada,Decesos,Fecha,PersonaVehiculo
55,Wisconsin,550248,0,0,2,0,1,ADAMS (1),0,NO APLICA,7,Julio,19,2022,2,28,CR-B,4,Calle del Condado,Rural,Colector Mayor,County Highway Agency,0,Sin jurisdiccion especial,0,43.71188333,-89.71793333,Vehiculo en movimiento,Frente a frente,Not an Intersection,No fue interseccion,Sobre calle,Ninguna,Oscuro sin iluminacion,Nublado,No,NO APLICA,2,33,99,99,1,19/07/2022,2
55,Wisconsin,550249,0,0,1,0,63,LA CROSSE (63),2490,LA CROSSE,6,Junio,27,2022,23,41,US-14,2,US Highway,Urbano,Arteria Principal,State Highway Agency,1,Sin jurisdiccion especial,99998,43.76790833,-91.21228333,Poste o otros soportes,El primer evento no fue una colision con un vehiculo automotor en transporte,Not an Intersection,No fue interseccion,Sobre el lado de la calle,Ninguna,Oscuro sin iluminacion,Nublado,No,NO APLICA,23,42,99,99,1,27/06/2022,1
55,Wisconsin,550250,0,0,1,0,1,ADAMS (1),0,NO APLICA,7,Julio,16,2022,23,27,SR-13,3,Highway estatal,Rural,Arteria Menor,State Highway Agency,0,Sin jurisdiccion especial,99998,43.81896111,-89.83685,Zanja,El primer evento no fue una colision con un vehiculo automotor en transporte,Not an Intersection,No fue interseccion,Sobre el lado de la calle,Ninguna,Oscuro sin iluminacion,Despejado,No,NO APLICA,23,34,23,42,1,16/07/2022,1
55,Wisconsin,550251,0,0,2,0,127,WALWORTH (127),0,NO APLICA,7,Julio,20,2022,8,30,SR-11,3,Highway estatal,Rural,Arteria Principal,State Highway Agency,1,Sin jurisdiccion especial,99998,42.68171111,-88.33241389,Vehiculo en movimiento,Angulo,T-Intersection,Interseccion de T,Sobre calle,Ninguna,Dia total,Despejado,No,NO APLICA,8,42,8,48,1,20/07/2022,3
55,Wisconsin,550252,1,1,1,0,79,MILWAUKEE (79),3100,MILWAUKEE,7,Julio,11,2022,21,51,N 35TH ST,6,Calle Local Municipalidad,Urbano,Arteria Menor,City or Municipal Highway Agency,0,Sin jurisdiccion especial,0,43.06984722,-87.95738056,Peaton,El primer evento no fue una colision con un vehiculo automotor en transporte,Four-Way Intersection,Interseccion de 4 direcciones,Sobre calle,Ninguna,Oscuro con iluminacion,Nublado,No,NO APLICA,99,99,99,99,1,11/07/2022,1
55,Wisconsin,550253,0,0,1,0,5,BARRON (5),4080,RICE LAKE,7,Julio,15,2022,23,12,S MAIN ST,6,Calle Local Municipalidad,Urbano,Arteria Menor,City or Municipal Highway Agency,0,Desconocido,0,45.47030556,-91.73534167,Zanja,El primer evento no fue una colision con un vehiculo automotor en transporte,Not an Intersection,No fue interseccion,Sobre el lado de la calle,Ninguna,Oscuro - iluminacion desconocida,Despejado,No,NO APLICA,99,99,99,99,1,15/07/2022,1
55,Wisconsin,550254,0,0,2,0,25,DANE (25),9997,Other,7,Julio,7,2022,15,33,CR-V,4,Calle del Condado,Rural,Colector Mayor,County Highway Agency,0,Sin jurisdiccion especial,0,43.26715556,-89.29955556,Vehiculo en movimiento,Angulo,T-Intersection,Interseccion de T,Sobre calle,Ninguna,Dia total,Despejado,No,NO APLICA,99,99,99,99,1,07/07/2022,2
55,Wisconsin,550255,1,1,1,0,139,WINNEBAGO (139),0,NO APLICA,7,Julio,25,2022,18,3,I-41,1,Interestatal,Rural,Interestatal,State Highway Agency,1,Sin jurisdiccion especial,99998,44.10258333,-88.53524167,Barda,El primer evento no fue una colision con un vehiculo automotor en transporte,Not an Intersection,No fue interseccion,Sobre el lado de la calle,Ninguna,Dia total,Despejado,No,NO APLICA,18,7,18,10,1,25/07/2022,1
55,Wisconsin,550256,0,0,1,0,101,RACINE (101),0,NO APLICA,7,Julio,26,2022,14,45,LOOMIS RD,8,Otro,Urbano,Colector Mayor,County Highway Agency,0,Sin jurisdiccion especial,0,42.81818056,-88.16204722,Buzon de correo,El primer evento no fue una colision con un vehiculo automotor en transporte,Not an Intersection,No fue interseccion,Sobre el lado de la calle,Ninguna,Dia total,Despejado,No,NO APLICA,14,45,14,54,1,26/07/2022,1
55,Wisconsin,550257,0,0,2,0,101,RACINE (101),9997,Other,6,Junio,30,2022,7,26,SR-11,3,Highway estatal,Urbano,Arteria Principal,State Highway Agency,1,Sin jurisdiccion especial,99998,42.68155833,-88.06773333,Vehiculo en movimiento,Angulo,Not an Intersection,No fue interseccion,Sobre calle,Ninguna,Dia total,Nublado,No,NO APLICA,7,26,8,99,1,30/06/2022,2
55,Wisconsin,550258,0,0,2,0,59,KENOSHA (59),2400,KENOSHA,7,Julio,23,2022,11,21,38TH ST,8,Otro,Urbano,Colector Mayor,County Highway Agency,0,Sin jurisdiccion especial,99998,42.60403056,-87.95269167,Vehiculo en movimiento,Angulo,Four-Way Intersection,Interseccion de 4 direcciones,Sobre calle,Ninguna,Dia total,Despejado,No,NO APLICA,99,99,99,99,1,23/07/2022,3
55,Wisconsin,550259,0,0,2,0,79,MILWAUKEE (79),3100,MILWAUKEE,7,Julio,17,2022,22,53,W CONGRESS ST,6,Calle Local Municipalidad,Urbano,Colector Mayor,City or Municipal Highway Agency,0,Sin jurisdiccion especial,99998,43.09721944,-87.98993889,Vehiculo en movimiento,Angulo,Not an Intersection,No fue interseccion,Sobre calle,Ninguna,Oscuro con iluminacion,Despejado,No,NO APLICA,99,99,99,99,1,17/07/2022,5
55,Wisconsin,550260,1,1,1,0,111,SAUK (111),0,NO APLICA,7,Julio,27,2022,9,30,DURWARDS GLEN RD,5,Calle Local - Pueblo,Rural,Colector Menor,Town or Township Highway Agency,0,Sin jurisdiccion especial,99998,43.47259722,-89.62076389,Peaton,El primer evento no fue una colision con un vehiculo automotor en transporte,Not an Intersection,No fue interseccion,Sobre el lado de la calle,Ninguna,Dia total,Despejado,No,NO APLICA,88,88,88,88,1,27/07/2022,1
55,Wisconsin,550261,0,0,2,0,101,RACINE (101),9997,Other,7,Julio,13,2022,21,50,SR-11,3,Highway estatal,Urbano,Arteria Principal,State Highway Agency,1,Sin jurisdiccion especial,99998,42.695075,-87.96916111,Vehiculo en movimiento,Frente a Detrás,Not an Intersection,No fue interseccion,Sobre calle,Ninguna,Oscuro sin iluminacion,Despejado,No,NO APLICA,99,99,99,99,1,13/07/2022,2
55,Wisconsin,550262,0,0,1,0,79,MILWAUKEE (79),3100,MILWAUKEE,7,Julio,26,2022,14,7,CR-E,4,Calle del Condado,Urbano,Arteria Principal,County Highway Agency,1,Sin jurisdiccion especial,99998,43.11974722,-88.00484722,Banqueta,El primer evento no fue una colision con un vehiculo automotor en transporte,Not an Intersection,No fue interseccion,En el medio,Ninguna,Dia total,Despejado,No,NO APLICA,99,99,99,99,1,26/07/2022,1
55,Wisconsin,550263,0,0,1,0,133,WAUKESHA (133),2990,MENOMONEE FALLS,7,Julio,22,2022,1,15,CR-Y,4,Calle del Condado,Urbano,Arteria Menor,County Highway Agency,0,Sin jurisdiccion especial,99998,43.18485278,-88.16248333,Arbol,El primer evento no fue una colision con un vehiculo automotor en transporte,Not an Intersection,No fue interseccion,Sobre el lado de la calle,Ninguna,Oscuro sin iluminacion,Nublado,No,NO APLICA,1,16,1,25,1,22/07/2022,1
55,Wisconsin,550264,1,1,1,0,103,RICHLAND (103),0,NO APLICA,5,Mayo,26,2022,14,55,SR-58,3,Highway estatal,Rural,Arteria Menor,State Highway Agency,0,Sin jurisdiccion especial,99998,43.32427778,-90.29165278,Peaton,El primer evento no fue una colision con un vehiculo automotor en transporte,Not an Intersection,No fue interseccion,Sobre calle,Ninguna,Dia total,Nublado,No,NO APLICA,15,5,15,8,1,26/05/2022,2
55,Wisconsin,550265,0,0,2,0,105,ROCK (105),440,BELOIT,7,Julio,23,2022,13,27,GATEWAY BLVD,6,Calle Local Municipalidad,Urbano,Arteria Menor,City or Municipal Highway Agency,0,Sin jurisdiccion especial,0,42.535525,-88.95449722,Vehiculo en movimiento,Angulo,T-Intersection,Interseccion de T,Sobre calle,Ninguna,Dia total,Nublado,No,NO APLICA,99,99,99,99,1,23/07/2022,4
55,Wisconsin,550266,0,0,3,0,3,ASHLAND (3),220,ASHLAND,7,Julio,22,2022,12,26,US-2,2,US Highway,Urbano,Arteria Principal,State Highway Agency,1,Sin jurisdiccion especial,99998,46.58249444,-90.91676944,Vehiculo en movimiento,Angulo,Four-Way Intersection,Interseccion de 4 direcciones,Sobre calle,Ninguna,Dia total,Despejado,No,NO APLICA,99,99,99,99,2,22/07/2022,4
55,Wisconsin,550267,0,0,2,0,81,MONROE (81),0,NO APLICA,7,Julio,16,2022,9,50,I-90,1,Interestatal,Rural,Interestatal,State Highway Agency,1,Sin jurisdiccion especial,99998,43.98206111,-90.43188333,Vehiculo en movimiento,Golpe Lateral - misma direccion,Not an Intersection,No fue interseccion,Sobre calle,Ninguna,Dia total,Nublado,No,NO APLICA,99,99,99,99,1,16/07/2022,4
55,Wisconsin,550268,0,0,2,0,57,JUNEAU (57),0,NO APLICA,7,Julio,13,2022,12,56,CR-HH,4,Calle del Condado,Rural,Colector Mayor,County Highway Agency,0,Sin jurisdiccion especial,0,43.72518056,-89.88334722,Vehiculo en movimiento,Frente a frente,Not an Intersection,No fue interseccion,Sobre calle,Ninguna,Dia total,Nublado,No,NO APLICA,12,57,13,2,1,13/07/2022,2
55,Wisconsin,550269,0,0,1,0,53,JACKSON (53),0,NO APLICA,7,Julio,29,2022,14,2,PANTER RD,5,Calle Local - Pueblo,Rural,Local,Town or Township Highway Agency,0,Sin jurisdiccion especial,99998,44.34955556,-90.33626667,Volcadura,El primer evento no fue una colision con un vehiculo automotor en transporte,Not an Intersection,No fue interseccion,Sobre el lado de la calle,Ninguna,Dia total,Despejado,No,NO APLICA,14,3,14,31,1,29/07/2022,1
55,Wisconsin,550270,0,0,1,0,73,MARATHON (73),10,ABBOTSFORD,7,Julio,30,2022,10,12,SR-29,3,Highway estatal,Rural,Arteria Principal,State Highway Agency,1,Sin jurisdiccion especial,99998,44.93498889,-90.31428333,Volcadura,El primer evento no fue una colision con un vehiculo automotor en transporte,Not an Intersection,No fue interseccion,Sobre el lado de la calle,Ninguna,Dia total,Despejado,No,NO APLICA,10,16,10,20,1,30/07/2022,1
55,Wisconsin,550271,1,1,1,0,25,DANE (25),2780,MADISON,8,Agosto,1,2022,14,18,PFLAUM RD,6,Calle Local Municipalidad,Urbano,Arteria Menor,City or Municipal Highway Agency,0,Sin jurisdiccion especial,0,43.06236111,-89.29653889,Ciclista,El primer evento no fue una colision con un vehiculo automotor en transporte,Not an Intersection,No fue interseccion,Sobre calle,Ninguna,Dia total,Despejado,No,NO APLICA,14,20,14,26,1,01/08/2022,2
55,Wisconsin,550272,0,0,1,0,9,BROWN (9),0,NO APLICA,7,Julio,4,2022,5,0,TOWER RD,5,Calle Local - Pueblo,Rural,Local,Town or Township Highway Agency,0,Sin jurisdiccion especial,99998,44.37578333,-88.00913889,Animal vivo,El primer evento no fue una colision con un vehiculo automotor en transporte,Not an Intersection,No fue interseccion,Sobre calle,Ninguna,Amanecer,Despejado,No,NO APLICA,99,99,99,99,1,04/07/2022,1
55,Wisconsin,550273,1,1,1,0,139,WINNEBAGO (139),0,NO APLICA,5,Mayo,15,2022,0,14,SR-76,3,Highway estatal,Rural,Arteria Menor,State Highway Agency,0,Sin jurisdiccion especial,99998,44.23020833,-88.54468333,Peaton,El primer evento no fue una colision con un vehiculo automotor en transporte,Not an Intersection,No fue interseccion,Sobre calle,Ninguna,Oscuro sin iluminacion,Despejado,No,NO APLICA,88,88,88,88,1,15/05/2022,1
55,Wisconsin,550274,0,0,2,0,83,OCONTO (83),0,NO APLICA,8,Agosto,3,2022,20,44,CR-I FIRESIDE RD,4,Calle del Condado,Rural,Colector Menor,County Highway Agency,0,Sin jurisdiccion especial,0,44.92226944,-88.124825,Vehiculo en movimiento,Frente a Detrás,Four-Way Intersection,Interseccion de 4 direcciones,Sobre calle,Ninguna,Atardecer,Despejado,No,NO APLICA,20,48,20,54,1,03/08/2022,2
55,Wisconsin,550275,0,0,2,0,63,LA CROSSE (63),2490,LA CROSSE,8,Agosto,3,2022,14,2,MONITOR ST,6,Calle Local Municipalidad,Urbano,Arteria Menor,City or Municipal Highway Agency,0,Sin jurisdiccion especial,0,43.82983056,-91.23971944,Vehiculo en movimiento,Angulo,T-Intersection,Interseccion de T,Sobre calle,Ninguna,Dia total,Despejado,No,NO APLICA,14,2,14,8,1,03/08/2022,3
55,Wisconsin,550276,0,0,2,0,101,RACINE (101),3224,MOUNT PLEASANT,8,Agosto,4,2022,6,33,SR-11,3,Highway estatal,Urbano,Arteria Principal,State Highway Agency,1,Sin jurisdiccion especial,99998,42.69750278,-87.85664167,Vehiculo en movimiento,Angulo,Not an Intersection,No fue interseccion,Sobre calle,Ninguna,Dia total,Nublado,No,NO APLICA,99,99,99,99,1,04/08/2022,2
55,Wisconsin,550277,0,0,2,0,133,WAUKESHA (133),3352,NEW BERLIN,8,Agosto,3,2022,9,51,GRANGE AVE W,6,Calle Local Municipalidad,Urbano,Arteria Menor,City or Municipal Highway Agency,0,Sin jurisdiccion especial,0,42.94436389,-88.09945833,Vehiculo en movimiento,Frente a Detrás,Not an Intersection,No fue interseccion,Sobre calle,Ninguna,Dia total,Nublado,No,NO APLICA,9,52,9,59,1,03/08/2022,4
55,Wisconsin,550278,1,1,1,0,81,MONROE (81),0,NO APLICA,8,Agosto,1,2022,19,42,SR-71,3,Highway estatal,Rural,Colector Mayor,State Highway Agency,0,Sin jurisdiccion especial,99998,44.06506111,-90.89128611,Peaton,El primer evento no fue una colision con un vehiculo automotor en transporte,Not an Intersection,No fue interseccion,Sobre calle,Ninguna,Dia total,Despejado,No,NO APLICA,19,44,19,54,1,01/08/2022,2
55,Wisconsin,550279,0,0,3,0,87,OUTAGAMIE (87),3390,NEW LONDON,8,Agosto,5,2022,16,24,US-45,2,US Highway,Urbano,Arteria Principal,State Highway Agency,1,Sin jurisdiccion especial,99998,44.38883611,-88.72081111,Vehiculo en movimiento,Angulo,Not an Intersection,No fue interseccion,Sobre calle,Ninguna,Dia total,Despejado,No,NO APLICA,16,30,16,30,1,05/08/2022,5
55,Wisconsin,550280,0,0,1,0,45,GREEN (45),0,NO APLICA,8,Agosto,1,2022,13,6,SR-39,3,Highway estatal,Rural,Arteria Menor,State Highway Agency,0,Sin jurisdiccion especial,99998,42.84273333,-89.7891,Zanja,El primer evento no fue una colision con un vehiculo automotor en transporte,Not an Intersection,No fue interseccion,Sobre el lado de la calle,Ninguna,Dia total,Despejado,No,NO APLICA,13,22,99,99,1,01/08/2022,1
55,Wisconsin,550281,0,0,2,0,123,VERNON (123),0,NO APLICA,8,Agosto,3,2022,12,38,SR-27,3,Highway estatal,Rural,Arteria Principal,State Highway Agency,1,Sin jurisdiccion especial,99998,43.665875,-90.84557222,Vehiculo en movimiento,Frente a Detrás,Not an Intersection,No fue interseccion,Sobre calle,Ninguna,Dia total,Despejado,No,NO APLICA,99,99,99,99,1,03/08/2022,2
55,Wisconsin,550282,0,0,1,0,63,LA CROSSE (63),0,NO APLICA,8,Agosto,8,2022,20,34,CR-Z,4,Calle del Condado,Urbano,Colector Mayor,County Highway Agency,0,Sin jurisdiccion especial,0,43.93788611,-91.28900556,Zanja,El primer evento no fue una colision con un vehiculo automotor en transporte,Not an Intersection,No fue interseccion,Sobre el lado de la calle,Ninguna,Atardecer,Despejado,No,NO APLICA,20,34,99,99,1,08/08/2022,1
55,Wisconsin,550283,0,0,1,0,17,CHIPPEWA (17),0,NO APLICA,7,Julio,30,2022,16,48,CR-X,4,Calle del Condado,Rural,Colector Mayor,County Highway Agency,0,Sin jurisdiccion especial,99998,44.92963889,-91.24002222,Objeto desconocido no fijo,El primer evento no fue una colision con un vehiculo automotor en transporte,Not an Intersection,No fue interseccion,Sobre el lado de la calle,Ninguna,Dia total,Nublado,No,NO APLICA,16,48,16,57,1,30/07/2022,1
55,Wisconsin,550284,0,0,1,0,125,VILAS (125),0,NO APLICA,8,Agosto,7,2022,20,25,CR-N,4,Calle del Condado,Rural,Colector Mayor,County Highway Agency,0,Sin jurisdiccion especial,0,45.98613333,-89.49725278,Arbol,El primer evento no fue una colision con un vehiculo automotor en transporte,Not an Intersection,No fue interseccion,Sobre el lado de la calle,Ninguna,Atardecer,Despejado,No,NO APLICA,20,41,20,41,1,07/08/2022,1
55,Wisconsin,550285,0,0,1,0,111,SAUK (111),0,NO APLICA,8,Agosto,10,2022,16,30,STONE CHURCH RD,5,Calle Local - Pueblo,Rural,Local,Town or Township Highway Agency,0,Sin jurisdiccion especial,0,43.42530833,-89.97525556,Otro objeto (fijo),El primer evento no fue una colision con un vehiculo automotor en transporte,Not an Intersection,No fue interseccion,Sobre el lado de la calle,"Zona de trabajo, tipo desconocido",Dia total,Despejado,No,NO APLICA,99,99,99,99,1,10/08/2022,1
55,Wisconsin,550286,0,0,1,0,133,WAUKESHA (133),0,NO APLICA,8,Agosto,9,2022,4,54,SR-67,3,Highway estatal,Urbano,Arteria Principal,State Highway Agency,0,Sin jurisdiccion especial,99998,43.00446667,-88.46296111,Arbol,El primer evento no fue una colision con un vehiculo automotor en transporte,Not an Intersection,No fue interseccion,Sobre el lado de la calle,Ninguna,Amanecer,Neblina o Humo,No,NO APLICA,4,53,5,0,1,09/08/2022,1
55,Wisconsin,550287,0,0,1,0,27,DODGE (27),0,NO APLICA,8,Agosto,9,2022,17,18,SR-16,3,Highway estatal,Urbano,Arteria Principal,State Highway Agency,1,Sin jurisdiccion especial,99998,43.21965556,-88.75021667,Volcadura,El primer evento no fue una colision con un vehiculo automotor en transporte,Not an Intersection,No fue interseccion,Gore?,Ninguna,Dia total,Despejado,No,NO APLICA,17,19,17,29,1,09/08/2022,1
55,Wisconsin,550288,0,0,1,0,19,CLARK (19),0,NO APLICA,7,Julio,27,2022,13,15,US-12,2,US Highway,Rural,Arteria Menor,State Highway Agency,0,Sin jurisdiccion especial,99998,44.53543056,-90.90245278,Poste o otros soportes,El primer evento no fue una colision con un vehiculo automotor en transporte,Four-Way Intersection,Interseccion de 4 direcciones,Sobre el lado de la calle,Ninguna,Dia total,Nublado,No,NO APLICA,99,99,99,99,1,27/07/2022,1
55,Wisconsin,550290,0,0,2,0,39,FOND DU LAC (39),0,NO APLICA,7,Julio,26,2022,16,14,CR-RP,4,Calle del Condado,Rural,Colector Mayor,County Highway Agency,0,Sin jurisdiccion especial,99998,43.84990556,-88.50423611,Vehiculo en movimiento,Angulo,Four-Way Intersection,Interseccion de 4 direcciones,Sobre calle,Ninguna,Dia total,Despejado,No,NO APLICA,16,14,16,23,1,26/07/2022,5
55,Wisconsin,550291,0,0,2,1,9,BROWN (9),1330,DE PERE,6,Junio,18,2022,17,31,RIDGEWAY DR,6,Calle Local Municipalidad,Urbano,Colector Mayor,City or Municipal Highway Agency,0,Sin jurisdiccion especial,99998,44.44625278,-88.02881389,Banqueta,El primer evento no fue una colision con un vehiculo automotor en transporte,Not an Intersection,No fue interseccion,Sobre el lado de la calle,Ninguna,Dia total,Despejado,No,NO APLICA,17,32,17,43,1,18/06/2022,1
55,Wisconsin,550292,1,1,1,0,127,WALWORTH (127),2520,LAKE GENEVA,7,Julio,19,2022,7,29,CR-H,4,Calle del Condado,Urbano,Arteria Principal,County Highway Agency,1,Sin jurisdiccion especial,99998,42.60368889,-88.43556389,Peaton,El primer evento no fue una colision con un vehiculo automotor en transporte,Not an Intersection,No fue interseccion,Sobre calle,Ninguna,Dia total,Despejado,No,NO APLICA,99,99,99,99,1,19/07/2022,1
55,Wisconsin,550293,0,0,1,0,15,CALUMET (15),0,NO APLICA,7,Julio,25,2022,99,99,CR-A,4,Calle del Condado,Rural,Colector Mayor,County Highway Agency,0,Sin jurisdiccion especial,99998,43.92428056,-88.12251667,Volcadura,El primer evento no fue una colision con un vehiculo automotor en transporte,Not an Intersection,No fue interseccion,Sobre el lado de la calle,Ninguna,Oscuro sin iluminacion,Despejado,No,NO APLICA,2,40,2,40,1,25/07/2022,3
55,Wisconsin,550294,0,0,2,0,89,OZAUKEE (89),0,NO APLICA,8,Agosto,17,2022,1,48,I-43,1,Interestatal,Urbano,Interestatal,State Highway Agency,1,Sin jurisdiccion especial,99998,43.29542222,-87.92072778,Vehiculo en movimiento,Frente a Detrás,Not an Intersection,No fue interseccion,Sobre calle,"Zona de trabajo, tipo desconocido",Oscuro sin iluminacion,Despejado,No,NO APLICA,2,0,2,15,1,17/08/2022,2
55,Wisconsin,550295,1,1,1,0,35,EAU CLAIRE (35),1470,EAU CLAIRE,8,Agosto,23,2022,7,49,FAIRFAX ST,6,Calle Local Municipalidad,Urbano,Colector Mayor,City or Municipal Highway Agency,0,Sin jurisdiccion especial,0,44.77476944,-91.46821667,Peaton,El primer evento no fue una colision con un vehiculo automotor en transporte,T-Intersection,Interseccion de T,Sobre calle,Ninguna,Dia total,Despejado,No,NO APLICA,7,50,7,56,1,23/08/2022,1
55,Wisconsin,550296,0,0,1,0,71,MANITOWOC (71),0,NO APLICA,8,Agosto,6,2022,11,53,I-43,1,Interestatal,Rural,Interestatal,State Highway Agency,1,Sin jurisdiccion especial,99998,44.30201667,-87.78291944,Zanja,El primer evento no fue una colision con un vehiculo automotor en transporte,Not an Intersection,No fue interseccion,En el medio,"Zona de trabajo, tipo desconocido",Dia total,Nublado,No,NO APLICA,11,57,12,13,1,06/08/2022,1
55,Wisconsin,550297,0,0,3,0,127,WALWORTH (127),0,NO APLICA,8,Agosto,14,2022,17,5,SR-11,3,Highway estatal,Rural,Arteria Menor,State Highway Agency,0,Sin jurisdiccion especial,99998,42.64411944,-88.722125,Vehiculo en movimiento,Golpe Lateral - misma direccion,Not an Intersection,No fue interseccion,Sobre calle,Ninguna,Dia total,Nublado,No,NO APLICA,17,7,17,14,1,14/08/2022,8
55,Wisconsin,550298,0,0,2,0,93,PIERCE (93),0,NO APLICA,8,Agosto,16,2022,12,40,US-63,2,US Highway,Rural,Arteria Principal,State Highway Agency,1,Sin jurisdiccion especial,99998,44.59450833,-92.53798889,Vehiculo en movimiento,Angulo,Four-Way Intersection,Interseccion de 4 direcciones,Sobre calle,Ninguna,Dia total,Despejado,No,NO APLICA,12,46,12,50,1,16/08/2022,2
55,Wisconsin,550299,0,0,1,0,79,MILWAUKEE (79),3475,SOUTH MILWAUKEE,8,Agosto,14,2022,17,58,CR-ZZ,4,Calle del Condado,Urbano,Arteria Principal,County Highway Agency,1,Sin jurisdiccion especial,0,42.93004444,-87.88366389,Banqueta,El primer evento no fue una colision con un vehiculo automotor en transporte,Roundabout,Glorieta,Sobre el lado de la calle,Ninguna,Dia total,Nublado,No,NO APLICA,17,58,18,3,1,14/08/2022,1
55,Wisconsin,550300,0,0,2,0,79,MILWAUKEE (79),3100,MILWAUKEE,8,Agosto,16,2022,1,12,N 32ND ST,6,Calle Local Municipalidad,Urbano,Arteria Menor,City or Municipal Highway Agency,0,Sin jurisdiccion especial,0,43.10174167,-87.95298611,Poste,El primer evento no fue una colision con un vehiculo automotor en transporte,Not an Intersection,No fue interseccion,Sobre el lado de la calle,Ninguna,Oscuro con iluminacion,Despejado,No,NO APLICA,99,99,99,99,1,16/08/2022,2
55,Wisconsin,550301,1,1,1,0,79,MILWAUKEE (79),3100,MILWAUKEE,8,Agosto,11,2022,3,34,N 64TH ST,6,Calle Local Municipalidad,Urbano,Colector Mayor,City or Municipal Highway Agency,0,Sin jurisdiccion especial,0,43.12118056,-87.99091944,Peaton,El primer evento no fue una colision con un vehiculo automotor en transporte,Four-Way Intersection,Interseccion de 4 direcciones,Sobre calle,Ninguna,Oscuro con iluminacion,Nublado,No,NO APLICA,99,99,99,99,1,11/08/2022,1
55,Wisconsin,550302,0,0,2,0,95,POLK (95),0,NO APLICA,8,Agosto,8,2022,14,25,SR-87,3,Highway estatal,Rural,Arteria Menor,State Highway Agency,0,Sin jurisdiccion especial,99998,45.44418333,-92.64223889,Vehiculo en movimiento,Frente a Detrás,T-Intersection,Interseccion de T,Sobre calle,Ninguna,Dia total,Despejado,No,NO APLICA,14,26,14,35,1,08/08/2022,2
55,Wisconsin,550303,0,0,1,0,49,IOWA (49),0,NO APLICA,8,Agosto,18,2022,99,99,CR-K,4,Calle del Condado,Rural,Colector Mayor,County Highway Agency,0,Sin jurisdiccion especial,0,43.14550556,-89.84431944,Acotamiento,El primer evento no fue una colision con un vehiculo automotor en transporte,Not an Intersection,No fue interseccion,Sobre el lado de la calle,Ninguna,Dia total,Despejado,No,NO APLICA,15,24,15,32,1,18/08/2022,1
55,Wisconsin,550304,0,0,1,0,139,WINNEBAGO (139),0,NO APLICA,8,Agosto,4,2022,9,15,US-45 RAMP,2,US Highway,Rural,Arteria Principal,State Highway Agency,1,Sin jurisdiccion especial,99998,44.23209722,-88.73662222,Volcadura,El primer evento no fue una colision con un vehiculo automotor en transporte,Not an Intersection,No fue interseccion,Sobre Acotamiento,Ninguna,Dia total,Despejado,No,NO APLICA,99,99,99,99,1,04/08/2022,1
55,Wisconsin,550305,0,0,3,0,79,MILWAUKEE (79),3100,MILWAUKEE,7,Julio,28,2022,17,24,N 35TH ST,6,Calle Local Municipalidad,Urbano,Arteria Menor,City or Municipal Highway Agency,0,Sin jurisdiccion especial,99998,43.03861389,-87.95771944,Vehiculo en movimiento,Angulo,Four-Way Intersection,Interseccion de 4 direcciones,Sobre calle,Ninguna,Dia total,Despejado,No,NO APLICA,99,99,99,99,1,28/07/2022,3
55,Wisconsin,550306,0,0,1,0,39,FOND DU LAC (39),0,NO APLICA,8,Agosto,21,2022,2,28,CR-W,4,Calle del Condado,Rural,Colector Mayor,County Highway Agency,0,Sin jurisdiccion especial,0,43.83347778,-88.27577222,Poste de Señal de trafico,El primer evento no fue una colision con un vehiculo automotor en transporte,Y-Intersection,Interseccion de Y,Sobre el lado de la calle,Ninguna,Oscuro sin iluminacion,Neblina o Humo,No,NO APLICA,2,37,2,45,1,21/08/2022,1
55,Wisconsin,550307,0,0,1,0,137,WAUSHARA (137),0,NO APLICA,8,Agosto,21,2022,3,29,5TH AVE,5,Calle Local - Pueblo,Rural,Colector Mayor,Town or Township Highway Agency,0,Sin jurisdiccion especial,0,44.21215556,-89.52214722,Zanja,El primer evento no fue una colision con un vehiculo automotor en transporte,Not an Intersection,No fue interseccion,Sobre el lado de la calle,Ninguna,Oscuro sin iluminacion,Neblina o Humo,No,NO APLICA,3,30,3,40,1,21/08/2022,1
55,Wisconsin,550308,0,0,2,0,101,RACINE (101),4170,ROCHESTER,8,Agosto,16,2022,15,48,CR-A PLANK RD,4,Calle del Condado,Rural,Colector Mayor,County Highway Agency,0,Sin jurisdiccion especial,0,42.71552778,-88.19336667,Vehiculo en movimiento,Angulo,Four-Way Intersection,Interseccion de 4 direcciones,Sobre calle,Ninguna,Dia total,Despejado,No,NO APLICA,99,99,99,99,1,16/08/2022,3
55,Wisconsin,550309,0,0,1,0,89,OZAUKEE (89),1950,GRAFTON,8,Agosto,23,2022,18,0,I-43,1,Interestatal,Urbano,Interestatal,State Highway Agency,1,Sin jurisdiccion especial,99998,43.31810833,-87.91955278,Valla para choques,El primer evento no fue una colision con un vehiculo automotor en transporte,Not an Intersection,No fue interseccion,Gore?,"Zona de trabajo, tipo desconocido",Dia total,Nublado,No,NO APLICA,18,12,18,15,1,23/08/2022,1