Estado,Nombre de Estado,Numero de Caso,Peatones,Personas _no_vehiculos,Vehiculos automotores,Vehiculos estacionados,Condado,Nombre Condado,Ciudad,Nombre Ciudad,Mes,Nombre Mes,Dia,Año,Hora,Minuto,Calle,Ruta,Nombre Ruta,Rural o Urbanoo,Sistema Funcional,Dueño Calle,Sistema Nacional Carreteras,Jurisdiccion Especial,Milla,Latitud,Longitud,Causa del Accidente,Tipo de Accidente,Tipo Interseccion,Columna1,Lugar en la calle,Zona de Trabajo,Luz,Clima,Autobus Escolar,Cruce de Trenes,Hora Notificacion,Minuto Notificacion,Hora Llegada,Minuto Llegada,Decesos,Fecha,PersonaVehiculo
55,Wisconsin,550310,0,0,3,0,1,ADAMS (1),0,NO APLICA,8,Agosto,22,2022,15,24,SR-21,3,Highway estatal,Rural,Arteria Principal,State Highway Agency,1,Sin jurisdiccion especial,99998,44.0393,-89.93783056,Vehiculo en movimiento,Angulo,Four-Way Intersection,Interseccion de 4 direcciones,Sobre calle,Ninguna,Dia total,Nublado,No,NO APLICA,15,27,15,42,3,22/08/2022,3
55,Wisconsin,550311,0,0,1,0,81,MONROE (81),4530,SPARTA,8,Agosto,25,2022,21,32,CR-BC,4,Calle del Condado,Rural,Colector Menor,County Highway Agency,0,Sin jurisdiccion especial,99998,43.97488889,-90.89515278,Arbol,El primer evento no fue una colision con un vehiculo automotor en transporte,T-Intersection,Interseccion de T,Sobre el lado de la calle,Ninguna,Oscuro sin iluminacion,Despejado,No,NO APLICA,22,53,23,1,1,25/08/2022,1
55,Wisconsin,550312,0,0,3,0,115,SHAWANO (115),0,NO APLICA,8,Agosto,23,2022,12,19,SR-29,3,Highway estatal,Rural,Arteria Principal,State Highway Agency,1,Sin jurisdiccion especial,99998,44.78608333,-88.66445833,Vehiculo en movimiento,Angulo,"Five Point, or More",5 Puntos o mas,Sobre calle,Ninguna,Dia total,Despejado,No,NO APLICA,12,22,12,25,1,23/08/2022,3
55,Wisconsin,550313,0,0,1,0,79,MILWAUKEE (79),3100,MILWAUKEE,8,Agosto,21,2022,2,33,S 35TH ST,6,Calle Local Municipalidad,Urbano,Arteria Menor,City or Municipal Highway Agency,0,Sin jurisdiccion especial,0,43.02961667,-87.95772778,Alguien se cayo/avento del vehiculo,El primer evento no fue una colision con un vehiculo automotor en transporte,Not an Intersection,No fue interseccion,Sobre calle,Ninguna,Oscuro con iluminacion,Neblina o Humo,No,NO APLICA,99,99,99,99,1,21/08/2022,5
55,Wisconsin,550314,0,0,1,0,133,WAUKESHA (133),3740,PEWAUKEE,8,Agosto,30,2022,0,53,SR-16,3,Highway estatal,Urbano,Arterial Principal -Freeway o ExpressWay,State Highway Agency,1,Sin jurisdiccion especial,99998,43.09088333,-88.25592778,Poste de Señal de trafico,El primer evento no fue una colision con un vehiculo automotor en transporte,Not an Intersection,No fue interseccion,En el medio,Ninguna,Oscuro sin iluminacion,Despejado,No,NO APLICA,99,99,99,99,1,30/08/2022,1
55,Wisconsin,550315,0,0,1,0,9,BROWN (9),2000,GREEN BAY,8,Agosto,7,2022,7,15,I-43,1,Interestatal,Urbano,Interestatal,State Highway Agency,1,Sin jurisdiccion especial,99998,44.50251667,-87.93699167,Fin de valla,El primer evento no fue una colision con un vehiculo automotor en transporte,Not an Intersection,No fue interseccion,Sobre el lado de la calle,Ninguna,Dia total,lluvia,No,NO APLICA,99,99,99,99,2,07/08/2022,3
55,Wisconsin,550316,0,0,3,0,59,KENOSHA (59),0,NO APLICA,8,Agosto,30,2022,18,45,CR-H,4,Calle del Condado,Urbano,Arteria Menor,County Highway Agency,0,Sin jurisdiccion especial,99998,42.60382778,-87.91509444,Vehiculo en movimiento,Angulo,Four-Way Intersection,Interseccion de 4 direcciones,Sobre calle,Ninguna,Dia total,Despejado,No,NO APLICA,18,47,18,51,1,30/08/2022,3
55,Wisconsin,550317,0,0,1,0,59,KENOSHA (59),0,NO APLICA,8,Agosto,31,2022,12,38,CR-K,4,Calle del Condado,Rural,Colector Mayor,County Highway Agency,0,Sin jurisdiccion especial,99998,42.58269722,-88.00182222,Culvert,El primer evento no fue una colision con un vehiculo automotor en transporte,Not an Intersection,No fue interseccion,Sobre el lado de la calle,Ninguna,Dia total,Despejado,No,NO APLICA,12,39,12,49,1,31/08/2022,1
55,Wisconsin,550318,0,0,1,0,25,DANE (25),2780,MADISON,8,Agosto,30,2022,13,30,I-39,1,Interestatal,Urbano,Interestatal,State Highway Agency,1,Sin jurisdiccion especial,99998,43.05028056,-89.278525,Alguien se cayo/avento del vehiculo,El primer evento no fue una colision con un vehiculo automotor en transporte,Not an Intersection,No fue interseccion,Sobre calle,Ninguna,Dia total,Despejado,No,NO APLICA,13,45,13,49,1,30/08/2022,1
55,Wisconsin,550319,0,0,1,0,133,WAUKESHA (133),3040,MERTON,9,Septiembre,1,2022,0,12,HUNTINGTON ST,6,Calle Local Municipalidad,Urbano,Local,City or Municipal Highway Agency,0,Sin jurisdiccion especial,0,43.14618611,-88.31271111,Volcadura,El primer evento no fue una colision con un vehiculo automotor en transporte,Not an Intersection,No fue interseccion,Sobre calle,Ninguna,Oscuro sin iluminacion,Despejado,No,NO APLICA,0,13,0,19,1,01/09/2022,2
55,Wisconsin,550320,0,0,2,1,71,MANITOWOC (71),0,NO APLICA,8,Agosto,31,2022,20,10,I-43,1,Interestatal,Rural,Interestatal,State Highway Agency,1,Sin jurisdiccion especial,99998,43.92254167,-87.76530833,Vehiculo Aparcado,El primer evento no fue una colision con un vehiculo automotor en transporte,Not an Intersection,No fue interseccion,Sobre el lado de la calle,Ninguna,Oscuro sin iluminacion,Despejado,No,NO APLICA,20,10,20,17,1,31/08/2022,1
55,Wisconsin,550321,0,0,2,1,79,MILWAUKEE (79),3100,MILWAUKEE,8,Agosto,25,2022,23,50,SR-38,3,Highway estatal,Urbano,Arteria Menor,State Highway Agency,0,Sin jurisdiccion especial,99998,43.01451389,-87.91845833,Vehiculo Aparcado,El primer evento no fue una colision con un vehiculo automotor en transporte,Not an Intersection,No fue interseccion,Sobre el lado de la calle,Ninguna,Oscuro con iluminacion,Nublado,No,NO APLICA,99,99,99,99,1,25/08/2022,1
55,Wisconsin,550322,0,0,1,0,79,MILWAUKEE (79),3100,MILWAUKEE,8,Agosto,21,2022,11,40,N SHERMAN BLVD,6,Calle Local Municipalidad,Urbano,Arteria Principal,City or Municipal Highway Agency,1,Sin jurisdiccion especial,0,43.11639444,-87.96682222,Arbol,El primer evento no fue una colision con un vehiculo automotor en transporte,Not an Intersection,No fue interseccion,Sobre el lado de la calle,Ninguna,Dia total,Despejado,No,NO APLICA,99,99,99,99,1,21/08/2022,1
55,Wisconsin,550323,0,0,3,0,11,BUFFALO (11),0,NO APLICA,8,Agosto,10,2022,17,0,SR-35,3,Highway estatal,Rural,Arteria Menor,State Highway Agency,0,Sin jurisdiccion especial,99998,44.18231389,-91.76950278,Vehiculo en movimiento,Frente a Detrás,T-Intersection,Interseccion de T,Sobre calle,Ninguna,Dia total,Despejado,No,NO APLICA,99,99,99,99,1,10/08/2022,5
55,Wisconsin,550324,0,0,2,0,139,WINNEBAGO (139),3620,OSHKOSH,8,Agosto,31,2022,15,1,WITZEL AVE,6,Calle Local Municipalidad,Urbano,Arteria Menor,City or Municipal Highway Agency,0,Sin jurisdiccion especial,99998,44.01834167,-88.58106944,Vehiculo en movimiento,Angulo,Roundabout,Glorieta,Sobre calle,Ninguna,Dia total,Despejado,No,NO APLICA,15,2,15,5,1,31/08/2022,3
55,Wisconsin,550325,0,0,1,0,95,POLK (95),0,NO APLICA,8,Agosto,26,2022,20,40,SR-65,3,Highway estatal,Rural,Arteria Menor,State Highway Agency,0,Sin jurisdiccion especial,99998,45.38881111,-92.48946389,Animal vivo,El primer evento no fue una colision con un vehiculo automotor en transporte,Not an Intersection,No fue interseccion,Sobre calle,Ninguna,Oscuro sin iluminacion,Despejado,No,NO APLICA,99,99,99,99,1,26/08/2022,1
55,Wisconsin,550326,0,0,2,0,79,MILWAUKEE (79),2015,GREENFIELD,8,Agosto,18,2022,15,52,I-41,1,Interestatal,Urbano,Interestatal,State Highway Agency,1,Sin jurisdiccion especial,99998,42.96271389,-87.95110556,Vehiculo en movimiento,Frente a Detrás,Not an Intersection,No fue interseccion,Sobre calle,Ninguna,Dia total,Despejado,No,NO APLICA,15,56,16,2,1,18/08/2022,2
55,Wisconsin,550327,0,0,1,0,7,BAYFIELD (7),0,NO APLICA,8,Agosto,30,2022,99,99,CR-C,4,Calle del Condado,Rural,Colector Mayor,County Highway Agency,0,Sin jurisdiccion especial,99998,46.85198056,-91.09282778,Arbol,El primer evento no fue una colision con un vehiculo automotor en transporte,Not an Intersection,No fue interseccion,Sobre el lado de la calle,Ninguna,Oscuro sin iluminacion,Despejado,No,NO APLICA,2,45,3,15,1,30/08/2022,1
55,Wisconsin,550328,1,1,1,0,73,MARATHON (73),5110,WAUSAU,9,Septiembre,1,2022,15,45,N 10TH ST,6,Calle Local Municipalidad,Urbano,Colector Mayor,City or Municipal Highway Agency,0,Sin jurisdiccion especial,0,44.95686667,-89.61509444,Ciclista,El primer evento no fue una colision con un vehiculo automotor en transporte,Four-Way Intersection,Interseccion de 4 direcciones,Sobre calle,Ninguna,Dia total,Nublado,No,NO APLICA,15,45,15,50,1,01/09/2022,2
55,Wisconsin,550329,0,0,2,0,25,DANE (25),4720,SUN PRAIRIE,8,Agosto,20,2022,20,25,REINER RD,6,Calle Local Municipalidad,Urbano,Arteria Menor,City or Municipal Highway Agency,0,Sin jurisdiccion especial,0,43.1522,-89.265525,Vehiculo en movimiento,Angulo,T-Intersection,Interseccion de T,Sobre calle,Ninguna,Oscuro - iluminacion desconocida,Nublado,No,NO APLICA,20,25,20,34,2,20/08/2022,4
55,Wisconsin,550330,0,0,1,0,25,DANE (25),0,NO APLICA,9,Septiembre,5,2022,3,6,US-151,2,US Highway,Rural,Arterial Principal -Freeway o ExpressWay,State Highway Agency,1,Sin jurisdiccion especial,99998,43.22796944,-89.159375,Arbol,El primer evento no fue una colision con un vehiculo automotor en transporte,Not an Intersection,No fue interseccion,En el medio,Ninguna,Oscuro sin iluminacion,Nublado,No,NO APLICA,3,9,3,15,1,05/09/2022,1
55,Wisconsin,550331,0,0,2,0,7,BAYFIELD (7),0,NO APLICA,9,Septiembre,2,2022,19,18,SR-27,3,Highway estatal,Rural,Arteria Menor,State Highway Agency,0,Sin jurisdiccion especial,99998,46.34546944,-91.54649722,Vehiculo en movimiento,Angulo,Four-Way Intersection,Interseccion de 4 direcciones,Sobre calle,Ninguna,Dia total,Despejado,No,NO APLICA,19,34,99,99,1,02/09/2022,5
55,Wisconsin,550332,0,0,2,0,89,OZAUKEE (89),0,NO APLICA,9,Septiembre,8,2022,18,36,I-43,1,Interestatal,Rural,Interestatal,State Highway Agency,1,Sin jurisdiccion especial,99998,43.46539444,-87.83129167,Vehiculo en movimiento,Frente a frente,Not an Intersection,No fue interseccion,Sobre calle,Ninguna,Dia total,Despejado,No,NO APLICA,99,99,99,99,2,08/09/2022,2
55,Wisconsin,550333,0,0,2,0,123,VERNON (123),0,NO APLICA,9,Septiembre,4,2022,16,48,SR-131,3,Highway estatal,Rural,Arteria Menor,State Highway Agency,0,Sin jurisdiccion especial,99998,43.46648056,-90.71725278,Vehiculo en movimiento,Frente a frente,Not an Intersection,No fue interseccion,Sobre calle,Ninguna,Dia total,Despejado,No,NO APLICA,16,54,17,1,1,04/09/2022,4
55,Wisconsin,550334,0,0,2,0,63,LA CROSSE (63),2190,HOLMEN,9,Septiembre,11,2022,16,11,US-53,2,US Highway,Urbano,Arterial Principal -Freeway o ExpressWay,State Highway Agency,1,Sin jurisdiccion especial,99998,43.94904444,-91.26931389,Barrera de Cable,El primer evento no fue una colision con un vehiculo automotor en transporte,Not an Intersection,No fue interseccion,En el medio,Ninguna,Dia total,Nublado,No,NO APLICA,99,99,99,98,1,11/09/2022,3
55,Wisconsin,550335,0,0,2,0,75,MARINETTE (75),0,NO APLICA,9,Septiembre,14,2022,10,44,CR-X,4,Calle del Condado,Rural,Colector Mayor,County Highway Agency,0,Sin jurisdiccion especial,0,45.28048611,-87.74957222,Vehiculo en movimiento,Angulo,Four-Way Intersection,Interseccion de 4 direcciones,Sobre calle,Ninguna,Dia total,Despejado,No,NO APLICA,11,0,11,0,1,14/09/2022,3
55,Wisconsin,550336,0,0,2,0,61,KEWAUNEE (61),0,NO APLICA,8,Agosto,6,2022,16,30,CR-AB,4,Calle del Condado,Rural,Colector Mayor,County Highway Agency,0,Sin jurisdiccion especial,99998,44.61630278,-87.71352222,Vehiculo en movimiento,Frente a Detrás,Not an Intersection,No fue interseccion,Sobre calle,Ninguna,Dia total,Nublado,No,NO APLICA,16,37,16,46,1,06/08/2022,2
55,Wisconsin,550337,0,0,2,0,101,RACINE (101),795,CALEDONIA,9,Septiembre,2,2022,18,55,SR-32,3,Highway estatal,Urbano,Arteria Principal,State Highway Agency,1,Sin jurisdiccion especial,0,42.81323889,-87.83395,Vehiculo en movimiento,Angulo,Four-Way Intersection,Interseccion de 4 direcciones,Sobre calle,Ninguna,Dia total,Despejado,No,NO APLICA,18,56,18,59,2,02/09/2022,4
55,Wisconsin,550338,0,0,2,0,103,RICHLAND (103),0,NO APLICA,9,Septiembre,9,2022,5,48,US-14,2,US Highway,Rural,Arteria Principal,State Highway Agency,1,Sin jurisdiccion especial,99998,43.29633056,-90.32525556,Vehiculo en movimiento,Frente a frente,Not an Intersection,No fue interseccion,Sobre calle,Ninguna,Oscuro sin iluminacion,Despejado,No,NO APLICA,5,48,5,59,1,09/09/2022,2
55,Wisconsin,550339,0,0,2,0,79,MILWAUKEE (79),5160,WEST ALLIS,9,Septiembre,9,2022,21,0,W NATIONAL AVE,6,Calle Local Municipalidad,Urbano,Arteria Menor,City or Municipal Highway Agency,0,Sin jurisdiccion especial,0,43.002825,-88.03094167,Banqueta,El primer evento no fue una colision con un vehiculo automotor en transporte,"Five Point, or More",5 Puntos o mas,Sobre el lado de la calle,Ninguna,Oscuro con iluminacion,Despejado,No,NO APLICA,22,50,22,55,2,09/09/2022,3
55,Wisconsin,550340,0,0,1,0,55,JEFFERSON (55),0,NO APLICA,9,Septiembre,16,2022,3,20,CR-E,4,Calle del Condado,Rural,Colector Mayor,Private (other than Railroad),0,Sin jurisdiccion especial,0,43.07859167,-88.61005556,Arbol,El primer evento no fue una colision con un vehiculo automotor en transporte,Not an Intersection,No fue interseccion,Sobre el lado de la calle,Ninguna,Oscuro sin iluminacion,Neblina o Humo,No,NO APLICA,88,88,88,88,1,16/09/2022,1
55,Wisconsin,550341,0,0,2,0,79,MILWAUKEE (79),3100,MILWAUKEE,8,Agosto,28,2022,13,18,SR-241,3,Highway estatal,Urbano,Arteria Principal,State Highway Agency,1,Sin jurisdiccion especial,99998,42.94849722,-87.94882222,Vehiculo en movimiento,Angulo,Four-Way Intersection,Interseccion de 4 direcciones,Sobre calle,Ninguna,Dia total,Nublado,No,NO APLICA,99,99,99,99,1,28/08/2022,2
55,Wisconsin,550342,0,0,1,0,73,MARATHON (73),0,NO APLICA,9,Septiembre,4,2022,21,10,SR-153,3,Highway estatal,Rural,Colector Mayor,State Highway Agency,0,Sin jurisdiccion especial,99998,44.77673889,-89.44743889,Arbol,El primer evento no fue una colision con un vehiculo automotor en transporte,Not an Intersection,No fue interseccion,Sobre el lado de la calle,Ninguna,Oscuro sin iluminacion,Despejado,No,NO APLICA,99,99,99,99,1,04/09/2022,1
55,Wisconsin,550343,0,0,2,0,17,CHIPPEWA (17),0,NO APLICA,9,Septiembre,11,2022,9,39,CR-X,5,Calle Local - Pueblo,Rural,Colector Mayor,County Highway Agency,0,Sin jurisdiccion especial,0,44.94369167,-91.16685,Vehiculo en movimiento,Angulo,T-Intersection,Interseccion de T,Sobre calle,Ninguna,Dia total,Nublado,No,NO APLICA,9,39,9,45,1,11/09/2022,2
55,Wisconsin,550344,0,0,2,0,31,DOUGLAS (31),0,NO APLICA,7,Julio,24,2022,9,40,US-53,2,US Highway,Rural,Arteria Principal,State Highway Agency,1,Sin jurisdiccion especial,99998,46.55393611,-91.86244722,Vehiculo en movimiento,Angulo,Four-Way Intersection,Interseccion de 4 direcciones,Sobre calle,Ninguna,Dia total,Despejado,No,NO APLICA,9,44,9,53,1,24/07/2022,5
55,Wisconsin,550346,0,0,2,0,141,WOOD (141),0,NO APLICA,9,Septiembre,16,2022,2,26,SR-54,3,Highway estatal,Rural,Arteria Menor,State Highway Agency,0,Sin jurisdiccion especial,99998,44.3439,-89.91003056,Vehiculo en movimiento,Frente a Detrás,Not an Intersection,No fue interseccion,Sobre calle,Ninguna,Oscuro sin iluminacion,Despejado,No,NO APLICA,2,26,2,38,1,16/09/2022,2
55,Wisconsin,550347,0,0,2,0,95,POLK (95),0,NO APLICA,9,Septiembre,11,2022,12,12,CR-G,4,Calle del Condado,Rural,Colector Menor,County Highway Agency,0,Sin jurisdiccion especial,0,45.52675,-92.60031389,Vehiculo en movimiento,Angulo,Not an Intersection,No fue interseccion,Sobre calle,Ninguna,Dia total,Despejado,No,NO APLICA,12,13,12,33,1,11/09/2022,4
55,Wisconsin,550348,0,0,1,0,105,ROCK (105),0,NO APLICA,9,Septiembre,20,2022,13,50,N CASEY RD,5,Calle Local - Pueblo,Rural,Local,Town or Township Highway Agency,0,Sin jurisdiccion especial,0,42.80969167,-89.19119167,Arbol,El primer evento no fue una colision con un vehiculo automotor en transporte,Not an Intersection,No fue interseccion,Sobre el lado de la calle,Ninguna,Dia total,Despejado,No,NO APLICA,13,50,14,9,1,20/09/2022,1
55,Wisconsin,550349,1,1,1,0,79,MILWAUKEE (79),3100,MILWAUKEE,7,Julio,31,2022,0,20,I-794,1,Interestatal,Urbano,Interestatal,State Highway Agency,1,Sin jurisdiccion especial,99998,43.03573611,-87.93088056,Peaton,El primer evento no fue una colision con un vehiculo automotor en transporte,Not an Intersection,No fue interseccion,Sobre calle,Ninguna,Oscuro con iluminacion,Despejado,No,NO APLICA,99,99,99,99,1,31/07/2022,2
55,Wisconsin,550350,0,0,1,0,69,LINCOLN (69),0,NO APLICA,9,Septiembre,19,2022,11,8,CR-A,4,Calle del Condado,Rural,Colector Mayor,County Highway Agency,0,Sin jurisdiccion especial,0,45.52072778,-89.71497778,Arbol,El primer evento no fue una colision con un vehiculo automotor en transporte,Not an Intersection,No fue interseccion,Sobre el lado de la calle,Ninguna,Dia total,Nublado,No,NO APLICA,99,99,99,99,1,19/09/2022,1
55,Wisconsin,550351,1,1,1,0,133,WAUKESHA (133),2080,HARTLAND,9,Septiembre,19,2022,11,11,MERTON AVE,6,Calle Local Municipalidad,Urbano,Arteria Menor,City or Municipal Highway Agency,0,Sin jurisdiccion especial,0,43.10528611,-88.333475,Animal vivo,El primer evento no fue una colision con un vehiculo automotor en transporte,Four-Way Intersection,Interseccion de 4 direcciones,Sobre calle,Ninguna,Dia total,Despejado,No,NO APLICA,11,13,11,17,1,19/09/2022,1
55,Wisconsin,550352,0,0,3,0,29,DOOR (29),0,NO APLICA,9,Septiembre,21,2022,14,40,SR-42,3,Highway estatal,Rural,Arteria Menor,State Highway Agency,1,Sin jurisdiccion especial,99998,44.87972778,-87.33634722,Vehiculo en movimiento,Angulo,Not an Intersection,No fue interseccion,Sobre calle,Ninguna,Dia total,Despejado,No,NO APLICA,14,42,14,47,1,21/09/2022,4
55,Wisconsin,550353,1,1,1,0,15,CALUMET (15),9997,Other,9,Septiembre,22,2022,6,59,OLD HIGHWAY RD,6,Calle Local Municipalidad,Rural,Local,City or Municipal Highway Agency,0,Sin jurisdiccion especial,0,44.20726389,-88.35762222,Ciclista,El primer evento no fue una colision con un vehiculo automotor en transporte,Not an Intersection,No fue interseccion,Sobre calle,Ninguna,Dia total,Despejado,No,NO APLICA,7,1,7,8,1,22/09/2022,1
55,Wisconsin,550354,0,0,1,0,73,MARATHON (73),0,NO APLICA,9,Septiembre,24,2022,99,99,CR-C,4,Calle del Condado,Rural,Colector Mayor,County Highway Agency,0,Sin jurisdiccion especial,0,44.74281667,-89.95730833,Culvert,El primer evento no fue una colision con un vehiculo automotor en transporte,Not an Intersection,No fue interseccion,Sobre el lado de la calle,Ninguna,Oscuro sin iluminacion,Nublado,No,NO APLICA,21,14,21,25,1,24/09/2022,1
55,Wisconsin,550355,0,0,2,0,69,LINCOLN (69),0,NO APLICA,9,Septiembre,17,2022,19,19,SR-17,3,Highway estatal,Rural,Arteria Menor,State Highway Agency,0,Sin jurisdiccion especial,99998,45.22265833,-89.59666944,Vehiculo en movimiento,Golpe Lateral - direccion contraria,Not an Intersection,No fue interseccion,Sobre calle,Ninguna,Atardecer,Despejado,No,NO APLICA,19,21,19,29,1,17/09/2022,5
55,Wisconsin,550356,1,1,1,0,21,COLUMBIA (21),0,NO APLICA,9,Septiembre,21,2022,17,10,HAYNES RD,5,Calle Local - Pueblo,Rural,Colector Menor,Town or Township Highway Agency,0,Sin jurisdiccion especial,0,43.55595556,-89.27793889,Peaton,El primer evento no fue una colision con un vehiculo automotor en transporte,Not an Intersection,No fue interseccion,Sobre calle,Ninguna,Dia total,Despejado,No,NO APLICA,17,11,17,20,1,21/09/2022,2
55,Wisconsin,550357,0,0,3,0,25,DANE (25),0,NO APLICA,9,Septiembre,21,2022,19,53,SR-19,3,Highway estatal,Rural,Arteria Menor,State Highway Agency,0,Sin jurisdiccion especial,99998,43.17312778,-89.10920556,Vehiculo en movimiento,Frente a Detrás,T-Intersection,Interseccion de T,Sobre calle,Ninguna,Atardecer,Despejado,No,NO APLICA,18,53,99,99,2,21/09/2022,4
55,Wisconsin,550358,0,0,4,0,69,LINCOLN (69),0,NO APLICA,9,Septiembre,17,2022,9,55,CR-A,4,Calle del Condado,Rural,Colector Mayor,County Highway Agency,0,Sin jurisdiccion especial,0,45.51868611,-89.71613611,Vehiculo en movimiento,Frente a Detrás,Not an Intersection,No fue interseccion,Sobre calle,Ninguna,Dia total,Despejado,No,NO APLICA,10,1,10,5,1,17/09/2022,4
55,Wisconsin,550359,0,0,2,0,1,ADAMS (1),0,NO APLICA,9,Septiembre,22,2022,7,55,CR-G,4,Calle del Condado,Rural,Colector Mayor,County Highway Agency,0,Sin jurisdiccion especial,0,43.75966944,-89.65904167,Vehiculo en movimiento,Angulo,Four-Way Intersection,Interseccion de 4 direcciones,Sobre calle,Ninguna,Dia total,Despejado,No,NO APLICA,7,58,99,99,1,22/09/2022,3
55,Wisconsin,550360,0,0,1,0,79,MILWAUKEE (79),5130,WAUWATOSA,9,Septiembre,17,2022,3,30,MENOMONEE RIVER PKWY,6,Calle Local Municipalidad,Urbano,Arteria Menor,City or Municipal Highway Agency,0,Sin jurisdiccion especial,0,43.05892778,-88.03086944,Banqueta,El primer evento no fue una colision con un vehiculo automotor en transporte,Not an Intersection,No fue interseccion,Sobre el lado de la calle,Ninguna,Oscuro con iluminacion,Despejado,No,NO APLICA,5,27,5,31,1,17/09/2022,1
55,Wisconsin,550361,0,0,2,0,59,KENOSHA (59),3656,PADDOCK LAKE,9,Septiembre,27,2022,15,24,CR-F,4,Calle del Condado,Urbano,Colector Mayor,County Highway Agency,0,Sin jurisdiccion especial,0,42.55715833,-88.12238056,Vehiculo en movimiento,Frente a frente,Not an Intersection,No fue interseccion,Sobre calle,Ninguna,Dia total,Nublado,No,NO APLICA,15,34,15,38,1,27/09/2022,2
55,Wisconsin,550362,0,0,1,0,131,WASHINGTON (131),0,NO APLICA,9,Septiembre,25,2022,2,47,CR-M,4,Calle del Condado,Rural,Colector Mayor,County Highway Agency,0,Sin jurisdiccion especial,0,43.47672778,-88.060775,Poste,El primer evento no fue una colision con un vehiculo automotor en transporte,Not an Intersection,No fue interseccion,Sobre el lado de la calle,Ninguna,Oscuro sin iluminacion,lluvia,No,NO APLICA,4,44,4,58,1,25/09/2022,1
55,Wisconsin,550363,0,0,2,0,97,PORTAGE (97),0,NO APLICA,9,Septiembre,27,2022,12,37,US-10,2,US Highway,Rural,Arteria Principal,State Highway Agency,1,Sin jurisdiccion especial,99998,44.50491944,-89.41168333,Vehiculo en movimiento,Golpe Lateral - misma direccion,Not an Intersection,No fue interseccion,Sobre calle,Ninguna,Dia total,Nublado,No,NO APLICA,12,37,12,44,1,27/09/2022,2
55,Wisconsin,550364,0,0,1,0,5,BARRON (5),0,NO APLICA,9,Septiembre,30,2022,15,7,CR-K,4,Calle del Condado,Rural,Colector Mayor,County Highway Agency,0,Sin jurisdiccion especial,0,45.22330278,-92.12564167,Animal vivo,El primer evento no fue una colision con un vehiculo automotor en transporte,Not an Intersection,No fue interseccion,Sobre calle,Ninguna,Dia total,Despejado,No,NO APLICA,99,99,99,99,1,30/09/2022,1
55,Wisconsin,550365,0,0,2,0,79,MILWAUKEE (79),3100,MILWAUKEE,1,Enero,15,2022,2,55,W LAYTON AVE,6,Calle Local Municipalidad,Urbano,Arteria Principal,City or Municipal Highway Agency,1,Sin jurisdiccion especial,99998,42.9593,-87.93257222,Vehiculo en movimiento,Angulo,Not an Intersection,No fue interseccion,Sobre calle,Ninguna,Oscuro con iluminacion,Despejado,No,NO APLICA,99,99,99,99,2,15/01/2022,4
55,Wisconsin,550366,0,0,2,0,97,PORTAGE (97),4620,STEVENS POINT,9,Septiembre,30,2022,0,26,I-39,1,Interestatal,Urbano,Interestatal,State Highway Agency,1,Sin jurisdiccion especial,99998,44.55090278,-89.58254167,Vehiculo en movimiento,Frente a frente,Not an Intersection,No fue interseccion,Sobre Acotamiento,Ninguna,Oscuro sin iluminacion,Despejado,No,NO APLICA,0,26,0,35,1,30/09/2022,2
55,Wisconsin,550367,1,1,1,0,133,WAUKESHA (133),3740,PEWAUKEE,9,Septiembre,19,2022,19,55,I-94,1,Interestatal,Urbano,Interestatal,State Highway Agency,1,Sin jurisdiccion especial,99998,43.04902778,-88.22373889,Peaton,El primer evento no fue una colision con un vehiculo automotor en transporte,Not an Intersection,No fue interseccion,Sobre calle,Ninguna,Oscuro sin iluminacion,Despejado,No,NO APLICA,99,99,99,99,1,19/09/2022,1
55,Wisconsin,550368,0,0,1,0,5,BARRON (5),0,NO APLICA,9,Septiembre,30,2022,20,35,28TH AVE CTH V LANDING,5,Calle Local - Pueblo,Rural,Local,Town or Township Highway Agency,0,Sin jurisdiccion especial,0,45.60962778,-91.60004444,Immersion total o parcial,El primer evento no fue una colision con un vehiculo automotor en transporte,Not an Intersection,No fue interseccion,Fuera de la calle,Ninguna,Oscuro sin iluminacion,Despejado,No,NO APLICA,21,43,99,99,1,30/09/2022,1
55,Wisconsin,550369,1,1,1,0,79,MILWAUKEE (79),3100,MILWAUKEE,9,Septiembre,7,2022,5,46,N TEUTONIA AVE,6,Calle Local Municipalidad,Urbano,Arteria Menor,City or Municipal Highway Agency,0,Sin jurisdiccion especial,0,43.09900556,-87.94380833,Peaton,El primer evento no fue una colision con un vehiculo automotor en transporte,Four-Way Intersection,Interseccion de 4 direcciones,Sobre calle,Ninguna,Amanecer,Nublado,No,NO APLICA,99,99,99,99,1,07/09/2022,5
55,Wisconsin,550370,1,1,1,0,79,MILWAUKEE (79),3100,MILWAUKEE,9,Septiembre,10,2022,1,48,SR-145,3,Highway estatal,Urbano,Arteria Principal,State Highway Agency,1,Sin jurisdiccion especial,99998,43.10043333,-87.9895,Peaton,El primer evento no fue una colision con un vehiculo automotor en transporte,Not an Intersection,No fue interseccion,Sobre calle,Ninguna,Oscuro con iluminacion,Despejado,No,NO APLICA,99,99,99,99,1,10/09/2022,1
55,Wisconsin,550371,1,1,1,0,79,MILWAUKEE (79),3100,MILWAUKEE,9,Septiembre,11,2022,23,54,E BRADY ST,6,Calle Local Municipalidad,Urbano,Arteria Principal,City or Municipal Highway Agency,0,Sin jurisdiccion especial,0,43.05295278,-87.89653611,Peaton,El primer evento no fue una colision con un vehiculo automotor en transporte,Not an Intersection,No fue interseccion,Sobre calle,Ninguna,Oscuro con iluminacion,lluvia,No,NO APLICA,99,99,99,99,1,11/09/2022,1
55,Wisconsin,550372,1,1,1,0,79,MILWAUKEE (79),3100,MILWAUKEE,8,Agosto,28,2022,0,34,SR-145,3,Highway estatal,Urbano,Arteria Principal,State Highway Agency,1,Sin jurisdiccion especial,99998,43.04583333,-87.91879722,Peaton,El primer evento no fue una colision con un vehiculo automotor en transporte,Not an Intersection,No fue interseccion,Sobre calle,Ninguna,Oscuro con iluminacion,Despejado,No,NO APLICA,99,99,99,99,1,28/08/2022,1