Estado,Nombre de Estado,Numero de Caso,Peatones,Personas _no_vehiculos,Vehiculos automotores,Vehiculos estacionados,Condado,Nombre Condado,Ciudad,Nombre Ciudad,Mes,Nombre Mes,Dia,Año,Hora,Minuto,Calle,Ruta,Nombre Ruta,Rural o Urbanoo,Sistema Funcional,Dueño Calle,Sistema Nacional Carreteras,Jurisdiccion Especial,Milla,Latitud,Longitud,Causa del Accidente,Tipo de Accidente,Tipo Interseccion,Columna1,Lugar en la calle,Zona de Trabajo,Luz,Clima,Autobus Escolar,Cruce de Trenes,Hora Notificacion,Minuto Notificacion,Hora Llegada,Minuto Llegada,Decesos,Fecha,PersonaVehiculo
55,Wisconsin,550373,0,0,2,0,117,SHEBOYGAN (117),4330,SHEBOYGAN,9,Septiembre,29,2022,16,57,SR-28,3,Highway estatal,Urbano,Arteria Principal,State Highway Agency,1,Sin jurisdiccion especial,99998,43.74188611,-87.72293889,Vehiculo en movimiento,Frente a Detrás,Not an Intersection,No fue interseccion,Sobre calle,Ninguna,Dia total,Despejado,No,NO APLICA,16,59,17,0,1,29/09/2022,4
55,Wisconsin,550374,1,1,1,0,79,MILWAUKEE (79),5160,WEST ALLIS,10,Octubre,1,2022,9,46,SR-59,3,Highway estatal,Urbano,Arteria Principal,State Highway Agency,1,Sin jurisdiccion especial,99998,43.01670833,-87.99428333,Ciclista,El primer evento no fue una colision con un vehiculo automotor en transporte,T-Intersection,Interseccion de T,Sobre calle,Ninguna,Dia total,Despejado,No,NO APLICA,9,47,9,49,1,01/10/2022,1
55,Wisconsin,550375,0,0,3,2,79,MILWAUKEE (79),3100,MILWAUKEE,9,Septiembre,24,2022,15,29,W HAMPTON AVE,6,Calle Local Municipalidad,Urbano,Arteria Menor,City or Municipal Highway Agency,0,Sin jurisdiccion especial,0,43.10474444,-87.98855,Vehiculo Aparcado,El primer evento no fue una colision con un vehiculo automotor en transporte,Not an Intersection,No fue interseccion,En estacionamiento,Ninguna,Dia total,Nublado,No,NO APLICA,99,99,99,99,1,24/09/2022,1
55,Wisconsin,550376,0,0,2,0,25,DANE (25),2780,MADISON,9,Septiembre,30,2022,19,51,US-12,2,US Highway,Urbano,Arterial Principal -Freeway o ExpressWay,State Highway Agency,1,Sin jurisdiccion especial,99998,43.04051111,-89.24693333,Vehiculo en movimiento,Angulo,Four-Way Intersection,Interseccion de 4 direcciones,Sobre calle,"Zona de trabajo, tipo desconocido",Oscuro sin iluminacion,Despejado,No,NO APLICA,99,99,99,99,1,30/09/2022,2
55,Wisconsin,550377,0,0,1,0,25,DANE (25),2780,MADISON,10,Octubre,2,2022,19,10,US-151,2,US Highway,Urbano,Arteria Principal,State Highway Agency,0,Sin jurisdiccion especial,99998,43.03540278,-89.39502222,Acotamiento,El primer evento no fue una colision con un vehiculo automotor en transporte,Not an Intersection,No fue interseccion,Gore?,Ninguna,Oscuro con iluminacion,Despejado,No,NO APLICA,19,17,19,22,1,02/10/2022,1
55,Wisconsin,550378,0,0,1,0,5,BARRON (5),0,NO APLICA,10,Octubre,8,2022,9,15,US-53,2,US Highway,Rural,Colector Mayor,State Highway Agency,0,Sin jurisdiccion especial,99998,45.44725278,-91.75980556,Fin de valla,El primer evento no fue una colision con un vehiculo automotor en transporte,Not an Intersection,No fue interseccion,En el medio,Ninguna,Dia total,Despejado,No,NO APLICA,99,99,99,99,1,08/10/2022,1
55,Wisconsin,550379,1,1,1,0,71,MANITOWOC (71),0,NO APLICA,10,Octubre,1,2022,20,51,CR-X,4,Calle del Condado,Rural,Colector Mayor,County Highway Agency,0,Sin jurisdiccion especial,0,43.94976389,-88.02488889,Peaton,El primer evento no fue una colision con un vehiculo automotor en transporte,Not an Intersection,No fue interseccion,Sobre calle,Ninguna,Oscuro sin iluminacion,Despejado,No,NO APLICA,20,53,21,5,1,01/10/2022,4
55,Wisconsin,550380,0,0,1,0,101,RACINE (101),9997,Other,10,Octubre,2,2022,22,16,SR-11,3,Highway estatal,Rural,Arteria Principal,State Highway Agency,1,Sin jurisdiccion especial,99998,42.68131944,-88.02119167,Volcadura,El primer evento no fue una colision con un vehiculo automotor en transporte,Not an Intersection,No fue interseccion,Sobre el lado de la calle,Ninguna,Oscuro sin iluminacion,Nublado,No,NO APLICA,22,16,22,21,1,02/10/2022,2
55,Wisconsin,550381,0,0,2,0,79,MILWAUKEE (79),3100,MILWAUKEE,8,Agosto,12,2022,19,21,SR-145 W FOND DU LAC AVE,3,Highway estatal,Urbano,Arteria Principal,State Highway Agency,1,Sin jurisdiccion especial,99998,43.09712222,-87.98562778,Vehiculo en movimiento,Angulo,Four-Way Intersection,Interseccion de 4 direcciones,Sobre calle,Ninguna,Dia total,Despejado,No,NO APLICA,99,99,99,99,1,12/08/2022,3
55,Wisconsin,550382,0,0,2,0,79,MILWAUKEE (79),3100,MILWAUKEE,10,Octubre,5,2022,20,57,SR-175 W APPLETON AVE,3,Highway estatal,Urbano,Arteria Principal,State Highway Agency,1,Sin jurisdiccion especial,99998,43.11029167,-88.02273889,Vehiculo en movimiento,Golpe Lateral - misma direccion,Not an Intersection,No fue interseccion,Sobre calle,Ninguna,Oscuro con iluminacion,Nublado,No,NO APLICA,99,99,99,99,1,05/10/2022,3
55,Wisconsin,550383,0,0,1,0,83,OCONTO (83),0,NO APLICA,10,Octubre,7,2022,23,9,OLD 22 RD,5,Calle Local - Pueblo,Rural,Local,Town or Township Highway Agency,0,Sin jurisdiccion especial,0,44.8758,-88.32601389,Arbol,El primer evento no fue una colision con un vehiculo automotor en transporte,Not an Intersection,No fue interseccion,Sobre el lado de la calle,Ninguna,Oscuro sin iluminacion,Despejado,No,NO APLICA,99,99,99,99,1,07/10/2022,1
55,Wisconsin,550384,1,1,1,0,105,ROCK (105),2320,JANESVILLE,9,Septiembre,28,2022,15,17,E MEMORIAL DR,6,Calle Local Municipalidad,Urbano,Arteria Menor,City or Municipal Highway Agency,0,Sin jurisdiccion especial,0,42.69366111,-89.01748333,Peaton,El primer evento no fue una colision con un vehiculo automotor en transporte,Four-Way Intersection,Interseccion de 4 direcciones,Sobre calle,Ninguna,Dia total,Nublado,No,NO APLICA,15,19,15,22,1,28/09/2022,1
55,Wisconsin,550385,0,0,2,0,15,CALUMET (15),9997,Other,9,Septiembre,27,2022,7,35,SR-114,3,Highway estatal,Urbano,Arteria Principal,State Highway Agency,0,Sin jurisdiccion especial,99998,44.196225,-88.30367778,Vehiculo en movimiento,Angulo,Four-Way Intersection,Interseccion de 4 direcciones,Sobre calle,Ninguna,Dia total,Despejado,No,NO APLICA,7,36,99,99,1,27/09/2022,2
55,Wisconsin,550386,0,0,1,0,25,DANE (25),0,NO APLICA,10,Octubre,2,2022,21,33,SR-19,3,Highway estatal,Rural,Arteria Menor,State Highway Agency,0,Sin jurisdiccion especial,99998,43.17160278,-89.12967222,Edificio,El primer evento no fue una colision con un vehiculo automotor en transporte,T-Intersection,Interseccion de T,Sobre el lado de la calle,Ninguna,Oscuro sin iluminacion,Despejado,No,NO APLICA,21,33,21,44,1,02/10/2022,1
55,Wisconsin,550387,0,0,2,0,25,DANE (25),0,NO APLICA,10,Octubre,4,2022,16,44,US-12,2,US Highway,Rural,Colector Mayor,State Highway Agency,0,Sin jurisdiccion especial,99998,43.26282222,-89.71172778,Vehiculo en movimiento,Angulo,Four-Way Intersection,Interseccion de 4 direcciones,Sobre calle,Ninguna,Dia total,Despejado,No,NO APLICA,99,99,99,99,1,04/10/2022,2
55,Wisconsin,550388,0,0,2,0,105,ROCK (105),0,NO APLICA,10,Octubre,7,2022,18,13,SR-59,3,Highway estatal,Rural,Arteria Menor,State Highway Agency,0,Sin jurisdiccion especial,99998,42.8014,-88.79555556,Vehiculo en movimiento,Angulo,Not an Intersection,No fue interseccion,Sobre calle,Ninguna,Atardecer,Despejado,No,NO APLICA,18,19,18,24,1,07/10/2022,2
55,Wisconsin,550389,0,0,1,0,97,PORTAGE (97),0,NO APLICA,10,Octubre,10,2022,10,21,I-39,1,Interestatal,Rural,Interestatal,State Highway Agency,1,Sin jurisdiccion especial,99998,44.57465556,-89.60160833,Zanja,El primer evento no fue una colision con un vehiculo automotor en transporte,Not an Intersection,No fue interseccion,Sobre el lado de la calle,Ninguna,Dia total,Despejado,No,NO APLICA,10,26,10,32,1,10/10/2022,2
55,Wisconsin,550390,0,0,1,0,5,BARRON (5),0,NO APLICA,10,Octubre,10,2022,19,0,16 1/2 AVE,5,Calle Local - Pueblo,Rural,Colector Menor,Town or Township Highway Agency,0,Sin jurisdiccion especial,0,45.44441667,-91.75008611,Zanja,El primer evento no fue una colision con un vehiculo automotor en transporte,Not an Intersection,No fue interseccion,Sobre el lado de la calle,Ninguna,Atardecer,Despejado,No,NO APLICA,99,99,99,99,2,10/10/2022,4
55,Wisconsin,550391,0,0,2,0,127,WALWORTH (127),0,NO APLICA,10,Octubre,3,2022,17,46,CR-C,4,Calle del Condado,Rural,Colector Menor,County Highway Agency,0,Sin jurisdiccion especial,0,42.49251944,-88.74699722,Vehiculo en movimiento,Angulo,T-Intersection,Interseccion de T,Sobre calle,Ninguna,Dia total,Otro,No,NO APLICA,99,99,99,99,1,03/10/2022,3
55,Wisconsin,550392,1,1,1,0,79,MILWAUKEE (79),3100,MILWAUKEE,10,Octubre,6,2022,17,55,N 16TH ST,6,Calle Local Municipalidad,Urbano,Arteria Menor,City or Municipal Highway Agency,0,Sin jurisdiccion especial,0,43.03155278,-87.93298056,Banqueta,El primer evento no fue una colision con un vehiculo automotor en transporte,Not an Intersection,No fue interseccion,Sobre el lado de la calle,Ninguna,Dia total,Despejado,No,NO APLICA,99,99,99,99,3,06/10/2022,3
55,Wisconsin,550393,0,0,2,0,79,MILWAUKEE (79),3100,MILWAUKEE,5,Mayo,11,2022,1,50,I-43,1,Interestatal,Urbano,Interestatal,State Highway Agency,1,Sin jurisdiccion especial,99998,42.99341667,-87.91499722,Vehiculo en movimiento,Frente a frente,Not an Intersection,No fue interseccion,Sobre calle,Ninguna,Oscuro con iluminacion,Despejado,No,NO APLICA,99,99,99,99,2,11/05/2022,2
55,Wisconsin,550394,0,0,2,0,123,VERNON (123),0,NO APLICA,5,Mayo,26,2022,14,47,CR-V,4,Calle del Condado,Rural,Colector Mayor,County Highway Agency,0,Sin jurisdiccion especial,99998,43.67468056,-90.45606389,Vehiculo en movimiento,Angulo,Not an Intersection,No fue interseccion,Sobre el lado de la calle,Ninguna,Dia total,Nublado,No,NO APLICA,14,50,15,5,1,26/05/2022,4
55,Wisconsin,550395,0,0,3,0,11,BUFFALO (11),0,NO APLICA,5,Mayo,31,2022,15,2,SR-25,3,Highway estatal,Rural,Arteria Principal,State Highway Agency,1,Sin jurisdiccion especial,99998,44.3882,-92.03065556,Vehiculo en movimiento,Frente a frente,Not an Intersection,No fue interseccion,Sobre calle,Ninguna,Dia total,Despejado,No,NO APLICA,15,99,15,5,1,31/05/2022,3
55,Wisconsin,550396,1,1,1,0,101,RACINE (101),3970,RACINE,9,Septiembre,11,2022,19,5,SR-20,3,Highway estatal,Urbano,Arteria Principal,State Highway Agency,1,Sin jurisdiccion especial,99998,42.71430278,-87.80398611,Peaton,El primer evento no fue una colision con un vehiculo automotor en transporte,Not an Intersection,No fue interseccion,Sobre calle,Ninguna,Oscuro con iluminacion,lluvia,No,NO APLICA,19,5,19,9,1,11/09/2022,2
55,Wisconsin,550397,0,0,1,0,93,PIERCE (93),0,NO APLICA,9,Septiembre,24,2022,17,21,CR-S,4,Calle del Condado,Rural,Colector Mayor,County Highway Agency,0,Sin jurisdiccion especial,0,44.69485556,-92.1657,Otro objeto (no fijo),El primer evento no fue una colision con un vehiculo automotor en transporte,Not an Intersection,No fue interseccion,Sobre calle,Ninguna,Dia total,lluvia,No,NO APLICA,17,21,17,34,1,24/09/2022,1
55,Wisconsin,550398,0,0,2,0,25,DANE (25),3140,MONONA,9,Septiembre,21,2022,12,49,CR-BB MONONA DR,4,Calle del Condado,Urbano,Arteria Menor,County Highway Agency,0,Sin jurisdiccion especial,0,43.0557,-89.32554444,Vehiculo en movimiento,Angulo,Not an Intersection,No fue interseccion,Sobre calle,Ninguna,Dia total,Nublado,No,NO APLICA,13,1,13,7,1,21/09/2022,5
55,Wisconsin,550399,0,0,2,0,117,SHEBOYGAN (117),0,NO APLICA,10,Octubre,8,2022,18,42,CR-FF,4,Calle del Condado,Rural,Local,County Highway Agency,0,Sin jurisdiccion especial,0,43.84838889,-87.881025,Vehiculo en movimiento,Angulo,Four-Way Intersection,Interseccion de 4 direcciones,Sobre calle,Ninguna,Oscuro sin iluminacion,Despejado,No,NO APLICA,99,99,99,99,1,08/10/2022,2
55,Wisconsin,550401,0,0,1,0,97,PORTAGE (97),0,NO APLICA,10,Octubre,12,2022,8,35,I-39,1,Interestatal,Urbano,Interestatal,State Highway Agency,1,Sin jurisdiccion especial,99998,44.55271944,-89.584175,Soporte de Puente,El primer evento no fue una colision con un vehiculo automotor en transporte,Not an Intersection,No fue interseccion,En el medio,Ninguna,Dia total,lluvia,No,NO APLICA,8,45,8,50,1,12/10/2022,1
55,Wisconsin,550402,0,0,1,0,139,WINNEBAGO (139),9997,Other,5,Mayo,30,2022,17,42,US-10,2,US Highway,Urbano,Arterial Principal -Freeway o ExpressWay,State Highway Agency,1,Sin jurisdiccion especial,99998,44.22544444,-88.44416111,Alguien se cayo/avento del vehiculo,El primer evento no fue una colision con un vehiculo automotor en transporte,Not an Intersection,No fue interseccion,Sobre calle,Ninguna,Oscuro - iluminacion desconocida,Despejado,No,NO APLICA,17,43,17,48,1,30/05/2022,3
55,Wisconsin,550403,0,0,1,0,31,DOUGLAS (31),0,NO APLICA,10,Octubre,15,2022,99,99,US-53 BUS,2,US Highway,Rural,Colector Mayor,State Highway Agency,0,Sin jurisdiccion especial,0,46.37703333,-91.82064167,Zanja,El primer evento no fue una colision con un vehiculo automotor en transporte,Not an Intersection,No fue interseccion,Sobre el lado de la calle,Ninguna,Oscuro sin iluminacion,Despejado,No,NO APLICA,21,29,21,29,1,15/10/2022,1
55,Wisconsin,550404,1,1,1,0,101,RACINE (101),3970,RACINE,10,Octubre,18,2022,20,20,N MEMORIAL DR,6,Calle Local Municipalidad,Urbano,Arteria Menor,City or Municipal Highway Agency,0,Sin jurisdiccion especial,0,42.73380278,-87.80015833,Peaton,El primer evento no fue una colision con un vehiculo automotor en transporte,Not an Intersection,No fue interseccion,Sobre calle,Ninguna,Oscuro con iluminacion,Nublado,No,NO APLICA,20,22,20,25,1,18/10/2022,1
55,Wisconsin,550405,0,0,3,0,139,WINNEBAGO (139),3620,OSHKOSH,10,Octubre,13,2022,11,27,I-41,1,Interestatal,Urbano,Interestatal,State Highway Agency,1,Sin jurisdiccion especial,99998,44.02176944,-88.58188056,Vehiculo en movimiento,Angulo,Not an Intersection,No fue interseccion,Sobre calle,Ninguna,Dia total,Nublado,No,NO APLICA,99,99,99,99,1,13/10/2022,4
55,Wisconsin,550406,0,0,2,0,133,WAUKESHA (133),5060,WAUKESHA,10,Octubre,17,2022,14,33,CR-Y,4,Calle del Condado,Urbano,Arteria Principal,County Highway Agency,1,Sin jurisdiccion especial,0,42.99773889,-88.20836667,Vehiculo en movimiento,Frente a frente,Not an Intersection,No fue interseccion,Sobre calle,Ninguna,Dia total,Nublado,No,NO APLICA,14,34,14,39,1,17/10/2022,2
55,Wisconsin,550407,1,1,1,0,79,MILWAUKEE (79),4490,SOUTH MILWAUKEE,10,Octubre,19,2022,11,22,CR-ZZ,4,Calle del Condado,Urbano,Arteria Principal,County Highway Agency,1,Sin jurisdiccion especial,0,42.93001944,-87.87021111,Ciclista,El primer evento no fue una colision con un vehiculo automotor en transporte,Four-Way Intersection,Interseccion de 4 direcciones,Sobre calle,Ninguna,Dia total,Despejado,No,NO APLICA,11,22,11,28,1,19/10/2022,1
55,Wisconsin,550408,0,0,2,0,39,FOND DU LAC (39),0,NO APLICA,10,Octubre,7,2022,12,20,SR-26,3,Highway estatal,Rural,Arteria Principal,State Highway Agency,1,Sin jurisdiccion especial,99998,43.79546944,-88.67518333,Vehiculo en movimiento,Golpe Lateral - direccion contraria,Not an Intersection,No fue interseccion,Sobre calle,Ninguna,Dia total,Nublado,No,NO APLICA,12,23,12,31,1,07/10/2022,3
55,Wisconsin,550409,0,0,1,0,39,FOND DU LAC (39),0,NO APLICA,10,Octubre,8,2022,17,38,CR-GGG,4,Calle del Condado,Rural,Colector Menor,County Highway Agency,0,Sin jurisdiccion especial,0,43.58466111,-88.17049444,Poste,El primer evento no fue una colision con un vehiculo automotor en transporte,Not an Intersection,No fue interseccion,Sobre el lado de la calle,Ninguna,Dia total,Despejado,No,NO APLICA,17,40,18,0,1,08/10/2022,4
55,Wisconsin,550410,1,1,1,0,79,MILWAUKEE (79),3100,MILWAUKEE,9,Septiembre,29,2022,7,12,W FOND DU LAC AVE,6,Calle Local Municipalidad,Urbano,Arteria Principal,City or Municipal Highway Agency,1,Sin jurisdiccion especial,0,43.11948611,-88.01398611,Ciclista,El primer evento no fue una colision con un vehiculo automotor en transporte,Four-Way Intersection,Interseccion de 4 direcciones,Sobre calle,Ninguna,Amanecer,Despejado,No,NO APLICA,99,99,99,99,1,29/09/2022,1
55,Wisconsin,550411,0,0,1,0,115,SHAWANO (115),0,NO APLICA,10,Octubre,15,2022,23,20,MILL RD,5,Calle Local - Pueblo,Rural,Local,Town or Township Highway Agency,0,Sin jurisdiccion especial,0,44.87611111,-88.98148333,Zanja,El primer evento no fue una colision con un vehiculo automotor en transporte,Not an Intersection,No fue interseccion,Sobre el lado de la calle,Ninguna,Oscuro con iluminacion,lluvia,No,NO APLICA,8,33,8,54,1,15/10/2022,1
55,Wisconsin,550412,0,0,2,0,79,MILWAUKEE (79),3100,MILWAUKEE,10,Octubre,21,2022,12,50,N TEUTONIA AVE,6,Calle Local Municipalidad,Urbano,Arteria Menor,City or Municipal Highway Agency,0,Sin jurisdiccion especial,0,43.11485556,-87.95019722,Vehiculo en movimiento,Angulo,T-Intersection,Interseccion de T,Sobre calle,Ninguna,Dia total,Despejado,No,NO APLICA,99,99,99,99,1,21/10/2022,2
55,Wisconsin,550413,0,0,1,0,73,MARATHON (73),0,NO APLICA,10,Octubre,23,2022,16,47,CR-N,4,Calle del Condado,Rural,Colector Mayor,County Highway Agency,0,Sin jurisdiccion especial,0,44.9428,-89.26956667,Zanja,El primer evento no fue una colision con un vehiculo automotor en transporte,Not an Intersection,No fue interseccion,Sobre el lado de la calle,Ninguna,Dia total,Nublado,No,NO APLICA,88,88,88,88,1,23/10/2022,1
55,Wisconsin,550414,0,0,1,0,79,MILWAUKEE (79),5220,WEST MILWAUKEE,10,Octubre,21,2022,0,10,W GREENFIELD AVE,6,Calle Local Municipalidad,Urbano,Arteria Menor,City or Municipal Highway Agency,0,Sin jurisdiccion especial,0,43.01671944,-87.97559167,Edificio,El primer evento no fue una colision con un vehiculo automotor en transporte,Not an Intersection,No fue interseccion,Sobre el lado de la calle,Ninguna,Oscuro con iluminacion,Despejado,No,NO APLICA,0,14,0,19,1,21/10/2022,1
55,Wisconsin,550415,0,0,1,0,79,MILWAUKEE (79),5130,WAUWATOSA,10,Octubre,15,2022,19,3,NORTH AVE,6,Calle Local Municipalidad,Urbano,Arteria Principal,City or Municipal Highway Agency,1,Sin jurisdiccion especial,0,43.06052222,-88.02850556,Arbol,El primer evento no fue una colision con un vehiculo automotor en transporte,Not an Intersection,No fue interseccion,Sobre el lado de la calle,Ninguna,Oscuro con iluminacion,Despejado,No,NO APLICA,19,3,19,9,1,15/10/2022,1
55,Wisconsin,550416,0,0,2,1,35,EAU CLAIRE (35),1470,EAU CLAIRE,10,Octubre,25,2022,14,57,5TH AVE,6,Calle Local Municipalidad,Urbano,Arteria Menor,City or Municipal Highway Agency,0,Sin jurisdiccion especial,0,44.80839444,-91.50980556,Vehiculo Aparcado,El primer evento no fue una colision con un vehiculo automotor en transporte,Not an Intersection,No fue interseccion,En estacionamiento,Ninguna,Dia total,Nublado,No,NO APLICA,14,57,15,3,1,25/10/2022,1
55,Wisconsin,550417,1,1,1,0,25,DANE (25),2780,MADISON,10,Octubre,11,2022,18,37,S HIGH POINT RD,6,Calle Local Municipalidad,Urbano,Colector Mayor,City or Municipal Highway Agency,0,Sin jurisdiccion especial,0,43.06048611,-89.51749722,Peaton,El primer evento no fue una colision con un vehiculo automotor en transporte,Four-Way Intersection,Interseccion de 4 direcciones,Sobre calle,Ninguna,Oscuro con iluminacion,lluvia,No,NO APLICA,18,39,18,46,1,11/10/2022,2
55,Wisconsin,550419,1,1,1,0,79,MILWAUKEE (79),3100,MILWAUKEE,10,Octubre,9,2022,20,19,W GREENFIELD AVE,6,Calle Local Municipalidad,Urbano,Arteria Menor,City or Municipal Highway Agency,0,Sin jurisdiccion especial,0,43.01704444,-87.92924722,Peaton,El primer evento no fue una colision con un vehiculo automotor en transporte,Four-Way Intersection,Interseccion de 4 direcciones,Sobre calle,Ninguna,Oscuro con iluminacion,Nublado,No,NO APLICA,99,99,99,99,1,09/10/2022,1
55,Wisconsin,550420,0,0,1,0,113,SAWYER (113),0,NO APLICA,10,Octubre,19,2022,21,33,GURNO LAKE RD,5,Calle Local - Pueblo,Rural,Local,Town or Township Highway Agency,0,Reservacion India,0,45.90813889,-91.32766389,Arbol,El primer evento no fue una colision con un vehiculo automotor en transporte,Not an Intersection,No fue interseccion,Sobre el lado de la calle,Ninguna,Oscuro sin iluminacion,Despejado,No,NO APLICA,21,37,21,57,1,19/10/2022,1
55,Wisconsin,550421,0,0,2,0,55,JEFFERSON (55),1760,FORT ATKINSON,10,Octubre,21,2022,17,13,N HIGH AVE,6,Calle Local Municipalidad,Urbano,Arteria Principal,City or Municipal Highway Agency,1,Sin jurisdiccion especial,0,42.93901667,-88.82897778,Vehiculo en movimiento,Angulo,T-Intersection,Interseccion de T,Sobre calle,Ninguna,Dia total,Nublado,No,NO APLICA,17,13,17,19,1,21/10/2022,2
55,Wisconsin,550422,0,0,1,0,31,DOUGLAS (31),0,NO APLICA,10,Octubre,28,2022,18,56,CR-T,4,Calle del Condado,Rural,Colector Mayor,County Highway Agency,0,Sin jurisdiccion especial,0,46.20013056,-92.07705278,Zanja,El primer evento no fue una colision con un vehiculo automotor en transporte,Not an Intersection,No fue interseccion,Sobre el lado de la calle,Ninguna,Oscuro sin iluminacion,Despejado,No,NO APLICA,19,11,99,97,1,28/10/2022,1
55,Wisconsin,550423,0,0,2,0,59,KENOSHA (59),3795,PLEASANT PRAIRIE,10,Octubre,29,2022,18,27,SR-165,3,Highway estatal,Urbano,Arteria Principal,State Highway Agency,1,Sin jurisdiccion especial,99998,42.52307222,-87.89199444,Vehiculo en movimiento,Angulo,Four-Way Intersection,Interseccion de 4 direcciones,Sobre calle,Ninguna,Atardecer,Despejado,No,NO APLICA,18,30,18,38,1,29/10/2022,3
55,Wisconsin,550424,1,1,1,0,79,MILWAUKEE (79),3100,MILWAUKEE,6,Junio,20,2022,3,47,W ATKINSON AVE,6,Calle Local Municipalidad,Urbano,Arteria Menor,City or Municipal Highway Agency,0,Sin jurisdiccion especial,0,43.09767778,-87.94759444,Peaton,El primer evento no fue una colision con un vehiculo automotor en transporte,Not an Intersection,No fue interseccion,Sobre calle,Ninguna,Oscuro con iluminacion,Despejado,No,NO APLICA,99,99,99,99,1,20/06/2022,2
55,Wisconsin,550425,0,0,1,0,79,MILWAUKEE (79),3100,MILWAUKEE,7,Julio,15,2022,0,16,US-18,2,US Highway,Urbano,Arteria Menor,State Highway Agency,1,Sin jurisdiccion especial,99998,43.03843611,-87.90648889,Otro objeto (fijo),El primer evento no fue una colision con un vehiculo automotor en transporte,Four-Way Intersection,Interseccion de 4 direcciones,Isla de trafico para peatones,Ninguna,Oscuro con iluminacion,Despejado,No,NO APLICA,99,99,99,99,1,15/07/2022,2
55,Wisconsin,550426,1,1,1,0,25,DANE (25),2780,MADISON,10,Octubre,27,2022,6,53,JOHN NOLEN DR,6,Calle Local Municipalidad,Urbano,Arteria Principal,City or Municipal Highway Agency,1,Sin jurisdiccion especial,0,43.066825,-89.38579167,Ciclista,El primer evento no fue una colision con un vehiculo automotor en transporte,"Five Point, or More",5 Puntos o mas,Sobre calle,Ninguna,Oscuro con iluminacion,Despejado,No,NO APLICA,6,54,6,59,1,27/10/2022,1
55,Wisconsin,550427,0,0,1,0,95,POLK (95),0,NO APLICA,11,Noviembre,1,2022,2,35,10TH AVE,5,Calle Local - Pueblo,Rural,Local,Town or Township Highway Agency,0,Sin jurisdiccion especial,0,45.22407222,-92.19821111,Volcadura,El primer evento no fue una colision con un vehiculo automotor en transporte,Four-Way Intersection,Interseccion de 4 direcciones,Sobre el lado de la calle,Ninguna,Oscuro sin iluminacion,Despejado,No,NO APLICA,2,37,2,51,1,01/11/2022,1
55,Wisconsin,550428,1,1,1,0,79,MILWAUKEE (79),3100,MILWAUKEE,10,Octubre,27,2022,9,12,SR-181,3,Highway estatal,Urbano,Arteria Principal,State Highway Agency,1,Sin jurisdiccion especial,99998,43.02721389,-88.01716944,Peaton,El primer evento no fue una colision con un vehiculo automotor en transporte,Not an Intersection,No fue interseccion,Sobre el lado de la calle,Ninguna,Dia total,Despejado,No,NO APLICA,99,99,99,99,1,27/10/2022,2
55,Wisconsin,550429,0,0,1,0,7,BAYFIELD (7),0,NO APLICA,10,Octubre,23,2022,21,13,US-2,2,US Highway,Rural,Arteria Principal,State Highway Agency,1,Sin jurisdiccion especial,99998,46.58565278,-90.92903611,Arbol,El primer evento no fue una colision con un vehiculo automotor en transporte,Not an Intersection,No fue interseccion,Sobre el lado de la calle,Ninguna,Oscuro sin iluminacion,Despejado,No,NO APLICA,21,13,21,24,1,23/10/2022,3
55,Wisconsin,550430,0,0,2,0,101,RACINE (101),3224,MOUNT PLEASANT,10,Octubre,30,2022,10,39,CR-KR,4,Calle del Condado,Rural,Arteria Menor,County Highway Agency,0,Sin jurisdiccion especial,0,42.66862222,-87.86932222,Vehiculo en movimiento,Angulo,Four-Way Intersection,Interseccion de 4 direcciones,Sobre calle,Ninguna,Dia total,Nublado,No,NO APLICA,10,42,10,47,1,30/10/2022,6
55,Wisconsin,550431,0,0,2,0,79,MILWAUKEE (79),3100,MILWAUKEE,10,Octubre,14,2022,23,11,W HOLT AVE,6,Calle Local Municipalidad,Urbano,Arteria Principal,City or Municipal Highway Agency,1,Sin jurisdiccion especial,0,42.98230556,-87.91578889,Vehiculo en movimiento,Angulo,Four-Way Intersection,Interseccion de 4 direcciones,Sobre calle,Ninguna,Oscuro con iluminacion,Nublado,No,NO APLICA,99,99,99,99,1,14/10/2022,5
55,Wisconsin,550432,0,0,1,0,123,VERNON (123),0,NO APLICA,10,Octubre,25,2022,23,0,SR-56,3,Highway estatal,Rural,Arteria Menor,State Highway Agency,0,Sin jurisdiccion especial,99998,43.53968333,-90.78984167,Volcadura,El primer evento no fue una colision con un vehiculo automotor en transporte,Not an Intersection,No fue interseccion,Sobre el lado de la calle,Ninguna,Oscuro sin iluminacion,Despejado,No,NO APLICA,23,9,23,27,1,25/10/2022,1
55,Wisconsin,550433,0,0,2,0,109,ST CROIX (109),0,NO APLICA,10,Octubre,30,2022,0,32,I-94,1,Interestatal,Urbano,Interestatal,State Highway Agency,1,Sin jurisdiccion especial,99998,44.96395556,-92.679375,Vehiculo en movimiento,Frente a frente,Not an Intersection,No fue interseccion,Sobre calle,Ninguna,Oscuro con iluminacion,Despejado,No,NO APLICA,99,99,99,99,1,30/10/2022,2
55,Wisconsin,550434,1,1,1,0,79,MILWAUKEE (79),3100,MILWAUKEE,10,Octubre,1,2022,17,30,SR-175,3,Highway estatal,Urbano,Arteria Principal,State Highway Agency,1,Sin jurisdiccion especial,99998,43.07371944,-87.99036944,Ciclista,El primer evento no fue una colision con un vehiculo automotor en transporte,Not an Intersection,No fue interseccion,Sobre calle,Ninguna,Dia total,Despejado,No,NO APLICA,99,99,99,99,1,01/10/2022,1