Estado,Nombre de Estado,Numero de Caso,Peatones,Personas _no_vehiculos,Vehiculos automotores,Vehiculos estacionados,Condado,Nombre Condado,Ciudad,Nombre Ciudad,Mes,Nombre Mes,Dia,Año,Hora,Minuto,Calle,Ruta,Nombre Ruta,Rural o Urbanoo,Sistema Funcional,Dueño Calle,Sistema Nacional Carreteras,Jurisdiccion Especial,Milla,Latitud,Longitud,Causa del Accidente,Tipo de Accidente,Tipo Interseccion,Columna1,Lugar en la calle,Zona de Trabajo,Luz,Clima,Autobus Escolar,Cruce de Trenes,Hora Notificacion,Minuto Notificacion,Hora Llegada,Minuto Llegada,Decesos,Fecha,PersonaVehiculo
55,Wisconsin,550435,0,0,1,0,71,MANITOWOC (71),2810,MANITOWOC,11,Noviembre,4,2022,19,55,US-10,2,US Highway,Urbano,Arteria Principal,State Highway Agency,1,Sin jurisdiccion especial,0,44.09266389,-87.66075833,Puente de Ferrocarril,El primer evento no fue una colision con un vehiculo automotor en transporte,T-Intersection,Interseccion de T,Sobre el lado de la calle,Ninguna,Oscuro con iluminacion,lluvia,No,NO APLICA,19,55,20,1,1,04/11/2022,1
55,Wisconsin,550436,1,1,1,0,25,DANE (25),2780,MADISON,8,Agosto,6,2022,5,10,US-12,2,US Highway,Urbano,Arterial Principal -Freeway o ExpressWay,State Highway Agency,1,Sin jurisdiccion especial,99998,43.04763611,-89.293775,Peaton,El primer evento no fue una colision con un vehiculo automotor en transporte,Not an Intersection,No fue interseccion,Sobre calle,Ninguna,Oscuro con iluminacion,Despejado,No,NO APLICA,99,99,99,99,1,06/08/2022,1
55,Wisconsin,550437,0,0,1,0,39,FOND DU LAC (39),0,NO APLICA,10,Octubre,30,2022,1,31,LAKE MARIA RD,5,Calle Local - Pueblo,Rural,Local,Town or Township Highway Agency,0,Sin jurisdiccion especial,0,43.66201944,-88.81718611,Puente de Ferrocarril,El primer evento no fue una colision con un vehiculo automotor en transporte,Not an Intersection,No fue interseccion,Sobre el lado de la calle,Ninguna,Oscuro sin iluminacion,Despejado,No,NO APLICA,1,56,2,7,1,30/10/2022,1
55,Wisconsin,550438,0,0,1,0,117,SHEBOYGAN (117),0,NO APLICA,11,Noviembre,1,2022,18,38,CR-FF,4,Calle del Condado,Rural,Local,County Highway Agency,0,Sin jurisdiccion especial,0,43.84834722,-87.90778611,Arbol,El primer evento no fue una colision con un vehiculo automotor en transporte,Not an Intersection,No fue interseccion,Fuera de la calle,Ninguna,Oscuro sin iluminacion,Despejado,No,NO APLICA,18,47,19,3,1,01/11/2022,2
55,Wisconsin,550439,0,0,1,0,21,COLUMBIA (21),0,NO APLICA,11,Noviembre,2,2022,17,24,CR-C,4,Calle del Condado,Rural,Colector Mayor,County Highway Agency,0,Sin jurisdiccion especial,0,43.43400278,-89.24467222,Animal vivo,El primer evento no fue una colision con un vehiculo automotor en transporte,Not an Intersection,No fue interseccion,Sobre calle,Ninguna,Dia total,Despejado,No,NO APLICA,17,24,17,32,1,02/11/2022,1
55,Wisconsin,550440,0,0,1,0,113,SAWYER (113),0,NO APLICA,9,Septiembre,23,2022,22,33,RIVER RD,5,Calle Local - Pueblo,Rural,Local,Town or Township Highway Agency,0,Sin jurisdiccion especial,0,45.95245833,-91.14769167,Buzon de correo,El primer evento no fue una colision con un vehiculo automotor en transporte,Not an Intersection,No fue interseccion,Sobre el lado de la calle,Ninguna,Oscuro sin iluminacion,Nublado,No,NO APLICA,22,36,22,53,1,23/09/2022,1
55,Wisconsin,550441,1,1,1,0,55,JEFFERSON (55),0,NO APLICA,10,Octubre,29,2022,21,49,CR-N,4,Calle del Condado,Rural,Arteria Principal,County Highway Agency,0,Sin jurisdiccion especial,0,42.85199722,-88.75689167,Peaton,El primer evento no fue una colision con un vehiculo automotor en transporte,Not an Intersection,No fue interseccion,Sobre calle,Ninguna,Oscuro sin iluminacion,Despejado,No,NO APLICA,21,51,22,99,1,29/10/2022,1
55,Wisconsin,550442,0,0,2,0,87,OUTAGAMIE (87),0,NO APLICA,10,Octubre,26,2022,7,40,SR-54,3,Highway estatal,Rural,Arteria Principal,State Highway Agency,1,Sin jurisdiccion especial,99998,44.50091667,-88.35101111,Vehiculo en movimiento,Angulo,T-Intersection,Interseccion de T,Sobre calle,Ninguna,Dia total,Nublado,No,NO APLICA,99,99,99,99,1,26/10/2022,8
55,Wisconsin,550443,1,1,1,0,109,ST CROIX (109),2220,HUDSON,6,Junio,21,2022,22,53,I-94,1,Interestatal,Urbano,Interestatal,State Highway Agency,1,Sin jurisdiccion especial,99998,44.96280556,-92.73993333,Peaton,El primer evento no fue una colision con un vehiculo automotor en transporte,Not an Intersection,No fue interseccion,Sobre calle,Ninguna,Oscuro con iluminacion,Despejado,No,NO APLICA,99,99,99,99,1,21/06/2022,1
55,Wisconsin,550444,0,0,2,0,79,MILWAUKEE (79),3100,MILWAUKEE,10,Octubre,20,2022,22,22,N 27TH ST,6,Calle Local Municipalidad,Urbano,Arteria Menor,City or Municipal Highway Agency,0,Sin jurisdiccion especial,0,43.09513056,-87.94688333,Vehiculo en movimiento,Angulo,Four-Way Intersection,Interseccion de 4 direcciones,Sobre calle,Ninguna,Oscuro con iluminacion,Despejado,No,NO APLICA,99,99,99,99,1,20/10/2022,3
55,Wisconsin,550445,1,1,1,0,79,MILWAUKEE (79),3100,MILWAUKEE,10,Octubre,29,2022,21,45,E BRADY ST,6,Calle Local Municipalidad,Urbano,Arteria Principal,City or Municipal Highway Agency,0,Sin jurisdiccion especial,0,43.05290556,-87.90439444,Ciclista,El primer evento no fue una colision con un vehiculo automotor en transporte,T-Intersection,Interseccion de T,Sobre calle,Ninguna,Oscuro con iluminacion,Despejado,No,NO APLICA,99,99,99,99,1,29/10/2022,1
55,Wisconsin,550446,0,0,2,0,37,FLORENCE (37),0,NO APLICA,11,Noviembre,5,2022,14,2,US-2,2,US Highway,Rural,Arteria Principal,State Highway Agency,1,Sin jurisdiccion especial,99998,45.90286389,-88.17675278,Vehiculo en movimiento,Frente a frente,Not an Intersection,No fue interseccion,Sobre calle,Ninguna,Dia total,lluvia,No,NO APLICA,14,6,14,18,1,05/11/2022,3
55,Wisconsin,550447,0,0,2,0,105,ROCK (105),0,NO APLICA,11,Noviembre,5,2022,21,45,CR-H,4,Calle del Condado,Rural,Arteria Principal,State Highway Agency,1,Sin jurisdiccion especial,0,42.67209444,-89.15021667,Vehiculo en movimiento,Angulo,Four-Way Intersection,Interseccion de 4 direcciones,Sobre calle,Ninguna,Oscuro sin iluminacion,Nublado,No,NO APLICA,21,49,21,57,3,05/11/2022,6
55,Wisconsin,550448,0,0,3,0,27,DODGE (27),0,NO APLICA,11,Noviembre,6,2022,19,0,US-151,2,US Highway,Rural,Arteria Principal,State Highway Agency,1,Sin jurisdiccion especial,99998,43.56046944,-88.77555833,Vehiculo en movimiento,Angulo,Four-Way Intersection,Interseccion de 4 direcciones,Sobre calle,Ninguna,Oscuro sin iluminacion,Despejado,No,NO APLICA,19,7,19,14,1,06/11/2022,3
55,Wisconsin,550449,0,0,1,0,119,TAYLOR (119),0,NO APLICA,11,Noviembre,6,2022,20,49,CR-C,4,Calle del Condado,Rural,Colector Menor,County Highway Agency,0,Sin jurisdiccion especial,0,45.339275,-90.16853611,Volcadura,El primer evento no fue una colision con un vehiculo automotor en transporte,Not an Intersection,No fue interseccion,Sobre el lado de la calle,Ninguna,Oscuro sin iluminacion,Despejado,No,NO APLICA,20,51,21,10,1,06/11/2022,1
55,Wisconsin,550450,0,0,1,0,79,MILWAUKEE (79),3100,MILWAUKEE,2,Febrero,10,2022,1,30,N 55TH ST,6,Calle Local Municipalidad,Urbano,Colector Mayor,City or Municipal Highway Agency,0,Sin jurisdiccion especial,0,43.06566667,-87.98192222,Banqueta,El primer evento no fue una colision con un vehiculo automotor en transporte,Not an Intersection,No fue interseccion,Sobre el lado de la calle,Ninguna,Oscuro con iluminacion,Nublado,No,NO APLICA,99,99,99,99,1,10/02/2022,1
55,Wisconsin,550451,0,0,1,0,127,WALWORTH (127),0,NO APLICA,6,Junio,1,2022,99,99,W MAIN ST,5,Calle Local - Pueblo,Urbano,Arteria Principal,Town or Township Highway Agency,1,Sin jurisdiccion especial,0,42.83906667,-88.77021111,Animal vivo,El primer evento no fue una colision con un vehiculo automotor en transporte,Not an Intersection,No fue interseccion,Sobre calle,Ninguna,Oscuro sin iluminacion,Despejado,No,NO APLICA,1,31,1,39,1,01/06/2022,1
55,Wisconsin,550452,0,0,2,0,55,JEFFERSON (55),0,NO APLICA,6,Junio,6,2022,16,59,SR-89,3,Highway estatal,Rural,Arteria Menor,State Highway Agency,0,Sin jurisdiccion especial,99998,43.14375,-88.95296944,Vehiculo en movimiento,Angulo,T-Intersection,Interseccion de T,Sobre calle,Ninguna,Dia total,Despejado,No,NO APLICA,17,0,17,0,1,06/06/2022,4
55,Wisconsin,550453,1,1,1,0,25,DANE (25),2780,MADISON,6,Junio,7,2022,3,51,MINERAL POINT RD,6,Calle Local Municipalidad,Urbano,Arteria Principal,City or Municipal Highway Agency,1,Sin jurisdiccion especial,0,43.06056667,-89.51474167,Ciclista,El primer evento no fue una colision con un vehiculo automotor en transporte,Not an Intersection,No fue interseccion,Sobre calle,Ninguna,Oscuro con iluminacion,Despejado,No,NO APLICA,3,51,3,55,1,07/06/2022,1
55,Wisconsin,550454,0,0,2,0,19,CLARK (19),0,NO APLICA,6,Junio,7,2022,21,54,SR-73,3,Highway estatal,Rural,Arteria Menor,State Highway Agency,0,Sin jurisdiccion especial,99998,44.52220278,-90.59873333,Vehiculo en movimiento,Frente a Detrás,Not an Intersection,No fue interseccion,Sobre calle,Ninguna,Oscuro sin iluminacion,lluvia,No,NO APLICA,3,51,3,55,1,07/06/2022,2
55,Wisconsin,550455,1,1,1,0,9,BROWN (9),4705,SUAMICO,6,Junio,14,2022,7,38,HARBOR WINDS DR,6,Calle Local Municipalidad,Rural,Local,City or Municipal Highway Agency,0,Sin jurisdiccion especial,0,44.62485278,-88.02770278,Peaton,El primer evento no fue una colision con un vehiculo automotor en transporte,Not an Intersection,No fue interseccion,Sobre calle,Ninguna,Dia total,Despejado,No,NO APLICA,7,38,7,45,1,14/06/2022,1
55,Wisconsin,550456,1,1,1,0,25,DANE (25),0,NO APLICA,6,Junio,7,2022,99,99,CR-A,4,Calle del Condado,Rural,Arteria Menor,County Highway Agency,0,Sin jurisdiccion especial,0,42.89501667,-89.37278889,Peaton,El primer evento no fue una colision con un vehiculo automotor en transporte,Not an Intersection,No fue interseccion,Sobre el lado de la calle,Ninguna,Oscuro sin iluminacion,Despejado,No,NO APLICA,17,3,17,13,1,07/06/2022,1
55,Wisconsin,550457,0,0,1,0,21,COLUMBIA (21),3830,PORTAGE,6,Junio,17,2022,5,55,I-39,1,Interestatal,Urbano,Interestatal,State Highway Agency,1,Sin jurisdiccion especial,99998,43.56974167,-89.47939444,Volcadura,El primer evento no fue una colision con un vehiculo automotor en transporte,Not an Intersection,No fue interseccion,En el medio,Ninguna,Dia total,Despejado,No,NO APLICA,5,57,99,99,1,17/06/2022,2
55,Wisconsin,550458,0,0,1,0,23,CRAWFORD (23),0,NO APLICA,6,Junio,17,2022,12,0,CR-S,4,Calle del Condado,Rural,Colector Menor,County Highway Agency,0,Sin jurisdiccion especial,0,43.27576389,-90.84515278,Alguien se cayo/avento del vehiculo,El primer evento no fue una colision con un vehiculo automotor en transporte,T-Intersection,Interseccion de T,Sobre calle,Ninguna,Dia total,Despejado,No,NO APLICA,12,0,12,17,1,17/06/2022,1
55,Wisconsin,550459,0,0,2,0,127,WALWORTH (127),0,NO APLICA,6,Junio,21,2022,12,28,CR-K,4,Calle del Condado,Rural,Colector Menor,County Highway Agency,0,Sin jurisdiccion especial,0,42.59626389,-88.67836667,Vehiculo en movimiento,Angulo,Four-Way Intersection,Interseccion de 4 direcciones,Sobre calle,Ninguna,Dia total,Despejado,No,NO APLICA,99,99,99,99,1,21/06/2022,2
55,Wisconsin,550460,0,0,1,0,111,SAUK (111),0,NO APLICA,6,Junio,25,2022,5,5,SOUTH AVE,5,Calle Local - Pueblo,Rural,Local,Town or Township Highway Agency,0,Sin jurisdiccion especial,0,43.57642778,-89.87457222,Zanja,El primer evento no fue una colision con un vehiculo automotor en transporte,Not an Intersection,No fue interseccion,Sobre el lado de la calle,Ninguna,Oscuro sin iluminacion,Nublado,No,NO APLICA,6,30,6,37,2,25/06/2022,2
55,Wisconsin,550461,0,0,1,0,79,MILWAUKEE (79),3100,MILWAUKEE,6,Junio,26,2022,19,5,I-43,1,Interestatal,Urbano,Interestatal,State Highway Agency,1,Sin jurisdiccion especial,99998,43.00566111,-87.91535,Banqueta,El primer evento no fue una colision con un vehiculo automotor en transporte,Not an Intersection,No fue interseccion,Sobre el lado de la calle,Ninguna,Dia total,Despejado,No,NO APLICA,19,20,19,20,1,26/06/2022,2
55,Wisconsin,550462,0,0,3,0,21,COLUMBIA (21),0,NO APLICA,6,Junio,28,2022,16,45,SR-33,3,Highway estatal,Rural,Arteria Menor,State Highway Agency,0,Sin jurisdiccion especial,99998,43.51635833,-89.51931111,Vehiculo en movimiento,Frente a Detrás,Not an Intersection,No fue interseccion,Sobre calle,Ninguna,Dia total,Despejado,No,NO APLICA,99,99,99,99,2,28/06/2022,5
55,Wisconsin,550463,1,1,1,0,131,WASHINGTON (131),2410,KEWASKUM,6,Junio,6,2022,14,35,US-45,2,US Highway,Urbano,Arteria Principal,State Highway Agency,0,Sin jurisdiccion especial,99998,43.51025,-88.22085833,Peaton,El primer evento no fue una colision con un vehiculo automotor en transporte,Four-Way Intersection,Interseccion de 4 direcciones,Sobre calle,Ninguna,Dia total,Nublado,No,NO APLICA,99,99,99,99,1,06/06/2022,1
55,Wisconsin,550464,0,0,1,0,27,DODGE (27),0,NO APLICA,6,Junio,28,2022,12,50,CR-S,4,Calle del Condado,Rural,Colector Mayor,County Highway Agency,0,Sin jurisdiccion especial,99998,43.38505556,-88.52437222,Arbol,El primer evento no fue una colision con un vehiculo automotor en transporte,T-Intersection,Interseccion de T,Sobre el lado de la calle,Ninguna,Dia total,Despejado,No,NO APLICA,13,1,13,11,1,28/06/2022,1
55,Wisconsin,550465,1,1,1,0,35,EAU CLAIRE (35),110,ALTOONA,7,Julio,3,2022,99,99,US-12 IRON BRIGADE MEM HWY,2,US Highway,Urbano,Arteria Principal,State Highway Agency,0,Sin jurisdiccion especial,99998,44.79571389,-91.44478611,Peaton,El primer evento no fue una colision con un vehiculo automotor en transporte,Not an Intersection,No fue interseccion,Sobre calle,Ninguna,Oscuro sin iluminacion,Despejado,No,NO APLICA,5,16,5,21,1,03/07/2022,1
55,Wisconsin,550466,0,0,2,0,59,KENOSHA (59),2400,KENOSHA,7,Julio,20,2022,8,7,30TH AVE,6,Calle Local Municipalidad,Urbano,Arteria Menor,City or Municipal Highway Agency,0,Sin jurisdiccion especial,0,42.63353889,-87.84592778,Vehiculo en movimiento,Frente a frente,Not an Intersection,No fue interseccion,Sobre calle,Ninguna,Dia total,Despejado,No,NO APLICA,8,10,8,14,1,20/07/2022,3
55,Wisconsin,550467,0,0,1,0,113,SAWYER (113),0,NO APLICA,7,Julio,22,2022,18,33,CR-F,4,Calle del Condado,Rural,Colector Mayor,County Highway Agency,0,Sin jurisdiccion especial,0,45.80604722,-91.46037778,Arbol,El primer evento no fue una colision con un vehiculo automotor en transporte,Not an Intersection,No fue interseccion,Sobre el lado de la calle,Ninguna,Dia total,Despejado,No,NO APLICA,18,37,18,46,1,22/07/2022,1
55,Wisconsin,550468,0,0,6,0,25,DANE (25),0,NO APLICA,8,Agosto,21,2022,9,52,I-39,1,Interestatal,Urbano,Interestatal,State Highway Agency,1,Sin jurisdiccion especial,99998,43.18209722,-89.32838611,Vehiculo en movimiento,Frente a Detrás,Not an Intersection,No fue interseccion,Sobre calle,Ninguna,Dia total,Despejado,No,NO APLICA,9,54,10,52,1,21/08/2022,10
55,Wisconsin,550469,1,1,1,0,29,DOOR (29),0,NO APLICA,8,Agosto,27,2022,17,33,CR-BB,4,Calle del Condado,Rural,Colector Mayor,County Highway Agency,0,Sin jurisdiccion especial,99998,44.86042778,-87.35046389,Peaton,El primer evento no fue una colision con un vehiculo automotor en transporte,Not an Intersection,No fue interseccion,Sobre el lado de la calle,Ninguna,Dia total,Despejado,No,NO APLICA,99,99,99,99,1,27/08/2022,1
55,Wisconsin,550470,0,0,1,0,15,CALUMET (15),0,NO APLICA,9,Septiembre,1,2022,19,40,LEMKE RD,5,Calle Local - Pueblo,Rural,Local,Town or Township Highway Agency,0,Sin jurisdiccion especial,0,44.03315556,-88.06296389,Arbol,El primer evento no fue una colision con un vehiculo automotor en transporte,Not an Intersection,No fue interseccion,Sobre el lado de la calle,Ninguna,Atardecer,Despejado,No,NO APLICA,19,48,20,0,1,01/09/2022,2
55,Wisconsin,550471,0,0,1,0,75,MARINETTE (75),0,NO APLICA,9,Septiembre,21,2022,16,0,3RD RD,5,Calle Local - Pueblo,Rural,Local,Town or Township Highway Agency,0,Sin jurisdiccion especial,0,45.12510278,-87.95600556,Poste,El primer evento no fue una colision con un vehiculo automotor en transporte,Not an Intersection,No fue interseccion,Sobre el lado de la calle,Ninguna,Dia total,Despejado,No,NO APLICA,16,1,16,13,1,21/09/2022,4
55,Wisconsin,550472,0,2,2,1,71,MANITOWOC (71),0,NO APLICA,9,Septiembre,22,2022,18,35,CR-C,4,Calle del Condado,Rural,Colector Mayor,County Highway Agency,0,Sin jurisdiccion especial,0,44.008125,-87.80908333,Vehiculo Aparcado,El primer evento no fue una colision con un vehiculo automotor en transporte,Not an Intersection,No fue interseccion,Sobre Acotamiento,Ninguna,Atardecer,Despejado,No,NO APLICA,18,39,18,42,1,22/09/2022,1
55,Wisconsin,550473,0,0,1,0,131,WASHINGTON (131),0,NO APLICA,10,Octubre,30,2022,12,55,CR-D,4,Calle del Condado,Rural,Colector Mayor,County Highway Agency,0,Sin jurisdiccion especial,0,43.47066111,-88.27259167,Arbol,El primer evento no fue una colision con un vehiculo automotor en transporte,Not an Intersection,No fue interseccion,Sobre el lado de la calle,Ninguna,Dia total,Despejado,No,NO APLICA,12,55,13,0,1,30/10/2022,1
55,Wisconsin,550474,0,0,2,0,141,WOOD (141),0,NO APLICA,11,Noviembre,3,2022,11,23,16TH ST S,5,Calle Local - Pueblo,Rural,Local,Town or Township Highway Agency,0,Sin jurisdiccion especial,0,44.35158056,-89.80685556,Vehiculo en movimiento,Angulo,T-Intersection,Interseccion de T,Sobre calle,"Zona de trabajo, tipo desconocido",Dia total,Despejado,No,NO APLICA,11,23,11,28,1,03/11/2022,2
55,Wisconsin,550475,1,1,1,0,79,MILWAUKEE (79),3100,MILWAUKEE,9,Septiembre,29,2022,15,46,SR-32,3,Highway estatal,Urbano,Arteria Principal,State Highway Agency,1,Sin jurisdiccion especial,99998,43.052425,-87.89113333,Peaton,El primer evento no fue una colision con un vehiculo automotor en transporte,T-Intersection,Interseccion de T,Sobre calle,Ninguna,Dia total,Nublado,No,NO APLICA,99,99,99,99,1,29/09/2022,1
55,Wisconsin,550476,1,1,1,0,9,BROWN (9),0,NO APLICA,11,Noviembre,11,2022,21,8,I-41,1,Interestatal,Rural,Interestatal,State Highway Agency,1,Sin jurisdiccion especial,99998,44.37775833,-88.16798333,Peaton,El primer evento no fue una colision con un vehiculo automotor en transporte,Not an Intersection,No fue interseccion,Sobre calle,Ninguna,Oscuro sin iluminacion,Nublado,No,NO APLICA,21,12,21,20,1,11/11/2022,2
55,Wisconsin,550477,0,0,2,0,105,ROCK (105),0,NO APLICA,11,Noviembre,13,2022,11,0,US-14,2,US Highway,Rural,Colector Mayor,State Highway Agency,0,Sin jurisdiccion especial,0,42.73068889,-89.13100278,Vehiculo en movimiento,Angulo,Four-Way Intersection,Interseccion de 4 direcciones,Sobre calle,Ninguna,Dia total,Nublado,No,NO APLICA,11,1,11,10,1,13/11/2022,3
55,Wisconsin,550478,0,0,1,0,85,ONEIDA (85),0,NO APLICA,11,Noviembre,13,2022,99,99,GOLF LN,5,Calle Local - Pueblo,Rural,Colector Menor,Town or Township Highway Agency,0,Sin jurisdiccion especial,0,45.68755,-89.67323889,Arbol,El primer evento no fue una colision con un vehiculo automotor en transporte,Not an Intersection,No fue interseccion,Sobre el lado de la calle,Ninguna,Oscuro sin iluminacion,Nieve,No,NO APLICA,23,46,23,56,1,13/11/2022,3
55,Wisconsin,550479,1,1,1,0,79,MILWAUKEE (79),3100,MILWAUKEE,7,Julio,25,2022,15,15,W ROGERS ST,6,Calle Local Municipalidad,Urbano,Local,City or Municipal Highway Agency,0,Sin jurisdiccion especial,99998,43.00841111,-87.93501667,Ciclista,El primer evento no fue una colision con un vehiculo automotor en transporte,Y-Intersection,Interseccion de Y,Sobre calle,Ninguna,Dia total,Despejado,No,NO APLICA,99,99,99,99,1,25/07/2022,1
55,Wisconsin,550480,0,0,1,0,101,RACINE (101),5371,WIND POINT,11,Noviembre,4,2022,99,99,LIGHTHOUSE DR,6,Calle Local Municipalidad,Urbano,Colector Mayor,City or Municipal Highway Agency,0,Sin jurisdiccion especial,0,42.77001111,-87.77456667,Poste de Señal de trafico,El primer evento no fue una colision con un vehiculo automotor en transporte,Not an Intersection,No fue interseccion,Sobre el lado de la calle,Ninguna,Dia total,lluvia,No,NO APLICA,15,16,99,99,1,04/11/2022,1
55,Wisconsin,550481,0,0,2,0,85,ONEIDA (85),0,NO APLICA,10,Octubre,17,2022,7,57,US-51,2,US Highway,Rural,Arteria Principal,State Highway Agency,1,Sin jurisdiccion especial,99998,45.64511944,-89.70499167,Vehiculo en movimiento,Angulo,Not an Intersection,No fue interseccion,Sobre calle,Ninguna,Dia total,Nublado,No,NO APLICA,7,58,8,2,1,17/10/2022,2
55,Wisconsin,550482,1,1,1,0,9,BROWN (9),2000,GREEN BAY,10,Octubre,27,2022,19,3,US-141 MATHER ST,2,US Highway,Urbano,Arteria Menor,State Highway Agency,0,Sin jurisdiccion especial,99998,44.52589444,-88.0217,Peaton,El primer evento no fue una colision con un vehiculo automotor en transporte,T-Intersection,Interseccion de T,Sobre calle,Ninguna,Oscuro con iluminacion,Despejado,No,NO APLICA,99,99,99,99,1,27/10/2022,1
55,Wisconsin,550483,0,0,3,0,9,BROWN (9),2000,GREEN BAY,10,Octubre,30,2022,19,40,SR-32 MASON ST W,3,Highway estatal,Urbano,Arteria Principal,State Highway Agency,1,Sin jurisdiccion especial,99998,44.51742778,-88.04624167,Vehiculo en movimiento,Angulo,Four-Way Intersection,Interseccion de 4 direcciones,Sobre calle,Ninguna,Oscuro con iluminacion,Despejado,No,NO APLICA,19,40,19,44,1,30/10/2022,6
55,Wisconsin,550484,0,0,1,0,97,PORTAGE (97),0,NO APLICA,11,Noviembre,5,2022,5,47,FOREST DR,5,Calle Local - Pueblo,Rural,Local,Town or Township Highway Agency,0,Sin jurisdiccion especial,0,44.44266667,-89.59911667,Arbol,El primer evento no fue una colision con un vehiculo automotor en transporte,Not an Intersection,No fue interseccion,Sobre el lado de la calle,Ninguna,Oscuro sin iluminacion,lluvia,No,NO APLICA,99,99,99,99,1,05/11/2022,1
55,Wisconsin,550485,0,0,2,0,71,MANITOWOC (71),0,NO APLICA,11,Noviembre,8,2022,4,34,CR-W,4,Calle del Condado,Rural,Arteria Menor,County Highway Agency,0,Sin jurisdiccion especial,0,44.09256667,-87.97758611,Vehiculo en movimiento,Frente a frente,Not an Intersection,No fue interseccion,Sobre calle,Ninguna,Oscuro sin iluminacion,Nublado,No,NO APLICA,4,40,4,45,1,08/11/2022,2
55,Wisconsin,550486,0,0,1,0,127,WALWORTH (127),0,NO APLICA,10,Octubre,30,2022,0,27,CR-P,4,Calle del Condado,Rural,Colector Mayor,County Highway Agency,0,Sin jurisdiccion especial,0,42.70906111,-88.66553611,Zanja,El primer evento no fue una colision con un vehiculo automotor en transporte,Not an Intersection,No fue interseccion,Sobre el lado de la calle,Ninguna,Oscuro sin iluminacion,Despejado,No,NO APLICA,99,99,99,99,1,30/10/2022,2
55,Wisconsin,550487,0,0,2,0,25,DANE (25),0,NO APLICA,11,Noviembre,12,2022,15,47,ROME CORNERS RD,5,Calle Local - Pueblo,Rural,Local,Town or Township Highway Agency,0,Sin jurisdiccion especial,0,42.88163056,-89.36856944,Vehiculo en movimiento,Angulo,Four-Way Intersection,Interseccion de 4 direcciones,Sobre calle,Ninguna,Dia total,Nublado,No,NO APLICA,15,48,99,99,1,12/11/2022,2
55,Wisconsin,550488,0,0,1,0,141,WOOD (141),4232,RUDOLPH,11,Noviembre,13,2022,13,53,SR-13,3,Highway estatal,Rural,Local,State Highway Agency,0,Sin jurisdiccion especial,99998,44.5073,-89.8076,Zanja,El primer evento no fue una colision con un vehiculo automotor en transporte,Not an Intersection,No fue interseccion,Sobre el lado de la calle,Ninguna,Dia total,Nublado,No,NO APLICA,13,58,14,10,1,13/11/2022,3
55,Wisconsin,550489,0,0,1,0,19,CLARK (19),0,NO APLICA,11,Noviembre,14,2022,15,10,SR-13,3,Highway estatal,Rural,Arteria Principal,State Highway Agency,1,Sin jurisdiccion especial,99998,45.02043056,-90.31520556,Acotamiento,El primer evento no fue una colision con un vehiculo automotor en transporte,Not an Intersection,No fue interseccion,Sobre el lado de la calle,Ninguna,Dia total,Nieve,No,NO APLICA,15,13,15,26,1,14/11/2022,4
55,Wisconsin,550490,0,0,2,0,79,MILWAUKEE (79),2015,GREENFIELD,10,Octubre,28,2022,10,9,CR-U S 76TH ST,4,Calle del Condado,Urbano,Arteria Principal,County Highway Agency,1,Sin jurisdiccion especial,0,42.95833889,-88.00833056,Vehiculo en movimiento,Angulo,Not an Intersection,No fue interseccion,Sobre calle,Ninguna,Dia total,Despejado,No,NO APLICA,10,10,10,14,1,28/10/2022,2
55,Wisconsin,550491,0,0,1,0,27,DODGE (27),0,NO APLICA,11,Noviembre,6,2022,16,19,CR-J,4,Calle del Condado,Rural,Colector Mayor,County Highway Agency,0,Sin jurisdiccion especial,0,43.31411944,-88.81825278,Culvert,El primer evento no fue una colision con un vehiculo automotor en transporte,Not an Intersection,No fue interseccion,Sobre el lado de la calle,Ninguna,Atardecer,Despejado,No,NO APLICA,99,99,99,99,1,06/11/2022,1
55,Wisconsin,550492,1,1,2,1,111,SAUK (111),0,NO APLICA,11,Noviembre,22,2022,7,43,SR-23,3,Highway estatal,Rural,Arteria Menor,State Highway Agency,0,Sin jurisdiccion especial,99998,43.34876667,-90.06900278,Vehiculo Aparcado,El primer evento no fue una colision con un vehiculo automotor en transporte,Not an Intersection,No fue interseccion,Sobre Acotamiento,"Zona de trabajo, tipo desconocido",Dia total,Nublado,No,NO APLICA,7,45,7,59,1,22/11/2022,1
55,Wisconsin,550493,0,0,2,0,109,ST CROIX (109),0,NO APLICA,11,Noviembre,5,2022,5,46,I-94,1,Interestatal,Rural,Interestatal,State Highway Agency,1,Sin jurisdiccion especial,150,44.94323611,-92.46935556,Vehiculo en movimiento,Angulo,Not an Intersection,No fue interseccion,Sobre calle,Ninguna,Oscuro sin iluminacion,Despejado,No,NO APLICA,6,0,7,20,1,05/11/2022,3
55,Wisconsin,550494,0,0,2,0,87,OUTAGAMIE (87),0,NO APLICA,11,Noviembre,15,2022,13,45,CR-A,4,Calle del Condado,Rural,Colector Mayor,County Highway Agency,0,Sin jurisdiccion especial,0,44.38775278,-88.45514444,Vehiculo en movimiento,Angulo,Four-Way Intersection,Interseccion de 4 direcciones,Sobre calle,Ninguna,Dia total,Nieve,No,NO APLICA,13,45,99,99,1,15/11/2022,2