Estado,Nombre de Estado,Numero de Caso,Peatones,Personas _no_vehiculos,Vehiculos automotores,Vehiculos estacionados,Condado,Nombre Condado,Ciudad,Nombre Ciudad,Mes,Nombre Mes,Dia,Año,Hora,Minuto,Calle,Ruta,Nombre Ruta,Rural o Urbanoo,Sistema Funcional,Dueño Calle,Sistema Nacional Carreteras,Jurisdiccion Especial,Milla,Latitud,Longitud,Causa del Accidente,Tipo de Accidente,Tipo Interseccion,Columna1,Lugar en la calle,Zona de Trabajo,Luz,Clima,Autobus Escolar,Cruce de Trenes,Hora Notificacion,Minuto Notificacion,Hora Llegada,Minuto Llegada,Decesos,Fecha,PersonaVehiculo
55,Wisconsin,550495,0,0,1,0,73,MARATHON (73),9997,Other,11,Noviembre,14,2022,16,0,US-51,2,US Highway,Rural,Arterial Principal -Freeway o ExpressWay,State Highway Agency,1,Sin jurisdiccion especial,99998,45.08933056,-89.64068889,Volcadura,El primer evento no fue una colision con un vehiculo automotor en transporte,Not an Intersection,No fue interseccion,En el medio,Ninguna,Dia total,Nieve,No,NO APLICA,99,99,99,99,1,14/11/2022,1
55,Wisconsin,550496,0,0,1,0,133,WAUKESHA (133),708,BROOKFIELD,11,Noviembre,17,2022,17,4,BROOKFIELD RD,6,Calle Local Municipalidad,Urbano,Arteria Menor,City or Municipal Highway Agency,0,Sin jurisdiccion especial,0,43.07158333,-88.14588889,Vehiculo Ferrocarril,El primer evento no fue una colision con un vehiculo automotor en transporte,Not an Intersection,No fue interseccion,Sobre calle,Ninguna,Oscuro con iluminacion,Nieve,No,390521P,17,8,17,15,1,17/11/2022,1
55,Wisconsin,550497,0,0,2,0,55,JEFFERSON (55),0,NO APLICA,11,Noviembre,26,2022,11,5,SR-16,3,Highway estatal,Rural,Arteria Principal,State Highway Agency,1,Sin jurisdiccion especial,99998,43.15905,-88.63282778,Vehiculo en movimiento,Angulo,T-Intersection,Interseccion de T,Sobre calle,Ninguna,Dia total,Despejado,No,NO APLICA,11,6,11,15,1,26/11/2022,2
55,Wisconsin,550498,0,0,2,0,59,KENOSHA (59),3795,PLEASANT PRAIRIE,11,Noviembre,18,2022,20,25,SR-31,3,Highway estatal,Urbano,Colector Mayor,State Highway Agency,0,Sin jurisdiccion especial,99998,42.50163056,-87.88798333,Vehiculo en movimiento,Angulo,Four-Way Intersection,Interseccion de 4 direcciones,Sobre calle,Ninguna,Oscuro con iluminacion,Nublado,No,NO APLICA,20,35,20,38,2,18/11/2022,5
55,Wisconsin,550499,0,0,2,0,21,COLUMBIA (21),0,NO APLICA,11,Noviembre,17,2022,18,30,CR-B,4,Calle del Condado,Rural,Colector Mayor,County Highway Agency,0,Sin jurisdiccion especial,0,43.4418,-89.26891944,Vehiculo en movimiento,Angulo,Not an Intersection,No fue interseccion,Sobre calle,Ninguna,Oscuro sin iluminacion,Nieve,No,NO APLICA,99,99,99,99,2,17/11/2022,3
55,Wisconsin,550500,0,0,1,0,27,DODGE (27),0,NO APLICA,11,Noviembre,22,2022,13,18,SR-19,3,Highway estatal,Rural,Arteria Principal,State Highway Agency,0,Sin jurisdiccion especial,99998,43.19772778,-88.76843611,Zanja,El primer evento no fue una colision con un vehiculo automotor en transporte,Not an Intersection,No fue interseccion,Sobre el lado de la calle,Ninguna,Dia total,Nublado,No,NO APLICA,13,28,13,40,1,22/11/2022,1
55,Wisconsin,550501,0,0,1,0,139,WINNEBAGO (139),0,NO APLICA,11,Noviembre,23,2022,23,2,GREEN VALLEY RD,5,Calle Local - Pueblo,Rural,Local,Town or Township Highway Agency,0,Sin jurisdiccion especial,0,44.11316667,-88.52397778,Volcadura,El primer evento no fue una colision con un vehiculo automotor en transporte,Not an Intersection,No fue interseccion,Sobre Acotamiento,Ninguna,Oscuro sin iluminacion,Nublado,No,NO APLICA,23,10,99,99,1,23/11/2022,4
55,Wisconsin,550502,1,1,1,0,73,MARATHON (73),0,NO APLICA,11,Noviembre,28,2022,17,56,CR-J,4,Calle del Condado,Rural,Colector Mayor,County Highway Agency,0,Sin jurisdiccion especial,0,44.99097778,-89.49210556,Peaton,El primer evento no fue una colision con un vehiculo automotor en transporte,Not an Intersection,No fue interseccion,Sobre calle,Ninguna,Oscuro sin iluminacion,Nublado,No,NO APLICA,17,59,18,12,1,28/11/2022,1
55,Wisconsin,550503,0,0,2,0,5,BARRON (5),4080,RICE LAKE,11,Noviembre,29,2022,7,53,SR-48,3,Highway estatal,Rural,Arteria Menor,State Highway Agency,0,Sin jurisdiccion especial,99998,45.50963889,-91.77495,Vehiculo en movimiento,Angulo,Not an Intersection,No fue interseccion,Sobre calle,Ninguna,Dia total,Nieve,No,NO APLICA,7,57,7,58,1,29/11/2022,2
55,Wisconsin,550504,0,0,2,0,133,WAUKESHA (133),1305,DELAFIELD,11,Noviembre,4,2022,13,54,I-94,1,Interestatal,Urbano,Interestatal,State Highway Agency,1,Sin jurisdiccion especial,99998,43.05223889,-88.37845833,Vehiculo en movimiento,Golpe Lateral - misma direccion,Not an Intersection,No fue interseccion,Sobre calle,Ninguna,Dia total,lluvia,No,NO APLICA,13,54,14,1,1,04/11/2022,4
55,Wisconsin,550505,0,0,5,0,87,OUTAGAMIE (87),170,APPLETON,11,Noviembre,20,2022,16,10,I-41,1,Interestatal,Rural,Interestatal,State Highway Agency,1,Sin jurisdiccion especial,99998,44.298175,-88.36157778,Vehiculo en movimiento,Frente a Detrás,Not an Intersection,No fue interseccion,Sobre calle,Ninguna,Dia total,Despejado,No,NO APLICA,16,15,16,24,1,20/11/2022,11
55,Wisconsin,550506,1,1,1,0,117,SHEBOYGAN (117),4330,SHEBOYGAN,11,Noviembre,27,2022,18,20,NEW YORK AVE,6,Calle Local Municipalidad,Urbano,Local,City or Municipal Highway Agency,0,Sin jurisdiccion especial,0,43.75198611,-87.71464722,Peaton,El primer evento no fue una colision con un vehiculo automotor en transporte,Four-Way Intersection,Interseccion de 4 direcciones,Sobre calle,Ninguna,Oscuro con iluminacion,Nublado,No,NO APLICA,18,22,18,22,1,27/11/2022,1
55,Wisconsin,550507,0,0,1,0,111,SAUK (111),0,NO APLICA,12,Diciembre,1,2022,99,99,VAN HOOSEN RD,5,Calle Local - Pueblo,Rural,Local,Town or Township Highway Agency,0,Sin jurisdiccion especial,0,43.54693333,-89.66433889,Zanja,El primer evento no fue una colision con un vehiculo automotor en transporte,T-Intersection,Interseccion de T,Sobre el lado de la calle,Ninguna,Reportada como desconocida,Reportado como desconocido,No,NO APLICA,7,19,7,28,1,01/12/2022,1
55,Wisconsin,550508,0,0,1,0,27,DODGE (27),0,NO APLICA,11,Noviembre,24,2022,1,20,CR-C,4,Calle del Condado,Rural,Colector Menor,County Highway Agency,0,Sin jurisdiccion especial,0,43.56081111,-88.74223611,Arbol,El primer evento no fue una colision con un vehiculo automotor en transporte,Not an Intersection,No fue interseccion,Sobre el lado de la calle,Ninguna,Oscuro sin iluminacion,Nublado,No,NO APLICA,99,99,99,99,1,24/11/2022,1
55,Wisconsin,550509,0,0,2,0,23,CRAWFORD (23),0,NO APLICA,11,Noviembre,27,2022,11,22,US-18,2,US Highway,Rural,Arteria Principal,State Highway Agency,1,Sin jurisdiccion especial,99998,43.04440556,-91.16708889,Vehiculo en movimiento,Frente a frente,Not an Intersection,No fue interseccion,Sobre calle,Ninguna,Dia total,Despejado,No,NO APLICA,11,26,11,27,2,27/11/2022,5
55,Wisconsin,550510,0,0,2,0,79,MILWAUKEE (79),3100,MILWAUKEE,11,Noviembre,18,2022,20,47,S 2ND ST,6,Calle Local Municipalidad,Urbano,Local,City or Municipal Highway Agency,0,Sin jurisdiccion especial,0,43.01015556,-87.91255556,Vehiculo en movimiento,Golpe Lateral - misma direccion,Not an Intersection,No fue interseccion,Sobre calle,Ninguna,Oscuro con iluminacion,Despejado,No,NO APLICA,99,99,99,99,1,18/11/2022,1
55,Wisconsin,550511,1,1,1,0,5,BARRON (5),0,NO APLICA,10,Octubre,6,2022,14,25,3RD ST,5,Calle Local - Pueblo,Rural,Local,Town or Township Highway Agency,0,Sin jurisdiccion especial,0,45.56125,-92.09286944,Peaton,El primer evento no fue una colision con un vehiculo automotor en transporte,Not an Intersection,No fue interseccion,Sobre calle,Ninguna,Dia total,Despejado,No,NO APLICA,14,52,15,3,1,06/10/2022,0
55,Wisconsin,550512,0,0,1,0,79,MILWAUKEE (79),3100,MILWAUKEE,10,Octubre,12,2022,5,20,I-43,1,Interestatal,Urbano,Interestatal,State Highway Agency,1,Sin jurisdiccion especial,99998,42.96229444,-87.94379444,Barrera de Trafico de Concreto,El primer evento no fue una colision con un vehiculo automotor en transporte,Not an Intersection,No fue interseccion,Sobre el lado de la calle,Ninguna,Oscuro con iluminacion,lluvia,No,NO APLICA,5,40,5,42,2,12/10/2022,8
55,Wisconsin,550513,0,0,2,0,135,WAUPACA (135),0,NO APLICA,10,Octubre,22,2022,9,42,CR-A,4,Calle del Condado,Rural,Colector Menor,County Highway Agency,0,Sin jurisdiccion especial,0,44.265225,-89.04693056,Vehiculo en movimiento,Angulo,Four-Way Intersection,Interseccion de 4 direcciones,Sobre calle,Ninguna,Dia total,Despejado,No,NO APLICA,9,44,9,52,1,22/10/2022,2
55,Wisconsin,550514,0,0,1,0,25,DANE (25),2820,MAPLE BLUFF,11,Noviembre,20,2022,9,7,WOODLAND CIR,6,Calle Local Municipalidad,Urbano,Local,City or Municipal Highway Agency,0,Sin jurisdiccion especial,0,43.11254722,-89.36763889,Arbol,El primer evento no fue una colision con un vehiculo automotor en transporte,Not an Intersection,No fue interseccion,Fuera de la calle,Ninguna,Dia total,Nublado,No,NO APLICA,9,16,99,99,1,20/11/2022,4
55,Wisconsin,550515,0,0,1,0,79,MILWAUKEE (79),3100,MILWAUKEE,11,Noviembre,27,2022,2,15,SR-145 RAMP,3,Highway estatal,Urbano,Arteria Principal,State Highway Agency,0,Sin jurisdiccion especial,99998,43.11539444,-88.0078,Banqueta,El primer evento no fue una colision con un vehiculo automotor en transporte,Not an Intersection,No fue interseccion,Sobre el lado de la calle,Ninguna,Oscuro con iluminacion,Despejado,No,NO APLICA,2,17,2,22,1,27/11/2022,1
55,Wisconsin,550516,0,0,1,0,71,MANITOWOC (71),4890,TWO RIVERS,10,Octubre,31,2022,18,41,CR-O,4,Calle del Condado,Urbano,Arteria Menor,County Highway Agency,0,Sin jurisdiccion especial,0,44.15368611,-87.55519722,Banqueta,El primer evento no fue una colision con un vehiculo automotor en transporte,T-Intersection,Interseccion de T,Sobre el lado de la calle,Ninguna,Atardecer,Despejado,No,NO APLICA,18,44,18,47,1,31/10/2022,1
55,Wisconsin,550517,1,1,1,0,117,SHEBOYGAN (117),4340,SHEBOYGAN FALLS,12,Diciembre,1,2022,17,17,SR-32,3,Highway estatal,Urbano,Arteria Principal,State Highway Agency,1,Sin jurisdiccion especial,99998,43.74444167,-87.81981389,Peaton,El primer evento no fue una colision con un vehiculo automotor en transporte,Not an Intersection,No fue interseccion,Sobre calle,Ninguna,Oscuro sin iluminacion,Nublado,No,NO APLICA,99,99,99,99,1,01/12/2022,1
55,Wisconsin,550518,0,0,3,0,113,SAWYER (113),0,NO APLICA,12,Diciembre,10,2022,15,21,SR-27,3,Highway estatal,Rural,Arteria Menor,State Highway Agency,0,Sin jurisdiccion especial,99998,45.92813611,-91.49386944,Vehiculo en movimiento,Angulo,Not an Intersection,No fue interseccion,Sobre calle,Ninguna,Dia total,Nieve,No,NO APLICA,15,21,15,29,1,10/12/2022,4
55,Wisconsin,550519,0,0,2,0,79,MILWAUKEE (79),3100,MILWAUKEE,12,Diciembre,4,2022,2,12,SR-145 FOND DU LAC AVE W,3,Highway estatal,Urbano,Arteria Principal,State Highway Agency,1,Sin jurisdiccion especial,99998,43.08444722,-87.96914722,Vehiculo en movimiento,Frente a Detrás,Not an Intersection,No fue interseccion,Sobre calle,Ninguna,Oscuro con iluminacion,Despejado,No,NO APLICA,99,99,99,99,1,04/12/2022,2
55,Wisconsin,550520,0,0,2,0,73,MARATHON (73),3200,MOSINEE,11,Noviembre,29,2022,1,20,I-39,1,Interestatal,Urbano,Interestatal,State Highway Agency,1,Sin jurisdiccion especial,99998,44.79080556,-89.68009444,Vehiculo en movimiento,Frente a Detrás,Not an Intersection,No fue interseccion,Sobre calle,Ninguna,Oscuro sin iluminacion,Nublado,No,NO APLICA,1,24,1,41,1,29/11/2022,2
55,Wisconsin,550521,0,0,1,0,135,WAUPACA (135),5080,WAUPACA,12,Diciembre,5,2022,12,50,US-10,2,US Highway,Urbano,Arterial Principal -Freeway o ExpressWay,State Highway Agency,1,Sin jurisdiccion especial,99998,44.35394444,-89.11215833,Zanja,El primer evento no fue una colision con un vehiculo automotor en transporte,Not an Intersection,No fue interseccion,Sobre el lado de la calle,Ninguna,Dia total,Despejado,No,NO APLICA,12,58,99,97,1,05/12/2022,1
55,Wisconsin,550522,0,0,1,0,25,DANE (25),9997,Other,12,Diciembre,9,2022,11,26,CR-AB,4,Calle del Condado,Urbano,Colector Mayor,County Highway Agency,0,Sin jurisdiccion especial,0,42.96895278,-89.282675,Fuego/Explosion,El primer evento no fue una colision con un vehiculo automotor en transporte,Not an Intersection,No fue interseccion,Sobre calle,Ninguna,Dia total,Nublado,No,NO APLICA,99,99,99,99,1,09/12/2022,1
55,Wisconsin,550523,0,0,1,0,25,DANE (25),2780,MADISON,12,Diciembre,4,2022,23,3,CR-M N S PLEASANT VIEW RD,4,Calle del Condado,Urbano,Arteria Principal,County Highway Agency,1,Sin jurisdiccion especial,0,43.02226944,-89.53335833,Poste,El primer evento no fue una colision con un vehiculo automotor en transporte,Not an Intersection,No fue interseccion,En el medio,Ninguna,Oscuro con iluminacion,Despejado,No,NO APLICA,23,3,23,10,1,04/12/2022,1
55,Wisconsin,550524,0,0,1,0,111,SAUK (111),0,NO APLICA,12,Diciembre,17,2022,14,38,SR-33,3,Highway estatal,Rural,Arteria Menor,State Highway Agency,0,Sin jurisdiccion especial,99998,43.56188056,-90.07403611,Arbol,El primer evento no fue una colision con un vehiculo automotor en transporte,Not an Intersection,No fue interseccion,Sobre el lado de la calle,Ninguna,Dia total,Nublado,No,NO APLICA,99,99,99,99,1,17/12/2022,1
55,Wisconsin,550525,1,1,1,0,93,PIERCE (93),0,NO APLICA,12,Diciembre,20,2022,17,16,SR-35,3,Highway estatal,Rural,Arteria Menor,State Highway Agency,0,Sin jurisdiccion especial,99998,44.72728889,-92.75648889,Peaton,El primer evento no fue una colision con un vehiculo automotor en transporte,Not an Intersection,No fue interseccion,Sobre calle,Ninguna,Oscuro sin iluminacion,Nublado,No,NO APLICA,17,24,17,35,1,20/12/2022,1
55,Wisconsin,550526,0,0,1,0,87,OUTAGAMIE (87),0,NO APLICA,12,Diciembre,5,2022,10,50,I-41,1,Interestatal,Rural,Interestatal,State Highway Agency,1,Sin jurisdiccion especial,99998,44.33626667,-88.20414444,Acotamiento,El primer evento no fue una colision con un vehiculo automotor en transporte,Not an Intersection,No fue interseccion,Sobre el lado de la calle,Ninguna,Dia total,Despejado,No,NO APLICA,11,1,11,6,1,05/12/2022,1
55,Wisconsin,550527,0,0,1,0,79,MILWAUKEE (79),3100,MILWAUKEE,11,Noviembre,30,2022,19,47,SR-190,3,Highway estatal,Urbano,Arteria Principal,State Highway Agency,1,Sin jurisdiccion especial,99998,43.08964722,-87.95043333,Arbol,El primer evento no fue una colision con un vehiculo automotor en transporte,Not an Intersection,No fue interseccion,Sobre el lado de la calle,Ninguna,Oscuro con iluminacion,Despejado,No,NO APLICA,99,99,99,99,2,30/11/2022,2
55,Wisconsin,550528,0,0,1,0,115,SHAWANO (115),9997,Other,12,Diciembre,14,2022,22,0,E TOWN LINE RD,5,Calle Local - Pueblo,Rural,Local,Town or Township Highway Agency,0,Sin jurisdiccion especial,0,44.766025,-88.43693889,Culvert,El primer evento no fue una colision con un vehiculo automotor en transporte,Not an Intersection,No fue interseccion,Sobre el lado de la calle,Ninguna,Oscuro sin iluminacion,Aguanieve,No,NO APLICA,22,29,22,42,1,14/12/2022,1
55,Wisconsin,550529,1,1,1,0,79,MILWAUKEE (79),3100,MILWAUKEE,9,Septiembre,30,2022,20,2,N TEUTONIA AVE,6,Calle Local Municipalidad,Urbano,Arteria Menor,City or Municipal Highway Agency,0,Sin jurisdiccion especial,0,43.09020833,-87.93914444,Peaton,El primer evento no fue una colision con un vehiculo automotor en transporte,Not an Intersection,No fue interseccion,Sobre calle,Ninguna,Oscuro con iluminacion,Despejado,No,NO APLICA,99,99,99,99,1,30/09/2022,1
55,Wisconsin,550530,0,0,1,0,97,PORTAGE (97),0,NO APLICA,11,Noviembre,18,2022,7,4,US-10,2,US Highway,Rural,Arterial Principal -Freeway o ExpressWay,State Highway Agency,1,Sin jurisdiccion especial,2380,44.46255556,-89.31357778,Zanja,El primer evento no fue una colision con un vehiculo automotor en transporte,Not an Intersection,No fue interseccion,Sobre el lado de la calle,Ninguna,Dia total,Nieve,No,NO APLICA,7,15,7,20,1,18/11/2022,5
55,Wisconsin,550531,1,1,1,0,79,MILWAUKEE (79),3100,MILWAUKEE,11,Noviembre,30,2022,5,3,SR-241,3,Highway estatal,Urbano,Arteria Principal,State Highway Agency,1,Sin jurisdiccion especial,99998,42.98870556,-87.94828611,Peaton,El primer evento no fue una colision con un vehiculo automotor en transporte,Four-Way Intersection,Interseccion de 4 direcciones,Sobre calle,Ninguna,Oscuro con iluminacion,Despejado,No,NO APLICA,99,99,99,99,1,30/11/2022,1
55,Wisconsin,550532,0,0,1,0,103,RICHLAND (103),0,NO APLICA,12,Diciembre,15,2022,1,59,CR-Q,4,Calle del Condado,Rural,Colector Mayor,Private (other than Railroad),0,Sin jurisdiccion especial,0,43.32843056,-90.42501667,Acotamiento,El primer evento no fue una colision con un vehiculo automotor en transporte,Not an Intersection,No fue interseccion,Sobre el lado de la calle,Ninguna,Oscuro sin iluminacion,Nieve,No,NO APLICA,88,88,88,88,1,15/12/2022,1
55,Wisconsin,550533,0,0,2,0,101,RACINE (101),795,CALEDONIA,12,Diciembre,12,2022,6,15,SR-32,3,Highway estatal,Urbano,Arteria Principal,State Highway Agency,1,Sin jurisdiccion especial,99998,42.80619722,-87.82795833,Vehiculo en movimiento,Frente a frente,Not an Intersection,No fue interseccion,Sobre calle,Ninguna,Oscuro sin iluminacion,lluvia,No,NO APLICA,6,21,6,25,1,12/12/2022,2
55,Wisconsin,550534,0,0,1,0,35,EAU CLAIRE (35),0,NO APLICA,12,Diciembre,21,2022,17,6,I-94,1,Interestatal,Urbano,Interestatal,State Highway Agency,1,Sin jurisdiccion especial,99998,44.76806389,-91.50456667,Volcadura,El primer evento no fue una colision con un vehiculo automotor en transporte,Not an Intersection,No fue interseccion,En el medio,Ninguna,Dia total,Nieve,No,NO APLICA,17,13,17,25,1,21/12/2022,2
55,Wisconsin,550535,0,0,1,0,25,DANE (25),0,NO APLICA,12,Diciembre,24,2022,99,99,HAMMOND RD,5,Calle Local - Pueblo,Rural,Local,Town or Township Highway Agency,0,Sin jurisdiccion especial,0,42.88003889,-89.20418889,Volcadura,El primer evento no fue una colision con un vehiculo automotor en transporte,Not an Intersection,No fue interseccion,Sobre el lado de la calle,Ninguna,Reportada como desconocida,Reportado como desconocido,No,NO APLICA,99,99,99,98,1,24/12/2022,1
55,Wisconsin,550536,0,0,2,0,141,WOOD (141),3840,PORT EDWARDS,12,Diciembre,24,2022,12,10,SR-13,3,Highway estatal,Rural,Arteria Principal,State Highway Agency,0,Sin jurisdiccion especial,99998,44.33833333,-89.81569167,Vehiculo en movimiento,Frente a Detrás,Not an Intersection,No fue interseccion,Sobre calle,Ninguna,Dia total,Despejado,No,NO APLICA,12,15,12,18,1,24/12/2022,2
55,Wisconsin,550537,0,0,2,0,111,SAUK (111),0,NO APLICA,12,Diciembre,28,2022,21,20,I-90,1,Interestatal,Urbano,Interestatal,State Highway Agency,1,Sin jurisdiccion especial,99998,43.61773333,-89.80513333,Vehiculo en movimiento,Golpe Lateral - direccion contraria,Not an Intersection,No fue interseccion,Sobre calle,Ninguna,Oscuro sin iluminacion,Nublado,No,NO APLICA,99,99,99,99,1,28/12/2022,5
55,Wisconsin,550538,0,0,1,0,79,MILWAUKEE (79),3100,MILWAUKEE,12,Diciembre,10,2022,3,6,N 91ST ST,6,Calle Local Municipalidad,Urbano,Arteria Menor,City or Municipal Highway Agency,0,Sin jurisdiccion especial,0,43.16827222,-88.02447778,Arbol,El primer evento no fue una colision con un vehiculo automotor en transporte,Not an Intersection,No fue interseccion,Sobre el lado de la calle,Ninguna,Oscuro con iluminacion,lluvia,No,NO APLICA,99,99,99,99,1,10/12/2022,2
55,Wisconsin,550539,0,0,2,0,79,MILWAUKEE (79),3100,MILWAUKEE,12,Diciembre,6,2022,0,31,S 13TH ST,6,Calle Local Municipalidad,Urbano,Arteria Menor,City or Municipal Highway Agency,0,Sin jurisdiccion especial,0,42.98824167,-87.92879444,Vehiculo en movimiento,Angulo,Four-Way Intersection,Interseccion de 4 direcciones,Sobre calle,Ninguna,Oscuro con iluminacion,Despejado,No,NO APLICA,99,99,99,99,1,06/12/2022,4
55,Wisconsin,550540,1,1,1,0,79,MILWAUKEE (79),5270,WHITEFISH BAY,12,Diciembre,28,2022,17,35,SR-32,3,Highway estatal,Urbano,Arteria Menor,State Highway Agency,0,Sin jurisdiccion especial,99998,43.12265,-87.90432778,Peaton,El primer evento no fue una colision con un vehiculo automotor en transporte,Not an Intersection,No fue interseccion,"Fuera de la calle, ubicacion desconocida",Ninguna,Oscuro con iluminacion,Nublado,No,NO APLICA,17,41,17,45,1,28/12/2022,1
55,Wisconsin,550541,0,0,3,0,25,DANE (25),4940,VERONA,12,Diciembre,15,2022,17,56,CR-M,4,Calle del Condado,Urbano,Arteria Principal,County Highway Agency,1,Sin jurisdiccion especial,0,42.97301944,-89.52405556,Vehiculo en movimiento,Frente a frente,Not an Intersection,No fue interseccion,Sobre calle,Ninguna,Oscuro sin iluminacion,Nublado,No,NO APLICA,18,99,18,99,1,15/12/2022,4
55,Wisconsin,550542,0,0,2,0,127,WALWORTH (127),0,NO APLICA,12,Diciembre,21,2022,10,11,US-12,2,US Highway,Rural,Arterial Principal -Freeway o ExpressWay,State Highway Agency,1,Sin jurisdiccion especial,99998,42.63437222,-88.47731389,Vehiculo en movimiento,Angulo,Not an Intersection,No fue interseccion,Sobre calle,Ninguna,Dia total,Nublado,No,NO APLICA,10,14,10,19,1,21/12/2022,2
55,Wisconsin,550543,2,2,3,0,79,MILWAUKEE (79),5160,WEST ALLIS,12,Diciembre,23,2022,9,4,I-41,1,Interestatal,Urbano,Interestatal,State Highway Agency,1,Sin jurisdiccion especial,99998,42.99841667,-88.03783056,Vehiculo en movimiento,Frente a Detrás,Not an Intersection,No fue interseccion,Sobre calle,Ninguna,Dia total,Nublado,No,NO APLICA,9,8,9,16,1,23/12/2022,3
55,Wisconsin,550544,0,0,1,0,69,LINCOLN (69),0,NO APLICA,12,Diciembre,26,2022,7,52,CR-A,4,Calle del Condado,Rural,Colector Mayor,County Highway Agency,0,Sin jurisdiccion especial,0,45.50782778,-89.72211667,Zanja,El primer evento no fue una colision con un vehiculo automotor en transporte,T-Intersection,Interseccion de T,Sobre el lado de la calle,Ninguna,Dia total,Nublado,No,NO APLICA,7,55,7,58,1,26/12/2022,1
55,Wisconsin,550545,0,0,3,1,53,JACKSON (53),540,BLACK RIVER FALLS,12,Diciembre,22,2022,13,10,I-94,1,Interestatal,Urbano,Interestatal,State Highway Agency,1,Sin jurisdiccion especial,99998,44.30515278,-90.83428333,Vehiculo en movimiento,Detrás a Lado. ,Not an Intersection,No fue interseccion,Sobre calle,Ninguna,Dia total,Nublado,No,NO APLICA,13,99,13,12,1,22/12/2022,4
55,Wisconsin,550546,0,0,2,0,67,LANGLADE (67),0,NO APLICA,12,Diciembre,29,2022,21,3,CR-H,4,Calle del Condado,Rural,Colector Menor,County Highway Agency,0,Sin jurisdiccion especial,0,45.26311389,-89.32501111,Vehiculo en movimiento,Angulo,Four-Way Intersection,Interseccion de 4 direcciones,Sobre calle,Ninguna,Oscuro sin iluminacion,lluvia,No,NO APLICA,99,99,99,99,1,29/12/2022,6
55,Wisconsin,550547,0,0,2,0,79,MILWAUKEE (79),4380,SHOREWOOD,12,Diciembre,14,2022,11,16,SR-190 CAPITOL DR W,3,Highway estatal,Urbano,Arteria Principal,State Highway Agency,1,Sin jurisdiccion especial,99998,43.08911111,-87.89771944,Vehiculo en movimiento,Golpe Lateral - misma direccion,Not an Intersection,No fue interseccion,Sobre calle,Ninguna,Dia total,lluvia,No,NO APLICA,11,99,99,99,1,14/12/2022,3
55,Wisconsin,550548,1,1,1,0,79,MILWAUKEE (79),3100,MILWAUKEE,12,Diciembre,22,2022,5,14,SR-145 W FOND DU LAC AVE,3,Highway estatal,Urbano,Arteria Principal,State Highway Agency,1,Sin jurisdiccion especial,99998,43.08303611,-87.96741944,Peaton,El primer evento no fue una colision con un vehiculo automotor en transporte,Four-Way Intersection,Interseccion de 4 direcciones,Sobre calle,Ninguna,Oscuro con iluminacion,Nieve,No,NO APLICA,5,99,99,99,1,22/12/2022,1
55,Wisconsin,550549,0,0,10,0,79,MILWAUKEE (79),5130,WAUWATOSA,12,Diciembre,13,2022,12,5,SR-100,3,Highway estatal,Urbano,Arteria Principal,State Highway Agency,1,Sin jurisdiccion especial,99998,43.03868056,-88.04726389,Vehiculo en movimiento,Frente a Detrás,Four-Way Intersection,Interseccion de 4 direcciones,Sobre calle,Ninguna,Dia total,Nublado,No,NO APLICA,12,5,12,5,3,13/12/2022,14
55,Wisconsin,550550,0,0,2,0,79,MILWAUKEE (79),3100,MILWAUKEE,12,Diciembre,25,2022,1,41,N 35TH ST,6,Calle Local Municipalidad,Urbano,Arteria Menor,City or Municipal Highway Agency,0,Sin jurisdiccion especial,0,43.08381111,-87.95716944,Vehiculo en movimiento,Angulo,Not an Intersection,No fue interseccion,Sobre calle,Ninguna,Oscuro con iluminacion,Nublado,No,NO APLICA,99,99,99,99,1,25/12/2022,4
55,Wisconsin,550551,1,1,1,0,79,MILWAUKEE (79),3100,MILWAUKEE,10,Octubre,20,2022,23,7,US-41,2,US Highway,Urbano,Arteria Principal,State Highway Agency,1,Sin jurisdiccion especial,99998,43.11987778,-88.03507222,Peaton,El primer evento no fue una colision con un vehiculo automotor en transporte,Four-Way Intersection,Interseccion de 4 direcciones,Sobre calle,Ninguna,Oscuro con iluminacion,Despejado,No,NO APLICA,99,99,99,99,1,20/10/2022,1
55,Wisconsin,550552,1,1,1,0,79,MILWAUKEE (79),3100,MILWAUKEE,10,Octubre,15,2022,3,18,I-43,1,Interestatal,Urbano,Interestatal,State Highway Agency,1,Sin jurisdiccion especial,99998,43.04174444,-87.92500556,Peaton,El primer evento no fue una colision con un vehiculo automotor en transporte,Not an Intersection,No fue interseccion,Sobre calle,Ninguna,Oscuro con iluminacion,Despejado,No,NO APLICA,88,88,88,88,1,15/10/2022,1
55,Wisconsin,550553,0,0,2,0,79,MILWAUKEE (79),3100,MILWAUKEE,11,Noviembre,7,2022,23,24,N TEUTONIA AVE,6,Calle Local Municipalidad,Urbano,Arteria Menor,City or Municipal Highway Agency,0,Sin jurisdiccion especial,0,43.11183333,-87.95000556,Vehiculo en movimiento,Angulo,Four-Way Intersection,Interseccion de 4 direcciones,Sobre calle,Ninguna,Oscuro con iluminacion,Nublado,No,NO APLICA,23,24,23,24,2,07/11/2022,7
55,Wisconsin,550554,0,0,6,4,79,MILWAUKEE (79),3100,MILWAUKEE,10,Octubre,12,2022,9,1,N 10TH ST,6,Calle Local Municipalidad,Urbano,Arteria Menor,City or Municipal Highway Agency,0,Sin jurisdiccion especial,0,43.04022778,-87.92435556,Vehiculo en movimiento,Angulo,Four-Way Intersection,Interseccion de 4 direcciones,Sobre calle,Ninguna,Dia total,Nublado,No,NO APLICA,9,99,9,99,1,12/10/2022,2
55,Wisconsin,550555,0,0,1,0,65,LAFAYETTE (65),0,NO APLICA,12,Diciembre,7,2022,99,99,SR-78,3,Highway estatal,Rural,Colector Mayor,State Highway Agency,0,Sin jurisdiccion especial,99998,42.78526389,-89.86125833,Fin de valla,El primer evento no fue una colision con un vehiculo automotor en transporte,Not an Intersection,No fue interseccion,Sobre el lado de la calle,Ninguna,Reportada como desconocida,Reportado como desconocido,No,NO APLICA,16,53,17,5,1,07/12/2022,1