Estado,Nombre de Estado,Numero de Caso,Peatones,Personas _no_vehiculos,Vehiculos automotores,Vehiculos estacionados,Condado,Nombre Condado,Ciudad,Nombre Ciudad,Mes,Nombre Mes,Dia,Año,Hora,Minuto,Calle,Ruta,Nombre Ruta,Rural o Urbanoo,Sistema Funcional,Dueño Calle,Sistema Nacional Carreteras,Jurisdiccion Especial,Milla,Latitud,Longitud,Causa del Accidente,Tipo de Accidente,Tipo Interseccion,Columna1,Lugar en la calle,Zona de Trabajo,Luz,Clima,Autobus Escolar,Cruce de Trenes,Hora Notificacion,Minuto Notificacion,Hora Llegada,Minuto Llegada,Decesos,Fecha,PersonaVehiculo
55,Wisconsin,550556,1,1,1,0,101,RACINE (101),3970,RACINE,12,Diciembre,22,2022,22,28,ERIE ST,6,Calle Local Municipalidad,Urbano,Colector Mayor,City or Municipal Highway Agency,0,Sin jurisdiccion especial,0,42.74392778,-87.78703889,Peaton,El primer evento no fue una colision con un vehiculo automotor en transporte,Not an Intersection,No fue interseccion,Sobre calle,Ninguna,Oscuro con iluminacion,Nieve,No,NO APLICA,22,33,22,40,1,22/12/2022,1
55,Wisconsin,550557,0,0,1,0,25,DANE (25),9997,Other,12,Diciembre,19,2022,16,4,I-39,1,Interestatal,Urbano,Interestatal,State Highway Agency,1,Sin jurisdiccion especial,99998,43.19295278,-89.34347222,Valla Ferrocarril,El primer evento no fue una colision con un vehiculo automotor en transporte,Not an Intersection,No fue interseccion,Sobre el lado de la calle,Ninguna,Dia total,Nublado,No,NO APLICA,99,99,99,99,1,19/12/2022,1
55,Wisconsin,550561,0,0,1,0,23,CRAWFORD (23),3890,PRAIRIE DU CHIEN,5,Mayo,28,2022,18,5,WATER ST,6,Calle Local Municipalidad,Urbano,Colector Mayor,City or Municipal Highway Agency,0,Sin jurisdiccion especial,0,43.058275,-91.16046111,Volcadura,El primer evento no fue una colision con un vehiculo automotor en transporte,Not an Intersection,No fue interseccion,Sobre calle,Ninguna,Dia total,Despejado,No,NO APLICA,18,7,18,10,1,28/05/2022,2
55,Wisconsin,550562,0,0,1,0,73,MARATHON (73),9997,Other,11,Noviembre,18,2022,7,29,WESTON AVE,9,Desconocido,Not Reported,No reportado,Private (other than Railroad),9,Sin jurisdiccion especial,0,44.88757222,-89.57850833,Barda,El primer evento no fue una colision con un vehiculo automotor en transporte,Not an Intersection,No fue interseccion,Fuera de la calle,Ninguna,Dia total,Nublado,No,NO APLICA,7,30,7,40,1,18/11/2022,1
56,Wyoming,560001,0,0,1,0,25,NATRONA (25),90,CASPER,1,Enero,12,2022,14,23,I-25/US-87,1,Interestatal,Urbano,Interestatal,State Highway Agency,1,Sin jurisdiccion especial,1895,42.86858333,-106.34535,Volcadura,El primer evento no fue una colision con un vehiculo automotor en transporte,Not an Intersection,No fue interseccion,Sobre el lado de la calle,Ninguna,Dia total,Despejado,No,NO APLICA,14,27,14,31,1,12/01/2022,1
56,Wyoming,560002,0,0,1,0,21,LARAMIE (21),0,NO APLICA,1,Enero,24,2022,10,35,I-80/US-30,1,Interestatal,Rural,Interestatal,State Highway Agency,1,Sin jurisdiccion especial,3526,41.10818611,-104.9812278,Volcadura,El primer evento no fue una colision con un vehiculo automotor en transporte,Not an Intersection,No fue interseccion,En el medio,Ninguna,Dia total,Despejado,No,NO APLICA,10,38,10,47,1,24/01/2022,1
56,Wyoming,560003,0,0,2,0,21,LARAMIE (21),0,NO APLICA,1,Enero,28,2022,8,45,US-85,2,US Highway,Rural,Arteria Principal,State Highway Agency,1,Sin jurisdiccion especial,411,41.40869167,-104.4417056,Vehiculo en movimiento,Angulo,Not an Intersection,No fue interseccion,Sobre calle,Ninguna,Dia total,Soplando nieve,No,NO APLICA,8,47,9,16,1,28/01/2022,3
56,Wyoming,560004,0,0,1,0,21,LARAMIE (21),0,NO APLICA,2,Febrero,6,2022,10,0,I-25/US-87,1,Interestatal,Rural,Interestatal,State Highway Agency,1,Sin jurisdiccion especial,254,41.34858611,-104.8680417,Valla Ferrocarril,El primer evento no fue una colision con un vehiculo automotor en transporte,Not an Intersection,No fue interseccion,En el medio,Ninguna,Dia total,Despejado,No,NO APLICA,10,0,10,14,1,06/02/2022,1
56,Wyoming,560005,0,0,1,0,1,ALBANY (1),0,NO APLICA,2,Febrero,11,2022,9,30,I-80/US-30,1,Interestatal,Rural,Interestatal,State Highway Agency,1,Sin jurisdiccion especial,3261,41.19733333,-105.4306861,Volcadura,El primer evento no fue una colision con un vehiculo automotor en transporte,Not an Intersection,No fue interseccion,En el medio,Ninguna,Dia total,Nieve,No,NO APLICA,99,99,99,99,1,11/02/2022,3
56,Wyoming,560006,0,0,2,0,5,CAMPBELL (5),0,NO APLICA,2,Febrero,15,2022,5,15,CR-59,4,Calle del Condado,Rural,Arteria Principal,State Highway Agency,1,Sin jurisdiccion especial,916,43.99873611,-105.4565444,Vehiculo en movimiento,Frente a frente,Not an Intersection,No fue interseccion,Sobre calle,Ninguna,Oscuro sin iluminacion,Despejado,No,NO APLICA,5,22,5,45,1,15/02/2022,2
56,Wyoming,560007,1,1,1,0,7,CARBON (7),0,NO APLICA,2,Febrero,14,2022,21,50,I-80/US-30/US-287,1,Interestatal,Rural,Interestatal,State Highway Agency,1,Sin jurisdiccion especial,2228,41.77266389,-107.0657139,Peaton,El primer evento no fue una colision con un vehiculo automotor en transporte,Not an Intersection,No fue interseccion,Sobre calle,Ninguna,Oscuro sin iluminacion,Despejado,No,NO APLICA,21,54,22,5,1,14/02/2022,1
56,Wyoming,560008,0,0,2,0,29,PARK (29),0,NO APLICA,2,Febrero,16,2022,7,36,US-14A,2,US Highway,Rural,Arteria Menor,State Highway Agency,9,Sin jurisdiccion especial,307,44.78586667,-108.6362111,Vehiculo en movimiento,Angulo,Not an Intersection,No fue interseccion,Sobre calle,Ninguna,Dia total,Nieve,No,NO APLICA,7,38,7,48,2,16/02/2022,4
56,Wyoming,560009,0,0,2,0,7,CARBON (7),0,NO APLICA,2,Febrero,16,2022,8,35,SR-230,3,Highway estatal,Rural,Arteria Menor,State Highway Agency,0,Sin jurisdiccion especial,1099,41.17495556,-106.61355,Vehiculo en movimiento,Angulo,Not an Intersection,No fue interseccion,Sobre calle,Ninguna,Dia total,Nieve,No,NO APLICA,8,37,9,26,1,16/02/2022,2
56,Wyoming,560010,1,1,1,0,13,FREMONT (13),0,NO APLICA,2,Febrero,20,2022,19,30,US-26/WY-789,2,US Highway,Rural,Arteria Principal,State Highway Agency,1,Sin jurisdiccion especial,1189,43.18442778,-108.2468306,Peaton,El primer evento no fue una colision con un vehiculo automotor en transporte,Not an Intersection,No fue interseccion,Sobre calle,Ninguna,Oscuro sin iluminacion,Despejado,No,NO APLICA,19,32,19,55,1,20/02/2022,1
56,Wyoming,560011,0,0,2,0,11,CROOK (11),0,NO APLICA,2,Febrero,22,2022,8,58,I-90,1,Interestatal,Rural,Interestatal,State Highway Agency,1,Sin jurisdiccion especial,1621,44.27605556,-104.7957694,Vehiculo en movimiento,Frente a Detrás,Not an Intersection,No fue interseccion,Sobre calle,Ninguna,Dia total,Nublado,No,NO APLICA,9,1,9,21,1,22/02/2022,3
56,Wyoming,560012,0,0,3,0,21,LARAMIE (21),0,NO APLICA,3,Marzo,12,2022,11,20,US-85,2,US Highway,Rural,Arteria Principal,State Highway Agency,1,Sin jurisdiccion especial,412,41.40896389,-104.4408528,Vehiculo en movimiento,Golpe Lateral - misma direccion,Not an Intersection,No fue interseccion,Sobre calle,Ninguna,Dia total,Vientos cruzados pero de los mamalones,No,NO APLICA,88,88,88,88,1,12/03/2022,4
56,Wyoming,560013,0,0,2,0,31,PLATTE (31),0,NO APLICA,3,Marzo,7,2022,7,24,SR-320,3,Highway estatal,Rural,Colector Mayor,State Highway Agency,0,Sin jurisdiccion especial,30,42.11016111,-104.9471722,Vehiculo en movimiento,Angulo,Not an Intersection,No fue interseccion,Sobre calle,Ninguna,Dia total,Despejado,No,NO APLICA,7,26,7,31,1,07/03/2022,2
56,Wyoming,560014,0,0,1,0,13,FREMONT (13),460,LANDER,3,Marzo,14,2022,19,22,US-287 10TH ST,2,US Highway,Urbano,Arteria Principal,State Highway Agency,1,Sin jurisdiccion especial,12,42.84041111,-108.7451111,Poste o otros soportes,El primer evento no fue una colision con un vehiculo automotor en transporte,Not an Intersection,No fue interseccion,Sobre el lado de la calle,Ninguna,Atardecer,Despejado,No,NO APLICA,19,24,19,30,1,14/03/2022,1
56,Wyoming,560015,1,1,1,0,41,UINTA (41),0,NO APLICA,3,Marzo,14,2022,23,15,I-80/US-189,1,Interestatal,Rural,Interestatal,State Highway Agency,1,Sin jurisdiccion especial,83,41.2623,-110.8988056,Peaton,El primer evento no fue una colision con un vehiculo automotor en transporte,Not an Intersection,No fue interseccion,Sobre calle,Ninguna,Oscuro sin iluminacion,Despejado,No,NO APLICA,23,19,23,25,1,14/03/2022,3
56,Wyoming,560016,0,0,1,0,13,FREMONT (13),0,NO APLICA,3,Marzo,24,2022,22,15,CR-4/TWEED LN,4,Calle del Condado,Rural,Local,County Highway Agency,0,Sin jurisdiccion especial,24,42.87746944,-108.7455028,Zanja,El primer evento no fue una colision con un vehiculo automotor en transporte,Not an Intersection,No fue interseccion,Sobre el lado de la calle,Ninguna,Oscuro sin iluminacion,Despejado,No,NO APLICA,22,18,22,27,2,24/03/2022,3
56,Wyoming,560017,0,0,1,0,41,UINTA (41),0,NO APLICA,4,Abril,10,2022,19,25,I-80,1,Interestatal,Rural,Interestatal,State Highway Agency,1,Sin jurisdiccion especial,264,41.29776667,-110.5791278,Acotamiento,El primer evento no fue una colision con un vehiculo automotor en transporte,Not an Intersection,No fue interseccion,Sobre el lado de la calle,Ninguna,Atardecer,Nublado,No,NO APLICA,19,27,19,44,1,10/04/2022,1
56,Wyoming,560018,0,0,1,0,41,UINTA (41),0,NO APLICA,4,Abril,12,2022,1,55,I-80,1,Interestatal,Rural,Interestatal,State Highway Agency,1,Sin jurisdiccion especial,524,41.42831111,-110.1229556,Jackknife (harmful to this vehicle),El primer evento no fue una colision con un vehiculo automotor en transporte,Not an Intersection,No fue interseccion,Sobre calle,Ninguna,Oscuro sin iluminacion,Nieve,No,NO APLICA,2,22,2,35,1,12/04/2022,1
56,Wyoming,560019,0,0,1,0,21,LARAMIE (21),100,CHEYENNE,4,Abril,9,2022,22,0,CR-125-2,4,Calle del Condado,Urbano,Arteria Menor,County Highway Agency,0,Sin jurisdiccion especial,37,41.2124,-104.7914333,Volcadura,El primer evento no fue una colision con un vehiculo automotor en transporte,Not an Intersection,No fue interseccion,Sobre el lado de la calle,Ninguna,Oscuro sin iluminacion,Despejado,No,NO APLICA,22,13,22,22,1,09/04/2022,1
56,Wyoming,560020,0,0,1,0,23,LINCOLN (23),0,NO APLICA,4,Abril,17,2022,5,20,US-30,2,US Highway,Rural,Arteria Principal,State Highway Agency,1,Sin jurisdiccion especial,868,41.68743889,-110.0646417,Poste o otros soportes,El primer evento no fue una colision con un vehiculo automotor en transporte,Not an Intersection,No fue interseccion,Sobre el lado de la calle,Ninguna,Oscuro sin iluminacion,Despejado,No,NO APLICA,5,22,5,55,1,17/04/2022,3
56,Wyoming,560021,0,0,1,0,7,CARBON (7),690,RAWLINS,4,Abril,17,2022,6,10,I-80/US-30,1,Interestatal,Urbano,Interestatal,State Highway Agency,1,Sin jurisdiccion especial,2155,41.78865,-107.2014583,Valla Ferrocarril,El primer evento no fue una colision con un vehiculo automotor en transporte,Not an Intersection,No fue interseccion,En el medio,Ninguna,Oscuro sin iluminacion,Nublado,No,NO APLICA,6,15,6,21,2,17/04/2022,2
56,Wyoming,560022,0,0,1,0,13,FREMONT (13),0,NO APLICA,4,Abril,20,2022,15,10,CR-346  S FORK RD,4,Calle del Condado,Rural,Colector Menor,County Highway Agency,0,Sin jurisdiccion especial,28,42.995425,-108.9383889,Volcadura,El primer evento no fue una colision con un vehiculo automotor en transporte,Not an Intersection,No fue interseccion,Sobre el lado de la calle,Ninguna,Dia total,Reportado como desconocido,No,NO APLICA,99,99,99,99,1,20/04/2022,2
56,Wyoming,560023,0,0,1,0,23,LINCOLN (23),0,NO APLICA,5,Mayo,1,2022,2,0,CR-116/PRATER CANYON,4,Calle del Condado,Rural,Colector Menor,County Highway Agency,0,Sin jurisdiccion especial,2,42.98244722,-111.0085139,Poste o otros soportes,El primer evento no fue una colision con un vehiculo automotor en transporte,Not an Intersection,No fue interseccion,Sobre el lado de la calle,Ninguna,Oscuro sin iluminacion,Nublado,No,NO APLICA,99,99,99,99,1,01/05/2022,1
56,Wyoming,560024,0,0,2,0,25,NATRONA (25),90,CASPER,5,Mayo,7,2022,4,23,I-25/US-87,1,Interestatal,Rural,Interestatal,State Highway Agency,1,Sin jurisdiccion especial,1931,42.92025556,-106.3364444,Vehiculo en movimiento,Golpe Lateral - direccion contraria,Not an Intersection,No fue interseccion,Sobre calle,Ninguna,Oscuro sin iluminacion,Despejado,No,NO APLICA,4,22,4,30,3,07/05/2022,4
56,Wyoming,560025,0,0,1,0,25,NATRONA (25),90,CASPER,4,Abril,17,2022,16,32,S DAVID ST,5,Calle Local - Pueblo,Urbano,Local,City or Municipal Highway Agency,0,Sin jurisdiccion especial,1068,42.80496389,-106.3320417,Alguien se cayo/avento del vehiculo,El primer evento no fue una colision con un vehiculo automotor en transporte,Not an Intersection,No fue interseccion,Sobre calle,Ninguna,Dia total,Despejado,No,NO APLICA,99,99,99,99,1,17/04/2022,4
56,Wyoming,560026,0,0,1,0,5,CAMPBELL (5),0,NO APLICA,5,Mayo,7,2022,22,39,CR-16/BREENE RD,4,Calle del Condado,Rural,Local,County Highway Agency,0,Sin jurisdiccion especial,2,43.85345,-105.4559778,Zanja,El primer evento no fue una colision con un vehiculo automotor en transporte,Not an Intersection,No fue interseccion,Sobre el lado de la calle,Ninguna,Oscuro sin iluminacion,Despejado,No,NO APLICA,22,39,22,49,1,07/05/2022,3
56,Wyoming,560027,0,0,1,0,23,LINCOLN (23),0,NO APLICA,5,Mayo,17,2022,17,30,US-189,2,US Highway,Rural,Arteria Menor,State Highway Agency,0,Sin jurisdiccion especial,320,41.73869444,-110.5630778,Poste o otros soportes,El primer evento no fue una colision con un vehiculo automotor en transporte,Not an Intersection,No fue interseccion,Sobre el lado de la calle,Ninguna,Dia total,Despejado,No,NO APLICA,17,33,17,50,1,17/05/2022,1
56,Wyoming,560028,0,0,2,0,15,GOSHEN (15),0,NO APLICA,5,Mayo,24,2022,17,31,US-85,2,US Highway,Rural,Arteria Principal,State Highway Agency,1,Sin jurisdiccion especial,621,41.63694444,-104.2423472,Vehiculo en movimiento,Frente a Detrás,Not an Intersection,No fue interseccion,Sobre calle,Ninguna,Dia total,Despejado,No,NO APLICA,99,99,99,99,1,24/05/2022,3
56,Wyoming,560029,0,0,1,0,21,LARAMIE (21),0,NO APLICA,4,Abril,30,2022,9,5,SERVICE RD I-80,8,Otro,Rural,Local,State Highway Agency,0,Sin jurisdiccion especial,95,41.15525556,-104.2164944,Volcadura,El primer evento no fue una colision con un vehiculo automotor en transporte,L-Intersection,Interseccion en L,Sobre el lado de la calle,Ninguna,Dia total,Despejado,No,NO APLICA,9,10,9,26,1,30/04/2022,1
56,Wyoming,560030,0,0,1,0,31,PLATTE (31),0,NO APLICA,5,Mayo,28,2022,14,54,I-25/US-26/US-87,1,Interestatal,Rural,Interestatal,State Highway Agency,1,Sin jurisdiccion especial,996,42.33326667,-105.0456222,Volcadura,El primer evento no fue una colision con un vehiculo automotor en transporte,Not an Intersection,No fue interseccion,Sobre el lado de la calle,Ninguna,Dia total,Despejado,No,NO APLICA,14,57,15,29,2,28/05/2022,2
56,Wyoming,560031,0,0,1,0,7,CARBON (7),0,NO APLICA,6,Junio,5,2022,15,20,I-80/US-30/US-287,1,Interestatal,Rural,Interestatal,State Highway Agency,1,Sin jurisdiccion especial,2271,41.75791667,-106.9834361,Volcadura,El primer evento no fue una colision con un vehiculo automotor en transporte,Not an Intersection,No fue interseccion,En el medio,Ninguna,Dia total,Despejado,No,NO APLICA,15,24,15,40,1,05/06/2022,2
56,Wyoming,560032,0,0,1,0,31,PLATTE (31),0,NO APLICA,6,Junio,9,2022,20,54,CR-204 PALMER CANYON RD,4,Calle del Condado,Rural,Colector Menor,County Highway Agency,0,Sin jurisdiccion especial,425,42.04337222,-105.1104306,Volcadura,El primer evento no fue una colision con un vehiculo automotor en transporte,Not an Intersection,No fue interseccion,Sobre el lado de la calle,Ninguna,Atardecer,Despejado,No,NO APLICA,20,57,21,14,1,09/06/2022,1
56,Wyoming,560033,0,0,1,0,29,PARK (29),0,NO APLICA,6,Junio,12,2022,0,20,SR-294,3,Highway estatal,Rural,Colector Mayor,State Highway Agency,0,Sin jurisdiccion especial,173,44.88954167,-109.079175,Animal vivo,El primer evento no fue una colision con un vehiculo automotor en transporte,Not an Intersection,No fue interseccion,Sobre calle,Ninguna,Oscuro sin iluminacion,Despejado,No,NO APLICA,0,26,0,43,1,12/06/2022,2
56,Wyoming,560034,0,0,2,0,25,NATRONA (25),0,NO APLICA,6,Junio,9,2022,20,24,SR-220,3,Highway estatal,Rural,Arteria Principal,State Highway Agency,1,Sin jurisdiccion especial,806,42.55465556,-106.8347778,Vehiculo en movimiento,Angulo,T-Intersection,Interseccion de T,Sobre calle,Ninguna,Dia total,Despejado,No,NO APLICA,20,24,20,34,1,09/06/2022,5
56,Wyoming,560035,0,0,1,0,1,ALBANY (1),0,NO APLICA,6,Junio,12,2022,23,13,CR-45 LAKE HATTIE RD,4,Calle del Condado,Rural,Local,County Highway Agency,0,Sin jurisdiccion especial,0,41.21876667,-105.9026389,Volcadura,El primer evento no fue una colision con un vehiculo automotor en transporte,Y-Intersection,Interseccion de Y,Sobre el lado de la calle,Ninguna,Oscuro sin iluminacion,Despejado,No,NO APLICA,23,13,23,42,1,12/06/2022,1
56,Wyoming,560036,0,0,1,0,37,SWEETWATER (37),0,NO APLICA,6,Junio,19,2022,2,47,US-191,2,US Highway,Rural,Arteria Menor,State Highway Agency,0,Sin jurisdiccion especial,5070,41.46078056,-109.3018444,Poste de Señal de trafico,El primer evento no fue una colision con un vehiculo automotor en transporte,Not an Intersection,No fue interseccion,Sobre el lado de la calle,Ninguna,Oscuro sin iluminacion,lluvia,No,NO APLICA,2,55,3,7,1,19/06/2022,5
56,Wyoming,560037,0,0,1,0,7,CARBON (7),0,NO APLICA,6,Junio,23,2022,10,6,CR-220,4,Calle del Condado,Rural,Arteria Principal,State Highway Agency,1,Sin jurisdiccion especial,530,42.415925,-107.2932111,Volcadura,El primer evento no fue una colision con un vehiculo automotor en transporte,Not an Intersection,No fue interseccion,Sobre el lado de la calle,Ninguna,Dia total,Despejado,No,NO APLICA,10,4,10,43,1,23/06/2022,1
56,Wyoming,560038,0,0,1,0,7,CARBON (7),0,NO APLICA,6,Junio,26,2022,5,25,SR-70,3,Highway estatal,Rural,Colector Mayor,State Highway Agency,0,Sin jurisdiccion especial,471,41.15421389,-106.9414222,Volcadura,El primer evento no fue una colision con un vehiculo automotor en transporte,Not an Intersection,No fue interseccion,Sobre el lado de la calle,Ninguna,Amanecer,Despejado,No,NO APLICA,5,45,6,30,1,26/06/2022,1
56,Wyoming,560039,0,0,3,0,9,CONVERSE (9),0,NO APLICA,6,Junio,4,2022,11,50,SR-93,3,Highway estatal,Urbano,Colector Mayor,State Highway Agency,0,Sin jurisdiccion especial,78,42.84090556,-105.4879361,Vehiculo en movimiento,Frente a frente,T-Intersection,Interseccion de T,Sobre calle,Ninguna,Dia total,Despejado,No,NO APLICA,11,52,12,10,1,04/06/2022,3
56,Wyoming,560040,0,0,1,0,39,TETON (39),0,NO APLICA,6,Junio,17,2022,23,1,CR-22,4,Calle del Condado,Rural,Arteria Menor,State Highway Agency,0,Sin jurisdiccion especial,124,43.50010556,-110.9764333,Volcadura,El primer evento no fue una colision con un vehiculo automotor en transporte,Not an Intersection,No fue interseccion,Sobre el lado de la calle,Ninguna,Oscuro sin iluminacion,Despejado,No,NO APLICA,99,99,99,99,1,17/06/2022,1
56,Wyoming,560041,0,0,1,0,9,CONVERSE (9),0,NO APLICA,6,Junio,26,2022,23,5,SR-91,3,Highway estatal,Rural,Colector Menor,State Highway Agency,0,Sin jurisdiccion especial,63,42.72303889,-105.4786917,Acotamiento,El primer evento no fue una colision con un vehiculo automotor en transporte,Not an Intersection,No fue interseccion,Sobre el lado de la calle,Ninguna,Oscuro sin iluminacion,Despejado,No,NO APLICA,23,7,23,21,1,26/06/2022,1
56,Wyoming,560042,0,0,2,0,21,LARAMIE (21),0,NO APLICA,6,Junio,17,2022,1,20,I-80/US-30,1,Interestatal,Rural,Interestatal,State Highway Agency,1,Sin jurisdiccion especial,3831,41.15752778,-104.4116611,Volcadura,El primer evento no fue una colision con un vehiculo automotor en transporte,Not an Intersection,No fue interseccion,Sobre calle,Ninguna,Oscuro sin iluminacion,lluvia,No,NO APLICA,99,99,99,99,3,17/06/2022,3
56,Wyoming,560043,0,0,2,0,21,LARAMIE (21),0,NO APLICA,7,Julio,8,2022,23,20,I-80 SVRD,7,Calle Local,Rural,Colector Mayor,State Highway Agency,0,Sin jurisdiccion especial,129,41.158375,-104.4075806,Vehiculo en movimiento,Angulo,Four-Way Intersection,Interseccion de 4 direcciones,Sobre calle,Ninguna,Oscuro sin iluminacion,Despejado,No,NO APLICA,23,24,23,40,1,08/07/2022,4
56,Wyoming,560044,0,0,1,0,35,SUBLETTE (35),0,NO APLICA,7,Julio,9,2022,20,5,US-191,2,US Highway,Rural,Arteria Principal,State Highway Agency,1,Sin jurisdiccion especial,667,42.46886667,-109.572175,Otro objeto (fijo),El primer evento no fue una colision con un vehiculo automotor en transporte,Not an Intersection,No fue interseccion,Sobre el lado de la calle,Ninguna,Dia total,Despejado,No,NO APLICA,20,10,20,35,1,09/07/2022,1
56,Wyoming,560045,0,0,1,0,1,ALBANY (1),0,NO APLICA,7,Julio,10,2022,11,30,I-80/US-30,1,Interestatal,Rural,Interestatal,State Highway Agency,1,Sin jurisdiccion especial,3350,41.12529722,-105.3089028,Volcadura,El primer evento no fue una colision con un vehiculo automotor en transporte,Not an Intersection,No fue interseccion,En el medio,Ninguna,Dia total,Despejado,No,NO APLICA,11,31,11,52,1,10/07/2022,2
56,Wyoming,560046,0,0,1,0,11,CROOK (11),0,NO APLICA,7,Julio,21,2022,23,48,LIBERTY LN,9,Desconocido,Rural,Local,Town or Township Highway Agency,0,Sin jurisdiccion especial,970,44.32654444,-104.8277833,Volcadura,El primer evento no fue una colision con un vehiculo automotor en transporte,Not an Intersection,No fue interseccion,Sobre el lado de la calle,Ninguna,Oscuro sin iluminacion,Despejado,No,NO APLICA,0,1,0,9,1,21/07/2022,1
56,Wyoming,560047,0,0,2,0,23,LINCOLN (23),0,NO APLICA,7,Julio,22,2022,12,23,US-30/WY-89,2,US Highway,Rural,Arteria Principal,State Highway Agency,1,Sin jurisdiccion especial,298,41.81558056,-110.9826306,Vehiculo en movimiento,Angulo,T-Intersection,Interseccion de T,Sobre calle,Ninguna,Dia total,Despejado,No,NO APLICA,12,27,12,47,1,22/07/2022,3
56,Wyoming,560048,0,0,2,0,1,ALBANY (1),0,NO APLICA,7,Julio,16,2022,12,38,CR-17,4,Calle del Condado,Rural,Local,County Highway Agency,0,Sin jurisdiccion especial,181,41.38661389,-105.3496694,Vehiculo en movimiento,Frente a frente,Not an Intersection,No fue interseccion,Sobre calle,Ninguna,Dia total,Despejado,No,NO APLICA,12,40,13,9,1,16/07/2022,2
56,Wyoming,560049,0,0,1,0,29,PARK (29),0,NO APLICA,7,Julio,16,2022,16,30,US-212,2,US Highway,Rural,Arteria Menor,National Park Service,0,Sin jurisdiccion especial,37,44.96093611,-109.8182167,Animal vivo,El primer evento no fue una colision con un vehiculo automotor en transporte,Not an Intersection,No fue interseccion,Sobre calle,Ninguna,Dia total,Despejado,No,NO APLICA,16,52,18,1,1,16/07/2022,2
56,Wyoming,560050,0,0,1,0,23,LINCOLN (23),0,NO APLICA,7,Julio,31,2022,17,58,US-89,2,US Highway,Rural,Arteria Principal,State Highway Agency,1,Sin jurisdiccion especial,717,42.53891111,-110.8998972,Fin de valla,El primer evento no fue una colision con un vehiculo automotor en transporte,Not an Intersection,No fue interseccion,Sobre el lado de la calle,Ninguna,Dia total,Despejado,No,NO APLICA,18,2,18,18,1,31/07/2022,1
56,Wyoming,560051,0,0,3,0,37,SWEETWATER (37),0,NO APLICA,8,Agosto,2,2022,12,24,I-80/US-30,1,Interestatal,Rural,Interestatal,State Highway Agency,1,Sin jurisdiccion especial,1236,41.68671667,-108.9149028,Vehiculo en movimiento,Golpe Lateral - misma direccion,Not an Intersection,No fue interseccion,Sobre calle,Ninguna,Dia total,Despejado,No,NO APLICA,12,30,12,47,1,02/08/2022,5
56,Wyoming,560052,0,0,2,0,29,PARK (29),130,CODY,8,Agosto,2,2022,12,26,US-14/US-16/US-20,2,US Highway,Urbano,Arteria Principal,State Highway Agency,1,Sin jurisdiccion especial,546,44.51160278,-109.026275,Vehiculo en movimiento,Angulo,T-Intersection,Interseccion de T,Sobre calle,Ninguna,Dia total,Nublado,No,NO APLICA,12,21,12,27,1,02/08/2022,6
56,Wyoming,560053,0,0,1,0,39,TETON (39),0,NO APLICA,8,Agosto,7,2022,11,42,SR-22,3,Highway estatal,Rural,Arteria Menor,State Highway Agency,0,Sin jurisdiccion especial,129,43.50115,-110.9796333,Otra no colicion,El primer evento no fue una colision con un vehiculo automotor en transporte,Not an Intersection,No fue interseccion,Sobre calle,Ninguna,Dia total,Despejado,No,NO APLICA,11,44,11,48,1,07/08/2022,1
56,Wyoming,560054,0,0,1,0,21,LARAMIE (21),0,NO APLICA,8,Agosto,1,2022,1,4,CR-124-2,4,Calle del Condado,Rural,Colector Menor,County Highway Agency,0,Sin jurisdiccion especial,108,41.38151944,-104.8701111,Poste o otros soportes,El primer evento no fue una colision con un vehiculo automotor en transporte,Not an Intersection,No fue interseccion,Sobre el lado de la calle,Ninguna,Oscuro sin iluminacion,Despejado,No,NO APLICA,0,40,1,2,1,01/08/2022,4
56,Wyoming,560055,0,0,1,0,19,JOHNSON (19),0,NO APLICA,8,Agosto,5,2022,18,31,I-90,1,Interestatal,Rural,Interestatal,State Highway Agency,1,Sin jurisdiccion especial,937,44.21513611,-106.0611167,Valla Ferrocarril,El primer evento no fue una colision con un vehiculo automotor en transporte,Not an Intersection,No fue interseccion,Sobre el lado de la calle,Ninguna,Dia total,Vientos cruzados pero de los mamalones,No,NO APLICA,18,47,19,15,1,05/08/2022,1
56,Wyoming,560056,0,0,1,0,21,LARAMIE (21),0,NO APLICA,8,Agosto,10,2022,1,0,CR-211,4,Calle del Condado,Rural,Colector Mayor,State Highway Agency,0,Sin jurisdiccion especial,629,41.41334444,-105.1819639,Zanja,El primer evento no fue una colision con un vehiculo automotor en transporte,Not an Intersection,No fue interseccion,Sobre el lado de la calle,Ninguna,Oscuro sin iluminacion,Despejado,No,NO APLICA,88,88,88,88,1,10/08/2022,1
56,Wyoming,560057,0,0,1,0,1,ALBANY (1),470,LARAMIE,7,Julio,13,2022,14,0,JACKSON ST/SNOWY RANGE RD,5,Calle Local - Pueblo,Urbano,Arteria Menor,State Highway Agency,0,Sin jurisdiccion especial,18,41.30890556,-105.6240306,Volcadura,El primer evento no fue una colision con un vehiculo automotor en transporte,Not an Intersection,No fue interseccion,Sobre calle,Ninguna,Dia total,Despejado,No,NO APLICA,14,3,14,6,1,13/07/2022,1