Estado,Nombre de Estado,Numero de Caso,Peatones,Personas _no_vehiculos,Vehiculos automotores,Vehiculos estacionados,Condado,Nombre Condado,Ciudad,Nombre Ciudad,Mes,Nombre Mes,Dia,Año,Hora,Minuto,Calle,Ruta,Nombre Ruta,Rural o Urbanoo,Sistema Funcional,Dueño Calle,Sistema Nacional Carreteras,Jurisdiccion Especial,Milla,Latitud,Longitud,Causa del Accidente,Tipo de Accidente,Tipo Interseccion,Columna1,Lugar en la calle,Zona de Trabajo,Luz,Clima,Autobus Escolar,Cruce de Trenes,Hora Notificacion,Minuto Notificacion,Hora Llegada,Minuto Llegada,Decesos,Fecha,PersonaVehiculo
56,Wyoming,560058,0,0,2,0,19,JOHNSON (19),0,NO APLICA,8,Agosto,10,2022,15,27,US-16,2,US Highway,Rural,Arteria Principal,State Highway Agency,1,Sin jurisdiccion especial,599,44.15078333,-107.0198056,Vehiculo en movimiento,Frente a frente,Not an Intersection,No fue interseccion,Sobre calle,Ninguna,Dia total,Despejado,No,NO APLICA,15,28,15,58,1,10/08/2022,5
56,Wyoming,560059,0,0,1,0,15,GOSHEN (15),0,NO APLICA,8,Agosto,12,2022,13,17,US-85,2,US Highway,Rural,Arteria Principal,State Highway Agency,1,Sin jurisdiccion especial,1341,42.559225,-104.3708472,Barda,El primer evento no fue una colision con un vehiculo automotor en transporte,Not an Intersection,No fue interseccion,Sobre el lado de la calle,Ninguna,Dia total,Despejado,No,NO APLICA,13,45,14,6,1,12/08/2022,1
56,Wyoming,560060,0,0,2,0,11,CROOK (11),0,NO APLICA,8,Agosto,12,2022,13,54,US-14,2,US Highway,Rural,Colector Mayor,State Highway Agency,0,Sin jurisdiccion especial,1853,44.45847222,-104.6461806,Volcadura,El primer evento no fue una colision con un vehiculo automotor en transporte,Not an Intersection,No fue interseccion,Sobre calle,Ninguna,Dia total,Despejado,No,NO APLICA,13,54,14,15,1,12/08/2022,4
56,Wyoming,560061,2,2,1,0,23,LINCOLN (23),820,THAYNE,8,Agosto,12,2022,22,22,US-89 MAIN ST,2,US Highway,Urbano,Arteria Principal,State Highway Agency,1,Sin jurisdiccion especial,999,42.92008889,-111.0024083,Peaton,El primer evento no fue una colision con un vehiculo automotor en transporte,Not an Intersection,No fue interseccion,Sobre calle,Ninguna,Oscuro con iluminacion,Despejado,No,NO APLICA,22,28,22,31,2,12/08/2022,1
56,Wyoming,560062,0,0,1,0,13,FREMONT (13),0,NO APLICA,7,Julio,22,2022,21,30,DEER CREEK RD,8,Otro,Rural,Local,Bureau of Land Management,0,otro,0,42.92598333,-107.5084639,Volcadura,El primer evento no fue una colision con un vehiculo automotor en transporte,Not an Intersection,No fue interseccion,Sobre el lado de la calle,Ninguna,Oscuro sin iluminacion,Despejado,No,NO APLICA,1,51,2,38,1,22/07/2022,2
56,Wyoming,560063,0,0,3,0,5,CAMPBELL (5),0,NO APLICA,8,Agosto,13,2022,0,6,SR-387,3,Highway estatal,Rural,Arteria Menor,State Highway Agency,0,Sin jurisdiccion especial,1384,43.64713611,-105.6611028,Vehiculo en movimiento,Frente a frente,Not an Intersection,No fue interseccion,Sobre calle,Ninguna,Oscuro sin iluminacion,Despejado,No,NO APLICA,0,7,0,16,2,13/08/2022,5
56,Wyoming,560064,0,0,1,0,3,BIG HORN (3),0,NO APLICA,8,Agosto,13,2022,19,5,SR-30,3,Highway estatal,Rural,Colector Mayor,State Highway Agency,0,Sin jurisdiccion especial,1197,44.41805,-108.4278944,Volcadura,El primer evento no fue una colision con un vehiculo automotor en transporte,Not an Intersection,No fue interseccion,Sobre el lado de la calle,Ninguna,Dia total,Despejado,No,NO APLICA,99,99,99,99,1,13/08/2022,1
56,Wyoming,560065,0,0,1,0,23,LINCOLN (23),0,NO APLICA,8,Agosto,8,2022,23,42,CR-117 MUDDY STRING,4,Calle del Condado,Rural,Colector Mayor,County Highway Agency,0,Sin jurisdiccion especial,29,42.95903056,-110.9729111,Suelo,El primer evento no fue una colision con un vehiculo automotor en transporte,Not an Intersection,No fue interseccion,Sobre el lado de la calle,Ninguna,Oscuro sin iluminacion,Despejado,No,NO APLICA,88,88,88,88,1,08/08/2022,1
56,Wyoming,560066,0,0,1,0,13,FREMONT (13),0,NO APLICA,8,Agosto,25,2022,3,20,US-26,2,US Highway,Rural,Arteria Principal,State Highway Agency,1,Sin jurisdiccion especial,1055,43.22453333,-108.8402694,Volcadura,El primer evento no fue una colision con un vehiculo automotor en transporte,Not an Intersection,No fue interseccion,Sobre el lado de la calle,Ninguna,Oscuro sin iluminacion,Despejado,No,NO APLICA,3,21,3,55,1,25/08/2022,1
56,Wyoming,560067,0,0,1,0,37,SWEETWATER (37),0,NO APLICA,8,Agosto,26,2022,10,33,CR-9 LITTLE FIREHOLE RD,4,Calle del Condado,Rural,Local,County Highway Agency,0,Sin jurisdiccion especial,45,41.44418889,-109.3365361,Otro objeto (no fijo),El primer evento no fue una colision con un vehiculo automotor en transporte,Not an Intersection,No fue interseccion,Sobre calle,Ninguna,Dia total,Despejado,No,NO APLICA,10,40,11,0,1,26/08/2022,1
56,Wyoming,560068,0,0,1,0,33,SHERIDAN (33),0,NO APLICA,8,Agosto,28,2022,21,0,SR-336,3,Highway estatal,Rural,Colector Mayor,State Highway Agency,0,Sin jurisdiccion especial,47,44.83488056,-106.8779639,Culvert,El primer evento no fue una colision con un vehiculo automotor en transporte,Not an Intersection,No fue interseccion,Sobre el lado de la calle,Ninguna,Oscuro sin iluminacion,Despejado,No,NO APLICA,22,21,22,29,1,28/08/2022,1
56,Wyoming,560069,0,0,2,0,29,PARK (29),0,NO APLICA,8,Agosto,26,2022,16,5,US-14A/WY-114,2,US Highway,Rural,Arteria Principal,State Highway Agency,1,Sin jurisdiccion especial,68,44.58052222,-108.9703,Vehiculo en movimiento,Angulo,Not an Intersection,No fue interseccion,Sobre calle,Ninguna,Dia total,Despejado,No,NO APLICA,16,13,16,25,1,26/08/2022,3
56,Wyoming,560070,0,0,1,0,19,JOHNSON (19),0,NO APLICA,8,Agosto,17,2022,11,58,US-16,2,US Highway,Rural,Arteria Principal,State Highway Agency,1,Sin jurisdiccion especial,861,44.32933333,-106.8103611,Volcadura,El primer evento no fue una colision con un vehiculo automotor en transporte,Not an Intersection,No fue interseccion,Sobre el lado de la calle,Ninguna,Dia total,Despejado,No,NO APLICA,88,88,88,88,1,17/08/2022,1
56,Wyoming,560071,0,0,1,0,1,ALBANY (1),0,NO APLICA,8,Agosto,28,2022,20,14,FOREST SERVICE RD 500,8,Otro,Not Reported,No reportado,"State Park, Forest, or Reservation Agency",0,Servicio de Parques Nacional,0,41.18433611,-106.146675,Volcadura,El primer evento no fue una colision con un vehiculo automotor en transporte,Not an Intersection,No fue interseccion,Sobre el lado de la calle,Ninguna,Reportada como desconocida,Despejado,No,NO APLICA,20,17,20,48,1,28/08/2022,1
56,Wyoming,560072,1,1,1,0,21,LARAMIE (21),100,CHEYENNE,8,Agosto,22,2022,17,0,E LINCOLNWAY I-80 BUS/US-30,5,Calle Local - Pueblo,Urbano,Arteria Principal,State Highway Agency,1,Sin jurisdiccion especial,3645,41.138425,-104.7733972,Peaton,El primer evento no fue una colision con un vehiculo automotor en transporte,Not an Intersection,No fue interseccion,Sobre Acotamiento,Ninguna,Dia total,Despejado,No,NO APLICA,99,99,99,99,1,22/08/2022,1
56,Wyoming,560073,0,0,2,0,21,LARAMIE (21),0,NO APLICA,9,Septiembre,3,2022,4,41,I-80/US-30,1,Interestatal,Rural,Interestatal,State Highway Agency,1,Sin jurisdiccion especial,3855,41.15776944,-104.3665111,Vehiculo en movimiento,Angulo,Not an Intersection,No fue interseccion,Sobre calle,Ninguna,Oscuro sin iluminacion,Despejado,No,NO APLICA,4,43,4,49,2,03/09/2022,3
56,Wyoming,560074,0,0,2,0,25,NATRONA (25),0,NO APLICA,9,Septiembre,4,2022,10,25,US-20/US-26,2,US Highway,Rural,Arteria Principal,State Highway Agency,1,Sin jurisdiccion especial,477,43.06023056,-107.1392194,Vehiculo en movimiento,Angulo,Not an Intersection,No fue interseccion,Sobre calle,Ninguna,Dia total,Despejado,No,NO APLICA,10,25,10,58,1,04/09/2022,2
56,Wyoming,560075,0,0,1,0,19,JOHNSON (19),0,NO APLICA,9,Septiembre,4,2022,15,35,US-16,2,US Highway,Rural,Arteria Principal,State Highway Agency,1,Sin jurisdiccion especial,582,44.15779167,-107.0469194,Zanja,El primer evento no fue una colision con un vehiculo automotor en transporte,Not an Intersection,No fue interseccion,Sobre el lado de la calle,Ninguna,Dia total,Despejado,No,NO APLICA,99,99,99,99,1,04/09/2022,1
56,Wyoming,560076,0,0,2,1,21,LARAMIE (21),100,CHEYENNE,9,Septiembre,4,2022,22,34,SR-E LINCOLNWAY I-80 BUS/US-30,3,Highway estatal,Urbano,Arteria Principal,State Highway Agency,1,Sin jurisdiccion especial,3638,41.13839722,-104.7870667,Banqueta,El primer evento no fue una colision con un vehiculo automotor en transporte,Not an Intersection,No fue interseccion,Sobre el lado de la calle,Ninguna,Oscuro con iluminacion,Despejado,No,NO APLICA,22,42,22,44,1,04/09/2022,4
56,Wyoming,560077,0,0,1,0,9,CONVERSE (9),0,NO APLICA,9,Septiembre,7,2022,0,30,I-25,1,Interestatal,Rural,Interestatal,State Highway Agency,1,Sin jurisdiccion especial,1735,42.84005556,-106.0414556,Volcadura,El primer evento no fue una colision con un vehiculo automotor en transporte,Not an Intersection,No fue interseccion,Sobre calle,Ninguna,Oscuro sin iluminacion,Despejado,No,NO APLICA,88,88,88,88,1,07/09/2022,1
56,Wyoming,560078,0,0,2,0,5,CAMPBELL (5),310,GILLETTE,9,Septiembre,12,2022,15,23,NORTHERN DR,5,Calle Local - Pueblo,Urbano,Arteria Menor,County Highway Agency,0,Sin jurisdiccion especial,94,44.31753056,-105.5293972,Vehiculo en movimiento,Frente a frente,Not an Intersection,No fue interseccion,Sobre calle,Ninguna,Dia total,Despejado,No,NO APLICA,15,24,15,29,1,12/09/2022,2
56,Wyoming,560079,0,0,1,0,13,FREMONT (13),0,NO APLICA,9,Septiembre,14,2022,17,23,US-26/US-287,2,US Highway,Rural,Arteria Principal,State Highway Agency,1,Sin jurisdiccion especial,321,43.70844444,-109.977325,Volcadura,El primer evento no fue una colision con un vehiculo automotor en transporte,Not an Intersection,No fue interseccion,Sobre el lado de la calle,Ninguna,Dia total,Despejado,No,NO APLICA,88,88,88,88,1,14/09/2022,1
56,Wyoming,560080,0,0,1,0,23,LINCOLN (23),0,NO APLICA,9,Septiembre,17,2022,15,58,CR-109 ROBERTS-WOLFLEY,4,Calle del Condado,Rural,Local,County Highway Agency,0,Sin jurisdiccion especial,15,43.05464167,-111.0261861,Volcadura,El primer evento no fue una colision con un vehiculo automotor en transporte,Not an Intersection,No fue interseccion,Sobre calle,Ninguna,Dia total,lluvia,No,NO APLICA,99,99,99,99,1,17/09/2022,1
56,Wyoming,560081,0,0,2,0,17,HOT SPRINGS (17),0,NO APLICA,9,Septiembre,24,2022,9,55,US-26/WY-789,2,US Highway,Rural,Arteria Principal,State Highway Agency,1,Sin jurisdiccion especial,1213,43.50925556,-108.1764972,Vehiculo en movimiento,Frente a frente,Not an Intersection,No fue interseccion,Sobre el lado de la calle,Ninguna,Dia total,Despejado,No,NO APLICA,9,59,10,17,3,24/09/2022,4
56,Wyoming,560082,0,0,1,0,13,FREMONT (13),0,NO APLICA,9,Septiembre,28,2022,18,54,SR-28,3,Highway estatal,Rural,Arteria Menor,State Highway Agency,0,Sin jurisdiccion especial,603,42.62617778,-108.6117167,Volcadura,El primer evento no fue una colision con un vehiculo automotor en transporte,Not an Intersection,No fue interseccion,Sobre el lado de la calle,Ninguna,Atardecer,Despejado,No,NO APLICA,18,56,19,14,1,28/09/2022,2
56,Wyoming,560083,0,0,1,0,9,CONVERSE (9),0,NO APLICA,10,Octubre,1,2022,3,0,CR-24 COLD SPRINGS RD,4,Calle del Condado,Rural,Colector Menor,County Highway Agency,0,Sin jurisdiccion especial,31,42.55152778,-105.7088139,Volcadura,El primer evento no fue una colision con un vehiculo automotor en transporte,Not an Intersection,No fue interseccion,Sobre el lado de la calle,Ninguna,Oscuro sin iluminacion,Nublado,No,NO APLICA,11,23,11,54,2,01/10/2022,2
56,Wyoming,560084,0,0,1,0,21,LARAMIE (21),0,NO APLICA,7,Julio,11,2022,5,30,I 80 SERVICE RD,8,Otro,Rural,Colector Menor,County Highway Agency,0,Sin jurisdiccion especial,10,41.16793889,-104.0880861,Zanja,El primer evento no fue una colision con un vehiculo automotor en transporte,Not an Intersection,No fue interseccion,Sobre el lado de la calle,Ninguna,Dia total,Reportado como desconocido,No,NO APLICA,7,26,7,52,1,11/07/2022,1
56,Wyoming,560085,0,0,1,0,23,LINCOLN (23),0,NO APLICA,10,Octubre,5,2022,14,30,CR-315 LABARGE CREEK,4,Calle del Condado,Rural,Colector Menor,County Highway Agency,0,Sin jurisdiccion especial,14,42.23927778,-110.2218278,Culvert,El primer evento no fue una colision con un vehiculo automotor en transporte,Not an Intersection,No fue interseccion,Sobre el lado de la calle,Ninguna,Dia total,Despejado,No,NO APLICA,14,36,15,0,1,05/10/2022,1
56,Wyoming,560086,0,0,1,0,9,CONVERSE (9),0,NO APLICA,10,Octubre,6,2022,11,10,CR-43 WALKER CREEK RD,4,Calle del Condado,Rural,Colector Mayor,County Highway Agency,0,Sin jurisdiccion especial,90,42.94800833,-105.1320222,Zanja,El primer evento no fue una colision con un vehiculo automotor en transporte,Not an Intersection,No fue interseccion,Sobre el lado de la calle,Ninguna,Dia total,Despejado,No,NO APLICA,11,15,11,42,1,06/10/2022,3
56,Wyoming,560087,0,0,2,0,37,SWEETWATER (37),0,NO APLICA,10,Octubre,8,2022,13,35,US-191,2,US Highway,Rural,Arteria Principal,State Highway Agency,1,Sin jurisdiccion especial,205,41.84297222,-109.3407444,Vehiculo en movimiento,Frente a frente,Not an Intersection,No fue interseccion,Sobre calle,Ninguna,Dia total,Despejado,No,NO APLICA,13,43,14,6,2,08/10/2022,4
56,Wyoming,560088,0,0,1,0,37,SWEETWATER (37),0,NO APLICA,10,Octubre,12,2022,11,42,I-80/US-30,1,Interestatal,Rural,Interestatal,State Highway Agency,1,Sin jurisdiccion especial,1244,41.69169167,-108.9007639,Barrera de Cable,El primer evento no fue una colision con un vehiculo automotor en transporte,Not an Intersection,No fue interseccion,En el medio,Ninguna,Dia total,Despejado,No,NO APLICA,11,42,12,6,1,12/10/2022,2
56,Wyoming,560089,0,0,1,0,1,ALBANY (1),0,NO APLICA,10,Octubre,13,2022,19,0,US-287,2,US Highway,Rural,Arteria Principal,State Highway Agency,1,Sin jurisdiccion especial,4245,41.00870556,-105.4198889,Poste o otros soportes,El primer evento no fue una colision con un vehiculo automotor en transporte,Not an Intersection,No fue interseccion,Sobre el lado de la calle,Ninguna,Oscuro sin iluminacion,Despejado,No,NO APLICA,19,1,19,20,2,13/10/2022,2
56,Wyoming,560090,0,0,1,0,9,CONVERSE (9),0,NO APLICA,10,Octubre,15,2022,16,33,SR-95,3,Highway estatal,Rural,Colector Mayor,State Highway Agency,0,Sin jurisdiccion especial,55,42.9015,-105.8338861,Poste o otros soportes,El primer evento no fue una colision con un vehiculo automotor en transporte,Not an Intersection,No fue interseccion,Sobre el lado de la calle,Ninguna,Dia total,Despejado,No,NO APLICA,16,33,16,39,1,15/10/2022,1
56,Wyoming,560091,0,0,2,0,1,ALBANY (1),0,NO APLICA,10,Octubre,20,2022,11,20,US-30,2,US Highway,Rural,Arteria Menor,State Highway Agency,0,Sin jurisdiccion especial,3221,41.40161944,-105.5964472,Vehiculo en movimiento,Frente a Detrás,Not an Intersection,No fue interseccion,Sobre calle,Ninguna,Dia total,Despejado,No,NO APLICA,11,23,11,31,1,20/10/2022,2
56,Wyoming,560092,0,0,1,0,31,PLATTE (31),0,NO APLICA,10,Octubre,22,2022,0,16,OLD US-87/SWANSON RD US-87 BUS,5,Calle Local - Pueblo,Rural,Arteria Menor,State Highway Agency,0,Sin jurisdiccion especial,815,42.07395556,-104.9608111,Otro objeto (no fijo),El primer evento no fue una colision con un vehiculo automotor en transporte,Not an Intersection,No fue interseccion,Sobre Acotamiento,"Zona de trabajo, tipo desconocido",Oscuro sin iluminacion,Despejado,No,NO APLICA,0,34,0,40,1,22/10/2022,2
56,Wyoming,560093,0,0,1,0,29,PARK (29),0,NO APLICA,10,Octubre,24,2022,11,40,US-14A/WY-114,2,US Highway,Rural,Arteria Principal,State Highway Agency,1,Sin jurisdiccion especial,89,44.61143333,-108.9608611,Poste o otros soportes,El primer evento no fue una colision con un vehiculo automotor en transporte,Not an Intersection,No fue interseccion,Sobre el lado de la calle,Ninguna,Dia total,Despejado,No,NO APLICA,11,42,11,51,1,24/10/2022,2
56,Wyoming,560094,0,0,1,0,25,NATRONA (25),0,NO APLICA,10,Octubre,29,2022,22,5,SR-220,3,Highway estatal,Rural,Arteria Principal,State Highway Agency,1,Sin jurisdiccion especial,825,42.55313889,-106.7991972,Volcadura,El primer evento no fue una colision con un vehiculo automotor en transporte,Not an Intersection,No fue interseccion,Sobre el lado de la calle,Ninguna,Oscuro sin iluminacion,Despejado,No,NO APLICA,88,88,88,88,1,29/10/2022,1
56,Wyoming,560095,0,0,2,0,25,NATRONA (25),0,NO APLICA,10,Octubre,31,2022,16,0,SR-220,3,Highway estatal,Rural,Arteria Principal,State Highway Agency,1,Sin jurisdiccion especial,981,42.68514444,-106.5805167,Vehiculo en movimiento,Frente a frente,Not an Intersection,No fue interseccion,Sobre calle,Ninguna,Dia total,Despejado,No,NO APLICA,16,0,16,17,1,31/10/2022,2
56,Wyoming,560096,0,0,2,0,11,CROOK (11),0,NO APLICA,11,Noviembre,3,2022,6,0,US-212,2,US Highway,Rural,Arteria Principal,State Highway Agency,1,Sin jurisdiccion especial,9,44.82080556,-104.0711667,Vehiculo en movimiento,Golpe Lateral - direccion contraria,Not an Intersection,No fue interseccion,Sobre calle,Ninguna,Oscuro sin iluminacion,Nublado,No,NO APLICA,6,9,6,26,1,03/11/2022,2
56,Wyoming,560097,0,0,2,0,39,TETON (39),0,NO APLICA,11,Noviembre,8,2022,11,10,US-26/US-89/US-191,2,US Highway,Rural,Arteria Principal,National Park Service,1,Servicio de Parques Nacional,1721,43.71696111,-110.6601389,Vehiculo en movimiento,Frente a Detrás,Not an Intersection,No fue interseccion,Sobre calle,Ninguna,Dia total,Nieve,No,NO APLICA,11,9,11,37,1,08/11/2022,3
56,Wyoming,560098,0,0,2,0,5,CAMPBELL (5),0,NO APLICA,11,Noviembre,9,2022,19,30,SR-59,3,Highway estatal,Rural,Arteria Menor,State Highway Agency,0,Sin jurisdiccion especial,1384,44.56545556,-105.3576306,Vehiculo en movimiento,Frente a frente,Not an Intersection,No fue interseccion,Sobre calle,Ninguna,Oscuro sin iluminacion,Nieve,No,NO APLICA,19,41,20,3,1,09/11/2022,2
56,Wyoming,560099,0,0,1,0,37,SWEETWATER (37),0,NO APLICA,11,Noviembre,10,2022,9,55,I-80/US-30/WY-789,1,Interestatal,Rural,Interestatal,State Highway Agency,1,Sin jurisdiccion especial,1897,41.73895,-107.6813056,Volcadura,El primer evento no fue una colision con un vehiculo automotor en transporte,Not an Intersection,No fue interseccion,En el medio,Ninguna,Dia total,Nieve,No,NO APLICA,9,55,10,14,1,10/11/2022,1
56,Wyoming,560100,0,0,2,0,37,SWEETWATER (37),0,NO APLICA,11,Noviembre,10,2022,22,43,I-80/US-30/WY-789,1,Interestatal,Rural,Interestatal,State Highway Agency,1,Sin jurisdiccion especial,1981,41.76054722,-107.5212111,Vehiculo en movimiento,Frente a Detrás,Not an Intersection,No fue interseccion,Sobre calle,Ninguna,Oscuro sin iluminacion,Despejado,No,NO APLICA,22,48,23,2,1,10/11/2022,3
56,Wyoming,560101,0,0,2,0,21,LARAMIE (21),0,NO APLICA,11,Noviembre,15,2022,16,19,I-80/US-30,1,Interestatal,Rural,Interestatal,State Highway Agency,1,Sin jurisdiccion especial,3756,41.158,-104.5558139,Vehiculo en movimiento,Angulo,Not an Intersection,No fue interseccion,Sobre calle,Ninguna,Atardecer,Despejado,No,NO APLICA,99,99,99,99,1,15/11/2022,2
56,Wyoming,560102,0,0,1,0,29,PARK (29),0,NO APLICA,11,Noviembre,18,2022,9,30,SR-120,3,Highway estatal,Rural,Arteria Principal,State Highway Agency,1,Sin jurisdiccion especial,660,44.31442778,-108.9396556,Barda,El primer evento no fue una colision con un vehiculo automotor en transporte,Not an Intersection,No fue interseccion,Sobre el lado de la calle,Ninguna,Dia total,Despejado,No,NO APLICA,13,14,13,31,1,18/11/2022,1
56,Wyoming,560103,0,0,2,0,29,PARK (29),130,CODY,11,Noviembre,19,2022,9,40,STAMPEDE AVE,5,Calle Local - Pueblo,Urbano,Arteria Menor,City or Municipal Highway Agency,0,Sin jurisdiccion especial,1020,44.51881944,-109.0618278,Vehiculo en movimiento,Frente a Detrás,Four-Way Intersection,Interseccion de 4 direcciones,Sobre calle,Ninguna,Dia total,Despejado,No,NO APLICA,9,42,9,45,1,19/11/2022,3
56,Wyoming,560104,0,0,1,0,5,CAMPBELL (5),0,NO APLICA,11,Noviembre,21,2022,10,50,SR-59,3,Highway estatal,Rural,Arteria Principal,State Highway Agency,1,Sin jurisdiccion especial,787,43.813525,-105.4685111,Volcadura,El primer evento no fue una colision con un vehiculo automotor en transporte,Not an Intersection,No fue interseccion,Sobre el lado de la calle,Ninguna,Dia total,Despejado,No,NO APLICA,11,1,11,9,1,21/11/2022,2
56,Wyoming,560105,0,0,4,0,9,CONVERSE (9),0,NO APLICA,11,Noviembre,28,2022,16,30,I-25/US-20/US-26/US-87,1,Interestatal,Rural,Interestatal,State Highway Agency,1,Sin jurisdiccion especial,1474,42.78906389,-105.5421583,Vehiculo en movimiento,Frente a Detrás,Not an Intersection,No fue interseccion,Sobre calle,Ninguna,Atardecer,Nieve,No,NO APLICA,16,32,16,40,1,28/11/2022,14
56,Wyoming,560106,1,1,1,0,37,SWEETWATER (37),730,ROCK SPRINGS,8,Agosto,29,2022,11,27,H ST,5,Calle Local - Pueblo,Urbano,Local,City or Municipal Highway Agency,0,Sin jurisdiccion especial,1005,41.58953611,-109.212325,Ciclista,El primer evento no fue una colision con un vehiculo automotor en transporte,T-Intersection,Interseccion de T,Sobre calle,Ninguna,Dia total,Despejado,No,NO APLICA,99,99,99,99,1,29/08/2022,1
56,Wyoming,560107,0,0,1,0,37,SWEETWATER (37),350,GREEN RIVER,11,Noviembre,30,2022,10,25,I-80/US-30,1,Interestatal,Urbano,Interestatal,State Highway Agency,1,Sin jurisdiccion especial,920,41.52548056,-109.4357111,Zanja,El primer evento no fue una colision con un vehiculo automotor en transporte,Not an Intersection,No fue interseccion,Sobre el lado de la calle,Ninguna,Dia total,Despejado,No,NO APLICA,10,30,10,40,1,30/11/2022,1
56,Wyoming,560108,0,0,2,0,37,SWEETWATER (37),0,NO APLICA,12,Diciembre,5,2022,8,10,I-80/US-30,1,Interestatal,Rural,Interestatal,State Highway Agency,1,Sin jurisdiccion especial,1291,41.68728611,-108.8133917,Vehiculo en movimiento,Angulo,Not an Intersection,No fue interseccion,Sobre calle,Ninguna,Dia total,Despejado,No,NO APLICA,8,10,8,25,1,05/12/2022,4
56,Wyoming,560109,0,0,1,0,13,FREMONT (13),0,NO APLICA,12,Diciembre,4,2022,17,58,SR-28,3,Highway estatal,Rural,Arteria Menor,State Highway Agency,0,Sin jurisdiccion especial,365,42.41307778,-108.8784056,Volcadura,El primer evento no fue una colision con un vehiculo automotor en transporte,Not an Intersection,No fue interseccion,Sobre el lado de la calle,Ninguna,Oscuro sin iluminacion,Nieve,No,NO APLICA,88,88,88,88,1,04/12/2022,1
56,Wyoming,560110,0,0,1,0,13,FREMONT (13),0,NO APLICA,12,Diciembre,7,2022,1,30,US-26/US-287,2,US Highway,Rural,Arteria Principal,State Highway Agency,1,Sin jurisdiccion especial,635,43.484725,-109.5030139,Zanja,El primer evento no fue una colision con un vehiculo automotor en transporte,Not an Intersection,No fue interseccion,Sobre el lado de la calle,Ninguna,Oscuro sin iluminacion,Despejado,No,NO APLICA,88,88,88,88,1,07/12/2022,1
56,Wyoming,560111,0,0,2,0,5,CAMPBELL (5),0,NO APLICA,12,Diciembre,10,2022,23,0,I-90,1,Interestatal,Rural,Interestatal,State Highway Agency,1,Sin jurisdiccion especial,969,44.21047778,-106.0007972,Vehiculo en movimiento,Frente a Detrás,Not an Intersection,No fue interseccion,Sobre calle,Ninguna,Oscuro sin iluminacion,Despejado,No,NO APLICA,99,98,99,98,1,10/12/2022,3
56,Wyoming,560112,0,0,2,0,35,SUBLETTE (35),0,NO APLICA,12,Diciembre,14,2022,17,30,US-191,2,US Highway,Rural,Arteria Principal,State Highway Agency,1,Sin jurisdiccion especial,940,42.80225833,-109.8126889,Vehiculo en movimiento,Frente a frente,Not an Intersection,No fue interseccion,Sobre calle,Ninguna,Oscuro sin iluminacion,Nublado,No,NO APLICA,17,33,17,40,1,14/12/2022,3
56,Wyoming,560113,2,2,3,1,37,SWEETWATER (37),0,NO APLICA,12,Diciembre,21,2022,4,15,I-80/US-30/WY-789,1,Interestatal,Rural,Interestatal,State Highway Agency,1,Sin jurisdiccion especial,1973,41.7573,-107.5380083,Peaton,El primer evento no fue una colision con un vehiculo automotor en transporte,Not an Intersection,No fue interseccion,Sobre calle,Ninguna,Oscuro sin iluminacion,Despejado,No,NO APLICA,3,56,4,18,1,21/12/2022,2
56,Wyoming,560114,0,0,2,0,37,SWEETWATER (37),730,ROCK SPRINGS,12,Diciembre,27,2022,11,27,I-80/US-30,1,Interestatal,Urbano,Interestatal,State Highway Agency,1,Sin jurisdiccion especial,1030,41.58695556,-109.2487639,Vehiculo en movimiento,Frente a frente,Not an Intersection,No fue interseccion,Sobre calle,Ninguna,Dia total,Despejado,No,NO APLICA,11,30,11,35,1,27/12/2022,2
56,Wyoming,560115,0,0,1,0,23,LINCOLN (23),0,NO APLICA,10,Octubre,24,2022,7,0,BLM RD,8,Otro,Rural,No reportado,Other State Agency,0,otro,0,42.39806111,-110.9097861,Volcadura,El primer evento no fue una colision con un vehiculo automotor en transporte,Not an Intersection,No fue interseccion,Sobre calle,Ninguna,Amanecer,Nieve,No,NO APLICA,99,98,99,98,1,24/10/2022,1
56,Wyoming,560116,0,0,1,0,21,LARAMIE (21),100,CHEYENNE,12,Diciembre,21,2022,15,0,CAREY AVE,5,Calle Local - Pueblo,Urbano,Colector Mayor,City or Municipal Highway Agency,0,Sin jurisdiccion especial,1020,41.14498056,-104.8247361,Banqueta,El primer evento no fue una colision con un vehiculo automotor en transporte,Not an Intersection,No fue interseccion,Sobre el lado de la calle,Ninguna,Dia total,Nieve,No,NO APLICA,15,2,15,7,1,21/12/2022,1
56,Wyoming,560117,0,0,1,0,19,JOHNSON (19),0,NO APLICA,12,Diciembre,22,2022,0,1,MOSIER GULCH RD,8,Otro,Rural,No reportado,Bureau of Land Management,0,Sin jurisdiccion especial,0,44.32856944,-106.8126889,Piedrotototota,El primer evento no fue una colision con un vehiculo automotor en transporte,Not an Intersection,No fue interseccion,Sobre el lado de la calle,Ninguna,Oscuro sin iluminacion,Nieve,No,NO APLICA,7,24,7,40,1,22/12/2022,1
56,Wyoming,560118,0,0,1,0,21,LARAMIE (21),0,NO APLICA,12,Diciembre,17,2022,4,57,CR-203-1,4,Calle del Condado,Rural,Colector Menor,County Highway Agency,0,Sin jurisdiccion especial,367,41.04199167,-104.1217556,Volcadura,El primer evento no fue una colision con un vehiculo automotor en transporte,T-Intersection,Interseccion de T,Sobre el lado de la calle,Ninguna,Oscuro sin iluminacion,Despejado,No,NO APLICA,5,6,5,25,1,17/12/2022,4