Estado,Nombre de Estado,Numero de Caso,Peatones,Personas _no_vehiculos,Vehiculos automotores,Vehiculos estacionados,Condado,Nombre Condado,Ciudad,Nombre Ciudad,Mes,Nombre Mes,Dia,Año,Hora,Minuto,Calle,Ruta,Nombre Ruta,Rural o Urbanoo,Sistema Funcional,Dueño Calle,Sistema Nacional Carreteras,Jurisdiccion Especial,Milla,Latitud,Longitud,Causa del Accidente,Tipo de Accidente,Tipo Interseccion,Columna1,Lugar en la calle,Zona de Trabajo,Luz,Clima,Autobus Escolar,Cruce de Trenes,Hora Notificacion,Minuto Notificacion,Hora Llegada,Minuto Llegada,Decesos,Fecha,PersonaVehiculo
4,Arizona,40015,0,0,3,0,27,YUMA (27),620,YUMA,1,Enero,6,2022,7,49,US-95,2,US Highway,Urbano,Arteria Principal,State Highway Agency,1,Sin jurisdiccion especial,217,32.69854722,-114.6429306,Vehiculo en movimiento,Angulo,T-Intersection,Interseccion de T,Sobre calle,Ninguna,Dia total,Despejado,No,NO APLICA,7,49,7,54,1,06/01/2022,4
4,Arizona,40028,0,0,3,0,15,MOHAVE (15),268,LAKE HAVASU CITY,1,Enero,14,2022,10,48,SR-95,3,Highway estatal,Urbano,Arteria Principal,State Highway Agency,1,Sin jurisdiccion especial,700,34.45466667,-114.2974444,Vehiculo en movimiento,Frente a Detrás,Four-Way Intersection,Interseccion de 4 direcciones,Sobre calle,Ninguna,Dia total,Despejado,No,NO APLICA,10,49,10,50,1,14/01/2022,7
4,Arizona,40044,0,0,1,0,15,MOHAVE (15),260,KINGMAN,1,Enero,22,2022,15,22,CR-STOCKTON HILL RD,4,Calle del Condado,Rural,Colector Menor,County Highway Agency,0,Sin jurisdiccion especial,0,35.38030833,-114.0366639,Culvert,El primer evento no fue una colision con un vehiculo automotor en transporte,Not an Intersection,No fue interseccion,Sobre el lado de la calle,Ninguna,Dia total,Despejado,No,NO APLICA,15,24,15,44,2,22/01/2022,3
4,Arizona,40045,0,0,2,0,27,YUMA (27),620,YUMA,1,Enero,22,2022,19,29,W 8TH ST,6,Calle Local Municipalidad,Urbano,Arteria Menor,City or Municipal Highway Agency,0,Sin jurisdiccion especial,0,32.71313056,-114.6504528,Vehiculo en movimiento,Angulo,Four-Way Intersection,Interseccion de 4 direcciones,Sobre calle,Ninguna,Oscuro con iluminacion,Despejado,No,NO APLICA,19,29,19,30,1,22/01/2022,3
4,Arizona,40048,0,0,2,0,27,YUMA (27),620,YUMA,1,Enero,25,2022,17,54,S 4TH AVE,6,Calle Local Municipalidad,Urbano,Arteria Menor,City or Municipal Highway Agency,0,Sin jurisdiccion especial,0,32.68398056,-114.62465,Vehiculo en movimiento,Angulo,Four-Way Intersection,Interseccion de 4 direcciones,Sobre calle,Ninguna,Dia total,Despejado,No,NO APLICA,17,54,17,57,1,25/01/2022,3
4,Arizona,40054,0,0,2,0,27,YUMA (27),620,YUMA,1,Enero,28,2022,16,16,CR-S AVE 1 E,4,Calle del Condado,Urbano,Colector Mayor,County Highway Agency,0,Sin jurisdiccion especial,0,32.611475,-114.6153083,Vehiculo en movimiento,Angulo,Four-Way Intersection,Interseccion de 4 direcciones,Sobre calle,Ninguna,Dia total,Despejado,No,NO APLICA,16,18,16,25,1,28/01/2022,2
4,Arizona,40057,1,1,1,0,15,MOHAVE (15),260,KINGMAN,1,Enero,29,2022,19,42,COLLEGE DR,6,Calle Local Municipalidad,Urbano,Colector Menor,County Highway Agency,0,Sin jurisdiccion especial,0,35.26053333,-114.0366,Peaton,El primer evento no fue una colision con un vehiculo automotor en transporte,Not an Intersection,No fue interseccion,Sobre calle,Ninguna,Oscuro con iluminacion,Despejado,No,NO APLICA,19,41,19,50,1,29/01/2022,1
4,Arizona,40060,0,0,2,0,27,YUMA (27),620,YUMA,1,Enero,30,2022,18,24,W 32ND ST,6,Calle Local Municipalidad,Urbano,Arteria Menor,City or Municipal Highway Agency,0,Sin jurisdiccion especial,0,32.66943333,-114.6243972,Vehiculo en movimiento,Angulo,Four-Way Intersection,Interseccion de 4 direcciones,Sobre calle,Ninguna,Atardecer,Despejado,No,NO APLICA,18,24,18,28,1,30/01/2022,2
4,Arizona,40077,0,0,2,0,27,YUMA (27),620,YUMA,1,Enero,22,2022,21,46,S AVENUE B,6,Calle Local Municipalidad,Urbano,Arteria Menor,City or Municipal Highway Agency,0,Sin jurisdiccion especial,0,32.72155,-114.6503722,Vehiculo en movimiento,Angulo,Four-Way Intersection,Interseccion de 4 direcciones,Sobre calle,Ninguna,Oscuro sin iluminacion,Despejado,No,NO APLICA,99,99,99,99,1,22/01/2022,3
4,Arizona,40099,0,0,2,0,15,MOHAVE (15),260,KINGMAN,2,Febrero,3,2022,18,51,US-93,2,US Highway,Rural,Arteria Principal,State Highway Agency,1,Sin jurisdiccion especial,311,35.68415556,-114.4680667,Vehiculo en movimiento,Angulo,Not an Intersection,No fue interseccion,Sobre calle,Ninguna,Oscuro sin iluminacion,Despejado,No,NO APLICA,18,53,19,19,1,03/02/2022,4
4,Arizona,40150,1,1,1,0,27,YUMA (27),0,NO APLICA,2,Febrero,22,2022,10,22,S FORTUNA RD,6,Calle Local Municipalidad,Urbano,Arteria Menor,County Highway Agency,0,Sin jurisdiccion especial,0,32.6627,-114.4441167,Peaton,El primer evento no fue una colision con un vehiculo automotor en transporte,Not an Intersection,No fue interseccion,Sobre calle,Ninguna,Dia total,Despejado,No,NO APLICA,10,22,10,28,1,22/02/2022,1
4,Arizona,40169,0,0,3,0,15,MOHAVE (15),619,YUCCA,3,Marzo,1,2022,15,59,ALAMO RD,8,Otro,Rural,Colector Menor,County Highway Agency,0,Sin jurisdiccion especial,0,34.84954444,-114.1456889,Zanja,El primer evento no fue una colision con un vehiculo automotor en transporte,Not an Intersection,No fue interseccion,Sobre el lado de la calle,Ninguna,Dia total,Despejado,No,NO APLICA,99,99,99,99,1,01/03/2022,4
4,Arizona,40191,1,1,1,0,15,MOHAVE (15),260,KINGMAN,3,Marzo,9,2022,22,12,DAWES ST,8,Otro,Urbano,Local,Not Reported,0,Sin jurisdiccion especial,0,35.20740556,-114.022325,Peaton,El primer evento no fue una colision con un vehiculo automotor en transporte,Not an Intersection,No fue interseccion,Sobre calle,Ninguna,Oscuro sin iluminacion,Despejado,No,NO APLICA,22,12,22,16,1,09/03/2022,1
4,Arizona,40207,0,0,1,0,15,MOHAVE (15),268,LAKE HAVASU CITY,3,Marzo,19,2022,13,49,SKYVIEW DR,8,Otro,Rural,Local,Not Reported,0,Sin jurisdiccion especial,0,34.64956944,-114.2849722,Muro,El primer evento no fue una colision con un vehiculo automotor en transporte,Not an Intersection,No fue interseccion,Sobre el lado de la calle,Ninguna,Dia total,Despejado,No,NO APLICA,13,51,14,13,1,19/03/2022,1
4,Arizona,40224,0,0,2,0,15,MOHAVE (15),268,LAKE HAVASU CITY,3,Marzo,26,2022,21,35,MCCULLOCH BLVD N,6,Calle Local Municipalidad,Urbano,Colector Mayor,City or Municipal Highway Agency,0,Sin jurisdiccion especial,0,34.49851944,-114.2846667,Vehiculo en movimiento,Angulo,Four-Way Intersection,Interseccion de 4 direcciones,Sobre calle,Ninguna,Oscuro sin iluminacion,Despejado,No,NO APLICA,21,37,21,41,1,26/03/2022,4
4,Arizona,40230,1,1,1,0,15,MOHAVE (15),268,LAKE HAVASU CITY,3,Marzo,29,2022,10,49,MCCULLOCH BLVD N,6,Calle Local Municipalidad,Urbano,Arteria Menor,City or Municipal Highway Agency,0,Sin jurisdiccion especial,0,34.475025,-114.3237333,Peaton,El primer evento no fue una colision con un vehiculo automotor en transporte,Not an Intersection,No fue interseccion,Sobre calle,Ninguna,Dia total,Despejado,No,NO APLICA,10,49,10,52,1,29/03/2022,1
4,Arizona,40238,0,0,1,0,15,MOHAVE (15),0,NO APLICA,3,Marzo,31,2022,14,26,US-60,2,US Highway,Rural,Arteria Principal,State Highway Agency,1,Sin jurisdiccion especial,63,35.58657222,-114.3916222,Volcadura,El primer evento no fue una colision con un vehiculo automotor en transporte,Not an Intersection,No fue interseccion,Sobre el lado de la calle,Ninguna,Dia total,Despejado,No,NO APLICA,14,32,14,48,1,31/03/2022,2
4,Arizona,40239,0,0,2,0,15,MOHAVE (15),260,KINGMAN,3,Marzo,31,2022,17,14,JAGERSON AVE,6,Calle Local Municipalidad,Urbano,Arteria Menor,County Highway Agency,0,Sin jurisdiccion especial,0,35.26849722,-114.0377222,Vehiculo en movimiento,Angulo,T-Intersection,Interseccion de T,Sobre calle,Ninguna,Dia total,Despejado,No,NO APLICA,17,15,17,19,1,31/03/2022,3
4,Arizona,40282,0,0,2,0,27,YUMA (27),0,NO APLICA,4,Abril,16,2022,12,3,W 1ST ST,8,Otro,Urbano,Colector Mayor,County Highway Agency,0,Sin jurisdiccion especial,5,32.72517222,-114.6586944,Vehiculo en movimiento,Frente a frente,Not an Intersection,No fue interseccion,Sobre calle,Ninguna,Dia total,Despejado,No,NO APLICA,12,4,12,15,1,16/04/2022,2
4,Arizona,40295,0,0,2,0,15,MOHAVE (15),268,LAKE HAVASU CITY,4,Abril,20,2022,19,48,SR-95,3,Highway estatal,Urbano,Arteria Principal,State Highway Agency,0,Sin jurisdiccion especial,808,34.57931111,-114.3669,Vehiculo en movimiento,Angulo,T-Intersection,Interseccion de T,Sobre calle,Ninguna,Oscuro con iluminacion,Despejado,No,NO APLICA,19,48,19,55,1,20/04/2022,2
4,Arizona,40300,1,1,1,0,15,MOHAVE (15),59,BULLHEAD CITY,4,Abril,21,2022,20,35,HANCOCK RD,6,Calle Local Municipalidad,Urbano,Arteria Menor,City or Municipal Highway Agency,0,Sin jurisdiccion especial,9,35.10799167,-114.6212861,Peaton,El primer evento no fue una colision con un vehiculo automotor en transporte,Not an Intersection,No fue interseccion,Sobre calle,Ninguna,Oscuro con iluminacion,Despejado,No,NO APLICA,20,35,20,38,1,21/04/2022,1
4,Arizona,40310,0,0,1,0,27,YUMA (27),620,YUMA,4,Abril,25,2022,5,58,US-95,2,US Highway,Rural,Arteria Principal,State Highway Agency,1,Sin jurisdiccion especial,398,32.77017222,-114.3905028,Volcadura,El primer evento no fue una colision con un vehiculo automotor en transporte,Not an Intersection,No fue interseccion,Sobre el lado de la calle,Ninguna,Amanecer,Despejado,No,NO APLICA,6,2,6,19,1,25/04/2022,1
4,Arizona,40316,0,0,1,0,15,MOHAVE (15),268,LAKE HAVASU CITY,4,Abril,27,2022,15,58,ACOMA BLVD N,6,Calle Local Municipalidad,Urbano,Colector Mayor,City or Municipal Highway Agency,0,Sin jurisdiccion especial,12,34.49210278,-114.3315917,Muro,El primer evento no fue una colision con un vehiculo automotor en transporte,Not an Intersection,No fue interseccion,Sobre el lado de la calle,Ninguna,Dia total,Despejado,No,NO APLICA,15,58,16,3,1,27/04/2022,1
4,Arizona,40385,0,0,2,0,27,YUMA (27),0,NO APLICA,5,Mayo,17,2022,20,45,US-95,2,US Highway,Urbano,Arteria Principal,State Highway Agency,1,Sin jurisdiccion especial,291,32.69917222,-114.5215111,Vehiculo en movimiento,Frente a frente,Four-Way Intersection,Interseccion de 4 direcciones,Sobre calle,Ninguna,Oscuro con iluminacion,Despejado,No,NO APLICA,20,55,21,8,1,17/05/2022,2
4,Arizona,40398,0,0,1,0,15,MOHAVE (15),301,MEADVIEW,5,Mayo,21,2022,21,20,ESCALANTE BLVD,5,Calle Local - Pueblo,Rural,Local,Not Reported,0,Sin jurisdiccion especial,0,36.01069444,-114.0611556,Volcadura,El primer evento no fue una colision con un vehiculo automotor en transporte,Not an Intersection,No fue interseccion,Sobre el lado de la calle,Ninguna,Oscuro sin iluminacion,Despejado,No,NO APLICA,21,20,22,0,1,21/05/2022,1
4,Arizona,40404,1,1,1,0,27,YUMA (27),620,YUMA,5,Mayo,23,2022,18,56,W 8TH ST,5,Calle Local - Pueblo,Urbano,Arteria Menor,County Highway Agency,0,Sin jurisdiccion especial,37,32.71311944,-114.6551556,Peaton,El primer evento no fue una colision con un vehiculo automotor en transporte,T-Intersection,Interseccion de T,Sobre calle,Ninguna,Atardecer,Despejado,No,NO APLICA,19,1,19,3,1,23/05/2022,2
4,Arizona,40405,0,0,2,0,15,MOHAVE (15),268,LAKE HAVASU CITY,5,Mayo,24,2022,9,6,SR-95,3,Highway estatal,Rural,Arteria Principal,State Highway Agency,1,Sin jurisdiccion especial,550,34.32183056,-114.1198806,Vehiculo en movimiento,Frente a frente,Not an Intersection,No fue interseccion,Sobre calle,Ninguna,Dia total,Despejado,No,NO APLICA,9,35,9,47,1,24/05/2022,3
4,Arizona,40454,0,0,2,0,15,MOHAVE (15),260,KINGMAN,6,Junio,13,2022,11,57,US-93,2,US Highway,Rural,Arteria Principal,State Highway Agency,1,Sin jurisdiccion especial,591,35.32269444,-114.2059083,Vehiculo en movimiento,Angulo,Four-Way Intersection,Interseccion de 4 direcciones,Sobre calle,Ninguna,Dia total,Despejado,No,NO APLICA,12,1,12,14,1,13/06/2022,3
4,Arizona,40458,0,0,1,0,15,MOHAVE (15),268,LAKE HAVASU CITY,6,Junio,13,2022,7,54,MCCULLOCH BLVD,5,Calle Local - Pueblo,Urbano,Colector Mayor,City or Municipal Highway Agency,0,Sin jurisdiccion especial,40,34.48511944,-114.3048778,Banqueta,El primer evento no fue una colision con un vehiculo automotor en transporte,Not an Intersection,No fue interseccion,Sobre el lado de la calle,Ninguna,Dia total,Despejado,No,NO APLICA,7,45,8,0,1,13/06/2022,1
4,Arizona,40487,0,0,2,0,15,MOHAVE (15),0,NO APLICA,6,Junio,30,2022,20,34,US-93,2,US Highway,Rural,Arteria Principal,State Highway Agency,1,Sin jurisdiccion especial,308,35.68414444,-114.4679361,Vehiculo en movimiento,Angulo,Four-Way Intersection,Interseccion de 4 direcciones,Sobre calle,Ninguna,Oscuro sin iluminacion,Despejado,No,NO APLICA,99,99,99,99,1,30/06/2022,2
4,Arizona,40498,0,0,1,0,15,MOHAVE (15),268,LAKE HAVASU CITY,7,Julio,4,2022,23,7,HAVASU RIVIERA PKWY,8,Otro,Rural,Local,Not Reported,0,Sin jurisdiccion especial,0,34.45098611,-114.3073944,Barrera de Trafico de Concreto,El primer evento no fue una colision con un vehiculo automotor en transporte,Not an Intersection,No fue interseccion,En el medio,Ninguna,Oscuro con iluminacion,Despejado,No,NO APLICA,23,8,23,16,1,04/07/2022,1
4,Arizona,40564,0,0,2,0,15,MOHAVE (15),0,NO APLICA,8,Agosto,7,2022,22,6,US-93,2,US Highway,Rural,Arteria Principal,State Highway Agency,1,Sin jurisdiccion especial,193,35.83021389,-114.561425,Vehiculo en movimiento,Frente a Detrás,Not an Intersection,No fue interseccion,Sobre calle,Ninguna,Oscuro sin iluminacion,Nublado,No,NO APLICA,22,10,22,33,1,07/08/2022,4
4,Arizona,40578,0,0,1,0,15,MOHAVE (15),268,LAKE HAVASU CITY,8,Agosto,13,2022,3,30,KIOWA BLVD,8,Otro,Urbano,Colector Mayor,City or Municipal Highway Agency,0,Sin jurisdiccion especial,23,34.51061111,-114.2880861,Buzon de correo,El primer evento no fue una colision con un vehiculo automotor en transporte,Not an Intersection,No fue interseccion,Sobre el lado de la calle,Ninguna,Oscuro sin iluminacion,Despejado,No,NO APLICA,4,1,4,5,1,13/08/2022,1
4,Arizona,40581,0,0,1,0,15,MOHAVE (15),59,BULLHEAD CITY,8,Agosto,13,2022,13,33,SILVER CREEK RD,9,Desconocido,Rural,Local,Unknown,0,Sin jurisdiccion especial,0,35.09225556,-114.5045944,Volcadura,El primer evento no fue una colision con un vehiculo automotor en transporte,Not an Intersection,No fue interseccion,Sobre calle,Ninguna,Dia total,Despejado,No,NO APLICA,13,35,13,48,1,13/08/2022,3
4,Arizona,40583,0,0,3,0,15,MOHAVE (15),0,NO APLICA,8,Agosto,13,2022,21,9,I-40,1,Interestatal,Rural,Interestatal,State Highway Agency,1,Sin jurisdiccion especial,302,34.93282222,-114.1489361,Vehiculo en movimiento,Frente a frente,Not an Intersection,No fue interseccion,Sobre calle,Ninguna,Oscuro sin iluminacion,Nublado,No,NO APLICA,21,9,21,12,2,13/08/2022,3
4,Arizona,40617,1,1,1,0,15,MOHAVE (15),59,BULLHEAD CITY,8,Agosto,31,2022,20,53,SR-95,3,Highway estatal,Urbano,Arteria Principal,State Highway Agency,1,Sin jurisdiccion especial,1386,35.16971944,-114.5660417,Peaton,El primer evento no fue una colision con un vehiculo automotor en transporte,Not an Intersection,No fue interseccion,Sobre calle,Ninguna,Oscuro con iluminacion,Despejado,No,NO APLICA,20,42,20,58,1,31/08/2022,1
4,Arizona,40620,1,1,1,0,27,YUMA (27),620,YUMA,9,Septiembre,1,2022,15,46,S 8TH AVE,6,Calle Local Municipalidad,Urbano,Colector Mayor,City or Municipal Highway Agency,0,Sin jurisdiccion especial,90,32.68400278,-114.6290639,Peaton,El primer evento no fue una colision con un vehiculo automotor en transporte,Four-Way Intersection,Interseccion de 4 direcciones,Sobre calle,Ninguna,Dia total,Despejado,No,NO APLICA,15,47,15,50,1,01/09/2022,1
4,Arizona,40651,0,0,1,0,15,MOHAVE (15),0,NO APLICA,9,Septiembre,23,2022,12,57,US-93,2,US Highway,Rural,Arteria Principal,State Highway Agency,1,Sin jurisdiccion especial,147,35.875525,-114.6117861,Otro objeto (no fijo),El primer evento no fue una colision con un vehiculo automotor en transporte,Not an Intersection,No fue interseccion,Sobre el lado de la calle,Ninguna,Dia total,Despejado,No,NO APLICA,13,2,13,23,1,23/09/2022,1
4,Arizona,40684,0,0,1,0,12,LA PAZ (12),387,QUARTZSITE,10,Octubre,12,2022,22,43,I-10,1,Interestatal,Rural,Interestatal,State Highway Agency,1,Sin jurisdiccion especial,180,33.66299167,-114.217325,Soporte de Puente,El primer evento no fue una colision con un vehiculo automotor en transporte,Not an Intersection,No fue interseccion,Sobre el lado de la calle,Ninguna,Oscuro sin iluminacion,Despejado,No,NO APLICA,22,45,22,51,1,12/10/2022,1
4,Arizona,40696,1,1,1,0,15,MOHAVE (15),260,KINGMAN,10,Octubre,26,2022,22,11,ANDY DEVINE AVE,6,Calle Local Municipalidad,Urbano,Arteria Principal,City or Municipal Highway Agency,1,Sin jurisdiccion especial,8,35.18871667,-114.0539417,Peaton,El primer evento no fue una colision con un vehiculo automotor en transporte,Not an Intersection,No fue interseccion,Sobre calle,Ninguna,Oscuro con iluminacion,Despejado,No,NO APLICA,22,11,22,16,1,26/10/2022,1
4,Arizona,40710,0,0,2,0,15,MOHAVE (15),0,NO APLICA,10,Octubre,22,2022,21,20,SR-95,3,Highway estatal,Rural,Arteria Principal,State Highway Agency,1,Sin jurisdiccion especial,922,34.72280833,-114.3136417,Vehiculo en movimiento,Reportado como desconocido,Four-Way Intersection,Interseccion de 4 direcciones,Sobre calle,Ninguna,Oscuro sin iluminacion,Despejado,No,NO APLICA,21,25,21,35,1,22/10/2022,2
4,Arizona,40718,0,0,2,0,27,YUMA (27),620,YUMA,3,Marzo,7,2022,16,20,US-95,2,US Highway,Urbano,Arteria Principal,County Highway Agency,1,Sin jurisdiccion especial,177,32.63924444,-114.6499944,Vehiculo en movimiento,Angulo,Four-Way Intersection,Interseccion de 4 direcciones,Sobre calle,Ninguna,Dia total,Reportado como desconocido,No,NO APLICA,99,99,99,99,1,07/03/2022,2
4,Arizona,40724,0,0,2,0,27,YUMA (27),0,NO APLICA,3,Marzo,16,2022,12,21,E COUNTY 14TH ST,6,Calle Local Municipalidad,Urbano,Colector Mayor,County Highway Agency,0,Sin jurisdiccion especial,0,32.62691944,-114.3830944,Vehiculo en movimiento,Angulo,T-Intersection,Interseccion de T,Sobre calle,Ninguna,Dia total,Despejado,No,NO APLICA,12,22,12,28,1,16/03/2022,2
4,Arizona,40738,0,0,1,0,27,YUMA (27),620,YUMA,3,Marzo,22,2022,5,51,AVENUE 20 E,9,Desconocido,Rural,Colector Mayor,County Highway Agency,0,Sin jurisdiccion especial,0,32.70700556,-114.295925,Otro objeto (fijo),El primer evento no fue una colision con un vehiculo automotor en transporte,Not an Intersection,No fue interseccion,Sobre el lado de la calle,Ninguna,Oscuro sin iluminacion,Despejado,No,NO APLICA,99,99,99,99,1,22/03/2022,1
4,Arizona,40761,0,0,1,0,15,MOHAVE (15),59,BULLHEAD CITY,10,Octubre,19,2022,7,16,CR-68,4,Calle del Condado,Rural,Arteria Menor,Bureau of Reclamation,0,Sin jurisdiccion especial,0,35.19753611,-114.5604778,Acotamiento,El primer evento no fue una colision con un vehiculo automotor en transporte,T-Intersection,Interseccion de T,Sobre el lado de la calle,Ninguna,Reportada como desconocida,Reportado como desconocido,No,NO APLICA,7,17,7,30,1,19/10/2022,1
4,Arizona,40784,0,0,2,0,27,YUMA (27),620,YUMA,11,Noviembre,11,2022,0,13,S FRONTAGE RD,7,Calle Local,Urbano,Colector Mayor,County Highway Agency,0,Sin jurisdiccion especial,0,32.67012222,-114.4152528,Vehiculo en movimiento,Frente a frente,Not an Intersection,No fue interseccion,Sobre calle,Ninguna,Oscuro con iluminacion,Despejado,No,NO APLICA,0,15,0,23,1,11/11/2022,2
4,Arizona,40799,0,0,2,0,15,MOHAVE (15),0,NO APLICA,12,Diciembre,5,2022,17,16,SR-68,3,Highway estatal,Rural,Arteria Principal,State Highway Agency,1,Sin jurisdiccion especial,222,35.22217222,-114.2183806,Vehiculo en movimiento,Angulo,Four-Way Intersection,Interseccion de 4 direcciones,Sobre calle,Ninguna,Dia total,Despejado,No,NO APLICA,17,18,17,27,1,05/12/2022,5
4,Arizona,40802,0,0,6,0,15,MOHAVE (15),268,LAKE HAVASU CITY,12,Diciembre,8,2022,13,9,SR-95,3,Highway estatal,Urbano,Arteria Principal,State Highway Agency,1,Sin jurisdiccion especial,689,34.45769167,-114.2793139,Vehiculo en movimiento,Frente a Detrás,Four-Way Intersection,Interseccion de 4 direcciones,Sobre calle,Ninguna,Dia total,Despejado,No,NO APLICA,13,9,13,16,1,08/12/2022,10
4,Arizona,40807,1,1,2,0,27,YUMA (27),620,YUMA,12,Diciembre,13,2022,9,39,4TH AVE,6,Calle Local Municipalidad,Urbano,Colector Mayor,City or Municipal Highway Agency,0,Sin jurisdiccion especial,89,32.66799722,-114.6244556,Vehiculo en movimiento,Frente a Detrás,Not an Intersection,No fue interseccion,Sobre calle,Ninguna,Dia total,Despejado,No,NO APLICA,9,42,9,45,1,13/12/2022,2
4,Arizona,40809,0,0,2,0,15,MOHAVE (15),0,NO APLICA,12,Diciembre,14,2022,18,21,US-93,2,US Highway,Rural,Arteria Principal,State Highway Agency,1,Sin jurisdiccion especial,308,35.68420278,-114.4679528,Vehiculo en movimiento,Angulo,T-Intersection,Interseccion de T,Sobre calle,Ninguna,Oscuro sin iluminacion,Despejado,No,NO APLICA,18,24,18,42,1,14/12/2022,4
4,Arizona,40829,0,0,2,0,27,YUMA (27),620,YUMA,11,Noviembre,20,2022,21,52,US-95,2,US Highway,Urbano,Arteria Principal,City or Municipal Highway Agency,1,Sin jurisdiccion especial,0,32.67272222,-114.650225,Vehiculo en movimiento,Frente a Detrás,Not an Intersection,No fue interseccion,Sobre calle,Ninguna,Oscuro con iluminacion,Despejado,No,NO APLICA,21,37,21,41,1,20/11/2022,2
4,Arizona,40830,0,0,1,0,27,YUMA (27),620,YUMA,11,Noviembre,22,2022,13,8,E 32ND ST,6,Calle Local Municipalidad,Urbano,Arteria Principal,City or Municipal Highway Agency,1,Sin jurisdiccion especial,0,32.66941944,-114.5826139,Banqueta,El primer evento no fue una colision con un vehiculo automotor en transporte,Not an Intersection,No fue interseccion,Sobre el lado de la calle,Ninguna,Dia total,Despejado,No,NO APLICA,13,51,14,26,1,22/11/2022,1
4,Arizona,40838,0,0,3,1,15,MOHAVE (15),0,NO APLICA,11,Noviembre,28,2022,16,19,US-93,2,US Highway,Rural,Arteria Principal,State Highway Agency,1,Sin jurisdiccion especial,300,35.684125,-114.4678833,Vehiculo en movimiento,Angulo,Not an Intersection,No fue interseccion,Sobre calle,Construccion,Dia total,Despejado,No,NO APLICA,16,21,16,42,1,28/11/2022,2
4,Arizona,40842,0,0,1,0,12,LA PAZ (12),340,PARKER,4,Abril,3,2022,99,99,SR-95,3,Highway estatal,Rural,Arteria Principal,State Highway Agency,1,Sin jurisdiccion especial,379,34.17774722,-114.2398583,Desconocido,Reportado como desconocido,Reported as Unknown,Desconocido,Reportado como desconocida,Ninguna,Reportada como desconocida,Reportado como desconocido,No,NO APLICA,99,99,99,99,1,03/04/2022,1
4,Arizona,40846,0,0,1,0,15,MOHAVE (15),0,NO APLICA,4,Abril,10,2022,11,0,TEMPLE BAR RD,8,Otro,Rural,Colector Menor,National Park Service,0,Servicio de Parques Nacional,0,35.99185278,-114.4025556,Desconocido,Reportado como desconocido,Reported as Unknown,Desconocido,Reportado como desconocida,Ninguna,Reportada como desconocida,Reportado como desconocido,No,NO APLICA,99,99,99,99,1,10/04/2022,1
4,Arizona,40860,0,0,1,0,15,MOHAVE (15),301,MEADVIEW,4,Abril,27,2022,17,0,S COVE RD,9,Desconocido,Rural,Colector Menor,Unknown,0,Sin jurisdiccion especial,0,36.08251111,-114.0824083,Desconocido,Reportado como desconocido,Reported as Unknown,Desconocido,Reportado como desconocida,Ninguna,Reportada como desconocida,Reportado como desconocido,No,NO APLICA,99,99,99,99,1,27/04/2022,1
4,Arizona,40907,0,0,2,0,15,MOHAVE (15),59,BULLHEAD CITY,6,Junio,29,2022,17,26,SR-68,3,Highway estatal,Urbano,Arteria Principal,State Highway Agency,1,Sin jurisdiccion especial,24,35.19071944,-114.5273806,Vehiculo en movimiento,Angulo,Y-Intersection,Interseccion de Y,Sobre calle,Ninguna,Dia total,Despejado,No,NO APLICA,16,34,16,42,1,29/06/2022,2
4,Arizona,40961,0,0,1,0,15,MOHAVE (15),59,BULLHEAD CITY,9,Septiembre,4,2022,19,8,SR-68,3,Highway estatal,Urbano,Arteria Principal,State Highway Agency,1,Sin jurisdiccion especial,34,35.191075,-114.5211361,Acotamiento,El primer evento no fue una colision con un vehiculo automotor en transporte,Not an Intersection,No fue interseccion,Sobre el lado de la calle,Ninguna,Reportada como desconocida,lluvia,No,NO APLICA,99,99,99,99,1,04/09/2022,4
4,Arizona,40993,0,0,1,0,15,MOHAVE (15),59,BULLHEAD CITY,9,Septiembre,25,2022,7,58,SR-68,3,Highway estatal,Urbano,Arteria Principal,State Highway Agency,1,Sin jurisdiccion especial,1390,35.174625,-114.5658278,Banqueta,El primer evento no fue una colision con un vehiculo automotor en transporte,Not an Intersection,No fue interseccion,Sobre el lado de la calle,Ninguna,Dia total,Despejado,No,NO APLICA,7,58,8,7,1,25/09/2022,1
4,Arizona,41049,0,0,2,0,15,MOHAVE (15),217,GOLDEN VALLEY,10,Octubre,25,2022,1,8,SR-68,3,Highway estatal,Rural,Arteria Principal,State Highway Agency,1,Sin jurisdiccion especial,204,35.22361389,-114.2507667,Vehiculo en movimiento,Frente a Detrás,Not an Intersection,No fue interseccion,Sobre calle,Ninguna,Oscuro sin iluminacion,Despejado,No,NO APLICA,1,10,1,17,1,25/10/2022,5
4,Arizona,41060,0,0,1,0,15,MOHAVE (15),268,LAKE HAVASU CITY,11,Noviembre,9,2022,23,5,CHEMEHUEVI BLVD,8,Otro,Urbano,Colector Mayor,City or Municipal Highway Agency,0,Sin jurisdiccion especial,4,34.47410278,-114.2909972,Banqueta,El primer evento no fue una colision con un vehiculo automotor en transporte,Not an Intersection,No fue interseccion,Sobre el lado de la calle,Ninguna,Oscuro sin iluminacion,Despejado,No,NO APLICA,23,7,23,9,1,09/11/2022,2
4,Arizona,41062,1,1,1,0,12,LA PAZ (12),340,PARKER,11,Noviembre,10,2022,18,32,SR-95,3,Highway estatal,Rural,Arteria Principal,State Highway Agency,1,Sin jurisdiccion especial,355,34.15513333,-114.2782333,Peaton,El primer evento no fue una colision con un vehiculo automotor en transporte,Not an Intersection,No fue interseccion,Sobre calle,Ninguna,Oscuro sin iluminacion,Despejado,No,NO APLICA,21,7,22,2,1,10/11/2022,1