Estado,Nombre de Estado,Numero de Caso,Peatones,Personas _no_vehiculos,Vehiculos automotores,Vehiculos estacionados,Condado,Nombre Condado,Ciudad,Nombre Ciudad,Mes,Nombre Mes,Dia,Año,Hora,Minuto,Calle,Ruta,Nombre Ruta,Rural o Urbanoo,Sistema Funcional,Dueño Calle,Sistema Nacional Carreteras,Jurisdiccion Especial,Milla,Latitud,Longitud,Causa del Accidente,Tipo de Accidente,Tipo Interseccion,Columna1,Lugar en la calle,Zona de Trabajo,Luz,Clima,Autobus Escolar,Cruce de Trenes,Hora Notificacion,Minuto Notificacion,Hora Llegada,Minuto Llegada,Decesos,Fecha,PersonaVehiculo
6,California,60362,0,0,2,0,71,SAN BERNARDINO (71),4040,VICTORVILLE,4,Abril,15,2022,19,5,I-15,1,Interestatal,Urbano,Interestatal,State Highway Agency,1,Sin jurisdiccion especial,383,34.47978056,-117.3387611,Vehiculo en movimiento,Golpe Lateral - misma direccion,Not an Intersection,No fue interseccion,Sobre calle,Ninguna,Dia total,Despejado,No,NO APLICA,99,99,99,99,1,15/04/2022,4
6,California,60363,0,0,1,0,71,SAN BERNARDINO (71),0,NO APLICA,3,Marzo,24,2022,1,35,LEAR AVE,8,Otro,Urbano,Colector Mayor,County Highway Agency,0,Sin jurisdiccion especial,99998,34.17566944,-116.15055,Alguien se cayo/avento del vehiculo,El primer evento no fue una colision con un vehiculo automotor en transporte,Not an Intersection,No fue interseccion,Sobre el lado de la calle,Ninguna,Oscuro sin iluminacion,Despejado,No,NO APLICA,99,99,99,99,1,24/03/2022,1
6,California,60364,0,0,2,0,39,MADERA (39),0,NO APLICA,1,Enero,31,2022,21,52,ROAD 36,8,Otro,Urbano,Colector Mayor,County Highway Agency,0,Sin jurisdiccion especial,99998,36.93752778,-119.894125,Vehiculo en movimiento,Angulo,Four-Way Intersection,Interseccion de 4 direcciones,Sobre calle,Ninguna,Oscuro sin iluminacion,Despejado,No,NO APLICA,99,99,99,99,1,31/01/2022,3
6,California,60365,0,0,3,0,37,LOS ANGELES (37),0,NO APLICA,3,Marzo,28,2022,11,30,VALLEY BL,8,Otro,Urbano,Arteria Principal,County Highway Agency,0,Sin jurisdiccion especial,99998,34.03606944,-117.9763389,Vehiculo en movimiento,Frente a frente,Not an Intersection,No fue interseccion,Sobre calle,Ninguna,Dia total,lluvia,No,NO APLICA,99,99,99,99,1,28/03/2022,3
6,California,60366,0,0,2,0,65,RIVERSIDE (65),0,NO APLICA,3,Marzo,14,2022,15,29,THOUSAND PALMS CANYON RD,8,Otro,Rural,Colector Mayor,County Highway Agency,0,Sin jurisdiccion especial,99998,33.8491,-116.3107472,Vehiculo en movimiento,Frente a frente,Not an Intersection,No fue interseccion,Sobre calle,Ninguna,Dia total,Despejado,No,NO APLICA,99,99,99,99,1,14/03/2022,2
6,California,60367,0,0,3,0,5,AMADOR (5),0,NO APLICA,1,Enero,18,2022,17,45,SR-104 TWIN CITIES RD,3,Highway estatal,Rural,Colector Mayor,State Highway Agency,0,Sin jurisdiccion especial,18,38.38254444,-120.9955778,Vehiculo en movimiento,Frente a frente,Not an Intersection,No fue interseccion,Sobre calle,Ninguna,Oscuro sin iluminacion,Despejado,No,NO APLICA,17,48,18,4,1,18/01/2022,4
6,California,60368,0,0,2,0,69,SAN BENITO (69),0,NO APLICA,3,Marzo,1,2022,17,38,FAIRVIEW RD,8,Otro,Urbano,Arteria Menor,County Highway Agency,0,Sin jurisdiccion especial,99998,36.86105,-121.3636333,Volcadura,El primer evento no fue una colision con un vehiculo automotor en transporte,T-Intersection,Interseccion de T,Sobre calle,Ninguna,Dia total,Despejado,No,NO APLICA,17,99,17,99,1,01/03/2022,2
6,California,60369,0,0,2,0,41,MARIN (41),0,NO APLICA,3,Marzo,4,2022,11,45,TOMALES PETALUMA RD,8,Otro,Rural,Colector Mayor,County Highway Agency,0,Sin jurisdiccion especial,99998,38.25416389,-122.8533639,Vehiculo en movimiento,Frente a frente,Not an Intersection,No fue interseccion,Sobre calle,Ninguna,Dia total,Despejado,No,NO APLICA,99,99,99,99,1,04/03/2022,3
6,California,60370,1,1,1,0,115,YUBA (115),0,NO APLICA,3,Marzo,27,2022,21,30,GEORGE AVE,8,Otro,Urbano,Arteria Menor,City or Municipal Highway Agency,0,Sin jurisdiccion especial,99998,39.07393611,-121.5447139,Ciclista,El primer evento no fue una colision con un vehiculo automotor en transporte,Not an Intersection,No fue interseccion,Sobre calle,Ninguna,Oscuro con iluminacion,Despejado,No,NO APLICA,99,99,99,99,1,27/03/2022,1
6,California,60371,0,0,1,0,65,RIVERSIDE (65),0,NO APLICA,2,Febrero,15,2022,9,10,VARNER RD,9,Desconocido,Urbano,Colector Mayor,City or Municipal Highway Agency,0,Sin jurisdiccion especial,99998,33.80208611,-116.3808694,Otro objeto (fijo),El primer evento no fue una colision con un vehiculo automotor en transporte,Not an Intersection,No fue interseccion,Separador,Ninguna,Dia total,Vientos cruzados pero de los mamalones,No,NO APLICA,9,99,9,99,2,15/02/2022,2
6,California,60372,0,0,1,0,65,RIVERSIDE (65),0,NO APLICA,4,Abril,2,2022,23,30,SR-74,3,Highway estatal,Urbano,Arteria Principal,State Highway Agency,1,Sin jurisdiccion especial,320,33.74319722,-117.1146333,Poste de Señal de trafico,El primer evento no fue una colision con un vehiculo automotor en transporte,Not an Intersection,No fue interseccion,Sobre el lado de la calle,Ninguna,Oscuro con iluminacion,lluvia,No,NO APLICA,23,32,23,52,1,02/04/2022,1
6,California,60373,1,1,1,0,65,RIVERSIDE (65),1801,LAKE ELSINORE,1,Enero,9,2022,17,40,I-15 RAMP,1,Interestatal,Urbano,Interestatal,State Highway Agency,1,Sin jurisdiccion especial,237,33.70580278,-117.355875,Peaton,El primer evento no fue una colision con un vehiculo automotor en transporte,Not an Intersection,No fue interseccion,Sobre calle,Ninguna,Oscuro sin iluminacion,Despejado,No,NO APLICA,99,99,99,99,1,09/01/2022,5
6,California,60374,0,0,2,0,23,HUMBOLDT (23),0,NO APLICA,1,Enero,24,2022,20,50,SR-255,3,Highway estatal,Urbano,Arteria Menor,State Highway Agency,0,Sin jurisdiccion especial,1,40.81672222,-124.1627,Vehiculo en movimiento,Frente a frente,Not an Intersection,No fue interseccion,Sobre calle,Ninguna,Oscuro sin iluminacion,Nublado,No,NO APLICA,99,99,99,99,1,24/01/2022,4
6,California,60375,0,0,2,0,45,MENDOCINO (45),0,NO APLICA,2,Febrero,19,2022,15,52,ALBION RIDGE RD,9,Desconocido,Rural,Local,Not Reported,0,Sin jurisdiccion especial,0,39.226975,-123.7345722,Vehiculo en movimiento,Frente a frente,Not an Intersection,No fue interseccion,Sobre calle,Ninguna,Dia total,Despejado,No,NO APLICA,15,54,16,21,1,19/02/2022,5
6,California,60376,1,1,1,0,67,SACRAMENTO (67),0,NO APLICA,5,Mayo,15,2022,21,36,CR-MARCONI AVE,4,Calle del Condado,Urbano,Arteria Principal,County Highway Agency,0,Sin jurisdiccion especial,99998,38.61783056,-121.3814111,Peaton,El primer evento no fue una colision con un vehiculo automotor en transporte,Not an Intersection,No fue interseccion,Sobre calle,Ninguna,Oscuro con iluminacion,Despejado,No,NO APLICA,99,99,99,99,1,15/05/2022,1
6,California,60377,1,1,2,0,77,SAN JOAQUIN (77),0,NO APLICA,2,Febrero,8,2022,20,48,I-205,1,Interestatal,Rural,Interestatal,State Highway Agency,1,Sin jurisdiccion especial,20,37.7418,-121.5190861,Peaton,El primer evento no fue una colision con un vehiculo automotor en transporte,Not an Intersection,No fue interseccion,Sobre calle,Ninguna,Oscuro sin iluminacion,Despejado,No,NO APLICA,99,99,99,99,1,08/02/2022,2
6,California,60378,0,0,2,0,77,SAN JOAQUIN (77),0,NO APLICA,4,Abril,24,2022,14,25,11TH ST,8,Otro,Urbano,Arteria Principal,County Highway Agency,0,Sin jurisdiccion especial,99998,37.74561111,-121.3617889,Vehiculo en movimiento,Angulo,Four-Way Intersection,Interseccion de 4 direcciones,Sobre calle,Ninguna,Dia total,Despejado,No,NO APLICA,99,99,99,99,1,24/04/2022,5
6,California,60379,0,0,3,0,99,STANISLAUS (99),0,NO APLICA,3,Marzo,29,2022,6,49,SR-99,3,Highway estatal,Urbano,Arterial Principal -Freeway o ExpressWay,State Highway Agency,1,Sin jurisdiccion especial,219,37.7026,-121.0735389,Vehiculo en movimiento,Frente a Detrás,Not an Intersection,No fue interseccion,Sobre calle,Ninguna,Dia total,Despejado,No,NO APLICA,99,99,99,99,1,29/03/2022,3
6,California,60380,0,0,3,1,107,TULARE (107),0,NO APLICA,2,Febrero,4,2022,15,34,SR-216 RD 160,3,Highway estatal,Urbano,Arteria Menor,State Highway Agency,0,Sin jurisdiccion especial,42,36.35942778,-119.2162139,Vehiculo en movimiento,Frente a Detrás,Not an Intersection,No fue interseccion,Sobre Acotamiento,Ninguna,Dia total,Despejado,No,NO APLICA,99,99,99,99,1,04/02/2022,2
6,California,60381,0,0,2,0,37,LOS ANGELES (37),639,CERRITOS,2,Febrero,18,2022,2,18,I-605 SAN GABRIEL RIVER FWY,1,Interestatal,Urbano,Interestatal,State Highway Agency,1,Sin jurisdiccion especial,70,33.86753333,-118.0993389,Vehiculo en movimiento,Frente a frente,Not an Intersection,No fue interseccion,Sobre calle,Ninguna,Oscuro sin iluminacion,Despejado,No,NO APLICA,99,99,99,99,2,18/02/2022,2
6,California,60382,1,1,1,0,37,LOS ANGELES (37),713,INDUSTRY,3,Marzo,20,2022,19,48,SR-60,3,Highway estatal,Urbano,Arterial Principal -Freeway o ExpressWay,State Highway Agency,1,Sin jurisdiccion especial,190,33.994675,-117.9120639,Peaton,El primer evento no fue una colision con un vehiculo automotor en transporte,Not an Intersection,No fue interseccion,Sobre calle,Ninguna,Oscuro con iluminacion,Despejado,No,NO APLICA,19,53,19,58,1,20/03/2022,7
6,California,60383,1,1,1,0,67,SACRAMENTO (67),0,NO APLICA,5,Mayo,23,2022,5,0,WATT AV,9,Desconocido,Urbano,Arterial Principal -Freeway o ExpressWay,County Highway Agency,1,Sin jurisdiccion especial,99998,38.62148056,-121.3829444,Peaton,El primer evento no fue una colision con un vehiculo automotor en transporte,Not an Intersection,No fue interseccion,Sobre calle,Ninguna,Oscuro con iluminacion,Despejado,No,NO APLICA,99,99,99,99,1,23/05/2022,1
6,California,60384,0,0,2,0,97,SONOMA (97),0,NO APLICA,3,Marzo,12,2022,6,35,BENNETT VALLEY RD,8,Otro,Rural,Colector Mayor,County Highway Agency,0,Sin jurisdiccion especial,99998,38.39416944,-122.6082222,Arbol,El primer evento no fue una colision con un vehiculo automotor en transporte,Not an Intersection,No fue interseccion,Sobre el lado de la calle,Ninguna,Dia total,Despejado,No,NO APLICA,6,99,99,99,1,12/03/2022,2
6,California,60385,0,0,1,0,97,SONOMA (97),0,NO APLICA,3,Marzo,21,2022,7,52,RIVER RD,8,Otro,Rural,Colector Mayor,County Highway Agency,0,Sin jurisdiccion especial,99998,38.493375,-122.7869417,Poste,El primer evento no fue una colision con un vehiculo automotor en transporte,Not an Intersection,No fue interseccion,Sobre el lado de la calle,Ninguna,Dia total,Despejado,No,NO APLICA,99,99,99,99,1,21/03/2022,1
6,California,60386,0,0,2,0,37,LOS ANGELES (37),0,NO APLICA,2,Febrero,6,2022,12,50,SR-2 ANGELES CREST HWY,3,Highway estatal,Rural,Arteria Menor,State Highway Agency,0,Sin jurisdiccion especial,334,34.2695,-118.1595111,Acotamiento,El primer evento no fue una colision con un vehiculo automotor en transporte,Not an Intersection,No fue interseccion,Sobre el lado de la calle,Ninguna,Dia total,Despejado,No,NO APLICA,99,99,99,99,1,06/02/2022,2
6,California,60387,0,0,2,0,77,SAN JOAQUIN (77),0,NO APLICA,4,Abril,10,2022,12,24,COPPEROPOLIS RD,8,Otro,Rural,Colector Mayor,County Highway Agency,0,Sin jurisdiccion especial,99998,37.973425,-120.99965,Vehiculo en movimiento,Angulo,Four-Way Intersection,Interseccion de 4 direcciones,Sobre calle,Ninguna,Dia total,Despejado,No,NO APLICA,12,99,99,99,1,10/04/2022,2
6,California,60388,0,0,1,0,71,SAN BERNARDINO (71),1603,HESPERIA,5,Mayo,9,2022,0,8,I-15,1,Interestatal,Urbano,Interestatal,State Highway Agency,1,Sin jurisdiccion especial,351,34.44013333,-117.3696361,Volcadura,El primer evento no fue una colision con un vehiculo automotor en transporte,Not an Intersection,No fue interseccion,Sobre Acotamiento,"Zona de trabajo, tipo desconocido",Oscuro sin iluminacion,Despejado,No,NO APLICA,99,99,99,99,1,09/05/2022,1
6,California,60389,0,0,2,0,65,RIVERSIDE (65),850,CORONA,5,Mayo,10,2022,13,1,SR-91,3,Highway estatal,Urbano,Arterial Principal -Freeway o ExpressWay,State Highway Agency,1,Sin jurisdiccion especial,100,33.89250833,-117.5046667,Vehiculo en movimiento,Golpe Lateral - misma direccion,Not an Intersection,No fue interseccion,Sobre calle,Ninguna,Dia total,Despejado,No,NO APLICA,99,99,99,99,1,10/05/2022,2
6,California,60390,0,0,1,0,67,SACRAMENTO (67),0,NO APLICA,5,Mayo,23,2022,22,0,FAIR OAKS BL,8,Otro,Urbano,Arteria Principal,County Highway Agency,1,Sin jurisdiccion especial,99998,38.63644444,-121.2869,Poste o otros soportes,El primer evento no fue una colision con un vehiculo automotor en transporte,Not an Intersection,No fue interseccion,Sobre el lado de la calle,Ninguna,Oscuro con iluminacion,Despejado,No,NO APLICA,99,99,99,99,1,23/05/2022,1
6,California,60391,0,0,2,0,107,TULARE (107),0,NO APLICA,4,Abril,7,2022,16,56,ROAD 144,8,Otro,Rural,Colector Mayor,County Highway Agency,0,Sin jurisdiccion especial,99998,36.49385833,-119.25055,Vehiculo en movimiento,Frente a frente,Not an Intersection,No fue interseccion,Sobre calle,Ninguna,Dia total,Despejado,No,NO APLICA,99,99,99,99,1,07/04/2022,2
6,California,60392,0,0,2,0,25,IMPERIAL (25),0,NO APLICA,3,Marzo,19,2022,21,36,I-8,1,Interestatal,Rural,Interestatal,State Highway Agency,1,Sin jurisdiccion especial,169,32.74990278,-115.9106056,Vehiculo en movimiento,Frente a Detrás,Not an Intersection,No fue interseccion,Sobre calle,Ninguna,Oscuro sin iluminacion,Vientos cruzados pero de los mamalones,No,NO APLICA,21,40,22,2,1,19/03/2022,2
6,California,60393,0,0,2,0,107,TULARE (107),0,NO APLICA,4,Abril,3,2022,17,20,AVENUE 120,8,Otro,Rural,Local,County Highway Agency,0,Sin jurisdiccion especial,99998,36.00756944,-119.3933889,Vehiculo en movimiento,Angulo,Four-Way Intersection,Interseccion de 4 direcciones,Sobre calle,Ninguna,Dia total,Despejado,No,NO APLICA,99,99,99,99,1,03/04/2022,4
6,California,60394,1,1,2,0,107,TULARE (107),0,NO APLICA,3,Marzo,4,2022,21,50,SR-99,3,Highway estatal,Rural,Arterial Principal -Freeway o ExpressWay,State Highway Agency,1,Sin jurisdiccion especial,418,36.36503056,-119.4306306,Vehiculo en movimiento,Frente a frente,Not an Intersection,No fue interseccion,Sobre calle,Ninguna,Oscuro sin iluminacion,lluvia,No,NO APLICA,99,99,99,99,1,04/03/2022,1
6,California,60395,0,0,2,0,29,KERN (29),0,NO APLICA,5,Mayo,12,2022,16,40,SR-14,3,Highway estatal,Rural,Arteria Principal,State Highway Agency,1,Sin jurisdiccion especial,415,35.37990556,-117.9808889,Vehiculo en movimiento,Frente a frente,Not an Intersection,No fue interseccion,Sobre calle,Ninguna,Dia total,Despejado,No,NO APLICA,99,99,99,99,1,12/05/2022,3
6,California,60396,0,0,1,0,7,BUTTE (7),0,NO APLICA,5,Mayo,25,2022,23,55,PALERMO RD,8,Otro,Urbano,Colector Mayor,County Highway Agency,0,Sin jurisdiccion especial,99998,39.435,-121.5626611,Arbol,El primer evento no fue una colision con un vehiculo automotor en transporte,Not an Intersection,No fue interseccion,Sobre el lado de la calle,Ninguna,Oscuro sin iluminacion,Despejado,No,NO APLICA,99,99,99,99,1,25/05/2022,1
6,California,60397,0,0,1,0,37,LOS ANGELES (37),30,ALHAMBRA,3,Marzo,4,2022,0,47,I-710 RAMP,1,Interestatal,Urbano,Interestatal,State Highway Agency,1,Sin jurisdiccion especial,274,34.07502222,-118.1606444,Banqueta,El primer evento no fue una colision con un vehiculo automotor en transporte,T-Intersection,Interseccion de T,Sobre el lado de la calle,Ninguna,Oscuro sin iluminacion,Despejado,No,NO APLICA,99,99,99,99,2,04/03/2022,3
6,California,60398,1,1,1,0,77,SAN JOAQUIN (77),0,NO APLICA,5,Mayo,15,2022,19,36,SR-210,3,Highway estatal,Urbano,Arterial Principal -Freeway o ExpressWay,State Highway Agency,1,Sin jurisdiccion especial,56,37.78321667,-121.2102,Ciclista,El primer evento no fue una colision con un vehiculo automotor en transporte,Not an Intersection,No fue interseccion,Sobre calle,Ninguna,Dia total,Despejado,No,NO APLICA,19,99,19,99,1,15/05/2022,2
6,California,60400,0,0,2,0,67,SACRAMENTO (67),0,NO APLICA,1,Enero,22,2022,5,30,SR-160,3,Highway estatal,Rural,Arteria Principal,State Highway Agency,1,Sin jurisdiccion especial,65,38.09951944,-121.7056056,Vehiculo en movimiento,Angulo,Not an Intersection,No fue interseccion,Sobre calle,Ninguna,Oscuro sin iluminacion,Despejado,No,NO APLICA,99,99,99,99,1,22/01/2022,2
6,California,60401,0,0,2,0,29,KERN (29),0,NO APLICA,4,Abril,7,2022,15,39,SR-43 CENTRAL VALLEY HWY,3,Highway estatal,Rural,Arteria Menor,State Highway Agency,0,Sin jurisdiccion especial,334,35.71768611,-119.3304222,Vehiculo en movimiento,Angulo,Four-Way Intersection,Interseccion de 4 direcciones,Sobre calle,Ninguna,Dia total,Despejado,No,NO APLICA,99,99,99,99,1,07/04/2022,2
6,California,60402,0,0,1,0,29,KERN (29),0,NO APLICA,4,Abril,15,2022,23,13,SR-43,3,Highway estatal,Rural,Arteria Menor,State Highway Agency,0,Sin jurisdiccion especial,212,35.54465556,-119.3298111,Volcadura,El primer evento no fue una colision con un vehiculo automotor en transporte,Not an Intersection,No fue interseccion,Sobre el lado de la calle,Ninguna,Oscuro sin iluminacion,Despejado,No,NO APLICA,23,15,23,35,1,15/04/2022,1
6,California,60403,0,0,1,0,29,KERN (29),0,NO APLICA,5,Mayo,7,2022,15,45,SR-99,3,Highway estatal,Urbano,Arterial Principal -Freeway o ExpressWay,State Highway Agency,1,Sin jurisdiccion especial,315,35.44341111,-119.0879389,Barda,El primer evento no fue una colision con un vehiculo automotor en transporte,Not an Intersection,No fue interseccion,Fuera de la calle,Ninguna,Dia total,Despejado,No,NO APLICA,99,99,99,99,1,07/05/2022,1
6,California,60404,0,0,1,0,47,MERCED (47),0,NO APLICA,4,Abril,27,2022,99,99,SR-59,3,Highway estatal,Rural,Colector Mayor,State Highway Agency,0,Sin jurisdiccion especial,322,37.51597778,-120.4529472,Poste de Señal de trafico,El primer evento no fue una colision con un vehiculo automotor en transporte,T-Intersection,Interseccion de T,Sobre el lado de la calle,Ninguna,Dia total,Despejado,No,NO APLICA,99,99,99,99,1,27/04/2022,1
6,California,60405,0,0,2,0,47,MERCED (47),0,NO APLICA,5,Mayo,29,2022,11,29,SR-59 LOS BANOS HWY,3,Highway estatal,Rural,Arteria Menor,State Highway Agency,0,Sin jurisdiccion especial,131,37.27375,-120.4878472,Vehiculo en movimiento,Angulo,Four-Way Intersection,Interseccion de 4 direcciones,Sobre calle,Ninguna,Dia total,Despejado,No,NO APLICA,99,99,99,99,1,29/05/2022,5
6,California,60406,0,0,1,0,37,LOS ANGELES (37),4120,WEST COVINA,2,Febrero,20,2022,0,40,I-10,1,Interestatal,Urbano,Interestatal,State Highway Agency,1,Sin jurisdiccion especial,373,34.07176944,-117.8927083,Poste de Señal de trafico,El primer evento no fue una colision con un vehiculo automotor en transporte,Not an Intersection,No fue interseccion,Sobre el lado de la calle,Ninguna,Oscuro con iluminacion,Despejado,No,NO APLICA,99,99,99,99,1,20/02/2022,1
6,California,60407,0,0,3,0,37,LOS ANGELES (37),4120,WEST COVINA,4,Abril,27,2022,0,1,I-10 SAN BERNARDINO FWY,1,Interestatal,Urbano,Interestatal,State Highway Agency,1,Sin jurisdiccion especial,359,34.07211944,-117.9167778,Vehiculo en movimiento,Frente a Detrás,Not an Intersection,No fue interseccion,Sobre calle,Mantenimiento,Oscuro sin iluminacion,Despejado,No,NO APLICA,0,99,0,99,1,27/04/2022,3
6,California,60408,0,0,1,0,37,LOS ANGELES (37),0,NO APLICA,4,Abril,10,2022,1,50,I-5,1,Interestatal,Urbano,Interestatal,State Highway Agency,1,Sin jurisdiccion especial,519,34.40089722,-118.5727111,Otro objeto (no fijo),El primer evento no fue una colision con un vehiculo automotor en transporte,Not an Intersection,No fue interseccion,Sobre el lado de la calle,Ninguna,Oscuro sin iluminacion,Despejado,No,NO APLICA,99,99,99,99,1,10/04/2022,1
6,California,60409,1,1,1,0,37,LOS ANGELES (37),0,NO APLICA,4,Abril,30,2022,12,41,SANTA CLARA TRUCK TRAIL,8,Otro,Rural,Local,U.S. Forest Service,0,Servicio de Parques Nacional,99998,34.35093889,-118.3990861,Ciclista,El primer evento no fue una colision con un vehiculo automotor en transporte,Not an Intersection,No fue interseccion,Sobre calle,Ninguna,Dia total,Despejado,No,NO APLICA,99,99,99,99,1,30/04/2022,1
6,California,60410,1,1,1,0,37,LOS ANGELES (37),0,NO APLICA,5,Mayo,10,2022,2,15,I-5,1,Interestatal,Urbano,Interestatal,State Highway Agency,1,Sin jurisdiccion especial,600,34.50281389,-118.628025,Peaton,El primer evento no fue una colision con un vehiculo automotor en transporte,Not an Intersection,No fue interseccion,Sobre calle,Ninguna,Oscuro sin iluminacion,Despejado,No,NO APLICA,99,99,99,99,1,10/05/2022,1
6,California,60411,0,0,2,0,37,LOS ANGELES (37),0,NO APLICA,3,Marzo,12,2022,6,15,WOOLSEY CANYON RD,9,Desconocido,Trafficway Not in State Inventory,Via no en inventario estatal,Trafficway Not in State Inventory,0,Sin jurisdiccion especial,99998,34.235825,-118.6513389,Vehiculo en movimiento,Frente a frente,Not an Intersection,No fue interseccion,Sobre calle,Ninguna,Dia total,Despejado,No,NO APLICA,99,99,99,99,1,12/03/2022,2
6,California,60412,0,3,2,1,65,RIVERSIDE (65),0,NO APLICA,3,Marzo,8,2022,23,40,I-10,1,Interestatal,Urbano,Interestatal,State Highway Agency,1,Sin jurisdiccion especial,537,33.73929722,-116.2509472,Vehiculo Aparcado,El primer evento no fue una colision con un vehiculo automotor en transporte,Not an Intersection,No fue interseccion,Sobre Acotamiento,Ninguna,Oscuro sin iluminacion,Despejado,No,NO APLICA,23,99,99,99,1,08/03/2022,1
6,California,60413,0,0,2,0,73,SAN DIEGO (73),0,NO APLICA,3,Marzo,26,2022,13,35,SR- 67,3,Highway estatal,Urbano,Arteria Principal,State Highway Agency,0,Sin jurisdiccion especial,220,33.02055833,-116.8991694,Vehiculo en movimiento,Angulo,Not an Intersection,No fue interseccion,Sobre calle,Ninguna,Dia total,Despejado,No,NO APLICA,13,37,13,53,1,26/03/2022,2
6,California,60414,0,0,1,0,53,MONTEREY (53),2250,MONTEREY,4,Abril,8,2022,18,50,POLLOCK LN,8,Otro,Urbano,Local,County Highway Agency,0,Sin jurisdiccion especial,99998,36.77364444,-121.6617222,Volcadura,El primer evento no fue una colision con un vehiculo automotor en transporte,Not an Intersection,No fue interseccion,Sobre calle,Ninguna,Dia total,Despejado,No,NO APLICA,99,99,99,99,1,08/04/2022,1
6,California,60415,0,0,1,0,53,MONTEREY (53),0,NO APLICA,4,Abril,15,2022,15,9,SPRECKELS BLVD,8,Otro,Urbano,Colector Mayor,County Highway Agency,0,Sin jurisdiccion especial,99998,36.63046944,-121.6669694,Poste de Señal de trafico,El primer evento no fue una colision con un vehiculo automotor en transporte,Not an Intersection,No fue interseccion,Sobre el lado de la calle,Ninguna,Dia total,Despejado,No,NO APLICA,99,99,99,99,1,15/04/2022,1
6,California,60416,0,0,1,0,53,MONTEREY (53),0,NO APLICA,4,Abril,22,2022,5,25,US-101,2,US Highway,Rural,Arterial Principal -Freeway o ExpressWay,State Highway Agency,1,Sin jurisdiccion especial,754,36.55257778,-121.5008583,Valla Ferrocarril,El primer evento no fue una colision con un vehiculo automotor en transporte,Not an Intersection,No fue interseccion,En el medio,Ninguna,Oscuro sin iluminacion,lluvia,No,NO APLICA,5,40,5,55,1,22/04/2022,1
6,California,60417,0,0,2,0,53,MONTEREY (53),0,NO APLICA,4,Abril,29,2022,11,14,AVE H,9,Desconocido,Urbano,Arteria Menor,Not Reported,0,Sin jurisdiccion especial,99998,36.57474722,-121.5846917,Vehiculo en movimiento,Frente a frente,Not an Intersection,No fue interseccion,Sobre calle,Ninguna,Dia total,Despejado,No,NO APLICA,99,99,99,99,1,29/04/2022,2
6,California,60418,0,0,1,0,111,VENTURA (111),538,CAMARILLO,1,Enero,9,2022,3,40,US-101,2,US Highway,Urbano,Arterial Principal -Freeway o ExpressWay,State Highway Agency,1,Sin jurisdiccion especial,92,34.20050278,-118.9590611,Poste,El primer evento no fue una colision con un vehiculo automotor en transporte,Not an Intersection,No fue interseccion,Sobre el lado de la calle,Ninguna,Oscuro con iluminacion,Despejado,No,NO APLICA,99,99,99,99,1,09/01/2022,1
6,California,60419,0,0,2,0,73,SAN DIEGO (73),0,NO APLICA,2,Febrero,5,2022,18,20,SR-94,3,Highway estatal,Rural,Arteria Principal,State Highway Agency,1,Sin jurisdiccion especial,228,32.66986111,-116.8253389,Final Destination ( Vehiculo es golpeado por carga o otro objeto puesto en movimiento por otro vehiculo en movimiento),Otro,T-Intersection,Interseccion de T,Sobre calle,Ninguna,Oscuro sin iluminacion,Despejado,No,NO APLICA,99,99,99,99,1,05/02/2022,3
6,California,60420,0,0,1,0,99,STANISLAUS (99),0,NO APLICA,5,Mayo,14,2022,17,59,N WASHINGTON RD,8,Otro,Rural,Local,County Highway Agency,0,Sin jurisdiccion especial,99998,37.53813889,-120.9020917,Arbol,El primer evento no fue una colision con un vehiculo automotor en transporte,Not an Intersection,No fue interseccion,Sobre el lado de la calle,Ninguna,Dia total,Despejado,No,NO APLICA,99,99,99,99,1,14/05/2022,1
6,California,60421,0,0,1,0,37,LOS ANGELES (37),0,NO APLICA,3,Marzo,17,2022,99,99,MOUNT BALDY RD,8,Otro,Rural,Colector Mayor,County Highway Agency,0,Sin jurisdiccion especial,99998,34.21410278,-117.6745139,Acotamiento,El primer evento no fue una colision con un vehiculo automotor en transporte,Not an Intersection,No fue interseccion,Sobre el lado de la calle,Ninguna,Dia total,Despejado,No,NO APLICA,19,99,19,99,1,17/03/2022,1
6,California,60422,0,0,1,0,37,LOS ANGELES (37),0,NO APLICA,4,Abril,14,2022,99,99,SR-39,3,Highway estatal,Rural,Arteria Menor,State Highway Agency,0,Sin jurisdiccion especial,231,34.21555278,-117.8639222,Otro objeto (fijo),El primer evento no fue una colision con un vehiculo automotor en transporte,Not an Intersection,No fue interseccion,Sobre el lado de la calle,Ninguna,Dia total,Despejado,No,NO APLICA,12,44,99,99,1,14/04/2022,1