Estado,Nombre de Estado,Numero de Caso,Peatones,Personas _no_vehiculos,Vehiculos automotores,Vehiculos estacionados,Condado,Nombre Condado,Ciudad,Nombre Ciudad,Mes,Nombre Mes,Dia,Año,Hora,Minuto,Calle,Ruta,Nombre Ruta,Rural o Urbanoo,Sistema Funcional,Dueño Calle,Sistema Nacional Carreteras,Jurisdiccion Especial,Milla,Latitud,Longitud,Causa del Accidente,Tipo de Accidente,Tipo Interseccion,Columna1,Lugar en la calle,Zona de Trabajo,Luz,Clima,Autobus Escolar,Cruce de Trenes,Hora Notificacion,Minuto Notificacion,Hora Llegada,Minuto Llegada,Decesos,Fecha,PersonaVehiculo
6,California,60672,0,3,2,1,37,LOS ANGELES (37),1980,LOS ANGELES,5,Mayo,14,2022,23,56,SR-118,3,Highway estatal,Urbano,Arterial Principal -Freeway o ExpressWay,State Highway Agency,1,Sin jurisdiccion especial,95,34.26570556,-118.4772278,Banqueta,El primer evento no fue una colision con un vehiculo automotor en transporte,Not an Intersection,No fue interseccion,Sobre el lado de la calle,Ninguna,Oscuro con iluminacion,Despejado,No,NO APLICA,99,99,99,99,3,14/05/2022,1
6,California,60673,1,1,1,0,37,LOS ANGELES (37),1980,LOS ANGELES,5,Mayo,31,2022,22,27,SR-170 HOLLYWOOD FWY,3,Highway estatal,Urbano,Arterial Principal -Freeway o ExpressWay,State Highway Agency,1,Sin jurisdiccion especial,172,34.18588889,-118.4010444,Peaton,El primer evento no fue una colision con un vehiculo automotor en transporte,Not an Intersection,No fue interseccion,Sobre calle,Ninguna,Oscuro - iluminacion desconocida,Despejado,No,NO APLICA,99,99,99,99,1,31/05/2022,1
6,California,60674,0,0,2,0,53,MONTEREY (53),0,NO APLICA,6,Junio,13,2022,6,20,JOLON RD,8,Otro,Rural,Colector Mayor,County Highway Agency,0,Sin jurisdiccion especial,99998,35.98840556,-121.1789889,Vehiculo en movimiento,Frente a frente,Not an Intersection,No fue interseccion,Sobre calle,Ninguna,Amanecer,Despejado,No,NO APLICA,99,99,99,99,4,13/06/2022,5
6,California,60675,1,1,1,0,97,SONOMA (97),0,NO APLICA,6,Junio,5,2022,12,39,OLD REDWOOD HWY,8,Otro,Urbano,Colector Mayor,County Highway Agency,0,Sin jurisdiccion especial,99998,38.28882778,-122.666525,Peaton,El primer evento no fue una colision con un vehiculo automotor en transporte,Not an Intersection,No fue interseccion,Sobre calle,Ninguna,Dia total,Nublado,No,NO APLICA,99,99,99,99,1,05/06/2022,2
6,California,60676,1,1,1,0,7,BUTTE (7),0,NO APLICA,7,Julio,5,2022,99,99,SR-70 RAMP,3,Highway estatal,Urbano,Arteria Principal,State Highway Agency,0,Sin jurisdiccion especial,490,39.53340833,-121.5810194,Peaton,El primer evento no fue una colision con un vehiculo automotor en transporte,Not an Intersection,No fue interseccion,Sobre calle,Ninguna,Oscuro sin iluminacion,Despejado,No,NO APLICA,3,99,99,99,1,05/07/2022,2
6,California,60677,0,0,1,0,79,SAN LUIS OBISPO (79),0,NO APLICA,7,Julio,15,2022,17,30,HUTTON RD,9,Desconocido,Trafficway Not in State Inventory,Via no en inventario estatal,Trafficway Not in State Inventory,0,Sin jurisdiccion especial,99998,34.99424722,-120.4351917,Otro objeto (no fijo),El primer evento no fue una colision con un vehiculo automotor en transporte,Not an Intersection,No fue interseccion,Sobre el lado de la calle,Ninguna,Dia total,Nublado,No,NO APLICA,17,33,99,99,1,15/07/2022,1
6,California,60678,0,0,3,1,19,FRESNO (19),0,NO APLICA,4,Abril,24,2022,15,45,CHESTNUT AVE,8,Otro,Urbano,Colector Menor,County Highway Agency,0,Sin jurisdiccion especial,99998,36.64168611,-119.7368167,Vehiculo en movimiento,Angulo,Four-Way Intersection,Interseccion de 4 direcciones,Sobre calle,Ninguna,Dia total,Despejado,No,NO APLICA,99,99,99,99,1,24/04/2022,2
6,California,60679,0,0,2,0,37,LOS ANGELES (37),0,NO APLICA,4,Abril,6,2022,6,28,110TH ST W,8,Otro,Rural,Colector Mayor,County Highway Agency,0,Sin jurisdiccion especial,99998,34.70383333,-118.3243778,Vehiculo en movimiento,Angulo,Four-Way Intersection,Interseccion de 4 direcciones,Sobre calle,Ninguna,Dia total,Despejado,No,NO APLICA,99,99,99,99,1,06/04/2022,3
6,California,60680,0,0,3,0,53,MONTEREY (53),0,NO APLICA,6,Junio,3,2022,4,25,SR-183,3,Highway estatal,Rural,Arteria Menor,State Highway Agency,0,Sin jurisdiccion especial,99998,36.70851944,-121.7123111,Vehiculo en movimiento,Frente a frente,Not an Intersection,No fue interseccion,Sobre calle,Ninguna,Oscuro sin iluminacion,Neblina o Humo,No,NO APLICA,4,99,4,37,1,03/06/2022,3
6,California,60681,1,1,1,0,111,VENTURA (111),3641,SIMI VALLEY,6,Junio,13,2022,22,55,SR-118 RAMP,3,Highway estatal,Urbano,Arterial Principal -Freeway o ExpressWay,State Highway Agency,1,Sin jurisdiccion especial,260,34.28256111,-118.7405278,Peaton,El primer evento no fue una colision con un vehiculo automotor en transporte,Not an Intersection,No fue interseccion,Sobre calle,Ninguna,Oscuro con iluminacion,Despejado,No,NO APLICA,99,99,99,99,1,13/06/2022,1
6,California,60682,0,0,1,0,29,KERN (29),0,NO APLICA,6,Junio,15,2022,20,38,TEHACHAPI WILLOW SPRINGS RD,8,Otro,Rural,Arteria Menor,County Highway Agency,0,Sin jurisdiccion especial,99998,34.97090278,-118.3043111,Arbusto,El primer evento no fue una colision con un vehiculo automotor en transporte,Not an Intersection,No fue interseccion,Fuera de la calle,Ninguna,Oscuro sin iluminacion,Despejado,No,NO APLICA,99,99,99,99,1,15/06/2022,1
6,California,60683,0,0,1,0,41,MARIN (41),0,NO APLICA,5,Mayo,1,2022,16,30,SIR FRANCIS DRAKE BL,8,Otro,Urbano,Colector Mayor,County Highway Agency,0,Sin jurisdiccion especial,99998,38.03746667,-122.7459528,Arbol,El primer evento no fue una colision con un vehiculo automotor en transporte,Not an Intersection,No fue interseccion,Sobre el lado de la calle,Ninguna,Dia total,Despejado,No,NO APLICA,99,99,99,99,1,01/05/2022,2
6,California,60684,0,0,1,0,17,EL DORADO (17),0,NO APLICA,8,Agosto,8,2022,13,50,SR-89,3,Highway estatal,Rural,Arteria Menor,State Highway Agency,0,Sin jurisdiccion especial,225,39.01440278,-120.1200056,Poste de Señal de trafico,El primer evento no fue una colision con un vehiculo automotor en transporte,Not an Intersection,No fue interseccion,Sobre el lado de la calle,Ninguna,Dia total,Nublado,No,NO APLICA,99,99,99,99,1,08/08/2022,3
6,California,60685,0,0,2,0,99,STANISLAUS (99),0,NO APLICA,6,Junio,14,2022,19,47,SR-132,3,Highway estatal,Rural,Arteria Principal,State Highway Agency,1,Sin jurisdiccion especial,63,37.63786111,-121.1589056,Vehiculo en movimiento,Angulo,Four-Way Intersection,Interseccion de 4 direcciones,Sobre calle,Ninguna,Dia total,Despejado,No,NO APLICA,99,99,20,99,1,14/06/2022,2
6,California,60686,1,1,1,0,107,TULARE (107),4050,VISALIA,7,Julio,12,2022,5,10,SR-198,3,Highway estatal,Urbano,Arterial Principal -Freeway o ExpressWay,State Highway Agency,1,Sin jurisdiccion especial,1073,36.32684444,-119.2843083,Ciclista,El primer evento no fue una colision con un vehiculo automotor en transporte,Not an Intersection,No fue interseccion,Sobre calle,Ninguna,Oscuro con iluminacion,Despejado,No,NO APLICA,99,99,99,99,1,12/07/2022,4
6,California,60687,0,0,2,0,47,MERCED (47),0,NO APLICA,6,Junio,22,2022,12,35,ASHBY RD,8,Otro,Urbano,Colector Mayor,County Highway Agency,0,Sin jurisdiccion especial,99998,37.31377222,-120.51935,Vehiculo en movimiento,Angulo,T-Intersection,Interseccion de T,Sobre calle,Ninguna,Dia total,Nublado,No,NO APLICA,99,99,99,99,1,22/06/2022,3
6,California,60688,0,0,1,0,99,STANISLAUS (99),3950,TURLOCK,7,Julio,12,2022,10,29,SR-99,3,Highway estatal,Urbano,Arterial Principal -Freeway o ExpressWay,State Highway Agency,1,Sin jurisdiccion especial,2117,37.46936667,-120.8370083,Barda,El primer evento no fue una colision con un vehiculo automotor en transporte,Not an Intersection,No fue interseccion,Sobre el lado de la calle,Ninguna,Dia total,Despejado,No,NO APLICA,10,99,10,99,1,12/07/2022,1
6,California,60690,0,0,1,0,63,PLUMAS (63),0,NO APLICA,5,Mayo,4,2022,3,30,SR-89,3,Highway estatal,Rural,Arteria Menor,State Highway Agency,0,Sin jurisdiccion especial,355,40.20620278,-121.1734194,Arbol,El primer evento no fue una colision con un vehiculo automotor en transporte,Not an Intersection,No fue interseccion,Sobre el lado de la calle,Ninguna,Oscuro sin iluminacion,Despejado,No,NO APLICA,99,99,99,99,1,04/05/2022,1
6,California,60691,0,0,2,0,47,MERCED (47),0,NO APLICA,6,Junio,28,2022,8,23,VINCENT RD,8,Otro,Rural,Colector Menor,County Highway Agency,0,Sin jurisdiccion especial,99998,37.47196667,-120.7761167,Vehiculo en movimiento,Frente a frente,Not an Intersection,No fue interseccion,Sobre calle,Ninguna,Dia total,Despejado,No,NO APLICA,99,99,99,99,1,28/06/2022,5
6,California,60692,0,0,2,0,29,KERN (29),0,NO APLICA,7,Julio,11,2022,3,25,I-5,1,Interestatal,Rural,Interestatal,State Highway Agency,1,Sin jurisdiccion especial,2774,35.72815556,-119.7367944,Volcadura,El primer evento no fue una colision con un vehiculo automotor en transporte,Not an Intersection,No fue interseccion,Sobre calle,"Zona de trabajo, tipo desconocido",Oscuro sin iluminacion,Despejado,No,NO APLICA,99,99,99,99,2,11/07/2022,2
6,California,60693,0,0,1,0,107,TULARE (107),0,NO APLICA,7,Julio,21,2022,5,50,RICHGROVE DR,8,Otro,Urbano,Colector Mayor,County Highway Agency,0,Sin jurisdiccion especial,99998,35.83802778,-119.0853056,Volcadura,El primer evento no fue una colision con un vehiculo automotor en transporte,Not an Intersection,No fue interseccion,Sobre el lado de la calle,Ninguna,Amanecer,Despejado,No,NO APLICA,99,99,99,99,1,21/07/2022,1
6,California,60694,1,1,1,0,37,LOS ANGELES (37),0,NO APLICA,4,Abril,2,2022,20,23,165TH STREET EAST,9,Desconocido,Rural,Colector Mayor,Not Reported,0,Sin jurisdiccion especial,0,34.50256667,-117.8353917,Peaton,El primer evento no fue una colision con un vehiculo automotor en transporte,Not an Intersection,No fue interseccion,Sobre calle,Ninguna,Oscuro sin iluminacion,Despejado,No,NO APLICA,20,30,20,42,1,02/04/2022,1
6,California,60696,1,1,1,0,73,SAN DIEGO (73),0,NO APLICA,2,Febrero,19,2022,23,54,SR-94,3,Highway estatal,Urbano,Arteria Principal,State Highway Agency,1,Sin jurisdiccion especial,210,32.70350278,-116.8672917,Peaton,El primer evento no fue una colision con un vehiculo automotor en transporte,Not an Intersection,No fue interseccion,Sobre calle,Ninguna,Oscuro sin iluminacion,Nublado,No,NO APLICA,99,99,99,99,1,19/02/2022,1
6,California,60697,0,0,1,0,65,RIVERSIDE (65),526,CALIMESA,5,Mayo,20,2022,0,28,CALIMESA BL,8,Otro,Urbano,Colector Mayor,City or Municipal Highway Agency,0,Sin jurisdiccion especial,99998,33.97251111,-117.0406833,Banqueta,El primer evento no fue una colision con un vehiculo automotor en transporte,Not an Intersection,No fue interseccion,Sobre el lado de la calle,Ninguna,Oscuro sin iluminacion,Despejado,No,NO APLICA,99,99,99,99,1,20/05/2022,1
6,California,60698,1,1,1,0,19,FRESNO (19),1370,FRESNO,5,Mayo,24,2022,5,23,HERNDON AVE,8,Otro,Urbano,Arteria Principal,City or Municipal Highway Agency,0,Sin jurisdiccion especial,99998,36.83719444,-119.7902917,Ciclista,El primer evento no fue una colision con un vehiculo automotor en transporte,Four-Way Intersection,Interseccion de 4 direcciones,Sobre calle,Ninguna,Amanecer,Despejado,No,NO APLICA,99,99,99,99,1,24/05/2022,1
6,California,60699,0,0,1,0,65,RIVERSIDE (65),2278,MORENO VALLEY,3,Marzo,9,2022,20,7,BOX SPRINGS RD,8,Otro,Urbano,Colector Mayor,City or Municipal Highway Agency,0,Sin jurisdiccion especial,99998,33.94664167,-117.2868556,Banqueta,El primer evento no fue una colision con un vehiculo automotor en transporte,Not an Intersection,No fue interseccion,Sobre el lado de la calle,Ninguna,Oscuro con iluminacion,Despejado,No,NO APLICA,99,99,99,99,1,09/03/2022,1
6,California,60700,1,1,1,0,19,FRESNO (19),1370,FRESNO,6,Junio,6,2022,1,43,BELMONT AVE,9,Desconocido,Urbano,Colector Mayor,City or Municipal Highway Agency,0,Sin jurisdiccion especial,99998,36.75021389,-119.8291917,Peaton,El primer evento no fue una colision con un vehiculo automotor en transporte,Not an Intersection,No fue interseccion,Sobre calle,Ninguna,Oscuro con iluminacion,Despejado,No,NO APLICA,1,99,1,99,1,06/06/2022,1
6,California,60701,0,0,2,0,59,ORANGE (59),3420,SANTA ANA,2,Febrero,27,2022,11,26,BRISTOL ST,8,Otro,Urbano,Arteria Principal,City or Municipal Highway Agency,0,Sin jurisdiccion especial,99998,33.71865,-117.8853278,Vehiculo en movimiento,Angulo,Not an Intersection,No fue interseccion,Sobre calle,Ninguna,Dia total,Despejado,No,NO APLICA,99,99,99,99,1,27/02/2022,2
6,California,60702,0,0,2,0,71,SAN BERNARDINO (71),2550,ONTARIO,6,Junio,8,2022,9,45,HOLT BLVD,8,Otro,Urbano,Arteria Principal,City or Municipal Highway Agency,0,Sin jurisdiccion especial,99998,34.06356389,-117.613275,Vehiculo en movimiento,Golpe Lateral - misma direccion,T-Intersection,Interseccion de T,Sobre calle,Ninguna,Dia total,Despejado,No,NO APLICA,99,99,99,99,1,08/06/2022,2
6,California,60703,0,0,2,0,65,RIVERSIDE (65),3320,SAN JACINTO,6,Junio,22,2022,20,41,STATE ST,8,Otro,Urbano,Colector Mayor,City or Municipal Highway Agency,0,Sin jurisdiccion especial,99998,33.80976944,-116.9721861,Vehiculo en movimiento,Frente a frente,Four-Way Intersection,Interseccion de 4 direcciones,Sobre calle,Ninguna,Oscuro con iluminacion,Despejado,No,NO APLICA,99,99,99,99,1,22/06/2022,3
6,California,60704,1,1,1,0,73,SAN DIEGO (73),1200,ESCONDIDO,6,Junio,25,2022,21,25,BEAR VALLEY PKWY,8,Otro,Urbano,Arteria Principal,City or Municipal Highway Agency,0,Sin jurisdiccion especial,99998,33.13495,-117.0441111,Peaton,El primer evento no fue una colision con un vehiculo automotor en transporte,T-Intersection,Interseccion de T,Sobre calle,Ninguna,Oscuro con iluminacion,Despejado,No,NO APLICA,99,99,99,99,1,25/06/2022,1
6,California,60705,0,0,2,0,109,TUOLUMNE (109),0,NO APLICA,6,Junio,28,2022,7,22,SR-108,3,Highway estatal,Urbano,Arteria Principal,State Highway Agency,1,Sin jurisdiccion especial,20,37.97431111,-120.3602056,Vehiculo en movimiento,Golpe Lateral - misma direccion,Not an Intersection,No fue interseccion,Sobre calle,Ninguna,Dia total,Despejado,No,NO APLICA,99,99,99,99,1,28/06/2022,2
6,California,60706,1,1,1,0,37,LOS ANGELES (37),0,NO APLICA,4,Abril,4,2022,20,41,SR-138 PEARBLOSSOM HWY,3,Highway estatal,Rural,Arteria Principal,State Highway Agency,1,Sin jurisdiccion especial,600,34.50646944,-117.89845,Peaton,El primer evento no fue una colision con un vehiculo automotor en transporte,Not an Intersection,No fue interseccion,Sobre calle,Ninguna,Oscuro sin iluminacion,Despejado,No,NO APLICA,99,99,99,99,1,04/04/2022,3
6,California,60707,0,0,5,3,29,KERN (29),0,NO APLICA,8,Agosto,14,2022,10,9,LAKE ISABELLA BLVD,8,Otro,Rural,Arteria Menor,County Highway Agency,0,Sin jurisdiccion especial,99998,35.61673889,-118.4783611,Vehiculo en movimiento,Frente a Detrás,T-Intersection,Interseccion de T,Sobre calle,Ninguna,Dia total,Despejado,No,NO APLICA,10,99,99,99,1,14/08/2022,5
6,California,60708,0,0,2,0,31,KINGS (31),0,NO APLICA,7,Julio,12,2022,19,20,CORCORAN ROAD,8,Otro,Rural,Arteria Menor,County Highway Agency,0,Sin jurisdiccion especial,99998,35.7899,-119.5762917,Vehiculo en movimiento,Angulo,Four-Way Intersection,Interseccion de 4 direcciones,Sobre calle,Ninguna,Dia total,Despejado,No,NO APLICA,99,99,99,99,1,12/07/2022,2
6,California,60709,0,0,2,0,37,LOS ANGELES (37),0,NO APLICA,6,Junio,25,2022,13,35,SR-39,3,Highway estatal,Rural,Arteria Menor,State Highway Agency,0,Sin jurisdiccion especial,326,34.26318056,-117.8445167,Vehiculo en movimiento,Angulo,Not an Intersection,No fue interseccion,Sobre calle,Ninguna,Dia total,Despejado,No,NO APLICA,13,47,14,25,1,25/06/2022,6
6,California,60710,1,1,2,0,37,LOS ANGELES (37),4120,WEST COVINA,7,Julio,5,2022,0,40,I-10,1,Interestatal,Urbano,Interestatal,State Highway Agency,1,Sin jurisdiccion especial,393,34.06814167,-117.86045,Peaton,El primer evento no fue una colision con un vehiculo automotor en transporte,Not an Intersection,No fue interseccion,Sobre calle,Ninguna,Oscuro con iluminacion,Despejado,No,NO APLICA,99,99,99,99,1,05/07/2022,2
6,California,60711,0,0,1,0,37,LOS ANGELES (37),0,NO APLICA,3,Marzo,13,2022,0,20,S ALAMEDA ST,8,Otro,Urbano,Arteria Principal,County Highway Agency,1,Sin jurisdiccion especial,99998,33.91361667,-118.223025,Banqueta,El primer evento no fue una colision con un vehiculo automotor en transporte,Not an Intersection,No fue interseccion,Sobre el lado de la calle,Ninguna,Oscuro con iluminacion,Despejado,No,NO APLICA,0,99,0,99,1,13/03/2022,2
6,California,60712,0,0,1,0,37,LOS ANGELES (37),1980,LOS ANGELES,6,Junio,9,2022,23,42,SR-118 RONALD REAGAN FWY,3,Highway estatal,Urbano,Arterial Principal -Freeway o ExpressWay,State Highway Agency,1,Sin jurisdiccion especial,63,34.27841944,-118.5267944,Fin de valla,El primer evento no fue una colision con un vehiculo automotor en transporte,Not an Intersection,No fue interseccion,Sobre el lado de la calle,Ninguna,Oscuro sin iluminacion,Despejado,No,NO APLICA,23,43,23,99,1,09/06/2022,5
6,California,60713,0,0,2,0,61,PLACER (61),0,NO APLICA,7,Julio,12,2022,15,0,CR-FORESTHILL ROAD,4,Calle del Condado,Rural,Colector Mayor,County Highway Agency,0,Sin jurisdiccion especial,103,38.96783333,-120.9542333,Vehiculo en movimiento,Frente a frente,Not an Intersection,No fue interseccion,Sobre calle,Ninguna,Dia total,Despejado,No,NO APLICA,99,99,99,99,1,12/07/2022,5
6,California,60714,1,1,2,0,29,KERN (29),1000,DELANO,7,Julio,30,2022,21,25,SR-99,3,Highway estatal,Urbano,Arterial Principal -Freeway o ExpressWay,State Highway Agency,1,Sin jurisdiccion especial,569,35.76686111,-119.25025,Peaton,El primer evento no fue una colision con un vehiculo automotor en transporte,Not an Intersection,No fue interseccion,Sobre calle,Ninguna,Oscuro con iluminacion,Nublado,No,NO APLICA,99,99,99,98,1,30/07/2022,3
6,California,60715,0,0,1,0,37,LOS ANGELES (37),0,NO APLICA,6,Junio,15,2022,99,99,CR-AVENUE H,4,Calle del Condado,Rural,Local,County Highway Agency,0,Sin jurisdiccion especial,99998,34.71944167,-117.9246944,Otro objeto (fijo),El primer evento no fue una colision con un vehiculo automotor en transporte,Not an Intersection,No fue interseccion,Sobre el lado de la calle,Ninguna,Oscuro sin iluminacion,Despejado,No,NO APLICA,99,99,99,99,2,15/06/2022,2
6,California,60716,0,0,2,0,37,LOS ANGELES (37),1980,LOS ANGELES,4,Abril,1,2022,7,5,SR-118,3,Highway estatal,Urbano,Arterial Principal -Freeway o ExpressWay,State Highway Agency,1,Sin jurisdiccion especial,103,34.26615,-118.4622,Barrera de Trafico de Concreto,El primer evento no fue una colision con un vehiculo automotor en transporte,Not an Intersection,No fue interseccion,Sobre el lado de la calle,Ninguna,Dia total,Despejado,No,NO APLICA,99,99,99,99,1,01/04/2022,2
6,California,60717,0,0,6,0,37,LOS ANGELES (37),1970,LONG BEACH,2,Febrero,20,2022,1,28,I-405 SAN DIEGO FWY,1,Interestatal,Urbano,Interestatal,State Highway Agency,1,Sin jurisdiccion especial,99998,33.78653056,-118.0940611,Vehiculo en movimiento,Frente a frente,Not an Intersection,No fue interseccion,Sobre calle,Construccion,Oscuro con iluminacion,Despejado,No,NO APLICA,99,99,99,99,2,20/02/2022,8
6,California,60718,1,1,1,0,35,LASSEN (35),0,NO APLICA,7,Julio,2,2022,12,56,US-395,2,US Highway,Rural,Arteria Principal,State Highway Agency,1,Sin jurisdiccion especial,3799,40.01151111,-120.0946556,Peaton,El primer evento no fue una colision con un vehiculo automotor en transporte,Not an Intersection,No fue interseccion,Sobre calle,Ninguna,Dia total,Despejado,No,NO APLICA,99,99,99,99,1,02/07/2022,2
6,California,60719,0,0,2,0,9,CALAVERAS (9),0,NO APLICA,3,Marzo,6,2022,18,26,SR-4,3,Highway estatal,Rural,Arteria Menor,State Highway Agency,0,Sin jurisdiccion especial,1184,38.09100278,-120.4735667,Vehiculo en movimiento,Frente a frente,Not an Intersection,No fue interseccion,Sobre calle,Ninguna,Atardecer,Despejado,No,NO APLICA,99,99,99,99,1,06/03/2022,3
6,California,60720,0,0,2,0,29,KERN (29),0,NO APLICA,5,Mayo,20,2022,5,55,KIMBERLINA RD,8,Otro,Urbano,Colector Mayor,County Highway Agency,0,Sin jurisdiccion especial,99998,35.55808333,-119.3134028,Vehiculo en movimiento,Frente a frente,Not an Intersection,No fue interseccion,Sobre calle,Ninguna,Dia total,Despejado,No,NO APLICA,99,99,99,99,1,20/05/2022,2
6,California,60721,1,1,1,0,29,KERN (29),0,NO APLICA,6,Junio,27,2022,20,50,CR- NORTH CHESTER AVE,4,Calle del Condado,Urbano,Arteria Principal,County Highway Agency,1,Sin jurisdiccion especial,99998,35.41454167,-119.0212444,Peaton,El primer evento no fue una colision con un vehiculo automotor en transporte,T-Intersection,Interseccion de T,Sobre calle,Ninguna,Oscuro con iluminacion,Despejado,No,NO APLICA,99,99,99,99,1,27/06/2022,4
6,California,60722,0,0,1,0,29,KERN (29),0,NO APLICA,7,Julio,5,2022,1,5,SR-58,3,Highway estatal,Rural,Arterial Principal -Freeway o ExpressWay,State Highway Agency,1,Sin jurisdiccion especial,1114,35.097,-118.1408111,Volcadura,El primer evento no fue una colision con un vehiculo automotor en transporte,Not an Intersection,No fue interseccion,Sobre calle,Ninguna,Oscuro sin iluminacion,Despejado,No,NO APLICA,1,99,1,99,2,05/07/2022,2
6,California,60723,1,1,1,0,19,FRESNO (19),0,NO APLICA,4,Abril,22,2022,22,30,ROSE AVENUE,9,Desconocido,Rural,Local,Not Reported,0,Sin jurisdiccion especial,0,36.56874444,-119.6413056,Peaton,El primer evento no fue una colision con un vehiculo automotor en transporte,Not an Intersection,No fue interseccion,Sobre calle,Ninguna,Oscuro sin iluminacion,Despejado,No,NO APLICA,22,36,23,6,1,22/04/2022,1
6,California,60724,0,0,1,0,19,FRESNO (19),0,NO APLICA,6,Junio,14,2022,99,99,AUBERRY RD,8,Otro,Urbano,Colector Menor,County Highway Agency,0,Sin jurisdiccion especial,99998,37.07632222,-119.4480611,Acotamiento,El primer evento no fue una colision con un vehiculo automotor en transporte,Not an Intersection,No fue interseccion,Sobre el lado de la calle,Construccion,Dia total,Despejado,No,NO APLICA,99,99,99,99,1,14/06/2022,1
6,California,60725,0,0,1,0,37,LOS ANGELES (37),0,NO APLICA,4,Abril,19,2022,14,13,AVENUE F,8,Otro,Rural,Colector Menor,County Highway Agency,0,Sin jurisdiccion especial,99998,34.74747222,-118.2752889,Acotamiento,El primer evento no fue una colision con un vehiculo automotor en transporte,Not an Intersection,No fue interseccion,Sobre el lado de la calle,Ninguna,Dia total,Vientos cruzados pero de los mamalones,No,NO APLICA,99,99,99,99,1,19/04/2022,1
6,California,60726,1,1,2,1,73,SAN DIEGO (73),710,CHULA VISTA,4,Abril,7,2022,17,48,SR-54 FILIPINO AMERICAN HWY,3,Highway estatal,Urbano,Arterial Principal -Freeway o ExpressWay,State Highway Agency,1,Sin jurisdiccion especial,10,32.65611389,-117.0868778,Vehiculo Aparcado,El primer evento no fue una colision con un vehiculo automotor en transporte,Not an Intersection,No fue interseccion,En el medio,Ninguna,Dia total,Despejado,No,NO APLICA,17,51,17,56,1,07/04/2022,1
6,California,60727,0,0,1,0,73,SAN DIEGO (73),0,NO APLICA,2,Febrero,12,2022,99,99,I-8,1,Interestatal,Urbano,Interestatal,State Highway Agency,1,Sin jurisdiccion especial,232,32.85444167,-116.8609389,Arbol,El primer evento no fue una colision con un vehiculo automotor en transporte,Not an Intersection,No fue interseccion,Sobre el lado de la calle,Ninguna,Oscuro sin iluminacion,Despejado,No,NO APLICA,99,99,99,99,2,12/02/2022,4
6,California,60728,0,0,1,0,73,SAN DIEGO (73),0,NO APLICA,4,Abril,16,2022,10,45,SR-79,3,Highway estatal,Rural,Arteria Menor,State Highway Agency,0,Sin jurisdiccion especial,125,32.99066944,-116.5793028,Valla Ferrocarril,El primer evento no fue una colision con un vehiculo automotor en transporte,Not an Intersection,No fue interseccion,Sobre el lado de la calle,Ninguna,Dia total,Despejado,No,NO APLICA,10,99,99,99,1,16/04/2022,1
6,California,60729,0,0,2,0,61,PLACER (61),0,NO APLICA,7,Julio,30,2022,15,57,SR-49 GRASS VALLEY HWY,3,Highway estatal,Urbano,Arteria Principal,State Highway Agency,1,Sin jurisdiccion especial,1757,38.92736111,-121.0866111,Vehiculo en movimiento,Angulo,Four-Way Intersection,Interseccion de 4 direcciones,Sobre calle,Ninguna,Dia total,Despejado,No,NO APLICA,99,99,99,99,1,30/07/2022,3
6,California,60730,0,0,1,0,89,SHASTA (89),0,NO APLICA,4,Abril,12,2022,14,0,I-5,1,Interestatal,Rural,Interestatal,State Highway Agency,1,Sin jurisdiccion especial,278,40.75454167,-122.3215,Volcadura,El primer evento no fue una colision con un vehiculo automotor en transporte,Not an Intersection,No fue interseccion,Sobre calle,Ninguna,Dia total,Vientos cruzados pero de los mamalones,No,NO APLICA,99,99,99,99,1,12/04/2022,1
6,California,60731,0,0,1,0,99,STANISLAUS (99),3950,TURLOCK,7,Julio,15,2022,6,20,SR-99,3,Highway estatal,Urbano,Arterial Principal -Freeway o ExpressWay,State Highway Agency,1,Sin jurisdiccion especial,2152,37.50545556,-120.8770528,Volcadura,El primer evento no fue una colision con un vehiculo automotor en transporte,Not an Intersection,No fue interseccion,Sobre el lado de la calle,Ninguna,Dia total,Despejado,No,NO APLICA,99,99,99,99,1,15/07/2022,1
6,California,60732,1,1,1,0,37,LOS ANGELES (37),2645,PALMDALE,5,Mayo,5,2022,4,55,SR-14,3,Highway estatal,Urbano,Arterial Principal -Freeway o ExpressWay,State Highway Agency,1,Sin jurisdiccion especial,591,34.57226389,-118.1336889,Peaton,El primer evento no fue una colision con un vehiculo automotor en transporte,Not an Intersection,No fue interseccion,Sobre calle,Ninguna,Oscuro sin iluminacion,Despejado,No,NO APLICA,99,99,99,99,1,05/05/2022,1
6,California,60733,0,0,1,0,53,MONTEREY (53),0,NO APLICA,7,Julio,6,2022,99,99,PEACH TREE RD,8,Otro,Rural,Colector Menor,County Highway Agency,0,Sin jurisdiccion especial,99998,36.16315,-120.7759639,Barda,El primer evento no fue una colision con un vehiculo automotor en transporte,Not an Intersection,No fue interseccion,Sobre el lado de la calle,Ninguna,Oscuro sin iluminacion,Reportado como desconocido,No,NO APLICA,9,46,99,99,1,06/07/2022,1