Estado,Nombre de Estado,Numero de Caso,Peatones,Personas _no_vehiculos,Vehiculos automotores,Vehiculos estacionados,Condado,Nombre Condado,Ciudad,Nombre Ciudad,Mes,Nombre Mes,Dia,Año,Hora,Minuto,Calle,Ruta,Nombre Ruta,Rural o Urbanoo,Sistema Funcional,Dueño Calle,Sistema Nacional Carreteras,Jurisdiccion Especial,Milla,Latitud,Longitud,Causa del Accidente,Tipo de Accidente,Tipo Interseccion,Columna1,Lugar en la calle,Zona de Trabajo,Luz,Clima,Autobus Escolar,Cruce de Trenes,Hora Notificacion,Minuto Notificacion,Hora Llegada,Minuto Llegada,Decesos,Fecha,PersonaVehiculo
6,California,61160,0,0,2,0,67,SACRAMENTO (67),0,NO APLICA,4,Abril,8,2022,6,45,WATT AVE,9,Desconocido,Urbano,Arteria Principal,Not Reported,0,Sin jurisdiccion especial,0,38.55115556,-121.3733639,Vehiculo en movimiento,Golpe Lateral - misma direccion,Not an Intersection,No fue interseccion,Sobre calle,Ninguna,Dia total,Despejado,No,NO APLICA,6,49,7,5,1,08/04/2022,2
6,California,61161,0,0,1,0,71,SAN BERNARDINO (71),4040,VICTORVILLE,5,Mayo,8,2022,6,58,I-15 MOJAVE FWY,1,Interestatal,Rural,Interestatal,State Highway Agency,1,Sin jurisdiccion especial,552,34.69194444,-117.2108389,Volcadura,El primer evento no fue una colision con un vehiculo automotor en transporte,Not an Intersection,No fue interseccion,Sobre el lado de la calle,Ninguna,Dia total,Despejado,No,NO APLICA,7,0,7,25,1,08/05/2022,3
6,California,61162,0,0,2,0,29,KERN (29),0,NO APLICA,5,Mayo,6,2022,14,35,US-395,2,US Highway,Rural,Arteria Principal,State Highway Agency,1,Sin jurisdiccion especial,62,35.44540278,-117.6620278,Vehiculo en movimiento,Frente a Detrás,Not an Intersection,No fue interseccion,Sobre calle,Ninguna,Dia total,Despejado,No,NO APLICA,14,40,14,55,1,06/05/2022,2
6,California,61163,0,0,2,0,29,KERN (29),0,NO APLICA,5,Mayo,10,2022,15,42,CR-JAMES RD,4,Calle del Condado,Rural,Colector Mayor,County Highway Agency,0,Sin jurisdiccion especial,99998,35.46271111,-119.0538278,Vehiculo en movimiento,Angulo,Not an Intersection,No fue interseccion,Sobre calle,Ninguna,Dia total,Despejado,No,NO APLICA,99,99,99,99,2,10/05/2022,5
6,California,61164,0,0,1,0,73,SAN DIEGO (73),0,NO APLICA,4,Abril,1,2022,8,25,DEHESA RD,8,Otro,Rural,Colector Mayor,County Highway Agency,0,Sin jurisdiccion especial,99998,32.77918056,-116.8693889,Piedrotototota,El primer evento no fue una colision con un vehiculo automotor en transporte,Not an Intersection,No fue interseccion,Sobre el lado de la calle,Ninguna,Dia total,Despejado,No,NO APLICA,99,99,99,99,1,01/04/2022,4
6,California,61165,0,0,3,2,95,SOLANO (95),4020,VALLEJO,1,Enero,1,2022,21,23,SHASTA ST,8,Otro,Urbano,Local,City or Municipal Highway Agency,0,Sin jurisdiccion especial,99998,38.11328611,-122.2346667,Arbol,El primer evento no fue una colision con un vehiculo automotor en transporte,Not an Intersection,No fue interseccion,Sobre el lado de la calle,Ninguna,Oscuro con iluminacion,Despejado,No,NO APLICA,99,99,99,99,2,01/01/2022,2
6,California,61166,0,0,3,0,79,SAN LUIS OBISPO (79),2705,PASO ROBLES,1,Enero,13,2022,17,17,SPRING ST,8,Otro,Urbano,Arteria Menor,City or Municipal Highway Agency,0,Sin jurisdiccion especial,99998,35.64960833,-120.6933444,Vehiculo en movimiento,Frente a frente,Four-Way Intersection,Interseccion de 4 direcciones,Sobre calle,Ninguna,Atardecer,Despejado,No,NO APLICA,99,99,99,99,1,13/01/2022,7
6,California,61167,1,1,1,0,59,ORANGE (59),2560,ORANGE,2,Febrero,3,2022,19,37,E CHAPMAN AV,8,Otro,Urbano,Arteria Menor,City or Municipal Highway Agency,0,Sin jurisdiccion especial,99998,33.87402778,-117.9120056,Peaton,El primer evento no fue una colision con un vehiculo automotor en transporte,Not an Intersection,No fue interseccion,Sobre calle,Ninguna,Oscuro con iluminacion,Despejado,No,NO APLICA,99,99,99,99,1,03/02/2022,1
6,California,61168,1,1,1,0,59,ORANGE (59),2560,ORANGE,4,Abril,7,2022,6,48,BATAVIA ST,8,Otro,Urbano,Arteria Menor,City or Municipal Highway Agency,0,Sin jurisdiccion especial,99998,33.80612778,-117.8617528,Peaton,El primer evento no fue una colision con un vehiculo automotor en transporte,Four-Way Intersection,Interseccion de 4 direcciones,Sobre calle,Ninguna,Dia total,Despejado,No,NO APLICA,99,99,99,99,1,07/04/2022,1
6,California,61169,0,0,2,0,65,RIVERSIDE (65),0,NO APLICA,5,Mayo,6,2022,7,15,MOCKINGBIRD CANYON ROAD,9,Desconocido,Urbano,Arteria Menor,Not Reported,0,Sin jurisdiccion especial,0,33.85476111,-117.3754028,Vehiculo en movimiento,Frente a frente,Not an Intersection,No fue interseccion,Sobre calle,Ninguna,Dia total,Despejado,No,NO APLICA,7,18,7,35,2,06/05/2022,3
6,California,61170,1,1,1,0,37,LOS ANGELES (37),0,NO APLICA,5,Mayo,10,2022,9,45,AVENUE G,8,Otro,Rural,Colector Mayor,County Highway Agency,0,Sin jurisdiccion especial,482,34.73369167,-118.080725,Peaton,El primer evento no fue una colision con un vehiculo automotor en transporte,Not an Intersection,No fue interseccion,Sobre Acotamiento,Ninguna,Dia total,Despejado,No,NO APLICA,10,5,10,14,1,10/05/2022,0
6,California,61171,0,0,2,0,19,FRESNO (19),0,NO APLICA,5,Mayo,30,2022,16,55,SOUTH AVE,8,Otro,Rural,Local,County Highway Agency,0,Sin jurisdiccion especial,99998,36.619775,-119.7818861,Vehiculo en movimiento,Angulo,Four-Way Intersection,Interseccion de 4 direcciones,Sobre calle,Ninguna,Dia total,Despejado,No,NO APLICA,99,99,99,99,2,30/05/2022,5
6,California,61172,0,0,1,0,37,LOS ANGELES (37),0,NO APLICA,6,Junio,8,2022,0,30,GLENDORA MOUNTAIN RD,8,Otro,Urbano,Colector Menor,County Highway Agency,0,Sin jurisdiccion especial,99998,34.19923611,-117.8291972,Arbol,El primer evento no fue una colision con un vehiculo automotor en transporte,Not an Intersection,No fue interseccion,Sobre el lado de la calle,Ninguna,Oscuro sin iluminacion,Despejado,No,NO APLICA,99,99,99,99,1,08/06/2022,2
6,California,61173,1,1,1,0,37,LOS ANGELES (37),3470,SANTA MONICA,7,Julio,8,2022,21,15,BROADWAY,9,Desconocido,Urbano,Arteria Menor,City or Municipal Highway Agency,0,Sin jurisdiccion especial,99998,34.02667778,-118.4793639,Peaton,El primer evento no fue una colision con un vehiculo automotor en transporte,Four-Way Intersection,Interseccion de 4 direcciones,Sobre calle,Ninguna,Oscuro con iluminacion,Despejado,No,NO APLICA,99,99,99,99,1,08/07/2022,1
6,California,61174,0,0,1,0,47,MERCED (47),0,NO APLICA,7,Julio,16,2022,20,10,SR-99,3,Highway estatal,Urbano,Arterial Principal -Freeway o ExpressWay,State Highway Agency,1,Sin jurisdiccion especial,341,37.43468333,-120.7794833,Volcadura,El primer evento no fue una colision con un vehiculo automotor en transporte,Not an Intersection,No fue interseccion,Sobre el lado de la calle,Ninguna,Dia total,Despejado,No,NO APLICA,20,99,20,99,1,16/07/2022,1
6,California,61175,1,1,1,0,99,STANISLAUS (99),0,NO APLICA,7,Julio,24,2022,0,35,S 9TH ST,8,Otro,Urbano,Arteria Principal,County Highway Agency,1,Sin jurisdiccion especial,99998,37.62573889,-120.9870333,Peaton,El primer evento no fue una colision con un vehiculo automotor en transporte,Not an Intersection,No fue interseccion,Sobre calle,Ninguna,Oscuro con iluminacion,Despejado,No,NO APLICA,0,99,0,99,1,24/07/2022,2
6,California,61176,1,1,1,0,79,SAN LUIS OBISPO (79),2705,PASO ROBLES,7,Julio,24,2022,12,33,SHERWOOD RD,8,Otro,Urbano,Arteria Menor,City or Municipal Highway Agency,0,Sin jurisdiccion especial,99998,35.61571111,-120.6586389,Ciclista,El primer evento no fue una colision con un vehiculo automotor en transporte,Not an Intersection,No fue interseccion,Sobre calle,Ninguna,Dia total,Despejado,No,NO APLICA,99,99,99,99,1,24/07/2022,1
6,California,61177,1,1,1,0,19,FRESNO (19),1370,FRESNO,8,Agosto,9,2022,2,10,MARKS AVE,8,Otro,Urbano,Arteria Menor,County Highway Agency,0,Sin jurisdiccion especial,99998,36.71999167,-119.8444583,Ciclista,El primer evento no fue una colision con un vehiculo automotor en transporte,Not an Intersection,No fue interseccion,Sobre calle,Ninguna,Oscuro con iluminacion,Despejado,No,NO APLICA,99,99,99,99,1,09/08/2022,1
6,California,61178,1,1,1,0,25,IMPERIAL (25),0,NO APLICA,8,Agosto,15,2022,9,0,SR-111,3,Highway estatal,Rural,Arteria Menor,State Highway Agency,0,Sin jurisdiccion especial,311,33.1111,-115.5148,Peaton,El primer evento no fue una colision con un vehiculo automotor en transporte,Four-Way Intersection,Interseccion de 4 direcciones,Sobre calle,Ninguna,Dia total,Despejado,No,NO APLICA,9,99,9,8,1,15/08/2022,1
6,California,61179,1,1,1,0,65,RIVERSIDE (65),1003,DESERT HOT SPRINGS,8,Agosto,24,2022,20,12,PALM DR,9,Desconocido,Urbano,Arteria Menor,City or Municipal Highway Agency,0,Sin jurisdiccion especial,99998,33.95892778,-116.5013639,Peaton,El primer evento no fue una colision con un vehiculo automotor en transporte,Y-Intersection,Interseccion de Y,Sobre calle,Ninguna,Oscuro con iluminacion,Despejado,No,NO APLICA,20,99,20,99,1,24/08/2022,1
6,California,61180,0,0,2,0,59,ORANGE (59),80,ANAHEIM,8,Agosto,27,2022,2,56,KATELLA AVE,9,Desconocido,Urbano,Arteria Principal,City or Municipal Highway Agency,1,Sin jurisdiccion especial,99998,33.80323889,-117.9185889,Vehiculo en movimiento,Golpe Lateral - misma direccion,Not an Intersection,No fue interseccion,Sobre calle,Ninguna,Oscuro con iluminacion,Despejado,No,NO APLICA,99,99,99,99,1,27/08/2022,2
6,California,61181,0,0,3,0,99,STANISLAUS (99),0,NO APLICA,9,Septiembre,8,2022,15,30,WHITMORE AVE,8,Otro,Rural,Colector Mayor,County Highway Agency,0,Sin jurisdiccion especial,99998,37.59468056,-120.810075,Vehiculo en movimiento,Frente a frente,Not an Intersection,No fue interseccion,Sobre calle,Ninguna,Dia total,Despejado,No,NO APLICA,99,99,99,99,1,08/09/2022,4
6,California,61182,1,1,1,0,59,ORANGE (59),2400,NEWPORT BEACH,9,Septiembre,11,2022,8,26,JAMBOREE RD,8,Otro,Urbano,Arteria Principal,City or Municipal Highway Agency,1,Sin jurisdiccion especial,99998,33.64261944,-117.86825,Ciclista,El primer evento no fue una colision con un vehiculo automotor en transporte,Not an Intersection,No fue interseccion,Sobre calle,Ninguna,Dia total,Despejado,No,NO APLICA,99,99,99,99,1,11/09/2022,2
6,California,61183,0,0,4,0,71,SAN BERNARDINO (71),4040,VICTORVILLE,9,Septiembre,12,2022,4,55,I-15,1,Interestatal,Urbano,Interestatal,State Highway Agency,1,Sin jurisdiccion especial,356,34.44965,-117.3626306,Vehiculo en movimiento,Frente a Detrás,Not an Intersection,No fue interseccion,Sobre calle,"Zona de trabajo, tipo desconocido",Oscuro con iluminacion,Despejado,No,NO APLICA,99,99,99,99,2,12/09/2022,6
6,California,61184,1,1,1,0,59,ORANGE (59),80,ANAHEIM,9,Septiembre,17,2022,20,31,DALE AVE,8,Otro,Urbano,Arteria Menor,City or Municipal Highway Agency,0,Sin jurisdiccion especial,99998,33.83561389,-117.9847028,Peaton,El primer evento no fue una colision con un vehiculo automotor en transporte,Not an Intersection,No fue interseccion,Sobre calle,Ninguna,Oscuro con iluminacion,Despejado,No,NO APLICA,99,99,99,99,1,17/09/2022,1
6,California,61185,1,1,1,0,59,ORANGE (59),3420,SANTA ANA,9,Septiembre,18,2022,16,58,FAIRVIEW ST,9,Desconocido,Urbano,Arteria Principal,City or Municipal Highway Agency,1,Sin jurisdiccion especial,99998,33.72739722,-117.9063806,Peaton,El primer evento no fue una colision con un vehiculo automotor en transporte,Not an Intersection,No fue interseccion,Sobre el lado de la calle,Ninguna,Dia total,Despejado,No,NO APLICA,99,99,99,99,1,18/09/2022,1
6,California,61186,0,0,2,0,59,ORANGE (59),1660,HUNTINGTON BEACH,9,Septiembre,20,2022,6,59,GOLDENWEST ST,9,Desconocido,Urbano,Arteria Principal,City or Municipal Highway Agency,1,Sin jurisdiccion especial,99998,33.69386667,-118.0062083,Vehiculo en movimiento,Frente a frente,Four-Way Intersection,Interseccion de 4 direcciones,Sobre calle,Ninguna,Dia total,Despejado,No,NO APLICA,99,99,99,99,1,20/09/2022,2
6,California,61187,0,0,1,0,53,MONTEREY (53),0,NO APLICA,8,Agosto,23,2022,6,25,MONTE RD,8,Otro,Rural,Local,County Highway Agency,0,Sin jurisdiccion especial,99998,36.73379444,-121.7798639,Arbusto,El primer evento no fue una colision con un vehiculo automotor en transporte,Not an Intersection,No fue interseccion,Sobre el lado de la calle,Ninguna,Amanecer,Nublado,No,NO APLICA,6,99,99,99,1,23/08/2022,2
6,California,61189,0,0,3,0,87,SANTA CRUZ (87),0,NO APLICA,4,Abril,6,2022,16,18,SR-129,3,Highway estatal,Rural,Arteria Menor,State Highway Agency,0,Sin jurisdiccion especial,91,36.90466111,-121.6111194,Vehiculo en movimiento,Frente a frente,Not an Intersection,No fue interseccion,Sobre calle,Ninguna,Dia total,Despejado,No,NO APLICA,99,99,99,99,1,06/04/2022,3
6,California,61190,0,0,1,0,87,SANTA CRUZ (87),0,NO APLICA,4,Abril,7,2022,10,55,QUAIL HOLLOW RD,8,Otro,Urbano,Colector Mayor,County Highway Agency,0,Sin jurisdiccion especial,99998,37.07438056,-122.0555889,Otro objeto (fijo),El primer evento no fue una colision con un vehiculo automotor en transporte,Not an Intersection,No fue interseccion,Sobre el lado de la calle,Ninguna,Dia total,Despejado,No,NO APLICA,99,99,99,99,1,07/04/2022,1
6,California,61191,0,0,1,0,111,VENTURA (111),2620,OXNARD,4,Abril,22,2022,4,47,US-101 VENTURA FREEWAY,2,US Highway,Urbano,Arterial Principal -Freeway o ExpressWay,State Highway Agency,1,Sin jurisdiccion especial,206,34.22356667,-119.1519917,Barrera de Trafico de Concreto,El primer evento no fue una colision con un vehiculo automotor en transporte,Not an Intersection,No fue interseccion,En el medio,Ninguna,Oscuro sin iluminacion,Despejado,No,NO APLICA,4,47,4,57,1,22/04/2022,1
6,California,61192,0,0,1,0,77,SAN JOAQUIN (77),0,NO APLICA,7,Julio,3,2022,99,99,E BAKER RD,8,Otro,Rural,Local,County Highway Agency,0,Sin jurisdiccion especial,99998,38.02913611,-121.1721194,Arbol,El primer evento no fue una colision con un vehiculo automotor en transporte,Not an Intersection,No fue interseccion,Sobre el lado de la calle,Ninguna,No reportada,No reportado,No,NO APLICA,99,99,99,99,1,03/07/2022,1
6,California,61193,0,0,3,0,111,VENTURA (111),2620,OXNARD,6,Junio,24,2022,13,47,US-101,2,US Highway,Urbano,Arterial Principal -Freeway o ExpressWay,State Highway Agency,1,Sin jurisdiccion especial,230,34.24110833,-119.1857806,Vehiculo en movimiento,Frente a Detrás,Not an Intersection,No fue interseccion,Sobre calle,Ninguna,Dia total,Despejado,No,NO APLICA,99,99,99,99,1,24/06/2022,4
6,California,61194,0,0,2,0,89,SHASTA (89),0,NO APLICA,8,Agosto,18,2022,11,50,SR-299,3,Highway estatal,Rural,Arteria Principal,State Highway Agency,1,Sin jurisdiccion especial,1294,40.61051667,-122.51615,Vehiculo en movimiento,Frente a frente,Not an Intersection,No fue interseccion,Sobre calle,Ninguna,Dia total,Despejado,No,NO APLICA,99,99,99,99,1,18/08/2022,2
6,California,61195,1,1,1,0,23,HUMBOLDT (23),130,ARCATA,2,Febrero,10,2022,15,32,SPEAR AV,9,Desconocido,Urbano,Arteria Menor,Not Reported,0,Sin jurisdiccion especial,99998,40.88934722,-124.0841056,Ciclista,El primer evento no fue una colision con un vehiculo automotor en transporte,Not an Intersection,No fue interseccion,Sobre el lado de la calle,Ninguna,Dia total,Despejado,No,NO APLICA,99,99,99,99,1,10/02/2022,1
6,California,61196,0,0,1,0,67,SACRAMENTO (67),3150,SACRAMENTO,2,Febrero,10,2022,16,2,NATOMAS BL,9,Desconocido,Urbano,Arteria Menor,Not Reported,0,Sin jurisdiccion especial,99998,38.681125,-121.5078167,Arbol,El primer evento no fue una colision con un vehiculo automotor en transporte,Not an Intersection,No fue interseccion,Sobre el lado de la calle,Ninguna,Dia total,Despejado,No,NO APLICA,99,99,99,99,1,10/02/2022,1
6,California,61197,1,1,1,0,37,LOS ANGELES (37),1970,LONG BEACH,2,Febrero,10,2022,20,32,ARTESIA BL,9,Desconocido,Urbano,Arteria Menor,Not Reported,0,Sin jurisdiccion especial,99998,33.87466667,-118.1583222,Peaton,El primer evento no fue una colision con un vehiculo automotor en transporte,Not an Intersection,No fue interseccion,Sobre calle,Ninguna,Oscuro con iluminacion,Despejado,No,NO APLICA,99,99,99,99,1,10/02/2022,2
6,California,61198,0,0,2,0,67,SACRAMENTO (67),3150,SACRAMENTO,2,Febrero,10,2022,22,39,NORWOOD AV,9,Desconocido,Urbano,Arteria Principal,Not Reported,0,Sin jurisdiccion especial,99998,38.63679722,-121.4569167,Vehiculo en movimiento,Angulo,T-Intersection,Interseccion de T,Sobre calle,Ninguna,Oscuro con iluminacion,Despejado,No,NO APLICA,99,99,99,99,1,10/02/2022,4
6,California,61199,0,0,1,0,37,LOS ANGELES (37),1980,LOS ANGELES,2,Febrero,11,2022,3,0,IMPERIAL HWY,9,Desconocido,Urbano,Arteria Principal,Not Reported,0,Sin jurisdiccion especial,99998,33.92952778,-118.2393778,Barrera de Trafico de Concreto,El primer evento no fue una colision con un vehiculo automotor en transporte,Not an Intersection,No fue interseccion,Sobre el lado de la calle,Ninguna,Oscuro con iluminacion,Despejado,No,NO APLICA,99,99,99,99,1,11/02/2022,1
6,California,61200,0,0,1,0,71,SAN BERNARDINO (71),0,NO APLICA,5,Mayo,16,2022,4,10,SANTA FE AVE,8,Otro,Rural,Local,County Highway Agency,0,Sin jurisdiccion especial,99998,34.92195,-117.1336639,Acotamiento,El primer evento no fue una colision con un vehiculo automotor en transporte,Not an Intersection,No fue interseccion,Sobre el lado de la calle,Ninguna,Oscuro sin iluminacion,Despejado,No,NO APLICA,99,99,99,99,1,16/05/2022,3
6,California,61201,0,0,1,0,35,LASSEN (35),0,NO APLICA,5,Mayo,26,2022,0,40,US-395,2,US Highway,Urbano,Arteria Principal,State Highway Agency,1,Sin jurisdiccion especial,666,40.37552778,-120.4857417,Volcadura,El primer evento no fue una colision con un vehiculo automotor en transporte,Not an Intersection,No fue interseccion,Sobre el lado de la calle,Ninguna,Oscuro sin iluminacion,Despejado,No,NO APLICA,99,99,99,99,1,26/05/2022,1
6,California,61202,0,0,1,0,85,SANTA CLARA (85),0,NO APLICA,5,Mayo,29,2022,99,99,US-101,2,US Highway,Urbano,Arterial Principal -Freeway o ExpressWay,State Highway Agency,1,Sin jurisdiccion especial,283,37.25498333,-121.7931528,Arbol,El primer evento no fue una colision con un vehiculo automotor en transporte,Not an Intersection,No fue interseccion,Fuera de la calle,Ninguna,Oscuro sin iluminacion,Despejado,No,NO APLICA,99,99,99,99,1,29/05/2022,1
6,California,61203,0,0,1,0,71,SAN BERNARDINO (71),0,NO APLICA,6,Junio,14,2022,17,50,GOFFS RD,8,Otro,Rural,Colector Mayor,County Highway Agency,0,Sin jurisdiccion especial,99998,34.78858889,-115.2024972,Acotamiento,El primer evento no fue una colision con un vehiculo automotor en transporte,Not an Intersection,No fue interseccion,Sobre el lado de la calle,Ninguna,Dia total,Despejado,No,NO APLICA,17,99,99,99,1,14/06/2022,1
6,California,61204,0,0,1,0,71,SAN BERNARDINO (71),0,NO APLICA,8,Agosto,26,2022,99,99,SR-247,3,Highway estatal,Rural,Arteria Menor,State Highway Agency,0,Sin jurisdiccion especial,351,34.426175,-116.7837417,Acotamiento,El primer evento no fue una colision con un vehiculo automotor en transporte,Not an Intersection,No fue interseccion,Sobre el lado de la calle,Ninguna,Oscuro sin iluminacion,Despejado,No,NO APLICA,99,99,99,99,1,26/08/2022,1
6,California,61205,0,0,1,0,33,LAKE (33),0,NO APLICA,1,Enero,30,2022,0,35,SR-20,3,Highway estatal,Rural,Arteria Principal,State Highway Agency,1,Sin jurisdiccion especial,452,39.01029722,-122.4312028,Acotamiento,El primer evento no fue una colision con un vehiculo automotor en transporte,Not an Intersection,No fue interseccion,Sobre el lado de la calle,Ninguna,Oscuro sin iluminacion,Despejado,No,NO APLICA,99,99,99,99,1,30/01/2022,1
6,California,61206,0,0,1,0,33,LAKE (33),0,NO APLICA,5,Mayo,29,2022,0,50,WESTLAKE ROAD,9,Desconocido,Rural,Local,Not Reported,0,Sin jurisdiccion especial,0,39.11788056,-122.9024917,Suelo,El primer evento no fue una colision con un vehiculo automotor en transporte,Not an Intersection,No fue interseccion,Sobre el lado de la calle,Ninguna,Oscuro con iluminacion,Nublado,No,NO APLICA,0,55,99,99,1,29/05/2022,2
6,California,61207,0,0,2,0,59,ORANGE (59),450,BREA,5,Mayo,1,2022,8,0,CARBON CANYON RD,8,Otro,Urbano,Arteria Principal,State Highway Agency,1,Sin jurisdiccion especial,10,33.92421944,-117.847575,Vehiculo en movimiento,Angulo,Four-Way Intersection,Interseccion de 4 direcciones,Sobre calle,Ninguna,Dia total,Despejado,No,NO APLICA,8,99,8,99,1,01/05/2022,5
6,California,61208,0,0,1,0,37,LOS ANGELES (37),1980,LOS ANGELES,7,Julio,24,2022,23,45,I-5,1,Interestatal,Urbano,Interestatal,State Highway Agency,1,Sin jurisdiccion especial,1496,34.22155833,-118.3593278,Fin de valla,El primer evento no fue una colision con un vehiculo automotor en transporte,Not an Intersection,No fue interseccion,Sobre el lado de la calle,Ninguna,Oscuro con iluminacion,Despejado,No,NO APLICA,23,99,23,99,1,24/07/2022,1
6,California,61209,0,0,3,0,65,RIVERSIDE (65),2116,MENIFEE,9,Septiembre,27,2022,15,2,NEWPORT RD,9,Desconocido,Urbano,Arteria Menor,City or Municipal Highway Agency,0,Sin jurisdiccion especial,99998,33.68370278,-117.2145917,Vehiculo en movimiento,Angulo,Four-Way Intersection,Interseccion de 4 direcciones,Sobre calle,Ninguna,Dia total,Despejado,No,NO APLICA,99,99,99,99,1,27/09/2022,3
6,California,61210,1,1,1,0,59,ORANGE (59),4130,WESTMINSTER,3,Marzo,14,2022,12,37,WESTMINSTER BL,8,Otro,Urbano,Arteria Principal,City or Municipal Highway Agency,0,Sin jurisdiccion especial,99998,33.75942222,-117.9764528,Peaton,El primer evento no fue una colision con un vehiculo automotor en transporte,Not an Intersection,No fue interseccion,Sobre calle,Ninguna,Dia total,Despejado,No,NO APLICA,99,99,99,99,1,14/03/2022,1
6,California,61211,1,1,1,0,37,LOS ANGELES (37),1980,LOS ANGELES,1,Enero,21,2022,0,21,VENICE BLVD,6,Calle Local Municipalidad,Urbano,Arteria Principal,City or Municipal Highway Agency,1,Sin jurisdiccion especial,0,33.99344444,-118.4541639,Peaton,El primer evento no fue una colision con un vehiculo automotor en transporte,Not an Intersection,No fue interseccion,Sobre calle,Ninguna,Oscuro con iluminacion,Despejado,No,NO APLICA,99,99,99,99,1,21/01/2022,1
6,California,61212,0,0,1,0,59,ORANGE (59),2560,ORANGE,1,Enero,29,2022,12,47,TUSTIN ST,9,Desconocido,Urbano,Arteria Principal,Not Reported,0,Sin jurisdiccion especial,0,33.84095,-117.8329861,Banqueta,El primer evento no fue una colision con un vehiculo automotor en transporte,Not an Intersection,No fue interseccion,Sobre el lado de la calle,Ninguna,Dia total,Despejado,No,NO APLICA,99,99,99,99,1,29/01/2022,2
6,California,61213,1,1,1,0,37,LOS ANGELES (37),2870,POMONA,8,Agosto,7,2022,2,5,I-10,1,Interestatal,Urbano,Interestatal,State Highway Agency,1,Sin jurisdiccion especial,440,34.07303056,-117.7822194,Peaton,El primer evento no fue una colision con un vehiculo automotor en transporte,Not an Intersection,No fue interseccion,Sobre calle,Ninguna,Oscuro con iluminacion,Despejado,No,NO APLICA,99,99,99,99,1,07/08/2022,1
6,California,61214,0,0,2,0,53,MONTEREY (53),0,NO APLICA,8,Agosto,7,2022,8,48,SR-68 MONTEREY SALINAS HWY,3,Highway estatal,Urbano,Arteria Principal,State Highway Agency,1,Sin jurisdiccion especial,101,36.56936944,-121.7734694,Vehiculo en movimiento,Frente a Detrás,Not an Intersection,No fue interseccion,Sobre calle,Ninguna,Dia total,Despejado,No,NO APLICA,99,99,99,99,1,07/08/2022,2
6,California,61215,0,0,1,0,99,STANISLAUS (99),0,NO APLICA,9,Septiembre,1,2022,11,59,SANTA FE AVE,8,Otro,Rural,Colector Mayor,County Highway Agency,0,Sin jurisdiccion especial,99998,37.56712778,-120.8386111,Volcadura,El primer evento no fue una colision con un vehiculo automotor en transporte,Not an Intersection,No fue interseccion,Sobre el lado de la calle,Ninguna,Dia total,Despejado,No,NO APLICA,99,99,99,99,1,01/09/2022,1
6,California,61216,0,0,4,0,77,SAN JOAQUIN (77),3770,STOCKTON,9,Septiembre,5,2022,11,20,I-5,1,Interestatal,Urbano,Interestatal,State Highway Agency,1,Sin jurisdiccion especial,253,37.93616667,-121.2975611,Vehiculo en movimiento,Frente a Detrás,Not an Intersection,No fue interseccion,Sobre calle,Ninguna,Dia total,Despejado,No,NO APLICA,99,99,99,99,1,05/09/2022,10
6,California,61217,0,0,1,0,7,BUTTE (7),0,NO APLICA,9,Septiembre,17,2022,20,37,LONE TREE RD,8,Otro,Urbano,Local,County Highway Agency,0,Sin jurisdiccion especial,99998,39.39085278,-121.5767278,Barda,El primer evento no fue una colision con un vehiculo automotor en transporte,Not an Intersection,No fue interseccion,Fuera de la calle,Ninguna,Oscuro sin iluminacion,Despejado,No,NO APLICA,99,99,99,99,1,17/09/2022,1
6,California,61218,0,0,1,0,67,SACRAMENTO (67),0,NO APLICA,3,Marzo,13,2022,14,5,SR-104,3,Highway estatal,Rural,Colector Mayor,State Highway Agency,0,Sin jurisdiccion especial,111,38.35280833,-121.1324139,Otro objeto (fijo),El primer evento no fue una colision con un vehiculo automotor en transporte,Not an Intersection,No fue interseccion,Sobre el lado de la calle,Ninguna,Dia total,Despejado,No,NO APLICA,99,99,99,99,1,13/03/2022,1
6,California,61219,0,0,2,0,67,SACRAMENTO (67),0,NO APLICA,4,Abril,28,2022,13,1,SR-160,3,Highway estatal,Rural,Arteria Principal,State Highway Agency,1,Sin jurisdiccion especial,47,38.07883611,-121.732575,Vehiculo en movimiento,Frente a frente,Not an Intersection,No fue interseccion,Sobre calle,Ninguna,Dia total,Despejado,No,NO APLICA,13,99,13,99,1,28/04/2022,2
6,California,61220,0,0,1,0,67,SACRAMENTO (67),3150,SACRAMENTO,1,Enero,6,2022,20,34,US-50,2,US Highway,Urbano,Arterial Principal -Freeway o ExpressWay,State Highway Agency,1,Sin jurisdiccion especial,16,38.55701944,-121.4450611,Barrera de Trafico de Concreto,El primer evento no fue una colision con un vehiculo automotor en transporte,Not an Intersection,No fue interseccion,Sobre el lado de la calle,"Zona de trabajo, tipo desconocido",Oscuro con iluminacion,lluvia,No,NO APLICA,99,99,99,99,1,06/01/2022,1