Estado,Nombre de Estado,Numero de Caso,Peatones,Personas _no_vehiculos,Vehiculos automotores,Vehiculos estacionados,Condado,Nombre Condado,Ciudad,Nombre Ciudad,Mes,Nombre Mes,Dia,Año,Hora,Minuto,Calle,Ruta,Nombre Ruta,Rural o Urbanoo,Sistema Funcional,Dueño Calle,Sistema Nacional Carreteras,Jurisdiccion Especial,Milla,Latitud,Longitud,Causa del Accidente,Tipo de Accidente,Tipo Interseccion,Columna1,Lugar en la calle,Zona de Trabajo,Luz,Clima,Autobus Escolar,Cruce de Trenes,Hora Notificacion,Minuto Notificacion,Hora Llegada,Minuto Llegada,Decesos,Fecha,PersonaVehiculo
6,California,61526,1,1,1,0,37,LOS ANGELES (37),1066,EAST LOS ANGELES,2,Febrero,27,2022,4,5,SEPULVEDA BL,8,Otro,Urbano,Arteria Principal,City or Municipal Highway Agency,1,Sin jurisdiccion especial,99998,34.18777222,-118.466225,Peaton,El primer evento no fue una colision con un vehiculo automotor en transporte,Not an Intersection,No fue interseccion,Sobre calle,Ninguna,Oscuro con iluminacion,Despejado,No,NO APLICA,99,99,99,99,1,27/02/2022,1
6,California,61527,0,0,2,0,81,SAN MATEO (81),0,NO APLICA,3,Marzo,26,2022,14,55,GUADALUPE CANYON PKWY,8,Otro,Urbano,Arteria Principal,County Highway Agency,1,Sin jurisdiccion especial,99998,37.69896111,-122.4409,Volcadura,El primer evento no fue una colision con un vehiculo automotor en transporte,Not an Intersection,No fue interseccion,Sobre calle,Ninguna,Dia total,Despejado,No,NO APLICA,99,99,99,99,1,26/03/2022,3
6,California,61528,0,0,1,0,37,LOS ANGELES (37),1970,LONG BEACH,1,Enero,3,2022,9,18,I-710,1,Interestatal,Urbano,Interestatal,State Highway Agency,1,Sin jurisdiccion especial,130,33.87615556,-118.1928333,Puente de Ferrocarril,El primer evento no fue una colision con un vehiculo automotor en transporte,Not an Intersection,No fue interseccion,Sobre el lado de la calle,Ninguna,Dia total,Despejado,No,NO APLICA,99,99,99,99,1,03/01/2022,1
6,California,61529,0,0,1,0,71,SAN BERNARDINO (71),1305,FONTANA,1,Enero,2,2022,15,50,SR-210,3,Highway estatal,Urbano,Arterial Principal -Freeway o ExpressWay,State Highway Agency,1,Sin jurisdiccion especial,130,34.13621944,-117.4662694,Muro,El primer evento no fue una colision con un vehiculo automotor en transporte,Not an Intersection,No fue interseccion,Sobre el lado de la calle,Ninguna,Dia total,Despejado,No,NO APLICA,99,99,99,99,1,02/01/2022,1
6,California,61530,0,0,4,0,65,RIVERSIDE (65),0,NO APLICA,5,Mayo,1,2022,22,45,GILMAN SPRINGS RD,8,Otro,Rural,Colector Mayor,County Highway Agency,0,Sin jurisdiccion especial,99998,33.92618611,-117.1170583,Vehiculo en movimiento,Golpe Lateral - direccion contraria,Not an Intersection,No fue interseccion,Sobre calle,Ninguna,Oscuro sin iluminacion,Nublado,No,NO APLICA,99,99,99,99,1,01/05/2022,6
6,California,61531,0,0,2,0,65,RIVERSIDE (65),0,NO APLICA,5,Mayo,3,2022,13,17,SR-79 WINCHESTER RD,3,Highway estatal,Urbano,Arteria Principal,State Highway Agency,1,Sin jurisdiccion especial,174,33.71512778,-117.077825,Vehiculo en movimiento,Angulo,Not an Intersection,No fue interseccion,Sobre calle,Ninguna,Dia total,Despejado,No,NO APLICA,99,99,99,99,1,03/05/2022,2
6,California,61532,0,0,3,0,73,SAN DIEGO (73),560,CARLSBAD,6,Junio,6,2022,21,18,I-5,1,Interestatal,Urbano,Interestatal,State Highway Agency,1,Sin jurisdiccion especial,494,33.15477778,-117.33835,Arbol,El primer evento no fue una colision con un vehiculo automotor en transporte,Not an Intersection,No fue interseccion,Sobre el lado de la calle,Construccion,Oscuro con iluminacion,lluvia,No,NO APLICA,99,99,99,99,1,06/06/2022,4
6,California,61533,1,1,1,0,73,SAN DIEGO (73),1182,ENCINITAS,7,Julio,18,2022,12,23,I-5,1,Interestatal,Urbano,Interestatal,State Highway Agency,1,Sin jurisdiccion especial,398,33.03121111,-117.2779694,Peaton,El primer evento no fue una colision con un vehiculo automotor en transporte,Not an Intersection,No fue interseccion,Sobre calle,Ninguna,Dia total,Despejado,No,NO APLICA,12,99,12,99,1,18/07/2022,1
6,California,61534,0,0,2,0,73,SAN DIEGO (73),0,NO APLICA,8,Agosto,16,2022,15,37,CR-E MISSION ROAD,4,Calle del Condado,Urbano,Arteria Menor,County Highway Agency,0,Sin jurisdiccion especial,14,33.39379722,-117.2098694,Volcadura,El primer evento no fue una colision con un vehiculo automotor en transporte,Not an Intersection,No fue interseccion,Sobre calle,Ninguna,Dia total,Despejado,No,NO APLICA,99,99,99,99,1,16/08/2022,3
6,California,61535,0,0,2,0,65,RIVERSIDE (65),3070,RIVERSIDE,2,Febrero,24,2022,14,11,UNIVERSITY AVE,9,Desconocido,Urbano,Arteria Menor,Not Reported,0,Sin jurisdiccion especial,0,33.98134444,-117.3732833,Volcadura,El primer evento no fue una colision con un vehiculo automotor en transporte,Four-Way Intersection,Interseccion de 4 direcciones,Sobre calle,Ninguna,Dia total,Despejado,No,NO APLICA,14,12,14,19,1,24/02/2022,2
6,California,61536,0,0,1,0,73,SAN DIEGO (73),710,CHULA VISTA,1,Enero,16,2022,22,37,E H ST,8,Otro,Urbano,Arteria Menor,City or Municipal Highway Agency,0,Sin jurisdiccion especial,99998,32.64043056,-117.007275,Banqueta,El primer evento no fue una colision con un vehiculo automotor en transporte,Not an Intersection,No fue interseccion,Sobre el lado de la calle,Ninguna,Oscuro sin iluminacion,Despejado,No,NO APLICA,99,99,99,99,1,16/01/2022,1
6,California,61537,1,1,1,0,85,SANTA CLARA (85),2311,MOUNTAIN VIEW,3,Marzo,17,2022,8,16,GRANT RD,8,Otro,Urbano,Arteria Menor,City or Municipal Highway Agency,0,Sin jurisdiccion especial,99998,37.38025556,-122.0729528,Ciclista,El primer evento no fue una colision con un vehiculo automotor en transporte,Four-Way Intersection,Interseccion de 4 direcciones,Sobre calle,Ninguna,Dia total,Despejado,No,NO APLICA,99,99,99,99,1,17/03/2022,1
6,California,61538,0,0,2,0,25,IMPERIAL (25),0,NO APLICA,9,Septiembre,14,2022,11,40,SR-111,3,Highway estatal,Rural,Arteria Menor,State Highway Agency,0,Sin jurisdiccion especial,409,33.24557222,-115.5210222,Vehiculo en movimiento,Angulo,Four-Way Intersection,Interseccion de 4 direcciones,Sobre calle,Ninguna,Dia total,Despejado,No,NO APLICA,99,99,99,99,1,14/09/2022,2
6,California,61539,1,1,1,0,107,TULARE (107),0,NO APLICA,9,Septiembre,21,2022,19,44,SR-63,3,Highway estatal,Urbano,Arteria Menor,State Highway Agency,0,Sin jurisdiccion especial,233,36.540225,-119.2869167,Peaton,El primer evento no fue una colision con un vehiculo automotor en transporte,T-Intersection,Interseccion de T,Sobre calle,Ninguna,Oscuro sin iluminacion,Nublado,No,NO APLICA,99,99,99,99,1,21/09/2022,1
6,California,61540,0,0,2,0,81,SAN MATEO (81),0,NO APLICA,3,Marzo,14,2022,13,10,SR-1,3,Highway estatal,Urbano,Arteria Principal,State Highway Agency,1,Sin jurisdiccion especial,326,37.50375556,-122.4777417,Vehiculo en movimiento,Frente a frente,Not an Intersection,No fue interseccion,Sobre calle,Ninguna,Dia total,Despejado,No,NO APLICA,13,10,99,99,1,14/03/2022,3
6,California,61541,0,0,1,0,81,SAN MATEO (81),0,NO APLICA,5,Mayo,1,2022,11,4,SR-84,3,Highway estatal,Urbano,Colector Mayor,State Highway Agency,0,Sin jurisdiccion especial,137,37.3721,-122.2642111,Arbol,El primer evento no fue una colision con un vehiculo automotor en transporte,Not an Intersection,No fue interseccion,Sobre el lado de la calle,Ninguna,Dia total,Despejado,No,NO APLICA,99,99,99,99,1,01/05/2022,1
6,California,61542,0,0,1,0,85,SANTA CLARA (85),3440,SANTA CLARA,6,Junio,29,2022,21,30,SR-237,3,Highway estatal,Urbano,Arterial Principal -Freeway o ExpressWay,State Highway Agency,1,Sin jurisdiccion especial,56,37.41361667,-121.9817694,Valla Ferrocarril,El primer evento no fue una colision con un vehiculo automotor en transporte,Not an Intersection,No fue interseccion,Sobre el lado de la calle,Ninguna,Oscuro con iluminacion,Despejado,No,NO APLICA,99,99,99,99,1,29/06/2022,1
6,California,61543,0,0,1,0,73,SAN DIEGO (73),0,NO APLICA,7,Julio,3,2022,10,26,SR-94,3,Highway estatal,Rural,Arteria Menor,State Highway Agency,0,Sin jurisdiccion especial,474,32.58854722,-116.5190722,Banqueta,El primer evento no fue una colision con un vehiculo automotor en transporte,Not an Intersection,No fue interseccion,Sobre el lado de la calle,Ninguna,Dia total,Despejado,No,NO APLICA,10,99,10,99,1,03/07/2022,1
6,California,61544,0,0,2,0,29,KERN (29),0,NO APLICA,6,Junio,17,2022,20,15,SR-58,3,Highway estatal,Rural,Arterial Principal -Freeway o ExpressWay,State Highway Agency,1,Sin jurisdiccion especial,687,35.29916389,-118.7683222,Vehiculo en movimiento,Frente a frente,Not an Intersection,No fue interseccion,Sobre calle,Ninguna,Atardecer,Despejado,No,NO APLICA,99,99,99,99,1,17/06/2022,2
6,California,61545,0,0,1,0,65,RIVERSIDE (65),250,BANNING,8,Agosto,15,2022,9,54,I-10,1,Interestatal,Urbano,Interestatal,State Highway Agency,1,Sin jurisdiccion especial,145,33.92567222,-116.8551028,Volcadura,El primer evento no fue una colision con un vehiculo automotor en transporte,Not an Intersection,No fue interseccion,Sobre el lado de la calle,"Zona de trabajo, tipo desconocido",Dia total,Despejado,No,NO APLICA,9,99,99,99,1,15/08/2022,1
6,California,61546,0,0,3,0,73,SAN DIEGO (73),0,NO APLICA,6,Junio,6,2022,16,15,SR-67,3,Highway estatal,Rural,Arteria Menor,State Highway Agency,0,Sin jurisdiccion especial,208,33.00896111,-116.9146389,Vehiculo en movimiento,Frente a frente,T-Intersection,Interseccion de T,Sobre calle,Ninguna,Oscuro sin iluminacion,Despejado,No,NO APLICA,99,99,99,99,1,06/06/2022,3
6,California,61547,1,1,1,0,73,SAN DIEGO (73),0,NO APLICA,6,Junio,17,2022,20,12,I-8,1,Interestatal,Rural,Interestatal,State Highway Agency,1,Sin jurisdiccion especial,772,32.63832222,-116.1107917,Peaton,El primer evento no fue una colision con un vehiculo automotor en transporte,Not an Intersection,No fue interseccion,Sobre calle,Ninguna,Atardecer,Despejado,No,NO APLICA,99,99,99,99,1,17/06/2022,3
6,California,61548,0,0,2,0,19,FRESNO (19),0,NO APLICA,7,Julio,2,2022,3,50,MARKS AVE,8,Otro,Urbano,Arteria Menor,County Highway Agency,0,Sin jurisdiccion especial,99998,36.70665,-119.8444944,Vehiculo en movimiento,Angulo,Four-Way Intersection,Interseccion de 4 direcciones,Sobre calle,Ninguna,Oscuro sin iluminacion,Despejado,No,NO APLICA,99,99,99,99,1,02/07/2022,5
6,California,61549,1,1,1,0,37,LOS ANGELES (37),1550,HAWTHORNE,1,Enero,7,2022,6,50,AVIATION BLVD,8,Otro,Urbano,Arteria Principal,City or Municipal Highway Agency,0,Sin jurisdiccion especial,0,33.91193333,-118.3786722,No vehiculo o remolque,El primer evento no fue una colision con un vehiculo automotor en transporte,Not an Intersection,No fue interseccion,Sobre calle,Ninguna,Amanecer,Neblina o Humo,No,NO APLICA,99,99,99,99,1,07/01/2022,1
6,California,61550,0,0,3,1,39,MADERA (39),2050,MADERA,1,Enero,18,2022,6,30,SR-145,3,Highway estatal,Urbano,Arteria Principal,State Highway Agency,1,Sin jurisdiccion especial,102,36.96635833,-120.0529111,Vehiculo en movimiento,Angulo,Not an Intersection,No fue interseccion,Sobre calle,Ninguna,Oscuro con iluminacion,Despejado,No,NO APLICA,99,99,99,99,1,18/01/2022,2
6,California,61551,0,0,2,0,59,ORANGE (59),3351,SAN JUAN CAPISTRANO,1,Enero,19,2022,18,47,SR-74 ORTEGA HWY,3,Highway estatal,Urbano,Arteria Menor,State Highway Agency,0,Sin jurisdiccion especial,19,33.51653889,-117.6303944,Otro objeto (fijo),El primer evento no fue una colision con un vehiculo automotor en transporte,Not an Intersection,No fue interseccion,Sobre el lado de la calle,Ninguna,Oscuro con iluminacion,Despejado,No,NO APLICA,99,99,99,99,1,19/01/2022,2
6,California,61552,0,0,4,0,59,ORANGE (59),1782,LAGUNA HILLS,1,Enero,15,2022,8,45,OSO PKWY,8,Otro,Urbano,Arteria Principal,City or Municipal Highway Agency,1,Sin jurisdiccion especial,0,33.58028056,-117.6745111,Vehiculo en movimiento,Frente a Detrás,Four-Way Intersection,Interseccion de 4 direcciones,Sobre calle,Ninguna,Dia total,lluvia,No,NO APLICA,8,99,8,99,1,15/01/2022,6
6,California,61553,1,1,1,0,71,SAN BERNARDINO (71),1305,FONTANA,2,Febrero,10,2022,0,33,CHERRY AV,8,Otro,Urbano,Arteria Menor,County Highway Agency,0,Sin jurisdiccion especial,99998,34.07540278,-117.4889056,Peaton,El primer evento no fue una colision con un vehiculo automotor en transporte,T-Intersection,Interseccion de T,Sobre calle,Ninguna,Oscuro sin iluminacion,Despejado,No,NO APLICA,99,99,99,99,1,10/02/2022,1
6,California,61554,0,0,2,0,1,ALAMEDA (1),1560,HAYWARD,1,Enero,1,2022,23,20,MISSION BL,8,Otro,Urbano,Arteria Principal,City or Municipal Highway Agency,1,Sin jurisdiccion especial,99998,37.6603,-122.0739417,Vehiculo en movimiento,Angulo,Four-Way Intersection,Interseccion de 4 direcciones,Sobre calle,Ninguna,Oscuro con iluminacion,Despejado,No,NO APLICA,99,99,99,99,1,01/01/2022,2
6,California,61555,0,0,4,0,99,STANISLAUS (99),2200,MODESTO,2,Febrero,1,2022,16,11,WEST BRIGGSMORE AVE,8,Otro,Urbano,Arteria Principal,City or Municipal Highway Agency,1,Sin jurisdiccion especial,99998,37.67104444,-121.0221639,Vehiculo en movimiento,Angulo,Four-Way Intersection,Interseccion de 4 direcciones,Sobre calle,Ninguna,Dia total,Despejado,No,NO APLICA,99,99,99,99,3,01/02/2022,8
6,California,61556,1,1,1,0,19,FRESNO (19),1370,FRESNO,8,Agosto,10,2022,5,8,OLIVE AVE,8,Otro,Urbano,Local,City or Municipal Highway Agency,0,Sin jurisdiccion especial,99998,36.75778333,-119.7386444,Peaton,El primer evento no fue una colision con un vehiculo automotor en transporte,Four-Way Intersection,Interseccion de 4 direcciones,Sobre calle,Ninguna,Oscuro con iluminacion,Despejado,No,NO APLICA,99,99,99,99,1,10/08/2022,1
6,California,61557,1,1,1,0,65,RIVERSIDE (65),2278,MORENO VALLEY,9,Septiembre,21,2022,0,48,PERRIS BLVD,9,Desconocido,Urbano,Arteria Principal,City or Municipal Highway Agency,1,Sin jurisdiccion especial,99998,33.92113611,-117.2263694,Peaton,El primer evento no fue una colision con un vehiculo automotor en transporte,Four-Way Intersection,Interseccion de 4 direcciones,Sobre calle,Ninguna,Oscuro con iluminacion,Despejado,No,NO APLICA,0,50,0,99,1,21/09/2022,1
6,California,61558,1,1,1,0,37,LOS ANGELES (37),1980,LOS ANGELES,6,Junio,10,2022,21,50,I-5,1,Interestatal,Urbano,Interestatal,State Highway Agency,1,Sin jurisdiccion especial,362,34.23255,-118.4089611,Peaton,El primer evento no fue una colision con un vehiculo automotor en transporte,Not an Intersection,No fue interseccion,Sobre calle,Ninguna,Oscuro sin iluminacion,Despejado,No,NO APLICA,21,57,22,12,1,10/06/2022,1
6,California,61559,1,1,1,0,77,SAN JOAQUIN (77),1865,LATHROP,8,Agosto,19,2022,22,17,SR-120,3,Highway estatal,Urbano,Arterial Principal -Freeway o ExpressWay,State Highway Agency,1,Sin jurisdiccion especial,12,37.78778333,-121.2805333,Peaton,El primer evento no fue una colision con un vehiculo automotor en transporte,Not an Intersection,No fue interseccion,Sobre Acotamiento,Ninguna,Oscuro sin iluminacion,Despejado,No,NO APLICA,99,99,99,99,1,19/08/2022,1
6,California,61560,1,1,1,0,99,STANISLAUS (99),640,CERES,9,Septiembre,10,2022,16,13,SR-99,3,Highway estatal,Urbano,Arterial Principal -Freeway o ExpressWay,State Highway Agency,1,Sin jurisdiccion especial,126,37.60252778,-120.9691583,Peaton,El primer evento no fue una colision con un vehiculo automotor en transporte,Not an Intersection,No fue interseccion,Sobre calle,Ninguna,Dia total,Despejado,No,NO APLICA,16,99,16,99,1,10/09/2022,2
6,California,61561,0,0,2,0,37,LOS ANGELES (37),0,NO APLICA,9,Septiembre,16,2022,8,0,SR-138 PEARBLOSSOM HWY,3,Highway estatal,Urbano,Arteria Principal,State Highway Agency,1,Sin jurisdiccion especial,546,34.52106111,-117.9857639,Volcadura,El primer evento no fue una colision con un vehiculo automotor en transporte,Not an Intersection,No fue interseccion,Sobre calle,Ninguna,Dia total,Despejado,No,NO APLICA,8,99,8,99,1,16/09/2022,2
6,California,61562,1,1,1,0,67,SACRAMENTO (67),0,NO APLICA,9,Septiembre,27,2022,20,20,GARFIELD AVE,8,Otro,Urbano,Arteria Menor,County Highway Agency,0,Sin jurisdiccion especial,99998,38.66595278,-121.3367417,Peaton,El primer evento no fue una colision con un vehiculo automotor en transporte,Not an Intersection,No fue interseccion,Sobre calle,Ninguna,Oscuro con iluminacion,Despejado,No,NO APLICA,20,99,20,99,1,27/09/2022,1
6,California,61563,0,0,1,0,73,SAN DIEGO (73),4060,VISTA,9,Septiembre,30,2022,1,49,SR-78,3,Highway estatal,Urbano,Arterial Principal -Freeway o ExpressWay,State Highway Agency,1,Sin jurisdiccion especial,82,33.17482778,-117.2258639,Arbol,El primer evento no fue una colision con un vehiculo automotor en transporte,Not an Intersection,No fue interseccion,Sobre el lado de la calle,Ninguna,Oscuro sin iluminacion,Nublado,No,NO APLICA,99,99,99,99,1,30/09/2022,1
6,California,61564,1,1,1,0,19,FRESNO (19),1370,FRESNO,10,Octubre,4,2022,17,56,FIRST ST,9,Desconocido,Urbano,Arteria Menor,City or Municipal Highway Agency,0,Sin jurisdiccion especial,99998,36.816675,-119.7722528,Peaton,El primer evento no fue una colision con un vehiculo automotor en transporte,Not an Intersection,No fue interseccion,Sobre calle,Ninguna,Dia total,Despejado,No,NO APLICA,19,8,20,1,1,04/10/2022,1
6,California,61565,0,0,2,0,89,SHASTA (89),0,NO APLICA,10,Octubre,5,2022,10,45,SR-89,3,Highway estatal,Rural,Arteria Principal,State Highway Agency,1,Sin jurisdiccion especial,1683,40.72949167,-121.4323111,Vehiculo en movimiento,Frente a frente,Not an Intersection,No fue interseccion,Sobre calle,Ninguna,Dia total,Despejado,No,NO APLICA,99,99,99,99,1,05/10/2022,2
6,California,61566,1,1,1,0,19,FRESNO (19),1370,FRESNO,10,Octubre,8,2022,99,99,WILLOW AVE,9,Desconocido,Urbano,Colector Mayor,City or Municipal Highway Agency,0,Sin jurisdiccion especial,99998,36.73364167,-119.727475,Peaton,El primer evento no fue una colision con un vehiculo automotor en transporte,Not an Intersection,No fue interseccion,Sobre calle,Ninguna,Oscuro con iluminacion,Despejado,No,NO APLICA,99,99,99,99,1,08/10/2022,1
6,California,61567,0,0,1,0,57,NEVADA (57),0,NO APLICA,10,Octubre,11,2022,9,5,TYLER FOOTE RD,8,Otro,Rural,Colector Mayor,County Highway Agency,0,Sin jurisdiccion especial,99998,39.35880278,-121.0567556,Volcadura,El primer evento no fue una colision con un vehiculo automotor en transporte,Not an Intersection,No fue interseccion,Sobre el lado de la calle,Ninguna,Dia total,Despejado,No,NO APLICA,99,99,99,99,1,11/10/2022,2
6,California,61568,0,0,2,1,71,SAN BERNARDINO (71),2550,ONTARIO,10,Octubre,26,2022,1,3,PHILADELPHIA ST,9,Desconocido,Urbano,Arteria Menor,City or Municipal Highway Agency,0,Sin jurisdiccion especial,99998,34.03363056,-117.666225,Vehiculo Aparcado,El primer evento no fue una colision con un vehiculo automotor en transporte,Not an Intersection,No fue interseccion,En estacionamiento,Ninguna,Oscuro con iluminacion,Despejado,No,NO APLICA,1,99,99,99,1,26/10/2022,2
6,California,61569,1,1,3,2,13,CONTRA COSTA (13),3400,SAN PABLO,8,Agosto,13,2022,3,46,CHURCH LN,9,Desconocido,Urbano,Arteria Menor,City or Municipal Highway Agency,0,Sin jurisdiccion especial,99998,37.96049444,-122.3381472,Vehiculo Aparcado,El primer evento no fue una colision con un vehiculo automotor en transporte,Not an Intersection,No fue interseccion,En estacionamiento,Ninguna,Oscuro con iluminacion,Despejado,No,NO APLICA,99,99,99,99,1,13/08/2022,1
6,California,61570,0,0,1,0,3,ALPINE (3),0,NO APLICA,10,Octubre,10,2022,19,15,SR-4 ALPINE STATE HWY,3,Highway estatal,Rural,Arteria Menor,State Highway Agency,0,Sin jurisdiccion especial,215,38.58062222,-119.8052111,Volcadura,El primer evento no fue una colision con un vehiculo automotor en transporte,Not an Intersection,No fue interseccion,Sobre calle,Ninguna,Oscuro sin iluminacion,Nublado,No,NO APLICA,99,99,99,99,1,10/10/2022,1
6,California,61571,1,1,1,0,53,MONTEREY (53),0,NO APLICA,8,Agosto,14,2022,6,0,SR-1,3,Highway estatal,Rural,Arteria Principal,State Highway Agency,1,Sin jurisdiccion especial,986,36.83577222,-121.771025,Peaton,El primer evento no fue una colision con un vehiculo automotor en transporte,Not an Intersection,No fue interseccion,Sobre calle,Ninguna,Oscuro sin iluminacion,Nublado,No,NO APLICA,6,1,6,99,1,14/08/2022,1
6,California,61572,0,0,3,0,87,SANTA CRUZ (87),4100,WATSONVILLE,3,Marzo,19,2022,23,28,GREEN VALLEY RD,8,Otro,Urbano,Arteria Principal,City or Municipal Highway Agency,1,Sin jurisdiccion especial,0,36.93029722,-121.77705,Vehiculo en movimiento,Frente a frente,Four-Way Intersection,Interseccion de 4 direcciones,Sobre calle,Ninguna,Oscuro con iluminacion,Despejado,No,NO APLICA,99,99,99,99,2,19/03/2022,5
6,California,61573,0,0,2,0,71,SAN BERNARDINO (71),3970,TWENTYNINE PALMS,1,Enero,8,2022,15,49,SR-62 TWENTYNINE PALMS HWY,3,Highway estatal,Urbano,Arteria Principal,State Highway Agency,1,Sin jurisdiccion especial,424,34.13575278,-116.0455944,Vehiculo en movimiento,Angulo,Four-Way Intersection,Interseccion de 4 direcciones,Sobre calle,Ninguna,Atardecer,Despejado,No,NO APLICA,15,49,15,53,1,08/01/2022,5
6,California,61574,0,0,1,0,29,KERN (29),0,NO APLICA,5,Mayo,29,2022,20,1,ALFRED HARRELL HWY,8,Otro,Urbano,Local,County Highway Agency,0,Sin jurisdiccion especial,0,35.44706944,-118.929025,Otro objeto (fijo),El primer evento no fue una colision con un vehiculo automotor en transporte,Not an Intersection,No fue interseccion,Sobre el lado de la calle,Ninguna,Oscuro sin iluminacion,Despejado,No,NO APLICA,99,99,99,99,1,29/05/2022,4
6,California,61575,0,0,1,0,31,KINGS (31),0,NO APLICA,3,Marzo,17,2022,23,45,I-3 WESTSIDE FWY,1,Interestatal,Rural,Interestatal,State Highway Agency,1,Sin jurisdiccion especial,156,35.97158333,-119.949425,Acotamiento,El primer evento no fue una colision con un vehiculo automotor en transporte,Not an Intersection,No fue interseccion,Sobre el lado de la calle,Ninguna,Oscuro sin iluminacion,Despejado,No,NO APLICA,23,52,0,51,1,17/03/2022,2
6,California,61576,1,1,1,0,59,ORANGE (59),3420,SANTA ANA,6,Junio,18,2022,8,34,EDINGER AV,8,Otro,Urbano,Arteria Principal,City or Municipal Highway Agency,0,Sin jurisdiccion especial,99998,33.72728333,-117.8852472,Ciclista,El primer evento no fue una colision con un vehiculo automotor en transporte,Four-Way Intersection,Interseccion de 4 direcciones,Sobre calle,Ninguna,Dia total,Despejado,No,NO APLICA,99,99,99,99,1,18/06/2022,1
6,California,61577,0,0,2,0,83,SANTA BARBARA (83),3460,SANTA MARIA,5,Mayo,9,2022,9,40,US-101,2,US Highway,Urbano,Arterial Principal -Freeway o ExpressWay,State Highway Agency,1,Sin jurisdiccion especial,888,34.95616944,-120.41725,Vehiculo en movimiento,Golpe Lateral - misma direccion,Not an Intersection,No fue interseccion,Sobre calle,Ninguna,Dia total,Despejado,No,NO APLICA,9,45,9,59,1,09/05/2022,2
6,California,61578,0,0,2,0,85,SANTA CLARA (85),1420,GILROY,3,Marzo,14,2022,20,26,MONTEREY RD,8,Otro,Urbano,Arteria Principal,City or Municipal Highway Agency,1,Sin jurisdiccion especial,99998,36.98618611,-121.5573694,Vehiculo en movimiento,Angulo,Not an Intersection,No fue interseccion,Sobre calle,Ninguna,Oscuro con iluminacion,Despejado,No,NO APLICA,99,99,99,99,1,14/03/2022,2
6,California,61579,0,0,2,0,81,SAN MATEO (81),3730,SOUTH SAN FRANCISCO,5,Mayo,13,2022,19,26,I-380 RAMP,1,Interestatal,Urbano,Interestatal,State Highway Agency,1,Sin jurisdiccion especial,67,37.63865833,-122.398675,Vehiculo en movimiento,Angulo,Not an Intersection,No fue interseccion,Sobre calle,Ninguna,Dia total,Despejado,No,NO APLICA,99,99,99,99,1,13/05/2022,2
6,California,61580,1,1,1,0,37,LOS ANGELES (37),1980,LOS ANGELES,4,Abril,19,2022,2,48,I-5 SANTA ANA FWY,1,Interestatal,Urbano,Interestatal,State Highway Agency,1,Sin jurisdiccion especial,159,34.02589444,-118.2074694,Peaton,El primer evento no fue una colision con un vehiculo automotor en transporte,Not an Intersection,No fue interseccion,Sobre calle,Ninguna,Oscuro con iluminacion,Despejado,No,NO APLICA,99,99,99,99,1,19/04/2022,1
6,California,61581,0,0,4,0,37,LOS ANGELES (37),0,NO APLICA,6,Junio,25,2022,9,28,I-5,1,Interestatal,Rural,Interestatal,State Highway Agency,1,Sin jurisdiccion especial,1827,34.57055,-118.68885,Otro objeto (no fijo),El primer evento no fue una colision con un vehiculo automotor en transporte,Not an Intersection,No fue interseccion,Sobre calle,Ninguna,Dia total,Despejado,No,NO APLICA,9,34,99,99,1,25/06/2022,8
6,California,61582,0,0,1,0,85,SANTA CLARA (85),3440,SANTA CLARA,9,Septiembre,10,2022,1,54,SR-62 LAWRENCE EXPWY,3,Highway estatal,Urbano,Arteria Principal,City or Municipal Highway Agency,1,Sin jurisdiccion especial,373,37.35983889,-121.9962333,Banqueta,El primer evento no fue una colision con un vehiculo automotor en transporte,Four-Way Intersection,Interseccion de 4 direcciones,Sobre el lado de la calle,Ninguna,Oscuro con iluminacion,Despejado,No,NO APLICA,99,99,99,99,1,10/09/2022,3
6,California,61583,0,0,1,0,115,YUBA (115),0,NO APLICA,9,Septiembre,23,2022,23,43,LA PORTE RD,8,Otro,Rural,Colector Mayor,County Highway Agency,0,Sin jurisdiccion especial,99998,39.47749167,-121.2566444,Arbol,El primer evento no fue una colision con un vehiculo automotor en transporte,Not an Intersection,No fue interseccion,Sobre el lado de la calle,Ninguna,Oscuro sin iluminacion,Despejado,No,NO APLICA,99,99,99,99,1,23/09/2022,2
6,California,61584,0,0,1,0,37,LOS ANGELES (37),1716,IRWINDALE,2,Febrero,20,2022,2,42,CYPRESS ST,8,Otro,Urbano,Arteria Menor,City or Municipal Highway Agency,0,Sin jurisdiccion especial,0,34.09611111,-117.9430694,Banqueta,El primer evento no fue una colision con un vehiculo automotor en transporte,Four-Way Intersection,Interseccion de 4 direcciones,Sobre el lado de la calle,Ninguna,Oscuro con iluminacion,Despejado,No,NO APLICA,99,99,99,99,1,20/02/2022,2