Estado,Nombre de Estado,Numero de Caso,Peatones,Personas _no_vehiculos,Vehiculos automotores,Vehiculos estacionados,Condado,Nombre Condado,Ciudad,Nombre Ciudad,Mes,Nombre Mes,Dia,Año,Hora,Minuto,Calle,Ruta,Nombre Ruta,Rural o Urbanoo,Sistema Funcional,Dueño Calle,Sistema Nacional Carreteras,Jurisdiccion Especial,Milla,Latitud,Longitud,Causa del Accidente,Tipo de Accidente,Tipo Interseccion,Columna1,Lugar en la calle,Zona de Trabajo,Luz,Clima,Autobus Escolar,Cruce de Trenes,Hora Notificacion,Minuto Notificacion,Hora Llegada,Minuto Llegada,Decesos,Fecha,PersonaVehiculo
6,California,61707,0,0,2,0,11,COLUSA (11),0,NO APLICA,9,Septiembre,2,2022,19,35,SR-20,3,Highway estatal,Rural,Arteria Principal,State Highway Agency,1,Sin jurisdiccion especial,93,39.08895,-122.3459306,Volcadura,El primer evento no fue una colision con un vehiculo automotor en transporte,Not an Intersection,No fue interseccion,Sobre calle,Ninguna,Atardecer,Despejado,No,NO APLICA,19,99,19,99,1,02/09/2022,3
6,California,61708,0,0,4,0,71,SAN BERNARDINO (71),0,NO APLICA,8,Agosto,23,2022,12,6,I-15,1,Interestatal,Rural,Interestatal,State Highway Agency,1,Sin jurisdiccion especial,2220,35.0847,-116.3658333,Vehiculo en movimiento,Frente a Detrás,Not an Intersection,No fue interseccion,Sobre calle,Ninguna,Dia total,Despejado,No,NO APLICA,12,8,12,30,1,23/08/2022,7
6,California,61709,0,0,1,0,115,YUBA (115),0,NO APLICA,4,Abril,25,2022,99,99,CR-PIKE CITY RD,8,Otro,Rural,Local,County Highway Agency,0,Sin jurisdiccion especial,99998,39.44862222,-121.050675,Volcadura,El primer evento no fue una colision con un vehiculo automotor en transporte,Not an Intersection,No fue interseccion,Sobre el lado de la calle,Ninguna,Dia total,Despejado,No,NO APLICA,99,99,99,99,1,25/04/2022,1
6,California,61710,0,0,2,0,97,SONOMA (97),0,NO APLICA,9,Septiembre,23,2022,13,52,ROHNERT PARK EXPY,8,Otro,Urbano,Arteria Menor,County Highway Agency,0,Sin jurisdiccion especial,99998,38.35324722,-122.7398833,Vehiculo en movimiento,Frente a frente,Not an Intersection,No fue interseccion,Sobre calle,Ninguna,Dia total,Despejado,No,NO APLICA,99,99,99,99,1,23/09/2022,2
6,California,61711,0,0,2,0,77,SAN JOAQUIN (77),0,NO APLICA,9,Septiembre,25,2022,6,43,SR-120,3,Highway estatal,Rural,Arteria Principal,State Highway Agency,1,Sin jurisdiccion especial,194,37.79393333,-120.9562333,Vehiculo en movimiento,Frente a frente,Not an Intersection,No fue interseccion,Sobre calle,Ninguna,Amanecer,Despejado,No,NO APLICA,99,99,99,99,1,25/09/2022,2
6,California,61712,0,0,1,0,79,SAN LUIS OBISPO (79),2705,PASO ROBLES,9,Septiembre,30,2022,22,34,US-101,2,US Highway,Urbano,Arterial Principal -Freeway o ExpressWay,State Highway Agency,1,Sin jurisdiccion especial,546,35.5965,-120.69495,Volcadura,El primer evento no fue una colision con un vehiculo automotor en transporte,Not an Intersection,No fue interseccion,Sobre el lado de la calle,Ninguna,Oscuro sin iluminacion,Despejado,No,NO APLICA,99,99,99,99,1,30/09/2022,1
6,California,61713,0,0,1,0,107,TULARE (107),4050,VISALIA,10,Octubre,8,2022,23,22,SR-198,3,Highway estatal,Urbano,Arterial Principal -Freeway o ExpressWay,State Highway Agency,1,Sin jurisdiccion especial,53,36.32738056,-119.376275,Arbol,El primer evento no fue una colision con un vehiculo automotor en transporte,Not an Intersection,No fue interseccion,Sobre el lado de la calle,Ninguna,Oscuro sin iluminacion,Despejado,No,NO APLICA,23,99,23,99,1,08/10/2022,1
6,California,61714,1,1,1,0,77,SAN JOAQUIN (77),2070,MANTECA,10,Octubre,22,2022,99,99,SR-120,3,Highway estatal,Urbano,Arterial Principal -Freeway o ExpressWay,State Highway Agency,1,Sin jurisdiccion especial,25,37.78416667,-121.2670139,Peaton,El primer evento no fue una colision con un vehiculo automotor en transporte,Not an Intersection,No fue interseccion,Sobre calle,Ninguna,Oscuro sin iluminacion,Despejado,No,NO APLICA,99,99,99,99,1,22/10/2022,1
6,California,61715,1,1,1,0,37,LOS ANGELES (37),1980,LOS ANGELES,11,Noviembre,1,2022,23,45,I-10,1,Interestatal,Urbano,Interestatal,State Highway Agency,1,Sin jurisdiccion especial,142,34.03705278,-118.2848389,Peaton,El primer evento no fue una colision con un vehiculo automotor en transporte,Not an Intersection,No fue interseccion,Sobre calle,Ninguna,Oscuro sin iluminacion,Despejado,No,NO APLICA,99,99,99,99,1,01/11/2022,1
6,California,61716,1,1,2,0,59,ORANGE (59),1974,LOS ALAMITOS,5,Mayo,30,2022,3,35,I-605,1,Interestatal,Urbano,Interestatal,State Highway Agency,1,Sin jurisdiccion especial,11,33.79955833,-118.08445,Vehiculo en movimiento,Frente a frente,Not an Intersection,No fue interseccion,Sobre calle,"Zona de trabajo, tipo desconocido",Oscuro con iluminacion,Despejado,No,NO APLICA,99,99,99,99,1,30/05/2022,2
6,California,61717,0,0,1,0,53,MONTEREY (53),0,NO APLICA,8,Agosto,26,2022,14,56,BLANCO RD,8,Otro,Urbano,Colector Mayor,County Highway Agency,0,Sin jurisdiccion especial,99998,36.66937778,-121.7547944,Soporte de  señalamiento de transito,El primer evento no fue una colision con un vehiculo automotor en transporte,T-Intersection,Interseccion de T,Sobre el lado de la calle,Ninguna,Dia total,Nublado,No,NO APLICA,99,99,99,99,4,26/08/2022,4
6,California,61718,1,1,1,0,71,SAN BERNARDINO (71),260,BARSTOW,11,Noviembre,3,2022,0,20,I-15,1,Interestatal,Urbano,Interestatal,State Highway Agency,1,Sin jurisdiccion especial,658,34.81178889,-117.0967667,Peaton,El primer evento no fue una colision con un vehiculo automotor en transporte,Not an Intersection,No fue interseccion,Sobre calle,Ninguna,Oscuro sin iluminacion,Despejado,No,NO APLICA,88,88,88,88,1,03/11/2022,1
6,California,61719,0,0,2,0,85,SANTA CLARA (85),3340,SAN JOSE,3,Marzo,10,2022,23,15,I-280,1,Interestatal,Urbano,Interestatal,State Highway Agency,1,Sin jurisdiccion especial,57,37.316625,-121.9710667,Vehiculo en movimiento,Frente a Detrás,Not an Intersection,No fue interseccion,Sobre calle,Ninguna,Oscuro sin iluminacion,Despejado,No,NO APLICA,23,17,23,23,1,10/03/2022,2
6,California,61720,1,1,2,0,73,SAN DIEGO (73),3260,SAN DIEGO,6,Junio,26,2022,15,15,I-8 RAMP,1,Interestatal,Urbano,Interestatal,State Highway Agency,1,Sin jurisdiccion especial,1,32.78131944,-117.0882194,Vehiculo en movimiento,Frente a Detrás,Not an Intersection,No fue interseccion,Sobre calle,Ninguna,Dia total,Despejado,No,NO APLICA,99,99,99,99,1,26/06/2022,2
6,California,61721,0,0,2,0,97,SONOMA (97),0,NO APLICA,9,Septiembre,5,2022,14,33,SR-12 SONOMA HWY,3,Highway estatal,Urbano,Arteria Principal,State Highway Agency,0,Sin jurisdiccion especial,295,38.3866,-122.5190389,Vehiculo en movimiento,Angulo,Not an Intersection,No fue interseccion,Sobre calle,Ninguna,Dia total,Despejado,No,NO APLICA,14,99,14,99,1,05/09/2022,3
6,California,61722,0,0,2,0,83,SANTA BARBARA (83),0,NO APLICA,10,Octubre,5,2022,13,5,SR-246 MISSION DR,3,Highway estatal,Urbano,Arteria Menor,State Highway Agency,0,Sin jurisdiccion especial,281,34.59983056,-120.1611028,Vehiculo en movimiento,Frente a frente,Not an Intersection,No fue interseccion,Sobre calle,Ninguna,Dia total,Despejado,No,NO APLICA,99,99,99,99,1,05/10/2022,3
6,California,61723,0,0,3,0,83,SANTA BARBARA (83),0,NO APLICA,10,Octubre,9,2022,10,25,SR-154,3,Highway estatal,Urbano,Arteria Menor,State Highway Agency,0,Sin jurisdiccion especial,69,34.62395278,-120.0710944,Vehiculo en movimiento,Golpe Lateral - direccion contraria,Four-Way Intersection,Interseccion de 4 direcciones,Sobre calle,Ninguna,Dia total,Despejado,No,NO APLICA,99,99,99,99,1,09/10/2022,7
6,California,61724,0,0,2,0,29,KERN (29),0,NO APLICA,10,Octubre,17,2022,6,40,CORCORAN RD,8,Otro,Rural,Arteria Menor,County Highway Agency,0,Sin jurisdiccion especial,99998,35.68811111,-119.5797833,Vehiculo en movimiento,Frente a frente,Not an Intersection,No fue interseccion,Sobre calle,Ninguna,Amanecer,Despejado,No,NO APLICA,99,99,99,99,2,17/10/2022,5
6,California,61725,0,0,3,0,65,RIVERSIDE (65),0,NO APLICA,4,Abril,19,2022,1,58,I-10,1,Interestatal,Rural,Interestatal,State Highway Agency,1,Sin jurisdiccion especial,193,33.91856667,-116.7784528,Vehiculo en movimiento,Otro,Not an Intersection,No fue interseccion,Sobre calle,"Zona de trabajo, tipo desconocido",Oscuro sin iluminacion,Despejado,No,NO APLICA,2,1,99,99,1,19/04/2022,3
6,California,61726,0,0,3,0,39,MADERA (39),0,NO APLICA,3,Marzo,27,2022,19,5,AVENUE 7 1/2,8,Otro,Rural,Colector Mayor,County Highway Agency,0,Sin jurisdiccion especial,99998,36.85871667,-120.3600417,Vehiculo en movimiento,Golpe Lateral - direccion contraria,Not an Intersection,No fue interseccion,Sobre calle,Ninguna,Dia total,Despejado,No,NO APLICA,99,99,99,99,1,27/03/2022,9
6,California,61727,0,0,2,0,39,MADERA (39),0,NO APLICA,4,Abril,8,2022,23,52,SR-41,3,Highway estatal,Urbano,Arteria Principal,State Highway Agency,1,Sin jurisdiccion especial,75,36.98607222,-119.7939722,Vehiculo en movimiento,Frente a frente,Not an Intersection,No fue interseccion,Sobre calle,Ninguna,Oscuro sin iluminacion,Despejado,No,NO APLICA,99,99,99,99,4,08/04/2022,4
6,California,61728,0,0,2,0,1,ALAMEDA (1),2480,OAKLAND,7,Julio,4,2022,0,58,I-580,1,Interestatal,Urbano,Interestatal,State Highway Agency,1,Sin jurisdiccion especial,433,37.80878611,-122.2433028,Vehiculo en movimiento,Frente a Detrás,Not an Intersection,No fue interseccion,Sobre calle,Ninguna,Oscuro con iluminacion,Nublado,No,NO APLICA,1,99,1,99,1,04/07/2022,2
6,California,61729,0,0,1,0,37,LOS ANGELES (37),0,NO APLICA,6,Junio,26,2022,99,99,PINE CANYON RD,8,Otro,Rural,Colector Mayor,County Highway Agency,0,Sin jurisdiccion especial,99998,34.71571111,-118.5699639,Valla Ferrocarril,El primer evento no fue una colision con un vehiculo automotor en transporte,Not an Intersection,No fue interseccion,Sobre el lado de la calle,Ninguna,Oscuro sin iluminacion,Despejado,No,NO APLICA,22,14,22,99,2,26/06/2022,2
6,California,61730,0,0,1,0,37,LOS ANGELES (37),3270,SAN DIMAS,7,Julio,6,2022,7,35,SR-57,3,Highway estatal,Urbano,Arterial Principal -Freeway o ExpressWay,State Highway Agency,1,Sin jurisdiccion especial,199,34.06843333,-117.8077722,Valla Ferrocarril,El primer evento no fue una colision con un vehiculo automotor en transporte,Not an Intersection,No fue interseccion,Sobre el lado de la calle,Ninguna,Dia total,Despejado,No,NO APLICA,7,35,7,46,1,06/07/2022,1
6,California,61731,0,0,1,0,29,KERN (29),0,NO APLICA,9,Septiembre,21,2022,23,20,CR-PHILLIPS RD,4,Calle del Condado,Rural,Local,County Highway Agency,0,Sin jurisdiccion especial,99998,35.19866111,-118.0001639,Barda,El primer evento no fue una colision con un vehiculo automotor en transporte,Not an Intersection,No fue interseccion,Fuera de la calle,Ninguna,Oscuro sin iluminacion,Despejado,No,NO APLICA,99,99,99,99,3,21/09/2022,4
6,California,61732,1,1,1,0,29,KERN (29),240,BAKERSFIELD,10,Octubre,13,2022,20,0,SR-99 RAMP,3,Highway estatal,Rural,Arterial Principal -Freeway o ExpressWay,State Highway Agency,1,Sin jurisdiccion especial,187,35.28311944,-119.0285667,Peaton,El primer evento no fue una colision con un vehiculo automotor en transporte,Not an Intersection,No fue interseccion,Sobre calle,"Zona de trabajo, tipo desconocido",Oscuro con iluminacion,Despejado,No,NO APLICA,99,99,99,99,1,13/10/2022,1
6,California,61733,0,0,2,0,61,PLACER (61),0,NO APLICA,7,Julio,26,2022,6,23,SR-28,3,Highway estatal,Urbano,Arteria Menor,State Highway Agency,0,Sin jurisdiccion especial,3,39.171075,-120.1409472,Vehiculo en movimiento,Frente a Detrás,Not an Intersection,No fue interseccion,Sobre calle,"Infraestructura (luz, agua, etc)",Dia total,Despejado,No,NO APLICA,6,99,6,99,1,26/07/2022,2
6,California,61734,1,1,1,0,95,SOLANO (95),1260,FAIRFIELD,11,Noviembre,13,2022,9,36,CENTRAL WY,9,Desconocido,Urbano,Colector Mayor,City or Municipal Highway Agency,0,Sin jurisdiccion especial,99998,38.22080833,-122.12925,Peaton,El primer evento no fue una colision con un vehiculo automotor en transporte,Not an Intersection,No fue interseccion,Sobre Acotamiento,Ninguna,Dia total,Despejado,No,NO APLICA,99,99,99,99,1,13/11/2022,1
6,California,61735,0,0,4,0,71,SAN BERNARDINO (71),0,NO APLICA,8,Agosto,24,2022,16,50,SR-138,3,Highway estatal,Rural,Arteria Menor,State Highway Agency,0,Sin jurisdiccion especial,813,34.32255556,-117.5093389,Vehiculo en movimiento,Frente a frente,Not an Intersection,No fue interseccion,Sobre calle,Ninguna,Dia total,Despejado,No,NO APLICA,99,99,99,99,1,24/08/2022,5
6,California,61736,1,1,1,0,37,LOS ANGELES (37),1980,LOS ANGELES,7,Julio,4,2022,2,15,I-110,1,Interestatal,Urbano,Interestatal,State Highway Agency,1,Sin jurisdiccion especial,202,34.02113611,-118.2784389,Ciclista,El primer evento no fue una colision con un vehiculo automotor en transporte,Not an Intersection,No fue interseccion,Sobre calle,Ninguna,Oscuro con iluminacion,Despejado,No,NO APLICA,88,88,88,88,1,04/07/2022,1
6,California,61737,1,1,1,0,59,ORANGE (59),3760,STANTON,3,Marzo,4,2022,20,45,DALE AVE,9,Desconocido,Urbano,Arteria Menor,Not Reported,0,Sin jurisdiccion especial,0,33.81013056,-117.9846222,Peaton,El primer evento no fue una colision con un vehiculo automotor en transporte,Four-Way Intersection,Interseccion de 4 direcciones,Sobre calle,Ninguna,Oscuro con iluminacion,Despejado,No,NO APLICA,20,47,99,99,1,04/03/2022,1
6,California,61738,1,1,2,0,37,LOS ANGELES (37),3470,SANTA MONICA,1,Enero,6,2022,22,30,SR-1 PACIFIC COAST HWY,3,Highway estatal,Urbano,Arteria Principal,State Highway Agency,1,Sin jurisdiccion especial,365,34.02478889,-118.5128167,Peaton,El primer evento no fue una colision con un vehiculo automotor en transporte,Not an Intersection,No fue interseccion,Sobre calle,Ninguna,Oscuro sin iluminacion,Neblina o Humo,No,NO APLICA,99,99,99,99,1,06/01/2022,3
6,California,61739,1,1,1,0,37,LOS ANGELES (37),3470,SANTA MONICA,2,Febrero,25,2022,21,35,PICO BLVD,8,Otro,Urbano,Arteria Principal,City or Municipal Highway Agency,0,Sin jurisdiccion especial,99998,34.02203611,-118.4647583,Peaton,El primer evento no fue una colision con un vehiculo automotor en transporte,Not an Intersection,No fue interseccion,Sobre calle,Ninguna,Oscuro con iluminacion,Despejado,No,NO APLICA,21,36,99,99,1,25/02/2022,1
6,California,61740,1,1,1,0,37,LOS ANGELES (37),1700,INGLEWOOD,3,Marzo,17,2022,13,41,PRAIRIE AV,8,Otro,Urbano,Arteria Menor,City or Municipal Highway Agency,0,Sin jurisdiccion especial,99998,33.94517222,-118.3438917,Peaton,El primer evento no fue una colision con un vehiculo automotor en transporte,Not an Intersection,No fue interseccion,Sobre calle,Ninguna,Dia total,Despejado,No,NO APLICA,99,99,99,99,1,17/03/2022,1
6,California,61741,1,1,1,0,59,ORANGE (59),3960,TUSTIN,3,Marzo,20,2022,1,15,BARRANCA PKWY,8,Otro,Urbano,Arterial Principal -Freeway o ExpressWay,City or Municipal Highway Agency,1,Sin jurisdiccion especial,99998,33.705725,-117.8433889,Peaton,El primer evento no fue una colision con un vehiculo automotor en transporte,Not an Intersection,No fue interseccion,Sobre calle,Ninguna,Oscuro con iluminacion,lluvia,No,NO APLICA,99,99,99,99,1,20/03/2022,1
6,California,61742,1,1,1,0,37,LOS ANGELES (37),1110,EL MONTE,3,Marzo,22,2022,20,55,LOWER AZUSA RD,8,Otro,Urbano,Arteria Menor,City or Municipal Highway Agency,0,Sin jurisdiccion especial,99998,34.09264444,-118.0352167,Ciclista,El primer evento no fue una colision con un vehiculo automotor en transporte,Not Reported,No reportado,Sobre calle,Ninguna,Oscuro con iluminacion,Despejado,No,NO APLICA,99,99,99,99,1,22/03/2022,1
6,California,61743,0,0,3,0,1,ALAMEDA (1),0,NO APLICA,6,Junio,21,2022,16,33,BYRON-BETHANY RD,8,Otro,Rural,Arteria Menor,County Highway Agency,0,Sin jurisdiccion especial,99998,37.80463889,-121.5662194,Vehiculo en movimiento,Frente a frente,Not an Intersection,No fue interseccion,Sobre calle,Ninguna,Dia total,Despejado,No,NO APLICA,99,99,99,99,2,21/06/2022,3
6,California,61744,1,1,1,0,65,RIVERSIDE (65),2116,MENIFEE,7,Julio,3,2022,17,3,SHADOW HILLS ST,9,Desconocido,Urbano,Local,City or Municipal Highway Agency,0,Sin jurisdiccion especial,99998,33.66831667,-117.15225,No vehiculo o remolque,El primer evento no fue una colision con un vehiculo automotor en transporte,Not an Intersection,No fue interseccion,Sobre calle,Ninguna,Dia total,Despejado,No,NO APLICA,99,99,99,99,1,03/07/2022,1
6,California,61745,1,1,1,0,95,SOLANO (95),4020,VALLEJO,7,Julio,12,2022,17,32,ADIT CT,9,Desconocido,Urbano,Local,City or Municipal Highway Agency,0,Sin jurisdiccion especial,99998,38.0826,-122.2289778,Peaton,El primer evento no fue una colision con un vehiculo automotor en transporte,T-Intersection,Interseccion de T,Sobre calle,Ninguna,Dia total,Despejado,No,NO APLICA,99,99,99,99,1,12/07/2022,1
6,California,61746,0,0,2,0,99,STANISLAUS (99),0,NO APLICA,8,Agosto,4,2022,1,24,I-5,1,Interestatal,Rural,Interestatal,State Highway Agency,1,Sin jurisdiccion especial,244,37.55483056,-121.2870694,Vehiculo en movimiento,Frente a Detrás,Not an Intersection,No fue interseccion,Sobre calle,Ninguna,Oscuro sin iluminacion,Despejado,No,NO APLICA,1,99,1,99,1,04/08/2022,3
6,California,61747,0,0,1,0,37,LOS ANGELES (37),2870,POMONA,9,Septiembre,1,2022,2,14,N GAREY AVE,8,Otro,Urbano,Arteria Menor,Not Reported,0,Sin jurisdiccion especial,99998,34.08220833,-117.753025,Arbol,El primer evento no fue una colision con un vehiculo automotor en transporte,T-Intersection,Interseccion de T,Sobre el lado de la calle,Ninguna,Oscuro con iluminacion,Despejado,No,NO APLICA,99,99,99,99,1,01/09/2022,1
6,California,61748,0,0,1,0,37,LOS ANGELES (37),2870,POMONA,9,Septiembre,11,2022,2,3,PALOMARES ST,9,Desconocido,Urbano,Colector Mayor,City or Municipal Highway Agency,0,Sin jurisdiccion especial,99998,34.05908611,-117.7458806,Vehiculo Ferrocarril,El primer evento no fue una colision con un vehiculo automotor en transporte,Not an Intersection,No fue interseccion,Sobre calle,Ninguna,Oscuro con iluminacion,Despejado,No,746930V,99,99,99,99,1,11/09/2022,1
6,California,61749,0,0,3,0,77,SAN JOAQUIN (77),0,NO APLICA,10,Octubre,6,2022,21,20,SR-4,3,Highway estatal,Rural,Arteria Principal,State Highway Agency,0,Sin jurisdiccion especial,101,37.92688611,-121.40455,Vehiculo en movimiento,Frente a frente,Not an Intersection,No fue interseccion,Sobre calle,Ninguna,Oscuro sin iluminacion,Despejado,No,NO APLICA,21,99,21,99,1,06/10/2022,6
6,California,61750,0,0,4,2,67,SACRAMENTO (67),0,NO APLICA,10,Octubre,9,2022,21,8,EL CAMINO AVE,8,Otro,Urbano,Arteria Principal,County Highway Agency,1,Sin jurisdiccion especial,99998,38.6109,-121.4174111,Vehiculo en movimiento,Frente a frente,Not an Intersection,No fue interseccion,Sobre calle,Ninguna,Oscuro con iluminacion,Despejado,No,NO APLICA,99,99,99,99,1,09/10/2022,3
6,California,61751,0,0,2,0,107,TULARE (107),0,NO APLICA,10,Octubre,15,2022,16,25,AVE 176,8,Otro,Rural,Local,County Highway Agency,0,Sin jurisdiccion especial,99998,36.10923889,-119.1075306,Vehiculo en movimiento,Angulo,Four-Way Intersection,Interseccion de 4 direcciones,Sobre calle,Ninguna,Dia total,Despejado,No,NO APLICA,99,99,99,99,1,15/10/2022,3
6,California,61752,0,0,5,0,67,SACRAMENTO (67),0,NO APLICA,10,Octubre,16,2022,9,37,HOWE AVE,8,Otro,Urbano,Arteria Principal,County Highway Agency,1,Sin jurisdiccion especial,99998,38.59095,-121.4152944,Vehiculo en movimiento,Frente a Detrás,Four-Way Intersection,Interseccion de 4 direcciones,Sobre calle,Ninguna,Dia total,Despejado,No,NO APLICA,99,99,99,99,2,16/10/2022,10
6,California,61753,0,0,2,0,77,SAN JOAQUIN (77),0,NO APLICA,10,Octubre,25,2022,2,15,I-5,1,Interestatal,Rural,Interestatal,State Highway Agency,1,Sin jurisdiccion especial,373,38.08561944,-121.3814917,Vehiculo en movimiento,Golpe Lateral - misma direccion,Not an Intersection,No fue interseccion,Sobre calle,Ninguna,Oscuro sin iluminacion,Despejado,No,NO APLICA,99,99,99,99,1,25/10/2022,4
6,California,61754,0,0,1,0,37,LOS ANGELES (37),1110,EL MONTE,10,Octubre,26,2022,22,12,PALM DR,9,Desconocido,Urbano,Local,City or Municipal Highway Agency,0,Sin jurisdiccion especial,99998,34.07461667,-118.0383972,Edificio,El primer evento no fue una colision con un vehiculo automotor en transporte,Not an Intersection,No fue interseccion,Fuera de la calle,Ninguna,Oscuro con iluminacion,Despejado,No,NO APLICA,99,99,99,99,1,26/10/2022,1
6,California,61755,1,1,1,0,19,FRESNO (19),1370,FRESNO,11,Noviembre,5,2022,21,46,E GETTYSBURG AVE,9,Desconocido,Urbano,Colector Mayor,City or Municipal Highway Agency,0,Sin jurisdiccion especial,99998,36.80137222,-119.7700111,Peaton,El primer evento no fue una colision con un vehiculo automotor en transporte,Not an Intersection,No fue interseccion,Sobre calle,Ninguna,Oscuro con iluminacion,Despejado,No,NO APLICA,99,99,99,99,1,05/11/2022,2
6,California,61756,0,0,1,0,73,SAN DIEGO (73),0,NO APLICA,10,Octubre,27,2022,1,43,RANCHO DIEGUENO RD,8,Otro,Urbano,Local,County Highway Agency,0,Sin jurisdiccion especial,99998,32.98766667,-117.1924361,Banqueta,El primer evento no fue una colision con un vehiculo automotor en transporte,Not an Intersection,No fue interseccion,Sobre el lado de la calle,Ninguna,Oscuro sin iluminacion,Despejado,No,NO APLICA,99,99,99,99,1,27/10/2022,2
6,California,61757,1,1,1,0,19,FRESNO (19),1370,FRESNO,11,Noviembre,8,2022,17,34,BLACKSTONE AVE,8,Otro,Urbano,Arteria Menor,City or Municipal Highway Agency,0,Sin jurisdiccion especial,99998,36.79708889,-119.7906139,Peaton,El primer evento no fue una colision con un vehiculo automotor en transporte,Not an Intersection,No fue interseccion,Sobre calle,Ninguna,Oscuro sin iluminacion,Nublado,No,NO APLICA,99,99,99,99,1,08/11/2022,1
6,California,61758,1,1,1,0,59,ORANGE (59),1345,FOUNTAIN VALLEY,11,Noviembre,15,2022,4,15,LOS COCHES ST,9,Desconocido,Urbano,Local,City or Municipal Highway Agency,0,Sin jurisdiccion especial,99998,33.73095278,-117.9526083,Ciclista,El primer evento no fue una colision con un vehiculo automotor en transporte,T-Intersection,Interseccion de T,Sobre calle,Ninguna,Oscuro con iluminacion,Despejado,No,NO APLICA,4,99,99,99,1,15/11/2022,1
6,California,61759,0,0,1,0,71,SAN BERNARDINO (71),2550,ONTARIO,3,Marzo,12,2022,3,16,I-15 ONTARIO FWY,1,Interestatal,Urbano,Interestatal,State Highway Agency,1,Sin jurisdiccion especial,22,34.06588056,-117.5449722,Barrera de Trafico de Concreto,El primer evento no fue una colision con un vehiculo automotor en transporte,Not an Intersection,No fue interseccion,En el medio,Ninguna,Oscuro con iluminacion,Despejado,No,NO APLICA,3,9,4,44,2,12/03/2022,2
6,California,61760,0,0,1,0,93,SISKIYOU (93),0,NO APLICA,9,Septiembre,5,2022,10,48,I-5,1,Interestatal,Rural,Interestatal,State Highway Agency,1,Sin jurisdiccion especial,24,41.21591944,-122.27415,Poste o otros soportes,El primer evento no fue una colision con un vehiculo automotor en transporte,Not an Intersection,No fue interseccion,Sobre el lado de la calle,Ninguna,Dia total,Despejado,No,NO APLICA,99,99,99,99,1,05/09/2022,1
6,California,61761,1,1,1,0,71,SAN BERNARDINO (71),1305,FONTANA,8,Agosto,28,2022,17,0,I-10,1,Interestatal,Urbano,Interestatal,State Highway Agency,1,Sin jurisdiccion especial,624,34.06684444,-117.4423861,Peaton,El primer evento no fue una colision con un vehiculo automotor en transporte,Not an Intersection,No fue interseccion,Sobre calle,Ninguna,Dia total,Despejado,No,NO APLICA,17,99,17,99,1,28/08/2022,2
6,California,61762,1,1,1,0,37,LOS ANGELES (37),1980,LOS ANGELES,4,Abril,6,2022,22,18,FIGUEROA ST,8,Otro,Urbano,Arteria Principal,City or Municipal Highway Agency,1,Sin jurisdiccion especial,99998,33.97273611,-118.2827083,Peaton,El primer evento no fue una colision con un vehiculo automotor en transporte,Four-Way Intersection,Interseccion de 4 direcciones,Sobre calle,Ninguna,Oscuro con iluminacion,Despejado,No,NO APLICA,99,99,99,99,1,06/04/2022,1
6,California,61763,0,0,2,0,65,RIVERSIDE (65),2116,MENIFEE,5,Mayo,31,2022,5,4,BUNDY CANYON RD,9,Desconocido,Urbano,Colector Mayor,Not Reported,0,Sin jurisdiccion especial,99998,33.6415,-117.22355,Vehiculo en movimiento,Angulo,Four-Way Intersection,Interseccion de 4 direcciones,Sobre calle,Ninguna,Amanecer,Despejado,No,NO APLICA,99,99,99,99,1,31/05/2022,2
6,California,61764,1,1,3,2,65,RIVERSIDE (65),3070,RIVERSIDE,6,Junio,24,2022,10,1,LA SIERRA AVE,8,Otro,Urbano,Arteria Menor,City or Municipal Highway Agency,0,Sin jurisdiccion especial,99998,33.93670556,-117.4969,Banqueta,El primer evento no fue una colision con un vehiculo automotor en transporte,T-Intersection,Interseccion de T,Sobre el lado de la calle,Ninguna,Dia total,Despejado,No,NO APLICA,99,99,99,99,1,24/06/2022,1
6,California,61765,0,0,1,0,65,RIVERSIDE (65),1730,JURUPA VALLEY,8,Agosto,26,2022,7,7,FELSPAR ST,9,Desconocido,Urbano,Colector Mayor,Unknown,0,Sin jurisdiccion especial,99998,34.005675,-117.4841944,Banqueta,El primer evento no fue una colision con un vehiculo automotor en transporte,Not an Intersection,No fue interseccion,Sobre el lado de la calle,Ninguna,Dia total,Despejado,No,NO APLICA,7,30,8,44,1,26/08/2022,1
6,California,61766,0,0,2,0,65,RIVERSIDE (65),2116,MENIFEE,9,Septiembre,10,2022,16,4,NORMANDY RD,8,Otro,Urbano,Colector Mayor,City or Municipal Highway Agency,0,Sin jurisdiccion especial,99998,33.68503333,-117.2177472,Vehiculo en movimiento,Angulo,Not an Intersection,No fue interseccion,Sobre calle,Ninguna,Dia total,Despejado,No,NO APLICA,99,99,99,99,1,10/09/2022,3
6,California,61767,1,1,1,0,37,LOS ANGELES (37),1110,EL MONTE,3,Marzo,1,2022,1,50,SANTA ANITA AVE,8,Otro,Urbano,Arteria Principal,City or Municipal Highway Agency,0,Sin jurisdiccion especial,99998,34.07641389,-118.0411444,Ciclista,El primer evento no fue una colision con un vehiculo automotor en transporte,Not Reported,No reportado,Sobre calle,Ninguna,Oscuro con iluminacion,Despejado,No,NO APLICA,99,99,99,99,1,01/03/2022,2