Estado,Nombre de Estado,Numero de Caso,Peatones,Personas _no_vehiculos,Vehiculos automotores,Vehiculos estacionados,Condado,Nombre Condado,Ciudad,Nombre Ciudad,Mes,Nombre Mes,Dia,Año,Hora,Minuto,Calle,Ruta,Nombre Ruta,Rural o Urbanoo,Sistema Funcional,Dueño Calle,Sistema Nacional Carreteras,Jurisdiccion Especial,Milla,Latitud,Longitud,Causa del Accidente,Tipo de Accidente,Tipo Interseccion,Columna1,Lugar en la calle,Zona de Trabajo,Luz,Clima,Autobus Escolar,Cruce de Trenes,Hora Notificacion,Minuto Notificacion,Hora Llegada,Minuto Llegada,Decesos,Fecha,PersonaVehiculo
6,California,62252,0,0,3,0,1,ALAMEDA (1),3360,SAN LEANDRO,4,Abril,18,2022,16,13,FAIRWAY DR,6,Calle Local Municipalidad,Urbano,Colector Mayor,City or Municipal Highway Agency,0,Sin jurisdiccion especial,99998,37.69625833,-122.1850278,Vehiculo en movimiento,Golpe Lateral - misma direccion,Not an Intersection,No fue interseccion,Sobre calle,Ninguna,Dia total,Despejado,No,NO APLICA,16,99,99,99,1,18/04/2022,4
6,California,62253,0,0,2,0,37,LOS ANGELES (37),1980,LOS ANGELES,5,Mayo,1,2022,2,15,12TH ST,8,Otro,Urbano,Local,City or Municipal Highway Agency,0,Sin jurisdiccion especial,99998,34.04912778,-118.2865556,Volcadura,El primer evento no fue una colision con un vehiculo automotor en transporte,Four-Way Intersection,Interseccion de 4 direcciones,Sobre calle,Ninguna,Oscuro con iluminacion,Despejado,No,NO APLICA,99,99,99,99,1,01/05/2022,2
6,California,62254,1,1,2,1,75,SAN FRANCISCO (75),3290,SAN FRANCISCO,5,Mayo,1,2022,20,29,TAYLOR ST,8,Otro,Urbano,Arteria Menor,City or Municipal Highway Agency,0,Sin jurisdiccion especial,99998,37.78314167,-122.4107861,No vehiculo o remolque,El primer evento no fue una colision con un vehiculo automotor en transporte,Four-Way Intersection,Interseccion de 4 direcciones,Sobre calle,Ninguna,Oscuro con iluminacion,Despejado,No,NO APLICA,99,99,99,99,1,01/05/2022,1
6,California,62255,0,0,2,1,7,BUTTE (7),2600,OROVILLE,5,Mayo,2,2022,23,23,ROSEBEN AVE,8,Otro,Rural,Local,City or Municipal Highway Agency,0,Sin jurisdiccion especial,99998,39.49902778,-121.5453083,Vehiculo Aparcado,El primer evento no fue una colision con un vehiculo automotor en transporte,Not an Intersection,No fue interseccion,En estacionamiento,Ninguna,Oscuro con iluminacion,Despejado,No,NO APLICA,99,99,99,99,1,02/05/2022,1
6,California,62256,0,0,2,0,77,SAN JOAQUIN (77),2070,MANTECA,5,Mayo,3,2022,9,5,MOFFAT BLVD,8,Otro,Urbano,Colector Mayor,City or Municipal Highway Agency,0,Sin jurisdiccion especial,99998,37.77591667,-121.183525,Vehiculo en movimiento,Frente a frente,Four-Way Intersection,Interseccion de 4 direcciones,Sobre calle,Ninguna,Dia total,Despejado,No,NO APLICA,99,99,99,99,1,03/05/2022,2
6,California,62257,0,0,2,0,71,SAN BERNARDINO (71),790,COLTON,5,Mayo,6,2022,16,26,LA CADENA DR,8,Otro,Urbano,Arteria Menor,City or Municipal Highway Agency,0,Sin jurisdiccion especial,99998,34.03018056,-117.3341611,Vehiculo en movimiento,Angulo,T-Intersection,Interseccion de T,Sobre calle,Ninguna,Dia total,Despejado,No,NO APLICA,99,99,99,99,1,06/05/2022,3
6,California,62258,1,1,1,0,85,SANTA CLARA (85),3340,SAN JOSE,5,Mayo,31,2022,21,40,US-101 RAMP,2,US Highway,Urbano,Arterial Principal -Freeway o ExpressWay,State Highway Agency,1,Sin jurisdiccion especial,341,37.33130556,-121.8433972,Peaton,El primer evento no fue una colision con un vehiculo automotor en transporte,Not an Intersection,No fue interseccion,Sobre calle,Ninguna,Oscuro sin iluminacion,Despejado,No,NO APLICA,21,42,99,99,1,31/05/2022,1
6,California,62259,1,1,1,0,19,FRESNO (19),1370,FRESNO,7,Julio,13,2022,23,57,BLACKSTONE AVE,8,Otro,Urbano,Arteria Menor,City or Municipal Highway Agency,0,Sin jurisdiccion especial,99998,36.79403056,-119.7905361,Peaton,El primer evento no fue una colision con un vehiculo automotor en transporte,Not Reported,No reportado,Sobre calle,Ninguna,Oscuro con iluminacion,Despejado,No,NO APLICA,99,98,99,98,1,13/07/2022,2
6,California,62260,0,0,1,0,59,ORANGE (59),2560,ORANGE,2,Febrero,12,2022,13,6,MAIN ST,8,Otro,Urbano,Arteria Principal,City or Municipal Highway Agency,0,Sin jurisdiccion especial,99998,33.79930833,-117.8666028,Soporte de  señalamiento de transito,El primer evento no fue una colision con un vehiculo automotor en transporte,Not an Intersection,No fue interseccion,Sobre calle,Ninguna,Dia total,Despejado,No,Unknown,99,99,99,99,1,12/02/2022,1
6,California,62261,0,0,2,0,67,SACRAMENTO (67),0,NO APLICA,5,Mayo,26,2022,8,36,ELISE AVE,8,Otro,Urbano,Arteria Principal,County Highway Agency,1,Sin jurisdiccion especial,99998,38.47437222,-121.4088083,Vehiculo en movimiento,Angulo,Four-Way Intersection,Interseccion de 4 direcciones,Sobre calle,Ninguna,Dia total,Despejado,No,NO APLICA,8,99,8,99,1,26/05/2022,3
6,California,62262,1,1,1,0,59,ORANGE (59),3420,SANTA ANA,6,Junio,16,2022,20,27,WARNER AVE,6,Calle Local Municipalidad,Urbano,Arteria Principal,City or Municipal Highway Agency,0,Sin jurisdiccion especial,99998,33.71385278,-117.9162083,Peaton,El primer evento no fue una colision con un vehiculo automotor en transporte,T-Intersection,Interseccion de T,Sobre calle,Ninguna,Oscuro con iluminacion,Despejado,No,NO APLICA,99,99,99,99,1,16/06/2022,2
6,California,62263,0,0,2,1,67,SACRAMENTO (67),0,NO APLICA,8,Agosto,9,2022,2,23,SHELDON LAKE DRIVE,8,Otro,Rural,Local,County Highway Agency,0,Sin jurisdiccion especial,99998,38.48406667,-121.2422056,Zanja,El primer evento no fue una colision con un vehiculo automotor en transporte,Not an Intersection,No fue interseccion,Sobre el lado de la calle,Ninguna,Oscuro sin iluminacion,Despejado,No,NO APLICA,99,99,99,99,1,09/08/2022,2
6,California,62264,1,1,1,0,67,SACRAMENTO (67),0,NO APLICA,8,Agosto,17,2022,8,20,FLORIN RD,8,Otro,Urbano,Arteria Principal,County Highway Agency,1,Sin jurisdiccion especial,99998,38.49605833,-121.4364972,Peaton,El primer evento no fue una colision con un vehiculo automotor en transporte,Not an Intersection,No fue interseccion,Sobre calle,Ninguna,Dia total,Nublado,No,NO APLICA,99,99,99,99,1,17/08/2022,1
6,California,62265,1,1,1,0,17,EL DORADO (17),0,NO APLICA,7,Julio,12,2022,15,25,SERRANO PKWY,8,Otro,Urbano,Colector Mayor,County Highway Agency,0,Sin jurisdiccion especial,99998,38.68244722,-121.0355722,Peaton,El primer evento no fue una colision con un vehiculo automotor en transporte,Not an Intersection,No fue interseccion,Sobre calle,Ninguna,Dia total,Despejado,No,NO APLICA,99,99,99,99,1,12/07/2022,2
6,California,62266,1,1,1,0,65,RIVERSIDE (65),0,NO APLICA,11,Noviembre,12,2022,18,4,CR-NANDINA AVENUE,4,Calle del Condado,Urbano,Local,County Highway Agency,0,Sin jurisdiccion especial,48,33.86586111,-117.2945167,Peaton,El primer evento no fue una colision con un vehiculo automotor en transporte,Not an Intersection,No fue interseccion,Sobre calle,Ninguna,Oscuro sin iluminacion,Despejado,No,NO APLICA,99,99,99,99,1,12/11/2022,1
6,California,62267,0,0,2,0,59,ORANGE (59),2560,ORANGE,11,Noviembre,8,2022,21,13,I-5,1,Interestatal,Urbano,Interestatal,State Highway Agency,1,Sin jurisdiccion especial,1068,33.78758889,-117.88545,Vehiculo en movimiento,Frente a Detrás,Not an Intersection,No fue interseccion,Sobre calle,Ninguna,Oscuro con iluminacion,Nublado,No,NO APLICA,21,99,21,99,1,08/11/2022,3
6,California,62268,0,0,1,0,29,KERN (29),0,NO APLICA,11,Noviembre,25,2022,99,99,SR-178,3,Highway estatal,Rural,Arteria Principal,State Highway Agency,0,Sin jurisdiccion especial,346,35.56771667,-118.5855083,Piedrotototota,El primer evento no fue una colision con un vehiculo automotor en transporte,Not an Intersection,No fue interseccion,Sobre el lado de la calle,Ninguna,Oscuro sin iluminacion,Despejado,No,NO APLICA,99,99,99,99,1,25/11/2022,1
6,California,62269,0,0,2,0,39,MADERA (39),0,NO APLICA,9,Septiembre,7,2022,22,25,ROAD 603,8,Otro,Rural,Colector Mayor,County Highway Agency,0,Sin jurisdiccion especial,99998,37.1112,-119.9134611,Vehiculo en movimiento,Angulo,Not an Intersection,No fue interseccion,Sobre calle,Ninguna,Oscuro sin iluminacion,Despejado,No,NO APLICA,99,99,99,99,1,07/09/2022,2
6,California,62270,2,2,1,0,37,LOS ANGELES (37),1980,LOS ANGELES,4,Abril,26,2022,3,20,OLYMPIC BLVD,8,Otro,Urbano,Arteria Principal,City or Municipal Highway Agency,1,Sin jurisdiccion especial,99998,34.05268333,-118.2985278,Ciclista,El primer evento no fue una colision con un vehiculo automotor en transporte,Not an Intersection,No fue interseccion,Sobre calle,Ninguna,Oscuro con iluminacion,Despejado,No,NO APLICA,99,99,99,99,1,26/04/2022,1
6,California,62271,1,1,1,0,37,LOS ANGELES (37),1840,LANCASTER,4,Abril,20,2022,23,30,AVENUE L,8,Otro,Urbano,Arteria Principal,City or Municipal Highway Agency,0,Sin jurisdiccion especial,99998,34.66037222,-118.1216833,Peaton,El primer evento no fue una colision con un vehiculo automotor en transporte,Not an Intersection,No fue interseccion,Sobre calle,Ninguna,Oscuro sin iluminacion,Despejado,No,NO APLICA,99,99,99,99,1,20/04/2022,1
6,California,62272,1,1,1,0,37,LOS ANGELES (37),1970,LONG BEACH,4,Abril,20,2022,23,35,SR-1 PCH,3,Highway estatal,Urbano,Arteria Principal,State Highway Agency,1,Sin jurisdiccion especial,74,33.78986389,-118.21045,Peaton,El primer evento no fue una colision con un vehiculo automotor en transporte,Four-Way Intersection,Interseccion de 4 direcciones,Sobre calle,Ninguna,Oscuro con iluminacion,Despejado,No,NO APLICA,99,99,99,99,1,20/04/2022,1
6,California,62273,0,0,1,0,65,RIVERSIDE (65),3320,SAN JACINTO,11,Noviembre,13,2022,2,23,SAN JACINTO AVE,8,Otro,Urbano,Arteria Principal,City or Municipal Highway Agency,1,Sin jurisdiccion especial,99998,33.76429444,-116.9587444,Banqueta,El primer evento no fue una colision con un vehiculo automotor en transporte,Not an Intersection,No fue interseccion,En el medio,Ninguna,Oscuro con iluminacion,Despejado,No,NO APLICA,99,99,99,99,1,13/11/2022,1
6,California,62274,1,1,1,0,65,RIVERSIDE (65),3320,SAN JACINTO,12,Diciembre,4,2022,20,21,STATE ST,8,Otro,Urbano,Arteria Menor,City or Municipal Highway Agency,0,Sin jurisdiccion especial,99998,33.78521389,-116.9718528,Ciclista,El primer evento no fue una colision con un vehiculo automotor en transporte,Four-Way Intersection,Interseccion de 4 direcciones,Sobre calle,Ninguna,Oscuro sin iluminacion,Despejado,No,NO APLICA,99,99,99,99,1,04/12/2022,1
6,California,62275,1,1,1,0,65,RIVERSIDE (65),2730,PERRIS,12,Diciembre,6,2022,18,41,I-215 RAMP,1,Interestatal,Urbano,Interestatal,State Highway Agency,1,Sin jurisdiccion especial,271,33.79049444,-117.2286278,Peaton,El primer evento no fue una colision con un vehiculo automotor en transporte,Not an Intersection,No fue interseccion,Sobre calle,Ninguna,Oscuro con iluminacion,Nublado,No,NO APLICA,99,99,99,99,1,06/12/2022,1
6,California,62276,0,0,2,0,65,RIVERSIDE (65),2278,MORENO VALLEY,12,Diciembre,8,2022,20,13,IRIS AVE,9,Desconocido,Urbano,Arteria Menor,Unknown,0,Sin jurisdiccion especial,99998,33.88833611,-117.2174111,Vehiculo en movimiento,Angulo,Four-Way Intersection,Interseccion de 4 direcciones,Sobre calle,Ninguna,Oscuro con iluminacion,Despejado,No,NO APLICA,20,12,20,14,1,08/12/2022,4
6,California,62277,2,2,3,0,95,SOLANO (95),4020,VALLEJO,12,Diciembre,18,2022,19,55,SR-29 SONOMA BL,3,Highway estatal,Urbano,Arteria Principal,State Highway Agency,1,Sin jurisdiccion especial,99998,38.13186667,-122.2558056,Vehiculo en movimiento,Frente a Detrás,Not an Intersection,No fue interseccion,Sobre calle,Ninguna,Oscuro con iluminacion,Despejado,No,NO APLICA,99,99,99,99,1,18/12/2022,2
6,California,62278,0,0,1,0,19,FRESNO (19),1370,FRESNO,12,Diciembre,23,2022,3,20,H ST,8,Otro,Urbano,Colector Mayor,City or Municipal Highway Agency,0,Sin jurisdiccion especial,99998,36.73390278,-119.7956222,Banqueta,El primer evento no fue una colision con un vehiculo automotor en transporte,Not an Intersection,No fue interseccion,Sobre el lado de la calle,Ninguna,Oscuro con iluminacion,Neblina o Humo,No,NO APLICA,99,99,99,99,1,23/12/2022,1
6,California,62279,1,1,1,0,65,RIVERSIDE (65),3320,SAN JACINTO,10,Octubre,27,2022,22,40,RAMONA EXPY,8,Otro,Urbano,Arteria Menor,City or Municipal Highway Agency,0,Sin jurisdiccion especial,99998,33.80431389,-116.9770944,Peaton,El primer evento no fue una colision con un vehiculo automotor en transporte,Four-Way Intersection,Interseccion de 4 direcciones,Sobre calle,Ninguna,Oscuro con iluminacion,Despejado,No,NO APLICA,99,99,99,99,1,27/10/2022,1
6,California,62280,0,0,4,0,37,LOS ANGELES (37),2260,MONTEREY PARK,12,Diciembre,6,2022,14,48,POTRERO GRANDE DR,8,Otro,Urbano,Arteria Principal,City or Municipal Highway Agency,0,Sin jurisdiccion especial,99998,34.03961944,-118.10825,Vehiculo en movimiento,Frente a Detrás,Four-Way Intersection,Interseccion de 4 direcciones,Sobre calle,Ninguna,Dia total,Despejado,No,NO APLICA,99,99,99,99,2,06/12/2022,7
6,California,62281,0,0,2,0,97,SONOMA (97),3089,ROHNERT PARK,12,Diciembre,21,2022,7,31,GOLF COURSE DR,9,Desconocido,Urbano,Colector Mayor,City or Municipal Highway Agency,0,Sin jurisdiccion especial,99998,38.36326667,-122.7212417,Vehiculo en movimiento,Frente a frente,Not Reported,No reportado,Sobre calle,Ninguna,Dia total,Despejado,No,NO APLICA,99,99,99,99,1,21/12/2022,2
6,California,62282,0,0,2,1,19,FRESNO (19),1370,FRESNO,12,Diciembre,1,2022,0,49,N FRUIT AVE,8,Otro,Urbano,Local,City or Municipal Highway Agency,0,Sin jurisdiccion especial,99998,36.74883611,-119.8176028,Vehiculo Aparcado,El primer evento no fue una colision con un vehiculo automotor en transporte,Not an Intersection,No fue interseccion,En estacionamiento,Ninguna,Oscuro sin iluminacion,Despejado,No,NO APLICA,99,99,99,99,1,01/12/2022,1
6,California,62283,0,0,2,0,65,RIVERSIDE (65),850,CORONA,2,Febrero,9,2022,22,2,SR-91,3,Highway estatal,Urbano,Arterial Principal -Freeway o ExpressWay,State Highway Agency,1,Sin jurisdiccion especial,6,33.87458889,-117.6626722,Vehiculo en movimiento,Frente a Detrás,Not an Intersection,No fue interseccion,Sobre calle,Ninguna,Oscuro sin iluminacion,Despejado,No,NO APLICA,99,99,99,99,1,09/02/2022,3
6,California,62284,0,0,2,0,57,NEVADA (57),0,NO APLICA,10,Octubre,2,2022,22,20,SR-20,3,Highway estatal,Rural,Arteria Principal,State Highway Agency,1,Sin jurisdiccion especial,10,39.20463611,-121.2636861,Vehiculo en movimiento,Frente a frente,Not an Intersection,No fue interseccion,Sobre calle,Ninguna,Oscuro sin iluminacion,Despejado,No,NO APLICA,22,99,22,99,1,02/10/2022,3
6,California,62285,0,0,1,0,71,SAN BERNARDINO (71),0,NO APLICA,10,Octubre,24,2022,15,34,SR-18,3,Highway estatal,Rural,Arteria Menor,State Highway Agency,0,Sin jurisdiccion especial,553,34.32263056,-116.8188028,Arbol,El primer evento no fue una colision con un vehiculo automotor en transporte,Not an Intersection,No fue interseccion,Sobre el lado de la calle,Ninguna,Dia total,Despejado,No,NO APLICA,99,99,99,99,1,24/10/2022,1
6,California,62286,0,0,2,0,77,SAN JOAQUIN (77),0,NO APLICA,11,Noviembre,6,2022,6,41,MANTHEY RD,8,Otro,Urbano,Local,County Highway Agency,0,Sin jurisdiccion especial,99998,37.87919444,-121.2791917,Vehiculo en movimiento,Golpe Lateral - misma direccion,Not an Intersection,No fue interseccion,Sobre calle,Ninguna,Amanecer,Nublado,No,NO APLICA,6,99,99,99,1,06/11/2022,2
6,California,62287,0,0,1,0,19,FRESNO (19),0,NO APLICA,12,Diciembre,4,2022,9,36,MANNING AVE,8,Otro,Rural,Colector Mayor,County Highway Agency,0,Sin jurisdiccion especial,99998,36.60453889,-119.4693861,Poste,El primer evento no fue una colision con un vehiculo automotor en transporte,Not an Intersection,No fue interseccion,Sobre el lado de la calle,Ninguna,Dia total,Nublado,No,NO APLICA,99,99,99,99,1,04/12/2022,2
6,California,62288,0,0,2,0,29,KERN (29),0,NO APLICA,12,Diciembre,30,2022,9,15,SR-178,3,Highway estatal,Rural,Arteria Menor,State Highway Agency,0,Sin jurisdiccion especial,171,35.46836389,-118.7538083,Vehiculo en movimiento,Angulo,Not an Intersection,No fue interseccion,Sobre calle,Ninguna,Dia total,Nublado,No,NO APLICA,99,99,99,99,2,30/12/2022,3
6,California,62289,0,0,1,0,99,STANISLAUS (99),0,NO APLICA,10,Octubre,14,2022,8,11,W SERVICE RD,8,Otro,Rural,Colector Menor,County Highway Agency,0,Sin jurisdiccion especial,99998,37.58046389,-121.0127389,Poste,El primer evento no fue una colision con un vehiculo automotor en transporte,Not an Intersection,No fue interseccion,Sobre el lado de la calle,Ninguna,Dia total,Despejado,No,NO APLICA,8,99,8,99,1,14/10/2022,1
6,California,62290,0,0,1,0,37,LOS ANGELES (37),1980,LOS ANGELES,11,Noviembre,9,2022,22,0,SR-170 RAMP,3,Highway estatal,Urbano,Arterial Principal -Freeway o ExpressWay,State Highway Agency,1,Sin jurisdiccion especial,2,34.15416667,-118.3781028,Arbol,El primer evento no fue una colision con un vehiculo automotor en transporte,Not an Intersection,No fue interseccion,Gore?,Ninguna,Oscuro con iluminacion,Despejado,No,NO APLICA,22,3,22,16,1,09/11/2022,1
6,California,62291,0,0,1,0,1,ALAMEDA (1),2840,PLEASANTON,12,Diciembre,8,2022,3,7,I-580,1,Interestatal,Urbano,Interestatal,State Highway Agency,1,Sin jurisdiccion especial,206,37.70186667,-121.9209222,Muro,El primer evento no fue una colision con un vehiculo automotor en transporte,Not an Intersection,No fue interseccion,Sobre el lado de la calle,Ninguna,Oscuro con iluminacion,Despejado,No,NO APLICA,99,99,99,99,1,08/12/2022,1
6,California,62292,1,1,1,0,95,SOLANO (95),1260,FAIRFIELD,12,Diciembre,28,2022,17,22,CORDELIA RD,8,Otro,Urbano,Arteria Principal,City or Municipal Highway Agency,0,Sin jurisdiccion especial,99998,38.23063611,-122.0655972,Ciclista,El primer evento no fue una colision con un vehiculo automotor en transporte,Not an Intersection,No fue interseccion,Sobre calle,Ninguna,Atardecer,Despejado,No,NO APLICA,99,99,99,99,1,28/12/2022,2
6,California,62293,0,0,3,0,37,LOS ANGELES (37),3455,SANTA FE SPRINGS,10,Octubre,30,2022,1,5,I-605,1,Interestatal,Urbano,Interestatal,State Highway Agency,1,Sin jurisdiccion especial,117,33.94176389,-118.0964778,Alguien se cayo/avento del vehiculo,El primer evento no fue una colision con un vehiculo automotor en transporte,Not an Intersection,No fue interseccion,Sobre calle,Ninguna,Oscuro con iluminacion,Despejado,No,NO APLICA,1,99,1,99,1,30/10/2022,4
6,California,62294,0,0,2,0,1,ALAMEDA (1),0,NO APLICA,11,Noviembre,24,2022,12,48,ALTAMONT PASS RD,8,Otro,Rural,Arteria Menor,County Highway Agency,0,Sin jurisdiccion especial,99998,37.74108611,-121.6148611,Vehiculo en movimiento,Frente a frente,Not an Intersection,No fue interseccion,Sobre calle,Ninguna,Dia total,Despejado,No,NO APLICA,99,99,99,99,1,24/11/2022,4
6,California,62295,1,1,1,0,53,MONTEREY (53),0,NO APLICA,12,Diciembre,17,2022,21,38,US-101,2,US Highway,Rural,Arterial Principal -Freeway o ExpressWay,State Highway Agency,1,Sin jurisdiccion especial,468,36.2492,-121.1761806,Peaton,El primer evento no fue una colision con un vehiculo automotor en transporte,Not an Intersection,No fue interseccion,Sobre calle,Ninguna,Oscuro sin iluminacion,Despejado,No,NO APLICA,21,39,22,0,1,17/12/2022,2
6,California,62296,0,0,2,0,107,TULARE (107),0,NO APLICA,10,Octubre,26,2022,10,18,SR-99,3,Highway estatal,Urbano,Arterial Principal -Freeway o ExpressWay,State Highway Agency,1,Sin jurisdiccion especial,656,35.88995833,-119.2732333,Vehiculo en movimiento,Frente a Detrás,Not an Intersection,No fue interseccion,Sobre calle,Ninguna,Dia total,Despejado,No,NO APLICA,10,99,99,99,1,26/10/2022,2
6,California,62297,0,0,1,0,65,RIVERSIDE (65),290,BEAUMONT,11,Noviembre,11,2022,16,29,I-10 RAMP,1,Interestatal,Urbano,Interestatal,State Highway Agency,1,Sin jurisdiccion especial,1,33.94436111,-117.0039722,Valla Ferrocarril,El primer evento no fue una colision con un vehiculo automotor en transporte,Four-Way Intersection,Interseccion de 4 direcciones,Sobre el lado de la calle,Ninguna,Dia total,Despejado,No,NO APLICA,99,99,99,99,1,11/11/2022,1
6,California,62298,0,0,3,0,47,MERCED (47),0,NO APLICA,11,Noviembre,15,2022,17,15,AVENUE TWO,8,Otro,Urbano,Colector Mayor,County Highway Agency,0,Sin jurisdiccion especial,99998,37.34965278,-120.5555306,Vehiculo en movimiento,Frente a frente,T-Intersection,Interseccion de T,Sobre calle,Ninguna,Oscuro con iluminacion,Despejado,No,NO APLICA,17,18,17,27,1,15/11/2022,3
6,California,62299,0,0,2,0,77,SAN JOAQUIN (77),1940,LODI,12,Diciembre,27,2022,9,35,SR-99,3,Highway estatal,Urbano,Arterial Principal -Freeway o ExpressWay,State Highway Agency,1,Sin jurisdiccion especial,286,38.10283889,-121.2600583,Vehiculo en movimiento,Golpe Lateral - misma direccion,Not an Intersection,No fue interseccion,Sobre calle,Ninguna,Dia total,lluvia,No,NO APLICA,9,41,9,58,1,27/12/2022,4
6,California,62300,1,1,1,0,71,SAN BERNARDINO (71),0,NO APLICA,11,Noviembre,19,2022,17,5,SR-18,3,Highway estatal,Urbano,Arteria Menor,State Highway Agency,0,Sin jurisdiccion especial,229,34.22984444,-117.2226167,Peaton,El primer evento no fue una colision con un vehiculo automotor en transporte,Not an Intersection,No fue interseccion,Sobre calle,Ninguna,Oscuro sin iluminacion,Despejado,No,NO APLICA,99,99,99,99,1,19/11/2022,1
6,California,62301,1,1,1,0,59,ORANGE (59),2560,ORANGE,12,Diciembre,12,2022,20,38,CHAPMAN AVE,8,Otro,Urbano,Arteria Principal,City or Municipal Highway Agency,1,Sin jurisdiccion especial,99998,33.78798056,-117.8714778,Peaton,El primer evento no fue una colision con un vehiculo automotor en transporte,Not an Intersection,No fue interseccion,Sobre calle,Ninguna,Oscuro con iluminacion,Despejado,No,NO APLICA,99,99,99,99,1,12/12/2022,1
6,California,62302,0,0,1,0,71,SAN BERNARDINO (71),3210,SAN BERNARDINO,1,Enero,30,2022,2,0,I-10,1,Interestatal,Urbano,Interestatal,State Highway Agency,1,Sin jurisdiccion especial,41,34.06618889,-117.2952167,Valla Ferrocarril,El primer evento no fue una colision con un vehiculo automotor en transporte,Not an Intersection,No fue interseccion,Sobre el lado de la calle,Ninguna,Oscuro con iluminacion,Despejado,No,NO APLICA,2,5,99,99,1,30/01/2022,3
6,California,62303,1,1,1,0,95,SOLANO (95),1260,FAIRFIELD,6,Junio,3,2022,10,0,I-80,1,Interestatal,Urbano,Interestatal,State Highway Agency,1,Sin jurisdiccion especial,228,38.32151944,-122.0270333,Peaton,El primer evento no fue una colision con un vehiculo automotor en transporte,Not an Intersection,No fue interseccion,Sobre Acotamiento,"Zona de trabajo, tipo desconocido",Dia total,Despejado,No,NO APLICA,10,99,10,5,1,03/06/2022,1
6,California,62304,0,0,2,0,111,VENTURA (111),4027,VENTURA,3,Marzo,6,2022,2,1,US-101 VENTURA FWY,2,US Highway,Urbano,Arterial Principal -Freeway o ExpressWay,State Highway Agency,1,Sin jurisdiccion especial,246,34.25243611,-119.2110833,Vehiculo en movimiento,Frente a frente,Not an Intersection,No fue interseccion,Sobre calle,Ninguna,Oscuro con iluminacion,Despejado,No,NO APLICA,99,99,99,99,2,06/03/2022,3
6,California,62305,0,0,1,0,95,SOLANO (95),1260,FAIRFIELD,10,Octubre,8,2022,7,35,I-680,1,Interestatal,Urbano,Interestatal,State Highway Agency,1,Sin jurisdiccion especial,86,38.16578333,-122.1226889,Arbol,El primer evento no fue una colision con un vehiculo automotor en transporte,Not an Intersection,No fue interseccion,Sobre el lado de la calle,Ninguna,Dia total,Despejado,No,NO APLICA,7,99,7,99,1,08/10/2022,1
6,California,62306,1,1,1,0,37,LOS ANGELES (37),0,NO APLICA,8,Agosto,23,2022,1,54,COMPTON AVE,8,Otro,Urbano,Arteria Menor,County Highway Agency,0,Sin jurisdiccion especial,99998,33.92843056,-118.2462,Peaton,El primer evento no fue una colision con un vehiculo automotor en transporte,Not an Intersection,No fue interseccion,Sobre calle,Ninguna,Oscuro sin iluminacion,Despejado,No,NO APLICA,99,99,99,99,1,23/08/2022,1
6,California,62307,1,1,1,0,65,RIVERSIDE (65),0,NO APLICA,8,Agosto,25,2022,23,56,STETSON AVE,8,Otro,Urbano,Arteria Menor,County Highway Agency,0,Sin jurisdiccion especial,99998,33.72955278,-116.9445556,Peaton,El primer evento no fue una colision con un vehiculo automotor en transporte,Not an Intersection,No fue interseccion,Sobre calle,Ninguna,Oscuro sin iluminacion,Despejado,No,NO APLICA,99,99,99,99,1,25/08/2022,1
6,California,62308,1,1,1,0,73,SAN DIEGO (73),3260,SAN DIEGO,9,Septiembre,9,2022,20,4,I-8,1,Interestatal,Urbano,Interestatal,State Highway Agency,1,Sin jurisdiccion especial,53,32.76665278,-117.1482028,Peaton,El primer evento no fue una colision con un vehiculo automotor en transporte,Not an Intersection,No fue interseccion,Sobre calle,Ninguna,Oscuro con iluminacion,lluvia,No,NO APLICA,99,99,99,99,1,09/09/2022,1
6,California,62309,1,1,1,0,73,SAN DIEGO (73),3260,SAN DIEGO,9,Septiembre,22,2022,6,0,I-5,1,Interestatal,Urbano,Interestatal,State Highway Agency,1,Sin jurisdiccion especial,160,32.72314722,-117.1597889,Peaton,El primer evento no fue una colision con un vehiculo automotor en transporte,Not an Intersection,No fue interseccion,Sobre calle,Ninguna,Oscuro con iluminacion,Despejado,No,NO APLICA,99,99,99,99,1,22/09/2022,1
6,California,62310,0,0,2,0,65,RIVERSIDE (65),0,NO APLICA,11,Noviembre,18,2022,17,20,RAMONA EXPRESSWAY,8,Otro,Rural,Arteria Menor,County Highway Agency,0,Sin jurisdiccion especial,99998,33.84063056,-117.1361278,Vehiculo en movimiento,Angulo,Not an Intersection,No fue interseccion,Sobre calle,Ninguna,Oscuro sin iluminacion,Despejado,No,NO APLICA,17,99,17,99,1,18/11/2022,2
6,California,62311,0,0,1,0,69,SAN BENITO (69),0,NO APLICA,12,Diciembre,11,2022,3,26,US-101,2,US Highway,Rural,Arterial Principal -Freeway o ExpressWay,State Highway Agency,1,Sin jurisdiccion especial,15,36.86003333,-121.6052611,Otro objeto (no fijo),El primer evento no fue una colision con un vehiculo automotor en transporte,Not an Intersection,No fue interseccion,Sobre calle,Ninguna,Oscuro sin iluminacion,lluvia,No,NO APLICA,3,30,3,44,1,11/12/2022,1