Estado,Nombre de Estado,Numero de Caso,Peatones,Personas _no_vehiculos,Vehiculos automotores,Vehiculos estacionados,Condado,Nombre Condado,Ciudad,Nombre Ciudad,Mes,Nombre Mes,Dia,Año,Hora,Minuto,Calle,Ruta,Nombre Ruta,Rural o Urbanoo,Sistema Funcional,Dueño Calle,Sistema Nacional Carreteras,Jurisdiccion Especial,Milla,Latitud,Longitud,Causa del Accidente,Tipo de Accidente,Tipo Interseccion,Columna1,Lugar en la calle,Zona de Trabajo,Luz,Clima,Autobus Escolar,Cruce de Trenes,Hora Notificacion,Minuto Notificacion,Hora Llegada,Minuto Llegada,Decesos,Fecha,PersonaVehiculo
6,California,62312,0,0,1,0,37,LOS ANGELES (37),2870,POMONA,8,Agosto,21,2022,22,20,I-10 SAN BERNARDINO FWY,1,Interestatal,Urbano,Interestatal,State Highway Agency,1,Sin jurisdiccion especial,433,34.07105556,-117.7932472,Poste de Señal de trafico,El primer evento no fue una colision con un vehiculo automotor en transporte,Not an Intersection,No fue interseccion,Sobre el lado de la calle,Ninguna,Oscuro sin iluminacion,Despejado,No,NO APLICA,99,99,99,99,1,21/08/2022,1
6,California,62313,0,0,1,0,67,SACRAMENTO (67),0,NO APLICA,4,Abril,22,2022,19,50,ORANGE RD,8,Otro,Rural,Local,County Highway Agency,0,Sin jurisdiccion especial,99998,38.44164444,-121.1842389,Alguien se cayo/avento del vehiculo,El primer evento no fue una colision con un vehiculo automotor en transporte,Not an Intersection,No fue interseccion,Sobre calle,Ninguna,Atardecer,Despejado,No,NO APLICA,99,99,99,99,1,22/04/2022,3
6,California,62314,2,2,3,1,73,SAN DIEGO (73),0,NO APLICA,9,Septiembre,22,2022,15,35,BEAR VALLEY PKWY,8,Otro,Urbano,Arteria Principal,County Highway Agency,1,Sin jurisdiccion especial,99998,33.11813056,-117.0494389,Vehiculo en movimiento,Angulo,Four-Way Intersection,Interseccion de 4 direcciones,Sobre calle,Ninguna,Dia total,Despejado,No,NO APLICA,99,99,99,99,1,22/09/2022,2
6,California,62315,0,0,1,0,95,SOLANO (95),0,NO APLICA,11,Noviembre,24,2022,21,15,HAWKINS RD,9,Desconocido,Urbano,Colector Mayor,Not Reported,0,Sin jurisdiccion especial,99998,38.35875833,-121.8583111,Volcadura,El primer evento no fue una colision con un vehiculo automotor en transporte,Not an Intersection,No fue interseccion,Sobre el lado de la calle,Ninguna,Oscuro sin iluminacion,Despejado,No,NO APLICA,99,99,99,99,1,24/11/2022,1
6,California,62316,0,0,3,0,95,SOLANO (95),1260,FAIRFIELD,12,Diciembre,3,2022,16,15,I-80 DWIGHT D EISENHOWER,1,Interestatal,Urbano,Interestatal,State Highway Agency,1,Sin jurisdiccion especial,129,38.217575,-122.1365472,Vehiculo en movimiento,Angulo,Not an Intersection,No fue interseccion,Sobre calle,Construccion,Dia total,lluvia,No,NO APLICA,99,99,99,99,1,03/12/2022,3
6,California,62317,0,0,1,0,77,SAN JOAQUIN (77),0,NO APLICA,10,Octubre,29,2022,23,45,TULLY RD,8,Otro,Rural,Local,County Highway Agency,0,Sin jurisdiccion especial,99998,38.15998056,-121.1462333,Volcadura,El primer evento no fue una colision con un vehiculo automotor en transporte,Not an Intersection,No fue interseccion,Sobre calle,Ninguna,Oscuro sin iluminacion,Despejado,No,NO APLICA,23,99,23,99,2,29/10/2022,2
6,California,62318,1,1,1,0,65,RIVERSIDE (65),2650,GARNET,12,Diciembre,27,2022,17,18,RAMON RD,9,Desconocido,Urbano,Arteria Principal,City or Municipal Highway Agency,1,Sin jurisdiccion especial,99998,33.81596944,-116.5097278,Ciclista,El primer evento no fue una colision con un vehiculo automotor en transporte,Not an Intersection,No fue interseccion,Sobre calle,Ninguna,Oscuro sin iluminacion,Nublado,No,NO APLICA,99,99,99,99,1,27/12/2022,1
6,California,62319,0,0,1,0,13,CONTRA COSTA (13),2583,ORINDA,7,Julio,20,2022,18,0,SR-24,3,Highway estatal,Urbano,Arterial Principal -Freeway o ExpressWay,State Highway Agency,1,Sin jurisdiccion especial,66,37.87799167,-122.1831972,Arbol,El primer evento no fue una colision con un vehiculo automotor en transporte,Not an Intersection,No fue interseccion,Gore?,Ninguna,Dia total,Despejado,No,NO APLICA,18,99,18,99,1,20/07/2022,1
6,California,62320,1,1,1,0,29,KERN (29),0,NO APLICA,12,Diciembre,2,2022,4,11,CR-HEATH RD,4,Calle del Condado,Urbano,Colector Mayor,County Highway Agency,0,Sin jurisdiccion especial,99998,35.37973056,-119.1809944,Peaton,El primer evento no fue una colision con un vehiculo automotor en transporte,Not an Intersection,No fue interseccion,Sobre calle,Ninguna,Oscuro con iluminacion,lluvia,No,NO APLICA,4,11,4,99,1,02/12/2022,1
6,California,62321,0,0,2,0,85,SANTA CLARA (85),3440,SANTA CLARA,2,Febrero,27,2022,14,13,MONROE ST,8,Otro,Urbano,Arteria Principal,City or Municipal Highway Agency,1,Sin jurisdiccion especial,99998,37.36665556,-121.9956778,Vehiculo en movimiento,Angulo,Not an Intersection,No fue interseccion,Sobre calle,Ninguna,Dia total,Despejado,No,NO APLICA,99,99,99,99,1,27/02/2022,2
6,California,62322,1,1,3,0,71,SAN BERNARDINO (71),0,NO APLICA,5,Mayo,13,2022,23,0,SLOVER AVE,8,Otro,Urbano,Colector Mayor,County Highway Agency,0,Sin jurisdiccion especial,99998,34.06319722,-117.3883139,Vehiculo en movimiento,Angulo,Not an Intersection,No fue interseccion,Sobre calle,Ninguna,Oscuro con iluminacion,Despejado,No,NO APLICA,23,2,99,99,1,13/05/2022,3
6,California,62323,0,0,2,0,85,SANTA CLARA (85),2660,PALO ALTO,6,Junio,23,2022,17,12,US-101,2,US Highway,Urbano,Arterial Principal -Freeway o ExpressWay,State Highway Agency,1,Sin jurisdiccion especial,515,37.441575,-122.1151,Vehiculo en movimiento,Golpe Lateral - misma direccion,Not an Intersection,No fue interseccion,Sobre calle,Ninguna,Dia total,Despejado,No,NO APLICA,99,99,99,99,1,23/06/2022,4
6,California,62324,0,0,3,0,19,FRESNO (19),1370,FRESNO,7,Julio,4,2022,14,50,SR-41,3,Highway estatal,Urbano,Arterial Principal -Freeway o ExpressWay,State Highway Agency,1,Sin jurisdiccion especial,225,36.72683056,-119.783975,Vehiculo en movimiento,Golpe Lateral - misma direccion,Not an Intersection,No fue interseccion,Sobre calle,Ninguna,Dia total,Despejado,No,NO APLICA,99,99,99,99,1,04/07/2022,8
6,California,62325,0,0,4,0,37,LOS ANGELES (37),1980,LOS ANGELES,7,Julio,8,2022,23,45,I-110,1,Interestatal,Urbano,Interestatal,State Highway Agency,1,Sin jurisdiccion especial,163,33.96451111,-118.2805583,Vehiculo en movimiento,Golpe Lateral - misma direccion,Not an Intersection,No fue interseccion,Sobre calle,Ninguna,Oscuro con iluminacion,Nublado,No,NO APLICA,99,99,99,99,1,08/07/2022,5
6,California,62326,2,2,2,0,37,LOS ANGELES (37),1870,LA VERNE,9,Septiembre,29,2022,2,29,SR-210,3,Highway estatal,Urbano,Arterial Principal -Freeway o ExpressWay,State Highway Agency,1,Sin jurisdiccion especial,481,34.11976944,-117.7607194,Vehiculo en movimiento,Golpe Lateral - misma direccion,Not an Intersection,No fue interseccion,Sobre calle,Ninguna,Oscuro sin iluminacion,Despejado,No,NO APLICA,99,99,99,99,1,29/09/2022,2
6,California,62327,1,1,1,0,37,LOS ANGELES (37),1980,LOS ANGELES,4,Abril,24,2022,1,30,IMPERIAL HWY,8,Otro,Urbano,Arteria Principal,City or Municipal Highway Agency,1,Sin jurisdiccion especial,99998,33.93127778,-118.4225639,Peaton,El primer evento no fue una colision con un vehiculo automotor en transporte,Not an Intersection,No fue interseccion,Sobre calle,Ninguna,Oscuro con iluminacion,Despejado,No,NO APLICA,99,99,99,99,1,24/04/2022,2
6,California,62328,0,0,1,0,59,ORANGE (59),1380,FULLERTON,1,Enero,10,2022,13,35,EUCLID ST,8,Otro,Urbano,Arteria Principal,City or Municipal Highway Agency,1,Sin jurisdiccion especial,99998,33.85731111,-117.9417556,Banqueta,El primer evento no fue una colision con un vehiculo automotor en transporte,Not an Intersection,No fue interseccion,En el medio,Ninguna,Dia total,Despejado,No,NO APLICA,99,99,99,99,1,10/01/2022,1
6,California,62329,1,1,1,0,1,ALAMEDA (1),2480,OAKLAND,4,Abril,22,2022,7,0,TELEGRAPH AV,8,Otro,Urbano,Arteria Principal,City or Municipal Highway Agency,1,Sin jurisdiccion especial,99998,37.80953056,-122.2695833,Peaton,El primer evento no fue una colision con un vehiculo automotor en transporte,Four-Way Intersection,Interseccion de 4 direcciones,Sobre calle,Ninguna,Dia total,lluvia,No,NO APLICA,99,99,99,99,1,22/04/2022,1
6,California,62330,1,1,1,0,37,LOS ANGELES (37),1980,LOS ANGELES,4,Abril,22,2022,2,20,GRANDEE AV,8,Otro,Urbano,Local,City or Municipal Highway Agency,0,Sin jurisdiccion especial,99998,33.944275,-118.2434611,Peaton,El primer evento no fue una colision con un vehiculo automotor en transporte,Not an Intersection,No fue interseccion,Sobre calle,Ninguna,Oscuro - iluminacion desconocida,Nublado,No,NO APLICA,99,99,99,99,1,22/04/2022,1
6,California,62331,0,0,1,0,17,EL DORADO (17),0,NO APLICA,5,Mayo,25,2022,17,25,WENTWORTH SPRINGS RD,8,Otro,Rural,Colector Menor,County Highway Agency,0,Sin jurisdiccion especial,99998,38.92610278,-120.7783111,Arbol,El primer evento no fue una colision con un vehiculo automotor en transporte,Not an Intersection,No fue interseccion,Sobre el lado de la calle,Ninguna,Dia total,Despejado,No,NO APLICA,17,99,17,99,1,25/05/2022,2
6,California,62332,0,0,2,0,37,LOS ANGELES (37),1980,LOS ANGELES,10,Octubre,14,2022,6,10,I-10,1,Interestatal,Urbano,Interestatal,State Highway Agency,1,Sin jurisdiccion especial,173,34.02636944,-118.2348389,Alguien se cayo/avento del vehiculo,El primer evento no fue una colision con un vehiculo automotor en transporte,Not an Intersection,No fue interseccion,Sobre calle,Ninguna,Oscuro con iluminacion,Nublado,No,NO APLICA,99,98,99,98,1,14/10/2022,2
6,California,62333,0,0,1,0,77,SAN JOAQUIN (77),0,NO APLICA,12,Diciembre,22,2022,1,0,SR-99,3,Highway estatal,Urbano,Arterial Principal -Freeway o ExpressWay,State Highway Agency,1,Sin jurisdiccion especial,220,38.00811667,-121.2581972,Valla Ferrocarril,El primer evento no fue una colision con un vehiculo automotor en transporte,Not an Intersection,No fue interseccion,Sobre el lado de la calle,Ninguna,Oscuro sin iluminacion,Despejado,No,NO APLICA,1,5,1,12,1,22/12/2022,1
6,California,62334,0,0,1,0,25,IMPERIAL (25),0,NO APLICA,12,Diciembre,27,2022,12,45,DOGWOOD RD,8,Otro,Urbano,Arteria Principal,County Highway Agency,1,Sin jurisdiccion especial,99998,32.74608056,-115.5345278,Volcadura,El primer evento no fue una colision con un vehiculo automotor en transporte,Not an Intersection,No fue interseccion,Fuera de la calle,Ninguna,Dia total,Despejado,No,NO APLICA,99,99,99,99,2,27/12/2022,2
6,California,62335,0,0,2,0,85,SANTA CLARA (85),0,NO APLICA,11,Noviembre,18,2022,17,26,HALE AVE,8,Otro,Urbano,Colector Mayor,County Highway Agency,0,Sin jurisdiccion especial,99998,37.16113889,-121.69845,Vehiculo en movimiento,Angulo,T-Intersection,Interseccion de T,Sobre calle,Ninguna,Atardecer,Despejado,No,NO APLICA,17,99,17,99,1,18/11/2022,2
6,California,62336,0,0,1,0,73,SAN DIEGO (73),0,NO APLICA,12,Diciembre,18,2022,0,53,I-15,1,Interestatal,Urbano,Interestatal,State Highway Agency,1,Sin jurisdiccion especial,353,33.18118056,-117.1161611,Barda,El primer evento no fue una colision con un vehiculo automotor en transporte,Not an Intersection,No fue interseccion,Sobre el lado de la calle,Ninguna,Oscuro sin iluminacion,Nublado,No,NO APLICA,99,99,99,99,1,18/12/2022,2
6,California,62337,1,1,1,0,37,LOS ANGELES (37),1980,LOS ANGELES,12,Diciembre,22,2022,3,33,I-10,1,Interestatal,Urbano,Interestatal,State Highway Agency,1,Sin jurisdiccion especial,161,34.02850833,-118.2542194,Peaton,El primer evento no fue una colision con un vehiculo automotor en transporte,Not an Intersection,No fue interseccion,Sobre calle,Ninguna,Oscuro con iluminacion,Despejado,No,NO APLICA,99,99,99,99,1,22/12/2022,1
6,California,62338,0,0,1,0,65,RIVERSIDE (65),0,NO APLICA,10,Octubre,27,2022,16,55,WASHINGTON ST,8,Otro,Rural,Colector Mayor,County Highway Agency,0,Sin jurisdiccion especial,99998,33.80861389,-116.3015417,Acotamiento,El primer evento no fue una colision con un vehiculo automotor en transporte,Not an Intersection,No fue interseccion,Sobre el lado de la calle,Ninguna,Atardecer,Despejado,No,NO APLICA,99,99,99,99,1,27/10/2022,2
6,California,62339,0,0,2,0,57,NEVADA (57),0,NO APLICA,11,Noviembre,10,2022,22,8,CR-ROUGH AND READY HWY,4,Calle del Condado,Rural,Colector Mayor,County Highway Agency,0,Sin jurisdiccion especial,44,39.22961389,-121.1000139,Vehiculo en movimiento,Frente a Detrás,Not an Intersection,No fue interseccion,Sobre calle,Ninguna,Oscuro con iluminacion,Despejado,No,NO APLICA,99,99,99,99,1,10/11/2022,2
6,California,62340,0,0,2,1,19,FRESNO (19),0,NO APLICA,12,Diciembre,4,2022,3,20,LATONIA ST,8,Otro,Rural,Colector Mayor,County Highway Agency,0,Sin jurisdiccion especial,99998,36.43110278,-119.6925333,Poste de Señal de trafico,El primer evento no fue una colision con un vehiculo automotor en transporte,Not an Intersection,No fue interseccion,Sobre el lado de la calle,Ninguna,Oscuro sin iluminacion,lluvia,No,NO APLICA,99,99,99,99,1,04/12/2022,1
6,California,62341,1,1,1,0,37,LOS ANGELES (37),1980,LOS ANGELES,12,Diciembre,9,2022,0,45,I-110,1,Interestatal,Urbano,Arterial Principal -Freeway o ExpressWay,State Highway Agency,1,Sin jurisdiccion especial,230,34.05503333,-118.2565639,Ciclista,El primer evento no fue una colision con un vehiculo automotor en transporte,Not an Intersection,No fue interseccion,Sobre calle,Ninguna,Oscuro sin iluminacion,Despejado,No,NO APLICA,99,99,99,99,1,09/12/2022,1
6,California,62342,0,0,2,1,37,LOS ANGELES (37),0,NO APLICA,12,Diciembre,29,2022,1,55,CALDWELL ST,8,Otro,Urbano,Local,County Highway Agency,0,Sin jurisdiccion especial,99998,34.03751944,-117.93795,Otra no colicion,El primer evento no fue una colision con un vehiculo automotor en transporte,Four-Way Intersection,Interseccion de 4 direcciones,Sobre el lado de la calle,Ninguna,Oscuro sin iluminacion,Nublado,No,NO APLICA,99,99,99,99,1,29/12/2022,1
6,California,62343,0,0,1,0,81,SAN MATEO (81),3390,SAN MATEO,12,Diciembre,31,2022,17,38,SR-82 S EL CAMINO REAL,3,Highway estatal,Urbano,Arteria Principal,State Highway Agency,1,Sin jurisdiccion especial,87,37.53045278,-122.2891194,Banqueta,El primer evento no fue una colision con un vehiculo automotor en transporte,Four-Way Intersection,Interseccion de 4 direcciones,Sobre el lado de la calle,Ninguna,Oscuro con iluminacion,lluvia,No,NO APLICA,99,99,99,99,1,31/12/2022,1
6,California,62344,0,0,1,0,85,SANTA CLARA (85),0,NO APLICA,7,Julio,5,2022,9,40,SR-35 SKYLINE BLVD,3,Highway estatal,Rural,Colector Mayor,State Highway Agency,0,Sin jurisdiccion especial,130,37.24561667,-122.1102583,Piedrotototota,El primer evento no fue una colision con un vehiculo automotor en transporte,Not an Intersection,No fue interseccion,Sobre el lado de la calle,Ninguna,Dia total,Despejado,No,NO APLICA,99,99,99,99,1,05/07/2022,1
6,California,62345,0,0,2,0,77,SAN JOAQUIN (77),0,NO APLICA,12,Diciembre,27,2022,17,28,SR-99,3,Highway estatal,Urbano,Arterial Principal -Freeway o ExpressWay,State Highway Agency,1,Sin jurisdiccion especial,207,37.98936111,-121.2516556,Vehiculo en movimiento,Angulo,Not an Intersection,No fue interseccion,Sobre calle,Ninguna,Oscuro sin iluminacion,Nublado,No,NO APLICA,99,99,99,99,1,27/12/2022,2
6,California,62346,0,0,1,0,59,ORANGE (59),4130,WESTMINSTER,8,Agosto,1,2022,9,16,SR-39 BEACH BLVD,3,Highway estatal,Urbano,Arteria Principal,State Highway Agency,1,Sin jurisdiccion especial,67,33.74488056,-117.9893083,Banqueta,El primer evento no fue una colision con un vehiculo automotor en transporte,Four-Way Intersection,Interseccion de 4 direcciones,Sobre el lado de la calle,Ninguna,Dia total,Despejado,No,NO APLICA,99,99,99,99,1,01/08/2022,1
6,California,62347,0,0,3,2,37,LOS ANGELES (37),0,NO APLICA,12,Diciembre,3,2022,7,25,GRAND AVE,9,Desconocido,Rural,Arteria Principal,Not Reported,0,Sin jurisdiccion especial,99998,34.068075,-117.8718389,Banqueta,El primer evento no fue una colision con un vehiculo automotor en transporte,Not an Intersection,No fue interseccion,Sobre el lado de la calle,Ninguna,Dia total,Despejado,No,NO APLICA,99,99,99,99,2,03/12/2022,4
6,California,62348,0,0,1,0,85,SANTA CLARA (85),0,NO APLICA,12,Diciembre,29,2022,1,13,SR-152,3,Highway estatal,Rural,Arteria Principal,State Highway Agency,1,Sin jurisdiccion especial,275,37.02417778,-121.3280417,Valla Ferrocarril,El primer evento no fue una colision con un vehiculo automotor en transporte,Not an Intersection,No fue interseccion,Sobre el lado de la calle,Ninguna,Oscuro sin iluminacion,lluvia,No,NO APLICA,1,99,1,99,1,29/12/2022,2
6,California,62349,0,0,1,0,71,SAN BERNARDINO (71),2922,RANCHO CUCAMONGA,5,Mayo,1,2022,19,5,I-15 RAMP,1,Interestatal,Urbano,Interestatal,State Highway Agency,1,Sin jurisdiccion especial,80,34.13440278,-117.4971389,Volcadura,El primer evento no fue una colision con un vehiculo automotor en transporte,Not an Intersection,No fue interseccion,Sobre calle,Ninguna,Atardecer,Despejado,No,NO APLICA,99,99,99,99,1,01/05/2022,2
6,California,62350,0,0,3,0,23,HUMBOLDT (23),0,NO APLICA,6,Junio,13,2022,16,28,US-101,2,US Highway,Rural,Arteria Principal,State Highway Agency,1,Sin jurisdiccion especial,293,40.28114722,-123.8872306,Vehiculo en movimiento,Frente a frente,Not an Intersection,No fue interseccion,Sobre calle,Ninguna,Dia total,Nublado,No,NO APLICA,99,99,99,99,2,13/06/2022,3
6,California,62351,0,0,1,0,29,KERN (29),0,NO APLICA,10,Octubre,16,2022,22,9,VINELAND RD,8,Otro,Urbano,Local,County Highway Agency,0,Sin jurisdiccion especial,99998,35.23980278,-118.89635,Arbol,El primer evento no fue una colision con un vehiculo automotor en transporte,Not an Intersection,No fue interseccion,Sobre el lado de la calle,Ninguna,Oscuro sin iluminacion,Despejado,No,NO APLICA,22,99,22,99,2,16/10/2022,2
6,California,62352,1,1,1,0,37,LOS ANGELES (37),1871,LAWNDALE,4,Abril,21,2022,0,27,MANHATTAN BEACH BL,9,Desconocido,Urbano,Arteria Principal,City or Municipal Highway Agency,1,Sin jurisdiccion especial,99998,33.88738889,-118.3471028,Peaton,El primer evento no fue una colision con un vehiculo automotor en transporte,Not an Intersection,No fue interseccion,Sobre calle,Ninguna,Oscuro con iluminacion,Despejado,No,NO APLICA,99,99,99,99,1,21/04/2022,1
6,California,62353,0,0,1,0,71,SAN BERNARDINO (71),115,APPLE VALLEY,4,Abril,8,2022,23,10,CENTRAL RD,9,Desconocido,Urbano,Arteria Menor,Not Reported,0,Sin jurisdiccion especial,0,34.55686389,-117.1717306,Barda,El primer evento no fue una colision con un vehiculo automotor en transporte,Four-Way Intersection,Interseccion de 4 direcciones,Sobre el lado de la calle,Ninguna,Oscuro con iluminacion,Despejado,No,NO APLICA,23,22,23,28,1,08/04/2022,2
6,California,62354,1,1,1,0,65,RIVERSIDE (65),3070,RIVERSIDE,4,Abril,21,2022,20,23,IOWA AV,8,Otro,Urbano,Arteria Menor,City or Municipal Highway Agency,0,Sin jurisdiccion especial,99998,33.98248611,-117.3399528,Peaton,El primer evento no fue una colision con un vehiculo automotor en transporte,Not an Intersection,No fue interseccion,Sobre calle,Ninguna,Oscuro con iluminacion,Despejado,No,NO APLICA,99,99,99,99,1,21/04/2022,2
6,California,62355,2,2,3,0,85,SANTA CLARA (85),3790,SUNNYVALE,7,Julio,16,2022,2,47,US-101,2,US Highway,Urbano,Arterial Principal -Freeway o ExpressWay,State Highway Agency,1,Sin jurisdiccion especial,3952,37.3988,-122.02735,Vehiculo en movimiento,Golpe Lateral - direccion contraria,Not an Intersection,No fue interseccion,Sobre calle,Ninguna,Oscuro con iluminacion,Despejado,No,NO APLICA,2,99,99,99,2,16/07/2022,2
6,California,62356,1,1,2,0,73,SAN DIEGO (73),3260,SAN DIEGO,10,Octubre,18,2022,0,45,SR-94,3,Highway estatal,Rural,Arterial Principal -Freeway o ExpressWay,State Highway Agency,1,Sin jurisdiccion especial,62,32.72765,-117.0700667,Peaton,El primer evento no fue una colision con un vehiculo automotor en transporte,Not an Intersection,No fue interseccion,Sobre calle,Ninguna,Oscuro sin iluminacion,Despejado,No,NO APLICA,99,99,99,99,1,18/10/2022,2
6,California,62357,0,0,2,0,73,SAN DIEGO (73),0,NO APLICA,4,Abril,17,2022,15,32,SAPOTA DR,8,Otro,Urbano,Local,County Highway Agency,0,Sin jurisdiccion especial,99998,32.8311,-116.9324472,Vehiculo en movimiento,Frente a frente,T-Intersection,Interseccion de T,Sobre calle,Ninguna,Dia total,Despejado,No,NO APLICA,15,99,15,99,1,17/04/2022,2
6,California,62358,0,1,2,1,67,SACRAMENTO (67),1390,GALT,5,Mayo,19,2022,11,50,SR-99,3,Highway estatal,Urbano,Arterial Principal -Freeway o ExpressWay,State Highway Agency,1,Sin jurisdiccion especial,12,38.26013056,-121.297025,Vehiculo Aparcado,El primer evento no fue una colision con un vehiculo automotor en transporte,Not an Intersection,No fue interseccion,Sobre Acotamiento,Ninguna,Dia total,Despejado,No,NO APLICA,11,99,11,99,1,19/05/2022,1
6,California,62359,0,0,1,0,71,SAN BERNARDINO (71),4290,YUCAIPA,6,Junio,19,2022,1,30,I-10,1,Interestatal,Urbano,Interestatal,State Highway Agency,1,Sin jurisdiccion especial,351,34.02783889,-117.1263528,Valla Ferrocarril,El primer evento no fue una colision con un vehiculo automotor en transporte,Not an Intersection,No fue interseccion,Sobre el lado de la calle,Ninguna,Oscuro con iluminacion,Despejado,No,NO APLICA,1,99,1,99,1,19/06/2022,2
6,California,62360,1,1,1,0,71,SAN BERNARDINO (71),0,NO APLICA,9,Septiembre,20,2022,23,25,I-15,1,Interestatal,Rural,Interestatal,State Highway Agency,1,Sin jurisdiccion especial,1295,34.30158056,-117.4600083,Peaton,El primer evento no fue una colision con un vehiculo automotor en transporte,Not an Intersection,No fue interseccion,Sobre calle,Ninguna,Oscuro sin iluminacion,Despejado,No,NO APLICA,99,99,99,99,1,20/09/2022,1
6,California,62361,0,0,4,0,83,SANTA BARBARA (83),3430,SANTA BARBARA,8,Agosto,31,2022,9,59,US-101,2,US Highway,Urbano,Arterial Principal -Freeway o ExpressWay,State Highway Agency,1,Sin jurisdiccion especial,118,34.42303333,-119.6603583,Vehiculo en movimiento,Frente a Detrás,Not an Intersection,No fue interseccion,Sobre calle,Ninguna,Dia total,Despejado,No,NO APLICA,99,99,99,99,1,31/08/2022,5
6,California,62362,0,0,1,0,65,RIVERSIDE (65),0,NO APLICA,5,Mayo,27,2022,20,0,5TH ST,8,Otro,Urbano,Local,County Highway Agency,0,Sin jurisdiccion especial,324,33.82800278,-117.1070611,Otro objeto (fijo),El primer evento no fue una colision con un vehiculo automotor en transporte,L-Intersection,Interseccion en L,Sobre el lado de la calle,Ninguna,Oscuro sin iluminacion,Despejado,No,NO APLICA,99,99,99,99,1,27/05/2022,2
6,California,62363,1,1,1,0,65,RIVERSIDE (65),0,NO APLICA,6,Junio,8,2022,11,25,CLARK ST,8,Otro,Urbano,Colector Mayor,County Highway Agency,0,Sin jurisdiccion especial,99998,33.83692222,-117.2876889,Ciclista,El primer evento no fue una colision con un vehiculo automotor en transporte,Not an Intersection,No fue interseccion,Sobre calle,Ninguna,Dia total,Despejado,No,NO APLICA,99,99,99,99,1,08/06/2022,2
6,California,62364,1,1,1,0,71,SAN BERNARDINO (71),790,COLTON,7,Julio,21,2022,21,21,I-10,1,Interestatal,Urbano,Interestatal,State Highway Agency,1,Sin jurisdiccion especial,246,34.063375,-117.2906222,Peaton,El primer evento no fue una colision con un vehiculo automotor en transporte,Not an Intersection,No fue interseccion,Sobre calle,Ninguna,Oscuro sin iluminacion,Despejado,No,NO APLICA,21,99,21,99,1,21/07/2022,1
6,California,62365,0,0,2,0,71,SAN BERNARDINO (71),0,NO APLICA,10,Octubre,13,2022,14,35,SR-18 W BIG BEAR BLVD,3,Highway estatal,Urbano,Arteria Menor,State Highway Agency,0,Sin jurisdiccion especial,536,34.26109722,-116.8510278,Vehiculo en movimiento,Frente a frente,Not an Intersection,No fue interseccion,Sobre calle,Ninguna,Dia total,Despejado,No,NO APLICA,99,99,99,99,1,13/10/2022,3
6,California,62366,1,1,1,0,71,SAN BERNARDINO (71),0,NO APLICA,10,Octubre,26,2022,20,16,PHELAN RD,8,Otro,Rural,Colector Mayor,County Highway Agency,0,Sin jurisdiccion especial,99998,34.42654167,-117.4853917,Peaton,El primer evento no fue una colision con un vehiculo automotor en transporte,Not an Intersection,No fue interseccion,Sobre calle,Ninguna,Oscuro sin iluminacion,Despejado,No,NO APLICA,20,99,20,99,1,26/10/2022,1
6,California,62367,0,0,1,0,69,SAN BENITO (69),0,NO APLICA,12,Diciembre,2,2022,21,45,CR-LITTLE PANOCHE RD,4,Calle del Condado,Rural,Colector Mayor,County Highway Agency,0,Sin jurisdiccion especial,99998,36.666725,-120.8694972,Piedrotototota,El primer evento no fue una colision con un vehiculo automotor en transporte,Not an Intersection,No fue interseccion,Sobre el lado de la calle,Ninguna,Oscuro sin iluminacion,Despejado,No,NO APLICA,21,56,99,99,1,02/12/2022,2
6,California,62369,0,0,5,0,65,RIVERSIDE (65),0,NO APLICA,6,Junio,18,2022,0,55,I-15,1,Interestatal,Urbano,Interestatal,State Highway Agency,1,Sin jurisdiccion especial,122,33.58144722,-117.2276417,Vehiculo en movimiento,Frente a Detrás,Not an Intersection,No fue interseccion,Sobre calle,Construccion,Oscuro sin iluminacion,Despejado,No,NO APLICA,99,99,99,99,1,18/06/2022,11
6,California,62370,0,0,1,0,71,SAN BERNARDINO (71),3000,RIALTO,7,Julio,11,2022,22,24,SR-210,3,Highway estatal,Urbano,Arterial Principal -Freeway o ExpressWay,State Highway Agency,1,Sin jurisdiccion especial,165,34.13605833,-117.4086639,Banqueta,El primer evento no fue una colision con un vehiculo automotor en transporte,Not an Intersection,No fue interseccion,Sobre el lado de la calle,Ninguna,Oscuro sin iluminacion,Despejado,No,NO APLICA,22,99,22,99,1,11/07/2022,4
6,California,62371,0,0,1,0,73,SAN DIEGO (73),0,NO APLICA,7,Julio,23,2022,99,99,SHOCKEY TRUCK TRAIL,8,Otro,Trafficway Not in State Inventory,Via no en inventario estatal,Trafficway Not in State Inventory,0,Servicio de Parques Nacional,99998,32.60780278,-116.3973639,Volcadura,El primer evento no fue una colision con un vehiculo automotor en transporte,Not an Intersection,No fue interseccion,Sobre el lado de la calle,Ninguna,Oscuro sin iluminacion,Nublado,No,NO APLICA,6,99,6,99,1,23/07/2022,1