Estado,Nombre de Estado,Numero de Caso,Peatones,Personas _no_vehiculos,Vehiculos automotores,Vehiculos estacionados,Condado,Nombre Condado,Ciudad,Nombre Ciudad,Mes,Nombre Mes,Dia,Año,Hora,Minuto,Calle,Ruta,Nombre Ruta,Rural o Urbanoo,Sistema Funcional,Dueño Calle,Sistema Nacional Carreteras,Jurisdiccion Especial,Milla,Latitud,Longitud,Causa del Accidente,Tipo de Accidente,Tipo Interseccion,Columna1,Lugar en la calle,Zona de Trabajo,Luz,Clima,Autobus Escolar,Cruce de Trenes,Hora Notificacion,Minuto Notificacion,Hora Llegada,Minuto Llegada,Decesos,Fecha,PersonaVehiculo
6,California,62796,0,0,3,0,37,LOS ANGELES (37),1045,DOWNEY,4,Abril,20,2022,8,25,FLORENCE AVE,8,Otro,Urbano,Arteria Principal,City or Municipal Highway Agency,1,Sin jurisdiccion especial,99998,33.944175,-118.1108,Vehiculo en movimiento,Frente a Detrás,T-Intersection,Interseccion de T,Sobre calle,Ninguna,Dia total,Despejado,No,NO APLICA,99,99,99,99,1,20/04/2022,4
6,California,62797,1,1,1,0,71,SAN BERNARDINO (71),3210,SAN BERNARDINO,5,Mayo,10,2022,20,56,E HIGHLAND AVE,8,Otro,Urbano,Arteria Menor,City or Municipal Highway Agency,0,Sin jurisdiccion especial,99998,34.135875,-117.2729583,Peaton,El primer evento no fue una colision con un vehiculo automotor en transporte,Not an Intersection,No fue interseccion,Sobre calle,Ninguna,Oscuro con iluminacion,Despejado,No,NO APLICA,99,99,99,99,1,10/05/2022,1
6,California,62798,0,0,2,0,67,SACRAMENTO (67),2934,RANCHO CORDOVA,5,Mayo,20,2022,5,0,SUNRISE BL,8,Otro,Urbano,Arteria Principal,City or Municipal Highway Agency,1,Sin jurisdiccion especial,99998,38.57453889,-121.2579889,Vehiculo en movimiento,Frente a Detrás,Not an Intersection,No fue interseccion,Sobre calle,Ninguna,Amanecer,Despejado,No,NO APLICA,99,99,99,99,1,20/05/2022,2
6,California,62799,0,0,1,0,67,SACRAMENTO (67),2934,RANCHO CORDOVA,6,Junio,18,2022,1,50,SUNRISE BL,8,Otro,Urbano,Arteria Principal,County Highway Agency,0,Sin jurisdiccion especial,99998,38.62782222,-121.2659889,Arbol,El primer evento no fue una colision con un vehiculo automotor en transporte,T-Intersection,Interseccion de T,Sobre el lado de la calle,Ninguna,Oscuro con iluminacion,Despejado,No,NO APLICA,99,99,99,99,1,18/06/2022,2
6,California,62800,1,1,1,0,67,SACRAMENTO (67),2934,RANCHO CORDOVA,9,Septiembre,8,2022,4,51,COLMA RD,8,Otro,Urbano,Arteria Menor,Not Reported,0,Sin jurisdiccion especial,99998,38.612125,-121.2901361,Peaton,El primer evento no fue una colision con un vehiculo automotor en transporte,Not an Intersection,No fue interseccion,Sobre calle,Ninguna,Oscuro con iluminacion,Despejado,No,NO APLICA,99,99,99,99,1,08/09/2022,1
6,California,62801,1,1,1,0,67,SACRAMENTO (67),3150,SACRAMENTO,12,Diciembre,23,2022,18,53,US-50 RAMP,2,US Highway,Urbano,Arterial Principal -Freeway o ExpressWay,State Highway Agency,1,Sin jurisdiccion especial,125,38.61165278,-121.2705167,Ciclista,El primer evento no fue una colision con un vehiculo automotor en transporte,Not an Intersection,No fue interseccion,Sobre calle,Ninguna,Oscuro - iluminacion desconocida,Despejado,No,NO APLICA,99,99,99,99,1,23/12/2022,1
6,California,62802,1,1,1,0,111,VENTURA (111),3860,THOUSAND OAKS,6,Junio,7,2022,20,40,THOUSAND OAKS BLVD,8,Otro,Urbano,Arteria Principal,City or Municipal Highway Agency,0,Sin jurisdiccion especial,99998,34.17926389,-118.8649778,Peaton,El primer evento no fue una colision con un vehiculo automotor en transporte,Not an Intersection,No fue interseccion,Sobre calle,Ninguna,Oscuro con iluminacion,Despejado,No,NO APLICA,99,99,99,99,1,07/06/2022,1
6,California,62803,0,0,1,0,97,SONOMA (97),2740,PETALUMA,6,Junio,19,2022,20,2,W PAYRAN ST,8,Otro,Urbano,Arteria Principal,City or Municipal Highway Agency,0,Sin jurisdiccion especial,99998,38.24496667,-122.6427861,Banqueta,El primer evento no fue una colision con un vehiculo automotor en transporte,Not an Intersection,No fue interseccion,En el medio,Ninguna,Atardecer,Despejado,No,NO APLICA,20,99,20,7,1,19/06/2022,1
6,California,62804,0,0,2,0,71,SAN BERNARDINO (71),4000,UPLAND,12,Diciembre,11,2022,5,21,SR-210 FOOTHILL FWY,3,Highway estatal,Urbano,Arterial Principal -Freeway o ExpressWay,State Highway Agency,1,Sin jurisdiccion especial,13,34.13473611,-117.6723889,Vehiculo en movimiento,Angulo,Not an Intersection,No fue interseccion,Sobre calle,Ninguna,Oscuro con iluminacion,lluvia,No,NO APLICA,5,99,5,99,1,11/12/2022,3
6,California,62805,0,0,2,0,33,LAKE (33),0,NO APLICA,4,Abril,8,2022,17,18,SR-29,3,Highway estatal,Rural,Arteria Menor,State Highway Agency,0,Sin jurisdiccion especial,82,38.774175,-122.5832833,Vehiculo en movimiento,Angulo,Not an Intersection,No fue interseccion,Sobre calle,Ninguna,Dia total,Despejado,No,NO APLICA,17,21,99,99,1,08/04/2022,2
6,California,62806,1,1,1,0,33,LAKE (33),0,NO APLICA,6,Junio,19,2022,0,10,SR-20,3,Highway estatal,Urbano,Arteria Principal,State Highway Agency,1,Sin jurisdiccion especial,133,39.12279167,-122.8522639,Peaton,El primer evento no fue una colision con un vehiculo automotor en transporte,Not an Intersection,No fue interseccion,Sobre Acotamiento,Ninguna,Oscuro sin iluminacion,Despejado,No,NO APLICA,99,99,99,99,1,19/06/2022,1
6,California,62807,0,0,1,0,67,SACRAMENTO (67),0,NO APLICA,10,Octubre,9,2022,14,13,SR-104,3,Highway estatal,Rural,Colector Mayor,State Highway Agency,0,Sin jurisdiccion especial,124,38.35082222,-121.1088167,Barda,El primer evento no fue una colision con un vehiculo automotor en transporte,Not an Intersection,No fue interseccion,Sobre el lado de la calle,Ninguna,Dia total,Despejado,No,NO APLICA,99,99,99,99,1,09/10/2022,1
6,California,62808,1,1,1,0,67,SACRAMENTO (67),3150,SACRAMENTO,11,Noviembre,23,2022,0,10,I-5,1,Interestatal,Urbano,Interestatal,State Highway Agency,1,Sin jurisdiccion especial,5192,38.58727778,-121.5032694,Peaton,El primer evento no fue una colision con un vehiculo automotor en transporte,Not an Intersection,No fue interseccion,Sobre calle,Ninguna,Oscuro con iluminacion,Despejado,No,NO APLICA,0,99,0,99,1,23/11/2022,1
6,California,62809,0,0,2,0,67,SACRAMENTO (67),3150,SACRAMENTO,5,Mayo,15,2022,6,39,ELDER CREEK RD,8,Otro,Urbano,Arteria Principal,City or Municipal Highway Agency,0,Sin jurisdiccion especial,99998,38.51064444,-121.3905278,Vehiculo en movimiento,Angulo,Four-Way Intersection,Interseccion de 4 direcciones,Sobre calle,Ninguna,Dia total,Despejado,No,NO APLICA,99,99,99,99,1,15/05/2022,4
6,California,62810,0,0,4,0,71,SAN BERNARDINO (71),2238,MONTCLAIR,5,Mayo,17,2022,6,57,MISSION BLVD,8,Otro,Urbano,Arteria Principal,City or Municipal Highway Agency,1,Sin jurisdiccion especial,99998,34.05583056,-117.6982222,Vehiculo en movimiento,Angulo,Four-Way Intersection,Interseccion de 4 direcciones,Sobre calle,Ninguna,Dia total,Nublado,No,NO APLICA,99,99,99,99,1,17/05/2022,8
6,California,62811,1,1,1,0,5,AMADOR (5),3810,SUTTER CREEK,5,Mayo,17,2022,20,35,SR-49,3,Highway estatal,Rural,Arteria Principal,State Highway Agency,1,Sin jurisdiccion especial,72,38.38182222,-120.8057861,Ciclista,El primer evento no fue una colision con un vehiculo automotor en transporte,Four-Way Intersection,Interseccion de 4 direcciones,Sobre calle,Ninguna,Oscuro con iluminacion,Despejado,No,NO APLICA,99,99,99,99,1,17/05/2022,1
6,California,62812,0,0,1,0,37,LOS ANGELES (37),306,BELL GARDENS,5,Mayo,18,2022,0,33,FLORENCE AVE,8,Otro,Urbano,Arteria Principal,City or Municipal Highway Agency,1,Sin jurisdiccion especial,99998,33.96631111,-118.1531861,Banqueta,El primer evento no fue una colision con un vehiculo automotor en transporte,Not an Intersection,No fue interseccion,En el medio,Ninguna,Oscuro con iluminacion,Despejado,No,NO APLICA,99,99,99,99,1,18/05/2022,1
6,California,62813,1,1,1,0,19,FRESNO (19),3590,SELMA,5,Mayo,18,2022,2,23,GOLDEN STATE BLVD,8,Otro,Urbano,Arteria Menor,County Highway Agency,0,Sin jurisdiccion especial,99998,36.59206389,-119.6403889,Peaton,El primer evento no fue una colision con un vehiculo automotor en transporte,Not an Intersection,No fue interseccion,Sobre calle,Ninguna,Oscuro sin iluminacion,Despejado,No,NO APLICA,99,99,99,99,1,18/05/2022,1
6,California,62814,1,1,1,0,37,LOS ANGELES (37),1980,LOS ANGELES,5,Mayo,18,2022,21,10,FIGUEROA ST,8,Otro,Urbano,Arteria Principal,City or Municipal Highway Agency,1,Sin jurisdiccion especial,99998,34.05448056,-118.2550611,Peaton,El primer evento no fue una colision con un vehiculo automotor en transporte,Not an Intersection,No fue interseccion,Sobre calle,Ninguna,Oscuro - iluminacion desconocida,Despejado,No,NO APLICA,99,99,99,99,1,18/05/2022,1
6,California,62815,0,0,2,0,37,LOS ANGELES (37),1980,LOS ANGELES,5,Mayo,18,2022,22,45,SAN FERNANDO RD,8,Otro,Urbano,Arteria Principal,City or Municipal Highway Agency,1,Sin jurisdiccion especial,99998,34.2337,-118.3878,Vehiculo en movimiento,Angulo,T-Intersection,Interseccion de T,Sobre calle,Ninguna,Oscuro con iluminacion,Despejado,No,NO APLICA,99,99,99,99,1,18/05/2022,2
6,California,62816,1,1,1,0,67,SACRAMENTO (67),0,NO APLICA,11,Noviembre,29,2022,6,24,WALERGA RD,8,Otro,Urbano,Arteria Menor,County Highway Agency,0,Sin jurisdiccion especial,99998,38.70926389,-121.3633222,Peaton,El primer evento no fue una colision con un vehiculo automotor en transporte,Not an Intersection,No fue interseccion,Sobre calle,Ninguna,Oscuro con iluminacion,Despejado,No,NO APLICA,99,99,99,99,1,29/11/2022,1
6,California,62817,1,1,1,0,71,SAN BERNARDINO (71),0,NO APLICA,9,Septiembre,26,2022,10,30,LIVE OAK AVE,8,Otro,Urbano,Colector Mayor,County Highway Agency,0,Sin jurisdiccion especial,99998,34.07736944,-117.4798111,Peaton,El primer evento no fue una colision con un vehiculo automotor en transporte,Four-Way Intersection,Interseccion de 4 direcciones,Sobre calle,Ninguna,Dia total,Despejado,No,NO APLICA,10,38,99,99,1,26/09/2022,3
6,California,62818,1,1,1,0,59,ORANGE (59),470,BUENA PARK,12,Diciembre,25,2022,4,35,I-5,1,Interestatal,Urbano,Interestatal,State Highway Agency,1,Sin jurisdiccion especial,428,33.86076944,-117.9883639,Peaton,El primer evento no fue una colision con un vehiculo automotor en transporte,Not an Intersection,No fue interseccion,Sobre calle,Ninguna,Oscuro con iluminacion,Despejado,No,NO APLICA,4,99,4,99,1,25/12/2022,1
6,California,62819,0,0,1,0,73,SAN DIEGO (73),3260,SAN DIEGO,11,Noviembre,3,2022,15,27,SR-15,3,Highway estatal,Urbano,Arterial Principal -Freeway o ExpressWay,State Highway Agency,1,Sin jurisdiccion especial,30,32.73276389,-117.1118278,Valla Ferrocarril,El primer evento no fue una colision con un vehiculo automotor en transporte,Not an Intersection,No fue interseccion,En el medio,Ninguna,Dia total,Nublado,No,NO APLICA,15,99,15,99,1,03/11/2022,1
6,California,62820,0,0,2,0,19,FRESNO (19),0,NO APLICA,12,Diciembre,13,2022,14,35,SR-33,3,Highway estatal,Urbano,Arteria Menor,State Highway Agency,0,Sin jurisdiccion especial,594,36.72015833,-120.3871972,Vehiculo en movimiento,Angulo,Four-Way Intersection,Interseccion de 4 direcciones,Sobre calle,Ninguna,Dia total,Despejado,Yes,NO APLICA,99,99,99,99,1,13/12/2022,8
6,California,62821,0,0,1,0,73,SAN DIEGO (73),1080,EL CAJON,5,Mayo,18,2022,22,50,ARNELE AVE,8,Otro,Urbano,Local,City or Municipal Highway Agency,0,Sin jurisdiccion especial,99998,32.80390556,-116.9757639,Banqueta,El primer evento no fue una colision con un vehiculo automotor en transporte,Four-Way Intersection,Interseccion de 4 direcciones,Sobre el lado de la calle,Ninguna,Oscuro con iluminacion,Despejado,No,976632E,22,50,22,52,1,18/05/2022,2
6,California,62822,1,1,1,0,71,SAN BERNARDINO (71),2922,RANCHO CUCAMONGA,5,Mayo,19,2022,4,39,FOURTH ST,8,Otro,Urbano,Arteria Principal,City or Municipal Highway Agency,1,Sin jurisdiccion especial,99998,34.0774,-117.5642972,Peaton,El primer evento no fue una colision con un vehiculo automotor en transporte,Not an Intersection,No fue interseccion,Sobre calle,Ninguna,Oscuro con iluminacion,Despejado,No,NO APLICA,4,99,4,99,1,19/05/2022,1
6,California,62823,1,1,1,0,59,ORANGE (59),3760,STANTON,1,Enero,16,2022,2,45,SR-39 BEACH BLVD,3,Highway estatal,Urbano,Arteria Principal,State Highway Agency,1,Sin jurisdiccion especial,91,33.78098056,-117.9927111,Peaton,El primer evento no fue una colision con un vehiculo automotor en transporte,Four-Way Intersection,Interseccion de 4 direcciones,Sobre calle,Ninguna,Oscuro con iluminacion,Despejado,No,NO APLICA,99,99,99,99,1,16/01/2022,1
6,California,62824,0,0,1,0,21,GLENN (21),0,NO APLICA,8,Agosto,3,2022,12,40,I-5,1,Interestatal,Rural,Interestatal,State Highway Agency,1,Sin jurisdiccion especial,227,39.71103333,-122.2060361,Volcadura,El primer evento no fue una colision con un vehiculo automotor en transporte,Not an Intersection,No fue interseccion,Sobre el lado de la calle,Ninguna,Dia total,Despejado,No,NO APLICA,12,99,12,99,1,03/08/2022,2
6,California,62825,0,0,2,0,67,SACRAMENTO (67),0,NO APLICA,11,Noviembre,12,2022,4,45,S WATT AVE,8,Otro,Urbano,Arteria Principal,County Highway Agency,0,Sin jurisdiccion especial,99998,38.52207222,-121.3698306,Vehiculo en movimiento,Frente a frente,Four-Way Intersection,Interseccion de 4 direcciones,Sobre calle,Ninguna,Oscuro sin iluminacion,Despejado,No,NO APLICA,99,99,99,99,1,12/11/2022,2
6,California,62826,1,1,1,0,73,SAN DIEGO (73),3260,SAN DIEGO,10,Octubre,23,2022,19,47,I-805,1,Interestatal,Urbano,Interestatal,State Highway Agency,1,Sin jurisdiccion especial,22,32.57425278,-117.0389722,Peaton,El primer evento no fue una colision con un vehiculo automotor en transporte,Not an Intersection,No fue interseccion,Sobre calle,Ninguna,Oscuro con iluminacion,Nublado,No,NO APLICA,99,99,99,99,1,23/10/2022,4
6,California,62827,0,0,3,0,73,SAN DIEGO (73),0,NO APLICA,11,Noviembre,10,2022,16,0,SR-94,3,Highway estatal,Rural,Arteria Principal,State Highway Agency,1,Sin jurisdiccion especial,176,32.72815833,-116.9039167,Vehiculo en movimiento,Frente a Detrás,T-Intersection,Interseccion de T,Sobre calle,Ninguna,Dia total,Despejado,No,NO APLICA,16,99,16,99,1,10/11/2022,4
6,California,62828,0,0,1,0,37,LOS ANGELES (37),1980,LOS ANGELES,9,Septiembre,29,2022,16,55,SR-2 ANGELES CREST HWY,3,Highway estatal,Rural,Arteria Menor,State Highway Agency,0,Sin jurisdiccion especial,307,34.26028056,-118.1899806,Acotamiento,El primer evento no fue una colision con un vehiculo automotor en transporte,Not an Intersection,No fue interseccion,Sobre el lado de la calle,Ninguna,Dia total,Despejado,No,NO APLICA,99,99,99,99,1,29/09/2022,1
6,California,62829,2,3,2,1,37,LOS ANGELES (37),1980,LOS ANGELES,12,Diciembre,22,2022,0,25,I-210 FOOTHILL FWY,1,Interestatal,Urbano,Interestatal,State Highway Agency,1,Sin jurisdiccion especial,64,34.28323611,-118.4021639,Peaton,El primer evento no fue una colision con un vehiculo automotor en transporte,Not an Intersection,No fue interseccion,Sobre Acotamiento,"Zona de trabajo, tipo desconocido",Oscuro con iluminacion,Despejado,No,NO APLICA,99,99,99,99,1,22/12/2022,1
6,California,62830,0,0,2,0,37,LOS ANGELES (37),714,CITY OF COMMERCE,5,Mayo,19,2022,7,15,PELLISSIER PL,8,Otro,Urbano,Arteria Menor,City or Municipal Highway Agency,0,Sin jurisdiccion especial,99998,34.03190278,-118.0287611,Vehiculo en movimiento,Angulo,Not an Intersection,No fue interseccion,Sobre calle,Ninguna,Dia total,Despejado,No,NO APLICA,99,99,99,99,1,19/05/2022,2
6,California,62831,0,0,2,0,71,SAN BERNARDINO (71),1605,HIGHLAND,5,Mayo,19,2022,16,49,13TH ST,8,Otro,Urbano,Local,City or Municipal Highway Agency,0,Sin jurisdiccion especial,99998,34.122975,-117.2154861,Vehiculo en movimiento,Angulo,T-Intersection,Interseccion de T,Sobre calle,Ninguna,Dia total,Despejado,No,NO APLICA,99,99,99,99,1,19/05/2022,7
6,California,62832,0,0,2,0,77,SAN JOAQUIN (77),0,NO APLICA,12,Diciembre,14,2022,5,10,MARIPOSA RD,8,Otro,Rural,Colector Mayor,County Highway Agency,0,Sin jurisdiccion especial,99998,37.912825,-121.1794306,Vehiculo en movimiento,Golpe Lateral - direccion contraria,Not an Intersection,No fue interseccion,Sobre calle,Ninguna,Oscuro con iluminacion,Despejado,No,NO APLICA,5,99,5,99,2,14/12/2022,2
6,California,62833,0,0,1,0,71,SAN BERNARDINO (71),3210,SAN BERNARDINO,4,Abril,17,2022,0,47,E 9TH ST,8,Otro,Urbano,Arteria Menor,City or Municipal Highway Agency,0,Sin jurisdiccion especial,99998,34.11575833,-117.2681306,Hidrante,El primer evento no fue una colision con un vehiculo automotor en transporte,T-Intersection,Interseccion de T,Sobre el lado de la calle,Ninguna,Oscuro con iluminacion,Despejado,No,NO APLICA,99,99,99,99,1,17/04/2022,1
6,California,62834,0,0,5,0,37,LOS ANGELES (37),639,CERRITOS,9,Septiembre,27,2022,8,40,I-605,1,Interestatal,Urbano,Interestatal,State Highway Agency,1,Sin jurisdiccion especial,31,33.84934167,-118.0940528,Vehiculo en movimiento,Golpe Lateral - misma direccion,Not an Intersection,No fue interseccion,Sobre calle,Ninguna,Dia total,Despejado,No,NO APLICA,99,99,99,99,1,27/09/2022,7
6,California,62835,0,0,2,0,37,LOS ANGELES (37),1700,INGLEWOOD,4,Abril,16,2022,6,45,I-405 SAN DIEGO FREEWAY,1,Interestatal,Urbano,Interestatal,State Highway Agency,1,Sin jurisdiccion especial,222,33.94616111,-118.3684806,Vehiculo en movimiento,Frente a Detrás,Not an Intersection,No fue interseccion,Sobre calle,Ninguna,Dia total,Despejado,No,NO APLICA,99,99,99,99,1,16/04/2022,2
6,California,62836,0,0,2,0,75,SAN FRANCISCO (75),3290,SAN FRANCISCO,9,Septiembre,17,2022,5,39,I-80,1,Interestatal,Urbano,Interestatal,State Highway Agency,1,Sin jurisdiccion especial,57,37.78603056,-122.3907611,Vehiculo en movimiento,Frente a Detrás,Not an Intersection,No fue interseccion,Sobre calle,Ninguna,Oscuro sin iluminacion,Despejado,No,NO APLICA,5,99,5,99,1,17/09/2022,3
6,California,62837,1,1,1,0,67,SACRAMENTO (67),3150,SACRAMENTO,10,Octubre,31,2022,23,42,US-50,2,US Highway,Urbano,Arterial Principal -Freeway o ExpressWay,State Highway Agency,1,Sin jurisdiccion especial,42,38.55615278,-121.3993056,Peaton,El primer evento no fue una colision con un vehiculo automotor en transporte,Not an Intersection,No fue interseccion,Sobre calle,Ninguna,Oscuro sin iluminacion,Despejado,No,NO APLICA,23,99,23,99,1,31/10/2022,2
6,California,62838,0,0,1,0,37,LOS ANGELES (37),1980,LOS ANGELES,8,Agosto,28,2022,99,99,I-5 GOLDEN STATE FWY,1,Interestatal,Urbano,Interestatal,State Highway Agency,1,Sin jurisdiccion especial,356,34.23079444,-118.3976889,Poste de Señal de trafico,El primer evento no fue una colision con un vehiculo automotor en transporte,Not an Intersection,No fue interseccion,Sobre el lado de la calle,Ninguna,Oscuro con iluminacion,Despejado,No,NO APLICA,99,99,99,99,1,28/08/2022,1
6,California,62839,0,0,2,0,39,MADERA (39),0,NO APLICA,10,Octubre,5,2022,18,15,AVENUE 20,8,Otro,Rural,Colector Menor,County Highway Agency,0,Sin jurisdiccion especial,99998,37.04018889,-120.256825,Vehiculo en movimiento,Angulo,Four-Way Intersection,Interseccion de 4 direcciones,Sobre calle,Ninguna,Dia total,Despejado,No,NO APLICA,99,99,99,99,1,05/10/2022,2
6,California,62840,0,0,2,0,37,LOS ANGELES (37),1980,LOS ANGELES,12,Diciembre,11,2022,2,5,I-5,1,Interestatal,Urbano,Interestatal,State Highway Agency,1,Sin jurisdiccion especial,351,34.22705,-118.3895639,Valla Ferrocarril,El primer evento no fue una colision con un vehiculo automotor en transporte,Not an Intersection,No fue interseccion,Sobre el lado de la calle,Ninguna,Oscuro con iluminacion,lluvia,No,NO APLICA,2,99,2,99,1,11/12/2022,6
6,California,62841,0,0,1,0,37,LOS ANGELES (37),0,NO APLICA,12,Diciembre,26,2022,11,35,SR-2 ANGELES CREST HIGHWAY,3,Highway estatal,Rural,Arteria Menor,State Highway Agency,0,Sin jurisdiccion especial,464,34.28976667,-117.9962528,Arbol,El primer evento no fue una colision con un vehiculo automotor en transporte,Not an Intersection,No fue interseccion,Sobre el lado de la calle,Ninguna,Dia total,Despejado,No,NO APLICA,11,45,12,3,1,26/12/2022,1
6,California,62842,1,1,1,0,25,IMPERIAL (25),1090,EL CENTRO,5,Mayo,16,2022,19,10,ROSS AVE,8,Otro,Urbano,Arteria Menor,City or Municipal Highway Agency,0,Sin jurisdiccion especial,99998,32.78149722,-115.5838278,Peaton,El primer evento no fue una colision con un vehiculo automotor en transporte,Not an Intersection,No fue interseccion,Sobre calle,Ninguna,Dia total,Despejado,No,NO APLICA,99,99,99,99,1,16/05/2022,3
6,California,62843,0,0,1,0,67,SACRAMENTO (67),3150,SACRAMENTO,4,Abril,30,2022,21,13,GARDEN HWY,8,Otro,Urbano,Colector Mayor,City or Municipal Highway Agency,0,Sin jurisdiccion especial,99998,38.60529444,-121.5345667,Barrera de Trafico de Concreto,El primer evento no fue una colision con un vehiculo automotor en transporte,Not an Intersection,No fue interseccion,Sobre el lado de la calle,Ninguna,Oscuro sin iluminacion,No reportado,No,NO APLICA,21,99,21,99,1,30/04/2022,1
6,California,62844,1,1,1,0,55,NAPA (55),2330,NAPA,5,Mayo,19,2022,18,48,JEFFERSON ST,8,Otro,Urbano,Arteria Menor,City or Municipal Highway Agency,0,Sin jurisdiccion especial,99998,38.29496389,-122.2937583,Peaton,El primer evento no fue una colision con un vehiculo automotor en transporte,Four-Way Intersection,Interseccion de 4 direcciones,Sobre calle,Ninguna,Dia total,Despejado,No,NO APLICA,99,99,99,99,1,19/05/2022,1
6,California,62845,0,0,1,0,97,SONOMA (97),3490,SANTA ROSA,4,Abril,24,2022,3,13,PETALUMA HILL RD,8,Otro,Urbano,Colector Mayor,City or Municipal Highway Agency,0,Sin jurisdiccion especial,99998,38.40935833,-122.7028556,Poste,El primer evento no fue una colision con un vehiculo automotor en transporte,Y-Intersection,Interseccion de Y,Sobre el lado de la calle,Ninguna,Oscuro con iluminacion,Despejado,No,NO APLICA,99,99,99,99,1,24/04/2022,1
6,California,62846,0,0,2,0,59,ORANGE (59),3420,SANTA ANA,3,Marzo,6,2022,3,12,I-5  SANTA ANA FWY,1,Interestatal,Urbano,Interestatal,State Highway Agency,1,Sin jurisdiccion especial,313,33.75147778,-117.845975,Vehiculo en movimiento,Angulo,Not an Intersection,No fue interseccion,Sobre calle,Ninguna,Oscuro con iluminacion,Despejado,No,NO APLICA,3,14,3,21,1,06/03/2022,2
6,California,62847,0,0,1,0,39,MADERA (39),0,NO APLICA,5,Mayo,21,2022,99,99,RD 29,8,Otro,Rural,Local,County Highway Agency,0,Sin jurisdiccion especial,99998,37.17310833,-120.0040667,Barda,El primer evento no fue una colision con un vehiculo automotor en transporte,Not an Intersection,No fue interseccion,Fuera de la calle,Ninguna,Oscuro sin iluminacion,Despejado,No,NO APLICA,99,99,99,99,1,21/05/2022,1
6,California,62848,1,1,2,0,81,SAN MATEO (81),970,DALY CITY,8,Agosto,23,2022,7,15,I-280 RAMP,1,Interestatal,Urbano,Interestatal,State Highway Agency,1,Sin jurisdiccion especial,251,37.67593056,-122.4705833,Vehiculo en movimiento,Frente a Detrás,Not an Intersection,No fue interseccion,Sobre calle,Ninguna,Dia total,Neblina o Humo,No,NO APLICA,99,99,99,99,1,23/08/2022,1
6,California,62849,0,0,1,0,77,SAN JOAQUIN (77),0,NO APLICA,10,Octubre,21,2022,19,12,FOPPIANO LN,8,Otro,Urbano,Colector Mayor,County Highway Agency,0,Sin jurisdiccion especial,99998,38.024125,-121.2577556,Barda,El primer evento no fue una colision con un vehiculo automotor en transporte,T-Intersection,Interseccion de T,Sobre el lado de la calle,Ninguna,Oscuro sin iluminacion,Despejado,No,NO APLICA,19,99,19,99,2,21/10/2022,3
6,California,62850,0,0,1,0,73,SAN DIEGO (73),0,NO APLICA,10,Octubre,8,2022,99,99,WILDCAT CANYON RD,8,Otro,Rural,Colector Mayor,County Highway Agency,0,Sin jurisdiccion especial,99998,32.95402222,-116.8393472,Volcadura,El primer evento no fue una colision con un vehiculo automotor en transporte,Not an Intersection,No fue interseccion,Sobre el lado de la calle,Ninguna,Oscuro sin iluminacion,Despejado,No,NO APLICA,99,99,99,99,1,08/10/2022,1
6,California,62851,0,0,2,0,73,SAN DIEGO (73),0,NO APLICA,10,Octubre,22,2022,13,50,WILDCAT CANYON RD,8,Otro,Rural,Colector Mayor,County Highway Agency,0,Sin jurisdiccion especial,99998,32.98809722,-116.8281528,Vehiculo en movimiento,Frente a frente,Not an Intersection,No fue interseccion,Sobre calle,Ninguna,Dia total,Nublado,No,NO APLICA,99,99,99,99,1,22/10/2022,2
6,California,62852,0,0,1,0,73,SAN DIEGO (73),0,NO APLICA,11,Noviembre,21,2022,3,50,JAMACHA BLVD,8,Otro,Urbano,Arteria Menor,County Highway Agency,0,Sin jurisdiccion especial,99998,32.70753333,-117.0075139,Banqueta,El primer evento no fue una colision con un vehiculo automotor en transporte,Four-Way Intersection,Interseccion de 4 direcciones,En el medio,Ninguna,Oscuro con iluminacion,Despejado,No,NO APLICA,99,99,99,99,1,21/11/2022,1
6,California,62853,0,0,4,0,37,LOS ANGELES (37),305,BELLFLOWER,5,Mayo,20,2022,20,49,FOSTER RD,8,Otro,Urbano,Arteria Menor,City or Municipal Highway Agency,0,Sin jurisdiccion especial,99998,33.90973889,-118.1254694,Vehiculo en movimiento,Angulo,Four-Way Intersection,Interseccion de 4 direcciones,Sobre calle,Ninguna,Oscuro con iluminacion,Despejado,No,NO APLICA,99,99,99,99,2,20/05/2022,8
6,California,62854,1,1,1,0,37,LOS ANGELES (37),1970,LONG BEACH,5,Mayo,21,2022,0,15,ANAHEIM ST,8,Otro,Urbano,Arteria Menor,City or Municipal Highway Agency,0,Sin jurisdiccion especial,99998,33.78266944,-118.153275,Ciclista,El primer evento no fue una colision con un vehiculo automotor en transporte,Not an Intersection,No fue interseccion,Sobre calle,Ninguna,Oscuro con iluminacion,Despejado,No,NO APLICA,99,99,99,99,1,21/05/2022,1
6,California,62855,1,1,2,0,1,ALAMEDA (1),1364,FREMONT,5,Mayo,21,2022,0,16,SR-238 MISSION BLVD,3,Highway estatal,Urbano,Arteria Principal,State Highway Agency,1,Sin jurisdiccion especial,99998,37.57901389,-121.9828806,Peaton,El primer evento no fue una colision con un vehiculo automotor en transporte,Four-Way Intersection,Interseccion de 4 direcciones,Sobre calle,Ninguna,Oscuro con iluminacion,Despejado,No,NO APLICA,99,99,99,99,1,21/05/2022,2