Estado,Nombre de Estado,Numero de Caso,Peatones,Personas _no_vehiculos,Vehiculos automotores,Vehiculos estacionados,Condado,Nombre Condado,Ciudad,Nombre Ciudad,Mes,Nombre Mes,Dia,Año,Hora,Minuto,Calle,Ruta,Nombre Ruta,Rural o Urbanoo,Sistema Funcional,Dueño Calle,Sistema Nacional Carreteras,Jurisdiccion Especial,Milla,Latitud,Longitud,Causa del Accidente,Tipo de Accidente,Tipo Interseccion,Columna1,Lugar en la calle,Zona de Trabajo,Luz,Clima,Autobus Escolar,Cruce de Trenes,Hora Notificacion,Minuto Notificacion,Hora Llegada,Minuto Llegada,Decesos,Fecha,PersonaVehiculo
6,California,63458,1,1,1,0,37,LOS ANGELES (37),1980,LOS ANGELES,10,Octubre,19,2022,19,5,NORMANDIE AVE,8,Otro,Urbano,Arteria Menor,City or Municipal Highway Agency,0,Sin jurisdiccion especial,99998,33.82559444,-118.2992889,Peaton,El primer evento no fue una colision con un vehiculo automotor en transporte,Not an Intersection,No fue interseccion,Sobre calle,Ninguna,Oscuro con iluminacion,Despejado,No,NO APLICA,99,99,99,99,1,19/10/2022,1
6,California,63459,1,1,1,0,37,LOS ANGELES (37),1980,LOS ANGELES,12,Diciembre,16,2022,18,5,AVALON BLVD,6,Calle Local Municipalidad,Urbano,Arteria Principal,City or Municipal Highway Agency,1,Sin jurisdiccion especial,99998,33.97108611,-118.2651972,Peaton,El primer evento no fue una colision con un vehiculo automotor en transporte,T-Intersection,Interseccion de T,Sobre calle,Ninguna,Oscuro con iluminacion,Despejado,No,NO APLICA,99,99,99,99,1,16/12/2022,1
6,California,63460,1,1,1,0,37,LOS ANGELES (37),1066,EAST LOS ANGELES,8,Agosto,15,2022,22,10,VENICE BL,8,Otro,Urbano,Arteria Principal,City or Municipal Highway Agency,1,Sin jurisdiccion especial,99998,34.04551944,-118.3474111,Peaton,El primer evento no fue una colision con un vehiculo automotor en transporte,Not an Intersection,No fue interseccion,Sobre calle,Ninguna,Oscuro con iluminacion,Despejado,No,NO APLICA,99,99,99,99,1,15/08/2022,1
6,California,63461,1,1,1,0,37,LOS ANGELES (37),1980,LOS ANGELES,12,Diciembre,2,2022,3,5,VERMONT AVE,9,Desconocido,Urbano,Arteria Principal,Unknown,1,Sin jurisdiccion especial,99998,34.04526389,-118.2916083,Peaton,El primer evento no fue una colision con un vehiculo automotor en transporte,Not an Intersection,No fue interseccion,Sobre calle,Ninguna,Oscuro con iluminacion,Despejado,No,NO APLICA,99,99,99,99,1,02/12/2022,1
6,California,63462,2,2,2,0,37,LOS ANGELES (37),1980,LOS ANGELES,12,Diciembre,25,2022,21,5,FLORENCE AVE,6,Calle Local Municipalidad,Urbano,Arteria Principal,City or Municipal Highway Agency,1,Sin jurisdiccion especial,99998,33.97465556,-118.3310472,Vehiculo en movimiento,Angulo,Four-Way Intersection,Interseccion de 4 direcciones,Sobre calle,Ninguna,Dia total,Despejado,No,NO APLICA,99,99,99,99,1,25/12/2022,2
6,California,63463,0,0,1,0,29,KERN (29),240,BAKERSFIELD,2,Febrero,6,2022,18,44,COTTONWOOD RD,8,Otro,Urbano,Arteria Menor,City or Municipal Highway Agency,0,Sin jurisdiccion especial,554,35.32941389,-118.9855556,Otro objeto (fijo),El primer evento no fue una colision con un vehiculo automotor en transporte,T-Intersection,Interseccion de T,Sobre el lado de la calle,Ninguna,Oscuro sin iluminacion,Despejado,No,NO APLICA,18,99,18,99,1,06/02/2022,2
6,California,63464,0,0,2,0,71,SAN BERNARDINO (71),1305,FONTANA,2,Febrero,19,2022,2,50,SIERRA AVE,8,Otro,Urbano,Arteria Principal,City or Municipal Highway Agency,1,Sin jurisdiccion especial,99998,34.03684167,-117.4338972,Objeto desconocido no fijo,El primer evento no fue una colision con un vehiculo automotor en transporte,Not an Intersection,No fue interseccion,Sobre calle,Ninguna,Oscuro con iluminacion,Nublado,No,NO APLICA,2,99,2,99,1,19/02/2022,2
6,California,63465,1,1,1,0,29,KERN (29),240,BAKERSFIELD,5,Mayo,28,2022,20,46,NEW STINE RD,8,Otro,Rural,Arteria Principal,City or Municipal Highway Agency,1,Sin jurisdiccion especial,99998,35.34923333,-119.0611167,Peaton,El primer evento no fue una colision con un vehiculo automotor en transporte,Not an Intersection,No fue interseccion,Sobre calle,Ninguna,Oscuro con iluminacion,Despejado,No,NO APLICA,99,99,99,99,1,28/05/2022,1
6,California,63466,0,0,2,0,71,SAN BERNARDINO (71),3210,SAN BERNARDINO,6,Junio,29,2022,6,48,WEST HALLMARK PKWY,8,Otro,Urbano,Local,City or Municipal Highway Agency,0,Sin jurisdiccion especial,99998,34.16401944,-117.3362694,Vehiculo en movimiento,Angulo,Four-Way Intersection,Interseccion de 4 direcciones,Sobre calle,Ninguna,Dia total,Despejado,No,NO APLICA,99,99,99,99,1,29/06/2022,2
6,California,63467,0,0,2,0,79,SAN LUIS OBISPO (79),3370,SAN LUIS OBISPO,4,Abril,17,2022,11,37,BROAD ST,8,Otro,Urbano,Arteria Principal,City or Municipal Highway Agency,1,Sin jurisdiccion especial,99998,35.25091389,-120.6445111,Vehiculo en movimiento,Frente a Detrás,Four-Way Intersection,Interseccion de 4 direcciones,Sobre calle,Ninguna,Dia total,Despejado,No,NO APLICA,99,99,99,99,1,17/04/2022,2
6,California,63468,0,0,1,0,73,SAN DIEGO (73),860,CORONADO,7,Julio,29,2022,0,26,ORANGE AVE,8,Otro,Urbano,Arteria Principal,State Highway Agency,1,Sin jurisdiccion especial,188,32.68528889,-117.1801028,Banqueta,El primer evento no fue una colision con un vehiculo automotor en transporte,Not an Intersection,No fue interseccion,Sobre el lado de la calle,Ninguna,Oscuro con iluminacion,Despejado,No,NO APLICA,99,99,99,99,1,29/07/2022,3
6,California,63469,0,0,2,0,75,SAN FRANCISCO (75),3290,SAN FRANCISCO,8,Agosto,11,2022,11,36,MARKET ST,8,Otro,Urbano,Arteria Principal,City or Municipal Highway Agency,1,Sin jurisdiccion especial,99998,37.76058333,-122.4435583,Vehiculo en movimiento,Angulo,T-Intersection,Interseccion de T,Sobre calle,Ninguna,Dia total,Despejado,No,NO APLICA,99,99,99,99,1,11/08/2022,2
6,California,63470,0,0,2,0,77,SAN JOAQUIN (77),3880,TRACY,8,Agosto,13,2022,12,52,CORRAL HOLLOW RD,8,Otro,Urbano,Arteria Principal,City or Municipal Highway Agency,1,Sin jurisdiccion especial,99998,37.73139444,-121.4529417,Vehiculo en movimiento,Angulo,Four-Way Intersection,Interseccion de 4 direcciones,Sobre calle,Ninguna,Dia total,Despejado,No,NO APLICA,99,99,99,99,1,13/08/2022,2
6,California,63471,1,1,2,1,59,ORANGE (59),1410,GARDEN GROVE,8,Agosto,11,2022,12,7,LAMPSON AVE,8,Otro,Urbano,Arteria Menor,City or Municipal Highway Agency,0,Sin jurisdiccion especial,99998,33.78122778,-117.9653028,Vehiculo Aparcado,El primer evento no fue una colision con un vehiculo automotor en transporte,Not an Intersection,No fue interseccion,En estacionamiento,Ninguna,Dia total,Despejado,No,NO APLICA,99,99,99,99,1,11/08/2022,1
6,California,63472,1,1,1,0,37,LOS ANGELES (37),1840,LANCASTER,8,Agosto,13,2022,20,58,AVE K,8,Otro,Urbano,Arteria Principal,City or Municipal Highway Agency,1,Sin jurisdiccion especial,99998,34.67498611,-118.1658722,No vehiculo o remolque,El primer evento no fue una colision con un vehiculo automotor en transporte,Four-Way Intersection,Interseccion de 4 direcciones,Sobre calle,Ninguna,Oscuro con iluminacion,Despejado,No,NO APLICA,99,99,99,99,1,13/08/2022,2
6,California,63473,2,2,1,0,37,LOS ANGELES (37),810,COMPTON,8,Agosto,14,2022,0,18,ALONDRA BLVD,8,Otro,Urbano,Arteria Principal,City or Municipal Highway Agency,1,Sin jurisdiccion especial,99998,33.88838056,-118.2498222,Peaton,El primer evento no fue una colision con un vehiculo automotor en transporte,Four-Way Intersection,Interseccion de 4 direcciones,Sobre calle,Ninguna,Oscuro con iluminacion,Despejado,No,NO APLICA,99,99,99,99,1,14/08/2022,1
6,California,63474,0,0,2,0,37,LOS ANGELES (37),1980,LOS ANGELES,5,Mayo,21,2022,0,57,US-101 VENTURA FWY,2,US Highway,Urbano,Arterial Principal -Freeway o ExpressWay,State Highway Agency,1,Sin jurisdiccion especial,142,34.15695,-118.4207472,Vehiculo en movimiento,Frente a Detrás,Not an Intersection,No fue interseccion,Sobre calle,Ninguna,Oscuro con iluminacion,Despejado,No,NO APLICA,99,99,99,99,1,21/05/2022,3
6,California,63475,0,0,2,0,71,SAN BERNARDINO (71),0,NO APLICA,8,Agosto,14,2022,1,38,CEDAR AVE,8,Otro,Urbano,Arteria Menor,County Highway Agency,0,Sin jurisdiccion especial,99998,34.06624444,-117.3962083,Vehiculo en movimiento,Frente a frente,Not an Intersection,No fue interseccion,Sobre calle,Ninguna,Oscuro con iluminacion,Despejado,No,NO APLICA,1,41,1,99,2,14/08/2022,4
6,California,63476,1,1,2,0,59,ORANGE (59),960,CYPRESS,1,Enero,21,2022,20,35,CRESCENT AVE,8,Otro,Urbano,Arteria Menor,City or Municipal Highway Agency,0,Sin jurisdiccion especial,99998,33.83883333,-118.0569111,No vehiculo o remolque,El primer evento no fue una colision con un vehiculo automotor en transporte,T-Intersection,Interseccion de T,Sobre calle,Ninguna,Oscuro con iluminacion,Despejado,No,NO APLICA,20,99,20,99,1,21/01/2022,2
6,California,63477,1,1,1,0,1,ALAMEDA (1),2480,OAKLAND,5,Mayo,31,2022,17,33,16TH AVE,9,Desconocido,Urbano,Local,Unknown,0,Sin jurisdiccion especial,99998,37.78864444,-122.2441667,Peaton,El primer evento no fue una colision con un vehiculo automotor en transporte,Four-Way Intersection,Interseccion de 4 direcciones,Sobre calle,Ninguna,Dia total,Despejado,No,NO APLICA,99,99,19,15,1,31/05/2022,1
6,California,63478,1,1,4,2,37,LOS ANGELES (37),300,BELL,8,Agosto,13,2022,21,8,GAGE AVE,8,Otro,Urbano,Arteria Menor,City or Municipal Highway Agency,0,Sin jurisdiccion especial,99998,33.97657222,-118.1733389,Vehiculo en movimiento,Frente a frente,T-Intersection,Interseccion de T,Sobre calle,Ninguna,Oscuro con iluminacion,Despejado,No,NO APLICA,21,99,21,99,1,13/08/2022,4
6,California,63479,0,0,1,0,77,SAN JOAQUIN (77),3880,TRACY,8,Agosto,2,2022,18,3,11TH ST,8,Otro,Urbano,Arteria Principal,City or Municipal Highway Agency,1,Sin jurisdiccion especial,99998,37.73926389,-121.460075,Poste,El primer evento no fue una colision con un vehiculo automotor en transporte,Not an Intersection,No fue interseccion,Sobre el lado de la calle,Ninguna,Dia total,Despejado,No,NO APLICA,99,99,99,99,1,02/08/2022,1
6,California,63480,1,1,1,0,59,ORANGE (59),3250,SAN CLEMENTE,6,Junio,7,2022,1,24,AVENIDA PICO,9,Desconocido,Urbano,Arteria Menor,Unknown,0,Sin jurisdiccion especial,99998,33.45618611,-117.6005944,Ciclista,El primer evento no fue una colision con un vehiculo automotor en transporte,Four-Way Intersection,Interseccion de 4 direcciones,Sobre calle,Ninguna,Oscuro con iluminacion,Nublado,No,NO APLICA,1,55,2,45,1,07/06/2022,2
6,California,63481,0,0,2,0,71,SAN BERNARDINO (71),4040,VICTORVILLE,8,Agosto,11,2022,23,3,US-HWY 95,2,US Highway,Urbano,Arteria Principal,State Highway Agency,1,Sin jurisdiccion especial,96,34.48488056,-117.3994611,Vehiculo en movimiento,Angulo,Four-Way Intersection,Interseccion de 4 direcciones,Sobre calle,Ninguna,Oscuro con iluminacion,Despejado,No,NO APLICA,99,99,99,99,1,11/08/2022,3
6,California,63482,0,0,1,0,37,LOS ANGELES (37),1970,LONG BEACH,8,Agosto,14,2022,19,4,7TH ST,9,Desconocido,Urbano,Arteria Principal,City or Municipal Highway Agency,1,Sin jurisdiccion especial,99998,33.77533889,-118.1999833,Poste o otros soportes,El primer evento no fue una colision con un vehiculo automotor en transporte,Not an Intersection,No fue interseccion,En el medio,Ninguna,Dia total,Despejado,No,NO APLICA,99,99,99,99,1,14/08/2022,1
6,California,63483,0,0,2,0,71,SAN BERNARDINO (71),4040,VICTORVILLE,8,Agosto,12,2022,10,57,BEAR VALLEY RD,8,Otro,Urbano,Arteria Principal,City or Municipal Highway Agency,1,Sin jurisdiccion especial,99998,34.47086111,-117.3100222,Vehiculo en movimiento,Angulo,Not an Intersection,No fue interseccion,Sobre calle,Construccion,Dia total,Despejado,No,NO APLICA,10,57,99,99,1,12/08/2022,2
6,California,63484,1,1,1,0,71,SAN BERNARDINO (71),1605,HIGHLAND,8,Agosto,2,2022,22,10,BASELINE ST,8,Otro,Urbano,Arteria Menor,City or Municipal Highway Agency,0,Sin jurisdiccion especial,99998,34.12138889,-117.2354833,Ciclista,El primer evento no fue una colision con un vehiculo automotor en transporte,Not an Intersection,No fue interseccion,Sobre el lado de la calle,Ninguna,Oscuro con iluminacion,Despejado,No,NO APLICA,99,99,99,99,1,02/08/2022,1
6,California,63485,0,0,2,0,71,SAN BERNARDINO (71),3210,SAN BERNARDINO,8,Agosto,12,2022,14,1,W 5TH ST,8,Otro,Urbano,Arteria Principal,State Highway Agency,1,Sin jurisdiccion especial,99998,34.10836667,-117.308975,Vehiculo en movimiento,Angulo,Four-Way Intersection,Interseccion de 4 direcciones,Sobre calle,Ninguna,Dia total,Despejado,No,NO APLICA,14,99,14,99,1,12/08/2022,2
6,California,63486,0,0,1,0,13,CONTRA COSTA (13),2090,MARTINEZ,6,Junio,25,2022,1,43,MARINA VISTA AVE,9,Desconocido,Urbano,Arteria Principal,Not Reported,0,Sin jurisdiccion especial,99998,38.02518056,-122.1187583,Arbol,El primer evento no fue una colision con un vehiculo automotor en transporte,Not an Intersection,No fue interseccion,Sobre el lado de la calle,Ninguna,Oscuro sin iluminacion,Despejado,No,NO APLICA,3,0,99,99,1,25/06/2022,3
6,California,63487,0,0,2,0,73,SAN DIEGO (73),3260,SAN DIEGO,8,Agosto,15,2022,6,11,CORONADO AVE,8,Otro,Urbano,Arteria Menor,City or Municipal Highway Agency,0,Sin jurisdiccion especial,99998,32.57641667,-117.0788694,Vehiculo en movimiento,Frente a Detrás,Not an Intersection,No fue interseccion,Sobre calle,Ninguna,Amanecer,Nublado,No,NO APLICA,99,99,99,99,1,15/08/2022,2
6,California,63488,0,0,1,0,73,SAN DIEGO (73),3260,SAN DIEGO,8,Agosto,12,2022,16,54,SOUTH 47TH ST,8,Otro,Urbano,Arteria Menor,City or Municipal Highway Agency,0,Sin jurisdiccion especial,99998,32.69088056,-117.0942278,Banqueta,El primer evento no fue una colision con un vehiculo automotor en transporte,Four-Way Intersection,Interseccion de 4 direcciones,Sobre el lado de la calle,Ninguna,Dia total,Despejado,No,NO APLICA,99,99,99,99,1,12/08/2022,1
6,California,63489,1,1,1,0,71,SAN BERNARDINO (71),260,BARSTOW,7,Julio,9,2022,1,25,AMORY RD,9,Desconocido,Urbano,Arteria Menor,Unknown,0,Sin jurisdiccion especial,99998,34.88399722,-117.0151389,Peaton,El primer evento no fue una colision con un vehiculo automotor en transporte,Four-Way Intersection,Interseccion de 4 direcciones,Sobre calle,Ninguna,Oscuro con iluminacion,Despejado,No,NO APLICA,99,99,99,99,1,09/07/2022,1
6,California,63490,2,2,2,1,111,VENTURA (111),0,NO APLICA,12,Diciembre,21,2022,22,10,SR-1 PCH,3,Highway estatal,Rural,Arteria Principal,State Highway Agency,1,Sin jurisdiccion especial,77,34.08879444,-119.0633972,Peaton,El primer evento no fue una colision con un vehiculo automotor en transporte,Not an Intersection,No fue interseccion,Sobre Acotamiento,Ninguna,Oscuro sin iluminacion,Nublado,No,NO APLICA,22,17,99,99,1,21/12/2022,1
6,California,63491,1,1,1,0,75,SAN FRANCISCO (75),3290,SAN FRANCISCO,8,Agosto,12,2022,20,13,VAN NESS AVE,8,Otro,Urbano,Arteria Principal,State Highway Agency,1,Sin jurisdiccion especial,99998,37.78018056,-122.4203444,Peaton,El primer evento no fue una colision con un vehiculo automotor en transporte,Four-Way Intersection,Interseccion de 4 direcciones,Sobre calle,Ninguna,Dia total,Despejado,No,NO APLICA,99,99,99,99,1,12/08/2022,1
6,California,63492,2,2,1,0,37,LOS ANGELES (37),1980,LOS ANGELES,8,Agosto,2,2022,12,40,S FLOWER ST,9,Desconocido,Urbano,Local,Unknown,0,Sin jurisdiccion especial,99998,33.99523333,-118.2809056,Banqueta,El primer evento no fue una colision con un vehiculo automotor en transporte,Not an Intersection,No fue interseccion,Sobre el lado de la calle,Ninguna,Dia total,Despejado,No,NO APLICA,99,99,99,99,2,02/08/2022,1
6,California,63493,0,0,2,0,71,SAN BERNARDINO (71),680,CHINO,6,Junio,17,2022,5,17,FLIGHT AVE,8,Otro,Urbano,Colector Mayor,City or Municipal Highway Agency,0,Sin jurisdiccion especial,99998,33.98161111,-117.6192306,Vehiculo en movimiento,Angulo,Not an Intersection,No fue interseccion,Sobre calle,Ninguna,Oscuro con iluminacion,Despejado,No,NO APLICA,15,99,15,99,1,17/06/2022,2
6,California,63494,0,0,5,0,55,NAPA (55),2330,NAPA,8,Agosto,13,2022,23,30,SR-29,3,Highway estatal,Urbano,Arterial Principal -Freeway o ExpressWay,State Highway Agency,1,Sin jurisdiccion especial,99998,38.25724167,-122.303,Acotamiento,El primer evento no fue una colision con un vehiculo automotor en transporte,T-Intersection,Interseccion de T,En el medio,Ninguna,Oscuro sin iluminacion,Despejado,No,NO APLICA,23,33,99,99,1,13/08/2022,7
6,California,63495,1,1,1,0,73,SAN DIEGO (73),3260,SAN DIEGO,8,Agosto,18,2022,23,14,ALVARADO RD,8,Otro,Urbano,Colector Mayor,City or Municipal Highway Agency,0,Sin jurisdiccion especial,99998,32.77765556,-117.0586694,Peaton,El primer evento no fue una colision con un vehiculo automotor en transporte,T-Intersection,Interseccion de T,Sobre calle,Ninguna,Oscuro con iluminacion,Despejado,No,NO APLICA,99,99,99,99,1,18/08/2022,1
6,California,63496,0,0,4,0,37,LOS ANGELES (37),1980,LOS ANGELES,8,Agosto,19,2022,4,12,MANCHESER AVE,8,Otro,Urbano,Arteria Principal,County Highway Agency,1,Sin jurisdiccion especial,99998,33.96005556,-118.2783167,Vehiculo en movimiento,Angulo,Four-Way Intersection,Interseccion de 4 direcciones,Sobre calle,Ninguna,Oscuro con iluminacion,Despejado,No,NO APLICA,99,99,99,99,2,19/08/2022,7
6,California,63497,1,1,1,0,59,ORANGE (59),3760,STANTON,8,Agosto,19,2022,20,0,SR-39 BEACH BLVD,3,Highway estatal,Urbano,Arteria Principal,State Highway Agency,1,Sin jurisdiccion especial,95,33.78624722,-117.9927806,Peaton,El primer evento no fue una colision con un vehiculo automotor en transporte,Not an Intersection,No fue interseccion,Sobre calle,Ninguna,Atardecer,Despejado,No,NO APLICA,99,99,99,99,1,19/08/2022,1
6,California,63498,1,1,1,0,67,SACRAMENTO (67),3150,SACRAMENTO,8,Agosto,20,2022,0,10,LA MANCHA WY,8,Otro,Urbano,Colector Mayor,City or Municipal Highway Agency,0,Sin jurisdiccion especial,99998,38.47733056,-121.4272694,Peaton,El primer evento no fue una colision con un vehiculo automotor en transporte,Not an Intersection,No fue interseccion,Sobre calle,Ninguna,Oscuro con iluminacion,Despejado,No,NO APLICA,99,99,99,99,1,20/08/2022,1
6,California,63499,0,0,1,0,37,LOS ANGELES (37),305,BELLFLOWER,8,Agosto,20,2022,0,12,SOMERSET BLVD,8,Otro,Urbano,Arteria Menor,City or Municipal Highway Agency,0,Sin jurisdiccion especial,99998,33.89666667,-118.1097056,Muro,El primer evento no fue una colision con un vehiculo automotor en transporte,Not an Intersection,No fue interseccion,Sobre el lado de la calle,Ninguna,Oscuro - iluminacion desconocida,Despejado,No,NO APLICA,99,99,99,99,1,20/08/2022,1
6,California,63500,1,1,1,0,71,SAN BERNARDINO (71),2922,RANCHO CUCAMONGA,8,Agosto,20,2022,1,58,ARROW RTE,8,Otro,Urbano,Arteria Menor,City or Municipal Highway Agency,0,Sin jurisdiccion especial,99998,34.09923611,-117.5737417,Ciclista,El primer evento no fue una colision con un vehiculo automotor en transporte,Not an Intersection,No fue interseccion,Sobre calle,Ninguna,Oscuro con iluminacion,Despejado,No,NO APLICA,99,99,99,99,1,20/08/2022,1
6,California,63501,0,0,1,0,59,ORANGE (59),3250,SAN CLEMENTE,8,Agosto,20,2022,9,40,CAMINO DE LOS MARES,8,Otro,Urbano,Arteria Menor,City or Municipal Highway Agency,0,Sin jurisdiccion especial,99998,33.45991667,-117.6525111,Banqueta,El primer evento no fue una colision con un vehiculo automotor en transporte,Not an Intersection,No fue interseccion,Sobre el lado de la calle,Ninguna,Dia total,Nublado,No,NO APLICA,99,99,99,99,1,20/08/2022,2
6,California,63502,1,1,1,0,67,SACRAMENTO (67),3150,SACRAMENTO,8,Agosto,20,2022,21,20,GARDEN HWY,8,Otro,Urbano,Local,City or Municipal Highway Agency,0,Sin jurisdiccion especial,99998,38.60796667,-121.4848194,Peaton,El primer evento no fue una colision con un vehiculo automotor en transporte,Not an Intersection,No fue interseccion,Sobre calle,Ninguna,Oscuro sin iluminacion,Despejado,No,NO APLICA,99,99,99,99,1,20/08/2022,1
6,California,63503,0,0,1,0,59,ORANGE (59),4267,YORBA LINDA,8,Agosto,21,2022,0,35,YORBA LINDA BLVD,8,Otro,Urbano,Arteria Principal,Not Reported,1,Sin jurisdiccion especial,99998,33.8887,-117.8043722,Banqueta,El primer evento no fue una colision con un vehiculo automotor en transporte,Not an Intersection,No fue interseccion,Sobre el lado de la calle,Ninguna,Oscuro con iluminacion,Despejado,No,NO APLICA,99,99,99,99,1,21/08/2022,1
6,California,63504,0,0,1,0,73,SAN DIEGO (73),3260,SAN DIEGO,8,Agosto,21,2022,12,22,LEGHORN AVE,8,Otro,Urbano,Local,City or Municipal Highway Agency,0,Sin jurisdiccion especial,99998,32.70269167,-117.0558917,Muro,El primer evento no fue una colision con un vehiculo automotor en transporte,Not an Intersection,No fue interseccion,Sobre el lado de la calle,Ninguna,Dia total,Despejado,No,NO APLICA,99,99,99,99,1,21/08/2022,1
6,California,63505,0,0,2,0,71,SAN BERNARDINO (71),1305,FONTANA,8,Agosto,21,2022,14,50,SR-66 FOOTHILL BLVD,3,Highway estatal,Urbano,Arteria Principal,City or Municipal Highway Agency,1,Sin jurisdiccion especial,174,34.106775,-117.4053444,Vehiculo en movimiento,Angulo,Four-Way Intersection,Interseccion de 4 direcciones,Sobre calle,Ninguna,Dia total,Despejado,No,NO APLICA,99,99,99,99,1,21/08/2022,6
6,California,63506,0,0,2,0,59,ORANGE (59),960,CYPRESS,8,Agosto,21,2022,19,20,KATELLA AVE,8,Otro,Urbano,Arteria Principal,City or Municipal Highway Agency,1,Sin jurisdiccion especial,99998,33.80300556,-118.0197861,Vehiculo en movimiento,Angulo,Four-Way Intersection,Interseccion de 4 direcciones,Sobre calle,Ninguna,Dia total,Despejado,No,NO APLICA,99,99,99,99,1,21/08/2022,3
6,California,63507,0,0,2,0,29,KERN (29),3820,TAFT,8,Agosto,21,2022,21,21,SR-33,3,Highway estatal,Urbano,Arteria Menor,State Highway Agency,0,Sin jurisdiccion especial,175,35.13160833,-119.4456333,Vehiculo en movimiento,Angulo,Four-Way Intersection,Interseccion de 4 direcciones,Sobre calle,Ninguna,Oscuro con iluminacion,Despejado,No,NO APLICA,99,99,99,99,2,21/08/2022,6
6,California,63508,1,1,1,0,37,LOS ANGELES (37),1970,LONG BEACH,8,Agosto,22,2022,1,41,SR-22 E 7TH ST,3,Highway estatal,Urbano,Arteria Principal,State Highway Agency,1,Sin jurisdiccion especial,5,33.77520833,-118.1134444,Peaton,El primer evento no fue una colision con un vehiculo automotor en transporte,Not an Intersection,No fue interseccion,Sobre calle,Ninguna,Oscuro sin iluminacion,Despejado,No,NO APLICA,99,99,99,99,1,22/08/2022,1
6,California,63509,0,0,1,0,73,SAN DIEGO (73),710,CHULA VISTA,8,Agosto,22,2022,11,31,LA MEDIA,8,Otro,Urbano,Arteria Menor,City or Municipal Highway Agency,0,Sin jurisdiccion especial,99998,32.63161944,-116.9884444,Valla Ferrocarril,El primer evento no fue una colision con un vehiculo automotor en transporte,Not an Intersection,No fue interseccion,Sobre el lado de la calle,Ninguna,Dia total,Despejado,No,NO APLICA,99,99,99,99,1,22/08/2022,1
6,California,63510,0,0,2,0,73,SAN DIEGO (73),3260,SAN DIEGO,8,Agosto,19,2022,1,55,FIRST AVE,9,Desconocido,Urbano,Arteria Menor,City or Municipal Highway Agency,0,Sin jurisdiccion especial,99998,32.71988333,-117.1638639,Vehiculo en movimiento,Angulo,Four-Way Intersection,Interseccion de 4 direcciones,Sobre calle,Ninguna,Oscuro con iluminacion,Nublado,No,NO APLICA,99,99,99,99,1,19/08/2022,2
6,California,63511,1,1,1,0,39,MADERA (39),2050,MADERA,8,Agosto,17,2022,2,14,GOLDEN STATE BL S,8,Otro,Urbano,Colector Mayor,City or Municipal Highway Agency,0,Sin jurisdiccion especial,99998,36.94265833,-120.0411472,Peaton,El primer evento no fue una colision con un vehiculo automotor en transporte,Not an Intersection,No fue interseccion,Sobre calle,Ninguna,Oscuro sin iluminacion,Despejado,No,NO APLICA,99,99,99,99,1,17/08/2022,1
6,California,63512,0,0,2,0,71,SAN BERNARDINO (71),680,CHINO,4,Abril,29,2022,0,12,CENTRAL AVE,9,Desconocido,Urbano,Arteria Principal,Unknown,0,Sin jurisdiccion especial,99998,34.04085,-117.6896,Vehiculo en movimiento,Angulo,Four-Way Intersection,Interseccion de 4 direcciones,Sobre calle,Ninguna,Oscuro con iluminacion,Despejado,No,NO APLICA,99,99,99,99,2,29/04/2022,2
6,California,63513,0,0,1,0,75,SAN FRANCISCO (75),3290,SAN FRANCISCO,8,Agosto,11,2022,19,19,JUNIPERO SERRA BL,8,Otro,Urbano,Local,City or Municipal Highway Agency,0,Sin jurisdiccion especial,99998,37.709575,-122.4709667,Banqueta,El primer evento no fue una colision con un vehiculo automotor en transporte,Not an Intersection,No fue interseccion,Sobre el lado de la calle,Ninguna,Dia total,Despejado,No,NO APLICA,99,99,99,99,1,11/08/2022,1
6,California,63514,0,0,1,0,73,SAN DIEGO (73),1080,EL CAJON,8,Agosto,17,2022,4,28,BROADWAY,8,Otro,Urbano,Arteria Menor,City or Municipal Highway Agency,0,Sin jurisdiccion especial,99998,32.80782778,-116.9643944,Banqueta,El primer evento no fue una colision con un vehiculo automotor en transporte,Four-Way Intersection,Interseccion de 4 direcciones,Sobre el lado de la calle,Ninguna,Oscuro con iluminacion,Despejado,No,NO APLICA,99,99,99,99,1,17/08/2022,1
6,California,63515,1,1,1,0,37,LOS ANGELES (37),3853,TEMPLE CITY,8,Agosto,2,2022,18,51,CAMELLIA AVE,8,Otro,Urbano,Local,City or Municipal Highway Agency,0,Sin jurisdiccion especial,99998,34.11219167,-118.0605972,Ciclista,El primer evento no fue una colision con un vehiculo automotor en transporte,Not an Intersection,No fue interseccion,Sobre calle,Ninguna,Dia total,Despejado,No,NO APLICA,99,99,99,99,1,02/08/2022,1
6,California,63517,1,1,1,0,59,ORANGE (59),1380,FULLERTON,8,Agosto,18,2022,5,7,CHAPMAN AVE,9,Desconocido,Urbano,Arteria Menor,Unknown,0,Sin jurisdiccion especial,99998,33.87428333,-117.8935306,Ciclista,El primer evento no fue una colision con un vehiculo automotor en transporte,Not an Intersection,No fue interseccion,Sobre el lado de la calle,Ninguna,Oscuro con iluminacion,Despejado,No,NO APLICA,99,99,99,99,1,18/08/2022,1