Estado,Nombre de Estado,Numero de Caso,Peatones,Personas _no_vehiculos,Vehiculos automotores,Vehiculos estacionados,Condado,Nombre Condado,Ciudad,Nombre Ciudad,Mes,Nombre Mes,Dia,Año,Hora,Minuto,Calle,Ruta,Nombre Ruta,Rural o Urbanoo,Sistema Funcional,Dueño Calle,Sistema Nacional Carreteras,Jurisdiccion Especial,Milla,Latitud,Longitud,Causa del Accidente,Tipo de Accidente,Tipo Interseccion,Columna1,Lugar en la calle,Zona de Trabajo,Luz,Clima,Autobus Escolar,Cruce de Trenes,Hora Notificacion,Minuto Notificacion,Hora Llegada,Minuto Llegada,Decesos,Fecha,PersonaVehiculo
32,Nevada,320143,0,0,1,0,17,LINCOLN (17),0,NO APLICA,6,Junio,10,2022,5,24,US-93,2,US Highway,Rural,Arteria Principal,State Highway Agency,1,Sin jurisdiccion especial,890,37.62185833,-114.5995778,Arbusto,El primer evento no fue una colision con un vehiculo automotor en transporte,Not an Intersection,No fue interseccion,Sobre el lado de la calle,Ninguna,Oscuro sin iluminacion,Despejado,No,NO APLICA,99,98,99,98,1,10/06/2022,1
32,Nevada,320144,0,0,1,0,3,CLARK (3),0,NO APLICA,6,Junio,18,2022,21,57,US-95S,2,US Highway,Rural,Arteria Principal,State Highway Agency,1,Sin jurisdiccion especial,99998,35.72213889,-114.9603639,Acotamiento,El primer evento no fue una colision con un vehiculo automotor en transporte,Not an Intersection,No fue interseccion,En el medio,Ninguna,Oscuro sin iluminacion,Nublado,No,NO APLICA,99,99,99,99,1,18/06/2022,2
32,Nevada,320145,0,0,1,0,3,CLARK (3),0,NO APLICA,6,Junio,21,2022,6,38,I-15S,1,Interestatal,Rural,Interestatal,State Highway Agency,1,Sin jurisdiccion especial,1090,36.77456389,-114.2909694,Poste de Señal de trafico,El primer evento no fue una colision con un vehiculo automotor en transporte,Not an Intersection,No fue interseccion,Sobre el lado de la calle,Ninguna,Dia total,Despejado,No,NO APLICA,99,99,99,99,1,21/06/2022,2
32,Nevada,320146,0,0,2,0,3,CLARK (3),0,NO APLICA,4,Abril,5,2022,6,3,I-215,1,Interestatal,Urbano,Interestatal,State Highway Agency,1,Sin jurisdiccion especial,99998,36.02766667,-115.0615472,Vehiculo en movimiento,Frente a Detrás,Not an Intersection,No fue interseccion,Sobre calle,Ninguna,Dia total,Despejado,No,NO APLICA,99,99,99,99,1,05/04/2022,2
32,Nevada,320147,1,1,1,0,3,CLARK (3),120,LAS VEGAS,6,Junio,25,2022,8,59,W CHARLESTON BLVD,8,Otro,Urbano,Arteria Principal,City or Municipal Highway Agency,1,Sin jurisdiccion especial,99998,36.15896667,-115.2051722,Peaton,El primer evento no fue una colision con un vehiculo automotor en transporte,Not an Intersection,No fue interseccion,Sobre calle,Ninguna,Dia total,Despejado,No,NO APLICA,9,0,9,4,1,25/06/2022,1
32,Nevada,320148,0,0,1,0,3,CLARK (3),0,NO APLICA,6,Junio,25,2022,14,10,SR-168,3,Highway estatal,Rural,Colector Mayor,State Highway Agency,0,Sin jurisdiccion especial,110,36.75545556,-114.7637722,Poste o otros soportes,El primer evento no fue una colision con un vehiculo automotor en transporte,Not an Intersection,No fue interseccion,Sobre el lado de la calle,Ninguna,Dia total,Despejado,No,NO APLICA,99,99,99,99,1,25/06/2022,3
32,Nevada,320149,1,1,3,0,3,CLARK (3),0,NO APLICA,6,Junio,29,2022,23,16,E SAHARA AVE,8,Otro,Urbano,Arteria Principal,County Highway Agency,1,Sin jurisdiccion especial,99998,36.14423611,-115.1298028,Peaton,El primer evento no fue una colision con un vehiculo automotor en transporte,Not an Intersection,No fue interseccion,Sobre calle,Ninguna,Oscuro con iluminacion,Despejado,No,NO APLICA,99,99,99,99,1,29/06/2022,3
32,Nevada,320150,0,0,1,0,31,WASHOE (31),170,RENO,7,Julio,1,2022,21,40,SILVER SKY PKWY,8,Otro,Urbano,Local,City or Municipal Highway Agency,0,Sin jurisdiccion especial,99998,39.6284,-119.8751083,Banqueta,El primer evento no fue una colision con un vehiculo automotor en transporte,Not an Intersection,No fue interseccion,Sobre el lado de la calle,Ninguna,Oscuro con iluminacion,Despejado,No,NO APLICA,99,99,99,99,1,01/07/2022,1
32,Nevada,320151,0,0,3,0,23,NYE (23),0,NO APLICA,7,Julio,6,2022,15,48,US-95S,2,US Highway,Rural,Arteria Principal,State Highway Agency,1,Sin jurisdiccion especial,490,36.77949167,-116.6930583,Vehiculo en movimiento,Frente a Detrás,Not an Intersection,No fue interseccion,Sobre calle,"Zona de trabajo, tipo desconocido",Dia total,Despejado,No,NO APLICA,99,98,99,98,2,06/07/2022,5
32,Nevada,320152,0,0,2,0,3,CLARK (3),120,LAS VEGAS,7,Julio,7,2022,13,12,TRAILWOOD DR,8,Otro,Urbano,Local,City or Municipal Highway Agency,0,Sin jurisdiccion especial,99998,36.19481111,-115.3140917,Vehiculo en movimiento,Angulo,Four-Way Intersection,Interseccion de 4 direcciones,Sobre calle,Ninguna,Dia total,Despejado,No,NO APLICA,13,13,13,18,1,07/07/2022,2
32,Nevada,320153,0,0,2,0,3,CLARK (3),0,NO APLICA,6,Junio,18,2022,11,25,SR-595,3,Highway estatal,Urbano,Arteria Principal,State Highway Agency,0,Sin jurisdiccion especial,99998,36.1332,-115.2430389,Vehiculo en movimiento,Angulo,Four-Way Intersection,Interseccion de 4 direcciones,Sobre calle,Ninguna,Dia total,Despejado,No,NO APLICA,11,28,11,32,1,18/06/2022,3
32,Nevada,320154,0,0,1,0,31,WASHOE (31),0,NO APLICA,7,Julio,1,2022,1,47,I-580S,1,Interestatal,Rural,Interestatal,State Highway Agency,1,Sin jurisdiccion especial,30,39.24425556,-119.8133806,Poste o otros soportes,El primer evento no fue una colision con un vehiculo automotor en transporte,Not an Intersection,No fue interseccion,En el medio,Ninguna,Oscuro sin iluminacion,Despejado,No,NO APLICA,99,99,99,99,1,01/07/2022,1
32,Nevada,320155,0,0,1,0,23,NYE (23),0,NO APLICA,7,Julio,1,2022,21,55,LOLA LN,8,Otro,Urbano,Local,County Highway Agency,0,Sin jurisdiccion especial,99998,36.21320833,-116.0233556,Muro,El primer evento no fue una colision con un vehiculo automotor en transporte,Not an Intersection,No fue interseccion,Sobre el lado de la calle,Ninguna,Oscuro sin iluminacion,Despejado,No,NO APLICA,99,99,99,99,1,01/07/2022,2
32,Nevada,320156,0,0,1,0,3,CLARK (3),0,NO APLICA,7,Julio,10,2022,23,0,LAKESHORE RD,8,Otro,Rural,Colector Mayor,National Park Service,0,Servicio de Parques Nacional,30,36.04624722,-114.8148528,Arbol,El primer evento no fue una colision con un vehiculo automotor en transporte,Not an Intersection,No fue interseccion,Sobre el lado de la calle,Ninguna,Oscuro sin iluminacion,Despejado,No,NO APLICA,99,98,99,98,1,10/07/2022,1
32,Nevada,320157,0,0,2,0,3,CLARK (3),0,NO APLICA,7,Julio,12,2022,7,10,I-15N,1,Interestatal,Rural,Interestatal,State Highway Agency,1,Sin jurisdiccion especial,40,35.66198611,-115.3797639,Vehiculo en movimiento,Frente a Detrás,Not an Intersection,No fue interseccion,Sobre calle,Ninguna,Dia total,Despejado,No,NO APLICA,99,99,99,99,1,12/07/2022,7
32,Nevada,320158,0,0,1,0,3,CLARK (3),0,NO APLICA,7,Julio,12,2022,15,10,US-95 S,2,US Highway,Rural,Arteria Principal,State Highway Agency,1,Sin jurisdiccion especial,1260,36.57184722,-115.7761611,Volcadura,El primer evento no fue una colision con un vehiculo automotor en transporte,Not an Intersection,No fue interseccion,En el medio,Ninguna,Dia total,Despejado,No,NO APLICA,99,98,99,98,1,12/07/2022,1
32,Nevada,320159,0,0,1,0,31,WASHOE (31),170,RENO,5,Mayo,1,2022,4,32,KEYSTONE AVE,8,Otro,Urbano,Arteria Menor,City or Municipal Highway Agency,0,Sin jurisdiccion especial,99998,39.5372,-119.8317667,Poste,El primer evento no fue una colision con un vehiculo automotor en transporte,T-Intersection,Interseccion de T,Sobre el lado de la calle,Ninguna,Oscuro con iluminacion,Despejado,No,NO APLICA,99,98,99,98,1,01/05/2022,1
32,Nevada,320160,0,0,1,0,13,HUMBOLDT (13),0,NO APLICA,4,Abril,2,2022,19,38,I-80 W,1,Interestatal,Rural,Interestatal,State Highway Agency,1,Sin jurisdiccion especial,60,40.90983333,-117.8626306,Poste o otros soportes,El primer evento no fue una colision con un vehiculo automotor en transporte,Not an Intersection,No fue interseccion,En el medio,Ninguna,Oscuro sin iluminacion,Nublado,No,NO APLICA,99,99,99,99,1,02/04/2022,2
32,Nevada,320161,0,0,2,0,3,CLARK (3),0,NO APLICA,4,Abril,3,2022,14,58,S EASTERN AVE,8,Otro,Urbano,Arteria Principal,County Highway Agency,1,Sin jurisdiccion especial,99998,36.11914444,-115.1190944,Vehiculo en movimiento,Frente a Detrás,Not an Intersection,No fue interseccion,Sobre calle,Ninguna,Dia total,Despejado,No,NO APLICA,99,99,99,99,1,03/04/2022,2
32,Nevada,320162,0,0,1,0,7,ELKO (7),0,NO APLICA,4,Abril,7,2022,19,14,SR-225,3,Highway estatal,Rural,Arteria Menor,State Highway Agency,0,Sin jurisdiccion especial,360,41.27371944,-115.7948417,Volcadura,El primer evento no fue una colision con un vehiculo automotor en transporte,Not an Intersection,No fue interseccion,Sobre calle,Ninguna,Dia total,Despejado,No,NO APLICA,99,99,99,99,1,07/04/2022,1
32,Nevada,320163,1,1,1,0,3,CLARK (3),0,NO APLICA,3,Marzo,1,2022,16,53,S LAS VEGAS BLVD,8,Otro,Urbano,Arteria Menor,County Highway Agency,0,Sin jurisdiccion especial,99998,36.09720556,-115.1727889,Peaton,El primer evento no fue una colision con un vehiculo automotor en transporte,Four-Way Intersection,Interseccion de 4 direcciones,Sobre calle,Ninguna,Dia total,Despejado,No,NO APLICA,13,20,13,27,1,01/03/2022,1
32,Nevada,320164,0,0,1,0,7,ELKO (7),0,NO APLICA,6,Junio,18,2022,9,0,I-80,1,Interestatal,Rural,Interestatal,State Highway Agency,1,Sin jurisdiccion especial,3050,40.86775,-115.7309167,Volcadura,El primer evento no fue una colision con un vehiculo automotor en transporte,Not an Intersection,No fue interseccion,Sobre el lado de la calle,Ninguna,Dia total,Despejado,No,NO APLICA,99,99,99,99,1,18/06/2022,1
32,Nevada,320165,0,0,2,0,7,ELKO (7),0,NO APLICA,5,Mayo,3,2022,19,16,SR-227,3,Highway estatal,Rural,Arteria Menor,State Highway Agency,0,Sin jurisdiccion especial,60,40.78802778,-115.6957694,Vehiculo en movimiento,Golpe Lateral - direccion contraria,Not an Intersection,No fue interseccion,Sobre calle,Ninguna,Dia total,Nublado,No,NO APLICA,99,99,99,99,1,03/05/2022,3
32,Nevada,320166,1,1,1,0,3,CLARK (3),120,LAS VEGAS,7,Julio,22,2022,22,19,S DURANGO DR,8,Otro,Urbano,Arteria Menor,County Highway Agency,0,Sin jurisdiccion especial,99998,36.13681944,-115.2790083,Peaton,El primer evento no fue una colision con un vehiculo automotor en transporte,T-Intersection,Interseccion de T,Sobre calle,Ninguna,Oscuro con iluminacion,Despejado,No,NO APLICA,22,25,22,33,1,22/07/2022,1
32,Nevada,320167,0,0,1,0,3,CLARK (3),120,LAS VEGAS,7,Julio,26,2022,6,55,N SANDHILL RD,8,Otro,Urbano,Local,City or Municipal Highway Agency,0,Sin jurisdiccion especial,99998,36.18436667,-115.0892111,Culvert,El primer evento no fue una colision con un vehiculo automotor en transporte,Not an Intersection,No fue interseccion,Sobre el lado de la calle,Ninguna,Oscuro con iluminacion,Despejado,No,NO APLICA,99,99,99,99,1,26/07/2022,1
32,Nevada,320168,0,0,2,0,3,CLARK (3),120,LAS VEGAS,7,Julio,24,2022,12,29,SR-159,3,Highway estatal,Urbano,Colector Mayor,State Highway Agency,0,Sin jurisdiccion especial,20,36.04918056,-115.3872417,Vehiculo en movimiento,Angulo,Not an Intersection,No fue interseccion,Sobre calle,Ninguna,Dia total,Despejado,No,NO APLICA,99,98,99,98,1,24/07/2022,2
32,Nevada,320169,0,0,2,0,3,CLARK (3),0,NO APLICA,7,Julio,5,2022,9,20,SR-159,3,Highway estatal,Urbano,Arteria Principal,State Highway Agency,1,Sin jurisdiccion especial,99998,36.15881667,-115.1606194,Vehiculo en movimiento,Angulo,T-Intersection,Interseccion de T,Sobre calle,Ninguna,Dia total,Despejado,No,NO APLICA,99,99,99,99,1,05/07/2022,2
32,Nevada,320170,1,1,1,0,3,CLARK (3),120,LAS VEGAS,7,Julio,30,2022,21,40,W CHARLESTON BLVD,8,Otro,Urbano,Arteria Principal,City or Municipal Highway Agency,1,Sin jurisdiccion especial,99998,36.15913333,-115.2023917,Peaton,El primer evento no fue una colision con un vehiculo automotor en transporte,Not an Intersection,No fue interseccion,Sobre calle,Ninguna,Oscuro con iluminacion,Despejado,No,NO APLICA,21,41,21,45,1,30/07/2022,1
32,Nevada,320171,0,0,1,0,17,LINCOLN (17),0,NO APLICA,7,Julio,17,2022,14,0,SR-322,3,Highway estatal,Rural,Colector Mayor,State Highway Agency,0,Sin jurisdiccion especial,99998,37.94373889,-114.3786278,Volcadura,El primer evento no fue una colision con un vehiculo automotor en transporte,Not an Intersection,No fue interseccion,Sobre Acotamiento,Ninguna,Dia total,Despejado,No,NO APLICA,15,56,16,0,1,17/07/2022,2
32,Nevada,320172,0,0,1,0,3,CLARK (3),0,NO APLICA,5,Mayo,13,2022,21,1,FORSYTHE DR,8,Otro,Urbano,Local,County Highway Agency,0,Sin jurisdiccion especial,99998,36.15089722,-115.0510917,Alguien se cayo/avento del vehiculo,El primer evento no fue una colision con un vehiculo automotor en transporte,Not an Intersection,No fue interseccion,Sobre calle,Ninguna,Oscuro con iluminacion,Despejado,No,NO APLICA,21,2,21,9,1,13/05/2022,6
32,Nevada,320173,1,1,2,0,31,WASHOE (31),170,RENO,6,Junio,5,2022,2,15,E 4TH ST,8,Otro,Urbano,Arteria Principal,City or Municipal Highway Agency,0,Sin jurisdiccion especial,99998,39.53378056,-119.7908722,Peaton,El primer evento no fue una colision con un vehiculo automotor en transporte,Not an Intersection,No fue interseccion,Sobre calle,Ninguna,Oscuro con iluminacion,Nublado,No,NO APLICA,99,99,99,99,1,05/06/2022,3
32,Nevada,320174,0,0,1,0,27,PERSHING (27),0,NO APLICA,7,Julio,23,2022,16,2,I-80 W,1,Interestatal,Rural,Interestatal,State Highway Agency,1,Sin jurisdiccion especial,1290,40.46903333,-118.2851111,Fin de valla,El primer evento no fue una colision con un vehiculo automotor en transporte,Not an Intersection,No fue interseccion,Gore?,Ninguna,Dia total,Despejado,No,NO APLICA,99,99,99,99,1,23/07/2022,2
32,Nevada,320175,0,0,1,0,3,CLARK (3),0,NO APLICA,8,Agosto,7,2022,18,0,SR-168,3,Highway estatal,Rural,Colector Mayor,State Highway Agency,0,Sin jurisdiccion especial,220,36.67351944,-114.6151889,Volcadura,El primer evento no fue una colision con un vehiculo automotor en transporte,Not an Intersection,No fue interseccion,Sobre el lado de la calle,Ninguna,Dia total,Despejado,No,NO APLICA,99,99,99,99,1,07/08/2022,3
32,Nevada,320176,0,0,1,0,27,PERSHING (27),0,NO APLICA,8,Agosto,2,2022,14,0,I-80,1,Interestatal,Rural,Interestatal,State Highway Agency,1,Sin jurisdiccion especial,1060,40.17309722,-118.4754861,Barrera de Trafico de Concreto,El primer evento no fue una colision con un vehiculo automotor en transporte,Not an Intersection,No fue interseccion,Sobre el lado de la calle,Ninguna,Dia total,Despejado,No,NO APLICA,99,98,99,98,1,02/08/2022,1
32,Nevada,320177,1,1,1,0,3,CLARK (3),0,NO APLICA,8,Agosto,9,2022,4,0,SR-595,3,Highway estatal,Urbano,Arteria Principal,State Highway Agency,1,Sin jurisdiccion especial,99998,36.13315833,-115.2430444,Peaton,El primer evento no fue una colision con un vehiculo automotor en transporte,Four-Way Intersection,Interseccion de 4 direcciones,Sobre calle,Ninguna,Oscuro con iluminacion,Despejado,No,NO APLICA,99,99,99,99,1,09/08/2022,1
32,Nevada,320178,1,1,1,0,3,CLARK (3),0,NO APLICA,8,Agosto,9,2022,4,33,SR-592,3,Highway estatal,Urbano,Arteria Menor,State Highway Agency,0,Sin jurisdiccion especial,99998,36.11540278,-115.1987361,Peaton,El primer evento no fue una colision con un vehiculo automotor en transporte,Not an Intersection,No fue interseccion,Sobre calle,Ninguna,Oscuro con iluminacion,Nublado,No,NO APLICA,99,99,99,99,1,09/08/2022,1
32,Nevada,320179,1,1,1,0,3,CLARK (3),0,NO APLICA,8,Agosto,9,2022,8,24,E WASHINGTON AVE,8,Otro,Urbano,Colector Menor,County Highway Agency,0,Sin jurisdiccion especial,99998,36.18160833,-115.0445861,Banqueta,El primer evento no fue una colision con un vehiculo automotor en transporte,Not an Intersection,No fue interseccion,Sobre el lado de la calle,Ninguna,Dia total,Despejado,No,NO APLICA,99,99,99,99,1,09/08/2022,3
32,Nevada,320180,0,0,2,0,3,CLARK (3),0,NO APLICA,8,Agosto,11,2022,1,35,S LAS VEGAS BLVD,8,Otro,Urbano,Arteria Menor,County Highway Agency,0,Sin jurisdiccion especial,99998,36.13480278,-115.1633306,Vehiculo en movimiento,Angulo,T-Intersection,Interseccion de T,Sobre calle,Ninguna,Oscuro con iluminacion,Despejado,No,NO APLICA,1,37,1,47,1,11/08/2022,3
32,Nevada,320181,1,1,1,0,3,CLARK (3),0,NO APLICA,8,Agosto,11,2022,11,11,SR-593,3,Highway estatal,Urbano,Arteria Principal,State Highway Agency,1,Sin jurisdiccion especial,99998,36.1003,-115.0576472,Peaton,El primer evento no fue una colision con un vehiculo automotor en transporte,Not an Intersection,No fue interseccion,Sobre calle,Ninguna,Dia total,Despejado,No,NO APLICA,99,99,99,99,1,11/08/2022,1
32,Nevada,320182,1,1,1,0,3,CLARK (3),120,LAS VEGAS,8,Agosto,11,2022,16,30,ROXELLA LN,8,Otro,Urbano,Local,Other Local Agency,0,Sin jurisdiccion especial,99998,36.17230833,-115.074225,Peaton,El primer evento no fue una colision con un vehiculo automotor en transporte,Not an Intersection,No fue interseccion,Sobre Acotamiento,Ninguna,Dia total,Despejado,No,NO APLICA,88,88,88,88,1,11/08/2022,1
32,Nevada,320184,0,0,2,0,15,LANDER (15),0,NO APLICA,7,Julio,22,2022,16,25,US-50W,2,US Highway,Rural,Arteria Principal,State Highway Agency,1,Sin jurisdiccion especial,270,39.48250278,-117.0424611,Vehiculo en movimiento,Frente a frente,Not an Intersection,No fue interseccion,Sobre calle,Ninguna,Dia total,Nublado,No,NO APLICA,99,99,99,99,1,22/07/2022,3
32,Nevada,320185,0,0,2,0,3,CLARK (3),0,NO APLICA,8,Agosto,19,2022,4,58,E DESERT INN RD,8,Otro,Urbano,Arteria Menor,County Highway Agency,0,Sin jurisdiccion especial,99998,36.12985833,-115.1455194,Vehiculo en movimiento,Angulo,Four-Way Intersection,Interseccion de 4 direcciones,Sobre calle,Ninguna,Oscuro con iluminacion,Despejado,No,NO APLICA,4,59,5,5,1,19/08/2022,2
32,Nevada,320186,0,0,2,0,11,EUREKA (11),9898,Not Reported,5,Mayo,26,2022,22,55,I-80 W,1,Interestatal,Rural,Interestatal,State Highway Agency,1,Sin jurisdiccion especial,2670,40.63850278,-116.3353361,Valla Ferrocarril,El primer evento no fue una colision con un vehiculo automotor en transporte,Not an Intersection,No fue interseccion,Sobre el lado de la calle,Ninguna,Oscuro sin iluminacion,lluvia,No,NO APLICA,99,99,99,99,1,26/05/2022,7
32,Nevada,320187,1,1,1,0,3,CLARK (3),0,NO APLICA,8,Agosto,20,2022,23,47,S JONES BLVD,8,Otro,Urbano,Arteria Menor,County Highway Agency,0,Sin jurisdiccion especial,99998,36.10296944,-115.2251222,Peaton,El primer evento no fue una colision con un vehiculo automotor en transporte,Not an Intersection,No fue interseccion,Sobre calle,Ninguna,Oscuro con iluminacion,Despejado,No,NO APLICA,99,98,99,98,1,20/08/2022,3
32,Nevada,320188,1,1,1,0,3,CLARK (3),0,NO APLICA,5,Mayo,2,2022,20,14,W CHARLESTON BLVD,8,Otro,Urbano,Arteria Menor,City or Municipal Highway Agency,0,Sin jurisdiccion especial,99998,36.15905278,-115.2774444,Peaton,El primer evento no fue una colision con un vehiculo automotor en transporte,Not an Intersection,No fue interseccion,Sobre calle,Ninguna,Oscuro con iluminacion,Despejado,No,NO APLICA,20,15,20,22,1,02/05/2022,1
32,Nevada,320189,1,1,3,0,3,CLARK (3),0,NO APLICA,5,Mayo,17,2022,23,36,SR-593,3,Highway estatal,Urbano,Arteria Principal,State Highway Agency,1,Sin jurisdiccion especial,99998,36.101025,-115.1348278,Vehiculo en movimiento,Frente a Detrás,Not an Intersection,No fue interseccion,Sobre calle,Ninguna,Oscuro con iluminacion,Despejado,No,NO APLICA,23,36,23,45,1,17/05/2022,1
32,Nevada,320190,0,0,1,0,3,CLARK (3),150,NORTH LAS VEGAS,7,Julio,30,2022,22,5,N MARTIN L KING BLVD,8,Otro,Urbano,Arteria Menor,City or Municipal Highway Agency,0,Sin jurisdiccion especial,99998,36.21223889,-115.1609222,Banqueta,El primer evento no fue una colision con un vehiculo automotor en transporte,Not an Intersection,No fue interseccion,Sobre el lado de la calle,Ninguna,Oscuro con iluminacion,Despejado,No,NO APLICA,99,99,99,99,1,30/07/2022,1
32,Nevada,320191,0,0,1,0,3,CLARK (3),120,LAS VEGAS,8,Agosto,24,2022,2,5,E CHARLESTON BLVD,8,Otro,Urbano,Arteria Menor,County Highway Agency,0,Sin jurisdiccion especial,99998,36.15861389,-115.1012306,Barda,El primer evento no fue una colision con un vehiculo automotor en transporte,Four-Way Intersection,Interseccion de 4 direcciones,Sobre el lado de la calle,Ninguna,Oscuro con iluminacion,Despejado,No,NO APLICA,2,6,2,10,1,24/08/2022,2
32,Nevada,320192,0,0,1,0,27,PERSHING (27),0,NO APLICA,1,Enero,6,2022,11,22,I-80 E,1,Interestatal,Rural,Interestatal,State Highway Agency,1,Sin jurisdiccion especial,610,40.68114722,-118.0642667,Poste o otros soportes,El primer evento no fue una colision con un vehiculo automotor en transporte,Not an Intersection,No fue interseccion,Sobre el lado de la calle,Ninguna,Dia total,Despejado,No,NO APLICA,99,99,99,99,1,06/01/2022,1
32,Nevada,320193,0,0,1,0,3,CLARK (3),120,LAS VEGAS,8,Agosto,24,2022,3,38,UPLAND BLVD,8,Otro,Urbano,Local,City or Municipal Highway Agency,0,Sin jurisdiccion especial,99998,36.16776389,-115.2181972,Banqueta,El primer evento no fue una colision con un vehiculo automotor en transporte,T-Intersection,Interseccion de T,Sobre el lado de la calle,Ninguna,Oscuro con iluminacion,Despejado,No,NO APLICA,3,40,3,48,1,24/08/2022,1
32,Nevada,320194,0,0,1,0,27,PERSHING (27),0,NO APLICA,6,Junio,30,2022,15,40,I-80 E,1,Interestatal,Rural,Interestatal,State Highway Agency,1,Sin jurisdiccion especial,700,40.7963,-117.9949667,Poste o otros soportes,El primer evento no fue una colision con un vehiculo automotor en transporte,Not an Intersection,No fue interseccion,Sobre el lado de la calle,Ninguna,Dia total,Nublado,No,NO APLICA,99,99,99,99,1,30/06/2022,1
32,Nevada,320195,0,0,2,0,11,EUREKA (11),0,NO APLICA,7,Julio,31,2022,10,56,US-50 W,2,US Highway,Rural,Arteria Principal,State Highway Agency,1,Sin jurisdiccion especial,130,39.52318889,-116.3602556,Vehiculo en movimiento,Golpe Lateral - direccion contraria,Not an Intersection,No fue interseccion,Sobre calle,Ninguna,Dia total,Nublado,No,NO APLICA,99,98,99,98,1,31/07/2022,3
32,Nevada,320196,0,0,1,0,13,HUMBOLDT (13),0,NO APLICA,8,Agosto,6,2022,13,42,I-80 W,1,Interestatal,Rural,Interestatal,State Highway Agency,1,Sin jurisdiccion especial,1860,41.02093889,-117.6051611,Volcadura,El primer evento no fue una colision con un vehiculo automotor en transporte,Not an Intersection,No fue interseccion,En el medio,Ninguna,Dia total,Nublado,No,NO APLICA,99,99,99,99,1,06/08/2022,2
32,Nevada,320197,0,0,1,0,13,HUMBOLDT (13),0,NO APLICA,8,Agosto,7,2022,7,38,I-80 E,1,Interestatal,Rural,Interestatal,State Highway Agency,1,Sin jurisdiccion especial,1840,41.00429167,-117.6461028,Volcadura,El primer evento no fue una colision con un vehiculo automotor en transporte,Not an Intersection,No fue interseccion,Sobre Acotamiento,Ninguna,Dia total,Nublado,No,NO APLICA,99,98,99,98,1,07/08/2022,1
32,Nevada,320198,0,0,1,0,7,ELKO (7),0,NO APLICA,8,Agosto,10,2022,23,45,SR-225,3,Highway estatal,Rural,Arteria Menor,State Highway Agency,0,Sin jurisdiccion especial,380,40.92270278,-115.8834333,Acotamiento,El primer evento no fue una colision con un vehiculo automotor en transporte,Not an Intersection,No fue interseccion,Sobre el lado de la calle,Ninguna,Oscuro sin iluminacion,Nublado,No,NO APLICA,99,99,99,99,1,10/08/2022,1
32,Nevada,320199,0,0,2,0,15,LANDER (15),0,NO APLICA,8,Agosto,21,2022,3,31,SR-305,3,Highway estatal,Rural,Colector Mayor,State Highway Agency,0,Sin jurisdiccion especial,810,40.56996111,-117.0224389,Vehiculo en movimiento,Frente a frente,Not an Intersection,No fue interseccion,Sobre calle,Ninguna,Oscuro sin iluminacion,Nublado,No,NO APLICA,99,99,99,99,3,21/08/2022,6
32,Nevada,320200,0,0,1,0,17,LINCOLN (17),0,NO APLICA,8,Agosto,20,2022,8,43,US-93,2,US Highway,Rural,Arteria Principal,State Highway Agency,1,Sin jurisdiccion especial,210,37.15923611,-115.0082306,Piedrotototota,El primer evento no fue una colision con un vehiculo automotor en transporte,Not an Intersection,No fue interseccion,Sobre el lado de la calle,Ninguna,Dia total,Despejado,No,NO APLICA,99,99,99,99,1,20/08/2022,1
32,Nevada,320201,1,1,1,0,3,CLARK (3),0,NO APLICA,9,Septiembre,2,2022,22,54,SR-574,3,Highway estatal,Urbano,Arteria Menor,State Highway Agency,0,Sin jurisdiccion especial,99998,36.21774722,-115.096375,Peaton,El primer evento no fue una colision con un vehiculo automotor en transporte,T-Intersection,Interseccion de T,Sobre calle,Ninguna,Oscuro con iluminacion,Despejado,No,NO APLICA,99,99,99,99,1,02/09/2022,1
32,Nevada,320202,0,0,2,0,3,CLARK (3),0,NO APLICA,9,Septiembre,12,2022,12,58,SR-604,3,Highway estatal,Urbano,Arteria Menor,State Highway Agency,0,Sin jurisdiccion especial,99998,36.22285,-115.0847222,Vehiculo en movimiento,Angulo,Not an Intersection,No fue interseccion,Sobre calle,Ninguna,Dia total,Nublado,No,NO APLICA,12,59,13,11,1,12/09/2022,3
32,Nevada,320203,0,0,2,0,3,CLARK (3),120,LAS VEGAS,9,Septiembre,12,2022,16,50,S DECATUR BLVD,8,Otro,Urbano,Arteria Menor,City or Municipal Highway Agency,0,Sin jurisdiccion especial,99998,36.15349444,-115.2081306,Vehiculo en movimiento,Angulo,T-Intersection,Interseccion de T,Sobre calle,Ninguna,Dia total,Despejado,No,NO APLICA,16,52,16,56,1,12/09/2022,2
32,Nevada,320204,0,0,1,0,31,WASHOE (31),0,NO APLICA,9,Septiembre,7,2022,19,51,US-395 S,2,US Highway,Urbano,Arterial Principal -Freeway o ExpressWay,State Highway Agency,1,Sin jurisdiccion especial,300,39.59430833,-119.8315444,Fin de valla,El primer evento no fue una colision con un vehiculo automotor en transporte,Not an Intersection,No fue interseccion,Sobre el lado de la calle,Ninguna,Oscuro con iluminacion,Despejado,No,NO APLICA,99,99,99,99,1,07/09/2022,1
32,Nevada,320205,1,1,1,0,3,CLARK (3),0,NO APLICA,9,Septiembre,13,2022,17,35,CERRITO ST,8,Otro,Urbano,Local,County Highway Agency,0,Sin jurisdiccion especial,99998,36.09666667,-115.06885,Peaton,El primer evento no fue una colision con un vehiculo automotor en transporte,T-Intersection,Interseccion de T,Sobre calle,Ninguna,Dia total,Nublado,No,NO APLICA,17,37,17,42,1,13/09/2022,2